ISO-10303-21;
HEADER;
FILE_DESCRIPTION(('Open CASCADE Model'),'2;1');
FILE_NAME('Open CASCADE Shape Model','2026-10-05T09:47:31',('Author'),(
    'Open CASCADE'),'Open CASCADE STEP processor 7.9','Open CASCADE 7.9'
  ,'Unknown');
FILE_SCHEMA(('AUTOMOTIVE_DESIGN { 1 0 10303 214 1 1 1 1 }'));
ENDSEC;
DATA;
#1 = APPLICATION_PROTOCOL_DEFINITION('international standard',
  'automotive_design',2000,#2);
#2 = APPLICATION_CONTEXT(
  'core data for automotive mechanical design processes');
#3 = SHAPE_DEFINITION_REPRESENTATION(#4,#10);
#4 = PRODUCT_DEFINITION_SHAPE('','',#5);
#5 = PRODUCT_DEFINITION('design','',#6,#9);
#6 = PRODUCT_DEFINITION_FORMATION('','',#7);
#7 = PRODUCT('Open CASCADE STEP translator 7.9 19',
  'Open CASCADE STEP translator 7.9 19','',(#8));
#8 = PRODUCT_CONTEXT('',#2,'mechanical');
#9 = PRODUCT_DEFINITION_CONTEXT('part definition',#2,'design');
#10 = ADVANCED_BREP_SHAPE_REPRESENTATION('',(#11,#15),#8502);
#11 = AXIS2_PLACEMENT_3D('',#12,#13,#14);
#12 = CARTESIAN_POINT('',(0.,0.,0.));
#13 = DIRECTION('',(0.,0.,1.));
#14 = DIRECTION('',(1.,0.,-0.));
#15 = MANIFOLD_SOLID_BREP('',#16);
#16 = CLOSED_SHELL('',(#17,#1561,#2502,#2625,#2740,#2775,#2880,#2919,
    #2978,#3377,#3693,#4519,#4987,#5148,#5231,#5305,#5441,#5838,#5892,
    #6037,#6241,#6292,#6481,#6878,#7034,#7178,#7210,#7279,#7403,#7463,
    #7498,#7621,#7736,#8190,#8214,#8253,#8285,#8312,#8340,#8400,#8430,
    #8463,#8495));
#17 = ADVANCED_FACE('',(#18),#31,.T.);
#18 = FACE_BOUND('',#19,.T.);
#19 = EDGE_LOOP('',(#20,#329,#669,#766,#809,#843,#886,#983,#1053,#1126,
    #1223));
#20 = ORIENTED_EDGE('',*,*,#21,.F.);
#21 = EDGE_CURVE('',#22,#24,#26,.T.);
#22 = VERTEX_POINT('',#23);
#23 = CARTESIAN_POINT('',(326.13751572349,-70.4,18.302602885795));
#24 = VERTEX_POINT('',#25);
#25 = CARTESIAN_POINT('',(306.73152659119,-209.5610285868,
    18.980274959044));
#26 = SURFACE_CURVE('',#27,(#30,#318),.PCURVE_S1.);
#27 = B_SPLINE_CURVE_WITH_KNOTS('',1,(#28,#29),.UNSPECIFIED.,.F.,.F.,(2,
    2),(0.,1.),.PIECEWISE_BEZIER_KNOTS.);
#28 = CARTESIAN_POINT('',(335.95478747542,0.,17.959776201908));
#29 = CARTESIAN_POINT('',(305.97306266485,-215.,19.006761102984));
#30 = PCURVE('',#31,#312);
#31 = B_SPLINE_SURFACE_WITH_KNOTS('',3,1,(
    (#32,#33)
    ,(#34,#35)
    ,(#36,#37)
    ,(#38,#39)
    ,(#40,#41)
    ,(#42,#43)
    ,(#44,#45)
    ,(#46,#47)
    ,(#48,#49)
    ,(#50,#51)
    ,(#52,#53)
    ,(#54,#55)
    ,(#56,#57)
    ,(#58,#59)
    ,(#60,#61)
    ,(#62,#63)
    ,(#64,#65)
    ,(#66,#67)
    ,(#68,#69)
    ,(#70,#71)
    ,(#72,#73)
    ,(#74,#75)
    ,(#76,#77)
    ,(#78,#79)
    ,(#80,#81)
    ,(#82,#83)
    ,(#84,#85)
    ,(#86,#87)
    ,(#88,#89)
    ,(#90,#91)
    ,(#92,#93)
    ,(#94,#95)
    ,(#96,#97)
    ,(#98,#99)
    ,(#100,#101)
    ,(#102,#103)
    ,(#104,#105)
    ,(#106,#107)
    ,(#108,#109)
    ,(#110,#111)
    ,(#112,#113)
    ,(#114,#115)
    ,(#116,#117)
    ,(#118,#119)
    ,(#120,#121)
    ,(#122,#123)
    ,(#124,#125)
    ,(#126,#127)
    ,(#128,#129)
    ,(#130,#131)
    ,(#132,#133)
    ,(#134,#135)
    ,(#136,#137)
    ,(#138,#139)
    ,(#140,#141)
    ,(#142,#143)
    ,(#144,#145)
    ,(#146,#147)
    ,(#148,#149)
    ,(#150,#151)
    ,(#152,#153)
    ,(#154,#155)
    ,(#156,#157)
    ,(#158,#159)
    ,(#160,#161)
    ,(#162,#163)
    ,(#164,#165)
    ,(#166,#167)
    ,(#168,#169)
    ,(#170,#171)
    ,(#172,#173)
    ,(#174,#175)
    ,(#176,#177)
    ,(#178,#179)
    ,(#180,#181)
    ,(#182,#183)
    ,(#184,#185)
    ,(#186,#187)
    ,(#188,#189)
    ,(#190,#191)
    ,(#192,#193)
    ,(#194,#195)
    ,(#196,#197)
    ,(#198,#199)
    ,(#200,#201)
    ,(#202,#203)
    ,(#204,#205)
    ,(#206,#207)
    ,(#208,#209)
    ,(#210,#211)
    ,(#212,#213)
    ,(#214,#215)
    ,(#216,#217)
    ,(#218,#219)
    ,(#220,#221)
    ,(#222,#223)
    ,(#224,#225)
    ,(#226,#227)
    ,(#228,#229)
    ,(#230,#231)
    ,(#232,#233)
    ,(#234,#235)
    ,(#236,#237)
    ,(#238,#239)
    ,(#240,#241)
    ,(#242,#243)
    ,(#244,#245)
    ,(#246,#247)
    ,(#248,#249)
    ,(#250,#251)
    ,(#252,#253)
    ,(#254,#255)
    ,(#256,#257)
    ,(#258,#259)
    ,(#260,#261)
    ,(#262,#263)
    ,(#264,#265)
    ,(#266,#267)
    ,(#268,#269)
    ,(#270,#271)
    ,(#272,#273)
    ,(#274,#275)
    ,(#276,#277)
    ,(#278,#279)
    ,(#280,#281)
    ,(#282,#283)
    ,(#284,#285)
    ,(#286,#287)
    ,(#288,#289)
    ,(#290,#291)
    ,(#292,#293)
    ,(#294,#295)
    ,(#296,#297)
    ,(#298,#299)
    ,(#300,#301)
    ,(#302,#303)
    ,(#304,#305)
    ,(#306,#307)
    ,(#308,#309)
    ,(#310,#311
    )),.UNSPECIFIED.,.F.,.F.,.F.,(4,1,1,1,1,1,1,1,1,1,1,1,1,1,1,1,1,1,1,
    1,1,1,1,1,1,1,1,1,1,1,1,1,1,1,1,1,1,1,1,1,1,1,1,1,1,1,1,1,1,1,1,1,1,
    1,1,1,1,1,1,1,1,1,1,1,1,1,1,1,1,1,1,1,1,1,1,1,1,1,1,1,1,1,1,1,1,1,1,
    1,1,1,1,1,1,1,1,1,1,1,1,1,1,1,1,1,1,1,1,1,1,1,1,1,1,1,1,1,1,1,1,1,1,
    1,1,1,1,1,1,1,1,1,1,1,1,1,1,1,1,4),(2,2),(0.,5.293963652008E-02,
    5.29439535121E-02,0.211647560825,0.211664514562,0.475788017463,
    0.475823275911,0.844809800162,0.844863133803,1.317938243953,
    1.318003156065,1.894156121788,1.894220031214,2.572278168256,
    2.572323247986,3.350885403292,3.350890690889,4.228275993203,
    4.228333442322,5.202677952843,5.202823023371,6.272064538445,
    6.272322623504,7.434217761372,7.434615719385,8.686724657907,
    8.687290661668,10.026981926413,10.027745272308,11.452213504686,
    11.453204734871,12.959455650329,12.96070630721,14.545574684386,
    14.547118170401,16.207274286594,16.209145959645,17.941111024579,
    17.943347008602,19.743486865036,19.746122690992,21.610659841087,
    21.613729200003,23.538784489763,23.542316983256,25.523870590372,
    25.527890586839,27.561816576493,27.566343596737,29.648416935053,
    29.653465574785,31.779361481874,31.784940558613,33.950252526182,
    33.956364209074,36.156614009981,36.163253754245,38.393882527084,
    38.401040045619,40.657443254973,40.665102647998,42.942611753662,
    42.950752125257,45.244668556982,45.253264320045,47.558849443074,
    47.56787099975,49.880364171637,49.889778488611,52.204410350245,
    52.214181886159,54.526171964919,54.536263662707,56.840837953107,
    56.851211269339,59.143615751822,59.154230487589,61.429739868145,
    61.440554155764,63.694470270265,63.705440185333,65.933127143194,
    65.944206930958,68.141071074249,68.152213187888,70.313743700099,
    70.324898923431,72.4466280614,72.457744350489,74.535338833448,
    74.546361731531,76.575532154266,76.586405747055,78.56300036366,
    78.573668298542,80.493603694329,80.504009651506,82.363365264928,
    82.373453829354,84.168381403209,84.17809813971,85.904942903184,
    85.914235187443,87.569408475527,87.578225447183,89.158371446193,
    89.166664991895,90.668483234198,90.676207743968,92.096688786491,
    92.103802308318,93.439927238,93.446390097754,94.695580340041,
    94.701357370596,95.860787052103,95.865849171368,96.933283736561,
    96.937611689951,97.9108855537,97.914470617382,98.791877381618,
    98.794727369483,99.573045206704,99.575189383591,100.25344673043,
    100.25494104356,100.83370467943,100.83463361087,101.31084319404,
    101.31132472417,101.6801290205,101.68031669289,101.94492511602,
    101.94496595895,102.1034850514,102.10349189034,102.15647631661),(0.,
    1.),.UNSPECIFIED.);
#32 = CARTESIAN_POINT('',(335.95478747542,0.,17.959776201908));
#33 = CARTESIAN_POINT('',(305.97306266485,-215.,19.006761102984));
#34 = CARTESIAN_POINT('',(335.93714095425,0.,17.959759252195));
#35 = CARTESIAN_POINT('',(305.96071027792,-215.,19.006725448188));
#36 = CARTESIAN_POINT('',(335.9194929679,0.,17.959742974525));
#37 = CARTESIAN_POINT('',(305.94835686449,-215.,19.006690261609));
#38 = CARTESIAN_POINT('',(335.84894377637,0.,17.959685750912));
#39 = CARTESIAN_POINT('',(305.89897312744,-215.,19.006555092324));
#40 = CARTESIAN_POINT('',(335.79603548643,0.,17.959660480819));
#41 = CARTESIAN_POINT('',(305.86193782343,-215.,19.006466068967));
#42 = CARTESIAN_POINT('',(335.65508746918,0.,17.959885162391));
#43 = CARTESIAN_POINT('',(305.76327514697,-215.,19.006433246109));
#44 = CARTESIAN_POINT('',(335.56702889692,0.,17.960329139614));
#45 = CARTESIAN_POINT('',(305.7016343215,-215.,19.006625209927));
#46 = CARTESIAN_POINT('',(335.35598992487,0.,17.962389838509));
#47 = CARTESIAN_POINT('',(305.55390611433,-215.,19.007782791239));
#48 = CARTESIAN_POINT('',(335.23297810099,0.,17.964402634632));
#49 = CARTESIAN_POINT('',(305.46779620116,-215.,19.009025589331));
#50 = CARTESIAN_POINT('',(334.95233838065,0.,17.970555558027));
#51 = CARTESIAN_POINT('',(305.27134255251,-215.,19.012953479581));
#52 = CARTESIAN_POINT('',(334.79466923645,0.,17.97513700609));
#53 = CARTESIAN_POINT('',(305.16096934769,-215.,19.015947408802));
#54 = CARTESIAN_POINT('',(334.44511914515,0.,17.987452063221));
#55 = CARTESIAN_POINT('',(304.91627071719,-215.,19.024095539868));
#56 = CARTESIAN_POINT('',(334.25319425474,0.,17.995657529065));
#57 = CARTESIAN_POINT('',(304.78191389453,-215.,19.029579978106));
#58 = CARTESIAN_POINT('',(333.83560164919,0.,18.016143561638));
#59 = CARTESIAN_POINT('',(304.48957507028,-215.,19.043355967442));
#60 = CARTESIAN_POINT('',(333.60989923048,0.,18.028891496436));
#61 = CARTESIAN_POINT('',(304.33156814757,-215.,19.051974656734));
#62 = CARTESIAN_POINT('',(333.12527456168,0.,18.058988486333));
#63 = CARTESIAN_POINT('',(303.99229451972,-215.,19.072388243253));
#64 = CARTESIAN_POINT('',(332.86633972021,0.,18.076742203096));
#65 = CARTESIAN_POINT('',(303.81101845762,-215.,19.084466421743));
#66 = CARTESIAN_POINT('',(332.31583623309,0.,18.117186793686));
#67 = CARTESIAN_POINT('',(303.42561632796,-215.,19.11203512449));
#68 = CARTESIAN_POINT('',(332.02425700785,0.,18.14022126402));
#69 = CARTESIAN_POINT('',(303.22148239513,-215.,19.127766198172));
#70 = CARTESIAN_POINT('',(331.40914084632,0.,18.191675371261));
#71 = CARTESIAN_POINT('',(302.79083720123,-215.,19.162955365063));
#72 = CARTESIAN_POINT('',(331.08556137724,0.,18.220415014269));
#73 = CARTESIAN_POINT('',(302.56429574057,-215.,19.182637455069));
#74 = CARTESIAN_POINT('',(330.40721895668,0.,18.283247145687));
#75 = CARTESIAN_POINT('',(302.08937749896,-215.,19.225707095308));
#76 = CARTESIAN_POINT('',(330.05232641314,0.,18.317603505108));
#77 = CARTESIAN_POINT('',(301.84090965687,-215.,19.24927926478));
#78 = CARTESIAN_POINT('',(329.31225714389,0.,18.392005802147));
#79 = CARTESIAN_POINT('',(301.32276772937,-215.,19.300366190531));
#80 = CARTESIAN_POINT('',(328.92683858393,0.,18.43231539624));
#81 = CARTESIAN_POINT('',(301.05292401281,-215.,19.328065233839));
#82 = CARTESIAN_POINT('',(328.12669682625,0.,18.518804115768));
#83 = CARTESIAN_POINT('',(300.49271578834,-215.,19.38753328949));
#84 = CARTESIAN_POINT('',(327.71159202252,0.,18.565242621399));
#85 = CARTESIAN_POINT('',(300.202083818,-215.,19.419483424135));
#86 = CARTESIAN_POINT('',(326.85314591488,0.,18.664137870493));
#87 = CARTESIAN_POINT('',(299.60104659723,-215.,19.487559315488));
#88 = CARTESIAN_POINT('',(326.40925544661,0.,18.716858279948));
#89 = CARTESIAN_POINT('',(299.29025659194,-215.,19.523868984003));
#90 = CARTESIAN_POINT('',(325.49440209897,0.,18.82852014856));
#91 = CARTESIAN_POINT('',(298.64971791609,-215.,19.600807664124));
#92 = CARTESIAN_POINT('',(325.0226943634,0.,18.8877431923));
#93 = CARTESIAN_POINT('',(298.31944748082,-215.,19.641632835524));
#94 = CARTESIAN_POINT('',(324.05344773686,0.,19.012468197227));
#95 = CARTESIAN_POINT('',(297.64081675659,-215.,19.727644758764));
#96 = CARTESIAN_POINT('',(323.55493744142,0.,19.078269906538));
#97 = CARTESIAN_POINT('',(297.29177610889,-215.,19.773040169765));
#98 = CARTESIAN_POINT('',(322.53344865266,0.,19.216445402787));
#99 = CARTESIAN_POINT('',(296.57655869002,-215.,19.868399989795));
#100 = CARTESIAN_POINT('',(322.00924301576,0.,19.289160300166));
#101 = CARTESIAN_POINT('',(296.20952248447,-215.,19.918601612615));
#102 = CARTESIAN_POINT('',(320.9378221468,0.,19.441460939062));
#103 = CARTESIAN_POINT('',(295.45933462145,-215.,20.023785234114));
#104 = CARTESIAN_POINT('',(320.38909160029,0.,19.521437643958));
#105 = CARTESIAN_POINT('',(295.07512173601,-215.,20.079038886778));
#106 = CARTESIAN_POINT('',(319.27013280487,0.,19.688307798695));
#107 = CARTESIAN_POINT('',(294.29163878918,-215.,20.194360729596));
#108 = CARTESIAN_POINT('',(318.69806546793,0.,19.775639879986));
#109 = CARTESIAN_POINT('',(293.89108079723,-215.,20.254733517519));
#110 = CARTESIAN_POINT('',(317.53399431178,0.,19.957009020967));
#111 = CARTESIAN_POINT('',(293.07600076036,-215.,20.380147350667));
#112 = CARTESIAN_POINT('',(316.93979151726,0.,20.051533381959));
#113 = CARTESIAN_POINT('',(292.65993880918,-215.,20.44552663314));
#114 = CARTESIAN_POINT('',(315.73306912396,0.,20.2469261365));
#115 = CARTESIAN_POINT('',(291.81498509144,-215.,20.580702834599));
#116 = CARTESIAN_POINT('',(315.11795599119,0.,20.348337629344));
#117 = CARTESIAN_POINT('',(291.38427712695,-215.,20.650876348171));
#118 = CARTESIAN_POINT('',(313.87101271715,0.,20.556637553944));
#119 = CARTESIAN_POINT('',(290.51115225036,-215.,20.795035357611));
#120 = CARTESIAN_POINT('',(313.23615982292,0.,20.664119099111));
#121 = CARTESIAN_POINT('',(290.06661864662,-215.,20.869432036904));
#122 = CARTESIAN_POINT('',(311.95136991553,0.,20.88347481236));
#123 = CARTESIAN_POINT('',(289.16698682105,-215.,21.021279867051));
#124 = CARTESIAN_POINT('',(311.29795168167,0.,20.995996755526));
#125 = CARTESIAN_POINT('',(288.70945094768,-215.,21.099180053436));
#126 = CARTESIAN_POINT('',(309.97774565794,0.,21.224490812894));
#127 = CARTESIAN_POINT('',(287.78501598203,-215.,21.257377330366));
#128 = CARTESIAN_POINT('',(309.30699536802,0.,21.341178520918));
#129 = CARTESIAN_POINT('',(287.31534223593,-215.,21.338170151686));
#130 = CARTESIAN_POINT('',(307.95388832937,0.,21.577034086325));
#131 = CARTESIAN_POINT('',(286.36786689056,-215.,21.501475632233));
#132 = CARTESIAN_POINT('',(307.26706873599,0.,21.696990014929));
#133 = CARTESIAN_POINT('',(285.8869402823,-215.,21.584533955229));
#134 = CARTESIAN_POINT('',(305.8836052733,0.,21.938232300141));
#135 = CARTESIAN_POINT('',(284.91820811439,-215.,21.7515672447));
#136 = CARTESIAN_POINT('',(305.18198334116,0.,22.060377412954));
#137 = CARTESIAN_POINT('',(284.42691680201,-215.,21.836136646281));
#138 = CARTESIAN_POINT('',(303.77070950905,0.,22.304677083366));
#139 = CARTESIAN_POINT('',(283.4387128297,-215.,22.005268923037));
#140 = CARTESIAN_POINT('',(303.05555495531,0.,22.427756763086));
#141 = CARTESIAN_POINT('',(282.93794713744,-215.,22.090472069557));
#142 = CARTESIAN_POINT('',(301.61904062615,0.,22.672565702581));
#143 = CARTESIAN_POINT('',(281.93207342056,-215.,22.259921711443));
#144 = CARTESIAN_POINT('',(300.8916507195,0.,22.795281591566));
#145 = CARTESIAN_POINT('',(281.42274310054,-215.,22.344851105212));
#146 = CARTESIAN_POINT('',(299.43257572669,0.,23.038295561554));
#147 = CARTESIAN_POINT('',(280.40107862022,-215.,22.513008825553));
#148 = CARTESIAN_POINT('',(298.69433718307,0.,23.159640027115));
#149 = CARTESIAN_POINT('',(279.8841556924,-215.,22.596960760058));
#150 = CARTESIAN_POINT('',(297.21548127209,0.,23.398770199872));
#151 = CARTESIAN_POINT('',(278.84864888519,-215.,22.762366867462));
#152 = CARTESIAN_POINT('',(296.46779588155,0.,23.51765109789));
#153 = CARTESIAN_POINT('',(278.32511602468,-215.,22.844578379105));
#154 = CARTESIAN_POINT('',(294.972014908,0.,23.750910781656));
#155 = CARTESIAN_POINT('',(277.27776870501,-215.,23.005846085984));
#156 = CARTESIAN_POINT('',(294.21635150749,0.,23.866425121));
#157 = CARTESIAN_POINT('',(276.74865531728,-215.,23.085686935241));
#158 = CARTESIAN_POINT('',(292.70658758338,0.,24.092015014097));
#159 = CARTESIAN_POINT('',(275.69152933521,-215.,23.241560020965));
#160 = CARTESIAN_POINT('',(291.94443875714,0.,24.203253639338));
#161 = CARTESIAN_POINT('',(275.15788146575,-215.,23.318395693603));
#162 = CARTESIAN_POINT('',(290.42370561146,0.,24.419533559316));
#163 = CARTESIAN_POINT('',(274.09308875688,-215.,23.46773040799));
#164 = CARTESIAN_POINT('',(289.65661669316,0.,24.525753657331));
#165 = CARTESIAN_POINT('',(273.5559891922,-215.,23.541043115001));
#166 = CARTESIAN_POINT('',(288.12800643106,0.,24.731319970871));
#167 = CARTESIAN_POINT('',(272.48569619912,-215.,23.682861090916));
#168 = CARTESIAN_POINT('',(287.35755233262,0.,24.831847354643));
#169 = CARTESIAN_POINT('',(271.94624834897,-215.,23.752181195991));
#170 = CARTESIAN_POINT('',(285.82421964949,0.,25.025534349415));
#171 = CARTESIAN_POINT('',(270.87266510661,-215.,23.885671409763));
#172 = CARTESIAN_POINT('',(285.05201187158,0.,25.119864961468));
#173 = CARTESIAN_POINT('',(270.33199780195,-215.,23.950648746683));
#174 = CARTESIAN_POINT('',(283.51718292717,0.,25.300902310425));
#175 = CARTESIAN_POINT('',(269.25738388056,-215.,24.075277593101));
#176 = CARTESIAN_POINT('',(282.74487057669,0.,25.388758414936));
#177 = CARTESIAN_POINT('',(268.71665193923,-215.,24.135720283484));
#178 = CARTESIAN_POINT('',(281.21180366209,0.,25.556564233903));
#179 = CARTESIAN_POINT('',(267.64328896123,-215.,24.25108468681));
#180 = CARTESIAN_POINT('',(280.44103232909,0.,25.637630276448));
#181 = CARTESIAN_POINT('',(267.10364473973,-215.,24.30677395871));
#182 = CARTESIAN_POINT('',(278.91297478604,0.,25.791538600202));
#183 = CARTESIAN_POINT('',(266.03380678302,-215.,24.412411881567));
#184 = CARTESIAN_POINT('',(278.14538435427,0.,25.865453289748));
#185 = CARTESIAN_POINT('',(265.49639872102,-215.,24.463097049543));
#186 = CARTESIAN_POINT('',(276.62557697389,0.,26.004794821493));
#187 = CARTESIAN_POINT('',(264.43235533926,-215.,24.558544660342));
#188 = CARTESIAN_POINT('',(275.86280820136,0.,26.071239389559));
#189 = CARTESIAN_POINT('',(263.89833242485,-215.,24.604004664024));
#190 = CARTESIAN_POINT('',(274.35447835177,0.,26.195248547512));
#191 = CARTESIAN_POINT('',(262.8423438173,-215.,24.688729538695));
#192 = CARTESIAN_POINT('',(273.59815964585,0.,26.253765878985));
#193 = CARTESIAN_POINT('',(262.31284659267,-215.,24.728646541271));
#194 = CARTESIAN_POINT('',(272.10451941093,0.,26.361645357032));
#195 = CARTESIAN_POINT('',(261.26716245055,-215.,24.802095629086));
#196 = CARTESIAN_POINT('',(271.35627813682,0.,26.411884050114));
#197 = CARTESIAN_POINT('',(260.7433306083,-215.,24.836225962914));
#198 = CARTESIAN_POINT('',(269.88053078759,0.,26.502888101034));
#199 = CARTESIAN_POINT('',(259.7101943159,-215.,24.89788128869));
#200 = CARTESIAN_POINT('',(269.14198867586,0.,26.544444042897));
#201 = CARTESIAN_POINT('',(259.19316367686,-215.,24.925944466927));
#202 = CARTESIAN_POINT('',(267.68732214979,0.,26.617914900127));
#203 = CARTESIAN_POINT('',(258.17480784273,-215.,24.97535100148));
#204 = CARTESIAN_POINT('',(266.96009310214,0.,26.650523948125));
#205 = CARTESIAN_POINT('',(257.66570854309,-215.,24.997163931989));
#206 = CARTESIAN_POINT('',(265.52967052539,0.,26.705559860226));
#207 = CARTESIAN_POINT('',(256.66434859784,-215.,25.033692181401));
#208 = CARTESIAN_POINT('',(264.81535395012,0.,26.728579811593));
#209 = CARTESIAN_POINT('',(256.16430116312,-215.,25.048807164241));
#210 = CARTESIAN_POINT('',(263.41231149809,0.,26.764065285434));
#211 = CARTESIAN_POINT('',(255.18213419318,-215.,25.071681838254));
#212 = CARTESIAN_POINT('',(262.71249639203,0.,26.777011464439));
#213 = CARTESIAN_POINT('',(254.69225169676,-215.,25.079762433391));
#214 = CARTESIAN_POINT('',(261.33997136803,0.,26.792129952345));
#215 = CARTESIAN_POINT('',(253.73147512906,-215.,25.088417587758));
#216 = CARTESIAN_POINT('',(260.65626082064,0.,26.794660988014));
#217 = CARTESIAN_POINT('',(253.25288028714,-215.,25.089227905538));
#218 = CARTESIAN_POINT('',(259.31737919075,0.,26.788961633038));
#219 = CARTESIAN_POINT('',(252.31568305293,-215.,25.08335431213));
#220 = CARTESIAN_POINT('',(258.65135263212,0.,26.780959824192));
#221 = CARTESIAN_POINT('',(251.84948169165,-215.,25.076814747492));
#222 = CARTESIAN_POINT('',(257.34921328306,0.,26.754196699287));
#223 = CARTESIAN_POINT('',(250.93803344649,-215.,25.056244961171));
#224 = CARTESIAN_POINT('',(256.70244751318,0.,26.735533886798));
#225 = CARTESIAN_POINT('',(250.4853295237,-215.,25.042268743654));
#226 = CARTESIAN_POINT('',(255.44010348679,0.,26.687705786641));
#227 = CARTESIAN_POINT('',(249.6017673867,-215.,25.007008633774));
#228 = CARTESIAN_POINT('',(254.81413213314,0.,26.658505967325));
#229 = CARTESIAN_POINT('',(249.16363428926,-215.,24.985685155047));
#230 = CARTESIAN_POINT('',(253.59459552347,0.,26.589712543386));
#231 = CARTESIAN_POINT('',(248.31006663338,-215.,24.935808255206));
#232 = CARTESIAN_POINT('',(252.99095328151,0.,26.549962327489));
#233 = CARTESIAN_POINT('',(247.887578624,-215.,24.907130964059));
#234 = CARTESIAN_POINT('',(251.81717591357,0.,26.460461986769));
#235 = CARTESIAN_POINT('',(247.06607116834,-215.,24.842825167733));
#236 = CARTESIAN_POINT('',(251.2373352808,0.,26.410435043747));
#237 = CARTESIAN_POINT('',(246.66025859356,-215.,24.8069880891));
#238 = CARTESIAN_POINT('',(250.11223101139,0.,26.300535916216));
#239 = CARTESIAN_POINT('',(245.87285062965,-215.,24.728472281456));
#240 = CARTESIAN_POINT('',(249.55768529143,0.,26.240289568516));
#241 = CARTESIAN_POINT('',(245.48475858191,-215.,24.685518464493));
#242 = CARTESIAN_POINT('',(248.4840981616,0.,26.110478734321));
#243 = CARTESIAN_POINT('',(244.73343973693,-215.,24.593141307665));
#244 = CARTESIAN_POINT('',(247.95624919158,0.,26.04044794951));
#245 = CARTESIAN_POINT('',(244.36404883857,-215.,24.543377455756));
#246 = CARTESIAN_POINT('',(246.93700742124,0.,25.891181318247));
#247 = CARTESIAN_POINT('',(243.65079829545,-215.,24.437460217243));
#248 = CARTESIAN_POINT('',(246.43732488346,0.,25.811428825455));
#249 = CARTESIAN_POINT('',(243.30113691522,-215.,24.380933441442));
#250 = CARTESIAN_POINT('',(245.475173512,0.,25.643402239078));
#251 = CARTESIAN_POINT('',(242.62787407109,-215.,24.2619724157));
#252 = CARTESIAN_POINT('',(245.00497754249,0.,25.554565472308));
#253 = CARTESIAN_POINT('',(242.29886543015,-215.,24.199130334334));
#254 = CARTESIAN_POINT('',(244.10276707795,0.,25.368093127956));
#255 = CARTESIAN_POINT('',(241.66758572989,-215.,24.067344481299));
#256 = CARTESIAN_POINT('',(243.66361236785,0.,25.269936237254));
#257 = CARTESIAN_POINT('',(241.36031793007,-215.,23.998025336644));
#258 = CARTESIAN_POINT('',(242.8242064255,0.,25.065325532938));
#259 = CARTESIAN_POINT('',(240.77302333143,-215.,23.853641355895));
#260 = CARTESIAN_POINT('',(242.41743478748,0.,24.958395600079));
#261 = CARTESIAN_POINT('',(240.48843442171,-215.,23.778231148437));
#262 = CARTESIAN_POINT('',(241.64383856206,0.,24.736265300233));
#263 = CARTESIAN_POINT('',(239.94722701536,-215.,23.621685584915));
#264 = CARTESIAN_POINT('',(241.27111350789,0.,24.620730893798));
#265 = CARTESIAN_POINT('',(239.6864795873,-215.,23.540307767023));
#266 = CARTESIAN_POINT('',(240.5661468142,0.,24.382706430604));
#267 = CARTESIAN_POINT('',(239.1933262365,-215.,23.37275252479));
#268 = CARTESIAN_POINT('',(240.22864651141,0.,24.260007606959));
#269 = CARTESIAN_POINT('',(238.95724246352,-215.,23.286416656601));
#270 = CARTESIAN_POINT('',(239.59532576573,0.,24.007606250473));
#271 = CARTESIAN_POINT('',(238.51425211391,-215.,23.108912504158));
#272 = CARTESIAN_POINT('',(239.29481264614,0.,23.878017589746));
#273 = CARTESIAN_POINT('',(238.30406227637,-215.,23.017816570336));
#274 = CARTESIAN_POINT('',(238.73589976382,0.,23.613767049369));
#275 = CARTESIAN_POINT('',(237.91315601587,-215.,22.83214898846));
#276 = CARTESIAN_POINT('',(238.47336632641,0.,23.479487207429));
#277 = CARTESIAN_POINT('',(237.72955013605,-215.,22.737833670969));
#278 = CARTESIAN_POINT('',(237.99219184811,0.,23.206982325683));
#279 = CARTESIAN_POINT('',(237.39305140746,-215.,22.546518233858));
#280 = CARTESIAN_POINT('',(237.76976111294,0.,23.069675915674));
#281 = CARTESIAN_POINT('',(237.23750805327,-215.,22.450153834122));
#282 = CARTESIAN_POINT('',(237.36862595378,0.,22.794427791088));
#283 = CARTESIAN_POINT('',(236.95700763785,-215.,22.257057778101));
#284 = CARTESIAN_POINT('',(237.18644788473,0.,22.657788631359));
#285 = CARTESIAN_POINT('',(236.82962466167,-215.,22.16122797812));
#286 = CARTESIAN_POINT('',(236.86635038237,0.,22.386501758951));
#287 = CARTESIAN_POINT('',(236.60580918495,-215.,21.971034463284));
#288 = CARTESIAN_POINT('',(236.7248932985,0.,22.253685696841));
#289 = CARTESIAN_POINT('',(236.50690329566,-215.,21.877945600313));
#290 = CARTESIAN_POINT('',(236.48407614418,0.,21.996248446545));
#291 = CARTESIAN_POINT('',(236.33851982779,-215.,21.697566432024));
#292 = CARTESIAN_POINT('',(236.38117414166,0.,21.873791617741));
#293 = CARTESIAN_POINT('',(236.26657520696,-215.,21.611779862772));
#294 = CARTESIAN_POINT('',(236.22318611468,0.,21.640357909288));
#295 = CARTESIAN_POINT('',(236.1561084726,-215.,21.448294293563));
#296 = CARTESIAN_POINT('',(236.16233434425,0.,21.532708469796));
#297 = CARTESIAN_POINT('',(236.11355552898,-215.,21.372918201102));
#298 = CARTESIAN_POINT('',(236.07518360597,0.,21.339605888473));
#299 = CARTESIAN_POINT('',(236.0525996257,-215.,21.237726187043));
#300 = CARTESIAN_POINT('',(236.04391614041,0.,21.256342790177));
#301 = CARTESIAN_POINT('',(236.03072879052,-215.,21.179438260338));
#302 = CARTESIAN_POINT('',(236.01308234515,0.,21.118666406116));
#303 = CARTESIAN_POINT('',(236.00915655087,-215.,21.083063163488));
#304 = CARTESIAN_POINT('',(236.00582290454,0.,21.066036686464));
#305 = CARTESIAN_POINT('',(236.00407553866,-215.,21.046222908816));
#306 = CARTESIAN_POINT('',(236.00111104201,0.,20.995653571111));
#307 = CARTESIAN_POINT('',(236.00077758265,-215.,20.996955337336));
#308 = CARTESIAN_POINT('',(236.00034688984,0.,20.978004815056));
#309 = CARTESIAN_POINT('',(236.00024273158,-215.,20.984601347622));
#310 = CARTESIAN_POINT('',(236.00004211951,0.,20.960345956879));
#311 = CARTESIAN_POINT('',(236.00002941647,-215.,20.972240245888));
#312 = DEFINITIONAL_REPRESENTATION('',(#313),#317);
#313 = LINE('',#314,#315);
#314 = CARTESIAN_POINT('',(0.,0.));
#315 = VECTOR('',#316,1.);
#316 = DIRECTION('',(0.,1.));
#317 = ( GEOMETRIC_REPRESENTATION_CONTEXT(2) 
PARAMETRIC_REPRESENTATION_CONTEXT() REPRESENTATION_CONTEXT('2D SPACE',''
  ) );
#318 = PCURVE('',#319,#324);
#319 = PLANE('',#320);
#320 = AXIS2_PLACEMENT_3D('',#321,#322,#323);
#321 = CARTESIAN_POINT('',(305.94165311782,-215.,18.107309358666));
#322 = DIRECTION('',(-0.989801567463,0.138196031911,3.456463237994E-02)
  );
#323 = DIRECTION('',(-3.489949670249E-02,-8.673617379884E-19,
    -0.999390827019));
#324 = DEFINITIONAL_REPRESENTATION('',(#325),#328);
#325 = B_SPLINE_CURVE_WITH_KNOTS('',1,(#326,#327),.UNSPECIFIED.,.F.,.F.,
  (2,2),(0.,1.),.PIECEWISE_BEZIER_KNOTS.);
#326 = CARTESIAN_POINT('',(-0.9,-217.0829334609));
#327 = CARTESIAN_POINT('',(-0.9,0.));
#328 = ( GEOMETRIC_REPRESENTATION_CONTEXT(2) 
PARAMETRIC_REPRESENTATION_CONTEXT() REPRESENTATION_CONTEXT('2D SPACE',''
  ) );
#329 = ORIENTED_EDGE('',*,*,#330,.F.);
#330 = EDGE_CURVE('',#331,#22,#333,.T.);
#331 = VERTEX_POINT('',#332);
#332 = CARTESIAN_POINT('',(304.03612872396,-70.4,21.006835552608));
#333 = SURFACE_CURVE('',#334,(#442,#553),.PCURVE_S1.);
#334 = B_SPLINE_CURVE_WITH_KNOTS('',8,(#335,#336,#337,#338,#339,#340,
    #341,#342,#343,#344,#345,#346,#347,#348,#349,#350,#351,#352,#353,
    #354,#355,#356,#357,#358,#359,#360,#361,#362,#363,#364,#365,#366,
    #367,#368,#369,#370,#371,#372,#373,#374,#375,#376,#377,#378,#379,
    #380,#381,#382,#383,#384,#385,#386,#387,#388,#389,#390,#391,#392,
    #393,#394,#395,#396,#397,#398,#399,#400,#401,#402,#403,#404,#405,
    #406,#407,#408,#409,#410,#411,#412,#413,#414,#415,#416,#417,#418,
    #419,#420,#421,#422,#423,#424,#425,#426,#427,#428,#429,#430,#431,
    #432,#433,#434,#435,#436,#437,#438,#439,#440,#441),.UNSPECIFIED.,.F.
  ,.F.,(9,7,7,7,7,7,7,7,7,7,7,7,7,7,7,9),(0.,0.100540665097,
    0.201831056978,0.351740893492,0.408463545688,0.505702377255,
    0.57863150307,0.635354155701,0.720438147581,0.765005962128,
    0.809573794738,0.854141642187,0.890606262748,0.943277408009,
    0.971638791517,1.),.UNSPECIFIED.);
#335 = CARTESIAN_POINT('',(303.59135821248,-70.4,21.083352106237));
#336 = CARTESIAN_POINT('',(303.87295700723,-70.4,21.034834954602));
#337 = CARTESIAN_POINT('',(304.15457216923,-70.4,20.986414747224));
#338 = CARTESIAN_POINT('',(304.4362062728,-70.4,20.938099957538));
#339 = CARTESIAN_POINT('',(304.71786162168,-70.4,20.889912925945));
#340 = CARTESIAN_POINT('',(304.9995395478,-70.4,20.841858597086));
#341 = CARTESIAN_POINT('',(305.28124204488,-70.4,20.793944516825));
#342 = CARTESIAN_POINT('',(305.56297282287,-70.4,20.746199633042));
#343 = CARTESIAN_POINT('',(306.12859800081,-70.4,20.650724601615));
#344 = CARTESIAN_POINT('',(306.41249281125,-70.4,20.602997567791));
#345 = CARTESIAN_POINT('',(306.69642241745,-70.4,20.555477405333));
#346 = CARTESIAN_POINT('',(306.98038984735,-70.4,20.508183151841));
#347 = CARTESIAN_POINT('',(307.26439803966,-70.4,20.461133820026));
#348 = CARTESIAN_POINT('',(307.54844984391,-70.4,20.41434839771));
#349 = CARTESIAN_POINT('',(307.83254802038,-70.4,20.36784584783));
#350 = CARTESIAN_POINT('',(308.53723328402,-70.4,20.253267988335));
#351 = CARTESIAN_POINT('',(308.95787849234,-70.4,20.185550640406));
#352 = CARTESIAN_POINT('',(309.3786435691,-70.4,20.118573292601));
#353 = CARTESIAN_POINT('',(309.79952103326,-70.4,20.052313694362));
#354 = CARTESIAN_POINT('',(310.22052786918,-70.4,19.98687015578));
#355 = CARTESIAN_POINT('',(310.64165926296,-70.4,19.922237282623));
#356 = CARTESIAN_POINT('',(311.06292215472,-70.4,19.858470779483));
#357 = CARTESIAN_POINT('',(311.64376650124,-70.4,19.771813679369));
#358 = CARTESIAN_POINT('',(311.80323323526,-70.4,19.748154335381));
#359 = CARTESIAN_POINT('',(311.96271928197,-70.4,19.724625219469));
#360 = CARTESIAN_POINT('',(312.12222470335,-70.4,19.701227646267));
#361 = CARTESIAN_POINT('',(312.28174955382,-70.4,19.677962900004));
#362 = CARTESIAN_POINT('',(312.44129388027,-70.4,19.654832234495));
#363 = CARTESIAN_POINT('',(312.60085772204,-70.4,19.631836873148));
#364 = CARTESIAN_POINT('',(313.03401263262,-70.4,19.569791384944));
#365 = CARTESIAN_POINT('',(313.30764151526,-70.4,19.531005378211));
#366 = CARTESIAN_POINT('',(313.58132873107,-70.4,19.492631354099));
#367 = CARTESIAN_POINT('',(313.85507261376,-70.4,19.454663006529));
#368 = CARTESIAN_POINT('',(314.12887263805,-70.4,19.417101736372));
#369 = CARTESIAN_POINT('',(314.40272861357,-70.4,19.379951214588));
#370 = CARTESIAN_POINT('',(314.67663931915,-70.4,19.343208219321));
#371 = CARTESIAN_POINT('',(315.15607857185,-70.4,19.279628297885));
#372 = CARTESIAN_POINT('',(315.36158329153,-70.4,19.252611898612));
#373 = CARTESIAN_POINT('',(315.56711785447,-70.4,19.225822282507));
#374 = CARTESIAN_POINT('',(315.77268432039,-70.4,19.199279319598));
#375 = CARTESIAN_POINT('',(315.97827848549,-70.4,19.17294997684));
#376 = CARTESIAN_POINT('',(316.18390365761,-70.4,19.146865123549));
#377 = CARTESIAN_POINT('',(316.38955938071,-70.4,19.121022852076));
#378 = CARTESIAN_POINT('',(316.75522475512,-70.4,19.075524849692));
#379 = CARTESIAN_POINT('',(316.91522213182,-70.4,19.055770461089));
#380 = CARTESIAN_POINT('',(317.07523848759,-70.4,19.036169947324));
#381 = CARTESIAN_POINT('',(317.23527399399,-70.4,19.016726074401));
#382 = CARTESIAN_POINT('',(317.39532879177,-70.4,18.997441486773));
#383 = CARTESIAN_POINT('',(317.55540299079,-70.4,18.978318707341));
#384 = CARTESIAN_POINT('',(317.71549667007,-70.4,18.959360137459));
#385 = CARTESIAN_POINT('',(318.1157797258,-70.4,18.912379931848));
#386 = CARTESIAN_POINT('',(318.35599354749,-70.4,18.884566608406));
#387 = CARTESIAN_POINT('',(318.59625184978,-70.4,18.857138435787));
#388 = CARTESIAN_POINT('',(318.83655344691,-70.4,18.830088154575));
#389 = CARTESIAN_POINT('',(319.07690268909,-70.4,18.803467867893));
#390 = CARTESIAN_POINT('',(319.31729756329,-70.4,18.77726234191));
#391 = CARTESIAN_POINT('',(319.5577399588,-70.4,18.75149688219));
#392 = CARTESIAN_POINT('',(319.9242025452,-70.4,18.712940508731));
#393 = CARTESIAN_POINT('',(320.05018739664,-70.4,18.699813648934));
#394 = CARTESIAN_POINT('',(320.17618575356,-70.4,18.686816774423));
#395 = CARTESIAN_POINT('',(320.30219778545,-70.4,18.673952964181));
#396 = CARTESIAN_POINT('',(320.42822364598,-70.4,18.661225286281));
#397 = CARTESIAN_POINT('',(320.55426347304,-70.4,18.64863679788));
#398 = CARTESIAN_POINT('',(320.68031738869,-70.4,18.636190545228));
#399 = CARTESIAN_POINT('',(320.93245366077,-70.4,18.611588577105));
#400 = CARTESIAN_POINT('',(321.05853604872,-70.4,18.599433791644));
#401 = CARTESIAN_POINT('',(321.18463235235,-70.4,18.587422840979));
#402 = CARTESIAN_POINT('',(321.31074366486,-70.4,18.575571174327));
#403 = CARTESIAN_POINT('',(321.43686918033,-70.4,18.563870479231));
#404 = CARTESIAN_POINT('',(321.5630084484,-70.4,18.552317307771));
#405 = CARTESIAN_POINT('',(321.68916338523,-70.4,18.540938354099));
#406 = CARTESIAN_POINT('',(321.94150513622,-70.4,18.51853930457));
#407 = CARTESIAN_POINT('',(322.06769195746,-70.4,18.507520309939));
#408 = CARTESIAN_POINT('',(322.1938951944,-70.4,18.496691226637));
#409 = CARTESIAN_POINT('',(322.32011582513,-70.4,18.486064899196));
#410 = CARTESIAN_POINT('',(322.44635454865,-70.4,18.475652748617));
#411 = CARTESIAN_POINT('',(322.57261152084,-70.4,18.465463100664));
#412 = CARTESIAN_POINT('',(322.69888659259,-70.4,18.455502731208));
#413 = CARTESIAN_POINT('',(322.92851111227,-70.4,18.437827995234));
#414 = CARTESIAN_POINT('',(323.03185456252,-70.4,18.430035869427));
#415 = CARTESIAN_POINT('',(323.13521026801,-70.4,18.42240540635));
#416 = CARTESIAN_POINT('',(323.23857837514,-70.4,18.41494276947));
#417 = CARTESIAN_POINT('',(323.34195920625,-70.4,18.407658065895));
#418 = CARTESIAN_POINT('',(323.44535315609,-70.4,18.400563281741));
#419 = CARTESIAN_POINT('',(323.5487605884,-70.4,18.393670217484));
#420 = CARTESIAN_POINT('',(323.80156790502,-70.4,18.377336937981));
#421 = CARTESIAN_POINT('',(323.95098267687,-70.4,18.368129134625));
#422 = CARTESIAN_POINT('',(324.10042669344,-70.4,18.359378344429));
#423 = CARTESIAN_POINT('',(324.24990132793,-70.4,18.351170488404));
#424 = CARTESIAN_POINT('',(324.39940478789,-70.4,18.34352351979));
#425 = CARTESIAN_POINT('',(324.54894210584,-70.4,18.336512546326));
#426 = CARTESIAN_POINT('',(324.69850693007,-70.4,18.330167277669));
#427 = CARTESIAN_POINT('',(324.92864860157,-70.4,18.321508651977));
#428 = CARTESIAN_POINT('',(325.00920597972,-70.4,18.318686393165));
#429 = CARTESIAN_POINT('',(325.08977083204,-70.4,18.31607893301));
#430 = CARTESIAN_POINT('',(325.17034274952,-70.4,18.313693766022));
#431 = CARTESIAN_POINT('',(325.25092123755,-70.4,18.311539342581));
#432 = CARTESIAN_POINT('',(325.33150571593,-70.4,18.309625068932));
#433 = CARTESIAN_POINT('',(325.41209551883,-70.4,18.30796130719));
#434 = CARTESIAN_POINT('',(325.57328377345,-70.4,18.305157452131));
#435 = CARTESIAN_POINT('',(325.65388301238,-70.4,18.30400227941));
#436 = CARTESIAN_POINT('',(325.73448587428,-70.4,18.303148627083));
#437 = CARTESIAN_POINT('',(325.81509093612,-70.4,18.302612447456));
#438 = CARTESIAN_POINT('',(325.89569708918,-70.4,18.302370875227));
#439 = CARTESIAN_POINT('',(325.97630353909,-70.4,18.302362227485));
#440 = CARTESIAN_POINT('',(326.05690980577,-70.4,18.302486003716));
#441 = CARTESIAN_POINT('',(326.13751572349,-70.4,18.302602885795));
#442 = PCURVE('',#31,#443);
#443 = DEFINITIONAL_REPRESENTATION('',(#444),#552);
#444 = B_SPLINE_CURVE_WITH_KNOTS('',8,(#445,#446,#447,#448,#449,#450,
    #451,#452,#453,#454,#455,#456,#457,#458,#459,#460,#461,#462,#463,
    #464,#465,#466,#467,#468,#469,#470,#471,#472,#473,#474,#475,#476,
    #477,#478,#479,#480,#481,#482,#483,#484,#485,#486,#487,#488,#489,
    #490,#491,#492,#493,#494,#495,#496,#497,#498,#499,#500,#501,#502,
    #503,#504,#505,#506,#507,#508,#509,#510,#511,#512,#513,#514,#515,
    #516,#517,#518,#519,#520,#521,#522,#523,#524,#525,#526,#527,#528,
    #529,#530,#531,#532,#533,#534,#535,#536,#537,#538,#539,#540,#541,
    #542,#543,#544,#545,#546,#547,#548,#549,#550,#551),.UNSPECIFIED.,.F.
  ,.F.,(9,7,7,7,7,7,7,7,7,7,7,7,7,7,7,9),(0.,0.100540665097,
    0.201831056978,0.351740893492,0.408463545688,0.505702377255,
    0.57863150307,0.635354155701,0.720438147581,0.765005962128,
    0.809573794738,0.854141642187,0.890606262748,0.943277408009,
    0.971638791517,1.),.UNSPECIFIED.);
#445 = CARTESIAN_POINT('',(25.213746853955,0.327441860465));
#446 = CARTESIAN_POINT('',(24.896870697097,0.327441860465));
#447 = CARTESIAN_POINT('',(24.579994265561,0.327441860465));
#448 = CARTESIAN_POINT('',(24.263118549594,0.327441860465));
#449 = CARTESIAN_POINT('',(23.946242247422,0.327441860465));
#450 = CARTESIAN_POINT('',(23.629365834962,0.327441860465));
#451 = CARTESIAN_POINT('',(23.312490019818,0.327441860465));
#452 = CARTESIAN_POINT('',(22.995613849312,0.327441860465));
#453 = CARTESIAN_POINT('',(22.359498705762,0.327441860465));
#454 = CARTESIAN_POINT('',(22.040259660088,0.327441860465));
#455 = CARTESIAN_POINT('',(21.721020632678,0.327441860465));
#456 = CARTESIAN_POINT('',(21.401781638162,0.327441860465));
#457 = CARTESIAN_POINT('',(21.082542678392,0.327441860465));
#458 = CARTESIAN_POINT('',(20.763303742439,0.327441860465));
#459 = CARTESIAN_POINT('',(20.444064806596,0.327441860465));
#460 = CARTESIAN_POINT('',(19.652351977319,0.327441860465));
#461 = CARTESIAN_POINT('',(19.179878123902,0.327441860465));
#462 = CARTESIAN_POINT('',(18.70740498116,0.327441860465));
#463 = CARTESIAN_POINT('',(18.234930502495,0.327441860465));
#464 = CARTESIAN_POINT('',(17.762457222418,0.327441860465));
#465 = CARTESIAN_POINT('',(17.289983593572,0.327441860465));
#466 = CARTESIAN_POINT('',(16.817509861146,0.327441860465));
#467 = CARTESIAN_POINT('',(16.166262361183,0.327441860465));
#468 = CARTESIAN_POINT('',(15.987488526238,0.327441860465));
#469 = CARTESIAN_POINT('',(15.808714698725,0.327441860465));
#470 = CARTESIAN_POINT('',(15.629940873228,0.327441860465));
#471 = CARTESIAN_POINT('',(15.451167046024,0.327441860465));
#472 = CARTESIAN_POINT('',(15.272393215074,0.327441860465));
#473 = CARTESIAN_POINT('',(15.093619380029,0.327441860465));
#474 = CARTESIAN_POINT('',(14.608376108421,0.327441860465));
#475 = CARTESIAN_POINT('',(14.301906676887,0.327441860465));
#476 = CARTESIAN_POINT('',(13.995437278473,0.327441860465));
#477 = CARTESIAN_POINT('',(13.688967866836,0.327441860465));
#478 = CARTESIAN_POINT('',(13.382498436936,0.327441860465));
#479 = CARTESIAN_POINT('',(13.076029002989,0.327441860465));
#480 = CARTESIAN_POINT('',(12.769559554707,0.327441860465));
#481 = CARTESIAN_POINT('',(12.233238020827,0.327441860465));
#482 = CARTESIAN_POINT('',(12.003385945698,0.327441860465));
#483 = CARTESIAN_POINT('',(11.773533884589,0.327441860465));
#484 = CARTESIAN_POINT('',(11.543681771421,0.327441860465));
#485 = CARTESIAN_POINT('',(11.313829722106,0.327441860465));
#486 = CARTESIAN_POINT('',(11.083977692438,0.327441860465));
#487 = CARTESIAN_POINT('',(10.854125622195,0.327441860465));
#488 = CARTESIAN_POINT('',(10.445499695295,0.327441860465));
#489 = CARTESIAN_POINT('',(10.266725845503,0.327441860465));
#490 = CARTESIAN_POINT('',(10.087951998051,0.327441860465));
#491 = CARTESIAN_POINT('',(9.909178159224,0.327441860465));
#492 = CARTESIAN_POINT('',(9.730404331096,0.327441860465));
#493 = CARTESIAN_POINT('',(9.551630511533,0.327441860465));
#494 = CARTESIAN_POINT('',(9.372856694185,0.327441860465));
#495 = CARTESIAN_POINT('',(8.925922089202,0.327441860465));
#496 = CARTESIAN_POINT('',(8.657761332309,0.327441860465));
#497 = CARTESIAN_POINT('',(8.389600482412,0.327441860465));
#498 = CARTESIAN_POINT('',(8.12143997047,0.327441860465));
#499 = CARTESIAN_POINT('',(7.853279016622,0.327441860465));
#500 = CARTESIAN_POINT('',(7.585118216692,0.327441860465));
#501 = CARTESIAN_POINT('',(7.316957571047,0.327441860465));
#502 = CARTESIAN_POINT('',(6.90833170532,0.327441860465));
#503 = CARTESIAN_POINT('',(6.767866549293,0.327441860465));
#504 = CARTESIAN_POINT('',(6.627401396578,0.327441860465));
#505 = CARTESIAN_POINT('',(6.486936245775,0.327441860465));
#506 = CARTESIAN_POINT('',(6.346471095277,0.327441860465));
#507 = CARTESIAN_POINT('',(6.206005943263,0.327441860465));
#508 = CARTESIAN_POINT('',(6.065540787705,0.327441860465));
#509 = CARTESIAN_POINT('',(5.784610408094,0.327441860465));
#510 = CARTESIAN_POINT('',(5.644145207875,0.327441860465));
#511 = CARTESIAN_POINT('',(5.503680065872,0.327441860465));
#512 = CARTESIAN_POINT('',(5.363214832306,0.327441860465));
#513 = CARTESIAN_POINT('',(5.222749640288,0.327441860465));
#514 = CARTESIAN_POINT('',(5.082284601801,0.327441860465));
#515 = CARTESIAN_POINT('',(4.941819516986,0.327441860465));
#516 = CARTESIAN_POINT('',(4.660889210012,0.327441860465));
#517 = CARTESIAN_POINT('',(4.520424117062,0.327441860465));
#518 = CARTESIAN_POINT('',(4.379958922077,0.327441860465));
#519 = CARTESIAN_POINT('',(4.239493729594,0.327441860465));
#520 = CARTESIAN_POINT('',(4.099028611081,0.327441860465));
#521 = CARTESIAN_POINT('',(3.958563496525,0.327441860465));
#522 = CARTESIAN_POINT('',(3.818098281168,0.327441860465));
#523 = CARTESIAN_POINT('',(3.562707071809,0.327441860465));
#524 = CARTESIAN_POINT('',(3.447780979288,0.327441860465));
#525 = CARTESIAN_POINT('',(3.332854942462,0.327441860465));
#526 = CARTESIAN_POINT('',(3.217928960295,0.327441860465));
#527 = CARTESIAN_POINT('',(3.103002991686,0.327441860465));
#528 = CARTESIAN_POINT('',(2.988076989051,0.327441860465));
#529 = CARTESIAN_POINT('',(2.873150931926,0.327441860465));
#530 = CARTESIAN_POINT('',(2.592220451165,0.327441860465));
#531 = CARTESIAN_POINT('',(2.426215916371,0.327441860465));
#532 = CARTESIAN_POINT('',(2.260212341455,0.327441860465));
#533 = CARTESIAN_POINT('',(2.094207927633,0.327441860465));
#534 = CARTESIAN_POINT('',(1.92820246779,0.327441860465));
#535 = CARTESIAN_POINT('',(1.762199413641,0.327441860465));
#536 = CARTESIAN_POINT('',(1.596195022063,0.327441860465));
#537 = CARTESIAN_POINT('',(1.340803716359,0.327441860465));
#538 = CARTESIAN_POINT('',(1.25141681344,0.327441860465));
#539 = CARTESIAN_POINT('',(1.162029923995,0.327441860465));
#540 = CARTESIAN_POINT('',(1.07264302526,0.327441860465));
#541 = CARTESIAN_POINT('',(0.983256107387,0.327441860465));
#542 = CARTESIAN_POINT('',(0.893869173446,0.327441860465));
#543 = CARTESIAN_POINT('',(0.804482239422,0.327441860465));
#544 = CARTESIAN_POINT('',(0.625708980642,0.327441860465));
#545 = CARTESIAN_POINT('',(0.536322061119,0.327441860465));
#546 = CARTESIAN_POINT('',(0.44693491807,0.327441860465));
#547 = CARTESIAN_POINT('',(0.35754778199,0.327441860465));
#548 = CARTESIAN_POINT('',(0.268160771454,0.327441860465));
#549 = CARTESIAN_POINT('',(0.178773893112,0.327441860465));
#550 = CARTESIAN_POINT('',(8.93870416929E-02,0.327441860465));
#551 = CARTESIAN_POINT('',(0.,0.327441860465));
#552 = ( GEOMETRIC_REPRESENTATION_CONTEXT(2) 
PARAMETRIC_REPRESENTATION_CONTEXT() REPRESENTATION_CONTEXT('2D SPACE',''
  ) );
#553 = PCURVE('',#554,#559);
#554 = PLANE('',#555);
#555 = AXIS2_PLACEMENT_3D('',#556,#557,#558);
#556 = CARTESIAN_POINT('',(386.,-70.4,-40.));
#557 = DIRECTION('',(-0.,1.,-0.));
#558 = DIRECTION('',(1.,0.,0.));
#559 = DEFINITIONAL_REPRESENTATION('',(#560),#668);
#560 = B_SPLINE_CURVE_WITH_KNOTS('',8,(#561,#562,#563,#564,#565,#566,
    #567,#568,#569,#570,#571,#572,#573,#574,#575,#576,#577,#578,#579,
    #580,#581,#582,#583,#584,#585,#586,#587,#588,#589,#590,#591,#592,
    #593,#594,#595,#596,#597,#598,#599,#600,#601,#602,#603,#604,#605,
    #606,#607,#608,#609,#610,#611,#612,#613,#614,#615,#616,#617,#618,
    #619,#620,#621,#622,#623,#624,#625,#626,#627,#628,#629,#630,#631,
    #632,#633,#634,#635,#636,#637,#638,#639,#640,#641,#642,#643,#644,
    #645,#646,#647,#648,#649,#650,#651,#652,#653,#654,#655,#656,#657,
    #658,#659,#660,#661,#662,#663,#664,#665,#666,#667),.UNSPECIFIED.,.F.
  ,.F.,(9,7,7,7,7,7,7,7,7,7,7,7,7,7,7,9),(0.,0.100540665097,
    0.201831056978,0.351740893492,0.408463545688,0.505702377255,
    0.57863150307,0.635354155701,0.720438147581,0.765005962128,
    0.809573794738,0.854141642187,0.890606262748,0.943277408009,
    0.971638791517,1.),.UNSPECIFIED.);
#561 = CARTESIAN_POINT('',(-82.40864178751,-61.08335210623));
#562 = CARTESIAN_POINT('',(-82.12704299276,-61.0348349546));
#563 = CARTESIAN_POINT('',(-81.84542783076,-60.98641474722));
#564 = CARTESIAN_POINT('',(-81.5637937272,-60.93809995753));
#565 = CARTESIAN_POINT('',(-81.28213837831,-60.88991292594));
#566 = CARTESIAN_POINT('',(-81.0004604522,-60.84185859708));
#567 = CARTESIAN_POINT('',(-80.71875795511,-60.79394451682));
#568 = CARTESIAN_POINT('',(-80.43702717712,-60.74619963304));
#569 = CARTESIAN_POINT('',(-79.87140199918,-60.65072460161));
#570 = CARTESIAN_POINT('',(-79.58750718874,-60.60299756779));
#571 = CARTESIAN_POINT('',(-79.30357758254,-60.55547740533));
#572 = CARTESIAN_POINT('',(-79.01961015264,-60.50818315184));
#573 = CARTESIAN_POINT('',(-78.73560196033,-60.46113382002));
#574 = CARTESIAN_POINT('',(-78.45155015608,-60.41434839771));
#575 = CARTESIAN_POINT('',(-78.16745197962,-60.36784584783));
#576 = CARTESIAN_POINT('',(-77.46276671597,-60.25326798833));
#577 = CARTESIAN_POINT('',(-77.04212150765,-60.1855506404));
#578 = CARTESIAN_POINT('',(-76.62135643089,-60.1185732926));
#579 = CARTESIAN_POINT('',(-76.20047896673,-60.05231369436));
#580 = CARTESIAN_POINT('',(-75.77947213081,-59.98687015578));
#581 = CARTESIAN_POINT('',(-75.35834073703,-59.92223728262));
#582 = CARTESIAN_POINT('',(-74.93707784527,-59.85847077948));
#583 = CARTESIAN_POINT('',(-74.35623349875,-59.77181367936));
#584 = CARTESIAN_POINT('',(-74.19676676474,-59.74815433538));
#585 = CARTESIAN_POINT('',(-74.03728071802,-59.72462521946));
#586 = CARTESIAN_POINT('',(-73.87777529664,-59.70122764626));
#587 = CARTESIAN_POINT('',(-73.71825044617,-59.6779629));
#588 = CARTESIAN_POINT('',(-73.55870611972,-59.65483223449));
#589 = CARTESIAN_POINT('',(-73.39914227795,-59.63183687314));
#590 = CARTESIAN_POINT('',(-72.96598736737,-59.56979138494));
#591 = CARTESIAN_POINT('',(-72.69235848473,-59.53100537821));
#592 = CARTESIAN_POINT('',(-72.41867126892,-59.49263135409));
#593 = CARTESIAN_POINT('',(-72.14492738623,-59.45466300652));
#594 = CARTESIAN_POINT('',(-71.87112736195,-59.41710173637));
#595 = CARTESIAN_POINT('',(-71.59727138642,-59.37995121458));
#596 = CARTESIAN_POINT('',(-71.32336068084,-59.34320821932));
#597 = CARTESIAN_POINT('',(-70.84392142814,-59.27962829788));
#598 = CARTESIAN_POINT('',(-70.63841670846,-59.25261189861));
#599 = CARTESIAN_POINT('',(-70.43288214552,-59.2258222825));
#600 = CARTESIAN_POINT('',(-70.2273156796,-59.19927931959));
#601 = CARTESIAN_POINT('',(-70.0217215145,-59.17294997684));
#602 = CARTESIAN_POINT('',(-69.81609634238,-59.14686512354));
#603 = CARTESIAN_POINT('',(-69.61044061929,-59.12102285207));
#604 = CARTESIAN_POINT('',(-69.24477524487,-59.07552484969));
#605 = CARTESIAN_POINT('',(-69.08477786817,-59.05577046108));
#606 = CARTESIAN_POINT('',(-68.92476151241,-59.03616994732));
#607 = CARTESIAN_POINT('',(-68.764726006,-59.0167260744));
#608 = CARTESIAN_POINT('',(-68.60467120822,-58.99744148677));
#609 = CARTESIAN_POINT('',(-68.4445970092,-58.97831870734));
#610 = CARTESIAN_POINT('',(-68.28450332993,-58.95936013745));
#611 = CARTESIAN_POINT('',(-67.88422027419,-58.91237993184));
#612 = CARTESIAN_POINT('',(-67.6440064525,-58.8845666084));
#613 = CARTESIAN_POINT('',(-67.40374815021,-58.85713843578));
#614 = CARTESIAN_POINT('',(-67.16344655309,-58.83008815457));
#615 = CARTESIAN_POINT('',(-66.9230973109,-58.80346786789));
#616 = CARTESIAN_POINT('',(-66.6827024367,-58.77726234191));
#617 = CARTESIAN_POINT('',(-66.44226004119,-58.75149688219));
#618 = CARTESIAN_POINT('',(-66.07579745479,-58.71294050873));
#619 = CARTESIAN_POINT('',(-65.94981260335,-58.69981364893));
#620 = CARTESIAN_POINT('',(-65.82381424643,-58.68681677442));
#621 = CARTESIAN_POINT('',(-65.69780221454,-58.67395296418));
#622 = CARTESIAN_POINT('',(-65.57177635401,-58.66122528628));
#623 = CARTESIAN_POINT('',(-65.44573652695,-58.64863679788));
#624 = CARTESIAN_POINT('',(-65.3196826113,-58.63619054522));
#625 = CARTESIAN_POINT('',(-65.06754633922,-58.6115885771));
#626 = CARTESIAN_POINT('',(-64.94146395128,-58.59943379164));
#627 = CARTESIAN_POINT('',(-64.81536764764,-58.58742284097));
#628 = CARTESIAN_POINT('',(-64.68925633513,-58.57557117432));
#629 = CARTESIAN_POINT('',(-64.56313081966,-58.56387047923));
#630 = CARTESIAN_POINT('',(-64.43699155159,-58.55231730777));
#631 = CARTESIAN_POINT('',(-64.31083661477,-58.54093835409));
#632 = CARTESIAN_POINT('',(-64.05849486377,-58.51853930457));
#633 = CARTESIAN_POINT('',(-63.93230804253,-58.50752030993));
#634 = CARTESIAN_POINT('',(-63.80610480559,-58.49669122663));
#635 = CARTESIAN_POINT('',(-63.67988417486,-58.48606489919));
#636 = CARTESIAN_POINT('',(-63.55364545134,-58.47565274861));
#637 = CARTESIAN_POINT('',(-63.42738847915,-58.46546310066));
#638 = CARTESIAN_POINT('',(-63.3011134074,-58.4555027312));
#639 = CARTESIAN_POINT('',(-63.07148888772,-58.43782799523));
#640 = CARTESIAN_POINT('',(-62.96814543747,-58.43003586942));
#641 = CARTESIAN_POINT('',(-62.86478973199,-58.42240540635));
#642 = CARTESIAN_POINT('',(-62.76142162485,-58.41494276947));
#643 = CARTESIAN_POINT('',(-62.65804079374,-58.40765806589));
#644 = CARTESIAN_POINT('',(-62.5546468439,-58.40056328174));
#645 = CARTESIAN_POINT('',(-62.45123941159,-58.39367021748));
#646 = CARTESIAN_POINT('',(-62.19843209497,-58.37733693798));
#647 = CARTESIAN_POINT('',(-62.04901732312,-58.36812913462));
#648 = CARTESIAN_POINT('',(-61.89957330655,-58.35937834442));
#649 = CARTESIAN_POINT('',(-61.75009867206,-58.3511704884));
#650 = CARTESIAN_POINT('',(-61.6005952121,-58.34352351979));
#651 = CARTESIAN_POINT('',(-61.45105789415,-58.33651254632));
#652 = CARTESIAN_POINT('',(-61.30149306992,-58.33016727766));
#653 = CARTESIAN_POINT('',(-61.07135139842,-58.32150865197));
#654 = CARTESIAN_POINT('',(-60.99079402027,-58.31868639316));
#655 = CARTESIAN_POINT('',(-60.91022916795,-58.31607893301));
#656 = CARTESIAN_POINT('',(-60.82965725047,-58.31369376602));
#657 = CARTESIAN_POINT('',(-60.74907876244,-58.31153934258));
#658 = CARTESIAN_POINT('',(-60.66849428406,-58.30962506893));
#659 = CARTESIAN_POINT('',(-60.58790448116,-58.30796130719));
#660 = CARTESIAN_POINT('',(-60.42671622654,-58.30515745213));
#661 = CARTESIAN_POINT('',(-60.34611698761,-58.30400227941));
#662 = CARTESIAN_POINT('',(-60.26551412571,-58.30314862708));
#663 = CARTESIAN_POINT('',(-60.18490906388,-58.30261244745));
#664 = CARTESIAN_POINT('',(-60.10430291081,-58.30237087522));
#665 = CARTESIAN_POINT('',(-60.0236964609,-58.30236222748));
#666 = CARTESIAN_POINT('',(-59.94309019422,-58.30248600371));
#667 = CARTESIAN_POINT('',(-59.8624842765,-58.30260288579));
#668 = ( GEOMETRIC_REPRESENTATION_CONTEXT(2) 
PARAMETRIC_REPRESENTATION_CONTEXT() REPRESENTATION_CONTEXT('2D SPACE',''
  ) );
#669 = ORIENTED_EDGE('',*,*,#670,.T.);
#670 = EDGE_CURVE('',#331,#671,#673,.T.);
#671 = VERTEX_POINT('',#672);
#672 = CARTESIAN_POINT('',(304.03185474496,-70.44049459342,
    21.006858362353));
#673 = SURFACE_CURVE('',#674,(#701,#731),.PCURVE_S1.);
#674 = B_SPLINE_CURVE_WITH_KNOTS('',4,(#675,#676,#677,#678,#679,#680,
    #681,#682,#683,#684,#685,#686,#687,#688,#689,#690,#691,#692,#693,
    #694,#695,#696,#697,#698,#699,#700),.UNSPECIFIED.,.F.,.F.,(5,3,3,3,3
    ,3,3,3,5),(0.,0.201300337591,0.389149916128,0.497958015695,
    0.598197463334,0.69884155493,0.799095234443,0.89973932821,1.),
  .UNSPECIFIED.);
#675 = CARTESIAN_POINT('',(304.0361423368,-70.399871,21.00683547403));
#676 = CARTESIAN_POINT('',(303.39557115102,-76.46908289973,
    21.010255016522));
#677 = CARTESIAN_POINT('',(302.75499989034,-82.53829477673,
    21.013674367685));
#678 = CARTESIAN_POINT('',(302.11442855061,-88.60750662919,
    21.017093516758));
#679 = CARTESIAN_POINT('',(300.87608827379,-100.3403894509,
    21.02370293463));
#680 = CARTESIAN_POINT('',(300.27831934754,-106.0040604236,
    21.026893231139));
#681 = CARTESIAN_POINT('',(299.6805503443,-111.6677313712,
    21.030083330525));
#682 = CARTESIAN_POINT('',(298.73653551014,-120.6119700425,
    21.035120900987));
#683 = CARTESIAN_POINT('',(298.39028973339,-123.8925377845,
    21.036968510909));
#684 = CARTESIAN_POINT('',(298.0440439284,-127.1731055168,
    21.038816048418));
#685 = CARTESIAN_POINT('',(297.37881916428,-133.4758958283,
    21.042365485657));
#686 = CARTESIAN_POINT('',(297.05984020957,-136.4981184091,
    21.044067396723));
#687 = CARTESIAN_POINT('',(296.74086122932,-139.5203409809,
    21.045769242226));
#688 = CARTESIAN_POINT('',(296.10161557006,-145.576986134,
    21.049179667515));
#689 = CARTESIAN_POINT('',(295.78134889084,-148.6114087152,
    21.050888246754));
#690 = CARTESIAN_POINT('',(295.46108218421,-151.6458312866,
    21.052596755574));
#691 = CARTESIAN_POINT('',(294.82179107245,-157.7029054718,
    21.056007000405));
#692 = CARTESIAN_POINT('',(294.50276666755,-160.7255570856,
    21.057708736977));
#693 = CARTESIAN_POINT('',(294.18374223366,-163.7482086887,
    21.059410399003));
#694 = CARTESIAN_POINT('',(293.54445094064,-169.8052828743,
    21.06282019529));
#695 = CARTESIAN_POINT('',(293.22418408128,-172.8397054566,
    21.06452832895));
#696 = CARTESIAN_POINT('',(292.90391719075,-175.874128027,21.06623638234
    ));
#697 = CARTESIAN_POINT('',(292.2646034603,-181.931412958,21.069645816131
    ));
#698 = CARTESIAN_POINT('',(291.94555662063,-184.9542753187,
    21.071347197162));
#699 = CARTESIAN_POINT('',(291.62650974791,-187.9771376662,
    21.073048492956));
#700 = CARTESIAN_POINT('',(291.30746284099,-191.,21.074749700466));
#701 = PCURVE('',#31,#702);
#702 = DEFINITIONAL_REPRESENTATION('',(#703),#730);
#703 = B_SPLINE_CURVE_WITH_KNOTS('',4,(#704,#705,#706,#707,#708,#709,
    #710,#711,#712,#713,#714,#715,#716,#717,#718,#719,#720,#721,#722,
    #723,#724,#725,#726,#727,#728,#729),.UNSPECIFIED.,.F.,.F.,(5,3,3,3,3
    ,3,3,3,5),(0.,0.201300337591,0.389149916128,0.497958015695,
    0.598197463334,0.69884155493,0.799095234443,0.89973932821,1.),
  .UNSPECIFIED.);
#704 = CARTESIAN_POINT('',(24.713278833221,0.327441260465));
#705 = CARTESIAN_POINT('',(24.715146409685,0.355670153022));
#706 = CARTESIAN_POINT('',(24.717060808189,0.383899045473));
#707 = CARTESIAN_POINT('',(24.719024660917,0.41212793781));
#708 = CARTESIAN_POINT('',(24.722922680356,0.466699485818));
#709 = CARTESIAN_POINT('',(24.724850066124,0.493042141505));
#710 = CARTESIAN_POINT('',(24.726825688291,0.519384797076));
#711 = CARTESIAN_POINT('',(24.730026397277,0.560985907175));
#712 = CARTESIAN_POINT('',(24.731217508881,0.576244361788));
#713 = CARTESIAN_POINT('',(24.732426339422,0.591502816357));
#714 = CARTESIAN_POINT('',(24.734784030431,0.620818120132));
#715 = CARTESIAN_POINT('',(24.735930117115,0.634874969345));
#716 = CARTESIAN_POINT('',(24.737092246128,0.648931818516));
#717 = CARTESIAN_POINT('',(24.739454393671,0.677102261089));
#718 = CARTESIAN_POINT('',(24.74065454645,0.69121585449));
#719 = CARTESIAN_POINT('',(24.741871928857,0.705329447845));
#720 = CARTESIAN_POINT('',(24.74433751552,0.733501885915));
#721 = CARTESIAN_POINT('',(24.745585582163,0.747560730631));
#722 = CARTESIAN_POINT('',(24.746851888143,0.761619575297));
#723 = CARTESIAN_POINT('',(24.749427228015,0.789792013369));
#724 = CARTESIAN_POINT('',(24.750736409402,0.803905606775));
#725 = CARTESIAN_POINT('',(24.752065229308,0.818019200126));
#726 = CARTESIAN_POINT('',(24.754758383049,0.846192618409));
#727 = CARTESIAN_POINT('',(24.756122562649,0.860252443343));
#728 = CARTESIAN_POINT('',(24.75750759534,0.874312268215));
#729 = CARTESIAN_POINT('',(24.758914226509,0.888372093023));
#730 = ( GEOMETRIC_REPRESENTATION_CONTEXT(2) 
PARAMETRIC_REPRESENTATION_CONTEXT() REPRESENTATION_CONTEXT('2D SPACE',''
  ) );
#731 = PCURVE('',#732,#737);
#732 = B_SPLINE_SURFACE_WITH_KNOTS('',1,1,(
    (#733,#734)
    ,(#735,#736
    )),.UNSPECIFIED.,.F.,.F.,.F.,(2,2),(2,2),(0.,6.471208456066),(0.,1.)
  ,.PIECEWISE_BEZIER_KNOTS.);
#733 = CARTESIAN_POINT('',(305.83837752167,-69.,25.101044965951));
#734 = CARTESIAN_POINT('',(293.07871324182,-191.,25.45874828168));
#735 = CARTESIAN_POINT('',(303.41422016666,-69.,19.101044965951));
#736 = CARTESIAN_POINT('',(290.65455588681,-191.,19.45874828168));
#737 = DEFINITIONAL_REPRESENTATION('',(#738),#765);
#738 = B_SPLINE_CURVE_WITH_KNOTS('',4,(#739,#740,#741,#742,#743,#744,
    #745,#746,#747,#748,#749,#750,#751,#752,#753,#754,#755,#756,#757,
    #758,#759,#760,#761,#762,#763,#764),.UNSPECIFIED.,.F.,.F.,(5,3,3,3,3
    ,3,3,3,5),(0.,0.201300337591,0.389149916128,0.497958015695,
    0.598197463334,0.69884155493,0.799095234443,0.89973932821,1.),
  .UNSPECIFIED.);
#739 = CARTESIAN_POINT('',(4.420173933862,1.147435250022E-02));
#740 = CARTESIAN_POINT('',(4.435678251212,6.122199090417E-02));
#741 = CARTESIAN_POINT('',(4.451182774927,0.110969629386));
#742 = CARTESIAN_POINT('',(4.466687516451,0.160717267427));
#743 = CARTESIAN_POINT('',(4.496661430065,0.256888438122));
#744 = CARTESIAN_POINT('',(4.511130572243,0.303311970686));
#745 = CARTESIAN_POINT('',(4.525599926946,0.349735503043));
#746 = CARTESIAN_POINT('',(4.548450720833,0.423048934775));
#747 = CARTESIAN_POINT('',(4.556832010325,0.449938834299));
#748 = CARTESIAN_POINT('',(4.565213377886,0.476828733745));
#749 = CARTESIAN_POINT('',(4.581316234434,0.528490949413));
#750 = CARTESIAN_POINT('',(4.589037711199,0.553263265649));
#751 = CARTESIAN_POINT('',(4.596759258648,0.578035581811));
#752 = CARTESIAN_POINT('',(4.612233669961,0.627680214213));
#753 = CARTESIAN_POINT('',(4.619986534418,0.652552530453));
#754 = CARTESIAN_POINT('',(4.627739474791,0.677424846612));
#755 = CARTESIAN_POINT('',(4.643215437446,0.727072995671));
#756 = CARTESIAN_POINT('',(4.650938459121,0.751848828571));
#757 = CARTESIAN_POINT('',(4.658661561164,0.776624661383));
#758 = CARTESIAN_POINT('',(4.67413800759,0.826272810445));
#759 = CARTESIAN_POINT('',(4.681891352622,0.851145126694));
#760 = CARTESIAN_POINT('',(4.689644784189,0.876017442845));
#761 = CARTESIAN_POINT('',(4.705122288011,0.925667319328));
#762 = CARTESIAN_POINT('',(4.712846359587,0.950444879662));
#763 = CARTESIAN_POINT('',(4.720570523051,0.975222439888));
#764 = CARTESIAN_POINT('',(4.728294781689,1.));
#765 = ( GEOMETRIC_REPRESENTATION_CONTEXT(2) 
PARAMETRIC_REPRESENTATION_CONTEXT() REPRESENTATION_CONTEXT('2D SPACE',''
  ) );
#766 = ORIENTED_EDGE('',*,*,#767,.T.);
#767 = EDGE_CURVE('',#671,#768,#770,.T.);
#768 = VERTEX_POINT('',#769);
#769 = CARTESIAN_POINT('',(304.6868286662,-70.50932915496,
    20.893442692966));
#770 = SURFACE_CURVE('',#771,(#780,#792),.PCURVE_S1.);
#771 = B_SPLINE_CURVE_WITH_KNOTS('',7,(#772,#773,#774,#775,#776,#777,
    #778,#779),.UNSPECIFIED.,.F.,.F.,(8,8),(0.,1.),
  .PIECEWISE_BEZIER_KNOTS.);
#772 = CARTESIAN_POINT('',(303.99201252407,-70.43630731462,
    21.013776526347));
#773 = CARTESIAN_POINT('',(304.23320472286,-70.46165579364,
    20.971889980355));
#774 = CARTESIAN_POINT('',(304.47439915998,-70.48700425229,
    20.930090223541));
#775 = CARTESIAN_POINT('',(304.71559691541,-70.51235278505,
    20.888383559674));
#776 = CARTESIAN_POINT('',(304.9568008063,-70.53770163555,
    20.846787380459));
#777 = CARTESIAN_POINT('',(305.19800986664,-70.56305072209,
    20.805295101422));
#778 = CARTESIAN_POINT('',(305.43922800422,-70.58840038152,
    20.763931219843));
#779 = CARTESIAN_POINT('',(305.68045678998,-70.61375074971,
    20.722705441428));
#780 = PCURVE('',#31,#781);
#781 = DEFINITIONAL_REPRESENTATION('',(#782),#791);
#782 = B_SPLINE_CURVE_WITH_KNOTS('',7,(#783,#784,#785,#786,#787,#788,
    #789,#790),.UNSPECIFIED.,.F.,.F.,(8,8),(0.,1.),
  .PIECEWISE_BEZIER_KNOTS.);
#783 = CARTESIAN_POINT('',(24.758619585588,0.327610731696));
#784 = CARTESIAN_POINT('',(24.48421731296,0.327728631598));
#785 = CARTESIAN_POINT('',(24.209803766777,0.327846531403));
#786 = CARTESIAN_POINT('',(23.935378962469,0.327964431568));
#787 = CARTESIAN_POINT('',(23.660942798271,0.328082333176));
#788 = CARTESIAN_POINT('',(23.386495461723,0.328200235926));
#789 = CARTESIAN_POINT('',(23.112036793831,0.328318141308));
#790 = CARTESIAN_POINT('',(22.837566799774,0.328436049997));
#791 = ( GEOMETRIC_REPRESENTATION_CONTEXT(2) 
PARAMETRIC_REPRESENTATION_CONTEXT() REPRESENTATION_CONTEXT('2D SPACE',''
  ) );
#792 = PCURVE('',#793,#798);
#793 = PLANE('',#794);
#794 = AXIS2_PLACEMENT_3D('',#795,#796,#797);
#795 = CARTESIAN_POINT('',(303.59135821248,-70.4,19.105149758099));
#796 = DIRECTION('',(-0.104019604147,-0.994570972053,2.916076511733E-03)
  );
#797 = DIRECTION('',(-0.994575200748,0.104020046415,0.));
#798 = DEFINITIONAL_REPRESENTATION('',(#799),#808);
#799 = B_SPLINE_CURVE_WITH_KNOTS('',7,(#800,#801,#802,#803,#804,#805,
    #806,#807),.UNSPECIFIED.,.F.,.F.,(8,8),(0.,1.),
  .PIECEWISE_BEZIER_KNOTS.);
#800 = CARTESIAN_POINT('',(-0.402257530932,-1.908634883305));
#801 = CARTESIAN_POINT('',(-0.644778060421,-1.866748159222));
#802 = CARTESIAN_POINT('',(-0.88730081399,-1.824948224684));
#803 = CARTESIAN_POINT('',(-1.129826875569,-1.78324138349));
#804 = CARTESIAN_POINT('',(-1.372359072375,-1.741645027417));
#805 = CARTESIAN_POINT('',(-1.614896435143,-1.700152571964));
#806 = CARTESIAN_POINT('',(-1.857442885505,-1.658788514515));
#807 = CARTESIAN_POINT('',(-2.1,-1.617562560817));
#808 = ( GEOMETRIC_REPRESENTATION_CONTEXT(2) 
PARAMETRIC_REPRESENTATION_CONTEXT() REPRESENTATION_CONTEXT('2D SPACE',''
  ) );
#809 = ORIENTED_EDGE('',*,*,#810,.T.);
#810 = EDGE_CURVE('',#768,#811,#813,.T.);
#811 = VERTEX_POINT('',#812);
#812 = CARTESIAN_POINT('',(303.48417860603,-82.63488321211,
    20.887176154879));
#813 = SURFACE_CURVE('',#814,(#820,#829),.PCURVE_S1.);
#814 = B_SPLINE_CURVE_WITH_KNOTS('',4,(#815,#816,#817,#818,#819),
  .UNSPECIFIED.,.F.,.F.,(5,5),(0.,1.),.PIECEWISE_BEZIER_KNOTS.);
#815 = CARTESIAN_POINT('',(304.68682872524,-70.50932855786,
    20.893442693308));
#816 = CARTESIAN_POINT('',(304.38711353706,-73.54081085547,
    20.891709048868));
#817 = CARTESIAN_POINT('',(304.08670770386,-76.57222520554,
    20.890097029079));
#818 = CARTESIAN_POINT('',(303.78570886737,-79.60358089036,
    20.888589632639));
#819 = CARTESIAN_POINT('',(303.48417854664,-82.63488380918,20.8871761546
    ));
#820 = PCURVE('',#31,#821);
#821 = DEFINITIONAL_REPRESENTATION('',(#822),#828);
#822 = B_SPLINE_CURVE_WITH_KNOTS('',4,(#823,#824,#825,#826,#827),
  .UNSPECIFIED.,.F.,.F.,(5,5),(0.,1.),.PIECEWISE_BEZIER_KNOTS.);
#823 = CARTESIAN_POINT('',(23.968106209278,0.327950365354));
#824 = CARTESIAN_POINT('',(23.942771394464,0.342050283018));
#825 = CARTESIAN_POINT('',(23.917905191485,0.356149884738));
#826 = CARTESIAN_POINT('',(23.893409937728,0.370249213425));
#827 = CARTESIAN_POINT('',(23.869222435151,0.384348296769));
#828 = ( GEOMETRIC_REPRESENTATION_CONTEXT(2) 
PARAMETRIC_REPRESENTATION_CONTEXT() REPRESENTATION_CONTEXT('2D SPACE',''
  ) );
#829 = PCURVE('',#830,#835);
#830 = CYLINDRICAL_SURFACE('',#831,2.1);
#831 = AXIS2_PLACEMENT_3D('',#832,#833,#834);
#832 = CARTESIAN_POINT('',(303.59135821248,-70.4,19.105149758099));
#833 = DIRECTION('',(-0.104019604147,-0.994570972053,2.916076511733E-03)
  );
#834 = DIRECTION('',(0.994575200748,-0.104020046415,-0.));
#835 = DEFINITIONAL_REPRESENTATION('',(#836),#842);
#836 = B_SPLINE_CURVE_WITH_KNOTS('',4,(#837,#838,#839,#840,#841),
  .UNSPECIFIED.,.F.,.F.,(5,5),(0.,1.),.PIECEWISE_BEZIER_KNOTS.);
#837 = CARTESIAN_POINT('',(-5.264209235957,-6.E-07));
#838 = CARTESIAN_POINT('',(-5.273852825127,3.046194895289));
#839 = CARTESIAN_POINT('',(-5.283184656999,6.09239500721));
#840 = CARTESIAN_POINT('',(-5.29225106296,9.13859876144));
#841 = CARTESIAN_POINT('',(-5.30108110783,12.18480559479));
#842 = ( GEOMETRIC_REPRESENTATION_CONTEXT(2) 
PARAMETRIC_REPRESENTATION_CONTEXT() REPRESENTATION_CONTEXT('2D SPACE',''
  ) );
#843 = ORIENTED_EDGE('',*,*,#844,.F.);
#844 = EDGE_CURVE('',#845,#811,#847,.T.);
#845 = VERTEX_POINT('',#846);
#846 = CARTESIAN_POINT('',(302.75291674867,-82.55803150251,
    21.013685385728));
#847 = SURFACE_CURVE('',#848,(#857,#869),.PCURVE_S1.);
#848 = B_SPLINE_CURVE_WITH_KNOTS('',7,(#849,#850,#851,#852,#853,#854,
    #855,#856),.UNSPECIFIED.,.F.,.F.,(8,8),(0.,1.),
  .PIECEWISE_BEZIER_KNOTS.);
#849 = CARTESIAN_POINT('',(302.71709899779,-82.5542671915,
    21.019901337948));
#850 = CARTESIAN_POINT('',(302.95935493684,-82.5797273969,
    20.977853621558));
#851 = CARTESIAN_POINT('',(303.20161294782,-82.60518755744,
    20.935895118951));
#852 = CARTESIAN_POINT('',(303.44387421539,-82.63064777659,
    20.894032789403));
#853 = CARTESIAN_POINT('',(303.68614160472,-82.65610830227,
    20.852284283051));
#854 = CARTESIAN_POINT('',(303.92841414736,-82.68156905251,
    20.810643010723));
#855 = CARTESIAN_POINT('',(304.17069607497,-82.70703039209,
    20.769135508187));
#856 = CARTESIAN_POINT('',(304.41298895658,-82.73249245662,
    20.727771488661));
#857 = PCURVE('',#31,#858);
#858 = DEFINITIONAL_REPRESENTATION('',(#859),#868);
#859 = B_SPLINE_CURVE_WITH_KNOTS('',7,(#860,#861,#862,#863,#864,#865,
    #866,#867),.UNSPECIFIED.,.F.,.F.,(8,8),(0.,1.),
  .PIECEWISE_BEZIER_KNOTS.);
#860 = CARTESIAN_POINT('',(24.758619585588,0.383973335774));
#861 = CARTESIAN_POINT('',(24.477744476138,0.384091755334));
#862 = CARTESIAN_POINT('',(24.19685780288,0.384210174683));
#863 = CARTESIAN_POINT('',(23.915959578397,0.384328594319));
#864 = CARTESIAN_POINT('',(23.63504970338,0.384447015346));
#865 = CARTESIAN_POINT('',(23.3541283715,0.384565437462));
#866 = CARTESIAN_POINT('',(23.073195407616,0.384683862287));
#867 = CARTESIAN_POINT('',(22.792250824239,0.384802290494));
#868 = ( GEOMETRIC_REPRESENTATION_CONTEXT(2) 
PARAMETRIC_REPRESENTATION_CONTEXT() REPRESENTATION_CONTEXT('2D SPACE',''
  ) );
#869 = PCURVE('',#870,#875);
#870 = PLANE('',#871);
#871 = AXIS2_PLACEMENT_3D('',#872,#873,#874);
#872 = CARTESIAN_POINT('',(302.32389962032,-82.51865334794,
    19.140681581744));
#873 = DIRECTION('',(-0.104019604147,-0.994570972053,2.916076511733E-03)
  );
#874 = DIRECTION('',(-0.994575200748,0.104020046415,0.));
#875 = DEFINITIONAL_REPRESENTATION('',(#876),#885);
#876 = B_SPLINE_CURVE_WITH_KNOTS('',7,(#877,#878,#879,#880,#881,#882,
    #883,#884),.UNSPECIFIED.,.F.,.F.,(8,8),(0.,1.),
  .PIECEWISE_BEZIER_KNOTS.);
#877 = CARTESIAN_POINT('',(-0.394770903436,-1.879227746229));
#878 = CARTESIAN_POINT('',(-0.638361024397,-1.837179851062));
#879 = CARTESIAN_POINT('',(-0.881953201385,-1.795221170056));
#880 = CARTESIAN_POINT('',(-1.125548623392,-1.753358662519));
#881 = CARTESIAN_POINT('',(-1.369150165826,-1.711609978662));
#882 = CARTESIAN_POINT('',(-1.61275685698,-1.669968529284));
#883 = CARTESIAN_POINT('',(-1.856372943498,-1.628460850267));
#884 = CARTESIAN_POINT('',(-2.1,-1.587096654871));
#885 = ( GEOMETRIC_REPRESENTATION_CONTEXT(2) 
PARAMETRIC_REPRESENTATION_CONTEXT() REPRESENTATION_CONTEXT('2D SPACE',''
  ) );
#886 = ORIENTED_EDGE('',*,*,#887,.T.);
#887 = EDGE_CURVE('',#845,#888,#890,.T.);
#888 = VERTEX_POINT('',#889);
#889 = CARTESIAN_POINT('',(300.26554828187,-106.125061834,
    21.026961289324));
#890 = SURFACE_CURVE('',#891,(#918,#948),.PCURVE_S1.);
#891 = B_SPLINE_CURVE_WITH_KNOTS('',4,(#892,#893,#894,#895,#896,#897,
    #898,#899,#900,#901,#902,#903,#904,#905,#906,#907,#908,#909,#910,
    #911,#912,#913,#914,#915,#916,#917),.UNSPECIFIED.,.F.,.F.,(5,3,3,3,3
    ,3,3,3,5),(0.,0.201300337591,0.389149916128,0.497958015695,
    0.598197463334,0.69884155493,0.799095234443,0.89973932821,1.),
  .UNSPECIFIED.);
#892 = CARTESIAN_POINT('',(304.0361423368,-70.399871,21.00683547403));
#893 = CARTESIAN_POINT('',(303.39557115102,-76.46908289973,
    21.010255016522));
#894 = CARTESIAN_POINT('',(302.75499989034,-82.53829477673,
    21.013674367685));
#895 = CARTESIAN_POINT('',(302.11442855061,-88.60750662919,
    21.017093516758));
#896 = CARTESIAN_POINT('',(300.87608827379,-100.3403894509,
    21.02370293463));
#897 = CARTESIAN_POINT('',(300.27831934754,-106.0040604236,
    21.026893231139));
#898 = CARTESIAN_POINT('',(299.6805503443,-111.6677313712,
    21.030083330525));
#899 = CARTESIAN_POINT('',(298.73653551014,-120.6119700425,
    21.035120900987));
#900 = CARTESIAN_POINT('',(298.39028973339,-123.8925377845,
    21.036968510909));
#901 = CARTESIAN_POINT('',(298.0440439284,-127.1731055168,
    21.038816048418));
#902 = CARTESIAN_POINT('',(297.37881916428,-133.4758958283,
    21.042365485657));
#903 = CARTESIAN_POINT('',(297.05984020957,-136.4981184091,
    21.044067396723));
#904 = CARTESIAN_POINT('',(296.74086122932,-139.5203409809,
    21.045769242226));
#905 = CARTESIAN_POINT('',(296.10161557006,-145.576986134,
    21.049179667515));
#906 = CARTESIAN_POINT('',(295.78134889084,-148.6114087152,
    21.050888246754));
#907 = CARTESIAN_POINT('',(295.46108218421,-151.6458312866,
    21.052596755574));
#908 = CARTESIAN_POINT('',(294.82179107245,-157.7029054718,
    21.056007000405));
#909 = CARTESIAN_POINT('',(294.50276666755,-160.7255570856,
    21.057708736977));
#910 = CARTESIAN_POINT('',(294.18374223366,-163.7482086887,
    21.059410399003));
#911 = CARTESIAN_POINT('',(293.54445094064,-169.8052828743,
    21.06282019529));
#912 = CARTESIAN_POINT('',(293.22418408128,-172.8397054566,
    21.06452832895));
#913 = CARTESIAN_POINT('',(292.90391719075,-175.874128027,21.06623638234
    ));
#914 = CARTESIAN_POINT('',(292.2646034603,-181.931412958,21.069645816131
    ));
#915 = CARTESIAN_POINT('',(291.94555662063,-184.9542753187,
    21.071347197162));
#916 = CARTESIAN_POINT('',(291.62650974791,-187.9771376662,
    21.073048492956));
#917 = CARTESIAN_POINT('',(291.30746284099,-191.,21.074749700466));
#918 = PCURVE('',#31,#919);
#919 = DEFINITIONAL_REPRESENTATION('',(#920),#947);
#920 = B_SPLINE_CURVE_WITH_KNOTS('',4,(#921,#922,#923,#924,#925,#926,
    #927,#928,#929,#930,#931,#932,#933,#934,#935,#936,#937,#938,#939,
    #940,#941,#942,#943,#944,#945,#946),.UNSPECIFIED.,.F.,.F.,(5,3,3,3,3
    ,3,3,3,5),(0.,0.201300337591,0.389149916128,0.497958015695,
    0.598197463334,0.69884155493,0.799095234443,0.89973932821,1.),
  .UNSPECIFIED.);
#921 = CARTESIAN_POINT('',(24.713278833221,0.327441260465));
#922 = CARTESIAN_POINT('',(24.715146409685,0.355670153022));
#923 = CARTESIAN_POINT('',(24.717060808189,0.383899045473));
#924 = CARTESIAN_POINT('',(24.719024660917,0.41212793781));
#925 = CARTESIAN_POINT('',(24.722922680356,0.466699485818));
#926 = CARTESIAN_POINT('',(24.724850066124,0.493042141505));
#927 = CARTESIAN_POINT('',(24.726825688291,0.519384797076));
#928 = CARTESIAN_POINT('',(24.730026397277,0.560985907175));
#929 = CARTESIAN_POINT('',(24.731217508881,0.576244361788));
#930 = CARTESIAN_POINT('',(24.732426339422,0.591502816357));
#931 = CARTESIAN_POINT('',(24.734784030431,0.620818120132));
#932 = CARTESIAN_POINT('',(24.735930117115,0.634874969345));
#933 = CARTESIAN_POINT('',(24.737092246128,0.648931818516));
#934 = CARTESIAN_POINT('',(24.739454393671,0.677102261089));
#935 = CARTESIAN_POINT('',(24.74065454645,0.69121585449));
#936 = CARTESIAN_POINT('',(24.741871928857,0.705329447845));
#937 = CARTESIAN_POINT('',(24.74433751552,0.733501885915));
#938 = CARTESIAN_POINT('',(24.745585582163,0.747560730631));
#939 = CARTESIAN_POINT('',(24.746851888143,0.761619575297));
#940 = CARTESIAN_POINT('',(24.749427228015,0.789792013369));
#941 = CARTESIAN_POINT('',(24.750736409402,0.803905606775));
#942 = CARTESIAN_POINT('',(24.752065229308,0.818019200126));
#943 = CARTESIAN_POINT('',(24.754758383049,0.846192618409));
#944 = CARTESIAN_POINT('',(24.756122562649,0.860252443343));
#945 = CARTESIAN_POINT('',(24.75750759534,0.874312268215));
#946 = CARTESIAN_POINT('',(24.758914226509,0.888372093023));
#947 = ( GEOMETRIC_REPRESENTATION_CONTEXT(2) 
PARAMETRIC_REPRESENTATION_CONTEXT() REPRESENTATION_CONTEXT('2D SPACE',''
  ) );
#948 = PCURVE('',#949,#954);
#949 = B_SPLINE_SURFACE_WITH_KNOTS('',1,1,(
    (#950,#951)
    ,(#952,#953
    )),.UNSPECIFIED.,.F.,.F.,.F.,(2,2),(2,2),(0.,6.471208456066),(0.,1.)
  ,.PIECEWISE_BEZIER_KNOTS.);
#950 = CARTESIAN_POINT('',(305.83837752167,-69.,25.101044965951));
#951 = CARTESIAN_POINT('',(293.07871324182,-191.,25.45874828168));
#952 = CARTESIAN_POINT('',(303.41422016666,-69.,19.101044965951));
#953 = CARTESIAN_POINT('',(290.65455588681,-191.,19.45874828168));
#954 = DEFINITIONAL_REPRESENTATION('',(#955),#982);
#955 = B_SPLINE_CURVE_WITH_KNOTS('',4,(#956,#957,#958,#959,#960,#961,
    #962,#963,#964,#965,#966,#967,#968,#969,#970,#971,#972,#973,#974,
    #975,#976,#977,#978,#979,#980,#981),.UNSPECIFIED.,.F.,.F.,(5,3,3,3,3
    ,3,3,3,5),(0.,0.201300337591,0.389149916128,0.497958015695,
    0.598197463334,0.69884155493,0.799095234443,0.89973932821,1.),
  .UNSPECIFIED.);
#956 = CARTESIAN_POINT('',(4.420173933862,1.147435250022E-02));
#957 = CARTESIAN_POINT('',(4.435678251212,6.122199090417E-02));
#958 = CARTESIAN_POINT('',(4.451182774927,0.110969629386));
#959 = CARTESIAN_POINT('',(4.466687516451,0.160717267427));
#960 = CARTESIAN_POINT('',(4.496661430065,0.256888438122));
#961 = CARTESIAN_POINT('',(4.511130572243,0.303311970686));
#962 = CARTESIAN_POINT('',(4.525599926946,0.349735503043));
#963 = CARTESIAN_POINT('',(4.548450720833,0.423048934775));
#964 = CARTESIAN_POINT('',(4.556832010325,0.449938834299));
#965 = CARTESIAN_POINT('',(4.565213377886,0.476828733745));
#966 = CARTESIAN_POINT('',(4.581316234434,0.528490949413));
#967 = CARTESIAN_POINT('',(4.589037711199,0.553263265649));
#968 = CARTESIAN_POINT('',(4.596759258648,0.578035581811));
#969 = CARTESIAN_POINT('',(4.612233669961,0.627680214213));
#970 = CARTESIAN_POINT('',(4.619986534418,0.652552530453));
#971 = CARTESIAN_POINT('',(4.627739474791,0.677424846612));
#972 = CARTESIAN_POINT('',(4.643215437446,0.727072995671));
#973 = CARTESIAN_POINT('',(4.650938459121,0.751848828571));
#974 = CARTESIAN_POINT('',(4.658661561164,0.776624661383));
#975 = CARTESIAN_POINT('',(4.67413800759,0.826272810445));
#976 = CARTESIAN_POINT('',(4.681891352622,0.851145126694));
#977 = CARTESIAN_POINT('',(4.689644784189,0.876017442845));
#978 = CARTESIAN_POINT('',(4.705122288011,0.925667319328));
#979 = CARTESIAN_POINT('',(4.712846359587,0.950444879662));
#980 = CARTESIAN_POINT('',(4.720570523051,0.975222439888));
#981 = CARTESIAN_POINT('',(4.728294781689,1.));
#982 = ( GEOMETRIC_REPRESENTATION_CONTEXT(2) 
PARAMETRIC_REPRESENTATION_CONTEXT() REPRESENTATION_CONTEXT('2D SPACE',''
  ) );
#983 = ORIENTED_EDGE('',*,*,#984,.T.);
#984 = EDGE_CURVE('',#888,#985,#987,.T.);
#985 = VERTEX_POINT('',#986);
#986 = CARTESIAN_POINT('',(300.23395954499,-106.6392226902,
    21.023362367761));
#987 = SURFACE_CURVE('',#988,(#1006,#1027),.PCURVE_S1.);
#988 = B_SPLINE_CURVE_WITH_KNOTS('',6,(#989,#990,#991,#992,#993,#994,
    #995,#996,#997,#998,#999,#1000,#1001,#1002,#1003,#1004,#1005),
  .UNSPECIFIED.,.F.,.F.,(7,5,5,7),(0.,0.257237016794,0.539992957283,1.),
  .UNSPECIFIED.);
#989 = CARTESIAN_POINT('',(300.28878309273,-105.63523237,21.031567209491
    ));
#990 = CARTESIAN_POINT('',(300.28204299144,-105.8283824965,
    21.029335321122));
#991 = CARTESIAN_POINT('',(300.27231374122,-106.0214970481,
    21.02761708919));
#992 = CARTESIAN_POINT('',(300.26103707068,-106.2145577498,
    21.026165400413));
#993 = CARTESIAN_POINT('',(300.24907702006,-106.4075640584,
    21.024831974335));
#994 = CARTESIAN_POINT('',(300.23671994121,-106.6005331635,
    21.023567363322));
#995 = CARTESIAN_POINT('',(300.20933489472,-107.0056098772,
    21.021160813351));
#996 = CARTESIAN_POINT('',(300.19437427822,-107.2176860884,
    21.020007871076));
#997 = CARTESIAN_POINT('',(300.17896574063,-107.4297360055,
    21.018932287854));
#998 = CARTESIAN_POINT('',(300.16319957203,-107.6417632733,
    21.017918502591));
#999 = CARTESIAN_POINT('',(300.14712472529,-107.8537702432,
    21.01695807155));
#1000 = CARTESIAN_POINT('',(300.10421627103,-108.4106407952,
    21.014553007927));
#1001 = CARTESIAN_POINT('',(300.0769520018,-108.7554749339,
    21.013182837855));
#1002 = CARTESIAN_POINT('',(300.04918055847,-109.1002735306,
    21.011900385694));
#1003 = CARTESIAN_POINT('',(300.02098572622,-109.4450411504,
    21.010691189152));
#1004 = CARTESIAN_POINT('',(299.99243662924,-109.7897821583,
    21.009543306088));
#1005 = CARTESIAN_POINT('',(299.96357984008,-110.1345002187,
    21.008448677416));
#1006 = PCURVE('',#31,#1007);
#1007 = DEFINITIONAL_REPRESENTATION('',(#1008),#1026);
#1008 = B_SPLINE_CURVE_WITH_KNOTS('',6,(#1009,#1010,#1011,#1012,#1013,
    #1014,#1015,#1016,#1017,#1018,#1019,#1020,#1021,#1022,#1023,#1024,
    #1025),.UNSPECIFIED.,.F.,.F.,(7,5,5,7),(0.,0.257237016794,
    0.539992957283,1.),.UNSPECIFIED.);
#1009 = CARTESIAN_POINT('',(24.758619585588,0.491326662186));
#1010 = CARTESIAN_POINT('',(24.742458053459,0.492225034868));
#1011 = CARTESIAN_POINT('',(24.729846531049,0.493123242085));
#1012 = CARTESIAN_POINT('',(24.719074746102,0.494021198836));
#1013 = CARTESIAN_POINT('',(24.709116567028,0.494918902598));
#1014 = CARTESIAN_POINT('',(24.699630002907,0.495816433319));
#1015 = CARTESIAN_POINT('',(24.681424028253,0.497700511057));
#1016 = CARTESIAN_POINT('',(24.672627568668,0.498686912039));
#1017 = CARTESIAN_POINT('',(24.664361631143,0.499673190724));
#1018 = CARTESIAN_POINT('',(24.656518773774,0.500659364062));
#1019 = CARTESIAN_POINT('',(24.649040767389,0.501645442992));
#1020 = CARTESIAN_POINT('',(24.630201618341,0.504235538582));
#1021 = CARTESIAN_POINT('',(24.619348857519,0.505839418297));
#1022 = CARTESIAN_POINT('',(24.609092745168,0.507443132701));
#1023 = CARTESIAN_POINT('',(24.599333748526,0.509046703025));
#1024 = CARTESIAN_POINT('',(24.589989677983,0.510650149574));
#1025 = CARTESIAN_POINT('',(24.581005139704,0.512253489389));
#1026 = ( GEOMETRIC_REPRESENTATION_CONTEXT(2) 
PARAMETRIC_REPRESENTATION_CONTEXT() REPRESENTATION_CONTEXT('2D SPACE',''
  ) );
#1027 = PCURVE('',#1028,#1033);
#1028 = CYLINDRICAL_SURFACE('',#1029,1.8625);
#1029 = AXIS2_PLACEMENT_3D('',#1030,#1031,#1032);
#1030 = CARTESIAN_POINT('',(300.1452029828,-103.35,19.20175897329));
#1031 = DIRECTION('',(-0.104019604147,-0.994570972053,2.916076511734E-03
    ));
#1032 = DIRECTION('',(0.994575200748,-0.104020046415,5.421010862428E-20)
  );
#1033 = DEFINITIONAL_REPRESENTATION('',(#1034),#1052);
#1034 = B_SPLINE_CURVE_WITH_KNOTS('',6,(#1035,#1036,#1037,#1038,#1039,
    #1040,#1041,#1042,#1043,#1044,#1045,#1046,#1047,#1048,#1049,#1050,
    #1051),.UNSPECIFIED.,.F.,.F.,(7,5,5,7),(0.,0.257237016794,
    0.539992957283,1.),.UNSPECIFIED.);
#1035 = CARTESIAN_POINT('',(-4.918138892343,2.263226494235));
#1036 = CARTESIAN_POINT('',(-4.925481931084,2.456022597615));
#1037 = CARTESIAN_POINT('',(-4.931204334452,2.649095747244));
#1038 = CARTESIAN_POINT('',(-4.936086053228,2.8422770785));
#1039 = CARTESIAN_POINT('',(-4.940595092084,3.035475741878));
#1040 = CARTESIAN_POINT('',(-4.94488750958,3.22867890299));
#1041 = CARTESIAN_POINT('',(-4.953116197089,3.634398007908));
#1042 = CARTESIAN_POINT('',(-4.957087283437,3.846875686821));
#1043 = CARTESIAN_POINT('',(-4.960814820073,4.059374032508));
#1044 = CARTESIAN_POINT('',(-4.964347891606,4.271887232662));
#1045 = CARTESIAN_POINT('',(-4.967713122891,4.48441250933));
#1046 = CARTESIAN_POINT('',(-4.976182556676,5.042716102558));
#1047 = CARTESIAN_POINT('',(-4.981052622102,5.388510150074));
#1048 = CARTESIAN_POINT('',(-4.985647160876,5.734321860337));
#1049 = CARTESIAN_POINT('',(-4.990011748058,6.080147016319));
#1050 = CARTESIAN_POINT('',(-4.994184017517,6.425982734078));
#1051 = CARTESIAN_POINT('',(-4.998189356913,6.771827790237));
#1052 = ( GEOMETRIC_REPRESENTATION_CONTEXT(2) 
PARAMETRIC_REPRESENTATION_CONTEXT() REPRESENTATION_CONTEXT('2D SPACE',''
  ) );
#1053 = ORIENTED_EDGE('',*,*,#1054,.F.);
#1054 = EDGE_CURVE('',#1055,#985,#1057,.T.);
#1055 = VERTEX_POINT('',#1056);
#1056 = CARTESIAN_POINT('',(300.20801852472,-106.6701379943,
    21.027268315234));
#1057 = SURFACE_CURVE('',#1058,(#1077,#1099),.PCURVE_S1.);
#1058 = B_SPLINE_CURVE_WITH_KNOTS('',5,(#1059,#1060,#1061,#1062,#1063,
    #1064,#1065,#1066,#1067,#1068,#1069,#1070,#1071,#1072,#1073,#1074,
    #1075,#1076),.UNSPECIFIED.,.F.,.F.,(6,4,4,4,6),(0.,0.492361281231,
    0.738987448045,0.862375319119,1.),.UNSPECIFIED.);
#1059 = CARTESIAN_POINT('',(300.17587143734,-106.7084494011,
    21.032109648333));
#1060 = CARTESIAN_POINT('',(300.34704880405,-106.5044481594,
    21.006327690569));
#1061 = CARTESIAN_POINT('',(300.51827393702,-106.300389992,
    20.980574948998));
#1062 = CARTESIAN_POINT('',(300.68954707117,-106.0962746191,
    20.954854411686));
#1063 = CARTESIAN_POINT('',(300.86086843865,-105.8921017639,
    20.929169054756));
#1064 = CARTESIAN_POINT('',(301.11807825239,-105.5855710443,
    20.890675028643));
#1065 = CARTESIAN_POINT('',(301.20393039753,-105.4832564419,
    20.877837807006));
#1066 = CARTESIAN_POINT('',(301.28979472687,-105.380927319,
    20.865010484003));
#1067 = CARTESIAN_POINT('',(301.37567127182,-105.278583638,
    20.852193460999));
#1068 = CARTESIAN_POINT('',(301.504530518,-105.1250151684,
    20.832980237402));
#1069 = CARTESIAN_POINT('',(301.54751056026,-105.0737935487,
    20.8265749756));
#1070 = CARTESIAN_POINT('',(301.59050021589,-105.0225604721,
    20.820171516492));
#1071 = CARTESIAN_POINT('',(301.63349950153,-104.971315919,
    20.81376992783));
#1072 = CARTESIAN_POINT('',(301.72447984735,-104.862889765,
    20.800232218897));
#1073 = CARTESIAN_POINT('',(301.75483145508,-104.8267181274,
    20.795719987901));
#1074 = CARTESIAN_POINT('',(301.80318557874,-104.7690919268,
    20.788528117622));
#1075 = CARTESIAN_POINT('',(301.86302393011,-104.6977793566,
    20.779642737047));
#1076 = CARTESIAN_POINT('',(301.87887698957,-104.6788864161,
    20.777288643288));
#1077 = PCURVE('',#31,#1078);
#1078 = DEFINITIONAL_REPRESENTATION('',(#1079),#1098);
#1079 = B_SPLINE_CURVE_WITH_KNOTS('',5,(#1080,#1081,#1082,#1083,#1084,
    #1085,#1086,#1087,#1088,#1089,#1090,#1091,#1092,#1093,#1094,#1095,
    #1096,#1097),.UNSPECIFIED.,.F.,.F.,(6,4,4,4,6),(0.,0.492361281231,
    0.738987448045,0.862375319119,1.),.UNSPECIFIED.);
#1080 = CARTESIAN_POINT('',(24.758619585588,0.496318369308));
#1081 = CARTESIAN_POINT('',(24.58014371022,0.495369526323));
#1082 = CARTESIAN_POINT('',(24.401774495805,0.494420418568));
#1083 = CARTESIAN_POINT('',(24.223512188506,0.49347104474));
#1084 = CARTESIAN_POINT('',(24.045357034853,0.492521403553));
#1085 = CARTESIAN_POINT('',(23.778124293945,0.491095679276));
#1086 = CARTESIAN_POINT('',(23.68896625518,0.490619797405));
#1087 = CARTESIAN_POINT('',(23.599835191524,0.490143847995));
#1088 = CARTESIAN_POINT('',(23.510731136251,0.489667830875));
#1089 = CARTESIAN_POINT('',(23.377088614641,0.488953558923));
#1090 = CARTESIAN_POINT('',(23.33252309945,0.488715318831));
#1091 = CARTESIAN_POINT('',(23.28795758426,0.488477025452));
#1092 = CARTESIAN_POINT('',(23.243392069069,0.488238678693));
#1093 = CARTESIAN_POINT('',(23.149118954963,0.487734371));
#1094 = CARTESIAN_POINT('',(23.117681134274,0.487566130825));
#1095 = CARTESIAN_POINT('',(23.067585312476,0.487298101986));
#1096 = CARTESIAN_POINT('',(23.005635686384,0.486966415612));
#1097 = CARTESIAN_POINT('',(22.98922275693,0.48687854147));
#1098 = ( GEOMETRIC_REPRESENTATION_CONTEXT(2) 
PARAMETRIC_REPRESENTATION_CONTEXT() REPRESENTATION_CONTEXT('2D SPACE',''
  ) );
#1099 = PCURVE('',#1100,#1105);
#1100 = PLANE('',#1101);
#1101 = AXIS2_PLACEMENT_3D('',#1102,#1103,#1104);
#1102 = CARTESIAN_POINT('',(301.90311557067,-104.65,16.329436792079));
#1103 = DIRECTION('',(-0.766044443119,0.642787609687,0.));
#1104 = DIRECTION('',(0.642787609687,0.766044443119,0.));
#1105 = DEFINITIONAL_REPRESENTATION('',(#1106),#1125);
#1106 = B_SPLINE_CURVE_WITH_KNOTS('',5,(#1107,#1108,#1109,#1110,#1111,
    #1112,#1113,#1114,#1115,#1116,#1117,#1118,#1119,#1120,#1121,#1122,
    #1123,#1124),.UNSPECIFIED.,.F.,.F.,(6,4,4,4,6),(0.,0.492361281231,
    0.738987448045,0.862375319119,1.),.UNSPECIFIED.);
#1107 = CARTESIAN_POINT('',(-2.687114853031,-4.702672856254));
#1108 = CARTESIAN_POINT('',(-2.420810145018,-4.676890898489));
#1109 = CARTESIAN_POINT('',(-2.154431125908,-4.651138156919));
#1110 = CARTESIAN_POINT('',(-1.887977430201,-4.625417619607));
#1111 = CARTESIAN_POINT('',(-1.621448696765,-4.599732262677));
#1112 = CARTESIAN_POINT('',(-1.221301261032,-4.561238236563));
#1113 = CARTESIAN_POINT('',(-1.087739033249,-4.548401014926));
#1114 = CARTESIAN_POINT('',(-0.954157850207,-4.535573691923));
#1115 = CARTESIAN_POINT('',(-0.820557663063,-4.52275666892));
#1116 = CARTESIAN_POINT('',(-0.620088263474,-4.503543445323));
#1117 = CARTESIAN_POINT('',(-0.553223187648,-4.497138183521));
#1118 = CARTESIAN_POINT('',(-0.486343156079,-4.490734724413));
#1119 = CARTESIAN_POINT('',(-0.419448142874,-4.484333135751));
#1120 = CARTESIAN_POINT('',(-0.277907851104,-4.470795426818));
#1121 = CARTESIAN_POINT('',(-0.230689131771,-4.466283195822));
#1122 = CARTESIAN_POINT('',(-0.155463469471,-4.459091325543));
#1123 = CARTESIAN_POINT('',(-6.237152048237E-02,-4.450205944968));
#1124 = CARTESIAN_POINT('',(-3.770853814495E-02,-4.447851851209));
#1125 = ( GEOMETRIC_REPRESENTATION_CONTEXT(2) 
PARAMETRIC_REPRESENTATION_CONTEXT() REPRESENTATION_CONTEXT('2D SPACE',''
  ) );
#1126 = ORIENTED_EDGE('',*,*,#1127,.T.);
#1127 = EDGE_CURVE('',#1055,#1128,#1130,.T.);
#1128 = VERTEX_POINT('',#1129);
#1129 = CARTESIAN_POINT('',(291.37450933593,-190.3647570177,
    21.07439221092));
#1130 = SURFACE_CURVE('',#1131,(#1158,#1188),.PCURVE_S1.);
#1131 = B_SPLINE_CURVE_WITH_KNOTS('',4,(#1132,#1133,#1134,#1135,#1136,
    #1137,#1138,#1139,#1140,#1141,#1142,#1143,#1144,#1145,#1146,#1147,
    #1148,#1149,#1150,#1151,#1152,#1153,#1154,#1155,#1156,#1157),
  .UNSPECIFIED.,.F.,.F.,(5,3,3,3,3,3,3,3,5),(0.,0.201300337591,
    0.389149916128,0.497958015695,0.598197463334,0.69884155493,
    0.799095234443,0.89973932821,1.),.UNSPECIFIED.);
#1132 = CARTESIAN_POINT('',(304.0361423368,-70.399871,21.00683547403));
#1133 = CARTESIAN_POINT('',(303.39557115102,-76.46908289973,
    21.010255016522));
#1134 = CARTESIAN_POINT('',(302.75499989034,-82.53829477673,
    21.013674367685));
#1135 = CARTESIAN_POINT('',(302.11442855061,-88.60750662919,
    21.017093516758));
#1136 = CARTESIAN_POINT('',(300.87608827379,-100.3403894509,
    21.02370293463));
#1137 = CARTESIAN_POINT('',(300.27831934754,-106.0040604236,
    21.026893231139));
#1138 = CARTESIAN_POINT('',(299.6805503443,-111.6677313712,
    21.030083330525));
#1139 = CARTESIAN_POINT('',(298.73653551014,-120.6119700425,
    21.035120900987));
#1140 = CARTESIAN_POINT('',(298.39028973339,-123.8925377845,
    21.036968510909));
#1141 = CARTESIAN_POINT('',(298.0440439284,-127.1731055168,
    21.038816048418));
#1142 = CARTESIAN_POINT('',(297.37881916428,-133.4758958283,
    21.042365485657));
#1143 = CARTESIAN_POINT('',(297.05984020957,-136.4981184091,
    21.044067396723));
#1144 = CARTESIAN_POINT('',(296.74086122932,-139.5203409809,
    21.045769242226));
#1145 = CARTESIAN_POINT('',(296.10161557006,-145.576986134,
    21.049179667515));
#1146 = CARTESIAN_POINT('',(295.78134889084,-148.6114087152,
    21.050888246754));
#1147 = CARTESIAN_POINT('',(295.46108218421,-151.6458312866,
    21.052596755574));
#1148 = CARTESIAN_POINT('',(294.82179107245,-157.7029054718,
    21.056007000405));
#1149 = CARTESIAN_POINT('',(294.50276666755,-160.7255570856,
    21.057708736977));
#1150 = CARTESIAN_POINT('',(294.18374223366,-163.7482086887,
    21.059410399003));
#1151 = CARTESIAN_POINT('',(293.54445094064,-169.8052828743,
    21.06282019529));
#1152 = CARTESIAN_POINT('',(293.22418408128,-172.8397054566,
    21.06452832895));
#1153 = CARTESIAN_POINT('',(292.90391719075,-175.874128027,
    21.06623638234));
#1154 = CARTESIAN_POINT('',(292.2646034603,-181.931412958,
    21.069645816131));
#1155 = CARTESIAN_POINT('',(291.94555662063,-184.9542753187,
    21.071347197162));
#1156 = CARTESIAN_POINT('',(291.62650974791,-187.9771376662,
    21.073048492956));
#1157 = CARTESIAN_POINT('',(291.30746284099,-191.,21.074749700466));
#1158 = PCURVE('',#31,#1159);
#1159 = DEFINITIONAL_REPRESENTATION('',(#1160),#1187);
#1160 = B_SPLINE_CURVE_WITH_KNOTS('',4,(#1161,#1162,#1163,#1164,#1165,
    #1166,#1167,#1168,#1169,#1170,#1171,#1172,#1173,#1174,#1175,#1176,
    #1177,#1178,#1179,#1180,#1181,#1182,#1183,#1184,#1185,#1186),
  .UNSPECIFIED.,.F.,.F.,(5,3,3,3,3,3,3,3,5),(0.,0.201300337591,
    0.389149916128,0.497958015695,0.598197463334,0.69884155493,
    0.799095234443,0.89973932821,1.),.UNSPECIFIED.);
#1161 = CARTESIAN_POINT('',(24.713278833221,0.327441260465));
#1162 = CARTESIAN_POINT('',(24.715146409685,0.355670153022));
#1163 = CARTESIAN_POINT('',(24.717060808189,0.383899045473));
#1164 = CARTESIAN_POINT('',(24.719024660917,0.41212793781));
#1165 = CARTESIAN_POINT('',(24.722922680356,0.466699485818));
#1166 = CARTESIAN_POINT('',(24.724850066124,0.493042141505));
#1167 = CARTESIAN_POINT('',(24.726825688291,0.519384797076));
#1168 = CARTESIAN_POINT('',(24.730026397277,0.560985907175));
#1169 = CARTESIAN_POINT('',(24.731217508881,0.576244361788));
#1170 = CARTESIAN_POINT('',(24.732426339422,0.591502816357));
#1171 = CARTESIAN_POINT('',(24.734784030431,0.620818120132));
#1172 = CARTESIAN_POINT('',(24.735930117115,0.634874969345));
#1173 = CARTESIAN_POINT('',(24.737092246128,0.648931818516));
#1174 = CARTESIAN_POINT('',(24.739454393671,0.677102261089));
#1175 = CARTESIAN_POINT('',(24.74065454645,0.69121585449));
#1176 = CARTESIAN_POINT('',(24.741871928857,0.705329447845));
#1177 = CARTESIAN_POINT('',(24.74433751552,0.733501885915));
#1178 = CARTESIAN_POINT('',(24.745585582163,0.747560730631));
#1179 = CARTESIAN_POINT('',(24.746851888143,0.761619575297));
#1180 = CARTESIAN_POINT('',(24.749427228015,0.789792013369));
#1181 = CARTESIAN_POINT('',(24.750736409402,0.803905606775));
#1182 = CARTESIAN_POINT('',(24.752065229308,0.818019200126));
#1183 = CARTESIAN_POINT('',(24.754758383049,0.846192618409));
#1184 = CARTESIAN_POINT('',(24.756122562649,0.860252443343));
#1185 = CARTESIAN_POINT('',(24.75750759534,0.874312268215));
#1186 = CARTESIAN_POINT('',(24.758914226509,0.888372093023));
#1187 = ( GEOMETRIC_REPRESENTATION_CONTEXT(2) 
PARAMETRIC_REPRESENTATION_CONTEXT() REPRESENTATION_CONTEXT('2D SPACE',''
  ) );
#1188 = PCURVE('',#1189,#1194);
#1189 = B_SPLINE_SURFACE_WITH_KNOTS('',1,1,(
    (#1190,#1191)
    ,(#1192,#1193
    )),.UNSPECIFIED.,.F.,.F.,.F.,(2,2),(2,2),(0.,6.471208456066),(0.,1.)
  ,.PIECEWISE_BEZIER_KNOTS.);
#1190 = CARTESIAN_POINT('',(305.83837752167,-69.,25.101044965951));
#1191 = CARTESIAN_POINT('',(293.07871324182,-191.,25.45874828168));
#1192 = CARTESIAN_POINT('',(303.41422016666,-69.,19.101044965951));
#1193 = CARTESIAN_POINT('',(290.65455588681,-191.,19.45874828168));
#1194 = DEFINITIONAL_REPRESENTATION('',(#1195),#1222);
#1195 = B_SPLINE_CURVE_WITH_KNOTS('',4,(#1196,#1197,#1198,#1199,#1200,
    #1201,#1202,#1203,#1204,#1205,#1206,#1207,#1208,#1209,#1210,#1211,
    #1212,#1213,#1214,#1215,#1216,#1217,#1218,#1219,#1220,#1221),
  .UNSPECIFIED.,.F.,.F.,(5,3,3,3,3,3,3,3,5),(0.,0.201300337591,
    0.389149916128,0.497958015695,0.598197463334,0.69884155493,
    0.799095234443,0.89973932821,1.),.UNSPECIFIED.);
#1196 = CARTESIAN_POINT('',(4.420173933862,1.147435250022E-02));
#1197 = CARTESIAN_POINT('',(4.435678251212,6.122199090417E-02));
#1198 = CARTESIAN_POINT('',(4.451182774927,0.110969629386));
#1199 = CARTESIAN_POINT('',(4.466687516451,0.160717267427));
#1200 = CARTESIAN_POINT('',(4.496661430065,0.256888438122));
#1201 = CARTESIAN_POINT('',(4.511130572243,0.303311970686));
#1202 = CARTESIAN_POINT('',(4.525599926946,0.349735503043));
#1203 = CARTESIAN_POINT('',(4.548450720833,0.423048934775));
#1204 = CARTESIAN_POINT('',(4.556832010325,0.449938834299));
#1205 = CARTESIAN_POINT('',(4.565213377886,0.476828733745));
#1206 = CARTESIAN_POINT('',(4.581316234434,0.528490949413));
#1207 = CARTESIAN_POINT('',(4.589037711199,0.553263265649));
#1208 = CARTESIAN_POINT('',(4.596759258648,0.578035581811));
#1209 = CARTESIAN_POINT('',(4.612233669961,0.627680214213));
#1210 = CARTESIAN_POINT('',(4.619986534418,0.652552530453));
#1211 = CARTESIAN_POINT('',(4.627739474791,0.677424846612));
#1212 = CARTESIAN_POINT('',(4.643215437446,0.727072995671));
#1213 = CARTESIAN_POINT('',(4.650938459121,0.751848828571));
#1214 = CARTESIAN_POINT('',(4.658661561164,0.776624661383));
#1215 = CARTESIAN_POINT('',(4.67413800759,0.826272810445));
#1216 = CARTESIAN_POINT('',(4.681891352622,0.851145126694));
#1217 = CARTESIAN_POINT('',(4.689644784189,0.876017442845));
#1218 = CARTESIAN_POINT('',(4.705122288011,0.925667319328));
#1219 = CARTESIAN_POINT('',(4.712846359587,0.950444879662));
#1220 = CARTESIAN_POINT('',(4.720570523051,0.975222439888));
#1221 = CARTESIAN_POINT('',(4.728294781689,1.));
#1222 = ( GEOMETRIC_REPRESENTATION_CONTEXT(2) 
PARAMETRIC_REPRESENTATION_CONTEXT() REPRESENTATION_CONTEXT('2D SPACE',''
  ) );
#1223 = ORIENTED_EDGE('',*,*,#1224,.T.);
#1224 = EDGE_CURVE('',#1128,#24,#1225,.T.);
#1225 = SURFACE_CURVE('',#1226,(#1334,#1445),.PCURVE_S1.);
#1226 = B_SPLINE_CURVE_WITH_KNOTS('',8,(#1227,#1228,#1229,#1230,#1231,
    #1232,#1233,#1234,#1235,#1236,#1237,#1238,#1239,#1240,#1241,#1242,
    #1243,#1244,#1245,#1246,#1247,#1248,#1249,#1250,#1251,#1252,#1253,
    #1254,#1255,#1256,#1257,#1258,#1259,#1260,#1261,#1262,#1263,#1264,
    #1265,#1266,#1267,#1268,#1269,#1270,#1271,#1272,#1273,#1274,#1275,
    #1276,#1277,#1278,#1279,#1280,#1281,#1282,#1283,#1284,#1285,#1286,
    #1287,#1288,#1289,#1290,#1291,#1292,#1293,#1294,#1295,#1296,#1297,
    #1298,#1299,#1300,#1301,#1302,#1303,#1304,#1305,#1306,#1307,#1308,
    #1309,#1310,#1311,#1312,#1313,#1314,#1315,#1316,#1317,#1318,#1319,
    #1320,#1321,#1322,#1323,#1324,#1325,#1326,#1327,#1328,#1329,#1330,
    #1331,#1332,#1333),.UNSPECIFIED.,.F.,.F.,(9,7,7,7,7,7,7,7,7,7,7,7,7,
    7,7,9),(0.,9.741058483553E-02,0.183455454733,0.261078063411,
    0.395398419434,0.496744686289,0.573533168384,0.62998559069,
    0.718479463058,0.762660821343,0.80684217457,0.855040043713,
    0.891188446388,0.94737152658,0.975439203242,1.),.UNSPECIFIED.);
#1227 = CARTESIAN_POINT('',(291.08270372175,-190.,21.130641606716));
#1228 = CARTESIAN_POINT('',(291.27616843188,-190.2418308876,
    21.093297097852));
#1229 = CARTESIAN_POINT('',(291.46954312433,-190.4835492532,
    21.056045153068));
#1230 = CARTESIAN_POINT('',(291.66282844606,-190.7251559053,
    21.018892075572));
#1231 = CARTESIAN_POINT('',(291.85602591371,-190.9666527399,
    20.981852945703));
#1232 = CARTESIAN_POINT('',(292.04913601574,-191.2080403674,
    20.944932584065));
#1233 = CARTESIAN_POINT('',(292.24215929771,-191.4493194699,
    20.90813643913));
#1234 = CARTESIAN_POINT('',(292.4350975202,-191.690492248,
    20.871482185115));
#1235 = CARTESIAN_POINT('',(292.79830448012,-192.1445009479,
    20.802742136149));
#1236 = CARTESIAN_POINT('',(292.96859159494,-192.3573598414,
    20.770622198256));
#1237 = CARTESIAN_POINT('',(293.13881426693,-192.5701381814,
    20.738632219478));
#1238 = CARTESIAN_POINT('',(293.30897341207,-192.7828371129,
    20.706781411316));
#1239 = CARTESIAN_POINT('',(293.47906991865,-192.9954577461,
    20.675078979548));
#1240 = CARTESIAN_POINT('',(293.64910464718,-193.2080011567,
    20.643534124228));
#1241 = CARTESIAN_POINT('',(293.81907843045,-193.4204683858,
    20.612156039688));
#1242 = CARTESIAN_POINT('',(294.14227419525,-193.8244630918,
    20.552805922055));
#1243 = CARTESIAN_POINT('',(294.29550740656,-194.016004606,
    20.524801342001));
#1244 = CARTESIAN_POINT('',(294.44869216454,-194.2074855534,
    20.4969457273));
#1245 = CARTESIAN_POINT('',(294.60182933338,-194.3989070145,
    20.469248039926));
#1246 = CARTESIAN_POINT('',(294.75491952678,-194.5902697562,
    20.441715183494));
#1247 = CARTESIAN_POINT('',(294.90796290901,-194.781573984,
    20.414350353962));
#1248 = CARTESIAN_POINT('',(295.06095945457,-194.972819666,
    20.387155208417));
#1249 = CARTESIAN_POINT('',(295.4785790363,-195.4948441431,
    20.313380793867));
#1250 = CARTESIAN_POINT('',(295.74310958551,-195.8255073297,
    20.267151440557));
#1251 = CARTESIAN_POINT('',(296.00750209591,-196.1559979677,
    20.22146378582));
#1252 = CARTESIAN_POINT('',(296.2717602468,-196.4863206563,
    20.176357822988));
#1253 = CARTESIAN_POINT('',(296.53588015691,-196.8164705439,
    20.131816953854));
#1254 = CARTESIAN_POINT('',(296.79986874065,-197.1464562736,
    20.087907813307));
#1255 = CARTESIAN_POINT('',(297.06372317363,-197.4762743148,
    20.044620483635));
#1256 = CARTESIAN_POINT('',(297.52642463882,-198.0546511463,
    19.969794183055));
#1257 = CARTESIAN_POINT('',(297.72532922349,-198.3032818771,
    19.937980500768));
#1258 = CARTESIAN_POINT('',(297.92415725473,-198.5518169162,
    19.906530392043));
#1259 = CARTESIAN_POINT('',(298.12291096465,-198.8002590536,
    19.875472349612));
#1260 = CARTESIAN_POINT('',(298.32158679601,-199.0486038428,
    19.844774670419));
#1261 = CARTESIAN_POINT('',(298.520186378,-199.2968533203,
    19.814459966904));
#1262 = CARTESIAN_POINT('',(298.71870824609,-199.5450056554,
    19.784518297726));
#1263 = CARTESIAN_POINT('',(299.06751012628,-199.9810080056,
    19.732552668533));
#1264 = CARTESIAN_POINT('',(299.21782327906,-200.1688994466,
    19.710367834643));
#1265 = CARTESIAN_POINT('',(299.36809167489,-200.3567349414,
    19.688401544419));
#1266 = CARTESIAN_POINT('',(299.51831453869,-200.5445135211,
    19.666646716513));
#1267 = CARTESIAN_POINT('',(299.66849314365,-200.7322367773,
    19.645122417423));
#1268 = CARTESIAN_POINT('',(299.81862508874,-200.9199017087,
    19.623800638887));
#1269 = CARTESIAN_POINT('',(299.96871221444,-201.1075106158,
    19.602708091814));
#1270 = CARTESIAN_POINT('',(300.22906030159,-201.4329457248,
    19.566505358759));
#1271 = CARTESIAN_POINT('',(300.3393420126,-201.5707978635,
    19.551290568127));
#1272 = CARTESIAN_POINT('',(300.44959946718,-201.7086196817,
    19.536201967341));
#1273 = CARTESIAN_POINT('',(300.55983274845,-201.8464112833,
    19.521241815623));
#1274 = CARTESIAN_POINT('',(300.67004192282,-201.9841727513,
    19.506412273741));
#1275 = CARTESIAN_POINT('',(300.78022703998,-202.1219041477,
    19.491715404013));
#1276 = CARTESIAN_POINT('',(300.89038813292,-202.2596055139,
    19.477153170308));
#1277 = CARTESIAN_POINT('',(301.17317426896,-202.613088184,
    19.44011390158));
#1278 = CARTESIAN_POINT('',(301.34576430454,-202.8288257284,
    19.41783549225));
#1279 = CARTESIAN_POINT('',(301.51829563988,-203.0444898976,
    19.395903155704));
#1280 = CARTESIAN_POINT('',(301.69076768962,-203.2600799598,
    19.374312095038));
#1281 = CARTESIAN_POINT('',(301.86318138556,-203.4755970797,
    19.353085136158));
#1282 = CARTESIAN_POINT('',(302.03553766791,-203.6910424327,
    19.332244624744));
#1283 = CARTESIAN_POINT('',(302.20783610714,-203.9064154817,
    19.311788049055));
#1284 = CARTESIAN_POINT('',(302.46607087889,-204.2292089464,
    19.281734704233));
#1285 = CARTESIAN_POINT('',(302.55203177173,-204.3366600624,
    19.271831147937));
#1286 = CARTESIAN_POINT('',(302.63796052655,-204.444071006,
    19.262034273844));
#1287 = CARTESIAN_POINT('',(302.72385727159,-204.5514419373,
    19.252346433639));
#1288 = CARTESIAN_POINT('',(302.80972212947,-204.6587730096,
    19.242769970738));
#1289 = CARTESIAN_POINT('',(302.89555521713,-204.7660643692,
    19.233307220294));
#1290 = CARTESIAN_POINT('',(302.98135664589,-204.8733161551,
    19.223960509193));
#1291 = CARTESIAN_POINT('',(303.15289638709,-205.0877408316,
    19.205503803976));
#1292 = CARTESIAN_POINT('',(303.23863471332,-205.1949137394,
    19.196394301289));
#1293 = CARTESIAN_POINT('',(303.32434145061,-205.302047161,
    19.187403414818));
#1294 = CARTESIAN_POINT('',(303.41001689241,-205.4091414633,
    19.178538122744));
#1295 = CARTESIAN_POINT('',(303.49566101605,-205.5161966178,
    19.16979837919));
#1296 = CARTESIAN_POINT('',(303.58127372424,-205.6232125031,
    19.16118250846));
#1297 = CARTESIAN_POINT('',(303.66685529388,-205.7301894651,
    19.152696751866));
#1298 = CARTESIAN_POINT('',(303.8457348093,-205.9537888594,
    19.135251744415));
#1299 = CARTESIAN_POINT('',(303.93902689936,-206.070403972,
    19.126318885344));
#1300 = CARTESIAN_POINT('',(304.03228310882,-206.1869742338,
    19.117564202049));
#1301 = CARTESIAN_POINT('',(304.12550425907,-206.3035006716,
    19.109000567298));
#1302 = CARTESIAN_POINT('',(304.21869099005,-206.4199840853,
    19.100639826721));
#1303 = CARTESIAN_POINT('',(304.31184356286,-206.5364248013,
    19.092491004205));
#1304 = CARTESIAN_POINT('',(304.40496196865,-206.6528228086,
    19.084561323396));
#1305 = CARTESIAN_POINT('',(304.56785962644,-206.8564448808,
    19.071084086613));
#1306 = CARTESIAN_POINT('',(304.63765382652,-206.9436876309,
    19.065437829813));
#1307 = CARTESIAN_POINT('',(304.70742890215,-207.0309064755,
    19.059921284269));
#1308 = CARTESIAN_POINT('',(304.77718494503,-207.1181015291,
    19.054539049893));
#1309 = CARTESIAN_POINT('',(304.84692213684,-207.2052730188,
    19.049298786133));
#1310 = CARTESIAN_POINT('',(304.91664070576,-207.29242123,
    19.044209680961));
#1311 = CARTESIAN_POINT('',(304.98634088297,-207.3795464515,
    19.039280919857));
#1312 = CARTESIAN_POINT('',(305.16432496301,-207.6020265515,
    19.027120811388));
#1313 = CARTESIAN_POINT('',(305.27260957336,-207.7373823145,
    19.020127797839));
#1314 = CARTESIAN_POINT('',(305.3808777335,-207.8727175146,
    19.013555593711));
#1315 = CARTESIAN_POINT('',(305.48912825384,-208.0080306651,
    19.007484080153));
#1316 = CARTESIAN_POINT('',(305.59736286105,-208.1433239241,
    19.001939124026));
#1317 = CARTESIAN_POINT('',(305.70558196242,-208.2785978008,
    18.996985483268));
#1318 = CARTESIAN_POINT('',(305.81378219539,-208.413848092,
    18.992656274221));
#1319 = CARTESIAN_POINT('',(305.97600759358,-208.6166298397,
    18.987175041028));
#1320 = CARTESIAN_POINT('',(306.03004048419,-208.684170953,
    18.985518594394));
#1321 = CARTESIAN_POINT('',(306.08406155135,-208.751697287,
    18.984035957312));
#1322 = CARTESIAN_POINT('',(306.13807050521,-208.8192084793,
    18.982732726028));
#1323 = CARTESIAN_POINT('',(306.19206698017,-208.886704073,
    18.98161587956));
#1324 = CARTESIAN_POINT('',(306.24605053494,-208.9541835164,
    18.980693779701));
#1325 = CARTESIAN_POINT('',(306.30002065249,-209.0216461634,
    18.97997617102));
#1326 = CARTESIAN_POINT('',(306.40119135336,-209.1481095395,
    18.979034911212));
#1327 = CARTESIAN_POINT('',(306.44840092426,-209.2071215031,
    18.978756826197));
#1328 = CARTESIAN_POINT('',(306.49560478504,-209.2661263291,
    18.978660881824));
#1329 = CARTESIAN_POINT('',(306.54280243261,-209.3251233885,
    18.978748437374));
#1330 = CARTESIAN_POINT('',(306.58999352854,-209.3841122584,
    18.979001255404));
#1331 = CARTESIAN_POINT('',(306.63717789897,-209.4430927215,
    18.979381501745));
#1332 = CARTESIAN_POINT('',(306.68435553472,-209.5020647662,
    18.979831745499));
#1333 = CARTESIAN_POINT('',(306.73152659119,-209.5610285868,
    18.980274959044));
#1334 = PCURVE('',#31,#1335);
#1335 = DEFINITIONAL_REPRESENTATION('',(#1336),#1444);
#1336 = B_SPLINE_CURVE_WITH_KNOTS('',8,(#1337,#1338,#1339,#1340,#1341,
    #1342,#1343,#1344,#1345,#1346,#1347,#1348,#1349,#1350,#1351,#1352,
    #1353,#1354,#1355,#1356,#1357,#1358,#1359,#1360,#1361,#1362,#1363,
    #1364,#1365,#1366,#1367,#1368,#1369,#1370,#1371,#1372,#1373,#1374,
    #1375,#1376,#1377,#1378,#1379,#1380,#1381,#1382,#1383,#1384,#1385,
    #1386,#1387,#1388,#1389,#1390,#1391,#1392,#1393,#1394,#1395,#1396,
    #1397,#1398,#1399,#1400,#1401,#1402,#1403,#1404,#1405,#1406,#1407,
    #1408,#1409,#1410,#1411,#1412,#1413,#1414,#1415,#1416,#1417,#1418,
    #1419,#1420,#1421,#1422,#1423,#1424,#1425,#1426,#1427,#1428,#1429,
    #1430,#1431,#1432,#1433,#1434,#1435,#1436,#1437,#1438,#1439,#1440,
    #1441,#1442,#1443),.UNSPECIFIED.,.F.,.F.,(9,7,7,7,7,7,7,7,7,7,7,7,7,
    7,7,9),(0.,9.741058483553E-02,0.183455454733,0.261078063411,
    0.395398419434,0.496744686289,0.573533168384,0.62998559069,
    0.718479463058,0.762660821343,0.80684217457,0.855040043713,
    0.891188446388,0.94737152658,0.975439203242,1.),.UNSPECIFIED.);
#1337 = CARTESIAN_POINT('',(25.214435667427,0.883720930233));
#1338 = CARTESIAN_POINT('',(24.912430434283,0.884845725059));
#1339 = CARTESIAN_POINT('',(24.610265998044,0.885969996527));
#1340 = CARTESIAN_POINT('',(24.307942831496,0.887093748397));
#1341 = CARTESIAN_POINT('',(24.005461792645,0.888216989488));
#1342 = CARTESIAN_POINT('',(23.702823302196,0.889339722639));
#1343 = CARTESIAN_POINT('',(23.400027815064,0.890461951023));
#1344 = CARTESIAN_POINT('',(23.097076318528,0.891583684875));
#1345 = CARTESIAN_POINT('',(22.526228880664,0.893695353246));
#1346 = CARTESIAN_POINT('',(22.258367027069,0.894685394612));
#1347 = CARTESIAN_POINT('',(21.990384627927,0.895675061309));
#1348 = CARTESIAN_POINT('',(21.7222822561,0.896664358665));
#1349 = CARTESIAN_POINT('',(21.454060458273,0.897653291842));
#1350 = CARTESIAN_POINT('',(21.185719754962,0.898641865846));
#1351 = CARTESIAN_POINT('',(20.917260640504,0.899630085516));
#1352 = CARTESIAN_POINT('',(20.406395439053,0.90150913066));
#1353 = CARTESIAN_POINT('',(20.164011333167,0.902400021423));
#1354 = CARTESIAN_POINT('',(19.921531546542,0.903290630481));
#1355 = CARTESIAN_POINT('',(19.678956629116,0.904180962858));
#1356 = CARTESIAN_POINT('',(19.436286972631,0.905071022122));
#1357 = CARTESIAN_POINT('',(19.193522683037,0.905960809228));
#1358 = CARTESIAN_POINT('',(18.950663752309,0.906850324028));
#1359 = CARTESIAN_POINT('',(18.287297406263,0.909278344852));
#1360 = CARTESIAN_POINT('',(17.866601854816,0.910816313161));
#1361 = CARTESIAN_POINT('',(17.445624419758,0.91235347892));
#1362 = CARTESIAN_POINT('',(17.024368041028,0.913889863518));
#1363 = CARTESIAN_POINT('',(16.602829291725,0.91542544439));
#1364 = CARTESIAN_POINT('',(16.181013826394,0.916960261738));
#1365 = CARTESIAN_POINT('',(15.758919375542,0.918494299139));
#1366 = CARTESIAN_POINT('',(15.017861801738,0.921184423936));
#1367 = CARTESIAN_POINT('',(14.699018480547,0.92234084594));
#1368 = CARTESIAN_POINT('',(14.380016600799,0.923496822866));
#1369 = CARTESIAN_POINT('',(14.06085757696,0.924652367691));
#1370 = CARTESIAN_POINT('',(13.741539430236,0.925807459734));
#1371 = CARTESIAN_POINT('',(13.42206329117,0.926962108467));
#1372 = CARTESIAN_POINT('',(13.102428423552,0.928116305374));
#1373 = CARTESIAN_POINT('',(12.540332335126,0.930144223282));
#1374 = CARTESIAN_POINT('',(12.297938678185,0.931018136961));
#1375 = CARTESIAN_POINT('',(12.055453933639,0.931891790425));
#1376 = CARTESIAN_POINT('',(11.812877816377,0.932765179168));
#1377 = CARTESIAN_POINT('',(11.570210888131,0.933638310592));
#1378 = CARTESIAN_POINT('',(11.327452164284,0.934511170738));
#1379 = CARTESIAN_POINT('',(11.084602507176,0.935383770306));
#1380 = CARTESIAN_POINT('',(10.663059675903,0.936897421976));
#1381 = CARTESIAN_POINT('',(10.484408328078,0.937538594714));
#1382 = CARTESIAN_POINT('',(10.305707879587,0.938179626427));
#1383 = CARTESIAN_POINT('',(10.126958400922,0.938820517597));
#1384 = CARTESIAN_POINT('',(9.948159950441,0.939461268611));
#1385 = CARTESIAN_POINT('',(9.769312574375,0.940101879757));
#1386 = CARTESIAN_POINT('',(9.59041630682,0.940742351228));
#1387 = CARTESIAN_POINT('',(9.130959767851,0.94238645667));
#1388 = CARTESIAN_POINT('',(8.85032830971,0.943389887109));
#1389 = CARTESIAN_POINT('',(8.569576888573,0.944392976268));
#1390 = CARTESIAN_POINT('',(8.288705591044,0.945395720743));
#1391 = CARTESIAN_POINT('',(8.007714752694,0.946398125952));
#1392 = CARTESIAN_POINT('',(7.726604786977,0.947400197361));
#1393 = CARTESIAN_POINT('',(7.445375985457,0.948401932473));
#1394 = CARTESIAN_POINT('',(7.0235635291,0.949903297425));
#1395 = CARTESIAN_POINT('',(6.883098371472,0.950403070058));
#1396 = CARTESIAN_POINT('',(6.742633216409,0.950902655842));
#1397 = CARTESIAN_POINT('',(6.602168064427,0.951402055522));
#1398 = CARTESIAN_POINT('',(6.461702914571,0.951901269812));
#1399 = CARTESIAN_POINT('',(6.321237764415,0.952400299392));
#1400 = CARTESIAN_POINT('',(6.180772610062,0.952899144908));
#1401 = CARTESIAN_POINT('',(5.899842298308,0.953896468985));
#1402 = CARTESIAN_POINT('',(5.759377141101,0.954394947625));
#1403 = CARTESIAN_POINT('',(5.61891194907,0.95489324261));
#1404 = CARTESIAN_POINT('',(5.478446822245,0.955391355643));
#1405 = CARTESIAN_POINT('',(5.337981709069,0.955889286595));
#1406 = CARTESIAN_POINT('',(5.197516525233,0.956387034898));
#1407 = CARTESIAN_POINT('',(5.057051327927,0.956884602164));
#1408 = CARTESIAN_POINT('',(4.763351432461,0.957924599346));
#1409 = CARTESIAN_POINT('',(4.610116855547,0.958466995219));
#1410 = CARTESIAN_POINT('',(4.456882085684,0.959009182483));
#1411 = CARTESIAN_POINT('',(4.303647285071,0.959551165915));
#1412 = CARTESIAN_POINT('',(4.150412604131,0.960092949234));
#1413 = CARTESIAN_POINT('',(3.997177965179,0.96063453396));
#1414 = CARTESIAN_POINT('',(3.843943192316,0.96117592004));
#1415 = CARTESIAN_POINT('',(3.575782456368,0.962122999446));
#1416 = CARTESIAN_POINT('',(3.460856418306,0.962528779679));
#1417 = CARTESIAN_POINT('',(3.345930377193,0.962934448723));
#1418 = CARTESIAN_POINT('',(3.231004337682,0.963340007112));
#1419 = CARTESIAN_POINT('',(3.116078303139,0.963745455902));
#1420 = CARTESIAN_POINT('',(3.001152273541,0.964150796419));
#1421 = CARTESIAN_POINT('',(2.886226243367,0.964556030007));
#1422 = CARTESIAN_POINT('',(2.592678222844,0.96559082117));
#1423 = CARTESIAN_POINT('',(2.414012176782,0.966220382858));
#1424 = CARTESIAN_POINT('',(2.235304127939,0.966849848906));
#1425 = CARTESIAN_POINT('',(2.056550363045,0.967479212396));
#1426 = CARTESIAN_POINT('',(1.87775470899,0.968108483368));
#1427 = CARTESIAN_POINT('',(1.698917530972,0.96873766419));
#1428 = CARTESIAN_POINT('',(1.520035493835,0.969366735312));
#1429 = CARTESIAN_POINT('',(1.25172254476,0.970309906232));
#1430 = CARTESIAN_POINT('',(1.162335628005,0.970624050944));
#1431 = CARTESIAN_POINT('',(1.072948745977,0.970938126916));
#1432 = CARTESIAN_POINT('',(0.983561872686,0.971252132462));
#1433 = CARTESIAN_POINT('',(0.8941749892,0.971566065456));
#1434 = CARTESIAN_POINT('',(0.804788083638,0.971879923333));
#1435 = CARTESIAN_POINT('',(0.715401151175,0.972193703086));
#1436 = CARTESIAN_POINT('',(0.547795575755,0.972781904835));
#1437 = CARTESIAN_POINT('',(0.469567779369,0.973056379084));
#1438 = CARTESIAN_POINT('',(0.391330676193,0.973330820135));
#1439 = CARTESIAN_POINT('',(0.313084122474,0.973605225063));
#1440 = CARTESIAN_POINT('',(0.234827959399,0.9738795919));
#1441 = CARTESIAN_POINT('',(0.156562013096,0.974153919635));
#1442 = CARTESIAN_POINT('',(7.828609462847E-02,0.974428208215));
#1443 = CARTESIAN_POINT('',(0.,0.974702458543));
#1444 = ( GEOMETRIC_REPRESENTATION_CONTEXT(2) 
PARAMETRIC_REPRESENTATION_CONTEXT() REPRESENTATION_CONTEXT('2D SPACE',''
  ) );
#1445 = PCURVE('',#1446,#1451);
#1446 = PLANE('',#1447);
#1447 = AXIS2_PLACEMENT_3D('',#1448,#1449,#1450);
#1448 = CARTESIAN_POINT('',(291.08270372175,-190.,-40.));
#1449 = DIRECTION('',(-0.780868809443,-0.624695047554,-0.));
#1450 = DIRECTION('',(-0.624695047554,0.780868809443,0.));
#1451 = DEFINITIONAL_REPRESENTATION('',(#1452),#1560);
#1452 = B_SPLINE_CURVE_WITH_KNOTS('',8,(#1453,#1454,#1455,#1456,#1457,
    #1458,#1459,#1460,#1461,#1462,#1463,#1464,#1465,#1466,#1467,#1468,
    #1469,#1470,#1471,#1472,#1473,#1474,#1475,#1476,#1477,#1478,#1479,
    #1480,#1481,#1482,#1483,#1484,#1485,#1486,#1487,#1488,#1489,#1490,
    #1491,#1492,#1493,#1494,#1495,#1496,#1497,#1498,#1499,#1500,#1501,
    #1502,#1503,#1504,#1505,#1506,#1507,#1508,#1509,#1510,#1511,#1512,
    #1513,#1514,#1515,#1516,#1517,#1518,#1519,#1520,#1521,#1522,#1523,
    #1524,#1525,#1526,#1527,#1528,#1529,#1530,#1531,#1532,#1533,#1534,
    #1535,#1536,#1537,#1538,#1539,#1540,#1541,#1542,#1543,#1544,#1545,
    #1546,#1547,#1548,#1549,#1550,#1551,#1552,#1553,#1554,#1555,#1556,
    #1557,#1558,#1559),.UNSPECIFIED.,.F.,.F.,(9,7,7,7,7,7,7,7,7,7,7,7,7,
    7,7,9),(0.,9.741058483553E-02,0.183455454733,0.261078063411,
    0.395398419434,0.496744686289,0.573533168384,0.62998559069,
    0.718479463058,0.762660821343,0.80684217457,0.855040043713,
    0.891188446388,0.94737152658,0.975439203242,1.),.UNSPECIFIED.);
#1453 = CARTESIAN_POINT('',(0.,-61.13064160671));
#1454 = CARTESIAN_POINT('',(-0.30969464363,-61.09329709785));
#1455 = CARTESIAN_POINT('',(-0.619245188669,-61.05604515306));
#1456 = CARTESIAN_POINT('',(-0.928652670741,-61.01889207557));
#1457 = CARTESIAN_POINT('',(-1.237919517672,-60.9818529457));
#1458 = CARTESIAN_POINT('',(-1.547046511374,-60.94493258406));
#1459 = CARTESIAN_POINT('',(-1.856034525174,-60.90813643913));
#1460 = CARTESIAN_POINT('',(-2.164886377363,-60.87148218511));
#1461 = CARTESIAN_POINT('',(-2.746301199422,-60.80274213614));
#1462 = CARTESIAN_POINT('',(-3.018893587488,-60.77062219825));
#1463 = CARTESIAN_POINT('',(-3.291382816673,-60.73863221947));
#1464 = CARTESIAN_POINT('',(-3.563770353302,-60.70678141131));
#1465 = CARTESIAN_POINT('',(-3.836057619293,-60.67507897954));
#1466 = CARTESIAN_POINT('',(-4.108245992158,-60.64353412422));
#1467 = CARTESIAN_POINT('',(-4.380336805002,-60.61215603968));
#1468 = CARTESIAN_POINT('',(-4.897702463761,-60.55280592205));
#1469 = CARTESIAN_POINT('',(-5.142995286079,-60.524801342));
#1470 = CARTESIAN_POINT('',(-5.388210545242,-60.4969457273));
#1471 = CARTESIAN_POINT('',(-5.633349624612,-60.46924803992));
#1472 = CARTESIAN_POINT('',(-5.878413506578,-60.44171518349));
#1473 = CARTESIAN_POINT('',(-6.123402454101,-60.41435035396));
#1474 = CARTESIAN_POINT('',(-6.368316426386,-60.38715520841));
#1475 = CARTESIAN_POINT('',(-7.036833942832,-60.31338079386));
#1476 = CARTESIAN_POINT('',(-7.460289435644,-60.26715144055));
#1477 = CARTESIAN_POINT('',(-7.88352395852,-60.22146378582));
#1478 = CARTESIAN_POINT('',(-8.306543401241,-60.17635782298));
#1479 = CARTESIAN_POINT('',(-8.729341550746,-60.13181695385));
#1480 = CARTESIAN_POINT('',(-9.151929475484,-60.0879078133));
#1481 = CARTESIAN_POINT('',(-9.574302654224,-60.04462048363));
#1482 = CARTESIAN_POINT('',(-10.31498639583,-59.96979418305));
#1483 = CARTESIAN_POINT('',(-10.6333890876,-59.93798050076));
#1484 = CARTESIAN_POINT('',(-10.95166923407,-59.90653039204));
#1485 = CARTESIAN_POINT('',(-11.2698304084,-59.87547234961));
#1486 = CARTESIAN_POINT('',(-11.58786691618,-59.84477467041));
#1487 = CARTESIAN_POINT('',(-11.90578136543,-59.8144599669));
#1488 = CARTESIAN_POINT('',(-12.22357141175,-59.78451829772));
#1489 = CARTESIAN_POINT('',(-12.78192685502,-59.73255266853));
#1490 = CARTESIAN_POINT('',(-13.02254530296,-59.71036783464));
#1491 = CARTESIAN_POINT('',(-13.26309210482,-59.68840154441));
#1492 = CARTESIAN_POINT('',(-13.50356601988,-59.66664671651));
#1493 = CARTESIAN_POINT('',(-13.74396908622,-59.64512241742));
#1494 = CARTESIAN_POINT('',(-13.98429746032,-59.62380063888));
#1495 = CARTESIAN_POINT('',(-14.22455408839,-59.60270809181));
#1496 = CARTESIAN_POINT('',(-14.64131437515,-59.56650535875));
#1497 = CARTESIAN_POINT('',(-14.81785124932,-59.55129056812));
#1498 = CARTESIAN_POINT('',(-14.99434929427,-59.53620196734));
#1499 = CARTESIAN_POINT('',(-15.17080864304,-59.52124181562));
#1500 = CARTESIAN_POINT('',(-15.34722940194,-59.50641227374));
#1501 = CARTESIAN_POINT('',(-15.52361165051,-59.49171540401));
#1502 = CARTESIAN_POINT('',(-15.69995544156,-59.4771531703));
#1503 = CARTESIAN_POINT('',(-16.15263413199,-59.44011390158));
#1504 = CARTESIAN_POINT('',(-16.42891299197,-59.41783549225));
#1505 = CARTESIAN_POINT('',(-16.70509788574,-59.3959031557));
#1506 = CARTESIAN_POINT('',(-16.98118787623,-59.37431209503));
#1507 = CARTESIAN_POINT('',(-17.25718445506,-59.35308513615));
#1508 = CARTESIAN_POINT('',(-17.53308912731,-59.33224462474));
#1509 = CARTESIAN_POINT('',(-17.80890120538,-59.31178804905));
#1510 = CARTESIAN_POINT('',(-18.22227853687,-59.28173470423));
#1511 = CARTESIAN_POINT('',(-18.35988310598,-59.27183114793));
#1512 = CARTESIAN_POINT('',(-18.49743622915,-59.26203427384));
#1513 = CARTESIAN_POINT('',(-18.63493811167,-59.25234643363));
#1514 = CARTESIAN_POINT('',(-18.77238894982,-59.24276997073));
#1515 = CARTESIAN_POINT('',(-18.90978893082,-59.23330722029));
#1516 = CARTESIAN_POINT('',(-19.04713823285,-59.22396050919));
#1517 = CARTESIAN_POINT('',(-19.32173580149,-59.20550380397));
#1518 = CARTESIAN_POINT('',(-19.45898409018,-59.19639430128));
#1519 = CARTESIAN_POINT('',(-19.59618181189,-59.18740341481));
#1520 = CARTESIAN_POINT('',(-19.73332943637,-59.17853812274));
#1521 = CARTESIAN_POINT('',(-19.87042692734,-59.16979837919));
#1522 = CARTESIAN_POINT('',(-20.00747412905,-59.16118250846));
#1523 = CARTESIAN_POINT('',(-20.14447148477,-59.15269675186));
#1524 = CARTESIAN_POINT('',(-20.43081842495,-59.13525174441));
#1525 = CARTESIAN_POINT('',(-20.58015863571,-59.12631888534));
#1526 = CARTESIAN_POINT('',(-20.72944140948,-59.11756420204));
#1527 = CARTESIAN_POINT('',(-20.87866806113,-59.10900056729));
#1528 = CARTESIAN_POINT('',(-21.02783961506,-59.10063982672));
#1529 = CARTESIAN_POINT('',(-21.17695648926,-59.0924910042));
#1530 = CARTESIAN_POINT('',(-21.32601866952,-59.08456132339));
#1531 = CARTESIAN_POINT('',(-21.58678215472,-59.07108408661));
#1532 = CARTESIAN_POINT('',(-21.69850738827,-59.06543782981));
#1533 = CARTESIAN_POINT('',(-21.81020200775,-59.05992128426));
#1534 = CARTESIAN_POINT('',(-21.92186615997,-59.05453904989));
#1535 = CARTESIAN_POINT('',(-22.03350013575,-59.04929878613));
#1536 = CARTESIAN_POINT('',(-22.14510430036,-59.04420968096));
#1537 = CARTESIAN_POINT('',(-22.25667902387,-59.03928091985));
#1538 = CARTESIAN_POINT('',(-22.54159256807,-59.02712081138));
#1539 = CARTESIAN_POINT('',(-22.71493252134,-59.02012779783));
#1540 = CARTESIAN_POINT('',(-22.88824614142,-59.01355559371));
#1541 = CARTESIAN_POINT('',(-23.06153152404,-59.00748408015));
#1542 = CARTESIAN_POINT('',(-23.23479143323,-59.00193912402));
#1543 = CARTESIAN_POINT('',(-23.40802652097,-58.99698548326));
#1544 = CARTESIAN_POINT('',(-23.58123140452,-58.99265627422));
#1545 = CARTESIAN_POINT('',(-23.8409187493,-58.98717504102));
#1546 = CARTESIAN_POINT('',(-23.92741357717,-58.98551859439));
#1547 = CARTESIAN_POINT('',(-24.01388947829,-58.98403595731));
#1548 = CARTESIAN_POINT('',(-24.10034598865,-58.98273272602));
#1549 = CARTESIAN_POINT('',(-24.18678252305,-58.98161587956));
#1550 = CARTESIAN_POINT('',(-24.27319837504,-58.9806937797));
#1551 = CARTESIAN_POINT('',(-24.35959271698,-58.97997617102));
#1552 = CARTESIAN_POINT('',(-24.5215448587,-58.97903491121));
#1553 = CARTESIAN_POINT('',(-24.59711704561,-58.97875682619));
#1554 = CARTESIAN_POINT('',(-24.67268009187,-58.97866088182));
#1555 = CARTESIAN_POINT('',(-24.74823319216,-58.97874843737));
#1556 = CARTESIAN_POINT('',(-24.82377580468,-58.9790012554));
#1557 = CARTESIAN_POINT('',(-24.89930765118,-58.97938150174));
#1558 = CARTESIAN_POINT('',(-24.97482871691,-58.97983174549));
#1559 = CARTESIAN_POINT('',(-25.05033925065,-58.98027495904));
#1560 = ( GEOMETRIC_REPRESENTATION_CONTEXT(2) 
PARAMETRIC_REPRESENTATION_CONTEXT() REPRESENTATION_CONTEXT('2D SPACE',''
  ) );
#1561 = ADVANCED_FACE('',(#1562),#554,.T.);
#1562 = FACE_BOUND('',#1563,.F.);
#1563 = EDGE_LOOP('',(#1564,#1584,#1637,#1660,#1688,#1724,#1763,#1786,
    #1839,#1864,#2480,#2501));
#1564 = ORIENTED_EDGE('',*,*,#1565,.F.);
#1565 = EDGE_CURVE('',#1566,#331,#1568,.T.);
#1566 = VERTEX_POINT('',#1567);
#1567 = CARTESIAN_POINT('',(303.86331400064,-70.4,20.579104102846));
#1568 = SURFACE_CURVE('',#1569,(#1572,#1578),.PCURVE_S1.);
#1569 = B_SPLINE_CURVE_WITH_KNOTS('',1,(#1570,#1571),.UNSPECIFIED.,.F.,
  .F.,(2,2),(0.,1.),.PIECEWISE_BEZIER_KNOTS.);
#1570 = CARTESIAN_POINT('',(303.59135821248,-70.4,19.905989906865));
#1571 = CARTESIAN_POINT('',(304.06704341834,-70.4,21.083352106237));
#1572 = PCURVE('',#554,#1573);
#1573 = DEFINITIONAL_REPRESENTATION('',(#1574),#1577);
#1574 = B_SPLINE_CURVE_WITH_KNOTS('',1,(#1575,#1576),.UNSPECIFIED.,.F.,
  .F.,(2,2),(0.,1.),.PIECEWISE_BEZIER_KNOTS.);
#1575 = CARTESIAN_POINT('',(-82.40864178751,-59.90598990686));
#1576 = CARTESIAN_POINT('',(-81.93295658166,-61.08335210623));
#1577 = ( GEOMETRIC_REPRESENTATION_CONTEXT(2) 
PARAMETRIC_REPRESENTATION_CONTEXT() REPRESENTATION_CONTEXT('2D SPACE',''
  ) );
#1578 = PCURVE('',#732,#1579);
#1579 = DEFINITIONAL_REPRESENTATION('',(#1580),#1583);
#1580 = B_SPLINE_CURVE_WITH_KNOTS('',1,(#1581,#1582),.UNSPECIFIED.,.F.,
  .F.,(2,2),(0.,1.),.PIECEWISE_BEZIER_KNOTS.);
#1581 = CARTESIAN_POINT('',(5.60747453229,1.147540983607E-02));
#1582 = CARTESIAN_POINT('',(4.337648495552,1.147540983607E-02));
#1583 = ( GEOMETRIC_REPRESENTATION_CONTEXT(2) 
PARAMETRIC_REPRESENTATION_CONTEXT() REPRESENTATION_CONTEXT('2D SPACE',''
  ) );
#1584 = ORIENTED_EDGE('',*,*,#1585,.F.);
#1585 = EDGE_CURVE('',#1586,#1566,#1588,.T.);
#1586 = VERTEX_POINT('',#1587);
#1587 = CARTESIAN_POINT('',(303.63335987413,-70.4,20.603394471599));
#1588 = SURFACE_CURVE('',#1589,(#1594,#1601),.PCURVE_S1.);
#1589 = CIRCLE('',#1590,1.498833333333);
#1590 = AXIS2_PLACEMENT_3D('',#1591,#1592,#1593);
#1591 = CARTESIAN_POINT('',(303.59135821248,-70.4,19.105149758099));
#1592 = DIRECTION('',(0.,1.,0.));
#1593 = DIRECTION('',(-0.,-0.,1.));
#1594 = PCURVE('',#554,#1595);
#1595 = DEFINITIONAL_REPRESENTATION('',(#1596),#1600);
#1596 = CIRCLE('',#1597,1.498833333333);
#1597 = AXIS2_PLACEMENT_2D('',#1598,#1599);
#1598 = CARTESIAN_POINT('',(-82.40864178751,-59.10514975809));
#1599 = DIRECTION('',(-0.,-1.));
#1600 = ( GEOMETRIC_REPRESENTATION_CONTEXT(2) 
PARAMETRIC_REPRESENTATION_CONTEXT() REPRESENTATION_CONTEXT('2D SPACE',''
  ) );
#1601 = PCURVE('',#1602,#1631);
#1602 = B_SPLINE_SURFACE_WITH_KNOTS('',13,1,(
    (#1603,#1604)
    ,(#1605,#1606)
    ,(#1607,#1608)
    ,(#1609,#1610)
    ,(#1611,#1612)
    ,(#1613,#1614)
    ,(#1615,#1616)
    ,(#1617,#1618)
    ,(#1619,#1620)
    ,(#1621,#1622)
    ,(#1623,#1624)
    ,(#1625,#1626)
    ,(#1627,#1628)
    ,(#1629,#1630
    )),.UNSPECIFIED.,.T.,.F.,.F.,(14,14),(2,2),(0.,6.28318530718),(0.,1.
    ),.PIECEWISE_BEZIER_KNOTS.);
#1603 = CARTESIAN_POINT('',(303.59135821248,-70.4,20.603983091432));
#1604 = CARTESIAN_POINT('',(291.08270372175,-190.,20.605816287289));
#1605 = CARTESIAN_POINT('',(304.31577725692,-70.39999999999,
    20.60398309143));
#1606 = CARTESIAN_POINT('',(291.63852396047,-189.9999999999,
    20.605816287288));
#1607 = CARTESIAN_POINT('',(305.04019659114,-70.40000000002,
    20.224676085388));
#1608 = CARTESIAN_POINT('',(292.19434442136,-190.0000000001,
    20.314787893904));
#1609 = CARTESIAN_POINT('',(305.54795412984,-70.39999999992,
    19.466084655182));
#1610 = CARTESIAN_POINT('',(292.58392821112,-189.9999999996,
    19.732748433391));
#1611 = CARTESIAN_POINT('',(305.62241466433,-70.40000000014,
    18.464216879548));
#1612 = CARTESIAN_POINT('',(292.64105905491,-190.0000000007,
    18.964051930342));
#1613 = CARTESIAN_POINT('',(305.14185434545,-70.39999999979,
    17.491773718957));
#1614 = CARTESIAN_POINT('',(292.27234269965,-189.9999999989,
    18.217931858281));
#1615 = CARTESIAN_POINT('',(304.17507536609,-70.40000000021,
    16.881330772054));
#1616 = CARTESIAN_POINT('',(291.5305685439,-190.0000000012,
    17.749561310786));
#1617 = CARTESIAN_POINT('',(303.00764105896,-70.39999999982,
    16.881330771919));
#1618 = CARTESIAN_POINT('',(290.63483889976,-189.9999999987,
    17.749561310676));
#1619 = CARTESIAN_POINT('',(302.04086207931,-70.40000000011,
    17.491773719065));
#1620 = CARTESIAN_POINT('',(289.89306474344,-190.0000000009,
    18.217931858368));
#1621 = CARTESIAN_POINT('',(301.56030176083,-70.39999999994,
    18.46421687948));
#1622 = CARTESIAN_POINT('',(289.52434838897,-189.9999999994,
    18.964051930288));
#1623 = CARTESIAN_POINT('',(301.63476229501,-70.40000000002,
    19.466084655215));
#1624 = CARTESIAN_POINT('',(289.58147923213,-190.0000000002,
    19.732748433416));
#1625 = CARTESIAN_POINT('',(302.14251983387,-70.39999999999,
    20.224676085376));
#1626 = CARTESIAN_POINT('',(289.97106302223,-189.9999999999,
    20.314787893895));
#1627 = CARTESIAN_POINT('',(302.86693916803,-70.4,20.603983091433));
#1628 = CARTESIAN_POINT('',(290.52688348299,-190.,20.60581628729));
#1629 = CARTESIAN_POINT('',(303.59135821248,-70.4,20.603983091432));
#1630 = CARTESIAN_POINT('',(291.08270372175,-190.,20.605816287289));
#1631 = DEFINITIONAL_REPRESENTATION('',(#1632),#1636);
#1632 = LINE('',#1633,#1634);
#1633 = CARTESIAN_POINT('',(0.,0.));
#1634 = VECTOR('',#1635,1.);
#1635 = DIRECTION('',(1.,0.));
#1636 = ( GEOMETRIC_REPRESENTATION_CONTEXT(2) 
PARAMETRIC_REPRESENTATION_CONTEXT() REPRESENTATION_CONTEXT('2D SPACE',''
  ) );
#1637 = ORIENTED_EDGE('',*,*,#1638,.T.);
#1638 = EDGE_CURVE('',#1586,#1639,#1641,.T.);
#1639 = VERTEX_POINT('',#1640);
#1640 = CARTESIAN_POINT('',(303.6131973803,-70.4,19.884176502572));
#1641 = SURFACE_CURVE('',#1642,(#1646,#1653),.PCURVE_S1.);
#1642 = LINE('',#1643,#1644);
#1643 = CARTESIAN_POINT('',(302.79589154966,-70.4,-9.270006739133));
#1644 = VECTOR('',#1645,1.);
#1645 = DIRECTION('',(-2.802290335518E-02,0.,-0.99960728133));
#1646 = PCURVE('',#554,#1647);
#1647 = DEFINITIONAL_REPRESENTATION('',(#1648),#1652);
#1648 = LINE('',#1649,#1650);
#1649 = CARTESIAN_POINT('',(-83.20410845033,-30.72999326086));
#1650 = VECTOR('',#1651,1.);
#1651 = DIRECTION('',(-2.802290335518E-02,0.99960728133));
#1652 = ( GEOMETRIC_REPRESENTATION_CONTEXT(2) 
PARAMETRIC_REPRESENTATION_CONTEXT() REPRESENTATION_CONTEXT('2D SPACE',''
  ) );
#1653 = PCURVE('',#793,#1654);
#1654 = DEFINITIONAL_REPRESENTATION('',(#1655),#1659);
#1655 = LINE('',#1656,#1657);
#1656 = CARTESIAN_POINT('',(0.791151415863,28.375277142105));
#1657 = VECTOR('',#1658,1.);
#1658 = DIRECTION('',(2.787088473003E-02,0.999611531438));
#1659 = ( GEOMETRIC_REPRESENTATION_CONTEXT(2) 
PARAMETRIC_REPRESENTATION_CONTEXT() REPRESENTATION_CONTEXT('2D SPACE',''
  ) );
#1660 = ORIENTED_EDGE('',*,*,#1661,.F.);
#1661 = EDGE_CURVE('',#1662,#1639,#1664,.T.);
#1662 = VERTEX_POINT('',#1663);
#1663 = CARTESIAN_POINT('',(304.29896385885,-70.4,19.884176502572));
#1664 = SURFACE_CURVE('',#1665,(#1669,#1676),.PCURVE_S1.);
#1665 = LINE('',#1666,#1667);
#1666 = CARTESIAN_POINT('',(342.2779714162,-70.4,19.884176502572));
#1667 = VECTOR('',#1668,1.);
#1668 = DIRECTION('',(-1.,-0.,-0.));
#1669 = PCURVE('',#554,#1670);
#1670 = DEFINITIONAL_REPRESENTATION('',(#1671),#1675);
#1671 = LINE('',#1672,#1673);
#1672 = CARTESIAN_POINT('',(-43.7220285838,-59.88417650257));
#1673 = VECTOR('',#1674,1.);
#1674 = DIRECTION('',(-1.,0.));
#1675 = ( GEOMETRIC_REPRESENTATION_CONTEXT(2) 
PARAMETRIC_REPRESENTATION_CONTEXT() REPRESENTATION_CONTEXT('2D SPACE',''
  ) );
#1676 = PCURVE('',#1677,#1682);
#1677 = PLANE('',#1678);
#1678 = AXIS2_PLACEMENT_3D('',#1679,#1680,#1681);
#1679 = CARTESIAN_POINT('',(298.5559428324,-69.4,19.884176502572));
#1680 = DIRECTION('',(-0.,-0.,1.));
#1681 = DIRECTION('',(-1.,0.,0.));
#1682 = DEFINITIONAL_REPRESENTATION('',(#1683),#1687);
#1683 = LINE('',#1684,#1685);
#1684 = CARTESIAN_POINT('',(-43.7220285838,1.));
#1685 = VECTOR('',#1686,1.);
#1686 = DIRECTION('',(1.,-0.));
#1687 = ( GEOMETRIC_REPRESENTATION_CONTEXT(2) 
PARAMETRIC_REPRESENTATION_CONTEXT() REPRESENTATION_CONTEXT('2D SPACE',''
  ) );
#1688 = ORIENTED_EDGE('',*,*,#1689,.F.);
#1689 = EDGE_CURVE('',#1690,#1662,#1692,.T.);
#1690 = VERTEX_POINT('',#1691);
#1691 = CARTESIAN_POINT('',(304.64708532011,-70.4,19.104829522597));
#1692 = SURFACE_CURVE('',#1693,(#1698,#1709),.PCURVE_S1.);
#1693 = ELLIPSE('',#1694,1.055731596341,1.05);
#1694 = AXIS2_PLACEMENT_3D('',#1695,#1696,#1697);
#1695 = CARTESIAN_POINT('',(303.59135821248,-70.4,19.105149758099));
#1696 = DIRECTION('',(0.,-1.,-0.));
#1697 = DIRECTION('',(-0.99960728133,-0.,2.802290335518E-02));
#1698 = PCURVE('',#554,#1699);
#1699 = DEFINITIONAL_REPRESENTATION('',(#1700),#1708);
#1700 = ( BOUNDED_CURVE() B_SPLINE_CURVE(2,(#1701,#1702,#1703,#1704,
#1705,#1706,#1707),.UNSPECIFIED.,.T.,.F.) B_SPLINE_CURVE_WITH_KNOTS((1,2
    ,2,2,2,1),(-2.094395102393,0.,2.094395102393,4.188790204786,
6.28318530718,8.377580409573),.UNSPECIFIED.) CURVE() 
GEOMETRIC_REPRESENTATION_ITEM() RATIONAL_B_SPLINE_CURVE((1.,0.5,1.,0.5,
1.,0.5,1.)) REPRESENTATION_ITEM('') );
#1701 = CARTESIAN_POINT('',(-83.46395877834,-59.13473442259));
#1702 = CARTESIAN_POINT('',(-83.51492272535,-57.31679529376));
#1703 = CARTESIAN_POINT('',(-81.9064652656,-58.18138786144));
#1704 = CARTESIAN_POINT('',(-80.29800780584,-59.04598042911));
#1705 = CARTESIAN_POINT('',(-81.85550131859,-59.99932699026));
#1706 = CARTESIAN_POINT('',(-83.41299483133,-60.95267355141));
#1707 = CARTESIAN_POINT('',(-83.46395877834,-59.13473442259));
#1708 = ( GEOMETRIC_REPRESENTATION_CONTEXT(2) 
PARAMETRIC_REPRESENTATION_CONTEXT() REPRESENTATION_CONTEXT('2D SPACE',''
  ) );
#1709 = PCURVE('',#1710,#1715);
#1710 = CYLINDRICAL_SURFACE('',#1711,1.05);
#1711 = AXIS2_PLACEMENT_3D('',#1712,#1713,#1714);
#1712 = CARTESIAN_POINT('',(303.64365191855,-69.9,19.103683760903));
#1713 = DIRECTION('',(-0.104019604147,-0.994570972053,2.916076511733E-03
    ));
#1714 = DIRECTION('',(0.994575200748,-0.104020046415,-5.421010862428E-20
    ));
#1715 = DEFINITIONAL_REPRESENTATION('',(#1716),#1723);
#1716 = B_SPLINE_CURVE_WITH_KNOTS('',5,(#1717,#1718,#1719,#1720,#1721,
    #1722),.UNSPECIFIED.,.F.,.F.,(6,6),(3.169467147868,4.007501344117),
  .PIECEWISE_BEZIER_KNOTS.);
#1717 = CARTESIAN_POINT('',(-6.28318530718,0.392912081938));
#1718 = CARTESIAN_POINT('',(-6.11557846793,0.393425276205));
#1719 = CARTESIAN_POINT('',(-5.94797162868,0.397793653738));
#1720 = CARTESIAN_POINT('',(-5.78036478943,0.405994182124));
#1721 = CARTESIAN_POINT('',(-5.612757950181,0.41752068082));
#1722 = CARTESIAN_POINT('',(-5.445151110931,0.431545784516));
#1723 = ( GEOMETRIC_REPRESENTATION_CONTEXT(2) 
PARAMETRIC_REPRESENTATION_CONTEXT() REPRESENTATION_CONTEXT('2D SPACE',''
  ) );
#1724 = ORIENTED_EDGE('',*,*,#1725,.F.);
#1725 = EDGE_CURVE('',#1726,#1690,#1728,.T.);
#1726 = VERTEX_POINT('',#1727);
#1727 = CARTESIAN_POINT('',(303.56193416396,-70.4,18.055562112705));
#1728 = SURFACE_CURVE('',#1729,(#1734,#1745),.PCURVE_S1.);
#1729 = ELLIPSE('',#1730,1.055731596341,1.05);
#1730 = AXIS2_PLACEMENT_3D('',#1731,#1732,#1733);
#1731 = CARTESIAN_POINT('',(303.59135821248,-70.4,19.105149758099));
#1732 = DIRECTION('',(0.,-1.,-0.));
#1733 = DIRECTION('',(-0.99960728133,-0.,2.802290335518E-02));
#1734 = PCURVE('',#554,#1735);
#1735 = DEFINITIONAL_REPRESENTATION('',(#1736),#1744);
#1736 = ( BOUNDED_CURVE() B_SPLINE_CURVE(2,(#1737,#1738,#1739,#1740,
#1741,#1742,#1743),.UNSPECIFIED.,.T.,.F.) B_SPLINE_CURVE_WITH_KNOTS((1,2
    ,2,2,2,1),(-2.094395102393,0.,2.094395102393,4.188790204786,
6.28318530718,8.377580409573),.UNSPECIFIED.) CURVE() 
GEOMETRIC_REPRESENTATION_ITEM() RATIONAL_B_SPLINE_CURVE((1.,0.5,1.,0.5,
1.,0.5,1.)) REPRESENTATION_ITEM('') );
#1737 = CARTESIAN_POINT('',(-83.46395877834,-59.13473442259));
#1738 = CARTESIAN_POINT('',(-83.51492272535,-57.31679529376));
#1739 = CARTESIAN_POINT('',(-81.9064652656,-58.18138786144));
#1740 = CARTESIAN_POINT('',(-80.29800780584,-59.04598042911));
#1741 = CARTESIAN_POINT('',(-81.85550131859,-59.99932699026));
#1742 = CARTESIAN_POINT('',(-83.41299483133,-60.95267355141));
#1743 = CARTESIAN_POINT('',(-83.46395877834,-59.13473442259));
#1744 = ( GEOMETRIC_REPRESENTATION_CONTEXT(2) 
PARAMETRIC_REPRESENTATION_CONTEXT() REPRESENTATION_CONTEXT('2D SPACE',''
  ) );
#1745 = PCURVE('',#1710,#1746);
#1746 = DEFINITIONAL_REPRESENTATION('',(#1747),#1762);
#1747 = B_SPLINE_CURVE_WITH_KNOTS('',7,(#1748,#1749,#1750,#1751,#1752,
    #1753,#1754,#1755,#1756,#1757,#1758,#1759,#1760,#1761),
  .UNSPECIFIED.,.F.,.F.,(8,6,8),(5.473025605209,7.462839030128,
    9.452652455048),.UNSPECIFIED.);
#1748 = CARTESIAN_POINT('',(-10.26281215701,0.578464870477));
#1749 = CARTESIAN_POINT('',(-9.978553096315,0.601086841015));
#1750 = CARTESIAN_POINT('',(-9.694294035613,0.616568209491));
#1751 = CARTESIAN_POINT('',(-9.41003497491,0.621931372304));
#1752 = CARTESIAN_POINT('',(-9.125775914208,0.615572664901));
#1753 = CARTESIAN_POINT('',(-8.841516853504,0.598403751143));
#1754 = CARTESIAN_POINT('',(-8.557257792802,0.573482980178));
#1755 = CARTESIAN_POINT('',(-7.988739671396,0.515742772283));
#1756 = CARTESIAN_POINT('',(-7.704480610693,0.482924786377));
#1757 = CARTESIAN_POINT('',(-7.420221549991,0.44996528732));
#1758 = CARTESIAN_POINT('',(-7.135962489288,0.421470039546));
#1759 = CARTESIAN_POINT('',(-6.851703428585,0.401524478339));
#1760 = CARTESIAN_POINT('',(-6.567444367882,0.392041711009));
#1761 = CARTESIAN_POINT('',(-6.28318530718,0.392912081938));
#1762 = ( GEOMETRIC_REPRESENTATION_CONTEXT(2) 
PARAMETRIC_REPRESENTATION_CONTEXT() REPRESENTATION_CONTEXT('2D SPACE',''
  ) );
#1763 = ORIENTED_EDGE('',*,*,#1764,.T.);
#1764 = EDGE_CURVE('',#1726,#1765,#1767,.T.);
#1765 = VERTEX_POINT('',#1766);
#1766 = CARTESIAN_POINT('',(303.54935655084,-70.4,17.606905044599));
#1767 = SURFACE_CURVE('',#1768,(#1772,#1779),.PCURVE_S1.);
#1768 = LINE('',#1769,#1770);
#1769 = CARTESIAN_POINT('',(302.79589154966,-70.4,-9.270006739133));
#1770 = VECTOR('',#1771,1.);
#1771 = DIRECTION('',(-2.802290335518E-02,0.,-0.99960728133));
#1772 = PCURVE('',#554,#1773);
#1773 = DEFINITIONAL_REPRESENTATION('',(#1774),#1778);
#1774 = LINE('',#1775,#1776);
#1775 = CARTESIAN_POINT('',(-83.20410845033,-30.72999326086));
#1776 = VECTOR('',#1777,1.);
#1777 = DIRECTION('',(-2.802290335518E-02,0.99960728133));
#1778 = ( GEOMETRIC_REPRESENTATION_CONTEXT(2) 
PARAMETRIC_REPRESENTATION_CONTEXT() REPRESENTATION_CONTEXT('2D SPACE',''
  ) );
#1779 = PCURVE('',#793,#1780);
#1780 = DEFINITIONAL_REPRESENTATION('',(#1781),#1785);
#1781 = LINE('',#1782,#1783);
#1782 = CARTESIAN_POINT('',(0.791151415863,28.375277142105));
#1783 = VECTOR('',#1784,1.);
#1784 = DIRECTION('',(2.787088473003E-02,0.999611531438));
#1785 = ( GEOMETRIC_REPRESENTATION_CONTEXT(2) 
PARAMETRIC_REPRESENTATION_CONTEXT() REPRESENTATION_CONTEXT('2D SPACE',''
  ) );
#1786 = ORIENTED_EDGE('',*,*,#1787,.F.);
#1787 = EDGE_CURVE('',#1788,#1765,#1790,.T.);
#1788 = VERTEX_POINT('',#1789);
#1789 = CARTESIAN_POINT('',(303.86331400064,-70.4,17.631195413352));
#1790 = SURFACE_CURVE('',#1791,(#1796,#1803),.PCURVE_S1.);
#1791 = CIRCLE('',#1792,1.498833333333);
#1792 = AXIS2_PLACEMENT_3D('',#1793,#1794,#1795);
#1793 = CARTESIAN_POINT('',(303.59135821248,-70.4,19.105149758099));
#1794 = DIRECTION('',(0.,1.,0.));
#1795 = DIRECTION('',(-0.,-0.,1.));
#1796 = PCURVE('',#554,#1797);
#1797 = DEFINITIONAL_REPRESENTATION('',(#1798),#1802);
#1798 = CIRCLE('',#1799,1.498833333333);
#1799 = AXIS2_PLACEMENT_2D('',#1800,#1801);
#1800 = CARTESIAN_POINT('',(-82.40864178751,-59.10514975809));
#1801 = DIRECTION('',(-0.,-1.));
#1802 = ( GEOMETRIC_REPRESENTATION_CONTEXT(2) 
PARAMETRIC_REPRESENTATION_CONTEXT() REPRESENTATION_CONTEXT('2D SPACE',''
  ) );
#1803 = PCURVE('',#1804,#1833);
#1804 = B_SPLINE_SURFACE_WITH_KNOTS('',13,1,(
    (#1805,#1806)
    ,(#1807,#1808)
    ,(#1809,#1810)
    ,(#1811,#1812)
    ,(#1813,#1814)
    ,(#1815,#1816)
    ,(#1817,#1818)
    ,(#1819,#1820)
    ,(#1821,#1822)
    ,(#1823,#1824)
    ,(#1825,#1826)
    ,(#1827,#1828)
    ,(#1829,#1830)
    ,(#1831,#1832
    )),.UNSPECIFIED.,.T.,.F.,.F.,(14,14),(2,2),(0.,6.28318530718),(0.,1.
    ),.PIECEWISE_BEZIER_KNOTS.);
#1805 = CARTESIAN_POINT('',(303.59135821248,-70.4,20.603983091432));
#1806 = CARTESIAN_POINT('',(291.08270372175,-190.,20.605816287289));
#1807 = CARTESIAN_POINT('',(304.31577725692,-70.39999999999,
    20.60398309143));
#1808 = CARTESIAN_POINT('',(291.63852396047,-189.9999999999,
    20.605816287288));
#1809 = CARTESIAN_POINT('',(305.04019659114,-70.40000000002,
    20.224676085388));
#1810 = CARTESIAN_POINT('',(292.19434442136,-190.0000000001,
    20.314787893904));
#1811 = CARTESIAN_POINT('',(305.54795412984,-70.39999999992,
    19.466084655182));
#1812 = CARTESIAN_POINT('',(292.58392821112,-189.9999999996,
    19.732748433391));
#1813 = CARTESIAN_POINT('',(305.62241466433,-70.40000000014,
    18.464216879548));
#1814 = CARTESIAN_POINT('',(292.64105905491,-190.0000000007,
    18.964051930342));
#1815 = CARTESIAN_POINT('',(305.14185434545,-70.39999999979,
    17.491773718957));
#1816 = CARTESIAN_POINT('',(292.27234269965,-189.9999999989,
    18.217931858281));
#1817 = CARTESIAN_POINT('',(304.17507536609,-70.40000000021,
    16.881330772054));
#1818 = CARTESIAN_POINT('',(291.5305685439,-190.0000000012,
    17.749561310786));
#1819 = CARTESIAN_POINT('',(303.00764105896,-70.39999999982,
    16.881330771919));
#1820 = CARTESIAN_POINT('',(290.63483889976,-189.9999999987,
    17.749561310676));
#1821 = CARTESIAN_POINT('',(302.04086207931,-70.40000000011,
    17.491773719065));
#1822 = CARTESIAN_POINT('',(289.89306474344,-190.0000000009,
    18.217931858368));
#1823 = CARTESIAN_POINT('',(301.56030176083,-70.39999999994,
    18.46421687948));
#1824 = CARTESIAN_POINT('',(289.52434838897,-189.9999999994,
    18.964051930288));
#1825 = CARTESIAN_POINT('',(301.63476229501,-70.40000000002,
    19.466084655215));
#1826 = CARTESIAN_POINT('',(289.58147923213,-190.0000000002,
    19.732748433416));
#1827 = CARTESIAN_POINT('',(302.14251983387,-70.39999999999,
    20.224676085376));
#1828 = CARTESIAN_POINT('',(289.97106302223,-189.9999999999,
    20.314787893895));
#1829 = CARTESIAN_POINT('',(302.86693916803,-70.4,20.603983091433));
#1830 = CARTESIAN_POINT('',(290.52688348299,-190.,20.60581628729));
#1831 = CARTESIAN_POINT('',(303.59135821248,-70.4,20.603983091432));
#1832 = CARTESIAN_POINT('',(291.08270372175,-190.,20.605816287289));
#1833 = DEFINITIONAL_REPRESENTATION('',(#1834),#1838);
#1834 = LINE('',#1835,#1836);
#1835 = CARTESIAN_POINT('',(0.,0.));
#1836 = VECTOR('',#1837,1.);
#1837 = DIRECTION('',(1.,0.));
#1838 = ( GEOMETRIC_REPRESENTATION_CONTEXT(2) 
PARAMETRIC_REPRESENTATION_CONTEXT() REPRESENTATION_CONTEXT('2D SPACE',''
  ) );
#1839 = ORIENTED_EDGE('',*,*,#1840,.F.);
#1840 = EDGE_CURVE('',#1841,#1788,#1843,.T.);
#1841 = VERTEX_POINT('',#1842);
#1842 = CARTESIAN_POINT('',(304.05976113297,-70.4,17.144971698733));
#1843 = SURFACE_CURVE('',#1844,(#1847,#1853),.PCURVE_S1.);
#1844 = B_SPLINE_CURVE_WITH_KNOTS('',1,(#1845,#1846),.UNSPECIFIED.,.F.,
  .F.,(2,2),(0.,1.),.PIECEWISE_BEZIER_KNOTS.);
#1845 = CARTESIAN_POINT('',(304.06111718453,-70.4,17.141615353346));
#1846 = CARTESIAN_POINT('',(303.59135821248,-70.4,18.304309609333));
#1847 = PCURVE('',#554,#1848);
#1848 = DEFINITIONAL_REPRESENTATION('',(#1849),#1852);
#1849 = B_SPLINE_CURVE_WITH_KNOTS('',1,(#1850,#1851),.UNSPECIFIED.,.F.,
  .F.,(2,2),(0.,1.),.PIECEWISE_BEZIER_KNOTS.);
#1850 = CARTESIAN_POINT('',(-81.93888281546,-57.14161535334));
#1851 = CARTESIAN_POINT('',(-82.40864178751,-58.30430960933));
#1852 = ( GEOMETRIC_REPRESENTATION_CONTEXT(2) 
PARAMETRIC_REPRESENTATION_CONTEXT() REPRESENTATION_CONTEXT('2D SPACE',''
  ) );
#1853 = PCURVE('',#1854,#1859);
#1854 = B_SPLINE_SURFACE_WITH_KNOTS('',1,1,(
    (#1855,#1856)
    ,(#1857,#1858
    )),.UNSPECIFIED.,.F.,.F.,.F.,(2,2),(2,2),(0.,6.471208456066),(0.,1.)
  ,.PIECEWISE_BEZIER_KNOTS.);
#1855 = CARTESIAN_POINT('',(303.41422016666,-69.,19.101044965951));
#1856 = CARTESIAN_POINT('',(290.65455588681,-191.,19.45874828168));
#1857 = CARTESIAN_POINT('',(305.83837752167,-69.,13.101044965951));
#1858 = CARTESIAN_POINT('',(293.07871324182,-191.,13.45874828168));
#1859 = DEFINITIONAL_REPRESENTATION('',(#1860),#1863);
#1860 = B_SPLINE_CURVE_WITH_KNOTS('',1,(#1861,#1862),.UNSPECIFIED.,.F.,
  .F.,(2,2),(0.,1.),.PIECEWISE_BEZIER_KNOTS.);
#1861 = CARTESIAN_POINT('',(2.117740073969,1.147540983607E-02));
#1862 = CARTESIAN_POINT('',(0.863733923775,1.147540983607E-02));
#1863 = ( GEOMETRIC_REPRESENTATION_CONTEXT(2) 
PARAMETRIC_REPRESENTATION_CONTEXT() REPRESENTATION_CONTEXT('2D SPACE',''
  ) );
#1864 = ORIENTED_EDGE('',*,*,#1865,.F.);
#1865 = EDGE_CURVE('',#1866,#1841,#1868,.T.);
#1866 = VERTEX_POINT('',#1867);
#1867 = CARTESIAN_POINT('',(326.10610617646,-70.4,17.403151141478));
#1868 = SURFACE_CURVE('',#1869,(#1977,#2088),.PCURVE_S1.);
#1869 = B_SPLINE_CURVE_WITH_KNOTS('',8,(#1870,#1871,#1872,#1873,#1874,
    #1875,#1876,#1877,#1878,#1879,#1880,#1881,#1882,#1883,#1884,#1885,
    #1886,#1887,#1888,#1889,#1890,#1891,#1892,#1893,#1894,#1895,#1896,
    #1897,#1898,#1899,#1900,#1901,#1902,#1903,#1904,#1905,#1906,#1907,
    #1908,#1909,#1910,#1911,#1912,#1913,#1914,#1915,#1916,#1917,#1918,
    #1919,#1920,#1921,#1922,#1923,#1924,#1925,#1926,#1927,#1928,#1929,
    #1930,#1931,#1932,#1933,#1934,#1935,#1936,#1937,#1938,#1939,#1940,
    #1941,#1942,#1943,#1944,#1945,#1946,#1947,#1948,#1949,#1950,#1951,
    #1952,#1953,#1954,#1955,#1956,#1957,#1958,#1959,#1960,#1961,#1962,
    #1963,#1964,#1965,#1966,#1967,#1968,#1969,#1970,#1971,#1972,#1973,
    #1974,#1975,#1976),.UNSPECIFIED.,.F.,.F.,(9,7,7,7,7,7,7,7,7,7,7,7,7,
    7,7,9),(0.,3.225778316823E-02,8.064453467366E-02,0.104837981169,
    0.133063672252,0.161289363489,0.201611781625,0.245966440612,
    0.366933694002,0.415320593778,0.512094393282,0.641126125939,
    0.70967423395,0.778222341986,0.8588671749,1.),.UNSPECIFIED.);
#1870 = CARTESIAN_POINT('',(326.10610617646,-70.4,17.403151141478));
#1871 = CARTESIAN_POINT('',(326.01545384954,-70.4,17.398037067664));
#1872 = CARTESIAN_POINT('',(325.92480148363,-70.4,17.392924295469));
#1873 = CARTESIAN_POINT('',(325.83414695884,-70.4,17.387849314711));
#1874 = CARTESIAN_POINT('',(325.74348852303,-70.4,17.382843604545));
#1875 = CARTESIAN_POINT('',(325.65282479182,-70.4,17.377933633455));
#1876 = CARTESIAN_POINT('',(325.56215474857,-70.4,17.373140859257));
#1877 = CARTESIAN_POINT('',(325.4714777444,-70.4,17.368481729102));
#1878 = CARTESIAN_POINT('',(325.24476691309,-70.4,17.357196594284));
#1879 = CARTESIAN_POINT('',(325.1087230954,-70.4,17.3507711767));
#1880 = CARTESIAN_POINT('',(324.97266197215,-70.4,17.344690803825));
#1881 = CARTESIAN_POINT('',(324.83658259402,-70.4,17.339090109773));
#1882 = CARTESIAN_POINT('',(324.70047669255,-70.4,17.33408792705));
#1883 = CARTESIAN_POINT('',(324.56436357472,-70.4,17.329332536737));
#1884 = CARTESIAN_POINT('',(324.4282364553,-70.4,17.324996594449));
#1885 = CARTESIAN_POINT('',(324.22403372124,-70.4,17.318954763983));
#1886 = CARTESIAN_POINT('',(324.15596366479,-70.4,17.317020878128));
#1887 = CARTESIAN_POINT('',(324.08789148388,-70.4,17.315162042254));
#1888 = CARTESIAN_POINT('',(324.01981739213,-70.4,17.313373428743));
#1889 = CARTESIAN_POINT('',(323.95174159553,-70.4,17.311650393942));
#1890 = CARTESIAN_POINT('',(323.88366429241,-70.4,17.309988478163));
#1891 = CARTESIAN_POINT('',(323.81558567348,-70.4,17.30838340568));
#1892 = CARTESIAN_POINT('',(323.66807953492,-70.4,17.305020043402));
#1893 = CARTESIAN_POINT('',(323.58865152195,-70.4,17.303282078427));
#1894 = CARTESIAN_POINT('',(323.50922201599,-70.4,17.301613362347));
#1895 = CARTESIAN_POINT('',(323.42979115,-70.4,17.30001007043));
#1896 = CARTESIAN_POINT('',(323.35035905679,-70.4,17.298468380666));
#1897 = CARTESIAN_POINT('',(323.27092586896,-70.4,17.296984473772));
#1898 = CARTESIAN_POINT('',(323.191491719,-70.4,17.295554533188));
#1899 = CARTESIAN_POINT('',(323.03262175892,-70.4,17.292794956963));
#1900 = CARTESIAN_POINT('',(322.9531859384,-70.4,17.291465414216));
#1901 = CARTESIAN_POINT('',(322.87374934773,-70.4,17.290182884883));
#1902 = CARTESIAN_POINT('',(322.79431205703,-70.4,17.288944137009));
#1903 = CARTESIAN_POINT('',(322.71487413639,-70.4,17.287745938639));
#1904 = CARTESIAN_POINT('',(322.63543565595,-70.4,17.286585057819));
#1905 = CARTESIAN_POINT('',(322.55599668581,-70.4,17.285458262592));
#1906 = CARTESIAN_POINT('',(322.36307244775,-70.4,17.282796690086));
#1907 = CARTESIAN_POINT('',(322.2495867667,-70.4,17.281293884079));
#1908 = CARTESIAN_POINT('',(322.13610044821,-70.4,17.279843785235));
#1909 = CARTESIAN_POINT('',(322.02261355267,-70.4,17.278441252952));
#1910 = CARTESIAN_POINT('',(321.90912612811,-70.4,17.277081563568));
#1911 = CARTESIAN_POINT('',(321.79563826289,-70.4,17.275758435771));
#1912 = CARTESIAN_POINT('',(321.68215006878,-70.4,17.274464641618));
#1913 = CARTESIAN_POINT('',(321.44382427527,-70.4,17.271798820886));
#1914 = CARTESIAN_POINT('',(321.31898663823,-70.4,17.270431016231));
#1915 = CARTESIAN_POINT('',(321.19414878685,-70.4,17.269084022532));
#1916 = CARTESIAN_POINT('',(321.06931063935,-70.4,17.267764726897));
#1917 = CARTESIAN_POINT('',(320.94447221748,-70.4,17.266471885105));
#1918 = CARTESIAN_POINT('',(320.81963356766,-70.4,17.265202206237));
#1919 = CARTESIAN_POINT('',(320.69479464235,-70.4,17.263959698788));
#1920 = CARTESIAN_POINT('',(320.22948499427,-70.4,17.259423500388));
#1921 = CARTESIAN_POINT('',(319.8890126516,-70.4,17.256297189198));
#1922 = CARTESIAN_POINT('',(319.54853867206,-70.4,17.253345469288));
#1923 = CARTESIAN_POINT('',(319.20806359062,-70.4,17.250532042491));
#1924 = CARTESIAN_POINT('',(318.86758757312,-70.4,17.24783925062));
#1925 = CARTESIAN_POINT('',(318.5271106721,-70.4,17.245256722072));
#1926 = CARTESIAN_POINT('',(318.18663317719,-70.4,17.242761185429));
#1927 = CARTESIAN_POINT('',(317.70996404857,-70.4,17.239352823894));
#1928 = CARTESIAN_POINT('',(317.5737728024,-70.4,17.238388646977));
#1929 = CARTESIAN_POINT('',(317.43758149311,-70.4,17.237433305542));
#1930 = CARTESIAN_POINT('',(317.30139013788,-70.4,17.236484532209));
#1931 = CARTESIAN_POINT('',(317.16519875146,-70.4,17.235540362697));
#1932 = CARTESIAN_POINT('',(317.02900734052,-70.4,17.234599903939));
#1933 = CARTESIAN_POINT('',(316.89281590519,-70.4,17.233663105001));
#1934 = CARTESIAN_POINT('',(316.48424153362,-70.4,17.230862382432));
#1935 = CARTESIAN_POINT('',(316.21185853781,-70.4,17.229007243631));
#1936 = CARTESIAN_POINT('',(315.93947545985,-70.4,17.227164233275));
#1937 = CARTESIAN_POINT('',(315.66709239386,-70.4,17.225319346217));
#1938 = CARTESIAN_POINT('',(315.39470931677,-70.4,17.223476076365));
#1939 = CARTESIAN_POINT('',(315.12232618018,-70.4,17.221641665023));
#1940 = CARTESIAN_POINT('',(314.84994302359,-70.4,17.219810206651));
#1941 = CARTESIAN_POINT('',(314.21438222924,-70.4,17.215551027521));
#1942 = CARTESIAN_POINT('',(313.85120456363,-70.4,17.213127517029));
#1943 = CARTESIAN_POINT('',(313.48802685292,-70.4,17.210710745712));
#1944 = CARTESIAN_POINT('',(313.12484909536,-70.4,17.208301049005));
#1945 = CARTESIAN_POINT('',(312.76167130243,-70.4,17.20589672893));
#1946 = CARTESIAN_POINT('',(312.3984935112,-70.4,17.20349216742));
#1947 = CARTESIAN_POINT('',(312.03531577018,-70.4,17.201079988813));
#1948 = CARTESIAN_POINT('',(311.47919996084,-70.4,17.197370202928));
#1949 = CARTESIAN_POINT('',(311.28626184337,-70.4,17.196080038118));
#1950 = CARTESIAN_POINT('',(311.09332375193,-70.4,17.194785979782));
#1951 = CARTESIAN_POINT('',(310.900385692,-70.4,17.193487233459));
#1952 = CARTESIAN_POINT('',(310.70744766912,-70.4,17.19218300751));
#1953 = CARTESIAN_POINT('',(310.51450968884,-70.4,17.19087251312));
#1954 = CARTESIAN_POINT('',(310.32157175672,-70.4,17.189554964297));
#1955 = CARTESIAN_POINT('',(309.93569599993,-70.4,17.186904191452));
#1956 = CARTESIAN_POINT('',(309.74275817434,-70.4,17.185571104423));
#1957 = CARTESIAN_POINT('',(309.54982039874,-70.4,17.184230776852));
#1958 = CARTESIAN_POINT('',(309.35688267022,-70.4,17.182883668807));
#1959 = CARTESIAN_POINT('',(309.16394498586,-70.4,17.181530240351));
#1960 = CARTESIAN_POINT('',(308.97100734272,-70.4,17.180170951551));
#1961 = CARTESIAN_POINT('',(308.77806973782,-70.4,17.178806262472));
#1962 = CARTESIAN_POINT('',(308.35814679223,-70.4,17.175825304597));
#1963 = CARTESIAN_POINT('',(308.13116146565,-70.4,17.174207069372));
#1964 = CARTESIAN_POINT('',(307.90417617938,-70.4,17.172583198966));
#1965 = CARTESIAN_POINT('',(307.67719092454,-70.4,17.170954944685));
#1966 = CARTESIAN_POINT('',(307.45020569232,-70.4,17.169323537688));
#1967 = CARTESIAN_POINT('',(307.22322047408,-70.4,17.167690188973));
#1968 = CARTESIAN_POINT('',(306.99623526125,-70.4,17.166056089391));
#1969 = CARTESIAN_POINT('',(306.37201362475,-70.4,17.161563381587));
#1970 = CARTESIAN_POINT('',(305.97477720857,-70.4,17.158703726046));
#1971 = CARTESIAN_POINT('',(305.5775407698,-70.4,17.15584722155));
#1972 = CARTESIAN_POINT('',(305.18030429453,-70.4,17.152995805775));
#1973 = CARTESIAN_POINT('',(304.78306778208,-70.4,17.150149575538));
#1974 = CARTESIAN_POINT('',(304.38583124493,-70.4,17.147306786798));
#1975 = CARTESIAN_POINT('',(303.98859470878,-70.4,17.144463854654));
#1976 = CARTESIAN_POINT('',(303.59135821248,-70.4,17.141615353346));
#1977 = PCURVE('',#554,#1978);
#1978 = DEFINITIONAL_REPRESENTATION('',(#1979),#2087);
#1979 = B_SPLINE_CURVE_WITH_KNOTS('',8,(#1980,#1981,#1982,#1983,#1984,
    #1985,#1986,#1987,#1988,#1989,#1990,#1991,#1992,#1993,#1994,#1995,
    #1996,#1997,#1998,#1999,#2000,#2001,#2002,#2003,#2004,#2005,#2006,
    #2007,#2008,#2009,#2010,#2011,#2012,#2013,#2014,#2015,#2016,#2017,
    #2018,#2019,#2020,#2021,#2022,#2023,#2024,#2025,#2026,#2027,#2028,
    #2029,#2030,#2031,#2032,#2033,#2034,#2035,#2036,#2037,#2038,#2039,
    #2040,#2041,#2042,#2043,#2044,#2045,#2046,#2047,#2048,#2049,#2050,
    #2051,#2052,#2053,#2054,#2055,#2056,#2057,#2058,#2059,#2060,#2061,
    #2062,#2063,#2064,#2065,#2066,#2067,#2068,#2069,#2070,#2071,#2072,
    #2073,#2074,#2075,#2076,#2077,#2078,#2079,#2080,#2081,#2082,#2083,
    #2084,#2085,#2086),.UNSPECIFIED.,.F.,.F.,(9,7,7,7,7,7,7,7,7,7,7,7,7,
    7,7,9),(0.,3.225778316823E-02,8.064453467366E-02,0.104837981169,
    0.133063672252,0.161289363489,0.201611781625,0.245966440612,
    0.366933694002,0.415320593778,0.512094393282,0.641126125939,
    0.70967423395,0.778222341986,0.8588671749,1.),.UNSPECIFIED.);
#1980 = CARTESIAN_POINT('',(-59.89389382353,-57.40315114147));
#1981 = CARTESIAN_POINT('',(-59.98454615045,-57.39803706766));
#1982 = CARTESIAN_POINT('',(-60.07519851636,-57.39292429546));
#1983 = CARTESIAN_POINT('',(-60.16585304115,-57.38784931471));
#1984 = CARTESIAN_POINT('',(-60.25651147696,-57.38284360454));
#1985 = CARTESIAN_POINT('',(-60.34717520817,-57.37793363345));
#1986 = CARTESIAN_POINT('',(-60.43784525142,-57.37314085925));
#1987 = CARTESIAN_POINT('',(-60.52852225559,-57.3684817291));
#1988 = CARTESIAN_POINT('',(-60.7552330869,-57.35719659428));
#1989 = CARTESIAN_POINT('',(-60.89127690459,-57.3507711767));
#1990 = CARTESIAN_POINT('',(-61.02733802784,-57.34469080382));
#1991 = CARTESIAN_POINT('',(-61.16341740597,-57.33909010977));
#1992 = CARTESIAN_POINT('',(-61.29952330744,-57.33408792705));
#1993 = CARTESIAN_POINT('',(-61.43563642527,-57.32933253673));
#1994 = CARTESIAN_POINT('',(-61.57176354469,-57.32499659444));
#1995 = CARTESIAN_POINT('',(-61.77596627875,-57.31895476398));
#1996 = CARTESIAN_POINT('',(-61.8440363352,-57.31702087812));
#1997 = CARTESIAN_POINT('',(-61.91210851611,-57.31516204225));
#1998 = CARTESIAN_POINT('',(-61.98018260786,-57.31337342874));
#1999 = CARTESIAN_POINT('',(-62.04825840446,-57.31165039394));
#2000 = CARTESIAN_POINT('',(-62.11633570758,-57.30998847816));
#2001 = CARTESIAN_POINT('',(-62.18441432651,-57.30838340568));
#2002 = CARTESIAN_POINT('',(-62.33192046507,-57.3050200434));
#2003 = CARTESIAN_POINT('',(-62.41134847804,-57.30328207842));
#2004 = CARTESIAN_POINT('',(-62.490777984,-57.30161336234));
#2005 = CARTESIAN_POINT('',(-62.57020884999,-57.30001007043));
#2006 = CARTESIAN_POINT('',(-62.64964094321,-57.29846838066));
#2007 = CARTESIAN_POINT('',(-62.72907413103,-57.29698447377));
#2008 = CARTESIAN_POINT('',(-62.80850828099,-57.29555453318));
#2009 = CARTESIAN_POINT('',(-62.96737824107,-57.29279495696));
#2010 = CARTESIAN_POINT('',(-63.04681406159,-57.29146541421));
#2011 = CARTESIAN_POINT('',(-63.12625065226,-57.29018288488));
#2012 = CARTESIAN_POINT('',(-63.20568794297,-57.288944137));
#2013 = CARTESIAN_POINT('',(-63.2851258636,-57.28774593863));
#2014 = CARTESIAN_POINT('',(-63.36456434404,-57.28658505781));
#2015 = CARTESIAN_POINT('',(-63.44400331418,-57.28545826259));
#2016 = CARTESIAN_POINT('',(-63.63692755224,-57.28279669008));
#2017 = CARTESIAN_POINT('',(-63.75041323329,-57.28129388407));
#2018 = CARTESIAN_POINT('',(-63.86389955179,-57.27984378523));
#2019 = CARTESIAN_POINT('',(-63.97738644732,-57.27844125295));
#2020 = CARTESIAN_POINT('',(-64.09087387188,-57.27708156356));
#2021 = CARTESIAN_POINT('',(-64.2043617371,-57.27575843577));
#2022 = CARTESIAN_POINT('',(-64.31784993121,-57.27446464161));
#2023 = CARTESIAN_POINT('',(-64.55617572472,-57.27179882088));
#2024 = CARTESIAN_POINT('',(-64.68101336176,-57.27043101623));
#2025 = CARTESIAN_POINT('',(-64.80585121314,-57.26908402253));
#2026 = CARTESIAN_POINT('',(-64.93068936064,-57.26776472689));
#2027 = CARTESIAN_POINT('',(-65.05552778251,-57.2664718851));
#2028 = CARTESIAN_POINT('',(-65.18036643233,-57.26520220623));
#2029 = CARTESIAN_POINT('',(-65.30520535764,-57.26395969878));
#2030 = CARTESIAN_POINT('',(-65.77051500572,-57.25942350038));
#2031 = CARTESIAN_POINT('',(-66.11098734839,-57.25629718919));
#2032 = CARTESIAN_POINT('',(-66.45146132793,-57.25334546928));
#2033 = CARTESIAN_POINT('',(-66.79193640937,-57.25053204249));
#2034 = CARTESIAN_POINT('',(-67.13241242687,-57.24783925062));
#2035 = CARTESIAN_POINT('',(-67.47288932789,-57.24525672207));
#2036 = CARTESIAN_POINT('',(-67.8133668228,-57.24276118542));
#2037 = CARTESIAN_POINT('',(-68.29003595142,-57.23935282389));
#2038 = CARTESIAN_POINT('',(-68.42622719759,-57.23838864697));
#2039 = CARTESIAN_POINT('',(-68.56241850688,-57.23743330554));
#2040 = CARTESIAN_POINT('',(-68.69860986211,-57.2364845322));
#2041 = CARTESIAN_POINT('',(-68.83480124853,-57.23554036269));
#2042 = CARTESIAN_POINT('',(-68.97099265947,-57.23459990393));
#2043 = CARTESIAN_POINT('',(-69.1071840948,-57.233663105));
#2044 = CARTESIAN_POINT('',(-69.51575846637,-57.23086238243));
#2045 = CARTESIAN_POINT('',(-69.78814146218,-57.22900724363));
#2046 = CARTESIAN_POINT('',(-70.06052454014,-57.22716423327));
#2047 = CARTESIAN_POINT('',(-70.33290760613,-57.22531934621));
#2048 = CARTESIAN_POINT('',(-70.60529068322,-57.22347607636));
#2049 = CARTESIAN_POINT('',(-70.87767381981,-57.22164166502));
#2050 = CARTESIAN_POINT('',(-71.1500569764,-57.21981020665));
#2051 = CARTESIAN_POINT('',(-71.78561777075,-57.21555102752));
#2052 = CARTESIAN_POINT('',(-72.14879543636,-57.21312751702));
#2053 = CARTESIAN_POINT('',(-72.51197314707,-57.21071074571));
#2054 = CARTESIAN_POINT('',(-72.87515090463,-57.208301049));
#2055 = CARTESIAN_POINT('',(-73.23832869756,-57.20589672893));
#2056 = CARTESIAN_POINT('',(-73.60150648879,-57.20349216742));
#2057 = CARTESIAN_POINT('',(-73.96468422982,-57.20107998881));
#2058 = CARTESIAN_POINT('',(-74.52080003915,-57.19737020292));
#2059 = CARTESIAN_POINT('',(-74.71373815662,-57.19608003811));
#2060 = CARTESIAN_POINT('',(-74.90667624806,-57.19478597978));
#2061 = CARTESIAN_POINT('',(-75.09961430799,-57.19348723345));
#2062 = CARTESIAN_POINT('',(-75.29255233087,-57.19218300751));
#2063 = CARTESIAN_POINT('',(-75.48549031115,-57.19087251312));
#2064 = CARTESIAN_POINT('',(-75.67842824327,-57.18955496429));
#2065 = CARTESIAN_POINT('',(-76.06430400006,-57.18690419145));
#2066 = CARTESIAN_POINT('',(-76.25724182565,-57.18557110442));
#2067 = CARTESIAN_POINT('',(-76.45017960126,-57.18423077685));
#2068 = CARTESIAN_POINT('',(-76.64311732977,-57.1828836688));
#2069 = CARTESIAN_POINT('',(-76.83605501413,-57.18153024035));
#2070 = CARTESIAN_POINT('',(-77.02899265727,-57.18017095155));
#2071 = CARTESIAN_POINT('',(-77.22193026218,-57.17880626247));
#2072 = CARTESIAN_POINT('',(-77.64185320776,-57.17582530459));
#2073 = CARTESIAN_POINT('',(-77.86883853434,-57.17420706937));
#2074 = CARTESIAN_POINT('',(-78.09582382061,-57.17258319896));
#2075 = CARTESIAN_POINT('',(-78.32280907546,-57.17095494468));
#2076 = CARTESIAN_POINT('',(-78.54979430767,-57.16932353768));
#2077 = CARTESIAN_POINT('',(-78.77677952591,-57.16769018897));
#2078 = CARTESIAN_POINT('',(-79.00376473874,-57.16605608939));
#2079 = CARTESIAN_POINT('',(-79.62798637524,-57.16156338158));
#2080 = CARTESIAN_POINT('',(-80.02522279142,-57.15870372604));
#2081 = CARTESIAN_POINT('',(-80.42245923019,-57.15584722155));
#2082 = CARTESIAN_POINT('',(-80.81969570546,-57.15299580577));
#2083 = CARTESIAN_POINT('',(-81.21693221791,-57.15014957553));
#2084 = CARTESIAN_POINT('',(-81.61416875506,-57.14730678679));
#2085 = CARTESIAN_POINT('',(-82.01140529121,-57.14446385465));
#2086 = CARTESIAN_POINT('',(-82.40864178751,-57.14161535334));
#2087 = ( GEOMETRIC_REPRESENTATION_CONTEXT(2) 
PARAMETRIC_REPRESENTATION_CONTEXT() REPRESENTATION_CONTEXT('2D SPACE',''
  ) );
#2088 = PCURVE('',#2089,#2370);
#2089 = B_SPLINE_SURFACE_WITH_KNOTS('',3,1,(
    (#2090,#2091)
    ,(#2092,#2093)
    ,(#2094,#2095)
    ,(#2096,#2097)
    ,(#2098,#2099)
    ,(#2100,#2101)
    ,(#2102,#2103)
    ,(#2104,#2105)
    ,(#2106,#2107)
    ,(#2108,#2109)
    ,(#2110,#2111)
    ,(#2112,#2113)
    ,(#2114,#2115)
    ,(#2116,#2117)
    ,(#2118,#2119)
    ,(#2120,#2121)
    ,(#2122,#2123)
    ,(#2124,#2125)
    ,(#2126,#2127)
    ,(#2128,#2129)
    ,(#2130,#2131)
    ,(#2132,#2133)
    ,(#2134,#2135)
    ,(#2136,#2137)
    ,(#2138,#2139)
    ,(#2140,#2141)
    ,(#2142,#2143)
    ,(#2144,#2145)
    ,(#2146,#2147)
    ,(#2148,#2149)
    ,(#2150,#2151)
    ,(#2152,#2153)
    ,(#2154,#2155)
    ,(#2156,#2157)
    ,(#2158,#2159)
    ,(#2160,#2161)
    ,(#2162,#2163)
    ,(#2164,#2165)
    ,(#2166,#2167)
    ,(#2168,#2169)
    ,(#2170,#2171)
    ,(#2172,#2173)
    ,(#2174,#2175)
    ,(#2176,#2177)
    ,(#2178,#2179)
    ,(#2180,#2181)
    ,(#2182,#2183)
    ,(#2184,#2185)
    ,(#2186,#2187)
    ,(#2188,#2189)
    ,(#2190,#2191)
    ,(#2192,#2193)
    ,(#2194,#2195)
    ,(#2196,#2197)
    ,(#2198,#2199)
    ,(#2200,#2201)
    ,(#2202,#2203)
    ,(#2204,#2205)
    ,(#2206,#2207)
    ,(#2208,#2209)
    ,(#2210,#2211)
    ,(#2212,#2213)
    ,(#2214,#2215)
    ,(#2216,#2217)
    ,(#2218,#2219)
    ,(#2220,#2221)
    ,(#2222,#2223)
    ,(#2224,#2225)
    ,(#2226,#2227)
    ,(#2228,#2229)
    ,(#2230,#2231)
    ,(#2232,#2233)
    ,(#2234,#2235)
    ,(#2236,#2237)
    ,(#2238,#2239)
    ,(#2240,#2241)
    ,(#2242,#2243)
    ,(#2244,#2245)
    ,(#2246,#2247)
    ,(#2248,#2249)
    ,(#2250,#2251)
    ,(#2252,#2253)
    ,(#2254,#2255)
    ,(#2256,#2257)
    ,(#2258,#2259)
    ,(#2260,#2261)
    ,(#2262,#2263)
    ,(#2264,#2265)
    ,(#2266,#2267)
    ,(#2268,#2269)
    ,(#2270,#2271)
    ,(#2272,#2273)
    ,(#2274,#2275)
    ,(#2276,#2277)
    ,(#2278,#2279)
    ,(#2280,#2281)
    ,(#2282,#2283)
    ,(#2284,#2285)
    ,(#2286,#2287)
    ,(#2288,#2289)
    ,(#2290,#2291)
    ,(#2292,#2293)
    ,(#2294,#2295)
    ,(#2296,#2297)
    ,(#2298,#2299)
    ,(#2300,#2301)
    ,(#2302,#2303)
    ,(#2304,#2305)
    ,(#2306,#2307)
    ,(#2308,#2309)
    ,(#2310,#2311)
    ,(#2312,#2313)
    ,(#2314,#2315)
    ,(#2316,#2317)
    ,(#2318,#2319)
    ,(#2320,#2321)
    ,(#2322,#2323)
    ,(#2324,#2325)
    ,(#2326,#2327)
    ,(#2328,#2329)
    ,(#2330,#2331)
    ,(#2332,#2333)
    ,(#2334,#2335)
    ,(#2336,#2337)
    ,(#2338,#2339)
    ,(#2340,#2341)
    ,(#2342,#2343)
    ,(#2344,#2345)
    ,(#2346,#2347)
    ,(#2348,#2349)
    ,(#2350,#2351)
    ,(#2352,#2353)
    ,(#2354,#2355)
    ,(#2356,#2357)
    ,(#2358,#2359)
    ,(#2360,#2361)
    ,(#2362,#2363)
    ,(#2364,#2365)
    ,(#2366,#2367)
    ,(#2368,#2369
    )),.UNSPECIFIED.,.F.,.F.,.F.,(4,1,1,1,1,1,1,1,1,1,1,1,1,1,1,1,1,1,1,
    1,1,1,1,1,1,1,1,1,1,1,1,1,1,1,1,1,1,1,1,1,1,1,1,1,1,1,1,1,1,1,1,1,1,
    1,1,1,1,1,1,1,1,1,1,1,1,1,1,1,1,1,1,1,1,1,1,1,1,1,1,1,1,1,1,1,1,1,1,
    1,1,1,1,1,1,1,1,1,1,1,1,1,1,1,1,1,1,1,1,1,1,1,1,1,1,1,1,1,1,1,1,1,1,
    1,1,1,1,1,1,1,1,1,1,1,1,1,1,1,1,4),(2,2),(0.,5.227199283708E-02,
    5.228163034791E-02,0.208571669093,0.208690805024,0.469033501114,
    0.469402401401,0.833374956258,0.83407891605,1.300243574032,
    1.301334553178,1.870375085619,1.871877048132,2.541877062609,
    2.543800356151,3.310528476366,3.312879827205,4.175976265618,
    4.178751734952,5.137672611048,5.140861373769,6.193511244512,
    6.197095922781,7.340538837512,7.344498512069,8.576453044924,
    8.580759699683,9.898904326015,9.903523836875,11.305231790644,
    11.310126191648,12.792362750159,12.797492998245,14.357215320878,
    14.362542440214,15.996589969934,16.00207669866,17.707090017834,
    17.712700723791,19.48518376093,19.490883996243,21.327173335585,
    21.332930698437,23.229269998317,23.235054477556,25.187520787197,
    25.193305219365,27.19788152467,27.203640362143,29.256186085355,
    29.261895608188,31.358177058773,31.363815267867,33.499500392447,
    33.505047206127,35.67572009809,35.681157211548,37.882330733519,
    37.887641477619,40.114761662872,40.119931350926,42.368393889953,
    42.373410200478,44.638558562445,44.643411565772,46.920554096082,
    46.925235475281,49.209653658285,49.214156565372,51.50111639354,
    51.505435672748,53.790196425522,53.794328758493,56.072151265617,
    56.076094832319,58.34225269558,58.346006583587,60.595796965598,
    60.599361179719,62.828115175562,62.831490912697,65.034582308016,
    65.037771958161,67.210625699985,67.213632289389,69.351734877801,
    69.354561677063,71.453471925436,71.456122518352,73.511480852888,
    73.513959273154,75.521496212461,75.523806887908,77.479351408696,
    77.481498876883,79.380987853877,79.382976715017,81.222464486354,
    81.224299841714,82.999965716978,83.001653492871,84.70980787288,
    84.711354475404,86.348445936095,86.34985759532,87.912482486433,
    87.913765273628,89.398675571692,89.399835680982,90.803944895126,
    90.804988748612,92.125376425403,92.126310165354,93.360229087845,
    93.361058138546,94.505942655466,94.506672117562,95.560141612172,
    95.560776684053,96.520640880951,96.521186953044,97.385445259387,
    97.385905926497,98.152771007859,98.153148308237,98.821019147599,
    98.821314897727,99.388782650431,99.388999367286,99.85490979693,
    99.855053404694,100.21845400433,100.21853633587,100.47866322344,
    100.47870012757,100.63500268761,100.635011935,100.68715174192),(0.,
    1.),.UNSPECIFIED.);
#2090 = CARTESIAN_POINT('',(236.00004211951,0.,20.960345956879));
#2091 = CARTESIAN_POINT('',(236.00002941647,-215.,20.972240245888));
#2092 = CARTESIAN_POINT('',(235.99951208495,0.,20.942703000043));
#2093 = CARTESIAN_POINT('',(235.99965950116,-215.,20.959890314476));
#2094 = CARTESIAN_POINT('',(236.00065280957,0.,20.92532409036));
#2095 = CARTESIAN_POINT('',(236.0004574692,-215.,20.947724972728));
#2096 = CARTESIAN_POINT('',(236.01134794702,0.,20.856895035363));
#2097 = CARTESIAN_POINT('',(236.00793669356,-215.,20.899823490848));
#2098 = CARTESIAN_POINT('',(236.03314412779,0.,20.807599289316));
#2099 = CARTESIAN_POINT('',(236.02317699066,-215.,20.865313840257));
#2100 = CARTESIAN_POINT('',(236.10601989297,0.,20.68775423841));
#2101 = CARTESIAN_POINT('',(236.07412855831,-215.,20.781382159091));
#2102 = CARTESIAN_POINT('',(236.16705335237,0.,20.624724359318));
#2103 = CARTESIAN_POINT('',(236.11678846739,-215.,20.737207500004));
#2104 = CARTESIAN_POINT('',(236.32090219721,0.,20.483372797399));
#2105 = CARTESIAN_POINT('',(236.22435463107,-215.,20.638124610907));
#2106 = CARTESIAN_POINT('',(236.4170714748,0.,20.408611342183));
#2107 = CARTESIAN_POINT('',(236.29159631606,-215.,20.585691711438));
#2108 = CARTESIAN_POINT('',(236.64388852468,0.,20.249682095891));
#2109 = CARTESIAN_POINT('',(236.45019713153,-215.,20.474195234876));
#2110 = CARTESIAN_POINT('',(236.77735886986,0.,20.168260033102));
#2111 = CARTESIAN_POINT('',(236.54352916527,-215.,20.417043514142));
#2112 = CARTESIAN_POINT('',(237.07998504225,0.,20.001303728599));
#2113 = CARTESIAN_POINT('',(236.75516503972,-215.,20.299806013105));
#2114 = CARTESIAN_POINT('',(237.25166184459,0.,19.918188790536));
#2115 = CARTESIAN_POINT('',(236.87523287257,-215.,20.241407617839));
#2116 = CARTESIAN_POINT('',(237.62921606042,0.,19.749314789797));
#2117 = CARTESIAN_POINT('',(237.13930721571,-215.,20.122715997901));
#2118 = CARTESIAN_POINT('',(237.83735240844,0.,19.664981931395));
#2119 = CARTESIAN_POINT('',(237.28489339525,-215.,20.063413812782));
#2120 = CARTESIAN_POINT('',(238.28530628717,0.,19.493605781681));
#2121 = CARTESIAN_POINT('',(237.59824132847,-215.,19.942874425032));
#2122 = CARTESIAN_POINT('',(238.52740109594,0.,19.407146860306));
#2123 = CARTESIAN_POINT('',(237.76759466034,-215.,19.882036201679));
#2124 = CARTESIAN_POINT('',(239.04336107295,0.,19.234491096581));
#2125 = CARTESIAN_POINT('',(238.1285382135,-215.,19.760492684989));
#2126 = CARTESIAN_POINT('',(239.31988917827,0.,19.14885335333));
#2127 = CARTESIAN_POINT('',(238.3219932374,-215.,19.700175917498));
#2128 = CARTESIAN_POINT('',(239.90384608256,0.,18.978459642757));
#2129 = CARTESIAN_POINT('',(238.73053522445,-215.,19.580116998488));
#2130 = CARTESIAN_POINT('',(240.2142427328,0.,18.893994344612));
#2131 = CARTESIAN_POINT('',(238.9476988718,-215.,19.520571520838));
#2132 = CARTESIAN_POINT('',(240.86487539217,0.,18.727458095228));
#2133 = CARTESIAN_POINT('',(239.40291630778,-215.,19.403112636431));
#2134 = CARTESIAN_POINT('',(241.20843884477,0.,18.645558794931));
#2135 = CARTESIAN_POINT('',(239.64329932238,-215.,19.345314919867));
#2136 = CARTESIAN_POINT('',(241.92375388309,0.,18.484355508223));
#2137 = CARTESIAN_POINT('',(240.1438010596,-215.,19.231498405858));
#2138 = CARTESIAN_POINT('',(242.29916619345,0.,18.40502957401));
#2139 = CARTESIAN_POINT('',(240.40648138133,-215.,19.175456257561));
#2140 = CARTESIAN_POINT('',(243.07711901156,0.,18.250576159252));
#2141 = CARTESIAN_POINT('',(240.95083684866,-215.,19.06626981405));
#2142 = CARTESIAN_POINT('',(243.48368026886,0.,18.175417959587));
#2143 = CARTESIAN_POINT('',(241.23532641292,-215.,19.013098527219));
#2144 = CARTESIAN_POINT('',(244.32270669099,0.,18.030261866807));
#2145 = CARTESIAN_POINT('',(241.82244528133,-215.,18.910330678323));
#2146 = CARTESIAN_POINT('',(244.75952001339,0.,17.960206566472));
#2147 = CARTESIAN_POINT('',(242.12811801834,-215.,18.860687517306));
#2148 = CARTESIAN_POINT('',(245.65771779583,0.,17.825959807722));
#2149 = CARTESIAN_POINT('',(242.75667144063,-215.,18.765471106841));
#2150 = CARTESIAN_POINT('',(246.12374826683,0.,17.76169358945));
#2151 = CARTESIAN_POINT('',(243.08280412056,-215.,18.719839168402));
#2152 = CARTESIAN_POINT('',(247.07887734018,0.,17.639115412486));
#2153 = CARTESIAN_POINT('',(243.75122572185,-215.,18.63271247379));
#2154 = CARTESIAN_POINT('',(247.57288296311,0.,17.580696963221));
#2155 = CARTESIAN_POINT('',(244.09694921526,-215.,18.591135761757));
#2156 = CARTESIAN_POINT('',(248.58252929837,0.,17.469890200459));
#2157 = CARTESIAN_POINT('',(244.80354935409,-215.,18.512174699382));
#2158 = CARTESIAN_POINT('',(249.1033046481,0.,17.417385306357));
#2159 = CARTESIAN_POINT('',(245.16801999346,-215.,18.474701647638));
#2160 = CARTESIAN_POINT('',(250.16504390151,0.,17.318049105198));
#2161 = CARTESIAN_POINT('',(245.91110142299,-215.,18.403701519261));
#2162 = CARTESIAN_POINT('',(250.71133287248,0.,17.271085304157));
#2163 = CARTESIAN_POINT('',(246.29343944547,-215.,18.370073789051));
#2164 = CARTESIAN_POINT('',(251.8226712533,0.,17.182577343518));
#2165 = CARTESIAN_POINT('',(247.0712554941,-215.,18.306588214088));
#2166 = CARTESIAN_POINT('',(252.39320203958,0.,17.140900818684));
#2167 = CARTESIAN_POINT('',(247.47057021624,-215.,18.27662968082));
#2168 = CARTESIAN_POINT('',(253.55161802972,0.,17.062857060859));
#2169 = CARTESIAN_POINT('',(248.2813552148,-215.,18.220406801204));
#2170 = CARTESIAN_POINT('',(254.14510693054,0.,17.026371026629));
#2171 = CARTESIAN_POINT('',(248.69674788248,-215.,18.194051647397));
#2172 = CARTESIAN_POINT('',(255.34801399316,0.,16.958335207381));
#2173 = CARTESIAN_POINT('',(249.53869064615,-215.,18.144776953511));
#2174 = CARTESIAN_POINT('',(255.96312427536,0.,16.926675089574));
#2175 = CARTESIAN_POINT('',(249.96922502999,-215.,18.121772117813));
#2176 = CARTESIAN_POINT('',(257.20787243213,0.,16.867954911934));
#2177 = CARTESIAN_POINT('',(250.84046954099,-215.,18.07896447542));
#2178 = CARTESIAN_POINT('',(257.84325931347,0.,16.840796973968));
#2179 = CARTESIAN_POINT('',(251.28520381865,-215.,18.05908535552));
#2180 = CARTESIAN_POINT('',(259.12714205518,0.,16.790523116036));
#2181 = CARTESIAN_POINT('',(252.18385430522,-215.,18.0221408461));
#2182 = CARTESIAN_POINT('',(259.78141412895,0.,16.767316422976));
#2183 = CARTESIAN_POINT('',(252.64181370212,-215.,18.005003452034));
#2184 = CARTESIAN_POINT('',(261.10167432773,0.,16.724801163446));
#2185 = CARTESIAN_POINT('',(253.56593910806,-215.,17.973442562462));
#2186 = CARTESIAN_POINT('',(261.77343899544,0.,16.705420705026));
#2187 = CARTESIAN_POINT('',(254.03614859663,-215.,17.958960969058));
#2188 = CARTESIAN_POINT('',(263.12727740515,0.,16.670230520778));
#2189 = CARTESIAN_POINT('',(254.98378884984,-215.,17.932484733872));
#2190 = CARTESIAN_POINT('',(263.81510247588,0.,16.654363084604));
#2191 = CARTESIAN_POINT('',(255.46524545598,-215.,17.920441690268));
#2192 = CARTESIAN_POINT('',(265.19965842659,0.,16.625969403681));
#2193 = CARTESIAN_POINT('',(256.43439731946,-215.,17.898683501707));
#2194 = CARTESIAN_POINT('',(265.9020917992,0.,16.613400957049));
#2195 = CARTESIAN_POINT('',(256.92608426284,-215.,17.888931085402));
#2196 = CARTESIAN_POINT('',(267.31445494315,0.,16.591291212381));
#2197 = CARTESIAN_POINT('',(257.91470977518,-215.,17.871536316537));
#2198 = CARTESIAN_POINT('',(268.03001643498,0.,16.581720481484));
#2199 = CARTESIAN_POINT('',(258.41559050585,-215.,17.863865617917));
#2200 = CARTESIAN_POINT('',(269.46722569826,0.,16.56534147721));
#2201 = CARTESIAN_POINT('',(259.4216161342,-215.,17.850450735172));
#2202 = CARTESIAN_POINT('',(270.19441433045,0.,16.558516071846));
#2203 = CARTESIAN_POINT('',(259.93063961137,-215.,17.844686963988));
#2204 = CARTESIAN_POINT('',(271.65346732774,0.,16.547409232923));
#2205 = CARTESIAN_POINT('',(260.95196304264,-215.,17.834934752685));
#2206 = CARTESIAN_POINT('',(272.39076335255,0.,16.543122186569));
#2207 = CARTESIAN_POINT('',(261.4680651531,-215.,17.830935064686));
#2208 = CARTESIAN_POINT('',(273.86861853537,0.,16.536791644892));
#2209 = CARTESIAN_POINT('',(262.50255661712,-215.,17.824502700116));
#2210 = CARTESIAN_POINT('',(274.61448359583,0.,16.534751442711));
#2211 = CARTESIAN_POINT('',(263.02466010886,-215.,17.822065173107));
#2212 = CARTESIAN_POINT('',(276.10806650458,0.,16.532549666952));
#2213 = CARTESIAN_POINT('',(264.0701665927,-215.,17.818503603078));
#2214 = CARTESIAN_POINT('',(276.86094994799,0.,16.53239789555));
#2215 = CARTESIAN_POINT('',(264.59718551682,-215.,17.817379445572));
#2216 = CARTESIAN_POINT('',(278.3671588553,0.,16.533567510857));
#2217 = CARTESIAN_POINT('',(265.65153477365,-215.,17.816162648671));
#2218 = CARTESIAN_POINT('',(279.12549730702,0.,16.534903388001));
#2219 = CARTESIAN_POINT('',(266.18237422047,-215.,17.816073195338));
#2220 = CARTESIAN_POINT('',(280.64120695461,0.,16.538857472776));
#2221 = CARTESIAN_POINT('',(267.24337776646,-215.,17.816793734595));
#2222 = CARTESIAN_POINT('',(281.40342834632,0.,16.541494823819));
#2223 = CARTESIAN_POINT('',(267.77693703254,-215.,17.817610570041));
#2224 = CARTESIAN_POINT('',(282.92549588063,0.,16.547856839245));
#2225 = CARTESIAN_POINT('',(268.84239435569,-215.,17.820009028867));
#2226 = CARTESIAN_POINT('',(283.69002106458,0.,16.551604236032));
#2227 = CARTESIAN_POINT('',(269.37756777611,-215.,17.82160027299));
#2228 = CARTESIAN_POINT('',(285.21529197256,0.,16.559946230025));
#2229 = CARTESIAN_POINT('',(270.44527013357,-215.,17.82538136852));
#2230 = CARTESIAN_POINT('',(285.98053881391,0.,16.564566073937));
#2231 = CARTESIAN_POINT('',(270.98094989046,-215.,17.827582841839));
#2232 = CARTESIAN_POINT('',(287.50585395955,0.,16.574371954918));
#2233 = CARTESIAN_POINT('',(272.04868518535,-215.,17.832389565245));
#2234 = CARTESIAN_POINT('',(288.27024035291,0.,16.579584937259));
#2235 = CARTESIAN_POINT('',(272.58376342604,-215.,17.835007808561));
#2236 = CARTESIAN_POINT('',(289.79244077647,0.,16.59035927479));
#2237 = CARTESIAN_POINT('',(273.6493197151,-215.,17.84049734208));
#2238 = CARTESIAN_POINT('',(290.5543864385,0.,16.595948595998));
#2239 = CARTESIAN_POINT('',(274.18268994781,-215.,17.843382545113));
#2240 = CARTESIAN_POINT('',(292.07031782621,0.,16.607402207082));
#2241 = CARTESIAN_POINT('',(275.24385882014,-215.,17.849356287563));
#2242 = CARTESIAN_POINT('',(292.82824671549,0.,16.613294486197));
#2243 = CARTESIAN_POINT('',(275.77441771571,-215.,17.852459116251));
#2244 = CARTESIAN_POINT('',(294.33476660084,0.,16.625257635625));
#2245 = CARTESIAN_POINT('',(276.82899921261,-215.,17.858802510085));
#2246 = CARTESIAN_POINT('',(295.08711138377,0.,16.631356361631));
#2247 = CARTESIAN_POINT('',(277.35564950561,-215.,17.862057550391));
#2248 = CARTESIAN_POINT('',(296.58109762596,0.,16.643574158734));
#2249 = CARTESIAN_POINT('',(278.4014577811,-215.,17.868596473177));
#2250 = CARTESIAN_POINT('',(297.32630358852,0.,16.649721239318));
#2251 = CARTESIAN_POINT('',(278.92311095697,-215.,17.871895171167));
#2252 = CARTESIAN_POINT('',(298.80466080602,0.,16.661858879471));
#2253 = CARTESIAN_POINT('',(279.9579787898,-215.,17.878399409355));
#2254 = CARTESIAN_POINT('',(299.54118847573,0.,16.667877792928));
#2255 = CARTESIAN_POINT('',(280.47355697898,-215.,17.881620181622));
#2256 = CARTESIAN_POINT('',(301.00085209542,0.,16.679712517279));
#2257 = CARTESIAN_POINT('',(281.49533886682,-215.,17.887937621815));
#2258 = CARTESIAN_POINT('',(301.72717858872,0.,16.685555517781));
#2259 = CARTESIAN_POINT('',(282.00377598575,-215.,17.891048984681));
#2260 = CARTESIAN_POINT('',(303.16512013097,0.,16.697069666977));
#2261 = CARTESIAN_POINT('',(283.01035196707,-215.,17.89717119255));
#2262 = CARTESIAN_POINT('',(303.87974275619,0.,16.702765764366));
#2263 = CARTESIAN_POINT('',(283.51059616929,-215.,17.900195463268));
#2264 = CARTESIAN_POINT('',(305.2929780899,0.,16.713986625535));
#2265 = CARTESIAN_POINT('',(284.4998773858,-215.,17.906145630551));
#2266 = CARTESIAN_POINT('',(305.99441869685,0.,16.719534631748));
#2267 = CARTESIAN_POINT('',(284.99089396297,-215.,17.909084000913));
#2268 = CARTESIAN_POINT('',(307.38001559635,0.,16.730428774436));
#2269 = CARTESIAN_POINT('',(285.96082780847,-215.,17.914842733636));
#2270 = CARTESIAN_POINT('',(308.06682373384,0.,16.735797103935));
#2271 = CARTESIAN_POINT('',(286.44160140073,-215.,17.917675057586));
#2272 = CARTESIAN_POINT('',(309.42190756189,0.,16.746304486761));
#2273 = CARTESIAN_POINT('',(287.39017554555,-215.,17.923204189579));
#2274 = CARTESIAN_POINT('',(310.09266305862,0.,16.751464766838));
#2275 = CARTESIAN_POINT('',(287.85971199359,-215.,17.9259124867));
#2276 = CARTESIAN_POINT('',(311.41442160935,0.,16.761596147938));
#2277 = CARTESIAN_POINT('',(288.78495790602,-215.,17.931223232506));
#2278 = CARTESIAN_POINT('',(312.06773677569,0.,16.76658597881));
#2279 = CARTESIAN_POINT('',(289.24228587658,-215.,17.933835665833));
#2280 = CARTESIAN_POINT('',(313.35342601984,0.,16.776437683582));
#2281 = CARTESIAN_POINT('',(290.14228286337,-215.,17.938999137963));
#2282 = CARTESIAN_POINT('',(313.98794904332,0.,16.781315087226));
#2283 = CARTESIAN_POINT('',(290.58645616435,-215.,17.941558189615));
#2284 = CARTESIAN_POINT('',(315.23490074131,0.,16.790900181891));
#2285 = CARTESIAN_POINT('',(291.4593364719,-215.,17.946587292084));
#2286 = CARTESIAN_POINT('',(315.84931991908,0.,16.795623106355));
#2287 = CARTESIAN_POINT('',(291.88943685301,-215.,17.949065356976));
#2288 = CARTESIAN_POINT('',(317.05494818304,0.,16.804775513229));
#2289 = CARTESIAN_POINT('',(292.73339013296,-215.,17.953847415529));
#2290 = CARTESIAN_POINT('',(317.6479945167,0.,16.809222910368));
#2291 = CARTESIAN_POINT('',(293.14852913105,-215.,17.956161456625));
#2292 = CARTESIAN_POINT('',(318.80979911874,0.,16.817765834221));
#2293 = CARTESIAN_POINT('',(293.96180498391,-215.,17.960575970782));
#2294 = CARTESIAN_POINT('',(319.38024720486,0.,16.821880301883));
#2295 = CARTESIAN_POINT('',(294.36112473853,-215.,17.962687371397));
#2296 = CARTESIAN_POINT('',(320.49581610824,0.,16.829865702806));
#2297 = CARTESIAN_POINT('',(295.14203480736,-215.,17.966773758123));
#2298 = CARTESIAN_POINT('',(321.04248554684,0.,16.833750295231));
#2299 = CARTESIAN_POINT('',(295.52470917637,-215.,17.968756224119));
#2300 = CARTESIAN_POINT('',(322.10950112803,0.,16.841353532205));
#2301 = CARTESIAN_POINT('',(296.27163135838,-215.,17.972640425807));
#2302 = CARTESIAN_POINT('',(322.63126092442,0.,16.845081301644));
#2303 = CARTESIAN_POINT('',(296.63686874264,-215.,17.974546657989));
#2304 = CARTESIAN_POINT('',(323.64750730403,0.,16.852389800576));
#2305 = CARTESIAN_POINT('',(297.34825203753,-215.,17.978292943772));
#2306 = CARTESIAN_POINT('',(324.14327872306,0.,16.855977381297));
#2307 = CARTESIAN_POINT('',(297.69529734363,-215.,17.980136074443));
#2308 = CARTESIAN_POINT('',(325.10664650597,0.,16.862976196346));
#2309 = CARTESIAN_POINT('',(298.36966515236,-215.,17.983736879418));
#2310 = CARTESIAN_POINT('',(325.57540509998,0.,16.866394413449));
#2311 = CARTESIAN_POINT('',(298.69780122677,-215.,17.985497842671));
#2312 = CARTESIAN_POINT('',(326.48389366872,0.,16.873137587165));
#2313 = CARTESIAN_POINT('',(299.33375318857,-215.,17.988993582645));
#2314 = CARTESIAN_POINT('',(326.9246695658,0.,16.876463334669));
#2315 = CARTESIAN_POINT('',(299.64230122398,-215.,17.99072745856));
#2316 = CARTESIAN_POINT('',(327.77638944722,0.,16.88323420013));
#2317 = CARTESIAN_POINT('',(300.23851508834,-215.,17.994318922434));
#2318 = CARTESIAN_POINT('',(328.18826912602,0.,16.886664231826));
#2319 = CARTESIAN_POINT('',(300.52683588399,-215.,17.996164703101));
#2320 = CARTESIAN_POINT('',(328.98144857861,0.,16.893726369415));
#2321 = CARTESIAN_POINT('',(301.08207178461,-215.,18.000038946693));
#2322 = CARTESIAN_POINT('',(329.3635793573,0.,16.897332938735));
#2323 = CARTESIAN_POINT('',(301.3495685596,-215.,18.002048404656));
#2324 = CARTESIAN_POINT('',(330.09656916231,0.,16.904800204195));
#2325 = CARTESIAN_POINT('',(301.86267219504,-215.,18.006287395559));
#2326 = CARTESIAN_POINT('',(330.4481597936,0.,16.908624443582));
#2327 = CARTESIAN_POINT('',(302.10879113027,-215.,18.008490454334));
#2328 = CARTESIAN_POINT('',(331.1194380883,0.,16.916376435554));
#2329 = CARTESIAN_POINT('',(302.5786970311,-215.,18.013012122204));
#2330 = CARTESIAN_POINT('',(331.43976302712,0.,16.920271690342));
#2331 = CARTESIAN_POINT('',(302.8029300481,-215.,18.015306963797));
#2332 = CARTESIAN_POINT('',(332.04792847728,0.,16.928654273337));
#2333 = CARTESIAN_POINT('',(303.22865774957,-215.,18.020354837227));
#2334 = CARTESIAN_POINT('',(332.33631747577,0.,16.93305098298));
#2335 = CARTESIAN_POINT('',(303.43053625548,-215.,18.023043642598));
#2336 = CARTESIAN_POINT('',(332.88009139953,0.,16.942835544085));
#2337 = CARTESIAN_POINT('',(303.81119171829,-215.,18.02915961224));
#2338 = CARTESIAN_POINT('',(333.13594050055,0.,16.948063378426));
#2339 = CARTESIAN_POINT('',(303.99029338522,-215.,18.032474112728));
#2340 = CARTESIAN_POINT('',(333.61417421096,0.,16.959574680605));
#2341 = CARTESIAN_POINT('',(304.32507295922,-215.,18.03988739051));
#2342 = CARTESIAN_POINT('',(333.83694181651,0.,16.965642834349));
#2343 = CARTESIAN_POINT('',(304.48101867851,-215.,18.04383482936));
#2344 = CARTESIAN_POINT('',(334.24860857811,0.,16.978887418838));
#2345 = CARTESIAN_POINT('',(304.76920365051,-215.,18.052551466704));
#2346 = CARTESIAN_POINT('',(334.43781361451,0.,16.985768218027));
#2347 = CARTESIAN_POINT('',(304.90165662635,-215.,18.057113258697));
#2348 = CARTESIAN_POINT('',(334.78204373016,0.,17.00019523383));
#2349 = CARTESIAN_POINT('',(305.14263744827,-215.,18.066749123078));
#2350 = CARTESIAN_POINT('',(334.93730164741,0.,17.007409232769));
#2351 = CARTESIAN_POINT('',(305.25132783367,-215.,18.071590350165));
#2352 = CARTESIAN_POINT('',(335.21344380399,0.,17.021183157272));
#2353 = CARTESIAN_POINT('',(305.44464609794,-215.,18.080861522262));
#2354 = CARTESIAN_POINT('',(335.33448598586,0.,17.027543239694));
#2355 = CARTESIAN_POINT('',(305.52938427168,-215.,18.085151284614));
#2356 = CARTESIAN_POINT('',(335.54204975964,0.,17.038822339854));
#2357 = CARTESIAN_POINT('',(305.67469423141,-215.,18.092768512106));
#2358 = CARTESIAN_POINT('',(335.62866462165,0.,17.043640395908));
#2359 = CARTESIAN_POINT('',(305.73533117345,-215.,18.096025135214));
#2360 = CARTESIAN_POINT('',(335.76726689453,0.,17.05145020551));
#2361 = CARTESIAN_POINT('',(305.83236335905,-215.,18.101306395783));
#2362 = CARTESIAN_POINT('',(335.81929932306,0.,17.054404603985));
#2363 = CARTESIAN_POINT('',(305.86879006587,-215.,18.103304807875));
#2364 = CARTESIAN_POINT('',(335.88867111257,0.,17.058349649283));
#2365 = CARTESIAN_POINT('',(305.91735566863,-215.,18.105973460091));
#2366 = CARTESIAN_POINT('',(335.90602606202,0.,17.059337103768));
#2367 = CARTESIAN_POINT('',(305.92950547237,-215.,18.106641442529));
#2368 = CARTESIAN_POINT('',(335.92337792839,0.,17.060324457591));
#2369 = CARTESIAN_POINT('',(305.94165311782,-215.,18.107309358666));
#2370 = DEFINITIONAL_REPRESENTATION('',(#2371),#2479);
#2371 = B_SPLINE_CURVE_WITH_KNOTS('',8,(#2372,#2373,#2374,#2375,#2376,
    #2377,#2378,#2379,#2380,#2381,#2382,#2383,#2384,#2385,#2386,#2387,
    #2388,#2389,#2390,#2391,#2392,#2393,#2394,#2395,#2396,#2397,#2398,
    #2399,#2400,#2401,#2402,#2403,#2404,#2405,#2406,#2407,#2408,#2409,
    #2410,#2411,#2412,#2413,#2414,#2415,#2416,#2417,#2418,#2419,#2420,
    #2421,#2422,#2423,#2424,#2425,#2426,#2427,#2428,#2429,#2430,#2431,
    #2432,#2433,#2434,#2435,#2436,#2437,#2438,#2439,#2440,#2441,#2442,
    #2443,#2444,#2445,#2446,#2447,#2448,#2449,#2450,#2451,#2452,#2453,
    #2454,#2455,#2456,#2457,#2458,#2459,#2460,#2461,#2462,#2463,#2464,
    #2465,#2466,#2467,#2468,#2469,#2470,#2471,#2472,#2473,#2474,#2475,
    #2476,#2477,#2478),.UNSPECIFIED.,.F.,.F.,(9,7,7,7,7,7,7,7,7,7,7,7,7,
    7,7,9),(0.,3.225778316823E-02,8.064453467366E-02,0.104837981169,
    0.133063672252,0.161289363489,0.201611781625,0.245966440612,
    0.366933694002,0.415320593778,0.512094393282,0.641126125939,
    0.70967423395,0.778222341986,0.8588671749,1.),.UNSPECIFIED.);
#2372 = CARTESIAN_POINT('',(100.68715174192,0.327441860465));
#2373 = CARTESIAN_POINT('',(100.58646455533,0.327441860465));
#2374 = CARTESIAN_POINT('',(100.48577740579,0.327441860465));
#2375 = CARTESIAN_POINT('',(100.3850902605,0.327441860465));
#2376 = CARTESIAN_POINT('',(100.28440310209,0.327441860465));
#2377 = CARTESIAN_POINT('',(100.18371592853,0.327441860465));
#2378 = CARTESIAN_POINT('',(100.08302875324,0.327441860465));
#2379 = CARTESIAN_POINT('',(99.982341605007,0.327441860465));
#2380 = CARTESIAN_POINT('',(99.730623672901,0.327441860465));
#2381 = CARTESIAN_POINT('',(99.579593211051,0.327441860465));
#2382 = CARTESIAN_POINT('',(99.428561564045,0.327441860465));
#2383 = CARTESIAN_POINT('',(99.277532802122,0.327441860465));
#2384 = CARTESIAN_POINT('',(99.126500403339,0.327441860465));
#2385 = CARTESIAN_POINT('',(98.97547050153,0.327441860465));
#2386 = CARTESIAN_POINT('',(98.824438995303,0.327441860465));
#2387 = CARTESIAN_POINT('',(98.597893342174,0.327441860465));
#2388 = CARTESIAN_POINT('',(98.522377981951,0.327441860465));
#2389 = CARTESIAN_POINT('',(98.446862620869,0.327441860465));
#2390 = CARTESIAN_POINT('',(98.371347256067,0.327441860465));
#2391 = CARTESIAN_POINT('',(98.295831887375,0.327441860465));
#2392 = CARTESIAN_POINT('',(98.220316517315,0.327441860465));
#2393 = CARTESIAN_POINT('',(98.144801151101,0.327441860465));
#2394 = CARTESIAN_POINT('',(97.981184538823,0.327441860465));
#2395 = CARTESIAN_POINT('',(97.89308328123,0.327441860465));
#2396 = CARTESIAN_POINT('',(97.804982023586,0.327441860465));
#2397 = CARTESIAN_POINT('',(97.716880765753,0.327441860465));
#2398 = CARTESIAN_POINT('',(97.628779507725,0.327441860465));
#2399 = CARTESIAN_POINT('',(97.540678249633,0.327441860465));
#2400 = CARTESIAN_POINT('',(97.45257699174,0.327441860465));
#2401 = CARTESIAN_POINT('',(97.276374476671,0.327441860465));
#2402 = CARTESIAN_POINT('',(97.188273218897,0.327441860465));
#2403 = CARTESIAN_POINT('',(97.100171961122,0.327441860465));
#2404 = CARTESIAN_POINT('',(97.012070703348,0.327441860465));
#2405 = CARTESIAN_POINT('',(96.923969445574,0.327441860465));
#2406 = CARTESIAN_POINT('',(96.8358681878,0.327441860465));
#2407 = CARTESIAN_POINT('',(96.747766930026,0.327441860465));
#2408 = CARTESIAN_POINT('',(96.533806726071,0.327441860465));
#2409 = CARTESIAN_POINT('',(96.407947800351,0.327441860465));
#2410 = CARTESIAN_POINT('',(96.282088857066,0.327441860465));
#2411 = CARTESIAN_POINT('',(96.156229908315,0.327441860465));
#2412 = CARTESIAN_POINT('',(96.030370969167,0.327441860465));
#2413 = CARTESIAN_POINT('',(95.90451203695,0.327441860465));
#2414 = CARTESIAN_POINT('',(95.778653096995,0.327441860465));
#2415 = CARTESIAN_POINT('',(95.514349321459,0.327441860465));
#2416 = CARTESIAN_POINT('',(95.375904488123,0.327441860465));
#2417 = CARTESIAN_POINT('',(95.237459653585,0.327441860465));
#2418 = CARTESIAN_POINT('',(95.099014819432,0.327441860465));
#2419 = CARTESIAN_POINT('',(94.960569986423,0.327441860465));
#2420 = CARTESIAN_POINT('',(94.822125153567,0.327441860465));
#2421 = CARTESIAN_POINT('',(94.683680319497,0.327441860465));
#2422 = CARTESIAN_POINT('',(94.167658661126,0.327441860465));
#2423 = CARTESIAN_POINT('',(93.790081836974,0.327441860465));
#2424 = CARTESIAN_POINT('',(93.412505066685,0.327441860465));
#2425 = CARTESIAN_POINT('',(93.034928229157,0.327441860465));
#2426 = CARTESIAN_POINT('',(92.65735138183,0.327441860465));
#2427 = CARTESIAN_POINT('',(92.279774593804,0.327441860465));
#2428 = CARTESIAN_POINT('',(91.9021977645,0.327441860465));
#2429 = CARTESIAN_POINT('',(91.373590205913,0.327441860465));
#2430 = CARTESIAN_POINT('',(91.222559477977,0.327441860465));
#2431 = CARTESIAN_POINT('',(91.071528750518,0.327441860465));
#2432 = CARTESIAN_POINT('',(90.920498023134,0.327441860465));
#2433 = CARTESIAN_POINT('',(90.769467295447,0.327441860465));
#2434 = CARTESIAN_POINT('',(90.618436567624,0.327441860465));
#2435 = CARTESIAN_POINT('',(90.467405840102,0.327441860465));
#2436 = CARTESIAN_POINT('',(90.014313657471,0.327441860465));
#2437 = CARTESIAN_POINT('',(89.712252202003,0.327441860465));
#2438 = CARTESIAN_POINT('',(89.410190746028,0.327441860465));
#2439 = CARTESIAN_POINT('',(89.108129290655,0.327441860465));
#2440 = CARTESIAN_POINT('',(88.806067835779,0.327441860465));
#2441 = CARTESIAN_POINT('',(88.50400638083,0.327441860465));
#2442 = CARTESIAN_POINT('',(88.201944925928,0.327441860465));
#2443 = CARTESIAN_POINT('',(87.497134863789,0.327441860465));
#2444 = CARTESIAN_POINT('',(87.094386256825,0.327441860465));
#2445 = CARTESIAN_POINT('',(86.691637649948,0.327441860465));
#2446 = CARTESIAN_POINT('',(86.288889042953,0.327441860465));
#2447 = CARTESIAN_POINT('',(85.886140435751,0.327441860465));
#2448 = CARTESIAN_POINT('',(85.483391828535,0.327441860465));
#2449 = CARTESIAN_POINT('',(85.080643221615,0.327441860465));
#2450 = CARTESIAN_POINT('',(84.463934417564,0.327441860465));
#2451 = CARTESIAN_POINT('',(84.249974220293,0.327441860465));
#2452 = CARTESIAN_POINT('',(84.036014023022,0.327441860465));
#2453 = CARTESIAN_POINT('',(83.822053825666,0.327441860465));
#2454 = CARTESIAN_POINT('',(83.60809362819,0.327441860465));
#2455 = CARTESIAN_POINT('',(83.394133430601,0.327441860465));
#2456 = CARTESIAN_POINT('',(83.180173232954,0.327441860465));
#2457 = CARTESIAN_POINT('',(82.752252837666,0.327441860465));
#2458 = CARTESIAN_POINT('',(82.538292640038,0.327441860465));
#2459 = CARTESIAN_POINT('',(82.324332442512,0.327441860465));
#2460 = CARTESIAN_POINT('',(82.110372245099,0.327441860465));
#2461 = CARTESIAN_POINT('',(81.896412047782,0.327441860465));
#2462 = CARTESIAN_POINT('',(81.68245185051,0.327441860465));
#2463 = CARTESIAN_POINT('',(81.4684916532,0.327441860465));
#2464 = CARTESIAN_POINT('',(81.002813576587,0.327441860465));
#2465 = CARTESIAN_POINT('',(80.751095697243,0.327441860465));
#2466 = CARTESIAN_POINT('',(80.499377817816,0.327441860465));
#2467 = CARTESIAN_POINT('',(80.247659938382,0.327441860465));
#2468 = CARTESIAN_POINT('',(79.995942058982,0.327441860465));
#2469 = CARTESIAN_POINT('',(79.744224179625,0.327441860465));
#2470 = CARTESIAN_POINT('',(79.492506300284,0.327441860465));
#2471 = CARTESIAN_POINT('',(78.800268499637,0.327441860465));
#2472 = CARTESIAN_POINT('',(78.359748578295,0.327441860465));
#2473 = CARTESIAN_POINT('',(77.919228656906,0.327441860465));
#2474 = CARTESIAN_POINT('',(77.478708735495,0.327441860465));
#2475 = CARTESIAN_POINT('',(77.038188814089,0.327441860465));
#2476 = CARTESIAN_POINT('',(76.597668892707,0.327441860465));
#2477 = CARTESIAN_POINT('',(76.157148971366,0.327441860465));
#2478 = CARTESIAN_POINT('',(75.716629050081,0.327441860465));
#2479 = ( GEOMETRIC_REPRESENTATION_CONTEXT(2) 
PARAMETRIC_REPRESENTATION_CONTEXT() REPRESENTATION_CONTEXT('2D SPACE',''
  ) );
#2480 = ORIENTED_EDGE('',*,*,#2481,.T.);
#2481 = EDGE_CURVE('',#1866,#22,#2482,.T.);
#2482 = SURFACE_CURVE('',#2483,(#2487,#2494),.PCURVE_S1.);
#2483 = LINE('',#2484,#2485);
#2484 = CARTESIAN_POINT('',(325.14152045388,-70.4,-10.2189699235));
#2485 = VECTOR('',#2486,1.);
#2486 = DIRECTION('',(3.489949670249E-02,-0.,0.999390827019));
#2487 = PCURVE('',#554,#2488);
#2488 = DEFINITIONAL_REPRESENTATION('',(#2489),#2493);
#2489 = LINE('',#2490,#2491);
#2490 = CARTESIAN_POINT('',(-60.85847954611,-29.7810300765));
#2491 = VECTOR('',#2492,1.);
#2492 = DIRECTION('',(3.489949670249E-02,-0.999390827019));
#2493 = ( GEOMETRIC_REPRESENTATION_CONTEXT(2) 
PARAMETRIC_REPRESENTATION_CONTEXT() REPRESENTATION_CONTEXT('2D SPACE',''
  ) );
#2494 = PCURVE('',#319,#2495);
#2495 = DEFINITIONAL_REPRESENTATION('',(#2496),#2500);
#2496 = LINE('',#2497,#2498);
#2497 = CARTESIAN_POINT('',(27.638957971395,-146.0008938532));
#2498 = VECTOR('',#2499,1.);
#2499 = DIRECTION('',(-1.,0.));
#2500 = ( GEOMETRIC_REPRESENTATION_CONTEXT(2) 
PARAMETRIC_REPRESENTATION_CONTEXT() REPRESENTATION_CONTEXT('2D SPACE',''
  ) );
#2501 = ORIENTED_EDGE('',*,*,#330,.F.);
#2502 = ADVANCED_FACE('',(#2503),#1602,.F.);
#2503 = FACE_BOUND('',#2504,.F.);
#2504 = EDGE_LOOP('',(#2505,#2534,#2535));
#2505 = ORIENTED_EDGE('',*,*,#2506,.F.);
#2506 = EDGE_CURVE('',#1586,#2507,#2509,.T.);
#2507 = VERTEX_POINT('',#2508);
#2508 = CARTESIAN_POINT('',(303.86079216024,-70.42385776154,
    20.579108169682));
#2509 = SURFACE_CURVE('',#2510,(#2516,#2525),.PCURVE_S1.);
#2510 = B_SPLINE_CURVE_WITH_KNOTS('',4,(#2511,#2512,#2513,#2514,#2515),
  .UNSPECIFIED.,.F.,.F.,(5,5),(0.,1.),.PIECEWISE_BEZIER_KNOTS.);
#2511 = CARTESIAN_POINT('',(303.63335987405,-70.4,20.603394468915));
#2512 = CARTESIAN_POINT('',(303.69057716064,-70.40598896217,
    20.601772963119));
#2513 = CARTESIAN_POINT('',(303.74770993371,-70.41197781574,
    20.597173812887));
#2514 = CARTESIAN_POINT('',(303.80452841555,-70.41794250941,
    20.589603645497));
#2515 = CARTESIAN_POINT('',(303.86080687888,-70.42385930897,
    20.579105424134));
#2516 = PCURVE('',#1602,#2517);
#2517 = DEFINITIONAL_REPRESENTATION('',(#2518),#2524);
#2518 = B_SPLINE_CURVE_WITH_KNOTS('',4,(#2519,#2520,#2521,#2522,#2523),
  .UNSPECIFIED.,.F.,.F.,(5,5),(0.,1.),.PIECEWISE_BEZIER_KNOTS.);
#2519 = CARTESIAN_POINT('',(2.802657200842E-02,0.));
#2520 = CARTESIAN_POINT('',(6.663451417241E-02,5.0074934614E-05));
#2521 = CARTESIAN_POINT('',(0.105242889768,1.001489610829E-04));
#2522 = CARTESIAN_POINT('',(0.143850507431,1.500209816956E-04));
#2523 = CARTESIAN_POINT('',(0.182456225268,1.994925499651E-04));
#2524 = ( GEOMETRIC_REPRESENTATION_CONTEXT(2) 
PARAMETRIC_REPRESENTATION_CONTEXT() REPRESENTATION_CONTEXT('2D SPACE',''
  ) );
#2525 = PCURVE('',#793,#2526);
#2526 = DEFINITIONAL_REPRESENTATION('',(#2527),#2533);
#2527 = B_SPLINE_CURVE_WITH_KNOTS('',4,(#2528,#2529,#2530,#2531,#2532),
  .UNSPECIFIED.,.F.,.F.,(5,5),(0.,1.),.PIECEWISE_BEZIER_KNOTS.);
#2528 = CARTESIAN_POINT('',(-4.177381098475E-02,-1.49825108102));
#2529 = CARTESIAN_POINT('',(-9.930367740543E-02,-1.49662956833));
#2530 = CARTESIAN_POINT('',(-0.156749477474,-1.492030398543));
#2531 = CARTESIAN_POINT('',(-0.213880178169,-1.484460198967));
#2532 = CARTESIAN_POINT('',(-0.270468807905,-1.473961932967));
#2533 = ( GEOMETRIC_REPRESENTATION_CONTEXT(2) 
PARAMETRIC_REPRESENTATION_CONTEXT() REPRESENTATION_CONTEXT('2D SPACE',''
  ) );
#2534 = ORIENTED_EDGE('',*,*,#1585,.T.);
#2535 = ORIENTED_EDGE('',*,*,#2536,.T.);
#2536 = EDGE_CURVE('',#1566,#2507,#2537,.T.);
#2537 = SURFACE_CURVE('',#2538,(#2565,#2595),.PCURVE_S1.);
#2538 = B_SPLINE_CURVE_WITH_KNOTS('',4,(#2539,#2540,#2541,#2542,#2543,
    #2544,#2545,#2546,#2547,#2548,#2549,#2550,#2551,#2552,#2553,#2554,
    #2555,#2556,#2557,#2558,#2559,#2560,#2561,#2562,#2563,#2564),
  .UNSPECIFIED.,.F.,.F.,(5,3,3,3,3,3,3,3,5),(0.,0.217029845078,
    0.348589785396,0.457269758131,0.565949752863,0.674629771792,
    0.783309817429,0.891989892651,1.),.UNSPECIFIED.);
#2539 = CARTESIAN_POINT('',(303.86331398724,-70.39999999999,
    20.579104069685));
#2540 = CARTESIAN_POINT('',(303.17738901386,-76.88919795869,
    20.580219266779));
#2541 = CARTESIAN_POINT('',(302.49145901874,-83.37839531313,
    20.581321876444));
#2542 = CARTESIAN_POINT('',(301.80552360854,-89.86759201419,
    20.582410912246));
#2543 = CARTESIAN_POINT('',(300.70377589372,-100.2904324086,
    20.584136327989));
#2544 = CARTESIAN_POINT('',(300.28796732392,-104.2240765544,
    20.584782070327));
#2545 = CARTESIAN_POINT('',(299.87215647448,-108.1577204235,
    20.585422097935));
#2546 = CARTESIAN_POINT('',(299.11284524368,-115.3408963089,
    20.586579832073));
#2547 = CARTESIAN_POINT('',(298.76934562616,-118.5904284181,
    20.587099453534));
#2548 = CARTESIAN_POINT('',(298.42584429605,-121.8399603185,
    20.5876147815));
#2549 = CARTESIAN_POINT('',(297.73883798122,-128.3390243391,
    20.588636449504));
#2550 = CARTESIAN_POINT('',(297.39533299644,-131.5885564592,
    20.589142789356));
#2551 = CARTESIAN_POINT('',(297.05182613914,-134.83808835,
    20.589644434538));
#2552 = CARTESIAN_POINT('',(296.36480842231,-141.3371523734,
    20.590637882349));
#2553 = CARTESIAN_POINT('',(296.0212975627,-144.5866845059,
    20.591129684752));
#2554 = CARTESIAN_POINT('',(295.67778464982,-147.8362163859,
    20.591616338999));
#2555 = CARTESIAN_POINT('',(294.99075442801,-154.3352804126,
    20.592578836754));
#2556 = CARTESIAN_POINT('',(294.64723711897,-157.5848125593,
    20.593054679986));
#2557 = CARTESIAN_POINT('',(294.30371755151,-160.8343444269,
    20.593524860323));
#2558 = CARTESIAN_POINT('',(293.61667357243,-167.3334084576,
    20.594453308701));
#2559 = CARTESIAN_POINT('',(293.27314916068,-170.5829406207,
    20.594911576406));
#2560 = CARTESIAN_POINT('',(292.92962225664,-173.8324724741,
    20.595363594353));
#2561 = CARTESIAN_POINT('',(292.24468091416,-180.3115035032,
    20.596251712819));
#2562 = CARTESIAN_POINT('',(291.90326650785,-183.541002683,
    20.596687893882));
#2563 = CARTESIAN_POINT('',(291.56184937609,-186.770501522,
    20.59711724002));
#2564 = CARTESIAN_POINT('',(291.22042936772,-189.9999999999,
    20.597539371777));
#2565 = PCURVE('',#1602,#2566);
#2566 = DEFINITIONAL_REPRESENTATION('',(#2567),#2594);
#2567 = B_SPLINE_CURVE_WITH_KNOTS('',4,(#2568,#2569,#2570,#2571,#2572,
    #2573,#2574,#2575,#2576,#2577,#2578,#2579,#2580,#2581,#2582,#2583,
    #2584,#2585,#2586,#2587,#2588,#2589,#2590,#2591,#2592,#2593),
  .UNSPECIFIED.,.F.,.F.,(5,3,3,3,3,3,3,3,5),(0.,0.217029845078,
    0.348589785396,0.457269758131,0.565949752863,0.674629771792,
    0.783309817429,0.891989892651,1.),.UNSPECIFIED.);
#2568 = CARTESIAN_POINT('',(0.182455613474,0.));
#2569 = CARTESIAN_POINT('',(0.179875905494,5.425750801582E-02));
#2570 = CARTESIAN_POINT('',(0.177207505324,0.108515010979));
#2571 = CARTESIAN_POINT('',(0.174443551588,0.16277250848));
#2572 = CARTESIAN_POINT('',(0.169836980337,0.249920003417));
#2573 = CARTESIAN_POINT('',(0.168060184929,0.282810004636));
#2574 = CARTESIAN_POINT('',(0.166243240461,0.315700003542));
#2575 = CARTESIAN_POINT('',(0.162848041571,0.375760002583));
#2576 = CARTESIAN_POINT('',(0.161283229267,0.402930003496));
#2577 = CARTESIAN_POINT('',(0.15968829764,0.430100002664));
#2578 = CARTESIAN_POINT('',(0.156435429823,0.484440002836));
#2579 = CARTESIAN_POINT('',(0.154777492392,0.51161000384));
#2580 = CARTESIAN_POINT('',(0.153086669146,0.538780002927));
#2581 = CARTESIAN_POINT('',(0.149636132168,0.593120003122));
#2582 = CARTESIAN_POINT('',(0.147876416946,0.62029000423));
#2583 = CARTESIAN_POINT('',(0.146080696367,0.647460003227));
#2584 = CARTESIAN_POINT('',(0.142413713927,0.70180000345));
#2585 = CARTESIAN_POINT('',(0.140542450263,0.728970004677));
#2586 = CARTESIAN_POINT('',(0.138631649846,0.75614000357));
#2587 = CARTESIAN_POINT('',(0.134726962153,0.810480003827));
#2588 = CARTESIAN_POINT('',(0.132733072681,0.837650005191));
#2589 = CARTESIAN_POINT('',(0.130695632097,0.864820003964));
#2590 = CARTESIAN_POINT('',(0.126541909263,0.918992504208));
#2591 = CARTESIAN_POINT('',(0.124426187858,0.945995005711));
#2592 = CARTESIAN_POINT('',(0.122262937026,0.972997504365));
#2593 = CARTESIAN_POINT('',(0.120049578574,1.));
#2594 = ( GEOMETRIC_REPRESENTATION_CONTEXT(2) 
PARAMETRIC_REPRESENTATION_CONTEXT() REPRESENTATION_CONTEXT('2D SPACE',''
  ) );
#2595 = PCURVE('',#732,#2596);
#2596 = DEFINITIONAL_REPRESENTATION('',(#2597),#2624);
#2597 = B_SPLINE_CURVE_WITH_KNOTS('',4,(#2598,#2599,#2600,#2601,#2602,
    #2603,#2604,#2605,#2606,#2607,#2608,#2609,#2610,#2611,#2612,#2613,
    #2614,#2615,#2616,#2617,#2618,#2619,#2620,#2621,#2622,#2623),
  .UNSPECIFIED.,.F.,.F.,(5,3,3,3,3,3,3,3,5),(0.,0.217029845078,
    0.348589785396,0.457269758131,0.565949752863,0.674629771792,
    0.783309817429,0.891989892651,1.),.UNSPECIFIED.);
#2598 = CARTESIAN_POINT('',(4.881497521901,1.147540983606E-02));
#2599 = CARTESIAN_POINT('',(4.900815260056,6.466555703845E-02));
#2600 = CARTESIAN_POINT('',(4.92014657228,0.117855699288));
#2601 = CARTESIAN_POINT('',(4.93949252232,0.171045836182));
#2602 = CARTESIAN_POINT('',(4.970591310001,0.256478954169));
#2603 = CARTESIAN_POINT('',(4.982334051402,0.288721938971));
#2604 = CARTESIAN_POINT('',(4.994082955462,0.320964921505));
#2605 = CARTESIAN_POINT('',(5.015549353061,0.379843412369));
#2606 = CARTESIAN_POINT('',(5.025264781573,0.40647892146));
#2607 = CARTESIAN_POINT('',(5.03498484011,0.433114428841));
#2608 = CARTESIAN_POINT('',(5.054434651669,0.486385445403));
#2609 = CARTESIAN_POINT('',(5.064164404893,0.513020954584));
#2610 = CARTESIAN_POINT('',(5.073899220757,0.539656461886));
#2611 = CARTESIAN_POINT('',(5.093379468783,0.592927478471));
#2612 = CARTESIAN_POINT('',(5.103124901191,0.619562987754));
#2613 = CARTESIAN_POINT('',(5.112875885264,0.646198494966));
#2614 = CARTESIAN_POINT('',(5.132389514013,0.699469511579));
#2615 = CARTESIAN_POINT('',(5.142152158985,0.726105020979));
#2616 = CARTESIAN_POINT('',(5.151920910704,0.75274052809));
#2617 = CARTESIAN_POINT('',(5.171471262901,0.806011544735));
#2618 = CARTESIAN_POINT('',(5.181252863742,0.832647054269));
#2619 = CARTESIAN_POINT('',(5.191041204185,0.859282561263));
#2620 = CARTESIAN_POINT('',(5.210571704077,0.912389372978));
#2621 = CARTESIAN_POINT('',(5.22031377667,0.93886067773));
#2622 = CARTESIAN_POINT('',(5.230063219889,0.965331979689));
#2623 = CARTESIAN_POINT('',(5.239820442929,0.991803278688));
#2624 = ( GEOMETRIC_REPRESENTATION_CONTEXT(2) 
PARAMETRIC_REPRESENTATION_CONTEXT() REPRESENTATION_CONTEXT('2D SPACE',''
  ) );
#2625 = ADVANCED_FACE('',(#2626),#1677,.F.);
#2626 = FACE_BOUND('',#2627,.T.);
#2627 = EDGE_LOOP('',(#2628,#2658,#2689,#2710,#2711));
#2628 = ORIENTED_EDGE('',*,*,#2629,.F.);
#2629 = EDGE_CURVE('',#2630,#2632,#2634,.T.);
#2630 = VERTEX_POINT('',#2631);
#2631 = CARTESIAN_POINT('',(301.82531304232,-80.22138632523,
    19.884176502572));
#2632 = VERTEX_POINT('',#2633);
#2633 = CARTESIAN_POINT('',(303.28702762002,-80.37426327019,
    19.884176502572));
#2634 = SURFACE_CURVE('',#2635,(#2639,#2646),.PCURVE_S1.);
#2635 = LINE('',#2636,#2637);
#2636 = CARTESIAN_POINT('',(300.01397678722,-80.03194335381,
    19.884176502572));
#2637 = VECTOR('',#2638,1.);
#2638 = DIRECTION('',(0.994575200748,-0.104020046415,-0.));
#2639 = PCURVE('',#1677,#2640);
#2640 = DEFINITIONAL_REPRESENTATION('',(#2641),#2645);
#2641 = LINE('',#2642,#2643);
#2642 = CARTESIAN_POINT('',(-1.45803395482,10.631943353819));
#2643 = VECTOR('',#2644,1.);
#2644 = DIRECTION('',(-0.994575200748,0.104020046415));
#2645 = ( GEOMETRIC_REPRESENTATION_CONTEXT(2) 
PARAMETRIC_REPRESENTATION_CONTEXT() REPRESENTATION_CONTEXT('2D SPACE',''
  ) );
#2646 = PCURVE('',#2647,#2652);
#2647 = PLANE('',#2648);
#2648 = AXIS2_PLACEMENT_3D('',#2649,#2650,#2651);
#2649 = CARTESIAN_POINT('',(302.5559428324,-80.3,19.134176502572));
#2650 = DIRECTION('',(-0.104019604147,-0.994570972053,2.916076511732E-03
    ));
#2651 = DIRECTION('',(-0.994575200748,0.104020046415,0.));
#2652 = DEFINITIONAL_REPRESENTATION('',(#2653),#2657);
#2653 = LINE('',#2654,#2655);
#2654 = CARTESIAN_POINT('',(2.556059654458,-0.750003188834));
#2655 = VECTOR('',#2656,1.);
#2656 = DIRECTION('',(-1.,4.435349682182E-17));
#2657 = ( GEOMETRIC_REPRESENTATION_CONTEXT(2) 
PARAMETRIC_REPRESENTATION_CONTEXT() REPRESENTATION_CONTEXT('2D SPACE',''
  ) );
#2658 = ORIENTED_EDGE('',*,*,#2659,.T.);
#2659 = EDGE_CURVE('',#2630,#2660,#2662,.T.);
#2660 = VERTEX_POINT('',#2661);
#2661 = CARTESIAN_POINT('',(302.89141627957,-70.32451078255,
    19.884176502572));
#2662 = SURFACE_CURVE('',#2663,(#2668,#2679),.PCURVE_S1.);
#2663 = ELLIPSE('',#2664,360.07285672207,1.05);
#2664 = AXIS2_PLACEMENT_3D('',#2665,#2666,#2667);
#2665 = CARTESIAN_POINT('',(275.80263138943,-336.0985793714,
    19.884176502572));
#2666 = DIRECTION('',(0.,0.,-1.));
#2667 = DIRECTION('',(-0.104020046415,-0.994575200748,-0.));
#2668 = PCURVE('',#1677,#2669);
#2669 = DEFINITIONAL_REPRESENTATION('',(#2670),#2678);
#2670 = ( BOUNDED_CURVE() B_SPLINE_CURVE(2,(#2671,#2672,#2673,#2674,
#2675,#2676,#2677),.UNSPECIFIED.,.T.,.F.) B_SPLINE_CURVE_WITH_KNOTS((1,2
    ,2,2,2,1),(-2.094395102393,0.,2.094395102393,4.188790204786,
6.28318530718,8.377580409573),.UNSPECIFIED.) CURVE() 
GEOMETRIC_REPRESENTATION_ITEM() RATIONAL_B_SPLINE_CURVE((1.,0.5,1.,0.5,
1.,0.5,1.)) REPRESENTATION_ITEM('') );
#2671 = CARTESIAN_POINT('',(60.20810671193,624.8181131299));
#2672 = CARTESIAN_POINT('',(62.016894230557,624.62893672424));
#2673 = CARTESIAN_POINT('',(4.930307567801,87.544224289429));
#2674 = CARTESIAN_POINT('',(-52.15627909495,-449.5404881453));
#2675 = CARTESIAN_POINT('',(3.121520049174,87.733400695095));
#2676 = CARTESIAN_POINT('',(58.399319193304,625.00728953557));
#2677 = CARTESIAN_POINT('',(60.20810671193,624.8181131299));
#2678 = ( GEOMETRIC_REPRESENTATION_CONTEXT(2) 
PARAMETRIC_REPRESENTATION_CONTEXT() REPRESENTATION_CONTEXT('2D SPACE',''
  ) );
#2679 = PCURVE('',#1710,#2680);
#2680 = DEFINITIONAL_REPRESENTATION('',(#2681),#2688);
#2681 = B_SPLINE_CURVE_WITH_KNOTS('',5,(#2682,#2683,#2684,#2685,#2686,
    #2687),.UNSPECIFIED.,.F.,.F.,(6,6),(2.366403617361,2.408830525535),
  .PIECEWISE_BEZIER_KNOTS.);
#2682 = CARTESIAN_POINT('',(-10.22038525133,10.456770697091));
#2683 = CARTESIAN_POINT('',(-10.22887063297,8.318485763436));
#2684 = CARTESIAN_POINT('',(-10.2373560146,6.203348917488));
#2685 = CARTESIAN_POINT('',(-10.24584139624,4.111680909869));
#2686 = CARTESIAN_POINT('',(-10.25432677787,2.043795545254));
#2687 = CARTESIAN_POINT('',(-10.2628121595,-5.99998749351E-07));
#2688 = ( GEOMETRIC_REPRESENTATION_CONTEXT(2) 
PARAMETRIC_REPRESENTATION_CONTEXT() REPRESENTATION_CONTEXT('2D SPACE',''
  ) );
#2689 = ORIENTED_EDGE('',*,*,#2690,.T.);
#2690 = EDGE_CURVE('',#2660,#1639,#2691,.T.);
#2691 = SURFACE_CURVE('',#2692,(#2696,#2703),.PCURVE_S1.);
#2692 = LINE('',#2693,#2694);
#2693 = CARTESIAN_POINT('',(301.04940097203,-70.13185916843,
    19.884176502572));
#2694 = VECTOR('',#2695,1.);
#2695 = DIRECTION('',(0.994575200748,-0.104020046415,-0.));
#2696 = PCURVE('',#1677,#2697);
#2697 = DEFINITIONAL_REPRESENTATION('',(#2698),#2702);
#2698 = LINE('',#2699,#2700);
#2699 = CARTESIAN_POINT('',(-2.493458139638,0.731859168431));
#2700 = VECTOR('',#2701,1.);
#2701 = DIRECTION('',(-0.994575200748,0.104020046415));
#2702 = ( GEOMETRIC_REPRESENTATION_CONTEXT(2) 
PARAMETRIC_REPRESENTATION_CONTEXT() REPRESENTATION_CONTEXT('2D SPACE',''
  ) );
#2703 = PCURVE('',#793,#2704);
#2704 = DEFINITIONAL_REPRESENTATION('',(#2705),#2709);
#2705 = LINE('',#2706,#2707);
#2706 = CARTESIAN_POINT('',(2.556059654458,-0.779030056722));
#2707 = VECTOR('',#2708,1.);
#2708 = DIRECTION('',(-1.,5.421010862428E-20));
#2709 = ( GEOMETRIC_REPRESENTATION_CONTEXT(2) 
PARAMETRIC_REPRESENTATION_CONTEXT() REPRESENTATION_CONTEXT('2D SPACE',''
  ) );
#2710 = ORIENTED_EDGE('',*,*,#1661,.F.);
#2711 = ORIENTED_EDGE('',*,*,#2712,.T.);
#2712 = EDGE_CURVE('',#1662,#2632,#2713,.T.);
#2713 = SURFACE_CURVE('',#2714,(#2719,#2730),.PCURVE_S1.);
#2714 = ELLIPSE('',#2715,360.07285672207,1.05);
#2715 = AXIS2_PLACEMENT_3D('',#2716,#2717,#2718);
#2716 = CARTESIAN_POINT('',(275.80263138943,-336.0985793714,
    19.884176502572));
#2717 = DIRECTION('',(0.,0.,-1.));
#2718 = DIRECTION('',(-0.104020046415,-0.994575200748,-0.));
#2719 = PCURVE('',#1677,#2720);
#2720 = DEFINITIONAL_REPRESENTATION('',(#2721),#2729);
#2721 = ( BOUNDED_CURVE() B_SPLINE_CURVE(2,(#2722,#2723,#2724,#2725,
#2726,#2727,#2728),.UNSPECIFIED.,.T.,.F.) B_SPLINE_CURVE_WITH_KNOTS((1,2
    ,2,2,2,1),(-2.094395102393,0.,2.094395102393,4.188790204786,
6.28318530718,8.377580409573),.UNSPECIFIED.) CURVE() 
GEOMETRIC_REPRESENTATION_ITEM() RATIONAL_B_SPLINE_CURVE((1.,0.5,1.,0.5,
1.,0.5,1.)) REPRESENTATION_ITEM('') );
#2722 = CARTESIAN_POINT('',(60.20810671193,624.8181131299));
#2723 = CARTESIAN_POINT('',(62.016894230557,624.62893672424));
#2724 = CARTESIAN_POINT('',(4.930307567801,87.544224289429));
#2725 = CARTESIAN_POINT('',(-52.15627909495,-449.5404881453));
#2726 = CARTESIAN_POINT('',(3.121520049174,87.733400695095));
#2727 = CARTESIAN_POINT('',(58.399319193304,625.00728953557));
#2728 = CARTESIAN_POINT('',(60.20810671193,624.8181131299));
#2729 = ( GEOMETRIC_REPRESENTATION_CONTEXT(2) 
PARAMETRIC_REPRESENTATION_CONTEXT() REPRESENTATION_CONTEXT('2D SPACE',''
  ) );
#2730 = PCURVE('',#1710,#2731);
#2731 = DEFINITIONAL_REPRESENTATION('',(#2732),#2739);
#2732 = B_SPLINE_CURVE_WITH_KNOTS('',5,(#2733,#2734,#2735,#2736,#2737,
    #2738),.UNSPECIFIED.,.F.,.F.,(6,6),(3.874354781645,3.916781689819),
  .PIECEWISE_BEZIER_KNOTS.);
#2733 = CARTESIAN_POINT('',(-5.44515110844,-5.999951468993E-07));
#2734 = CARTESIAN_POINT('',(-5.453636490074,2.043795545257));
#2735 = CARTESIAN_POINT('',(-5.462121871709,4.111680909871));
#2736 = CARTESIAN_POINT('',(-5.470607253344,6.203348917489));
#2737 = CARTESIAN_POINT('',(-5.479092634979,8.318485763437));
#2738 = CARTESIAN_POINT('',(-5.487578016613,10.456770697092));
#2739 = ( GEOMETRIC_REPRESENTATION_CONTEXT(2) 
PARAMETRIC_REPRESENTATION_CONTEXT() REPRESENTATION_CONTEXT('2D SPACE',''
  ) );
#2740 = ADVANCED_FACE('',(#2741),#2647,.T.);
#2741 = FACE_BOUND('',#2742,.F.);
#2742 = EDGE_LOOP('',(#2743,#2744));
#2743 = ORIENTED_EDGE('',*,*,#2629,.F.);
#2744 = ORIENTED_EDGE('',*,*,#2745,.T.);
#2745 = EDGE_CURVE('',#2630,#2632,#2746,.T.);
#2746 = SURFACE_CURVE('',#2747,(#2752,#2763),.PCURVE_S1.);
#2747 = CIRCLE('',#2748,1.05);
#2748 = AXIS2_PLACEMENT_3D('',#2749,#2750,#2751);
#2749 = CARTESIAN_POINT('',(302.5559428324,-80.3,19.134176502572));
#2750 = DIRECTION('',(0.104019604147,0.994570972053,-2.916076511732E-03)
  );
#2751 = DIRECTION('',(0.994575200748,-0.104020046415,5.421010862428E-20)
  );
#2752 = PCURVE('',#2647,#2753);
#2753 = DEFINITIONAL_REPRESENTATION('',(#2754),#2762);
#2754 = ( BOUNDED_CURVE() B_SPLINE_CURVE(2,(#2755,#2756,#2757,#2758,
#2759,#2760,#2761),.UNSPECIFIED.,.T.,.F.) B_SPLINE_CURVE_WITH_KNOTS((1,2
    ,2,2,2,1),(-2.094395102393,0.,2.094395102393,4.188790204786,
6.28318530718,8.377580409573),.UNSPECIFIED.) CURVE() 
GEOMETRIC_REPRESENTATION_ITEM() RATIONAL_B_SPLINE_CURVE((1.,0.5,1.,0.5,
1.,0.5,1.)) REPRESENTATION_ITEM('') );
#2755 = CARTESIAN_POINT('',(-1.05,-1.138409860982E-19));
#2756 = CARTESIAN_POINT('',(-1.05,1.818653347947));
#2757 = CARTESIAN_POINT('',(0.525,0.909326673974));
#2758 = CARTESIAN_POINT('',(2.1,2.574035097931E-16));
#2759 = CARTESIAN_POINT('',(0.525,-0.909326673974));
#2760 = CARTESIAN_POINT('',(-1.05,-1.818653347947));
#2761 = CARTESIAN_POINT('',(-1.05,-1.138409860982E-19));
#2762 = ( GEOMETRIC_REPRESENTATION_CONTEXT(2) 
PARAMETRIC_REPRESENTATION_CONTEXT() REPRESENTATION_CONTEXT('2D SPACE',''
  ) );
#2763 = PCURVE('',#2764,#2769);
#2764 = CONICAL_SURFACE('',#2765,1.05,0.502733721977);
#2765 = AXIS2_PLACEMENT_3D('',#2766,#2767,#2768);
#2766 = CARTESIAN_POINT('',(302.5559428324,-80.3,19.134176502572));
#2767 = DIRECTION('',(0.104019604147,0.994570972053,-2.916076511732E-03)
  );
#2768 = DIRECTION('',(0.994575200748,-0.104020046415,-0.));
#2769 = DEFINITIONAL_REPRESENTATION('',(#2770),#2774);
#2770 = LINE('',#2771,#2772);
#2771 = CARTESIAN_POINT('',(0.,-0.));
#2772 = VECTOR('',#2773,1.);
#2773 = DIRECTION('',(1.,-0.));
#2774 = ( GEOMETRIC_REPRESENTATION_CONTEXT(2) 
PARAMETRIC_REPRESENTATION_CONTEXT() REPRESENTATION_CONTEXT('2D SPACE',''
  ) );
#2775 = ADVANCED_FACE('',(#2776),#2764,.F.);
#2776 = FACE_BOUND('',#2777,.T.);
#2777 = EDGE_LOOP('',(#2778,#2802,#2825,#2856,#2857,#2879));
#2778 = ORIENTED_EDGE('',*,*,#2779,.T.);
#2779 = EDGE_CURVE('',#2632,#2780,#2782,.T.);
#2780 = VERTEX_POINT('',#2781);
#2781 = CARTESIAN_POINT('',(303.60024679318,-80.40922104873,
    19.134176502572));
#2782 = SURFACE_CURVE('',#2783,(#2788,#2795),.PCURVE_S1.);
#2783 = CIRCLE('',#2784,1.05);
#2784 = AXIS2_PLACEMENT_3D('',#2785,#2786,#2787);
#2785 = CARTESIAN_POINT('',(302.5559428324,-80.3,19.134176502572));
#2786 = DIRECTION('',(0.104019604147,0.994570972053,-2.916076511733E-03)
  );
#2787 = DIRECTION('',(0.994575200748,-0.104020046415,-5.421010862428E-20
    ));
#2788 = PCURVE('',#2764,#2789);
#2789 = DEFINITIONAL_REPRESENTATION('',(#2790),#2794);
#2790 = LINE('',#2791,#2792);
#2791 = CARTESIAN_POINT('',(0.,-0.));
#2792 = VECTOR('',#2793,1.);
#2793 = DIRECTION('',(1.,-0.));
#2794 = ( GEOMETRIC_REPRESENTATION_CONTEXT(2) 
PARAMETRIC_REPRESENTATION_CONTEXT() REPRESENTATION_CONTEXT('2D SPACE',''
  ) );
#2795 = PCURVE('',#1710,#2796);
#2796 = DEFINITIONAL_REPRESENTATION('',(#2797),#2801);
#2797 = LINE('',#2798,#2799);
#2798 = CARTESIAN_POINT('',(-0.,10.45677009709));
#2799 = VECTOR('',#2800,1.);
#2800 = DIRECTION('',(-1.,0.));
#2801 = ( GEOMETRIC_REPRESENTATION_CONTEXT(2) 
PARAMETRIC_REPRESENTATION_CONTEXT() REPRESENTATION_CONTEXT('2D SPACE',''
  ) );
#2802 = ORIENTED_EDGE('',*,*,#2803,.T.);
#2803 = EDGE_CURVE('',#2780,#2804,#2806,.T.);
#2804 = VERTEX_POINT('',#2805);
#2805 = CARTESIAN_POINT('',(302.48768663949,-82.01145675694,
    19.139160893037));
#2806 = SEAM_CURVE('',#2807,(#2811,#2818),.PCURVE_S1.);
#2807 = LINE('',#2808,#2809);
#2808 = CARTESIAN_POINT('',(303.60024679318,-80.40922104873,
    19.134176502572));
#2809 = VECTOR('',#2810,1.);
#2810 = DIRECTION('',(-0.570358138892,-0.821392149958,2.555266481313E-03
    ));
#2811 = PCURVE('',#2764,#2812);
#2812 = DEFINITIONAL_REPRESENTATION('',(#2813),#2817);
#2813 = LINE('',#2814,#2815);
#2814 = CARTESIAN_POINT('',(-0.,0.));
#2815 = VECTOR('',#2816,1.);
#2816 = DIRECTION('',(0.,-1.));
#2817 = ( GEOMETRIC_REPRESENTATION_CONTEXT(2) 
PARAMETRIC_REPRESENTATION_CONTEXT() REPRESENTATION_CONTEXT('2D SPACE',''
  ) );
#2818 = PCURVE('',#2764,#2819);
#2819 = DEFINITIONAL_REPRESENTATION('',(#2820),#2824);
#2820 = LINE('',#2821,#2822);
#2821 = CARTESIAN_POINT('',(6.28318530718,0.));
#2822 = VECTOR('',#2823,1.);
#2823 = DIRECTION('',(0.,-1.));
#2824 = ( GEOMETRIC_REPRESENTATION_CONTEXT(2) 
PARAMETRIC_REPRESENTATION_CONTEXT() REPRESENTATION_CONTEXT('2D SPACE',''
  ) );
#2825 = ORIENTED_EDGE('',*,*,#2826,.F.);
#2826 = EDGE_CURVE('',#2804,#2804,#2827,.T.);
#2827 = SURFACE_CURVE('',#2828,(#2833,#2840),.PCURVE_S1.);
#2828 = CIRCLE('',#2829,0.110139894533);
#2829 = AXIS2_PLACEMENT_3D('',#2830,#2831,#2832);
#2830 = CARTESIAN_POINT('',(302.37814423178,-82.,19.139160893037));
#2831 = DIRECTION('',(0.104019604147,0.994570972053,-2.916076511732E-03)
  );
#2832 = DIRECTION('',(0.994575200748,-0.104020046415,5.421010862428E-20)
  );
#2833 = PCURVE('',#2764,#2834);
#2834 = DEFINITIONAL_REPRESENTATION('',(#2835),#2839);
#2835 = LINE('',#2836,#2837);
#2836 = CARTESIAN_POINT('',(0.,-1.709279727409));
#2837 = VECTOR('',#2838,1.);
#2838 = DIRECTION('',(1.,-0.));
#2839 = ( GEOMETRIC_REPRESENTATION_CONTEXT(2) 
PARAMETRIC_REPRESENTATION_CONTEXT() REPRESENTATION_CONTEXT('2D SPACE',''
  ) );
#2840 = PCURVE('',#2841,#2846);
#2841 = PLANE('',#2842);
#2842 = AXIS2_PLACEMENT_3D('',#2843,#2844,#2845);
#2843 = CARTESIAN_POINT('',(302.37814423178,-82.,19.139160893037));
#2844 = DIRECTION('',(-0.104019604147,-0.994570972053,2.916076511733E-03
    ));
#2845 = DIRECTION('',(-0.994575200748,0.104020046415,0.));
#2846 = DEFINITIONAL_REPRESENTATION('',(#2847),#2855);
#2847 = ( BOUNDED_CURVE() B_SPLINE_CURVE(2,(#2848,#2849,#2850,#2851,
#2852,#2853,#2854),.UNSPECIFIED.,.T.,.F.) B_SPLINE_CURVE_WITH_KNOTS((1,2
    ,2,2,2,1),(-2.094395102393,0.,2.094395102393,4.188790204786,
6.28318530718,8.377580409573),.UNSPECIFIED.) CURVE() 
GEOMETRIC_REPRESENTATION_ITEM() RATIONAL_B_SPLINE_CURVE((1.,0.5,1.,0.5,
1.,0.5,1.)) REPRESENTATION_ITEM('') );
#2848 = CARTESIAN_POINT('',(-0.110139894533,3.547062260788E-15));
#2849 = CARTESIAN_POINT('',(-0.110139894533,0.190767893272));
#2850 = CARTESIAN_POINT('',(5.506994726671E-02,9.538394663609E-02));
#2851 = CARTESIAN_POINT('',(0.220279789067,3.590947692826E-15));
#2852 = CARTESIAN_POINT('',(5.506994726671E-02,-9.538394663608E-02));
#2853 = CARTESIAN_POINT('',(-0.110139894533,-0.190767893272));
#2854 = CARTESIAN_POINT('',(-0.110139894533,3.547062260788E-15));
#2855 = ( GEOMETRIC_REPRESENTATION_CONTEXT(2) 
PARAMETRIC_REPRESENTATION_CONTEXT() REPRESENTATION_CONTEXT('2D SPACE',''
  ) );
#2856 = ORIENTED_EDGE('',*,*,#2803,.F.);
#2857 = ORIENTED_EDGE('',*,*,#2858,.T.);
#2858 = EDGE_CURVE('',#2780,#2630,#2859,.T.);
#2859 = SURFACE_CURVE('',#2860,(#2865,#2872),.PCURVE_S1.);
#2860 = CIRCLE('',#2861,1.05);
#2861 = AXIS2_PLACEMENT_3D('',#2862,#2863,#2864);
#2862 = CARTESIAN_POINT('',(302.5559428324,-80.3,19.134176502572));
#2863 = DIRECTION('',(0.104019604147,0.994570972053,-2.916076511733E-03)
  );
#2864 = DIRECTION('',(0.994575200748,-0.104020046415,-5.421010862428E-20
    ));
#2865 = PCURVE('',#2764,#2866);
#2866 = DEFINITIONAL_REPRESENTATION('',(#2867),#2871);
#2867 = LINE('',#2868,#2869);
#2868 = CARTESIAN_POINT('',(0.,-0.));
#2869 = VECTOR('',#2870,1.);
#2870 = DIRECTION('',(1.,-0.));
#2871 = ( GEOMETRIC_REPRESENTATION_CONTEXT(2) 
PARAMETRIC_REPRESENTATION_CONTEXT() REPRESENTATION_CONTEXT('2D SPACE',''
  ) );
#2872 = PCURVE('',#1710,#2873);
#2873 = DEFINITIONAL_REPRESENTATION('',(#2874),#2878);
#2874 = LINE('',#2875,#2876);
#2875 = CARTESIAN_POINT('',(-6.28318530718,10.45677009709));
#2876 = VECTOR('',#2877,1.);
#2877 = DIRECTION('',(-1.,0.));
#2878 = ( GEOMETRIC_REPRESENTATION_CONTEXT(2) 
PARAMETRIC_REPRESENTATION_CONTEXT() REPRESENTATION_CONTEXT('2D SPACE',''
  ) );
#2879 = ORIENTED_EDGE('',*,*,#2745,.T.);
#2880 = ADVANCED_FACE('',(#2881,#2916),#2841,.T.);
#2881 = FACE_BOUND('',#2882,.F.);
#2882 = EDGE_LOOP('',(#2883));
#2883 = ORIENTED_EDGE('',*,*,#2884,.T.);
#2884 = EDGE_CURVE('',#2885,#2885,#2887,.T.);
#2885 = VERTEX_POINT('',#2886);
#2886 = CARTESIAN_POINT('',(303.17380439237,-82.08321603713,
    19.139160893037));
#2887 = SURFACE_CURVE('',#2888,(#2893,#2904),.PCURVE_S1.);
#2888 = CIRCLE('',#2889,0.8);
#2889 = AXIS2_PLACEMENT_3D('',#2890,#2891,#2892);
#2890 = CARTESIAN_POINT('',(302.37814423178,-82.,19.139160893037));
#2891 = DIRECTION('',(0.104019604147,0.994570972053,-2.916076511733E-03)
  );
#2892 = DIRECTION('',(0.994575200748,-0.104020046415,5.421010862428E-20)
  );
#2893 = PCURVE('',#2841,#2894);
#2894 = DEFINITIONAL_REPRESENTATION('',(#2895),#2903);
#2895 = ( BOUNDED_CURVE() B_SPLINE_CURVE(2,(#2896,#2897,#2898,#2899,
#2900,#2901,#2902),.UNSPECIFIED.,.T.,.F.) B_SPLINE_CURVE_WITH_KNOTS((1,2
    ,2,2,2,1),(-2.094395102393,0.,2.094395102393,4.188790204786,
6.28318530718,8.377580409573),.UNSPECIFIED.) CURVE() 
GEOMETRIC_REPRESENTATION_ITEM() RATIONAL_B_SPLINE_CURVE((1.,0.5,1.,0.5,
1.,0.5,1.)) REPRESENTATION_ITEM('') );
#2896 = CARTESIAN_POINT('',(-0.8,-8.673580501744E-20));
#2897 = CARTESIAN_POINT('',(-0.8,1.385640646055));
#2898 = CARTESIAN_POINT('',(0.4,0.692820323028));
#2899 = CARTESIAN_POINT('',(1.6,1.961169594736E-16));
#2900 = CARTESIAN_POINT('',(0.4,-0.692820323028));
#2901 = CARTESIAN_POINT('',(-0.8,-1.385640646055));
#2902 = CARTESIAN_POINT('',(-0.8,-8.673580501744E-20));
#2903 = ( GEOMETRIC_REPRESENTATION_CONTEXT(2) 
PARAMETRIC_REPRESENTATION_CONTEXT() REPRESENTATION_CONTEXT('2D SPACE',''
  ) );
#2904 = PCURVE('',#2905,#2910);
#2905 = CYLINDRICAL_SURFACE('',#2906,0.8);
#2906 = AXIS2_PLACEMENT_3D('',#2907,#2908,#2909);
#2907 = CARTESIAN_POINT('',(302.37814423178,-82.,19.139160893037));
#2908 = DIRECTION('',(-0.104019604147,-0.994570972053,2.916076511733E-03
    ));
#2909 = DIRECTION('',(0.994575200748,-0.104020046415,-0.));
#2910 = DEFINITIONAL_REPRESENTATION('',(#2911),#2915);
#2911 = LINE('',#2912,#2913);
#2912 = CARTESIAN_POINT('',(-0.,0.));
#2913 = VECTOR('',#2914,1.);
#2914 = DIRECTION('',(-1.,0.));
#2915 = ( GEOMETRIC_REPRESENTATION_CONTEXT(2) 
PARAMETRIC_REPRESENTATION_CONTEXT() REPRESENTATION_CONTEXT('2D SPACE',''
  ) );
#2916 = FACE_BOUND('',#2917,.F.);
#2917 = EDGE_LOOP('',(#2918));
#2918 = ORIENTED_EDGE('',*,*,#2826,.F.);
#2919 = ADVANCED_FACE('',(#2920),#2905,.F.);
#2920 = FACE_BOUND('',#2921,.T.);
#2921 = EDGE_LOOP('',(#2922,#2955,#2976,#2977));
#2922 = ORIENTED_EDGE('',*,*,#2923,.F.);
#2923 = EDGE_CURVE('',#2924,#2924,#2926,.T.);
#2924 = VERTEX_POINT('',#2925);
#2925 = CARTESIAN_POINT('',(302.2587781861,-90.83212938758,
    19.16481265791));
#2926 = SURFACE_CURVE('',#2927,(#2932,#2939),.PCURVE_S1.);
#2927 = CIRCLE('',#2928,0.8);
#2928 = AXIS2_PLACEMENT_3D('',#2929,#2930,#2931);
#2929 = CARTESIAN_POINT('',(301.4631180255,-90.74891335045,
    19.16481265791));
#2930 = DIRECTION('',(0.104019604147,0.994570972053,-2.916076511733E-03)
  );
#2931 = DIRECTION('',(0.994575200748,-0.104020046415,5.421010862428E-20)
  );
#2932 = PCURVE('',#2905,#2933);
#2933 = DEFINITIONAL_REPRESENTATION('',(#2934),#2938);
#2934 = LINE('',#2935,#2936);
#2935 = CARTESIAN_POINT('',(-0.,8.796670721642));
#2936 = VECTOR('',#2937,1.);
#2937 = DIRECTION('',(-1.,0.));
#2938 = ( GEOMETRIC_REPRESENTATION_CONTEXT(2) 
PARAMETRIC_REPRESENTATION_CONTEXT() REPRESENTATION_CONTEXT('2D SPACE',''
  ) );
#2939 = PCURVE('',#2940,#2945);
#2940 = PLANE('',#2941);
#2941 = AXIS2_PLACEMENT_3D('',#2942,#2943,#2944);
#2942 = CARTESIAN_POINT('',(301.4631180255,-90.74891335045,
    19.16481265791));
#2943 = DIRECTION('',(-0.104019604147,-0.994570972053,2.916076511733E-03
    ));
#2944 = DIRECTION('',(-0.994575200748,0.104020046415,0.));
#2945 = DEFINITIONAL_REPRESENTATION('',(#2946),#2954);
#2946 = ( BOUNDED_CURVE() B_SPLINE_CURVE(2,(#2947,#2948,#2949,#2950,
#2951,#2952,#2953),.UNSPECIFIED.,.T.,.F.) B_SPLINE_CURVE_WITH_KNOTS((1,2
    ,2,2,2,1),(-2.094395102393,0.,2.094395102393,4.188790204786,
6.28318530718,8.377580409573),.UNSPECIFIED.) CURVE() 
GEOMETRIC_REPRESENTATION_ITEM() RATIONAL_B_SPLINE_CURVE((1.,0.5,1.,0.5,
1.,0.5,1.)) REPRESENTATION_ITEM('') );
#2947 = CARTESIAN_POINT('',(-0.8,-3.557078731667E-15));
#2948 = CARTESIAN_POINT('',(-0.8,1.385640646055));
#2949 = CARTESIAN_POINT('',(0.4,0.692820323028));
#2950 = CARTESIAN_POINT('',(1.6,-3.347994769344E-15));
#2951 = CARTESIAN_POINT('',(0.4,-0.692820323028));
#2952 = CARTESIAN_POINT('',(-0.8,-1.385640646055));
#2953 = CARTESIAN_POINT('',(-0.8,-3.557078731667E-15));
#2954 = ( GEOMETRIC_REPRESENTATION_CONTEXT(2) 
PARAMETRIC_REPRESENTATION_CONTEXT() REPRESENTATION_CONTEXT('2D SPACE',''
  ) );
#2955 = ORIENTED_EDGE('',*,*,#2956,.F.);
#2956 = EDGE_CURVE('',#2885,#2924,#2957,.T.);
#2957 = SEAM_CURVE('',#2958,(#2962,#2969),.PCURVE_S1.);
#2958 = LINE('',#2959,#2960);
#2959 = CARTESIAN_POINT('',(303.17380439237,-82.08321603713,
    19.139160893037));
#2960 = VECTOR('',#2961,1.);
#2961 = DIRECTION('',(-0.104019604147,-0.994570972053,2.916076511733E-03
    ));
#2962 = PCURVE('',#2905,#2963);
#2963 = DEFINITIONAL_REPRESENTATION('',(#2964),#2968);
#2964 = LINE('',#2965,#2966);
#2965 = CARTESIAN_POINT('',(-6.28318530718,-0.));
#2966 = VECTOR('',#2967,1.);
#2967 = DIRECTION('',(-0.,1.));
#2968 = ( GEOMETRIC_REPRESENTATION_CONTEXT(2) 
PARAMETRIC_REPRESENTATION_CONTEXT() REPRESENTATION_CONTEXT('2D SPACE',''
  ) );
#2969 = PCURVE('',#2905,#2970);
#2970 = DEFINITIONAL_REPRESENTATION('',(#2971),#2975);
#2971 = LINE('',#2972,#2973);
#2972 = CARTESIAN_POINT('',(-0.,-0.));
#2973 = VECTOR('',#2974,1.);
#2974 = DIRECTION('',(-0.,1.));
#2975 = ( GEOMETRIC_REPRESENTATION_CONTEXT(2) 
PARAMETRIC_REPRESENTATION_CONTEXT() REPRESENTATION_CONTEXT('2D SPACE',''
  ) );
#2976 = ORIENTED_EDGE('',*,*,#2884,.T.);
#2977 = ORIENTED_EDGE('',*,*,#2956,.T.);
#2978 = ADVANCED_FACE('',(#2979,#3374),#2940,.T.);
#2979 = FACE_BOUND('',#2980,.F.);
#2980 = EDGE_LOOP('',(#2981,#3011,#3044,#3069,#3298,#3356));
#2981 = ORIENTED_EDGE('',*,*,#2982,.T.);
#2982 = EDGE_CURVE('',#2983,#2985,#2987,.T.);
#2983 = VERTEX_POINT('',#2984);
#2984 = CARTESIAN_POINT('',(301.86980850179,-90.78612010817,
    20.981987598217));
#2985 = VERTEX_POINT('',#2986);
#2986 = CARTESIAN_POINT('',(303.3155143369,-90.9426506869,19.16481265791
    ));
#2987 = SURFACE_CURVE('',#2988,(#2993,#3004),.PCURVE_S1.);
#2988 = CIRCLE('',#2989,1.8625);
#2989 = AXIS2_PLACEMENT_3D('',#2990,#2991,#2992);
#2990 = CARTESIAN_POINT('',(301.4631180255,-90.74891335045,
    19.16481265791));
#2991 = DIRECTION('',(0.104019604147,0.994570972053,-2.916076511733E-03)
  );
#2992 = DIRECTION('',(0.994575200748,-0.104020046415,5.421010862428E-20)
  );
#2993 = PCURVE('',#2940,#2994);
#2994 = DEFINITIONAL_REPRESENTATION('',(#2995),#3003);
#2995 = ( BOUNDED_CURVE() B_SPLINE_CURVE(2,(#2996,#2997,#2998,#2999,
#3000,#3001,#3002),.UNSPECIFIED.,.T.,.F.) B_SPLINE_CURVE_WITH_KNOTS((1,2
    ,2,2,2,1),(-2.094395102393,0.,2.094395102393,4.188790204786,
6.28318530718,8.377580409573),.UNSPECIFIED.) CURVE() 
GEOMETRIC_REPRESENTATION_ITEM() RATIONAL_B_SPLINE_CURVE((1.,0.5,1.,0.5,
1.,0.5,1.)) REPRESENTATION_ITEM('') );
#2996 = CARTESIAN_POINT('',(-1.8625,-2.019317960562E-19));
#2997 = CARTESIAN_POINT('',(-1.8625,3.225944629097));
#2998 = CARTESIAN_POINT('',(0.93125,1.612972314548));
#2999 = CARTESIAN_POINT('',(3.725,4.565847962745E-16));
#3000 = CARTESIAN_POINT('',(0.93125,-1.612972314548));
#3001 = CARTESIAN_POINT('',(-1.8625,-3.225944629097));
#3002 = CARTESIAN_POINT('',(-1.8625,-2.019317960562E-19));
#3003 = ( GEOMETRIC_REPRESENTATION_CONTEXT(2) 
PARAMETRIC_REPRESENTATION_CONTEXT() REPRESENTATION_CONTEXT('2D SPACE',''
  ) );
#3004 = PCURVE('',#1028,#3005);
#3005 = DEFINITIONAL_REPRESENTATION('',(#3006),#3010);
#3006 = LINE('',#3007,#3008);
#3007 = CARTESIAN_POINT('',(-0.,-12.66987173728));
#3008 = VECTOR('',#3009,1.);
#3009 = DIRECTION('',(-1.,0.));
#3010 = ( GEOMETRIC_REPRESENTATION_CONTEXT(2) 
PARAMETRIC_REPRESENTATION_CONTEXT() REPRESENTATION_CONTEXT('2D SPACE',''
  ) );
#3011 = ORIENTED_EDGE('',*,*,#3012,.T.);
#3012 = EDGE_CURVE('',#2985,#3013,#3015,.T.);
#3013 = VERTEX_POINT('',#3014);
#3014 = CARTESIAN_POINT('',(301.86879740714,-90.79667019337,
    17.347658351511));
#3015 = SURFACE_CURVE('',#3016,(#3021,#3032),.PCURVE_S1.);
#3016 = CIRCLE('',#3017,1.8625);
#3017 = AXIS2_PLACEMENT_3D('',#3018,#3019,#3020);
#3018 = CARTESIAN_POINT('',(301.4631180255,-90.74891335045,
    19.16481265791));
#3019 = DIRECTION('',(0.104019604147,0.994570972053,-2.916076511733E-03)
  );
#3020 = DIRECTION('',(0.994575200748,-0.104020046415,5.421010862428E-20)
  );
#3021 = PCURVE('',#2940,#3022);
#3022 = DEFINITIONAL_REPRESENTATION('',(#3023),#3031);
#3023 = ( BOUNDED_CURVE() B_SPLINE_CURVE(2,(#3024,#3025,#3026,#3027,
#3028,#3029,#3030),.UNSPECIFIED.,.T.,.F.) B_SPLINE_CURVE_WITH_KNOTS((1,2
    ,2,2,2,1),(-2.094395102393,0.,2.094395102393,4.188790204786,
6.28318530718,8.377580409573),.UNSPECIFIED.) CURVE() 
GEOMETRIC_REPRESENTATION_ITEM() RATIONAL_B_SPLINE_CURVE((1.,0.5,1.,0.5,
1.,0.5,1.)) REPRESENTATION_ITEM('') );
#3024 = CARTESIAN_POINT('',(-1.8625,-2.019317960562E-19));
#3025 = CARTESIAN_POINT('',(-1.8625,3.225944629097));
#3026 = CARTESIAN_POINT('',(0.93125,1.612972314548));
#3027 = CARTESIAN_POINT('',(3.725,4.565847962745E-16));
#3028 = CARTESIAN_POINT('',(0.93125,-1.612972314548));
#3029 = CARTESIAN_POINT('',(-1.8625,-3.225944629097));
#3030 = CARTESIAN_POINT('',(-1.8625,-2.019317960562E-19));
#3031 = ( GEOMETRIC_REPRESENTATION_CONTEXT(2) 
PARAMETRIC_REPRESENTATION_CONTEXT() REPRESENTATION_CONTEXT('2D SPACE',''
  ) );
#3032 = PCURVE('',#3033,#3038);
#3033 = CYLINDRICAL_SURFACE('',#3034,1.8625);
#3034 = AXIS2_PLACEMENT_3D('',#3035,#3036,#3037);
#3035 = CARTESIAN_POINT('',(300.1452029828,-103.35,19.20175897329));
#3036 = DIRECTION('',(-0.104019604147,-0.994570972053,2.916076511734E-03
    ));
#3037 = DIRECTION('',(0.994575200748,-0.104020046415,5.421010862428E-20)
  );
#3038 = DEFINITIONAL_REPRESENTATION('',(#3039),#3043);
#3039 = LINE('',#3040,#3041);
#3040 = CARTESIAN_POINT('',(-0.,-12.66987173728));
#3041 = VECTOR('',#3042,1.);
#3042 = DIRECTION('',(-1.,0.));
#3043 = ( GEOMETRIC_REPRESENTATION_CONTEXT(2) 
PARAMETRIC_REPRESENTATION_CONTEXT() REPRESENTATION_CONTEXT('2D SPACE',''
  ) );
#3044 = ORIENTED_EDGE('',*,*,#3045,.T.);
#3045 = EDGE_CURVE('',#3013,#3046,#3048,.T.);
#3046 = VERTEX_POINT('',#3047);
#3047 = CARTESIAN_POINT('',(301.70920188554,-90.77880693115,
    17.747242890297));
#3048 = SURFACE_CURVE('',#3049,(#3052,#3058),.PCURVE_S1.);
#3049 = B_SPLINE_CURVE_WITH_KNOTS('',1,(#3050,#3051),.UNSPECIFIED.,.F.,
  .F.,(2,2),(0.,1.),.PIECEWISE_BEZIER_KNOTS.);
#3050 = CARTESIAN_POINT('',(301.88690547965,-90.79869699991,
    17.302320576813));
#3051 = CARTESIAN_POINT('',(301.46287466303,-90.7512359334,
    18.363980431565));
#3052 = PCURVE('',#2940,#3053);
#3053 = DEFINITIONAL_REPRESENTATION('',(#3054),#3057);
#3054 = B_SPLINE_CURVE_WITH_KNOTS('',1,(#3055,#3056),.UNSPECIFIED.,.F.,
  .F.,(2,2),(0.,1.),.PIECEWISE_BEZIER_KNOTS.);
#3055 = CARTESIAN_POINT('',(-0.426666989812,1.8625));
#3056 = CARTESIAN_POINT('',(4.470892918107E-07,0.800835631306));
#3057 = ( GEOMETRIC_REPRESENTATION_CONTEXT(2) 
PARAMETRIC_REPRESENTATION_CONTEXT() REPRESENTATION_CONTEXT('2D SPACE',''
  ) );
#3058 = PCURVE('',#3059,#3064);
#3059 = B_SPLINE_SURFACE_WITH_KNOTS('',1,1,(
    (#3060,#3061)
    ,(#3062,#3063
    )),.UNSPECIFIED.,.F.,.F.,.F.,(2,2),(2,2),(0.,6.471208456066),(0.,1.)
  ,.PIECEWISE_BEZIER_KNOTS.);
#3060 = CARTESIAN_POINT('',(303.41422016666,-69.,19.101044965951));
#3061 = CARTESIAN_POINT('',(290.65455588681,-191.,19.45874828168));
#3062 = CARTESIAN_POINT('',(305.83837752167,-69.,13.101044965951));
#3063 = CARTESIAN_POINT('',(293.07871324182,-191.,13.45874828168));
#3064 = DEFINITIONAL_REPRESENTATION('',(#3065),#3068);
#3065 = B_SPLINE_CURVE_WITH_KNOTS('',1,(#3066,#3067),.UNSPECIFIED.,.F.,
  .F.,(2,2),(0.,1.),.PIECEWISE_BEZIER_KNOTS.);
#3066 = CARTESIAN_POINT('',(2.008919846159,0.178677844262));
#3067 = CARTESIAN_POINT('',(0.863732723775,0.178288819126));
#3068 = ( GEOMETRIC_REPRESENTATION_CONTEXT(2) 
PARAMETRIC_REPRESENTATION_CONTEXT() REPRESENTATION_CONTEXT('2D SPACE',''
  ) );
#3069 = ORIENTED_EDGE('',*,*,#3070,.F.);
#3070 = EDGE_CURVE('',#3071,#3046,#3073,.T.);
#3071 = VERTEX_POINT('',#3072);
#3072 = CARTESIAN_POINT('',(301.46355466611,-90.74473846362,
    20.60429492998));
#3073 = SURFACE_CURVE('',#3074,(#3137,#3203),.PCURVE_S1.);
#3074 = B_SPLINE_CURVE_WITH_KNOTS('',7,(#3075,#3076,#3077,#3078,#3079,
    #3080,#3081,#3082,#3083,#3084,#3085,#3086,#3087,#3088,#3089,#3090,
    #3091,#3092,#3093,#3094,#3095,#3096,#3097,#3098,#3099,#3100,#3101,
    #3102,#3103,#3104,#3105,#3106,#3107,#3108,#3109,#3110,#3111,#3112,
    #3113,#3114,#3115,#3116,#3117,#3118,#3119,#3120,#3121,#3122,#3123,
    #3124,#3125,#3126,#3127,#3128,#3129,#3130,#3131,#3132,#3133,#3134,
    #3135,#3136),.UNSPECIFIED.,.F.,.F.,(8,6,6,6,6,6,6,6,6,6,8),(0.,
    0.228723601919,0.306774547605,0.355841171023,0.46604926296,
    0.573118056728,0.62218504352,0.701236873097,0.779212268094,
    0.935981303061,1.),.UNSPECIFIED.);
#3075 = CARTESIAN_POINT('',(301.46355466611,-90.74473846362,
    20.60429492998));
#3076 = CARTESIAN_POINT('',(301.3088471317,-90.72855800368,
    20.60429468197));
#3077 = CARTESIAN_POINT('',(301.15405633305,-90.71242696251,
    20.584469311112));
#3078 = CARTESIAN_POINT('',(301.00232419701,-90.69667403729,
    20.544787709758));
#3079 = CARTESIAN_POINT('',(300.85662307711,-90.68160817291,
    20.485906733204));
#3080 = CARTESIAN_POINT('',(300.71971910964,-90.66751531332,
    20.408972042957));
#3081 = CARTESIAN_POINT('',(300.59417226068,-90.65465842041,
    20.31561336385));
#3082 = CARTESIAN_POINT('',(300.44397428222,-90.63937263073,
    20.171333350948));
#3083 = CARTESIAN_POINT('',(300.40733278596,-90.6356528923,
    20.132963275995));
#3084 = CARTESIAN_POINT('',(300.372348925,-90.63211114837,
    20.093015194667));
#3085 = CARTESIAN_POINT('',(300.3391017558,-90.62875540827,
    20.051577431037));
#3086 = CARTESIAN_POINT('',(300.30766429789,-90.62559303643,
    20.008742927671));
#3087 = CARTESIAN_POINT('',(300.27810353382,-90.62263075232,
    19.964609245621));
#3088 = CARTESIAN_POINT('',(300.23311516858,-90.61814199819,
    19.890781491868));
#3089 = CARTESIAN_POINT('',(300.21651557184,-90.61649083012,
    19.861811178266));
#3090 = CARTESIAN_POINT('',(300.20069668806,-90.61492262823,
    19.832392898629));
#3091 = CARTESIAN_POINT('',(300.18567253272,-90.61343878278,
    19.802552432772));
#3092 = CARTESIAN_POINT('',(300.17145606767,-90.61204057235,
    19.772316065332));
#3093 = CARTESIAN_POINT('',(300.15805920118,-90.61072916385,
    19.741710585761));
#3094 = CARTESIAN_POINT('',(300.11726748254,-90.60675740509,
    19.641252847975));
#3095 = CARTESIAN_POINT('',(300.09323121355,-90.60445237918,
    19.570016264288));
#3096 = CARTESIAN_POINT('',(300.07350753162,-90.6026025446,
    19.497364600894));
#3097 = CARTESIAN_POINT('',(300.05819136128,-90.60121689488,
    19.423616538116));
#3098 = CARTESIAN_POINT('',(300.04734887135,-90.60030139745,
    19.34909711415));
#3099 = CARTESIAN_POINT('',(300.04101734548,-90.59985898375,
    19.274136466246));
#3100 = CARTESIAN_POINT('',(300.03744438329,-90.59991922462,
    19.126139000578));
#3101 = CARTESIAN_POINT('',(300.0399490679,-90.60039531747,
    19.053105308319));
#3102 = CARTESIAN_POINT('',(300.04672637181,-90.60131768028,
    18.980273611757));
#3103 = CARTESIAN_POINT('',(300.05775757288,-90.60268346352,
    18.907947939016));
#3104 = CARTESIAN_POINT('',(300.0729980125,-90.60448711437,
    18.83642914127));
#3105 = CARTESIAN_POINT('',(300.09237714663,-90.60672038523,
    18.766013804308));
#3106 = CARTESIAN_POINT('',(300.12653206969,-90.61058766871,
    18.665362701612));
#3107 = CARTESIAN_POINT('',(300.138114576,-90.61189093553,
    18.634024833506));
#3108 = CARTESIAN_POINT('',(300.1505368764,-90.61328109461,
    18.603007438193));
#3109 = CARTESIAN_POINT('',(300.16378865032,-90.6147569861,
    18.572337955774));
#3110 = CARTESIAN_POINT('',(300.17785849605,-90.61631733837,
    18.542043384053));
#3111 = CARTESIAN_POINT('',(300.19273393066,-90.617960768,
    18.512150278529));
#3112 = CARTESIAN_POINT('',(300.23364323622,-90.62246494654,
    18.435212838964));
#3113 = CARTESIAN_POINT('',(300.26094116098,-90.6254559007,
    18.388850249784));
#3114 = CARTESIAN_POINT('',(300.29023815582,-90.62865235825,
    18.343706685619));
#3115 = CARTESIAN_POINT('',(300.32147059389,-90.63204735615,
    18.299887356412));
#3116 = CARTESIAN_POINT('',(300.35456822999,-90.63563325233,
    18.257492981301));
#3117 = CARTESIAN_POINT('',(300.38945420062,-90.63940172568,
    18.216619788614));
#3118 = CARTESIAN_POINT('',(300.46213759654,-90.64723214832,
    18.138633843212));
#3119 = CARTESIAN_POINT('',(300.49988947128,-90.65128946356,
    18.101476762329));
#3120 = CARTESIAN_POINT('',(300.53922039847,-90.65550707066,
    18.065976282391));
#3121 = CARTESIAN_POINT('',(300.58004506557,-90.65987580611,
    18.032214564309));
#3122 = CARTESIAN_POINT('',(300.62227309715,-90.66438599403,
    18.000267920734));
#3123 = CARTESIAN_POINT('',(300.66580905493,-90.66902744618,
    17.970206816059));
#3124 = CARTESIAN_POINT('',(300.80050872392,-90.68336346431,
    17.885578981206));
#3125 = CARTESIAN_POINT('',(300.8953571559,-90.69342603382,
    17.836937187113));
#3126 = CARTESIAN_POINT('',(300.99426986891,-90.70388901741,
    17.796705561461));
#3127 = CARTESIAN_POINT('',(301.0963650657,-90.71465899986,
    17.765290074605));
#3128 = CARTESIAN_POINT('',(301.2007194127,-90.72563856173,
    17.742980763275));
#3129 = CARTESIAN_POINT('',(301.30637565799,-90.73672708623,
    17.729948259552));
#3130 = CARTESIAN_POINT('',(301.45561963747,-90.75235150779,
    17.724702692594));
#3131 = CARTESIAN_POINT('',(301.49894822748,-90.75688304158,
    17.724733836245));
#3132 = CARTESIAN_POINT('',(301.54226505203,-90.7614087873,
    17.726319398638));
#3133 = CARTESIAN_POINT('',(301.58550420345,-90.76592185571,
    17.729458062972));
#3134 = CARTESIAN_POINT('',(301.62860005528,-90.77041539753,
    17.734144903441));
#3135 = CARTESIAN_POINT('',(301.67148726233,-90.77488260352,
    17.740371385235));
#3136 = CARTESIAN_POINT('',(301.71410076059,-90.7793167044,
    17.748125364535));
#3137 = PCURVE('',#2940,#3138);
#3138 = DEFINITIONAL_REPRESENTATION('',(#3139),#3202);
#3139 = B_SPLINE_CURVE_WITH_KNOTS('',7,(#3140,#3141,#3142,#3143,#3144,
    #3145,#3146,#3147,#3148,#3149,#3150,#3151,#3152,#3153,#3154,#3155,
    #3156,#3157,#3158,#3159,#3160,#3161,#3162,#3163,#3164,#3165,#3166,
    #3167,#3168,#3169,#3170,#3171,#3172,#3173,#3174,#3175,#3176,#3177,
    #3178,#3179,#3180,#3181,#3182,#3183,#3184,#3185,#3186,#3187,#3188,
    #3189,#3190,#3191,#3192,#3193,#3194,#3195,#3196,#3197,#3198,#3199,
    #3200,#3201),.UNSPECIFIED.,.F.,.F.,(8,6,6,6,6,6,6,6,6,6,8),(0.,
    0.228723601919,0.306774547605,0.355841171023,0.46604926296,
    0.573118056728,0.62218504352,0.701236873097,0.779212268094,
    0.935981303061,1.),.UNSPECIFIED.);
#3140 = CARTESIAN_POINT('',(-5.684341886081E-14,-1.439488392429));
#3141 = CARTESIAN_POINT('',(0.155551369294,-1.439488144418));
#3142 = CARTESIAN_POINT('',(0.311180410579,-1.419662689268));
#3143 = CARTESIAN_POINT('',(0.463728050254,-1.379980919196));
#3144 = CARTESIAN_POINT('',(0.610205922743,-1.321099692293));
#3145 = CARTESIAN_POINT('',(0.747833153584,-1.244164674937));
#3146 = CARTESIAN_POINT('',(0.87403631069,-1.150805598889));
#3147 = CARTESIAN_POINT('',(1.025009523813,-1.006524972541));
#3148 = CARTESIAN_POINT('',(1.061839174675,-0.968154734447));
#3149 = CARTESIAN_POINT('',(1.097001667585,-0.928206483268));
#3150 = CARTESIAN_POINT('',(1.130417541805,-0.886768543454));
#3151 = CARTESIAN_POINT('',(1.162013407886,-0.843933857965));
#3152 = CARTESIAN_POINT('',(1.191721947671,-0.799799988269));
#3153 = CARTESIAN_POINT('',(1.236933180472,-0.725971920616));
#3154 = CARTESIAN_POINT('',(1.253614482314,-0.697001483839));
#3155 = CARTESIAN_POINT('',(1.269510676259,-0.667583079122));
#3156 = CARTESIAN_POINT('',(1.284607678251,-0.637742486391));
#3157 = CARTESIAN_POINT('',(1.298892463742,-0.607505990392));
#3158 = CARTESIAN_POINT('',(1.31235306769,-0.576900380693));
#3159 = CARTESIAN_POINT('',(1.353336641976,-0.476442215783));
#3160 = CARTESIAN_POINT('',(1.377482287938,-0.405205329214));
#3161 = CARTESIAN_POINT('',(1.397291392727,-0.332553356921));
#3162 = CARTESIAN_POINT('',(1.41266861127,-0.258804980583));
#3163 = CARTESIAN_POINT('',(1.423547512954,-0.184285239777));
#3164 = CARTESIAN_POINT('',(1.42989071146,-0.109324273156));
#3165 = CARTESIAN_POINT('',(1.433438024786,3.867382176405E-02));
#3166 = CARTESIAN_POINT('',(1.430897404391,0.111707824546));
#3167 = CARTESIAN_POINT('',(1.424060921769,0.184539830772));
#3168 = CARTESIAN_POINT('',(1.412947493912,0.256865811026));
#3169 = CARTESIAN_POINT('',(1.397602114775,0.328384912854));
#3170 = CARTESIAN_POINT('',(1.378095803621,0.398800549207));
#3171 = CARTESIAN_POINT('',(1.343723889159,0.499452079849));
#3172 = CARTESIAN_POINT('',(1.332068649746,0.530790081196));
#3173 = CARTESIAN_POINT('',(1.31956913342,0.561807608388));
#3174 = CARTESIAN_POINT('',(1.306235725402,0.592477221207));
#3175 = CARTESIAN_POINT('',(1.292079897852,0.622771921734));
#3176 = CARTESIAN_POINT('',(1.277114209863,0.652665154357));
#3177 = CARTESIAN_POINT('',(1.235958304212,0.729602921043));
#3178 = CARTESIAN_POINT('',(1.208497346024,0.775965707346));
#3179 = CARTESIAN_POINT('',(1.179026785834,0.821109463452));
#3180 = CARTESIAN_POINT('',(1.147610629634,0.864928978968));
#3181 = CARTESIAN_POINT('',(1.114319536473,0.907323534331));
#3182 = CARTESIAN_POINT('',(1.079230818461,0.948196900802));
#3183 = CARTESIAN_POINT('',(1.006127194449,1.026183177783));
#3184 = CARTESIAN_POINT('',(0.968158073927,1.06334041665));
#3185 = CARTESIAN_POINT('',(0.928601793434,1.098841047528));
#3186 = CARTESIAN_POINT('',(0.887544155899,1.132602909157));
#3187 = CARTESIAN_POINT('',(0.845076052956,1.164549688562));
#3188 = CARTESIAN_POINT('',(0.801293464939,1.19461092105));
#3189 = CARTESIAN_POINT('',(0.665833281335,1.279239115722));
#3190 = CARTESIAN_POINT('',(0.570452674118,1.327881116629));
#3191 = CARTESIAN_POINT('',(0.470988182672,1.368112913337));
#3192 = CARTESIAN_POINT('',(0.368326537755,1.399528533764));
#3193 = CARTESIAN_POINT('',(0.263396197603,1.421837939949));
#3194 = CARTESIAN_POINT('',(0.157159687401,1.434870499083));
#3195 = CARTESIAN_POINT('',(7.100073500396E-03,1.440116088344));
#3196 = CARTESIAN_POINT('',(-3.646483796842E-02,1.44008494456));
#3197 = CARTESIAN_POINT('',(-8.001744572033E-02,1.438499375426));
#3198 = CARTESIAN_POINT('',(-0.123491483004,1.435360697748));
#3199 = CARTESIAN_POINT('',(-0.166820966926,1.430673837351));
#3200 = CARTESIAN_POINT('',(-0.209940198457,1.424447329084));
#3201 = CARTESIAN_POINT('',(-0.252783762422,1.416693316815));
#3202 = ( GEOMETRIC_REPRESENTATION_CONTEXT(2) 
PARAMETRIC_REPRESENTATION_CONTEXT() REPRESENTATION_CONTEXT('2D SPACE',''
  ) );
#3203 = PCURVE('',#3204,#3233);
#3204 = B_SPLINE_SURFACE_WITH_KNOTS('',13,1,(
    (#3205,#3206)
    ,(#3207,#3208)
    ,(#3209,#3210)
    ,(#3211,#3212)
    ,(#3213,#3214)
    ,(#3215,#3216)
    ,(#3217,#3218)
    ,(#3219,#3220)
    ,(#3221,#3222)
    ,(#3223,#3224)
    ,(#3225,#3226)
    ,(#3227,#3228)
    ,(#3229,#3230)
    ,(#3231,#3232
    )),.UNSPECIFIED.,.T.,.F.,.F.,(14,14),(2,2),(0.,6.28318530718),(0.,1.
    ),.PIECEWISE_BEZIER_KNOTS.);
#3205 = CARTESIAN_POINT('',(303.59135821248,-70.4,20.603983091432));
#3206 = CARTESIAN_POINT('',(291.08270372175,-190.,20.605816287289));
#3207 = CARTESIAN_POINT('',(304.31577725692,-70.39999999999,
    20.60398309143));
#3208 = CARTESIAN_POINT('',(291.63852396047,-189.9999999999,
    20.605816287288));
#3209 = CARTESIAN_POINT('',(305.04019659114,-70.40000000002,
    20.224676085388));
#3210 = CARTESIAN_POINT('',(292.19434442136,-190.0000000001,
    20.314787893904));
#3211 = CARTESIAN_POINT('',(305.54795412984,-70.39999999992,
    19.466084655182));
#3212 = CARTESIAN_POINT('',(292.58392821112,-189.9999999996,
    19.732748433391));
#3213 = CARTESIAN_POINT('',(305.62241466433,-70.40000000014,
    18.464216879548));
#3214 = CARTESIAN_POINT('',(292.64105905491,-190.0000000007,
    18.964051930342));
#3215 = CARTESIAN_POINT('',(305.14185434545,-70.39999999979,
    17.491773718957));
#3216 = CARTESIAN_POINT('',(292.27234269965,-189.9999999989,
    18.217931858281));
#3217 = CARTESIAN_POINT('',(304.17507536609,-70.40000000021,
    16.881330772054));
#3218 = CARTESIAN_POINT('',(291.5305685439,-190.0000000012,
    17.749561310786));
#3219 = CARTESIAN_POINT('',(303.00764105896,-70.39999999982,
    16.881330771919));
#3220 = CARTESIAN_POINT('',(290.63483889976,-189.9999999987,
    17.749561310676));
#3221 = CARTESIAN_POINT('',(302.04086207931,-70.40000000011,
    17.491773719065));
#3222 = CARTESIAN_POINT('',(289.89306474344,-190.0000000009,
    18.217931858368));
#3223 = CARTESIAN_POINT('',(301.56030176083,-70.39999999994,
    18.46421687948));
#3224 = CARTESIAN_POINT('',(289.52434838897,-189.9999999994,
    18.964051930288));
#3225 = CARTESIAN_POINT('',(301.63476229501,-70.40000000002,
    19.466084655215));
#3226 = CARTESIAN_POINT('',(289.58147923213,-190.0000000002,
    19.732748433416));
#3227 = CARTESIAN_POINT('',(302.14251983387,-70.39999999999,
    20.224676085376));
#3228 = CARTESIAN_POINT('',(289.97106302223,-189.9999999999,
    20.314787893895));
#3229 = CARTESIAN_POINT('',(302.86693916803,-70.4,20.603983091433));
#3230 = CARTESIAN_POINT('',(290.52688348299,-190.,20.60581628729));
#3231 = CARTESIAN_POINT('',(303.59135821248,-70.4,20.603983091432));
#3232 = CARTESIAN_POINT('',(291.08270372175,-190.,20.605816287289));
#3233 = DEFINITIONAL_REPRESENTATION('',(#3234),#3297);
#3234 = B_SPLINE_CURVE_WITH_KNOTS('',7,(#3235,#3236,#3237,#3238,#3239,
    #3240,#3241,#3242,#3243,#3244,#3245,#3246,#3247,#3248,#3249,#3250,
    #3251,#3252,#3253,#3254,#3255,#3256,#3257,#3258,#3259,#3260,#3261,
    #3262,#3263,#3264,#3265,#3266,#3267,#3268,#3269,#3270,#3271,#3272,
    #3273,#3274,#3275,#3276,#3277,#3278,#3279,#3280,#3281,#3282,#3283,
    #3284,#3285,#3286,#3287,#3288,#3289,#3290,#3291,#3292,#3293,#3294,
    #3295,#3296),.UNSPECIFIED.,.F.,.F.,(8,6,6,6,6,6,6,6,6,6,8),(0.,
    0.228723601919,0.306774547605,0.355841171023,0.46604926296,
    0.573118056728,0.62218504352,0.701236873097,0.779212268094,
    0.935981303061,1.),.UNSPECIFIED.);
#3235 = CARTESIAN_POINT('',(6.28318530718,0.170106508893));
#3236 = CARTESIAN_POINT('',(6.174536190802,0.169971220767));
#3237 = CARTESIAN_POINT('',(6.065841137695,0.16983634584));
#3238 = CARTESIAN_POINT('',(5.957211740762,0.169704632419));
#3239 = CARTESIAN_POINT('',(5.848632022369,0.169578663653));
#3240 = CARTESIAN_POINT('',(5.740082475167,0.169460830379));
#3241 = CARTESIAN_POINT('',(5.631543517198,0.169353331274));
#3242 = CARTESIAN_POINT('',(5.486109577358,0.169225523668));
#3243 = CARTESIAN_POINT('',(5.449113652109,0.169194422176));
#3244 = CARTESIAN_POINT('',(5.412123745786,0.169164808933));
#3245 = CARTESIAN_POINT('',(5.375139783191,0.169136750905));
#3246 = CARTESIAN_POINT('',(5.338161619972,0.169110309669));
#3247 = CARTESIAN_POINT('',(5.301189042625,0.169085541407));
#3248 = CARTESIAN_POINT('',(5.240982340666,0.169048010018));
#3249 = CARTESIAN_POINT('',(5.217744968752,0.169034204265));
#3250 = CARTESIAN_POINT('',(5.194509574523,0.169021092209));
#3251 = CARTESIAN_POINT('',(5.171276070737,0.169008685475));
#3252 = CARTESIAN_POINT('',(5.148044361124,0.168996994752));
#3253 = CARTESIAN_POINT('',(5.124814340393,0.168986029798));
#3254 = CARTESIAN_POINT('',(5.049412694769,0.168952821113));
#3255 = CARTESIAN_POINT('',(4.997246308764,0.168933548321));
#3256 = CARTESIAN_POINT('',(4.945087325925,0.168918081477));
#3257 = CARTESIAN_POINT('',(4.892933912489,0.168906495777));
#3258 = CARTESIAN_POINT('',(4.840783361378,0.168898841116));
#3259 = CARTESIAN_POINT('',(4.788633642362,0.168895142005));
#3260 = CARTESIAN_POINT('',(4.685821727282,0.168895645691));
#3261 = CARTESIAN_POINT('',(4.635157440126,0.1688996264));
#3262 = CARTESIAN_POINT('',(4.584492176225,0.168907338464));
#3263 = CARTESIAN_POINT('',(4.533824092354,0.168918758056));
#3264 = CARTESIAN_POINT('',(4.483150761696,0.168933838749));
#3265 = CARTESIAN_POINT('',(4.432470518944,0.168952511582));
#3266 = CARTESIAN_POINT('',(4.358555335046,0.168984846728));
#3267 = CARTESIAN_POINT('',(4.335325299137,0.168995743608));
#3268 = CARTESIAN_POINT('',(4.312093582837,0.169007367012));
#3269 = CARTESIAN_POINT('',(4.28886008029,0.169019707242));
#3270 = CARTESIAN_POINT('',(4.26562469463,0.169032753665));
#3271 = CARTESIAN_POINT('',(4.242387337985,0.169046494716));
#3272 = CARTESIAN_POINT('',(4.181706920258,0.169084155071));
#3273 = CARTESIAN_POINT('',(4.14426048116,0.169109163049));
#3274 = CARTESIAN_POINT('',(4.106808318907,0.169135889283));
#3275 = CARTESIAN_POINT('',(4.069350210814,0.169164275553));
#3276 = CARTESIAN_POINT('',(4.031886006791,0.169194257963));
#3277 = CARTESIAN_POINT('',(3.994415629341,0.169225766937));
#3278 = CARTESIAN_POINT('',(3.919972829307,0.169291238698));
#3279 = CARTESIAN_POINT('',(3.88300041715,0.169325162739));
#3280 = CARTESIAN_POINT('',(3.846021865943,0.169360427012));
#3281 = CARTESIAN_POINT('',(3.809037275042,0.169396954901));
#3282 = CARTESIAN_POINT('',(3.772046814292,0.169434665502));
#3283 = CARTESIAN_POINT('',(3.735050724035,0.16947347363));
#3284 = CARTESIAN_POINT('',(3.623658218133,0.169593340003));
#3285 = CARTESIAN_POINT('',(3.549236962885,0.169677475199));
#3286 = CARTESIAN_POINT('',(3.474802237586,0.16976495834));
#3287 = CARTESIAN_POINT('',(3.400355572877,0.16985500836));
#3288 = CARTESIAN_POINT('',(3.325893651304,0.169946810717));
#3289 = CARTESIAN_POINT('',(3.251418947405,0.170039524132));
#3290 = CARTESIAN_POINT('',(3.146540609687,0.170170163109));
#3291 = CARTESIAN_POINT('',(3.116130212299,0.170208052187));
#3292 = CARTESIAN_POINT('',(3.085719862191,0.17024589287));
#3293 = CARTESIAN_POINT('',(3.055309909085,0.170283627556));
#3294 = CARTESIAN_POINT('',(3.024900696486,0.170321198976));
#3295 = CARTESIAN_POINT('',(2.994492561684,0.170358550197));
#3296 = CARTESIAN_POINT('',(2.964085835752,0.170395624619));
#3297 = ( GEOMETRIC_REPRESENTATION_CONTEXT(2) 
PARAMETRIC_REPRESENTATION_CONTEXT() REPRESENTATION_CONTEXT('2D SPACE',''
  ) );
#3298 = ORIENTED_EDGE('',*,*,#3299,.F.);
#3299 = EDGE_CURVE('',#3300,#3071,#3302,.T.);
#3300 = VERTEX_POINT('',#3301);
#3301 = CARTESIAN_POINT('',(301.71007100477,-90.77058470698,
    20.582556330188));
#3302 = SURFACE_CURVE('',#3303,(#3309,#3318),.PCURVE_S1.);
#3303 = B_SPLINE_CURVE_WITH_KNOTS('',4,(#3304,#3305,#3306,#3307,#3308),
  .UNSPECIFIED.,.F.,.F.,(5,5),(0.,1.),.PIECEWISE_BEZIER_KNOTS.);
#3304 = CARTESIAN_POINT('',(301.71496933222,-90.77109958906,
    20.581676828995));
#3305 = CARTESIAN_POINT('',(301.65278484752,-90.76456280575,
    20.592955491969));
#3306 = CARTESIAN_POINT('',(301.58993342305,-90.75796717284,
    20.600515221207));
#3307 = CARTESIAN_POINT('',(301.52674485729,-90.75134736189,
    20.604295031279));
#3308 = CARTESIAN_POINT('',(301.46355466611,-90.74473846362,
    20.60429492998));
#3309 = PCURVE('',#2940,#3310);
#3310 = DEFINITIONAL_REPRESENTATION('',(#3311),#3317);
#3311 = B_SPLINE_CURVE_WITH_KNOTS('',4,(#3312,#3313,#3314,#3315,#3316),
  .UNSPECIFIED.,.F.,.F.,(5,5),(0.,1.),.PIECEWISE_BEZIER_KNOTS.);
#3312 = CARTESIAN_POINT('',(-0.252792877508,-1.416870195277));
#3313 = CARTESIAN_POINT('',(-0.190265774652,-1.428148906206));
#3314 = CARTESIAN_POINT('',(-0.127069228497,-1.435708667586));
#3315 = CARTESIAN_POINT('',(-6.353485498397E-02,-1.439488493729));
#3316 = CARTESIAN_POINT('',(-1.136868377216E-13,-1.439488392429));
#3317 = ( GEOMETRIC_REPRESENTATION_CONTEXT(2) 
PARAMETRIC_REPRESENTATION_CONTEXT() REPRESENTATION_CONTEXT('2D SPACE',''
  ) );
#3318 = PCURVE('',#3319,#3348);
#3319 = B_SPLINE_SURFACE_WITH_KNOTS('',13,1,(
    (#3320,#3321)
    ,(#3322,#3323)
    ,(#3324,#3325)
    ,(#3326,#3327)
    ,(#3328,#3329)
    ,(#3330,#3331)
    ,(#3332,#3333)
    ,(#3334,#3335)
    ,(#3336,#3337)
    ,(#3338,#3339)
    ,(#3340,#3341)
    ,(#3342,#3343)
    ,(#3344,#3345)
    ,(#3346,#3347
    )),.UNSPECIFIED.,.T.,.F.,.F.,(14,14),(2,2),(0.,6.28318530718),(0.,1.
    ),.PIECEWISE_BEZIER_KNOTS.);
#3320 = CARTESIAN_POINT('',(303.59135821248,-70.4,20.603983091432));
#3321 = CARTESIAN_POINT('',(291.08270372175,-190.,20.605816287289));
#3322 = CARTESIAN_POINT('',(304.31577725692,-70.39999999999,
    20.60398309143));
#3323 = CARTESIAN_POINT('',(291.63852396047,-189.9999999999,
    20.605816287288));
#3324 = CARTESIAN_POINT('',(305.04019659114,-70.40000000002,
    20.224676085388));
#3325 = CARTESIAN_POINT('',(292.19434442136,-190.0000000001,
    20.314787893904));
#3326 = CARTESIAN_POINT('',(305.54795412984,-70.39999999992,
    19.466084655182));
#3327 = CARTESIAN_POINT('',(292.58392821112,-189.9999999996,
    19.732748433391));
#3328 = CARTESIAN_POINT('',(305.62241466433,-70.40000000014,
    18.464216879548));
#3329 = CARTESIAN_POINT('',(292.64105905491,-190.0000000007,
    18.964051930342));
#3330 = CARTESIAN_POINT('',(305.14185434545,-70.39999999979,
    17.491773718957));
#3331 = CARTESIAN_POINT('',(292.27234269965,-189.9999999989,
    18.217931858281));
#3332 = CARTESIAN_POINT('',(304.17507536609,-70.40000000021,
    16.881330772054));
#3333 = CARTESIAN_POINT('',(291.5305685439,-190.0000000012,
    17.749561310786));
#3334 = CARTESIAN_POINT('',(303.00764105896,-70.39999999982,
    16.881330771919));
#3335 = CARTESIAN_POINT('',(290.63483889976,-189.9999999987,
    17.749561310676));
#3336 = CARTESIAN_POINT('',(302.04086207931,-70.40000000011,
    17.491773719065));
#3337 = CARTESIAN_POINT('',(289.89306474344,-190.0000000009,
    18.217931858368));
#3338 = CARTESIAN_POINT('',(301.56030176083,-70.39999999994,
    18.46421687948));
#3339 = CARTESIAN_POINT('',(289.52434838897,-189.9999999994,
    18.964051930288));
#3340 = CARTESIAN_POINT('',(301.63476229501,-70.40000000002,
    19.466084655215));
#3341 = CARTESIAN_POINT('',(289.58147923213,-190.0000000002,
    19.732748433416));
#3342 = CARTESIAN_POINT('',(302.14251983387,-70.39999999999,
    20.224676085376));
#3343 = CARTESIAN_POINT('',(289.97106302223,-189.9999999999,
    20.314787893895));
#3344 = CARTESIAN_POINT('',(302.86693916803,-70.4,20.603983091433));
#3345 = CARTESIAN_POINT('',(290.52688348299,-190.,20.60581628729));
#3346 = CARTESIAN_POINT('',(303.59135821248,-70.4,20.603983091432));
#3347 = CARTESIAN_POINT('',(291.08270372175,-190.,20.605816287289));
#3348 = DEFINITIONAL_REPRESENTATION('',(#3349),#3355);
#3349 = B_SPLINE_CURVE_WITH_KNOTS('',4,(#3350,#3351,#3352,#3353,#3354),
  .UNSPECIFIED.,.F.,.F.,(5,5),(0.,1.),.PIECEWISE_BEZIER_KNOTS.);
#3350 = CARTESIAN_POINT('',(0.177510295794,0.170326919641));
#3351 = CARTESIAN_POINT('',(0.13313455197,0.170272264262));
#3352 = CARTESIAN_POINT('',(8.875643640757E-02,0.17021711683));
#3353 = CARTESIAN_POINT('',(4.437766047753E-02,0.17016176724));
#3354 = CARTESIAN_POINT('',(0.,0.170106508893));
#3355 = ( GEOMETRIC_REPRESENTATION_CONTEXT(2) 
PARAMETRIC_REPRESENTATION_CONTEXT() REPRESENTATION_CONTEXT('2D SPACE',''
  ) );
#3356 = ORIENTED_EDGE('',*,*,#3357,.T.);
#3357 = EDGE_CURVE('',#3300,#2983,#3358,.T.);
#3358 = SURFACE_CURVE('',#3359,(#3362,#3368),.PCURVE_S1.);
#3359 = B_SPLINE_CURVE_WITH_KNOTS('',1,(#3360,#3361),.UNSPECIFIED.,.F.,
  .F.,(2,2),(0.,1.),.PIECEWISE_BEZIER_KNOTS.);
#3360 = CARTESIAN_POINT('',(301.46336049864,-90.74659067449,
    19.965644883983));
#3361 = CARTESIAN_POINT('',(301.88793138605,-90.78788266413,
    21.027304739007));
#3362 = PCURVE('',#2940,#3363);
#3363 = DEFINITIONAL_REPRESENTATION('',(#3364),#3367);
#3364 = B_SPLINE_CURVE_WITH_KNOTS('',1,(#3365,#3366),.UNSPECIFIED.,.F.,
  .F.,(2,2),(0.,1.),.PIECEWISE_BEZIER_KNOTS.);
#3365 = CARTESIAN_POINT('',(4.470892349673E-07,-0.800835631034));
#3366 = CARTESIAN_POINT('',(-0.426562423166,-1.8625));
#3367 = ( GEOMETRIC_REPRESENTATION_CONTEXT(2) 
PARAMETRIC_REPRESENTATION_CONTEXT() REPRESENTATION_CONTEXT('2D SPACE',''
  ) );
#3368 = PCURVE('',#949,#3369);
#3369 = DEFINITIONAL_REPRESENTATION('',(#3370),#3373);
#3370 = B_SPLINE_CURVE_WITH_KNOTS('',1,(#3371,#3372),.UNSPECIFIED.,.F.,
  .F.,(2,2),(0.,1.),.PIECEWISE_BEZIER_KNOTS.);
#3371 = CARTESIAN_POINT('',(5.60747573229,0.178250743234));
#3372 = CARTESIAN_POINT('',(4.462569269658,0.178589202165));
#3373 = ( GEOMETRIC_REPRESENTATION_CONTEXT(2) 
PARAMETRIC_REPRESENTATION_CONTEXT() REPRESENTATION_CONTEXT('2D SPACE',''
  ) );
#3374 = FACE_BOUND('',#3375,.F.);
#3375 = EDGE_LOOP('',(#3376));
#3376 = ORIENTED_EDGE('',*,*,#2923,.F.);
#3377 = ADVANCED_FACE('',(#3378),#3204,.F.);
#3378 = FACE_BOUND('',#3379,.F.);
#3379 = EDGE_LOOP('',(#3380,#3582,#3602,#3603));
#3380 = ORIENTED_EDGE('',*,*,#3381,.F.);
#3381 = EDGE_CURVE('',#3382,#3384,#3386,.T.);
#3382 = VERTEX_POINT('',#3383);
#3383 = CARTESIAN_POINT('',(302.32434354239,-82.51440884035,
    20.604168777754));
#3384 = VERTEX_POINT('',#3385);
#3385 = CARTESIAN_POINT('',(302.57906690763,-82.5495636216,
    17.700369339523));
#3386 = SURFACE_CURVE('',#3387,(#3450,#3516),.PCURVE_S1.);
#3387 = B_SPLINE_CURVE_WITH_KNOTS('',7,(#3388,#3389,#3390,#3391,#3392,
    #3393,#3394,#3395,#3396,#3397,#3398,#3399,#3400,#3401,#3402,#3403,
    #3404,#3405,#3406,#3407,#3408,#3409,#3410,#3411,#3412,#3413,#3414,
    #3415,#3416,#3417,#3418,#3419,#3420,#3421,#3422,#3423,#3424,#3425,
    #3426,#3427,#3428,#3429,#3430,#3431,#3432,#3433,#3434,#3435,#3436,
    #3437,#3438,#3439,#3440,#3441,#3442,#3443,#3444,#3445,#3446,#3447,
    #3448,#3449),.UNSPECIFIED.,.F.,.F.,(8,6,6,6,6,6,6,6,6,6,8),(0.,
    0.227721890696,0.30677407696,0.355841746812,0.465050514657,
    0.572613340268,0.621680957714,0.700733035367,0.778707744773,
    0.934475806487,1.),.UNSPECIFIED.);
#3388 = CARTESIAN_POINT('',(302.32434354239,-82.51440884035,
    20.604168777754));
#3389 = CARTESIAN_POINT('',(302.16750866356,-82.49800588698,
    20.604168526334));
#3390 = CARTESIAN_POINT('',(302.01058954189,-82.48165287977,
    20.584128366712));
#3391 = CARTESIAN_POINT('',(301.85675396756,-82.46568122164,
    20.544016938058));
#3392 = CARTESIAN_POINT('',(301.70899774844,-82.45040229938,
    20.484494884624));
#3393 = CARTESIAN_POINT('',(301.57010980587,-82.43610442218,
    20.406713942063));
#3394 = CARTESIAN_POINT('',(301.4426725721,-82.4230528766,
    20.312312358457));
#3395 = CARTESIAN_POINT('',(301.2894239351,-82.40745472969,
    20.165746101718));
#3396 = CARTESIAN_POINT('',(301.25157474784,-82.40361202506,
    20.126235824515));
#3397 = CARTESIAN_POINT('',(301.21545728804,-82.3999552844,
    20.085072375775));
#3398 = CARTESIAN_POINT('',(301.1811555449,-82.39649301745,
    20.042349376245));
#3399 = CARTESIAN_POINT('',(301.1487470108,-82.39323303986,19.9981654171
    ));
#3400 = CARTESIAN_POINT('',(301.11830268126,-82.39018247322,
    19.952624059948));
#3401 = CARTESIAN_POINT('',(301.07224948365,-82.38558823011,
    19.876791158444));
#3402 = CARTESIAN_POINT('',(301.05539339097,-82.38391185927,
    19.847267132356));
#3403 = CARTESIAN_POINT('',(301.03933412404,-82.38232016194,
    19.817287593979));
#3404 = CARTESIAN_POINT('',(301.02408595177,-82.38081455321,
    19.786878892857));
#3405 = CARTESIAN_POINT('',(301.0096620648,-82.37939633388,
    19.756067892656));
#3406 = CARTESIAN_POINT('',(300.99607457558,-82.37806669049,
    19.724881971165));
#3407 = CARTESIAN_POINT('',(300.95497926997,-82.37406686694,
    19.623166867329));
#3408 = CARTESIAN_POINT('',(300.93082136187,-82.37175107273,
    19.551263974089));
#3409 = CARTESIAN_POINT('',(300.91098298864,-82.36989118591,
    19.477949609569));
#3410 = CARTESIAN_POINT('',(300.89555811204,-82.36849610512,
    19.403540487984));
#3411 = CARTESIAN_POINT('',(300.8846123408,-82.36757174528,
    19.328359560538));
#3412 = CARTESIAN_POINT('',(300.8781828104,-82.36712102869,
    19.252734807189));
#3413 = CARTESIAN_POINT('',(300.87440202281,-82.36716637874,
    19.102402718107));
#3414 = CARTESIAN_POINT('',(300.87691531977,-82.36764827843,
    19.027695731738));
#3415 = CARTESIAN_POINT('',(300.88382578372,-82.36858946455,
    18.953194029434));
#3416 = CARTESIAN_POINT('',(300.89511418628,-82.36998700314,
    18.879212379675));
#3417 = CARTESIAN_POINT('',(300.91073429042,-82.37183514522,
    18.80606223796));
#3418 = CARTESIAN_POINT('',(300.93061290007,-82.3741253352,
    18.734050625458));
#3419 = CARTESIAN_POINT('',(300.96561502523,-82.37808742248,
    18.631285904477));
#3420 = CARTESIAN_POINT('',(300.97744557562,-82.3794182615,
    18.599392127811));
#3421 = CARTESIAN_POINT('',(300.9901320966,-82.38083766319,
    18.567826140623));
#3422 = CARTESIAN_POINT('',(301.00366401857,-82.38234443999,
    18.536615952555));
#3423 = CARTESIAN_POINT('',(301.01802966671,-82.38393729005,
    18.505789119943));
#3424 = CARTESIAN_POINT('',(301.033216261,-82.38561479729,
    18.475372745813));
#3425 = CARTESIAN_POINT('',(301.07497704607,-82.39021196155,
    18.397094349383));
#3426 = CARTESIAN_POINT('',(301.1028392499,-82.39326428518,
    18.349929240282));
#3427 = CARTESIAN_POINT('',(301.13273817032,-82.39652597053,
    18.304010106836));
#3428 = CARTESIAN_POINT('',(301.16460868633,-82.39998989201,
    18.259444301998));
#3429 = CARTESIAN_POINT('',(301.19837891326,-82.40364823012,
    18.216334577424));
#3430 = CARTESIAN_POINT('',(301.23397020276,-82.40749247146,
    18.17477908347));
#3431 = CARTESIAN_POINT('',(301.30811536936,-82.41547954628,
    18.095507540738));
#3432 = CARTESIAN_POINT('',(301.34662283891,-82.41961765901,
    18.05774616416));
#3433 = CARTESIAN_POINT('',(301.38673744825,-82.42391889682,
    18.021676984144));
#3434 = CARTESIAN_POINT('',(301.42837192479,-82.42837388654,
    17.98738375416));
#3435 = CARTESIAN_POINT('',(301.47143382656,-82.43297273189,
    17.954944236458));
#3436 = CARTESIAN_POINT('',(301.5158255422,-82.43770501353,
    17.924430202072));
#3437 = CARTESIAN_POINT('',(301.6525756865,-82.45225804854,
    17.838928227865));
#3438 = CARTESIAN_POINT('',(301.74861550542,-82.46244639048,
    17.789887949476));
#3439 = CARTESIAN_POINT('',(301.8487331835,-82.47303638157,
    17.749320945813));
#3440 = CARTESIAN_POINT('',(301.95204472884,-82.48393437868,
    17.717632636616));
#3441 = CARTESIAN_POINT('',(302.05762491417,-82.49504276509,
    17.695112792239));
#3442 = CARTESIAN_POINT('',(302.16451468931,-82.50626073568,
    17.681932132342));
#3443 = CARTESIAN_POINT('',(302.31682157845,-82.52220598857,
    17.676519603175));
#3444 = CARTESIAN_POINT('',(302.36197813768,-82.52692863371,
    17.67657503591));
#3445 = CARTESIAN_POINT('',(302.40712098772,-82.53164497615,
    17.678291078797));
#3446 = CARTESIAN_POINT('',(302.45217795045,-82.53634747138,
    17.68166621874));
#3447 = CARTESIAN_POINT('',(302.49707717328,-82.54102862087,
    17.686694891179));
#3448 = CARTESIAN_POINT('',(302.54174712917,-82.54568097196,
    17.693367480086));
#3449 = CARTESIAN_POINT('',(302.58611661656,-82.55029711795,
    17.701670317967));
#3450 = PCURVE('',#3204,#3451);
#3451 = DEFINITIONAL_REPRESENTATION('',(#3452),#3515);
#3452 = B_SPLINE_CURVE_WITH_KNOTS('',7,(#3453,#3454,#3455,#3456,#3457,
    #3458,#3459,#3460,#3461,#3462,#3463,#3464,#3465,#3466,#3467,#3468,
    #3469,#3470,#3471,#3472,#3473,#3474,#3475,#3476,#3477,#3478,#3479,
    #3480,#3481,#3482,#3483,#3484,#3485,#3486,#3487,#3488,#3489,#3490,
    #3491,#3492,#3493,#3494,#3495,#3496,#3497,#3498,#3499,#3500,#3501,
    #3502,#3503,#3504,#3505,#3506,#3507,#3508,#3509,#3510,#3511,#3512,
    #3513,#3514),.UNSPECIFIED.,.F.,.F.,(8,6,6,6,6,6,6,6,6,6,8),(0.,
    0.227721890696,0.30677407696,0.355841746812,0.465050514657,
    0.572613340268,0.621680957714,0.700733035367,0.778707744773,
    0.934475806487,1.),.UNSPECIFIED.);
#3453 = CARTESIAN_POINT('',(6.28318530718,0.101291043816));
#3454 = CARTESIAN_POINT('',(6.174848812356,0.101153895376));
#3455 = CARTESIAN_POINT('',(6.066466591413,0.101017164547));
#3456 = CARTESIAN_POINT('',(5.958149944921,0.100883622255));
#3457 = CARTESIAN_POINT('',(5.84988296989,0.100755872068));
#3458 = CARTESIAN_POINT('',(5.74164639839,0.1006363246));
#3459 = CARTESIAN_POINT('',(5.633420752389,0.100527197965));
#3460 = CARTESIAN_POINT('',(5.487769490555,0.100396778676));
#3461 = CARTESIAN_POINT('',(5.450243082876,0.100364649039));
#3462 = CARTESIAN_POINT('',(5.412722935614,0.100334074284));
#3463 = CARTESIAN_POINT('',(5.37520897155,0.100305125564));
#3464 = CARTESIAN_POINT('',(5.337701039734,0.100277868226));
#3465 = CARTESIAN_POINT('',(5.300198915481,0.100252361816));
#3466 = CARTESIAN_POINT('',(5.239428161887,0.100213948412));
#3467 = CARTESIAN_POINT('',(5.216156103799,0.100199931934));
#3468 = CARTESIAN_POINT('',(5.192886046274,0.100186623428));
#3469 = CARTESIAN_POINT('',(5.169617900338,0.100174034726));
#3470 = CARTESIAN_POINT('',(5.146351567869,0.100162176705));
#3471 = CARTESIAN_POINT('',(5.123086941606,0.100151059285));
#3472 = CARTESIAN_POINT('',(5.048047907705,0.100117615944));
#3473 = CARTESIAN_POINT('',(4.996278686119,0.100098253116));
#3474 = CARTESIAN_POINT('',(4.944516788598,0.100082702223));
#3475 = CARTESIAN_POINT('',(4.892760407142,0.100071037668));
#3476 = CARTESIAN_POINT('',(4.841006884257,0.100063308907));
#3477 = CARTESIAN_POINT('',(4.789254219696,0.100059540374));
#3478 = CARTESIAN_POINT('',(4.686530910635,0.100059919555));
#3479 = CARTESIAN_POINT('',(4.635558163396,0.100063948816));
#3480 = CARTESIAN_POINT('',(4.584584441958,0.100071818265));
#3481 = CARTESIAN_POINT('',(4.533607846429,0.100083503371));
#3482 = CARTESIAN_POINT('',(4.482625869257,0.100098956064));
#3483 = CARTESIAN_POINT('',(4.43163679397,0.100118104809));
#3484 = CARTESIAN_POINT('',(4.357378061459,0.100151232629));
#3485 = CARTESIAN_POINT('',(4.334113437788,0.100162360046));
#3486 = CARTESIAN_POINT('',(4.310847106535,0.100174227953));
#3487 = CARTESIAN_POINT('',(4.287578960497,0.100186826421));
#3488 = CARTESIAN_POINT('',(4.264308901629,0.100200144566));
#3489 = CARTESIAN_POINT('',(4.241036841044,0.100214170546));
#3490 = CARTESIAN_POINT('',(4.180266089651,0.100252608374));
#3491 = CARTESIAN_POINT('',(4.14276396839,0.100278129475));
#3492 = CARTESIAN_POINT('',(4.105256037281,0.100305401091));
#3493 = CARTESIAN_POINT('',(4.067742072164,0.100334363646));
#3494 = CARTESIAN_POINT('',(4.030221922662,0.100364951757));
#3495 = CARTESIAN_POINT('',(3.992695512182,0.100397094243));
#3496 = CARTESIAN_POINT('',(3.918141681024,0.100463875805));
#3497 = CARTESIAN_POINT('',(3.881114270269,0.10049847541));
#3498 = CARTESIAN_POINT('',(3.844080637467,0.100534438937));
#3499 = CARTESIAN_POINT('',(3.807040885965,0.100571688015));
#3500 = CARTESIAN_POINT('',(3.769995190641,0.100610139899));
#3501 = CARTESIAN_POINT('',(3.732943797904,0.100649707471));
#3502 = CARTESIAN_POINT('',(3.621859669588,0.100771388366));
#3503 = CARTESIAN_POINT('',(3.547802293831,0.100856575171));
#3504 = CARTESIAN_POINT('',(3.473731407588,0.100945120247));
#3505 = CARTESIAN_POINT('',(3.399648564348,0.101036240624));
#3506 = CARTESIAN_POINT('',(3.325550534198,0.10112912011));
#3507 = CARTESIAN_POINT('',(3.251439803352,0.10122291585));
#3508 = CARTESIAN_POINT('',(3.146163213568,0.101356237363));
#3509 = CARTESIAN_POINT('',(3.114990692584,0.101395724362));
#3510 = CARTESIAN_POINT('',(3.083818226203,0.101435158663));
#3511 = CARTESIAN_POINT('',(3.052646195712,0.101474477186));
#3512 = CARTESIAN_POINT('',(3.021474975456,0.101513617231));
#3513 = CARTESIAN_POINT('',(2.990304932838,0.101552516488));
#3514 = CARTESIAN_POINT('',(2.959136428321,0.101591113026));
#3515 = ( GEOMETRIC_REPRESENTATION_CONTEXT(2) 
PARAMETRIC_REPRESENTATION_CONTEXT() REPRESENTATION_CONTEXT('2D SPACE',''
  ) );
#3516 = PCURVE('',#870,#3517);
#3517 = DEFINITIONAL_REPRESENTATION('',(#3518),#3581);
#3518 = B_SPLINE_CURVE_WITH_KNOTS('',7,(#3519,#3520,#3521,#3522,#3523,
    #3524,#3525,#3526,#3527,#3528,#3529,#3530,#3531,#3532,#3533,#3534,
    #3535,#3536,#3537,#3538,#3539,#3540,#3541,#3542,#3543,#3544,#3545,
    #3546,#3547,#3548,#3549,#3550,#3551,#3552,#3553,#3554,#3555,#3556,
    #3557,#3558,#3559,#3560,#3561,#3562,#3563,#3564,#3565,#3566,#3567,
    #3568,#3569,#3570,#3571,#3572,#3573,#3574,#3575,#3576,#3577,#3578,
    #3579,#3580),.UNSPECIFIED.,.F.,.F.,(8,6,6,6,6,6,6,6,6,6,8),(0.,
    0.227721890696,0.30677407696,0.355841746812,0.465050514657,
    0.572613340268,0.621680957714,0.700733035367,0.778707744773,
    0.934475806487,1.),.UNSPECIFIED.);
#3519 = CARTESIAN_POINT('',(1.136868377216E-13,-1.463493418433));
#3520 = CARTESIAN_POINT('',(0.157690317063,-1.463493167012));
#3521 = CARTESIAN_POINT('',(0.31545922457,-1.443452922183));
#3522 = CARTESIAN_POINT('',(0.470121644409,-1.403341322985));
#3523 = CARTESIAN_POINT('',(0.618665629902,-1.343819016475));
#3524 = CARTESIAN_POINT('',(0.758287399115,-1.266037743208));
#3525 = CARTESIAN_POINT('',(0.886390933857,-1.171635758227));
#3526 = CARTESIAN_POINT('',(1.040430747729,-1.025068878321));
#3527 = CARTESIAN_POINT('',(1.07847432906,-0.985558433129));
#3528 = CARTESIAN_POINT('',(1.114776233229,-0.944394809371));
#3529 = CARTESIAN_POINT('',(1.149252041463,-0.901671628192));
#3530 = CARTESIAN_POINT('',(1.181823868789,-0.857487481187));
#3531 = CARTESIAN_POINT('',(1.212420364039,-0.811945930403));
#3532 = CARTESIAN_POINT('',(1.258701625678,-0.736112706474));
#3533 = CARTESIAN_POINT('',(1.275640653613,-0.706588554857));
#3534 = CARTESIAN_POINT('',(1.291778370673,-0.676608889013));
#3535 = CARTESIAN_POINT('',(1.307100438166,-0.6462000586));
#3536 = CARTESIAN_POINT('',(1.321593601676,-0.615388927398));
#3537 = CARTESIAN_POINT('',(1.335245691069,-0.584202873311));
#3538 = CARTESIAN_POINT('',(1.376534124728,-0.482487337005));
#3539 = CARTESIAN_POINT('',(1.40080187004,-0.41058413805));
#3540 = CARTESIAN_POINT('',(1.420726089597,-0.337269461814));
#3541 = CARTESIAN_POINT('',(1.436212405706,-0.262860023858));
#3542 = CARTESIAN_POINT('',(1.447194950287,-0.187678776759));
#3543 = CARTESIAN_POINT('',(1.453636485338,-0.11205370187));
#3544 = CARTESIAN_POINT('',(1.457392045598,3.827902639007E-02));
#3545 = CARTESIAN_POINT('',(1.454842255536,0.112986330397));
#3546 = CARTESIAN_POINT('',(1.447871377244,0.187488349466));
#3547 = CARTESIAN_POINT('',(1.43649883997,0.261470313778));
#3548 = CARTESIAN_POINT('',(1.42077122794,0.334620766511));
#3549 = CARTESIAN_POINT('',(1.400762230087,0.406632685191));
#3550 = CARTESIAN_POINT('',(1.365537847926,0.509397843104));
#3551 = CARTESIAN_POINT('',(1.353633041958,0.541291755376));
#3552 = CARTESIAN_POINT('',(1.340867696579,0.572857876776));
#3553 = CARTESIAN_POINT('',(1.32725244758,0.604068197543));
#3554 = CARTESIAN_POINT('',(1.312799041856,0.634895161223));
#3555 = CARTESIAN_POINT('',(1.297520337412,0.665311664676));
#3556 = CARTESIAN_POINT('',(1.255507898976,0.74359039393));
#3557 = CARTESIAN_POINT('',(1.227479339172,0.790755703566));
#3558 = CARTESIAN_POINT('',(1.19740333373,0.83667503225));
#3559 = CARTESIAN_POINT('',(1.165345391595,0.881241026572));
#3560 = CARTESIAN_POINT('',(1.131377820867,0.924350934439));
#3561 = CARTESIAN_POINT('',(1.095579728805,0.965906605077));
#3562 = CARTESIAN_POINT('',(1.021005968955,1.045178484855));
#3563 = CARTESIAN_POINT('',(0.982276948016,1.082940021986));
#3564 = CARTESIAN_POINT('',(0.94193253742,1.119009355359));
#3565 = CARTESIAN_POINT('',(0.900060511322,1.153302731151));
#3566 = CARTESIAN_POINT('',(0.856753839623,1.185742386779));
#3567 = CARTESIAN_POINT('',(0.812110687965,1.216256550904));
#3568 = CARTESIAN_POINT('',(0.674588578378,1.301758888646));
#3569 = CARTESIAN_POINT('',(0.578009964393,1.350799375543));
#3570 = CARTESIAN_POINT('',(0.477333833247,1.391366551688));
#3571 = CARTESIAN_POINT('',(0.373449122143,1.423054995617));
#3572 = CARTESIAN_POINT('',(0.267286193253,1.445574935743));
#3573 = CARTESIAN_POINT('',(0.159809379855,1.458755651682));
#3574 = CARTESIAN_POINT('',(6.670099071926E-03,1.464168203862));
#3575 = CARTESIAN_POINT('',(-3.873274465928E-02,1.464112770891));
#3576 = CARTESIAN_POINT('',(-8.412129795482E-02,1.462396720708));
#3577 = CARTESIAN_POINT('',(-0.129422989478,1.459021566414));
#3578 = CARTESIAN_POINT('',(-0.17456557643,1.453992872594));
#3579 = CARTESIAN_POINT('',(-0.219477144547,1.447320255317));
#3580 = CARTESIAN_POINT('',(-0.264086108103,1.439017382134));
#3581 = ( GEOMETRIC_REPRESENTATION_CONTEXT(2) 
PARAMETRIC_REPRESENTATION_CONTEXT() REPRESENTATION_CONTEXT('2D SPACE',''
  ) );
#3582 = ORIENTED_EDGE('',*,*,#3583,.T.);
#3583 = EDGE_CURVE('',#3382,#3071,#3584,.T.);
#3584 = SURFACE_CURVE('',#3585,(#3588,#3595),.PCURVE_S1.);
#3585 = B_SPLINE_CURVE_WITH_KNOTS('',1,(#3586,#3587),.UNSPECIFIED.,.F.,
  .F.,(2,2),(0.,1.),.PIECEWISE_BEZIER_KNOTS.);
#3586 = CARTESIAN_POINT('',(303.59135821248,-70.4,20.603983091432));
#3587 = CARTESIAN_POINT('',(291.08270372175,-190.,20.605816287289));
#3588 = PCURVE('',#3204,#3589);
#3589 = DEFINITIONAL_REPRESENTATION('',(#3590),#3594);
#3590 = LINE('',#3591,#3592);
#3591 = CARTESIAN_POINT('',(6.28318530718,0.));
#3592 = VECTOR('',#3593,1.);
#3593 = DIRECTION('',(0.,1.));
#3594 = ( GEOMETRIC_REPRESENTATION_CONTEXT(2) 
PARAMETRIC_REPRESENTATION_CONTEXT() REPRESENTATION_CONTEXT('2D SPACE',''
  ) );
#3595 = PCURVE('',#3319,#3596);
#3596 = DEFINITIONAL_REPRESENTATION('',(#3597),#3601);
#3597 = LINE('',#3598,#3599);
#3598 = CARTESIAN_POINT('',(0.,0.));
#3599 = VECTOR('',#3600,1.);
#3600 = DIRECTION('',(0.,1.));
#3601 = ( GEOMETRIC_REPRESENTATION_CONTEXT(2) 
PARAMETRIC_REPRESENTATION_CONTEXT() REPRESENTATION_CONTEXT('2D SPACE',''
  ) );
#3602 = ORIENTED_EDGE('',*,*,#3070,.T.);
#3603 = ORIENTED_EDGE('',*,*,#3604,.T.);
#3604 = EDGE_CURVE('',#3046,#3384,#3605,.T.);
#3605 = SURFACE_CURVE('',#3606,(#3633,#3663),.PCURVE_S1.);
#3606 = B_SPLINE_CURVE_WITH_KNOTS('',4,(#3607,#3608,#3609,#3610,#3611,
    #3612,#3613,#3614,#3615,#3616,#3617,#3618,#3619,#3620,#3621,#3622,
    #3623,#3624,#3625,#3626,#3627,#3628,#3629,#3630,#3631,#3632),
  .UNSPECIFIED.,.F.,.F.,(5,3,3,3,3,3,3,3,5),(0.,9.320225421266E-02,
    0.186802332858,0.280402386281,0.374002416625,0.467602425792,
    0.626402397591,0.813602301883,1.),.UNSPECIFIED.);
#3607 = CARTESIAN_POINT('',(291.22042937005,-190.,18.314093197031));
#3608 = CARTESIAN_POINT('',(291.51504170673,-187.2132561976,
    18.298116020944));
#3609 = CARTESIAN_POINT('',(291.80965190473,-184.4265120954,
    18.282144215006));
#3610 = CARTESIAN_POINT('',(292.10426006112,-181.6397677076,
    18.266177535338));
#3611 = CARTESIAN_POINT('',(292.69472995945,-176.0543834473,
    18.23418586539));
#3612 = CARTESIAN_POINT('',(292.99059168474,-173.2557435725,
    18.218160916918));
#3613 = CARTESIAN_POINT('',(293.28645152479,-170.4571034352,
    18.202140701749));
#3614 = CARTESIAN_POINT('',(293.87816750944,-164.8598234126,
    18.170109353499));
#3615 = CARTESIAN_POINT('',(294.17402365411,-162.0611835272,
    18.154098220248));
#3616 = CARTESIAN_POINT('',(294.46987806839,-159.2625434019,
    18.138091431253));
#3617 = CARTESIAN_POINT('',(295.06158350128,-153.6652633818,
    18.106086198884));
#3618 = CARTESIAN_POINT('',(295.35743451994,-150.866623487,
    18.090087755368));
#3619 = CARTESIAN_POINT('',(295.65328394634,-148.0679833724,
    18.074093309094));
#3620 = CARTESIAN_POINT('',(296.24497967126,-142.4707033545,
    18.042112104224));
#3621 = CARTESIAN_POINT('',(296.54082596982,-139.6720634513,
    18.02612534551));
#3622 = CARTESIAN_POINT('',(296.83667079976,-136.8734233461,
    18.010142273465));
#3623 = CARTESIAN_POINT('',(297.6344364563,-129.3266638474,
    17.967052195082));
#3624 = CARTESIAN_POINT('',(298.13635462876,-124.5785440895,
    17.939951851236));
#3625 = CARTESIAN_POINT('',(298.63826900427,-119.8304238119,
    17.912861038169));
#3626 = CARTESIAN_POINT('',(299.7318528028,-109.4850240126,
    17.853853992754));
#3627 = CARTESIAN_POINT('',(300.32352083532,-103.887744301,
    17.82194125059));
#3628 = CARTESIAN_POINT('',(300.91518427785,-98.29046396486,
    17.790040028889));
#3629 = CARTESIAN_POINT('',(302.09596715949,-87.11988810972,
    17.726395758244));
#3630 = CARTESIAN_POINT('',(302.68508663596,-81.54659259587,
    17.694652615514));
#3631 = CARTESIAN_POINT('',(303.27420216478,-75.97329654769,
    17.662919380306));
#3632 = CARTESIAN_POINT('',(303.86331399525,-70.4,17.631195426684));
#3633 = PCURVE('',#3204,#3634);
#3634 = DEFINITIONAL_REPRESENTATION('',(#3635),#3662);
#3635 = B_SPLINE_CURVE_WITH_KNOTS('',4,(#3636,#3637,#3638,#3639,#3640,
    #3641,#3642,#3643,#3644,#3645,#3646,#3647,#3648,#3649,#3650,#3651,
    #3652,#3653,#3654,#3655,#3656,#3657,#3658,#3659,#3660,#3661),
  .UNSPECIFIED.,.F.,.F.,(5,3,3,3,3,3,3,3,5),(0.,9.320225421266E-02,
    0.186802332858,0.280402386281,0.374002416625,0.467602425792,
    0.626402397591,0.813602301883,1.),.UNSPECIFIED.);
#3636 = CARTESIAN_POINT('',(3.021543070101,1.));
#3637 = CARTESIAN_POINT('',(3.019633156269,0.976699466536));
#3638 = CARTESIAN_POINT('',(3.01776055301,0.953398930564));
#3639 = CARTESIAN_POINT('',(3.015923602779,0.930098392204));
#3640 = CARTESIAN_POINT('',(3.012310368639,0.883397854911));
#3641 = CARTESIAN_POINT('',(3.010534375858,0.859997855957));
#3642 = CARTESIAN_POINT('',(3.008791363174,0.83659785481));
#3643 = CARTESIAN_POINT('',(3.005368640071,0.78979785462));
#3644 = CARTESIAN_POINT('',(3.003688928548,0.766397855579));
#3645 = CARTESIAN_POINT('',(3.00203953734,0.742997854531));
#3646 = CARTESIAN_POINT('',(2.998799018491,0.696197854363));
#3647 = CARTESIAN_POINT('',(2.997207889921,0.672797855243));
#3648 = CARTESIAN_POINT('',(2.995644703039,0.649397854284));
#3649 = CARTESIAN_POINT('',(2.992572079989,0.602597854135));
#3650 = CARTESIAN_POINT('',(2.991062643034,0.579197854944));
#3651 = CARTESIAN_POINT('',(2.989579013778,0.555797854064));
#3652 = CARTESIAN_POINT('',(2.985645292777,0.492697858256));
#3653 = CARTESIAN_POINT('',(2.983241870312,0.45299786028));
#3654 = CARTESIAN_POINT('',(2.98090528844,0.41329785796));
#3655 = CARTESIAN_POINT('',(2.975951316648,0.326797859637));
#3656 = CARTESIAN_POINT('',(2.973358427134,0.279997862049));
#3657 = CARTESIAN_POINT('',(2.970846508124,0.233197859238));
#3658 = CARTESIAN_POINT('',(2.96598445179,0.139798395566));
#3659 = CARTESIAN_POINT('',(2.96363365534,9.319893474815E-02));
#3660 = CARTESIAN_POINT('',(2.961352633358,4.659946946232E-02));
#3661 = CARTESIAN_POINT('',(2.959137030898,0.));
#3662 = ( GEOMETRIC_REPRESENTATION_CONTEXT(2) 
PARAMETRIC_REPRESENTATION_CONTEXT() REPRESENTATION_CONTEXT('2D SPACE',''
  ) );
#3663 = PCURVE('',#3059,#3664);
#3664 = DEFINITIONAL_REPRESENTATION('',(#3665),#3692);
#3665 = B_SPLINE_CURVE_WITH_KNOTS('',4,(#3666,#3667,#3668,#3669,#3670,
    #3671,#3672,#3673,#3674,#3675,#3676,#3677,#3678,#3679,#3680,#3681,
    #3682,#3683,#3684,#3685,#3686,#3687,#3688,#3689,#3690,#3691),
  .UNSPECIFIED.,.F.,.F.,(5,3,3,3,3,3,3,3,5),(0.,9.320225421266E-02,
    0.186802332858,0.280402386281,0.374002416625,0.467602425792,
    0.626402397591,0.813602301883,1.),.UNSPECIFIED.);
#3666 = CARTESIAN_POINT('',(1.231388019361,0.991803278689));
#3667 = CARTESIAN_POINT('',(1.23980755649,0.968961116374));
#3668 = CARTESIAN_POINT('',(1.248221300777,0.946118951602));
#3669 = CARTESIAN_POINT('',(1.256629515303,0.923276784489));
#3670 = CARTESIAN_POINT('',(1.273471217784,0.877494946289));
#3671 = CARTESIAN_POINT('',(1.281904660641,0.854555275185));
#3672 = CARTESIAN_POINT('',(1.290332997638,0.831615601928));
#3673 = CARTESIAN_POINT('',(1.307179877079,0.78573625748));
#3674 = CARTESIAN_POINT('',(1.315598419706,0.762796586289));
#3675 = CARTESIAN_POINT('',(1.324012276146,0.739856913131));
#3676 = CARTESIAN_POINT('',(1.34083098871,0.693977568704));
#3677 = CARTESIAN_POINT('',(1.349235844988,0.671037897435));
#3678 = CARTESIAN_POINT('',(1.357636389407,0.648098224364));
#3679 = CARTESIAN_POINT('',(1.374429187485,0.602218879955));
#3680 = CARTESIAN_POINT('',(1.382821441273,0.579279208617));
#3681 = CARTESIAN_POINT('',(1.39120971822,0.556339535624));
#3682 = CARTESIAN_POINT('',(1.413819065608,0.494480851208));
#3683 = CARTESIAN_POINT('',(1.428032949168,0.455561836799));
#3684 = CARTESIAN_POINT('',(1.442236551808,0.416642818131));
#3685 = CARTESIAN_POINT('',(1.473162878973,0.33184445912));
#3686 = CARTESIAN_POINT('',(1.489881838613,0.285965117222));
#3687 = CARTESIAN_POINT('',(1.506588371058,0.240085770204));
#3688 = CARTESIAN_POINT('',(1.539906687312,0.148523673031));
#3689 = CARTESIAN_POINT('',(1.556518572286,0.102840922917));
#3690 = CARTESIAN_POINT('',(1.573119769965,5.715816842371E-02));
#3691 = CARTESIAN_POINT('',(1.589710955551,1.147540983607E-02));
#3692 = ( GEOMETRIC_REPRESENTATION_CONTEXT(2) 
PARAMETRIC_REPRESENTATION_CONTEXT() REPRESENTATION_CONTEXT('2D SPACE',''
  ) );
#3693 = ADVANCED_FACE('',(#3694),#3059,.T.);
#3694 = FACE_BOUND('',#3695,.T.);
#3695 = EDGE_LOOP('',(#3696,#3790,#3810,#3835,#3956,#3981,#4009,#4034,
    #4155,#4180,#4259,#4284,#4405,#4425,#4499,#4500,#4501));
#3696 = ORIENTED_EDGE('',*,*,#3697,.F.);
#3697 = EDGE_CURVE('',#3698,#3700,#3702,.T.);
#3698 = VERTEX_POINT('',#3699);
#3699 = CARTESIAN_POINT('',(291.38953406569,-190.3835379299,
    17.797385167215));
#3700 = VERTEX_POINT('',#3701);
#3701 = CARTESIAN_POINT('',(302.77446244158,-82.57143391986,
    17.21115113635));
#3702 = SURFACE_CURVE('',#3703,(#3730,#3760),.PCURVE_S1.);
#3703 = B_SPLINE_CURVE_WITH_KNOTS('',4,(#3704,#3705,#3706,#3707,#3708,
    #3709,#3710,#3711,#3712,#3713,#3714,#3715,#3716,#3717,#3718,#3719,
    #3720,#3721,#3722,#3723,#3724,#3725,#3726,#3727,#3728,#3729),
  .UNSPECIFIED.,.F.,.F.,(5,3,3,3,3,3,3,3,5),(0.,9.477218639567E-02,
    0.188912228919,0.283442711302,0.37756854976,0.472113232597,
    0.62369139536,0.811943066302,1.),.UNSPECIFIED.);
#3704 = CARTESIAN_POINT('',(291.32443575784,-191.,17.800737419538));
#3705 = CARTESIAN_POINT('',(291.62617514274,-188.1426156656,
    17.785199277427));
#3706 = CARTESIAN_POINT('',(291.9279144961,-185.2852313194,
    17.769661216481));
#3707 = CARTESIAN_POINT('',(292.2296538189,-182.4278469617,
    17.754123234049));
#3708 = CARTESIAN_POINT('',(292.83111976158,-176.732137382,
    17.723151061382));
#3709 = CARTESIAN_POINT('',(293.13084638185,-173.8938121601,
    17.707716870134));
#3710 = CARTESIAN_POINT('',(293.43057297381,-171.0554869279,
    17.692282751574));
#3711 = CARTESIAN_POINT('',(294.03126919972,-165.3670646698,
    17.661350643713));
#3712 = CARTESIAN_POINT('',(294.33223883345,-162.5169676439,
    17.645852654996));
#3713 = CARTESIAN_POINT('',(294.63320844033,-159.6668706084,
    17.630354735142));
#3714 = CARTESIAN_POINT('',(295.23385928197,-153.9788765465,
    17.599425368649));
#3715 = CARTESIAN_POINT('',(295.53354051695,-151.1409795201,
    17.58399392144));
#3716 = CARTESIAN_POINT('',(295.83322172687,-148.3030824851,
    17.568562538461));
#3717 = CARTESIAN_POINT('',(296.43391762962,-142.6146602272,
    17.537631230426));
#3718 = CARTESIAN_POINT('',(296.73493232223,-139.7641350043,
    17.522131305926));
#3719 = CARTESIAN_POINT('',(297.035946991,-136.9136097733,
    17.506631442465));
#3720 = CARTESIAN_POINT('',(297.8195614569,-129.4929980356,
    17.46628167564));
#3721 = CARTESIAN_POINT('',(298.30216121765,-124.9229115169,
    17.441431865392));
#3722 = CARTESIAN_POINT('',(298.78476092162,-120.3528249798,
    17.416582200385));
#3723 = CARTESIAN_POINT('',(299.86672256896,-110.1069444024,
    17.36087094113));
#3724 = CARTESIAN_POINT('',(300.46608448286,-104.4311503527,
    17.330009422214));
#3725 = CARTESIAN_POINT('',(301.06544631765,-98.75535627849,
    17.299148105406));
#3726 = CARTESIAN_POINT('',(302.26354982634,-87.40963941861,
    17.237457779442));
#3727 = CARTESIAN_POINT('',(302.86229150041,-81.73971663302,
    17.206628769875));
#3728 = CARTESIAN_POINT('',(303.4610331036,-76.06979382635,
    17.17579994113));
#3729 = CARTESIAN_POINT('',(304.05977463942,-70.399871,17.144971284174)
  );
#3730 = PCURVE('',#3059,#3731);
#3731 = DEFINITIONAL_REPRESENTATION('',(#3732),#3759);
#3732 = B_SPLINE_CURVE_WITH_KNOTS('',4,(#3733,#3734,#3735,#3736,#3737,
    #3738,#3739,#3740,#3741,#3742,#3743,#3744,#3745,#3746,#3747,#3748,
    #3749,#3750,#3751,#3752,#3753,#3754,#3755,#3756,#3757,#3758),
  .UNSPECIFIED.,.F.,.F.,(5,3,3,3,3,3,3,3,5),(0.,9.477218639567E-02,
    0.188912228919,0.283442711302,0.37756854976,0.472113232597,
    0.62369139536,0.811943066302,1.),.UNSPECIFIED.);
#3733 = CARTESIAN_POINT('',(1.788222318558,1.));
#3734 = CARTESIAN_POINT('',(1.795944958715,0.976578816932));
#3735 = CARTESIAN_POINT('',(1.803667511297,0.953157633766));
#3736 = CARTESIAN_POINT('',(1.811389979162,0.929736450506));
#3737 = CARTESIAN_POINT('',(1.826783241302,0.88305030641));
#3738 = CARTESIAN_POINT('',(1.834454036669,0.859785345575));
#3739 = CARTESIAN_POINT('',(1.842124753608,0.836520384655));
#3740 = CARTESIAN_POINT('',(1.857497848853,0.789893972704));
#3741 = CARTESIAN_POINT('',(1.865200226529,0.766532521671));
#3742 = CARTESIAN_POINT('',(1.872902529903,0.743171070561));
#3743 = CARTESIAN_POINT('',(1.888274022553,0.696548168414));
#3744 = CARTESIAN_POINT('',(1.895943212445,0.673286717379));
#3745 = CARTESIAN_POINT('',(1.903612333034,0.650025266272));
#3746 = CARTESIAN_POINT('',(1.918984565639,0.603398854322));
#3747 = CARTESIAN_POINT('',(1.926687677055,0.580033893478));
#3748 = CARTESIAN_POINT('',(1.934390722612,0.556668932568));
#3749 = CARTESIAN_POINT('',(1.954443460522,0.495844246194));
#3750 = CARTESIAN_POINT('',(1.966793052409,0.458384520631));
#3751 = CARTESIAN_POINT('',(1.97914248759,0.420924794917));
#3752 = CARTESIAN_POINT('',(2.006828900314,0.336942167233));
#3753 = CARTESIAN_POINT('',(2.02216579658,0.290419265186));
#3754 = CARTESIAN_POINT('',(2.037502474787,0.243896362938));
#3755 = CARTESIAN_POINT('',(2.068159552809,0.150898683747));
#3756 = CARTESIAN_POINT('',(2.083479953048,0.10442390686));
#3757 = CARTESIAN_POINT('',(2.098800158236,5.794912968793E-02));
#3758 = CARTESIAN_POINT('',(2.114120178039,1.147435247836E-02));
#3759 = ( GEOMETRIC_REPRESENTATION_CONTEXT(2) 
PARAMETRIC_REPRESENTATION_CONTEXT() REPRESENTATION_CONTEXT('2D SPACE',''
  ) );
#3760 = PCURVE('',#2089,#3761);
#3761 = DEFINITIONAL_REPRESENTATION('',(#3762),#3789);
#3762 = B_SPLINE_CURVE_WITH_KNOTS('',4,(#3763,#3764,#3765,#3766,#3767,
    #3768,#3769,#3770,#3771,#3772,#3773,#3774,#3775,#3776,#3777,#3778,
    #3779,#3780,#3781,#3782,#3783,#3784,#3785,#3786,#3787,#3788),
  .UNSPECIFIED.,.F.,.F.,(5,3,3,3,3,3,3,3,5),(0.,9.477218639567E-02,
    0.188912228919,0.283442711302,0.37756854976,0.472113232597,
    0.62369139536,0.811943066302,1.),.UNSPECIFIED.);
#3763 = CARTESIAN_POINT('',(76.193151480683,0.888372093023));
#3764 = CARTESIAN_POINT('',(76.194402199165,0.875081933329));
#3765 = CARTESIAN_POINT('',(76.195634744441,0.861791773579));
#3766 = CARTESIAN_POINT('',(76.196849710072,0.848501613776));
#3767 = CARTESIAN_POINT('',(76.199237580657,0.822009941312));
#3768 = CARTESIAN_POINT('',(76.200410712349,0.808808428652));
#3769 = CARTESIAN_POINT('',(76.201567569342,0.795606915944));
#3770 = CARTESIAN_POINT('',(76.20385444798,0.769149137999));
#3771 = CARTESIAN_POINT('',(76.204984338642,0.755892872762));
#3772 = CARTESIAN_POINT('',(76.206098811312,0.742636607481));
#3773 = CARTESIAN_POINT('',(76.208293129272,0.716180821147));
#3774 = CARTESIAN_POINT('',(76.209373102552,0.702981300094));
#3775 = CARTESIAN_POINT('',(76.210438695156,0.689781779001));
#3776 = CARTESIAN_POINT('',(76.212546632198,0.663324001057));
#3777 = CARTESIAN_POINT('',(76.213588852254,0.650065744206));
#3778 = CARTESIAN_POINT('',(76.214617406485,0.636807487318));
#3779 = CARTESIAN_POINT('',(76.217260424063,0.602293014119));
#3780 = CARTESIAN_POINT('',(76.218854040435,0.581036797753));
#3781 = CARTESIAN_POINT('',(76.220415140661,0.559780581301));
#3782 = CARTESIAN_POINT('',(76.223845322283,0.512125322802));
#3783 = CARTESIAN_POINT('',(76.225697538647,0.48572628071));
#3784 = CARTESIAN_POINT('',(76.227504508992,0.459327238505));
#3785 = CARTESIAN_POINT('',(76.231030813755,0.406556462412));
#3786 = CARTESIAN_POINT('',(76.232750240026,0.380184728526));
#3787 = CARTESIAN_POINT('',(76.234429186874,0.353812994541));
#3788 = CARTESIAN_POINT('',(76.236069676706,0.327441260465));
#3789 = ( GEOMETRIC_REPRESENTATION_CONTEXT(2) 
PARAMETRIC_REPRESENTATION_CONTEXT() REPRESENTATION_CONTEXT('2D SPACE',''
  ) );
#3790 = ORIENTED_EDGE('',*,*,#3791,.T.);
#3791 = EDGE_CURVE('',#3698,#3792,#3794,.T.);
#3792 = VERTEX_POINT('',#3793);
#3793 = CARTESIAN_POINT('',(291.08270372175,-190.,18.654976138523));
#3794 = SURFACE_CURVE('',#3795,(#3798,#3804),.PCURVE_S1.);
#3795 = B_SPLINE_CURVE_WITH_KNOTS('',1,(#3796,#3797),.UNSPECIFIED.,.F.,
  .F.,(2,2),(0.,1.),.PIECEWISE_BEZIER_KNOTS.);
#3796 = CARTESIAN_POINT('',(291.39103024174,-190.3854081499,
    17.793203354372));
#3797 = CARTESIAN_POINT('',(291.08270372175,-190.,18.654976138523));
#3798 = PCURVE('',#3059,#3799);
#3799 = DEFINITIONAL_REPRESENTATION('',(#3800),#3803);
#3800 = B_SPLINE_CURVE_WITH_KNOTS('',1,(#3801,#3802),.UNSPECIFIED.,.F.,
  .F.,(2,2),(0.,1.),.PIECEWISE_BEZIER_KNOTS.);
#3801 = CARTESIAN_POINT('',(1.794404571712,0.994962361885));
#3802 = CARTESIAN_POINT('',(0.863733923775,0.991803278689));
#3803 = ( GEOMETRIC_REPRESENTATION_CONTEXT(2) 
PARAMETRIC_REPRESENTATION_CONTEXT() REPRESENTATION_CONTEXT('2D SPACE',''
  ) );
#3804 = PCURVE('',#1446,#3805);
#3805 = DEFINITIONAL_REPRESENTATION('',(#3806),#3809);
#3806 = B_SPLINE_CURVE_WITH_KNOTS('',1,(#3807,#3808),.UNSPECIFIED.,.F.,
  .F.,(2,2),(0.,1.),.PIECEWISE_BEZIER_KNOTS.);
#3807 = CARTESIAN_POINT('',(-0.493563253304,-57.79320335437));
#3808 = CARTESIAN_POINT('',(0.,-58.65497613852));
#3809 = ( GEOMETRIC_REPRESENTATION_CONTEXT(2) 
PARAMETRIC_REPRESENTATION_CONTEXT() REPRESENTATION_CONTEXT('2D SPACE',''
  ) );
#3810 = ORIENTED_EDGE('',*,*,#3811,.F.);
#3811 = EDGE_CURVE('',#3812,#3792,#3814,.T.);
#3812 = VERTEX_POINT('',#3813);
#3813 = CARTESIAN_POINT('',(291.22042937527,-190.,18.314093184098));
#3814 = SURFACE_CURVE('',#3815,(#3818,#3824),.PCURVE_S1.);
#3815 = B_SPLINE_CURVE_WITH_KNOTS('',1,(#3816,#3817),.UNSPECIFIED.,.F.,
  .F.,(2,2),(0.,1.),.PIECEWISE_BEZIER_KNOTS.);
#3816 = CARTESIAN_POINT('',(291.22377345865,-190.,18.305816287289));
#3817 = CARTESIAN_POINT('',(291.08270349698,-190.,18.654976694834));
#3818 = PCURVE('',#3059,#3819);
#3819 = DEFINITIONAL_REPRESENTATION('',(#3820),#3823);
#3820 = B_SPLINE_CURVE_WITH_KNOTS('',1,(#3821,#3822),.UNSPECIFIED.,.F.,
  .F.,(2,2),(0.,1.),.PIECEWISE_BEZIER_KNOTS.);
#3821 = CARTESIAN_POINT('',(1.240314954079,0.991803278689));
#3822 = CARTESIAN_POINT('',(0.863733323775,0.991803278689));
#3823 = ( GEOMETRIC_REPRESENTATION_CONTEXT(2) 
PARAMETRIC_REPRESENTATION_CONTEXT() REPRESENTATION_CONTEXT('2D SPACE',''
  ) );
#3824 = PCURVE('',#3825,#3830);
#3825 = PLANE('',#3826);
#3826 = AXIS2_PLACEMENT_3D('',#3827,#3828,#3829);
#3827 = CARTESIAN_POINT('',(291.08270372175,-190.,19.455816287289));
#3828 = DIRECTION('',(-0.,-1.,-0.));
#3829 = DIRECTION('',(0.,0.,-1.));
#3830 = DEFINITIONAL_REPRESENTATION('',(#3831),#3834);
#3831 = B_SPLINE_CURVE_WITH_KNOTS('',1,(#3832,#3833),.UNSPECIFIED.,.F.,
  .F.,(2,2),(0.,1.),.PIECEWISE_BEZIER_KNOTS.);
#3832 = CARTESIAN_POINT('',(1.15,0.141069736907));
#3833 = CARTESIAN_POINT('',(0.800839592456,-2.247639940833E-07));
#3834 = ( GEOMETRIC_REPRESENTATION_CONTEXT(2) 
PARAMETRIC_REPRESENTATION_CONTEXT() REPRESENTATION_CONTEXT('2D SPACE',''
  ) );
#3835 = ORIENTED_EDGE('',*,*,#3836,.T.);
#3836 = EDGE_CURVE('',#3812,#3837,#3839,.T.);
#3837 = VERTEX_POINT('',#3838);
#3838 = CARTESIAN_POINT('',(292.62197959384,-176.742541095,
    18.238128509104));
#3839 = SURFACE_CURVE('',#3840,(#3867,#3897),.PCURVE_S1.);
#3840 = B_SPLINE_CURVE_WITH_KNOTS('',4,(#3841,#3842,#3843,#3844,#3845,
    #3846,#3847,#3848,#3849,#3850,#3851,#3852,#3853,#3854,#3855,#3856,
    #3857,#3858,#3859,#3860,#3861,#3862,#3863,#3864,#3865,#3866),
  .UNSPECIFIED.,.F.,.F.,(5,3,3,3,3,3,3,3,5),(0.,9.320225421266E-02,
    0.186802332858,0.280402386281,0.374002416625,0.467602425792,
    0.626402397591,0.813602301883,1.),.UNSPECIFIED.);
#3841 = CARTESIAN_POINT('',(291.22042937005,-190.,18.314093197031));
#3842 = CARTESIAN_POINT('',(291.51504170673,-187.2132561976,
    18.298116020944));
#3843 = CARTESIAN_POINT('',(291.80965190473,-184.4265120954,
    18.282144215006));
#3844 = CARTESIAN_POINT('',(292.10426006112,-181.6397677076,
    18.266177535338));
#3845 = CARTESIAN_POINT('',(292.69472995945,-176.0543834473,
    18.23418586539));
#3846 = CARTESIAN_POINT('',(292.99059168474,-173.2557435725,
    18.218160916918));
#3847 = CARTESIAN_POINT('',(293.28645152479,-170.4571034352,
    18.202140701749));
#3848 = CARTESIAN_POINT('',(293.87816750944,-164.8598234126,
    18.170109353499));
#3849 = CARTESIAN_POINT('',(294.17402365411,-162.0611835272,
    18.154098220248));
#3850 = CARTESIAN_POINT('',(294.46987806839,-159.2625434019,
    18.138091431253));
#3851 = CARTESIAN_POINT('',(295.06158350128,-153.6652633818,
    18.106086198884));
#3852 = CARTESIAN_POINT('',(295.35743451994,-150.866623487,
    18.090087755368));
#3853 = CARTESIAN_POINT('',(295.65328394634,-148.0679833724,
    18.074093309094));
#3854 = CARTESIAN_POINT('',(296.24497967126,-142.4707033545,
    18.042112104224));
#3855 = CARTESIAN_POINT('',(296.54082596982,-139.6720634513,
    18.02612534551));
#3856 = CARTESIAN_POINT('',(296.83667079976,-136.8734233461,
    18.010142273465));
#3857 = CARTESIAN_POINT('',(297.6344364563,-129.3266638474,
    17.967052195082));
#3858 = CARTESIAN_POINT('',(298.13635462876,-124.5785440895,
    17.939951851236));
#3859 = CARTESIAN_POINT('',(298.63826900427,-119.8304238119,
    17.912861038169));
#3860 = CARTESIAN_POINT('',(299.7318528028,-109.4850240126,
    17.853853992754));
#3861 = CARTESIAN_POINT('',(300.32352083532,-103.887744301,
    17.82194125059));
#3862 = CARTESIAN_POINT('',(300.91518427785,-98.29046396486,
    17.790040028889));
#3863 = CARTESIAN_POINT('',(302.09596715949,-87.11988810972,
    17.726395758244));
#3864 = CARTESIAN_POINT('',(302.68508663596,-81.54659259587,
    17.694652615514));
#3865 = CARTESIAN_POINT('',(303.27420216478,-75.97329654769,
    17.662919380306));
#3866 = CARTESIAN_POINT('',(303.86331399525,-70.4,17.631195426684));
#3867 = PCURVE('',#3059,#3868);
#3868 = DEFINITIONAL_REPRESENTATION('',(#3869),#3896);
#3869 = B_SPLINE_CURVE_WITH_KNOTS('',4,(#3870,#3871,#3872,#3873,#3874,
    #3875,#3876,#3877,#3878,#3879,#3880,#3881,#3882,#3883,#3884,#3885,
    #3886,#3887,#3888,#3889,#3890,#3891,#3892,#3893,#3894,#3895),
  .UNSPECIFIED.,.F.,.F.,(5,3,3,3,3,3,3,3,5),(0.,9.320225421266E-02,
    0.186802332858,0.280402386281,0.374002416625,0.467602425792,
    0.626402397591,0.813602301883,1.),.UNSPECIFIED.);
#3870 = CARTESIAN_POINT('',(1.231388019361,0.991803278689));
#3871 = CARTESIAN_POINT('',(1.23980755649,0.968961116374));
#3872 = CARTESIAN_POINT('',(1.248221300777,0.946118951602));
#3873 = CARTESIAN_POINT('',(1.256629515303,0.923276784489));
#3874 = CARTESIAN_POINT('',(1.273471217784,0.877494946289));
#3875 = CARTESIAN_POINT('',(1.281904660641,0.854555275185));
#3876 = CARTESIAN_POINT('',(1.290332997638,0.831615601928));
#3877 = CARTESIAN_POINT('',(1.307179877079,0.78573625748));
#3878 = CARTESIAN_POINT('',(1.315598419706,0.762796586289));
#3879 = CARTESIAN_POINT('',(1.324012276146,0.739856913131));
#3880 = CARTESIAN_POINT('',(1.34083098871,0.693977568704));
#3881 = CARTESIAN_POINT('',(1.349235844988,0.671037897435));
#3882 = CARTESIAN_POINT('',(1.357636389407,0.648098224364));
#3883 = CARTESIAN_POINT('',(1.374429187485,0.602218879955));
#3884 = CARTESIAN_POINT('',(1.382821441273,0.579279208617));
#3885 = CARTESIAN_POINT('',(1.39120971822,0.556339535624));
#3886 = CARTESIAN_POINT('',(1.413819065608,0.494480851208));
#3887 = CARTESIAN_POINT('',(1.428032949168,0.455561836799));
#3888 = CARTESIAN_POINT('',(1.442236551808,0.416642818131));
#3889 = CARTESIAN_POINT('',(1.473162878973,0.33184445912));
#3890 = CARTESIAN_POINT('',(1.489881838613,0.285965117222));
#3891 = CARTESIAN_POINT('',(1.506588371058,0.240085770204));
#3892 = CARTESIAN_POINT('',(1.539906687312,0.148523673031));
#3893 = CARTESIAN_POINT('',(1.556518572286,0.102840922917));
#3894 = CARTESIAN_POINT('',(1.573119769965,5.715816842371E-02));
#3895 = CARTESIAN_POINT('',(1.589710955551,1.147540983607E-02));
#3896 = ( GEOMETRIC_REPRESENTATION_CONTEXT(2) 
PARAMETRIC_REPRESENTATION_CONTEXT() REPRESENTATION_CONTEXT('2D SPACE',''
  ) );
#3897 = PCURVE('',#3898,#3927);
#3898 = B_SPLINE_SURFACE_WITH_KNOTS('',13,1,(
    (#3899,#3900)
    ,(#3901,#3902)
    ,(#3903,#3904)
    ,(#3905,#3906)
    ,(#3907,#3908)
    ,(#3909,#3910)
    ,(#3911,#3912)
    ,(#3913,#3914)
    ,(#3915,#3916)
    ,(#3917,#3918)
    ,(#3919,#3920)
    ,(#3921,#3922)
    ,(#3923,#3924)
    ,(#3925,#3926
    )),.UNSPECIFIED.,.T.,.F.,.F.,(14,14),(2,2),(0.,6.28318530718),(0.,1.
    ),.PIECEWISE_BEZIER_KNOTS.);
#3899 = CARTESIAN_POINT('',(303.59135821248,-70.4,20.603983091432));
#3900 = CARTESIAN_POINT('',(291.08270372175,-190.,20.605816287289));
#3901 = CARTESIAN_POINT('',(304.31577725692,-70.39999999999,
    20.60398309143));
#3902 = CARTESIAN_POINT('',(291.63852396047,-189.9999999999,
    20.605816287288));
#3903 = CARTESIAN_POINT('',(305.04019659114,-70.40000000002,
    20.224676085388));
#3904 = CARTESIAN_POINT('',(292.19434442136,-190.0000000001,
    20.314787893904));
#3905 = CARTESIAN_POINT('',(305.54795412984,-70.39999999992,
    19.466084655182));
#3906 = CARTESIAN_POINT('',(292.58392821112,-189.9999999996,
    19.732748433391));
#3907 = CARTESIAN_POINT('',(305.62241466433,-70.40000000014,
    18.464216879548));
#3908 = CARTESIAN_POINT('',(292.64105905491,-190.0000000007,
    18.964051930342));
#3909 = CARTESIAN_POINT('',(305.14185434545,-70.39999999979,
    17.491773718957));
#3910 = CARTESIAN_POINT('',(292.27234269965,-189.9999999989,
    18.217931858281));
#3911 = CARTESIAN_POINT('',(304.17507536609,-70.40000000021,
    16.881330772054));
#3912 = CARTESIAN_POINT('',(291.5305685439,-190.0000000012,
    17.749561310786));
#3913 = CARTESIAN_POINT('',(303.00764105896,-70.39999999982,
    16.881330771919));
#3914 = CARTESIAN_POINT('',(290.63483889976,-189.9999999987,
    17.749561310676));
#3915 = CARTESIAN_POINT('',(302.04086207931,-70.40000000011,
    17.491773719065));
#3916 = CARTESIAN_POINT('',(289.89306474344,-190.0000000009,
    18.217931858368));
#3917 = CARTESIAN_POINT('',(301.56030176083,-70.39999999994,
    18.46421687948));
#3918 = CARTESIAN_POINT('',(289.52434838897,-189.9999999994,
    18.964051930288));
#3919 = CARTESIAN_POINT('',(301.63476229501,-70.40000000002,
    19.466084655215));
#3920 = CARTESIAN_POINT('',(289.58147923213,-190.0000000002,
    19.732748433416));
#3921 = CARTESIAN_POINT('',(302.14251983387,-70.39999999999,
    20.224676085376));
#3922 = CARTESIAN_POINT('',(289.97106302223,-189.9999999999,
    20.314787893895));
#3923 = CARTESIAN_POINT('',(302.86693916803,-70.4,20.603983091433));
#3924 = CARTESIAN_POINT('',(290.52688348299,-190.,20.60581628729));
#3925 = CARTESIAN_POINT('',(303.59135821248,-70.4,20.603983091432));
#3926 = CARTESIAN_POINT('',(291.08270372175,-190.,20.605816287289));
#3927 = DEFINITIONAL_REPRESENTATION('',(#3928),#3955);
#3928 = B_SPLINE_CURVE_WITH_KNOTS('',4,(#3929,#3930,#3931,#3932,#3933,
    #3934,#3935,#3936,#3937,#3938,#3939,#3940,#3941,#3942,#3943,#3944,
    #3945,#3946,#3947,#3948,#3949,#3950,#3951,#3952,#3953,#3954),
  .UNSPECIFIED.,.F.,.F.,(5,3,3,3,3,3,3,3,5),(0.,9.320225421266E-02,
    0.186802332858,0.280402386281,0.374002416625,0.467602425792,
    0.626402397591,0.813602301883,1.),.UNSPECIFIED.);
#3929 = CARTESIAN_POINT('',(3.021543070101,1.));
#3930 = CARTESIAN_POINT('',(3.019633156269,0.976699466536));
#3931 = CARTESIAN_POINT('',(3.01776055301,0.953398930564));
#3932 = CARTESIAN_POINT('',(3.015923602779,0.930098392204));
#3933 = CARTESIAN_POINT('',(3.012310368639,0.883397854911));
#3934 = CARTESIAN_POINT('',(3.010534375858,0.859997855957));
#3935 = CARTESIAN_POINT('',(3.008791363174,0.83659785481));
#3936 = CARTESIAN_POINT('',(3.005368640071,0.78979785462));
#3937 = CARTESIAN_POINT('',(3.003688928548,0.766397855579));
#3938 = CARTESIAN_POINT('',(3.00203953734,0.742997854531));
#3939 = CARTESIAN_POINT('',(2.998799018491,0.696197854363));
#3940 = CARTESIAN_POINT('',(2.997207889921,0.672797855243));
#3941 = CARTESIAN_POINT('',(2.995644703039,0.649397854284));
#3942 = CARTESIAN_POINT('',(2.992572079989,0.602597854135));
#3943 = CARTESIAN_POINT('',(2.991062643034,0.579197854944));
#3944 = CARTESIAN_POINT('',(2.989579013778,0.555797854064));
#3945 = CARTESIAN_POINT('',(2.985645292777,0.492697858256));
#3946 = CARTESIAN_POINT('',(2.983241870312,0.45299786028));
#3947 = CARTESIAN_POINT('',(2.98090528844,0.41329785796));
#3948 = CARTESIAN_POINT('',(2.975951316648,0.326797859637));
#3949 = CARTESIAN_POINT('',(2.973358427134,0.279997862049));
#3950 = CARTESIAN_POINT('',(2.970846508124,0.233197859238));
#3951 = CARTESIAN_POINT('',(2.96598445179,0.139798395566));
#3952 = CARTESIAN_POINT('',(2.96363365534,9.319893474815E-02));
#3953 = CARTESIAN_POINT('',(2.961352633358,4.659946946232E-02));
#3954 = CARTESIAN_POINT('',(2.959137030898,0.));
#3955 = ( GEOMETRIC_REPRESENTATION_CONTEXT(2) 
PARAMETRIC_REPRESENTATION_CONTEXT() REPRESENTATION_CONTEXT('2D SPACE',''
  ) );
#3956 = ORIENTED_EDGE('',*,*,#3957,.F.);
#3957 = EDGE_CURVE('',#3958,#3837,#3960,.T.);
#3958 = VERTEX_POINT('',#3959);
#3959 = CARTESIAN_POINT('',(292.8279333366,-176.4970949822,
    17.791192360986));
#3960 = SURFACE_CURVE('',#3961,(#3964,#3970),.PCURVE_S1.);
#3961 = B_SPLINE_CURVE_WITH_KNOTS('',1,(#3962,#3963),.UNSPECIFIED.,.F.,
  .F.,(2,2),(0.,1.),.PIECEWISE_BEZIER_KNOTS.);
#3962 = CARTESIAN_POINT('',(292.84267616705,-176.479525161,
    17.759199235893));
#3963 = CARTESIAN_POINT('',(292.44752174079,-176.9504518681,
    18.616716049213));
#3964 = PCURVE('',#3059,#3965);
#3965 = DEFINITIONAL_REPRESENTATION('',(#3966),#3969);
#3966 = B_SPLINE_CURVE_WITH_KNOTS('',1,(#3967,#3968),.UNSPECIFIED.,.F.,
  .F.,(2,2),(0.,1.),.PIECEWISE_BEZIER_KNOTS.);
#3967 = CARTESIAN_POINT('',(1.78710520771,0.880979714435));
#3968 = CARTESIAN_POINT('',(0.863732723775,0.884839769411));
#3969 = ( GEOMETRIC_REPRESENTATION_CONTEXT(2) 
PARAMETRIC_REPRESENTATION_CONTEXT() REPRESENTATION_CONTEXT('2D SPACE',''
  ) );
#3970 = PCURVE('',#3971,#3976);
#3971 = PLANE('',#3972);
#3972 = AXIS2_PLACEMENT_3D('',#3973,#3974,#3975);
#3973 = CARTESIAN_POINT('',(294.37783005491,-174.65,16.738843066131));
#3974 = DIRECTION('',(-0.766044443119,0.642787609687,0.));
#3975 = DIRECTION('',(0.642787609687,0.766044443119,0.));
#3976 = DEFINITIONAL_REPRESENTATION('',(#3977),#3980);
#3977 = B_SPLINE_CURVE_WITH_KNOTS('',1,(#3978,#3979),.UNSPECIFIED.,.F.,
  .F.,(2,2),(0.,1.),.PIECEWISE_BEZIER_KNOTS.);
#3978 = CARTESIAN_POINT('',(-2.38827548124,-1.020356169762));
#3979 = CARTESIAN_POINT('',(-3.003026637466,-1.877872983082));
#3980 = ( GEOMETRIC_REPRESENTATION_CONTEXT(2) 
PARAMETRIC_REPRESENTATION_CONTEXT() REPRESENTATION_CONTEXT('2D SPACE',''
  ) );
#3981 = ORIENTED_EDGE('',*,*,#3982,.F.);
#3982 = EDGE_CURVE('',#3983,#3958,#3985,.T.);
#3983 = VERTEX_POINT('',#3984);
#3984 = CARTESIAN_POINT('',(294.44545111126,-161.0313927364,
    17.745847008745));
#3985 = SURFACE_CURVE('',#3986,(#3992,#3998),.PCURVE_S1.);
#3986 = B_SPLINE_CURVE_WITH_KNOTS('',4,(#3987,#3988,#3989,#3990,#3991),
  .UNSPECIFIED.,.F.,.F.,(5,5),(4.467381250035E-08,1.157805616036),
  .PIECEWISE_BEZIER_KNOTS.);
#3987 = CARTESIAN_POINT('',(294.44545111126,-161.0313927364,
    17.745847008745));
#3988 = CARTESIAN_POINT('',(294.04107166759,-164.8978182978,
    17.757183346806));
#3989 = CARTESIAN_POINT('',(293.63669222394,-168.7642438593,
    17.768519684866));
#3990 = CARTESIAN_POINT('',(293.23231278026,-172.6306694207,
    17.779856022926));
#3991 = CARTESIAN_POINT('',(292.8279333366,-176.4970949822,
    17.791192360986));
#3992 = PCURVE('',#3059,#3993);
#3993 = DEFINITIONAL_REPRESENTATION('',(#3994),#3997);
#3994 = B_SPLINE_CURVE_WITH_KNOTS('',1,(#3995,#3996),.UNSPECIFIED.,.F.,
  .F.,(2,2),(4.467381250035E-08,1.157805616036),
  .PIECEWISE_BEZIER_KNOTS.);
#3995 = CARTESIAN_POINT('',(1.752655071075,0.754355678167));
#3996 = CARTESIAN_POINT('',(1.752655071075,0.881123729362));
#3997 = ( GEOMETRIC_REPRESENTATION_CONTEXT(2) 
PARAMETRIC_REPRESENTATION_CONTEXT() REPRESENTATION_CONTEXT('2D SPACE',''
  ) );
#3998 = PCURVE('',#3999,#4004);
#3999 = CYLINDRICAL_SURFACE('',#4000,1.658333333333);
#4000 = AXIS2_PLACEMENT_3D('',#4001,#4002,#4003);
#4001 = CARTESIAN_POINT('',(292.82408413371,-173.35,19.406998580675));
#4002 = DIRECTION('',(-0.104019604147,-0.994570972053,2.916076511733E-03
    ));
#4003 = DIRECTION('',(0.994575200748,-0.104020046415,-5.421010862428E-20
    ));
#4004 = DEFINITIONAL_REPRESENTATION('',(#4005),#4008);
#4005 = B_SPLINE_CURVE_WITH_KNOTS('',1,(#4006,#4007),.UNSPECIFIED.,.F.,
  .F.,(2,2),(4.467381250035E-08,1.157805616036),
  .PIECEWISE_BEZIER_KNOTS.);
#4006 = CARTESIAN_POINT('',(-7.652917507016,-12.42522719675));
#4007 = CARTESIAN_POINT('',(-7.652917507016,3.124897108465));
#4008 = ( GEOMETRIC_REPRESENTATION_CONTEXT(2) 
PARAMETRIC_REPRESENTATION_CONTEXT() REPRESENTATION_CONTEXT('2D SPACE',''
  ) );
#4009 = ORIENTED_EDGE('',*,*,#4010,.T.);
#4010 = EDGE_CURVE('',#3983,#4011,#4013,.T.);
#4011 = VERTEX_POINT('',#4012);
#4012 = CARTESIAN_POINT('',(294.28478697912,-161.0134098663,
    18.14810706275));
#4013 = SURFACE_CURVE('',#4014,(#4017,#4023),.PCURVE_S1.);
#4014 = B_SPLINE_CURVE_WITH_KNOTS('',1,(#4015,#4016),.UNSPECIFIED.,.F.,
  .F.,(2,2),(0.,1.),.PIECEWISE_BEZIER_KNOTS.);
#4015 = CARTESIAN_POINT('',(294.45879423798,-161.0328862104,
    17.712439384996));
#4016 = CARTESIAN_POINT('',(294.11630798568,-160.9945522918,
    18.569933441149));
#4017 = PCURVE('',#3059,#4018);
#4018 = DEFINITIONAL_REPRESENTATION('',(#4019),#4022);
#4019 = B_SPLINE_CURVE_WITH_KNOTS('',1,(#4020,#4021),.UNSPECIFIED.,.F.,
  .F.,(2,2),(0.,1.),.PIECEWISE_BEZIER_KNOTS.);
#4020 = CARTESIAN_POINT('',(1.788691076709,0.754367919758));
#4021 = CARTESIAN_POINT('',(0.863732723775,0.754053707311));
#4022 = ( GEOMETRIC_REPRESENTATION_CONTEXT(2) 
PARAMETRIC_REPRESENTATION_CONTEXT() REPRESENTATION_CONTEXT('2D SPACE',''
  ) );
#4023 = PCURVE('',#4024,#4029);
#4024 = PLANE('',#4025);
#4025 = AXIS2_PLACEMENT_3D('',#4026,#4027,#4028);
#4026 = CARTESIAN_POINT('',(294.11655134815,-160.9922297089,
    19.370765667494));
#4027 = DIRECTION('',(-0.104019604147,-0.994570972053,2.916076511734E-03
    ));
#4028 = DIRECTION('',(-0.994575200748,0.104020046415,0.));
#4029 = DEFINITIONAL_REPRESENTATION('',(#4030),#4033);
#4030 = B_SPLINE_CURVE_WITH_KNOTS('',1,(#4031,#4032),.UNSPECIFIED.,.F.,
  .F.,(2,2),(0.,1.),.PIECEWISE_BEZIER_KNOTS.);
#4031 = CARTESIAN_POINT('',(-0.344615382038,1.658333333333));
#4032 = CARTESIAN_POINT('',(4.470895191844E-07,0.800835631306));
#4033 = ( GEOMETRIC_REPRESENTATION_CONTEXT(2) 
PARAMETRIC_REPRESENTATION_CONTEXT() REPRESENTATION_CONTEXT('2D SPACE',''
  ) );
#4034 = ORIENTED_EDGE('',*,*,#4035,.T.);
#4035 = EDGE_CURVE('',#4011,#4036,#4038,.T.);
#4036 = VERTEX_POINT('',#4037);
#4037 = CARTESIAN_POINT('',(296.31292066556,-141.8279918371,
    18.038442001643));
#4038 = SURFACE_CURVE('',#4039,(#4066,#4096),.PCURVE_S1.);
#4039 = B_SPLINE_CURVE_WITH_KNOTS('',4,(#4040,#4041,#4042,#4043,#4044,
    #4045,#4046,#4047,#4048,#4049,#4050,#4051,#4052,#4053,#4054,#4055,
    #4056,#4057,#4058,#4059,#4060,#4061,#4062,#4063,#4064,#4065),
  .UNSPECIFIED.,.F.,.F.,(5,3,3,3,3,3,3,3,5),(0.,9.320225421266E-02,
    0.186802332858,0.280402386281,0.374002416625,0.467602425792,
    0.626402397591,0.813602301883,1.),.UNSPECIFIED.);
#4040 = CARTESIAN_POINT('',(291.22042937005,-190.,18.314093197031));
#4041 = CARTESIAN_POINT('',(291.51504170673,-187.2132561976,
    18.298116020944));
#4042 = CARTESIAN_POINT('',(291.80965190473,-184.4265120954,
    18.282144215006));
#4043 = CARTESIAN_POINT('',(292.10426006112,-181.6397677076,
    18.266177535338));
#4044 = CARTESIAN_POINT('',(292.69472995945,-176.0543834473,
    18.23418586539));
#4045 = CARTESIAN_POINT('',(292.99059168474,-173.2557435725,
    18.218160916918));
#4046 = CARTESIAN_POINT('',(293.28645152479,-170.4571034352,
    18.202140701749));
#4047 = CARTESIAN_POINT('',(293.87816750944,-164.8598234126,
    18.170109353499));
#4048 = CARTESIAN_POINT('',(294.17402365411,-162.0611835272,
    18.154098220248));
#4049 = CARTESIAN_POINT('',(294.46987806839,-159.2625434019,
    18.138091431253));
#4050 = CARTESIAN_POINT('',(295.06158350128,-153.6652633818,
    18.106086198884));
#4051 = CARTESIAN_POINT('',(295.35743451994,-150.866623487,
    18.090087755368));
#4052 = CARTESIAN_POINT('',(295.65328394634,-148.0679833724,
    18.074093309094));
#4053 = CARTESIAN_POINT('',(296.24497967126,-142.4707033545,
    18.042112104224));
#4054 = CARTESIAN_POINT('',(296.54082596982,-139.6720634513,
    18.02612534551));
#4055 = CARTESIAN_POINT('',(296.83667079976,-136.8734233461,
    18.010142273465));
#4056 = CARTESIAN_POINT('',(297.6344364563,-129.3266638474,
    17.967052195082));
#4057 = CARTESIAN_POINT('',(298.13635462876,-124.5785440895,
    17.939951851236));
#4058 = CARTESIAN_POINT('',(298.63826900427,-119.8304238119,
    17.912861038169));
#4059 = CARTESIAN_POINT('',(299.7318528028,-109.4850240126,
    17.853853992754));
#4060 = CARTESIAN_POINT('',(300.32352083532,-103.887744301,
    17.82194125059));
#4061 = CARTESIAN_POINT('',(300.91518427785,-98.29046396486,
    17.790040028889));
#4062 = CARTESIAN_POINT('',(302.09596715949,-87.11988810972,
    17.726395758244));
#4063 = CARTESIAN_POINT('',(302.68508663596,-81.54659259587,
    17.694652615514));
#4064 = CARTESIAN_POINT('',(303.27420216478,-75.97329654769,
    17.662919380306));
#4065 = CARTESIAN_POINT('',(303.86331399525,-70.4,17.631195426684));
#4066 = PCURVE('',#3059,#4067);
#4067 = DEFINITIONAL_REPRESENTATION('',(#4068),#4095);
#4068 = B_SPLINE_CURVE_WITH_KNOTS('',4,(#4069,#4070,#4071,#4072,#4073,
    #4074,#4075,#4076,#4077,#4078,#4079,#4080,#4081,#4082,#4083,#4084,
    #4085,#4086,#4087,#4088,#4089,#4090,#4091,#4092,#4093,#4094),
  .UNSPECIFIED.,.F.,.F.,(5,3,3,3,3,3,3,3,5),(0.,9.320225421266E-02,
    0.186802332858,0.280402386281,0.374002416625,0.467602425792,
    0.626402397591,0.813602301883,1.),.UNSPECIFIED.);
#4069 = CARTESIAN_POINT('',(1.231388019361,0.991803278689));
#4070 = CARTESIAN_POINT('',(1.23980755649,0.968961116374));
#4071 = CARTESIAN_POINT('',(1.248221300777,0.946118951602));
#4072 = CARTESIAN_POINT('',(1.256629515303,0.923276784489));
#4073 = CARTESIAN_POINT('',(1.273471217784,0.877494946289));
#4074 = CARTESIAN_POINT('',(1.281904660641,0.854555275185));
#4075 = CARTESIAN_POINT('',(1.290332997638,0.831615601928));
#4076 = CARTESIAN_POINT('',(1.307179877079,0.78573625748));
#4077 = CARTESIAN_POINT('',(1.315598419706,0.762796586289));
#4078 = CARTESIAN_POINT('',(1.324012276146,0.739856913131));
#4079 = CARTESIAN_POINT('',(1.34083098871,0.693977568704));
#4080 = CARTESIAN_POINT('',(1.349235844988,0.671037897435));
#4081 = CARTESIAN_POINT('',(1.357636389407,0.648098224364));
#4082 = CARTESIAN_POINT('',(1.374429187485,0.602218879955));
#4083 = CARTESIAN_POINT('',(1.382821441273,0.579279208617));
#4084 = CARTESIAN_POINT('',(1.39120971822,0.556339535624));
#4085 = CARTESIAN_POINT('',(1.413819065608,0.494480851208));
#4086 = CARTESIAN_POINT('',(1.428032949168,0.455561836799));
#4087 = CARTESIAN_POINT('',(1.442236551808,0.416642818131));
#4088 = CARTESIAN_POINT('',(1.473162878973,0.33184445912));
#4089 = CARTESIAN_POINT('',(1.489881838613,0.285965117222));
#4090 = CARTESIAN_POINT('',(1.506588371058,0.240085770204));
#4091 = CARTESIAN_POINT('',(1.539906687312,0.148523673031));
#4092 = CARTESIAN_POINT('',(1.556518572286,0.102840922917));
#4093 = CARTESIAN_POINT('',(1.573119769965,5.715816842371E-02));
#4094 = CARTESIAN_POINT('',(1.589710955551,1.147540983607E-02));
#4095 = ( GEOMETRIC_REPRESENTATION_CONTEXT(2) 
PARAMETRIC_REPRESENTATION_CONTEXT() REPRESENTATION_CONTEXT('2D SPACE',''
  ) );
#4096 = PCURVE('',#4097,#4126);
#4097 = B_SPLINE_SURFACE_WITH_KNOTS('',13,1,(
    (#4098,#4099)
    ,(#4100,#4101)
    ,(#4102,#4103)
    ,(#4104,#4105)
    ,(#4106,#4107)
    ,(#4108,#4109)
    ,(#4110,#4111)
    ,(#4112,#4113)
    ,(#4114,#4115)
    ,(#4116,#4117)
    ,(#4118,#4119)
    ,(#4120,#4121)
    ,(#4122,#4123)
    ,(#4124,#4125
    )),.UNSPECIFIED.,.T.,.F.,.F.,(14,14),(2,2),(0.,6.28318530718),(0.,1.
    ),.PIECEWISE_BEZIER_KNOTS.);
#4098 = CARTESIAN_POINT('',(303.59135821248,-70.4,20.603983091432));
#4099 = CARTESIAN_POINT('',(291.08270372175,-190.,20.605816287289));
#4100 = CARTESIAN_POINT('',(304.31577725692,-70.39999999999,
    20.60398309143));
#4101 = CARTESIAN_POINT('',(291.63852396047,-189.9999999999,
    20.605816287288));
#4102 = CARTESIAN_POINT('',(305.04019659114,-70.40000000002,
    20.224676085388));
#4103 = CARTESIAN_POINT('',(292.19434442136,-190.0000000001,
    20.314787893904));
#4104 = CARTESIAN_POINT('',(305.54795412984,-70.39999999992,
    19.466084655182));
#4105 = CARTESIAN_POINT('',(292.58392821112,-189.9999999996,
    19.732748433391));
#4106 = CARTESIAN_POINT('',(305.62241466433,-70.40000000014,
    18.464216879548));
#4107 = CARTESIAN_POINT('',(292.64105905491,-190.0000000007,
    18.964051930342));
#4108 = CARTESIAN_POINT('',(305.14185434545,-70.39999999979,
    17.491773718957));
#4109 = CARTESIAN_POINT('',(292.27234269965,-189.9999999989,
    18.217931858281));
#4110 = CARTESIAN_POINT('',(304.17507536609,-70.40000000021,
    16.881330772054));
#4111 = CARTESIAN_POINT('',(291.5305685439,-190.0000000012,
    17.749561310786));
#4112 = CARTESIAN_POINT('',(303.00764105896,-70.39999999982,
    16.881330771919));
#4113 = CARTESIAN_POINT('',(290.63483889976,-189.9999999987,
    17.749561310676));
#4114 = CARTESIAN_POINT('',(302.04086207931,-70.40000000011,
    17.491773719065));
#4115 = CARTESIAN_POINT('',(289.89306474344,-190.0000000009,
    18.217931858368));
#4116 = CARTESIAN_POINT('',(301.56030176083,-70.39999999994,
    18.46421687948));
#4117 = CARTESIAN_POINT('',(289.52434838897,-189.9999999994,
    18.964051930288));
#4118 = CARTESIAN_POINT('',(301.63476229501,-70.40000000002,
    19.466084655215));
#4119 = CARTESIAN_POINT('',(289.58147923213,-190.0000000002,
    19.732748433416));
#4120 = CARTESIAN_POINT('',(302.14251983387,-70.39999999999,
    20.224676085376));
#4121 = CARTESIAN_POINT('',(289.97106302223,-189.9999999999,
    20.314787893895));
#4122 = CARTESIAN_POINT('',(302.86693916803,-70.4,20.603983091433));
#4123 = CARTESIAN_POINT('',(290.52688348299,-190.,20.60581628729));
#4124 = CARTESIAN_POINT('',(303.59135821248,-70.4,20.603983091432));
#4125 = CARTESIAN_POINT('',(291.08270372175,-190.,20.605816287289));
#4126 = DEFINITIONAL_REPRESENTATION('',(#4127),#4154);
#4127 = B_SPLINE_CURVE_WITH_KNOTS('',4,(#4128,#4129,#4130,#4131,#4132,
    #4133,#4134,#4135,#4136,#4137,#4138,#4139,#4140,#4141,#4142,#4143,
    #4144,#4145,#4146,#4147,#4148,#4149,#4150,#4151,#4152,#4153),
  .UNSPECIFIED.,.F.,.F.,(5,3,3,3,3,3,3,3,5),(0.,9.320225421266E-02,
    0.186802332858,0.280402386281,0.374002416625,0.467602425792,
    0.626402397591,0.813602301883,1.),.UNSPECIFIED.);
#4128 = CARTESIAN_POINT('',(3.021543070101,1.));
#4129 = CARTESIAN_POINT('',(3.019633156269,0.976699466536));
#4130 = CARTESIAN_POINT('',(3.01776055301,0.953398930564));
#4131 = CARTESIAN_POINT('',(3.015923602779,0.930098392204));
#4132 = CARTESIAN_POINT('',(3.012310368639,0.883397854911));
#4133 = CARTESIAN_POINT('',(3.010534375858,0.859997855957));
#4134 = CARTESIAN_POINT('',(3.008791363174,0.83659785481));
#4135 = CARTESIAN_POINT('',(3.005368640071,0.78979785462));
#4136 = CARTESIAN_POINT('',(3.003688928548,0.766397855579));
#4137 = CARTESIAN_POINT('',(3.00203953734,0.742997854531));
#4138 = CARTESIAN_POINT('',(2.998799018491,0.696197854363));
#4139 = CARTESIAN_POINT('',(2.997207889921,0.672797855243));
#4140 = CARTESIAN_POINT('',(2.995644703039,0.649397854284));
#4141 = CARTESIAN_POINT('',(2.992572079989,0.602597854135));
#4142 = CARTESIAN_POINT('',(2.991062643034,0.579197854944));
#4143 = CARTESIAN_POINT('',(2.989579013778,0.555797854064));
#4144 = CARTESIAN_POINT('',(2.985645292777,0.492697858256));
#4145 = CARTESIAN_POINT('',(2.983241870312,0.45299786028));
#4146 = CARTESIAN_POINT('',(2.98090528844,0.41329785796));
#4147 = CARTESIAN_POINT('',(2.975951316648,0.326797859637));
#4148 = CARTESIAN_POINT('',(2.973358427134,0.279997862049));
#4149 = CARTESIAN_POINT('',(2.970846508124,0.233197859238));
#4150 = CARTESIAN_POINT('',(2.96598445179,0.139798395566));
#4151 = CARTESIAN_POINT('',(2.96363365534,9.319893474815E-02));
#4152 = CARTESIAN_POINT('',(2.961352633358,4.659946946232E-02));
#4153 = CARTESIAN_POINT('',(2.959137030898,0.));
#4154 = ( GEOMETRIC_REPRESENTATION_CONTEXT(2) 
PARAMETRIC_REPRESENTATION_CONTEXT() REPRESENTATION_CONTEXT('2D SPACE',''
  ) );
#4155 = ORIENTED_EDGE('',*,*,#4156,.F.);
#4156 = EDGE_CURVE('',#4157,#4036,#4159,.T.);
#4157 = VERTEX_POINT('',#4158);
#4158 = CARTESIAN_POINT('',(296.51836487558,-141.5831529617,
    17.592611580455));
#4159 = SURFACE_CURVE('',#4160,(#4163,#4169),.PCURVE_S1.);
#4160 = B_SPLINE_CURVE_WITH_KNOTS('',1,(#4161,#4162),.UNSPECIFIED.,.F.,
  .F.,(2,2),(0.,1.),.PIECEWISE_BEZIER_KNOTS.);
#4161 = CARTESIAN_POINT('',(296.53574182547,-141.5624439192,
    17.554902204809));
#4162 = CARTESIAN_POINT('',(296.09354548931,-142.0894329915,
    18.514503737395));
#4163 = PCURVE('',#3059,#4164);
#4164 = DEFINITIONAL_REPRESENTATION('',(#4165),#4168);
#4165 = B_SPLINE_CURVE_WITH_KNOTS('',1,(#4166,#4167),.UNSPECIFIED.,.F.,
  .F.,(2,2),(0.,1.),.PIECEWISE_BEZIER_KNOTS.);
#4166 = CARTESIAN_POINT('',(1.897029840483,0.594774130486));
#4167 = CARTESIAN_POINT('',(0.863732723775,0.599093713045));
#4168 = ( GEOMETRIC_REPRESENTATION_CONTEXT(2) 
PARAMETRIC_REPRESENTATION_CONTEXT() REPRESENTATION_CONTEXT('2D SPACE',''
  ) );
#4169 = PCURVE('',#4170,#4175);
#4170 = PLANE('',#4171);
#4171 = AXIS2_PLACEMENT_3D('',#4172,#4173,#4174);
#4172 = CARTESIAN_POINT('',(298.14047281279,-139.65,16.534139929105));
#4173 = DIRECTION('',(-0.766044443119,0.642787609687,0.));
#4174 = DIRECTION('',(0.642787609687,0.766044443119,0.));
#4175 = DEFINITIONAL_REPRESENTATION('',(#4176),#4179);
#4176 = B_SPLINE_CURVE_WITH_KNOTS('',1,(#4177,#4178),.UNSPECIFIED.,.F.,
  .F.,(2,2),(0.,1.),.PIECEWISE_BEZIER_KNOTS.);
#4177 = CARTESIAN_POINT('',(-2.496518232673,-1.020762275703));
#4178 = CARTESIAN_POINT('',(-3.184453608994,-1.980363808289));
#4179 = ( GEOMETRIC_REPRESENTATION_CONTEXT(2) 
PARAMETRIC_REPRESENTATION_CONTEXT() REPRESENTATION_CONTEXT('2D SPACE',''
  ) );
#4180 = ORIENTED_EDGE('',*,*,#4181,.F.);
#4181 = EDGE_CURVE('',#4182,#4157,#4184,.T.);
#4182 = VERTEX_POINT('',#4183);
#4183 = CARTESIAN_POINT('',(298.15715735585,-125.9140351693,
    17.546669814972));
#4184 = SURFACE_CURVE('',#4185,(#4196,#4225),.PCURVE_S1.);
#4185 = B_SPLINE_CURVE_WITH_KNOTS('',5,(#4186,#4187,#4188,#4189,#4190,
    #4191,#4192,#4193,#4194,#4195),.UNSPECIFIED.,.F.,.F.,(6,4,6),(
    4.74676987274E-08,0.999999946548,1.196135219044),.UNSPECIFIED.);
#4186 = CARTESIAN_POINT('',(298.15715735585,-125.9140351693,
    17.546669814972));
#4187 = CARTESIAN_POINT('',(297.89419218834,-128.4283450862,
    17.554041757546));
#4188 = CARTESIAN_POINT('',(297.5760775788,-131.4699597802,
    17.56295975477));
#4189 = CARTESIAN_POINT('',(297.2607277213,-134.485139629,
    17.571800245175));
#4190 = CARTESIAN_POINT('',(296.980905313,-137.1606280325,
    17.579644762168));
#4191 = CARTESIAN_POINT('',(296.70157602723,-139.831401504,
    17.587475455006));
#4192 = CARTESIAN_POINT('',(296.65577323932,-140.2693393684,
    17.588759486368));
#4193 = CARTESIAN_POINT('',(296.60997045141,-140.7072772329,
    17.590043517731));
#4194 = CARTESIAN_POINT('',(296.56416766349,-141.1452150973,
    17.591327549093));
#4195 = CARTESIAN_POINT('',(296.51836487558,-141.5831529617,
    17.592611580455));
#4196 = PCURVE('',#3059,#4197);
#4197 = DEFINITIONAL_REPRESENTATION('',(#4198),#4224);
#4198 = B_SPLINE_CURVE_WITH_KNOTS('',3,(#4199,#4200,#4201,#4202,#4203,
    #4204,#4205,#4206,#4207,#4208,#4209,#4210,#4211,#4212,#4213,#4214,
    #4215,#4216,#4217,#4218,#4219,#4220,#4221,#4222,#4223),
  .UNSPECIFIED.,.F.,.F.,(4,1,1,1,1,1,1,1,1,1,1,1,1,1,1,1,1,1,1,1,1,1,4),
  (4.74676987274E-08,5.436982799388E-02,0.10873960852,0.163109389046,
    0.217479169572,0.271848950099,0.326218730625,0.380588511151,
    0.434958291677,0.489328072203,0.54369785273,0.598067633256,
    0.652437413782,0.706807194308,0.761176974834,0.81554675536,
    0.869916535887,0.924286316413,0.978656096939,1.033025877465,
    1.087395657991,1.141765438517,1.196135219044),
  .QUASI_UNIFORM_KNOTS.);
#4199 = CARTESIAN_POINT('',(1.856424456055,0.466508484995));
#4200 = CARTESIAN_POINT('',(1.856424456055,0.468376176217));
#4201 = CARTESIAN_POINT('',(1.856424456055,0.472196087228));
#4202 = CARTESIAN_POINT('',(1.856424456055,0.478139053198));
#4203 = CARTESIAN_POINT('',(1.856424456055,0.484253831389));
#4204 = CARTESIAN_POINT('',(1.856424456055,0.490501938022));
#4205 = CARTESIAN_POINT('',(1.856424456055,0.49684670908));
#4206 = CARTESIAN_POINT('',(1.856424456055,0.503253546001));
#4207 = CARTESIAN_POINT('',(1.856424456055,0.509689831954));
#4208 = CARTESIAN_POINT('',(1.856424456055,0.516124936389));
#4209 = CARTESIAN_POINT('',(1.856424456055,0.522530195922));
#4210 = CARTESIAN_POINT('',(1.856424456055,0.528878901608));
#4211 = CARTESIAN_POINT('',(1.856424456055,0.535146284316));
#4212 = CARTESIAN_POINT('',(1.856424456055,0.541309501314));
#4213 = CARTESIAN_POINT('',(1.856424456055,0.547347619905));
#4214 = CARTESIAN_POINT('',(1.856424456055,0.553241611663));
#4215 = CARTESIAN_POINT('',(1.856424456055,0.558974307206));
#4216 = CARTESIAN_POINT('',(1.856424456055,0.564530498228));
#4217 = CARTESIAN_POINT('',(1.856424456055,0.569896489951));
#4218 = CARTESIAN_POINT('',(1.856424456055,0.575061704645));
#4219 = CARTESIAN_POINT('',(1.856424456055,0.580012630446));
#4220 = CARTESIAN_POINT('',(1.856424456055,0.584994546491));
#4221 = CARTESIAN_POINT('',(1.856424456055,0.589968119009));
#4222 = CARTESIAN_POINT('',(1.856424456055,0.593285423264));
#4223 = CARTESIAN_POINT('',(1.856424456055,0.594943876736));
#4224 = ( GEOMETRIC_REPRESENTATION_CONTEXT(2) 
PARAMETRIC_REPRESENTATION_CONTEXT() REPRESENTATION_CONTEXT('2D SPACE',''
  ) );
#4225 = PCURVE('',#4226,#4231);
#4226 = CYLINDRICAL_SURFACE('',#4227,1.760416666667);
#4227 = AXIS2_PLACEMENT_3D('',#4228,#4229,#4230);
#4228 = CARTESIAN_POINT('',(296.48464355826,-138.35,19.304378776983));
#4229 = DIRECTION('',(-0.104019604147,-0.994570972053,2.916076511733E-03
    ));
#4230 = DIRECTION('',(0.994575200748,-0.104020046415,-0.));
#4231 = DEFINITIONAL_REPRESENTATION('',(#4232),#4258);
#4232 = B_SPLINE_CURVE_WITH_KNOTS('',3,(#4233,#4234,#4235,#4236,#4237,
    #4238,#4239,#4240,#4241,#4242,#4243,#4244,#4245,#4246,#4247,#4248,
    #4249,#4250,#4251,#4252,#4253,#4254,#4255,#4256,#4257),
  .UNSPECIFIED.,.F.,.F.,(4,1,1,1,1,1,1,1,1,1,1,1,1,1,1,1,1,1,1,1,1,1,4),
  (4.74676987274E-08,5.436982799388E-02,0.10873960852,0.163109389046,
    0.217479169572,0.271848950099,0.326218730625,0.380588511151,
    0.434958291677,0.489328072203,0.54369785273,0.598067633256,
    0.652437413782,0.706807194308,0.761176974834,0.81554675536,
    0.869916535887,0.924286316413,0.978656096939,1.033025877465,
    1.087395657991,1.141765438517,1.196135219044),
  .QUASI_UNIFORM_KNOTS.);
#4233 = CARTESIAN_POINT('',(-7.64231161705,-12.54754946701));
#4234 = CARTESIAN_POINT('',(-7.64231161705,-12.31844733603));
#4235 = CARTESIAN_POINT('',(-7.64231161705,-11.84987429656));
#4236 = CARTESIAN_POINT('',(-7.64231161705,-11.12087468895));
#4237 = CARTESIAN_POINT('',(-7.64231161705,-10.37079957093));
#4238 = CARTESIAN_POINT('',(-7.64231161705,-9.604369591914));
#4239 = CARTESIAN_POINT('',(-7.64231161705,-8.826082178645));
#4240 = CARTESIAN_POINT('',(-7.64231161705,-8.040181396987));
#4241 = CARTESIAN_POINT('',(-7.642311617051,-7.250668221671));
#4242 = CARTESIAN_POINT('',(-7.642311617051,-6.461299978325));
#4243 = CARTESIAN_POINT('',(-7.642311617051,-5.675592688444));
#4244 = CARTESIAN_POINT('',(-7.642311617051,-4.896822630317));
#4245 = CARTESIAN_POINT('',(-7.642311617051,-4.128028133192));
#4246 = CARTESIAN_POINT('',(-7.642311617051,-3.372011222516));
#4247 = CARTESIAN_POINT('',(-7.642311617051,-2.631339627643));
#4248 = CARTESIAN_POINT('',(-7.642311617051,-1.908347488602));
#4249 = CARTESIAN_POINT('',(-7.642311617051,-1.205140904139));
#4250 = CARTESIAN_POINT('',(-7.64231161705,-0.523585415629));
#4251 = CARTESIAN_POINT('',(-7.64231161705,0.134639093784));
#4252 = CARTESIAN_POINT('',(-7.64231161705,0.768235096826));
#4253 = CARTESIAN_POINT('',(-7.64231161705,1.375545147848));
#4254 = CARTESIAN_POINT('',(-7.64231161705,1.986656646701));
#4255 = CARTESIAN_POINT('',(-7.64231161705,2.59674467883));
#4256 = CARTESIAN_POINT('',(-7.64231161705,3.003664979626));
#4257 = CARTESIAN_POINT('',(-7.64231161705,3.207100761769));
#4258 = ( GEOMETRIC_REPRESENTATION_CONTEXT(2) 
PARAMETRIC_REPRESENTATION_CONTEXT() REPRESENTATION_CONTEXT('2D SPACE',''
  ) );
#4259 = ORIENTED_EDGE('',*,*,#4260,.T.);
#4260 = EDGE_CURVE('',#4182,#4261,#4263,.T.);
#4261 = VERTEX_POINT('',#4262);
#4262 = CARTESIAN_POINT('',(297.99707398554,-125.896117303,
    17.947475796528));
#4263 = SURFACE_CURVE('',#4264,(#4267,#4273),.PCURVE_S1.);
#4264 = B_SPLINE_CURVE_WITH_KNOTS('',1,(#4265,#4266),.UNSPECIFIED.,.F.,
  .F.,(2,2),(0.,1.),.PIECEWISE_BEZIER_KNOTS.);
#4265 = CARTESIAN_POINT('',(298.17284985882,-125.9157916051,
    17.507379980905));
#4266 = CARTESIAN_POINT('',(297.78959132436,-125.8728941126,
    18.466956936357));
#4267 = PCURVE('',#3059,#4268);
#4268 = DEFINITIONAL_REPRESENTATION('',(#4269),#4272);
#4269 = B_SPLINE_CURVE_WITH_KNOTS('',1,(#4270,#4271),.UNSPECIFIED.,.F.,
  .F.,(2,2),(0.,1.),.PIECEWISE_BEZIER_KNOTS.);
#4270 = CARTESIAN_POINT('',(1.898805461434,0.46652288201));
#4271 = CARTESIAN_POINT('',(0.863732723775,0.466171263218));
#4272 = ( GEOMETRIC_REPRESENTATION_CONTEXT(2) 
PARAMETRIC_REPRESENTATION_CONTEXT() REPRESENTATION_CONTEXT('2D SPACE',''
  ) );
#4273 = PCURVE('',#4274,#4279);
#4274 = PLANE('',#4275);
#4275 = AXIS2_PLACEMENT_3D('',#4276,#4277,#4278);
#4276 = CARTESIAN_POINT('',(297.78983468682,-125.8705715297,
    19.267789162702));
#4277 = DIRECTION('',(-0.104019604147,-0.994570972053,2.916076511733E-03
    ));
#4278 = DIRECTION('',(-0.994575200748,0.104020046415,0.));
#4279 = DEFINITIONAL_REPRESENTATION('',(#4280),#4283);
#4280 = B_SPLINE_CURVE_WITH_KNOTS('',1,(#4281,#4282),.UNSPECIFIED.,.F.,
  .F.,(2,2),(0.,1.),.PIECEWISE_BEZIER_KNOTS.);
#4281 = CARTESIAN_POINT('',(-0.385641185925,1.760416666667));
#4282 = CARTESIAN_POINT('',(4.47089462341E-07,0.800835631306));
#4283 = ( GEOMETRIC_REPRESENTATION_CONTEXT(2) 
PARAMETRIC_REPRESENTATION_CONTEXT() REPRESENTATION_CONTEXT('2D SPACE',''
  ) );
#4284 = ORIENTED_EDGE('',*,*,#4285,.T.);
#4285 = EDGE_CURVE('',#4261,#4286,#4288,.T.);
#4286 = VERTEX_POINT('',#4287);
#4287 = CARTESIAN_POINT('',(300.00365799939,-106.9136853845,
    17.839197621744));
#4288 = SURFACE_CURVE('',#4289,(#4316,#4346),.PCURVE_S1.);
#4289 = B_SPLINE_CURVE_WITH_KNOTS('',4,(#4290,#4291,#4292,#4293,#4294,
    #4295,#4296,#4297,#4298,#4299,#4300,#4301,#4302,#4303,#4304,#4305,
    #4306,#4307,#4308,#4309,#4310,#4311,#4312,#4313,#4314,#4315),
  .UNSPECIFIED.,.F.,.F.,(5,3,3,3,3,3,3,3,5),(0.,9.320225421266E-02,
    0.186802332858,0.280402386281,0.374002416625,0.467602425792,
    0.626402397591,0.813602301883,1.),.UNSPECIFIED.);
#4290 = CARTESIAN_POINT('',(291.22042937005,-190.,18.314093197031));
#4291 = CARTESIAN_POINT('',(291.51504170673,-187.2132561976,
    18.298116020944));
#4292 = CARTESIAN_POINT('',(291.80965190473,-184.4265120954,
    18.282144215006));
#4293 = CARTESIAN_POINT('',(292.10426006112,-181.6397677076,
    18.266177535338));
#4294 = CARTESIAN_POINT('',(292.69472995945,-176.0543834473,
    18.23418586539));
#4295 = CARTESIAN_POINT('',(292.99059168474,-173.2557435725,
    18.218160916918));
#4296 = CARTESIAN_POINT('',(293.28645152479,-170.4571034352,
    18.202140701749));
#4297 = CARTESIAN_POINT('',(293.87816750944,-164.8598234126,
    18.170109353499));
#4298 = CARTESIAN_POINT('',(294.17402365411,-162.0611835272,
    18.154098220248));
#4299 = CARTESIAN_POINT('',(294.46987806839,-159.2625434019,
    18.138091431253));
#4300 = CARTESIAN_POINT('',(295.06158350128,-153.6652633818,
    18.106086198884));
#4301 = CARTESIAN_POINT('',(295.35743451994,-150.866623487,
    18.090087755368));
#4302 = CARTESIAN_POINT('',(295.65328394634,-148.0679833724,
    18.074093309094));
#4303 = CARTESIAN_POINT('',(296.24497967126,-142.4707033545,
    18.042112104224));
#4304 = CARTESIAN_POINT('',(296.54082596982,-139.6720634513,
    18.02612534551));
#4305 = CARTESIAN_POINT('',(296.83667079976,-136.8734233461,
    18.010142273465));
#4306 = CARTESIAN_POINT('',(297.6344364563,-129.3266638474,
    17.967052195082));
#4307 = CARTESIAN_POINT('',(298.13635462876,-124.5785440895,
    17.939951851236));
#4308 = CARTESIAN_POINT('',(298.63826900427,-119.8304238119,
    17.912861038169));
#4309 = CARTESIAN_POINT('',(299.7318528028,-109.4850240126,
    17.853853992754));
#4310 = CARTESIAN_POINT('',(300.32352083532,-103.887744301,
    17.82194125059));
#4311 = CARTESIAN_POINT('',(300.91518427785,-98.29046396486,
    17.790040028889));
#4312 = CARTESIAN_POINT('',(302.09596715949,-87.11988810972,
    17.726395758244));
#4313 = CARTESIAN_POINT('',(302.68508663596,-81.54659259587,
    17.694652615514));
#4314 = CARTESIAN_POINT('',(303.27420216478,-75.97329654769,
    17.662919380306));
#4315 = CARTESIAN_POINT('',(303.86331399525,-70.4,17.631195426684));
#4316 = PCURVE('',#3059,#4317);
#4317 = DEFINITIONAL_REPRESENTATION('',(#4318),#4345);
#4318 = B_SPLINE_CURVE_WITH_KNOTS('',4,(#4319,#4320,#4321,#4322,#4323,
    #4324,#4325,#4326,#4327,#4328,#4329,#4330,#4331,#4332,#4333,#4334,
    #4335,#4336,#4337,#4338,#4339,#4340,#4341,#4342,#4343,#4344),
  .UNSPECIFIED.,.F.,.F.,(5,3,3,3,3,3,3,3,5),(0.,9.320225421266E-02,
    0.186802332858,0.280402386281,0.374002416625,0.467602425792,
    0.626402397591,0.813602301883,1.),.UNSPECIFIED.);
#4319 = CARTESIAN_POINT('',(1.231388019361,0.991803278689));
#4320 = CARTESIAN_POINT('',(1.23980755649,0.968961116374));
#4321 = CARTESIAN_POINT('',(1.248221300777,0.946118951602));
#4322 = CARTESIAN_POINT('',(1.256629515303,0.923276784489));
#4323 = CARTESIAN_POINT('',(1.273471217784,0.877494946289));
#4324 = CARTESIAN_POINT('',(1.281904660641,0.854555275185));
#4325 = CARTESIAN_POINT('',(1.290332997638,0.831615601928));
#4326 = CARTESIAN_POINT('',(1.307179877079,0.78573625748));
#4327 = CARTESIAN_POINT('',(1.315598419706,0.762796586289));
#4328 = CARTESIAN_POINT('',(1.324012276146,0.739856913131));
#4329 = CARTESIAN_POINT('',(1.34083098871,0.693977568704));
#4330 = CARTESIAN_POINT('',(1.349235844988,0.671037897435));
#4331 = CARTESIAN_POINT('',(1.357636389407,0.648098224364));
#4332 = CARTESIAN_POINT('',(1.374429187485,0.602218879955));
#4333 = CARTESIAN_POINT('',(1.382821441273,0.579279208617));
#4334 = CARTESIAN_POINT('',(1.39120971822,0.556339535624));
#4335 = CARTESIAN_POINT('',(1.413819065608,0.494480851208));
#4336 = CARTESIAN_POINT('',(1.428032949168,0.455561836799));
#4337 = CARTESIAN_POINT('',(1.442236551808,0.416642818131));
#4338 = CARTESIAN_POINT('',(1.473162878973,0.33184445912));
#4339 = CARTESIAN_POINT('',(1.489881838613,0.285965117222));
#4340 = CARTESIAN_POINT('',(1.506588371058,0.240085770204));
#4341 = CARTESIAN_POINT('',(1.539906687312,0.148523673031));
#4342 = CARTESIAN_POINT('',(1.556518572286,0.102840922917));
#4343 = CARTESIAN_POINT('',(1.573119769965,5.715816842371E-02));
#4344 = CARTESIAN_POINT('',(1.589710955551,1.147540983607E-02));
#4345 = ( GEOMETRIC_REPRESENTATION_CONTEXT(2) 
PARAMETRIC_REPRESENTATION_CONTEXT() REPRESENTATION_CONTEXT('2D SPACE',''
  ) );
#4346 = PCURVE('',#4347,#4376);
#4347 = B_SPLINE_SURFACE_WITH_KNOTS('',13,1,(
    (#4348,#4349)
    ,(#4350,#4351)
    ,(#4352,#4353)
    ,(#4354,#4355)
    ,(#4356,#4357)
    ,(#4358,#4359)
    ,(#4360,#4361)
    ,(#4362,#4363)
    ,(#4364,#4365)
    ,(#4366,#4367)
    ,(#4368,#4369)
    ,(#4370,#4371)
    ,(#4372,#4373)
    ,(#4374,#4375
    )),.UNSPECIFIED.,.T.,.F.,.F.,(14,14),(2,2),(0.,6.28318530718),(0.,1.
    ),.PIECEWISE_BEZIER_KNOTS.);
#4348 = CARTESIAN_POINT('',(303.59135821248,-70.4,20.603983091432));
#4349 = CARTESIAN_POINT('',(291.08270372175,-190.,20.605816287289));
#4350 = CARTESIAN_POINT('',(304.31577725692,-70.39999999999,
    20.60398309143));
#4351 = CARTESIAN_POINT('',(291.63852396047,-189.9999999999,
    20.605816287288));
#4352 = CARTESIAN_POINT('',(305.04019659114,-70.40000000002,
    20.224676085388));
#4353 = CARTESIAN_POINT('',(292.19434442136,-190.0000000001,
    20.314787893904));
#4354 = CARTESIAN_POINT('',(305.54795412984,-70.39999999992,
    19.466084655182));
#4355 = CARTESIAN_POINT('',(292.58392821112,-189.9999999996,
    19.732748433391));
#4356 = CARTESIAN_POINT('',(305.62241466433,-70.40000000014,
    18.464216879548));
#4357 = CARTESIAN_POINT('',(292.64105905491,-190.0000000007,
    18.964051930342));
#4358 = CARTESIAN_POINT('',(305.14185434545,-70.39999999979,
    17.491773718957));
#4359 = CARTESIAN_POINT('',(292.27234269965,-189.9999999989,
    18.217931858281));
#4360 = CARTESIAN_POINT('',(304.17507536609,-70.40000000021,
    16.881330772054));
#4361 = CARTESIAN_POINT('',(291.5305685439,-190.0000000012,
    17.749561310786));
#4362 = CARTESIAN_POINT('',(303.00764105896,-70.39999999982,
    16.881330771919));
#4363 = CARTESIAN_POINT('',(290.63483889976,-189.9999999987,
    17.749561310676));
#4364 = CARTESIAN_POINT('',(302.04086207931,-70.40000000011,
    17.491773719065));
#4365 = CARTESIAN_POINT('',(289.89306474344,-190.0000000009,
    18.217931858368));
#4366 = CARTESIAN_POINT('',(301.56030176083,-70.39999999994,
    18.46421687948));
#4367 = CARTESIAN_POINT('',(289.52434838897,-189.9999999994,
    18.964051930288));
#4368 = CARTESIAN_POINT('',(301.63476229501,-70.40000000002,
    19.466084655215));
#4369 = CARTESIAN_POINT('',(289.58147923213,-190.0000000002,
    19.732748433416));
#4370 = CARTESIAN_POINT('',(302.14251983387,-70.39999999999,
    20.224676085376));
#4371 = CARTESIAN_POINT('',(289.97106302223,-189.9999999999,
    20.314787893895));
#4372 = CARTESIAN_POINT('',(302.86693916803,-70.4,20.603983091433));
#4373 = CARTESIAN_POINT('',(290.52688348299,-190.,20.60581628729));
#4374 = CARTESIAN_POINT('',(303.59135821248,-70.4,20.603983091432));
#4375 = CARTESIAN_POINT('',(291.08270372175,-190.,20.605816287289));
#4376 = DEFINITIONAL_REPRESENTATION('',(#4377),#4404);
#4377 = B_SPLINE_CURVE_WITH_KNOTS('',4,(#4378,#4379,#4380,#4381,#4382,
    #4383,#4384,#4385,#4386,#4387,#4388,#4389,#4390,#4391,#4392,#4393,
    #4394,#4395,#4396,#4397,#4398,#4399,#4400,#4401,#4402,#4403),
  .UNSPECIFIED.,.F.,.F.,(5,3,3,3,3,3,3,3,5),(0.,9.320225421266E-02,
    0.186802332858,0.280402386281,0.374002416625,0.467602425792,
    0.626402397591,0.813602301883,1.),.UNSPECIFIED.);
#4378 = CARTESIAN_POINT('',(3.021543070101,1.));
#4379 = CARTESIAN_POINT('',(3.019633156269,0.976699466536));
#4380 = CARTESIAN_POINT('',(3.01776055301,0.953398930564));
#4381 = CARTESIAN_POINT('',(3.015923602779,0.930098392204));
#4382 = CARTESIAN_POINT('',(3.012310368639,0.883397854911));
#4383 = CARTESIAN_POINT('',(3.010534375858,0.859997855957));
#4384 = CARTESIAN_POINT('',(3.008791363174,0.83659785481));
#4385 = CARTESIAN_POINT('',(3.005368640071,0.78979785462));
#4386 = CARTESIAN_POINT('',(3.003688928548,0.766397855579));
#4387 = CARTESIAN_POINT('',(3.00203953734,0.742997854531));
#4388 = CARTESIAN_POINT('',(2.998799018491,0.696197854363));
#4389 = CARTESIAN_POINT('',(2.997207889921,0.672797855243));
#4390 = CARTESIAN_POINT('',(2.995644703039,0.649397854284));
#4391 = CARTESIAN_POINT('',(2.992572079989,0.602597854135));
#4392 = CARTESIAN_POINT('',(2.991062643034,0.579197854944));
#4393 = CARTESIAN_POINT('',(2.989579013778,0.555797854064));
#4394 = CARTESIAN_POINT('',(2.985645292777,0.492697858256));
#4395 = CARTESIAN_POINT('',(2.983241870312,0.45299786028));
#4396 = CARTESIAN_POINT('',(2.98090528844,0.41329785796));
#4397 = CARTESIAN_POINT('',(2.975951316648,0.326797859637));
#4398 = CARTESIAN_POINT('',(2.973358427134,0.279997862049));
#4399 = CARTESIAN_POINT('',(2.970846508124,0.233197859238));
#4400 = CARTESIAN_POINT('',(2.96598445179,0.139798395566));
#4401 = CARTESIAN_POINT('',(2.96363365534,9.319893474815E-02));
#4402 = CARTESIAN_POINT('',(2.961352633358,4.659946946232E-02));
#4403 = CARTESIAN_POINT('',(2.959137030898,0.));
#4404 = ( GEOMETRIC_REPRESENTATION_CONTEXT(2) 
PARAMETRIC_REPRESENTATION_CONTEXT() REPRESENTATION_CONTEXT('2D SPACE',''
  ) );
#4405 = ORIENTED_EDGE('',*,*,#4406,.F.);
#4406 = EDGE_CURVE('',#4407,#4286,#4409,.T.);
#4407 = VERTEX_POINT('',#4408);
#4408 = CARTESIAN_POINT('',(300.20871991077,-106.6693021149,
    17.394196819279));
#4409 = SURFACE_CURVE('',#4410,(#4413,#4419),.PCURVE_S1.);
#4410 = B_SPLINE_CURVE_WITH_KNOTS('',1,(#4411,#4412),.UNSPECIFIED.,.F.,
  .F.,(2,2),(0.,1.),.PIECEWISE_BEZIER_KNOTS.);
#4411 = CARTESIAN_POINT('',(300.22880748389,-106.6453626775,
    17.350605173724));
#4412 = CARTESIAN_POINT('',(299.73956923783,-107.2284141149,
    18.412291425576));
#4413 = PCURVE('',#3059,#4414);
#4414 = DEFINITIONAL_REPRESENTATION('',(#4415),#4418);
#4415 = B_SPLINE_CURVE_WITH_KNOTS('',1,(#4416,#4417),.UNSPECIFIED.,.F.,
  .F.,(2,2),(0.,1.),.PIECEWISE_BEZIER_KNOTS.);
#4416 = CARTESIAN_POINT('',(2.006954473256,0.308568546537));
#4417 = CARTESIAN_POINT('',(0.863732723775,0.31334765668));
#4418 = ( GEOMETRIC_REPRESENTATION_CONTEXT(2) 
PARAMETRIC_REPRESENTATION_CONTEXT() REPRESENTATION_CONTEXT('2D SPACE',''
  ) );
#4419 = PCURVE('',#1100,#4420);
#4420 = DEFINITIONAL_REPRESENTATION('',(#4421),#4424);
#4421 = B_SPLINE_CURVE_WITH_KNOTS('',1,(#4422,#4423),.UNSPECIFIED.,.F.,
  .F.,(2,2),(0.,1.),.PIECEWISE_BEZIER_KNOTS.);
#4422 = CARTESIAN_POINT('',(-2.604760984106,-1.021168381645));
#4423 = CARTESIAN_POINT('',(-3.365880580523,-2.082854633497));
#4424 = ( GEOMETRIC_REPRESENTATION_CONTEXT(2) 
PARAMETRIC_REPRESENTATION_CONTEXT() REPRESENTATION_CONTEXT('2D SPACE',''
  ) );
#4425 = ORIENTED_EDGE('',*,*,#4426,.F.);
#4426 = EDGE_CURVE('',#3013,#4407,#4427,.T.);
#4427 = SURFACE_CURVE('',#4428,(#4441,#4470),.PCURVE_S1.);
#4428 = B_SPLINE_CURVE_WITH_KNOTS('',6,(#4429,#4430,#4431,#4432,#4433,
    #4434,#4435,#4436,#4437,#4438,#4439,#4440),.UNSPECIFIED.,.F.,.F.,(7,
    5,7),(5.638239778044E-08,0.999999867819,1.50315627807),
  .UNSPECIFIED.);
#4429 = CARTESIAN_POINT('',(301.86879740714,-90.79667019337,
    17.347658351511));
#4430 = CARTESIAN_POINT('',(301.68430793437,-92.56064416513,
    17.352830313302));
#4431 = CARTESIAN_POINT('',(301.45254637555,-94.77660451925,
    17.359327496631));
#4432 = CARTESIAN_POINT('',(301.16809970449,-97.49630725651,
    17.367301649804));
#4433 = CARTESIAN_POINT('',(300.83444683593,-100.6864891509,
    17.376655245224));
#4434 = CARTESIAN_POINT('',(300.52498983125,-103.6453251942,
    17.385330535908));
#4435 = CARTESIAN_POINT('',(300.40669911206,-104.7763477215,
    17.388646687614));
#4436 = CARTESIAN_POINT('',(300.3671032718,-105.1549386002,
    17.389756713947));
#4437 = CARTESIAN_POINT('',(300.32750743154,-105.5335294789,
    17.39086674028));
#4438 = CARTESIAN_POINT('',(300.28791159129,-105.9121203576,
    17.391976766613));
#4439 = CARTESIAN_POINT('',(300.24831575103,-106.2907112362,
    17.393086792946));
#4440 = CARTESIAN_POINT('',(300.20871991077,-106.6693021149,
    17.394196819279));
#4441 = PCURVE('',#3059,#4442);
#4442 = DEFINITIONAL_REPRESENTATION('',(#4443),#4469);
#4443 = B_SPLINE_CURVE_WITH_KNOTS('',3,(#4444,#4445,#4446,#4447,#4448,
    #4449,#4450,#4451,#4452,#4453,#4454,#4455,#4456,#4457,#4458,#4459,
    #4460,#4461,#4462,#4463,#4464,#4465,#4466,#4467,#4468),
  .UNSPECIFIED.,.F.,.F.,(4,1,1,1,1,1,1,1,1,1,1,1,1,1,1,1,1,1,1,1,1,1,4),
  (5.638239778044E-08,6.832533918637E-02,0.13665062199,0.204975904794,
    0.273301187598,0.341626470402,0.409951753206,0.47827703601,
    0.546602318814,0.614927601618,0.683252884422,0.751578167226,
    0.81990345003,0.888228732834,0.956554015638,1.024879298442,
    1.093204581246,1.16152986405,1.229855146854,1.298180429658,
    1.366505712462,1.434830995266,1.50315627807),.QUASI_UNIFORM_KNOTS.);
#4444 = CARTESIAN_POINT('',(1.960015071708,0.178661231093));
#4445 = CARTESIAN_POINT('',(1.960015071708,0.180636065772));
#4446 = CARTESIAN_POINT('',(1.960015071708,0.184762230851));
#4447 = CARTESIAN_POINT('',(1.960015071708,0.191481144744));
#4448 = CARTESIAN_POINT('',(1.960015071707,0.198735655593));
#4449 = CARTESIAN_POINT('',(1.960015071707,0.20651156357));
#4450 = CARTESIAN_POINT('',(1.960015071706,0.214774932918));
#4451 = CARTESIAN_POINT('',(1.960015071706,0.22346543709));
#4452 = CARTESIAN_POINT('',(1.960015071706,0.232491548846));
#4453 = CARTESIAN_POINT('',(1.960015071706,0.241725323853));
#4454 = CARTESIAN_POINT('',(1.960015071706,0.250996889191));
#4455 = CARTESIAN_POINT('',(1.960015071707,0.260090442612));
#4456 = CARTESIAN_POINT('',(1.960015071707,0.268734427765));
#4457 = CARTESIAN_POINT('',(1.960015071708,0.276613418683));
#4458 = CARTESIAN_POINT('',(1.960015071708,0.283298915134));
#4459 = CARTESIAN_POINT('',(1.960015071708,0.288482709135));
#4460 = CARTESIAN_POINT('',(1.960015071708,0.291080979832));
#4461 = CARTESIAN_POINT('',(1.960015071708,0.293590615312));
#4462 = CARTESIAN_POINT('',(1.960015071708,0.296124000529));
#4463 = CARTESIAN_POINT('',(1.960015071708,0.298651022012));
#4464 = CARTESIAN_POINT('',(1.960015071708,0.301179748695));
#4465 = CARTESIAN_POINT('',(1.960015071708,0.303708018314));
#4466 = CARTESIAN_POINT('',(1.960015071708,0.306236410988));
#4467 = CARTESIAN_POINT('',(1.960015071708,0.307921982666));
#4468 = CARTESIAN_POINT('',(1.960015071708,0.308764771434));
#4469 = ( GEOMETRIC_REPRESENTATION_CONTEXT(2) 
PARAMETRIC_REPRESENTATION_CONTEXT() REPRESENTATION_CONTEXT('2D SPACE',''
  ) );
#4470 = PCURVE('',#3033,#4471);
#4471 = DEFINITIONAL_REPRESENTATION('',(#4472),#4498);
#4472 = B_SPLINE_CURVE_WITH_KNOTS('',3,(#4473,#4474,#4475,#4476,#4477,
    #4478,#4479,#4480,#4481,#4482,#4483,#4484,#4485,#4486,#4487,#4488,
    #4489,#4490,#4491,#4492,#4493,#4494,#4495,#4496,#4497),
  .UNSPECIFIED.,.F.,.F.,(4,1,1,1,1,1,1,1,1,1,1,1,1,1,1,1,1,1,1,1,1,1,4),
  (5.638239778044E-08,6.832533918637E-02,0.13665062199,0.204975904794,
    0.273301187598,0.341626470402,0.409951753206,0.47827703601,
    0.546602318814,0.614927601618,0.683252884422,0.751578167226,
    0.81990345003,0.888228732834,0.956554015638,1.024879298442,
    1.093204581246,1.16152986405,1.229855146854,1.298180429658,
    1.366505712462,1.434830995266,1.50315627807),.QUASI_UNIFORM_KNOTS.);
#4473 = CARTESIAN_POINT('',(-1.349699339807,-12.66987173728));
#4474 = CARTESIAN_POINT('',(-1.349699339807,-12.42762675173));
#4475 = CARTESIAN_POINT('',(-1.349699339807,-11.92148676392));
#4476 = CARTESIAN_POINT('',(-1.349699339807,-11.09730476177));
#4477 = CARTESIAN_POINT('',(-1.349699339807,-10.20742324663));
#4478 = CARTESIAN_POINT('',(-1.349699339808,-9.253584053765));
#4479 = CARTESIAN_POINT('',(-1.349699339808,-8.239949945411));
#4480 = CARTESIAN_POINT('',(-1.349699339809,-7.173920935128));
#4481 = CARTESIAN_POINT('',(-1.349699339809,-6.066724299416));
#4482 = CARTESIAN_POINT('',(-1.349699339809,-4.934054452326));
#4483 = CARTESIAN_POINT('',(-1.349699339808,-3.79674901811));
#4484 = CARTESIAN_POINT('',(-1.349699339808,-2.681279586014));
#4485 = CARTESIAN_POINT('',(-1.349699339807,-1.620956875721));
#4486 = CARTESIAN_POINT('',(-1.349699339807,-0.654472915327));
#4487 = CARTESIAN_POINT('',(-1.349699339807,0.165609904192));
#4488 = CARTESIAN_POINT('',(-1.349699339806,0.80148495574));
#4489 = CARTESIAN_POINT('',(-1.349699339807,1.120204317164));
#4490 = CARTESIAN_POINT('',(-1.349699339806,1.428051154736));
#4491 = CARTESIAN_POINT('',(-1.349699339807,1.738811276664));
#4492 = CARTESIAN_POINT('',(-1.349699339807,2.048790785019));
#4493 = CARTESIAN_POINT('',(-1.349699339806,2.35897946331));
#4494 = CARTESIAN_POINT('',(-1.349699339807,2.669112075432));
#4495 = CARTESIAN_POINT('',(-1.349699339807,2.979259782292));
#4496 = CARTESIAN_POINT('',(-1.349699339807,3.186022045011));
#4497 = CARTESIAN_POINT('',(-1.349699339807,3.289403535769));
#4498 = ( GEOMETRIC_REPRESENTATION_CONTEXT(2) 
PARAMETRIC_REPRESENTATION_CONTEXT() REPRESENTATION_CONTEXT('2D SPACE',''
  ) );
#4499 = ORIENTED_EDGE('',*,*,#3045,.T.);
#4500 = ORIENTED_EDGE('',*,*,#3604,.T.);
#4501 = ORIENTED_EDGE('',*,*,#4502,.F.);
#4502 = EDGE_CURVE('',#3700,#3384,#4503,.T.);
#4503 = SURFACE_CURVE('',#4504,(#4507,#4513),.PCURVE_S1.);
#4504 = B_SPLINE_CURVE_WITH_KNOTS('',1,(#4505,#4506),.UNSPECIFIED.,.F.,
  .F.,(2,2),(0.,1.),.PIECEWISE_BEZIER_KNOTS.);
#4505 = CARTESIAN_POINT('',(302.78664002772,-82.5727969369,
    17.180661714767));
#4506 = CARTESIAN_POINT('',(302.32365625785,-82.52097593089,
    18.339849355399));
#4507 = PCURVE('',#3059,#4508);
#4508 = DEFINITIONAL_REPRESENTATION('',(#4509),#4512);
#4509 = B_SPLINE_CURVE_WITH_KNOTS('',1,(#4510,#4511),.UNSPECIFIED.,.F.,
  .F.,(2,2),(0.,1.),.PIECEWISE_BEZIER_KNOTS.);
#4510 = CARTESIAN_POINT('',(2.11412073886,0.111252433909));
#4511 = CARTESIAN_POINT('',(0.863732723775,0.110827671565));
#4512 = ( GEOMETRIC_REPRESENTATION_CONTEXT(2) 
PARAMETRIC_REPRESENTATION_CONTEXT() REPRESENTATION_CONTEXT('2D SPACE',''
  ) );
#4513 = PCURVE('',#870,#4514);
#4514 = DEFINITIONAL_REPRESENTATION('',(#4515),#4518);
#4515 = B_SPLINE_CURVE_WITH_KNOTS('',1,(#4516,#4517),.UNSPECIFIED.,.F.,
  .F.,(2,2),(0.,1.),.PIECEWISE_BEZIER_KNOTS.);
#4516 = CARTESIAN_POINT('',(-0.465862152219,1.960028200547));
#4517 = CARTESIAN_POINT('',(4.470894054975E-07,0.800835631306));
#4518 = ( GEOMETRIC_REPRESENTATION_CONTEXT(2) 
PARAMETRIC_REPRESENTATION_CONTEXT() REPRESENTATION_CONTEXT('2D SPACE',''
  ) );
#4519 = ADVANCED_FACE('',(#4520),#4347,.F.);
#4520 = FACE_BOUND('',#4521,.F.);
#4521 = EDGE_LOOP('',(#4522,#4737,#4788,#4986));
#4522 = ORIENTED_EDGE('',*,*,#4523,.F.);
#4523 = EDGE_CURVE('',#4524,#4286,#4526,.T.);
#4524 = VERTEX_POINT('',#4525);
#4525 = CARTESIAN_POINT('',(299.73956975136,-107.2284135029,
    20.60454758721));
#4526 = SURFACE_CURVE('',#4527,(#4595,#4666),.PCURVE_S1.);
#4527 = B_SPLINE_CURVE_WITH_KNOTS('',6,(#4528,#4529,#4530,#4531,#4532,
    #4533,#4534,#4535,#4536,#4537,#4538,#4539,#4540,#4541,#4542,#4543,
    #4544,#4545,#4546,#4547,#4548,#4549,#4550,#4551,#4552,#4553,#4554,
    #4555,#4556,#4557,#4558,#4559,#4560,#4561,#4562,#4563,#4564,#4565,
    #4566,#4567,#4568,#4569,#4570,#4571,#4572,#4573,#4574,#4575,#4576,
    #4577,#4578,#4579,#4580,#4581,#4582,#4583,#4584,#4585,#4586,#4587,
    #4588,#4589,#4590,#4591,#4592,#4593,#4594),.UNSPECIFIED.,.F.,.F.,(7,
    5,5,5,5,5,5,5,5,5,5,5,5,7),(0.,0.139793642944,0.26754535145,
    0.34116579591,0.392306785547,0.418012089365,0.469055526829,
    0.520471709666,0.546186849269,0.597352842694,0.671010824946,
    0.798810126864,0.939815759503,1.),.UNSPECIFIED.);
#4528 = CARTESIAN_POINT('',(299.73956975136,-107.2284135029,
    20.60454758721));
#4529 = CARTESIAN_POINT('',(299.63691808059,-107.3507490003,
    20.604549462335));
#4530 = CARTESIAN_POINT('',(299.53429107783,-107.4730550995,
    20.597587689395));
#4531 = CARTESIAN_POINT('',(299.43197425039,-107.5949915462,
    20.583661318226));
#4532 = CARTESIAN_POINT('',(299.33030181933,-107.7161600312,
    20.56263425798));
#4533 = CARTESIAN_POINT('',(299.22966295202,-107.8360967629,
    20.534283258567));
#4534 = CARTESIAN_POINT('',(299.03994491872,-108.0621939106,
    20.465221470608));
#4535 = CARTESIAN_POINT('',(298.9506670753,-108.1685911013,
    20.425803407418));
#4536 = CARTESIAN_POINT('',(298.86301604714,-108.273049529,
    20.37962943007));
#4537 = CARTESIAN_POINT('',(298.77751983532,-108.3749399466,
    20.326271352247));
#4538 = CARTESIAN_POINT('',(298.69490532142,-108.4733960903,
    20.265261914731));
#4539 = CARTESIAN_POINT('',(298.57084114302,-108.6212500206,
    20.155987735439));
#4540 = CARTESIAN_POINT('',(298.52679979464,-108.6737364558,
    20.113292145353));
#4541 = CARTESIAN_POINT('',(298.48427153863,-108.7244196577,
    20.067729596684));
#4542 = CARTESIAN_POINT('',(298.44352574521,-108.7729786033,
    20.01919094842));
#4543 = CARTESIAN_POINT('',(298.40489915888,-108.8190119764,
    19.967593894881));
#4544 = CARTESIAN_POINT('',(298.34370858492,-108.8919360627,
    19.874902399418));
#4545 = CARTESIAN_POINT('',(298.31984527743,-108.9203752452,
    19.835417414631));
#4546 = CARTESIAN_POINT('',(298.29733668385,-108.9471999424,
    19.794434355074));
#4547 = CARTESIAN_POINT('',(298.27634266158,-108.9722196439,
    19.751969004154));
#4548 = CARTESIAN_POINT('',(298.25703647639,-108.9952278594,
    19.708071707008));
#4549 = CARTESIAN_POINT('',(298.23082637989,-109.0264638361,
    19.64010170716));
#4550 = CARTESIAN_POINT('',(298.2225300202,-109.0363510526,
    19.617028518527));
#4551 = CARTESIAN_POINT('',(298.21472706358,-109.0456502542,
    19.593631200248));
#4552 = CARTESIAN_POINT('',(298.20743997338,-109.0543346701,
    19.56992589092));
#4553 = CARTESIAN_POINT('',(298.20069048231,-109.0623784003,
    19.54593237099));
#4554 = CARTESIAN_POINT('',(298.18220390402,-109.0844098464,
    19.473505153691));
#4555 = CARTESIAN_POINT('',(298.17210599063,-109.096444071,
    19.424283117288));
#4556 = CARTESIAN_POINT('',(298.16436905137,-109.1056645961,
    19.37421209879));
#4557 = CARTESIAN_POINT('',(298.15912182754,-109.111917994,
    19.323534519257));
#4558 = CARTESIAN_POINT('',(298.15643837425,-109.1151160091,
    19.27253139402));
#4559 = CARTESIAN_POINT('',(298.1561979815,-109.115402498,
    19.170140605537));
#4560 = CARTESIAN_POINT('',(298.15867858514,-109.1124462297,
    19.118736104116));
#4561 = CARTESIAN_POINT('',(298.16376229973,-109.1063876946,
    19.067635520572));
#4562 = CARTESIAN_POINT('',(298.17137443997,-109.0973158991,
    19.017126749897));
#4563 = CARTESIAN_POINT('',(298.18138394494,-109.0853870356,
    18.967458485217));
#4564 = CARTESIAN_POINT('',(298.19974504769,-109.0635051254,
    18.894523940454));
#4565 = CARTESIAN_POINT('',(298.20642501338,-109.0555442523,
    18.870467887268));
#4566 = CARTESIAN_POINT('',(298.21364326531,-109.0469418746,
    18.846695673262));
#4567 = CARTESIAN_POINT('',(298.22137809773,-109.0377238603,
    18.823227200258));
#4568 = CARTESIAN_POINT('',(298.22960707628,-109.0279169456,
    18.800078735424));
#4569 = CARTESIAN_POINT('',(298.25561989121,-108.9969160799,
    18.731866940675));
#4570 = CARTESIAN_POINT('',(298.27479886511,-108.9740594689,
    18.687791619938));
#4571 = CARTESIAN_POINT('',(298.29566931985,-108.9491870295,
    18.645133782448));
#4572 = CARTESIAN_POINT('',(298.31805816906,-108.922505038,
    18.603944922742));
#4573 = CARTESIAN_POINT('',(298.34180571374,-108.8942038163,
    18.564241960247));
#4574 = CARTESIAN_POINT('',(298.40272462956,-108.8216034795,
    18.470990258318));
#4575 = CARTESIAN_POINT('',(298.44119984966,-108.7757504977,
    18.419039194013));
#4576 = CARTESIAN_POINT('',(298.48180313222,-108.7273613899,
    18.370126606335));
#4577 = CARTESIAN_POINT('',(298.52419788276,-108.6768372936,
    18.324173015695));
#4578 = CARTESIAN_POINT('',(298.56811475568,-108.6244992025,
    18.281071720368));
#4579 = CARTESIAN_POINT('',(298.69185197657,-108.477034925,
    18.170662467275));
#4580 = CARTESIAN_POINT('',(298.77428106254,-108.3787997657,
    18.108896067825));
#4581 = CARTESIAN_POINT('',(298.85961723385,-108.2771000769,
    18.054750929802));
#4582 = CARTESIAN_POINT('',(298.9471331822,-108.1728026311,
    18.007767499427));
#4583 = CARTESIAN_POINT('',(299.03630009861,-108.0665376381,
    17.967523595633));
#4584 = CARTESIAN_POINT('',(299.22665577861,-107.8396805726,
    17.896399421591));
#4585 = CARTESIAN_POINT('',(299.32807330223,-107.7188158744,
    17.866938636606));
#4586 = CARTESIAN_POINT('',(299.43056513712,-107.596670862,
    17.84491154505));
#4587 = CARTESIAN_POINT('',(299.5337325204,-107.4737207623,
    17.830095904674));
#4588 = CARTESIAN_POINT('',(299.63723293244,-107.3503737745,
    17.822358399885));
#4589 = CARTESIAN_POINT('',(299.78496729378,-107.1743108186,
    17.82142662598));
#4590 = CARTESIAN_POINT('',(299.82916492108,-107.1216381375,
    17.822438535081));
#4591 = CARTESIAN_POINT('',(299.87334184856,-107.0689901254,
    17.824741142652));
#4592 = CARTESIAN_POINT('',(299.91747244616,-107.0163973272,
    17.828338622576));
#4593 = CARTESIAN_POINT('',(299.96153030249,-106.9638912186,
    17.833239265483));
#4594 = CARTESIAN_POINT('',(300.00548822474,-106.9115042069,
    17.839455478759));
#4595 = PCURVE('',#4347,#4596);
#4596 = DEFINITIONAL_REPRESENTATION('',(#4597),#4665);
#4597 = B_SPLINE_CURVE_WITH_KNOTS('',6,(#4598,#4599,#4600,#4601,#4602,
    #4603,#4604,#4605,#4606,#4607,#4608,#4609,#4610,#4611,#4612,#4613,
    #4614,#4615,#4616,#4617,#4618,#4619,#4620,#4621,#4622,#4623,#4624,
    #4625,#4626,#4627,#4628,#4629,#4630,#4631,#4632,#4633,#4634,#4635,
    #4636,#4637,#4638,#4639,#4640,#4641,#4642,#4643,#4644,#4645,#4646,
    #4647,#4648,#4649,#4650,#4651,#4652,#4653,#4654,#4655,#4656,#4657,
    #4658,#4659,#4660,#4661,#4662,#4663,#4664),.UNSPECIFIED.,.F.,.F.,(7,
    5,5,5,5,5,5,5,5,5,5,5,5,7),(0.,0.139793642944,0.26754535145,
    0.34116579591,0.392306785547,0.418012089365,0.469055526829,
    0.520471709666,0.546186849269,0.597352842694,0.671010824946,
    0.798810126864,0.939815759503,1.),.UNSPECIFIED.);
#4598 = CARTESIAN_POINT('',(6.28318530718,0.307929878787));
#4599 = CARTESIAN_POINT('',(6.218605882419,0.308952750839));
#4600 = CARTESIAN_POINT('',(6.154002024224,0.309975377087));
#4601 = CARTESIAN_POINT('',(6.089069960846,0.310994912594));
#4602 = CARTESIAN_POINT('',(6.023529298426,0.312008027017));
#4603 = CARTESIAN_POINT('',(5.957086351378,0.313010842499));
#4604 = CARTESIAN_POINT('',(5.827443324172,0.314901286879));
#4605 = CARTESIAN_POINT('',(5.764490591028,0.315790895496));
#4606 = CARTESIAN_POINT('',(5.70016122955,0.316664293721));
#4607 = CARTESIAN_POINT('',(5.634137748896,0.317516220289));
#4608 = CARTESIAN_POINT('',(5.566090483749,0.318339432193));
#4609 = CARTESIAN_POINT('',(5.454834836742,0.319575669069));
#4610 = CARTESIAN_POINT('',(5.413334909194,0.320014518861));
#4611 = CARTESIAN_POINT('',(5.370914757993,0.320438291452));
#4612 = CARTESIAN_POINT('',(5.327493562473,0.320844302704));
#4613 = CARTESIAN_POINT('',(5.282999232963,0.321229197127));
#4614 = CARTESIAN_POINT('',(5.205661913569,0.321838930291));
#4615 = CARTESIAN_POINT('',(5.173414431132,0.322076716097));
#4616 = CARTESIAN_POINT('',(5.14060209667,0.322301002863));
#4617 = CARTESIAN_POINT('',(5.107218187578,0.322510197692));
#4618 = CARTESIAN_POINT('',(5.073271434481,0.322702574076));
#4619 = CARTESIAN_POINT('',(5.021457589649,0.32296374445));
#4620 = CARTESIAN_POINT('',(5.003990987017,0.323046413483));
#4621 = CARTESIAN_POINT('',(4.986393786862,0.323124166005));
#4622 = CARTESIAN_POINT('',(4.96867158538,0.323196778178));
#4623 = CARTESIAN_POINT('',(4.950831703832,0.323264033448));
#4624 = CARTESIAN_POINT('',(4.897243294157,0.323448242863));
#4625 = CARTESIAN_POINT('',(4.86116811767,0.32354886347));
#4626 = CARTESIAN_POINT('',(4.824744364181,0.323625958162));
#4627 = CARTESIAN_POINT('',(4.788069206036,0.323678244097));
#4628 = CARTESIAN_POINT('',(4.751258088919,0.323704983354));
#4629 = CARTESIAN_POINT('',(4.677377701189,0.323707378746));
#4630 = CARTESIAN_POINT('',(4.640296675884,0.323682660784));
#4631 = CARTESIAN_POINT('',(4.603353733202,0.323632004136));
#4632 = CARTESIAN_POINT('',(4.566666784212,0.323556153003));
#4633 = CARTESIAN_POINT('',(4.53033491792,0.323456413341));
#4634 = CARTESIAN_POINT('',(4.476496913524,0.323273454226));
#4635 = CARTESIAN_POINT('',(4.458656487636,0.323206891742));
#4636 = CARTESIAN_POINT('',(4.440934168285,0.323134965507));
#4637 = CARTESIAN_POINT('',(4.423337226669,0.323057891809));
#4638 = CARTESIAN_POINT('',(4.405871209246,0.322975894194));
#4639 = CARTESIAN_POINT('',(4.354056278864,0.322716689632));
#4640 = CARTESIAN_POINT('',(4.320108799753,0.322525580844));
#4641 = CARTESIAN_POINT('',(4.286724998235,0.322317617304));
#4642 = CARTESIAN_POINT('',(4.253913305885,0.322094523729));
#4643 = CARTESIAN_POINT('',(4.221666764766,0.321857891441));
#4644 = CARTESIAN_POINT('',(4.144331034789,0.321250865214));
#4645 = CARTESIAN_POINT('',(4.099837516696,0.320867479078));
#4646 = CARTESIAN_POINT('',(4.056416906116,0.320462887876));
#4647 = CARTESIAN_POINT('',(4.013996826483,0.320040445599));
#4648 = CARTESIAN_POINT('',(3.972496309761,0.319602836142));
#4649 = CARTESIAN_POINT('',(3.861246731885,0.318369857233));
#4650 = CARTESIAN_POINT('',(3.793203843861,0.317548493024));
#4651 = CARTESIAN_POINT('',(3.727181763661,0.316698161179));
#4652 = CARTESIAN_POINT('',(3.662850842723,0.315826108956));
#4653 = CARTESIAN_POINT('',(3.599893701017,0.31493760567));
#4654 = CARTESIAN_POINT('',(3.46967399402,0.313040807463));
#4655 = CARTESIAN_POINT('',(3.402679904206,0.312030233064));
#4656 = CARTESIAN_POINT('',(3.336596513297,0.311008953696));
#4657 = CARTESIAN_POINT('',(3.271123438488,0.309980942829));
#4658 = CARTESIAN_POINT('',(3.205973630653,0.308949613499));
#4659 = CARTESIAN_POINT('',(3.113032664306,0.307477515206));
#4660 = CARTESIAN_POINT('',(3.085234037827,0.307037108173));
#4661 = CARTESIAN_POINT('',(3.057416771813,0.306596907404));
#4662 = CARTESIAN_POINT('',(3.029557979455,0.306157168288));
#4663 = CARTESIAN_POINT('',(3.001634400316,0.305718154002));
#4664 = CARTESIAN_POINT('',(2.973622400323,0.305280135509));
#4665 = ( GEOMETRIC_REPRESENTATION_CONTEXT(2) 
PARAMETRIC_REPRESENTATION_CONTEXT() REPRESENTATION_CONTEXT('2D SPACE',''
  ) );
#4666 = PCURVE('',#1100,#4667);
#4667 = DEFINITIONAL_REPRESENTATION('',(#4668),#4736);
#4668 = B_SPLINE_CURVE_WITH_KNOTS('',6,(#4669,#4670,#4671,#4672,#4673,
    #4674,#4675,#4676,#4677,#4678,#4679,#4680,#4681,#4682,#4683,#4684,
    #4685,#4686,#4687,#4688,#4689,#4690,#4691,#4692,#4693,#4694,#4695,
    #4696,#4697,#4698,#4699,#4700,#4701,#4702,#4703,#4704,#4705,#4706,
    #4707,#4708,#4709,#4710,#4711,#4712,#4713,#4714,#4715,#4716,#4717,
    #4718,#4719,#4720,#4721,#4722,#4723,#4724,#4725,#4726,#4727,#4728,
    #4729,#4730,#4731,#4732,#4733,#4734,#4735),.UNSPECIFIED.,.F.,.F.,(7,
    5,5,5,5,5,5,5,5,5,5,5,5,7),(0.,0.139793642944,0.26754535145,
    0.34116579591,0.392306785547,0.418012089365,0.469055526829,
    0.520471709666,0.546186849269,0.597352842694,0.671010824946,
    0.798810126864,0.939815759503,1.),.UNSPECIFIED.);
#4669 = CARTESIAN_POINT('',(-3.365879781602,-4.275110795131));
#4670 = CARTESIAN_POINT('',(-3.525577431688,-4.275112670256));
#4671 = CARTESIAN_POINT('',(-3.685236705162,-4.268150897315));
#4672 = CARTESIAN_POINT('',(-3.844413431509,-4.254224526147));
#4673 = CARTESIAN_POINT('',(-4.002587655039,-4.233197465901));
#4674 = CARTESIAN_POINT('',(-4.159153938817,-4.204846466488));
#4675 = CARTESIAN_POINT('',(-4.454302803608,-4.135784678529));
#4676 = CARTESIAN_POINT('',(-4.593194471826,-4.096366615339));
#4677 = CARTESIAN_POINT('',(-4.729555264782,-4.050192637991));
#4678 = CARTESIAN_POINT('',(-4.862563758616,-3.996834560168));
#4679 = CARTESIAN_POINT('',(-4.991089126335,-3.935825122652));
#4680 = CARTESIAN_POINT('',(-5.184098724738,-3.82655094336));
#4681 = CARTESIAN_POINT('',(-5.252614899775,-3.783855353274));
#4682 = CARTESIAN_POINT('',(-5.318777120963,-3.738292804605));
#4683 = CARTESIAN_POINT('',(-5.382166322629,-3.689754156341));
#4684 = CARTESIAN_POINT('',(-5.442258623344,-3.638157102802));
#4685 = CARTESIAN_POINT('',(-5.537454257232,-3.545465607338));
#4686 = CARTESIAN_POINT('',(-5.574578973272,-3.505980622552));
#4687 = CARTESIAN_POINT('',(-5.60959612862,-3.464997562995));
#4688 = CARTESIAN_POINT('',(-5.642257029285,-3.422532212075));
#4689 = CARTESIAN_POINT('',(-5.672292121586,-3.378634914929));
#4690 = CARTESIAN_POINT('',(-5.713067793228,-3.310664915081));
#4691 = CARTESIAN_POINT('',(-5.725974637662,-3.287591726448));
#4692 = CARTESIAN_POINT('',(-5.738113883197,-3.264194408169));
#4693 = CARTESIAN_POINT('',(-5.74945058305,-3.240489098841));
#4694 = CARTESIAN_POINT('',(-5.759950927136,-3.216495578911));
#4695 = CARTESIAN_POINT('',(-5.788710937449,-3.144068361611));
#4696 = CARTESIAN_POINT('',(-5.804420501912,-3.094846325209));
#4697 = CARTESIAN_POINT('',(-5.816457042667,-3.044775306711));
#4698 = CARTESIAN_POINT('',(-5.824620273801,-2.994097727177));
#4699 = CARTESIAN_POINT('',(-5.828794986031,-2.943094601941));
#4700 = CARTESIAN_POINT('',(-5.829168970756,-2.840703813457));
#4701 = CARTESIAN_POINT('',(-5.825309836575,-2.789299312037));
#4702 = CARTESIAN_POINT('',(-5.817400980655,-2.738198728493));
#4703 = CARTESIAN_POINT('',(-5.805558592714,-2.687689957818));
#4704 = CARTESIAN_POINT('',(-5.789986567324,-2.638021693138));
#4705 = CARTESIAN_POINT('',(-5.761421762292,-2.565087148375));
#4706 = CARTESIAN_POINT('',(-5.751029580503,-2.541031095189));
#4707 = CARTESIAN_POINT('',(-5.739799973991,-2.517258881183));
#4708 = CARTESIAN_POINT('',(-5.727766710896,-2.493790408179));
#4709 = CARTESIAN_POINT('',(-5.714964692906,-2.470641943344));
#4710 = CARTESIAN_POINT('',(-5.674495936908,-2.402430148596));
#4711 = CARTESIAN_POINT('',(-5.644658750246,-2.358354827859));
#4712 = CARTESIAN_POINT('',(-5.612190086523,-2.315696990369));
#4713 = CARTESIAN_POINT('',(-5.577359220352,-2.274508130663));
#4714 = CARTESIAN_POINT('',(-5.540414599264,-2.234805168168));
#4715 = CARTESIAN_POINT('',(-5.445641590412,-2.141553466239));
#4716 = CARTESIAN_POINT('',(-5.385784773759,-2.089602401934));
#4717 = CARTESIAN_POINT('',(-5.322617279634,-2.040689814256));
#4718 = CARTESIAN_POINT('',(-5.256662756084,-1.994736223616));
#4719 = CARTESIAN_POINT('',(-5.188340230482,-1.951634928289));
#4720 = CARTESIAN_POINT('',(-4.995839287668,-1.841225675196));
#4721 = CARTESIAN_POINT('',(-4.867602394609,-1.779459275746));
#4722 = CARTESIAN_POINT('',(-4.734842879606,-1.725314137723));
#4723 = CARTESIAN_POINT('',(-4.598692233519,-1.678330707348));
#4724 = CARTESIAN_POINT('',(-4.459973137105,-1.638086803553));
#4725 = CARTESIAN_POINT('',(-4.16383227015,-1.566962629512));
#4726 = CARTESIAN_POINT('',(-4.006054612188,-1.537501844527));
#4727 = CARTESIAN_POINT('',(-3.846605622598,-1.515474752971));
#4728 = CARTESIAN_POINT('',(-3.686105666273,-1.500659112595));
#4729 = CARTESIAN_POINT('',(-3.525087609173,-1.492921607805));
#4730 = CARTESIAN_POINT('',(-3.295253743191,-1.491989833901));
#4731 = CARTESIAN_POINT('',(-3.226494441297,-1.493001743002));
#4732 = CARTESIAN_POINT('',(-3.157767342631,-1.495304350573));
#4733 = CARTESIAN_POINT('',(-3.089112320439,-1.498901830497));
#4734 = CARTESIAN_POINT('',(-3.020570463588,-1.503802473404));
#4735 = CARTESIAN_POINT('',(-2.952184076561,-1.51001868668));
#4736 = ( GEOMETRIC_REPRESENTATION_CONTEXT(2) 
PARAMETRIC_REPRESENTATION_CONTEXT() REPRESENTATION_CONTEXT('2D SPACE',''
  ) );
#4737 = ORIENTED_EDGE('',*,*,#4738,.T.);
#4738 = EDGE_CURVE('',#4524,#4739,#4741,.T.);
#4739 = VERTEX_POINT('',#4740);
#4740 = CARTESIAN_POINT('',(297.79024025469,-125.8666937411,
    20.604833269636));
#4741 = SURFACE_CURVE('',#4742,(#4745,#4752),.PCURVE_S1.);
#4742 = B_SPLINE_CURVE_WITH_KNOTS('',1,(#4743,#4744),.UNSPECIFIED.,.F.,
  .F.,(2,2),(0.,1.),.PIECEWISE_BEZIER_KNOTS.);
#4743 = CARTESIAN_POINT('',(303.59135821248,-70.4,20.603983091432));
#4744 = CARTESIAN_POINT('',(291.08270372175,-190.,20.605816287289));
#4745 = PCURVE('',#4347,#4746);
#4746 = DEFINITIONAL_REPRESENTATION('',(#4747),#4751);
#4747 = LINE('',#4748,#4749);
#4748 = CARTESIAN_POINT('',(6.28318530718,0.));
#4749 = VECTOR('',#4750,1.);
#4750 = DIRECTION('',(0.,1.));
#4751 = ( GEOMETRIC_REPRESENTATION_CONTEXT(2) 
PARAMETRIC_REPRESENTATION_CONTEXT() REPRESENTATION_CONTEXT('2D SPACE',''
  ) );
#4752 = PCURVE('',#4753,#4782);
#4753 = B_SPLINE_SURFACE_WITH_KNOTS('',13,1,(
    (#4754,#4755)
    ,(#4756,#4757)
    ,(#4758,#4759)
    ,(#4760,#4761)
    ,(#4762,#4763)
    ,(#4764,#4765)
    ,(#4766,#4767)
    ,(#4768,#4769)
    ,(#4770,#4771)
    ,(#4772,#4773)
    ,(#4774,#4775)
    ,(#4776,#4777)
    ,(#4778,#4779)
    ,(#4780,#4781
    )),.UNSPECIFIED.,.T.,.F.,.F.,(14,14),(2,2),(0.,6.28318530718),(0.,1.
    ),.PIECEWISE_BEZIER_KNOTS.);
#4754 = CARTESIAN_POINT('',(303.59135821248,-70.4,20.603983091432));
#4755 = CARTESIAN_POINT('',(291.08270372175,-190.,20.605816287289));
#4756 = CARTESIAN_POINT('',(304.31577725692,-70.39999999999,
    20.60398309143));
#4757 = CARTESIAN_POINT('',(291.63852396047,-189.9999999999,
    20.605816287288));
#4758 = CARTESIAN_POINT('',(305.04019659114,-70.40000000002,
    20.224676085388));
#4759 = CARTESIAN_POINT('',(292.19434442136,-190.0000000001,
    20.314787893904));
#4760 = CARTESIAN_POINT('',(305.54795412984,-70.39999999992,
    19.466084655182));
#4761 = CARTESIAN_POINT('',(292.58392821112,-189.9999999996,
    19.732748433391));
#4762 = CARTESIAN_POINT('',(305.62241466433,-70.40000000014,
    18.464216879548));
#4763 = CARTESIAN_POINT('',(292.64105905491,-190.0000000007,
    18.964051930342));
#4764 = CARTESIAN_POINT('',(305.14185434545,-70.39999999979,
    17.491773718957));
#4765 = CARTESIAN_POINT('',(292.27234269965,-189.9999999989,
    18.217931858281));
#4766 = CARTESIAN_POINT('',(304.17507536609,-70.40000000021,
    16.881330772054));
#4767 = CARTESIAN_POINT('',(291.5305685439,-190.0000000012,
    17.749561310786));
#4768 = CARTESIAN_POINT('',(303.00764105896,-70.39999999982,
    16.881330771919));
#4769 = CARTESIAN_POINT('',(290.63483889976,-189.9999999987,
    17.749561310676));
#4770 = CARTESIAN_POINT('',(302.04086207931,-70.40000000011,
    17.491773719065));
#4771 = CARTESIAN_POINT('',(289.89306474344,-190.0000000009,
    18.217931858368));
#4772 = CARTESIAN_POINT('',(301.56030176083,-70.39999999994,
    18.46421687948));
#4773 = CARTESIAN_POINT('',(289.52434838897,-189.9999999994,
    18.964051930288));
#4774 = CARTESIAN_POINT('',(301.63476229501,-70.40000000002,
    19.466084655215));
#4775 = CARTESIAN_POINT('',(289.58147923213,-190.0000000002,
    19.732748433416));
#4776 = CARTESIAN_POINT('',(302.14251983387,-70.39999999999,
    20.224676085376));
#4777 = CARTESIAN_POINT('',(289.97106302223,-189.9999999999,
    20.314787893895));
#4778 = CARTESIAN_POINT('',(302.86693916803,-70.4,20.603983091433));
#4779 = CARTESIAN_POINT('',(290.52688348299,-190.,20.60581628729));
#4780 = CARTESIAN_POINT('',(303.59135821248,-70.4,20.603983091432));
#4781 = CARTESIAN_POINT('',(291.08270372175,-190.,20.605816287289));
#4782 = DEFINITIONAL_REPRESENTATION('',(#4783),#4787);
#4783 = LINE('',#4784,#4785);
#4784 = CARTESIAN_POINT('',(0.,0.));
#4785 = VECTOR('',#4786,1.);
#4786 = DIRECTION('',(0.,1.));
#4787 = ( GEOMETRIC_REPRESENTATION_CONTEXT(2) 
PARAMETRIC_REPRESENTATION_CONTEXT() REPRESENTATION_CONTEXT('2D SPACE',''
  ) );
#4788 = ORIENTED_EDGE('',*,*,#4789,.T.);
#4789 = EDGE_CURVE('',#4739,#4261,#4790,.T.);
#4790 = SURFACE_CURVE('',#4791,(#4854,#4920),.PCURVE_S1.);
#4791 = B_SPLINE_CURVE_WITH_KNOTS('',7,(#4792,#4793,#4794,#4795,#4796,
    #4797,#4798,#4799,#4800,#4801,#4802,#4803,#4804,#4805,#4806,#4807,
    #4808,#4809,#4810,#4811,#4812,#4813,#4814,#4815,#4816,#4817,#4818,
    #4819,#4820,#4821,#4822,#4823,#4824,#4825,#4826,#4827,#4828,#4829,
    #4830,#4831,#4832,#4833,#4834,#4835,#4836,#4837,#4838,#4839,#4840,
    #4841,#4842,#4843,#4844,#4845,#4846,#4847,#4848,#4849,#4850,#4851,
    #4852,#4853),.UNSPECIFIED.,.F.,.F.,(8,6,6,6,6,6,6,6,6,6,8),(0.,
    0.228735546191,0.30778375838,0.356846755008,0.467442609386,
    0.575534006121,0.624597157146,0.70364567621,0.782621006792,
    0.938401770169,1.),.UNSPECIFIED.);
#4792 = CARTESIAN_POINT('',(297.79024025469,-125.8666937411,
    20.604833269636));
#4793 = CARTESIAN_POINT('',(297.64701027102,-125.8517136885,
    20.604833040026));
#4794 = CARTESIAN_POINT('',(297.50370694934,-125.836779605,
    20.586538302571));
#4795 = CARTESIAN_POINT('',(297.36321207021,-125.8221929684,
    20.549921838838));
#4796 = CARTESIAN_POINT('',(297.22826119266,-125.8082381297,
    20.495581906065));
#4797 = CARTESIAN_POINT('',(297.10140237135,-125.795178504,
    20.424568768048));
#4798 = CARTESIAN_POINT('',(296.98499305686,-125.7832562634,
    20.338378861754));
#4799 = CARTESIAN_POINT('',(296.84514842083,-125.7690222153,
    20.204701780236));
#4800 = CARTESIAN_POINT('',(296.81071657377,-125.7655263635,
    20.168792440178));
#4801 = CARTESIAN_POINT('',(296.77785079991,-125.7621986931,
    20.131385852727));
#4802 = CARTESIAN_POINT('',(296.74662685778,-125.7590468807,
    20.092566252952));
#4803 = CARTESIAN_POINT('',(296.71711469184,-125.7560779813,
    20.052422350737));
#4804 = CARTESIAN_POINT('',(296.68937843242,-125.7532984291,
    20.011047330782));
#4805 = CARTESIAN_POINT('',(296.64739973192,-125.7491099772,
    19.94215503868));
#4806 = CARTESIAN_POINT('',(296.63202956928,-125.7475810896,
    19.915334404203));
#4807 = CARTESIAN_POINT('',(296.61737978246,-125.7461287569,
    19.888100195736));
#4808 = CARTESIAN_POINT('',(296.60346327985,-125.7447542595,
    19.860476124747));
#4809 = CARTESIAN_POINT('',(296.59029200362,-125.7434587756,
    19.83248636761));
#4810 = CARTESIAN_POINT('',(296.57787692978,-125.7422433809,
    19.804155565605));
#4811 = CARTESIAN_POINT('',(296.53996966774,-125.7385520822,
    19.710934482142));
#4812 = CARTESIAN_POINT('',(296.51760409055,-125.7364069673,
    19.644753263046));
#4813 = CARTESIAN_POINT('',(296.49924647605,-125.7346848985,
    19.577254293103));
#4814 = CARTESIAN_POINT('',(296.48498534461,-125.7333942649,
    19.508733962809));
#4815 = CARTESIAN_POINT('',(296.47488245069,-125.7325406386,
    19.439494660177));
#4816 = CARTESIAN_POINT('',(296.46897263613,-125.7321267632,
    19.369843503228));
#4817 = CARTESIAN_POINT('',(296.46559343022,-125.7321777371,
    19.23191819469));
#4818 = CARTESIAN_POINT('',(296.46793586064,-125.7326228997,
    19.163645941874));
#4819 = CARTESIAN_POINT('',(296.47429796561,-125.7334879111,
    19.095564180157));
#4820 = CARTESIAN_POINT('',(296.4846619173,-125.7347700625,
    19.027960888959));
#4821 = CARTESIAN_POINT('',(296.49898513753,-125.7364640651,
    18.961121029004));
#4822 = CARTESIAN_POINT('',(296.5172003663,-125.7385620611,
    18.895325410328));
#4823 = CARTESIAN_POINT('',(296.54920859874,-125.7421845695,
    18.801583693969));
#4824 = CARTESIAN_POINT('',(296.55998447994,-125.743396602,
    18.772589452382));
#4825 = CARTESIAN_POINT('',(296.57153481463,-125.744688761,
    18.743892472552));
#4826 = CARTESIAN_POINT('',(296.58385005255,-125.7460599737,
    18.715517982556));
#4827 = CARTESIAN_POINT('',(296.59691965233,-125.7475090648,
    18.687490801528));
#4828 = CARTESIAN_POINT('',(296.61073208146,-125.7490347567,
    18.659835339661));
#4829 = CARTESIAN_POINT('',(296.64870546905,-125.753214993,
    18.588655830575));
#4830 = CARTESIAN_POINT('',(296.67403211342,-125.7559896032,
    18.545762819355));
#4831 = CARTESIAN_POINT('',(296.7012021086,-125.7589536987,
    18.503997396278));
#4832 = CARTESIAN_POINT('',(296.73015675389,-125.7621008565,
    18.463456258006));
#4833 = CARTESIAN_POINT('',(296.76083128864,-125.7654240321,
    18.424231966129));
#4834 = CARTESIAN_POINT('',(296.79315489235,-125.7689155593,
    18.38641294716));
#4835 = CARTESIAN_POINT('',(296.86091509378,-125.7762153604,
    18.313787674196));
#4836 = CARTESIAN_POINT('',(296.89634931675,-125.7800233958,
    18.278978003103));
#4837 = CARTESIAN_POINT('',(296.93327654895,-125.7839829774,
    18.245738516803));
#4838 = CARTESIAN_POINT('',(296.97161512217,-125.788085334,
    18.214147594962));
#4839 = CARTESIAN_POINT('',(297.01127850459,-125.7923212021,
    18.184277959372));
#4840 = CARTESIAN_POINT('',(297.05217530073,-125.7966808264,
    18.156196673947));
#4841 = CARTESIAN_POINT('',(297.17712224319,-125.8099773227,
    18.078222814356));
#4842 = CARTESIAN_POINT('',(297.2644696403,-125.8192433861,
    18.03367115978));
#4843 = CARTESIAN_POINT('',(297.35550369878,-125.8288725397,
    17.99678943592));
#4844 = CARTESIAN_POINT('',(297.44942815366,-125.8387804342,
    17.967942573148));
#4845 = CARTESIAN_POINT('',(297.54540942366,-125.8488791221,
    17.947391609019));
#4846 = CARTESIAN_POINT('',(297.64258393304,-125.859077833,
    17.935290492111));
#4847 = CARTESIAN_POINT('',(297.77860577507,-125.8733188212,
    17.930237363498));
#4848 = CARTESIAN_POINT('',(297.81719906511,-125.8773555046,
    17.930131275687));
#4849 = CARTESIAN_POINT('',(297.85578724471,-125.8813877604,
    17.931352981814));
#4850 = CARTESIAN_POINT('',(297.89431633862,-125.885409946,
    17.933901636116));
#4851 = CARTESIAN_POINT('',(297.93273257246,-125.889416448,
    17.937773559784));
#4852 = CARTESIAN_POINT('',(297.9709823727,-125.8934016824,
    17.942962240966));
#4853 = CARTESIAN_POINT('',(298.00901236667,-125.8973600946,
    17.949458334761));
#4854 = PCURVE('',#4347,#4855);
#4855 = DEFINITIONAL_REPRESENTATION('',(#4856),#4919);
#4856 = B_SPLINE_CURVE_WITH_KNOTS('',7,(#4857,#4858,#4859,#4860,#4861,
    #4862,#4863,#4864,#4865,#4866,#4867,#4868,#4869,#4870,#4871,#4872,
    #4873,#4874,#4875,#4876,#4877,#4878,#4879,#4880,#4881,#4882,#4883,
    #4884,#4885,#4886,#4887,#4888,#4889,#4890,#4891,#4892,#4893,#4894,
    #4895,#4896,#4897,#4898,#4899,#4900,#4901,#4902,#4903,#4904,#4905,
    #4906,#4907,#4908,#4909,#4910,#4911,#4912,#4913,#4914,#4915,#4916,
    #4917,#4918),.UNSPECIFIED.,.F.,.F.,(8,6,6,6,6,6,6,6,6,6,8),(0.,
    0.228735546191,0.30778375838,0.356846755008,0.467442609386,
    0.575534006121,0.624597157146,0.70364567621,0.782621006792,
    0.938401770169,1.),.UNSPECIFIED.);
#4857 = CARTESIAN_POINT('',(6.28318530718,0.463768342317));
#4858 = CARTESIAN_POINT('',(6.17489009345,0.463643091041));
#4859 = CARTESIAN_POINT('',(6.066551889213,0.463518224122));
#4860 = CARTESIAN_POINT('',(5.958275039263,0.463396262278));
#4861 = CARTESIAN_POINT('',(5.85004541935,0.463279583025));
#4862 = CARTESIAN_POINT('',(5.741843938628,0.46317038883));
#4863 = CARTESIAN_POINT('',(5.633652891599,0.463070704544));
#4864 = CARTESIAN_POINT('',(5.488207540641,0.462951690764));
#4865 = CARTESIAN_POINT('',(5.450858594953,0.462922461234));
#4866 = CARTESIAN_POINT('',(5.413515482902,0.462894637903));
#4867 = CARTESIAN_POINT('',(5.376178134033,0.462868284956));
#4868 = CARTESIAN_POINT('',(5.338846409349,0.462843461383));
#4869 = CARTESIAN_POINT('',(5.301520101316,0.462820220979));
#4870 = CARTESIAN_POINT('',(5.241034737447,0.462785200479));
#4871 = CARTESIAN_POINT('',(5.217872482893,0.462772417138));
#4872 = CARTESIAN_POINT('',(5.194712096616,0.462760273887));
#4873 = CARTESIAN_POINT('',(5.171553496542,0.462748781435));
#4874 = CARTESIAN_POINT('',(5.148396592102,0.462737949629));
#4875 = CARTESIAN_POINT('',(5.125241284231,0.462727787467));
#4876 = CARTESIAN_POINT('',(5.049895048373,0.462696923765));
#4877 = CARTESIAN_POINT('',(4.997709113465,0.462678988022));
#4878 = CARTESIAN_POINT('',(4.945530238195,0.462664589453));
#4879 = CARTESIAN_POINT('',(4.893356675913,0.462653798202));
#4880 = CARTESIAN_POINT('',(4.841185842569,0.462646660859));
#4881 = CARTESIAN_POINT('',(4.789015803508,0.462643200362));
#4882 = CARTESIAN_POINT('',(4.685859091878,0.462643626564));
#4883 = CARTESIAN_POINT('',(4.634870383481,0.46264734866));
#4884 = CARTESIAN_POINT('',(4.583880749898,0.462654581197));
#4885 = CARTESIAN_POINT('',(4.532888400055,0.462665301526));
#4886 = CARTESIAN_POINT('',(4.481890965636,0.462679465428));
#4887 = CARTESIAN_POINT('',(4.43088682972,0.4626970072));
#4888 = CARTESIAN_POINT('',(4.356722626603,0.462727295732));
#4889 = CARTESIAN_POINT('',(4.333567312514,0.462737429783));
#4890 = CARTESIAN_POINT('',(4.310410405364,0.462748233788));
#4891 = CARTESIAN_POINT('',(4.287251805843,0.462759698777));
#4892 = CARTESIAN_POINT('',(4.264091423124,0.462771814924));
#4893 = CARTESIAN_POINT('',(4.240929174867,0.462784571545));
#4894 = CARTESIAN_POINT('',(4.180443806439,0.462819523353));
#4895 = CARTESIAN_POINT('',(4.143117491506,0.462842722436));
#4896 = CARTESIAN_POINT('',(4.105785765187,0.462867505842));
#4897 = CARTESIAN_POINT('',(4.068448418771,0.462893819871));
#4898 = CARTESIAN_POINT('',(4.031105312077,0.46292160562));
#4899 = CARTESIAN_POINT('',(3.993756373446,0.462950798992));
#4900 = CARTESIAN_POINT('',(3.919081411626,0.463011834117));
#4901 = CARTESIAN_POINT('',(3.881755245237,0.463043673878));
#4902 = CARTESIAN_POINT('',(3.844423130096,0.463076780748));
#4903 = CARTESIAN_POINT('',(3.807085165433,0.463111081388));
#4904 = CARTESIAN_POINT('',(3.76974152019,0.463146498346));
#4905 = CARTESIAN_POINT('',(3.732392433016,0.463182950054));
#4906 = CARTESIAN_POINT('',(3.621356101922,0.463294124772));
#4907 = CARTESIAN_POINT('',(3.547646169434,0.463371600218));
#4908 = CARTESIAN_POINT('',(3.473923588096,0.463452111536));
#4909 = CARTESIAN_POINT('',(3.400189807592,0.463534953464));
#4910 = CARTESIAN_POINT('',(3.326441903184,0.463619390654));
#4911 = CARTESIAN_POINT('',(3.252682208464,0.463704664156));
#4912 = CARTESIAN_POINT('',(3.149764718066,0.463823735964));
#4913 = CARTESIAN_POINT('',(3.120600924623,0.463857487497));
#4914 = CARTESIAN_POINT('',(3.091437148299,0.46389120201));
#4915 = CARTESIAN_POINT('',(3.062273681493,0.463924832325));
#4916 = CARTESIAN_POINT('',(3.033110812052,0.463958331505));
#4917 = CARTESIAN_POINT('',(3.003948823269,0.463991652864));
#4918 = CARTESIAN_POINT('',(2.974787993887,0.464024749955));
#4919 = ( GEOMETRIC_REPRESENTATION_CONTEXT(2) 
PARAMETRIC_REPRESENTATION_CONTEXT() REPRESENTATION_CONTEXT('2D SPACE',''
  ) );
#4920 = PCURVE('',#4274,#4921);
#4921 = DEFINITIONAL_REPRESENTATION('',(#4922),#4985);
#4922 = B_SPLINE_CURVE_WITH_KNOTS('',7,(#4923,#4924,#4925,#4926,#4927,
    #4928,#4929,#4930,#4931,#4932,#4933,#4934,#4935,#4936,#4937,#4938,
    #4939,#4940,#4941,#4942,#4943,#4944,#4945,#4946,#4947,#4948,#4949,
    #4950,#4951,#4952,#4953,#4954,#4955,#4956,#4957,#4958,#4959,#4960,
    #4961,#4962,#4963,#4964,#4965,#4966,#4967,#4968,#4969,#4970,#4971,
    #4972,#4973,#4974,#4975,#4976,#4977,#4978,#4979,#4980,#4981,#4982,
    #4983,#4984),.UNSPECIFIED.,.F.,.F.,(8,6,6,6,6,6,6,6,6,6,8),(0.,
    0.228735546191,0.30778375838,0.356846755008,0.467442609386,
    0.575534006121,0.624597157146,0.70364567621,0.782621006792,
    0.938401770169,1.),.UNSPECIFIED.);
#4923 = CARTESIAN_POINT('',(1.136868377216E-13,-1.337049791749));
#4924 = CARTESIAN_POINT('',(0.144011215533,-1.337049562138));
#4925 = CARTESIAN_POINT('',(0.28809058952,-1.318754746898));
#4926 = CARTESIAN_POINT('',(0.429340614751,-1.28213812748));
#4927 = CARTESIAN_POINT('',(0.565010993849,-1.227797963665));
#4928 = CARTESIAN_POINT('',(0.692540094388,-1.156784523716));
#4929 = CARTESIAN_POINT('',(0.809558063744,-1.070594250962));
#4930 = CARTESIAN_POINT('',(0.950124697037,-0.936916601078));
#4931 = CARTESIAN_POINT('',(0.984733396908,-0.901007108342));
#4932 = CARTESIAN_POINT('',(1.017767024966,-0.863600361847));
#4933 = CARTESIAN_POINT('',(1.049149435151,-0.82478059702));
#4934 = CARTESIAN_POINT('',(1.07881032857,-0.784636524122));
#4935 = CARTESIAN_POINT('',(1.106685253506,-0.743261328249));
#4936 = CARTESIAN_POINT('',(1.148871910936,-0.674368743232));
#4937 = CARTESIAN_POINT('',(1.164317728483,-0.647547994719));
#4938 = CARTESIAN_POINT('',(1.179039114871,-0.620313670459));
#4939 = CARTESIAN_POINT('',(1.193023098536,-0.592689482019));
#4940 = CARTESIAN_POINT('',(1.206257679524,-0.564699605876));
#4941 = CARTESIAN_POINT('',(1.218731829494,-0.536368683414));
#4942 = CARTESIAN_POINT('',(1.256817421315,-0.443147203596));
#4943 = CARTESIAN_POINT('',(1.279284804692,-0.376965703112));
#4944 = CARTESIAN_POINT('',(1.297721962492,-0.309466446178));
#4945 = CARTESIAN_POINT('',(1.312039981926,-0.24094582455));
#4946 = CARTESIAN_POINT('',(1.32217686392,-0.171706227528));
#4947 = CARTESIAN_POINT('',(1.328097670255,-0.102054774438));
#4948 = CARTESIAN_POINT('',(1.331453242354,3.587112052724E-02));
#4949 = CARTESIAN_POINT('',(1.329077213318,0.104143663622));
#4950 = CARTESIAN_POINT('',(1.322659642957,0.172225714808));
#4951 = CARTESIAN_POINT('',(1.312218544185,0.23982929344));
#4952 = CARTESIAN_POINT('',(1.297796814309,0.306669437583));
#4953 = CARTESIAN_POINT('',(1.279462165857,0.372465336007));
#4954 = CARTESIAN_POINT('',(1.247250758168,0.466207450935));
#4955 = CARTESIAN_POINT('',(1.236407258282,0.495201815799));
#4956 = CARTESIAN_POINT('',(1.224785171398,0.523898917642));
#4957 = CARTESIAN_POINT('',(1.212394107559,0.552273528281));
#4958 = CARTESIAN_POINT('',(1.19924467321,0.580300828474));
#4959 = CARTESIAN_POINT('',(1.185348471198,0.607956407926));
#4960 = CARTESIAN_POINT('',(1.147146253238,0.679136219651));
#4961 = CARTESIAN_POINT('',(1.121668385743,0.722029413243));
#4962 = CARTESIAN_POINT('',(1.094337456979,0.763795013897));
#4963 = CARTESIAN_POINT('',(1.065212517334,0.804336324541));
#4964 = CARTESIAN_POINT('',(1.034358708889,0.843560783191));
#4965 = CARTESIAN_POINT('',(1.00184726542,0.881379962958));
#4966 = CARTESIAN_POINT('',(0.933695323837,0.954005544709));
#4967 = CARTESIAN_POINT('',(0.89805721239,0.988815363805));
#4968 = CARTESIAN_POINT('',(0.860918427154,1.022054991432));
#4969 = CARTESIAN_POINT('',(0.822361105673,1.05364604759));
#4970 = CARTESIAN_POINT('',(0.78247227394,1.08351581018));
#4971 = CARTESIAN_POINT('',(0.741343846395,1.111597215));
#4972 = CARTESIAN_POINT('',(0.61569161385,1.189571406118));
#4973 = CARTESIAN_POINT('',(0.527854202492,1.234123250118));
#4974 = CARTESIAN_POINT('',(0.436312360502,1.271005130791));
#4975 = CARTESIAN_POINT('',(0.341866807283,1.299852116214));
#4976 = CARTESIAN_POINT('',(0.245355750415,1.32040316772));
#4977 = CARTESIAN_POINT('',(0.147647522867,1.33250433608));
#4978 = CARTESIAN_POINT('',(1.088222377047E-02,1.337557486178));
#4979 = CARTESIAN_POINT('',(-2.792160141257E-02,1.33766357444));
#4980 = CARTESIAN_POINT('',(-6.671988332329E-02,1.336441863118));
#4981 = CARTESIAN_POINT('',(-0.105458352568,1.33389319798));
#4982 = CARTESIAN_POINT('',(-0.144082942577,1.330021257849));
#4983 = CARTESIAN_POINT('',(-0.182539789597,1.324832554606));
#4984 = CARTESIAN_POINT('',(-0.220775232702,1.318336433192));
#4985 = ( GEOMETRIC_REPRESENTATION_CONTEXT(2) 
PARAMETRIC_REPRESENTATION_CONTEXT() REPRESENTATION_CONTEXT('2D SPACE',''
  ) );
#4986 = ORIENTED_EDGE('',*,*,#4285,.T.);
#4987 = ADVANCED_FACE('',(#4988),#4753,.F.);
#4988 = FACE_BOUND('',#4989,.F.);
#4989 = EDGE_LOOP('',(#4990,#5019,#5020,#5058));
#4990 = ORIENTED_EDGE('',*,*,#4991,.T.);
#4991 = EDGE_CURVE('',#4992,#4739,#4994,.T.);
#4992 = VERTEX_POINT('',#4993);
#4993 = CARTESIAN_POINT('',(297.99788350401,-125.88845923,
    20.588251112892));
#4994 = SURFACE_CURVE('',#4995,(#5001,#5010),.PCURVE_S1.);
#4995 = B_SPLINE_CURVE_WITH_KNOTS('',4,(#4996,#4997,#4998,#4999,#5000),
  .UNSPECIFIED.,.F.,.F.,(5,5),(0.,1.),.PIECEWISE_BEZIER_KNOTS.);
#4996 = CARTESIAN_POINT('',(298.00981585401,-125.8897129928,
    20.586276636082));
#4997 = CARTESIAN_POINT('',(297.95543794843,-125.8839986088,
    20.595532973728));
#4998 = CARTESIAN_POINT('',(297.90054573536,-125.8782393951,
    20.601733259021));
#4999 = CARTESIAN_POINT('',(297.84539371175,-125.8724620982,
    20.604833358052));
#5000 = CARTESIAN_POINT('',(297.79024025469,-125.8666937411,
    20.604833269636));
#5001 = PCURVE('',#4753,#5002);
#5002 = DEFINITIONAL_REPRESENTATION('',(#5003),#5009);
#5003 = B_SPLINE_CURVE_WITH_KNOTS('',4,(#5004,#5005,#5006,#5007,#5008),
  .UNSPECIFIED.,.F.,.F.,(5,5),(0.,1.),.PIECEWISE_BEZIER_KNOTS.);
#5004 = CARTESIAN_POINT('',(0.16680465117,0.463960810977));
#5005 = CARTESIAN_POINT('',(0.125104850985,0.463913031847));
#5006 = CARTESIAN_POINT('',(8.340323449724E-02,0.463864877886));
#5007 = CARTESIAN_POINT('',(4.170115269828E-02,0.463816572728));
#5008 = CARTESIAN_POINT('',(0.,0.463768342317));
#5009 = ( GEOMETRIC_REPRESENTATION_CONTEXT(2) 
PARAMETRIC_REPRESENTATION_CONTEXT() REPRESENTATION_CONTEXT('2D SPACE',''
  ) );
#5010 = PCURVE('',#4274,#5011);
#5011 = DEFINITIONAL_REPRESENTATION('',(#5012),#5018);
#5012 = B_SPLINE_CURVE_WITH_KNOTS('',4,(#5013,#5014,#5015,#5016,#5017),
  .UNSPECIFIED.,.F.,.F.,(5,5),(0.,1.),.PIECEWISE_BEZIER_KNOTS.);
#5013 = CARTESIAN_POINT('',(-0.2207789094,-1.318493079296));
#5014 = CARTESIAN_POINT('',(-0.166101582554,-1.327749456299));
#5015 = CARTESIAN_POINT('',(-0.110908075047,-1.333949767954));
#5016 = CARTESIAN_POINT('',(-5.545428539449E-02,-1.337049880165));
#5017 = CARTESIAN_POINT('',(5.684341886081E-14,-1.337049791749));
#5018 = ( GEOMETRIC_REPRESENTATION_CONTEXT(2) 
PARAMETRIC_REPRESENTATION_CONTEXT() REPRESENTATION_CONTEXT('2D SPACE',''
  ) );
#5019 = ORIENTED_EDGE('',*,*,#4738,.F.);
#5020 = ORIENTED_EDGE('',*,*,#5021,.F.);
#5021 = EDGE_CURVE('',#5022,#4524,#5024,.T.);
#5022 = VERTEX_POINT('',#5023);
#5023 = CARTESIAN_POINT('',(300.00365799185,-106.9136853935,
    20.585217719656));
#5024 = SURFACE_CURVE('',#5025,(#5034,#5046),.PCURVE_S1.);
#5025 = B_SPLINE_CURVE_WITH_KNOTS('',4,(#5026,#5027,#5028,#5029,#5030,
    #5031,#5032,#5033),.UNSPECIFIED.,.F.,.F.,(5,3,5),(0.,0.790542706689,
    1.),.UNSPECIFIED.);
#5026 = CARTESIAN_POINT('',(300.00549395767,-106.9114973746,
    20.584946220163));
#5027 = CARTESIAN_POINT('',(299.95313979561,-106.9738906354,
    20.592715820392));
#5028 = CARTESIAN_POINT('',(299.90062292221,-107.0364778079,
    20.598413777254));
#5029 = CARTESIAN_POINT('',(299.84801180786,-107.0991772924,
    20.6020698301));
#5030 = CARTESIAN_POINT('',(299.78142156389,-107.1785364549,
    20.604118122974));
#5031 = CARTESIAN_POINT('',(299.7674715663,-107.1951614147,
    20.604404170351));
#5032 = CARTESIAN_POINT('',(299.75352056827,-107.2117875667,
    20.604547332373));
#5033 = CARTESIAN_POINT('',(299.73956975136,-107.2284135029,
    20.60454758721));
#5034 = PCURVE('',#4753,#5035);
#5035 = DEFINITIONAL_REPRESENTATION('',(#5036),#5045);
#5036 = B_SPLINE_CURVE_WITH_KNOTS('',4,(#5037,#5038,#5039,#5040,#5041,
    #5042,#5043,#5044),.UNSPECIFIED.,.F.,.F.,(5,3,5),(0.,0.790542706689,
    1.),.UNSPECIFIED.);
#5037 = CARTESIAN_POINT('',(0.167973902889,0.305280078384));
#5038 = CARTESIAN_POINT('',(0.134611415229,0.305801761166));
#5039 = CARTESIAN_POINT('',(0.101385121992,0.306325065284));
#5040 = CARTESIAN_POINT('',(6.823572686132E-02,0.306849308466));
#5041 = CARTESIAN_POINT('',(2.632884363159E-02,0.307512846613));
#5042 = CARTESIAN_POINT('',(1.755255833886E-02,0.307651851294));
#5043 = CARTESIAN_POINT('',(8.776629976889E-03,0.307790865943));
#5044 = CARTESIAN_POINT('',(0.,0.307929878787));
#5045 = ( GEOMETRIC_REPRESENTATION_CONTEXT(2) 
PARAMETRIC_REPRESENTATION_CONTEXT() REPRESENTATION_CONTEXT('2D SPACE',''
  ) );
#5046 = PCURVE('',#1100,#5047);
#5047 = DEFINITIONAL_REPRESENTATION('',(#5048),#5057);
#5048 = B_SPLINE_CURVE_WITH_KNOTS('',4,(#5049,#5050,#5051,#5052,#5053,
    #5054,#5055,#5056),.UNSPECIFIED.,.F.,.F.,(5,3,5),(0.,0.790542706689,
    1.),.UNSPECIFIED.);
#5049 = CARTESIAN_POINT('',(-2.952175157713,-4.255509428084));
#5050 = CARTESIAN_POINT('',(-3.033623775064,-4.263279028313));
#5051 = CARTESIAN_POINT('',(-3.115325526321,-4.268976985175));
#5052 = CARTESIAN_POINT('',(-3.197173890483,-4.272633038021));
#5053 = CARTESIAN_POINT('',(-3.300769919657,-4.274681330895));
#5054 = CARTESIAN_POINT('',(-3.322472263286,-4.274967378272));
#5055 = CARTESIAN_POINT('',(-3.344176163335,-4.275110540293));
#5056 = CARTESIAN_POINT('',(-3.365879781602,-4.275110795131));
#5057 = ( GEOMETRIC_REPRESENTATION_CONTEXT(2) 
PARAMETRIC_REPRESENTATION_CONTEXT() REPRESENTATION_CONTEXT('2D SPACE',''
  ) );
#5058 = ORIENTED_EDGE('',*,*,#5059,.T.);
#5059 = EDGE_CURVE('',#5022,#4992,#5060,.T.);
#5060 = SURFACE_CURVE('',#5061,(#5088,#5118),.PCURVE_S1.);
#5061 = B_SPLINE_CURVE_WITH_KNOTS('',4,(#5062,#5063,#5064,#5065,#5066,
    #5067,#5068,#5069,#5070,#5071,#5072,#5073,#5074,#5075,#5076,#5077,
    #5078,#5079,#5080,#5081,#5082,#5083,#5084,#5085,#5086,#5087),
  .UNSPECIFIED.,.F.,.F.,(5,3,3,3,3,3,3,3,5),(0.,0.217029845078,
    0.348589785396,0.457269758131,0.565949752863,0.674629771792,
    0.783309817429,0.891989892651,1.),.UNSPECIFIED.);
#5062 = CARTESIAN_POINT('',(303.86331398724,-70.39999999999,
    20.579104069685));
#5063 = CARTESIAN_POINT('',(303.17738901386,-76.88919795869,
    20.580219266779));
#5064 = CARTESIAN_POINT('',(302.49145901874,-83.37839531313,
    20.581321876444));
#5065 = CARTESIAN_POINT('',(301.80552360854,-89.86759201419,
    20.582410912246));
#5066 = CARTESIAN_POINT('',(300.70377589372,-100.2904324086,
    20.584136327989));
#5067 = CARTESIAN_POINT('',(300.28796732392,-104.2240765544,
    20.584782070327));
#5068 = CARTESIAN_POINT('',(299.87215647448,-108.1577204235,
    20.585422097935));
#5069 = CARTESIAN_POINT('',(299.11284524368,-115.3408963089,
    20.586579832073));
#5070 = CARTESIAN_POINT('',(298.76934562616,-118.5904284181,
    20.587099453534));
#5071 = CARTESIAN_POINT('',(298.42584429605,-121.8399603185,
    20.5876147815));
#5072 = CARTESIAN_POINT('',(297.73883798122,-128.3390243391,
    20.588636449504));
#5073 = CARTESIAN_POINT('',(297.39533299644,-131.5885564592,
    20.589142789356));
#5074 = CARTESIAN_POINT('',(297.05182613914,-134.83808835,
    20.589644434538));
#5075 = CARTESIAN_POINT('',(296.36480842231,-141.3371523734,
    20.590637882349));
#5076 = CARTESIAN_POINT('',(296.0212975627,-144.5866845059,
    20.591129684752));
#5077 = CARTESIAN_POINT('',(295.67778464982,-147.8362163859,
    20.591616338999));
#5078 = CARTESIAN_POINT('',(294.99075442801,-154.3352804126,
    20.592578836754));
#5079 = CARTESIAN_POINT('',(294.64723711897,-157.5848125593,
    20.593054679986));
#5080 = CARTESIAN_POINT('',(294.30371755151,-160.8343444269,
    20.593524860323));
#5081 = CARTESIAN_POINT('',(293.61667357243,-167.3334084576,
    20.594453308701));
#5082 = CARTESIAN_POINT('',(293.27314916068,-170.5829406207,
    20.594911576406));
#5083 = CARTESIAN_POINT('',(292.92962225664,-173.8324724741,
    20.595363594353));
#5084 = CARTESIAN_POINT('',(292.24468091416,-180.3115035032,
    20.596251712819));
#5085 = CARTESIAN_POINT('',(291.90326650785,-183.541002683,
    20.596687893882));
#5086 = CARTESIAN_POINT('',(291.56184937609,-186.770501522,
    20.59711724002));
#5087 = CARTESIAN_POINT('',(291.22042936772,-189.9999999999,
    20.597539371777));
#5088 = PCURVE('',#4753,#5089);
#5089 = DEFINITIONAL_REPRESENTATION('',(#5090),#5117);
#5090 = B_SPLINE_CURVE_WITH_KNOTS('',4,(#5091,#5092,#5093,#5094,#5095,
    #5096,#5097,#5098,#5099,#5100,#5101,#5102,#5103,#5104,#5105,#5106,
    #5107,#5108,#5109,#5110,#5111,#5112,#5113,#5114,#5115,#5116),
  .UNSPECIFIED.,.F.,.F.,(5,3,3,3,3,3,3,3,5),(0.,0.217029845078,
    0.348589785396,0.457269758131,0.565949752863,0.674629771792,
    0.783309817429,0.891989892651,1.),.UNSPECIFIED.);
#5091 = CARTESIAN_POINT('',(0.182455613474,0.));
#5092 = CARTESIAN_POINT('',(0.179875905494,5.425750801582E-02));
#5093 = CARTESIAN_POINT('',(0.177207505324,0.108515010979));
#5094 = CARTESIAN_POINT('',(0.174443551588,0.16277250848));
#5095 = CARTESIAN_POINT('',(0.169836980337,0.249920003417));
#5096 = CARTESIAN_POINT('',(0.168060184929,0.282810004636));
#5097 = CARTESIAN_POINT('',(0.166243240461,0.315700003542));
#5098 = CARTESIAN_POINT('',(0.162848041571,0.375760002583));
#5099 = CARTESIAN_POINT('',(0.161283229267,0.402930003496));
#5100 = CARTESIAN_POINT('',(0.15968829764,0.430100002664));
#5101 = CARTESIAN_POINT('',(0.156435429823,0.484440002836));
#5102 = CARTESIAN_POINT('',(0.154777492392,0.51161000384));
#5103 = CARTESIAN_POINT('',(0.153086669146,0.538780002927));
#5104 = CARTESIAN_POINT('',(0.149636132168,0.593120003122));
#5105 = CARTESIAN_POINT('',(0.147876416946,0.62029000423));
#5106 = CARTESIAN_POINT('',(0.146080696367,0.647460003227));
#5107 = CARTESIAN_POINT('',(0.142413713927,0.70180000345));
#5108 = CARTESIAN_POINT('',(0.140542450263,0.728970004677));
#5109 = CARTESIAN_POINT('',(0.138631649846,0.75614000357));
#5110 = CARTESIAN_POINT('',(0.134726962153,0.810480003827));
#5111 = CARTESIAN_POINT('',(0.132733072681,0.837650005191));
#5112 = CARTESIAN_POINT('',(0.130695632097,0.864820003964));
#5113 = CARTESIAN_POINT('',(0.126541909263,0.918992504208));
#5114 = CARTESIAN_POINT('',(0.124426187858,0.945995005711));
#5115 = CARTESIAN_POINT('',(0.122262937026,0.972997504365));
#5116 = CARTESIAN_POINT('',(0.120049578574,1.));
#5117 = ( GEOMETRIC_REPRESENTATION_CONTEXT(2) 
PARAMETRIC_REPRESENTATION_CONTEXT() REPRESENTATION_CONTEXT('2D SPACE',''
  ) );
#5118 = PCURVE('',#1189,#5119);
#5119 = DEFINITIONAL_REPRESENTATION('',(#5120),#5147);
#5120 = B_SPLINE_CURVE_WITH_KNOTS('',4,(#5121,#5122,#5123,#5124,#5125,
    #5126,#5127,#5128,#5129,#5130,#5131,#5132,#5133,#5134,#5135,#5136,
    #5137,#5138,#5139,#5140,#5141,#5142,#5143,#5144,#5145,#5146),
  .UNSPECIFIED.,.F.,.F.,(5,3,3,3,3,3,3,3,5),(0.,0.217029845078,
    0.348589785396,0.457269758131,0.565949752863,0.674629771792,
    0.783309817429,0.891989892651,1.),.UNSPECIFIED.);
#5121 = CARTESIAN_POINT('',(4.881497521901,1.147540983606E-02));
#5122 = CARTESIAN_POINT('',(4.900815260056,6.466555703845E-02));
#5123 = CARTESIAN_POINT('',(4.92014657228,0.117855699288));
#5124 = CARTESIAN_POINT('',(4.93949252232,0.171045836182));
#5125 = CARTESIAN_POINT('',(4.970591310001,0.256478954169));
#5126 = CARTESIAN_POINT('',(4.982334051402,0.288721938971));
#5127 = CARTESIAN_POINT('',(4.994082955462,0.320964921505));
#5128 = CARTESIAN_POINT('',(5.015549353061,0.379843412369));
#5129 = CARTESIAN_POINT('',(5.025264781573,0.40647892146));
#5130 = CARTESIAN_POINT('',(5.03498484011,0.433114428841));
#5131 = CARTESIAN_POINT('',(5.054434651669,0.486385445403));
#5132 = CARTESIAN_POINT('',(5.064164404893,0.513020954584));
#5133 = CARTESIAN_POINT('',(5.073899220757,0.539656461886));
#5134 = CARTESIAN_POINT('',(5.093379468783,0.592927478471));
#5135 = CARTESIAN_POINT('',(5.103124901191,0.619562987754));
#5136 = CARTESIAN_POINT('',(5.112875885264,0.646198494966));
#5137 = CARTESIAN_POINT('',(5.132389514013,0.699469511579));
#5138 = CARTESIAN_POINT('',(5.142152158985,0.726105020979));
#5139 = CARTESIAN_POINT('',(5.151920910704,0.75274052809));
#5140 = CARTESIAN_POINT('',(5.171471262901,0.806011544735));
#5141 = CARTESIAN_POINT('',(5.181252863742,0.832647054269));
#5142 = CARTESIAN_POINT('',(5.191041204185,0.859282561263));
#5143 = CARTESIAN_POINT('',(5.210571704077,0.912389372978));
#5144 = CARTESIAN_POINT('',(5.22031377667,0.93886067773));
#5145 = CARTESIAN_POINT('',(5.230063219889,0.965331979689));
#5146 = CARTESIAN_POINT('',(5.239820442929,0.991803278688));
#5147 = ( GEOMETRIC_REPRESENTATION_CONTEXT(2) 
PARAMETRIC_REPRESENTATION_CONTEXT() REPRESENTATION_CONTEXT('2D SPACE',''
  ) );
#5148 = ADVANCED_FACE('',(#5149,#5196),#4274,.T.);
#5149 = FACE_BOUND('',#5150,.F.);
#5150 = EDGE_LOOP('',(#5151,#5171,#5193,#5194,#5195));
#5151 = ORIENTED_EDGE('',*,*,#5152,.T.);
#5152 = EDGE_CURVE('',#4992,#5153,#5155,.T.);
#5153 = VERTEX_POINT('',#5154);
#5154 = CARTESIAN_POINT('',(298.15811851497,-125.9040430173,
    20.988926438377));
#5155 = SURFACE_CURVE('',#5156,(#5159,#5165),.PCURVE_S1.);
#5156 = B_SPLINE_CURVE_WITH_KNOTS('',1,(#5157,#5158),.UNSPECIFIED.,.F.,
  .F.,(2,2),(0.,1.),.PIECEWISE_BEZIER_KNOTS.);
#5157 = CARTESIAN_POINT('',(297.79007715996,-125.8682488537,
    20.068621388775));
#5158 = CARTESIAN_POINT('',(298.17382383523,-125.9055704511,
    21.028198344499));
#5159 = PCURVE('',#4274,#5160);
#5160 = DEFINITIONAL_REPRESENTATION('',(#5161),#5164);
#5161 = B_SPLINE_CURVE_WITH_KNOTS('',1,(#5162,#5163),.UNSPECIFIED.,.F.,
  .F.,(2,2),(0.,1.),.PIECEWISE_BEZIER_KNOTS.);
#5162 = CARTESIAN_POINT('',(4.470894054975E-07,-0.800835631034));
#5163 = CARTESIAN_POINT('',(-0.385546673797,-1.760416666667));
#5164 = ( GEOMETRIC_REPRESENTATION_CONTEXT(2) 
PARAMETRIC_REPRESENTATION_CONTEXT() REPRESENTATION_CONTEXT('2D SPACE',''
  ) );
#5165 = PCURVE('',#1189,#5166);
#5166 = DEFINITIONAL_REPRESENTATION('',(#5167),#5170);
#5167 = B_SPLINE_CURVE_WITH_KNOTS('',1,(#5168,#5169),.UNSPECIFIED.,.F.,
  .F.,(2,2),(0.,1.),.PIECEWISE_BEZIER_KNOTS.);
#5168 = CARTESIAN_POINT('',(5.60747573229,0.466133187326));
#5169 = CARTESIAN_POINT('',(4.572656667782,0.466439102059));
#5170 = ( GEOMETRIC_REPRESENTATION_CONTEXT(2) 
PARAMETRIC_REPRESENTATION_CONTEXT() REPRESENTATION_CONTEXT('2D SPACE',''
  ) );
#5171 = ORIENTED_EDGE('',*,*,#5172,.F.);
#5172 = EDGE_CURVE('',#4182,#5153,#5173,.T.);
#5173 = SURFACE_CURVE('',#5174,(#5179,#5186),.PCURVE_S1.);
#5174 = CIRCLE('',#5175,1.760416666667);
#5175 = AXIS2_PLACEMENT_3D('',#5176,#5177,#5178);
#5176 = CARTESIAN_POINT('',(297.78983468682,-125.8705715297,
    19.267789162702));
#5177 = DIRECTION('',(-0.104019604147,-0.994570972053,2.916076511732E-03
    ));
#5178 = DIRECTION('',(0.20865666406,-2.468940476806E-02,-0.977677262616)
  );
#5179 = PCURVE('',#4274,#5180);
#5180 = DEFINITIONAL_REPRESENTATION('',(#5181),#5185);
#5181 = CIRCLE('',#5182,1.760416666667);
#5182 = AXIS2_PLACEMENT_2D('',#5183,#5184);
#5183 = CARTESIAN_POINT('',(0.,0.));
#5184 = DIRECTION('',(-0.210092936574,0.977681419483));
#5185 = ( GEOMETRIC_REPRESENTATION_CONTEXT(2) 
PARAMETRIC_REPRESENTATION_CONTEXT() REPRESENTATION_CONTEXT('2D SPACE',''
  ) );
#5186 = PCURVE('',#4226,#5187);
#5187 = DEFINITIONAL_REPRESENTATION('',(#5188),#5192);
#5188 = LINE('',#5189,#5190);
#5189 = CARTESIAN_POINT('',(-7.64231161705,-12.54754946701));
#5190 = VECTOR('',#5191,1.);
#5191 = DIRECTION('',(1.,-0.));
#5192 = ( GEOMETRIC_REPRESENTATION_CONTEXT(2) 
PARAMETRIC_REPRESENTATION_CONTEXT() REPRESENTATION_CONTEXT('2D SPACE',''
  ) );
#5193 = ORIENTED_EDGE('',*,*,#4260,.T.);
#5194 = ORIENTED_EDGE('',*,*,#4789,.F.);
#5195 = ORIENTED_EDGE('',*,*,#4991,.F.);
#5196 = FACE_BOUND('',#5197,.F.);
#5197 = EDGE_LOOP('',(#5198));
#5198 = ORIENTED_EDGE('',*,*,#5199,.F.);
#5199 = EDGE_CURVE('',#5200,#5200,#5202,.T.);
#5200 = VERTEX_POINT('',#5201);
#5201 = CARTESIAN_POINT('',(298.58549484742,-125.9537875668,
    19.267789162702));
#5202 = SURFACE_CURVE('',#5203,(#5208,#5219),.PCURVE_S1.);
#5203 = CIRCLE('',#5204,0.8);
#5204 = AXIS2_PLACEMENT_3D('',#5205,#5206,#5207);
#5205 = CARTESIAN_POINT('',(297.78983468682,-125.8705715297,
    19.267789162702));
#5206 = DIRECTION('',(0.104019604147,0.994570972053,-2.916076511733E-03)
  );
#5207 = DIRECTION('',(0.994575200748,-0.104020046415,5.421010862428E-20)
  );
#5208 = PCURVE('',#4274,#5209);
#5209 = DEFINITIONAL_REPRESENTATION('',(#5210),#5218);
#5210 = ( BOUNDED_CURVE() B_SPLINE_CURVE(2,(#5211,#5212,#5213,#5214,
#5215,#5216,#5217),.UNSPECIFIED.,.T.,.F.) B_SPLINE_CURVE_WITH_KNOTS((1,2
    ,2,2,2,1),(-2.094395102393,0.,2.094395102393,4.188790204786,
6.28318530718,8.377580409573),.UNSPECIFIED.) CURVE() 
GEOMETRIC_REPRESENTATION_ITEM() RATIONAL_B_SPLINE_CURVE((1.,0.5,1.,0.5,
1.,0.5,1.)) REPRESENTATION_ITEM('') );
#5211 = CARTESIAN_POINT('',(-0.8,-1.214301270244E-18));
#5212 = CARTESIAN_POINT('',(-0.8,1.385640646055));
#5213 = CARTESIAN_POINT('',(0.4,0.692820323028));
#5214 = CARTESIAN_POINT('',(1.6,1.983720904041E-16));
#5215 = CARTESIAN_POINT('',(0.4,-0.692820323028));
#5216 = CARTESIAN_POINT('',(-0.8,-1.385640646055));
#5217 = CARTESIAN_POINT('',(-0.8,-1.214301270244E-18));
#5218 = ( GEOMETRIC_REPRESENTATION_CONTEXT(2) 
PARAMETRIC_REPRESENTATION_CONTEXT() REPRESENTATION_CONTEXT('2D SPACE',''
  ) );
#5219 = PCURVE('',#5220,#5225);
#5220 = CYLINDRICAL_SURFACE('',#5221,0.8);
#5221 = AXIS2_PLACEMENT_3D('',#5222,#5223,#5224);
#5222 = CARTESIAN_POINT('',(302.37814423178,-82.,19.139160893037));
#5223 = DIRECTION('',(-0.104019604147,-0.994570972053,2.916076511733E-03
    ));
#5224 = DIRECTION('',(0.994575200748,-0.104020046415,-0.));
#5225 = DEFINITIONAL_REPRESENTATION('',(#5226),#5230);
#5226 = LINE('',#5227,#5228);
#5227 = CARTESIAN_POINT('',(-0.,44.11004620327));
#5228 = VECTOR('',#5229,1.);
#5229 = DIRECTION('',(-1.,0.));
#5230 = ( GEOMETRIC_REPRESENTATION_CONTEXT(2) 
PARAMETRIC_REPRESENTATION_CONTEXT() REPRESENTATION_CONTEXT('2D SPACE',''
  ) );
#5231 = ADVANCED_FACE('',(#5232),#5220,.F.);
#5232 = FACE_BOUND('',#5233,.T.);
#5233 = EDGE_LOOP('',(#5234,#5235,#5258,#5304));
#5234 = ORIENTED_EDGE('',*,*,#5199,.F.);
#5235 = ORIENTED_EDGE('',*,*,#5236,.F.);
#5236 = EDGE_CURVE('',#5237,#5200,#5239,.T.);
#5237 = VERTEX_POINT('',#5238);
#5238 = CARTESIAN_POINT('',(300.65846682012,-106.1333146199,
    19.20967564719));
#5239 = SEAM_CURVE('',#5240,(#5244,#5251),.PCURVE_S1.);
#5240 = LINE('',#5241,#5242);
#5241 = CARTESIAN_POINT('',(303.17380439237,-82.08321603713,
    19.139160893037));
#5242 = VECTOR('',#5243,1.);
#5243 = DIRECTION('',(-0.104019604147,-0.994570972053,2.916076511733E-03
    ));
#5244 = PCURVE('',#5220,#5245);
#5245 = DEFINITIONAL_REPRESENTATION('',(#5246),#5250);
#5246 = LINE('',#5247,#5248);
#5247 = CARTESIAN_POINT('',(-6.28318530718,-0.));
#5248 = VECTOR('',#5249,1.);
#5249 = DIRECTION('',(-0.,1.));
#5250 = ( GEOMETRIC_REPRESENTATION_CONTEXT(2) 
PARAMETRIC_REPRESENTATION_CONTEXT() REPRESENTATION_CONTEXT('2D SPACE',''
  ) );
#5251 = PCURVE('',#5220,#5252);
#5252 = DEFINITIONAL_REPRESENTATION('',(#5253),#5257);
#5253 = LINE('',#5254,#5255);
#5254 = CARTESIAN_POINT('',(-0.,-0.));
#5255 = VECTOR('',#5256,1.);
#5256 = DIRECTION('',(-0.,1.));
#5257 = ( GEOMETRIC_REPRESENTATION_CONTEXT(2) 
PARAMETRIC_REPRESENTATION_CONTEXT() REPRESENTATION_CONTEXT('2D SPACE',''
  ) );
#5258 = ORIENTED_EDGE('',*,*,#5259,.F.);
#5259 = EDGE_CURVE('',#5237,#5237,#5260,.T.);
#5260 = SURFACE_CURVE('',#5261,(#5266,#5293),.PCURVE_S1.);
#5261 = ELLIPSE('',#5262,1.429556142434,0.8);
#5262 = AXIS2_PLACEMENT_3D('',#5263,#5264,#5265);
#5263 = CARTESIAN_POINT('',(299.73956975136,-107.2284135029,
    19.213130459927));
#5264 = DIRECTION('',(0.766044443119,-0.642787609687,-2.168404344971E-19
    ));
#5265 = DIRECTION('',(-0.642783630574,-0.766039700997,3.518630731649E-03
    ));
#5266 = PCURVE('',#5220,#5267);
#5267 = DEFINITIONAL_REPRESENTATION('',(#5268),#5292);
#5268 = B_SPLINE_CURVE_WITH_KNOTS('',8,(#5269,#5270,#5271,#5272,#5273,
    #5274,#5275,#5276,#5277,#5278,#5279,#5280,#5281,#5282,#5283,#5284,
    #5285,#5286,#5287,#5288,#5289,#5290,#5291),.UNSPECIFIED.,.F.,.F.,(9,
    7,7,9),(3.143561739161,4.714358065955,7.070552556148,9.42674704634),
  .UNSPECIFIED.);
#5269 = CARTESIAN_POINT('',(-6.28318530718,24.181379970501));
#5270 = CARTESIAN_POINT('',(-6.08683576633,24.181838028676));
#5271 = CARTESIAN_POINT('',(-5.890486225481,24.234497818028));
#5272 = CARTESIAN_POINT('',(-5.694136684632,24.339326128686));
#5273 = CARTESIAN_POINT('',(-5.497787143782,24.49202179502));
#5274 = CARTESIAN_POINT('',(-5.301437602932,24.683941076096));
#5275 = CARTESIAN_POINT('',(-5.105088062084,24.903108768708));
#5276 = CARTESIAN_POINT('',(-4.908738521234,25.135835267412));
#5277 = CARTESIAN_POINT('',(-4.417864669111,25.717396563763));
#5278 = CARTESIAN_POINT('',(-4.123340357838,26.066103328074));
#5279 = CARTESIAN_POINT('',(-3.828816046568,26.368444929962));
#5280 = CARTESIAN_POINT('',(-3.534291735289,26.57839577939));
#5281 = CARTESIAN_POINT('',(-3.239767424023,26.662548137523));
#5282 = CARTESIAN_POINT('',(-2.94524311274,26.613774413949));
#5283 = CARTESIAN_POINT('',(-2.650718801466,26.449441330008));
#5284 = CARTESIAN_POINT('',(-2.061670178918,25.954998518293));
#5285 = CARTESIAN_POINT('',(-1.767145867649,25.62488699883));
#5286 = CARTESIAN_POINT('',(-1.47262155636,25.244587815832));
#5287 = CARTESIAN_POINT('',(-1.178097245115,24.862012812751));
#5288 = CARTESIAN_POINT('',(-0.883572933805,24.531750291775));
#5289 = CARTESIAN_POINT('',(-0.589048622556,24.297460127382));
#5290 = CARTESIAN_POINT('',(-0.294524311274,24.180692883239));
#5291 = CARTESIAN_POINT('',(-1.33226762955E-14,24.181379970501));
#5292 = ( GEOMETRIC_REPRESENTATION_CONTEXT(2) 
PARAMETRIC_REPRESENTATION_CONTEXT() REPRESENTATION_CONTEXT('2D SPACE',''
  ) );
#5293 = PCURVE('',#1100,#5294);
#5294 = DEFINITIONAL_REPRESENTATION('',(#5295),#5303);
#5295 = ( BOUNDED_CURVE() B_SPLINE_CURVE(2,(#5296,#5297,#5298,#5299,
#5300,#5301,#5302),.UNSPECIFIED.,.T.,.F.) B_SPLINE_CURVE_WITH_KNOTS((1,2
    ,2,2,2,1),(-2.094395102393,0.,2.094395102393,4.188790204786,
6.28318530718,8.377580409573),.UNSPECIFIED.) CURVE() 
GEOMETRIC_REPRESENTATION_ITEM() RATIONAL_B_SPLINE_CURVE((1.,0.5,1.,0.5,
1.,0.5,1.)) REPRESENTATION_ITEM('') );
#5296 = CARTESIAN_POINT('',(-4.795427074511,-2.888723748023));
#5297 = CARTESIAN_POINT('',(-4.800302632271,-1.503091679638));
#5298 = CARTESIAN_POINT('',(-2.653543914028,-2.188362593568));
#5299 = CARTESIAN_POINT('',(-0.506785195784,-2.873633507497));
#5300 = CARTESIAN_POINT('',(-2.648668356268,-3.573994661953));
#5301 = CARTESIAN_POINT('',(-4.790551516751,-4.274355816408));
#5302 = CARTESIAN_POINT('',(-4.795427074511,-2.888723748023));
#5303 = ( GEOMETRIC_REPRESENTATION_CONTEXT(2) 
PARAMETRIC_REPRESENTATION_CONTEXT() REPRESENTATION_CONTEXT('2D SPACE',''
  ) );
#5304 = ORIENTED_EDGE('',*,*,#5236,.T.);
#5305 = ADVANCED_FACE('',(#5306),#4226,.F.);
#5306 = FACE_BOUND('',#5307,.T.);
#5307 = EDGE_LOOP('',(#5308,#5331,#5332,#5333,#5388));
#5308 = ORIENTED_EDGE('',*,*,#5309,.T.);
#5309 = EDGE_CURVE('',#5310,#5153,#5312,.T.);
#5310 = VERTEX_POINT('',#5311);
#5311 = CARTESIAN_POINT('',(296.51826903567,-141.5832671793,
    21.034897835679));
#5312 = SURFACE_CURVE('',#5313,(#5319,#5325),.PCURVE_S1.);
#5313 = B_SPLINE_CURVE_WITH_KNOTS('',4,(#5314,#5315,#5316,#5317,#5318),
  .UNSPECIFIED.,.F.,.F.,(5,5),(0.125000814098,2.647159807619),
  .PIECEWISE_BEZIER_KNOTS.);
#5314 = CARTESIAN_POINT('',(296.51826903567,-141.5832671793,
    21.034897835679));
#5315 = CARTESIAN_POINT('',(296.92823140549,-137.6634611388,
    21.023404986353));
#5316 = CARTESIAN_POINT('',(297.33819377531,-133.7436550983,
    21.011912137028));
#5317 = CARTESIAN_POINT('',(297.74815614518,-129.8238490578,
    21.000419287701));
#5318 = CARTESIAN_POINT('',(298.15811851497,-125.9040430173,
    20.988926438377));
#5319 = PCURVE('',#4226,#5320);
#5320 = DEFINITIONAL_REPRESENTATION('',(#5321),#5324);
#5321 = B_SPLINE_CURVE_WITH_KNOTS('',1,(#5322,#5323),.UNSPECIFIED.,.F.,
  .F.,(2,2),(0.125000814098,2.647159807619),.PIECEWISE_BEZIER_KNOTS.);
#5322 = CARTESIAN_POINT('',(-4.924010518222,3.217262298564));
#5323 = CARTESIAN_POINT('',(-4.924010518222,-12.54754946701));
#5324 = ( GEOMETRIC_REPRESENTATION_CONTEXT(2) 
PARAMETRIC_REPRESENTATION_CONTEXT() REPRESENTATION_CONTEXT('2D SPACE',''
  ) );
#5325 = PCURVE('',#1189,#5326);
#5326 = DEFINITIONAL_REPRESENTATION('',(#5327),#5330);
#5327 = B_SPLINE_CURVE_WITH_KNOTS('',1,(#5328,#5329),.UNSPECIFIED.,.F.,
  .F.,(2,2),(0.125000814098,2.647159807619),.PIECEWISE_BEZIER_KNOTS.);
#5328 = CARTESIAN_POINT('',(4.615007952806,0.594944812945));
#5329 = CARTESIAN_POINT('',(4.615007952806,0.46642658211));
#5330 = ( GEOMETRIC_REPRESENTATION_CONTEXT(2) 
PARAMETRIC_REPRESENTATION_CONTEXT() REPRESENTATION_CONTEXT('2D SPACE',''
  ) );
#5331 = ORIENTED_EDGE('',*,*,#5172,.F.);
#5332 = ORIENTED_EDGE('',*,*,#4181,.T.);
#5333 = ORIENTED_EDGE('',*,*,#5334,.T.);
#5334 = EDGE_CURVE('',#4157,#5335,#5337,.T.);
#5335 = VERTEX_POINT('',#5336);
#5336 = CARTESIAN_POINT('',(298.11559814634,-139.6796444731,
    19.307740384343));
#5337 = SURFACE_CURVE('',#5338,(#5343,#5377),.PCURVE_S1.);
#5338 = ELLIPSE('',#5339,3.145768073845,1.760416666667);
#5339 = AXIS2_PLACEMENT_3D('',#5340,#5341,#5342);
#5340 = CARTESIAN_POINT('',(296.09354600285,-142.0894323795,
    19.315342771746));
#5341 = DIRECTION('',(0.766044443119,-0.642787609687,-2.168404344971E-19
    ));
#5342 = DIRECTION('',(-0.642783630574,-0.766039700997,3.518630731649E-03
    ));
#5343 = PCURVE('',#4226,#5344);
#5344 = DEFINITIONAL_REPRESENTATION('',(#5345),#5376);
#5345 = B_SPLINE_CURVE_WITH_KNOTS('',8,(#5346,#5347,#5348,#5349,#5350,
    #5351,#5352,#5353,#5354,#5355,#5356,#5357,#5358,#5359,#5360,#5361,
    #5362,#5363,#5364,#5365,#5366,#5367,#5368,#5369,#5370,#5371,#5372,
    #5373,#5374,#5375),.UNSPECIFIED.,.F.,.F.,(9,7,7,7,9),(3.143561739161
    ,4.714358065955,5.892455311052,7.659601178696,9.42674704634),
  .UNSPECIFIED.);
#5346 = CARTESIAN_POINT('',(-12.56637061435,1.152784348172));
#5347 = CARTESIAN_POINT('',(-12.37002107351,1.153792314728));
#5348 = CARTESIAN_POINT('',(-12.17367153266,1.26966938285));
#5349 = CARTESIAN_POINT('',(-11.97732199181,1.500355358848));
#5350 = CARTESIAN_POINT('',(-11.78097245096,1.836347524877));
#5351 = CARTESIAN_POINT('',(-11.58462291011,2.258687737458));
#5352 = CARTESIAN_POINT('',(-11.38827336926,2.740961705195));
#5353 = CARTESIAN_POINT('',(-11.19192382841,3.253083113509));
#5354 = CARTESIAN_POINT('',(-10.84831213192,4.148899537445));
#5355 = CARTESIAN_POINT('',(-10.70104997629,4.532693490745));
#5356 = CARTESIAN_POINT('',(-10.55378782065,4.903674114394));
#5357 = CARTESIAN_POINT('',(-10.40652566501,5.249157795851));
#5358 = CARTESIAN_POINT('',(-10.25926350937,5.557353606058));
#5359 = CARTESIAN_POINT('',(-10.11200135374,5.818230855097));
#5360 = CARTESIAN_POINT('',(-9.964739198105,6.024196980237));
#5361 = CARTESIAN_POINT('',(-9.596583809013,6.389751731441));
#5362 = CARTESIAN_POINT('',(-9.375690575557,6.474660241239));
#5363 = CARTESIAN_POINT('',(-9.154797342117,6.408838193176));
#5364 = CARTESIAN_POINT('',(-8.933904108648,6.189963357378));
#5365 = CARTESIAN_POINT('',(-8.713010875216,5.832276898287));
#5366 = CARTESIAN_POINT('',(-8.492117641733,5.365416205429));
#5367 = CARTESIAN_POINT('',(-8.271224408279,4.828459830157));
#5368 = CARTESIAN_POINT('',(-7.829437941368,3.698384228149));
#5369 = CARTESIAN_POINT('',(-7.608544707908,3.105264375946));
#5370 = CARTESIAN_POINT('',(-7.387651474465,2.526077918359));
#5371 = CARTESIAN_POINT('',(-7.166758240992,2.005744661186));
#5372 = CARTESIAN_POINT('',(-6.945865007549,1.585607939173));
#5373 = CARTESIAN_POINT('',(-6.724971774084,1.295897835902));
#5374 = CARTESIAN_POINT('',(-6.504078540635,1.151650385795));
#5375 = CARTESIAN_POINT('',(-6.28318530718,1.152784348172));
#5376 = ( GEOMETRIC_REPRESENTATION_CONTEXT(2) 
PARAMETRIC_REPRESENTATION_CONTEXT() REPRESENTATION_CONTEXT('2D SPACE',''
  ) );
#5377 = PCURVE('',#4170,#5378);
#5378 = DEFINITIONAL_REPRESENTATION('',(#5379),#5387);
#5379 = ( BOUNDED_CURVE() B_SPLINE_CURVE(2,(#5380,#5381,#5382,#5383,
#5384,#5385,#5386),.UNSPECIFIED.,.T.,.F.) B_SPLINE_CURVE_WITH_KNOTS((1,2
    ,2,2,2,1),(-2.094395102393,0.,2.094395102393,4.188790204786,
6.28318530718,8.377580409573),.UNSPECIFIED.) CURVE() 
GEOMETRIC_REPRESENTATION_ITEM() RATIONAL_B_SPLINE_CURVE((1.,0.5,1.,0.5,
1.,0.5,1.)) REPRESENTATION_ITEM('') );
#5380 = CARTESIAN_POINT('',(-6.330201410355,-2.79227163886));
#5381 = CARTESIAN_POINT('',(-6.34093017678,0.256840594956));
#5382 = CARTESIAN_POINT('',(-1.616942893145,-1.251112327623));
#5383 = CARTESIAN_POINT('',(3.107044390489,-2.759065250202));
#5384 = CARTESIAN_POINT('',(-1.60621412672,-4.300224561439));
#5385 = CARTESIAN_POINT('',(-6.319472643929,-5.841383872675));
#5386 = CARTESIAN_POINT('',(-6.330201410355,-2.79227163886));
#5387 = ( GEOMETRIC_REPRESENTATION_CONTEXT(2) 
PARAMETRIC_REPRESENTATION_CONTEXT() REPRESENTATION_CONTEXT('2D SPACE',''
  ) );
#5388 = ORIENTED_EDGE('',*,*,#5389,.T.);
#5389 = EDGE_CURVE('',#5335,#5310,#5390,.T.);
#5390 = SURFACE_CURVE('',#5391,(#5396,#5430),.PCURVE_S1.);
#5391 = ELLIPSE('',#5392,3.145768073845,1.760416666667);
#5392 = AXIS2_PLACEMENT_3D('',#5393,#5394,#5395);
#5393 = CARTESIAN_POINT('',(296.09354600285,-142.0894323795,
    19.315342771746));
#5394 = DIRECTION('',(0.766044443119,-0.642787609687,-2.168404344971E-19
    ));
#5395 = DIRECTION('',(-0.642783630574,-0.766039700997,3.518630731649E-03
    ));
#5396 = PCURVE('',#4226,#5397);
#5397 = DEFINITIONAL_REPRESENTATION('',(#5398),#5429);
#5398 = B_SPLINE_CURVE_WITH_KNOTS('',8,(#5399,#5400,#5401,#5402,#5403,
    #5404,#5405,#5406,#5407,#5408,#5409,#5410,#5411,#5412,#5413,#5414,
    #5415,#5416,#5417,#5418,#5419,#5420,#5421,#5422,#5423,#5424,#5425,
    #5426,#5427,#5428),.UNSPECIFIED.,.F.,.F.,(9,7,7,7,9),(3.143561739161
    ,4.714358065955,5.892455311052,7.659601178696,9.42674704634),
  .UNSPECIFIED.);
#5399 = CARTESIAN_POINT('',(-6.28318530718,1.152784348172));
#5400 = CARTESIAN_POINT('',(-6.08683576633,1.153792314728));
#5401 = CARTESIAN_POINT('',(-5.890486225481,1.26966938285));
#5402 = CARTESIAN_POINT('',(-5.694136684633,1.500355358848));
#5403 = CARTESIAN_POINT('',(-5.497787143782,1.836347524877));
#5404 = CARTESIAN_POINT('',(-5.301437602933,2.258687737458));
#5405 = CARTESIAN_POINT('',(-5.105088062083,2.740961705195));
#5406 = CARTESIAN_POINT('',(-4.908738521234,3.253083113509));
#5407 = CARTESIAN_POINT('',(-4.565126824748,4.148899537445));
#5408 = CARTESIAN_POINT('',(-4.41786466911,4.532693490745));
#5409 = CARTESIAN_POINT('',(-4.270602513474,4.903674114394));
#5410 = CARTESIAN_POINT('',(-4.123340357836,5.249157795851));
#5411 = CARTESIAN_POINT('',(-3.976078202199,5.557353606058));
#5412 = CARTESIAN_POINT('',(-3.828816046563,5.818230855097));
#5413 = CARTESIAN_POINT('',(-3.681553890926,6.024196980237));
#5414 = CARTESIAN_POINT('',(-3.313398501833,6.389751731441));
#5415 = CARTESIAN_POINT('',(-3.092505268377,6.474660241239));
#5416 = CARTESIAN_POINT('',(-2.871612034937,6.408838193176));
#5417 = CARTESIAN_POINT('',(-2.650718801469,6.189963357378));
#5418 = CARTESIAN_POINT('',(-2.429825568036,5.832276898287));
#5419 = CARTESIAN_POINT('',(-2.208932334554,5.365416205429));
#5420 = CARTESIAN_POINT('',(-1.9880391011,4.828459830157));
#5421 = CARTESIAN_POINT('',(-1.546252634189,3.698384228149));
#5422 = CARTESIAN_POINT('',(-1.325359400729,3.105264375946));
#5423 = CARTESIAN_POINT('',(-1.104466167285,2.526077918359));
#5424 = CARTESIAN_POINT('',(-0.883572933813,2.005744661186));
#5425 = CARTESIAN_POINT('',(-0.662679700369,1.585607939173));
#5426 = CARTESIAN_POINT('',(-0.441786466904,1.295897835902));
#5427 = CARTESIAN_POINT('',(-0.220893233456,1.151650385795));
#5428 = CARTESIAN_POINT('',(-1.7763568394E-15,1.152784348172));
#5429 = ( GEOMETRIC_REPRESENTATION_CONTEXT(2) 
PARAMETRIC_REPRESENTATION_CONTEXT() REPRESENTATION_CONTEXT('2D SPACE',''
  ) );
#5430 = PCURVE('',#4170,#5431);
#5431 = DEFINITIONAL_REPRESENTATION('',(#5432),#5440);
#5432 = ( BOUNDED_CURVE() B_SPLINE_CURVE(2,(#5433,#5434,#5435,#5436,
#5437,#5438,#5439),.UNSPECIFIED.,.T.,.F.) B_SPLINE_CURVE_WITH_KNOTS((1,2
    ,2,2,2,1),(-2.094395102393,0.,2.094395102393,4.188790204786,
6.28318530718,8.377580409573),.UNSPECIFIED.) CURVE() 
GEOMETRIC_REPRESENTATION_ITEM() RATIONAL_B_SPLINE_CURVE((1.,0.5,1.,0.5,
1.,0.5,1.)) REPRESENTATION_ITEM('') );
#5433 = CARTESIAN_POINT('',(-6.330201410355,-2.79227163886));
#5434 = CARTESIAN_POINT('',(-6.34093017678,0.256840594956));
#5435 = CARTESIAN_POINT('',(-1.616942893145,-1.251112327623));
#5436 = CARTESIAN_POINT('',(3.107044390489,-2.759065250202));
#5437 = CARTESIAN_POINT('',(-1.60621412672,-4.300224561439));
#5438 = CARTESIAN_POINT('',(-6.319472643929,-5.841383872675));
#5439 = CARTESIAN_POINT('',(-6.330201410355,-2.79227163886));
#5440 = ( GEOMETRIC_REPRESENTATION_CONTEXT(2) 
PARAMETRIC_REPRESENTATION_CONTEXT() REPRESENTATION_CONTEXT('2D SPACE',''
  ) );
#5441 = ADVANCED_FACE('',(#5442,#5783),#4170,.T.);
#5442 = FACE_BOUND('',#5443,.F.);
#5443 = EDGE_LOOP('',(#5444,#5445,#5446,#5466,#5533,#5782));
#5444 = ORIENTED_EDGE('',*,*,#5334,.T.);
#5445 = ORIENTED_EDGE('',*,*,#5389,.T.);
#5446 = ORIENTED_EDGE('',*,*,#5447,.F.);
#5447 = EDGE_CURVE('',#5448,#5310,#5450,.T.);
#5448 = VERTEX_POINT('',#5449);
#5449 = CARTESIAN_POINT('',(296.31292065985,-141.8279918439,
    20.590710445106));
#5450 = SURFACE_CURVE('',#5451,(#5454,#5460),.PCURVE_S1.);
#5451 = B_SPLINE_CURVE_WITH_KNOTS('',1,(#5452,#5453),.UNSPECIFIED.,.F.,
  .F.,(2,2),(0.,1.),.PIECEWISE_BEZIER_KNOTS.);
#5452 = CARTESIAN_POINT('',(296.09354548931,-142.0894329915,
    20.116181809686));
#5453 = CARTESIAN_POINT('',(296.53717045388,-141.5607413462,
    21.075783338683));
#5454 = PCURVE('',#4170,#5455);
#5455 = DEFINITIONAL_REPRESENTATION('',(#5456),#5459);
#5456 = B_SPLINE_CURVE_WITH_KNOTS('',1,(#5457,#5458),.UNSPECIFIED.,.F.,
  .F.,(2,2),(0.,1.),.PIECEWISE_BEZIER_KNOTS.);
#5457 = CARTESIAN_POINT('',(-3.184453608994,-3.58204188058));
#5458 = CARTESIAN_POINT('',(-2.494295681415,-4.541643409578));
#5459 = ( GEOMETRIC_REPRESENTATION_CONTEXT(2) 
PARAMETRIC_REPRESENTATION_CONTEXT() REPRESENTATION_CONTEXT('2D SPACE',''
  ) );
#5460 = PCURVE('',#1189,#5461);
#5461 = DEFINITIONAL_REPRESENTATION('',(#5462),#5465);
#5462 = B_SPLINE_CURVE_WITH_KNOTS('',1,(#5463,#5464),.UNSPECIFIED.,.F.,
  .F.,(2,2),(0.,1.),.PIECEWISE_BEZIER_KNOTS.);
#5463 = CARTESIAN_POINT('',(5.60747573229,0.599093713045));
#5464 = CARTESIAN_POINT('',(4.570840284852,0.594760174969));
#5465 = ( GEOMETRIC_REPRESENTATION_CONTEXT(2) 
PARAMETRIC_REPRESENTATION_CONTEXT() REPRESENTATION_CONTEXT('2D SPACE',''
  ) );
#5466 = ORIENTED_EDGE('',*,*,#5467,.T.);
#5467 = EDGE_CURVE('',#5448,#5468,#5470,.T.);
#5468 = VERTEX_POINT('',#5469);
#5469 = CARTESIAN_POINT('',(296.09354600285,-142.0894323795,
    20.605081927305));
#5470 = SURFACE_CURVE('',#5471,(#5480,#5492),.PCURVE_S1.);
#5471 = B_SPLINE_CURVE_WITH_KNOTS('',4,(#5472,#5473,#5474,#5475,#5476,
    #5477,#5478,#5479),.UNSPECIFIED.,.F.,.F.,(5,3,5),(0.,0.759600299502,
    1.),.UNSPECIFIED.);
#5472 = CARTESIAN_POINT('',(296.31485001404,-141.8256925291,
    20.590455203436));
#5473 = CARTESIAN_POINT('',(296.27295731013,-141.8756183095,
    20.596022145625));
#5474 = CARTESIAN_POINT('',(296.23096172333,-141.9256667009,
    20.600166775469));
#5475 = CARTESIAN_POINT('',(296.18890461433,-141.9757884117,
    20.602904226588));
#5476 = CARTESIAN_POINT('',(296.13350722671,-142.0418084474,
    20.604659541013));
#5477 = CARTESIAN_POINT('',(296.12018743957,-142.0576823516,
    20.604940881568));
#5478 = CARTESIAN_POINT('',(296.10686661981,-142.0735574864,
    20.605081683979));
#5479 = CARTESIAN_POINT('',(296.09354600285,-142.0894323795,
    20.605081927305));
#5480 = PCURVE('',#4170,#5481);
#5481 = DEFINITIONAL_REPRESENTATION('',(#5482),#5491);
#5482 = B_SPLINE_CURVE_WITH_KNOTS('',4,(#5483,#5484,#5485,#5486,#5487,
    #5488,#5489,#5490),.UNSPECIFIED.,.F.,.F.,(5,3,5),(0.,0.759600299502,
    1.),.UNSPECIFIED.);
#5483 = CARTESIAN_POINT('',(-2.840164886882,-4.056315274331));
#5484 = CARTESIAN_POINT('',(-2.90533836452,-4.061882216519));
#5485 = CARTESIAN_POINT('',(-2.970671899533,-4.066026846364));
#5486 = CARTESIAN_POINT('',(-3.036101146094,-4.068764297483));
#5487 = CARTESIAN_POINT('',(-3.122284181949,-4.070519611908));
#5488 = CARTESIAN_POINT('',(-3.143006092184,-4.070800952462));
#5489 = CARTESIAN_POINT('',(-3.163729608869,-4.070941754874));
#5490 = CARTESIAN_POINT('',(-3.184452810073,-4.0709419982));
#5491 = ( GEOMETRIC_REPRESENTATION_CONTEXT(2) 
PARAMETRIC_REPRESENTATION_CONTEXT() REPRESENTATION_CONTEXT('2D SPACE',''
  ) );
#5492 = PCURVE('',#5493,#5522);
#5493 = B_SPLINE_SURFACE_WITH_KNOTS('',13,1,(
    (#5494,#5495)
    ,(#5496,#5497)
    ,(#5498,#5499)
    ,(#5500,#5501)
    ,(#5502,#5503)
    ,(#5504,#5505)
    ,(#5506,#5507)
    ,(#5508,#5509)
    ,(#5510,#5511)
    ,(#5512,#5513)
    ,(#5514,#5515)
    ,(#5516,#5517)
    ,(#5518,#5519)
    ,(#5520,#5521
    )),.UNSPECIFIED.,.T.,.F.,.F.,(14,14),(2,2),(0.,6.28318530718),(0.,1.
    ),.PIECEWISE_BEZIER_KNOTS.);
#5494 = CARTESIAN_POINT('',(303.59135821248,-70.4,20.603983091432));
#5495 = CARTESIAN_POINT('',(291.08270372175,-190.,20.605816287289));
#5496 = CARTESIAN_POINT('',(304.31577725692,-70.39999999999,
    20.60398309143));
#5497 = CARTESIAN_POINT('',(291.63852396047,-189.9999999999,
    20.605816287288));
#5498 = CARTESIAN_POINT('',(305.04019659114,-70.40000000002,
    20.224676085388));
#5499 = CARTESIAN_POINT('',(292.19434442136,-190.0000000001,
    20.314787893904));
#5500 = CARTESIAN_POINT('',(305.54795412984,-70.39999999992,
    19.466084655182));
#5501 = CARTESIAN_POINT('',(292.58392821112,-189.9999999996,
    19.732748433391));
#5502 = CARTESIAN_POINT('',(305.62241466433,-70.40000000014,
    18.464216879548));
#5503 = CARTESIAN_POINT('',(292.64105905491,-190.0000000007,
    18.964051930342));
#5504 = CARTESIAN_POINT('',(305.14185434545,-70.39999999979,
    17.491773718957));
#5505 = CARTESIAN_POINT('',(292.27234269965,-189.9999999989,
    18.217931858281));
#5506 = CARTESIAN_POINT('',(304.17507536609,-70.40000000021,
    16.881330772054));
#5507 = CARTESIAN_POINT('',(291.5305685439,-190.0000000012,
    17.749561310786));
#5508 = CARTESIAN_POINT('',(303.00764105896,-70.39999999982,
    16.881330771919));
#5509 = CARTESIAN_POINT('',(290.63483889976,-189.9999999987,
    17.749561310676));
#5510 = CARTESIAN_POINT('',(302.04086207931,-70.40000000011,
    17.491773719065));
#5511 = CARTESIAN_POINT('',(289.89306474344,-190.0000000009,
    18.217931858368));
#5512 = CARTESIAN_POINT('',(301.56030176083,-70.39999999994,
    18.46421687948));
#5513 = CARTESIAN_POINT('',(289.52434838897,-189.9999999994,
    18.964051930288));
#5514 = CARTESIAN_POINT('',(301.63476229501,-70.40000000002,
    19.466084655215));
#5515 = CARTESIAN_POINT('',(289.58147923213,-190.0000000002,
    19.732748433416));
#5516 = CARTESIAN_POINT('',(302.14251983387,-70.39999999999,
    20.224676085376));
#5517 = CARTESIAN_POINT('',(289.97106302223,-189.9999999999,
    20.314787893895));
#5518 = CARTESIAN_POINT('',(302.86693916803,-70.4,20.603983091433));
#5519 = CARTESIAN_POINT('',(290.52688348299,-190.,20.60581628729));
#5520 = CARTESIAN_POINT('',(303.59135821248,-70.4,20.603983091432));
#5521 = CARTESIAN_POINT('',(291.08270372175,-190.,20.605816287289));
#5522 = DEFINITIONAL_REPRESENTATION('',(#5523),#5532);
#5523 = B_SPLINE_CURVE_WITH_KNOTS('',4,(#5524,#5525,#5526,#5527,#5528,
    #5529,#5530,#5531),.UNSPECIFIED.,.F.,.F.,(5,3,5),(0.,0.759600299502,
    1.),.UNSPECIFIED.);
#5524 = CARTESIAN_POINT('',(0.150681040553,0.597204787033));
#5525 = CARTESIAN_POINT('',(0.121956496191,0.597622226668));
#5526 = CARTESIAN_POINT('',(9.331973283912E-02,0.59804069148));
#5527 = CARTESIAN_POINT('',(6.473391748756E-02,0.598459769329));
#5528 = CARTESIAN_POINT('',(2.712141573425E-02,0.599011776316));
#5529 = CARTESIAN_POINT('',(1.808091755433E-02,0.599144501268));
#5530 = CARTESIAN_POINT('',(9.040822655496E-03,0.599277236508));
#5531 = CARTESIAN_POINT('',(0.,0.599409969729));
#5532 = ( GEOMETRIC_REPRESENTATION_CONTEXT(2) 
PARAMETRIC_REPRESENTATION_CONTEXT() REPRESENTATION_CONTEXT('2D SPACE',''
  ) );
#5533 = ORIENTED_EDGE('',*,*,#5534,.T.);
#5534 = EDGE_CURVE('',#5468,#4036,#5535,.T.);
#5535 = SURFACE_CURVE('',#5536,(#5616,#5699),.PCURVE_S1.);
#5536 = B_SPLINE_CURVE_WITH_KNOTS('',8,(#5537,#5538,#5539,#5540,#5541,
    #5542,#5543,#5544,#5545,#5546,#5547,#5548,#5549,#5550,#5551,#5552,
    #5553,#5554,#5555,#5556,#5557,#5558,#5559,#5560,#5561,#5562,#5563,
    #5564,#5565,#5566,#5567,#5568,#5569,#5570,#5571,#5572,#5573,#5574,
    #5575,#5576,#5577,#5578,#5579,#5580,#5581,#5582,#5583,#5584,#5585,
    #5586,#5587,#5588,#5589,#5590,#5591,#5592,#5593,#5594,#5595,#5596,
    #5597,#5598,#5599,#5600,#5601,#5602,#5603,#5604,#5605,#5606,#5607,
    #5608,#5609,#5610,#5611,#5612,#5613,#5614,#5615),.UNSPECIFIED.,.F.,
  .F.,(9,7,7,7,7,7,7,7,7,7,7,9),(0.,0.265054551717,0.340092252374,
    0.392570290395,0.419358825682,0.472532401764,0.525234860333,
    0.5520310808,0.604528354253,0.678591787274,0.94708506303,1.),
  .UNSPECIFIED.);
#5537 = CARTESIAN_POINT('',(296.09354600285,-142.0894323795,
    20.605081927305));
#5538 = CARTESIAN_POINT('',(295.95828629187,-142.250628626,
    20.605084398077));
#5539 = CARTESIAN_POINT('',(295.82337973306,-142.4114040021,
    20.592663862281));
#5540 = CARTESIAN_POINT('',(295.68914809946,-142.5713750337,
    20.567921333414));
#5541 = CARTESIAN_POINT('',(295.55624022571,-142.7297684697,
    20.530429324555));
#5542 = CARTESIAN_POINT('',(295.42559907463,-142.8854605308,
    20.479593815526));
#5543 = CARTESIAN_POINT('',(295.29861950954,-143.0367888837,
    20.414438845963));
#5544 = CARTESIAN_POINT('',(295.17701032241,-143.1817170694,
    20.333979437693));
#5545 = CARTESIAN_POINT('',(295.03121717069,-143.3554665817,
    20.208288850394));
#5546 = CARTESIAN_POINT('',(294.9997168922,-143.3930071518,
    20.179177665888));
#5547 = CARTESIAN_POINT('',(294.96895052116,-143.429673085,
    20.148649511181));
#5548 = CARTESIAN_POINT('',(294.93899856244,-143.4653684394,
    20.116668769595));
#5549 = CARTESIAN_POINT('',(294.90995504722,-143.499981153,
    20.083203787116));
#5550 = CARTESIAN_POINT('',(294.88192704816,-143.5333836216,
    20.048228388708));
#5551 = CARTESIAN_POINT('',(294.85503419466,-143.5654332764,
    20.011723394617));
#5552 = CARTESIAN_POINT('',(294.81148649616,-143.6173314025,
    19.947070971545));
#5553 = CARTESIAN_POINT('',(294.79418630635,-143.6379489658,
    19.919713160519));
#5554 = CARTESIAN_POINT('',(294.77755313846,-143.6577716034,
    19.891602771232));
#5555 = CARTESIAN_POINT('',(294.7616372895,-143.6767393736,
    19.862742634946));
#5556 = CARTESIAN_POINT('',(294.74649274066,-143.6947879441,
    19.833141372346));
#5557 = CARTESIAN_POINT('',(294.73217606421,-143.7118498947,
    19.802814419342));
#5558 = CARTESIAN_POINT('',(294.71874533048,-143.7278560199,
    19.771785052864));
#5559 = CARTESIAN_POINT('',(294.69988510825,-143.7503327575,
    19.723903660345));
#5560 = CARTESIAN_POINT('',(294.69375739935,-143.7576354766,
    19.707547548505));
#5561 = CARTESIAN_POINT('',(294.68788370318,-143.7646354751,
    19.691021613646));
#5562 = CARTESIAN_POINT('',(294.68227184158,-143.7713234313,
    19.674331060109));
#5563 = CARTESIAN_POINT('',(294.67692956078,-143.7776901136,
    19.657481805197));
#5564 = CARTESIAN_POINT('',(294.67186444897,-143.7837264788,
    19.640480520308));
#5565 = CARTESIAN_POINT('',(294.66708385394,-143.7894237701,
    19.623334672066));
#5566 = CARTESIAN_POINT('',(294.65368430923,-143.8053927257,
    19.571748652937));
#5567 = CARTESIAN_POINT('',(294.64592117479,-143.8146444691,
    19.536902665893));
#5568 = CARTESIAN_POINT('',(294.63936231075,-143.8224610188,
    19.501585356907));
#5569 = CARTESIAN_POINT('',(294.63405715778,-143.8287834539,
    19.465875514601));
#5570 = CARTESIAN_POINT('',(294.63004566959,-143.8335641594,
    19.429859883276));
#5571 = CARTESIAN_POINT('',(294.62735629869,-143.8367692268,
    19.393633084569));
#5572 = CARTESIAN_POINT('',(294.62600398214,-143.8383808549,
    19.35729753909));
#5573 = CARTESIAN_POINT('',(294.62597241295,-143.8384184776,
    19.284951157397));
#5574 = CARTESIAN_POINT('',(294.62726957863,-143.8368725758,
    19.248932192307));
#5575 = CARTESIAN_POINT('',(294.62987969808,-143.8337619565,
    19.213013549347));
#5576 = CARTESIAN_POINT('',(294.63378788901,-143.829104356,19.1772948454
    ));
#5577 = CARTESIAN_POINT('',(294.63896626587,-143.8229330067,
    19.141868177647));
#5578 = CARTESIAN_POINT('',(294.64537589272,-143.8152943109,
    19.106818043523));
#5579 = CARTESIAN_POINT('',(294.65296873605,-143.8062455126,
    19.072221260663));
#5580 = CARTESIAN_POINT('',(294.66612369275,-143.7905680457,
    19.020821994301));
#5581 = CARTESIAN_POINT('',(294.6708497003,-143.7849358092,
    19.003630868353));
#5582 = CARTESIAN_POINT('',(294.67586063012,-143.7789640156,
    18.986581857801));
#5583 = CARTESIAN_POINT('',(294.68114914878,-143.7726614045,
    18.96968247798));
#5584 = CARTESIAN_POINT('',(294.68670768194,-143.7660370026,
    18.952939451232));
#5585 = CARTESIAN_POINT('',(294.69252849689,-143.7591000255,
    18.936358747359));
#5586 = CARTESIAN_POINT('',(294.69860378496,-143.7518597791,
    18.919945624078));
#5587 = CARTESIAN_POINT('',(294.71731128244,-143.7295650518,
    18.871886525765));
#5588 = CARTESIAN_POINT('',(294.73064320753,-143.7136766822,
    18.840730368633));
#5589 = CARTESIAN_POINT('',(294.74486312277,-143.6967300471,
    18.810268745187));
#5590 = CARTESIAN_POINT('',(294.75991302808,-143.6787942684,
    18.780525354214));
#5591 = CARTESIAN_POINT('',(294.77573641235,-143.6599366933,
    18.751516057741));
#5592 = CARTESIAN_POINT('',(294.79227934596,-143.6402215927,
    18.723249894595));
#5593 = CARTESIAN_POINT('',(294.80949157322,-143.6197088591,
    18.695730093969));
#5594 = CARTESIAN_POINT('',(294.85249077345,-143.5684644077,
    18.631180769313));
#5595 = CARTESIAN_POINT('',(294.87889190527,-143.537000764,
    18.594894112875));
#5596 = CARTESIAN_POINT('',(294.90640447634,-143.5042125586,
    18.560086081035));
#5597 = CARTESIAN_POINT('',(294.93491340491,-143.4702369406,
    18.526739416716));
#5598 = CARTESIAN_POINT('',(294.96431551853,-143.435196866,
    18.494830069654));
#5599 = CARTESIAN_POINT('',(294.99452002111,-143.3992005416,
    18.464328621669));
#5600 = CARTESIAN_POINT('',(295.02544896005,-143.3623408675,
    18.435201711924));
#5601 = CARTESIAN_POINT('',(295.1715525367,-143.1882214051,
    18.306676055186));
#5602 = CARTESIAN_POINT('',(295.29437866035,-143.041842931,
    18.223845407236));
#5603 = CARTESIAN_POINT('',(295.42277962101,-142.8888206248,
    18.156649401924));
#5604 = CARTESIAN_POINT('',(295.55498259738,-142.7312672528,
    18.104096399949));
#5605 = CARTESIAN_POINT('',(295.68953594814,-142.5709128136,
    18.065186489489));
#5606 = CARTESIAN_POINT('',(295.82546568198,-142.408918065,
    18.039322900904));
#5607 = CARTESIAN_POINT('',(295.96210235049,-142.2460808244,
    18.026075322719));
#5608 = CARTESIAN_POINT('',(296.1261233689,-142.0506081865,
    18.025475213124));
#5609 = CARTESIAN_POINT('',(296.15312786201,-142.0184254848,
    18.025871514455));
#5610 = CARTESIAN_POINT('',(296.18012750566,-141.9862485624,
    18.026762986107));
#5611 = CARTESIAN_POINT('',(296.20711642,-141.9540844268,18.028150165032
    ));
#5612 = CARTESIAN_POINT('',(296.23408864065,-141.921940186,
    18.030034054992));
#5613 = CARTESIAN_POINT('',(296.26103811872,-141.8898230487,
    18.032416126564));
#5614 = CARTESIAN_POINT('',(296.28795872082,-141.8577403244,
    18.035298317131));
#5615 = CARTESIAN_POINT('',(296.31484422903,-141.8256994234,
    18.038683030891));
#5616 = PCURVE('',#4170,#5617);
#5617 = DEFINITIONAL_REPRESENTATION('',(#5618),#5698);
#5618 = B_SPLINE_CURVE_WITH_KNOTS('',8,(#5619,#5620,#5621,#5622,#5623,
    #5624,#5625,#5626,#5627,#5628,#5629,#5630,#5631,#5632,#5633,#5634,
    #5635,#5636,#5637,#5638,#5639,#5640,#5641,#5642,#5643,#5644,#5645,
    #5646,#5647,#5648,#5649,#5650,#5651,#5652,#5653,#5654,#5655,#5656,
    #5657,#5658,#5659,#5660,#5661,#5662,#5663,#5664,#5665,#5666,#5667,
    #5668,#5669,#5670,#5671,#5672,#5673,#5674,#5675,#5676,#5677,#5678,
    #5679,#5680,#5681,#5682,#5683,#5684,#5685,#5686,#5687,#5688,#5689,
    #5690,#5691,#5692,#5693,#5694,#5695,#5696,#5697),.UNSPECIFIED.,.F.,
  .F.,(9,7,7,7,7,7,7,7,7,7,7,9),(0.,0.265054551717,0.340092252374,
    0.392570290395,0.419358825682,0.472532401764,0.525234860333,
    0.5520310808,0.604528354253,0.678591787274,0.94708506303,1.),
  .UNSPECIFIED.);
#5619 = CARTESIAN_POINT('',(-3.184452810073,-4.0709419982));
#5620 = CARTESIAN_POINT('',(-3.394879565259,-4.070944468972));
#5621 = CARTESIAN_POINT('',(-3.604756913199,-4.058523933175));
#5622 = CARTESIAN_POINT('',(-3.813584263897,-4.033781404309));
#5623 = CARTESIAN_POINT('',(-4.020352209871,-3.99628939545));
#5624 = CARTESIAN_POINT('',(-4.223593761377,-3.945453886421));
#5625 = CARTESIAN_POINT('',(-4.421138896312,-3.880298916857));
#5626 = CARTESIAN_POINT('',(-4.610329206288,-3.799839508588));
#5627 = CARTESIAN_POINT('',(-4.837143086214,-3.674148921288));
#5628 = CARTESIAN_POINT('',(-4.886148820015,-3.645037736782));
#5629 = CARTESIAN_POINT('',(-4.934012796512,-3.614509582076));
#5630 = CARTESIAN_POINT('',(-4.980609772352,-3.582528840489));
#5631 = CARTESIAN_POINT('',(-5.025793461003,-3.549063858011));
#5632 = CARTESIAN_POINT('',(-5.069397286953,-3.514088459603));
#5633 = CARTESIAN_POINT('',(-5.111235139913,-3.477583465512));
#5634 = CARTESIAN_POINT('',(-5.178983332082,-3.41293104244));
#5635 = CARTESIAN_POINT('',(-5.205897649566,-3.385573231414));
#5636 = CARTESIAN_POINT('',(-5.231774265179,-3.357462842127));
#5637 = CARTESIAN_POINT('',(-5.256534930629,-3.328602705841));
#5638 = CARTESIAN_POINT('',(-5.280095666107,-3.299001443241));
#5639 = CARTESIAN_POINT('',(-5.302368460774,-3.268674490237));
#5640 = CARTESIAN_POINT('',(-5.323262973251,-3.237645123759));
#5641 = CARTESIAN_POINT('',(-5.352604270353,-3.189763731239));
#5642 = CARTESIAN_POINT('',(-5.362137293095,-3.173407619399));
#5643 = CARTESIAN_POINT('',(-5.371275142189,-3.156881684541));
#5644 = CARTESIAN_POINT('',(-5.380005648989,-3.140191131004));
#5645 = CARTESIAN_POINT('',(-5.38831676252,-3.123341876092));
#5646 = CARTESIAN_POINT('',(-5.396196677644,-3.106340591203));
#5647 = CARTESIAN_POINT('',(-5.403633963235,-3.08919474296));
#5648 = CARTESIAN_POINT('',(-5.424479954221,-3.037608723832));
#5649 = CARTESIAN_POINT('',(-5.43655724744,-3.002762736788));
#5650 = CARTESIAN_POINT('',(-5.4467610285,-2.967445427802));
#5651 = CARTESIAN_POINT('',(-5.455014381376,-2.931735585495));
#5652 = CARTESIAN_POINT('',(-5.461255149129,-2.895719954171));
#5653 = CARTESIAN_POINT('',(-5.465439067518,-2.859493155463));
#5654 = CARTESIAN_POINT('',(-5.467542898601,-2.823157609985));
#5655 = CARTESIAN_POINT('',(-5.467592011548,-2.750811228292));
#5656 = CARTESIAN_POINT('',(-5.465573979993,-2.714792263202));
#5657 = CARTESIAN_POINT('',(-5.461513354962,-2.678873620242));
#5658 = CARTESIAN_POINT('',(-5.455433289218,-2.643154916295));
#5659 = CARTESIAN_POINT('',(-5.447377164953,-2.607728248542));
#5660 = CARTESIAN_POINT('',(-5.437405555735,-2.572678114417));
#5661 = CARTESIAN_POINT('',(-5.425593188461,-2.538081331558));
#5662 = CARTESIAN_POINT('',(-5.405127708884,-2.486682065196));
#5663 = CARTESIAN_POINT('',(-5.397775346333,-2.469490939247));
#5664 = CARTESIAN_POINT('',(-5.389979723409,-2.452441928695));
#5665 = CARTESIAN_POINT('',(-5.381752248929,-2.435542548874));
#5666 = CARTESIAN_POINT('',(-5.373104706446,-2.418799522126));
#5667 = CARTESIAN_POINT('',(-5.364049125944,-2.402218818254));
#5668 = CARTESIAN_POINT('',(-5.354597655524,-2.385805694973));
#5669 = CARTESIAN_POINT('',(-5.325493955959,-2.33774659666));
#5670 = CARTESIAN_POINT('',(-5.30475316244,-2.306590439528));
#5671 = CARTESIAN_POINT('',(-5.282630901483,-2.276128816082));
#5672 = CARTESIAN_POINT('',(-5.259217405201,-2.246385425109));
#5673 = CARTESIAN_POINT('',(-5.234600589265,-2.217376128635));
#5674 = CARTESIAN_POINT('',(-5.208864353291,-2.18910996549));
#5675 = CARTESIAN_POINT('',(-5.182086881224,-2.161590164864));
#5676 = CARTESIAN_POINT('',(-5.115192000888,-2.097040840208));
#5677 = CARTESIAN_POINT('',(-5.074119131069,-2.060754183769));
#5678 = CARTESIAN_POINT('',(-5.031317168707,-2.02594615193));
#5679 = CARTESIAN_POINT('',(-4.986965149252,-1.99259948761));
#5680 = CARTESIAN_POINT('',(-4.941223580542,-1.960690140549));
#5681 = CARTESIAN_POINT('',(-4.89423371619,-1.930188692563));
#5682 = CARTESIAN_POINT('',(-4.846116828955,-1.901061782818));
#5683 = CARTESIAN_POINT('',(-4.618820013559,-1.772536126081));
#5684 = CARTESIAN_POINT('',(-4.427736486449,-1.689705478131));
#5685 = CARTESIAN_POINT('',(-4.227980052545,-1.622509472819));
#5686 = CARTESIAN_POINT('',(-4.022308732229,-1.569956470844));
#5687 = CARTESIAN_POINT('',(-3.812980878468,-1.531046560384));
#5688 = CARTESIAN_POINT('',(-3.601511752759,-1.505182971798));
#5689 = CARTESIAN_POINT('',(-3.388942831927,-1.491935393614));
#5690 = CARTESIAN_POINT('',(-3.133771425489,-1.491335284018));
#5691 = CARTESIAN_POINT('',(-3.091759892123,-1.49173158535));
#5692 = CARTESIAN_POINT('',(-3.049755903174,-1.492623057001));
#5693 = CARTESIAN_POINT('',(-3.007768606077,-1.494010235926));
#5694 = CARTESIAN_POINT('',(-2.96580727975,-1.495894125887));
#5695 = CARTESIAN_POINT('',(-2.923881334589,-1.498276197458));
#5696 = CARTESIAN_POINT('',(-2.882000312471,-1.501158388026));
#5697 = CARTESIAN_POINT('',(-2.840173886755,-1.504543101786));
#5698 = ( GEOMETRIC_REPRESENTATION_CONTEXT(2) 
PARAMETRIC_REPRESENTATION_CONTEXT() REPRESENTATION_CONTEXT('2D SPACE',''
  ) );
#5699 = PCURVE('',#4097,#5700);
#5700 = DEFINITIONAL_REPRESENTATION('',(#5701),#5781);
#5701 = B_SPLINE_CURVE_WITH_KNOTS('',8,(#5702,#5703,#5704,#5705,#5706,
    #5707,#5708,#5709,#5710,#5711,#5712,#5713,#5714,#5715,#5716,#5717,
    #5718,#5719,#5720,#5721,#5722,#5723,#5724,#5725,#5726,#5727,#5728,
    #5729,#5730,#5731,#5732,#5733,#5734,#5735,#5736,#5737,#5738,#5739,
    #5740,#5741,#5742,#5743,#5744,#5745,#5746,#5747,#5748,#5749,#5750,
    #5751,#5752,#5753,#5754,#5755,#5756,#5757,#5758,#5759,#5760,#5761,
    #5762,#5763,#5764,#5765,#5766,#5767,#5768,#5769,#5770,#5771,#5772,
    #5773,#5774,#5775,#5776,#5777,#5778,#5779,#5780),.UNSPECIFIED.,.F.,
  .F.,(9,7,7,7,7,7,7,7,7,7,7,9),(0.,0.265054551717,0.340092252374,
    0.392570290395,0.419358825682,0.472532401764,0.525234860333,
    0.5520310808,0.604528354253,0.678591787274,0.94708506303,1.),
  .UNSPECIFIED.);
#5702 = CARTESIAN_POINT('',(6.28318530718,0.599409969729));
#5703 = CARTESIAN_POINT('',(6.191383323655,0.600757764432));
#5704 = CARTESIAN_POINT('',(6.099743514438,0.602102040152));
#5705 = CARTESIAN_POINT('',(6.007313763199,0.603439590583));
#5706 = CARTESIAN_POINT('',(5.913345894144,0.604763950416));
#5707 = CARTESIAN_POINT('',(5.817183158978,0.606065723502));
#5708 = CARTESIAN_POINT('',(5.718000789932,0.607331010734));
#5709 = CARTESIAN_POINT('',(5.614967748092,0.608542784861));
#5710 = CARTESIAN_POINT('',(5.475419809745,0.609995539981));
#5711 = CARTESIAN_POINT('',(5.444197402888,0.610309424346));
#5712 = CARTESIAN_POINT('',(5.412509618714,0.610615995694));
#5713 = CARTESIAN_POINT('',(5.380326624308,0.610914451835));
#5714 = CARTESIAN_POINT('',(5.347620997901,0.611203855795));
#5715 = CARTESIAN_POINT('',(5.314367249535,0.611483140649));
#5716 = CARTESIAN_POINT('',(5.280541341727,0.611751114351));
#5717 = CARTESIAN_POINT('',(5.222047598154,0.612185045172));
#5718 = CARTESIAN_POINT('',(5.19768628667,0.612357432825));
#5719 = CARTESIAN_POINT('',(5.173029843687,0.612523173942));
#5720 = CARTESIAN_POINT('',(5.148074353111,0.612681767338));
#5721 = CARTESIAN_POINT('',(5.122818773329,0.612832675118));
#5722 = CARTESIAN_POINT('',(5.097265295789,0.612975333568));
#5723 = CARTESIAN_POINT('',(5.071419703583,0.613109164046));
#5724 = CARTESIAN_POINT('',(5.031954147898,0.613297096635));
#5725 = CARTESIAN_POINT('',(5.018543237142,0.613358156159));
#5726 = CARTESIAN_POINT('',(5.005060511556,0.613416684575));
#5727 = CARTESIAN_POINT('',(4.99150780783,0.613472603941));
#5728 = CARTESIAN_POINT('',(4.977887313624,0.613525837071));
#5729 = CARTESIAN_POINT('',(4.964201595645,0.613576308352));
#5730 = CARTESIAN_POINT('',(4.950453627732,0.613623944567));
#5731 = CARTESIAN_POINT('',(4.909241162361,0.613757464262));
#5732 = CARTESIAN_POINT('',(4.881599446565,0.613834819976));
#5733 = CARTESIAN_POINT('',(4.853753327035,0.613900175743));
#5734 = CARTESIAN_POINT('',(4.825736770236,0.613953038913));
#5735 = CARTESIAN_POINT('',(4.797586876551,0.613993011367));
#5736 = CARTESIAN_POINT('',(4.769344703233,0.614019809589));
#5737 = CARTESIAN_POINT('',(4.741056087346,0.614033284741));
#5738 = CARTESIAN_POINT('',(4.684739442747,0.614033599312));
#5739 = CARTESIAN_POINT('',(4.656705153482,0.614020673711));
#5740 = CARTESIAN_POINT('',(4.628719547786,0.613994665189));
#5741 = CARTESIAN_POINT('',(4.600827119876,0.61395572204));
#5742 = CARTESIAN_POINT('',(4.573067699943,0.61390412213));
#5743 = CARTESIAN_POINT('',(4.545477242757,0.613840253436));
#5744 = CARTESIAN_POINT('',(4.518088616292,0.613764594587));
#5745 = CARTESIAN_POINT('',(4.477124984805,0.613633512088));
#5746 = CARTESIAN_POINT('',(4.463376619564,0.61358641981));
#5747 = CARTESIAN_POINT('',(4.44969068948,0.613536488425));
#5748 = CARTESIAN_POINT('',(4.436070154292,0.613483791008));
#5749 = CARTESIAN_POINT('',(4.422517566668,0.613428403032));
#5750 = CARTESIAN_POINT('',(4.409035100274,0.613370401551));
#5751 = CARTESIAN_POINT('',(4.395624577837,0.613309864374));
#5752 = CARTESIAN_POINT('',(4.356158431307,0.613123453611));
#5753 = CARTESIAN_POINT('',(4.33031223638,0.612990607711));
#5754 = CARTESIAN_POINT('',(4.304758543566,0.612848913438));
#5755 = CARTESIAN_POINT('',(4.279503045894,0.612698948733));
#5756 = CARTESIAN_POINT('',(4.254547856871,0.6125412767));
#5757 = CARTESIAN_POINT('',(4.229891867066,0.612376434722));
#5758 = CARTESIAN_POINT('',(4.205531100698,0.612204923571));
#5759 = CARTESIAN_POINT('',(4.14749812622,0.611776458259));
#5760 = CARTESIAN_POINT('',(4.114116559995,0.611513384315));
#5761 = CARTESIAN_POINT('',(4.081292234164,0.61123923544));
#5762 = CARTESIAN_POINT('',(4.049002048309,0.610955158366));
#5763 = CARTESIAN_POINT('',(4.017221494849,0.610662181155));
#5764 = CARTESIAN_POINT('',(3.985924212891,0.610361208542));
#5765 = CARTESIAN_POINT('',(3.955081542103,0.610053017287));
#5766 = CARTESIAN_POINT('',(3.814386038663,0.608597168939));
#5767 = CARTESIAN_POINT('',(3.710015905918,0.607373268654));
#5768 = CARTESIAN_POINT('',(3.609586486644,0.606093817934));
#5769 = CARTESIAN_POINT('',(3.512244960877,0.604776482047));
#5770 = CARTESIAN_POINT('',(3.417134695851,0.603435725867));
#5771 = CARTESIAN_POINT('',(3.323579220567,0.602081254724));
#5772 = CARTESIAN_POINT('',(3.230802563707,0.600719739335));
#5773 = CARTESIAN_POINT('',(3.119482569107,0.59908535273));
#5774 = CARTESIAN_POINT('',(3.101156343358,0.598816266595));
#5775 = CARTESIAN_POINT('',(3.082825673491,0.598547228783));
#5776 = CARTESIAN_POINT('',(3.064485169183,0.598278297884));
#5777 = CARTESIAN_POINT('',(3.046129399399,0.598009533328));
#5778 = CARTESIAN_POINT('',(3.027752892395,0.59774099539));
#5779 = CARTESIAN_POINT('',(3.009350135716,0.597472745188));
#5780 = CARTESIAN_POINT('',(2.990915576194,0.597204844678));
#5781 = ( GEOMETRIC_REPRESENTATION_CONTEXT(2) 
PARAMETRIC_REPRESENTATION_CONTEXT() REPRESENTATION_CONTEXT('2D SPACE',''
  ) );
#5782 = ORIENTED_EDGE('',*,*,#4156,.F.);
#5783 = FACE_BOUND('',#5784,.F.);
#5784 = EDGE_LOOP('',(#5785));
#5785 = ORIENTED_EDGE('',*,*,#5786,.F.);
#5786 = EDGE_CURVE('',#5787,#5787,#5789,.T.);
#5787 = VERTEX_POINT('',#5788);
#5788 = CARTESIAN_POINT('',(297.01244307161,-140.9943334966,
    19.311887959009));
#5789 = SURFACE_CURVE('',#5790,(#5795,#5806),.PCURVE_S1.);
#5790 = ELLIPSE('',#5791,1.429556142434,0.8);
#5791 = AXIS2_PLACEMENT_3D('',#5792,#5793,#5794);
#5792 = CARTESIAN_POINT('',(296.09354600285,-142.0894323795,
    19.315342771746));
#5793 = DIRECTION('',(0.766044443119,-0.642787609687,0.));
#5794 = DIRECTION('',(-0.642783630574,-0.766039700997,3.518630731649E-03
    ));
#5795 = PCURVE('',#4170,#5796);
#5796 = DEFINITIONAL_REPRESENTATION('',(#5797),#5805);
#5797 = ( BOUNDED_CURVE() B_SPLINE_CURVE(2,(#5798,#5799,#5800,#5801,
#5802,#5803,#5804),.UNSPECIFIED.,.T.,.F.) B_SPLINE_CURVE_WITH_KNOTS((1,2
    ,2,2,2,1),(-2.094395102393,0.,2.094395102393,4.188790204786,
6.28318530718,8.377580409573),.UNSPECIFIED.) CURVE() 
GEOMETRIC_REPRESENTATION_ITEM() RATIONAL_B_SPLINE_CURVE((1.,0.5,1.,0.5,
1.,0.5,1.)) REPRESENTATION_ITEM('') );
#5798 = CARTESIAN_POINT('',(-4.614000102982,-2.786232922816));
#5799 = CARTESIAN_POINT('',(-4.618875660743,-1.400600854431));
#5800 = CARTESIAN_POINT('',(-2.472116942499,-2.08587176836));
#5801 = CARTESIAN_POINT('',(-0.325358224256,-2.77114268229));
#5802 = CARTESIAN_POINT('',(-2.467241384739,-3.471503836745));
#5803 = CARTESIAN_POINT('',(-4.609124545222,-4.171864991201));
#5804 = CARTESIAN_POINT('',(-4.614000102982,-2.786232922816));
#5805 = ( GEOMETRIC_REPRESENTATION_CONTEXT(2) 
PARAMETRIC_REPRESENTATION_CONTEXT() REPRESENTATION_CONTEXT('2D SPACE',''
  ) );
#5806 = PCURVE('',#5807,#5812);
#5807 = CYLINDRICAL_SURFACE('',#5808,0.8);
#5808 = AXIS2_PLACEMENT_3D('',#5809,#5810,#5811);
#5809 = CARTESIAN_POINT('',(302.37814423178,-82.,19.139160893037));
#5810 = DIRECTION('',(-0.104019604147,-0.994570972053,2.916076511733E-03
    ));
#5811 = DIRECTION('',(0.994575200748,-0.104020046415,-0.));
#5812 = DEFINITIONAL_REPRESENTATION('',(#5813),#5837);
#5813 = B_SPLINE_CURVE_WITH_KNOTS('',8,(#5814,#5815,#5816,#5817,#5818,
    #5819,#5820,#5821,#5822,#5823,#5824,#5825,#5826,#5827,#5828,#5829,
    #5830,#5831,#5832,#5833,#5834,#5835,#5836),.UNSPECIFIED.,.F.,.F.,(9,
    7,7,9),(3.143561739161,4.714358065955,7.070552556148,9.42674704634),
  .UNSPECIFIED.);
#5814 = CARTESIAN_POINT('',(-6.28318530718,59.232693407348));
#5815 = CARTESIAN_POINT('',(-6.08683576633,59.233151465523));
#5816 = CARTESIAN_POINT('',(-5.890486225481,59.285811254869));
#5817 = CARTESIAN_POINT('',(-5.694136684632,59.390639565535));
#5818 = CARTESIAN_POINT('',(-5.497787143782,59.543335231872));
#5819 = CARTESIAN_POINT('',(-5.301437602933,59.735254512947));
#5820 = CARTESIAN_POINT('',(-5.105088062084,59.95442220556));
#5821 = CARTESIAN_POINT('',(-4.908738521234,60.187148704259));
#5822 = CARTESIAN_POINT('',(-4.417864669111,60.76871000061));
#5823 = CARTESIAN_POINT('',(-4.123340357837,61.117416764893));
#5824 = CARTESIAN_POINT('',(-3.828816046563,61.419758366654));
#5825 = CARTESIAN_POINT('',(-3.534291735293,61.629709216126));
#5826 = CARTESIAN_POINT('',(-3.239767424021,61.713861574448));
#5827 = CARTESIAN_POINT('',(-2.945243112741,61.665087850786));
#5828 = CARTESIAN_POINT('',(-2.650718801466,61.500754766855));
#5829 = CARTESIAN_POINT('',(-2.061670178918,61.00631195514));
#5830 = CARTESIAN_POINT('',(-1.76714586765,60.67620043573));
#5831 = CARTESIAN_POINT('',(-1.472621556356,60.295901252248));
#5832 = CARTESIAN_POINT('',(-1.178097245126,59.91332625004));
#5833 = CARTESIAN_POINT('',(-0.883572933802,59.583063728292));
#5834 = CARTESIAN_POINT('',(-0.589048622554,59.348773564292));
#5835 = CARTESIAN_POINT('',(-0.294524311274,59.232006320086));
#5836 = CARTESIAN_POINT('',(-1.33226762955E-14,59.232693407348));
#5837 = ( GEOMETRIC_REPRESENTATION_CONTEXT(2) 
PARAMETRIC_REPRESENTATION_CONTEXT() REPRESENTATION_CONTEXT('2D SPACE',''
  ) );
#5838 = ADVANCED_FACE('',(#5839),#5807,.F.);
#5839 = FACE_BOUND('',#5840,.T.);
#5840 = EDGE_LOOP('',(#5841,#5869,#5890,#5891));
#5841 = ORIENTED_EDGE('',*,*,#5842,.F.);
#5842 = EDGE_CURVE('',#5843,#5843,#5845,.T.);
#5843 = VERTEX_POINT('',#5844);
#5844 = CARTESIAN_POINT('',(294.91221150874,-161.075445746,
    19.370765667494));
#5845 = SURFACE_CURVE('',#5846,(#5851,#5858),.PCURVE_S1.);
#5846 = CIRCLE('',#5847,0.8);
#5847 = AXIS2_PLACEMENT_3D('',#5848,#5849,#5850);
#5848 = CARTESIAN_POINT('',(294.11655134815,-160.9922297089,
    19.370765667494));
#5849 = DIRECTION('',(0.104019604147,0.994570972053,-2.916076511733E-03)
  );
#5850 = DIRECTION('',(0.994575200748,-0.104020046415,5.421010862428E-20)
  );
#5851 = PCURVE('',#5807,#5852);
#5852 = DEFINITIONAL_REPRESENTATION('',(#5853),#5857);
#5853 = LINE('',#5854,#5855);
#5854 = CARTESIAN_POINT('',(-0.,79.423421684897));
#5855 = VECTOR('',#5856,1.);
#5856 = DIRECTION('',(-1.,0.));
#5857 = ( GEOMETRIC_REPRESENTATION_CONTEXT(2) 
PARAMETRIC_REPRESENTATION_CONTEXT() REPRESENTATION_CONTEXT('2D SPACE',''
  ) );
#5858 = PCURVE('',#4024,#5859);
#5859 = DEFINITIONAL_REPRESENTATION('',(#5860),#5868);
#5860 = ( BOUNDED_CURVE() B_SPLINE_CURVE(2,(#5861,#5862,#5863,#5864,
#5865,#5866,#5867),.UNSPECIFIED.,.T.,.F.) B_SPLINE_CURVE_WITH_KNOTS((1,2
    ,2,2,2,1),(-2.094395102393,0.,2.094395102393,4.188790204786,
6.28318530718,8.377580409573),.UNSPECIFIED.) CURVE() 
GEOMETRIC_REPRESENTATION_ITEM() RATIONAL_B_SPLINE_CURVE((1.,0.5,1.,0.5,
1.,0.5,1.)) REPRESENTATION_ITEM('') );
#5861 = CARTESIAN_POINT('',(-0.8,-3.550747017901E-15));
#5862 = CARTESIAN_POINT('',(-0.8,1.385640646055));
#5863 = CARTESIAN_POINT('',(0.4,0.692820323028));
#5864 = CARTESIAN_POINT('',(1.6,-3.360658196876E-15));
#5865 = CARTESIAN_POINT('',(0.4,-0.692820323028));
#5866 = CARTESIAN_POINT('',(-0.8,-1.385640646055));
#5867 = CARTESIAN_POINT('',(-0.8,-3.550747017901E-15));
#5868 = ( GEOMETRIC_REPRESENTATION_CONTEXT(2) 
PARAMETRIC_REPRESENTATION_CONTEXT() REPRESENTATION_CONTEXT('2D SPACE',''
  ) );
#5869 = ORIENTED_EDGE('',*,*,#5870,.F.);
#5870 = EDGE_CURVE('',#5787,#5843,#5871,.T.);
#5871 = SEAM_CURVE('',#5872,(#5876,#5883),.PCURVE_S1.);
#5872 = LINE('',#5873,#5874);
#5873 = CARTESIAN_POINT('',(303.17380439237,-82.08321603713,
    19.139160893037));
#5874 = VECTOR('',#5875,1.);
#5875 = DIRECTION('',(-0.104019604147,-0.994570972053,2.916076511733E-03
    ));
#5876 = PCURVE('',#5807,#5877);
#5877 = DEFINITIONAL_REPRESENTATION('',(#5878),#5882);
#5878 = LINE('',#5879,#5880);
#5879 = CARTESIAN_POINT('',(-6.28318530718,-0.));
#5880 = VECTOR('',#5881,1.);
#5881 = DIRECTION('',(-0.,1.));
#5882 = ( GEOMETRIC_REPRESENTATION_CONTEXT(2) 
PARAMETRIC_REPRESENTATION_CONTEXT() REPRESENTATION_CONTEXT('2D SPACE',''
  ) );
#5883 = PCURVE('',#5807,#5884);
#5884 = DEFINITIONAL_REPRESENTATION('',(#5885),#5889);
#5885 = LINE('',#5886,#5887);
#5886 = CARTESIAN_POINT('',(-0.,-0.));
#5887 = VECTOR('',#5888,1.);
#5888 = DIRECTION('',(-0.,1.));
#5889 = ( GEOMETRIC_REPRESENTATION_CONTEXT(2) 
PARAMETRIC_REPRESENTATION_CONTEXT() REPRESENTATION_CONTEXT('2D SPACE',''
  ) );
#5890 = ORIENTED_EDGE('',*,*,#5786,.F.);
#5891 = ORIENTED_EDGE('',*,*,#5870,.T.);
#5892 = ADVANCED_FACE('',(#5893),#5493,.F.);
#5893 = FACE_BOUND('',#5894,.F.);
#5894 = EDGE_LOOP('',(#5895,#5926,#5946,#5947));
#5895 = ORIENTED_EDGE('',*,*,#5896,.T.);
#5896 = EDGE_CURVE('',#5897,#5899,#5901,.T.);
#5897 = VERTEX_POINT('',#5898);
#5898 = CARTESIAN_POINT('',(294.28553665607,-161.0063182556,
    20.593547440347));
#5899 = VERTEX_POINT('',#5900);
#5900 = CARTESIAN_POINT('',(294.11692584327,-160.9886490187,
    20.605371609292));
#5901 = SURFACE_CURVE('',#5902,(#5908,#5917),.PCURVE_S1.);
#5902 = B_SPLINE_CURVE_WITH_KNOTS('',4,(#5903,#5904,#5905,#5906,#5907),
  .UNSPECIFIED.,.F.,.F.,(5,5),(0.,1.),.PIECEWISE_BEZIER_KNOTS.);
#5903 = CARTESIAN_POINT('',(294.29864173376,-161.0076945122,
    20.591627118858));
#5904 = CARTESIAN_POINT('',(294.2535551392,-161.0029589107,
    20.598486345577));
#5905 = CARTESIAN_POINT('',(294.20812725577,-160.9981942674,
    20.60307659292));
#5906 = CARTESIAN_POINT('',(294.16252712461,-160.9934183385,
    20.605371682395));
#5907 = CARTESIAN_POINT('',(294.11692584327,-160.9886490187,
    20.605371609292));
#5908 = PCURVE('',#5493,#5909);
#5909 = DEFINITIONAL_REPRESENTATION('',(#5910),#5916);
#5910 = B_SPLINE_CURVE_WITH_KNOTS('',4,(#5911,#5912,#5913,#5914,#5915),
  .UNSPECIFIED.,.F.,.F.,(5,5),(0.,1.),.PIECEWISE_BEZIER_KNOTS.);
#5911 = CARTESIAN_POINT('',(0.149358867028,0.757589418999));
#5912 = CARTESIAN_POINT('',(0.112019965263,0.757549823669));
#5913 = CARTESIAN_POINT('',(7.467990703586E-02,0.757509985514));
#5914 = CARTESIAN_POINT('',(3.733960657408E-02,0.757470052998));
#5915 = CARTESIAN_POINT('',(0.,0.757430175742));
#5916 = ( GEOMETRIC_REPRESENTATION_CONTEXT(2) 
PARAMETRIC_REPRESENTATION_CONTEXT() REPRESENTATION_CONTEXT('2D SPACE',''
  ) );
#5917 = PCURVE('',#4024,#5918);
#5918 = DEFINITIONAL_REPRESENTATION('',(#5919),#5925);
#5919 = B_SPLINE_CURVE_WITH_KNOTS('',4,(#5920,#5921,#5922,#5923,#5924),
  .UNSPECIFIED.,.F.,.F.,(5,5),(0.,1.),.PIECEWISE_BEZIER_KNOTS.);
#5920 = CARTESIAN_POINT('',(-0.182711231385,-1.220866642196));
#5921 = CARTESIAN_POINT('',(-0.137376625059,-1.227725898079));
#5922 = CARTESIAN_POINT('',(-9.169956035925E-02,-1.232316164939));
#5923 = CARTESIAN_POINT('',(-4.585000840802E-02,-1.234611264172));
#5924 = CARTESIAN_POINT('',(5.684341886081E-14,-1.234611191069));
#5925 = ( GEOMETRIC_REPRESENTATION_CONTEXT(2) 
PARAMETRIC_REPRESENTATION_CONTEXT() REPRESENTATION_CONTEXT('2D SPACE',''
  ) );
#5926 = ORIENTED_EDGE('',*,*,#5927,.F.);
#5927 = EDGE_CURVE('',#5468,#5899,#5928,.T.);
#5928 = SURFACE_CURVE('',#5929,(#5932,#5939),.PCURVE_S1.);
#5929 = B_SPLINE_CURVE_WITH_KNOTS('',1,(#5930,#5931),.UNSPECIFIED.,.F.,
  .F.,(2,2),(0.,1.),.PIECEWISE_BEZIER_KNOTS.);
#5930 = CARTESIAN_POINT('',(303.59135821248,-70.4,20.603983091432));
#5931 = CARTESIAN_POINT('',(291.08270372175,-190.,20.605816287289));
#5932 = PCURVE('',#5493,#5933);
#5933 = DEFINITIONAL_REPRESENTATION('',(#5934),#5938);
#5934 = LINE('',#5935,#5936);
#5935 = CARTESIAN_POINT('',(0.,0.));
#5936 = VECTOR('',#5937,1.);
#5937 = DIRECTION('',(0.,1.));
#5938 = ( GEOMETRIC_REPRESENTATION_CONTEXT(2) 
PARAMETRIC_REPRESENTATION_CONTEXT() REPRESENTATION_CONTEXT('2D SPACE',''
  ) );
#5939 = PCURVE('',#4097,#5940);
#5940 = DEFINITIONAL_REPRESENTATION('',(#5941),#5945);
#5941 = LINE('',#5942,#5943);
#5942 = CARTESIAN_POINT('',(6.28318530718,0.));
#5943 = VECTOR('',#5944,1.);
#5944 = DIRECTION('',(0.,1.));
#5945 = ( GEOMETRIC_REPRESENTATION_CONTEXT(2) 
PARAMETRIC_REPRESENTATION_CONTEXT() REPRESENTATION_CONTEXT('2D SPACE',''
  ) );
#5946 = ORIENTED_EDGE('',*,*,#5467,.F.);
#5947 = ORIENTED_EDGE('',*,*,#5948,.T.);
#5948 = EDGE_CURVE('',#5448,#5897,#5949,.T.);
#5949 = SURFACE_CURVE('',#5950,(#5977,#6007),.PCURVE_S1.);
#5950 = B_SPLINE_CURVE_WITH_KNOTS('',4,(#5951,#5952,#5953,#5954,#5955,
    #5956,#5957,#5958,#5959,#5960,#5961,#5962,#5963,#5964,#5965,#5966,
    #5967,#5968,#5969,#5970,#5971,#5972,#5973,#5974,#5975,#5976),
  .UNSPECIFIED.,.F.,.F.,(5,3,3,3,3,3,3,3,5),(0.,0.217029845078,
    0.348589785396,0.457269758131,0.565949752863,0.674629771792,
    0.783309817429,0.891989892651,1.),.UNSPECIFIED.);
#5951 = CARTESIAN_POINT('',(303.86331398724,-70.39999999999,
    20.579104069685));
#5952 = CARTESIAN_POINT('',(303.17738901386,-76.88919795869,
    20.580219266779));
#5953 = CARTESIAN_POINT('',(302.49145901874,-83.37839531313,
    20.581321876444));
#5954 = CARTESIAN_POINT('',(301.80552360854,-89.86759201419,
    20.582410912246));
#5955 = CARTESIAN_POINT('',(300.70377589372,-100.2904324086,
    20.584136327989));
#5956 = CARTESIAN_POINT('',(300.28796732392,-104.2240765544,
    20.584782070327));
#5957 = CARTESIAN_POINT('',(299.87215647448,-108.1577204235,
    20.585422097935));
#5958 = CARTESIAN_POINT('',(299.11284524368,-115.3408963089,
    20.586579832073));
#5959 = CARTESIAN_POINT('',(298.76934562616,-118.5904284181,
    20.587099453534));
#5960 = CARTESIAN_POINT('',(298.42584429605,-121.8399603185,
    20.5876147815));
#5961 = CARTESIAN_POINT('',(297.73883798122,-128.3390243391,
    20.588636449504));
#5962 = CARTESIAN_POINT('',(297.39533299644,-131.5885564592,
    20.589142789356));
#5963 = CARTESIAN_POINT('',(297.05182613914,-134.83808835,
    20.589644434538));
#5964 = CARTESIAN_POINT('',(296.36480842231,-141.3371523734,
    20.590637882349));
#5965 = CARTESIAN_POINT('',(296.0212975627,-144.5866845059,
    20.591129684752));
#5966 = CARTESIAN_POINT('',(295.67778464982,-147.8362163859,
    20.591616338999));
#5967 = CARTESIAN_POINT('',(294.99075442801,-154.3352804126,
    20.592578836754));
#5968 = CARTESIAN_POINT('',(294.64723711897,-157.5848125593,
    20.593054679986));
#5969 = CARTESIAN_POINT('',(294.30371755151,-160.8343444269,
    20.593524860323));
#5970 = CARTESIAN_POINT('',(293.61667357243,-167.3334084576,
    20.594453308701));
#5971 = CARTESIAN_POINT('',(293.27314916068,-170.5829406207,
    20.594911576406));
#5972 = CARTESIAN_POINT('',(292.92962225664,-173.8324724741,
    20.595363594353));
#5973 = CARTESIAN_POINT('',(292.24468091416,-180.3115035032,
    20.596251712819));
#5974 = CARTESIAN_POINT('',(291.90326650785,-183.541002683,
    20.596687893882));
#5975 = CARTESIAN_POINT('',(291.56184937609,-186.770501522,
    20.59711724002));
#5976 = CARTESIAN_POINT('',(291.22042936772,-189.9999999999,
    20.597539371777));
#5977 = PCURVE('',#5493,#5978);
#5978 = DEFINITIONAL_REPRESENTATION('',(#5979),#6006);
#5979 = B_SPLINE_CURVE_WITH_KNOTS('',4,(#5980,#5981,#5982,#5983,#5984,
    #5985,#5986,#5987,#5988,#5989,#5990,#5991,#5992,#5993,#5994,#5995,
    #5996,#5997,#5998,#5999,#6000,#6001,#6002,#6003,#6004,#6005),
  .UNSPECIFIED.,.F.,.F.,(5,3,3,3,3,3,3,3,5),(0.,0.217029845078,
    0.348589785396,0.457269758131,0.565949752863,0.674629771792,
    0.783309817429,0.891989892651,1.),.UNSPECIFIED.);
#5980 = CARTESIAN_POINT('',(0.182455613474,0.));
#5981 = CARTESIAN_POINT('',(0.179875905494,5.425750801582E-02));
#5982 = CARTESIAN_POINT('',(0.177207505324,0.108515010979));
#5983 = CARTESIAN_POINT('',(0.174443551588,0.16277250848));
#5984 = CARTESIAN_POINT('',(0.169836980337,0.249920003417));
#5985 = CARTESIAN_POINT('',(0.168060184929,0.282810004636));
#5986 = CARTESIAN_POINT('',(0.166243240461,0.315700003542));
#5987 = CARTESIAN_POINT('',(0.162848041571,0.375760002583));
#5988 = CARTESIAN_POINT('',(0.161283229267,0.402930003496));
#5989 = CARTESIAN_POINT('',(0.15968829764,0.430100002664));
#5990 = CARTESIAN_POINT('',(0.156435429823,0.484440002836));
#5991 = CARTESIAN_POINT('',(0.154777492392,0.51161000384));
#5992 = CARTESIAN_POINT('',(0.153086669146,0.538780002927));
#5993 = CARTESIAN_POINT('',(0.149636132168,0.593120003122));
#5994 = CARTESIAN_POINT('',(0.147876416946,0.62029000423));
#5995 = CARTESIAN_POINT('',(0.146080696367,0.647460003227));
#5996 = CARTESIAN_POINT('',(0.142413713927,0.70180000345));
#5997 = CARTESIAN_POINT('',(0.140542450263,0.728970004677));
#5998 = CARTESIAN_POINT('',(0.138631649846,0.75614000357));
#5999 = CARTESIAN_POINT('',(0.134726962153,0.810480003827));
#6000 = CARTESIAN_POINT('',(0.132733072681,0.837650005191));
#6001 = CARTESIAN_POINT('',(0.130695632097,0.864820003964));
#6002 = CARTESIAN_POINT('',(0.126541909263,0.918992504208));
#6003 = CARTESIAN_POINT('',(0.124426187858,0.945995005711));
#6004 = CARTESIAN_POINT('',(0.122262937026,0.972997504365));
#6005 = CARTESIAN_POINT('',(0.120049578574,1.));
#6006 = ( GEOMETRIC_REPRESENTATION_CONTEXT(2) 
PARAMETRIC_REPRESENTATION_CONTEXT() REPRESENTATION_CONTEXT('2D SPACE',''
  ) );
#6007 = PCURVE('',#1189,#6008);
#6008 = DEFINITIONAL_REPRESENTATION('',(#6009),#6036);
#6009 = B_SPLINE_CURVE_WITH_KNOTS('',4,(#6010,#6011,#6012,#6013,#6014,
    #6015,#6016,#6017,#6018,#6019,#6020,#6021,#6022,#6023,#6024,#6025,
    #6026,#6027,#6028,#6029,#6030,#6031,#6032,#6033,#6034,#6035),
  .UNSPECIFIED.,.F.,.F.,(5,3,3,3,3,3,3,3,5),(0.,0.217029845078,
    0.348589785396,0.457269758131,0.565949752863,0.674629771792,
    0.783309817429,0.891989892651,1.),.UNSPECIFIED.);
#6010 = CARTESIAN_POINT('',(4.881497521901,1.147540983606E-02));
#6011 = CARTESIAN_POINT('',(4.900815260056,6.466555703845E-02));
#6012 = CARTESIAN_POINT('',(4.92014657228,0.117855699288));
#6013 = CARTESIAN_POINT('',(4.93949252232,0.171045836182));
#6014 = CARTESIAN_POINT('',(4.970591310001,0.256478954169));
#6015 = CARTESIAN_POINT('',(4.982334051402,0.288721938971));
#6016 = CARTESIAN_POINT('',(4.994082955462,0.320964921505));
#6017 = CARTESIAN_POINT('',(5.015549353061,0.379843412369));
#6018 = CARTESIAN_POINT('',(5.025264781573,0.40647892146));
#6019 = CARTESIAN_POINT('',(5.03498484011,0.433114428841));
#6020 = CARTESIAN_POINT('',(5.054434651669,0.486385445403));
#6021 = CARTESIAN_POINT('',(5.064164404893,0.513020954584));
#6022 = CARTESIAN_POINT('',(5.073899220757,0.539656461886));
#6023 = CARTESIAN_POINT('',(5.093379468783,0.592927478471));
#6024 = CARTESIAN_POINT('',(5.103124901191,0.619562987754));
#6025 = CARTESIAN_POINT('',(5.112875885264,0.646198494966));
#6026 = CARTESIAN_POINT('',(5.132389514013,0.699469511579));
#6027 = CARTESIAN_POINT('',(5.142152158985,0.726105020979));
#6028 = CARTESIAN_POINT('',(5.151920910704,0.75274052809));
#6029 = CARTESIAN_POINT('',(5.171471262901,0.806011544735));
#6030 = CARTESIAN_POINT('',(5.181252863742,0.832647054269));
#6031 = CARTESIAN_POINT('',(5.191041204185,0.859282561263));
#6032 = CARTESIAN_POINT('',(5.210571704077,0.912389372978));
#6033 = CARTESIAN_POINT('',(5.22031377667,0.93886067773));
#6034 = CARTESIAN_POINT('',(5.230063219889,0.965331979689));
#6035 = CARTESIAN_POINT('',(5.239820442929,0.991803278688));
#6036 = ( GEOMETRIC_REPRESENTATION_CONTEXT(2) 
PARAMETRIC_REPRESENTATION_CONTEXT() REPRESENTATION_CONTEXT('2D SPACE',''
  ) );
#6037 = ADVANCED_FACE('',(#6038),#4097,.F.);
#6038 = FACE_BOUND('',#6039,.F.);
#6039 = EDGE_LOOP('',(#6040,#6041,#6042,#6240));
#6040 = ORIENTED_EDGE('',*,*,#5534,.F.);
#6041 = ORIENTED_EDGE('',*,*,#5927,.T.);
#6042 = ORIENTED_EDGE('',*,*,#6043,.T.);
#6043 = EDGE_CURVE('',#5899,#4011,#6044,.T.);
#6044 = SURFACE_CURVE('',#6045,(#6108,#6174),.PCURVE_S1.);
#6045 = B_SPLINE_CURVE_WITH_KNOTS('',7,(#6046,#6047,#6048,#6049,#6050,
    #6051,#6052,#6053,#6054,#6055,#6056,#6057,#6058,#6059,#6060,#6061,
    #6062,#6063,#6064,#6065,#6066,#6067,#6068,#6069,#6070,#6071,#6072,
    #6073,#6074,#6075,#6076,#6077,#6078,#6079,#6080,#6081,#6082,#6083,
    #6084,#6085,#6086,#6087,#6088,#6089,#6090,#6091,#6092,#6093,#6094,
    #6095,#6096,#6097,#6098,#6099,#6100,#6101,#6102,#6103,#6104,#6105,
    #6106,#6107),.UNSPECIFIED.,.F.,.F.,(8,6,6,6,6,6,6,6,6,6,8),(0.,
    0.2307475761,0.309792841344,0.358851868793,0.469036459874,
    0.579100162832,0.628159066121,0.707204079349,0.78618054205,
    0.942972067582,1.),.UNSPECIFIED.);
#6046 = CARTESIAN_POINT('',(294.11692584327,-160.9886490187,
    20.605371609292));
#6047 = CARTESIAN_POINT('',(293.9842222493,-160.9747698938,
    20.605371396557));
#6048 = CARTESIAN_POINT('',(293.85145294424,-160.9609337617,
    20.588363898879));
#6049 = CARTESIAN_POINT('',(293.72129903103,-160.9474211035,
    20.554324687709));
#6050 = CARTESIAN_POINT('',(293.5963133655,-160.9344972843,
    20.503810228571));
#6051 = CARTESIAN_POINT('',(293.47887392496,-160.92240813,
    20.437802977253));
#6052 = CARTESIAN_POINT('',(293.37117782356,-160.9113793218,
    20.357704489819));
#6053 = CARTESIAN_POINT('',(293.24220535984,-160.8982537717,
    20.23377994382));
#6054 = CARTESIAN_POINT('',(293.21065701594,-160.8950511364,
    20.200722434807));
#6055 = CARTESIAN_POINT('',(293.18054231455,-160.892002444,
    20.166300034008));
#6056 = CARTESIAN_POINT('',(293.15192998525,-160.8891146579,
    20.130589408463));
#6057 = CARTESIAN_POINT('',(293.12488350019,-160.8863941798,
    20.093671271684));
#6058 = CARTESIAN_POINT('',(293.09946107402,-160.8838468497,
    20.05563038366));
#6059 = CARTESIAN_POINT('',(293.06097820018,-160.8800076982,
    19.992303961717));
#6060 = CARTESIAN_POINT('',(293.04688663148,-160.8786061713,
    19.967653942977));
#6061 = CARTESIAN_POINT('',(293.03345355613,-160.8772746206,
    19.942626633256));
#6062 = CARTESIAN_POINT('',(293.02069069849,-160.8760142093,
    19.917243592647));
#6063 = CARTESIAN_POINT('',(293.00860890886,-160.8748260077,
    19.891526802707));
#6064 = CARTESIAN_POINT('',(292.99721816355,-160.8737109934,
    19.865498666457));
#6065 = CARTESIAN_POINT('',(292.96251691262,-160.8703321386,
    19.780075858929));
#6066 = CARTESIAN_POINT('',(292.94203762185,-160.8683678324,
    19.719513028703));
#6067 = CARTESIAN_POINT('',(292.9251932171,-160.8667871987,
    19.65775337658));
#6068 = CARTESIAN_POINT('',(292.91206351525,-160.8655978038,
    19.595063415655));
#6069 = CARTESIAN_POINT('',(292.90270446953,-160.8648047023,
    19.531715098278));
#6070 = CARTESIAN_POINT('',(292.89714801355,-160.8644104244,
    19.46798460109));
#6071 = CARTESIAN_POINT('',(292.89365771279,-160.8644194964,
    19.340387653424));
#6072 = CARTESIAN_POINT('',(292.89571544609,-160.8648219718,
    19.276519049041));
#6073 = CARTESIAN_POINT('',(292.90158260391,-160.8656223575,
    19.212823567441));
#6074 = CARTESIAN_POINT('',(292.91124248729,-160.8668180959,
    19.149577807095));
#6075 = CARTESIAN_POINT('',(292.92465428772,-160.8684041165,
    19.08705547939));
#6076 = CARTESIAN_POINT('',(292.94175317517,-160.8703728484,
    19.025526193592));
#6077 = CARTESIAN_POINT('',(292.97167579328,-160.873757863,
    18.938389110321));
#6078 = CARTESIAN_POINT('',(292.9816161717,-160.8748755382,
    18.911773524899));
#6079 = CARTESIAN_POINT('',(292.9922636899,-160.8760663714,
    18.885430776717));
#6080 = CARTESIAN_POINT('',(293.00360962045,-160.8773293826,
    18.859383784236));
#6081 = CARTESIAN_POINT('',(293.01564433995,-160.8786634991,
    18.833655093212));
#6082 = CARTESIAN_POINT('',(293.02835732905,-160.8800675558,
    18.808266876696));
#6083 = CARTESIAN_POINT('',(293.06329513297,-160.8839132115,
    18.742918470461));
#6084 = CARTESIAN_POINT('',(293.08658449639,-160.8864644547,
    18.703536077171));
#6085 = CARTESIAN_POINT('',(293.11155727586,-160.8891887372,
    18.665185343133));
#6086 = CARTESIAN_POINT('',(293.13816001184,-160.8920802103,
    18.627954105158));
#6087 = CARTESIAN_POINT('',(293.16633377212,-160.8951324639,
    18.591926448898));
#6088 = CARTESIAN_POINT('',(293.19601415184,-160.8983385264,
    18.557182708847));
#6089 = CARTESIAN_POINT('',(293.25822140923,-160.9050402966,
    18.490445178909));
#6090 = CARTESIAN_POINT('',(293.29074627171,-160.908535802,
    18.458448446514));
#6091 = CARTESIAN_POINT('',(293.32463604445,-160.9121698556,
    18.427885631895));
#6092 = CARTESIAN_POINT('',(293.35981651997,-160.9159344874,
    18.398827980692));
#6093 = CARTESIAN_POINT('',(293.39620909968,-160.919821283,
    18.371341623437));
#6094 = CARTESIAN_POINT('',(293.43373079391,-160.9238213838,
    18.345487575559));
#6095 = CARTESIAN_POINT('',(293.54885397783,-160.93607334,
    18.273345435283));
#6096 = CARTESIAN_POINT('',(293.62952827903,-160.9446320301,
    18.23201736362));
#6097 = CARTESIAN_POINT('',(293.71362578251,-160.953527949,
    18.197781747805));
#6098 = CARTESIAN_POINT('',(293.80040939564,-160.9626830113,
    18.170977860651));
#6099 = CARTESIAN_POINT('',(293.88910699268,-160.9720157505,
    18.15184854279));
#6100 = CARTESIAN_POINT('',(293.97891881989,-160.9814421022,
    18.140537084244));
#6101 = CARTESIAN_POINT('',(294.10179360691,-160.9943071112,
    18.135812322826));
#6102 = CARTESIAN_POINT('',(294.13460533204,-160.9977394559,
    18.135590200207));
#6103 = CARTESIAN_POINT('',(294.16741775058,-161.0011688253,
    18.136407583154));
#6104 = CARTESIAN_POINT('',(294.200191963,-161.0045911521,
    18.138264076277));
#6105 = CARTESIAN_POINT('',(294.23288918432,-161.0080023866,
    18.141157404929));
#6106 = CARTESIAN_POINT('',(294.26547074413,-161.0113984966,
    18.145083415203));
#6107 = CARTESIAN_POINT('',(294.29789808656,-161.0147754673,
    18.150036073939));
#6108 = PCURVE('',#4097,#6109);
#6109 = DEFINITIONAL_REPRESENTATION('',(#6110),#6173);
#6110 = B_SPLINE_CURVE_WITH_KNOTS('',7,(#6111,#6112,#6113,#6114,#6115,
    #6116,#6117,#6118,#6119,#6120,#6121,#6122,#6123,#6124,#6125,#6126,
    #6127,#6128,#6129,#6130,#6131,#6132,#6133,#6134,#6135,#6136,#6137,
    #6138,#6139,#6140,#6141,#6142,#6143,#6144,#6145,#6146,#6147,#6148,
    #6149,#6150,#6151,#6152,#6153,#6154,#6155,#6156,#6157,#6158,#6159,
    #6160,#6161,#6162,#6163,#6164,#6165,#6166,#6167,#6168,#6169,#6170,
    #6171,#6172),.UNSPECIFIED.,.F.,.F.,(8,6,6,6,6,6,6,6,6,6,8),(0.,
    0.2307475761,0.309792841344,0.358851868793,0.469036459874,
    0.579100162832,0.628159066121,0.707204079349,0.78618054205,
    0.942972067582,1.),.UNSPECIFIED.);
#6111 = CARTESIAN_POINT('',(6.28318530718,0.757430175742));
#6112 = CARTESIAN_POINT('',(6.174523887057,0.757314129547));
#6113 = CARTESIAN_POINT('',(6.065821207832,0.757198442824));
#6114 = CARTESIAN_POINT('',(5.957176950843,0.757085460732));
#6115 = CARTESIAN_POINT('',(5.848578134696,0.756977402043));
#6116 = CARTESIAN_POINT('',(5.740005587707,0.756876322158));
#6117 = CARTESIAN_POINT('',(5.631442723925,0.756784108042));
#6118 = CARTESIAN_POINT('',(5.485818796261,0.75667436264));
#6119 = CARTESIAN_POINT('',(5.448667524023,0.756647584753));
#6120 = CARTESIAN_POINT('',(5.411521683139,0.756622094014));
#6121 = CARTESIAN_POINT('',(5.374381206216,0.756597948645));
#6122 = CARTESIAN_POINT('',(5.337245962362,0.756575202173));
#6123 = CARTESIAN_POINT('',(5.300115757188,0.756553903426));
#6124 = CARTESIAN_POINT('',(5.239948633751,0.756521803497));
#6125 = CARTESIAN_POINT('',(5.216908741201,0.756510085044));
#6126 = CARTESIAN_POINT('',(5.193870586768,0.756498951678));
#6127 = CARTESIAN_POINT('',(5.170834094218,0.756488413121));
#6128 = CARTESIAN_POINT('',(5.147799179469,0.756478478325));
#6129 = CARTESIAN_POINT('',(5.124765750595,0.756469155464));
#6130 = CARTESIAN_POINT('',(5.050004671463,0.756440904169));
#6131 = CARTESIAN_POINT('',(4.998281641255,0.756424480205));
#6132 = CARTESIAN_POINT('',(4.946565132346,0.756411264204));
#6133 = CARTESIAN_POINT('',(4.894853547556,0.75640131943));
#6134 = CARTESIAN_POINT('',(4.843144527782,0.756394688147));
#6135 = CARTESIAN_POINT('',(4.791436302393,0.756391391509));
#6136 = CARTESIAN_POINT('',(4.688078507068,0.756391467362));
#6137 = CARTESIAN_POINT('',(4.636426988692,0.756394832541));
#6138 = CARTESIAN_POINT('',(4.584774649025,0.756401524728));
#6139 = CARTESIAN_POINT('',(4.533119724424,0.756411522541));
#6140 = CARTESIAN_POINT('',(4.481459866365,0.756424783583));
#6141 = CARTESIAN_POINT('',(4.429793484736,0.756441244552));
#6142 = CARTESIAN_POINT('',(4.35508905701,0.75646954735));
#6143 = CARTESIAN_POINT('',(4.332055633639,0.756478892461));
#6144 = CARTESIAN_POINT('',(4.309020721387,0.75648884926));
#6145 = CARTESIAN_POINT('',(4.285984228495,0.756499409554));
#6146 = CARTESIAN_POINT('',(4.262946071069,0.756510564374));
#6147 = CARTESIAN_POINT('',(4.239906173082,0.756522303979));
#6148 = CARTESIAN_POINT('',(4.179739054063,0.756554458291));
#6149 = CARTESIAN_POINT('',(4.142608855168,0.756575789755));
#6150 = CARTESIAN_POINT('',(4.105473612807,0.756598568037));
#6151 = CARTESIAN_POINT('',(4.068333133666,0.756622744234));
#6152 = CARTESIAN_POINT('',(4.031187287996,0.756648264749));
#6153 = CARTESIAN_POINT('',(3.994036009612,0.756675071292));
#6154 = CARTESIAN_POINT('',(3.919754805743,0.756731106159));
#6155 = CARTESIAN_POINT('',(3.882624748562,0.756760332793));
#6156 = CARTESIAN_POINT('',(3.845489150233,0.756790717857));
#6157 = CARTESIAN_POINT('',(3.808348101276,0.756822194711));
#6158 = CARTESIAN_POINT('',(3.77120175685,0.756854693002));
#6159 = CARTESIAN_POINT('',(3.734050336753,0.756888138661));
#6160 = CARTESIAN_POINT('',(3.623128108827,0.756990579767));
#6161 = CARTESIAN_POINT('',(3.549335799789,0.75706214072));
#6162 = CARTESIAN_POINT('',(3.475531522891,0.757136521313));
#6163 = CARTESIAN_POINT('',(3.401716627149,0.757213068657));
#6164 = CARTESIAN_POINT('',(3.32788833675,0.757291101593));
#6165 = CARTESIAN_POINT('',(3.254048857041,0.757369917243));
#6166 = CARTESIAN_POINT('',(3.153359921618,0.757477484208));
#6167 = CARTESIAN_POINT('',(3.126504881169,0.757506182742));
#6168 = CARTESIAN_POINT('',(3.099649831605,0.757534856399));
#6169 = CARTESIAN_POINT('',(3.072794987064,0.757563471172));
#6170 = CARTESIAN_POINT('',(3.045940558633,0.7575919932));
#6171 = CARTESIAN_POINT('',(3.019086754353,0.757620388768));
#6172 = CARTESIAN_POINT('',(2.992233779217,0.757648624309));
#6173 = ( GEOMETRIC_REPRESENTATION_CONTEXT(2) 
PARAMETRIC_REPRESENTATION_CONTEXT() REPRESENTATION_CONTEXT('2D SPACE',''
  ) );
#6174 = PCURVE('',#4024,#6175);
#6175 = DEFINITIONAL_REPRESENTATION('',(#6176),#6239);
#6176 = B_SPLINE_CURVE_WITH_KNOTS('',7,(#6177,#6178,#6179,#6180,#6181,
    #6182,#6183,#6184,#6185,#6186,#6187,#6188,#6189,#6190,#6191,#6192,
    #6193,#6194,#6195,#6196,#6197,#6198,#6199,#6200,#6201,#6202,#6203,
    #6204,#6205,#6206,#6207,#6208,#6209,#6210,#6211,#6212,#6213,#6214,
    #6215,#6216,#6217,#6218,#6219,#6220,#6221,#6222,#6223,#6224,#6225,
    #6226,#6227,#6228,#6229,#6230,#6231,#6232,#6233,#6234,#6235,#6236,
    #6237,#6238),.UNSPECIFIED.,.F.,.F.,(8,6,6,6,6,6,6,6,6,6,8),(0.,
    0.2307475761,0.309792841344,0.358851868793,0.469036459874,
    0.579100162832,0.628159066121,0.707204079349,0.78618054205,
    0.942972067582,1.),.UNSPECIFIED.);
#6177 = CARTESIAN_POINT('',(1.136868377216E-13,-1.234611191069));
#6178 = CARTESIAN_POINT('',(0.133427410826,-1.234610978333));
#6179 = CARTESIAN_POINT('',(0.266915704168,-1.217603408343));
#6180 = CARTESIAN_POINT('',(0.397769145855,-1.183564052446));
#6181 = CARTESIAN_POINT('',(0.523421125516,-1.133049378531));
#6182 = CARTESIAN_POINT('',(0.641480995055,-1.067041846565));
#6183 = CARTESIAN_POINT('',(0.749740083865,-0.98694301857));
#6184 = CARTESIAN_POINT('',(0.879378218201,-0.863017945671));
#6185 = CARTESIAN_POINT('',(0.911088556925,-0.829960296105));
#6186 = CARTESIAN_POINT('',(0.941357017238,-0.79553774895));
#6187 = CARTESIAN_POINT('',(0.970114518034,-0.759826971571));
#6188 = CARTESIAN_POINT('',(0.997297265601,-0.722908677825));
#6189 = CARTESIAN_POINT('',(1.022846753615,-0.684867628058));
#6190 = CARTESIAN_POINT('',(1.061520214298,-0.621540936866));
#6191 = CARTESIAN_POINT('',(1.075681125972,-0.59689081332));
#6192 = CARTESIAN_POINT('',(1.08917983754,-0.571863397188));
#6193 = CARTESIAN_POINT('',(1.102004567291,-0.546480248656));
#6194 = CARTESIAN_POINT('',(1.114144412425,-0.520763349374));
#6195 = CARTESIAN_POINT('',(1.125589349059,-0.494735102458));
#6196 = CARTESIAN_POINT('',(1.160453821309,-0.409311931731));
#6197 = CARTESIAN_POINT('',(1.181026343245,-0.348748844005));
#6198 = CARTESIAN_POINT('',(1.197943788079,-0.286988929294));
#6199 = CARTESIAN_POINT('',(1.211125984854,-0.224298701826));
#6200 = CARTESIAN_POINT('',(1.220516758079,-0.160950115105));
#6201 = CARTESIAN_POINT('',(1.226084084199,-9.721934694923E-02));
#6202 = CARTESIAN_POINT('',(1.229554507116,3.037814323026E-02));
#6203 = CARTESIAN_POINT('',(1.22746607109,9.424701916839E-02));
#6204 = CARTESIAN_POINT('',(1.221547485272,0.157942771588));
#6205 = CARTESIAN_POINT('',(1.211815624051,0.22118880084));
#6206 = CARTESIAN_POINT('',(1.19831160201,0.283711394377));
#6207 = CARTESIAN_POINT('',(1.181100685015,0.345240941783));
#6208 = CARTESIAN_POINT('',(1.150988281714,0.432378395542));
#6209 = CARTESIAN_POINT('',(1.140985567227,0.458994094128));
#6210 = CARTESIAN_POINT('',(1.130271939153,0.485336954313));
#6211 = CARTESIAN_POINT('',(1.118856179524,0.51138405754));
#6212 = CARTESIAN_POINT('',(1.1067479711,0.537112857957));
#6213 = CARTESIAN_POINT('',(1.093957897364,0.562501182419));
#6214 = CARTESIAN_POINT('',(1.058809598734,0.6278498665));
#6215 = CARTESIAN_POINT('',(1.035381194996,0.667232427235));
#6216 = CARTESIAN_POINT('',(1.010260507849,0.705583324332));
#6217 = CARTESIAN_POINT('',(0.983501315208,0.742814720606));
#6218 = CARTESIAN_POINT('',(0.955162896362,0.778842530047));
#6219 = CARTESIAN_POINT('',(0.925310031972,0.813586417821));
#6220 = CARTESIAN_POINT('',(0.862743118021,0.880324231513));
#6221 = CARTESIAN_POINT('',(0.830031093758,0.91232109995));
#6222 = CARTESIAN_POINT('',(0.795947151798,0.942884044515));
#6223 = CARTESIAN_POINT('',(0.760565926127,0.971941819266));
#6224 = CARTESIAN_POINT('',(0.723966464203,0.999428293387));
#6225 = CARTESIAN_POINT('',(0.686232226959,1.02528245119));
#6226 = CARTESIAN_POINT('',(0.570459114139,1.097424898198));
#6227 = CARTESIAN_POINT('',(0.489332179492,1.138753145579));
#6228 = CARTESIAN_POINT('',(0.404765534195,1.172988906956));
#6229 = CARTESIAN_POINT('',(0.317500394735,1.199792908075));
#6230 = CARTESIAN_POINT('',(0.228313172389,1.21892230727));
#6231 = CARTESIAN_POINT('',(0.138008026767,1.230233813909));
#6232 = CARTESIAN_POINT('',(1.446159196962E-02,1.234958595416));
#6233 = CARTESIAN_POINT('',(-1.852916879676E-02,1.235180718979));
#6234 = CARTESIAN_POINT('',(-5.15203097134E-02,1.234363332556));
#6235 = CARTESIAN_POINT('',(-8.447271920176E-02,1.23250683154));
#6236 = CARTESIAN_POINT('',(-0.117347401435,1.229613490587));
#6237 = CARTESIAN_POINT('',(-0.150105476341,1.22568746362));
#6238 = CARTESIAN_POINT('',(-0.182708179597,1.220734783826));
#6239 = ( GEOMETRIC_REPRESENTATION_CONTEXT(2) 
PARAMETRIC_REPRESENTATION_CONTEXT() REPRESENTATION_CONTEXT('2D SPACE',''
  ) );
#6240 = ORIENTED_EDGE('',*,*,#4035,.T.);
#6241 = ADVANCED_FACE('',(#6242,#6289),#4024,.T.);
#6242 = FACE_BOUND('',#6243,.F.);
#6243 = EDGE_LOOP('',(#6244,#6264,#6286,#6287,#6288));
#6244 = ORIENTED_EDGE('',*,*,#6245,.T.);
#6245 = EDGE_CURVE('',#5897,#6246,#6248,.T.);
#6246 = VERTEX_POINT('',#6247);
#6247 = CARTESIAN_POINT('',(294.44636227751,-161.0219594833,
    20.995699615639));
#6248 = SURFACE_CURVE('',#6249,(#6252,#6258),.PCURVE_S1.);
#6249 = B_SPLINE_CURVE_WITH_KNOTS('',1,(#6250,#6251),.UNSPECIFIED.,.F.,
  .F.,(2,2),(0.,1.),.PIECEWISE_BEZIER_KNOTS.);
#6250 = CARTESIAN_POINT('',(294.11679382129,-160.9899070329,
    20.171597893567));
#6251 = CARTESIAN_POINT('',(294.45971628441,-161.0232582382,
    21.029091949992));
#6252 = PCURVE('',#4024,#6253);
#6253 = DEFINITIONAL_REPRESENTATION('',(#6254),#6257);
#6254 = B_SPLINE_CURVE_WITH_KNOTS('',1,(#6255,#6256),.UNSPECIFIED.,.F.,
  .F.,(2,2),(0.,1.),.PIECEWISE_BEZIER_KNOTS.);
#6255 = CARTESIAN_POINT('',(4.47089462341E-07,-0.800835631034));
#6256 = CARTESIAN_POINT('',(-0.344530924427,-1.658333333333));
#6257 = ( GEOMETRIC_REPRESENTATION_CONTEXT(2) 
PARAMETRIC_REPRESENTATION_CONTEXT() REPRESENTATION_CONTEXT('2D SPACE',''
  ) );
#6258 = PCURVE('',#1189,#6259);
#6259 = DEFINITIONAL_REPRESENTATION('',(#6260),#6263);
#6260 = B_SPLINE_CURVE_WITH_KNOTS('',1,(#6261,#6262),.UNSPECIFIED.,.F.,
  .F.,(2,2),(0.,1.),.PIECEWISE_BEZIER_KNOTS.);
#6261 = CARTESIAN_POINT('',(5.60747573229,0.754015631418));
#6262 = CARTESIAN_POINT('',(4.682744065905,0.754289001952));
#6263 = ( GEOMETRIC_REPRESENTATION_CONTEXT(2) 
PARAMETRIC_REPRESENTATION_CONTEXT() REPRESENTATION_CONTEXT('2D SPACE',''
  ) );
#6264 = ORIENTED_EDGE('',*,*,#6265,.F.);
#6265 = EDGE_CURVE('',#3983,#6246,#6266,.T.);
#6266 = SURFACE_CURVE('',#6267,(#6272,#6279),.PCURVE_S1.);
#6267 = CIRCLE('',#6268,1.658333333333);
#6268 = AXIS2_PLACEMENT_3D('',#6269,#6270,#6271);
#6269 = CARTESIAN_POINT('',(294.11655134815,-160.9922297089,
    19.370765667494));
#6270 = DIRECTION('',(-0.104019604147,-0.994570972053,2.916076511731E-03
    ));
#6271 = DIRECTION('',(0.198331515444,-2.361589596036E-02,-0.979850447487
    ));
#6272 = PCURVE('',#4024,#6273);
#6273 = DEFINITIONAL_REPRESENTATION('',(#6274),#6278);
#6274 = CIRCLE('',#6275,1.658333333333);
#6275 = AXIS2_PLACEMENT_2D('',#6276,#6277);
#6276 = CARTESIAN_POINT('',(0.,0.));
#6277 = DIRECTION('',(-0.199712133381,0.979854613593));
#6278 = ( GEOMETRIC_REPRESENTATION_CONTEXT(2) 
PARAMETRIC_REPRESENTATION_CONTEXT() REPRESENTATION_CONTEXT('2D SPACE',''
  ) );
#6279 = PCURVE('',#3999,#6280);
#6280 = DEFINITIONAL_REPRESENTATION('',(#6281),#6285);
#6281 = LINE('',#6282,#6283);
#6282 = CARTESIAN_POINT('',(-7.652917507016,-12.42522719675));
#6283 = VECTOR('',#6284,1.);
#6284 = DIRECTION('',(1.,-0.));
#6285 = ( GEOMETRIC_REPRESENTATION_CONTEXT(2) 
PARAMETRIC_REPRESENTATION_CONTEXT() REPRESENTATION_CONTEXT('2D SPACE',''
  ) );
#6286 = ORIENTED_EDGE('',*,*,#4010,.T.);
#6287 = ORIENTED_EDGE('',*,*,#6043,.F.);
#6288 = ORIENTED_EDGE('',*,*,#5896,.F.);
#6289 = FACE_BOUND('',#6290,.F.);
#6290 = EDGE_LOOP('',(#6291));
#6291 = ORIENTED_EDGE('',*,*,#5842,.F.);
#6292 = ADVANCED_FACE('',(#6293),#3999,.F.);
#6293 = FACE_BOUND('',#6294,.T.);
#6294 = EDGE_LOOP('',(#6295,#6371,#6372,#6373,#6428));
#6295 = ORIENTED_EDGE('',*,*,#6296,.T.);
#6296 = EDGE_CURVE('',#6297,#6246,#6299,.T.);
#6297 = VERTEX_POINT('',#6298);
#6298 = CARTESIAN_POINT('',(292.82784716235,-176.4971976806,
    21.041072927236));
#6299 = SURFACE_CURVE('',#6300,(#6313,#6342),.PCURVE_S1.);
#6300 = B_SPLINE_CURVE_WITH_KNOTS('',6,(#6301,#6302,#6303,#6304,#6305,
    #6306,#6307,#6308,#6309,#6310,#6311,#6312),.UNSPECIFIED.,.F.,.F.,(7,
    5,7),(0.129680827455,0.487940672286,1.408193746561),.UNSPECIFIED.);
#6301 = CARTESIAN_POINT('',(292.82784716235,-176.4971976806,
    21.041072927236));
#6302 = CARTESIAN_POINT('',(292.86475724379,-176.1442863629,
    21.040038193232));
#6303 = CARTESIAN_POINT('',(292.90166732522,-175.7913750452,
    21.039003459228));
#6304 = CARTESIAN_POINT('',(292.93857740665,-175.4384637275,
    21.037968725224));
#6305 = CARTESIAN_POINT('',(292.97548748808,-175.0855524098,
    21.036933991219));
#6306 = CARTESIAN_POINT('',(293.01239756951,-174.732641092,
    21.035899257215));
#6307 = CARTESIAN_POINT('',(293.144117651,-173.4732153275,
    21.032206627937));
#6308 = CARTESIAN_POINT('',(293.42031465067,-170.8323908339,
    21.024463745335));
#6309 = CARTESIAN_POINT('',(293.72816302259,-167.8889355406,
    21.01583355091));
#6310 = CARTESIAN_POINT('',(294.01178730974,-165.1770959246,
    21.007882452572));
#6311 = CARTESIAN_POINT('',(294.2569751916,-162.8327613333,
    21.001008874529));
#6312 = CARTESIAN_POINT('',(294.44636227751,-161.0219594833,
    20.995699615639));
#6313 = PCURVE('',#3999,#6314);
#6314 = DEFINITIONAL_REPRESENTATION('',(#6315),#6341);
#6315 = B_SPLINE_CURVE_WITH_KNOTS('',3,(#6316,#6317,#6318,#6319,#6320,
    #6321,#6322,#6323,#6324,#6325,#6326,#6327,#6328,#6329,#6330,#6331,
    #6332,#6333,#6334,#6335,#6336,#6337,#6338,#6339,#6340),
  .UNSPECIFIED.,.F.,.F.,(4,1,1,1,1,1,1,1,1,1,1,1,1,1,1,1,1,1,1,1,1,1,4),
  (0.129680827455,0.18779505105,0.245909274646,0.304023498242,
    0.362137721838,0.420251945433,0.478366169029,0.536480392625,
    0.59459461622,0.652708839816,0.710823063412,0.768937287008,
    0.827051510603,0.885165734199,0.943279957795,1.001394181391,
    1.059508404986,1.117622628582,1.175736852178,1.233851075773,
    1.291965299369,1.350079522965,1.408193746561),
  .QUASI_UNIFORM_KNOTS.);
#6316 = CARTESIAN_POINT('',(-4.913406936789,3.134485113573));
#6317 = CARTESIAN_POINT('',(-4.913406936789,3.019366882151));
#6318 = CARTESIAN_POINT('',(-4.913406936789,2.789117233107));
#6319 = CARTESIAN_POINT('',(-4.913406936789,2.443821876744));
#6320 = CARTESIAN_POINT('',(-4.913406936789,2.098249610173));
#6321 = CARTESIAN_POINT('',(-4.913406936789,1.75370586723));
#6322 = CARTESIAN_POINT('',(-4.913406936789,1.405324939982));
#6323 = CARTESIAN_POINT('',(-4.913406936789,1.07126422633));
#6324 = CARTESIAN_POINT('',(-4.913406936789,0.683759842595));
#6325 = CARTESIAN_POINT('',(-4.913406936789,8.38078372077E-02));
#6326 = CARTESIAN_POINT('',(-4.913406936787,-0.642485468101));
#6327 = CARTESIAN_POINT('',(-4.913406936776,-1.475895514718));
#6328 = CARTESIAN_POINT('',(-4.913406936748,-2.384634532625));
#6329 = CARTESIAN_POINT('',(-4.91340693669,-3.345191505576));
#6330 = CARTESIAN_POINT('',(-4.91340693659,-4.336304975797));
#6331 = CARTESIAN_POINT('',(-4.913406936439,-5.340138994706));
#6332 = CARTESIAN_POINT('',(-4.913406936233,-6.341533093844));
#6333 = CARTESIAN_POINT('',(-4.91340693598,-7.327772472758));
#6334 = CARTESIAN_POINT('',(-4.913406935701,-8.288222742676));
#6335 = CARTESIAN_POINT('',(-4.913406935442,-9.214005673894));
#6336 = CARTESIAN_POINT('',(-4.913406935276,-10.09766581631));
#6337 = CARTESIAN_POINT('',(-4.913406935312,-10.9328520675));
#6338 = CARTESIAN_POINT('',(-4.913406935698,-11.71396802133));
#6339 = CARTESIAN_POINT('',(-4.913406936339,-12.19529046749));
#6340 = CARTESIAN_POINT('',(-4.913406936789,-12.42522719675));
#6341 = ( GEOMETRIC_REPRESENTATION_CONTEXT(2) 
PARAMETRIC_REPRESENTATION_CONTEXT() REPRESENTATION_CONTEXT('2D SPACE',''
  ) );
#6342 = PCURVE('',#1189,#6343);
#6343 = DEFINITIONAL_REPRESENTATION('',(#6344),#6370);
#6344 = B_SPLINE_CURVE_WITH_KNOTS('',3,(#6345,#6346,#6347,#6348,#6349,
    #6350,#6351,#6352,#6353,#6354,#6355,#6356,#6357,#6358,#6359,#6360,
    #6361,#6362,#6363,#6364,#6365,#6366,#6367,#6368,#6369),
  .UNSPECIFIED.,.F.,.F.,(4,1,1,1,1,1,1,1,1,1,1,1,1,1,1,1,1,1,1,1,1,1,4),
  (0.129680827455,0.18779505105,0.245909274646,0.304023498242,
    0.362137721838,0.420251945433,0.478366169029,0.536480392625,
    0.59459461622,0.652708839816,0.710823063412,0.768937287008,
    0.827051510603,0.885165734199,0.943279957795,1.001394181391,
    1.059508404986,1.117622628582,1.175736852178,1.233851075773,
    1.291965299369,1.350079522965,1.408193746561),
  .QUASI_UNIFORM_KNOTS.);
#6345 = CARTESIAN_POINT('',(4.718754751647,0.881124571153));
#6346 = CARTESIAN_POINT('',(4.718754751647,0.88018610188));
#6347 = CARTESIAN_POINT('',(4.718754751647,0.878309055837));
#6348 = CARTESIAN_POINT('',(4.718754751647,0.875494131753));
#6349 = CARTESIAN_POINT('',(4.718754751647,0.872676950236));
#6350 = CARTESIAN_POINT('',(4.718754751647,0.869868153471));
#6351 = CARTESIAN_POINT('',(4.718754751647,0.867028075131));
#6352 = CARTESIAN_POINT('',(4.718754751647,0.864304738338));
#6353 = CARTESIAN_POINT('',(4.718754751647,0.861145716932));
#6354 = CARTESIAN_POINT('',(4.718754751647,0.856254775545));
#6355 = CARTESIAN_POINT('',(4.718754751648,0.850333871949));
#6356 = CARTESIAN_POINT('',(4.718754751657,0.843539728997));
#6357 = CARTESIAN_POINT('',(4.718754751683,0.836131487617));
#6358 = CARTESIAN_POINT('',(4.718754751739,0.828300814811));
#6359 = CARTESIAN_POINT('',(4.718754751841,0.820221038684));
#6360 = CARTESIAN_POINT('',(4.718754752001,0.812037561832));
#6361 = CARTESIAN_POINT('',(4.718754752227,0.803873975745));
#6362 = CARTESIAN_POINT('',(4.718754752513,0.795833934288));
#6363 = CARTESIAN_POINT('',(4.718754752838,0.788004131349));
#6364 = CARTESIAN_POINT('',(4.71875475315,0.780456944219));
#6365 = CARTESIAN_POINT('',(4.718754753366,0.773253151376));
#6366 = CARTESIAN_POINT('',(4.718754753352,0.766444528412));
#6367 = CARTESIAN_POINT('',(4.718754752926,0.760076698465));
#6368 = CARTESIAN_POINT('',(4.718754752179,0.756152851472));
#6369 = CARTESIAN_POINT('',(4.718754751647,0.754278356421));
#6370 = ( GEOMETRIC_REPRESENTATION_CONTEXT(2) 
PARAMETRIC_REPRESENTATION_CONTEXT() REPRESENTATION_CONTEXT('2D SPACE',''
  ) );
#6371 = ORIENTED_EDGE('',*,*,#6265,.F.);
#6372 = ORIENTED_EDGE('',*,*,#3982,.T.);
#6373 = ORIENTED_EDGE('',*,*,#6374,.T.);
#6374 = EDGE_CURVE('',#3958,#6375,#6377,.T.);
#6375 = VERTEX_POINT('',#6376);
#6376 = CARTESIAN_POINT('',(294.35231930311,-174.6804025301,
    19.410393544662));
#6377 = SURFACE_CURVE('',#6378,(#6383,#6417),.PCURVE_S1.);
#6378 = ELLIPSE('',#6379,2.963350753586,1.658333333333);
#6379 = AXIS2_PLACEMENT_3D('',#6380,#6381,#6382);
#6380 = CARTESIAN_POINT('',(292.44752225433,-176.9504512561,
    19.417555083564));
#6381 = DIRECTION('',(0.766044443119,-0.642787609687,6.505213034913E-19)
  );
#6382 = DIRECTION('',(-0.642783630574,-0.766039700997,3.518630731648E-03
    ));
#6383 = PCURVE('',#3999,#6384);
#6384 = DEFINITIONAL_REPRESENTATION('',(#6385),#6416);
#6385 = B_SPLINE_CURVE_WITH_KNOTS('',8,(#6386,#6387,#6388,#6389,#6390,
    #6391,#6392,#6393,#6394,#6395,#6396,#6397,#6398,#6399,#6400,#6401,
    #6402,#6403,#6404,#6405,#6406,#6407,#6408,#6409,#6410,#6411,#6412,
    #6413,#6414,#6415),.UNSPECIFIED.,.F.,.F.,(9,7,7,7,9),(3.143561739161
    ,4.714358065955,5.892455311052,7.659601178696,9.42674704634),
  .UNSPECIFIED.);
#6386 = CARTESIAN_POINT('',(-12.56637061435,1.1642232202));
#6387 = CARTESIAN_POINT('',(-12.37002107351,1.165172736625));
#6388 = CARTESIAN_POINT('',(-12.17367153266,1.274330306122));
#6389 = CARTESIAN_POINT('',(-11.97732199181,1.491639225521));
#6390 = CARTESIAN_POINT('',(-11.78097245096,1.808147822157));
#6391 = CARTESIAN_POINT('',(-11.58462291011,2.205997300523));
#6392 = CARTESIAN_POINT('',(-11.38827336926,2.660305085514));
#6393 = CARTESIAN_POINT('',(-11.19192382841,3.142729512754));
#6394 = CARTESIAN_POINT('',(-10.84831213192,3.986599185481));
#6395 = CARTESIAN_POINT('',(-10.70104997629,4.34813763143));
#6396 = CARTESIAN_POINT('',(-10.55378782065,4.697605769209));
#6397 = CARTESIAN_POINT('',(-10.40652566501,5.023055485707));
#6398 = CARTESIAN_POINT('',(-10.25926350937,5.313379586211));
#6399 = CARTESIAN_POINT('',(-10.11200135374,5.559129042108));
#6400 = CARTESIAN_POINT('',(-9.964739198105,5.75315156946));
#6401 = CARTESIAN_POINT('',(-9.596583809013,6.097508471185));
#6402 = CARTESIAN_POINT('',(-9.375690575561,6.177493292255));
#6403 = CARTESIAN_POINT('',(-9.154797342106,6.115488144009));
#6404 = CARTESIAN_POINT('',(-8.933904108677,5.909305458488));
#6405 = CARTESIAN_POINT('',(-8.713010875185,5.572360581005));
#6406 = CARTESIAN_POINT('',(-8.49211764174,5.132572283375));
#6407 = CARTESIAN_POINT('',(-8.271224408279,4.626753023349));
#6408 = CARTESIAN_POINT('',(-7.829437941368,3.562208432581));
#6409 = CARTESIAN_POINT('',(-7.608544707918,3.003482512635));
#6410 = CARTESIAN_POINT('',(-7.387651474443,2.457882015313));
#6411 = CARTESIAN_POINT('',(-7.16675824104,1.967721929272));
#6412 = CARTESIAN_POINT('',(-6.945865007524,1.571948165096));
#6413 = CARTESIAN_POINT('',(-6.724971774097,1.299037819293));
#6414 = CARTESIAN_POINT('',(-6.504078540635,1.163155014222));
#6415 = CARTESIAN_POINT('',(-6.28318530718,1.1642232202));
#6416 = ( GEOMETRIC_REPRESENTATION_CONTEXT(2) 
PARAMETRIC_REPRESENTATION_CONTEXT() REPRESENTATION_CONTEXT('2D SPACE',''
  ) );
#6417 = PCURVE('',#3971,#6418);
#6418 = DEFINITIONAL_REPRESENTATION('',(#6419),#6427);
#6419 = ( BOUNDED_CURVE() B_SPLINE_CURVE(2,(#6420,#6421,#6422,#6423,
#6424,#6425,#6426),.UNSPECIFIED.,.T.,.F.) B_SPLINE_CURVE_WITH_KNOTS((1,2
    ,2,2,2,1),(-2.094395102393,0.,2.094395102393,4.188790204786,
6.28318530718,8.377580409573),.UNSPECIFIED.) CURVE() 
GEOMETRIC_REPRESENTATION_ITEM() RATIONAL_B_SPLINE_CURVE((1.,0.5,1.,0.5,
1.,0.5,1.)) REPRESENTATION_ITEM('') );
#6420 = CARTESIAN_POINT('',(-5.966358247804,-2.689138954463));
#6421 = CARTESIAN_POINT('',(-5.976464872744,0.18316085396));
#6422 = CARTESIAN_POINT('',(-1.526412946385,-1.237348644706));
#6423 = CARTESIAN_POINT('',(2.923638979973,-2.657858143372));
#6424 = CARTESIAN_POINT('',(-1.516306321445,-4.109648453129));
#6425 = CARTESIAN_POINT('',(-5.956251622863,-5.561438762886));
#6426 = CARTESIAN_POINT('',(-5.966358247804,-2.689138954463));
#6427 = ( GEOMETRIC_REPRESENTATION_CONTEXT(2) 
PARAMETRIC_REPRESENTATION_CONTEXT() REPRESENTATION_CONTEXT('2D SPACE',''
  ) );
#6428 = ORIENTED_EDGE('',*,*,#6429,.T.);
#6429 = EDGE_CURVE('',#6375,#6297,#6430,.T.);
#6430 = SURFACE_CURVE('',#6431,(#6436,#6470),.PCURVE_S1.);
#6431 = ELLIPSE('',#6432,2.963350753586,1.658333333333);
#6432 = AXIS2_PLACEMENT_3D('',#6433,#6434,#6435);
#6433 = CARTESIAN_POINT('',(292.44752225433,-176.9504512561,
    19.417555083564));
#6434 = DIRECTION('',(0.766044443119,-0.642787609687,6.505213034913E-19)
  );
#6435 = DIRECTION('',(-0.642783630574,-0.766039700997,3.518630731648E-03
    ));
#6436 = PCURVE('',#3999,#6437);
#6437 = DEFINITIONAL_REPRESENTATION('',(#6438),#6469);
#6438 = B_SPLINE_CURVE_WITH_KNOTS('',8,(#6439,#6440,#6441,#6442,#6443,
    #6444,#6445,#6446,#6447,#6448,#6449,#6450,#6451,#6452,#6453,#6454,
    #6455,#6456,#6457,#6458,#6459,#6460,#6461,#6462,#6463,#6464,#6465,
    #6466,#6467,#6468),.UNSPECIFIED.,.F.,.F.,(9,7,7,7,9),(3.143561739161
    ,4.714358065955,5.892455311052,7.659601178696,9.42674704634),
  .UNSPECIFIED.);
#6439 = CARTESIAN_POINT('',(-6.28318530718,1.1642232202));
#6440 = CARTESIAN_POINT('',(-6.08683576633,1.165172736625));
#6441 = CARTESIAN_POINT('',(-5.890486225481,1.274330306122));
#6442 = CARTESIAN_POINT('',(-5.694136684634,1.491639225521));
#6443 = CARTESIAN_POINT('',(-5.497787143783,1.808147822157));
#6444 = CARTESIAN_POINT('',(-5.301437602937,2.205997300523));
#6445 = CARTESIAN_POINT('',(-5.105088062083,2.660305085514));
#6446 = CARTESIAN_POINT('',(-4.908738521234,3.142729512754));
#6447 = CARTESIAN_POINT('',(-4.565126824748,3.986599185481));
#6448 = CARTESIAN_POINT('',(-4.417864669111,4.34813763143));
#6449 = CARTESIAN_POINT('',(-4.270602513474,4.697605769209));
#6450 = CARTESIAN_POINT('',(-4.123340357837,5.023055485707));
#6451 = CARTESIAN_POINT('',(-3.9760782022,5.313379586211));
#6452 = CARTESIAN_POINT('',(-3.828816046562,5.559129042108));
#6453 = CARTESIAN_POINT('',(-3.681553890926,5.75315156946));
#6454 = CARTESIAN_POINT('',(-3.313398501833,6.097508471185));
#6455 = CARTESIAN_POINT('',(-3.092505268382,6.177493292255));
#6456 = CARTESIAN_POINT('',(-2.871612034927,6.115488144009));
#6457 = CARTESIAN_POINT('',(-2.650718801498,5.909305458488));
#6458 = CARTESIAN_POINT('',(-2.429825568005,5.572360581005));
#6459 = CARTESIAN_POINT('',(-2.208932334561,5.132572283375));
#6460 = CARTESIAN_POINT('',(-1.9880391011,4.626753023349));
#6461 = CARTESIAN_POINT('',(-1.546252634189,3.562208432581));
#6462 = CARTESIAN_POINT('',(-1.325359400739,3.003482512635));
#6463 = CARTESIAN_POINT('',(-1.104466167263,2.457882015313));
#6464 = CARTESIAN_POINT('',(-0.88357293386,1.967721929272));
#6465 = CARTESIAN_POINT('',(-0.662679700344,1.571948165096));
#6466 = CARTESIAN_POINT('',(-0.441786466918,1.299037819293));
#6467 = CARTESIAN_POINT('',(-0.220893233456,1.163155014222));
#6468 = CARTESIAN_POINT('',(-8.881784197001E-15,1.1642232202));
#6469 = ( GEOMETRIC_REPRESENTATION_CONTEXT(2) 
PARAMETRIC_REPRESENTATION_CONTEXT() REPRESENTATION_CONTEXT('2D SPACE',''
  ) );
#6470 = PCURVE('',#3971,#6471);
#6471 = DEFINITIONAL_REPRESENTATION('',(#6472),#6480);
#6472 = ( BOUNDED_CURVE() B_SPLINE_CURVE(2,(#6473,#6474,#6475,#6476,
#6477,#6478,#6479),.UNSPECIFIED.,.T.,.F.) B_SPLINE_CURVE_WITH_KNOTS((1,2
    ,2,2,2,1),(-2.094395102393,0.,2.094395102393,4.188790204786,
6.28318530718,8.377580409573),.UNSPECIFIED.) CURVE() 
GEOMETRIC_REPRESENTATION_ITEM() RATIONAL_B_SPLINE_CURVE((1.,0.5,1.,0.5,
1.,0.5,1.)) REPRESENTATION_ITEM('') );
#6473 = CARTESIAN_POINT('',(-5.966358247804,-2.689138954463));
#6474 = CARTESIAN_POINT('',(-5.976464872744,0.18316085396));
#6475 = CARTESIAN_POINT('',(-1.526412946385,-1.237348644706));
#6476 = CARTESIAN_POINT('',(2.923638979973,-2.657858143372));
#6477 = CARTESIAN_POINT('',(-1.516306321445,-4.109648453129));
#6478 = CARTESIAN_POINT('',(-5.956251622863,-5.561438762886));
#6479 = CARTESIAN_POINT('',(-5.966358247804,-2.689138954463));
#6480 = ( GEOMETRIC_REPRESENTATION_CONTEXT(2) 
PARAMETRIC_REPRESENTATION_CONTEXT() REPRESENTATION_CONTEXT('2D SPACE',''
  ) );
#6481 = ADVANCED_FACE('',(#6482,#6823),#3971,.T.);
#6482 = FACE_BOUND('',#6483,.F.);
#6483 = EDGE_LOOP('',(#6484,#6485,#6486,#6506,#6573,#6822));
#6484 = ORIENTED_EDGE('',*,*,#6374,.T.);
#6485 = ORIENTED_EDGE('',*,*,#6429,.T.);
#6486 = ORIENTED_EDGE('',*,*,#6487,.F.);
#6487 = EDGE_CURVE('',#6488,#6297,#6490,.T.);
#6488 = VERTEX_POINT('',#6489);
#6489 = CARTESIAN_POINT('',(292.62197959027,-176.7425410992,
    20.595762467457));
#6490 = SURFACE_CURVE('',#6491,(#6494,#6500),.PCURVE_S1.);
#6491 = B_SPLINE_CURVE_WITH_KNOTS('',1,(#6492,#6493),.UNSPECIFIED.,.F.,
  .F.,(2,2),(0.,1.),.PIECEWISE_BEZIER_KNOTS.);
#6492 = CARTESIAN_POINT('',(292.44752174079,-176.9504518681,
    20.218394121504));
#6493 = CARTESIAN_POINT('',(292.84395281436,-176.478003712,
    21.075910931235));
#6494 = PCURVE('',#3971,#6495);
#6495 = DEFINITIONAL_REPRESENTATION('',(#6496),#6499);
#6496 = B_SPLINE_CURVE_WITH_KNOTS('',1,(#6497,#6498),.UNSPECIFIED.,.F.,
  .F.,(2,2),(0.,1.),.PIECEWISE_BEZIER_KNOTS.);
#6497 = CARTESIAN_POINT('',(-3.003026637466,-3.479551055373));
#6498 = CARTESIAN_POINT('',(-2.386289370605,-4.337067865104));
#6499 = ( GEOMETRIC_REPRESENTATION_CONTEXT(2) 
PARAMETRIC_REPRESENTATION_CONTEXT() REPRESENTATION_CONTEXT('2D SPACE',''
  ) );
#6500 = PCURVE('',#1189,#6501);
#6501 = DEFINITIONAL_REPRESENTATION('',(#6502),#6505);
#6502 = B_SPLINE_CURVE_WITH_KNOTS('',1,(#6503,#6504),.UNSPECIFIED.,.F.,
  .F.,(2,2),(0.,1.),.PIECEWISE_BEZIER_KNOTS.);
#6503 = CARTESIAN_POINT('',(5.60747573229,0.884839769411));
#6504 = CARTESIAN_POINT('',(4.681120057691,0.880967243541));
#6505 = ( GEOMETRIC_REPRESENTATION_CONTEXT(2) 
PARAMETRIC_REPRESENTATION_CONTEXT() REPRESENTATION_CONTEXT('2D SPACE',''
  ) );
#6506 = ORIENTED_EDGE('',*,*,#6507,.T.);
#6507 = EDGE_CURVE('',#6488,#6508,#6510,.T.);
#6508 = VERTEX_POINT('',#6509);
#6509 = CARTESIAN_POINT('',(292.44752225433,-176.9504512561,
    20.605616267401));
#6510 = SURFACE_CURVE('',#6511,(#6520,#6532),.PCURVE_S1.);
#6511 = B_SPLINE_CURVE_WITH_KNOTS('',4,(#6512,#6513,#6514,#6515,#6516,
    #6517,#6518,#6519),.UNSPECIFIED.,.F.,.F.,(5,3,5),(0.,0.699657278665,
    1.),.UNSPECIFIED.);
#6512 = CARTESIAN_POINT('',(292.62402010238,-176.7401093116,
    20.595529719904));
#6513 = CARTESIAN_POINT('',(292.59322304091,-176.7768118203,
    20.599063288084));
#6514 = CARTESIAN_POINT('',(292.56237252985,-176.8135780276,
    20.601767551993));
#6515 = CARTESIAN_POINT('',(292.53148828377,-176.8503844389,
    20.603648270877));
#6516 = CARTESIAN_POINT('',(292.48732503624,-176.9030161478,
    20.605161417476));
#6517 = CARTESIAN_POINT('',(292.47405818676,-176.9188269633,
    20.605464400815));
#6518 = CARTESIAN_POINT('',(292.46079009536,-176.9346392589,
    20.605616025039));
#6519 = CARTESIAN_POINT('',(292.44752225433,-176.9504512561,
    20.605616267401));
#6520 = PCURVE('',#3971,#6521);
#6521 = DEFINITIONAL_REPRESENTATION('',(#6522),#6531);
#6522 = B_SPLINE_CURVE_WITH_KNOTS('',4,(#6523,#6524,#6525,#6526,#6527,
    #6528,#6529,#6530),.UNSPECIFIED.,.F.,.F.,(5,3,5),(0.,0.699657278665,
    1.),.UNSPECIFIED.);
#6523 = CARTESIAN_POINT('',(-2.728443930941,-3.856686653773));
#6524 = CARTESIAN_POINT('',(-2.776355653264,-3.860220221952));
#6525 = CARTESIAN_POINT('',(-2.824350528396,-3.862924485862));
#6526 = CARTESIAN_POINT('',(-2.872397885892,-3.864805204746));
#6527 = CARTESIAN_POINT('',(-2.941103702345,-3.866318351345));
#6528 = CARTESIAN_POINT('',(-2.961743256184,-3.866621334683));
#6529 = CARTESIAN_POINT('',(-2.982384742125,-3.866772958907));
#6530 = CARTESIAN_POINT('',(-3.003025838545,-3.866773201269));
#6531 = ( GEOMETRIC_REPRESENTATION_CONTEXT(2) 
PARAMETRIC_REPRESENTATION_CONTEXT() REPRESENTATION_CONTEXT('2D SPACE',''
  ) );
#6532 = PCURVE('',#6533,#6562);
#6533 = B_SPLINE_SURFACE_WITH_KNOTS('',13,1,(
    (#6534,#6535)
    ,(#6536,#6537)
    ,(#6538,#6539)
    ,(#6540,#6541)
    ,(#6542,#6543)
    ,(#6544,#6545)
    ,(#6546,#6547)
    ,(#6548,#6549)
    ,(#6550,#6551)
    ,(#6552,#6553)
    ,(#6554,#6555)
    ,(#6556,#6557)
    ,(#6558,#6559)
    ,(#6560,#6561
    )),.UNSPECIFIED.,.T.,.F.,.F.,(14,14),(2,2),(0.,6.28318530718),(0.,1.
    ),.PIECEWISE_BEZIER_KNOTS.);
#6534 = CARTESIAN_POINT('',(303.59135821248,-70.4,20.603983091432));
#6535 = CARTESIAN_POINT('',(291.08270372175,-190.,20.605816287289));
#6536 = CARTESIAN_POINT('',(304.31577725692,-70.39999999999,
    20.60398309143));
#6537 = CARTESIAN_POINT('',(291.63852396047,-189.9999999999,
    20.605816287288));
#6538 = CARTESIAN_POINT('',(305.04019659114,-70.40000000002,
    20.224676085388));
#6539 = CARTESIAN_POINT('',(292.19434442136,-190.0000000001,
    20.314787893904));
#6540 = CARTESIAN_POINT('',(305.54795412984,-70.39999999992,
    19.466084655182));
#6541 = CARTESIAN_POINT('',(292.58392821112,-189.9999999996,
    19.732748433391));
#6542 = CARTESIAN_POINT('',(305.62241466433,-70.40000000014,
    18.464216879548));
#6543 = CARTESIAN_POINT('',(292.64105905491,-190.0000000007,
    18.964051930342));
#6544 = CARTESIAN_POINT('',(305.14185434545,-70.39999999979,
    17.491773718957));
#6545 = CARTESIAN_POINT('',(292.27234269965,-189.9999999989,
    18.217931858281));
#6546 = CARTESIAN_POINT('',(304.17507536609,-70.40000000021,
    16.881330772054));
#6547 = CARTESIAN_POINT('',(291.5305685439,-190.0000000012,
    17.749561310786));
#6548 = CARTESIAN_POINT('',(303.00764105896,-70.39999999982,
    16.881330771919));
#6549 = CARTESIAN_POINT('',(290.63483889976,-189.9999999987,
    17.749561310676));
#6550 = CARTESIAN_POINT('',(302.04086207931,-70.40000000011,
    17.491773719065));
#6551 = CARTESIAN_POINT('',(289.89306474344,-190.0000000009,
    18.217931858368));
#6552 = CARTESIAN_POINT('',(301.56030176083,-70.39999999994,
    18.46421687948));
#6553 = CARTESIAN_POINT('',(289.52434838897,-189.9999999994,
    18.964051930288));
#6554 = CARTESIAN_POINT('',(301.63476229501,-70.40000000002,
    19.466084655215));
#6555 = CARTESIAN_POINT('',(289.58147923213,-190.0000000002,
    19.732748433416));
#6556 = CARTESIAN_POINT('',(302.14251983387,-70.39999999999,
    20.224676085376));
#6557 = CARTESIAN_POINT('',(289.97106302223,-189.9999999999,
    20.314787893895));
#6558 = CARTESIAN_POINT('',(302.86693916803,-70.4,20.603983091433));
#6559 = CARTESIAN_POINT('',(290.52688348299,-190.,20.60581628729));
#6560 = CARTESIAN_POINT('',(303.59135821248,-70.4,20.603983091432));
#6561 = CARTESIAN_POINT('',(291.08270372175,-190.,20.605816287289));
#6562 = DEFINITIONAL_REPRESENTATION('',(#6563),#6572);
#6563 = B_SPLINE_CURVE_WITH_KNOTS('',4,(#6564,#6565,#6566,#6567,#6568,
    #6569,#6570,#6571),.UNSPECIFIED.,.F.,.F.,(5,3,5),(0.,0.699657278665,
    1.),.UNSPECIFIED.);
#6564 = CARTESIAN_POINT('',(0.130344388595,0.88913134876));
#6565 = CARTESIAN_POINT('',(0.107482752761,0.889438225922));
#6566 = CARTESIAN_POINT('',(8.466728003883E-02,0.889745635683));
#6567 = CARTESIAN_POINT('',(6.187999084779E-02,0.890053381596));
#6568 = CARTESIAN_POINT('',(2.932594634549E-02,0.890493446052));
#6569 = CARTESIAN_POINT('',(1.955053140624E-02,0.890625643506));
#6570 = CARTESIAN_POINT('',(9.775679331576E-03,0.890757853336));
#6571 = CARTESIAN_POINT('',(0.,0.89089006067));
#6572 = ( GEOMETRIC_REPRESENTATION_CONTEXT(2) 
PARAMETRIC_REPRESENTATION_CONTEXT() REPRESENTATION_CONTEXT('2D SPACE',''
  ) );
#6573 = ORIENTED_EDGE('',*,*,#6574,.T.);
#6574 = EDGE_CURVE('',#6508,#3837,#6575,.T.);
#6575 = SURFACE_CURVE('',#6576,(#6656,#6739),.PCURVE_S1.);
#6576 = B_SPLINE_CURVE_WITH_KNOTS('',8,(#6577,#6578,#6579,#6580,#6581,
    #6582,#6583,#6584,#6585,#6586,#6587,#6588,#6589,#6590,#6591,#6592,
    #6593,#6594,#6595,#6596,#6597,#6598,#6599,#6600,#6601,#6602,#6603,
    #6604,#6605,#6606,#6607,#6608,#6609,#6610,#6611,#6612,#6613,#6614,
    #6615,#6616,#6617,#6618,#6619,#6620,#6621,#6622,#6623,#6624,#6625,
    #6626,#6627,#6628,#6629,#6630,#6631,#6632,#6633,#6634,#6635,#6636,
    #6637,#6638,#6639,#6640,#6641,#6642,#6643,#6644,#6645,#6646,#6647,
    #6648,#6649,#6650,#6651,#6652,#6653,#6654,#6655),.UNSPECIFIED.,.F.,
  .F.,(9,7,7,7,7,7,7,7,7,7,7,9),(0.,0.262321803457,0.338851281402,
    0.393607536013,0.421528894515,0.476190689384,0.530462750446,
    0.558396744119,0.613184813496,0.689760612275,0.953344155728,1.),
  .UNSPECIFIED.);
#6577 = CARTESIAN_POINT('',(292.44752225433,-176.9504512561,
    20.6056162674));
#6578 = CARTESIAN_POINT('',(292.32436735635,-177.0972215482,
    20.605618517055));
#6579 = CARTESIAN_POINT('',(292.20149826277,-177.2436512319,
    20.594440589877));
#6580 = CARTESIAN_POINT('',(292.07926130667,-177.3893275635,
    20.572160798457));
#6581 = CARTESIAN_POINT('',(291.958267141,-177.5335227951,
    20.538429105879));
#6582 = CARTESIAN_POINT('',(291.83937904195,-177.6752081143,
    20.492742267926));
#6583 = CARTESIAN_POINT('',(291.72383042639,-177.812913592,
    20.434310330798));
#6584 = CARTESIAN_POINT('',(291.61313682778,-177.9448330858,
    20.362303141691));
#6585 = CARTESIAN_POINT('',(291.47933325249,-178.1042939774,
    20.249540597909));
#6586 = CARTESIAN_POINT('',(291.44974254121,-178.1395588138,
    20.222791860443));
#6587 = CARTESIAN_POINT('',(291.42084287762,-178.1740000917,
    20.194729318604));
#6588 = CARTESIAN_POINT('',(291.39270898604,-178.2075287581,
    20.165322810602));
#6589 = CARTESIAN_POINT('',(291.36542758896,-178.2400414611,
    20.134545920477));
#6590 = CARTESIAN_POINT('',(291.33909693552,-178.2714211119,
    20.102377426239));
#6591 = CARTESIAN_POINT('',(291.31382632996,-178.3015374469,
    20.068802748009));
#6592 = CARTESIAN_POINT('',(291.27249897061,-178.3507894759,
    20.008782214213));
#6593 = CARTESIAN_POINT('',(291.25586801676,-178.3706094749,
    19.983028205694));
#6594 = CARTESIAN_POINT('',(291.23988711836,-178.3896547679,
    19.956552539609));
#6595 = CARTESIAN_POINT('',(291.22460512603,-178.4078671372,
    19.929358994505));
#6596 = CARTESIAN_POINT('',(291.21007434562,-178.425184247,
    19.901456946356));
#6597 = CARTESIAN_POINT('',(291.19634946266,-178.4415409255,
    19.872862356444));
#6598 = CARTESIAN_POINT('',(291.18348646681,-178.456870447,
    19.843598759245));
#6599 = CARTESIAN_POINT('',(291.165450627,-178.4783647239,
    19.798451355951));
#6600 = CARTESIAN_POINT('',(291.15959840588,-178.4853391295,
    19.783039139342));
#6601 = CARTESIAN_POINT('',(291.15399256301,-178.4920199129,
    19.767466032788));
#6602 = CARTESIAN_POINT('',(291.14864058044,-178.4983981573,
    19.751737171984));
#6603 = CARTESIAN_POINT('',(291.14354977208,-178.5044651465,
    19.735858396013));
#6604 = CARTESIAN_POINT('',(291.13872728379,-178.5102123642,
    19.719836247343));
#6605 = CARTESIAN_POINT('',(291.13418009333,-178.5156314948,
    19.703677971831));
#6606 = CARTESIAN_POINT('',(291.12156523438,-178.5306652983,
    19.655507441196));
#6607 = CARTESIAN_POINT('',(291.11429525352,-178.5393293241,
    19.623127864349));
#6608 = CARTESIAN_POINT('',(291.10815673568,-178.5466449248,
    19.590318092643));
#6609 = CARTESIAN_POINT('',(291.10319441706,-178.5525587858,
    19.557150608983));
#6610 = CARTESIAN_POINT('',(291.09944434466,-178.5570279481,
    19.523704932531));
#6611 = CARTESIAN_POINT('',(291.09693211882,-178.5600219022,
    19.490067476514));
#6612 = CARTESIAN_POINT('',(291.09567113572,-178.5615246834,
    19.456331406042));
#6613 = CARTESIAN_POINT('',(291.09565059742,-178.56154916,19.38910211273
    ));
#6614 = CARTESIAN_POINT('',(291.09687326902,-178.5600920367,
    19.355601814911));
#6615 = CARTESIAN_POINT('',(291.09932888747,-178.5571655446,
    19.322193114451));
#6616 = CARTESIAN_POINT('',(291.10300395589,-178.5527857686,
    19.288967089213));
#6617 = CARTESIAN_POINT('',(291.10787316034,-178.5469828767,
    19.25600824405));
#6618 = CARTESIAN_POINT('',(291.1139010926,-178.5397990668,
    19.223394371928));
#6619 = CARTESIAN_POINT('',(291.12104397278,-178.5312865136,
    19.191196415056));
#6620 = CARTESIAN_POINT('',(291.13347574521,-178.5164709042,
    19.143152929819));
#6621 = CARTESIAN_POINT('',(291.13798248732,-178.5110999781,
    19.12695358199));
#6622 = CARTESIAN_POINT('',(291.1427647907,-178.5054006508,
    19.110888261962));
#6623 = CARTESIAN_POINT('',(291.14781568096,-178.4993812342,
    19.094964247275));
#6624 = CARTESIAN_POINT('',(291.15312801696,-178.4930502387,
    19.079188113562));
#6625 = CARTESIAN_POINT('',(291.1586944908,-178.4864163735,
    19.063565734551));
#6626 = CARTESIAN_POINT('',(291.16450762787,-178.4794885465,
    19.048102282067));
#6627 = CARTESIAN_POINT('',(291.1824301304,-178.4581293398,
    19.002793608521));
#6628 = CARTESIAN_POINT('',(291.19521994359,-178.4428870339,
    18.973414667797));
#6629 = CARTESIAN_POINT('',(291.2088730499,-178.4266158954,
    18.944697780753));
#6630 = CARTESIAN_POINT('',(291.22333351074,-178.4093825893,
    18.916666791064));
#6631 = CARTESIAN_POINT('',(291.23854669762,-178.3912522192,
    18.889337984804));
#6632 = CARTESIAN_POINT('',(291.2544603643,-178.3722870497,
    18.862721066077));
#6633 = CARTESIAN_POINT('',(291.27102571899,-178.3525452288,
    18.836820132641));
#6634 = CARTESIAN_POINT('',(291.31220042196,-178.3034751286,
    18.776433587591));
#6635 = CARTESIAN_POINT('',(291.33738564312,-178.2734605508,
    18.742634801766));
#6636 = CARTESIAN_POINT('',(291.36363438491,-178.2421785185,
    18.710232645108));
#6637 = CARTESIAN_POINT('',(291.39083744547,-178.2097591733,
    18.679213361317));
#6638 = CARTESIAN_POINT('',(291.41889666172,-178.1763195015,
    18.649556517084));
#6639 = CARTESIAN_POINT('',(291.44772537472,-178.1419627792,
    18.621236432428));
#6640 = CARTESIAN_POINT('',(291.47724889522,-178.1067780176,
    18.594223611034));
#6641 = CARTESIAN_POINT('',(291.61120597334,-177.9471341885,
    18.47989465916));
#6642 = CARTESIAN_POINT('',(291.72222034325,-177.8148324144,
    18.406652708611));
#6643 = CARTESIAN_POINT('',(291.83816486159,-177.6766551181,
    18.347045989557));
#6644 = CARTESIAN_POINT('',(291.95750878308,-177.5344265709,
    18.300253768383));
#6645 = CARTESIAN_POINT('',(292.07900466864,-177.3896334128,
    18.265491867948));
#6646 = CARTESIAN_POINT('',(292.20178006922,-177.2433153881,
    18.242265384171));
#6647 = CARTESIAN_POINT('',(292.32521684528,-177.0962091667,
    18.2302320013));
#6648 = CARTESIAN_POINT('',(292.47086806284,-176.9226288049,
    18.22935223087));
#6649 = CARTESIAN_POINT('',(292.49277325496,-176.8965232135,
    18.229573562936));
#6650 = CARTESIAN_POINT('',(292.51467585206,-176.8704207148,
    18.23014855579));
#6651 = CARTESIAN_POINT('',(292.53657201774,-176.8443258806,
    18.231077477155));
#6652 = CARTESIAN_POINT('',(292.55845787606,-176.8182433304,
    18.232360839432));
#6653 = CARTESIAN_POINT('',(292.58032951154,-176.7921777302,
    18.233999399698));
#6654 = CARTESIAN_POINT('',(292.60218296918,-176.7661337936,
    18.235994159709));
#6655 = CARTESIAN_POINT('',(292.62401425444,-176.7401162809,
    18.238346365895));
#6656 = PCURVE('',#3971,#6657);
#6657 = DEFINITIONAL_REPRESENTATION('',(#6658),#6738);
#6658 = B_SPLINE_CURVE_WITH_KNOTS('',8,(#6659,#6660,#6661,#6662,#6663,
    #6664,#6665,#6666,#6667,#6668,#6669,#6670,#6671,#6672,#6673,#6674,
    #6675,#6676,#6677,#6678,#6679,#6680,#6681,#6682,#6683,#6684,#6685,
    #6686,#6687,#6688,#6689,#6690,#6691,#6692,#6693,#6694,#6695,#6696,
    #6697,#6698,#6699,#6700,#6701,#6702,#6703,#6704,#6705,#6706,#6707,
    #6708,#6709,#6710,#6711,#6712,#6713,#6714,#6715,#6716,#6717,#6718,
    #6719,#6720,#6721,#6722,#6723,#6724,#6725,#6726,#6727,#6728,#6729,
    #6730,#6731,#6732,#6733,#6734,#6735,#6736,#6737),.UNSPECIFIED.,.F.,
  .F.,(9,7,7,7,7,7,7,7,7,7,7,9),(0.,0.262321803457,0.338851281402,
    0.393607536013,0.421528894515,0.476190689384,0.530462750446,
    0.558396744119,0.613184813496,0.689760612275,0.953344155728,1.),
  .UNSPECIFIED.);
#6659 = CARTESIAN_POINT('',(-3.003025838545,-3.866773201269));
#6660 = CARTESIAN_POINT('',(-3.194620847728,-3.866775450924));
#6661 = CARTESIAN_POINT('',(-3.385771224195,-3.855597523746));
#6662 = CARTESIAN_POINT('',(-3.575938169324,-3.833317732325));
#6663 = CARTESIAN_POINT('',(-3.764171675756,-3.799586039747));
#6664 = CARTESIAN_POINT('',(-3.949128724188,-3.753899201794));
#6665 = CARTESIAN_POINT('',(-4.128890458575,-3.695467264666));
#6666 = CARTESIAN_POINT('',(-4.301099127402,-3.62346007556));
#6667 = CARTESIAN_POINT('',(-4.509260537607,-3.510697531777));
#6668 = CARTESIAN_POINT('',(-4.555295512192,-3.483948794312));
#6669 = CARTESIAN_POINT('',(-4.600255407427,-3.455886252473));
#6670 = CARTESIAN_POINT('',(-4.644023972901,-3.426479744471));
#6671 = CARTESIAN_POINT('',(-4.686466292367,-3.395702854346));
#6672 = CARTESIAN_POINT('',(-4.727429517307,-3.363534360107));
#6673 = CARTESIAN_POINT('',(-4.766743600493,-3.329959681878));
#6674 = CARTESIAN_POINT('',(-4.831037558142,-3.269939148082));
#6675 = CARTESIAN_POINT('',(-4.856910729314,-3.244185139563));
#6676 = CARTESIAN_POINT('',(-4.881772593718,-3.217709473477));
#6677 = CARTESIAN_POINT('',(-4.905547153308,-3.190515928373));
#6678 = CARTESIAN_POINT('',(-4.928153034622,-3.162613880224));
#6679 = CARTESIAN_POINT('',(-4.949505162063,-3.134019290313));
#6680 = CARTESIAN_POINT('',(-4.969516431185,-3.104755693114));
#6681 = CARTESIAN_POINT('',(-4.997575216913,-3.05960828982));
#6682 = CARTESIAN_POINT('',(-5.006679656763,-3.04419607321));
#6683 = CARTESIAN_POINT('',(-5.015400800072,-3.028622966657));
#6684 = CARTESIAN_POINT('',(-5.023727006888,-3.012894105853));
#6685 = CARTESIAN_POINT('',(-5.03164689875,-2.997015329882));
#6686 = CARTESIAN_POINT('',(-5.03914935869,-2.980993181212));
#6687 = CARTESIAN_POINT('',(-5.046223531234,-2.9648349057));
#6688 = CARTESIAN_POINT('',(-5.065848767875,-2.916664375064));
#6689 = CARTESIAN_POINT('',(-5.077158850314,-2.884284798218));
#6690 = CARTESIAN_POINT('',(-5.086708688776,-2.851475026512));
#6691 = CARTESIAN_POINT('',(-5.094428686099,-2.818307542852));
#6692 = CARTESIAN_POINT('',(-5.100262763083,-2.784861866399));
#6693 = CARTESIAN_POINT('',(-5.104171092671,-2.751224410383));
#6694 = CARTESIAN_POINT('',(-5.106132834133,-2.717488339911));
#6695 = CARTESIAN_POINT('',(-5.106164786057,-2.650259046599));
#6696 = CARTESIAN_POINT('',(-5.104262646708,-2.61675874878));
#6697 = CARTESIAN_POINT('',(-5.100442382573,-2.583350048319));
#6698 = CARTESIAN_POINT('',(-5.094724991081,-2.550124023082));
#6699 = CARTESIAN_POINT('',(-5.087149853687,-2.517165177919));
#6700 = CARTESIAN_POINT('',(-5.077772055842,-2.484551305797));
#6701 = CARTESIAN_POINT('',(-5.06665970696,-2.452353348925));
#6702 = CARTESIAN_POINT('',(-5.047319302385,-2.404309863688));
#6703 = CARTESIAN_POINT('',(-5.040308056304,-2.388110515858));
#6704 = CARTESIAN_POINT('',(-5.03286811298,-2.372045195831));
#6705 = CARTESIAN_POINT('',(-5.025010322654,-2.356121181144));
#6706 = CARTESIAN_POINT('',(-5.01674579497,-2.34034504743));
#6707 = CARTESIAN_POINT('',(-5.008085898978,-2.32472266842));
#6708 = CARTESIAN_POINT('',(-4.999042263131,-2.309259215936));
#6709 = CARTESIAN_POINT('',(-4.971159798915,-2.26395054239));
#6710 = CARTESIAN_POINT('',(-4.951262381783,-2.234571601665));
#6711 = CARTESIAN_POINT('',(-4.930021918988,-2.205854714622));
#6712 = CARTESIAN_POINT('',(-4.90752543551,-2.177823724932));
#6713 = CARTESIAN_POINT('',(-4.883857918204,-2.150494918672));
#6714 = CARTESIAN_POINT('',(-4.859100647781,-2.123877999946));
#6715 = CARTESIAN_POINT('',(-4.833329530793,-2.09797706651));
#6716 = CARTESIAN_POINT('',(-4.769273064309,-2.037590521459));
#6717 = CARTESIAN_POINT('',(-4.730091815663,-2.003791735635));
#6718 = CARTESIAN_POINT('',(-4.689256022647,-1.971389578977));
#6719 = CARTESIAN_POINT('',(-4.646935573158,-1.940370295186));
#6720 = CARTESIAN_POINT('',(-4.603283181886,-1.910713450953));
#6721 = CARTESIAN_POINT('',(-4.558433666174,-1.882393366297));
#6722 = CARTESIAN_POINT('',(-4.512503221871,-1.855380544902));
#6723 = CARTESIAN_POINT('',(-4.304103003673,-1.741051593028));
#6724 = CARTESIAN_POINT('',(-4.131395303275,-1.66780964248));
#6725 = CARTESIAN_POINT('',(-3.951017653498,-1.608202923426));
#6726 = CARTESIAN_POINT('',(-3.765351471242,-1.561410702252));
#6727 = CARTESIAN_POINT('',(-3.576337427209,-1.526648801817));
#6728 = CARTESIAN_POINT('',(-3.385332811187,-1.50342231804));
#6729 = CARTESIAN_POINT('',(-3.193299277548,-1.491388935169));
#6730 = CARTESIAN_POINT('',(-2.966706207989,-1.490509164739));
#6731 = CARTESIAN_POINT('',(-2.932627778676,-1.490730496804));
#6732 = CARTESIAN_POINT('',(-2.898553386488,-1.491305489658));
#6733 = CARTESIAN_POINT('',(-2.86448899982,-1.492234411024));
#6734 = CARTESIAN_POINT('',(-2.830440648567,-1.493517773301));
#6735 = CARTESIAN_POINT('',(-2.796414424123,-1.495156333567));
#6736 = CARTESIAN_POINT('',(-2.762416479376,-1.497151093577));
#6737 = CARTESIAN_POINT('',(-2.728453028715,-1.499503299764));
#6738 = ( GEOMETRIC_REPRESENTATION_CONTEXT(2) 
PARAMETRIC_REPRESENTATION_CONTEXT() REPRESENTATION_CONTEXT('2D SPACE',''
  ) );
#6739 = PCURVE('',#3898,#6740);
#6740 = DEFINITIONAL_REPRESENTATION('',(#6741),#6821);
#6741 = B_SPLINE_CURVE_WITH_KNOTS('',8,(#6742,#6743,#6744,#6745,#6746,
    #6747,#6748,#6749,#6750,#6751,#6752,#6753,#6754,#6755,#6756,#6757,
    #6758,#6759,#6760,#6761,#6762,#6763,#6764,#6765,#6766,#6767,#6768,
    #6769,#6770,#6771,#6772,#6773,#6774,#6775,#6776,#6777,#6778,#6779,
    #6780,#6781,#6782,#6783,#6784,#6785,#6786,#6787,#6788,#6789,#6790,
    #6791,#6792,#6793,#6794,#6795,#6796,#6797,#6798,#6799,#6800,#6801,
    #6802,#6803,#6804,#6805,#6806,#6807,#6808,#6809,#6810,#6811,#6812,
    #6813,#6814,#6815,#6816,#6817,#6818,#6819,#6820),.UNSPECIFIED.,.F.,
  .F.,(9,7,7,7,7,7,7,7,7,7,7,9),(0.,0.262321803457,0.338851281402,
    0.393607536013,0.421528894515,0.476190689384,0.530462750446,
    0.558396744119,0.613184813496,0.689760612275,0.953344155728,1.),
  .UNSPECIFIED.);
#6742 = CARTESIAN_POINT('',(6.28318530718,0.89089006067));
#6743 = CARTESIAN_POINT('',(6.192445390405,0.892117237026));
#6744 = CARTESIAN_POINT('',(6.10184057298,0.893341565485));
#6745 = CARTESIAN_POINT('',(6.010493806561,0.894559595013));
#6746 = CARTESIAN_POINT('',(5.917711247959,0.895765240762));
#6747 = CARTESIAN_POINT('',(5.822872643015,0.896949900621));
#6748 = CARTESIAN_POINT('',(5.725228858911,0.898101284214));
#6749 = CARTESIAN_POINT('',(5.623997877334,0.899204290015));
#6750 = CARTESIAN_POINT('',(5.486498863731,0.900537575062));
#6751 = CARTESIAN_POINT('',(5.455025185226,0.900832431554));
#6752 = CARTESIAN_POINT('',(5.423100750474,0.901120402105));
#6753 = CARTESIAN_POINT('',(5.390697147958,0.901400742125));
#6754 = CARTESIAN_POINT('',(5.35778835849,0.901672587468));
#6755 = CARTESIAN_POINT('',(5.32435036315,0.90193495913));
#6756 = CARTESIAN_POINT('',(5.290360751234,0.902186767951));
#6757 = CARTESIAN_POINT('',(5.231069179548,0.902598574213));
#6758 = CARTESIAN_POINT('',(5.206049109463,0.902764293269));
#6759 = CARTESIAN_POINT('',(5.180731791736,0.902923534849));
#6760 = CARTESIAN_POINT('',(5.155113480476,0.903075812184));
#6761 = CARTESIAN_POINT('',(5.129193382451,0.903220604072));
#6762 = CARTESIAN_POINT('',(5.102974029434,0.903357365599));
#6763 = CARTESIAN_POINT('',(5.076461650546,0.903485538855));
#6764 = CARTESIAN_POINT('',(5.036003160126,0.90366525689));
#6765 = CARTESIAN_POINT('',(5.022266517933,0.903723571317));
#6766 = CARTESIAN_POINT('',(5.00845816092,0.90377943071));
#6767 = CARTESIAN_POINT('',(4.994580005828,0.903832760513));
#6768 = CARTESIAN_POINT('',(4.98063434324,0.903883487847));
#6769 = CARTESIAN_POINT('',(4.966623837582,0.903931541507));
#6770 = CARTESIAN_POINT('',(4.952551527122,0.903976851964));
#6771 = CARTESIAN_POINT('',(4.910757069821,0.904102552661));
#6772 = CARTESIAN_POINT('',(4.882865762364,0.904174994349));
#6773 = CARTESIAN_POINT('',(4.854777682891,0.904236161579));
#6774 = CARTESIAN_POINT('',(4.826525783978,0.904285608577));
#6775 = CARTESIAN_POINT('',(4.798145946981,0.904322976155));
#6776 = CARTESIAN_POINT('',(4.769677739528,0.904348009216));
#6777 = CARTESIAN_POINT('',(4.741165173014,0.904360574276));
#6778 = CARTESIAN_POINT('',(4.684353004663,0.90436077893));
#6779 = CARTESIAN_POINT('',(4.656047499504,0.904348595625));
#6780 = CARTESIAN_POINT('',(4.627788993494,0.904324126627));
#6781 = CARTESIAN_POINT('',(4.599620425134,0.904287506427));
#6782 = CARTESIAN_POINT('',(4.571580355226,0.904238987264));
#6783 = CARTESIAN_POINT('',(4.543703699533,0.904178921963));
#6784 = CARTESIAN_POINT('',(4.516022461459,0.90410774677));
#6785 = CARTESIAN_POINT('',(4.474434780296,0.903983870437));
#6786 = CARTESIAN_POINT('',(4.460361814921,0.903938963028));
#6787 = CARTESIAN_POINT('',(4.446350958018,0.90389130979));
#6788 = CARTESIAN_POINT('',(4.432405225172,0.90384098022));
#6789 = CARTESIAN_POINT('',(4.418527258124,0.903788045475));
#6790 = CARTESIAN_POINT('',(4.404719324771,0.903732578374));
#6791 = CARTESIAN_POINT('',(4.390983319161,0.9036746534));
#6792 = CARTESIAN_POINT('',(4.350523835653,0.903496064714));
#6793 = CARTESIAN_POINT('',(4.324010449049,0.903368620686));
#6794 = CARTESIAN_POINT('',(4.297790730207,0.903232574377));
#6795 = CARTESIAN_POINT('',(4.271870760501,0.903088483188));
#6796 = CARTESIAN_POINT('',(4.246252943342,0.902936891465));
#6797 = CARTESIAN_POINT('',(4.22093637335,0.902778319814));
#6798 = CARTESIAN_POINT('',(4.195917205532,0.902613254422));
#6799 = CARTESIAN_POINT('',(4.136627116366,0.902202969303));
#6800 = CARTESIAN_POINT('',(4.102638180087,0.901952011295));
#6801 = CARTESIAN_POINT('',(4.069200814368,0.90169045584));
#6802 = CARTESIAN_POINT('',(4.036292451333,0.901419391082));
#6803 = CARTESIAN_POINT('',(4.003888956641,0.901139795164));
#6804 = CARTESIAN_POINT('',(3.971964229646,0.900852531599));
#6805 = CARTESIAN_POINT('',(3.940489803563,0.900558344629));
#6806 = CARTESIAN_POINT('',(3.802537992459,0.899223530005));
#6807 = CARTESIAN_POINT('',(3.700894750193,0.89811732788));
#6808 = CARTESIAN_POINT('',(3.602854948713,0.896961999315));
#6809 = CARTESIAN_POINT('',(3.507629134322,0.895772797416));
#6810 = CARTESIAN_POINT('',(3.414459369092,0.894562152281));
#6811 = CARTESIAN_POINT('',(3.322718982999,0.893338757426));
#6812 = CARTESIAN_POINT('',(3.23170595824,0.892108772298));
#6813 = CARTESIAN_POINT('',(3.124391709122,0.89065743148));
#6814 = CARTESIAN_POINT('',(3.108254222277,0.890439157304));
#6815 = CARTESIAN_POINT('',(3.092114314693,0.890220908987));
#6816 = CARTESIAN_POINT('',(3.075968409281,0.890002724755));
#6817 = CARTESIAN_POINT('',(3.059812909962,0.889784643231));
#6818 = CARTESIAN_POINT('',(3.043644201674,0.88956670343));
#6819 = CARTESIAN_POINT('',(3.027458650369,0.889348944763));
#6820 = CARTESIAN_POINT('',(3.011252603012,0.889131407031));
#6821 = ( GEOMETRIC_REPRESENTATION_CONTEXT(2) 
PARAMETRIC_REPRESENTATION_CONTEXT() REPRESENTATION_CONTEXT('2D SPACE',''
  ) );
#6822 = ORIENTED_EDGE('',*,*,#3957,.F.);
#6823 = FACE_BOUND('',#6824,.F.);
#6824 = EDGE_LOOP('',(#6825));
#6825 = ORIENTED_EDGE('',*,*,#6826,.F.);
#6826 = EDGE_CURVE('',#6827,#6827,#6829,.T.);
#6827 = VERTEX_POINT('',#6828);
#6828 = CARTESIAN_POINT('',(293.36641932309,-175.8553523732,
    19.414100270828));
#6829 = SURFACE_CURVE('',#6830,(#6835,#6846),.PCURVE_S1.);
#6830 = ELLIPSE('',#6831,1.429556142434,0.8);
#6831 = AXIS2_PLACEMENT_3D('',#6832,#6833,#6834);
#6832 = CARTESIAN_POINT('',(292.44752225433,-176.9504512561,
    19.417555083564));
#6833 = DIRECTION('',(0.766044443119,-0.642787609687,-2.168404344971E-19
    ));
#6834 = DIRECTION('',(-0.642783630574,-0.766039700997,3.518630731649E-03
    ));
#6835 = PCURVE('',#3971,#6836);
#6836 = DEFINITIONAL_REPRESENTATION('',(#6837),#6845);
#6837 = ( BOUNDED_CURVE() B_SPLINE_CURVE(2,(#6838,#6839,#6840,#6841,
#6842,#6843,#6844),.UNSPECIFIED.,.T.,.F.) B_SPLINE_CURVE_WITH_KNOTS((1,2
    ,2,2,2,1),(-2.094395102393,0.,2.094395102393,4.188790204786,
6.28318530718,8.377580409573),.UNSPECIFIED.) CURVE() 
GEOMETRIC_REPRESENTATION_ITEM() RATIONAL_B_SPLINE_CURVE((1.,0.5,1.,0.5,
1.,0.5,1.)) REPRESENTATION_ITEM('') );
#6838 = CARTESIAN_POINT('',(-4.432573131454,-2.683742097608));
#6839 = CARTESIAN_POINT('',(-4.437448689214,-1.298110029223));
#6840 = CARTESIAN_POINT('',(-2.290689970971,-1.983380943153));
#6841 = CARTESIAN_POINT('',(-0.143931252727,-2.668651857082));
#6842 = CARTESIAN_POINT('',(-2.28581441321,-3.369013011538));
#6843 = CARTESIAN_POINT('',(-4.427697573694,-4.069374165993));
#6844 = CARTESIAN_POINT('',(-4.432573131454,-2.683742097608));
#6845 = ( GEOMETRIC_REPRESENTATION_CONTEXT(2) 
PARAMETRIC_REPRESENTATION_CONTEXT() REPRESENTATION_CONTEXT('2D SPACE',''
  ) );
#6846 = PCURVE('',#6847,#6852);
#6847 = CYLINDRICAL_SURFACE('',#6848,0.8);
#6848 = AXIS2_PLACEMENT_3D('',#6849,#6850,#6851);
#6849 = CARTESIAN_POINT('',(302.37814423178,-82.,19.139160893037));
#6850 = DIRECTION('',(-0.104019604147,-0.994570972053,2.916076511733E-03
    ));
#6851 = DIRECTION('',(0.994575200748,-0.104020046415,-0.));
#6852 = DEFINITIONAL_REPRESENTATION('',(#6853),#6877);
#6853 = B_SPLINE_CURVE_WITH_KNOTS('',8,(#6854,#6855,#6856,#6857,#6858,
    #6859,#6860,#6861,#6862,#6863,#6864,#6865,#6866,#6867,#6868,#6869,
    #6870,#6871,#6872,#6873,#6874,#6875,#6876),.UNSPECIFIED.,.F.,.F.,(9,
    7,7,9),(3.143561739161,4.714358065956,7.070552556148,9.42674704634),
  .UNSPECIFIED.);
#6854 = CARTESIAN_POINT('',(-6.28318530718,94.284006844196));
#6855 = CARTESIAN_POINT('',(-6.08683576633,94.28446490237));
#6856 = CARTESIAN_POINT('',(-5.890486225481,94.337124691718));
#6857 = CARTESIAN_POINT('',(-5.694136684631,94.4419530024));
#6858 = CARTESIAN_POINT('',(-5.497787143782,94.59464866871));
#6859 = CARTESIAN_POINT('',(-5.301437602933,94.786567949761));
#6860 = CARTESIAN_POINT('',(-5.105088062083,95.0057356424));
#6861 = CARTESIAN_POINT('',(-4.908738521234,95.238462141106));
#6862 = CARTESIAN_POINT('',(-4.417864669111,95.820023437457));
#6863 = CARTESIAN_POINT('',(-4.123340357835,96.168730201709));
#6864 = CARTESIAN_POINT('',(-3.828816046572,96.471071803593));
#6865 = CARTESIAN_POINT('',(-3.534291735282,96.681022653065));
#6866 = CARTESIAN_POINT('',(-3.239767424021,96.765175011125));
#6867 = CARTESIAN_POINT('',(-2.94524311274,96.716401287631));
#6868 = CARTESIAN_POINT('',(-2.650718801466,96.552068203702));
#6869 = CARTESIAN_POINT('',(-2.061670178918,96.057625391987));
#6870 = CARTESIAN_POINT('',(-1.767145867643,95.727513872465));
#6871 = CARTESIAN_POINT('',(-1.472621556358,95.347214689304));
#6872 = CARTESIAN_POINT('',(-1.178097245119,94.964639686397));
#6873 = CARTESIAN_POINT('',(-0.883572933824,94.634377165232));
#6874 = CARTESIAN_POINT('',(-0.589048622547,94.40008700102));
#6875 = CARTESIAN_POINT('',(-0.294524311274,94.283319756933));
#6876 = CARTESIAN_POINT('',(-1.33226762955E-14,94.284006844196));
#6877 = ( GEOMETRIC_REPRESENTATION_CONTEXT(2) 
PARAMETRIC_REPRESENTATION_CONTEXT() REPRESENTATION_CONTEXT('2D SPACE',''
  ) );
#6878 = ADVANCED_FACE('',(#6879),#6847,.F.);
#6879 = FACE_BOUND('',#6880,.T.);
#6880 = EDGE_LOOP('',(#6881,#6931,#6952,#6953,#6954,#7002));
#6881 = ORIENTED_EDGE('',*,*,#6882,.F.);
#6882 = EDGE_CURVE('',#6883,#6885,#6887,.T.);
#6883 = VERTEX_POINT('',#6884);
#6884 = CARTESIAN_POINT('',(291.79406759861,-190.889204846,
    19.458179441956));
#6885 = VERTEX_POINT('',#6886);
#6886 = CARTESIAN_POINT('',(291.08270372175,-190.,18.655812885853));
#6887 = SURFACE_CURVE('',#6888,(#6893,#6920),.PCURVE_S1.);
#6888 = ELLIPSE('',#6889,1.138742662058,0.8);
#6889 = AXIS2_PLACEMENT_3D('',#6890,#6891,#6892);
#6890 = CARTESIAN_POINT('',(291.08270372175,-190.,19.455816287289));
#6891 = DIRECTION('',(0.780868809443,0.624695047554,0.));
#6892 = DIRECTION('',(0.624689803118,-0.780862253897,4.097599183587E-03)
  );
#6893 = PCURVE('',#6847,#6894);
#6894 = DEFINITIONAL_REPRESENTATION('',(#6895),#6919);
#6895 = B_SPLINE_CURVE_WITH_KNOTS('',8,(#6896,#6897,#6898,#6899,#6900,
    #6901,#6902,#6903,#6904,#6905,#6906,#6907,#6908,#6909,#6910,#6911,
    #6912,#6913,#6914,#6915,#6916,#6917,#6918),.UNSPECIFIED.,.F.,.F.,(9,
    7,7,9),(2.878699394786E-03,1.57367502619,3.929869516382,
    6.286064006574),.UNSPECIFIED.);
#6896 = CARTESIAN_POINT('',(0.,109.39992405401));
#6897 = CARTESIAN_POINT('',(-0.196349540849,109.39946599583));
#6898 = CARTESIAN_POINT('',(-0.392699081699,109.36330100581));
#6899 = CARTESIAN_POINT('',(-0.589048622548,109.29146029981));
#6900 = CARTESIAN_POINT('',(-0.785398163398,109.18689446555));
#6901 = CARTESIAN_POINT('',(-0.981747704247,109.05552341925));
#6902 = CARTESIAN_POINT('',(-1.178097245096,108.90554378092));
#6903 = CARTESIAN_POINT('',(-1.374446785946,108.74632214871));
#6904 = CARTESIAN_POINT('',(-1.865320638069,108.34852365817));
#6905 = CARTESIAN_POINT('',(-2.159844949344,108.11007497677));
#6906 = CARTESIAN_POINT('',(-2.454369260609,107.90341397438));
#6907 = CARTESIAN_POINT('',(-2.74889357189,107.7600095258));
#6908 = CARTESIAN_POINT('',(-3.043417883151,107.702685925));
#6909 = CARTESIAN_POINT('',(-3.33794219444,107.73628459982));
#6910 = CARTESIAN_POINT('',(-3.632466505713,107.84889660791));
#6911 = CARTESIAN_POINT('',(-4.221515128261,108.18741150828));
#6912 = CARTESIAN_POINT('',(-4.516039439538,108.41331562717));
#6913 = CARTESIAN_POINT('',(-4.810563750783,108.67347705765));
#6914 = CARTESIAN_POINT('',(-5.105088062097,108.93511248007));
#6915 = CARTESIAN_POINT('',(-5.39961237333,109.16088700859));
#6916 = CARTESIAN_POINT('',(-5.694136684633,109.32095733299));
#6917 = CARTESIAN_POINT('',(-5.988660995906,109.40061114127));
#6918 = CARTESIAN_POINT('',(-6.28318530718,109.39992405401));
#6919 = ( GEOMETRIC_REPRESENTATION_CONTEXT(2) 
PARAMETRIC_REPRESENTATION_CONTEXT() REPRESENTATION_CONTEXT('2D SPACE',''
  ) );
#6920 = PCURVE('',#1446,#6921);
#6921 = DEFINITIONAL_REPRESENTATION('',(#6922),#6930);
#6922 = ( BOUNDED_CURVE() B_SPLINE_CURVE(2,(#6923,#6924,#6925,#6926,
#6927,#6928,#6929),.UNSPECIFIED.,.T.,.F.) B_SPLINE_CURVE_WITH_KNOTS((1,2
    ,2,2,2,1),(-2.094395102393,0.,2.094395102393,4.188790204786,
6.28318530718,8.377580409573),.UNSPECIFIED.) CURVE() 
GEOMETRIC_REPRESENTATION_ITEM() RATIONAL_B_SPLINE_CURVE((1.,0.5,1.,0.5,
1.,0.5,1.)) REPRESENTATION_ITEM('') );
#6923 = CARTESIAN_POINT('',(-1.138733102092,-59.46048239829));
#6924 = CARTESIAN_POINT('',(-1.144410902072,-58.07485338496));
#6925 = CARTESIAN_POINT('',(0.566527651056,-58.76066872512));
#6926 = CARTESIAN_POINT('',(2.277466204183,-59.44648406528));
#6927 = CARTESIAN_POINT('',(0.572205451036,-60.14629773845));
#6928 = CARTESIAN_POINT('',(-1.133055302112,-60.84611141162));
#6929 = CARTESIAN_POINT('',(-1.138733102092,-59.46048239829));
#6930 = ( GEOMETRIC_REPRESENTATION_CONTEXT(2) 
PARAMETRIC_REPRESENTATION_CONTEXT() REPRESENTATION_CONTEXT('2D SPACE',''
  ) );
#6931 = ORIENTED_EDGE('',*,*,#6932,.F.);
#6932 = EDGE_CURVE('',#6827,#6883,#6933,.T.);
#6933 = SEAM_CURVE('',#6934,(#6938,#6945),.PCURVE_S1.);
#6934 = LINE('',#6935,#6936);
#6935 = CARTESIAN_POINT('',(303.17380439237,-82.08321603713,
    19.139160893037));
#6936 = VECTOR('',#6937,1.);
#6937 = DIRECTION('',(-0.104019604147,-0.994570972053,2.916076511733E-03
    ));
#6938 = PCURVE('',#6847,#6939);
#6939 = DEFINITIONAL_REPRESENTATION('',(#6940),#6944);
#6940 = LINE('',#6941,#6942);
#6941 = CARTESIAN_POINT('',(-6.28318530718,-0.));
#6942 = VECTOR('',#6943,1.);
#6943 = DIRECTION('',(-0.,1.));
#6944 = ( GEOMETRIC_REPRESENTATION_CONTEXT(2) 
PARAMETRIC_REPRESENTATION_CONTEXT() REPRESENTATION_CONTEXT('2D SPACE',''
  ) );
#6945 = PCURVE('',#6847,#6946);
#6946 = DEFINITIONAL_REPRESENTATION('',(#6947),#6951);
#6947 = LINE('',#6948,#6949);
#6948 = CARTESIAN_POINT('',(-0.,-0.));
#6949 = VECTOR('',#6950,1.);
#6950 = DIRECTION('',(-0.,1.));
#6951 = ( GEOMETRIC_REPRESENTATION_CONTEXT(2) 
PARAMETRIC_REPRESENTATION_CONTEXT() REPRESENTATION_CONTEXT('2D SPACE',''
  ) );
#6952 = ORIENTED_EDGE('',*,*,#6826,.F.);
#6953 = ORIENTED_EDGE('',*,*,#6932,.T.);
#6954 = ORIENTED_EDGE('',*,*,#6955,.F.);
#6955 = EDGE_CURVE('',#6956,#6883,#6958,.T.);
#6956 = VERTEX_POINT('',#6957);
#6957 = CARTESIAN_POINT('',(291.08270372175,-190.,20.255819688726));
#6958 = SURFACE_CURVE('',#6959,(#6964,#6991),.PCURVE_S1.);
#6959 = ELLIPSE('',#6960,1.138742662058,0.8);
#6960 = AXIS2_PLACEMENT_3D('',#6961,#6962,#6963);
#6961 = CARTESIAN_POINT('',(291.08270372175,-190.,19.455816287289));
#6962 = DIRECTION('',(0.780868809443,0.624695047554,0.));
#6963 = DIRECTION('',(0.624689803118,-0.780862253897,4.097599183587E-03)
  );
#6964 = PCURVE('',#6847,#6965);
#6965 = DEFINITIONAL_REPRESENTATION('',(#6966),#6990);
#6966 = B_SPLINE_CURVE_WITH_KNOTS('',8,(#6967,#6968,#6969,#6970,#6971,
    #6972,#6973,#6974,#6975,#6976,#6977,#6978,#6979,#6980,#6981,#6982,
    #6983,#6984,#6985,#6986,#6987,#6988,#6989),.UNSPECIFIED.,.F.,.F.,(9,
    7,7,9),(2.878699394786E-03,1.57367502619,3.929869516382,
    6.286064006574),.UNSPECIFIED.);
#6967 = CARTESIAN_POINT('',(0.,109.39992405401));
#6968 = CARTESIAN_POINT('',(-0.196349540849,109.39946599583));
#6969 = CARTESIAN_POINT('',(-0.392699081699,109.36330100581));
#6970 = CARTESIAN_POINT('',(-0.589048622548,109.29146029981));
#6971 = CARTESIAN_POINT('',(-0.785398163398,109.18689446555));
#6972 = CARTESIAN_POINT('',(-0.981747704247,109.05552341925));
#6973 = CARTESIAN_POINT('',(-1.178097245096,108.90554378092));
#6974 = CARTESIAN_POINT('',(-1.374446785946,108.74632214871));
#6975 = CARTESIAN_POINT('',(-1.865320638069,108.34852365817));
#6976 = CARTESIAN_POINT('',(-2.159844949344,108.11007497677));
#6977 = CARTESIAN_POINT('',(-2.454369260609,107.90341397438));
#6978 = CARTESIAN_POINT('',(-2.74889357189,107.7600095258));
#6979 = CARTESIAN_POINT('',(-3.043417883151,107.702685925));
#6980 = CARTESIAN_POINT('',(-3.33794219444,107.73628459982));
#6981 = CARTESIAN_POINT('',(-3.632466505713,107.84889660791));
#6982 = CARTESIAN_POINT('',(-4.221515128261,108.18741150828));
#6983 = CARTESIAN_POINT('',(-4.516039439538,108.41331562717));
#6984 = CARTESIAN_POINT('',(-4.810563750783,108.67347705765));
#6985 = CARTESIAN_POINT('',(-5.105088062097,108.93511248007));
#6986 = CARTESIAN_POINT('',(-5.39961237333,109.16088700859));
#6987 = CARTESIAN_POINT('',(-5.694136684633,109.32095733299));
#6988 = CARTESIAN_POINT('',(-5.988660995906,109.40061114127));
#6989 = CARTESIAN_POINT('',(-6.28318530718,109.39992405401));
#6990 = ( GEOMETRIC_REPRESENTATION_CONTEXT(2) 
PARAMETRIC_REPRESENTATION_CONTEXT() REPRESENTATION_CONTEXT('2D SPACE',''
  ) );
#6991 = PCURVE('',#1446,#6992);
#6992 = DEFINITIONAL_REPRESENTATION('',(#6993),#7001);
#6993 = ( BOUNDED_CURVE() B_SPLINE_CURVE(2,(#6994,#6995,#6996,#6997,
#6998,#6999,#7000),.UNSPECIFIED.,.T.,.F.) B_SPLINE_CURVE_WITH_KNOTS((1,2
    ,2,2,2,1),(-2.094395102393,0.,2.094395102393,4.188790204786,
6.28318530718,8.377580409573),.UNSPECIFIED.) CURVE() 
GEOMETRIC_REPRESENTATION_ITEM() RATIONAL_B_SPLINE_CURVE((1.,0.5,1.,0.5,
1.,0.5,1.)) REPRESENTATION_ITEM('') );
#6994 = CARTESIAN_POINT('',(-1.138733102092,-59.46048239829));
#6995 = CARTESIAN_POINT('',(-1.144410902072,-58.07485338496));
#6996 = CARTESIAN_POINT('',(0.566527651056,-58.76066872512));
#6997 = CARTESIAN_POINT('',(2.277466204183,-59.44648406528));
#6998 = CARTESIAN_POINT('',(0.572205451036,-60.14629773845));
#6999 = CARTESIAN_POINT('',(-1.133055302112,-60.84611141162));
#7000 = CARTESIAN_POINT('',(-1.138733102092,-59.46048239829));
#7001 = ( GEOMETRIC_REPRESENTATION_CONTEXT(2) 
PARAMETRIC_REPRESENTATION_CONTEXT() REPRESENTATION_CONTEXT('2D SPACE',''
  ) );
#7002 = ORIENTED_EDGE('',*,*,#7003,.F.);
#7003 = EDGE_CURVE('',#6885,#6956,#7004,.T.);
#7004 = SURFACE_CURVE('',#7005,(#7010,#7023),.PCURVE_S1.);
#7005 = ELLIPSE('',#7006,0.804366930545,0.8);
#7006 = AXIS2_PLACEMENT_3D('',#7007,#7008,#7009);
#7007 = CARTESIAN_POINT('',(291.08270372175,-190.,19.455816287289));
#7008 = DIRECTION('',(0.,1.,0.));
#7009 = DIRECTION('',(-0.99960728133,-0.,2.802290335518E-02));
#7010 = PCURVE('',#6847,#7011);
#7011 = DEFINITIONAL_REPRESENTATION('',(#7012),#7022);
#7012 = B_SPLINE_CURVE_WITH_KNOTS('',8,(#7013,#7014,#7015,#7016,#7017,
    #7018,#7019,#7020,#7021),.UNSPECIFIED.,.F.,.F.,(9,9),(4.34681684623,
    8.163804779572),.PIECEWISE_BEZIER_KNOTS.);
#7013 = CARTESIAN_POINT('',(-1.233098686919,108.55961323815));
#7014 = CARTESIAN_POINT('',(-1.710222178586,108.59691077772));
#7015 = CARTESIAN_POINT('',(-2.187345670251,108.64199532294));
#7016 = CARTESIAN_POINT('',(-2.664469161926,108.68190444313));
#7017 = CARTESIAN_POINT('',(-3.141592653581,108.7000558073));
#7018 = CARTESIAN_POINT('',(-3.618716145264,108.6848321979));
#7019 = CARTESIAN_POINT('',(-4.095839636924,108.64672655344));
#7020 = CARTESIAN_POINT('',(-4.572963128593,108.60205055217));
#7021 = CARTESIAN_POINT('',(-5.050086620261,108.56401545916));
#7022 = ( GEOMETRIC_REPRESENTATION_CONTEXT(2) 
PARAMETRIC_REPRESENTATION_CONTEXT() REPRESENTATION_CONTEXT('2D SPACE',''
  ) );
#7023 = PCURVE('',#3825,#7024);
#7024 = DEFINITIONAL_REPRESENTATION('',(#7025),#7033);
#7025 = ( BOUNDED_CURVE() B_SPLINE_CURVE(2,(#7026,#7027,#7028,#7029,
#7030,#7031,#7032),.UNSPECIFIED.,.T.,.F.) B_SPLINE_CURVE_WITH_KNOTS((1,2
    ,2,2,2,1),(-2.094395102393,0.,2.094395102393,4.188790204786,
6.28318530718,8.377580409573),.UNSPECIFIED.) CURVE() 
GEOMETRIC_REPRESENTATION_ITEM() RATIONAL_B_SPLINE_CURVE((1.,0.5,1.,0.5,
1.,0.5,1.)) REPRESENTATION_ITEM('') );
#7026 = CARTESIAN_POINT('',(-2.254069675678E-02,-0.804051040634));
#7027 = CARTESIAN_POINT('',(-1.40763717586,-0.765221366725));
#7028 = CARTESIAN_POINT('',(-0.681277891173,0.421440357272));
#7029 = CARTESIAN_POINT('',(4.508139351354E-02,1.608102081268));
#7030 = CARTESIAN_POINT('',(0.70381858793,0.382610683362));
#7031 = CARTESIAN_POINT('',(1.362555782346,-0.842880714543));
#7032 = CARTESIAN_POINT('',(-2.254069675678E-02,-0.804051040634));
#7033 = ( GEOMETRIC_REPRESENTATION_CONTEXT(2) 
PARAMETRIC_REPRESENTATION_CONTEXT() REPRESENTATION_CONTEXT('2D SPACE',''
  ) );
#7034 = ADVANCED_FACE('',(#7035),#6533,.F.);
#7035 = FACE_BOUND('',#7036,.F.);
#7036 = EDGE_LOOP('',(#7037,#7067,#7087,#7088));
#7037 = ORIENTED_EDGE('',*,*,#7038,.F.);
#7038 = EDGE_CURVE('',#7039,#7041,#7043,.T.);
#7039 = VERTEX_POINT('',#7040);
#7040 = CARTESIAN_POINT('',(291.08270372175,-190.,20.605816287289));
#7041 = VERTEX_POINT('',#7042);
#7042 = CARTESIAN_POINT('',(291.22042937527,-190.,20.59753939048));
#7043 = SURFACE_CURVE('',#7044,(#7049,#7056),.PCURVE_S1.);
#7044 = CIRCLE('',#7045,1.15);
#7045 = AXIS2_PLACEMENT_3D('',#7046,#7047,#7048);
#7046 = CARTESIAN_POINT('',(291.08270372175,-190.,19.455816287289));
#7047 = DIRECTION('',(0.,1.,0.));
#7048 = DIRECTION('',(-0.,-0.,1.));
#7049 = PCURVE('',#6533,#7050);
#7050 = DEFINITIONAL_REPRESENTATION('',(#7051),#7055);
#7051 = LINE('',#7052,#7053);
#7052 = CARTESIAN_POINT('',(0.,1.));
#7053 = VECTOR('',#7054,1.);
#7054 = DIRECTION('',(1.,0.));
#7055 = ( GEOMETRIC_REPRESENTATION_CONTEXT(2) 
PARAMETRIC_REPRESENTATION_CONTEXT() REPRESENTATION_CONTEXT('2D SPACE',''
  ) );
#7056 = PCURVE('',#3825,#7057);
#7057 = DEFINITIONAL_REPRESENTATION('',(#7058),#7066);
#7058 = ( BOUNDED_CURVE() B_SPLINE_CURVE(2,(#7059,#7060,#7061,#7062,
#7063,#7064,#7065),.UNSPECIFIED.,.T.,.F.) B_SPLINE_CURVE_WITH_KNOTS((1,2
    ,2,2,2,1),(-2.094395102393,0.,2.094395102393,4.188790204786,
6.28318530718,8.377580409573),.UNSPECIFIED.) CURVE() 
GEOMETRIC_REPRESENTATION_ITEM() RATIONAL_B_SPLINE_CURVE((1.,0.5,1.,0.5,
1.,0.5,1.)) REPRESENTATION_ITEM('') );
#7059 = CARTESIAN_POINT('',(-1.15,0.));
#7060 = CARTESIAN_POINT('',(-1.15,1.991858428704));
#7061 = CARTESIAN_POINT('',(0.575,0.995929214352));
#7062 = CARTESIAN_POINT('',(2.3,2.816687638039E-16));
#7063 = CARTESIAN_POINT('',(0.575,-0.995929214352));
#7064 = CARTESIAN_POINT('',(-1.15,-1.991858428704));
#7065 = CARTESIAN_POINT('',(-1.15,0.));
#7066 = ( GEOMETRIC_REPRESENTATION_CONTEXT(2) 
PARAMETRIC_REPRESENTATION_CONTEXT() REPRESENTATION_CONTEXT('2D SPACE',''
  ) );
#7067 = ORIENTED_EDGE('',*,*,#7068,.F.);
#7068 = EDGE_CURVE('',#6508,#7039,#7069,.T.);
#7069 = SURFACE_CURVE('',#7070,(#7073,#7080),.PCURVE_S1.);
#7070 = B_SPLINE_CURVE_WITH_KNOTS('',1,(#7071,#7072),.UNSPECIFIED.,.F.,
  .F.,(2,2),(0.,1.),.PIECEWISE_BEZIER_KNOTS.);
#7071 = CARTESIAN_POINT('',(303.59135821248,-70.4,20.603983091432));
#7072 = CARTESIAN_POINT('',(291.08270372175,-190.,20.605816287289));
#7073 = PCURVE('',#6533,#7074);
#7074 = DEFINITIONAL_REPRESENTATION('',(#7075),#7079);
#7075 = LINE('',#7076,#7077);
#7076 = CARTESIAN_POINT('',(0.,0.));
#7077 = VECTOR('',#7078,1.);
#7078 = DIRECTION('',(0.,1.));
#7079 = ( GEOMETRIC_REPRESENTATION_CONTEXT(2) 
PARAMETRIC_REPRESENTATION_CONTEXT() REPRESENTATION_CONTEXT('2D SPACE',''
  ) );
#7080 = PCURVE('',#3898,#7081);
#7081 = DEFINITIONAL_REPRESENTATION('',(#7082),#7086);
#7082 = LINE('',#7083,#7084);
#7083 = CARTESIAN_POINT('',(6.28318530718,0.));
#7084 = VECTOR('',#7085,1.);
#7085 = DIRECTION('',(0.,1.));
#7086 = ( GEOMETRIC_REPRESENTATION_CONTEXT(2) 
PARAMETRIC_REPRESENTATION_CONTEXT() REPRESENTATION_CONTEXT('2D SPACE',''
  ) );
#7087 = ORIENTED_EDGE('',*,*,#6507,.F.);
#7088 = ORIENTED_EDGE('',*,*,#7089,.T.);
#7089 = EDGE_CURVE('',#6488,#7041,#7090,.T.);
#7090 = SURFACE_CURVE('',#7091,(#7118,#7148),.PCURVE_S1.);
#7091 = B_SPLINE_CURVE_WITH_KNOTS('',4,(#7092,#7093,#7094,#7095,#7096,
    #7097,#7098,#7099,#7100,#7101,#7102,#7103,#7104,#7105,#7106,#7107,
    #7108,#7109,#7110,#7111,#7112,#7113,#7114,#7115,#7116,#7117),
  .UNSPECIFIED.,.F.,.F.,(5,3,3,3,3,3,3,3,5),(0.,0.217029845078,
    0.348589785396,0.457269758131,0.565949752863,0.674629771792,
    0.783309817429,0.891989892651,1.),.UNSPECIFIED.);
#7092 = CARTESIAN_POINT('',(303.86331398724,-70.39999999999,
    20.579104069685));
#7093 = CARTESIAN_POINT('',(303.17738901386,-76.88919795869,
    20.580219266779));
#7094 = CARTESIAN_POINT('',(302.49145901874,-83.37839531313,
    20.581321876444));
#7095 = CARTESIAN_POINT('',(301.80552360854,-89.86759201419,
    20.582410912246));
#7096 = CARTESIAN_POINT('',(300.70377589372,-100.2904324086,
    20.584136327989));
#7097 = CARTESIAN_POINT('',(300.28796732392,-104.2240765544,
    20.584782070327));
#7098 = CARTESIAN_POINT('',(299.87215647448,-108.1577204235,
    20.585422097935));
#7099 = CARTESIAN_POINT('',(299.11284524368,-115.3408963089,
    20.586579832073));
#7100 = CARTESIAN_POINT('',(298.76934562616,-118.5904284181,
    20.587099453534));
#7101 = CARTESIAN_POINT('',(298.42584429605,-121.8399603185,
    20.5876147815));
#7102 = CARTESIAN_POINT('',(297.73883798122,-128.3390243391,
    20.588636449504));
#7103 = CARTESIAN_POINT('',(297.39533299644,-131.5885564592,
    20.589142789356));
#7104 = CARTESIAN_POINT('',(297.05182613914,-134.83808835,
    20.589644434538));
#7105 = CARTESIAN_POINT('',(296.36480842231,-141.3371523734,
    20.590637882349));
#7106 = CARTESIAN_POINT('',(296.0212975627,-144.5866845059,
    20.591129684752));
#7107 = CARTESIAN_POINT('',(295.67778464982,-147.8362163859,
    20.591616338999));
#7108 = CARTESIAN_POINT('',(294.99075442801,-154.3352804126,
    20.592578836754));
#7109 = CARTESIAN_POINT('',(294.64723711897,-157.5848125593,
    20.593054679986));
#7110 = CARTESIAN_POINT('',(294.30371755151,-160.8343444269,
    20.593524860323));
#7111 = CARTESIAN_POINT('',(293.61667357243,-167.3334084576,
    20.594453308701));
#7112 = CARTESIAN_POINT('',(293.27314916068,-170.5829406207,
    20.594911576406));
#7113 = CARTESIAN_POINT('',(292.92962225664,-173.8324724741,
    20.595363594353));
#7114 = CARTESIAN_POINT('',(292.24468091416,-180.3115035032,
    20.596251712819));
#7115 = CARTESIAN_POINT('',(291.90326650785,-183.541002683,
    20.596687893882));
#7116 = CARTESIAN_POINT('',(291.56184937609,-186.770501522,
    20.59711724002));
#7117 = CARTESIAN_POINT('',(291.22042936772,-189.9999999999,
    20.597539371777));
#7118 = PCURVE('',#6533,#7119);
#7119 = DEFINITIONAL_REPRESENTATION('',(#7120),#7147);
#7120 = B_SPLINE_CURVE_WITH_KNOTS('',4,(#7121,#7122,#7123,#7124,#7125,
    #7126,#7127,#7128,#7129,#7130,#7131,#7132,#7133,#7134,#7135,#7136,
    #7137,#7138,#7139,#7140,#7141,#7142,#7143,#7144,#7145,#7146),
  .UNSPECIFIED.,.F.,.F.,(5,3,3,3,3,3,3,3,5),(0.,0.217029845078,
    0.348589785396,0.457269758131,0.565949752863,0.674629771792,
    0.783309817429,0.891989892651,1.),.UNSPECIFIED.);
#7121 = CARTESIAN_POINT('',(0.182455613474,0.));
#7122 = CARTESIAN_POINT('',(0.179875905494,5.425750801582E-02));
#7123 = CARTESIAN_POINT('',(0.177207505324,0.108515010979));
#7124 = CARTESIAN_POINT('',(0.174443551588,0.16277250848));
#7125 = CARTESIAN_POINT('',(0.169836980337,0.249920003417));
#7126 = CARTESIAN_POINT('',(0.168060184929,0.282810004636));
#7127 = CARTESIAN_POINT('',(0.166243240461,0.315700003542));
#7128 = CARTESIAN_POINT('',(0.162848041571,0.375760002583));
#7129 = CARTESIAN_POINT('',(0.161283229267,0.402930003496));
#7130 = CARTESIAN_POINT('',(0.15968829764,0.430100002664));
#7131 = CARTESIAN_POINT('',(0.156435429823,0.484440002836));
#7132 = CARTESIAN_POINT('',(0.154777492392,0.51161000384));
#7133 = CARTESIAN_POINT('',(0.153086669146,0.538780002927));
#7134 = CARTESIAN_POINT('',(0.149636132168,0.593120003122));
#7135 = CARTESIAN_POINT('',(0.147876416946,0.62029000423));
#7136 = CARTESIAN_POINT('',(0.146080696367,0.647460003227));
#7137 = CARTESIAN_POINT('',(0.142413713927,0.70180000345));
#7138 = CARTESIAN_POINT('',(0.140542450263,0.728970004677));
#7139 = CARTESIAN_POINT('',(0.138631649846,0.75614000357));
#7140 = CARTESIAN_POINT('',(0.134726962153,0.810480003827));
#7141 = CARTESIAN_POINT('',(0.132733072681,0.837650005191));
#7142 = CARTESIAN_POINT('',(0.130695632097,0.864820003964));
#7143 = CARTESIAN_POINT('',(0.126541909263,0.918992504208));
#7144 = CARTESIAN_POINT('',(0.124426187858,0.945995005711));
#7145 = CARTESIAN_POINT('',(0.122262937026,0.972997504365));
#7146 = CARTESIAN_POINT('',(0.120049578574,1.));
#7147 = ( GEOMETRIC_REPRESENTATION_CONTEXT(2) 
PARAMETRIC_REPRESENTATION_CONTEXT() REPRESENTATION_CONTEXT('2D SPACE',''
  ) );
#7148 = PCURVE('',#1189,#7149);
#7149 = DEFINITIONAL_REPRESENTATION('',(#7150),#7177);
#7150 = B_SPLINE_CURVE_WITH_KNOTS('',4,(#7151,#7152,#7153,#7154,#7155,
    #7156,#7157,#7158,#7159,#7160,#7161,#7162,#7163,#7164,#7165,#7166,
    #7167,#7168,#7169,#7170,#7171,#7172,#7173,#7174,#7175,#7176),
  .UNSPECIFIED.,.F.,.F.,(5,3,3,3,3,3,3,3,5),(0.,0.217029845078,
    0.348589785396,0.457269758131,0.565949752863,0.674629771792,
    0.783309817429,0.891989892651,1.),.UNSPECIFIED.);
#7151 = CARTESIAN_POINT('',(4.881497521901,1.147540983606E-02));
#7152 = CARTESIAN_POINT('',(4.900815260056,6.466555703845E-02));
#7153 = CARTESIAN_POINT('',(4.92014657228,0.117855699288));
#7154 = CARTESIAN_POINT('',(4.93949252232,0.171045836182));
#7155 = CARTESIAN_POINT('',(4.970591310001,0.256478954169));
#7156 = CARTESIAN_POINT('',(4.982334051402,0.288721938971));
#7157 = CARTESIAN_POINT('',(4.994082955462,0.320964921505));
#7158 = CARTESIAN_POINT('',(5.015549353061,0.379843412369));
#7159 = CARTESIAN_POINT('',(5.025264781573,0.40647892146));
#7160 = CARTESIAN_POINT('',(5.03498484011,0.433114428841));
#7161 = CARTESIAN_POINT('',(5.054434651669,0.486385445403));
#7162 = CARTESIAN_POINT('',(5.064164404893,0.513020954584));
#7163 = CARTESIAN_POINT('',(5.073899220757,0.539656461886));
#7164 = CARTESIAN_POINT('',(5.093379468783,0.592927478471));
#7165 = CARTESIAN_POINT('',(5.103124901191,0.619562987754));
#7166 = CARTESIAN_POINT('',(5.112875885264,0.646198494966));
#7167 = CARTESIAN_POINT('',(5.132389514013,0.699469511579));
#7168 = CARTESIAN_POINT('',(5.142152158985,0.726105020979));
#7169 = CARTESIAN_POINT('',(5.151920910704,0.75274052809));
#7170 = CARTESIAN_POINT('',(5.171471262901,0.806011544735));
#7171 = CARTESIAN_POINT('',(5.181252863742,0.832647054269));
#7172 = CARTESIAN_POINT('',(5.191041204185,0.859282561263));
#7173 = CARTESIAN_POINT('',(5.210571704077,0.912389372978));
#7174 = CARTESIAN_POINT('',(5.22031377667,0.93886067773));
#7175 = CARTESIAN_POINT('',(5.230063219889,0.965331979689));
#7176 = CARTESIAN_POINT('',(5.239820442929,0.991803278688));
#7177 = ( GEOMETRIC_REPRESENTATION_CONTEXT(2) 
PARAMETRIC_REPRESENTATION_CONTEXT() REPRESENTATION_CONTEXT('2D SPACE',''
  ) );
#7178 = ADVANCED_FACE('',(#7179),#3898,.F.);
#7179 = FACE_BOUND('',#7180,.F.);
#7180 = EDGE_LOOP('',(#7181,#7207,#7208,#7209));
#7181 = ORIENTED_EDGE('',*,*,#7182,.F.);
#7182 = EDGE_CURVE('',#3812,#7039,#7183,.T.);
#7183 = SURFACE_CURVE('',#7184,(#7189,#7196),.PCURVE_S1.);
#7184 = CIRCLE('',#7185,1.15);
#7185 = AXIS2_PLACEMENT_3D('',#7186,#7187,#7188);
#7186 = CARTESIAN_POINT('',(291.08270372175,-190.,19.455816287289));
#7187 = DIRECTION('',(0.,1.,0.));
#7188 = DIRECTION('',(-0.,-0.,1.));
#7189 = PCURVE('',#3898,#7190);
#7190 = DEFINITIONAL_REPRESENTATION('',(#7191),#7195);
#7191 = LINE('',#7192,#7193);
#7192 = CARTESIAN_POINT('',(0.,1.));
#7193 = VECTOR('',#7194,1.);
#7194 = DIRECTION('',(1.,0.));
#7195 = ( GEOMETRIC_REPRESENTATION_CONTEXT(2) 
PARAMETRIC_REPRESENTATION_CONTEXT() REPRESENTATION_CONTEXT('2D SPACE',''
  ) );
#7196 = PCURVE('',#3825,#7197);
#7197 = DEFINITIONAL_REPRESENTATION('',(#7198),#7206);
#7198 = ( BOUNDED_CURVE() B_SPLINE_CURVE(2,(#7199,#7200,#7201,#7202,
#7203,#7204,#7205),.UNSPECIFIED.,.T.,.F.) B_SPLINE_CURVE_WITH_KNOTS((1,2
    ,2,2,2,1),(-2.094395102393,0.,2.094395102393,4.188790204786,
6.28318530718,8.377580409573),.UNSPECIFIED.) CURVE() 
GEOMETRIC_REPRESENTATION_ITEM() RATIONAL_B_SPLINE_CURVE((1.,0.5,1.,0.5,
1.,0.5,1.)) REPRESENTATION_ITEM('') );
#7199 = CARTESIAN_POINT('',(-1.15,0.));
#7200 = CARTESIAN_POINT('',(-1.15,1.991858428704));
#7201 = CARTESIAN_POINT('',(0.575,0.995929214352));
#7202 = CARTESIAN_POINT('',(2.3,2.816687638039E-16));
#7203 = CARTESIAN_POINT('',(0.575,-0.995929214352));
#7204 = CARTESIAN_POINT('',(-1.15,-1.991858428704));
#7205 = CARTESIAN_POINT('',(-1.15,0.));
#7206 = ( GEOMETRIC_REPRESENTATION_CONTEXT(2) 
PARAMETRIC_REPRESENTATION_CONTEXT() REPRESENTATION_CONTEXT('2D SPACE',''
  ) );
#7207 = ORIENTED_EDGE('',*,*,#3836,.T.);
#7208 = ORIENTED_EDGE('',*,*,#6574,.F.);
#7209 = ORIENTED_EDGE('',*,*,#7068,.T.);
#7210 = ADVANCED_FACE('',(#7211),#3825,.T.);
#7211 = FACE_BOUND('',#7212,.F.);
#7212 = EDGE_LOOP('',(#7213,#7214,#7215,#7216,#7236,#7257,#7258));
#7213 = ORIENTED_EDGE('',*,*,#3811,.F.);
#7214 = ORIENTED_EDGE('',*,*,#7182,.T.);
#7215 = ORIENTED_EDGE('',*,*,#7038,.T.);
#7216 = ORIENTED_EDGE('',*,*,#7217,.F.);
#7217 = EDGE_CURVE('',#7218,#7041,#7220,.T.);
#7218 = VERTEX_POINT('',#7219);
#7219 = CARTESIAN_POINT('',(291.08270372175,-190.,20.256656436055));
#7220 = SURFACE_CURVE('',#7221,(#7224,#7230),.PCURVE_S1.);
#7221 = B_SPLINE_CURVE_WITH_KNOTS('',1,(#7222,#7223),.UNSPECIFIED.,.F.,
  .F.,(2,2),(0.,1.),.PIECEWISE_BEZIER_KNOTS.);
#7222 = CARTESIAN_POINT('',(291.08270349698,-190.,20.256655879745));
#7223 = CARTESIAN_POINT('',(291.22377345865,-190.,20.605816287289));
#7224 = PCURVE('',#3825,#7225);
#7225 = DEFINITIONAL_REPRESENTATION('',(#7226),#7229);
#7226 = B_SPLINE_CURVE_WITH_KNOTS('',1,(#7227,#7228),.UNSPECIFIED.,.F.,
  .F.,(2,2),(0.,1.),.PIECEWISE_BEZIER_KNOTS.);
#7227 = CARTESIAN_POINT('',(-0.800839592456,-2.247639372399E-07));
#7228 = CARTESIAN_POINT('',(-1.15,0.141069736907));
#7229 = ( GEOMETRIC_REPRESENTATION_CONTEXT(2) 
PARAMETRIC_REPRESENTATION_CONTEXT() REPRESENTATION_CONTEXT('2D SPACE',''
  ) );
#7230 = PCURVE('',#1189,#7231);
#7231 = DEFINITIONAL_REPRESENTATION('',(#7232),#7235);
#7232 = B_SPLINE_CURVE_WITH_KNOTS('',1,(#7233,#7234),.UNSPECIFIED.,.F.,
  .F.,(2,2),(0.,1.),.PIECEWISE_BEZIER_KNOTS.);
#7233 = CARTESIAN_POINT('',(5.60747513229,0.991803278689));
#7234 = CARTESIAN_POINT('',(5.230893501986,0.991803278689));
#7235 = ( GEOMETRIC_REPRESENTATION_CONTEXT(2) 
PARAMETRIC_REPRESENTATION_CONTEXT() REPRESENTATION_CONTEXT('2D SPACE',''
  ) );
#7236 = ORIENTED_EDGE('',*,*,#7237,.F.);
#7237 = EDGE_CURVE('',#6956,#7218,#7238,.T.);
#7238 = SURFACE_CURVE('',#7239,(#7243,#7250),.PCURVE_S1.);
#7239 = LINE('',#7240,#7241);
#7240 = CARTESIAN_POINT('',(291.08270372175,-190.,-40.));
#7241 = VECTOR('',#7242,1.);
#7242 = DIRECTION('',(-0.,-0.,1.));
#7243 = PCURVE('',#3825,#7244);
#7244 = DEFINITIONAL_REPRESENTATION('',(#7245),#7249);
#7245 = LINE('',#7246,#7247);
#7246 = CARTESIAN_POINT('',(59.455816287289,-0.));
#7247 = VECTOR('',#7248,1.);
#7248 = DIRECTION('',(-1.,0.));
#7249 = ( GEOMETRIC_REPRESENTATION_CONTEXT(2) 
PARAMETRIC_REPRESENTATION_CONTEXT() REPRESENTATION_CONTEXT('2D SPACE',''
  ) );
#7250 = PCURVE('',#1446,#7251);
#7251 = DEFINITIONAL_REPRESENTATION('',(#7252),#7256);
#7252 = LINE('',#7253,#7254);
#7253 = CARTESIAN_POINT('',(-0.,-0.));
#7254 = VECTOR('',#7255,1.);
#7255 = DIRECTION('',(-0.,-1.));
#7256 = ( GEOMETRIC_REPRESENTATION_CONTEXT(2) 
PARAMETRIC_REPRESENTATION_CONTEXT() REPRESENTATION_CONTEXT('2D SPACE',''
  ) );
#7257 = ORIENTED_EDGE('',*,*,#7003,.F.);
#7258 = ORIENTED_EDGE('',*,*,#7259,.F.);
#7259 = EDGE_CURVE('',#3792,#6885,#7260,.T.);
#7260 = SURFACE_CURVE('',#7261,(#7265,#7272),.PCURVE_S1.);
#7261 = LINE('',#7262,#7263);
#7262 = CARTESIAN_POINT('',(291.08270372175,-190.,-40.));
#7263 = VECTOR('',#7264,1.);
#7264 = DIRECTION('',(-0.,-0.,1.));
#7265 = PCURVE('',#3825,#7266);
#7266 = DEFINITIONAL_REPRESENTATION('',(#7267),#7271);
#7267 = LINE('',#7268,#7269);
#7268 = CARTESIAN_POINT('',(59.455816287289,-0.));
#7269 = VECTOR('',#7270,1.);
#7270 = DIRECTION('',(-1.,0.));
#7271 = ( GEOMETRIC_REPRESENTATION_CONTEXT(2) 
PARAMETRIC_REPRESENTATION_CONTEXT() REPRESENTATION_CONTEXT('2D SPACE',''
  ) );
#7272 = PCURVE('',#1446,#7273);
#7273 = DEFINITIONAL_REPRESENTATION('',(#7274),#7278);
#7274 = LINE('',#7275,#7276);
#7275 = CARTESIAN_POINT('',(-0.,-0.));
#7276 = VECTOR('',#7277,1.);
#7277 = DIRECTION('',(-0.,-1.));
#7278 = ( GEOMETRIC_REPRESENTATION_CONTEXT(2) 
PARAMETRIC_REPRESENTATION_CONTEXT() REPRESENTATION_CONTEXT('2D SPACE',''
  ) );
#7279 = ADVANCED_FACE('',(#7280),#3319,.F.);
#7280 = FACE_BOUND('',#7281,.F.);
#7281 = EDGE_LOOP('',(#7282,#7283,#7284,#7313));
#7282 = ORIENTED_EDGE('',*,*,#3299,.T.);
#7283 = ORIENTED_EDGE('',*,*,#3583,.F.);
#7284 = ORIENTED_EDGE('',*,*,#7285,.F.);
#7285 = EDGE_CURVE('',#7286,#3382,#7288,.T.);
#7286 = VERTEX_POINT('',#7287);
#7287 = CARTESIAN_POINT('',(302.57994996434,-82.54120947613,
    20.58117365065));
#7288 = SURFACE_CURVE('',#7289,(#7295,#7304),.PCURVE_S1.);
#7289 = B_SPLINE_CURVE_WITH_KNOTS('',4,(#7290,#7291,#7292,#7293,#7294),
  .UNSPECIFIED.,.F.,.F.,(5,5),(0.,1.),.PIECEWISE_BEZIER_KNOTS.);
#7290 = CARTESIAN_POINT('',(302.58699404318,-82.54194999739,
    20.579877850368));
#7291 = CARTESIAN_POINT('',(302.52207003572,-82.53512425418,
    20.591988817186));
#7292 = CARTESIAN_POINT('',(302.45640993062,-82.52823322567,
    20.600108899172));
#7293 = CARTESIAN_POINT('',(302.39037758835,-82.52131517002,
    20.604168883612));
#7294 = CARTESIAN_POINT('',(302.32434354239,-82.51440884035,
    20.604168777754));
#7295 = PCURVE('',#3319,#7296);
#7296 = DEFINITIONAL_REPRESENTATION('',(#7297),#7303);
#7297 = B_SPLINE_CURVE_WITH_KNOTS('',4,(#7298,#7299,#7300,#7301,#7302),
  .UNSPECIFIED.,.F.,.F.,(5,5),(0.,1.),.PIECEWISE_BEZIER_KNOTS.);
#7298 = CARTESIAN_POINT('',(0.182456225268,0.101521321048));
#7299 = CARTESIAN_POINT('',(0.136844225125,0.101464249617));
#7300 = CARTESIAN_POINT('',(9.122958991443E-02,0.101406632322));
#7301 = CARTESIAN_POINT('',(4.561419712689E-02,0.101348789047));
#7302 = CARTESIAN_POINT('',(0.,0.101291043816));
#7303 = ( GEOMETRIC_REPRESENTATION_CONTEXT(2) 
PARAMETRIC_REPRESENTATION_CONTEXT() REPRESENTATION_CONTEXT('2D SPACE',''
  ) );
#7304 = PCURVE('',#870,#7305);
#7305 = DEFINITIONAL_REPRESENTATION('',(#7306),#7312);
#7306 = B_SPLINE_CURVE_WITH_KNOTS('',4,(#7307,#7308,#7309,#7310,#7311),
  .UNSPECIFIED.,.F.,.F.,(5,5),(0.,1.),.PIECEWISE_BEZIER_KNOTS.);
#7307 = CARTESIAN_POINT('',(-0.264090506984,-1.439202387767));
#7308 = CARTESIAN_POINT('',(-0.198808685111,-1.451313406078));
#7309 = CARTESIAN_POINT('',(-0.132787967792,-1.459433522589));
#7310 = CARTESIAN_POINT('',(-6.639422125545E-02,-1.463493524291));
#7311 = CARTESIAN_POINT('',(0.,-1.463493418433));
#7312 = ( GEOMETRIC_REPRESENTATION_CONTEXT(2) 
PARAMETRIC_REPRESENTATION_CONTEXT() REPRESENTATION_CONTEXT('2D SPACE',''
  ) );
#7313 = ORIENTED_EDGE('',*,*,#7314,.T.);
#7314 = EDGE_CURVE('',#7286,#3300,#7315,.T.);
#7315 = SURFACE_CURVE('',#7316,(#7343,#7373),.PCURVE_S1.);
#7316 = B_SPLINE_CURVE_WITH_KNOTS('',4,(#7317,#7318,#7319,#7320,#7321,
    #7322,#7323,#7324,#7325,#7326,#7327,#7328,#7329,#7330,#7331,#7332,
    #7333,#7334,#7335,#7336,#7337,#7338,#7339,#7340,#7341,#7342),
  .UNSPECIFIED.,.F.,.F.,(5,3,3,3,3,3,3,3,5),(0.,0.217029845078,
    0.348589785396,0.457269758131,0.565949752863,0.674629771792,
    0.783309817429,0.891989892651,1.),.UNSPECIFIED.);
#7317 = CARTESIAN_POINT('',(303.86331398724,-70.39999999999,
    20.579104069685));
#7318 = CARTESIAN_POINT('',(303.17738901386,-76.88919795869,
    20.580219266779));
#7319 = CARTESIAN_POINT('',(302.49145901874,-83.37839531313,
    20.581321876444));
#7320 = CARTESIAN_POINT('',(301.80552360854,-89.86759201419,
    20.582410912246));
#7321 = CARTESIAN_POINT('',(300.70377589372,-100.2904324086,
    20.584136327989));
#7322 = CARTESIAN_POINT('',(300.28796732392,-104.2240765544,
    20.584782070327));
#7323 = CARTESIAN_POINT('',(299.87215647448,-108.1577204235,
    20.585422097935));
#7324 = CARTESIAN_POINT('',(299.11284524368,-115.3408963089,
    20.586579832073));
#7325 = CARTESIAN_POINT('',(298.76934562616,-118.5904284181,
    20.587099453534));
#7326 = CARTESIAN_POINT('',(298.42584429605,-121.8399603185,
    20.5876147815));
#7327 = CARTESIAN_POINT('',(297.73883798122,-128.3390243391,
    20.588636449504));
#7328 = CARTESIAN_POINT('',(297.39533299644,-131.5885564592,
    20.589142789356));
#7329 = CARTESIAN_POINT('',(297.05182613914,-134.83808835,
    20.589644434538));
#7330 = CARTESIAN_POINT('',(296.36480842231,-141.3371523734,
    20.590637882349));
#7331 = CARTESIAN_POINT('',(296.0212975627,-144.5866845059,
    20.591129684752));
#7332 = CARTESIAN_POINT('',(295.67778464982,-147.8362163859,
    20.591616338999));
#7333 = CARTESIAN_POINT('',(294.99075442801,-154.3352804126,
    20.592578836754));
#7334 = CARTESIAN_POINT('',(294.64723711897,-157.5848125593,
    20.593054679986));
#7335 = CARTESIAN_POINT('',(294.30371755151,-160.8343444269,
    20.593524860323));
#7336 = CARTESIAN_POINT('',(293.61667357243,-167.3334084576,
    20.594453308701));
#7337 = CARTESIAN_POINT('',(293.27314916068,-170.5829406207,
    20.594911576406));
#7338 = CARTESIAN_POINT('',(292.92962225664,-173.8324724741,
    20.595363594353));
#7339 = CARTESIAN_POINT('',(292.24468091416,-180.3115035032,
    20.596251712819));
#7340 = CARTESIAN_POINT('',(291.90326650785,-183.541002683,
    20.596687893882));
#7341 = CARTESIAN_POINT('',(291.56184937609,-186.770501522,
    20.59711724002));
#7342 = CARTESIAN_POINT('',(291.22042936772,-189.9999999999,
    20.597539371777));
#7343 = PCURVE('',#3319,#7344);
#7344 = DEFINITIONAL_REPRESENTATION('',(#7345),#7372);
#7345 = B_SPLINE_CURVE_WITH_KNOTS('',4,(#7346,#7347,#7348,#7349,#7350,
    #7351,#7352,#7353,#7354,#7355,#7356,#7357,#7358,#7359,#7360,#7361,
    #7362,#7363,#7364,#7365,#7366,#7367,#7368,#7369,#7370,#7371),
  .UNSPECIFIED.,.F.,.F.,(5,3,3,3,3,3,3,3,5),(0.,0.217029845078,
    0.348589785396,0.457269758131,0.565949752863,0.674629771792,
    0.783309817429,0.891989892651,1.),.UNSPECIFIED.);
#7346 = CARTESIAN_POINT('',(0.182455613474,0.));
#7347 = CARTESIAN_POINT('',(0.179875905494,5.425750801582E-02));
#7348 = CARTESIAN_POINT('',(0.177207505324,0.108515010979));
#7349 = CARTESIAN_POINT('',(0.174443551588,0.16277250848));
#7350 = CARTESIAN_POINT('',(0.169836980337,0.249920003417));
#7351 = CARTESIAN_POINT('',(0.168060184929,0.282810004636));
#7352 = CARTESIAN_POINT('',(0.166243240461,0.315700003542));
#7353 = CARTESIAN_POINT('',(0.162848041571,0.375760002583));
#7354 = CARTESIAN_POINT('',(0.161283229267,0.402930003496));
#7355 = CARTESIAN_POINT('',(0.15968829764,0.430100002664));
#7356 = CARTESIAN_POINT('',(0.156435429823,0.484440002836));
#7357 = CARTESIAN_POINT('',(0.154777492392,0.51161000384));
#7358 = CARTESIAN_POINT('',(0.153086669146,0.538780002927));
#7359 = CARTESIAN_POINT('',(0.149636132168,0.593120003122));
#7360 = CARTESIAN_POINT('',(0.147876416946,0.62029000423));
#7361 = CARTESIAN_POINT('',(0.146080696367,0.647460003227));
#7362 = CARTESIAN_POINT('',(0.142413713927,0.70180000345));
#7363 = CARTESIAN_POINT('',(0.140542450263,0.728970004677));
#7364 = CARTESIAN_POINT('',(0.138631649846,0.75614000357));
#7365 = CARTESIAN_POINT('',(0.134726962153,0.810480003827));
#7366 = CARTESIAN_POINT('',(0.132733072681,0.837650005191));
#7367 = CARTESIAN_POINT('',(0.130695632097,0.864820003964));
#7368 = CARTESIAN_POINT('',(0.126541909263,0.918992504208));
#7369 = CARTESIAN_POINT('',(0.124426187858,0.945995005711));
#7370 = CARTESIAN_POINT('',(0.122262937026,0.972997504365));
#7371 = CARTESIAN_POINT('',(0.120049578574,1.));
#7372 = ( GEOMETRIC_REPRESENTATION_CONTEXT(2) 
PARAMETRIC_REPRESENTATION_CONTEXT() REPRESENTATION_CONTEXT('2D SPACE',''
  ) );
#7373 = PCURVE('',#949,#7374);
#7374 = DEFINITIONAL_REPRESENTATION('',(#7375),#7402);
#7375 = B_SPLINE_CURVE_WITH_KNOTS('',4,(#7376,#7377,#7378,#7379,#7380,
    #7381,#7382,#7383,#7384,#7385,#7386,#7387,#7388,#7389,#7390,#7391,
    #7392,#7393,#7394,#7395,#7396,#7397,#7398,#7399,#7400,#7401),
  .UNSPECIFIED.,.F.,.F.,(5,3,3,3,3,3,3,3,5),(0.,0.217029845078,
    0.348589785396,0.457269758131,0.565949752863,0.674629771792,
    0.783309817429,0.891989892651,1.),.UNSPECIFIED.);
#7376 = CARTESIAN_POINT('',(4.881497521901,1.147540983606E-02));
#7377 = CARTESIAN_POINT('',(4.900815260056,6.466555703845E-02));
#7378 = CARTESIAN_POINT('',(4.92014657228,0.117855699288));
#7379 = CARTESIAN_POINT('',(4.93949252232,0.171045836182));
#7380 = CARTESIAN_POINT('',(4.970591310001,0.256478954169));
#7381 = CARTESIAN_POINT('',(4.982334051402,0.288721938971));
#7382 = CARTESIAN_POINT('',(4.994082955462,0.320964921505));
#7383 = CARTESIAN_POINT('',(5.015549353061,0.379843412369));
#7384 = CARTESIAN_POINT('',(5.025264781573,0.40647892146));
#7385 = CARTESIAN_POINT('',(5.03498484011,0.433114428841));
#7386 = CARTESIAN_POINT('',(5.054434651669,0.486385445403));
#7387 = CARTESIAN_POINT('',(5.064164404893,0.513020954584));
#7388 = CARTESIAN_POINT('',(5.073899220757,0.539656461886));
#7389 = CARTESIAN_POINT('',(5.093379468783,0.592927478471));
#7390 = CARTESIAN_POINT('',(5.103124901191,0.619562987754));
#7391 = CARTESIAN_POINT('',(5.112875885264,0.646198494966));
#7392 = CARTESIAN_POINT('',(5.132389514013,0.699469511579));
#7393 = CARTESIAN_POINT('',(5.142152158985,0.726105020979));
#7394 = CARTESIAN_POINT('',(5.151920910704,0.75274052809));
#7395 = CARTESIAN_POINT('',(5.171471262901,0.806011544735));
#7396 = CARTESIAN_POINT('',(5.181252863742,0.832647054269));
#7397 = CARTESIAN_POINT('',(5.191041204185,0.859282561263));
#7398 = CARTESIAN_POINT('',(5.210571704077,0.912389372978));
#7399 = CARTESIAN_POINT('',(5.22031377667,0.93886067773));
#7400 = CARTESIAN_POINT('',(5.230063219889,0.965331979689));
#7401 = CARTESIAN_POINT('',(5.239820442929,0.991803278688));
#7402 = ( GEOMETRIC_REPRESENTATION_CONTEXT(2) 
PARAMETRIC_REPRESENTATION_CONTEXT() REPRESENTATION_CONTEXT('2D SPACE',''
  ) );
#7403 = ADVANCED_FACE('',(#7404),#3033,.F.);
#7404 = FACE_BOUND('',#7405,.T.);
#7405 = EDGE_LOOP('',(#7406,#7440,#7461,#7462));
#7406 = ORIENTED_EDGE('',*,*,#7407,.T.);
#7407 = EDGE_CURVE('',#4407,#7408,#7410,.T.);
#7408 = VERTEX_POINT('',#7409);
#7409 = CARTESIAN_POINT('',(301.87887698957,-104.6788864161,
    19.205087224025));
#7410 = SURFACE_CURVE('',#7411,(#7416,#7429),.PCURVE_S1.);
#7411 = ELLIPSE('',#7412,3.328185394103,1.8625);
#7412 = AXIS2_PLACEMENT_3D('',#7413,#7414,#7415);
#7413 = CARTESIAN_POINT('',(299.73956975136,-107.2284135029,
    19.213130459927));
#7414 = DIRECTION('',(0.766044443119,-0.642787609687,4.336808689942E-19)
  );
#7415 = DIRECTION('',(-0.642783630574,-0.766039700997,3.518630731649E-03
    ));
#7416 = PCURVE('',#3033,#7417);
#7417 = DEFINITIONAL_REPRESENTATION('',(#7418),#7428);
#7418 = B_SPLINE_CURVE_WITH_KNOTS('',8,(#7419,#7420,#7421,#7422,#7423,
    #7424,#7425,#7426,#7427),.UNSPECIFIED.,.F.,.F.,(9,9),(1.793862399354
    ,3.143561739161),.PIECEWISE_BEZIER_KNOTS.);
#7419 = CARTESIAN_POINT('',(-1.34969933981,3.289403552547));
#7420 = CARTESIAN_POINT('',(-1.180986922338,2.835583094329));
#7421 = CARTESIAN_POINT('',(-1.012274504866,2.401611854353));
#7422 = CARTESIAN_POINT('',(-0.843562087392,2.007173708825));
#7423 = CARTESIAN_POINT('',(-0.674849669916,1.670747539764));
#7424 = CARTESIAN_POINT('',(-0.506137252441,1.407813239325));
#7425 = CARTESIAN_POINT('',(-0.337424834951,1.229238985176));
#7426 = CARTESIAN_POINT('',(-0.168712417476,1.14042916263));
#7427 = CARTESIAN_POINT('',(-9.769962616701E-15,1.141345476143));
#7428 = ( GEOMETRIC_REPRESENTATION_CONTEXT(2) 
PARAMETRIC_REPRESENTATION_CONTEXT() REPRESENTATION_CONTEXT('2D SPACE',''
  ) );
#7429 = PCURVE('',#1100,#7430);
#7430 = DEFINITIONAL_REPRESENTATION('',(#7431),#7439);
#7431 = ( BOUNDED_CURVE() B_SPLINE_CURVE(2,(#7432,#7433,#7434,#7435,
#7436,#7437,#7438),.UNSPECIFIED.,.T.,.F.) B_SPLINE_CURVE_WITH_KNOTS((1,2
    ,2,2,2,1),(-2.094395102393,0.,2.094395102393,4.188790204786,
6.28318530718,8.377580409573),.UNSPECIFIED.) CURVE() 
GEOMETRIC_REPRESENTATION_ITEM() RATIONAL_B_SPLINE_CURVE((1.,0.5,1.,0.5,
1.,0.5,1.)) REPRESENTATION_ITEM('') );
#7432 = CARTESIAN_POINT('',(-6.694044572906,-2.895404323256));
#7433 = CARTESIAN_POINT('',(-6.705395480816,0.330520335952));
#7434 = CARTESIAN_POINT('',(-1.707472839906,-1.26487601054));
#7435 = CARTESIAN_POINT('',(3.290449801005,-2.860272357031));
#7436 = CARTESIAN_POINT('',(-1.696121931995,-4.490800669748));
#7437 = CARTESIAN_POINT('',(-6.682693664995,-6.121328982465));
#7438 = CARTESIAN_POINT('',(-6.694044572906,-2.895404323256));
#7439 = ( GEOMETRIC_REPRESENTATION_CONTEXT(2) 
PARAMETRIC_REPRESENTATION_CONTEXT() REPRESENTATION_CONTEXT('2D SPACE',''
  ) );
#7440 = ORIENTED_EDGE('',*,*,#7441,.T.);
#7441 = EDGE_CURVE('',#7408,#2985,#7442,.T.);
#7442 = SURFACE_CURVE('',#7443,(#7447,#7454),.PCURVE_S1.);
#7443 = LINE('',#7444,#7445);
#7444 = CARTESIAN_POINT('',(301.87887698957,-104.6788864161,
    19.205087224025));
#7445 = VECTOR('',#7446,1.);
#7446 = DIRECTION('',(0.104019604147,0.994570972053,-2.916076511733E-03)
  );
#7447 = PCURVE('',#3033,#7448);
#7448 = DEFINITIONAL_REPRESENTATION('',(#7449),#7453);
#7449 = LINE('',#7450,#7451);
#7450 = CARTESIAN_POINT('',(-0.,1.141345476143));
#7451 = VECTOR('',#7452,1.);
#7452 = DIRECTION('',(-0.,-1.));
#7453 = ( GEOMETRIC_REPRESENTATION_CONTEXT(2) 
PARAMETRIC_REPRESENTATION_CONTEXT() REPRESENTATION_CONTEXT('2D SPACE',''
  ) );
#7454 = PCURVE('',#1028,#7455);
#7455 = DEFINITIONAL_REPRESENTATION('',(#7456),#7460);
#7456 = LINE('',#7457,#7458);
#7457 = CARTESIAN_POINT('',(-6.28318530718,1.141345476143));
#7458 = VECTOR('',#7459,1.);
#7459 = DIRECTION('',(-0.,-1.));
#7460 = ( GEOMETRIC_REPRESENTATION_CONTEXT(2) 
PARAMETRIC_REPRESENTATION_CONTEXT() REPRESENTATION_CONTEXT('2D SPACE',''
  ) );
#7461 = ORIENTED_EDGE('',*,*,#3012,.T.);
#7462 = ORIENTED_EDGE('',*,*,#4426,.T.);
#7463 = ADVANCED_FACE('',(#7464),#1710,.F.);
#7464 = FACE_BOUND('',#7465,.T.);
#7465 = EDGE_LOOP('',(#7466,#7467,#7468,#7469,#7470,#7471,#7497));
#7466 = ORIENTED_EDGE('',*,*,#2858,.F.);
#7467 = ORIENTED_EDGE('',*,*,#2779,.F.);
#7468 = ORIENTED_EDGE('',*,*,#2712,.F.);
#7469 = ORIENTED_EDGE('',*,*,#1689,.F.);
#7470 = ORIENTED_EDGE('',*,*,#1725,.F.);
#7471 = ORIENTED_EDGE('',*,*,#7472,.T.);
#7472 = EDGE_CURVE('',#1726,#2660,#7473,.T.);
#7473 = SURFACE_CURVE('',#7474,(#7479,#7486),.PCURVE_S1.);
#7474 = CIRCLE('',#7475,1.05);
#7475 = AXIS2_PLACEMENT_3D('',#7476,#7477,#7478);
#7476 = CARTESIAN_POINT('',(303.59135821248,-70.4,19.105149758099));
#7477 = DIRECTION('',(0.104019604147,0.994570972053,-2.916076511733E-03)
  );
#7478 = DIRECTION('',(0.994575200748,-0.104020046415,-5.421010862428E-20
    ));
#7479 = PCURVE('',#1710,#7480);
#7480 = DEFINITIONAL_REPRESENTATION('',(#7481),#7485);
#7481 = LINE('',#7482,#7483);
#7482 = CARTESIAN_POINT('',(-6.28318530718,0.502729331591));
#7483 = VECTOR('',#7484,1.);
#7484 = DIRECTION('',(-1.,0.));
#7485 = ( GEOMETRIC_REPRESENTATION_CONTEXT(2) 
PARAMETRIC_REPRESENTATION_CONTEXT() REPRESENTATION_CONTEXT('2D SPACE',''
  ) );
#7486 = PCURVE('',#793,#7487);
#7487 = DEFINITIONAL_REPRESENTATION('',(#7488),#7496);
#7488 = ( BOUNDED_CURVE() B_SPLINE_CURVE(2,(#7489,#7490,#7491,#7492,
#7493,#7494,#7495),.UNSPECIFIED.,.T.,.F.) B_SPLINE_CURVE_WITH_KNOTS((1,2
    ,2,2,2,1),(-2.094395102393,0.,2.094395102393,4.188790204786,
6.28318530718,8.377580409573),.UNSPECIFIED.) CURVE() 
GEOMETRIC_REPRESENTATION_ITEM() RATIONAL_B_SPLINE_CURVE((1.,0.5,1.,0.5,
1.,0.5,1.)) REPRESENTATION_ITEM('') );
#7489 = CARTESIAN_POINT('',(-1.05,8.590441231408E-18));
#7490 = CARTESIAN_POINT('',(-1.05,1.818653347947));
#7491 = CARTESIAN_POINT('',(0.525,0.909326673974));
#7492 = CARTESIAN_POINT('',(2.1,2.917219587038E-16));
#7493 = CARTESIAN_POINT('',(0.525,-0.909326673974));
#7494 = CARTESIAN_POINT('',(-1.05,-1.818653347947));
#7495 = CARTESIAN_POINT('',(-1.05,8.590441231408E-18));
#7496 = ( GEOMETRIC_REPRESENTATION_CONTEXT(2) 
PARAMETRIC_REPRESENTATION_CONTEXT() REPRESENTATION_CONTEXT('2D SPACE',''
  ) );
#7497 = ORIENTED_EDGE('',*,*,#2659,.F.);
#7498 = ADVANCED_FACE('',(#7499),#1804,.F.);
#7499 = FACE_BOUND('',#7500,.F.);
#7500 = EDGE_LOOP('',(#7501,#7530,#7620));
#7501 = ORIENTED_EDGE('',*,*,#7502,.T.);
#7502 = EDGE_CURVE('',#1765,#7503,#7505,.T.);
#7503 = VERTEX_POINT('',#7504);
#7504 = CARTESIAN_POINT('',(303.85988859914,-70.43240598321,
    17.631379886017));
#7505 = SURFACE_CURVE('',#7506,(#7512,#7521),.PCURVE_S1.);
#7506 = B_SPLINE_CURVE_WITH_KNOTS('',4,(#7507,#7508,#7509,#7510,#7511),
  .UNSPECIFIED.,.F.,.F.,(5,5),(0.,1.),.PIECEWISE_BEZIER_KNOTS.);
#7507 = CARTESIAN_POINT('',(303.5493565514,-70.4,17.606905064803));
#7508 = CARTESIAN_POINT('',(303.62734473559,-70.40816292278,
    17.604742569318));
#7509 = CARTESIAN_POINT('',(303.70548644624,-70.41632568316,
    17.6081119199));
#7510 = CARTESIAN_POINT('',(303.78319847822,-70.42442723892,
    17.617028905546));
#7511 = CARTESIAN_POINT('',(303.85990826071,-70.43240802878,
    17.631383565138));
#7512 = PCURVE('',#1804,#7513);
#7513 = DEFINITIONAL_REPRESENTATION('',(#7514),#7520);
#7514 = B_SPLINE_CURVE_WITH_KNOTS('',4,(#7515,#7516,#7517,#7518,#7519),
  .UNSPECIFIED.,.F.,.F.,(5,5),(0.,1.),.PIECEWISE_BEZIER_KNOTS.);
#7515 = CARTESIAN_POINT('',(3.1696192257,0.));
#7516 = CARTESIAN_POINT('',(3.116996809761,6.825186275855E-05));
#7517 = CARTESIAN_POINT('',(3.064373518766,1.365023675999E-04));
#7518 = CARTESIAN_POINT('',(3.011752437969,2.042411281665E-04));
#7519 = CARTESIAN_POINT('',(2.959136428321,2.709701403249E-04));
#7520 = ( GEOMETRIC_REPRESENTATION_CONTEXT(2) 
PARAMETRIC_REPRESENTATION_CONTEXT() REPRESENTATION_CONTEXT('2D SPACE',''
  ) );
#7521 = PCURVE('',#793,#7522);
#7522 = DEFINITIONAL_REPRESENTATION('',(#7523),#7529);
#7523 = B_SPLINE_CURVE_WITH_KNOTS('',4,(#7524,#7525,#7526,#7527,#7528),
  .UNSPECIFIED.,.F.,.F.,(5,5),(0.,1.),.PIECEWISE_BEZIER_KNOTS.);
#7524 = CARTESIAN_POINT('',(4.177381049936E-02,1.4982510635));
#7525 = CARTESIAN_POINT('',(-3.664041105583E-02,1.500413568179));
#7526 = CARTESIAN_POINT('',(-0.115207309323,1.497044203272));
#7527 = CARTESIAN_POINT('',(-0.193340493332,1.488127179713));
#7528 = CARTESIAN_POINT('',(-0.270464302781,1.473772459088));
#7529 = ( GEOMETRIC_REPRESENTATION_CONTEXT(2) 
PARAMETRIC_REPRESENTATION_CONTEXT() REPRESENTATION_CONTEXT('2D SPACE',''
  ) );
#7530 = ORIENTED_EDGE('',*,*,#7531,.T.);
#7531 = EDGE_CURVE('',#7503,#1788,#7532,.T.);
#7532 = SURFACE_CURVE('',#7533,(#7560,#7590),.PCURVE_S1.);
#7533 = B_SPLINE_CURVE_WITH_KNOTS('',4,(#7534,#7535,#7536,#7537,#7538,
    #7539,#7540,#7541,#7542,#7543,#7544,#7545,#7546,#7547,#7548,#7549,
    #7550,#7551,#7552,#7553,#7554,#7555,#7556,#7557,#7558,#7559),
  .UNSPECIFIED.,.F.,.F.,(5,3,3,3,3,3,3,3,5),(0.,9.320225421266E-02,
    0.186802332858,0.280402386281,0.374002416625,0.467602425792,
    0.626402397591,0.813602301883,1.),.UNSPECIFIED.);
#7534 = CARTESIAN_POINT('',(291.22042937005,-190.,18.314093197031));
#7535 = CARTESIAN_POINT('',(291.51504170673,-187.2132561976,
    18.298116020944));
#7536 = CARTESIAN_POINT('',(291.80965190473,-184.4265120954,
    18.282144215006));
#7537 = CARTESIAN_POINT('',(292.10426006112,-181.6397677076,
    18.266177535338));
#7538 = CARTESIAN_POINT('',(292.69472995945,-176.0543834473,
    18.23418586539));
#7539 = CARTESIAN_POINT('',(292.99059168474,-173.2557435725,
    18.218160916918));
#7540 = CARTESIAN_POINT('',(293.28645152479,-170.4571034352,
    18.202140701749));
#7541 = CARTESIAN_POINT('',(293.87816750944,-164.8598234126,
    18.170109353499));
#7542 = CARTESIAN_POINT('',(294.17402365411,-162.0611835272,
    18.154098220248));
#7543 = CARTESIAN_POINT('',(294.46987806839,-159.2625434019,
    18.138091431253));
#7544 = CARTESIAN_POINT('',(295.06158350128,-153.6652633818,
    18.106086198884));
#7545 = CARTESIAN_POINT('',(295.35743451994,-150.866623487,
    18.090087755368));
#7546 = CARTESIAN_POINT('',(295.65328394634,-148.0679833724,
    18.074093309094));
#7547 = CARTESIAN_POINT('',(296.24497967126,-142.4707033545,
    18.042112104224));
#7548 = CARTESIAN_POINT('',(296.54082596982,-139.6720634513,
    18.02612534551));
#7549 = CARTESIAN_POINT('',(296.83667079976,-136.8734233461,
    18.010142273465));
#7550 = CARTESIAN_POINT('',(297.6344364563,-129.3266638474,
    17.967052195082));
#7551 = CARTESIAN_POINT('',(298.13635462876,-124.5785440895,
    17.939951851236));
#7552 = CARTESIAN_POINT('',(298.63826900427,-119.8304238119,
    17.912861038169));
#7553 = CARTESIAN_POINT('',(299.7318528028,-109.4850240126,
    17.853853992754));
#7554 = CARTESIAN_POINT('',(300.32352083532,-103.887744301,
    17.82194125059));
#7555 = CARTESIAN_POINT('',(300.91518427785,-98.29046396486,
    17.790040028889));
#7556 = CARTESIAN_POINT('',(302.09596715949,-87.11988810972,
    17.726395758244));
#7557 = CARTESIAN_POINT('',(302.68508663596,-81.54659259587,
    17.694652615514));
#7558 = CARTESIAN_POINT('',(303.27420216478,-75.97329654769,
    17.662919380306));
#7559 = CARTESIAN_POINT('',(303.86331399525,-70.4,17.631195426684));
#7560 = PCURVE('',#1804,#7561);
#7561 = DEFINITIONAL_REPRESENTATION('',(#7562),#7589);
#7562 = B_SPLINE_CURVE_WITH_KNOTS('',4,(#7563,#7564,#7565,#7566,#7567,
    #7568,#7569,#7570,#7571,#7572,#7573,#7574,#7575,#7576,#7577,#7578,
    #7579,#7580,#7581,#7582,#7583,#7584,#7585,#7586,#7587,#7588),
  .UNSPECIFIED.,.F.,.F.,(5,3,3,3,3,3,3,3,5),(0.,9.320225421266E-02,
    0.186802332858,0.280402386281,0.374002416625,0.467602425792,
    0.626402397591,0.813602301883,1.),.UNSPECIFIED.);
#7563 = CARTESIAN_POINT('',(3.021543070101,1.));
#7564 = CARTESIAN_POINT('',(3.019633156269,0.976699466536));
#7565 = CARTESIAN_POINT('',(3.01776055301,0.953398930564));
#7566 = CARTESIAN_POINT('',(3.015923602779,0.930098392204));
#7567 = CARTESIAN_POINT('',(3.012310368639,0.883397854911));
#7568 = CARTESIAN_POINT('',(3.010534375858,0.859997855957));
#7569 = CARTESIAN_POINT('',(3.008791363174,0.83659785481));
#7570 = CARTESIAN_POINT('',(3.005368640071,0.78979785462));
#7571 = CARTESIAN_POINT('',(3.003688928548,0.766397855579));
#7572 = CARTESIAN_POINT('',(3.00203953734,0.742997854531));
#7573 = CARTESIAN_POINT('',(2.998799018491,0.696197854363));
#7574 = CARTESIAN_POINT('',(2.997207889921,0.672797855243));
#7575 = CARTESIAN_POINT('',(2.995644703039,0.649397854284));
#7576 = CARTESIAN_POINT('',(2.992572079989,0.602597854135));
#7577 = CARTESIAN_POINT('',(2.991062643034,0.579197854944));
#7578 = CARTESIAN_POINT('',(2.989579013778,0.555797854064));
#7579 = CARTESIAN_POINT('',(2.985645292777,0.492697858256));
#7580 = CARTESIAN_POINT('',(2.983241870312,0.45299786028));
#7581 = CARTESIAN_POINT('',(2.98090528844,0.41329785796));
#7582 = CARTESIAN_POINT('',(2.975951316648,0.326797859637));
#7583 = CARTESIAN_POINT('',(2.973358427134,0.279997862049));
#7584 = CARTESIAN_POINT('',(2.970846508124,0.233197859238));
#7585 = CARTESIAN_POINT('',(2.96598445179,0.139798395566));
#7586 = CARTESIAN_POINT('',(2.96363365534,9.319893474815E-02));
#7587 = CARTESIAN_POINT('',(2.961352633358,4.659946946232E-02));
#7588 = CARTESIAN_POINT('',(2.959137030898,0.));
#7589 = ( GEOMETRIC_REPRESENTATION_CONTEXT(2) 
PARAMETRIC_REPRESENTATION_CONTEXT() REPRESENTATION_CONTEXT('2D SPACE',''
  ) );
#7590 = PCURVE('',#1854,#7591);
#7591 = DEFINITIONAL_REPRESENTATION('',(#7592),#7619);
#7592 = B_SPLINE_CURVE_WITH_KNOTS('',4,(#7593,#7594,#7595,#7596,#7597,
    #7598,#7599,#7600,#7601,#7602,#7603,#7604,#7605,#7606,#7607,#7608,
    #7609,#7610,#7611,#7612,#7613,#7614,#7615,#7616,#7617,#7618),
  .UNSPECIFIED.,.F.,.F.,(5,3,3,3,3,3,3,3,5),(0.,9.320225421266E-02,
    0.186802332858,0.280402386281,0.374002416625,0.467602425792,
    0.626402397591,0.813602301883,1.),.UNSPECIFIED.);
#7593 = CARTESIAN_POINT('',(1.231388019361,0.991803278689));
#7594 = CARTESIAN_POINT('',(1.23980755649,0.968961116374));
#7595 = CARTESIAN_POINT('',(1.248221300777,0.946118951602));
#7596 = CARTESIAN_POINT('',(1.256629515303,0.923276784489));
#7597 = CARTESIAN_POINT('',(1.273471217784,0.877494946289));
#7598 = CARTESIAN_POINT('',(1.281904660641,0.854555275185));
#7599 = CARTESIAN_POINT('',(1.290332997638,0.831615601928));
#7600 = CARTESIAN_POINT('',(1.307179877079,0.78573625748));
#7601 = CARTESIAN_POINT('',(1.315598419706,0.762796586289));
#7602 = CARTESIAN_POINT('',(1.324012276146,0.739856913131));
#7603 = CARTESIAN_POINT('',(1.34083098871,0.693977568704));
#7604 = CARTESIAN_POINT('',(1.349235844988,0.671037897435));
#7605 = CARTESIAN_POINT('',(1.357636389407,0.648098224364));
#7606 = CARTESIAN_POINT('',(1.374429187485,0.602218879955));
#7607 = CARTESIAN_POINT('',(1.382821441273,0.579279208617));
#7608 = CARTESIAN_POINT('',(1.39120971822,0.556339535624));
#7609 = CARTESIAN_POINT('',(1.413819065608,0.494480851208));
#7610 = CARTESIAN_POINT('',(1.428032949168,0.455561836799));
#7611 = CARTESIAN_POINT('',(1.442236551808,0.416642818131));
#7612 = CARTESIAN_POINT('',(1.473162878973,0.33184445912));
#7613 = CARTESIAN_POINT('',(1.489881838613,0.285965117222));
#7614 = CARTESIAN_POINT('',(1.506588371058,0.240085770204));
#7615 = CARTESIAN_POINT('',(1.539906687312,0.148523673031));
#7616 = CARTESIAN_POINT('',(1.556518572286,0.102840922917));
#7617 = CARTESIAN_POINT('',(1.573119769965,5.715816842371E-02));
#7618 = CARTESIAN_POINT('',(1.589710955551,1.147540983607E-02));
#7619 = ( GEOMETRIC_REPRESENTATION_CONTEXT(2) 
PARAMETRIC_REPRESENTATION_CONTEXT() REPRESENTATION_CONTEXT('2D SPACE',''
  ) );
#7620 = ORIENTED_EDGE('',*,*,#1787,.T.);
#7621 = ADVANCED_FACE('',(#7622),#1854,.T.);
#7622 = FACE_BOUND('',#7623,.T.);
#7623 = EDGE_LOOP('',(#7624,#7716,#7734,#7735));
#7624 = ORIENTED_EDGE('',*,*,#7625,.F.);
#7625 = EDGE_CURVE('',#7626,#1841,#7628,.T.);
#7626 = VERTEX_POINT('',#7627);
#7627 = CARTESIAN_POINT('',(304.05404412035,-70.45413748891,
    17.145266343394));
#7628 = SURFACE_CURVE('',#7629,(#7656,#7686),.PCURVE_S1.);
#7629 = B_SPLINE_CURVE_WITH_KNOTS('',4,(#7630,#7631,#7632,#7633,#7634,
    #7635,#7636,#7637,#7638,#7639,#7640,#7641,#7642,#7643,#7644,#7645,
    #7646,#7647,#7648,#7649,#7650,#7651,#7652,#7653,#7654,#7655),
  .UNSPECIFIED.,.F.,.F.,(5,3,3,3,3,3,3,3,5),(0.,9.477218639567E-02,
    0.188912228919,0.283442711302,0.37756854976,0.472113232597,
    0.62369139536,0.811943066302,1.),.UNSPECIFIED.);
#7630 = CARTESIAN_POINT('',(291.32443575784,-191.,17.800737419538));
#7631 = CARTESIAN_POINT('',(291.62617514274,-188.1426156656,
    17.785199277427));
#7632 = CARTESIAN_POINT('',(291.9279144961,-185.2852313194,
    17.769661216481));
#7633 = CARTESIAN_POINT('',(292.2296538189,-182.4278469617,
    17.754123234049));
#7634 = CARTESIAN_POINT('',(292.83111976158,-176.732137382,
    17.723151061382));
#7635 = CARTESIAN_POINT('',(293.13084638185,-173.8938121601,
    17.707716870134));
#7636 = CARTESIAN_POINT('',(293.43057297381,-171.0554869279,
    17.692282751574));
#7637 = CARTESIAN_POINT('',(294.03126919972,-165.3670646698,
    17.661350643713));
#7638 = CARTESIAN_POINT('',(294.33223883345,-162.5169676439,
    17.645852654996));
#7639 = CARTESIAN_POINT('',(294.63320844033,-159.6668706084,
    17.630354735142));
#7640 = CARTESIAN_POINT('',(295.23385928197,-153.9788765465,
    17.599425368649));
#7641 = CARTESIAN_POINT('',(295.53354051695,-151.1409795201,
    17.58399392144));
#7642 = CARTESIAN_POINT('',(295.83322172687,-148.3030824851,
    17.568562538461));
#7643 = CARTESIAN_POINT('',(296.43391762962,-142.6146602272,
    17.537631230426));
#7644 = CARTESIAN_POINT('',(296.73493232223,-139.7641350043,
    17.522131305926));
#7645 = CARTESIAN_POINT('',(297.035946991,-136.9136097733,
    17.506631442465));
#7646 = CARTESIAN_POINT('',(297.8195614569,-129.4929980356,
    17.46628167564));
#7647 = CARTESIAN_POINT('',(298.30216121765,-124.9229115169,
    17.441431865392));
#7648 = CARTESIAN_POINT('',(298.78476092162,-120.3528249798,
    17.416582200385));
#7649 = CARTESIAN_POINT('',(299.86672256896,-110.1069444024,
    17.36087094113));
#7650 = CARTESIAN_POINT('',(300.46608448286,-104.4311503527,
    17.330009422214));
#7651 = CARTESIAN_POINT('',(301.06544631765,-98.75535627849,
    17.299148105406));
#7652 = CARTESIAN_POINT('',(302.26354982634,-87.40963941861,
    17.237457779442));
#7653 = CARTESIAN_POINT('',(302.86229150041,-81.73971663302,
    17.206628769875));
#7654 = CARTESIAN_POINT('',(303.4610331036,-76.06979382635,
    17.17579994113));
#7655 = CARTESIAN_POINT('',(304.05977463942,-70.399871,17.144971284174)
  );
#7656 = PCURVE('',#1854,#7657);
#7657 = DEFINITIONAL_REPRESENTATION('',(#7658),#7685);
#7658 = B_SPLINE_CURVE_WITH_KNOTS('',4,(#7659,#7660,#7661,#7662,#7663,
    #7664,#7665,#7666,#7667,#7668,#7669,#7670,#7671,#7672,#7673,#7674,
    #7675,#7676,#7677,#7678,#7679,#7680,#7681,#7682,#7683,#7684),
  .UNSPECIFIED.,.F.,.F.,(5,3,3,3,3,3,3,3,5),(0.,9.477218639567E-02,
    0.188912228919,0.283442711302,0.37756854976,0.472113232597,
    0.62369139536,0.811943066302,1.),.UNSPECIFIED.);
#7659 = CARTESIAN_POINT('',(1.788222318558,1.));
#7660 = CARTESIAN_POINT('',(1.795944958715,0.976578816932));
#7661 = CARTESIAN_POINT('',(1.803667511297,0.953157633766));
#7662 = CARTESIAN_POINT('',(1.811389979162,0.929736450506));
#7663 = CARTESIAN_POINT('',(1.826783241302,0.88305030641));
#7664 = CARTESIAN_POINT('',(1.834454036669,0.859785345575));
#7665 = CARTESIAN_POINT('',(1.842124753608,0.836520384655));
#7666 = CARTESIAN_POINT('',(1.857497848853,0.789893972704));
#7667 = CARTESIAN_POINT('',(1.865200226529,0.766532521671));
#7668 = CARTESIAN_POINT('',(1.872902529903,0.743171070561));
#7669 = CARTESIAN_POINT('',(1.888274022553,0.696548168414));
#7670 = CARTESIAN_POINT('',(1.895943212445,0.673286717379));
#7671 = CARTESIAN_POINT('',(1.903612333034,0.650025266272));
#7672 = CARTESIAN_POINT('',(1.918984565639,0.603398854322));
#7673 = CARTESIAN_POINT('',(1.926687677055,0.580033893478));
#7674 = CARTESIAN_POINT('',(1.934390722612,0.556668932568));
#7675 = CARTESIAN_POINT('',(1.954443460522,0.495844246194));
#7676 = CARTESIAN_POINT('',(1.966793052409,0.458384520631));
#7677 = CARTESIAN_POINT('',(1.97914248759,0.420924794917));
#7678 = CARTESIAN_POINT('',(2.006828900314,0.336942167233));
#7679 = CARTESIAN_POINT('',(2.02216579658,0.290419265186));
#7680 = CARTESIAN_POINT('',(2.037502474787,0.243896362938));
#7681 = CARTESIAN_POINT('',(2.068159552809,0.150898683747));
#7682 = CARTESIAN_POINT('',(2.083479953048,0.10442390686));
#7683 = CARTESIAN_POINT('',(2.098800158236,5.794912968793E-02));
#7684 = CARTESIAN_POINT('',(2.114120178039,1.147435247836E-02));
#7685 = ( GEOMETRIC_REPRESENTATION_CONTEXT(2) 
PARAMETRIC_REPRESENTATION_CONTEXT() REPRESENTATION_CONTEXT('2D SPACE',''
  ) );
#7686 = PCURVE('',#2089,#7687);
#7687 = DEFINITIONAL_REPRESENTATION('',(#7688),#7715);
#7688 = B_SPLINE_CURVE_WITH_KNOTS('',4,(#7689,#7690,#7691,#7692,#7693,
    #7694,#7695,#7696,#7697,#7698,#7699,#7700,#7701,#7702,#7703,#7704,
    #7705,#7706,#7707,#7708,#7709,#7710,#7711,#7712,#7713,#7714),
  .UNSPECIFIED.,.F.,.F.,(5,3,3,3,3,3,3,3,5),(0.,9.477218639567E-02,
    0.188912228919,0.283442711302,0.37756854976,0.472113232597,
    0.62369139536,0.811943066302,1.),.UNSPECIFIED.);
#7689 = CARTESIAN_POINT('',(76.193151480683,0.888372093023));
#7690 = CARTESIAN_POINT('',(76.194402199165,0.875081933329));
#7691 = CARTESIAN_POINT('',(76.195634744441,0.861791773579));
#7692 = CARTESIAN_POINT('',(76.196849710072,0.848501613776));
#7693 = CARTESIAN_POINT('',(76.199237580657,0.822009941312));
#7694 = CARTESIAN_POINT('',(76.200410712349,0.808808428652));
#7695 = CARTESIAN_POINT('',(76.201567569342,0.795606915944));
#7696 = CARTESIAN_POINT('',(76.20385444798,0.769149137999));
#7697 = CARTESIAN_POINT('',(76.204984338642,0.755892872762));
#7698 = CARTESIAN_POINT('',(76.206098811312,0.742636607481));
#7699 = CARTESIAN_POINT('',(76.208293129272,0.716180821147));
#7700 = CARTESIAN_POINT('',(76.209373102552,0.702981300094));
#7701 = CARTESIAN_POINT('',(76.210438695156,0.689781779001));
#7702 = CARTESIAN_POINT('',(76.212546632198,0.663324001057));
#7703 = CARTESIAN_POINT('',(76.213588852254,0.650065744206));
#7704 = CARTESIAN_POINT('',(76.214617406485,0.636807487318));
#7705 = CARTESIAN_POINT('',(76.217260424063,0.602293014119));
#7706 = CARTESIAN_POINT('',(76.218854040435,0.581036797753));
#7707 = CARTESIAN_POINT('',(76.220415140661,0.559780581301));
#7708 = CARTESIAN_POINT('',(76.223845322283,0.512125322802));
#7709 = CARTESIAN_POINT('',(76.225697538647,0.48572628071));
#7710 = CARTESIAN_POINT('',(76.227504508992,0.459327238505));
#7711 = CARTESIAN_POINT('',(76.231030813755,0.406556462412));
#7712 = CARTESIAN_POINT('',(76.232750240026,0.380184728526));
#7713 = CARTESIAN_POINT('',(76.234429186874,0.353812994541));
#7714 = CARTESIAN_POINT('',(76.236069676706,0.327441260465));
#7715 = ( GEOMETRIC_REPRESENTATION_CONTEXT(2) 
PARAMETRIC_REPRESENTATION_CONTEXT() REPRESENTATION_CONTEXT('2D SPACE',''
  ) );
#7716 = ORIENTED_EDGE('',*,*,#7717,.T.);
#7717 = EDGE_CURVE('',#7626,#7503,#7718,.T.);
#7718 = SURFACE_CURVE('',#7719,(#7722,#7728),.PCURVE_S1.);
#7719 = B_SPLINE_CURVE_WITH_KNOTS('',1,(#7720,#7721),.UNSPECIFIED.,.F.,
  .F.,(2,2),(0.,1.),.PIECEWISE_BEZIER_KNOTS.);
#7720 = CARTESIAN_POINT('',(304.05409861988,-70.45414358895,
    17.145129891122));
#7721 = CARTESIAN_POINT('',(303.59111485001,-70.40232258294,
    18.304317531754));
#7722 = PCURVE('',#1854,#7723);
#7723 = DEFINITIONAL_REPRESENTATION('',(#7724),#7727);
#7724 = B_SPLINE_CURVE_WITH_KNOTS('',1,(#7725,#7726),.UNSPECIFIED.,.F.,
  .F.,(2,2),(0.,1.),.PIECEWISE_BEZIER_KNOTS.);
#7725 = CARTESIAN_POINT('',(2.11412073886,1.191920974553E-02));
#7726 = CARTESIAN_POINT('',(0.863732723775,1.149444740119E-02));
#7727 = ( GEOMETRIC_REPRESENTATION_CONTEXT(2) 
PARAMETRIC_REPRESENTATION_CONTEXT() REPRESENTATION_CONTEXT('2D SPACE',''
  ) );
#7728 = PCURVE('',#793,#7729);
#7729 = DEFINITIONAL_REPRESENTATION('',(#7730),#7733);
#7730 = B_SPLINE_CURVE_WITH_KNOTS('',1,(#7731,#7732),.UNSPECIFIED.,.F.,
  .F.,(2,2),(0.,1.),.PIECEWISE_BEZIER_KNOTS.);
#7731 = CARTESIAN_POINT('',(-0.465862152219,1.960028200547));
#7732 = CARTESIAN_POINT('',(4.470894054975E-07,0.800835631306));
#7733 = ( GEOMETRIC_REPRESENTATION_CONTEXT(2) 
PARAMETRIC_REPRESENTATION_CONTEXT() REPRESENTATION_CONTEXT('2D SPACE',''
  ) );
#7734 = ORIENTED_EDGE('',*,*,#7531,.T.);
#7735 = ORIENTED_EDGE('',*,*,#1840,.F.);
#7736 = ADVANCED_FACE('',(#7737),#2089,.T.);
#7737 = FACE_BOUND('',#7738,.T.);
#7738 = EDGE_LOOP('',(#7739,#7740,#7761,#8073,#8074,#8106,#8153,#8189));
#7739 = ORIENTED_EDGE('',*,*,#1865,.F.);
#7740 = ORIENTED_EDGE('',*,*,#7741,.T.);
#7741 = EDGE_CURVE('',#1866,#7742,#7744,.T.);
#7742 = VERTEX_POINT('',#7743);
#7743 = CARTESIAN_POINT('',(306.70477940852,-209.5275946084,
    18.080660401376));
#7744 = SURFACE_CURVE('',#7745,(#7748,#7755),.PCURVE_S1.);
#7745 = B_SPLINE_CURVE_WITH_KNOTS('',1,(#7746,#7747),.UNSPECIFIED.,.F.,
  .F.,(2,2),(0.,1.),.PIECEWISE_BEZIER_KNOTS.);
#7746 = CARTESIAN_POINT('',(335.92337792839,0.,17.060324457591));
#7747 = CARTESIAN_POINT('',(305.94165311782,-215.,18.107309358666));
#7748 = PCURVE('',#2089,#7749);
#7749 = DEFINITIONAL_REPRESENTATION('',(#7750),#7754);
#7750 = LINE('',#7751,#7752);
#7751 = CARTESIAN_POINT('',(100.68715174192,0.));
#7752 = VECTOR('',#7753,1.);
#7753 = DIRECTION('',(0.,1.));
#7754 = ( GEOMETRIC_REPRESENTATION_CONTEXT(2) 
PARAMETRIC_REPRESENTATION_CONTEXT() REPRESENTATION_CONTEXT('2D SPACE',''
  ) );
#7755 = PCURVE('',#319,#7756);
#7756 = DEFINITIONAL_REPRESENTATION('',(#7757),#7760);
#7757 = B_SPLINE_CURVE_WITH_KNOTS('',1,(#7758,#7759),.UNSPECIFIED.,.F.,
  .F.,(2,2),(0.,1.),.PIECEWISE_BEZIER_KNOTS.);
#7758 = CARTESIAN_POINT('',(3.623767952377E-13,-217.0829334609));
#7759 = CARTESIAN_POINT('',(0.,0.));
#7760 = ( GEOMETRIC_REPRESENTATION_CONTEXT(2) 
PARAMETRIC_REPRESENTATION_CONTEXT() REPRESENTATION_CONTEXT('2D SPACE',''
  ) );
#7761 = ORIENTED_EDGE('',*,*,#7762,.T.);
#7762 = EDGE_CURVE('',#7742,#3698,#7763,.T.);
#7763 = SURFACE_CURVE('',#7764,(#7865,#7969),.PCURVE_S1.);
#7764 = B_SPLINE_CURVE_WITH_KNOTS('',8,(#7765,#7766,#7767,#7768,#7769,
    #7770,#7771,#7772,#7773,#7774,#7775,#7776,#7777,#7778,#7779,#7780,
    #7781,#7782,#7783,#7784,#7785,#7786,#7787,#7788,#7789,#7790,#7791,
    #7792,#7793,#7794,#7795,#7796,#7797,#7798,#7799,#7800,#7801,#7802,
    #7803,#7804,#7805,#7806,#7807,#7808,#7809,#7810,#7811,#7812,#7813,
    #7814,#7815,#7816,#7817,#7818,#7819,#7820,#7821,#7822,#7823,#7824,
    #7825,#7826,#7827,#7828,#7829,#7830,#7831,#7832,#7833,#7834,#7835,
    #7836,#7837,#7838,#7839,#7840,#7841,#7842,#7843,#7844,#7845,#7846,
    #7847,#7848,#7849,#7850,#7851,#7852,#7853,#7854,#7855,#7856,#7857,
    #7858,#7859,#7860,#7861,#7862,#7863,#7864),.UNSPECIFIED.,.F.,.F.,(9,
    7,7,7,7,7,7,7,7,7,7,7,7,7,9),(0.,3.183686327597E-02,
    5.572592199665E-02,9.556004333938E-02,0.139377554554,0.191211554713,
    0.215157869685,0.243095236966,0.347063693361,0.399199907347,
    0.451438512377,0.576425508735,0.706071802361,0.852701322353,1.),
  .UNSPECIFIED.);
#7765 = CARTESIAN_POINT('',(306.70477940852,-209.5275946084,
    18.080660401376));
#7766 = CARTESIAN_POINT('',(306.6441972986,-209.451866971,
    18.076375090647));
#7767 = CARTESIAN_POINT('',(306.58359446997,-209.3761134352,
    18.072089179682));
#7768 = CARTESIAN_POINT('',(306.52296953774,-209.3003322699,
    18.067831321524));
#7769 = CARTESIAN_POINT('',(306.46232135281,-209.2245220388,
    18.063626251759));
#7770 = CARTESIAN_POINT('',(306.40164900186,-209.1486816001,
    18.059494788514));
#7771 = CARTESIAN_POINT('',(306.34095180738,-209.072810107,
    18.055453832465));
#7772 = CARTESIAN_POINT('',(306.28022932762,-208.9969070073,
    18.051516366827));
#7773 = CARTESIAN_POINT('',(306.17389860457,-208.8639936035,
    18.044821404302));
#7774 = CARTESIAN_POINT('',(306.12830759969,-208.8070048474,
    18.042015667929));
#7775 = CARTESIAN_POINT('',(306.08270822492,-208.7500056289,
    18.039281253736));
#7776 = CARTESIAN_POINT('',(306.03710039909,-208.6929958466,
    18.036624002567));
#7777 = CARTESIAN_POINT('',(305.99148407694,-208.6359754439,
    18.034048590613));
#7778 = CARTESIAN_POINT('',(305.94585924915,-208.5789444092,
    18.031558529411));
#7779 = CARTESIAN_POINT('',(305.90022594235,-208.5219027757,
    18.029156165846));
#7780 = CARTESIAN_POINT('',(305.77847833456,-208.369718266,
    18.022985033706));
#7781 = CARTESIAN_POINT('',(305.702332024,-208.2745353778,
    18.019363705442));
#7782 = CARTESIAN_POINT('',(305.62614642073,-208.1793033737,
    18.015961243915));
#7783 = CARTESIAN_POINT('',(305.54992286695,-208.0840239315,
    18.012759055713));
#7784 = CARTESIAN_POINT('',(305.47366237876,-207.9886983212,
    18.009739314882));
#7785 = CARTESIAN_POINT('',(305.39736549193,-207.8933272127,
    18.006885509077));
#7786 = CARTESIAN_POINT('',(305.32103248837,-207.7979109582,
    18.004181624458));
#7787 = CARTESIAN_POINT('',(305.16065871257,-207.5974437385,
    17.998781150095));
#7788 = CARTESIAN_POINT('',(305.07661066971,-207.4923836849,
    17.996112451873));
#7789 = CARTESIAN_POINT('',(304.99252064078,-207.3872711487,
    17.993577589315));
#7790 = CARTESIAN_POINT('',(304.90838859439,-207.2821060908,
    17.991176544715));
#7791 = CARTESIAN_POINT('',(304.82421486462,-207.1768889285,
    17.988896211336));
#7792 = CARTESIAN_POINT('',(304.73999993471,-207.0716202662,
    17.986718759427));
#7793 = CARTESIAN_POINT('',(304.65574395284,-206.9663002888,17.984637812
    ));
#7794 = CARTESIAN_POINT('',(304.4717279728,-206.7362803138,
    17.980282180388));
#7795 = CARTESIAN_POINT('',(304.37197894123,-206.6115940243,
    17.978043202779));
#7796 = CARTESIAN_POINT('',(304.27220034546,-206.4868707796,
    17.975904296982));
#7797 = CARTESIAN_POINT('',(304.1723920571,-206.3621104191,17.9738678701
    ));
#7798 = CARTESIAN_POINT('',(304.0725551087,-206.2373142336,
    17.971876480153));
#7799 = CARTESIAN_POINT('',(303.97268878686,-206.1124813313,
    17.969962880032));
#7800 = CARTESIAN_POINT('',(303.87279360401,-205.9876123528,
    17.96809516044));
#7801 = CARTESIAN_POINT('',(303.72670653777,-205.80500352,
    17.965425377211));
#7802 = CARTESIAN_POINT('',(303.68053153472,-205.7472847662,
    17.964590525208));
#7803 = CARTESIAN_POINT('',(303.63434454144,-205.6895510246,
    17.963762990504));
#7804 = CARTESIAN_POINT('',(303.58814556387,-205.6318023026,
    17.962941697297));
#7805 = CARTESIAN_POINT('',(303.54193460391,-205.5740386027,
    17.962125966856));
#7806 = CARTESIAN_POINT('',(303.49571165938,-205.516259922,
    17.961315517525));
#7807 = CARTESIAN_POINT('',(303.44947672406,-205.4584662528,
    17.96051046472));
#7808 = CARTESIAN_POINT('',(303.3492750289,-205.3332141339,
    17.958778986512));
#7809 = CARTESIAN_POINT('',(303.29530393911,-205.2657502717,
    17.95785437527));
#7810 = CARTESIAN_POINT('',(303.24131651027,-205.1982659856,
    17.956937515877));
#7811 = CARTESIAN_POINT('',(303.18731273435,-205.1307612657,
    17.956028437033));
#7812 = CARTESIAN_POINT('',(303.13329260333,-205.0632361019,
    17.95512716746));
#7813 = CARTESIAN_POINT('',(303.07925610915,-204.9956904842,
    17.954233735908));
#7814 = CARTESIAN_POINT('',(303.02520324376,-204.9281244025,
    17.953348171147));
#7815 = CARTESIAN_POINT('',(302.76991618764,-204.6090155823,
    17.949204270475));
#7816 = CARTESIAN_POINT('',(302.56858259606,-204.3573485928,
    17.94605001456));
#7817 = CARTESIAN_POINT('',(302.36713339405,-204.1055370903,
    17.942996759761));
#7818 = CARTESIAN_POINT('',(302.16556879399,-203.8535813403,
    17.940029468591));
#7819 = CARTESIAN_POINT('',(301.96388897632,-203.6014815682,
    17.937135482822));
#7820 = CARTESIAN_POINT('',(301.76209406761,-203.3492379323,
    17.934306336483));
#7821 = CARTESIAN_POINT('',(301.56018417151,-203.0968505622,
    17.931534939606));
#7822 = CARTESIAN_POINT('',(301.25685176405,-202.7176850528,
    17.927440743069));
#7823 = CARTESIAN_POINT('',(301.15551520134,-202.5910143494,
    17.926084489584));
#7824 = CARTESIAN_POINT('',(301.05414978045,-202.4643075733,
    17.924738094364));
#7825 = CARTESIAN_POINT('',(300.95275551929,-202.3375647469,
    17.923399932813));
#7826 = CARTESIAN_POINT('',(300.85133243643,-202.2107858933,
    17.922068252181));
#7827 = CARTESIAN_POINT('',(300.74988054991,-202.0839710352,
    17.920741390133));
#7828 = CARTESIAN_POINT('',(300.64839987604,-201.9571201928,
    17.919417993318));
#7829 = CARTESIAN_POINT('',(300.44518162471,-201.7030973787,
    17.916773884699));
#7830 = CARTESIAN_POINT('',(300.34344393285,-201.5759252638,
    17.915453416411));
#7831 = CARTESIAN_POINT('',(300.24167736455,-201.4487170535,
    17.914135302892));
#7832 = CARTESIAN_POINT('',(300.13988193165,-201.3214727623,
    17.912819029465));
#7833 = CARTESIAN_POINT('',(300.0380576459,-201.1941924051,
    17.911504094958));
#7834 = CARTESIAN_POINT('',(299.93620451904,-201.0668759966,
    17.910190011701));
#7835 = CARTESIAN_POINT('',(299.83432256277,-200.9395235512,
    17.908876305529));
#7836 = CARTESIAN_POINT('',(299.48857829554,-200.5073432172,
    17.90441911954));
#7837 = CARTESIAN_POINT('',(299.24457982434,-200.2023451282,
    17.90127675532));
#7838 = CARTESIAN_POINT('',(299.00041651294,-199.8971409889,
    17.898133600532));
#7839 = CARTESIAN_POINT('',(298.75608846109,-199.5917309241,
    17.894995939814));
#7840 = CARTESIAN_POINT('',(298.51159580561,-199.2861151048,
    17.891862486498));
#7841 = CARTESIAN_POINT('',(298.26693869869,-198.9802937211,
    17.888728949456));
#7842 = CARTESIAN_POINT('',(298.02211727213,-198.6742669379,
    17.885595507872));
#7843 = CARTESIAN_POINT('',(297.52301343243,-198.0503871383,
    17.879207313394));
#7844 = CARTESIAN_POINT('',(297.26871855284,-197.7325185388,
    17.875952010381));
#7845 = CARTESIAN_POINT('',(297.01424719791,-197.4144293452,
    17.872690186636));
#7846 = CARTESIAN_POINT('',(296.75959953618,-197.096119768,
    17.869417954281));
#7847 = CARTESIAN_POINT('',(296.50477573828,-196.7775900206,
    17.866131298327));
#7848 = CARTESIAN_POINT('',(296.249775977,-196.458840319,17.862826076677
    ));
#7849 = CARTESIAN_POINT('',(295.99460042728,-196.1398708819,
    17.859498020123));
#7850 = CARTESIAN_POINT('',(295.4504479658,-195.459680305,
    17.852347913214));
#7851 = CARTESIAN_POINT('',(295.16142202954,-195.0983978847,
    17.848518675901));
#7852 = CARTESIAN_POINT('',(294.87217165647,-194.7368349184,
    17.844659827757));
#7853 = CARTESIAN_POINT('',(294.58269706589,-194.3749916801,
    17.840772888423));
#7854 = CARTESIAN_POINT('',(294.29299846825,-194.0128684331,
    17.836861102208));
#7855 = CARTESIAN_POINT('',(294.00307605605,-193.6504654178,
    17.832931010159));
#7856 = CARTESIAN_POINT('',(293.71293001473,-193.2877828662,
    17.8289905818));
#7857 = CARTESIAN_POINT('',(293.13086596361,-192.5602028023,
    17.821079220325));
#7858 = CARTESIAN_POINT('',(292.83894591233,-192.1953027382,
    17.817107751467));
#7859 = CARTESIAN_POINT('',(292.54680060152,-191.8301210997,
    17.813135372062));
#7860 = CARTESIAN_POINT('',(292.25443034127,-191.4646582744,
    17.809147879205));
#7861 = CARTESIAN_POINT('',(291.96183519653,-191.0989143434,
    17.805177530205));
#7862 = CARTESIAN_POINT('',(291.6690155735,-190.7328898146,
    17.801192573825));
#7863 = CARTESIAN_POINT('',(291.37597165733,-190.3665849194,
    17.797203238534));
#7864 = CARTESIAN_POINT('',(291.08270372175,-190.,17.793203354372));
#7865 = PCURVE('',#2089,#7866);
#7866 = DEFINITIONAL_REPRESENTATION('',(#7867),#7968);
#7867 = B_SPLINE_CURVE_WITH_KNOTS('',8,(#7868,#7869,#7870,#7871,#7872,
    #7873,#7874,#7875,#7876,#7877,#7878,#7879,#7880,#7881,#7882,#7883,
    #7884,#7885,#7886,#7887,#7888,#7889,#7890,#7891,#7892,#7893,#7894,
    #7895,#7896,#7897,#7898,#7899,#7900,#7901,#7902,#7903,#7904,#7905,
    #7906,#7907,#7908,#7909,#7910,#7911,#7912,#7913,#7914,#7915,#7916,
    #7917,#7918,#7919,#7920,#7921,#7922,#7923,#7924,#7925,#7926,#7927,
    #7928,#7929,#7930,#7931,#7932,#7933,#7934,#7935,#7936,#7937,#7938,
    #7939,#7940,#7941,#7942,#7943,#7944,#7945,#7946,#7947,#7948,#7949,
    #7950,#7951,#7952,#7953,#7954,#7955,#7956,#7957,#7958,#7959,#7960,
    #7961,#7962,#7963,#7964,#7965,#7966,#7967),.UNSPECIFIED.,.F.,.F.,(9,
    7,7,7,7,7,7,7,7,7,7,7,7,7,9),(0.,3.183686327597E-02,
    5.572592199665E-02,9.556004333938E-02,0.139377554554,0.191211554713,
    0.215157869685,0.243095236966,0.347063693361,0.399199907347,
    0.451438512377,0.576425508735,0.706071802361,0.852701322353,1.),
  .UNSPECIFIED.);
#7868 = CARTESIAN_POINT('',(100.68715174192,0.974546951667));
#7869 = CARTESIAN_POINT('',(100.58646460862,0.974194730098));
#7870 = CARTESIAN_POINT('',(100.48577747131,0.973842388071));
#7871 = CARTESIAN_POINT('',(100.38509031893,0.973489917535));
#7872 = CARTESIAN_POINT('',(100.28440314879,0.973137311808));
#7873 = CARTESIAN_POINT('',(100.18371596655,0.972784565582));
#7874 = CARTESIAN_POINT('',(100.08302878628,0.972431674916));
#7875 = CARTESIAN_POINT('',(99.982341630389,0.972078637243));
#7876 = CARTESIAN_POINT('',(99.806103114935,0.971460435365));
#7877 = CARTESIAN_POINT('',(99.730561970748,0.971195371383));
#7878 = CARTESIAN_POINT('',(99.655031122895,0.970930258739));
#7879 = CARTESIAN_POINT('',(99.57951058844,0.970665096961));
#7880 = CARTESIAN_POINT('',(99.504000375725,0.970399885786));
#7881 = CARTESIAN_POINT('',(99.428500484369,0.970134625159));
#7882 = CARTESIAN_POINT('',(99.353010905274,0.969869315236));
#7883 = CARTESIAN_POINT('',(99.151672706756,0.969161480307));
#7884 = CARTESIAN_POINT('',(99.025813662524,0.968718769199));
#7885 = CARTESIAN_POINT('',(98.899954836479,0.968275829645));
#7886 = CARTESIAN_POINT('',(98.774095956359,0.967832669449));
#7887 = CARTESIAN_POINT('',(98.64823689046,0.967389294518));
#7888 = CARTESIAN_POINT('',(98.522377864267,0.966945707966));
#7889 = CARTESIAN_POINT('',(98.396519132325,0.966501911434));
#7890 = CARTESIAN_POINT('',(98.13221524603,0.965569505761));
#7891 = CARTESIAN_POINT('',(97.993770510331,0.965080854349));
#7892 = CARTESIAN_POINT('',(97.855325563369,0.964591958832));
#7893 = CARTESIAN_POINT('',(97.716880725309,0.964102819027));
#7894 = CARTESIAN_POINT('',(97.578435978252,0.963613436877));
#7895 = CARTESIAN_POINT('',(97.439991130656,0.963123815192));
#7896 = CARTESIAN_POINT('',(97.301546245495,0.962633954832));
#7897 = CARTESIAN_POINT('',(96.999327915974,0.961564094483));
#7898 = CARTESIAN_POINT('',(96.835599341784,0.960984158253));
#7899 = CARTESIAN_POINT('',(96.67191558535,0.960404050138));
#7900 = CARTESIAN_POINT('',(96.508276891852,0.959823769392));
#7901 = CARTESIAN_POINT('',(96.34468247864,0.959243322017));
#7902 = CARTESIAN_POINT('',(96.181133114975,0.958662703867));
#7903 = CARTESIAN_POINT('',(96.01762841426,0.95808191792));
#7904 = CARTESIAN_POINT('',(95.778653104962,0.957232574512));
#7905 = CARTESIAN_POINT('',(95.70313774104,0.956964115192));
#7906 = CARTESIAN_POINT('',(95.627622377026,0.956695586161));
#7907 = CARTESIAN_POINT('',(95.552107013244,0.956426987454));
#7908 = CARTESIAN_POINT('',(95.476591649789,0.956158319082));
#7909 = CARTESIAN_POINT('',(95.401076286531,0.955889581033));
#7910 = CARTESIAN_POINT('',(95.325560923112,0.955620773269));
#7911 = CARTESIAN_POINT('',(95.161944301346,0.955038205274));
#7912 = CARTESIAN_POINT('',(95.073843043741,0.954724419868));
#7913 = CARTESIAN_POINT('',(94.985741786136,0.954410539468));
#7914 = CARTESIAN_POINT('',(94.897640528531,0.954096564027));
#7915 = CARTESIAN_POINT('',(94.809539270926,0.953782493498));
#7916 = CARTESIAN_POINT('',(94.721438013322,0.953468327834));
#7917 = CARTESIAN_POINT('',(94.633336755717,0.953154066988));
#7918 = CARTESIAN_POINT('',(94.217368105769,0.951669839918));
#7919 = CARTESIAN_POINT('',(93.889681689794,0.950499295781));
#7920 = CARTESIAN_POINT('',(93.562176364783,0.94932807949));
#7921 = CARTESIAN_POINT('',(93.234852209532,0.94815619228));
#7922 = CARTESIAN_POINT('',(92.907709321271,0.946983635201));
#7923 = CARTESIAN_POINT('',(92.580747831037,0.945810408988));
#7924 = CARTESIAN_POINT('',(92.253967880167,0.944636514243));
#7925 = CARTESIAN_POINT('',(91.763592960601,0.942872953734));
#7926 = CARTESIAN_POINT('',(91.599862039415,0.942283787672));
#7927 = CARTESIAN_POINT('',(91.436176810447,0.94169445383));
#7928 = CARTESIAN_POINT('',(91.272537289301,0.941104952311));
#7929 = CARTESIAN_POINT('',(91.10894349127,0.940515283225));
#7930 = CARTESIAN_POINT('',(90.945395431515,0.939925446675));
#7931 = CARTESIAN_POINT('',(90.781893125236,0.939335442758));
#7932 = CARTESIAN_POINT('',(90.454659035868,0.938153941296));
#7933 = CARTESIAN_POINT('',(90.290927432842,0.937562443088));
#7934 = CARTESIAN_POINT('',(90.127241794474,0.936970776993));
#7935 = CARTESIAN_POINT('',(89.963602136406,0.936378943081));
#7936 = CARTESIAN_POINT('',(89.800008474219,0.935786941419));
#7937 = CARTESIAN_POINT('',(89.63646082343,0.935194772077));
#7938 = CARTESIAN_POINT('',(89.472959199495,0.934602435122));
#7939 = CARTESIAN_POINT('',(88.918416945768,0.932592294034));
#7940 = CARTESIAN_POINT('',(88.527593847543,0.931173698271));
#7941 = CARTESIAN_POINT('',(88.137034532809,0.929754144135));
#7942 = CARTESIAN_POINT('',(87.746739207479,0.928333632205));
#7943 = CARTESIAN_POINT('',(87.356708078388,0.926912163278));
#7944 = CARTESIAN_POINT('',(86.966941351879,0.925489738238));
#7945 = CARTESIAN_POINT('',(86.577439231507,0.924066357851));
#7946 = CARTESIAN_POINT('',(85.784454520534,0.921164591341));
#7947 = CARTESIAN_POINT('',(85.380992041255,0.919686132739));
#7948 = CARTESIAN_POINT('',(84.977814709357,0.918206648117));
#7949 = CARTESIAN_POINT('',(84.574922749956,0.916726138456));
#7950 = CARTESIAN_POINT('',(84.172316386206,0.915244604747));
#7951 = CARTESIAN_POINT('',(83.769995839307,0.913762047996));
#7952 = CARTESIAN_POINT('',(83.367961328496,0.912278469218));
#7953 = CARTESIAN_POINT('',(82.511837149473,0.909114792117));
#7954 = CARTESIAN_POINT('',(82.057827390064,0.907434408766));
#7955 = CARTESIAN_POINT('',(81.60418410776,0.905752720551));
#7956 = CARTESIAN_POINT('',(81.150907611232,0.904069728745));
#7957 = CARTESIAN_POINT('',(80.697998207675,0.902385434573));
#7958 = CARTESIAN_POINT('',(80.245456204417,0.900699839153));
#7959 = CARTESIAN_POINT('',(79.793281907328,0.899012943564));
#7960 = CARTESIAN_POINT('',(78.887607464119,0.895628850243));
#7961 = CARTESIAN_POINT('',(78.434110684899,0.893931640643));
#7962 = CARTESIAN_POINT('',(77.980985583906,0.892233121394));
#7963 = CARTESIAN_POINT('',(77.528232463733,0.8905332943));
#7964 = CARTESIAN_POINT('',(77.075851624467,0.888832159737));
#7965 = CARTESIAN_POINT('',(76.623843363601,0.887129720068));
#7966 = CARTESIAN_POINT('',(76.172207975167,0.88542597637));
#7967 = CARTESIAN_POINT('',(75.720945750641,0.883720930233));
#7968 = ( GEOMETRIC_REPRESENTATION_CONTEXT(2) 
PARAMETRIC_REPRESENTATION_CONTEXT() REPRESENTATION_CONTEXT('2D SPACE',''
  ) );
#7969 = PCURVE('',#1446,#7970);
#7970 = DEFINITIONAL_REPRESENTATION('',(#7971),#8072);
#7971 = B_SPLINE_CURVE_WITH_KNOTS('',8,(#7972,#7973,#7974,#7975,#7976,
    #7977,#7978,#7979,#7980,#7981,#7982,#7983,#7984,#7985,#7986,#7987,
    #7988,#7989,#7990,#7991,#7992,#7993,#7994,#7995,#7996,#7997,#7998,
    #7999,#8000,#8001,#8002,#8003,#8004,#8005,#8006,#8007,#8008,#8009,
    #8010,#8011,#8012,#8013,#8014,#8015,#8016,#8017,#8018,#8019,#8020,
    #8021,#8022,#8023,#8024,#8025,#8026,#8027,#8028,#8029,#8030,#8031,
    #8032,#8033,#8034,#8035,#8036,#8037,#8038,#8039,#8040,#8041,#8042,
    #8043,#8044,#8045,#8046,#8047,#8048,#8049,#8050,#8051,#8052,#8053,
    #8054,#8055,#8056,#8057,#8058,#8059,#8060,#8061,#8062,#8063,#8064,
    #8065,#8066,#8067,#8068,#8069,#8070,#8071),.UNSPECIFIED.,.F.,.F.,(9,
    7,7,7,7,7,7,7,7,7,7,7,7,7,9),(0.,3.183686327597E-02,
    5.572592199665E-02,9.556004333938E-02,0.139377554554,0.191211554713,
    0.215157869685,0.243095236966,0.347063693361,0.399199907347,
    0.451438512377,0.576425508735,0.706071802361,0.852701322353,1.),
  .UNSPECIFIED.);
#7972 = CARTESIAN_POINT('',(-25.00752286724,-58.08066040137));
#7973 = CARTESIAN_POINT('',(-24.91054417314,-58.07637509064));
#7974 = CARTESIAN_POINT('',(-24.81353231293,-58.07208917968));
#7975 = CARTESIAN_POINT('',(-24.71648506969,-58.06783132152));
#7976 = CARTESIAN_POINT('',(-24.61940060397,-58.06362625175));
#7977 = CARTESIAN_POINT('',(-24.52227745375,-58.05949478851));
#7978 = CARTESIAN_POINT('',(-24.42511453446,-58.05545383246));
#7979 = CARTESIAN_POINT('',(-24.32791113899,-58.05151636682));
#7980 = CARTESIAN_POINT('',(-24.1576989315,-58.0448214043));
#7981 = CARTESIAN_POINT('',(-24.08471771442,-58.04201566792));
#7982 = CARTESIAN_POINT('',(-24.01172309897,-58.03928125373));
#7983 = CARTESIAN_POINT('',(-23.93871495521,-58.03662400256));
#7984 = CARTESIAN_POINT('',(-23.86569321071,-58.03404859061));
#7985 = CARTESIAN_POINT('',(-23.79265785056,-58.03155852941));
#7986 = CARTESIAN_POINT('',(-23.71960891736,-58.02915616584));
#7987 = CARTESIAN_POINT('',(-23.52471765279,-58.0229850337));
#7988 = CARTESIAN_POINT('',(-23.4028240811,-58.01936370544));
#7989 = CARTESIAN_POINT('',(-23.28086761039,-58.01596124391));
#7990 = CARTESIAN_POINT('',(-23.15885038923,-58.01275905571));
#7991 = CARTESIAN_POINT('',(-23.03677404416,-58.00973931488));
#7992 = CARTESIAN_POINT('',(-22.91463943283,-58.00688550907));
#7993 = CARTESIAN_POINT('',(-22.79244700653,-58.00418162445));
#7994 = CARTESIAN_POINT('',(-22.5357237038,-57.99878115009));
#7995 = CARTESIAN_POINT('',(-22.40118118872,-57.99611245187));
#7996 = CARTESIAN_POINT('',(-22.26657146312,-57.99357758931));
#7997 = CARTESIAN_POINT('',(-22.13189447679,-57.99117654471));
#7998 = CARTESIAN_POINT('',(-21.99715076447,-57.98889621133));
#7999 = CARTESIAN_POINT('',(-21.86234109975,-57.98671875942));
#8000 = CARTESIAN_POINT('',(-21.72746571984,-57.984637812));
#8001 = CARTESIAN_POINT('',(-21.43289642437,-57.98028218038));
#8002 = CARTESIAN_POINT('',(-21.27322006395,-57.97804320277));
#8003 = CARTESIAN_POINT('',(-21.11349637771,-57.97590429698));
#8004 = CARTESIAN_POINT('',(-20.95372516013,-57.9738678701));
#8005 = CARTESIAN_POINT('',(-20.79390806411,-57.97187648015));
#8006 = CARTESIAN_POINT('',(-20.63404394764,-57.96996288003));
#8007 = CARTESIAN_POINT('',(-20.47413363102,-57.96809516044));
#8008 = CARTESIAN_POINT('',(-20.24028022236,-57.96542537721));
#8009 = CARTESIAN_POINT('',(-20.16636415206,-57.9645905252));
#8010 = CARTESIAN_POINT('',(-20.09242888803,-57.9637629905));
#8011 = CARTESIAN_POINT('',(-20.01847443978,-57.96294169729));
#8012 = CARTESIAN_POINT('',(-19.94450081034,-57.96212596685));
#8013 = CARTESIAN_POINT('',(-19.87050799623,-57.96131551752));
#8014 = CARTESIAN_POINT('',(-19.79649598749,-57.96051046472));
#8015 = CARTESIAN_POINT('',(-19.63609501176,-57.95877898651));
#8016 = CARTESIAN_POINT('',(-19.54969911347,-57.95785437527));
#8017 = CARTESIAN_POINT('',(-19.46327705994,-57.95693751587));
#8018 = CARTESIAN_POINT('',(-19.37682883831,-57.95602843703));
#8019 = CARTESIAN_POINT('',(-19.29035443574,-57.95512716746));
#8020 = CARTESIAN_POINT('',(-19.20385383934,-57.9542337359));
#8021 = CARTESIAN_POINT('',(-19.11732703624,-57.95334817114));
#8022 = CARTESIAN_POINT('',(-18.70866835209,-57.94920427047));
#8023 = CARTESIAN_POINT('',(-18.38637735209,-57.94605001456));
#8024 = CARTESIAN_POINT('',(-18.06390128508,-57.94299675976));
#8025 = CARTESIAN_POINT('',(-17.74124049107,-57.94002946859));
#8026 = CARTESIAN_POINT('',(-17.41839525888,-57.93713548282));
#8027 = CARTESIAN_POINT('',(-17.09536579115,-57.93430633648));
#8028 = CARTESIAN_POINT('',(-16.77215225377,-57.9315349396));
#8029 = CARTESIAN_POINT('',(-16.28658348123,-57.92744074306));
#8030 = CARTESIAN_POINT('',(-16.12436583102,-57.92608448958));
#8031 = CARTESIAN_POINT('',(-15.96210198518,-57.92473809436));
#8032 = CARTESIAN_POINT('',(-15.79979197239,-57.92339993281));
#8033 = CARTESIAN_POINT('',(-15.63743582237,-57.92206825218));
#8034 = CARTESIAN_POINT('',(-15.47503356398,-57.92074139013));
#8035 = CARTESIAN_POINT('',(-15.31258522337,-57.91941799331));
#8036 = CARTESIAN_POINT('',(-14.98727729572,-57.91677388469));
#8037 = CARTESIAN_POINT('',(-14.82441752556,-57.91545341641));
#8038 = CARTESIAN_POINT('',(-14.66151153056,-57.91413530289));
#8039 = CARTESIAN_POINT('',(-14.49855932964,-57.91281902946));
#8040 = CARTESIAN_POINT('',(-14.33556094163,-57.91150409495));
#8041 = CARTESIAN_POINT('',(-14.17251638532,-57.9101900117));
#8042 = CARTESIAN_POINT('',(-14.00942567942,-57.90887630552));
#8043 = CARTESIAN_POINT('',(-13.45596480507,-57.90441911954));
#8044 = CARTESIAN_POINT('',(-13.06537667386,-57.90127675532));
#8045 = CARTESIAN_POINT('',(-12.67452466958,-57.89813360053));
#8046 = CARTESIAN_POINT('',(-12.28340895191,-57.89499593981));
#8047 = CARTESIAN_POINT('',(-11.89202973986,-57.89186248649));
#8048 = CARTESIAN_POINT('',(-11.50038727706,-57.88872894945));
#8049 = CARTESIAN_POINT('',(-11.1084817745,-57.88559550787));
#8050 = CARTESIAN_POINT('',(-10.30952580125,-57.87920731339));
#8051 = CARTESIAN_POINT('',(-9.902455374522,-57.87595201038));
#8052 = CARTESIAN_POINT('',(-9.495102449411,-57.87269018663));
#8053 = CARTESIAN_POINT('',(-9.087467295689,-57.86941795428));
#8054 = CARTESIAN_POINT('',(-8.679550186537,-57.86613129832));
#8055 = CARTESIAN_POINT('',(-8.271351398549,-57.86282607667));
#8056 = CARTESIAN_POINT('',(-7.862871211737,-57.85949802012));
#8057 = CARTESIAN_POINT('',(-6.991802258008,-57.85234791321));
#8058 = CARTESIAN_POINT('',(-6.529135013568,-57.8485186759));
#8059 = CARTESIAN_POINT('',(-6.066108494954,-57.84465982775));
#8060 = CARTESIAN_POINT('',(-5.602723053193,-57.84077288842));
#8061 = CARTESIAN_POINT('',(-5.13897902516,-57.8368611022));
#8062 = CARTESIAN_POINT('',(-4.674876719032,-57.83293101015));
#8063 = CARTESIAN_POINT('',(-4.21041643164,-57.8289905818));
#8064 = CARTESIAN_POINT('',(-3.278659323267,-57.82107922032));
#8065 = CARTESIAN_POINT('',(-2.811359234336,-57.81710775146));
#8066 = CARTESIAN_POINT('',(-2.343698554202,-57.81313537206));
#8067 = CARTESIAN_POINT('',(-1.875677779285,-57.8091478792));
#8068 = CARTESIAN_POINT('',(-1.407297013521,-57.8051775302));
#8069 = CARTESIAN_POINT('',(-0.93855690717,-57.80119257382));
#8070 = CARTESIAN_POINT('',(-0.469457756607,-57.79720323853));
#8071 = CARTESIAN_POINT('',(0.,-57.79320335437));
#8072 = ( GEOMETRIC_REPRESENTATION_CONTEXT(2) 
PARAMETRIC_REPRESENTATION_CONTEXT() REPRESENTATION_CONTEXT('2D SPACE',''
  ) );
#8073 = ORIENTED_EDGE('',*,*,#3697,.T.);
#8074 = ORIENTED_EDGE('',*,*,#8075,.F.);
#8075 = EDGE_CURVE('',#8076,#3700,#8078,.T.);
#8076 = VERTEX_POINT('',#8077);
#8077 = CARTESIAN_POINT('',(303.15435320292,-82.61115712121,
    17.214080974697));
#8078 = SURFACE_CURVE('',#8079,(#8086,#8096),.PCURVE_S1.);
#8079 = B_SPLINE_CURVE_WITH_KNOTS('',5,(#8080,#8081,#8082,#8083,#8084,
    #8085),.UNSPECIFIED.,.F.,.F.,(6,6),(0.,1.),
  .PIECEWISE_BEZIER_KNOTS.);
#8080 = CARTESIAN_POINT('',(304.41192608829,-82.74265494434,
    17.223791265488));
#8081 = CARTESIAN_POINT('',(304.07764886749,-82.70770133585,
    17.221205665261));
#8082 = CARTESIAN_POINT('',(303.74334565061,-82.67274500301,
    17.218621934393));
#8083 = CARTESIAN_POINT('',(303.40901640417,-82.6377859293,
    17.216044519301));
#8084 = CARTESIAN_POINT('',(303.07466117907,-82.60282413913,
    17.213466903004));
#8085 = CARTESIAN_POINT('',(302.74027998547,-82.56785963835,
    17.210887457186));
#8086 = PCURVE('',#2089,#8087);
#8087 = DEFINITIONAL_REPRESENTATION('',(#8088),#8095);
#8088 = B_SPLINE_CURVE_WITH_KNOTS('',5,(#8089,#8090,#8091,#8092,#8093,
    #8094),.UNSPECIFIED.,.F.,.F.,(6,6),(0.,1.),
  .PIECEWISE_BEZIER_KNOTS.);
#8089 = CARTESIAN_POINT('',(78.104108295793,0.384849557881));
#8090 = CARTESIAN_POINT('',(77.721924760191,0.384686982957));
#8091 = CARTESIAN_POINT('',(77.339764198567,0.384524395363));
#8092 = CARTESIAN_POINT('',(76.95762661599,0.38436179502));
#8093 = CARTESIAN_POINT('',(76.575512013951,0.384199182042));
#8094 = CARTESIAN_POINT('',(76.193420398223,0.384036556457));
#8095 = ( GEOMETRIC_REPRESENTATION_CONTEXT(2) 
PARAMETRIC_REPRESENTATION_CONTEXT() REPRESENTATION_CONTEXT('2D SPACE',''
  ) );
#8096 = PCURVE('',#870,#8097);
#8097 = DEFINITIONAL_REPRESENTATION('',(#8098),#8105);
#8098 = B_SPLINE_CURVE_WITH_KNOTS('',5,(#8099,#8100,#8101,#8102,#8103,
    #8104),.UNSPECIFIED.,.F.,.F.,(6,6),(0.,1.),
  .PIECEWISE_BEZIER_KNOTS.);
#8099 = CARTESIAN_POINT('',(-2.1,1.916898466449));
#8100 = CARTESIAN_POINT('',(-1.763900290045,1.919484077669));
#8101 = CARTESIAN_POINT('',(-1.427774441635,1.922067819523));
#8102 = CARTESIAN_POINT('',(-1.091622419774,1.924645245573));
#8103 = CARTESIAN_POINT('',(-0.75544427761,1.92722287283));
#8104 = CARTESIAN_POINT('',(-0.419240025871,1.929802329615));
#8105 = ( GEOMETRIC_REPRESENTATION_CONTEXT(2) 
PARAMETRIC_REPRESENTATION_CONTEXT() REPRESENTATION_CONTEXT('2D SPACE',''
  ) );
#8106 = ORIENTED_EDGE('',*,*,#8107,.F.);
#8107 = EDGE_CURVE('',#8108,#8076,#8110,.T.);
#8108 = VERTEX_POINT('',#8109);
#8109 = CARTESIAN_POINT('',(304.34675848724,-70.48474502529,
    17.147552070732));
#8110 = SURFACE_CURVE('',#8111,(#8123,#8138),.PCURVE_S1.);
#8111 = B_SPLINE_CURVE_WITH_KNOTS('',4,(#8112,#8113,#8114,#8115,#8116,
    #8117,#8118,#8119,#8120,#8121,#8122),.UNSPECIFIED.,.F.,.F.,(5,3,3,5)
  ,(0.,7.333420673859E-02,0.658610404964,1.),.UNSPECIFIED.);
#8112 = CARTESIAN_POINT('',(304.34675854574,-70.48474442815,
    17.147552067454));
#8113 = CARTESIAN_POINT('',(304.32497942651,-70.70707265349,
    17.148772572755));
#8114 = CARTESIAN_POINT('',(304.30319588271,-70.92940044702,
    17.149993035736));
#8115 = CARTESIAN_POINT('',(304.28140796711,-71.15172781649,
    17.151213456853));
#8116 = CARTESIAN_POINT('',(304.08569310584,-73.14843368747,
    17.162173618225));
#8117 = CARTESIAN_POINT('',(303.91149527221,-74.92278579723,
    17.171910759764));
#8118 = CARTESIAN_POINT('',(303.73704757088,-76.69711347755,
    17.1816454718));
#8119 = CARTESIAN_POINT('',(303.46047915292,-79.50636452364,
    17.19705480717));
#8120 = CARTESIAN_POINT('',(303.35851095558,-80.54130283884,
    17.202730931089));
#8121 = CARTESIAN_POINT('',(303.25646788586,-81.5762338029,
    17.208406312529));
#8122 = CARTESIAN_POINT('',(303.15435314401,-82.61115771832,
    17.214080977971));
#8123 = PCURVE('',#2089,#8124);
#8124 = DEFINITIONAL_REPRESENTATION('',(#8125),#8137);
#8125 = B_SPLINE_CURVE_WITH_KNOTS('',4,(#8126,#8127,#8128,#8129,#8130,
    #8131,#8132,#8133,#8134,#8135,#8136),.UNSPECIFIED.,.F.,.F.,(5,3,3,5)
  ,(0.,7.333420673859E-02,0.658610404964,1.),.UNSPECIFIED.);
#8126 = CARTESIAN_POINT('',(76.564281260496,0.327836020546));
#8127 = CARTESIAN_POINT('',(76.566213831393,0.328870105315));
#8128 = CARTESIAN_POINT('',(76.568143467647,0.329904188188));
#8129 = CARTESIAN_POINT('',(76.570069582725,0.330938268914));
#8130 = CARTESIAN_POINT('',(76.587341479738,0.340225272965));
#8131 = CARTESIAN_POINT('',(76.602493932408,0.348478073476));
#8132 = CARTESIAN_POINT('',(76.617475331779,0.356730760361));
#8133 = CARTESIAN_POINT('',(76.640954153325,0.369797044296));
#8134 = CARTESIAN_POINT('',(76.649552163615,0.374610710934));
#8135 = CARTESIAN_POINT('',(76.65810191964,0.379424343225));
#8136 = CARTESIAN_POINT('',(76.666606965824,0.384237942831));
#8137 = ( GEOMETRIC_REPRESENTATION_CONTEXT(2) 
PARAMETRIC_REPRESENTATION_CONTEXT() REPRESENTATION_CONTEXT('2D SPACE',''
  ) );
#8138 = PCURVE('',#830,#8139);
#8139 = DEFINITIONAL_REPRESENTATION('',(#8140),#8152);
#8140 = B_SPLINE_CURVE_WITH_KNOTS('',4,(#8141,#8142,#8143,#8144,#8145,
    #8146,#8147,#8148,#8149,#8150,#8151),.UNSPECIFIED.,.F.,.F.,(5,3,3,5)
  ,(0.,7.333420673859E-02,0.658610404964,1.),.UNSPECIFIED.);
#8141 = CARTESIAN_POINT('',(-1.200425926325,-6.E-07));
#8142 = CARTESIAN_POINT('',(-1.199677246343,0.223389613643));
#8143 = CARTESIAN_POINT('',(-1.198930547032,0.44677985793));
#8144 = CARTESIAN_POINT('',(-1.198185803538,0.670170135096));
#8145 = CARTESIAN_POINT('',(-1.191514658292,2.676425977169));
#8146 = CARTESIAN_POINT('',(-1.185709381009,4.459293463686));
#8147 = CARTESIAN_POINT('',(-1.180015291091,6.242162637447));
#8148 = CARTESIAN_POINT('',(-1.171162051139,9.064975653251));
#8149 = CARTESIAN_POINT('',(-1.167935306431,10.104918502949));
#8150 = CARTESIAN_POINT('',(-1.164741652969,11.144861827445));
#8151 = CARTESIAN_POINT('',(-1.16157959754,12.18480559479));
#8152 = ( GEOMETRIC_REPRESENTATION_CONTEXT(2) 
PARAMETRIC_REPRESENTATION_CONTEXT() REPRESENTATION_CONTEXT('2D SPACE',''
  ) );
#8153 = ORIENTED_EDGE('',*,*,#8154,.T.);
#8154 = EDGE_CURVE('',#8108,#7626,#8155,.T.);
#8155 = SURFACE_CURVE('',#8156,(#8165,#8177),.PCURVE_S1.);
#8156 = B_SPLINE_CURVE_WITH_KNOTS('',7,(#8157,#8158,#8159,#8160,#8161,
    #8162,#8163,#8164),.UNSPECIFIED.,.F.,.F.,(8,8),(0.,1.),
  .PIECEWISE_BEZIER_KNOTS.);
#8157 = CARTESIAN_POINT('',(305.67937549231,-70.62408944766,
    17.157968720744));
#8158 = CARTESIAN_POINT('',(305.64406873232,-70.6203976156,
    17.157692251834));
#8159 = CARTESIAN_POINT('',(305.47178357199,-70.60238270971,
    17.156343962589));
#8160 = CARTESIAN_POINT('',(305.18162150837,-70.57204208071,
    17.154068946434));
#8161 = CARTESIAN_POINT('',(304.80556307621,-70.53271971161,
    17.151132677582));
#8162 = CARTESIAN_POINT('',(304.40441762588,-70.4907741219,
    17.148003466217));
#8163 = CARTESIAN_POINT('',(304.08472204628,-70.45734531124,
    17.145505957343));
#8164 = CARTESIAN_POINT('',(304.0160213108,-70.45016165235,
    17.144969380995));
#8165 = PCURVE('',#2089,#8166);
#8166 = DEFINITIONAL_REPRESENTATION('',(#8167),#8176);
#8167 = B_SPLINE_CURVE_WITH_KNOTS('',7,(#8168,#8169,#8170,#8171,#8172,
    #8173,#8174,#8175),.UNSPECIFIED.,.F.,.F.,(8,8),(0.,1.),
  .PIECEWISE_BEZIER_KNOTS.);
#8168 = CARTESIAN_POINT('',(78.058968894414,0.328484136966));
#8169 = CARTESIAN_POINT('',(78.019359644225,0.328466965654));
#8170 = CARTESIAN_POINT('',(77.826079246628,0.328383175394));
#8171 = CARTESIAN_POINT('',(77.500571767544,0.328242056189));
#8172 = CARTESIAN_POINT('',(77.078737511484,0.328059161449));
#8173 = CARTESIAN_POINT('',(76.628912797713,0.327864065683));
#8174 = CARTESIAN_POINT('',(76.270451529158,0.327708582843));
#8175 = CARTESIAN_POINT('',(76.193420398223,0.327675170476));
#8176 = ( GEOMETRIC_REPRESENTATION_CONTEXT(2) 
PARAMETRIC_REPRESENTATION_CONTEXT() REPRESENTATION_CONTEXT('2D SPACE',''
  ) );
#8177 = PCURVE('',#793,#8178);
#8178 = DEFINITIONAL_REPRESENTATION('',(#8179),#8188);
#8179 = B_SPLINE_CURVE_WITH_KNOTS('',7,(#8180,#8181,#8182,#8183,#8184,
    #8185,#8186,#8187),.UNSPECIFIED.,.F.,.F.,(8,8),(0.,1.),
  .PIECEWISE_BEZIER_KNOTS.);
#8180 = CARTESIAN_POINT('',(-2.1,1.947189316337));
#8181 = CARTESIAN_POINT('',(-2.064500747552,1.947465786422));
#8182 = CARTESIAN_POINT('',(-1.891276288287,1.9488140814));
#8183 = CARTESIAN_POINT('',(-1.599532261976,1.951089107228));
#8184 = CARTESIAN_POINT('',(-1.221423556657,1.954025388565));
#8185 = CARTESIAN_POINT('',(-0.818091057678,1.957154613234));
#8186 = CARTESIAN_POINT('',(-0.496652495982,1.959652132727));
#8187 = CARTESIAN_POINT('',(-0.427577203663,1.960188711356));
#8188 = ( GEOMETRIC_REPRESENTATION_CONTEXT(2) 
PARAMETRIC_REPRESENTATION_CONTEXT() REPRESENTATION_CONTEXT('2D SPACE',''
  ) );
#8189 = ORIENTED_EDGE('',*,*,#7625,.T.);
#8190 = ADVANCED_FACE('',(#8191),#732,.T.);
#8191 = FACE_BOUND('',#8192,.T.);
#8192 = EDGE_LOOP('',(#8193,#8194,#8195,#8196));
#8193 = ORIENTED_EDGE('',*,*,#670,.F.);
#8194 = ORIENTED_EDGE('',*,*,#1565,.F.);
#8195 = ORIENTED_EDGE('',*,*,#2536,.T.);
#8196 = ORIENTED_EDGE('',*,*,#8197,.T.);
#8197 = EDGE_CURVE('',#2507,#671,#8198,.T.);
#8198 = SURFACE_CURVE('',#8199,(#8202,#8208),.PCURVE_S1.);
#8199 = B_SPLINE_CURVE_WITH_KNOTS('',1,(#8200,#8201),.UNSPECIFIED.,.F.,
  .F.,(2,2),(0.,1.),.PIECEWISE_BEZIER_KNOTS.);
#8200 = CARTESIAN_POINT('',(303.61473015967,-70.39992679999,
    19.96381834271));
#8201 = CARTESIAN_POINT('',(304.0318933315,-70.44049834618,
    21.006954849842));
#8202 = PCURVE('',#732,#8203);
#8203 = DEFINITIONAL_REPRESENTATION('',(#8204),#8207);
#8204 = B_SPLINE_CURVE_WITH_KNOTS('',1,(#8205,#8206),.UNSPECIFIED.,.F.,
  .F.,(2,2),(0.,1.),.PIECEWISE_BEZIER_KNOTS.);
#8205 = CARTESIAN_POINT('',(5.545104323639,1.147480983606E-02));
#8206 = CARTESIAN_POINT('',(4.420173657031,1.180736349335E-02));
#8207 = ( GEOMETRIC_REPRESENTATION_CONTEXT(2) 
PARAMETRIC_REPRESENTATION_CONTEXT() REPRESENTATION_CONTEXT('2D SPACE',''
  ) );
#8208 = PCURVE('',#793,#8209);
#8209 = DEFINITIONAL_REPRESENTATION('',(#8210),#8213);
#8210 = B_SPLINE_CURVE_WITH_KNOTS('',1,(#8211,#8212),.UNSPECIFIED.,.F.,
  .F.,(2,2),(0.,1.),.PIECEWISE_BEZIER_KNOTS.);
#8211 = CARTESIAN_POINT('',(-2.323754480295E-02,-0.85867223548));
#8212 = CARTESIAN_POINT('',(-0.442357944283,-1.901813177797));
#8213 = ( GEOMETRIC_REPRESENTATION_CONTEXT(2) 
PARAMETRIC_REPRESENTATION_CONTEXT() REPRESENTATION_CONTEXT('2D SPACE',''
  ) );
#8214 = ADVANCED_FACE('',(#8215),#793,.F.);
#8215 = FACE_BOUND('',#8216,.T.);
#8216 = EDGE_LOOP('',(#8217,#8218,#8244,#8245,#8246,#8247,#8248,#8249,
    #8250,#8251,#8252));
#8217 = ORIENTED_EDGE('',*,*,#8154,.F.);
#8218 = ORIENTED_EDGE('',*,*,#8219,.T.);
#8219 = EDGE_CURVE('',#8108,#768,#8220,.T.);
#8220 = SURFACE_CURVE('',#8221,(#8226,#8237),.PCURVE_S1.);
#8221 = CIRCLE('',#8222,2.1);
#8222 = AXIS2_PLACEMENT_3D('',#8223,#8224,#8225);
#8223 = CARTESIAN_POINT('',(303.59135821248,-70.4,19.105149758099));
#8224 = DIRECTION('',(0.104019604147,0.994570972053,-2.916076511733E-03)
  );
#8225 = DIRECTION('',(0.994575200748,-0.104020046415,-0.));
#8226 = PCURVE('',#793,#8227);
#8227 = DEFINITIONAL_REPRESENTATION('',(#8228),#8236);
#8228 = ( BOUNDED_CURVE() B_SPLINE_CURVE(2,(#8229,#8230,#8231,#8232,
#8233,#8234,#8235),.UNSPECIFIED.,.T.,.F.) B_SPLINE_CURVE_WITH_KNOTS((1,2
    ,2,2,2,1),(-2.094395102393,0.,2.094395102393,4.188790204786,
6.28318530718,8.377580409573),.UNSPECIFIED.) CURVE() 
GEOMETRIC_REPRESENTATION_ITEM() RATIONAL_B_SPLINE_CURVE((1.,0.5,1.,0.5,
1.,0.5,1.)) REPRESENTATION_ITEM('') );
#8229 = CARTESIAN_POINT('',(-2.1,-1.138407440854E-19));
#8230 = CARTESIAN_POINT('',(-2.1,3.637306695895));
#8231 = CARTESIAN_POINT('',(1.05,1.818653347947));
#8232 = CARTESIAN_POINT('',(4.2,5.145793371301E-16));
#8233 = CARTESIAN_POINT('',(1.05,-1.818653347947));
#8234 = CARTESIAN_POINT('',(-2.1,-3.637306695895));
#8235 = CARTESIAN_POINT('',(-2.1,-1.138407440854E-19));
#8236 = ( GEOMETRIC_REPRESENTATION_CONTEXT(2) 
PARAMETRIC_REPRESENTATION_CONTEXT() REPRESENTATION_CONTEXT('2D SPACE',''
  ) );
#8237 = PCURVE('',#830,#8238);
#8238 = DEFINITIONAL_REPRESENTATION('',(#8239),#8243);
#8239 = LINE('',#8240,#8241);
#8240 = CARTESIAN_POINT('',(-0.,0.));
#8241 = VECTOR('',#8242,1.);
#8242 = DIRECTION('',(-1.,0.));
#8243 = ( GEOMETRIC_REPRESENTATION_CONTEXT(2) 
PARAMETRIC_REPRESENTATION_CONTEXT() REPRESENTATION_CONTEXT('2D SPACE',''
  ) );
#8244 = ORIENTED_EDGE('',*,*,#767,.F.);
#8245 = ORIENTED_EDGE('',*,*,#8197,.F.);
#8246 = ORIENTED_EDGE('',*,*,#2506,.F.);
#8247 = ORIENTED_EDGE('',*,*,#1638,.T.);
#8248 = ORIENTED_EDGE('',*,*,#2690,.F.);
#8249 = ORIENTED_EDGE('',*,*,#7472,.F.);
#8250 = ORIENTED_EDGE('',*,*,#1764,.T.);
#8251 = ORIENTED_EDGE('',*,*,#7502,.T.);
#8252 = ORIENTED_EDGE('',*,*,#7717,.F.);
#8253 = ADVANCED_FACE('',(#8254),#830,.T.);
#8254 = FACE_BOUND('',#8255,.F.);
#8255 = EDGE_LOOP('',(#8256,#8282,#8283,#8284));
#8256 = ORIENTED_EDGE('',*,*,#8257,.F.);
#8257 = EDGE_CURVE('',#8076,#811,#8258,.T.);
#8258 = SURFACE_CURVE('',#8259,(#8264,#8271),.PCURVE_S1.);
#8259 = CIRCLE('',#8260,2.1);
#8260 = AXIS2_PLACEMENT_3D('',#8261,#8262,#8263);
#8261 = CARTESIAN_POINT('',(302.32389962032,-82.51865334794,
    19.140681581744));
#8262 = DIRECTION('',(0.104019604147,0.994570972053,-2.916076511733E-03)
  );
#8263 = DIRECTION('',(0.994575200748,-0.104020046415,-0.));
#8264 = PCURVE('',#830,#8265);
#8265 = DEFINITIONAL_REPRESENTATION('',(#8266),#8270);
#8266 = LINE('',#8267,#8268);
#8267 = CARTESIAN_POINT('',(-0.,12.18480499479));
#8268 = VECTOR('',#8269,1.);
#8269 = DIRECTION('',(-1.,0.));
#8270 = ( GEOMETRIC_REPRESENTATION_CONTEXT(2) 
PARAMETRIC_REPRESENTATION_CONTEXT() REPRESENTATION_CONTEXT('2D SPACE',''
  ) );
#8271 = PCURVE('',#870,#8272);
#8272 = DEFINITIONAL_REPRESENTATION('',(#8273),#8281);
#8273 = ( BOUNDED_CURVE() B_SPLINE_CURVE(2,(#8274,#8275,#8276,#8277,
#8278,#8279,#8280),.UNSPECIFIED.,.T.,.F.) B_SPLINE_CURVE_WITH_KNOTS((1,2
    ,2,2,2,1),(-2.094395102393,0.,2.094395102393,4.188790204786,
6.28318530718,8.377580409573),.UNSPECIFIED.) CURVE() 
GEOMETRIC_REPRESENTATION_ITEM() RATIONAL_B_SPLINE_CURVE((1.,0.5,1.,0.5,
1.,0.5,1.)) REPRESENTATION_ITEM('') );
#8274 = CARTESIAN_POINT('',(-2.1,-1.138407440854E-19));
#8275 = CARTESIAN_POINT('',(-2.1,3.637306695895));
#8276 = CARTESIAN_POINT('',(1.05,1.818653347947));
#8277 = CARTESIAN_POINT('',(4.2,5.145793371301E-16));
#8278 = CARTESIAN_POINT('',(1.05,-1.818653347947));
#8279 = CARTESIAN_POINT('',(-2.1,-3.637306695895));
#8280 = CARTESIAN_POINT('',(-2.1,-1.138407440854E-19));
#8281 = ( GEOMETRIC_REPRESENTATION_CONTEXT(2) 
PARAMETRIC_REPRESENTATION_CONTEXT() REPRESENTATION_CONTEXT('2D SPACE',''
  ) );
#8282 = ORIENTED_EDGE('',*,*,#8107,.F.);
#8283 = ORIENTED_EDGE('',*,*,#8219,.T.);
#8284 = ORIENTED_EDGE('',*,*,#810,.T.);
#8285 = ADVANCED_FACE('',(#8286),#870,.T.);
#8286 = FACE_BOUND('',#8287,.F.);
#8287 = EDGE_LOOP('',(#8288,#8289,#8290,#8291,#8309,#8310,#8311));
#8288 = ORIENTED_EDGE('',*,*,#8075,.F.);
#8289 = ORIENTED_EDGE('',*,*,#8257,.T.);
#8290 = ORIENTED_EDGE('',*,*,#844,.F.);
#8291 = ORIENTED_EDGE('',*,*,#8292,.F.);
#8292 = EDGE_CURVE('',#7286,#845,#8293,.T.);
#8293 = SURFACE_CURVE('',#8294,(#8297,#8303),.PCURVE_S1.);
#8294 = B_SPLINE_CURVE_WITH_KNOTS('',1,(#8295,#8296),.UNSPECIFIED.,.F.,
  .F.,(2,2),(0.,1.),.PIECEWISE_BEZIER_KNOTS.);
#8295 = CARTESIAN_POINT('',(302.32414209346,-82.51633067199,
    19.941513807817));
#8296 = CARTESIAN_POINT('',(302.76443473934,-82.55915169413,
    21.042486673488));
#8297 = PCURVE('',#870,#8298);
#8298 = DEFINITIONAL_REPRESENTATION('',(#8299),#8302);
#8299 = B_SPLINE_CURVE_WITH_KNOTS('',1,(#8300,#8301),.UNSPECIFIED.,.F.,
  .F.,(2,2),(0.,1.),.PIECEWISE_BEZIER_KNOTS.);
#8300 = CARTESIAN_POINT('',(4.470892349673E-07,-0.800835631034));
#8301 = CARTESIAN_POINT('',(-0.442357944283,-1.901813177797));
#8302 = ( GEOMETRIC_REPRESENTATION_CONTEXT(2) 
PARAMETRIC_REPRESENTATION_CONTEXT() REPRESENTATION_CONTEXT('2D SPACE',''
  ) );
#8303 = PCURVE('',#949,#8304);
#8304 = DEFINITIONAL_REPRESENTATION('',(#8305),#8308);
#8305 = B_SPLINE_CURVE_WITH_KNOTS('',1,(#8306,#8307),.UNSPECIFIED.,.F.,
  .F.,(2,2),(0.,1.),.PIECEWISE_BEZIER_KNOTS.);
#8306 = CARTESIAN_POINT('',(5.60747573229,0.110789595672));
#8307 = CARTESIAN_POINT('',(4.420173657031,0.111140587657));
#8308 = ( GEOMETRIC_REPRESENTATION_CONTEXT(2) 
PARAMETRIC_REPRESENTATION_CONTEXT() REPRESENTATION_CONTEXT('2D SPACE',''
  ) );
#8309 = ORIENTED_EDGE('',*,*,#7285,.T.);
#8310 = ORIENTED_EDGE('',*,*,#3381,.T.);
#8311 = ORIENTED_EDGE('',*,*,#4502,.F.);
#8312 = ADVANCED_FACE('',(#8313),#949,.T.);
#8313 = FACE_BOUND('',#8314,.T.);
#8314 = EDGE_LOOP('',(#8315,#8316,#8317,#8318,#8319));
#8315 = ORIENTED_EDGE('',*,*,#887,.F.);
#8316 = ORIENTED_EDGE('',*,*,#8292,.F.);
#8317 = ORIENTED_EDGE('',*,*,#7314,.T.);
#8318 = ORIENTED_EDGE('',*,*,#3357,.T.);
#8319 = ORIENTED_EDGE('',*,*,#8320,.T.);
#8320 = EDGE_CURVE('',#2983,#888,#8321,.T.);
#8321 = SURFACE_CURVE('',#8322,(#8328,#8334),.PCURVE_S1.);
#8322 = B_SPLINE_CURVE_WITH_KNOTS('',4,(#8323,#8324,#8325,#8326,#8327),
  .UNSPECIFIED.,.F.,.F.,(5,5),(4.387462279179E-08,1.127773197235),
  .PIECEWISE_BEZIER_KNOTS.);
#8323 = CARTESIAN_POINT('',(301.86980850179,-90.78612010817,
    20.981987598217));
#8324 = CARTESIAN_POINT('',(301.46874344681,-94.62085553964,
    20.993231020994));
#8325 = CARTESIAN_POINT('',(301.06767839183,-98.4555909711,
    21.004474443771));
#8326 = CARTESIAN_POINT('',(300.66661333685,-102.2903264025,
    21.015717866547));
#8327 = CARTESIAN_POINT('',(300.26554828187,-106.125061834,
    21.026961289324));
#8328 = PCURVE('',#949,#8329);
#8329 = DEFINITIONAL_REPRESENTATION('',(#8330),#8333);
#8330 = B_SPLINE_CURVE_WITH_KNOTS('',1,(#8331,#8332),.UNSPECIFIED.,.F.,
  .F.,(2,2),(4.387462279179E-08,1.127773197235),
  .PIECEWISE_BEZIER_KNOTS.);
#8331 = CARTESIAN_POINT('',(4.511439806782,0.178574754985));
#8332 = CARTESIAN_POINT('',(4.511439806782,0.304303785525));
#8333 = ( GEOMETRIC_REPRESENTATION_CONTEXT(2) 
PARAMETRIC_REPRESENTATION_CONTEXT() REPRESENTATION_CONTEXT('2D SPACE',''
  ) );
#8334 = PCURVE('',#1028,#8335);
#8335 = DEFINITIONAL_REPRESENTATION('',(#8336),#8339);
#8336 = B_SPLINE_CURVE_WITH_KNOTS('',1,(#8337,#8338),.UNSPECIFIED.,.F.,
  .F.,(2,2),(4.387462279179E-08,1.127773197235),
  .PIECEWISE_BEZIER_KNOTS.);
#8337 = CARTESIAN_POINT('',(-4.93343544344,-12.66987173728));
#8338 = CARTESIAN_POINT('',(-4.93343544344,2.752800105024));
#8339 = ( GEOMETRIC_REPRESENTATION_CONTEXT(2) 
PARAMETRIC_REPRESENTATION_CONTEXT() REPRESENTATION_CONTEXT('2D SPACE',''
  ) );
#8340 = ADVANCED_FACE('',(#8341),#1028,.F.);
#8341 = FACE_BOUND('',#8342,.T.);
#8342 = EDGE_LOOP('',(#8343,#8344,#8345,#8346,#8399));
#8343 = ORIENTED_EDGE('',*,*,#8320,.F.);
#8344 = ORIENTED_EDGE('',*,*,#2982,.T.);
#8345 = ORIENTED_EDGE('',*,*,#7441,.F.);
#8346 = ORIENTED_EDGE('',*,*,#8347,.T.);
#8347 = EDGE_CURVE('',#7408,#985,#8348,.T.);
#8348 = SURFACE_CURVE('',#8349,(#8354,#8388),.PCURVE_S1.);
#8349 = ELLIPSE('',#8350,3.328185394103,1.8625);
#8350 = AXIS2_PLACEMENT_3D('',#8351,#8352,#8353);
#8351 = CARTESIAN_POINT('',(299.73956975136,-107.2284135029,
    19.213130459927));
#8352 = DIRECTION('',(0.766044443119,-0.642787609687,4.336808689942E-19)
  );
#8353 = DIRECTION('',(-0.642783630574,-0.766039700997,3.518630731649E-03
    ));
#8354 = PCURVE('',#1028,#8355);
#8355 = DEFINITIONAL_REPRESENTATION('',(#8356),#8387);
#8356 = B_SPLINE_CURVE_WITH_KNOTS('',8,(#8357,#8358,#8359,#8360,#8361,
    #8362,#8363,#8364,#8365,#8366,#8367,#8368,#8369,#8370,#8371,#8372,
    #8373,#8374,#8375,#8376,#8377,#8378,#8379,#8380,#8381,#8382,#8383,
    #8384,#8385,#8386),.UNSPECIFIED.,.F.,.F.,(9,7,7,7,9),(3.143561739161
    ,4.714358065955,5.892455311052,7.659601178696,9.42674704634),
  .UNSPECIFIED.);
#8357 = CARTESIAN_POINT('',(-6.28318530718,1.141345476143));
#8358 = CARTESIAN_POINT('',(-6.08683576633,1.142411892832));
#8359 = CARTESIAN_POINT('',(-5.890486225482,1.265008459575));
#8360 = CARTESIAN_POINT('',(-5.694136684628,1.509071492178));
#8361 = CARTESIAN_POINT('',(-5.497787143787,1.864547227584));
#8362 = CARTESIAN_POINT('',(-5.301437602933,2.311378174411));
#8363 = CARTESIAN_POINT('',(-5.105088062084,2.821618324873));
#8364 = CARTESIAN_POINT('',(-4.908738521234,3.363436714263));
#8365 = CARTESIAN_POINT('',(-4.565126824748,4.31119988941));
#8366 = CARTESIAN_POINT('',(-4.41786466911,4.717249350062));
#8367 = CARTESIAN_POINT('',(-4.270602513474,5.109742459578));
#8368 = CARTESIAN_POINT('',(-4.123340357836,5.475260105995));
#8369 = CARTESIAN_POINT('',(-3.976078202199,5.801327625907));
#8370 = CARTESIAN_POINT('',(-3.828816046563,6.077332668085));
#8371 = CARTESIAN_POINT('',(-3.681553890926,6.295242391015));
#8372 = CARTESIAN_POINT('',(-3.313398501833,6.681994991697));
#8373 = CARTESIAN_POINT('',(-3.092505268379,6.771827190237));
#8374 = CARTESIAN_POINT('',(-2.871612034927,6.702188242325));
#8375 = CARTESIAN_POINT('',(-2.650718801469,6.470621256329));
#8376 = CARTESIAN_POINT('',(-2.429825568018,6.092193215525));
#8377 = CARTESIAN_POINT('',(-2.208932334558,5.598260127501));
#8378 = CARTESIAN_POINT('',(-1.9880391011,5.030166636966));
#8379 = CARTESIAN_POINT('',(-1.546252634189,3.834560023717));
#8380 = CARTESIAN_POINT('',(-1.32535940073,3.207046239256));
#8381 = CARTESIAN_POINT('',(-1.1044661673,2.594273821401));
#8382 = CARTESIAN_POINT('',(-0.88357293382,2.043767393116));
#8383 = CARTESIAN_POINT('',(-0.662679700399,1.599267713244));
#8384 = CARTESIAN_POINT('',(-0.44178646691,1.292757852511));
#8385 = CARTESIAN_POINT('',(-0.220893233456,1.140145757369));
#8386 = CARTESIAN_POINT('',(-9.769962616701E-15,1.141345476143));
#8387 = ( GEOMETRIC_REPRESENTATION_CONTEXT(2) 
PARAMETRIC_REPRESENTATION_CONTEXT() REPRESENTATION_CONTEXT('2D SPACE',''
  ) );
#8388 = PCURVE('',#1100,#8389);
#8389 = DEFINITIONAL_REPRESENTATION('',(#8390),#8398);
#8390 = ( BOUNDED_CURVE() B_SPLINE_CURVE(2,(#8391,#8392,#8393,#8394,
#8395,#8396,#8397),.UNSPECIFIED.,.T.,.F.) B_SPLINE_CURVE_WITH_KNOTS((1,2
    ,2,2,2,1),(-2.094395102393,0.,2.094395102393,4.188790204786,
6.28318530718,8.377580409573),.UNSPECIFIED.) CURVE() 
GEOMETRIC_REPRESENTATION_ITEM() RATIONAL_B_SPLINE_CURVE((1.,0.5,1.,0.5,
1.,0.5,1.)) REPRESENTATION_ITEM('') );
#8391 = CARTESIAN_POINT('',(-6.694044572906,-2.895404323256));
#8392 = CARTESIAN_POINT('',(-6.705395480816,0.330520335952));
#8393 = CARTESIAN_POINT('',(-1.707472839906,-1.26487601054));
#8394 = CARTESIAN_POINT('',(3.290449801005,-2.860272357031));
#8395 = CARTESIAN_POINT('',(-1.696121931995,-4.490800669748));
#8396 = CARTESIAN_POINT('',(-6.682693664995,-6.121328982465));
#8397 = CARTESIAN_POINT('',(-6.694044572906,-2.895404323256));
#8398 = ( GEOMETRIC_REPRESENTATION_CONTEXT(2) 
PARAMETRIC_REPRESENTATION_CONTEXT() REPRESENTATION_CONTEXT('2D SPACE',''
  ) );
#8399 = ORIENTED_EDGE('',*,*,#984,.F.);
#8400 = ADVANCED_FACE('',(#8401,#8427),#1100,.T.);
#8401 = FACE_BOUND('',#8402,.F.);
#8402 = EDGE_LOOP('',(#8403,#8404,#8405,#8406,#8424,#8425,#8426));
#8403 = ORIENTED_EDGE('',*,*,#7407,.T.);
#8404 = ORIENTED_EDGE('',*,*,#8347,.T.);
#8405 = ORIENTED_EDGE('',*,*,#1054,.F.);
#8406 = ORIENTED_EDGE('',*,*,#8407,.F.);
#8407 = EDGE_CURVE('',#5022,#1055,#8408,.T.);
#8408 = SURFACE_CURVE('',#8409,(#8412,#8418),.PCURVE_S1.);
#8409 = B_SPLINE_CURVE_WITH_KNOTS('',1,(#8410,#8411),.UNSPECIFIED.,.F.,
  .F.,(2,2),(0.,1.),.PIECEWISE_BEZIER_KNOTS.);
#8410 = CARTESIAN_POINT('',(299.73956923783,-107.2284141149,
    20.013969497867));
#8411 = CARTESIAN_POINT('',(300.23038809341,-106.6434789804,
    21.07565574613));
#8412 = PCURVE('',#1100,#8413);
#8413 = DEFINITIONAL_REPRESENTATION('',(#8414),#8417);
#8414 = B_SPLINE_CURVE_WITH_KNOTS('',1,(#8415,#8416),.UNSPECIFIED.,.F.,
  .F.,(2,2),(0.,1.),.PIECEWISE_BEZIER_KNOTS.);
#8415 = CARTESIAN_POINT('',(-3.365880580523,-3.684532705788));
#8416 = CARTESIAN_POINT('',(-2.602301992224,-4.746218954051));
#8417 = ( GEOMETRIC_REPRESENTATION_CONTEXT(2) 
PARAMETRIC_REPRESENTATION_CONTEXT() REPRESENTATION_CONTEXT('2D SPACE',''
  ) );
#8418 = PCURVE('',#1189,#8419);
#8419 = DEFINITIONAL_REPRESENTATION('',(#8420),#8423);
#8420 = B_SPLINE_CURVE_WITH_KNOTS('',1,(#8421,#8422),.UNSPECIFIED.,.F.,
  .F.,(2,2),(0.,1.),.PIECEWISE_BEZIER_KNOTS.);
#8421 = CARTESIAN_POINT('',(5.60747573229,0.31334765668));
#8422 = CARTESIAN_POINT('',(4.460560512014,0.308553106397));
#8423 = ( GEOMETRIC_REPRESENTATION_CONTEXT(2) 
PARAMETRIC_REPRESENTATION_CONTEXT() REPRESENTATION_CONTEXT('2D SPACE',''
  ) );
#8424 = ORIENTED_EDGE('',*,*,#5021,.T.);
#8425 = ORIENTED_EDGE('',*,*,#4523,.T.);
#8426 = ORIENTED_EDGE('',*,*,#4406,.F.);
#8427 = FACE_BOUND('',#8428,.F.);
#8428 = EDGE_LOOP('',(#8429));
#8429 = ORIENTED_EDGE('',*,*,#5259,.F.);
#8430 = ADVANCED_FACE('',(#8431),#1189,.T.);
#8431 = FACE_BOUND('',#8432,.T.);
#8432 = EDGE_LOOP('',(#8433,#8434,#8435,#8436,#8437,#8438,#8439,#8440,
    #8441,#8442,#8443,#8444,#8445));
#8433 = ORIENTED_EDGE('',*,*,#1127,.F.);
#8434 = ORIENTED_EDGE('',*,*,#8407,.F.);
#8435 = ORIENTED_EDGE('',*,*,#5059,.T.);
#8436 = ORIENTED_EDGE('',*,*,#5152,.T.);
#8437 = ORIENTED_EDGE('',*,*,#5309,.F.);
#8438 = ORIENTED_EDGE('',*,*,#5447,.F.);
#8439 = ORIENTED_EDGE('',*,*,#5948,.T.);
#8440 = ORIENTED_EDGE('',*,*,#6245,.T.);
#8441 = ORIENTED_EDGE('',*,*,#6296,.F.);
#8442 = ORIENTED_EDGE('',*,*,#6487,.F.);
#8443 = ORIENTED_EDGE('',*,*,#7089,.T.);
#8444 = ORIENTED_EDGE('',*,*,#7217,.F.);
#8445 = ORIENTED_EDGE('',*,*,#8446,.T.);
#8446 = EDGE_CURVE('',#7218,#1128,#8447,.T.);
#8447 = SURFACE_CURVE('',#8448,(#8451,#8457),.PCURVE_S1.);
#8448 = B_SPLINE_CURVE_WITH_KNOTS('',1,(#8449,#8450),.UNSPECIFIED.,.F.,
  .F.,(2,2),(0.,1.),.PIECEWISE_BEZIER_KNOTS.);
#8449 = CARTESIAN_POINT('',(291.08270372175,-190.,20.256656436055));
#8450 = CARTESIAN_POINT('',(291.39458169915,-190.3898474717,
    21.130641606716));
#8451 = PCURVE('',#1189,#8452);
#8452 = DEFINITIONAL_REPRESENTATION('',(#8453),#8456);
#8453 = B_SPLINE_CURVE_WITH_KNOTS('',1,(#8454,#8455),.UNSPECIFIED.,.F.,
  .F.,(2,2),(0.,1.),.PIECEWISE_BEZIER_KNOTS.);
#8454 = CARTESIAN_POINT('',(5.60747453229,0.991803278689));
#8455 = CARTESIAN_POINT('',(4.666083959363,0.994998749768));
#8456 = ( GEOMETRIC_REPRESENTATION_CONTEXT(2) 
PARAMETRIC_REPRESENTATION_CONTEXT() REPRESENTATION_CONTEXT('2D SPACE',''
  ) );
#8457 = PCURVE('',#1446,#8458);
#8458 = DEFINITIONAL_REPRESENTATION('',(#8459),#8462);
#8459 = B_SPLINE_CURVE_WITH_KNOTS('',1,(#8460,#8461),.UNSPECIFIED.,.F.,
  .F.,(2,2),(0.,1.),.PIECEWISE_BEZIER_KNOTS.);
#8460 = CARTESIAN_POINT('',(0.,-60.25665643605));
#8461 = CARTESIAN_POINT('',(-0.499248359056,-61.13064160671));
#8462 = ( GEOMETRIC_REPRESENTATION_CONTEXT(2) 
PARAMETRIC_REPRESENTATION_CONTEXT() REPRESENTATION_CONTEXT('2D SPACE',''
  ) );
#8463 = ADVANCED_FACE('',(#8464),#1446,.T.);
#8464 = FACE_BOUND('',#8465,.F.);
#8465 = EDGE_LOOP('',(#8466,#8467,#8488,#8489,#8490,#8491,#8492,#8493,
    #8494));
#8466 = ORIENTED_EDGE('',*,*,#1224,.T.);
#8467 = ORIENTED_EDGE('',*,*,#8468,.T.);
#8468 = EDGE_CURVE('',#24,#7742,#8469,.T.);
#8469 = SURFACE_CURVE('',#8470,(#8474,#8481),.PCURVE_S1.);
#8470 = LINE('',#8471,#8472);
#8471 = CARTESIAN_POINT('',(305.82873054378,-208.4325335275,
    -11.38436108004));
#8472 = VECTOR('',#8473,1.);
#8473 = DIRECTION('',(-2.969820788325E-02,3.712275985406E-02,
    -0.998869319355));
#8474 = PCURVE('',#1446,#8475);
#8475 = DEFINITIONAL_REPRESENTATION('',(#8476),#8480);
#8476 = LINE('',#8477,#8478);
#8477 = CARTESIAN_POINT('',(-23.6051604375,-28.61563891995));
#8478 = VECTOR('',#8479,1.);
#8479 = DIRECTION('',(4.754032867638E-02,0.998869319355));
#8480 = ( GEOMETRIC_REPRESENTATION_CONTEXT(2) 
PARAMETRIC_REPRESENTATION_CONTEXT() REPRESENTATION_CONTEXT('2D SPACE',''
  ) );
#8481 = PCURVE('',#319,#8482);
#8482 = DEFINITIONAL_REPRESENTATION('',(#8483),#8487);
#8483 = LINE('',#8484,#8485);
#8484 = CARTESIAN_POINT('',(29.477645850918,-6.63109249882));
#8485 = VECTOR('',#8486,1.);
#8486 = DIRECTION('',(0.999297287663,-3.748240747574E-02));
#8487 = ( GEOMETRIC_REPRESENTATION_CONTEXT(2) 
PARAMETRIC_REPRESENTATION_CONTEXT() REPRESENTATION_CONTEXT('2D SPACE',''
  ) );
#8488 = ORIENTED_EDGE('',*,*,#7762,.T.);
#8489 = ORIENTED_EDGE('',*,*,#3791,.T.);
#8490 = ORIENTED_EDGE('',*,*,#7259,.T.);
#8491 = ORIENTED_EDGE('',*,*,#6882,.F.);
#8492 = ORIENTED_EDGE('',*,*,#6955,.F.);
#8493 = ORIENTED_EDGE('',*,*,#7237,.T.);
#8494 = ORIENTED_EDGE('',*,*,#8446,.T.);
#8495 = ADVANCED_FACE('',(#8496),#319,.F.);
#8496 = FACE_BOUND('',#8497,.T.);
#8497 = EDGE_LOOP('',(#8498,#8499,#8500,#8501));
#8498 = ORIENTED_EDGE('',*,*,#7741,.F.);
#8499 = ORIENTED_EDGE('',*,*,#2481,.T.);
#8500 = ORIENTED_EDGE('',*,*,#21,.T.);
#8501 = ORIENTED_EDGE('',*,*,#8468,.T.);
#8502 = ( GEOMETRIC_REPRESENTATION_CONTEXT(3) 
GLOBAL_UNCERTAINTY_ASSIGNED_CONTEXT((#8506)) 
GLOBAL_UNIT_ASSIGNED_CONTEXT((#8503,#8504,#8505)) REPRESENTATION_CONTEXT
('Context #1','3D Context with UNIT and UNCERTAINTY') );
#8503 = ( LENGTH_UNIT() NAMED_UNIT(*) SI_UNIT(.MILLI.,.METRE.) );
#8504 = ( NAMED_UNIT(*) PLANE_ANGLE_UNIT() SI_UNIT($,.RADIAN.) );
#8505 = ( NAMED_UNIT(*) SI_UNIT($,.STERADIAN.) SOLID_ANGLE_UNIT() );
#8506 = UNCERTAINTY_MEASURE_WITH_UNIT(LENGTH_MEASURE(5.E-06),#8503,
  'distance_accuracy_value','confusion accuracy');
#8507 = PRODUCT_RELATED_PRODUCT_CATEGORY('part',$,(#7));
ENDSEC;
END-ISO-10303-21;
