ISO-10303-21;
HEADER;
FILE_DESCRIPTION(('Open CASCADE Model'),'2;1');
FILE_NAME('Open CASCADE Shape Model','2026-10-04T06:53:21',('Author'),(
    'Open CASCADE'),'Open CASCADE STEP processor 7.9','Open CASCADE 7.9'
  ,'Unknown');
FILE_SCHEMA(('AUTOMOTIVE_DESIGN { 1 0 10303 214 1 1 1 1 }'));
ENDSEC;
DATA;
#1 = APPLICATION_PROTOCOL_DEFINITION('international standard',
  'automotive_design',2000,#2);
#2 = APPLICATION_CONTEXT(
  'core data for automotive mechanical design processes');
#3 = SHAPE_DEFINITION_REPRESENTATION(#4,#10);
#4 = PRODUCT_DEFINITION_SHAPE('','',#5);
#5 = PRODUCT_DEFINITION('design','',#6,#9);
#6 = PRODUCT_DEFINITION_FORMATION('','',#7);
#7 = PRODUCT('Open CASCADE STEP translator 7.9 20',
  'Open CASCADE STEP translator 7.9 20','',(#8));
#8 = PRODUCT_CONTEXT('',#2,'mechanical');
#9 = PRODUCT_DEFINITION_CONTEXT('part definition',#2,'design');
#10 = ADVANCED_BREP_SHAPE_REPRESENTATION('',(#11,#15),#2279);
#11 = AXIS2_PLACEMENT_3D('',#12,#13,#14);
#12 = CARTESIAN_POINT('',(0.,0.,0.));
#13 = DIRECTION('',(0.,0.,1.));
#14 = DIRECTION('',(1.,0.,-0.));
#15 = MANIFOLD_SOLID_BREP('',#16);
#16 = CLOSED_SHELL('',(#17,#1219,#1344,#1956,#1982,#2013,#2063,#2151,
    #2186,#2241,#2245,#2272));
#17 = ADVANCED_FACE('',(#18),#31,.F.);
#18 = FACE_BOUND('',#19,.F.);
#19 = EDGE_LOOP('',(#20,#209,#315,#355,#795,#827,#933,#1116));
#20 = ORIENTED_EDGE('',*,*,#21,.F.);
#21 = EDGE_CURVE('',#22,#24,#26,.T.);
#22 = VERTEX_POINT('',#23);
#23 = CARTESIAN_POINT('',(424.,20.327334481438,-13.68400427067));
#24 = VERTEX_POINT('',#25);
#25 = CARTESIAN_POINT('',(424.,62.431749557892,-43.16583309911));
#26 = SURFACE_CURVE('',#27,(#30,#198),.PCURVE_S1.);
#27 = B_SPLINE_CURVE_WITH_KNOTS('',1,(#28,#29),.UNSPECIFIED.,.F.,.F.,(2,
    2),(0.,1.),.PIECEWISE_BEZIER_KNOTS.);
#28 = CARTESIAN_POINT('',(424.,20.327334481438,-13.68400427067));
#29 = CARTESIAN_POINT('',(424.,62.431749557892,-43.16583309911));
#30 = PCURVE('',#31,#192);
#31 = B_SPLINE_SURFACE_WITH_KNOTS('',3,1,(
    (#32,#33)
    ,(#34,#35)
    ,(#36,#37)
    ,(#38,#39)
    ,(#40,#41)
    ,(#42,#43)
    ,(#44,#45)
    ,(#46,#47)
    ,(#48,#49)
    ,(#50,#51)
    ,(#52,#53)
    ,(#54,#55)
    ,(#56,#57)
    ,(#58,#59)
    ,(#60,#61)
    ,(#62,#63)
    ,(#64,#65)
    ,(#66,#67)
    ,(#68,#69)
    ,(#70,#71)
    ,(#72,#73)
    ,(#74,#75)
    ,(#76,#77)
    ,(#78,#79)
    ,(#80,#81)
    ,(#82,#83)
    ,(#84,#85)
    ,(#86,#87)
    ,(#88,#89)
    ,(#90,#91)
    ,(#92,#93)
    ,(#94,#95)
    ,(#96,#97)
    ,(#98,#99)
    ,(#100,#101)
    ,(#102,#103)
    ,(#104,#105)
    ,(#106,#107)
    ,(#108,#109)
    ,(#110,#111)
    ,(#112,#113)
    ,(#114,#115)
    ,(#116,#117)
    ,(#118,#119)
    ,(#120,#121)
    ,(#122,#123)
    ,(#124,#125)
    ,(#126,#127)
    ,(#128,#129)
    ,(#130,#131)
    ,(#132,#133)
    ,(#134,#135)
    ,(#136,#137)
    ,(#138,#139)
    ,(#140,#141)
    ,(#142,#143)
    ,(#144,#145)
    ,(#146,#147)
    ,(#148,#149)
    ,(#150,#151)
    ,(#152,#153)
    ,(#154,#155)
    ,(#156,#157)
    ,(#158,#159)
    ,(#160,#161)
    ,(#162,#163)
    ,(#164,#165)
    ,(#166,#167)
    ,(#168,#169)
    ,(#170,#171)
    ,(#172,#173)
    ,(#174,#175)
    ,(#176,#177)
    ,(#178,#179)
    ,(#180,#181)
    ,(#182,#183)
    ,(#184,#185)
    ,(#186,#187)
    ,(#188,#189)
    ,(#190,#191
    )),.UNSPECIFIED.,.F.,.F.,.F.,(4,1,1,1,1,1,1,1,1,1,1,1,1,1,1,1,1,1,1,
    1,1,1,1,1,1,1,1,1,1,1,1,1,1,1,1,1,1,1,1,1,1,1,1,1,1,1,1,1,1,1,1,1,1,
    1,1,1,1,1,1,1,1,1,1,1,1,1,1,1,1,1,1,1,1,1,1,1,1,4),(2,2),(0.,
    6.469910542413E-02,6.471659932091E-02,0.258378097524,0.258447739684,
    0.57978464448,0.579940103744,1.026840319618,1.027113670006,
    1.596653757709,1.597074935639,2.285539004998,2.286135350067,
    3.089038988833,3.089834876756,4.00195400426,4.002970571337,
    5.018375081507,5.019630030994,6.131722059893,6.133229532896,
    7.334786150847,7.336556638946,8.619776726943,8.621817001337,
    9.978372027264,9.980685060226,11.401773424551,11.404358283509,
    12.880762859402,12.883614561455,14.405763013546,14.408872337986,
    15.966899769914,15.970253037273,17.554066492817,17.557645329806,
    19.156989656908,19.160770776187,20.765295358045,20.769250388904,
    22.36857625124,22.372671661077,23.956458478361,23.960655624633,
    25.518668171784,25.522923519642,27.045097143415,27.049362675327,
    28.525867392364,28.530091223218,29.951394081644,29.955521276763,
    31.312446648269,31.316420224169,32.600207705139,32.603969776216,
    33.806329326328,33.809822349308,34.922986144207,34.926154214478,
    35.942924371387,35.945714560441,36.859504699144,36.861868536287,
    37.666734201701,37.668629741697,38.359273576753,38.360669529402,
    38.932383368635,38.933270055768,39.381780183657,39.382200700485,
    39.704006778341,39.704113993418,39.897929071036,39.897936100638,
    39.962767324218),(0.,1.),.UNSPECIFIED.);
#32 = CARTESIAN_POINT('',(424.,20.327334481438,-13.68400427067));
#33 = CARTESIAN_POINT('',(424.,62.431749557892,-43.16583309911));
#34 = CARTESIAN_POINT('',(423.97861383683,20.328930248228,
    -13.68172527951));
#35 = CARTESIAN_POINT('',(423.98193689779,62.433075449993,
    -43.16393952895));
#36 = CARTESIAN_POINT('',(423.95722150187,20.330524730844,
    -13.67944812234));
#37 = CARTESIAN_POINT('',(423.96386858787,62.434400250363,
    -43.16204751794));
#38 = CARTESIAN_POINT('',(423.87181202536,20.336883801193,
    -13.67036642869));
#39 = CARTESIAN_POINT('',(423.89173039157,62.439683683072,
    -43.15450199405));
#40 = CARTESIAN_POINT('',(423.80776299763,20.341636917895,
    -13.66357827455));
#41 = CARTESIAN_POINT('',(423.83763361397,62.443632588012,
    -43.14886237333));
#42 = CARTESIAN_POINT('',(423.63748378036,20.354232417436,
    -13.64559003699));
#43 = CARTESIAN_POINT('',(423.6938133312,62.454096385871,-43.13391852128
    ));
#44 = CARTESIAN_POINT('',(423.53116740411,20.362054118627,
    -13.63441949002));
#45 = CARTESIAN_POINT('',(423.60401711046,62.460593710632,
    -43.12463937987));
#46 = CARTESIAN_POINT('',(423.27709588968,20.380646285325,
    -13.60786712421));
#47 = CARTESIAN_POINT('',(423.38942523334,62.476036402988,
    -43.10258492956));
#48 = CARTESIAN_POINT('',(423.12916738639,20.391390380458,
    -13.59252296616));
#49 = CARTESIAN_POINT('',(423.26448326488,62.484959303383,
    -43.08984170715));
#50 = CARTESIAN_POINT('',(422.79290868659,20.415633216346,
    -13.55790060841));
#51 = CARTESIAN_POINT('',(422.98047616011,62.505090207161,
    -43.06109179704));
#52 = CARTESIAN_POINT('',(422.60428672048,20.429103623895,
    -13.53866287272));
#53 = CARTESIAN_POINT('',(422.82116473725,62.516273960205,
    -43.04511974243));
#54 = CARTESIAN_POINT('',(422.18796688718,20.458559203269,
    -13.49659594575));
#55 = CARTESIAN_POINT('',(422.46953892494,62.540725267401,
    -43.01019965679));
#56 = CARTESIAN_POINT('',(421.9598297502,20.474517795221,-13.47380471446
    ));
#57 = CARTESIAN_POINT('',(422.27685369545,62.553969897966,
    -42.99128436405));
#58 = CARTESIAN_POINT('',(421.46608612479,20.508672958258,
    -13.42502608645));
#59 = CARTESIAN_POINT('',(421.85983765309,62.58231077545,-42.95080939636
    ));
#60 = CARTESIAN_POINT('',(421.19986630068,20.5268481986,-13.39906915318)
  );
#61 = CARTESIAN_POINT('',(421.63498900457,62.597388351738,
    -42.92927638584));
#62 = CARTESIAN_POINT('',(420.6318344813,20.565131937814,-13.34439430733
    ));
#63 = CARTESIAN_POINT('',(421.15523211238,62.629139621677,
    -42.88393087297));
#64 = CARTESIAN_POINT('',(420.32921136737,20.585227439458,
    -13.31569495672));
#65 = CARTESIAN_POINT('',(420.89963900184,62.64580147899,-42.86013527465
    ));
#66 = CARTESIAN_POINT('',(419.69050840641,20.627027242083,
    -13.25599865192));
#67 = CARTESIAN_POINT('',(420.36019730728,62.680449411087,
    -42.81065289949));
#68 = CARTESIAN_POINT('',(419.35339903279,20.648729397008,
    -13.22500476262));
#69 = CARTESIAN_POINT('',(420.0754794021,62.698432589256,-42.78497025944
    ));
#70 = CARTESIAN_POINT('',(418.64810262262,20.693404970175,
    -13.16120143185));
#71 = CARTESIAN_POINT('',(419.47979800367,62.735440474921,
    -42.73211752129));
#72 = CARTESIAN_POINT('',(418.27865029907,20.716388936498,
    -13.12837692616));
#73 = CARTESIAN_POINT('',(419.1677660771,62.754472764007,-42.70493659557
    ));
#74 = CARTESIAN_POINT('',(417.51127389582,20.763282095325,
    -13.06140655485));
#75 = CARTESIAN_POINT('',(418.51965808899,62.79328924178,-42.64950092021
    ));
#76 = CARTESIAN_POINT('',(417.1118348227,20.787215644678,-13.02722590405
    ));
#77 = CARTESIAN_POINT('',(418.18230270264,62.813092416632,
    -42.62121905552));
#78 = CARTESIAN_POINT('',(416.28729886842,20.835655654777,
    -12.95804640018));
#79 = CARTESIAN_POINT('',(417.48592493796,62.853155950932,
    -42.56400239886));
#80 = CARTESIAN_POINT('',(415.86042685555,20.860200669599,
    -12.92299248618));
#81 = CARTESIAN_POINT('',(417.12540353355,62.873447017389,
    -42.53502375275));
#82 = CARTESIAN_POINT('',(414.98402646179,20.909504948393,-12.8525786787
    ));
#83 = CARTESIAN_POINT('',(416.38522921367,62.914186451181,
    -42.47684181158));
#84 = CARTESIAN_POINT('',(414.53245599507,20.934316680141,
    -12.81714385346));
#85 = CARTESIAN_POINT('',(416.00385181643,62.934676998508,
    -42.44757827726));
#86 = CARTESIAN_POINT('',(413.60982562557,20.983787405909,
    -12.74649233506));
#87 = CARTESIAN_POINT('',(415.22464075906,62.975508645484,
    -42.38926464202));
#88 = CARTESIAN_POINT('',(413.13645359767,21.00851192364,-12.71118206435
    ));
#89 = CARTESIAN_POINT('',(414.824854559,62.995902668905,-42.36013895812)
  );
#90 = CARTESIAN_POINT('',(412.17352942111,21.057429700124,
    -12.64132023937));
#91 = CARTESIAN_POINT('',(414.01162140875,63.036224917077,
    -42.30255281977));
#92 = CARTESIAN_POINT('',(411.68139589512,21.08170023606,-12.60665832185
    ));
#93 = CARTESIAN_POINT('',(413.59599452918,63.056215708508,
    -42.27400301083));
#94 = CARTESIAN_POINT('',(410.68437656383,21.129316440109,
    -12.53865533495));
#95 = CARTESIAN_POINT('',(412.75397566425,63.095402512447,
    -42.21803845489));
#96 = CARTESIAN_POINT('',(410.17664496387,21.152749539742,
    -12.50518940041));
#97 = CARTESIAN_POINT('',(412.3251804478,63.114669387286,-42.190522506)
  );
#98 = CARTESIAN_POINT('',(409.15195160607,21.198279279863,
    -12.44016619281));
#99 = CARTESIAN_POINT('',(411.45980022235,63.152064279882,
    -42.13711706467));
#100 = CARTESIAN_POINT('',(408.63188872599,21.220471764198,
    -12.40847204055));
#101 = CARTESIAN_POINT('',(411.02059636173,63.170269992124,
    -42.11111661302));
#102 = CARTESIAN_POINT('',(407.58612491219,21.263089458669,
    -12.34760766514));
#103 = CARTESIAN_POINT('',(410.13743332006,63.205182314692,
    -42.06125664914));
#104 = CARTESIAN_POINT('',(407.05708109971,21.283617189647,
    -12.31829102706));
#105 = CARTESIAN_POINT('',(409.69065113227,63.221971998414,
    -42.0372784958));
#106 = CARTESIAN_POINT('',(405.99699345324,21.32245661732,
    -12.26282257584));
#107 = CARTESIAN_POINT('',(408.79540475474,63.253676915994,
    -41.99199918095));
#108 = CARTESIAN_POINT('',(405.46238325956,21.340875923135,
    -12.23651708096));
#109 = CARTESIAN_POINT('',(408.34392884085,63.268679277457,
    -41.97057358833));
#110 = CARTESIAN_POINT('',(404.39482322363,21.375036219236,
    -12.18773112217));
#111 = CARTESIAN_POINT('',(407.44238724907,63.296422823672,
    -41.9309516981));
#112 = CARTESIAN_POINT('',(403.85810670925,21.390888595946,
    -12.16509158197));
#113 = CARTESIAN_POINT('',(406.98914069833,63.309254104774,
    -41.91262672957));
#114 = CARTESIAN_POINT('',(402.78999376331,21.419447091032,
    -12.12430582414));
#115 = CARTESIAN_POINT('',(406.08714956297,63.332264014566,
    -41.87976517277));
#116 = CARTESIAN_POINT('',(402.25465852387,21.432267470043,
    -12.10599642541));
#117 = CARTESIAN_POINT('',(405.63507875358,63.342534971762,
    -41.86509672572));
#118 = CARTESIAN_POINT('',(401.19294487913,21.454299549013,
    -12.07453135574));
#119 = CARTESIAN_POINT('',(404.73851142803,63.360037449784,
    -41.84010059662));
#120 = CARTESIAN_POINT('',(400.66248871531,21.463628033013,
    -12.06120889991));
#121 = CARTESIAN_POINT('',(404.29057135975,63.367363264978,
    -41.82963824825));
#122 = CARTESIAN_POINT('',(399.61412525282,21.478233388171,
    -12.04035029105));
#123 = CARTESIAN_POINT('',(403.4053000395,63.378605158031,-41.8135831611
    ));
#124 = CARTESIAN_POINT('',(399.0920392799,21.483629950066,
    -12.03264320194));
#125 = CARTESIAN_POINT('',(402.96444002618,63.382617852705,
    -41.8078524392));
#126 = CARTESIAN_POINT('',(398.06394228458,21.489963775094,
    -12.02359756235));
#127 = CARTESIAN_POINT('',(402.09630755931,63.386892994756,
    -41.8017469036));
#128 = CARTESIAN_POINT('',(397.5536941967,21.491025004123,
    -12.02208197023));
#129 = CARTESIAN_POINT('',(401.66545704233,63.387255571456,
    -41.80122909041));
#130 = CARTESIAN_POINT('',(396.55271237456,21.488331889963,
    -12.02592813585));
#131 = CARTESIAN_POINT('',(400.82024896282,63.383933405524,
    -41.80597363506));
#132 = CARTESIAN_POINT('',(396.05772959292,21.484708505597,
    -12.03110286501));
#133 = CARTESIAN_POINT('',(400.40230322006,63.380354633632,
    -41.81108465101));
#134 = CARTESIAN_POINT('',(395.09061103268,21.472356121691,
    -12.04874389746));
#135 = CARTESIAN_POINT('',(399.58571972564,63.368908642879,
    -41.82743121989));
#136 = CARTESIAN_POINT('',(394.61426362139,21.463769680822,
    -12.06100660587));
#137 = CARTESIAN_POINT('',(399.18352538229,63.361157156733,
    -41.83850148937));
#138 = CARTESIAN_POINT('',(393.68762292285,21.441278803607,
    -12.09312690734));
#139 = CARTESIAN_POINT('',(398.40115345438,63.341190198501,
    -41.86701726097));
#140 = CARTESIAN_POINT('',(393.23320654165,21.427535833881,
    -12.11275390216));
#141 = CARTESIAN_POINT('',(398.01749402861,63.329106414586,
    -41.88427469289));
#142 = CARTESIAN_POINT('',(392.35349334899,21.394603038291,
    -12.15978680854));
#143 = CARTESIAN_POINT('',(397.27478075166,63.300369847162,
    -41.92531476437));
#144 = CARTESIAN_POINT('',(391.92421309172,21.375604836734,
    -12.18691905222));
#145 = CARTESIAN_POINT('',(396.91236295883,63.283874214206,
    -41.9488729697));
#146 = CARTESIAN_POINT('',(391.09768530484,21.332114022898,
    -12.24903037132));
#147 = CARTESIAN_POINT('',(396.21459281297,63.246277591118,
    -42.00256651202));
#148 = CARTESIAN_POINT('',(390.69664258242,21.307860337017,
    -12.28366822446));
#149 = CARTESIAN_POINT('',(395.87603545415,63.225373673481,
    -42.03242040033));
#150 = CARTESIAN_POINT('',(389.92935000486,21.253879910982,
    -12.36076026231));
#151 = CARTESIAN_POINT('',(395.22831645074,63.178982337991,
    -42.09867409364));
#152 = CARTESIAN_POINT('',(389.55953556025,21.224465582269,
    -12.40276827723));
#153 = CARTESIAN_POINT('',(394.91614450555,63.153753961921,
    -42.13470394864));
#154 = CARTESIAN_POINT('',(388.85732739126,21.160227544682,
    -12.49450970257));
#155 = CARTESIAN_POINT('',(394.32341447036,63.09877141172,
    -42.21322716811));
#156 = CARTESIAN_POINT('',(388.52162928094,21.125830365172,
    -12.54363396592));
#157 = CARTESIAN_POINT('',(394.04006581273,63.069372430861,
    -42.25521326403));
#158 = CARTESIAN_POINT('',(387.89020203468,21.051694045237,
    -12.64951160346));
#159 = CARTESIAN_POINT('',(393.50713278723,63.006109841819,
    -42.34556160447));
#160 = CARTESIAN_POINT('',(387.59143396956,21.012559709386,
    -12.7054012272));
#161 = CARTESIAN_POINT('',(393.2549821664,62.972751480821,
    -42.39320228124));
#162 = CARTESIAN_POINT('',(387.03648243245,20.928952551485,
    -12.82480462311));
#163 = CARTESIAN_POINT('',(392.78665156236,62.901578072124,-42.494848443
    ));
#164 = CARTESIAN_POINT('',(386.777478755,20.885368861586,-12.88704858296
    ));
#165 = CARTESIAN_POINT('',(392.56809046566,62.864507448005,
    -42.54779078094));
#166 = CARTESIAN_POINT('',(386.30498246348,20.792768397979,
    -13.01929575049));
#167 = CARTESIAN_POINT('',(392.1694061354,62.785836172403,
    -42.66014500638));
#168 = CARTESIAN_POINT('',(386.08873517387,20.745100370086,
    -13.08737274951));
#169 = CARTESIAN_POINT('',(391.98695861191,62.745366201972,
    -42.71794211399));
#170 = CARTESIAN_POINT('',(385.70574309976,20.644053699355,
    -13.2316823509));
#171 = CARTESIAN_POINT('',(391.66386167508,62.659671726644,
    -42.84032650812));
#172 = CARTESIAN_POINT('',(385.53586429333,20.592799121913,
    -13.30488147351));
#173 = CARTESIAN_POINT('',(391.52057089123,62.616229886797,
    -42.9023678851));
#174 = CARTESIAN_POINT('',(385.25140456077,20.484850555085,
    -13.45904800406));
#175 = CARTESIAN_POINT('',(391.2806595422,62.524833675675,
    -43.03289520184));
#176 = CARTESIAN_POINT('',(385.13223604909,20.431495714133,
    -13.53524661381));
#177 = CARTESIAN_POINT('',(391.18017782344,62.479684013458,
    -43.09737560194));
#178 = CARTESIAN_POINT('',(384.95809095309,20.322044742898,
    -13.69155880022));
#179 = CARTESIAN_POINT('',(391.03333401446,62.387158559545,
    -43.22951564452));
#180 = CARTESIAN_POINT('',(384.89428477222,20.270856021164,
    -13.76466387113));
#181 = CARTESIAN_POINT('',(390.97953837995,62.343910597285,
    -43.29128013562));
#182 = CARTESIAN_POINT('',(384.82744599263,20.179633276524,
    -13.89494345206));
#183 = CARTESIAN_POINT('',(390.92316358203,62.266867297107,
    -43.4013093712));
#184 = CARTESIAN_POINT('',(384.81029909191,20.143219166257,
    -13.94694819105));
#185 = CARTESIAN_POINT('',(390.90869312485,62.236119877045,
    -43.44522123787));
#186 = CARTESIAN_POINT('',(384.80108297497,20.094032549388,
    -14.01719395989));
#187 = CARTESIAN_POINT('',(390.90091470891,62.194587394215,
    -43.50453577044));
#188 = CARTESIAN_POINT('',(384.79991767474,20.081650707116,
    -14.03487706325));
#189 = CARTESIAN_POINT('',(390.89993102197,62.18413232134,
    -43.51946716193));
#190 = CARTESIAN_POINT('',(384.8,20.06922508508,-14.0526226906));
#191 = CARTESIAN_POINT('',(390.9,62.173640161534,-43.53445151904));
#192 = DEFINITIONAL_REPRESENTATION('',(#193),#197);
#193 = LINE('',#194,#195);
#194 = CARTESIAN_POINT('',(0.,0.));
#195 = VECTOR('',#196,1.);
#196 = DIRECTION('',(0.,1.));
#197 = ( GEOMETRIC_REPRESENTATION_CONTEXT(2) 
PARAMETRIC_REPRESENTATION_CONTEXT() REPRESENTATION_CONTEXT('2D SPACE',''
  ) );
#198 = PCURVE('',#199,#204);
#199 = PLANE('',#200);
#200 = AXIS2_PLACEMENT_3D('',#201,#202,#203);
#201 = CARTESIAN_POINT('',(424.,61.915530765177,-43.90306993897));
#202 = DIRECTION('',(-1.,0.,0.));
#203 = DIRECTION('',(0.,0.573576436351,0.819152044289));
#204 = DEFINITIONAL_REPRESENTATION('',(#205),#208);
#205 = B_SPLINE_CURVE_WITH_KNOTS('',1,(#206,#207),.UNSPECIFIED.,.F.,.F.,
  (2,2),(0.,1.),.PIECEWISE_BEZIER_KNOTS.);
#206 = CARTESIAN_POINT('',(0.9,-51.4));
#207 = CARTESIAN_POINT('',(0.9,1.42108547152E-14));
#208 = ( GEOMETRIC_REPRESENTATION_CONTEXT(2) 
PARAMETRIC_REPRESENTATION_CONTEXT() REPRESENTATION_CONTEXT('2D SPACE',''
  ) );
#209 = ORIENTED_EDGE('',*,*,#210,.T.);
#210 = EDGE_CURVE('',#22,#211,#213,.T.);
#211 = VERTEX_POINT('',#212);
#212 = CARTESIAN_POINT('',(399.4168343959,21.479768830226,
    -12.03815745254));
#213 = SURFACE_CURVE('',#214,(#257,#264),.PCURVE_S1.);
#214 = B_SPLINE_CURVE_WITH_KNOTS('',3,(#215,#216,#217,#218,#219,#220,
    #221,#222,#223,#224,#225,#226,#227,#228,#229,#230,#231,#232,#233,
    #234,#235,#236,#237,#238,#239,#240,#241,#242,#243,#244,#245,#246,
    #247,#248,#249,#250,#251,#252,#253,#254,#255,#256),.UNSPECIFIED.,.F.
  ,.F.,(4,1,1,1,1,1,1,1,1,1,1,1,1,1,1,1,1,1,1,1,1,1,1,1,1,1,1,1,1,1,1,1,
    1,1,1,1,1,1,1,4),(0.,6.471659932091E-02,0.258447739684,
    0.579940103744,1.027113670006,1.597074935639,2.286135350067,
    3.089834876756,4.002970571337,5.019630030994,6.133229532896,
    7.336556638946,8.621817001337,9.980685060226,11.404358283509,
    12.883614561455,14.408872337986,15.970253037273,17.557645329806,
    19.160770776187,20.769250388904,22.372671661077,23.960655624633,
    25.522923519642,27.049362675327,28.530091223218,29.955521276763,
    31.316420224169,32.603969776216,33.809822349308,34.926154214478,
    35.945714560441,36.861868536287,37.668629741697,38.360669529402,
    38.933270055768,39.382200700485,39.704113993418,39.897936100638,
    39.962767324218),.UNSPECIFIED.);
#215 = CARTESIAN_POINT('',(424.,20.327334481438,-13.68400427067));
#216 = CARTESIAN_POINT('',(423.97860805426,20.328930679705,
    -13.68172466329));
#217 = CARTESIAN_POINT('',(423.89317710297,20.335298293463,
    -13.6726307684));
#218 = CARTESIAN_POINT('',(423.70146168442,20.349525592704,
    -13.65231207934));
#219 = CARTESIAN_POINT('',(423.38326932505,20.372934959217,
    -13.61888003922));
#220 = CARTESIAN_POINT('',(422.94059487123,20.405086400331,
    -13.57296302268));
#221 = CARTESIAN_POINT('',(422.376220265,20.445390838572,-13.51540231954
    ));
#222 = CARTESIAN_POINT('',(421.69370258097,20.493133672015,
    -13.44721848712));
#223 = CARTESIAN_POINT('',(420.89735728769,20.547500687224,
    -13.36957434272));
#224 = CARTESIAN_POINT('',(419.99223608075,20.607603703535,
    -13.28373833978));
#225 = CARTESIAN_POINT('',(418.98409881034,20.672503421694,
    -13.19105193665));
#226 = CARTESIAN_POINT('',(417.87937928754,20.741227338744,
    -13.0929040115));
#227 = CARTESIAN_POINT('',(416.68514506432,20.81278125038,
    -12.99071443522));
#228 = CARTESIAN_POINT('',(415.40905159687,20.886153719246,
    -12.88592769006));
#229 = CARTESIAN_POINT('',(414.0592914863,20.960313848831,
    -12.78001604881));
#230 = CARTESIAN_POINT('',(412.64453971922,21.034203653689,
    -12.67449047129));
#231 = CARTESIAN_POINT('',(411.17389599038,21.10672714318,
    -12.57091619433));
#232 = CARTESIAN_POINT('',(409.65682527194,21.176738833678,
    -12.4709291381));
#233 = CARTESIAN_POINT('',(408.10309779378,21.24303469962,-12.3762488293
    ));
#234 = CARTESIAN_POINT('',(406.52272950801,21.304348520479,
    -12.28868361825));
#235 = CARTESIAN_POINT('',(404.92592392113,21.359356175498,
    -12.21012454538));
#236 = CARTESIAN_POINT('',(403.32301588972,21.406689716691,
    -12.14252524287));
#237 = CARTESIAN_POINT('',(401.72441760409,21.444962071959,
    -12.08786665498));
#238 = CARTESIAN_POINT('',(400.14056657095,21.472802073312,
    -12.04810701254));
#239 = CARTESIAN_POINT('',(398.58187502645,21.488898287579,
    -12.02511923622));
#240 = CARTESIAN_POINT('',(397.05867996613,21.492048904709,
    -12.02061968865));
#241 = CARTESIAN_POINT('',(395.58119301755,21.481213858162,
    -12.03609373878));
#242 = CARTESIAN_POINT('',(394.15944983101,21.455564477374,
    -12.07272485082));
#243 = CARTESIAN_POINT('',(392.80325980677,21.414525403586,
    -12.13133472225));
#244 = CARTESIAN_POINT('',(391.52215870522,21.357803524973,
    -12.21234196013));
#245 = CARTESIAN_POINT('',(390.32537059539,21.285398623528,
    -12.31574687581));
#246 = CARTESIAN_POINT('',(389.22178837425,21.197593002306,
    -12.44114629874));
#247 = CARTESIAN_POINT('',(388.21999949173,21.09491489279,
    -12.58778583618));
#248 = CARTESIAN_POINT('',(387.3283734904,20.978093304146,
    -12.75462435515));
#249 = CARTESIAN_POINT('',(386.55535152904,20.847981277569,
    -12.94044358656));
#250 = CARTESIAN_POINT('',(385.90986830907,20.705663292571,
    -13.14369473315));
#251 = CARTESIAN_POINT('',(385.40274223151,20.552626528914,
    -13.36225388213));
#252 = CARTESIAN_POINT('',(385.04684541294,20.393258372425,
    -13.58985519716));
#253 = CARTESIAN_POINT('',(384.85589814706,20.240057689733,
    -13.80864844678));
#254 = CARTESIAN_POINT('',(384.80456630068,20.13104446139,
    -13.96433547154));
#255 = CARTESIAN_POINT('',(384.79991767474,20.081650707116,
    -14.03487706325));
#256 = CARTESIAN_POINT('',(384.8,20.06922508508,-14.0526226906));
#257 = PCURVE('',#31,#258);
#258 = DEFINITIONAL_REPRESENTATION('',(#259),#263);
#259 = LINE('',#260,#261);
#260 = CARTESIAN_POINT('',(0.,0.));
#261 = VECTOR('',#262,1.);
#262 = DIRECTION('',(1.,0.));
#263 = ( GEOMETRIC_REPRESENTATION_CONTEXT(2) 
PARAMETRIC_REPRESENTATION_CONTEXT() REPRESENTATION_CONTEXT('2D SPACE',''
  ) );
#264 = PCURVE('',#265,#270);
#265 = PLANE('',#266);
#266 = AXIS2_PLACEMENT_3D('',#267,#268,#269);
#267 = CARTESIAN_POINT('',(424.,20.327334481438,-13.68400427067));
#268 = DIRECTION('',(-3.10188653934E-17,-0.819152044289,0.573576436351)
  );
#269 = DIRECTION('',(-0.999934115997,-6.583989568311E-03,
    -9.402911578394E-03));
#270 = DEFINITIONAL_REPRESENTATION('',(#271),#314);
#271 = B_SPLINE_CURVE_WITH_KNOTS('',3,(#272,#273,#274,#275,#276,#277,
    #278,#279,#280,#281,#282,#283,#284,#285,#286,#287,#288,#289,#290,
    #291,#292,#293,#294,#295,#296,#297,#298,#299,#300,#301,#302,#303,
    #304,#305,#306,#307,#308,#309,#310,#311,#312,#313),.UNSPECIFIED.,.F.
  ,.F.,(4,1,1,1,1,1,1,1,1,1,1,1,1,1,1,1,1,1,1,1,1,1,1,1,1,1,1,1,1,1,1,1,
    1,1,1,1,1,1,1,4),(0.,6.471659932091E-02,0.258447739684,
    0.579940103744,1.027113670006,1.597074935639,2.286135350067,
    3.089834876756,4.002970571337,5.019630030994,6.133229532896,
    7.336556638946,8.621817001337,9.980685060226,11.404358283509,
    12.883614561455,14.408872337986,15.970253037273,17.557645329806,
    19.160770776187,20.769250388904,22.372671661077,23.960655624633,
    25.522923519642,27.049362675327,28.530091223218,29.955521276763,
    31.316420224169,32.603969776216,33.809822349308,34.926154214478,
    35.945714560441,36.861868536287,37.668629741697,38.360669529402,
    38.933270055768,39.382200700485,39.704113993418,39.897936100638,
    39.962767324218),.UNSPECIFIED.);
#272 = CARTESIAN_POINT('',(0.,0.));
#273 = CARTESIAN_POINT('',(2.135859205072E-02,-3.028258031705E-03));
#274 = CARTESIAN_POINT('',(0.106656481412,-1.510977025392E-02));
#275 = CARTESIAN_POINT('',(0.298074541759,-4.21133450597E-02));
#276 = CARTESIAN_POINT('',(0.615777451795,-8.657611892735E-02));
#277 = CARTESIAN_POINT('',(1.057779302054,-0.147708140071));
#278 = CARTESIAN_POINT('',(1.621310122829,-0.224450517466));
#279 = CARTESIAN_POINT('',(2.302827374992,-0.315516631683));
#280 = CARTESIAN_POINT('',(3.098032168971,-0.419437501892));
#281 = CARTESIAN_POINT('',(4.001890916926,-0.534606746794));
#282 = CARTESIAN_POINT('',(5.008662946101,-0.659320739635));
#283 = CARTESIAN_POINT('',(6.111934331736,-0.791810232301));
#284 = CARTESIAN_POINT('',(7.304657884265,-0.930260869414));
#285 = CARTESIAN_POINT('',(8.5791988935,-1.072821504213));
#286 = CARTESIAN_POINT('',(9.927385929159,-1.217600900374));
#287 = CARTESIAN_POINT('',(11.340565749352,-1.36265505934));
#288 = CARTESIAN_POINT('',(12.80966119263,-1.505968851738));
#289 = CARTESIAN_POINT('',(14.32523083469,-1.645436672522));
#290 = CARTESIAN_POINT('',(15.877529185198,-1.778847354629));
#291 = CARTESIAN_POINT('',(17.456566292489,-1.90387848391));
#292 = CARTESIAN_POINT('',(19.052165821581,-2.018104554002));
#293 = CARTESIAN_POINT('',(20.654020973187,-2.119022145378));
#294 = CARTESIAN_POINT('',(22.251748002109,-2.204093611145));
#295 = CARTESIAN_POINT('',(23.834937530127,-2.270808739935));
#296 = CARTESIAN_POINT('',(25.393204252448,-2.316761748082));
#297 = CARTESIAN_POINT('',(26.916235906106,-2.339738825081));
#298 = CARTESIAN_POINT('',(28.393842350889,-2.337809572126));
#299 = CARTESIAN_POINT('',(29.816005181665,-2.309414143788));
#300 = CARTESIAN_POINT('',(31.172927158949,-2.253436898276));
#301 = CARTESIAN_POINT('',(32.455079016576,-2.169257384963));
#302 = CARTESIAN_POINT('',(33.653237297611,-2.056769342218));
#303 = CARTESIAN_POINT('',(34.758504041321,-1.916362837871));
#304 = CARTESIAN_POINT('',(35.762281792182,-1.748860180806));
#305 = CARTESIAN_POINT('',(36.656186969583,-1.555436203375));
#306 = CARTESIAN_POINT('',(37.431761899191,-1.337481144863));
#307 = CARTESIAN_POINT('',(38.080050764834,-1.096783053061));
#308 = CARTESIAN_POINT('',(38.590206115708,-0.835810393287));
#309 = CARTESIAN_POINT('',(38.949268879686,-0.562064078438));
#310 = CARTESIAN_POINT('',(39.143269530473,-0.297176288802));
#311 = CARTESIAN_POINT('',(39.196779648196,-0.107719276822));
#312 = CARTESIAN_POINT('',(39.202416472171,-2.166292864676E-02));
#313 = CARTESIAN_POINT('',(39.202582823074,-8.881784197001E-16));
#314 = ( GEOMETRIC_REPRESENTATION_CONTEXT(2) 
PARAMETRIC_REPRESENTATION_CONTEXT() REPRESENTATION_CONTEXT('2D SPACE',''
  ) );
#315 = ORIENTED_EDGE('',*,*,#316,.T.);
#316 = EDGE_CURVE('',#211,#317,#319,.T.);
#317 = VERTEX_POINT('',#318);
#318 = CARTESIAN_POINT('',(399.41798387399,21.887730661629,
    -12.32725097401));
#319 = SURFACE_CURVE('',#320,(#328,#339),.PCURVE_S1.);
#320 = B_SPLINE_CURVE_WITH_KNOTS('',6,(#321,#322,#323,#324,#325,#326,
    #327),.UNSPECIFIED.,.F.,.F.,(7,7),(0.,1.),.PIECEWISE_BEZIER_KNOTS.);
#321 = CARTESIAN_POINT('',(399.4168343959,21.479768830226,
    -12.03815745254));
#322 = CARTESIAN_POINT('',(399.41704191598,21.553535987559,
    -12.0904295962));
#323 = CARTESIAN_POINT('',(399.41721851438,21.616260687747,
    -12.13487755129));
#324 = CARTESIAN_POINT('',(399.4174114689,21.684778389175,
    -12.18343073763));
#325 = CARTESIAN_POINT('',(399.41762995536,21.762297405993,
    -12.23836323745));
#326 = CARTESIAN_POINT('',(399.41784404294,21.838181277937,
    -12.29213791423));
#327 = CARTESIAN_POINT('',(399.41798387537,21.887731151179,
    -12.32725132093));
#328 = PCURVE('',#31,#329);
#329 = DEFINITIONAL_REPRESENTATION('',(#330),#338);
#330 = B_SPLINE_CURVE_WITH_KNOTS('',6,(#331,#332,#333,#334,#335,#336,
    #337),.UNSPECIFIED.,.F.,.F.,(7,7),(0.,1.),.PIECEWISE_BEZIER_KNOTS.);
#331 = CARTESIAN_POINT('',(24.675894083731,0.));
#332 = CARTESIAN_POINT('',(24.682409979646,1.758921937936E-03));
#333 = CARTESIAN_POINT('',(24.687954495671,3.254551628056E-03));
#334 = CARTESIAN_POINT('',(24.694013255117,4.888313861214E-03));
#335 = CARTESIAN_POINT('',(24.700871744717,6.736715584646E-03));
#336 = CARTESIAN_POINT('',(24.707593116078,8.546138080918E-03));
#337 = CARTESIAN_POINT('',(24.711982777625,9.727638132296E-03));
#338 = ( GEOMETRIC_REPRESENTATION_CONTEXT(2) 
PARAMETRIC_REPRESENTATION_CONTEXT() REPRESENTATION_CONTEXT('2D SPACE',''
  ) );
#339 = PCURVE('',#340,#345);
#340 = CYLINDRICAL_SURFACE('',#341,6.5);
#341 = AXIS2_PLACEMENT_3D('',#342,#343,#344);
#342 = CARTESIAN_POINT('',(393.4,18.430920996502,-12.90546981789));
#343 = DIRECTION('',(0.,0.819152044289,-0.573576436351));
#344 = DIRECTION('',(0.,0.573576436351,0.819152044289));
#345 = DEFINITIONAL_REPRESENTATION('',(#346),#354);
#346 = B_SPLINE_CURVE_WITH_KNOTS('',6,(#347,#348,#349,#350,#351,#352,
    #353),.UNSPECIFIED.,.F.,.F.,(7,7),(0.,1.),.PIECEWISE_BEZIER_KNOTS.);
#347 = CARTESIAN_POINT('',(1.182794327993,2.));
#348 = CARTESIAN_POINT('',(1.182878712917,2.09040858761));
#349 = CARTESIAN_POINT('',(1.18295054506,2.167283953682));
#350 = CARTESIAN_POINT('',(1.183029036971,2.251259332466));
#351 = CARTESIAN_POINT('',(1.183117942026,2.346267181051));
#352 = CARTESIAN_POINT('',(1.183205088257,2.439271497359));
#353 = CARTESIAN_POINT('',(1.183262014159,2.5000006));
#354 = ( GEOMETRIC_REPRESENTATION_CONTEXT(2) 
PARAMETRIC_REPRESENTATION_CONTEXT() REPRESENTATION_CONTEXT('2D SPACE',''
  ) );
#355 = ORIENTED_EDGE('',*,*,#356,.F.);
#356 = EDGE_CURVE('',#357,#317,#359,.T.);
#357 = VERTEX_POINT('',#358);
#358 = CARTESIAN_POINT('',(387.07265764331,21.332397455997,
    -13.12034898471));
#359 = SURFACE_CURVE('',#360,(#468,#629),.PCURVE_S1.);
#360 = B_SPLINE_CURVE_WITH_KNOTS('',8,(#361,#362,#363,#364,#365,#366,
    #367,#368,#369,#370,#371,#372,#373,#374,#375,#376,#377,#378,#379,
    #380,#381,#382,#383,#384,#385,#386,#387,#388,#389,#390,#391,#392,
    #393,#394,#395,#396,#397,#398,#399,#400,#401,#402,#403,#404,#405,
    #406,#407,#408,#409,#410,#411,#412,#413,#414,#415,#416,#417,#418,
    #419,#420,#421,#422,#423,#424,#425,#426,#427,#428,#429,#430,#431,
    #432,#433,#434,#435,#436,#437,#438,#439,#440,#441,#442,#443,#444,
    #445,#446,#447,#448,#449,#450,#451,#452,#453,#454,#455,#456,#457,
    #458,#459,#460,#461,#462,#463,#464,#465,#466,#467),.UNSPECIFIED.,.F.
  ,.F.,(9,7,7,7,7,7,7,7,7,7,7,7,7,7,7,9),(0.,6.7853218358E-02,
    0.137925584898,0.207997952901,0.278070427958,0.416274571737,
    0.54205777305,0.661045968446,0.788500671077,0.893761792213,1.,
    1.128026002379,1.308877991187,1.567916216556,1.781881606679,
    2.000070734382),.UNSPECIFIED.);
#361 = CARTESIAN_POINT('',(387.07265764331,21.332397455997,
    -13.12034898471));
#362 = CARTESIAN_POINT('',(387.1201242099,21.381607291788,
    -13.14049939392));
#363 = CARTESIAN_POINT('',(387.16763543132,21.430713117584,
    -13.16079061586));
#364 = CARTESIAN_POINT('',(387.21519134783,21.479716681202,
    -13.18121754783));
#365 = CARTESIAN_POINT('',(387.26279216465,21.528620128159,
    -13.20177383248));
#366 = CARTESIAN_POINT('',(387.31043822715,21.577425708904,
    -13.22245264652));
#367 = CARTESIAN_POINT('',(387.35812999592,21.62613548604,
    -13.24324748946));
#368 = CARTESIAN_POINT('',(387.40586802194,21.674751041556,
    -13.26415297227));
#369 = CARTESIAN_POINT('',(387.50300063281,21.773382249428,
    -13.30686546087));
#370 = CARTESIAN_POINT('',(387.55236559089,21.823358284018,
    -13.32866569499));
#371 = CARTESIAN_POINT('',(387.60174622496,21.873200171495,
    -13.35056167658));
#372 = CARTESIAN_POINT('',(387.65114094994,21.922906655679,
    -13.37254867812));
#373 = CARTESIAN_POINT('',(387.70054816676,21.972476340533,
    -13.39462187651));
#374 = CARTESIAN_POINT('',(387.74996626232,22.021907690167,
    -13.41677635303));
#375 = CARTESIAN_POINT('',(387.79939360951,22.07119902884,-13.4390070934
    ));
#376 = CARTESIAN_POINT('',(387.89826352596,22.169498054096,
    -13.48361088252));
#377 = CARTESIAN_POINT('',(387.94770608765,22.218505718724,
    -13.50598391717));
#378 = CARTESIAN_POINT('',(387.99715461182,22.267369723348,
    -13.52842298458));
#379 = CARTESIAN_POINT('',(388.04660744069,22.316088084578,
    -13.55092285926));
#380 = CARTESIAN_POINT('',(388.09606289914,22.364658647123,
    -13.57347819735));
#381 = CARTESIAN_POINT('',(388.14551929475,22.413079083797,
    -13.59608353661));
#382 = CARTESIAN_POINT('',(388.19497491776,22.461346895513,
    -13.61873329643));
#383 = CARTESIAN_POINT('',(388.29388124,22.557572000558,-13.66411029384)
  );
#384 = CARTESIAN_POINT('',(388.34333185723,22.605529104883,
    -13.68683792229));
#385 = CARTESIAN_POINT('',(388.3927780584,22.653328221223,
    -13.70959767374));
#386 = CARTESIAN_POINT('',(388.44221820463,22.700966506291,
    -13.73238400256));
#387 = CARTESIAN_POINT('',(388.49165089822,22.748440934834,
    -13.75519235596));
#388 = CARTESIAN_POINT('',(388.54107502819,22.795748457922,
    -13.77801872279));
#389 = CARTESIAN_POINT('',(388.59048981592,22.842886161228,
    -13.80085918254));
#390 = CARTESIAN_POINT('',(388.73733657242,22.98248114459,
    -13.86877711071));
#391 = CARTESIAN_POINT('',(388.83506528064,23.074749003033,
    -13.91403324588));
#392 = CARTESIAN_POINT('',(388.93310002743,23.166647770711,
    -13.95945662322));
#393 = CARTESIAN_POINT('',(389.03146186818,23.258168338022,
    -14.00502448849));
#394 = CARTESIAN_POINT('',(389.13017478212,23.349299201596,
    -14.05071206629));
#395 = CARTESIAN_POINT('',(389.22926658285,23.440025952194,
    -14.09649205673));
#396 = CARTESIAN_POINT('',(389.3287698289,23.530330762613,
    -14.14233413197));
#397 = CARTESIAN_POINT('',(389.51969248431,23.701976821778,
    -14.22995219186));
#398 = CARTESIAN_POINT('',(389.61103382333,23.783393355116,
    -14.27172300549));
#399 = CARTESIAN_POINT('',(389.702776787,23.864426160206,-14.31348897614
    ));
#400 = CARTESIAN_POINT('',(389.79495218871,23.945052354467,
    -14.35523185416));
#401 = CARTESIAN_POINT('',(389.88759584161,24.025246740755,
    -14.39692392704));
#402 = CARTESIAN_POINT('',(389.98074887464,24.104979772638,
    -14.43853173845));
#403 = CARTESIAN_POINT('',(390.07445809141,24.184214238059,
    -14.48002252185));
#404 = CARTESIAN_POINT('',(390.25800711502,24.33734800769,
    -14.56045119577));
#405 = CARTESIAN_POINT('',(390.34777948546,24.411301746845,
    -14.59940495439));
#406 = CARTESIAN_POINT('',(390.43814742241,24.484732648462,
    -14.63817947131));
#407 = CARTESIAN_POINT('',(390.5291648662,24.557596187145,
    -14.67673478411));
#408 = CARTESIAN_POINT('',(390.62089185673,24.629838129569,
    -14.71502245794));
#409 = CARTESIAN_POINT('',(390.71339724209,24.701392765903,
    -14.7529838672));
#410 = CARTESIAN_POINT('',(390.80676194616,24.772179791298,
    -14.79055030722));
#411 = CARTESIAN_POINT('',(391.00211496649,24.91699498703,
    -14.86737900234));
#412 = CARTESIAN_POINT('',(391.10422121687,24.99087814007,
    -14.90656183546));
#413 = CARTESIAN_POINT('',(391.20754057764,25.063644013127,
    -14.94510435313));
#414 = CARTESIAN_POINT('',(391.31221292808,25.135142720047,
    -14.98288771004));
#415 = CARTESIAN_POINT('',(391.41838274746,25.205176870218,
    -15.01976036369));
#416 = CARTESIAN_POINT('',(391.52620856318,25.273494070286,
    -15.05553168639));
#417 = CARTESIAN_POINT('',(391.635878095,25.339774829329,-15.08996212326
    ));
#418 = CARTESIAN_POINT('',(391.83992098665,25.456340318731,
    -15.14982836124));
#419 = CARTESIAN_POINT('',(391.93358867579,25.507375427373,
    -15.17577326811));
#420 = CARTESIAN_POINT('',(392.02878363925,25.556508344969,
    -15.20042366624));
#421 = CARTESIAN_POINT('',(392.12562394147,25.603449425575,
    -15.22356434745));
#422 = CARTESIAN_POINT('',(392.22418891727,25.647835551327,
    -15.24494119323));
#423 = CARTESIAN_POINT('',(392.32452329702,25.689232863067,-15.264255464
    ));
#424 = CARTESIAN_POINT('',(392.42663356544,25.727151887215,
    -15.28116690424));
#425 = CARTESIAN_POINT('',(392.63524888774,25.795339225417,
    -15.30963569115));
#426 = CARTESIAN_POINT('',(392.74189799407,25.825569915052,
    -15.32115678965));
#427 = CARTESIAN_POINT('',(392.85011097564,25.851167501735,
    -15.32950502638));
#428 = CARTESIAN_POINT('',(392.95953819769,25.871565108215,
    -15.33431841277));
#429 = CARTESIAN_POINT('',(393.06977463411,25.886300146515,
    -15.33531264502));
#430 = CARTESIAN_POINT('',(393.18033954088,25.895097601065,
    -15.33233698401));
#431 = CARTESIAN_POINT('',(393.29064986423,25.89794142534,
    -15.32542300528));
#432 = CARTESIAN_POINT('',(393.5317761381,25.891670179321,
    -15.30201839651));
#433 = CARTESIAN_POINT('',(393.66219485412,25.879982172816,
    -15.28385107275));
#434 = CARTESIAN_POINT('',(393.79041782111,25.86047745076,
    -15.26067641137));
#435 = CARTESIAN_POINT('',(393.91601582923,25.834040147058,
    -15.23313138457));
#436 = CARTESIAN_POINT('',(394.03878961103,25.801672311118,
    -15.20191493733));
#437 = CARTESIAN_POINT('',(394.15869640029,25.764312438198,
    -15.16766896014));
#438 = CARTESIAN_POINT('',(394.27583418316,25.722751516601,
    -15.13092216795));
#439 = CARTESIAN_POINT('',(394.55232375993,25.613826299872,
    -15.03719422326));
#440 = CARTESIAN_POINT('',(394.70904487371,25.542932574513,
    -14.97815673522));
#441 = CARTESIAN_POINT('',(394.86146645585,25.466585443276,
    -14.91601765452));
#442 = CARTESIAN_POINT('',(395.01017693361,25.3859843811,-14.8515543664)
  );
#443 = CARTESIAN_POINT('',(395.15564110348,25.302011236352,
    -14.78532700274));
#444 = CARTESIAN_POINT('',(395.29828370273,25.215301498934,
    -14.71772669863));
#445 = CARTESIAN_POINT('',(395.43853101117,25.126277356822,
    -14.64900674304));
#446 = CARTESIAN_POINT('',(395.77494393583,24.90469728778,
    -14.47944199054));
#447 = CARTESIAN_POINT('',(395.96876048374,24.770165484262,
    -14.37771076399));
#448 = CARTESIAN_POINT('',(396.15928109516,24.632557308459,
    -14.27467074562));
#449 = CARTESIAN_POINT('',(396.34708949041,24.492485991254,
    -14.17067603866));
#450 = CARTESIAN_POINT('',(396.53263592512,24.350395423827,
    -14.06600275573));
#451 = CARTESIAN_POINT('',(396.71625299982,24.206604547876,
    -13.96080956092));
#452 = CARTESIAN_POINT('',(396.89823995323,24.061335767239,
    -13.85522353164));
#453 = CARTESIAN_POINT('',(397.22805594419,23.79364444582,
    -13.66182492386));
#454 = CARTESIAN_POINT('',(397.37628947705,23.671668654986,
    -13.57413409464));
#455 = CARTESIAN_POINT('',(397.52368916844,23.548911404007,
    -13.4862891841));
#456 = CARTESIAN_POINT('',(397.67035511397,23.425453471889,
    -13.39833251883));
#457 = CARTESIAN_POINT('',(397.81636855072,23.301360207948,
    -13.31029749821));
#458 = CARTESIAN_POINT('',(397.96179753728,23.176686050749,
    -13.22220985118));
#459 = CARTESIAN_POINT('',(398.10670084129,23.051476860944,
    -13.13408941707));
#460 = CARTESIAN_POINT('',(398.39841030138,22.797581787279,
    -12.95607563558));
#461 = CARTESIAN_POINT('',(398.54519602922,22.668877467417,
    -12.8661826673));
#462 = CARTESIAN_POINT('',(398.69154037619,22.539698515917,
    -12.77629049934));
#463 = CARTESIAN_POINT('',(398.83748746415,22.410079597518,
    -12.68641280877));
#464 = CARTESIAN_POINT('',(398.98307477659,22.280049929205,
    -12.59656113654));
#465 = CARTESIAN_POINT('',(399.12833484927,22.149634453363,
    -12.50674536458));
#466 = CARTESIAN_POINT('',(399.27329625378,22.018854889085,
    -12.41697352967));
#467 = CARTESIAN_POINT('',(399.41798387399,21.887730661629,
    -12.32725097401));
#468 = PCURVE('',#31,#469);
#469 = DEFINITIONAL_REPRESENTATION('',(#470),#628);
#470 = B_SPLINE_CURVE_WITH_KNOTS('',3,(#471,#472,#473,#474,#475,#476,
    #477,#478,#479,#480,#481,#482,#483,#484,#485,#486,#487,#488,#489,
    #490,#491,#492,#493,#494,#495,#496,#497,#498,#499,#500,#501,#502,
    #503,#504,#505,#506,#507,#508,#509,#510,#511,#512,#513,#514,#515,
    #516,#517,#518,#519,#520,#521,#522,#523,#524,#525,#526,#527,#528,
    #529,#530,#531,#532,#533,#534,#535,#536,#537,#538,#539,#540,#541,
    #542,#543,#544,#545,#546,#547,#548,#549,#550,#551,#552,#553,#554,
    #555,#556,#557,#558,#559,#560,#561,#562,#563,#564,#565,#566,#567,
    #568,#569,#570,#571,#572,#573,#574,#575,#576,#577,#578,#579,#580,
    #581,#582,#583,#584,#585,#586,#587,#588,#589,#590,#591,#592,#593,
    #594,#595,#596,#597,#598,#599,#600,#601,#602,#603,#604,#605,#606,
    #607,#608,#609,#610,#611,#612,#613,#614,#615,#616,#617,#618,#619,
    #620,#621,#622,#623,#624,#625,#626,#627),.UNSPECIFIED.,.F.,.F.,(4,1,
    1,1,1,1,1,1,1,1,1,1,1,1,1,1,1,1,1,1,1,1,1,1,1,1,1,1,1,1,1,1,1,1,1,1,
    1,1,1,1,1,1,1,1,1,1,1,1,1,1,1,1,1,1,1,1,1,1,1,1,1,1,1,1,1,1,1,1,1,1,
    1,1,1,1,1,1,1,1,1,1,1,1,1,1,1,1,1,1,1,1,1,1,1,1,1,1,1,1,1,1,1,1,1,1,
    1,1,1,1,1,1,1,1,1,1,1,1,1,1,1,1,1,1,1,1,1,1,1,1,1,1,1,1,1,1,1,1,1,1,
    1,1,1,1,1,1,1,1,1,1,1,1,1,1,1,1,4),(0.,1.298747230118E-02,
    2.597494460236E-02,3.896241690354E-02,5.194988920472E-02,
    6.49373615059E-02,7.792483380708E-02,9.091230610827E-02,
    0.103899778409,0.116887250711,0.129874723012,0.142862195313,
    0.155849667614,0.168837139915,0.181824612217,0.194812084518,
    0.207799556819,0.22078702912,0.233774501421,0.246761973722,
    0.259749446024,0.272736918325,0.285724390626,0.298711862927,
    0.311699335228,0.32468680753,0.337674279831,0.350661752132,
    0.363649224433,0.376636696734,0.389624169035,0.402611641337,
    0.415599113638,0.428586585939,0.44157405824,0.454561530541,
    0.467549002843,0.480536475144,0.493523947445,0.506511419746,
    0.519498892047,0.532486364348,0.54547383665,0.558461308951,
    0.571448781252,0.584436253553,0.597423725854,0.610411198155,
    0.623398670457,0.636386142758,0.649373615059,0.66236108736,
    0.675348559661,0.688336031963,0.701323504264,0.714310976565,
    0.727298448866,0.740285921167,0.753273393468,0.76626086577,
    0.779248338071,0.792235810372,0.805223282673,0.818210754974,
    0.831198227276,0.844185699577,0.857173171878,0.870160644179,
    0.88314811648,0.896135588781,0.909123061083,0.922110533384,
    0.935098005685,0.948085477986,0.961072950287,0.974060422589,
    0.98704789489,1.000035367191,1.013022839492,1.026010311793,
    1.038997784094,1.051985256396,1.064972728697,1.077960200998,
    1.090947673299,1.1039351456,1.116922617902,1.129910090203,
    1.142897562504,1.155885034805,1.168872507106,1.181859979407,
    1.194847451709,1.20783492401,1.220822396311,1.233809868612,
    1.246797340913,1.259784813215,1.272772285516,1.285759757817,
    1.298747230118,1.311734702419,1.32472217472,1.337709647022,
    1.350697119323,1.363684591624,1.376672063925,1.389659536226,
    1.402647008528,1.415634480829,1.42862195313,1.441609425431,
    1.454596897732,1.467584370033,1.480571842335,1.493559314636,
    1.506546786937,1.519534259238,1.532521731539,1.545509203841,
    1.558496676142,1.571484148443,1.584471620744,1.597459093045,
    1.610446565346,1.623434037648,1.636421509949,1.64940898225,
    1.662396454551,1.675383926852,1.688371399154,1.701358871455,
    1.714346343756,1.727333816057,1.740321288358,1.753308760659,
    1.766296232961,1.779283705262,1.792271177563,1.805258649864,
    1.818246122165,1.831233594466,1.844221066768,1.857208539069,
    1.87019601137,1.883183483671,1.896170955972,1.909158428274,
    1.922145900575,1.935133372876,1.948120845177,1.961108317478,
    1.974095789779,1.987083262081,2.000070734382),
  .QUASI_UNIFORM_KNOTS.);
#471 = CARTESIAN_POINT('',(37.150671662872,9.727626459144E-03));
#472 = CARTESIAN_POINT('',(37.128520914582,1.024268878406E-02));
#473 = CARTESIAN_POINT('',(37.084212489697,1.127275769915E-02));
#474 = CARTESIAN_POINT('',(37.017721739914,1.281760594629E-02));
#475 = CARTESIAN_POINT('',(36.951195378415,1.436212009942E-02));
#476 = CARTESIAN_POINT('',(36.884626506954,1.590618985525E-02));
#477 = CARTESIAN_POINT('',(36.818004180341,1.744980311312E-02));
#478 = CARTESIAN_POINT('',(36.751334357189,1.899261479198E-02));
#479 = CARTESIAN_POINT('',(36.684674943756,2.053314785999E-02));
#480 = CARTESIAN_POINT('',(36.618012744997,2.207154750045E-02));
#481 = CARTESIAN_POINT('',(36.551351294229,2.360756926014E-02));
#482 = CARTESIAN_POINT('',(36.484689642862,2.514106474996E-02));
#483 = CARTESIAN_POINT('',(36.418028041555,2.66718517596E-02));
#484 = CARTESIAN_POINT('',(36.351366431918,2.819974767878E-02));
#485 = CARTESIAN_POINT('',(36.284704831384,2.972456138724E-02));
#486 = CARTESIAN_POINT('',(36.218043229179,3.124609415256E-02));
#487 = CARTESIAN_POINT('',(36.151381637397,3.276413913034E-02));
#488 = CARTESIAN_POINT('',(36.084720003976,3.427848123576E-02));
#489 = CARTESIAN_POINT('',(36.018058512183,3.578889815705E-02));
#490 = CARTESIAN_POINT('',(35.951397121394,3.729514705548E-02));
#491 = CARTESIAN_POINT('',(35.884735434917,3.879700596025E-02));
#492 = CARTESIAN_POINT('',(35.818074196274,4.029425537576E-02));
#493 = CARTESIAN_POINT('',(35.751411976133,4.17867262903E-02));
#494 = CARTESIAN_POINT('',(35.684753630891,4.327410677239E-02));
#495 = CARTESIAN_POINT('',(35.617923991374,4.476006555153E-02));
#496 = CARTESIAN_POINT('',(35.550941034587,4.62439286465E-02));
#497 = CARTESIAN_POINT('',(35.48379022329,4.772573594741E-02));
#498 = CARTESIAN_POINT('',(35.416465194293,4.920532622212E-02));
#499 = CARTESIAN_POINT('',(35.348956792997,5.068258142493E-02));
#500 = CARTESIAN_POINT('',(35.281255947786,5.215736038652E-02));
#501 = CARTESIAN_POINT('',(35.213352838206,5.362951567548E-02));
#502 = CARTESIAN_POINT('',(35.145237047571,5.509888839053E-02));
#503 = CARTESIAN_POINT('',(35.076897483514,5.656530805797E-02));
#504 = CARTESIAN_POINT('',(35.008322241706,5.802859417633E-02));
#505 = CARTESIAN_POINT('',(34.939498928387,5.948854606669E-02));
#506 = CARTESIAN_POINT('',(34.870414178223,6.094494821828E-02));
#507 = CARTESIAN_POINT('',(34.801054254132,6.239758495451E-02));
#508 = CARTESIAN_POINT('',(34.731404930981,6.384622105119E-02));
#509 = CARTESIAN_POINT('',(34.66145101677,6.529060144567E-02));
#510 = CARTESIAN_POINT('',(34.591176251909,6.673044779497E-02));
#511 = CARTESIAN_POINT('',(34.520563192484,6.816545694402E-02));
#512 = CARTESIAN_POINT('',(34.449593064833,6.959530023453E-02));
#513 = CARTESIAN_POINT('',(34.378245789682,7.101961871957E-02));
#514 = CARTESIAN_POINT('',(34.306499163146,7.243803095582E-02));
#515 = CARTESIAN_POINT('',(34.23433120496,7.385008073487E-02));
#516 = CARTESIAN_POINT('',(34.161716091431,7.525531053914E-02));
#517 = CARTESIAN_POINT('',(34.088626233597,7.665321241754E-02));
#518 = CARTESIAN_POINT('',(34.015032263276,7.804321785246E-02));
#519 = CARTESIAN_POINT('',(33.940902624063,7.942469456935E-02));
#520 = CARTESIAN_POINT('',(33.866203354308,8.079693983851E-02));
#521 = CARTESIAN_POINT('',(33.790897442128,8.215918081417E-02));
#522 = CARTESIAN_POINT('',(33.714945641814,8.351055016067E-02));
#523 = CARTESIAN_POINT('',(33.638302281568,8.485015265071E-02));
#524 = CARTESIAN_POINT('',(33.560929989219,8.617678574921E-02));
#525 = CARTESIAN_POINT('',(33.482777348308,8.748930064162E-02));
#526 = CARTESIAN_POINT('',(33.403785355673,8.878645878625E-02));
#527 = CARTESIAN_POINT('',(33.323894548316,9.006678624492E-02));
#528 = CARTESIAN_POINT('',(33.243042289514,9.132859748692E-02));
#529 = CARTESIAN_POINT('',(33.161162440608,9.256997146932E-02));
#530 = CARTESIAN_POINT('',(33.078184476413,9.378873400722E-02));
#531 = CARTESIAN_POINT('',(32.994031586546,9.498244757215E-02));
#532 = CARTESIAN_POINT('',(32.908622536479,9.61483499481E-02));
#533 = CARTESIAN_POINT('',(32.821858652002,9.728347488602E-02));
#534 = CARTESIAN_POINT('',(32.733674360032,9.838396876159E-02));
#535 = CARTESIAN_POINT('',(32.643966296737,9.944598489316E-02));
#536 = CARTESIAN_POINT('',(32.552638886508,0.100465036971));
#537 = CARTESIAN_POINT('',(32.459609166659,0.101435990302));
#538 = CARTESIAN_POINT('',(32.364805786191,0.102353106045));
#539 = CARTESIAN_POINT('',(32.268171904934,0.103210073729));
#540 = CARTESIAN_POINT('',(32.169659968316,0.10400012075));
#541 = CARTESIAN_POINT('',(32.0692602002,0.10471596461));
#542 = CARTESIAN_POINT('',(31.966900750202,0.105350569921));
#543 = CARTESIAN_POINT('',(31.862728212176,0.105895628204));
#544 = CARTESIAN_POINT('',(31.756933279201,0.106343504284));
#545 = CARTESIAN_POINT('',(31.649731552913,0.106687625412));
#546 = CARTESIAN_POINT('',(31.541373996951,0.106922768669));
#547 = CARTESIAN_POINT('',(31.432150483924,0.107045369646));
#548 = CARTESIAN_POINT('',(31.322394568651,0.107053808476));
#549 = CARTESIAN_POINT('',(31.212491916495,0.10694864963));
#550 = CARTESIAN_POINT('',(31.102873171117,0.106732897192));
#551 = CARTESIAN_POINT('',(30.993822889156,0.106411342338));
#552 = CARTESIAN_POINT('',(30.885578480978,0.105990034241));
#553 = CARTESIAN_POINT('',(30.778326133611,0.105475867668));
#554 = CARTESIAN_POINT('',(30.672210069113,0.104876203545));
#555 = CARTESIAN_POINT('',(30.567336358474,0.104198554484));
#556 = CARTESIAN_POINT('',(30.463776842652,0.103450324031));
#557 = CARTESIAN_POINT('',(30.36157086744,0.102638587077));
#558 = CARTESIAN_POINT('',(30.260729592733,0.10176994744));
#559 = CARTESIAN_POINT('',(30.161227272152,0.100850315604));
#560 = CARTESIAN_POINT('',(30.063040282166,9.98851920566E-02));
#561 = CARTESIAN_POINT('',(29.966096117175,9.887912345975E-02));
#562 = CARTESIAN_POINT('',(29.870321112235,9.783613111353E-02));
#563 = CARTESIAN_POINT('',(29.775650959095,9.675986789179E-02));
#564 = CARTESIAN_POINT('',(29.682026035777,9.565361478548E-02));
#565 = CARTESIAN_POINT('',(29.589391025035,9.452031647317E-02));
#566 = CARTESIAN_POINT('',(29.497693606096,9.336260279263E-02));
#567 = CARTESIAN_POINT('',(29.406883550672,9.21828105076E-02));
#568 = CARTESIAN_POINT('',(29.316911891187,9.098300237127E-02));
#569 = CARTESIAN_POINT('',(29.227730090587,8.976498238732E-02));
#570 = CARTESIAN_POINT('',(29.139289760966,8.853031596451E-02));
#571 = CARTESIAN_POINT('',(29.051540745492,8.728032258227E-02));
#572 = CARTESIAN_POINT('',(28.964435691622,8.601616310334E-02));
#573 = CARTESIAN_POINT('',(28.877910722484,8.473856687511E-02));
#574 = CARTESIAN_POINT('',(28.791962676554,8.344900299029E-02));
#575 = CARTESIAN_POINT('',(28.706567507568,8.214851315977E-02));
#576 = CARTESIAN_POINT('',(28.621689788006,8.083784120201E-02));
#577 = CARTESIAN_POINT('',(28.537300984305,7.951772245462E-02));
#578 = CARTESIAN_POINT('',(28.453374073308,7.818881489948E-02));
#579 = CARTESIAN_POINT('',(28.369884616761,7.685172508326E-02));
#580 = CARTESIAN_POINT('',(28.28681007924,7.550700770506E-02));
#581 = CARTESIAN_POINT('',(28.204129678239,7.415517139735E-02));
#582 = CARTESIAN_POINT('',(28.121824149015,7.279668211709E-02));
#583 = CARTESIAN_POINT('',(28.039875565956,7.143196657693E-02));
#584 = CARTESIAN_POINT('',(27.95826717695,7.006141516584E-02));
#585 = CARTESIAN_POINT('',(27.876983257639,6.868538458804E-02));
#586 = CARTESIAN_POINT('',(27.796008980355,6.730420023252E-02));
#587 = CARTESIAN_POINT('',(27.715330294822,6.591815829434E-02));
#588 = CARTESIAN_POINT('',(27.634933824794,6.452752777183E-02));
#589 = CARTESIAN_POINT('',(27.554806758699,6.31325519646E-02));
#590 = CARTESIAN_POINT('',(27.474936813887,6.17334509139E-02));
#591 = CARTESIAN_POINT('',(27.395311978548,6.033041938106E-02));
#592 = CARTESIAN_POINT('',(27.315921140362,5.892364044836E-02));
#593 = CARTESIAN_POINT('',(27.236751470958,5.751323964066E-02));
#594 = CARTESIAN_POINT('',(27.157799522202,5.609948733149E-02));
#595 = CARTESIAN_POINT('',(27.079057815715,5.468256190162E-02));
#596 = CARTESIAN_POINT('',(27.000518021533,5.326260727229E-02));
#597 = CARTESIAN_POINT('',(26.922172672468,5.183976485885E-02));
#598 = CARTESIAN_POINT('',(26.844014658673,5.041416572131E-02));
#599 = CARTESIAN_POINT('',(26.766037303732,4.898593335334E-02));
#600 = CARTESIAN_POINT('',(26.688234304135,4.75551835721E-02));
#601 = CARTESIAN_POINT('',(26.610599707983,4.612202514788E-02));
#602 = CARTESIAN_POINT('',(26.533127885381,4.468656019891E-02));
#603 = CARTESIAN_POINT('',(26.45581350324,4.324888461194E-02));
#604 = CARTESIAN_POINT('',(26.378651501113,4.180908842036E-02));
#605 = CARTESIAN_POINT('',(26.301637068739,4.036725615287E-02));
#606 = CARTESIAN_POINT('',(26.224765625971,3.892346716788E-02));
#607 = CARTESIAN_POINT('',(26.148032801614,3.747779590046E-02));
#608 = CARTESIAN_POINT('',(26.071434424398,3.603031229941E-02));
#609 = CARTESIAN_POINT('',(25.994966476519,3.458108141651E-02));
#610 = CARTESIAN_POINT('',(25.91862519487,3.3130166023E-02));
#611 = CARTESIAN_POINT('',(25.842407327695,3.167763169536E-02));
#612 = CARTESIAN_POINT('',(25.766309416053,3.022353330103E-02));
#613 = CARTESIAN_POINT('',(25.690328252087,2.876792483801E-02));
#614 = CARTESIAN_POINT('',(25.614460753504,2.73108572019E-02));
#615 = CARTESIAN_POINT('',(25.538703985611,2.585237896341E-02));
#616 = CARTESIAN_POINT('',(25.463055141659,2.439253633019E-02));
#617 = CARTESIAN_POINT('',(25.387511554673,2.293137330509E-02));
#618 = CARTESIAN_POINT('',(25.31207067718,2.146893179601E-02));
#619 = CARTESIAN_POINT('',(25.236730069531,2.000525172815E-02));
#620 = CARTESIAN_POINT('',(25.161487394687,1.854037113987E-02));
#621 = CARTESIAN_POINT('',(25.086340412034,1.707432627327E-02));
#622 = CARTESIAN_POINT('',(25.011286972475,1.560715165146E-02));
#623 = CARTESIAN_POINT('',(24.936325013158,1.413888016421E-02));
#624 = CARTESIAN_POINT('',(24.861452556101,1.266954308281E-02));
#625 = CARTESIAN_POINT('',(24.786667695344,1.119917029908E-02));
#626 = CARTESIAN_POINT('',(24.736868318358,1.021824989196E-02));
#627 = CARTESIAN_POINT('',(24.711982623912,9.727626459144E-03));
#628 = ( GEOMETRIC_REPRESENTATION_CONTEXT(2) 
PARAMETRIC_REPRESENTATION_CONTEXT() REPRESENTATION_CONTEXT('2D SPACE',''
  ) );
#629 = PCURVE('',#630,#635);
#630 = CONICAL_SURFACE('',#631,6.5,0.698131700798);
#631 = AXIS2_PLACEMENT_3D('',#632,#633,#634);
#632 = CARTESIAN_POINT('',(393.4,20.478801107225,-14.33941090877));
#633 = DIRECTION('',(-0.,-0.819152044289,0.573576436351));
#634 = DIRECTION('',(0.,0.573576436351,0.819152044289));
#635 = DEFINITIONAL_REPRESENTATION('',(#636),#794);
#636 = B_SPLINE_CURVE_WITH_KNOTS('',3,(#637,#638,#639,#640,#641,#642,
    #643,#644,#645,#646,#647,#648,#649,#650,#651,#652,#653,#654,#655,
    #656,#657,#658,#659,#660,#661,#662,#663,#664,#665,#666,#667,#668,
    #669,#670,#671,#672,#673,#674,#675,#676,#677,#678,#679,#680,#681,
    #682,#683,#684,#685,#686,#687,#688,#689,#690,#691,#692,#693,#694,
    #695,#696,#697,#698,#699,#700,#701,#702,#703,#704,#705,#706,#707,
    #708,#709,#710,#711,#712,#713,#714,#715,#716,#717,#718,#719,#720,
    #721,#722,#723,#724,#725,#726,#727,#728,#729,#730,#731,#732,#733,
    #734,#735,#736,#737,#738,#739,#740,#741,#742,#743,#744,#745,#746,
    #747,#748,#749,#750,#751,#752,#753,#754,#755,#756,#757,#758,#759,
    #760,#761,#762,#763,#764,#765,#766,#767,#768,#769,#770,#771,#772,
    #773,#774,#775,#776,#777,#778,#779,#780,#781,#782,#783,#784,#785,
    #786,#787,#788,#789,#790,#791,#792,#793),.UNSPECIFIED.,.F.,.F.,(4,1,
    1,1,1,1,1,1,1,1,1,1,1,1,1,1,1,1,1,1,1,1,1,1,1,1,1,1,1,1,1,1,1,1,1,1,
    1,1,1,1,1,1,1,1,1,1,1,1,1,1,1,1,1,1,1,1,1,1,1,1,1,1,1,1,1,1,1,1,1,1,
    1,1,1,1,1,1,1,1,1,1,1,1,1,1,1,1,1,1,1,1,1,1,1,1,1,1,1,1,1,1,1,1,1,1,
    1,1,1,1,1,1,1,1,1,1,1,1,1,1,1,1,1,1,1,1,1,1,1,1,1,1,1,1,1,1,1,1,1,1,
    1,1,1,1,1,1,1,1,1,1,1,1,1,1,1,1,4),(0.,1.298747230118E-02,
    2.597494460236E-02,3.896241690354E-02,5.194988920472E-02,
    6.49373615059E-02,7.792483380708E-02,9.091230610827E-02,
    0.103899778409,0.116887250711,0.129874723012,0.142862195313,
    0.155849667614,0.168837139915,0.181824612217,0.194812084518,
    0.207799556819,0.22078702912,0.233774501421,0.246761973722,
    0.259749446024,0.272736918325,0.285724390626,0.298711862927,
    0.311699335228,0.32468680753,0.337674279831,0.350661752132,
    0.363649224433,0.376636696734,0.389624169035,0.402611641337,
    0.415599113638,0.428586585939,0.44157405824,0.454561530541,
    0.467549002843,0.480536475144,0.493523947445,0.506511419746,
    0.519498892047,0.532486364348,0.54547383665,0.558461308951,
    0.571448781252,0.584436253553,0.597423725854,0.610411198155,
    0.623398670457,0.636386142758,0.649373615059,0.66236108736,
    0.675348559661,0.688336031963,0.701323504264,0.714310976565,
    0.727298448866,0.740285921167,0.753273393468,0.76626086577,
    0.779248338071,0.792235810372,0.805223282673,0.818210754974,
    0.831198227276,0.844185699577,0.857173171878,0.870160644179,
    0.88314811648,0.896135588781,0.909123061083,0.922110533384,
    0.935098005685,0.948085477986,0.961072950287,0.974060422589,
    0.98704789489,1.000035367191,1.013022839492,1.026010311793,
    1.038997784094,1.051985256396,1.064972728697,1.077960200998,
    1.090947673299,1.1039351456,1.116922617902,1.129910090203,
    1.142897562504,1.155885034805,1.168872507106,1.181859979407,
    1.194847451709,1.20783492401,1.220822396311,1.233809868612,
    1.246797340913,1.259784813215,1.272772285516,1.285759757817,
    1.298747230118,1.311734702419,1.32472217472,1.337709647022,
    1.350697119323,1.363684591624,1.376672063925,1.389659536226,
    1.402647008528,1.415634480829,1.42862195313,1.441609425431,
    1.454596897732,1.467584370033,1.480571842335,1.493559314636,
    1.506546786937,1.519534259238,1.532521731539,1.545509203841,
    1.558496676142,1.571484148443,1.584471620744,1.597459093045,
    1.610446565346,1.623434037648,1.636421509949,1.64940898225,
    1.662396454551,1.675383926852,1.688371399154,1.701358871455,
    1.714346343756,1.727333816057,1.740321288358,1.753308760659,
    1.766296232961,1.779283705262,1.792271177563,1.805258649864,
    1.818246122165,1.831233594466,1.844221066768,1.857208539069,
    1.87019601137,1.883183483671,1.896170955972,1.909158428274,
    1.922145900575,1.935133372876,1.948120845177,1.961108317478,
    1.974095789779,1.987083262081,2.000070734382),
  .QUASI_UNIFORM_KNOTS.);
#637 = CARTESIAN_POINT('',(-4.943391797753,6.079060706763E-14));
#638 = CARTESIAN_POINT('',(-4.945141033578,-2.647420803475E-02));
#639 = CARTESIAN_POINT('',(-4.948658410067,-7.941975201659E-02));
#640 = CARTESIAN_POINT('',(-4.953995555166,-0.158824945653));
#641 = CARTESIAN_POINT('',(-4.959398080576,-0.238212964542));
#642 = CARTESIAN_POINT('',(-4.964870516906,-0.317578168459));
#643 = CARTESIAN_POINT('',(-4.970417686016,-0.396919878509));
#644 = CARTESIAN_POINT('',(-4.976042891124,-0.476220401601));
#645 = CARTESIAN_POINT('',(-4.981744515053,-0.555403801895));
#646 = CARTESIAN_POINT('',(-4.987527131649,-0.634477541374));
#647 = CARTESIAN_POINT('',(-4.993394014355,-0.71342905783));
#648 = CARTESIAN_POINT('',(-4.999348950482,-0.792250727606));
#649 = CARTESIAN_POINT('',(-5.00539576202,-0.870933180513));
#650 = CARTESIAN_POINT('',(-5.011538439536,-0.949467033534));
#651 = CARTESIAN_POINT('',(-5.017781114857,-1.027842456415));
#652 = CARTESIAN_POINT('',(-5.024128077171,-1.106049237373));
#653 = CARTESIAN_POINT('',(-5.030583768094,-1.184076748613));
#654 = CARTESIAN_POINT('',(-5.03715281983,-1.261913937817));
#655 = CARTESIAN_POINT('',(-5.043839944115,-1.33954935876));
#656 = CARTESIAN_POINT('',(-5.050650226553,-1.416970562185));
#657 = CARTESIAN_POINT('',(-5.0575887273,-1.494166107279));
#658 = CARTESIAN_POINT('',(-5.064660389995,-1.571124724111));
#659 = CARTESIAN_POINT('',(-5.071870506002,-1.647837731666));
#660 = CARTESIAN_POINT('',(-5.079223721243,-1.724289086576));
#661 = CARTESIAN_POINT('',(-5.086745459303,-1.800667356592));
#662 = CARTESIAN_POINT('',(-5.094440674836,-1.876937921158));
#663 = CARTESIAN_POINT('',(-5.102318185303,-1.953102826022));
#664 = CARTESIAN_POINT('',(-5.110386344917,-2.02915377606));
#665 = CARTESIAN_POINT('',(-5.118654246213,-2.10508469617));
#666 = CARTESIAN_POINT('',(-5.127131443888,-2.18088832823));
#667 = CARTESIAN_POINT('',(-5.135828077934,-2.256557098855));
#668 = CARTESIAN_POINT('',(-5.144754894508,-2.332082849305));
#669 = CARTESIAN_POINT('',(-5.153923294993,-2.407456825549));
#670 = CARTESIAN_POINT('',(-5.16334539425,-2.4826697429));
#671 = CARTESIAN_POINT('',(-5.173034034892,-2.557711267285));
#672 = CARTESIAN_POINT('',(-5.183002871585,-2.632570338677));
#673 = CARTESIAN_POINT('',(-5.193266177747,-2.707235866601));
#674 = CARTESIAN_POINT('',(-5.203839016079,-2.781695762011));
#675 = CARTESIAN_POINT('',(-5.214737414829,-2.855936914046));
#676 = CARTESIAN_POINT('',(-5.225978476318,-2.929945016767));
#677 = CARTESIAN_POINT('',(-5.237580458563,-3.003704487427));
#678 = CARTESIAN_POINT('',(-5.249562860378,-3.077198431752));
#679 = CARTESIAN_POINT('',(-5.261946481361,-3.150408401472));
#680 = CARTESIAN_POINT('',(-5.274753687723,-3.223314791285));
#681 = CARTESIAN_POINT('',(-5.288008071578,-3.295894150015));
#682 = CARTESIAN_POINT('',(-5.301735265598,-3.368122961955));
#683 = CARTESIAN_POINT('',(-5.315962686014,-3.43997511816));
#684 = CARTESIAN_POINT('',(-5.330719650089,-3.511421397262));
#685 = CARTESIAN_POINT('',(-5.346037573,-3.582429300595));
#686 = CARTESIAN_POINT('',(-5.361950116741,-3.652962708538));
#687 = CARTESIAN_POINT('',(-5.378493424796,-3.722981893978));
#688 = CARTESIAN_POINT('',(-5.395706029691,-3.792442277335));
#689 = CARTESIAN_POINT('',(-5.41362994482,-3.861297843496));
#690 = CARTESIAN_POINT('',(-5.432307213303,-3.929486800899));
#691 = CARTESIAN_POINT('',(-5.451785361319,-3.996950060019));
#692 = CARTESIAN_POINT('',(-5.472116122361,-4.06362397434));
#693 = CARTESIAN_POINT('',(-5.493353723683,-4.129432803892));
#694 = CARTESIAN_POINT('',(-5.515555458353,-4.194289912578));
#695 = CARTESIAN_POINT('',(-5.538781654606,-4.25809654368));
#696 = CARTESIAN_POINT('',(-5.563095693701,-4.320740931895));
#697 = CARTESIAN_POINT('',(-5.588564302996,-4.382097793518));
#698 = CARTESIAN_POINT('',(-5.615256488975,-4.442025179746));
#699 = CARTESIAN_POINT('',(-5.643247321148,-4.500370611869));
#700 = CARTESIAN_POINT('',(-5.67260038314,-4.556935996228));
#701 = CARTESIAN_POINT('',(-5.703389307628,-4.611523620292));
#702 = CARTESIAN_POINT('',(-5.735681783331,-4.66390290119));
#703 = CARTESIAN_POINT('',(-5.76953499538,-4.71380990378));
#704 = CARTESIAN_POINT('',(-5.804992903846,-4.760949648711));
#705 = CARTESIAN_POINT('',(-5.842081579324,-4.804997788183));
#706 = CARTESIAN_POINT('',(-5.88080770284,-4.845606210748));
#707 = CARTESIAN_POINT('',(-5.921142999238,-4.882400579974));
#708 = CARTESIAN_POINT('',(-5.963061682422,-4.915019291794));
#709 = CARTESIAN_POINT('',(-6.006422212028,-4.943035292005));
#710 = CARTESIAN_POINT('',(-6.051032957281,-4.966056119886));
#711 = CARTESIAN_POINT('',(-6.096662073661,-4.983743944638));
#712 = CARTESIAN_POINT('',(-6.143036972524,-4.995830310528));
#713 = CARTESIAN_POINT('',(-6.189849300708,-5.002132000854));
#714 = CARTESIAN_POINT('',(-6.236761803162,-5.002565753053));
#715 = CARTESIAN_POINT('',(-6.283415492797,-4.997160594915));
#716 = CARTESIAN_POINT('',(-6.329445251285,-4.986070902651));
#717 = CARTESIAN_POINT('',(-6.374570138822,-4.969542999054));
#718 = CARTESIAN_POINT('',(-6.41855635196,-4.947887767553));
#719 = CARTESIAN_POINT('',(-6.461221549214,-4.921459595387));
#720 = CARTESIAN_POINT('',(-6.502430886297,-4.89063685553));
#721 = CARTESIAN_POINT('',(-6.542093449727,-4.855805702278));
#722 = CARTESIAN_POINT('',(-6.580157287045,-4.817346662485));
#723 = CARTESIAN_POINT('',(-6.616604442019,-4.775623373135));
#724 = CARTESIAN_POINT('',(-6.651444843251,-4.73097528976));
#725 = CARTESIAN_POINT('',(-6.6847144464,-4.683706225283));
#726 = CARTESIAN_POINT('',(-6.716458146253,-4.63409886654));
#727 = CARTESIAN_POINT('',(-6.746742974762,-4.582386943744));
#728 = CARTESIAN_POINT('',(-6.77563914082,-4.528777140766));
#729 = CARTESIAN_POINT('',(-6.803215517253,-4.473457212515));
#730 = CARTESIAN_POINT('',(-6.82954002079,-4.416595800975));
#731 = CARTESIAN_POINT('',(-6.854678883098,-4.358344264964));
#732 = CARTESIAN_POINT('',(-6.87869638538,-4.298837780903));
#733 = CARTESIAN_POINT('',(-6.901654606276,-4.238196459309));
#734 = CARTESIAN_POINT('',(-6.923613269117,-4.176526323924));
#735 = CARTESIAN_POINT('',(-6.944629671503,-4.113920097507));
#736 = CARTESIAN_POINT('',(-6.964758574103,-4.050458240691));
#737 = CARTESIAN_POINT('',(-6.9840524693,-3.986208576957));
#738 = CARTESIAN_POINT('',(-7.00256059578,-3.92123078106));
#739 = CARTESIAN_POINT('',(-7.020332751926,-3.855562338506));
#740 = CARTESIAN_POINT('',(-7.037403850217,-3.789278750394));
#741 = CARTESIAN_POINT('',(-7.053811478352,-3.722433574385));
#742 = CARTESIAN_POINT('',(-7.06959328392,-3.655065038733));
#743 = CARTESIAN_POINT('',(-7.084783546067,-3.587210936958));
#744 = CARTESIAN_POINT('',(-7.099414382669,-3.518905087491));
#745 = CARTESIAN_POINT('',(-7.113515683655,-3.450178668557));
#746 = CARTESIAN_POINT('',(-7.127115358296,-3.381060193656));
#747 = CARTESIAN_POINT('',(-7.140239474987,-3.311575807553));
#748 = CARTESIAN_POINT('',(-7.152912409899,-3.241749460238));
#749 = CARTESIAN_POINT('',(-7.165156976219,-3.171603083582));
#750 = CARTESIAN_POINT('',(-7.176994543955,-3.101156742188));
#751 = CARTESIAN_POINT('',(-7.188445149539,-3.030428769842));
#752 = CARTESIAN_POINT('',(-7.199527596825,-2.959435891831));
#753 = CARTESIAN_POINT('',(-7.210259550247,-2.888193333936));
#754 = CARTESIAN_POINT('',(-7.220657620007,-2.816714924402));
#755 = CARTESIAN_POINT('',(-7.230737441801,-2.745013169828));
#756 = CARTESIAN_POINT('',(-7.240513742463,-2.673099379324));
#757 = CARTESIAN_POINT('',(-7.250000423415,-2.600983560941));
#758 = CARTESIAN_POINT('',(-7.259210541782,-2.528675120551));
#759 = CARTESIAN_POINT('',(-7.268156635629,-2.456180517557));
#760 = CARTESIAN_POINT('',(-7.276849557429,-2.383513645682));
#761 = CARTESIAN_POINT('',(-7.28530006651,-2.310683677336));
#762 = CARTESIAN_POINT('',(-7.293518464856,-2.237698011019));
#763 = CARTESIAN_POINT('',(-7.301514452824,-2.164563913753));
#764 = CARTESIAN_POINT('',(-7.309297214046,-2.091288120439));
#765 = CARTESIAN_POINT('',(-7.316875435775,-2.017876977475));
#766 = CARTESIAN_POINT('',(-7.324257343636,-1.944336437697));
#767 = CARTESIAN_POINT('',(-7.331450729838,-1.870672092584));
#768 = CARTESIAN_POINT('',(-7.338462980666,-1.79688919216));
#769 = CARTESIAN_POINT('',(-7.345301101884,-1.722992666099));
#770 = CARTESIAN_POINT('',(-7.351971742599,-1.648987142668));
#771 = CARTESIAN_POINT('',(-7.358481217606,-1.574876966343));
#772 = CARTESIAN_POINT('',(-7.364835528328,-1.500666214988));
#773 = CARTESIAN_POINT('',(-7.371040382626,-1.426358712987));
#774 = CARTESIAN_POINT('',(-7.377101212874,-1.351958054522));
#775 = CARTESIAN_POINT('',(-7.38302319509,-1.277467584448));
#776 = CARTESIAN_POINT('',(-7.388811259117,-1.202890533347));
#777 = CARTESIAN_POINT('',(-7.394470070668,-1.128230267891));
#778 = CARTESIAN_POINT('',(-7.40000410376,-1.053489610604));
#779 = CARTESIAN_POINT('',(-7.405417623214,-0.978671336383));
#780 = CARTESIAN_POINT('',(-7.410714703624,-0.903778060825));
#781 = CARTESIAN_POINT('',(-7.415899238191,-0.828812279912));
#782 = CARTESIAN_POINT('',(-7.420974949264,-0.753776368313));
#783 = CARTESIAN_POINT('',(-7.425945397482,-0.678672588039));
#784 = CARTESIAN_POINT('',(-7.430813990416,-0.603503093628));
#785 = CARTESIAN_POINT('',(-7.435583990545,-0.528269937646));
#786 = CARTESIAN_POINT('',(-7.440258522625,-0.452975075521));
#787 = CARTESIAN_POINT('',(-7.444840580596,-0.377620370092));
#788 = CARTESIAN_POINT('',(-7.449333033675,-0.302207595553));
#789 = CARTESIAN_POINT('',(-7.453738633122,-0.226738441918));
#790 = CARTESIAN_POINT('',(-7.458060014255,-0.15121451603));
#791 = CARTESIAN_POINT('',(-7.462299714168,-7.563735402896E-02));
#792 = CARTESIAN_POINT('',(-7.465073323998,-2.521804457122E-02));
#793 = CARTESIAN_POINT('',(-7.466447320776,9.184192434678E-15));
#794 = ( GEOMETRIC_REPRESENTATION_CONTEXT(2) 
PARAMETRIC_REPRESENTATION_CONTEXT() REPRESENTATION_CONTEXT('2D SPACE',''
  ) );
#795 = ORIENTED_EDGE('',*,*,#796,.F.);
#796 = EDGE_CURVE('',#797,#357,#799,.T.);
#797 = VERTEX_POINT('',#798);
#798 = CARTESIAN_POINT('',(387.07725723091,20.933961497553,
    -12.81765110677));
#799 = SURFACE_CURVE('',#800,(#807,#817),.PCURVE_S1.);
#800 = B_SPLINE_CURVE_WITH_KNOTS('',5,(#801,#802,#803,#804,#805,#806),
  .UNSPECIFIED.,.F.,.F.,(6,6),(0.,1.),.PIECEWISE_BEZIER_KNOTS.);
#801 = CARTESIAN_POINT('',(387.07725723091,20.933961497553,
    -12.81765110677));
#802 = CARTESIAN_POINT('',(387.07626162057,21.02041062589,
    -12.88328071169));
#803 = CARTESIAN_POINT('',(387.07545053546,21.090728174862,
    -12.93668863375));
#804 = CARTESIAN_POINT('',(387.07444731225,21.177692739891,
    -13.00274267197));
#805 = CARTESIAN_POINT('',(387.07333041925,21.274257987221,
    -13.07614735641));
#806 = CARTESIAN_POINT('',(387.07265763778,21.332397934,-13.12034934812)
  );
#807 = PCURVE('',#31,#808);
#808 = DEFINITIONAL_REPRESENTATION('',(#809),#816);
#809 = B_SPLINE_CURVE_WITH_KNOTS('',5,(#810,#811,#812,#813,#814,#815),
  .UNSPECIFIED.,.F.,.F.,(6,6),(0.,1.),.PIECEWISE_BEZIER_KNOTS.);
#810 = CARTESIAN_POINT('',(37.08772502014,0.));
#811 = CARTESIAN_POINT('',(37.101346253027,2.110089009976E-03));
#812 = CARTESIAN_POINT('',(37.112445064049,3.826709430268E-03));
#813 = CARTESIAN_POINT('',(37.126173255562,5.949749139812E-03));
#814 = CARTESIAN_POINT('',(37.141461827941,8.307819510793E-03));
#815 = CARTESIAN_POINT('',(37.150671738592,9.727638132296E-03));
#816 = ( GEOMETRIC_REPRESENTATION_CONTEXT(2) 
PARAMETRIC_REPRESENTATION_CONTEXT() REPRESENTATION_CONTEXT('2D SPACE',''
  ) );
#817 = PCURVE('',#340,#818);
#818 = DEFINITIONAL_REPRESENTATION('',(#819),#826);
#819 = B_SPLINE_CURVE_WITH_KNOTS('',5,(#820,#821,#822,#823,#824,#825),
  .UNSPECIFIED.,.F.,.F.,(6,6),(0.,1.),.PIECEWISE_BEZIER_KNOTS.);
#820 = CARTESIAN_POINT('',(4.946462463745,2.));
#821 = CARTESIAN_POINT('',(4.945802079126,2.108458575113));
#822 = CARTESIAN_POINT('',(4.945261822221,2.196692864716));
#823 = CARTESIAN_POINT('',(4.944593379285,2.305817105786));
#824 = CARTESIAN_POINT('',(4.943843871421,2.427021922855));
#825 = CARTESIAN_POINT('',(4.943391794036,2.5000006));
#826 = ( GEOMETRIC_REPRESENTATION_CONTEXT(2) 
PARAMETRIC_REPRESENTATION_CONTEXT() REPRESENTATION_CONTEXT('2D SPACE',''
  ) );
#827 = ORIENTED_EDGE('',*,*,#828,.T.);
#828 = EDGE_CURVE('',#797,#829,#831,.T.);
#829 = VERTEX_POINT('',#830);
#830 = CARTESIAN_POINT('',(384.8,20.06922508508,-14.0526226906));
#831 = SURFACE_CURVE('',#832,(#875,#882),.PCURVE_S1.);
#832 = B_SPLINE_CURVE_WITH_KNOTS('',3,(#833,#834,#835,#836,#837,#838,
    #839,#840,#841,#842,#843,#844,#845,#846,#847,#848,#849,#850,#851,
    #852,#853,#854,#855,#856,#857,#858,#859,#860,#861,#862,#863,#864,
    #865,#866,#867,#868,#869,#870,#871,#872,#873,#874),.UNSPECIFIED.,.F.
  ,.F.,(4,1,1,1,1,1,1,1,1,1,1,1,1,1,1,1,1,1,1,1,1,1,1,1,1,1,1,1,1,1,1,1,
    1,1,1,1,1,1,1,4),(0.,6.471659932091E-02,0.258447739684,
    0.579940103744,1.027113670006,1.597074935639,2.286135350067,
    3.089834876756,4.002970571337,5.019630030994,6.133229532896,
    7.336556638946,8.621817001337,9.980685060226,11.404358283509,
    12.883614561455,14.408872337986,15.970253037273,17.557645329806,
    19.160770776187,20.769250388904,22.372671661077,23.960655624633,
    25.522923519642,27.049362675327,28.530091223218,29.955521276763,
    31.316420224169,32.603969776216,33.809822349308,34.926154214478,
    35.945714560441,36.861868536287,37.668629741697,38.360669529402,
    38.933270055768,39.382200700485,39.704113993418,39.897936100638,
    39.962767324218),.UNSPECIFIED.);
#833 = CARTESIAN_POINT('',(424.,20.327334481438,-13.68400427067));
#834 = CARTESIAN_POINT('',(423.97860805426,20.328930679705,
    -13.68172466329));
#835 = CARTESIAN_POINT('',(423.89317710297,20.335298293463,
    -13.6726307684));
#836 = CARTESIAN_POINT('',(423.70146168442,20.349525592704,
    -13.65231207934));
#837 = CARTESIAN_POINT('',(423.38326932505,20.372934959217,
    -13.61888003922));
#838 = CARTESIAN_POINT('',(422.94059487123,20.405086400331,
    -13.57296302268));
#839 = CARTESIAN_POINT('',(422.376220265,20.445390838572,-13.51540231954
    ));
#840 = CARTESIAN_POINT('',(421.69370258097,20.493133672015,
    -13.44721848712));
#841 = CARTESIAN_POINT('',(420.89735728769,20.547500687224,
    -13.36957434272));
#842 = CARTESIAN_POINT('',(419.99223608075,20.607603703535,
    -13.28373833978));
#843 = CARTESIAN_POINT('',(418.98409881034,20.672503421694,
    -13.19105193665));
#844 = CARTESIAN_POINT('',(417.87937928754,20.741227338744,
    -13.0929040115));
#845 = CARTESIAN_POINT('',(416.68514506432,20.81278125038,
    -12.99071443522));
#846 = CARTESIAN_POINT('',(415.40905159687,20.886153719246,
    -12.88592769006));
#847 = CARTESIAN_POINT('',(414.0592914863,20.960313848831,
    -12.78001604881));
#848 = CARTESIAN_POINT('',(412.64453971922,21.034203653689,
    -12.67449047129));
#849 = CARTESIAN_POINT('',(411.17389599038,21.10672714318,
    -12.57091619433));
#850 = CARTESIAN_POINT('',(409.65682527194,21.176738833678,
    -12.4709291381));
#851 = CARTESIAN_POINT('',(408.10309779378,21.24303469962,-12.3762488293
    ));
#852 = CARTESIAN_POINT('',(406.52272950801,21.304348520479,
    -12.28868361825));
#853 = CARTESIAN_POINT('',(404.92592392113,21.359356175498,
    -12.21012454538));
#854 = CARTESIAN_POINT('',(403.32301588972,21.406689716691,
    -12.14252524287));
#855 = CARTESIAN_POINT('',(401.72441760409,21.444962071959,
    -12.08786665498));
#856 = CARTESIAN_POINT('',(400.14056657095,21.472802073312,
    -12.04810701254));
#857 = CARTESIAN_POINT('',(398.58187502645,21.488898287579,
    -12.02511923622));
#858 = CARTESIAN_POINT('',(397.05867996613,21.492048904709,
    -12.02061968865));
#859 = CARTESIAN_POINT('',(395.58119301755,21.481213858162,
    -12.03609373878));
#860 = CARTESIAN_POINT('',(394.15944983101,21.455564477374,
    -12.07272485082));
#861 = CARTESIAN_POINT('',(392.80325980677,21.414525403586,
    -12.13133472225));
#862 = CARTESIAN_POINT('',(391.52215870522,21.357803524973,
    -12.21234196013));
#863 = CARTESIAN_POINT('',(390.32537059539,21.285398623528,
    -12.31574687581));
#864 = CARTESIAN_POINT('',(389.22178837425,21.197593002306,
    -12.44114629874));
#865 = CARTESIAN_POINT('',(388.21999949173,21.09491489279,
    -12.58778583618));
#866 = CARTESIAN_POINT('',(387.3283734904,20.978093304146,
    -12.75462435515));
#867 = CARTESIAN_POINT('',(386.55535152904,20.847981277569,
    -12.94044358656));
#868 = CARTESIAN_POINT('',(385.90986830907,20.705663292571,
    -13.14369473315));
#869 = CARTESIAN_POINT('',(385.40274223151,20.552626528914,
    -13.36225388213));
#870 = CARTESIAN_POINT('',(385.04684541294,20.393258372425,
    -13.58985519716));
#871 = CARTESIAN_POINT('',(384.85589814706,20.240057689733,
    -13.80864844678));
#872 = CARTESIAN_POINT('',(384.80456630068,20.13104446139,
    -13.96433547154));
#873 = CARTESIAN_POINT('',(384.79991767474,20.081650707116,
    -14.03487706325));
#874 = CARTESIAN_POINT('',(384.8,20.06922508508,-14.0526226906));
#875 = PCURVE('',#31,#876);
#876 = DEFINITIONAL_REPRESENTATION('',(#877),#881);
#877 = LINE('',#878,#879);
#878 = CARTESIAN_POINT('',(0.,0.));
#879 = VECTOR('',#880,1.);
#880 = DIRECTION('',(1.,0.));
#881 = ( GEOMETRIC_REPRESENTATION_CONTEXT(2) 
PARAMETRIC_REPRESENTATION_CONTEXT() REPRESENTATION_CONTEXT('2D SPACE',''
  ) );
#882 = PCURVE('',#883,#888);
#883 = PLANE('',#884);
#884 = AXIS2_PLACEMENT_3D('',#885,#886,#887);
#885 = CARTESIAN_POINT('',(424.,20.327334481438,-13.68400427067));
#886 = DIRECTION('',(-3.10188653934E-17,-0.819152044289,0.573576436351)
  );
#887 = DIRECTION('',(-0.999934115997,-6.583989568311E-03,
    -9.402911578394E-03));
#888 = DEFINITIONAL_REPRESENTATION('',(#889),#932);
#889 = B_SPLINE_CURVE_WITH_KNOTS('',3,(#890,#891,#892,#893,#894,#895,
    #896,#897,#898,#899,#900,#901,#902,#903,#904,#905,#906,#907,#908,
    #909,#910,#911,#912,#913,#914,#915,#916,#917,#918,#919,#920,#921,
    #922,#923,#924,#925,#926,#927,#928,#929,#930,#931),.UNSPECIFIED.,.F.
  ,.F.,(4,1,1,1,1,1,1,1,1,1,1,1,1,1,1,1,1,1,1,1,1,1,1,1,1,1,1,1,1,1,1,1,
    1,1,1,1,1,1,1,4),(0.,6.471659932091E-02,0.258447739684,
    0.579940103744,1.027113670006,1.597074935639,2.286135350067,
    3.089834876756,4.002970571337,5.019630030994,6.133229532896,
    7.336556638946,8.621817001337,9.980685060226,11.404358283509,
    12.883614561455,14.408872337986,15.970253037273,17.557645329806,
    19.160770776187,20.769250388904,22.372671661077,23.960655624633,
    25.522923519642,27.049362675327,28.530091223218,29.955521276763,
    31.316420224169,32.603969776216,33.809822349308,34.926154214478,
    35.945714560441,36.861868536287,37.668629741697,38.360669529402,
    38.933270055768,39.382200700485,39.704113993418,39.897936100638,
    39.962767324218),.UNSPECIFIED.);
#890 = CARTESIAN_POINT('',(0.,0.));
#891 = CARTESIAN_POINT('',(2.135859205072E-02,-3.028258031705E-03));
#892 = CARTESIAN_POINT('',(0.106656481412,-1.510977025392E-02));
#893 = CARTESIAN_POINT('',(0.298074541759,-4.21133450597E-02));
#894 = CARTESIAN_POINT('',(0.615777451795,-8.657611892735E-02));
#895 = CARTESIAN_POINT('',(1.057779302054,-0.147708140071));
#896 = CARTESIAN_POINT('',(1.621310122829,-0.224450517466));
#897 = CARTESIAN_POINT('',(2.302827374992,-0.315516631683));
#898 = CARTESIAN_POINT('',(3.098032168971,-0.419437501892));
#899 = CARTESIAN_POINT('',(4.001890916926,-0.534606746794));
#900 = CARTESIAN_POINT('',(5.008662946101,-0.659320739635));
#901 = CARTESIAN_POINT('',(6.111934331736,-0.791810232301));
#902 = CARTESIAN_POINT('',(7.304657884265,-0.930260869414));
#903 = CARTESIAN_POINT('',(8.5791988935,-1.072821504213));
#904 = CARTESIAN_POINT('',(9.927385929159,-1.217600900374));
#905 = CARTESIAN_POINT('',(11.340565749352,-1.36265505934));
#906 = CARTESIAN_POINT('',(12.80966119263,-1.505968851738));
#907 = CARTESIAN_POINT('',(14.32523083469,-1.645436672522));
#908 = CARTESIAN_POINT('',(15.877529185198,-1.778847354629));
#909 = CARTESIAN_POINT('',(17.456566292489,-1.90387848391));
#910 = CARTESIAN_POINT('',(19.052165821581,-2.018104554002));
#911 = CARTESIAN_POINT('',(20.654020973187,-2.119022145378));
#912 = CARTESIAN_POINT('',(22.251748002109,-2.204093611145));
#913 = CARTESIAN_POINT('',(23.834937530127,-2.270808739935));
#914 = CARTESIAN_POINT('',(25.393204252448,-2.316761748082));
#915 = CARTESIAN_POINT('',(26.916235906106,-2.339738825081));
#916 = CARTESIAN_POINT('',(28.393842350889,-2.337809572126));
#917 = CARTESIAN_POINT('',(29.816005181665,-2.309414143788));
#918 = CARTESIAN_POINT('',(31.172927158949,-2.253436898276));
#919 = CARTESIAN_POINT('',(32.455079016576,-2.169257384963));
#920 = CARTESIAN_POINT('',(33.653237297611,-2.056769342218));
#921 = CARTESIAN_POINT('',(34.758504041321,-1.916362837871));
#922 = CARTESIAN_POINT('',(35.762281792182,-1.748860180806));
#923 = CARTESIAN_POINT('',(36.656186969583,-1.555436203375));
#924 = CARTESIAN_POINT('',(37.431761899191,-1.337481144863));
#925 = CARTESIAN_POINT('',(38.080050764834,-1.096783053061));
#926 = CARTESIAN_POINT('',(38.590206115708,-0.835810393287));
#927 = CARTESIAN_POINT('',(38.949268879686,-0.562064078438));
#928 = CARTESIAN_POINT('',(39.143269530473,-0.297176288802));
#929 = CARTESIAN_POINT('',(39.196779648196,-0.107719276822));
#930 = CARTESIAN_POINT('',(39.202416472171,-2.166292864676E-02));
#931 = CARTESIAN_POINT('',(39.202582823074,-8.881784197001E-16));
#932 = ( GEOMETRIC_REPRESENTATION_CONTEXT(2) 
PARAMETRIC_REPRESENTATION_CONTEXT() REPRESENTATION_CONTEXT('2D SPACE',''
  ) );
#933 = ORIENTED_EDGE('',*,*,#934,.T.);
#934 = EDGE_CURVE('',#829,#935,#937,.T.);
#935 = VERTEX_POINT('',#936);
#936 = CARTESIAN_POINT('',(390.9,62.173640161534,-43.53445151904));
#937 = SURFACE_CURVE('',#938,(#941,#948),.PCURVE_S1.);
#938 = B_SPLINE_CURVE_WITH_KNOTS('',1,(#939,#940),.UNSPECIFIED.,.F.,.F.,
  (2,2),(0.,1.),.PIECEWISE_BEZIER_KNOTS.);
#939 = CARTESIAN_POINT('',(384.8,20.06922508508,-14.0526226906));
#940 = CARTESIAN_POINT('',(390.9,62.173640161534,-43.53445151904));
#941 = PCURVE('',#31,#942);
#942 = DEFINITIONAL_REPRESENTATION('',(#943),#947);
#943 = LINE('',#944,#945);
#944 = CARTESIAN_POINT('',(39.962767324218,0.));
#945 = VECTOR('',#946,1.);
#946 = DIRECTION('',(0.,1.));
#947 = ( GEOMETRIC_REPRESENTATION_CONTEXT(2) 
PARAMETRIC_REPRESENTATION_CONTEXT() REPRESENTATION_CONTEXT('2D SPACE',''
  ) );
#948 = PCURVE('',#949,#1110);
#949 = B_SPLINE_SURFACE_WITH_KNOTS('',3,1,(
    (#950,#951)
    ,(#952,#953)
    ,(#954,#955)
    ,(#956,#957)
    ,(#958,#959)
    ,(#960,#961)
    ,(#962,#963)
    ,(#964,#965)
    ,(#966,#967)
    ,(#968,#969)
    ,(#970,#971)
    ,(#972,#973)
    ,(#974,#975)
    ,(#976,#977)
    ,(#978,#979)
    ,(#980,#981)
    ,(#982,#983)
    ,(#984,#985)
    ,(#986,#987)
    ,(#988,#989)
    ,(#990,#991)
    ,(#992,#993)
    ,(#994,#995)
    ,(#996,#997)
    ,(#998,#999)
    ,(#1000,#1001)
    ,(#1002,#1003)
    ,(#1004,#1005)
    ,(#1006,#1007)
    ,(#1008,#1009)
    ,(#1010,#1011)
    ,(#1012,#1013)
    ,(#1014,#1015)
    ,(#1016,#1017)
    ,(#1018,#1019)
    ,(#1020,#1021)
    ,(#1022,#1023)
    ,(#1024,#1025)
    ,(#1026,#1027)
    ,(#1028,#1029)
    ,(#1030,#1031)
    ,(#1032,#1033)
    ,(#1034,#1035)
    ,(#1036,#1037)
    ,(#1038,#1039)
    ,(#1040,#1041)
    ,(#1042,#1043)
    ,(#1044,#1045)
    ,(#1046,#1047)
    ,(#1048,#1049)
    ,(#1050,#1051)
    ,(#1052,#1053)
    ,(#1054,#1055)
    ,(#1056,#1057)
    ,(#1058,#1059)
    ,(#1060,#1061)
    ,(#1062,#1063)
    ,(#1064,#1065)
    ,(#1066,#1067)
    ,(#1068,#1069)
    ,(#1070,#1071)
    ,(#1072,#1073)
    ,(#1074,#1075)
    ,(#1076,#1077)
    ,(#1078,#1079)
    ,(#1080,#1081)
    ,(#1082,#1083)
    ,(#1084,#1085)
    ,(#1086,#1087)
    ,(#1088,#1089)
    ,(#1090,#1091)
    ,(#1092,#1093)
    ,(#1094,#1095)
    ,(#1096,#1097)
    ,(#1098,#1099)
    ,(#1100,#1101)
    ,(#1102,#1103)
    ,(#1104,#1105)
    ,(#1106,#1107)
    ,(#1108,#1109
    )),.UNSPECIFIED.,.F.,.F.,.F.,(4,1,1,1,1,1,1,1,1,1,1,1,1,1,1,1,1,1,1,
    1,1,1,1,1,1,1,1,1,1,1,1,1,1,1,1,1,1,1,1,1,1,1,1,1,1,1,1,1,1,1,1,1,1,
    1,1,1,1,1,1,1,1,1,1,1,1,1,1,1,1,1,1,1,1,1,1,1,1,4),(2,2),(0.,
    6.483122358056E-02,6.483825318213E-02,0.2586533308,0.258760545878,
    0.580566623733,0.580987140561,1.029497268451,1.030383955584,
    1.602097794816,1.603493747465,2.294137582521,2.296033122517,
    3.100898787931,3.103262625074,4.017052763777,4.019842952831,
    5.03661310974,5.039781180011,6.15294497491,6.15643799789,
    7.358797548002,7.362559619079,8.646347100049,8.650320675949,
    10.007246047455,10.011373242575,11.432676101,11.436899931854,
    12.913404648892,12.917670180803,14.439843804577,14.444099152434,
    16.002111699585,16.006308845857,17.590095663141,17.594191072978,
    19.193516935314,19.197471966173,20.801996548032,20.80577766731,
    22.405121994412,22.408700831401,23.992514286946,23.995867554305,
    25.553894986232,25.557004310672,27.079152762764,27.082004464816,
    28.558409040709,28.560993899667,29.982082263992,29.984395296954,
    31.340950322882,31.342990597275,32.626210685273,32.627981173372,
    33.829537791323,33.831045264325,34.943137293224,34.944392242712,
    35.959796752881,35.960813319958,36.872932447463,36.873728335385,
    37.676631974151,37.67722831922,38.365692388579,38.366113566509,
    38.935653654213,38.9359270046,39.382827220474,39.382982679738,
    39.704319584535,39.704389226694,39.898050724897,39.898068218794,
    39.962767324218),(0.,1.),.UNSPECIFIED.);
#950 = CARTESIAN_POINT('',(384.8,20.06922508508,-14.0526226906));
#951 = CARTESIAN_POINT('',(390.9,62.173640161534,-43.53445151904));
#952 = CARTESIAN_POINT('',(384.79991767474,20.056799463045,
    -14.07036831794));
#953 = CARTESIAN_POINT('',(390.89993102197,62.163148001729,
    -43.54943587615));
#954 = CARTESIAN_POINT('',(384.80108297497,20.044417620772,
    -14.0880514213));
#955 = CARTESIAN_POINT('',(390.90091470891,62.152692928854,
    -43.56436726764));
#956 = CARTESIAN_POINT('',(384.81029909191,19.995231003904,
    -14.15829719014));
#957 = CARTESIAN_POINT('',(390.90869312485,62.111160446024,
    -43.62368180021));
#958 = CARTESIAN_POINT('',(384.82744599263,19.958816893636,
    -14.21030192913));
#959 = CARTESIAN_POINT('',(390.92316358203,62.080413025962,
    -43.66759366688));
#960 = CARTESIAN_POINT('',(384.89428477222,19.867594148997,
    -14.34058151006));
#961 = CARTESIAN_POINT('',(390.97953837995,62.003369725784,
    -43.77762290246));
#962 = CARTESIAN_POINT('',(384.95809095309,19.816405427262,
    -14.41368658097));
#963 = CARTESIAN_POINT('',(391.03333401446,61.960121763524,
    -43.83938739356));
#964 = CARTESIAN_POINT('',(385.13223604909,19.706954456028,
    -14.56999876738));
#965 = CARTESIAN_POINT('',(391.18017782344,61.867596309611,
    -43.97152743614));
#966 = CARTESIAN_POINT('',(385.25140456077,19.653599615075,
    -14.64619737713));
#967 = CARTESIAN_POINT('',(391.2806595422,61.822446647394,
    -44.03600783624));
#968 = CARTESIAN_POINT('',(385.53586429333,19.545651048247,
    -14.80036390768));
#969 = CARTESIAN_POINT('',(391.52057089123,61.731050436272,
    -44.16653515298));
#970 = CARTESIAN_POINT('',(385.70574309976,19.494396470805,
    -14.87356303029));
#971 = CARTESIAN_POINT('',(391.66386167508,61.687608596425,
    -44.22857652996));
#972 = CARTESIAN_POINT('',(386.08873517387,19.393349800074,
    -15.01787263168));
#973 = CARTESIAN_POINT('',(391.98695861191,61.601914121097,
    -44.35096092409));
#974 = CARTESIAN_POINT('',(386.30498246348,19.345681772182,
    -15.0859496307));
#975 = CARTESIAN_POINT('',(392.1694061354,61.561444150666,-44.4087580317
    ));
#976 = CARTESIAN_POINT('',(386.777478755,19.253081308574,-15.21819679823
    ));
#977 = CARTESIAN_POINT('',(392.56809046566,61.482772875064,
    -44.52111225714));
#978 = CARTESIAN_POINT('',(387.03648243245,19.209497618676,
    -15.28044075808));
#979 = CARTESIAN_POINT('',(392.78665156236,61.445702250945,
    -44.57405459508));
#980 = CARTESIAN_POINT('',(387.59143396956,19.125890460775,
    -15.39984415399));
#981 = CARTESIAN_POINT('',(393.2549821664,61.374528842248,
    -44.67570075684));
#982 = CARTESIAN_POINT('',(387.89020203468,19.086756124924,
    -15.45573377773));
#983 = CARTESIAN_POINT('',(393.50713278723,61.34117048125,
    -44.72334143361));
#984 = CARTESIAN_POINT('',(388.52162928094,19.012619804988,
    -15.56161141527));
#985 = CARTESIAN_POINT('',(394.04006581273,61.277907892208,
    -44.81368977405));
#986 = CARTESIAN_POINT('',(388.85732739126,18.978222625479,
    -15.61073567863));
#987 = CARTESIAN_POINT('',(394.32341447036,61.248508911349,
    -44.85567586997));
#988 = CARTESIAN_POINT('',(389.55953556025,18.913984587892,
    -15.70247710396));
#989 = CARTESIAN_POINT('',(394.91614450555,61.193526361148,
    -44.93419908944));
#990 = CARTESIAN_POINT('',(389.92935000486,18.884570259179,
    -15.74448511888));
#991 = CARTESIAN_POINT('',(395.22831645074,61.168297985077,
    -44.97022894444));
#992 = CARTESIAN_POINT('',(390.69664258242,18.830589833144,
    -15.82157715673));
#993 = CARTESIAN_POINT('',(395.87603545415,61.121906649588,
    -45.03648263775));
#994 = CARTESIAN_POINT('',(391.09768530484,18.806336147263,
    -15.85621500988));
#995 = CARTESIAN_POINT('',(396.21459281297,61.101002731951,
    -45.06633652606));
#996 = CARTESIAN_POINT('',(391.92421309172,18.762845333427,
    -15.91832632897));
#997 = CARTESIAN_POINT('',(396.91236295883,61.063406108863,
    -45.12003006838));
#998 = CARTESIAN_POINT('',(392.35349334899,18.74384713187,
    -15.94545857265));
#999 = CARTESIAN_POINT('',(397.27478075166,61.046910475907,
    -45.14358827371));
#1000 = CARTESIAN_POINT('',(393.23320654165,18.710914336279,
    -15.99249147903));
#1001 = CARTESIAN_POINT('',(398.01749402861,61.018173908483,
    -45.18462834519));
#1002 = CARTESIAN_POINT('',(393.68762292285,18.697171366554,
    -16.01211847385));
#1003 = CARTESIAN_POINT('',(398.40115345438,61.006090124568,
    -45.20188577711));
#1004 = CARTESIAN_POINT('',(394.61426362139,18.674680489338,
    -16.04423877532));
#1005 = CARTESIAN_POINT('',(399.18352538229,60.986123166336,
    -45.23040154871));
#1006 = CARTESIAN_POINT('',(395.09061103268,18.66609404847,
    -16.05650148373));
#1007 = CARTESIAN_POINT('',(399.58571972564,60.97837168019,
    -45.24147181819));
#1008 = CARTESIAN_POINT('',(396.05772959292,18.653741664564,
    -16.07414251618));
#1009 = CARTESIAN_POINT('',(400.40230322006,60.966925689437,
    -45.25781838707));
#1010 = CARTESIAN_POINT('',(396.55271237456,18.650118280198,
    -16.07931724534));
#1011 = CARTESIAN_POINT('',(400.82024896282,60.963346917545,
    -45.26292940302));
#1012 = CARTESIAN_POINT('',(397.5536941967,18.647425166037,
    -16.08316341096));
#1013 = CARTESIAN_POINT('',(401.66545704233,60.960024751612,
    -45.26767394767));
#1014 = CARTESIAN_POINT('',(398.06394228458,18.648486395067,
    -16.08164781884));
#1015 = CARTESIAN_POINT('',(402.09630755931,60.960387328313,
    -45.26715613448));
#1016 = CARTESIAN_POINT('',(399.0920392799,18.654820220094,
    -16.07260217925));
#1017 = CARTESIAN_POINT('',(402.96444002618,60.964662470364,
    -45.26105059888));
#1018 = CARTESIAN_POINT('',(399.61412525282,18.660216781989,
    -16.06489509014));
#1019 = CARTESIAN_POINT('',(403.4053000395,60.968675165038,
    -45.25531987698));
#1020 = CARTESIAN_POINT('',(400.66248871531,18.674822137147,
    -16.04403648128));
#1021 = CARTESIAN_POINT('',(404.29057135975,60.979917058091,
    -45.23926478983));
#1022 = CARTESIAN_POINT('',(401.19294487913,18.684150621147,
    -16.03071402545));
#1023 = CARTESIAN_POINT('',(404.73851142803,60.987242873285,
    -45.22880244146));
#1024 = CARTESIAN_POINT('',(402.25465852387,18.706182700117,
    -15.99924895579));
#1025 = CARTESIAN_POINT('',(405.63507875358,61.004745351307,
    -45.20380631236));
#1026 = CARTESIAN_POINT('',(402.78999376331,18.719003079128,
    -15.98093955706));
#1027 = CARTESIAN_POINT('',(406.08714956297,61.015016308503,
    -45.18913786531));
#1028 = CARTESIAN_POINT('',(403.85810670925,18.747561574215,
    -15.94015379922));
#1029 = CARTESIAN_POINT('',(406.98914069833,61.038026218295,
    -45.15627630851));
#1030 = CARTESIAN_POINT('',(404.39482322363,18.763413950925,
    -15.91751425902));
#1031 = CARTESIAN_POINT('',(407.44238724907,61.050857499397,
    -45.13795133998));
#1032 = CARTESIAN_POINT('',(405.46238325956,18.797574247025,
    -15.86872830024));
#1033 = CARTESIAN_POINT('',(408.34392884085,61.078601045612,
    -45.09832944975));
#1034 = CARTESIAN_POINT('',(405.99699345324,18.815993552841,
    -15.84242280535));
#1035 = CARTESIAN_POINT('',(408.79540475474,61.093603407075,
    -45.07690385713));
#1036 = CARTESIAN_POINT('',(407.05708109971,18.854832980514,
    -15.78695435414));
#1037 = CARTESIAN_POINT('',(409.69065113227,61.125308324655,
    -45.03162454228));
#1038 = CARTESIAN_POINT('',(407.58612491219,18.875360711492,
    -15.75763771606));
#1039 = CARTESIAN_POINT('',(410.13743332006,61.142098008377,
    -45.00764638894));
#1040 = CARTESIAN_POINT('',(408.63188872599,18.917978405962,
    -15.69677334065));
#1041 = CARTESIAN_POINT('',(411.02059636173,61.177010330945,
    -44.95778642506));
#1042 = CARTESIAN_POINT('',(409.15195160607,18.940170890298,
    -15.66507918838));
#1043 = CARTESIAN_POINT('',(411.45980022235,61.195216043187,
    -44.93178597341));
#1044 = CARTESIAN_POINT('',(410.17664496387,18.985700630419,
    -15.60005598078));
#1045 = CARTESIAN_POINT('',(412.3251804478,61.232610935783,
    -44.87838053208));
#1046 = CARTESIAN_POINT('',(410.68437656383,19.009133730051,
    -15.56659004625));
#1047 = CARTESIAN_POINT('',(412.75397566425,61.251877810622,
    -44.85086458318));
#1048 = CARTESIAN_POINT('',(411.68139589512,19.056749934101,
    -15.49858705934));
#1049 = CARTESIAN_POINT('',(413.59599452918,61.291064614561,
    -44.79490002725));
#1050 = CARTESIAN_POINT('',(412.1735294211,19.081020470037,
    -15.46392514182));
#1051 = CARTESIAN_POINT('',(414.01162140875,61.311055405992,
    -44.76635021831));
#1052 = CARTESIAN_POINT('',(413.13645359767,19.12993824652,
    -15.39406331684));
#1053 = CARTESIAN_POINT('',(414.824854559,61.351377654164,
    -44.70876407996));
#1054 = CARTESIAN_POINT('',(413.60982562557,19.154662764252,
    -15.35875304613));
#1055 = CARTESIAN_POINT('',(415.22464075906,61.371771677585,
    -44.67963839606));
#1056 = CARTESIAN_POINT('',(414.53245599507,19.204133490019,
    -15.28810152773));
#1057 = CARTESIAN_POINT('',(416.00385181643,61.412603324561,
    -44.62132476082));
#1058 = CARTESIAN_POINT('',(414.98402646179,19.228945221768,
    -15.25266670249));
#1059 = CARTESIAN_POINT('',(416.38522921367,61.433093871888,
    -44.5920612265));
#1060 = CARTESIAN_POINT('',(415.86042685555,19.278249500561,
    -15.18225289501));
#1061 = CARTESIAN_POINT('',(417.12540353355,61.47383330568,
    -44.53387928533));
#1062 = CARTESIAN_POINT('',(416.28729886842,19.302794515383,
    -15.14719898101));
#1063 = CARTESIAN_POINT('',(417.48592493796,61.494124372137,
    -44.50490063922));
#1064 = CARTESIAN_POINT('',(417.1118348227,19.351234525483,
    -15.07801947714));
#1065 = CARTESIAN_POINT('',(418.18230270264,61.534187906437,
    -44.44768398256));
#1066 = CARTESIAN_POINT('',(417.51127389582,19.375168074835,
    -15.04383882634));
#1067 = CARTESIAN_POINT('',(418.51965808899,61.553991081289,
    -44.41940211787));
#1068 = CARTESIAN_POINT('',(418.27865029907,19.422061233663,
    -14.97686845503));
#1069 = CARTESIAN_POINT('',(419.1677660771,61.592807559062,
    -44.36396644251));
#1070 = CARTESIAN_POINT('',(418.64810262262,19.445045199986,
    -14.94404394934));
#1071 = CARTESIAN_POINT('',(419.47979800367,61.611839848148,
    -44.33678551679));
#1072 = CARTESIAN_POINT('',(419.35339903279,19.489720773152,
    -14.88024061857));
#1073 = CARTESIAN_POINT('',(420.0754794021,61.648847733813,
    -44.28393277864));
#1074 = CARTESIAN_POINT('',(419.69050840641,19.511422928078,
    -14.84924672928));
#1075 = CARTESIAN_POINT('',(420.36019730728,61.666830911982,
    -44.25825013859));
#1076 = CARTESIAN_POINT('',(420.32921136737,19.553222730702,
    -14.78955042448));
#1077 = CARTESIAN_POINT('',(420.89963900184,61.701478844079,
    -44.20876776343));
#1078 = CARTESIAN_POINT('',(420.6318344813,19.573318232347,
    -14.76085107386));
#1079 = CARTESIAN_POINT('',(421.15523211238,61.718140701392,
    -44.18497216511));
#1080 = CARTESIAN_POINT('',(421.19986630068,19.61160197156,
    -14.70617622801));
#1081 = CARTESIAN_POINT('',(421.63498900457,61.749891971331,
    -44.13962665224));
#1082 = CARTESIAN_POINT('',(421.46608612479,19.629777211902,
    -14.68021929474));
#1083 = CARTESIAN_POINT('',(421.85983765309,61.764969547619,
    -44.11809364172));
#1084 = CARTESIAN_POINT('',(421.9598297502,19.663932374939,
    -14.63144066673));
#1085 = CARTESIAN_POINT('',(422.27685369545,61.793310425103,
    -44.07761867403));
#1086 = CARTESIAN_POINT('',(422.18796688719,19.679890966891,
    -14.60864943544));
#1087 = CARTESIAN_POINT('',(422.46953892494,61.806555055668,
    -44.05870338129));
#1088 = CARTESIAN_POINT('',(422.60428672048,19.709346546265,
    -14.56658250847));
#1089 = CARTESIAN_POINT('',(422.82116473725,61.831006362864,
    -44.02378329565));
#1090 = CARTESIAN_POINT('',(422.79290868659,19.722816953815,
    -14.54734477278));
#1091 = CARTESIAN_POINT('',(422.98047616011,61.842190115908,
    -44.00781124104));
#1092 = CARTESIAN_POINT('',(423.12916738639,19.747059789702,
    -14.51272241503));
#1093 = CARTESIAN_POINT('',(423.26448326488,61.862321019686,
    -43.97906133093));
#1094 = CARTESIAN_POINT('',(423.27709588968,19.757803884836,
    -14.49737825698));
#1095 = CARTESIAN_POINT('',(423.38942523334,61.87124392008,
    -43.96631810852));
#1096 = CARTESIAN_POINT('',(423.53116740411,19.776396051533,
    -14.47082589117));
#1097 = CARTESIAN_POINT('',(423.60401711046,61.886686612437,
    -43.94426365821));
#1098 = CARTESIAN_POINT('',(423.63748378036,19.784217752725,
    -14.45965534421));
#1099 = CARTESIAN_POINT('',(423.6938133312,61.893183937198,
    -43.9349845168));
#1100 = CARTESIAN_POINT('',(423.80776299763,19.796813252265,
    -14.44166710664));
#1101 = CARTESIAN_POINT('',(423.83763361397,61.903647735057,
    -43.92004066475));
#1102 = CARTESIAN_POINT('',(423.87181202536,19.801566368967,
    -14.4348789525));
#1103 = CARTESIAN_POINT('',(423.89173039157,61.907596639997,
    -43.91440104403));
#1104 = CARTESIAN_POINT('',(423.95722150187,19.807925439317,
    -14.42579725886));
#1105 = CARTESIAN_POINT('',(423.96386858787,61.912880072706,
    -43.90685552014));
#1106 = CARTESIAN_POINT('',(423.97861383683,19.809519921933,
    -14.42352010169));
#1107 = CARTESIAN_POINT('',(423.98193689779,61.914204873076,
    -43.90496350913));
#1108 = CARTESIAN_POINT('',(424.,19.811115688722,-14.42124111053));
#1109 = CARTESIAN_POINT('',(424.,61.915530765177,-43.90306993897));
#1110 = DEFINITIONAL_REPRESENTATION('',(#1111),#1115);
#1111 = LINE('',#1112,#1113);
#1112 = CARTESIAN_POINT('',(0.,0.));
#1113 = VECTOR('',#1114,1.);
#1114 = DIRECTION('',(0.,1.));
#1115 = ( GEOMETRIC_REPRESENTATION_CONTEXT(2) 
PARAMETRIC_REPRESENTATION_CONTEXT() REPRESENTATION_CONTEXT('2D SPACE',''
  ) );
#1116 = ORIENTED_EDGE('',*,*,#1117,.F.);
#1117 = EDGE_CURVE('',#24,#935,#1118,.T.);
#1118 = SURFACE_CURVE('',#1119,(#1162,#1168),.PCURVE_S1.);
#1119 = B_SPLINE_CURVE_WITH_KNOTS('',3,(#1120,#1121,#1122,#1123,#1124,
    #1125,#1126,#1127,#1128,#1129,#1130,#1131,#1132,#1133,#1134,#1135,
    #1136,#1137,#1138,#1139,#1140,#1141,#1142,#1143,#1144,#1145,#1146,
    #1147,#1148,#1149,#1150,#1151,#1152,#1153,#1154,#1155,#1156,#1157,
    #1158,#1159,#1160,#1161),.UNSPECIFIED.,.F.,.F.,(4,1,1,1,1,1,1,1,1,1,
    1,1,1,1,1,1,1,1,1,1,1,1,1,1,1,1,1,1,1,1,1,1,1,1,1,1,1,1,1,4),(0.,
    5.463124878751E-02,0.218171766589,0.489564097496,0.867053239737,
    1.348197754716,1.929885261583,2.608352254749,3.379208157666,
    4.237463497982,5.177562056754,6.193416808212,7.278449427939,
    8.425633107943,9.627538379274,10.876381608863,12.164075809207,
    13.482283378992,14.822470380618,16.175961956593,17.533998490626,
    18.88779212932,20.228583295232,21.54769684186,22.836597520764,
    24.086944451176,25.290644296865,26.439902866868,27.527274851621,
    28.545711349671,29.488604702337,30.349829887317,31.123780741679,
    31.805396901496,32.390169915676,32.874097837362,33.253563813667,
    33.525648584309,33.689394542592,33.744143286293),.UNSPECIFIED.);
#1120 = CARTESIAN_POINT('',(424.,62.431749557892,-43.16583309911));
#1121 = CARTESIAN_POINT('',(423.98193689779,62.433075449993,
    -43.16393952895));
#1122 = CARTESIAN_POINT('',(423.90979998715,62.438364655587,
    -43.15638576052));
#1123 = CARTESIAN_POINT('',(423.74791765471,62.450181591109,
    -43.13950942761));
#1124 = CARTESIAN_POINT('',(423.47923963429,62.469622168848,
    -43.11174540526));
#1125 = CARTESIAN_POINT('',(423.1054503669,62.496316906607,
    -43.07362136874));
#1126 = CARTESIAN_POINT('',(422.62889891142,62.529771242951,
    -43.02584362498));
#1127 = CARTESIAN_POINT('',(422.05258884043,62.569385419306,
    -42.96926871798));
#1128 = CARTESIAN_POINT('',(421.3801641034,62.614476343654,
    -42.90487220425));
#1129 = CARTESIAN_POINT('',(420.61589030641,62.664299221761,
    -42.83371776019));
#1130 = CARTESIAN_POINT('',(419.76463100567,62.718066821652,
    -42.75692966958));
#1131 = CARTESIAN_POINT('',(418.83181883309,62.774964565725,
    -42.67567126979));
#1132 = CARTESIAN_POINT('',(417.82342153418,62.834160201902,
    -42.59113113998));
#1133 = CARTESIAN_POINT('',(416.74590326454,62.894807529473,
    -42.50451777999));
#1134 = CARTESIAN_POINT('',(415.60618173085,62.956044467139,
    -42.41706236952));
#1135 = CARTESIAN_POINT('',(414.41158195511,63.016986554111,
    -42.33002804949));
#1136 = CARTESIAN_POINT('',(413.16978757589,63.076717673127,
    -42.24472317093));
#1137 = CARTESIAN_POINT('',(411.88879066924,63.13428028906,
    -42.16251523572));
#1138 = CARTESIAN_POINT('',(410.57684107254,63.188667746299,
    -42.08484189707));
#1139 = CARTESIAN_POINT('',(409.24239611655,63.238821122903,
    -42.01321545224));
#1140 = CARTESIAN_POINT('',(407.89407151172,63.283632797268,
    -41.94921774882));
#1141 = CARTESIAN_POINT('',(406.54059389124,63.321958273567,
    -41.89448329623));
#1142 = CARTESIAN_POINT('',(405.19075520037,63.35263698553,
    -41.85066955489));
#1143 = CARTESIAN_POINT('',(403.85336877219,63.37452182079,
    -41.81941477104));
#1144 = CARTESIAN_POINT('',(402.53722660957,63.386516079517,
    -41.80228519435));
#1145 = CARTESIAN_POINT('',(401.25105718637,63.387615548582,
    -41.80071498979));
#1146 = CARTESIAN_POINT('',(400.00348311442,63.376952460095,
    -41.81594345836));
#1147 = CARTESIAN_POINT('',(398.8029784023,63.35383736497,
    -41.84895523539));
#1148 = CARTESIAN_POINT('',(397.65782599734,63.317794473225,
    -41.90042981939));
#1149 = CARTESIAN_POINT('',(396.57607776419,63.268586034615,
    -41.97070675291));
#1150 = CARTESIAN_POINT('',(395.56552234685,63.206221285122,
    -42.05977284559));
#1151 = CARTESIAN_POINT('',(394.63366874014,63.130947657291,
    -42.16727472714));
#1152 = CARTESIAN_POINT('',(393.78776800526,63.043219904848,
    -42.29256294192));
#1153 = CARTESIAN_POINT('',(393.03488745348,62.943662034222,
    -42.43474631641));
#1154 = CARTESIAN_POINT('',(392.38215508827,62.833002918839,
    -42.59278391147));
#1155 = CARTESIAN_POINT('',(391.83711848308,62.712167525724,
    -42.7653547373));
#1156 = CARTESIAN_POINT('',(391.40891807226,62.58242530669,
    -42.9506458288));
#1157 = CARTESIAN_POINT('',(391.10843974169,62.447502217105,
    -43.14333597026));
#1158 = CARTESIAN_POINT('',(390.94722316105,62.31797283907,
    -43.32832309331));
#1159 = CARTESIAN_POINT('',(390.90385722922,62.225858199548,
    -43.45987643214));
#1160 = CARTESIAN_POINT('',(390.89993101449,62.184133458997,
    -43.51946553718));
#1161 = CARTESIAN_POINT('',(390.9,62.173640161534,-43.53445151904));
#1162 = PCURVE('',#31,#1163);
#1163 = DEFINITIONAL_REPRESENTATION('',(#1164),#1167);
#1164 = B_SPLINE_CURVE_WITH_KNOTS('',1,(#1165,#1166),.UNSPECIFIED.,.F.,
  .F.,(2,2),(0.,33.744143286293),.PIECEWISE_BEZIER_KNOTS.);
#1165 = CARTESIAN_POINT('',(0.,1.));
#1166 = CARTESIAN_POINT('',(39.962767324218,1.));
#1167 = ( GEOMETRIC_REPRESENTATION_CONTEXT(2) 
PARAMETRIC_REPRESENTATION_CONTEXT() REPRESENTATION_CONTEXT('2D SPACE',''
  ) );
#1168 = PCURVE('',#1169,#1174);
#1169 = PLANE('',#1170);
#1170 = AXIS2_PLACEMENT_3D('',#1171,#1172,#1173);
#1171 = CARTESIAN_POINT('',(424.,62.431749557892,-43.16583309911));
#1172 = DIRECTION('',(1.702015510635E-16,-0.819152044289,0.573576436351)
  );
#1173 = DIRECTION('',(-0.999907598537,-7.797146425141E-03,
    -1.113547912534E-02));
#1174 = DEFINITIONAL_REPRESENTATION('',(#1175),#1218);
#1175 = B_SPLINE_CURVE_WITH_KNOTS('',3,(#1176,#1177,#1178,#1179,#1180,
    #1181,#1182,#1183,#1184,#1185,#1186,#1187,#1188,#1189,#1190,#1191,
    #1192,#1193,#1194,#1195,#1196,#1197,#1198,#1199,#1200,#1201,#1202,
    #1203,#1204,#1205,#1206,#1207,#1208,#1209,#1210,#1211,#1212,#1213,
    #1214,#1215,#1216,#1217),.UNSPECIFIED.,.F.,.F.,(4,1,1,1,1,1,1,1,1,1,
    1,1,1,1,1,1,1,1,1,1,1,1,1,1,1,1,1,1,1,1,1,1,1,1,1,1,1,1,1,4),(0.,
    5.463124878751E-02,0.218171766589,0.489564097496,0.867053239737,
    1.348197754716,1.929885261583,2.608352254749,3.379208157666,
    4.237463497982,5.177562056754,6.193416808212,7.278449427939,
    8.425633107943,9.627538379274,10.876381608863,12.164075809207,
    13.482283378992,14.822470380618,16.175961956593,17.533998490626,
    18.88779212932,20.228583295232,21.54769684186,22.836597520764,
    24.086944451176,25.290644296865,26.439902866868,27.527274851621,
    28.545711349671,29.488604702337,30.349829887317,31.123780741679,
    31.805396901496,32.390169915676,32.874097837362,33.253563813667,
    33.525648584309,33.689394542592,33.744143286293),.UNSPECIFIED.);
#1176 = CARTESIAN_POINT('',(0.,0.));
#1177 = CARTESIAN_POINT('',(1.80300091609E-02,-2.556956922092E-03));
#1178 = CARTESIAN_POINT('',(9.00348987098E-02,-1.275817605814E-02));
#1179 = CARTESIAN_POINT('',(0.25162220855,-3.555908460326E-02));
#1180 = CARTESIAN_POINT('',(0.519814656008,-7.310195056329E-02));
#1181 = CARTESIAN_POINT('',(0.892936712528,-0.124719762767));
#1182 = CARTESIAN_POINT('',(1.368651257529,-0.189518426444));
#1183 = CARTESIAN_POINT('',(1.943969210395,-0.266411560753));
#1184 = CARTESIAN_POINT('',(2.615263147825,-0.354158805629));
#1185 = CARTESIAN_POINT('',(3.378285509697,-0.451403785668));
#1186 = CARTESIAN_POINT('',(4.228191846797,-0.556708015884));
#1187 = CARTESIAN_POINT('',(5.159569334912,-0.668577604083));
#1188 = CARTESIAN_POINT('',(6.166470504549,-0.785480572124));
#1189 = CARTESIAN_POINT('',(7.242451852566,-0.905853877262));
#1190 = CARTESIAN_POINT('',(8.380616743057,-1.028100626818));
#1191 = CARTESIAN_POINT('',(9.573661792791,-1.150579377256));
#1192 = CARTESIAN_POINT('',(10.813925785427,-1.271588623764));
#1193 = CARTESIAN_POINT('',(12.093440077195,-1.389350465489));
#1194 = CARTESIAN_POINT('',(13.403979451027,-1.501997866553));
#1195 = CARTESIAN_POINT('',(14.737112454347,-1.607569855287));
#1196 = CARTESIAN_POINT('',(16.084250423733,-1.704018409599));
#1197 = CARTESIAN_POINT('',(17.436694657192,-1.789229717214));
#1198 = CARTESIAN_POINT('',(18.78568152758,-1.861061062641));
#1199 = CARTESIAN_POINT('',(20.122425703038,-1.917392893639));
#1200 = CARTESIAN_POINT('',(21.438161985171,-1.956193831381));
#1201 = CARTESIAN_POINT('',(22.724186506731,-1.975594591399));
#1202 = CARTESIAN_POINT('',(23.971898018963,-1.973965191326));
#1203 = CARTESIAN_POINT('',(25.172839636431,-1.949988529525));
#1204 = CARTESIAN_POINT('',(26.318740453487,-1.902722570481));
#1205 = CARTESIAN_POINT('',(27.40155498425,-1.831643391272));
#1206 = CARTESIAN_POINT('',(28.413495085486,-1.736661214728));
#1207 = CARTESIAN_POINT('',(29.347046592016,-1.618105309866));
#1208 = CARTESIAN_POINT('',(30.194948334866,-1.476669872079));
#1209 = CARTESIAN_POINT('',(30.950118866673,-1.31334665046));
#1210 = CARTESIAN_POINT('',(31.605413568125,-1.129309382188));
#1211 = CARTESIAN_POINT('',(32.153263641224,-0.926067948017));
#1212 = CARTESIAN_POINT('',(32.584499409851,-0.705711110899));
#1213 = CARTESIAN_POINT('',(32.88814768792,-0.474586293782));
#1214 = CARTESIAN_POINT('',(33.052419251686,-0.250971145188));
#1215 = CARTESIAN_POINT('',(33.097964317234,-9.097852405008E-02));
#1216 = CARTESIAN_POINT('',(33.102879056323,-1.829375318094E-02));
#1217 = CARTESIAN_POINT('',(33.103058771056,7.105427357601E-15));
#1218 = ( GEOMETRIC_REPRESENTATION_CONTEXT(2) 
PARAMETRIC_REPRESENTATION_CONTEXT() REPRESENTATION_CONTEXT('2D SPACE',''
  ) );
#1219 = ADVANCED_FACE('',(#1220),#1169,.F.);
#1220 = FACE_BOUND('',#1221,.F.);
#1221 = EDGE_LOOP('',(#1222,#1223,#1323));
#1222 = ORIENTED_EDGE('',*,*,#1117,.T.);
#1223 = ORIENTED_EDGE('',*,*,#1224,.T.);
#1224 = EDGE_CURVE('',#935,#1225,#1227,.T.);
#1225 = VERTEX_POINT('',#1226);
#1226 = CARTESIAN_POINT('',(424.,61.915530765177,-43.90306993897));
#1227 = SURFACE_CURVE('',#1228,(#1271,#1317),.PCURVE_S1.);
#1228 = B_SPLINE_CURVE_WITH_KNOTS('',3,(#1229,#1230,#1231,#1232,#1233,
    #1234,#1235,#1236,#1237,#1238,#1239,#1240,#1241,#1242,#1243,#1244,
    #1245,#1246,#1247,#1248,#1249,#1250,#1251,#1252,#1253,#1254,#1255,
    #1256,#1257,#1258,#1259,#1260,#1261,#1262,#1263,#1264,#1265,#1266,
    #1267,#1268,#1269,#1270),.UNSPECIFIED.,.F.,.F.,(4,1,1,1,1,1,1,1,1,1,
    1,1,1,1,1,1,1,1,1,1,1,1,1,1,1,1,1,1,1,1,1,1,1,1,1,1,1,1,1,4),(0.,
    5.474874370086E-02,0.218494701983,0.490579472626,0.870045448931,
    1.353973370617,1.938746384796,2.620362544614,3.394313398975,
    4.255538583956,5.198431936621,6.216868434672,7.304240419424,
    8.453498989427,9.657198835116,10.907545765529,12.196446444433,
    13.51555999106,14.856351156973,16.210144795667,17.5681813297,
    18.921672905675,20.261859907301,21.580067477086,22.867761677429,
    24.116604907019,25.31851017835,26.465693858354,27.55072647808,
    28.566581229539,29.506679788311,30.364935128627,31.135791031544,
    31.81425802471,32.395945531577,32.877090046555,33.254579188797,
    33.525971519704,33.689512037505,33.744143286293),.UNSPECIFIED.);
#1229 = CARTESIAN_POINT('',(390.9,62.173640161534,-43.53445151904));
#1230 = CARTESIAN_POINT('',(390.89993101449,62.163146864072,
    -43.5494375009));
#1231 = CARTESIAN_POINT('',(390.90385722922,62.121422123521,
    -43.60902660594));
#1232 = CARTESIAN_POINT('',(390.94722316105,62.029307483999,
    -43.74057994477));
#1233 = CARTESIAN_POINT('',(391.10843974169,61.899778105964,
    -43.92556706782));
#1234 = CARTESIAN_POINT('',(391.40891807226,61.764855016379,
    -44.11825720928));
#1235 = CARTESIAN_POINT('',(391.83711848308,61.635112797345,
    -44.30354830078));
#1236 = CARTESIAN_POINT('',(392.38215508827,61.51427740423,
    -44.4761191266));
#1237 = CARTESIAN_POINT('',(393.03488745348,61.403618288847,
    -44.63415672167));
#1238 = CARTESIAN_POINT('',(393.78776800526,61.304060418221,
    -44.77634009616));
#1239 = CARTESIAN_POINT('',(394.63366874014,61.216332665778,
    -44.90162831094));
#1240 = CARTESIAN_POINT('',(395.56552234685,61.141059037947,
    -45.00913019249));
#1241 = CARTESIAN_POINT('',(396.57607776419,61.078694288454,
    -45.09819628517));
#1242 = CARTESIAN_POINT('',(397.65782599735,61.029485849844,
    -45.16847321869));
#1243 = CARTESIAN_POINT('',(398.8029784023,60.993442958099,
    -45.21994780269));
#1244 = CARTESIAN_POINT('',(400.00348311442,60.970327862974,
    -45.25295957972));
#1245 = CARTESIAN_POINT('',(401.25105718637,60.959664774487,
    -45.26818804829));
#1246 = CARTESIAN_POINT('',(402.53722660957,60.960764243552,
    -45.26661784373));
#1247 = CARTESIAN_POINT('',(403.85336877219,60.972758502279,
    -45.24948826704));
#1248 = CARTESIAN_POINT('',(405.19075520037,60.994643337539,
    -45.21823348318));
#1249 = CARTESIAN_POINT('',(406.54059389124,61.025322049502,
    -45.17441974185));
#1250 = CARTESIAN_POINT('',(407.89407151172,61.063647525801,
    -45.11968528926));
#1251 = CARTESIAN_POINT('',(409.24239611655,61.108459200166,
    -45.05568758584));
#1252 = CARTESIAN_POINT('',(410.57684107253,61.158612576769,
    -44.98406114101));
#1253 = CARTESIAN_POINT('',(411.88879066924,61.213000034009,
    -44.90638780236));
#1254 = CARTESIAN_POINT('',(413.16978757589,61.270562649942,
    -44.82417986715));
#1255 = CARTESIAN_POINT('',(414.41158195511,61.330293768958,
    -44.73887498859));
#1256 = CARTESIAN_POINT('',(415.60618173085,61.39123585593,
    -44.65184066856));
#1257 = CARTESIAN_POINT('',(416.74590326454,61.452472793596,
    -44.56438525809));
#1258 = CARTESIAN_POINT('',(417.82342153418,61.513120121167,
    -44.4777718981));
#1259 = CARTESIAN_POINT('',(418.83181883309,61.572315757344,
    -44.39323176829));
#1260 = CARTESIAN_POINT('',(419.76463100567,61.629213501417,
    -44.3119733685));
#1261 = CARTESIAN_POINT('',(420.61589030641,61.682981101308,
    -44.23518527789));
#1262 = CARTESIAN_POINT('',(421.3801641034,61.732803979415,
    -44.16403083383));
#1263 = CARTESIAN_POINT('',(422.05258884043,61.777894903763,
    -44.0996343201));
#1264 = CARTESIAN_POINT('',(422.62889891142,61.817509080118,
    -44.0430594131));
#1265 = CARTESIAN_POINT('',(423.1054503669,61.850963416462,
    -43.99528166934));
#1266 = CARTESIAN_POINT('',(423.47923963429,61.877658154221,
    -43.95715763282));
#1267 = CARTESIAN_POINT('',(423.74791765471,61.89709873196,
    -43.92939361047));
#1268 = CARTESIAN_POINT('',(423.90979998715,61.908915667482,
    -43.91251727756));
#1269 = CARTESIAN_POINT('',(423.98193689779,61.914204873076,
    -43.90496350913));
#1270 = CARTESIAN_POINT('',(424.,61.915530765177,-43.90306993897));
#1271 = PCURVE('',#1169,#1272);
#1272 = DEFINITIONAL_REPRESENTATION('',(#1273),#1316);
#1273 = B_SPLINE_CURVE_WITH_KNOTS('',3,(#1274,#1275,#1276,#1277,#1278,
    #1279,#1280,#1281,#1282,#1283,#1284,#1285,#1286,#1287,#1288,#1289,
    #1290,#1291,#1292,#1293,#1294,#1295,#1296,#1297,#1298,#1299,#1300,
    #1301,#1302,#1303,#1304,#1305,#1306,#1307,#1308,#1309,#1310,#1311,
    #1312,#1313,#1314,#1315),.UNSPECIFIED.,.F.,.F.,(4,1,1,1,1,1,1,1,1,1,
    1,1,1,1,1,1,1,1,1,1,1,1,1,1,1,1,1,1,1,1,1,1,1,1,1,1,1,1,1,4),(0.,
    5.474874370086E-02,0.218494701983,0.490579472626,0.870045448931,
    1.353973370617,1.938746384796,2.620362544614,3.394313398975,
    4.255538583956,5.198431936621,6.216868434672,7.304240419424,
    8.453498989427,9.657198835116,10.907545765529,12.196446444433,
    13.51555999106,14.856351156973,16.210144795667,17.5681813297,
    18.921672905675,20.261859907301,21.580067477086,22.867761677429,
    24.116604907019,25.31851017835,26.465693858354,27.55072647808,
    28.566581229539,29.506679788311,30.364935128627,31.135791031544,
    31.81425802471,32.395945531577,32.877090046555,33.254579188797,
    33.525971519704,33.689512037505,33.744143286293),.UNSPECIFIED.);
#1274 = CARTESIAN_POINT('',(33.103058771056,7.105427357601E-15));
#1275 = CARTESIAN_POINT('',(33.103376444053,1.829187761543E-02));
#1276 = CARTESIAN_POINT('',(33.100439479257,9.108339370356E-02));
#1277 = CARTESIAN_POINT('',(33.059260695291,0.252255039986));
#1278 = CARTESIAN_POINT('',(32.901128891074,0.480253315939));
#1279 = CARTESIAN_POINT('',(32.603876037272,0.719547483791));
#1280 = CARTESIAN_POINT('',(32.178790116966,0.95154615656));
#1281 = CARTESIAN_POINT('',(31.636667704032,1.169605947792));
#1282 = CARTESIAN_POINT('',(30.986618301913,1.371389586051));
#1283 = CARTESIAN_POINT('',(30.236166864693,1.555181988519));
#1284 = CARTESIAN_POINT('',(29.392423462707,1.719615623139));
#1285 = CARTESIAN_POINT('',(28.462439965088,1.863506596033));
#1286 = CARTESIAN_POINT('',(27.453455985252,1.985963571262));
#1287 = CARTESIAN_POINT('',(26.372973959943,2.086453126611));
#1288 = CARTESIAN_POINT('',(25.228781594608,2.164853282999));
#1289 = CARTESIAN_POINT('',(24.02893564461,2.221469050702));
#1290 = CARTESIAN_POINT('',(22.78172956829,2.257017269955));
#1291 = CARTESIAN_POINT('',(21.495652931328,2.272584652575));
#1292 = CARTESIAN_POINT('',(20.179348115125,2.269566750913));
#1293 = CARTESIAN_POINT('',(18.841566587149,2.249595541261));
#1294 = CARTESIAN_POINT('',(17.491125529939,2.214463367056));
#1295 = CARTESIAN_POINT('',(16.136864649071,2.166050165224));
#1296 = CARTESIAN_POINT('',(14.78760258313,2.106259617434));
#1297 = CARTESIAN_POINT('',(13.452092283806,2.03696827783));
#1298 = CARTESIAN_POINT('',(12.138974916355,1.959989926119));
#1299 = CARTESIAN_POINT('',(10.856732126805,1.877055597584));
#1300 = CARTESIAN_POINT('',(9.613636848217,1.789808033011));
#1301 = CARTESIAN_POINT('',(8.417703112024,1.699807846128));
#1302 = CARTESIAN_POINT('',(7.276635558999,1.608547640367));
#1303 = CARTESIAN_POINT('',(6.197779496271,1.517469707882));
#1304 = CARTESIAN_POINT('',(5.188072422847,1.427982863991));
#1305 = CARTESIAN_POINT('',(4.253997952218,1.341474405141));
#1306 = CARTESIAN_POINT('',(3.401543003061,1.259314059481));
#1307 = CARTESIAN_POINT('',(2.636159010983,1.182848017789));
#1308 = CARTESIAN_POINT('',(1.962727740406,1.113382535559));
#1309 = CARTESIAN_POINT('',(1.38553205508,1.052158015667));
#1310 = CARTESIAN_POINT('',(0.908231757224,1.000315747135));
#1311 = CARTESIAN_POINT('',(0.53384435632,0.958860450213));
#1312 = CARTESIAN_POINT('',(0.264730415418,0.928622353883));
#1313 = CARTESIAN_POINT('',(0.102582976719,0.910222673037));
#1314 = CARTESIAN_POINT('',(3.032737608748E-02,0.901982699236));
#1315 = CARTESIAN_POINT('',(1.223451895493E-02,0.899916838683));
#1316 = ( GEOMETRIC_REPRESENTATION_CONTEXT(2) 
PARAMETRIC_REPRESENTATION_CONTEXT() REPRESENTATION_CONTEXT('2D SPACE',''
  ) );
#1317 = PCURVE('',#949,#1318);
#1318 = DEFINITIONAL_REPRESENTATION('',(#1319),#1322);
#1319 = B_SPLINE_CURVE_WITH_KNOTS('',1,(#1320,#1321),.UNSPECIFIED.,.F.,
  .F.,(2,2),(0.,33.744143286293),.PIECEWISE_BEZIER_KNOTS.);
#1320 = CARTESIAN_POINT('',(0.,1.));
#1321 = CARTESIAN_POINT('',(39.962767324218,1.));
#1322 = ( GEOMETRIC_REPRESENTATION_CONTEXT(2) 
PARAMETRIC_REPRESENTATION_CONTEXT() REPRESENTATION_CONTEXT('2D SPACE',''
  ) );
#1323 = ORIENTED_EDGE('',*,*,#1324,.T.);
#1324 = EDGE_CURVE('',#1225,#24,#1325,.T.);
#1325 = SURFACE_CURVE('',#1326,(#1330,#1337),.PCURVE_S1.);
#1326 = LINE('',#1327,#1328);
#1327 = CARTESIAN_POINT('',(424.,61.915530765177,-43.90306993897));
#1328 = VECTOR('',#1329,1.);
#1329 = DIRECTION('',(0.,0.573576436351,0.819152044289));
#1330 = PCURVE('',#1169,#1331);
#1331 = DEFINITIONAL_REPRESENTATION('',(#1332),#1336);
#1332 = LINE('',#1333,#1334);
#1333 = CARTESIAN_POINT('',(1.223451895491E-02,0.899916838683));
#1334 = VECTOR('',#1335,1.);
#1335 = DIRECTION('',(-1.35939099499E-02,-0.999907598537));
#1336 = ( GEOMETRIC_REPRESENTATION_CONTEXT(2) 
PARAMETRIC_REPRESENTATION_CONTEXT() REPRESENTATION_CONTEXT('2D SPACE',''
  ) );
#1337 = PCURVE('',#199,#1338);
#1338 = DEFINITIONAL_REPRESENTATION('',(#1339),#1343);
#1339 = LINE('',#1340,#1341);
#1340 = CARTESIAN_POINT('',(0.,0.));
#1341 = VECTOR('',#1342,1.);
#1342 = DIRECTION('',(1.,0.));
#1343 = ( GEOMETRIC_REPRESENTATION_CONTEXT(2) 
PARAMETRIC_REPRESENTATION_CONTEXT() REPRESENTATION_CONTEXT('2D SPACE',''
  ) );
#1344 = ADVANCED_FACE('',(#1345),#949,.F.);
#1345 = FACE_BOUND('',#1346,.F.);
#1346 = EDGE_LOOP('',(#1347,#1348,#1449,#1481,#1800,#1835,#1936,#1955));
#1347 = ORIENTED_EDGE('',*,*,#934,.F.);
#1348 = ORIENTED_EDGE('',*,*,#1349,.T.);
#1349 = EDGE_CURVE('',#829,#1350,#1352,.T.);
#1350 = VERTEX_POINT('',#1351);
#1351 = CARTESIAN_POINT('',(387.07725723091,19.204488672607,
    -15.28759427443));
#1352 = SURFACE_CURVE('',#1353,(#1396,#1403),.PCURVE_S1.);
#1353 = B_SPLINE_CURVE_WITH_KNOTS('',3,(#1354,#1355,#1356,#1357,#1358,
    #1359,#1360,#1361,#1362,#1363,#1364,#1365,#1366,#1367,#1368,#1369,
    #1370,#1371,#1372,#1373,#1374,#1375,#1376,#1377,#1378,#1379,#1380,
    #1381,#1382,#1383,#1384,#1385,#1386,#1387,#1388,#1389,#1390,#1391,
    #1392,#1393,#1394,#1395),.UNSPECIFIED.,.F.,.F.,(4,1,1,1,1,1,1,1,1,1,
    1,1,1,1,1,1,1,1,1,1,1,1,1,1,1,1,1,1,1,1,1,1,1,1,1,1,1,1,1,4),(0.,
    6.483122358056E-02,0.2586533308,0.580566623733,1.029497268451,
    1.602097794816,2.294137582521,3.100898787931,4.017052763777,
    5.03661310974,6.15294497491,7.358797548002,8.646347100049,
    10.007246047455,11.432676101,12.913404648892,14.439843804577,
    16.002111699585,17.590095663141,19.193516935314,20.801996548032,
    22.405121994412,23.992514286946,25.553894986232,27.079152762764,
    28.558409040709,29.982082263992,31.340950322882,32.626210685273,
    33.829537791323,34.943137293224,35.959796752881,36.872932447463,
    37.676631974151,38.365692388579,38.935653654213,39.382827220474,
    39.704319584535,39.898050724897,39.962767324218),.UNSPECIFIED.);
#1354 = CARTESIAN_POINT('',(384.8,20.06922508508,-14.0526226906));
#1355 = CARTESIAN_POINT('',(384.79991767474,20.056799463045,
    -14.07036831794));
#1356 = CARTESIAN_POINT('',(384.80456630068,20.00740570877,
    -14.14090990965));
#1357 = CARTESIAN_POINT('',(384.85589814706,19.898392480428,
    -14.29659693442));
#1358 = CARTESIAN_POINT('',(385.04684541294,19.745191797735,
    -14.51539018404));
#1359 = CARTESIAN_POINT('',(385.40274223151,19.585823641247,
    -14.74299149906));
#1360 = CARTESIAN_POINT('',(385.90986830907,19.43278687759,
    -14.96155064804));
#1361 = CARTESIAN_POINT('',(386.55535152904,19.290468892592,
    -15.16480179464));
#1362 = CARTESIAN_POINT('',(387.3283734904,19.160356866015,
    -15.35062102605));
#1363 = CARTESIAN_POINT('',(388.21999949173,19.04353527737,
    -15.51745954501));
#1364 = CARTESIAN_POINT('',(389.22178837425,18.940857167855,
    -15.66409908245));
#1365 = CARTESIAN_POINT('',(390.32537059539,18.853051546633,
    -15.78949850538));
#1366 = CARTESIAN_POINT('',(391.52215870522,18.780646645188,
    -15.89290342106));
#1367 = CARTESIAN_POINT('',(392.80325980677,18.723924766575,
    -15.97391065894));
#1368 = CARTESIAN_POINT('',(394.159449831,18.682885692787,
    -16.03252053037));
#1369 = CARTESIAN_POINT('',(395.58119301755,18.657236311999,
    -16.06915164241));
#1370 = CARTESIAN_POINT('',(397.05867996613,18.646401265451,
    -16.08462569254));
#1371 = CARTESIAN_POINT('',(398.58187502645,18.649551882582,
    -16.08012614497));
#1372 = CARTESIAN_POINT('',(400.14056657095,18.665648096848,
    -16.05713836865));
#1373 = CARTESIAN_POINT('',(401.72441760409,18.693488098201,
    -16.01737872621));
#1374 = CARTESIAN_POINT('',(403.32301588972,18.73176045347,
    -15.96272013832));
#1375 = CARTESIAN_POINT('',(404.92592392113,18.779093994662,
    -15.89512083581));
#1376 = CARTESIAN_POINT('',(406.52272950801,18.834101649682,
    -15.81656176294));
#1377 = CARTESIAN_POINT('',(408.10309779378,18.89541547054,
    -15.7289965519));
#1378 = CARTESIAN_POINT('',(409.65682527194,18.961711336483,
    -15.63431624309));
#1379 = CARTESIAN_POINT('',(411.17389599038,19.03172302698,
    -15.53432918686));
#1380 = CARTESIAN_POINT('',(412.64453971922,19.104246516472,
    -15.4307549099));
#1381 = CARTESIAN_POINT('',(414.0592914863,19.178136321329,
    -15.32522933238));
#1382 = CARTESIAN_POINT('',(415.40905159687,19.252296450915,
    -15.21931769113));
#1383 = CARTESIAN_POINT('',(416.68514506432,19.325668919781,
    -15.11453094597));
#1384 = CARTESIAN_POINT('',(417.87937928754,19.397222831417,
    -15.01234136969));
#1385 = CARTESIAN_POINT('',(418.98409881034,19.465946748467,
    -14.91419344454));
#1386 = CARTESIAN_POINT('',(419.99223608075,19.530846466625,
    -14.82150704142));
#1387 = CARTESIAN_POINT('',(420.89735728769,19.590949482936,
    -14.73567103847));
#1388 = CARTESIAN_POINT('',(421.69370258097,19.645316498146,
    -14.65802689407));
#1389 = CARTESIAN_POINT('',(422.376220265,19.693059331588,
    -14.58984306165));
#1390 = CARTESIAN_POINT('',(422.94059487123,19.733363769829,
    -14.53228235851));
#1391 = CARTESIAN_POINT('',(423.38326932505,19.765515210943,
    -14.48636534197));
#1392 = CARTESIAN_POINT('',(423.70146168442,19.788924577456,
    -14.45293330185));
#1393 = CARTESIAN_POINT('',(423.89317710297,19.803151876698,
    -14.43261461279));
#1394 = CARTESIAN_POINT('',(423.97860805426,19.809519490456,
    -14.4235207179));
#1395 = CARTESIAN_POINT('',(424.,19.811115688722,-14.42124111053));
#1396 = PCURVE('',#949,#1397);
#1397 = DEFINITIONAL_REPRESENTATION('',(#1398),#1402);
#1398 = LINE('',#1399,#1400);
#1399 = CARTESIAN_POINT('',(0.,0.));
#1400 = VECTOR('',#1401,1.);
#1401 = DIRECTION('',(1.,0.));
#1402 = ( GEOMETRIC_REPRESENTATION_CONTEXT(2) 
PARAMETRIC_REPRESENTATION_CONTEXT() REPRESENTATION_CONTEXT('2D SPACE',''
  ) );
#1403 = PCURVE('',#883,#1404);
#1404 = DEFINITIONAL_REPRESENTATION('',(#1405),#1448);
#1405 = B_SPLINE_CURVE_WITH_KNOTS('',3,(#1406,#1407,#1408,#1409,#1410,
    #1411,#1412,#1413,#1414,#1415,#1416,#1417,#1418,#1419,#1420,#1421,
    #1422,#1423,#1424,#1425,#1426,#1427,#1428,#1429,#1430,#1431,#1432,
    #1433,#1434,#1435,#1436,#1437,#1438,#1439,#1440,#1441,#1442,#1443,
    #1444,#1445,#1446,#1447),.UNSPECIFIED.,.F.,.F.,(4,1,1,1,1,1,1,1,1,1,
    1,1,1,1,1,1,1,1,1,1,1,1,1,1,1,1,1,1,1,1,1,1,1,1,1,1,1,1,1,4),(0.,
    6.483122358056E-02,0.2586533308,0.580566623733,1.029497268451,
    1.602097794816,2.294137582521,3.100898787931,4.017052763777,
    5.03661310974,6.15294497491,7.358797548002,8.646347100049,
    10.007246047455,11.432676101,12.913404648892,14.439843804577,
    16.002111699585,17.590095663141,19.193516935314,20.801996548032,
    22.405121994412,23.992514286946,25.553894986232,27.079152762764,
    28.558409040709,29.982082263992,31.340950322882,32.626210685273,
    33.829537791323,34.943137293224,35.959796752881,36.872932447463,
    37.676631974151,38.365692388579,38.935653654213,39.382827220474,
    39.704319584535,39.898050724897,39.962767324218),.UNSPECIFIED.);
#1406 = CARTESIAN_POINT('',(39.202582823074,-8.881784197001E-16));
#1407 = CARTESIAN_POINT('',(39.202913813632,2.166103865073E-02));
#1408 = CARTESIAN_POINT('',(39.199253998282,0.107824108451));
#1409 = CARTESIAN_POINT('',(39.150107187131,0.298459580074));
#1410 = CARTESIAN_POINT('',(38.962238466898,0.567731074224));
#1411 = CARTESIAN_POINT('',(38.60955448956,0.849647951154));
#1412 = CARTESIAN_POINT('',(38.105524508302,1.122263044588));
#1413 = CARTESIAN_POINT('',(37.462931988035,1.37777992781));
#1414 = CARTESIAN_POINT('',(36.692564854484,1.61348177021));
#1415 = CARTESIAN_POINT('',(35.803335517009,1.827375404061));
#1416 = CARTESIAN_POINT('',(34.80366750656,2.017876800733));
#1417 = CARTESIAN_POINT('',(33.70191522481,2.183618982669));
#1418 = CARTESIAN_POINT('',(32.506654984565,2.323582493132));
#1419 = CARTESIAN_POINT('',(31.226773447242,2.437173104092));
#1420 = CARTESIAN_POINT('',(29.871494078502,2.524285314035));
#1421 = CARTESIAN_POINT('',(28.450357876453,2.58532065474));
#1422 = CARTESIAN_POINT('',(26.973185109587,2.621169567012));
#1423 = CARTESIAN_POINT('',(25.450027350972,2.633161501124));
#1424 = CARTESIAN_POINT('',(23.891116369981,2.622992420693));
#1425 = CARTESIAN_POINT('',(22.306812532602,2.592638822883));
#1426 = CARTESIAN_POINT('',(20.707553634366,2.544267450668));
#1427 = CARTESIAN_POINT('',(19.103803935149,2.48014889457));
#1428 = CARTESIAN_POINT('',(17.506002698371,2.402581761841));
#1429 = CARTESIAN_POINT('',(15.924511476092,2.313832207771));
#1430 = CARTESIAN_POINT('',(14.369559601862,2.216091489979));
#1431 = CARTESIAN_POINT('',(12.851187708424,2.111452079679));
#1432 = CARTESIAN_POINT('',(11.379189477814,2.001900842211));
#1433 = CARTESIAN_POINT('',(9.963052182862,1.889326088904));
#1434 = CARTESIAN_POINT('',(8.611896852569,1.775534041331));
#1435 = CARTESIAN_POINT('',(7.334419075195,1.662269540562));
#1436 = CARTESIAN_POINT('',(6.138831543152,1.55123573988));
#1437 = CARTESIAN_POINT('',(5.032809449887,1.444108034599));
#1438 = CARTESIAN_POINT('',(4.023439778471,1.342538525566));
#1439 = CARTESIAN_POINT('',(3.117175378559,1.248148755575));
#1440 = CARTESIAN_POINT('',(2.319794518809,1.162510118636));
#1441 = CARTESIAN_POINT('',(1.636366336917,1.087113020881));
#1442 = CARTESIAN_POINT('',(1.071222311736,1.023327370034));
#1443 = CARTESIAN_POINT('',(0.627933584679,0.972358123375));
#1444 = CARTESIAN_POINT('',(0.309293703558,0.935200305018));
#1445 = CARTESIAN_POINT('',(0.117306188758,0.912598069723));
#1446 = CARTESIAN_POINT('',(3.175343261307E-02,0.902477853176));
#1447 = CARTESIAN_POINT('',(1.033095196374E-02,0.899940704398));
#1448 = ( GEOMETRIC_REPRESENTATION_CONTEXT(2) 
PARAMETRIC_REPRESENTATION_CONTEXT() REPRESENTATION_CONTEXT('2D SPACE',''
  ) );
#1449 = ORIENTED_EDGE('',*,*,#1450,.T.);
#1450 = EDGE_CURVE('',#1350,#1451,#1453,.T.);
#1451 = VERTEX_POINT('',#1452);
#1452 = CARTESIAN_POINT('',(387.07265764331,19.625204758452,
    -15.55847283283));
#1453 = SURFACE_CURVE('',#1454,(#1461,#1471),.PCURVE_S1.);
#1454 = B_SPLINE_CURVE_WITH_KNOTS('',5,(#1455,#1456,#1457,#1458,#1459,
    #1460),.UNSPECIFIED.,.F.,.F.,(6,6),(0.,1.),
  .PIECEWISE_BEZIER_KNOTS.);
#1455 = CARTESIAN_POINT('',(387.07725723091,19.204488672607,
    -15.28759427443));
#1456 = CARTESIAN_POINT('',(387.07626162057,19.29572767132,
    -15.34638323552));
#1457 = CARTESIAN_POINT('',(387.07545053546,19.369964719757,
    -15.39419353224));
#1458 = CARTESIAN_POINT('',(387.07444731225,19.461778845036,
    -15.45332168065));
#1459 = CARTESIAN_POINT('',(387.07333041925,19.563783945065,
    -15.5189574503));
#1460 = CARTESIAN_POINT('',(387.07265763778,19.625205263432,
    -15.55847315772));
#1461 = PCURVE('',#949,#1462);
#1462 = DEFINITIONAL_REPRESENTATION('',(#1463),#1470);
#1463 = B_SPLINE_CURVE_WITH_KNOTS('',5,(#1464,#1465,#1466,#1467,#1468,
    #1469),.UNSPECIFIED.,.F.,.F.,(6,6),(0.,1.),
  .PIECEWISE_BEZIER_KNOTS.);
#1464 = CARTESIAN_POINT('',(2.875042304079,0.));
#1465 = CARTESIAN_POINT('',(2.861421071191,2.110089009985E-03));
#1466 = CARTESIAN_POINT('',(2.850322260169,3.826709430261E-03));
#1467 = CARTESIAN_POINT('',(2.836594068656,5.949749139802E-03));
#1468 = CARTESIAN_POINT('',(2.821305496277,8.307819510794E-03));
#1469 = CARTESIAN_POINT('',(2.812095585627,9.727638132296E-03));
#1470 = ( GEOMETRIC_REPRESENTATION_CONTEXT(2) 
PARAMETRIC_REPRESENTATION_CONTEXT() REPRESENTATION_CONTEXT('2D SPACE',''
  ) );
#1471 = PCURVE('',#340,#1472);
#1472 = DEFINITIONAL_REPRESENTATION('',(#1473),#1480);
#1473 = B_SPLINE_CURVE_WITH_KNOTS('',5,(#1474,#1475,#1476,#1477,#1478,
    #1479),.UNSPECIFIED.,.F.,.F.,(6,6),(0.,1.),
  .PIECEWISE_BEZIER_KNOTS.);
#1474 = CARTESIAN_POINT('',(4.478315497024,2.));
#1475 = CARTESIAN_POINT('',(4.478975881644,2.108458575113));
#1476 = CARTESIAN_POINT('',(4.479516138548,2.196692864715));
#1477 = CARTESIAN_POINT('',(4.480184581485,2.305817105786));
#1478 = CARTESIAN_POINT('',(4.480934089348,2.427021922855));
#1479 = CARTESIAN_POINT('',(4.481386166734,2.5000006));
#1480 = ( GEOMETRIC_REPRESENTATION_CONTEXT(2) 
PARAMETRIC_REPRESENTATION_CONTEXT() REPRESENTATION_CONTEXT('2D SPACE',''
  ) );
#1481 = ORIENTED_EDGE('',*,*,#1482,.T.);
#1482 = EDGE_CURVE('',#1451,#1483,#1485,.T.);
#1483 = VERTEX_POINT('',#1484);
#1484 = CARTESIAN_POINT('',(399.41798387399,19.069871552821,
    -16.35157084353));
#1485 = SURFACE_CURVE('',#1486,(#1587,#1691),.PCURVE_S1.);
#1486 = B_SPLINE_CURVE_WITH_KNOTS('',8,(#1487,#1488,#1489,#1490,#1491,
    #1492,#1493,#1494,#1495,#1496,#1497,#1498,#1499,#1500,#1501,#1502,
    #1503,#1504,#1505,#1506,#1507,#1508,#1509,#1510,#1511,#1512,#1513,
    #1514,#1515,#1516,#1517,#1518,#1519,#1520,#1521,#1522,#1523,#1524,
    #1525,#1526,#1527,#1528,#1529,#1530,#1531,#1532,#1533,#1534,#1535,
    #1536,#1537,#1538,#1539,#1540,#1541,#1542,#1543,#1544,#1545,#1546,
    #1547,#1548,#1549,#1550,#1551,#1552,#1553,#1554,#1555,#1556,#1557,
    #1558,#1559,#1560,#1561,#1562,#1563,#1564,#1565,#1566,#1567,#1568,
    #1569,#1570,#1571,#1572,#1573,#1574,#1575,#1576,#1577,#1578,#1579,
    #1580,#1581,#1582,#1583,#1584,#1585,#1586),.UNSPECIFIED.,.F.,.F.,(9,
    7,7,7,7,7,7,7,7,7,7,7,7,7,9),(0.,3.383835415303E-02,
    7.341185302056E-02,0.124557451046,0.201608192093,0.27559767415,
    0.328061340085,0.37686571855,0.455406334445,0.516035464575,
    0.560665299395,0.647233118331,0.769164002451,0.89900969065,1.),
  .UNSPECIFIED.);
#1487 = CARTESIAN_POINT('',(387.07265764331,19.625204758452,
    -15.55847283283));
#1488 = CARTESIAN_POINT('',(387.11923373932,19.660299736899,
    -15.59708489724));
#1489 = CARTESIAN_POINT('',(387.16585282967,19.695487900106,
    -15.63555645968));
#1490 = CARTESIAN_POINT('',(387.21251495579,19.730765204931,
    -15.67389078445));
#1491 = CARTESIAN_POINT('',(387.25922030747,19.766126731401,
    -15.71209180545));
#1492 = CARTESIAN_POINT('',(387.30596920306,19.801567214427,
    -15.75016367338));
#1493 = CARTESIAN_POINT('',(387.35276206964,19.837081575521,
    -15.78811030288));
#1494 = CARTESIAN_POINT('',(387.39959942313,19.872665454509,
    -15.82593491979));
#1495 = CARTESIAN_POINT('',(387.50131021281,19.950008270845,
    -15.90773473306));
#1496 = CARTESIAN_POINT('',(387.55616008129,19.991761715361,
    -15.9516330686));
#1497 = CARTESIAN_POINT('',(387.61102930124,20.033569600633,
    -15.99533536357));
#1498 = CARTESIAN_POINT('',(387.66591569843,20.075425241052,
    -16.03884221503));
#1499 = CARTESIAN_POINT('',(387.72081707707,20.117321739563,
    -16.08215406844));
#1500 = CARTESIAN_POINT('',(387.77573121988,20.159251987668,
    -16.12527121766));
#1501 = CARTESIAN_POINT('',(387.83065588806,20.201208665421,
    -16.16819380492));
#1502 = CARTESIAN_POINT('',(387.95658526589,20.297434333011,
    -16.26614438126));
#1503 = CARTESIAN_POINT('',(388.02769582714,20.351792421478,
    -16.32112007985));
#1504 = CARTESIAN_POINT('',(388.09892401655,20.406249817164,
    -16.37585302571));
#1505 = CARTESIAN_POINT('',(388.17027428966,20.460794292478,
    -16.43034970847));
#1506 = CARTESIAN_POINT('',(388.24175110063,20.515417399613,
    -16.48461299772));
#1507 = CARTESIAN_POINT('',(388.31335971761,20.570108918869,
    -16.5386465901));
#1508 = CARTESIAN_POINT('',(388.38510677521,20.624853408843,
    -16.59245773354));
#1509 = CARTESIAN_POINT('',(388.56530334163,20.762185489189,
    -16.72677676198));
#1510 = CARTESIAN_POINT('',(388.67393601705,20.844831276527,
    -16.80700141244));
#1511 = CARTESIAN_POINT('',(388.78291912351,20.927553070742,
    -16.88672238485));
#1512 = CARTESIAN_POINT('',(388.89227779474,21.010320161275,
    -16.9659404748));
#1513 = CARTESIAN_POINT('',(389.00204106988,21.093098310009,
    -17.04465445067));
#1514 = CARTESIAN_POINT('',(389.11224322178,21.175848813242,
    -17.12286060604));
#1515 = CARTESIAN_POINT('',(389.22292508512,21.258527563665,
    -17.20055231217));
#1516 = CARTESIAN_POINT('',(389.4409272513,21.420360653913,
    -17.35182094042));
#1517 = CARTESIAN_POINT('',(389.54820462675,21.499523736893,
    -17.42543696038));
#1518 = CARTESIAN_POINT('',(389.65601252372,21.578526612513,
    -17.49856154797));
#1519 = CARTESIAN_POINT('',(389.76440230353,21.657316610045,
    -17.57118301445));
#1520 = CARTESIAN_POINT('',(389.87342476648,21.735859131788,
    -17.64326499051));
#1521 = CARTESIAN_POINT('',(389.98314912557,21.814073834536,
    -17.71479211961));
#1522 = CARTESIAN_POINT('',(390.09365029981,21.891895272113,
    -17.78572089915));
#1523 = CARTESIAN_POINT('',(390.28399829618,22.024062732363,
    -17.90584602554));
#1524 = CARTESIAN_POINT('',(390.36340847277,22.07865062572,
    -17.95536005466));
#1525 = CARTESIAN_POINT('',(390.44329124984,22.132959082331,
    -18.00453426907));
#1526 = CARTESIAN_POINT('',(390.52368435495,22.186950867646,
    -18.05334850477));
#1527 = CARTESIAN_POINT('',(390.60462949497,22.240581690135,
    -18.10177880895));
#1528 = CARTESIAN_POINT('',(390.68617389177,22.293798757839,
    -18.14979697471));
#1529 = CARTESIAN_POINT('',(390.76837192134,22.346540588767,
    -18.1973688222));
#1530 = CARTESIAN_POINT('',(390.92841855838,22.447294839813,
    -18.28824968006));
#1531 = CARTESIAN_POINT('',(391.00616577517,22.495377268026,
    -18.33162186204));
#1532 = CARTESIAN_POINT('',(391.08458266454,22.542930863192,
    -18.37453553815));
#1533 = CARTESIAN_POINT('',(391.16372567828,22.589889043839,
    -18.41694987543));
#1534 = CARTESIAN_POINT('',(391.24365481918,22.636171995438,
    -18.45881483724));
#1535 = CARTESIAN_POINT('',(391.32443596281,22.681684638414,
    -18.50007001415));
#1536 = CARTESIAN_POINT('',(391.40614424379,22.726313712325,
    -18.54064289016));
#1537 = CARTESIAN_POINT('',(391.62199620483,22.840105732312,
    -18.64450234456));
#1538 = CARTESIAN_POINT('',(391.75757258546,22.907553291481,
    -18.70647817544));
#1539 = CARTESIAN_POINT('',(391.89618851062,22.971831959417,
    -18.76613282992));
#1540 = CARTESIAN_POINT('',(392.03826043849,23.032218147116,
    -18.82297341095));
#1541 = CARTESIAN_POINT('',(392.18410561567,23.08759537905,
    -18.87628161291));
#1542 = CARTESIAN_POINT('',(392.33387149986,23.136631261985,
    -18.92506709968));
#1543 = CARTESIAN_POINT('',(392.48764486409,23.177608342462,
    -18.9681404758));
#1544 = CARTESIAN_POINT('',(392.76678199373,23.23306114984,
    -19.03223674146));
#1545 = CARTESIAN_POINT('',(392.89077038164,23.25147755138,
    -19.05608097997));
#1546 = CARTESIAN_POINT('',(393.01637811127,23.263245789782,
    -19.07513399965));
#1547 = CARTESIAN_POINT('',(393.14286225343,23.267693653734,
    -19.08885000805));
#1548 = CARTESIAN_POINT('',(393.26949136754,23.264480571653,
    -19.09693439425));
#1549 = CARTESIAN_POINT('',(393.39551315835,23.253692816406,
    -19.09939397418));
#1550 = CARTESIAN_POINT('',(393.52011627772,23.235863815147,
    -19.09653732611));
#1551 = CARTESIAN_POINT('',(393.73242126315,23.194167409618,
    -19.08329549864));
#1552 = CARTESIAN_POINT('',(393.82133188458,23.173106175984,
    -19.07508669729));
#1553 = CARTESIAN_POINT('',(393.90897910838,23.148945844066,
    -19.06447443507));
#1554 = CARTESIAN_POINT('',(393.99527816233,23.122005183583,
    -19.05168118236));
#1555 = CARTESIAN_POINT('',(394.08019674296,23.09260297496,
    -19.03693385476));
#1556 = CARTESIAN_POINT('',(394.16374237078,23.061033099302,
    -19.02044489876));
#1557 = CARTESIAN_POINT('',(394.24595649676,23.027550631304,
    -19.00240168673));
#1558 = CARTESIAN_POINT('',(394.48395004998,22.924127528435,
    -18.94526166218));
#1559 = CARTESIAN_POINT('',(394.63607351731,22.849575110597,
    -18.90235793724));
#1560 = CARTESIAN_POINT('',(394.78403682598,22.770207133227,
    -18.8553961727));
#1561 = CARTESIAN_POINT('',(394.92837291318,22.687141797728,
    -18.80522100548));
#1562 = CARTESIAN_POINT('',(395.06951408209,22.60120590582,
    -18.75246327953));
#1563 = CARTESIAN_POINT('',(395.20786179851,22.512989227407,
    -18.69758472803));
#1564 = CARTESIAN_POINT('',(395.34382622751,22.422879104969,
    -18.6409005465));
#1565 = CARTESIAN_POINT('',(395.66662975,22.201797735264,-18.50047821449
    ));
#1566 = CARTESIAN_POINT('',(395.85126855876,22.069371942181,
    -18.41527567849));
#1567 = CARTESIAN_POINT('',(396.03269467516,21.934654760784,
    -18.32767563434));
#1568 = CARTESIAN_POINT('',(396.2114520627,21.798166240185,
    -18.23813177439));
#1569 = CARTESIAN_POINT('',(396.38797915849,21.660324048578,
    -18.1469529278));
#1570 = CARTESIAN_POINT('',(396.56259216086,21.521381988282,
    -18.05438368324));
#1571 = CARTESIAN_POINT('',(396.73558314695,21.381537162305,
    -17.96058698982));
#1572 = CARTESIAN_POINT('',(397.08998036799,21.09114020715,
    -17.76460663608));
#1573 = CARTESIAN_POINT('',(397.27115486684,20.940523776727,
    -17.66230070366));
#1574 = CARTESIAN_POINT('',(397.45100148682,20.789233446586,
    -17.55892566573));
#1575 = CARTESIAN_POINT('',(397.62971337058,20.637400839811,
    -17.45460326217));
#1576 = CARTESIAN_POINT('',(397.80744187176,20.485128091616,
    -17.34942707658));
#1577 = CARTESIAN_POINT('',(397.98431038756,20.332493716633,
    -17.24347306103));
#1578 = CARTESIAN_POINT('',(398.16042078621,20.179555335242,
    -17.1368043301));
#1579 = CARTESIAN_POINT('',(398.47231678107,19.907206788511,
    -16.94598895931));
#1580 = CARTESIAN_POINT('',(398.60836402351,19.787900825596,
    -16.86210665081));
#1581 = CARTESIAN_POINT('',(398.74404426176,19.668462971295,
    -16.77784851588));
#1582 = CARTESIAN_POINT('',(398.87939155286,19.548912292916,
    -16.69323582108));
#1583 = CARTESIAN_POINT('',(399.01443520178,19.429265092787,
    -16.6082867103));
#1584 = CARTESIAN_POINT('',(399.14920060951,19.309535176942,
    -16.52301693632));
#1585 = CARTESIAN_POINT('',(399.28371012115,19.189734123795,
    -16.43744059236));
#1586 = CARTESIAN_POINT('',(399.41798387399,19.069871552821,
    -16.35157084353));
#1587 = PCURVE('',#949,#1588);
#1588 = DEFINITIONAL_REPRESENTATION('',(#1589),#1690);
#1589 = B_SPLINE_CURVE_WITH_KNOTS('',8,(#1590,#1591,#1592,#1593,#1594,
    #1595,#1596,#1597,#1598,#1599,#1600,#1601,#1602,#1603,#1604,#1605,
    #1606,#1607,#1608,#1609,#1610,#1611,#1612,#1613,#1614,#1615,#1616,
    #1617,#1618,#1619,#1620,#1621,#1622,#1623,#1624,#1625,#1626,#1627,
    #1628,#1629,#1630,#1631,#1632,#1633,#1634,#1635,#1636,#1637,#1638,
    #1639,#1640,#1641,#1642,#1643,#1644,#1645,#1646,#1647,#1648,#1649,
    #1650,#1651,#1652,#1653,#1654,#1655,#1656,#1657,#1658,#1659,#1660,
    #1661,#1662,#1663,#1664,#1665,#1666,#1667,#1668,#1669,#1670,#1671,
    #1672,#1673,#1674,#1675,#1676,#1677,#1678,#1679,#1680,#1681,#1682,
    #1683,#1684,#1685,#1686,#1687,#1688,#1689),.UNSPECIFIED.,.F.,.F.,(9,
    7,7,7,7,7,7,7,7,7,7,7,7,7,9),(0.,3.383835415303E-02,
    7.341185302056E-02,0.124557451046,0.201608192093,0.27559767415,
    0.328061340085,0.37686571855,0.455406334445,0.516035464575,
    0.560665299395,0.647233118331,0.769164002451,0.89900969065,1.),
  .UNSPECIFIED.);
#1590 = CARTESIAN_POINT('',(2.812095661347,9.727626459144E-03));
#1591 = CARTESIAN_POINT('',(2.854678993356,1.071780337828E-02));
#1592 = CARTESIAN_POINT('',(2.897272445823,1.170789749323E-02));
#1593 = CARTESIAN_POINT('',(2.939878308748,1.269788079588E-02));
#1594 = CARTESIAN_POINT('',(2.982499582271,1.368771877623E-02));
#1595 = CARTESIAN_POINT('',(3.025139602463,1.467737384336E-02));
#1596 = CARTESIAN_POINT('',(3.0678016671,1.566680874633E-02));
#1597 = CARTESIAN_POINT('',(3.110488661453,1.665598999517E-02));
#1598 = CARTESIAN_POINT('',(3.203156157511,1.880139800103E-02));
#1599 = CARTESIAN_POINT('',(3.253109627826,1.99566795242E-02));
#1600 = CARTESIAN_POINT('',(3.303063096256,2.111064102807E-02));
#1601 = CARTESIAN_POINT('',(3.353016564071,2.226318262796E-02));
#1602 = CARTESIAN_POINT('',(3.402970032569,2.341419937767E-02));
#1603 = CARTESIAN_POINT('',(3.452923503077,2.456358126955E-02));
#1604 = CARTESIAN_POINT('',(3.502876976946,2.571121323448E-02));
#1605 = CARTESIAN_POINT('',(3.617391351367,2.833778122729E-02));
#1606 = CARTESIAN_POINT('',(3.682043580849,2.981755368983E-02));
#1607 = CARTESIAN_POINT('',(3.746794142003,3.129619989687E-02));
#1608 = CARTESIAN_POINT('',(3.811652840786,3.277359739778E-02));
#1609 = CARTESIAN_POINT('',(3.87662718051,3.424964358353E-02));
#1610 = CARTESIAN_POINT('',(3.941726305463,3.572421683578E-02));
#1611 = CARTESIAN_POINT('',(4.006963485351,3.719715194804E-02));
#1612 = CARTESIAN_POINT('',(4.170846199414,4.088466331038E-02));
#1613 = CARTESIAN_POINT('',(4.269676449246,4.309700639933E-02));
#1614 = CARTESIAN_POINT('',(4.368867901885,4.530494021442E-02));
#1615 = CARTESIAN_POINT('',(4.468454051707,4.750798420544E-02));
#1616 = CARTESIAN_POINT('',(4.568472844618,4.970557898218E-02));
#1617 = CARTESIAN_POINT('',(4.668968160432,5.189706637102E-02));
#1618 = CARTESIAN_POINT('',(4.769991295255,5.408166947149E-02));
#1619 = CARTESIAN_POINT('',(4.969176537951,5.834879062786E-02));
#1620 = CARTESIAN_POINT('',(5.067290942122,6.043188431737E-02));
#1621 = CARTESIAN_POINT('',(5.166002072941,6.250694088216E-02));
#1622 = CARTESIAN_POINT('',(5.26537311241,6.457299048322E-02));
#1623 = CARTESIAN_POINT('',(5.365455198714,6.662907589573E-02));
#1624 = CARTESIAN_POINT('',(5.466336620098,6.867374534048E-02));
#1625 = CARTESIAN_POINT('',(5.568099896046,7.07054703654E-02));
#1626 = CARTESIAN_POINT('',(5.743721503132,7.41522833453E-02));
#1627 = CARTESIAN_POINT('',(5.817082867144,7.557477098748E-02));
#1628 = CARTESIAN_POINT('',(5.890983213368,7.698901328152E-02));
#1629 = CARTESIAN_POINT('',(5.965465916996,7.839419181604E-02));
#1630 = CARTESIAN_POINT('',(6.040579456722,7.978933343399E-02));
#1631 = CARTESIAN_POINT('',(6.116379224046,8.117328203707E-02));
#1632 = CARTESIAN_POINT('',(6.192928814317,8.254467638294E-02));
#1633 = CARTESIAN_POINT('',(6.342276167249,8.516452403467E-02));
#1634 = CARTESIAN_POINT('',(6.414958730936,8.641479798287E-02));
#1635 = CARTESIAN_POINT('',(6.488410296679,8.765152751813E-02));
#1636 = CARTESIAN_POINT('',(6.562696470455,8.887319588584E-02));
#1637 = CARTESIAN_POINT('',(6.637888049503,9.007797273447E-02));
#1638 = CARTESIAN_POINT('',(6.714063591823,9.126366868553E-02));
#1639 = CARTESIAN_POINT('',(6.791313163778,9.242766951755E-02));
#1640 = CARTESIAN_POINT('',(6.9959603945,9.540012674585E-02));
#1641 = CARTESIAN_POINT('',(7.125061684869,9.716661861725E-02));
#1642 = CARTESIAN_POINT('',(7.257699027586,9.885670628988E-02));
#1643 = CARTESIAN_POINT('',(7.394378484521,0.100453357788));
#1644 = CARTESIAN_POINT('',(7.53556401106,0.101930764427));
#1645 = CARTESIAN_POINT('',(7.68154960572,0.103256640875));
#1646 = CARTESIAN_POINT('',(7.832622386096,0.104390343848));
#1647 = CARTESIAN_POINT('',(8.109187936643,0.105989339726));
#1648 = CARTESIAN_POINT('',(8.232799256167,0.10654891806));
#1649 = CARTESIAN_POINT('',(8.358862153513,0.10694908031));
#1650 = CARTESIAN_POINT('',(8.486690052139,0.107173023035));
#1651 = CARTESIAN_POINT('',(8.615567906574,0.107212031025));
#1652 = CARTESIAN_POINT('',(8.744708288904,0.107067555253));
#1653 = CARTESIAN_POINT('',(8.873210955917,0.106751540295));
#1654 = CARTESIAN_POINT('',(9.093430081431,0.105939266053));
#1655 = CARTESIAN_POINT('',(9.18605885156,0.105512014543));
#1656 = CARTESIAN_POINT('',(9.27774744552,0.105008552893));
#1657 = CARTESIAN_POINT('',(9.368369505137,0.104436443838));
#1658 = CARTESIAN_POINT('',(9.457852771808,0.10380329989));
#1659 = CARTESIAN_POINT('',(9.546169048352,0.103116175283));
#1660 = CARTESIAN_POINT('',(9.633329631596,0.102381225996));
#1661 = CARTESIAN_POINT('',(9.886308876726,0.100095361836));
#1662 = CARTESIAN_POINT('',(10.048877406988,9.842846823456E-02));
#1663 = CARTESIAN_POINT('',(10.207674626005,9.663954600761E-02));
#1664 = CARTESIAN_POINT('',(10.363109079668,9.47558410856E-02));
#1665 = CARTESIAN_POINT('',(10.515523507577,9.279756968534E-02));
#1666 = CARTESIAN_POINT('',(10.665258046836,9.077928337289E-02));
#1667 = CARTESIAN_POINT('',(10.812684837722,8.871067244203E-02));
#1668 = CARTESIAN_POINT('',(11.163232225953,8.362035733064E-02));
#1669 = CARTESIAN_POINT('',(11.364183398614,8.055913114215E-02));
#1670 = CARTESIAN_POINT('',(11.561926324264,7.743463356055E-02));
#1671 = CARTESIAN_POINT('',(11.756958813537,7.426021529684E-02));
#1672 = CARTESIAN_POINT('',(11.949674726945,7.104597889713E-02));
#1673 = CARTESIAN_POINT('',(12.140371277158,6.779869854428E-02));
#1674 = CARTESIAN_POINT('',(12.329321908622,6.452333379259E-02));
#1675 = CARTESIAN_POINT('',(12.716401510032,5.770837324076E-02));
#1676 = CARTESIAN_POINT('',(12.914276220896,5.416638824042E-02));
#1677 = CARTESIAN_POINT('',(13.110653645064,5.060173319998E-02));
#1678 = CARTESIAN_POINT('',(13.30571602515,4.701786427591E-02));
#1679 = CARTESIAN_POINT('',(13.499606046563,4.341745348422E-02));
#1680 = CARTESIAN_POINT('',(13.6924408129,3.980259965249E-02));
#1681 = CARTESIAN_POINT('',(13.884318317712,3.617492536598E-02));
#1682 = CARTESIAN_POINT('',(14.223884639081,2.970523530392E-02));
#1683 = CARTESIAN_POINT('',(14.371914877993,2.68678298759E-02));
#1684 = CARTESIAN_POINT('',(14.519453939611,2.402412864475E-02));
#1685 = CARTESIAN_POINT('',(14.666534554078,2.117467279753E-02));
#1686 = CARTESIAN_POINT('',(14.81318485568,1.831992461051E-02));
#1687 = CARTESIAN_POINT('',(14.959429259607,1.546027989434E-02));
#1688 = CARTESIAN_POINT('',(15.10528933872,1.259608043904E-02));
#1689 = CARTESIAN_POINT('',(15.250784700307,9.727626459144E-03));
#1690 = ( GEOMETRIC_REPRESENTATION_CONTEXT(2) 
PARAMETRIC_REPRESENTATION_CONTEXT() REPRESENTATION_CONTEXT('2D SPACE',''
  ) );
#1691 = PCURVE('',#1692,#1697);
#1692 = CONICAL_SURFACE('',#1693,6.5,0.698131700798);
#1693 = AXIS2_PLACEMENT_3D('',#1694,#1695,#1696);
#1694 = CARTESIAN_POINT('',(393.4,20.478801107225,-14.33941090877));
#1695 = DIRECTION('',(-0.,-0.819152044289,0.573576436351));
#1696 = DIRECTION('',(0.,0.573576436351,0.819152044289));
#1697 = DEFINITIONAL_REPRESENTATION('',(#1698),#1799);
#1698 = B_SPLINE_CURVE_WITH_KNOTS('',8,(#1699,#1700,#1701,#1702,#1703,
    #1704,#1705,#1706,#1707,#1708,#1709,#1710,#1711,#1712,#1713,#1714,
    #1715,#1716,#1717,#1718,#1719,#1720,#1721,#1722,#1723,#1724,#1725,
    #1726,#1727,#1728,#1729,#1730,#1731,#1732,#1733,#1734,#1735,#1736,
    #1737,#1738,#1739,#1740,#1741,#1742,#1743,#1744,#1745,#1746,#1747,
    #1748,#1749,#1750,#1751,#1752,#1753,#1754,#1755,#1756,#1757,#1758,
    #1759,#1760,#1761,#1762,#1763,#1764,#1765,#1766,#1767,#1768,#1769,
    #1770,#1771,#1772,#1773,#1774,#1775,#1776,#1777,#1778,#1779,#1780,
    #1781,#1782,#1783,#1784,#1785,#1786,#1787,#1788,#1789,#1790,#1791,
    #1792,#1793,#1794,#1795,#1796,#1797,#1798),.UNSPECIFIED.,.F.,.F.,(9,
    7,7,7,7,7,7,7,7,7,7,7,7,7,9),(0.,3.383835415303E-02,
    7.341185302056E-02,0.124557451046,0.201608192093,0.27559767415,
    0.328061340085,0.37686571855,0.455406334445,0.516035464575,
    0.560665299395,0.647233118331,0.769164002451,0.89900969065,1.),
  .UNSPECIFIED.);
#1699 = CARTESIAN_POINT('',(-4.481386163017,0.));
#1700 = CARTESIAN_POINT('',(-4.478023422102,-5.089509364378E-02));
#1701 = CARTESIAN_POINT('',(-4.474633904907,-0.101785931152));
#1702 = CARTESIAN_POINT('',(-4.471216115558,-0.152671072908));
#1703 = CARTESIAN_POINT('',(-4.467768322361,-0.203548745098));
#1704 = CARTESIAN_POINT('',(-4.464288660015,-0.254417015548));
#1705 = CARTESIAN_POINT('',(-4.460775231832,-0.305273969561));
#1706 = CARTESIAN_POINT('',(-4.457226211963,-0.356117885752));
#1707 = CARTESIAN_POINT('',(-4.449445859806,-0.466391857253));
#1708 = CARTESIAN_POINT('',(-4.445204016977,-0.525773327544));
#1709 = CARTESIAN_POINT('',(-4.44091232575,-0.585086948843));
#1710 = CARTESIAN_POINT('',(-4.436568591004,-0.644327587077));
#1711 = CARTESIAN_POINT('',(-4.432170515866,-0.703489848012));
#1712 = CARTESIAN_POINT('',(-4.427715701712,-0.762568077255));
#1713 = CARTESIAN_POINT('',(-4.423201648168,-0.821556360252));
#1714 = CARTESIAN_POINT('',(-4.412711772892,-0.956561955083));
#1715 = CARTESIAN_POINT('',(-4.406686089104,-1.032622259657));
#1716 = CARTESIAN_POINT('',(-4.40054207412,-1.108624674699));
#1717 = CARTESIAN_POINT('',(-4.394271852226,-1.184562906246));
#1718 = CARTESIAN_POINT('',(-4.387867951239,-1.260431680194));
#1719 = CARTESIAN_POINT('',(-4.381321954267,-1.336224745359));
#1720 = CARTESIAN_POINT('',(-4.37462362541,-1.411933610129));
#1721 = CARTESIAN_POINT('',(-4.357429945965,-1.601471694154));
#1722 = CARTESIAN_POINT('',(-4.346729961772,-1.715186128926));
#1723 = CARTESIAN_POINT('',(-4.335632121351,-1.828673927021));
#1724 = CARTESIAN_POINT('',(-4.324101095139,-1.94191038816));
#1725 = CARTESIAN_POINT('',(-4.312096906585,-2.054866759684));
#1726 = CARTESIAN_POINT('',(-4.299573705443,-2.16750921147));
#1727 = CARTESIAN_POINT('',(-4.286478541075,-2.279797810835));
#1728 = CARTESIAN_POINT('',(-4.259567165847,-2.499127838272));
#1729 = CARTESIAN_POINT('',(-4.245800556953,-2.606198853913));
#1730 = CARTESIAN_POINT('',(-4.231395015121,-2.712856761343));
#1731 = CARTESIAN_POINT('',(-4.216287797881,-2.819051710837));
#1732 = CARTESIAN_POINT('',(-4.200415013569,-2.924734501041));
#1733 = CARTESIAN_POINT('',(-4.183692113073,-3.0298305105));
#1734 = CARTESIAN_POINT('',(-4.166028650061,-3.134261176781));
#1735 = CARTESIAN_POINT('',(-4.134041809864,-3.311427363948));
#1736 = CARTESIAN_POINT('',(-4.120242178381,-3.384543228756));
#1737 = CARTESIAN_POINT('',(-4.105873985572,-3.45723528267));
#1738 = CARTESIAN_POINT('',(-4.090893569713,-3.529461459345));
#1739 = CARTESIAN_POINT('',(-4.075252194619,-3.601171738507));
#1740 = CARTESIAN_POINT('',(-4.058895069619,-3.672306696705));
#1741 = CARTESIAN_POINT('',(-4.041760630656,-3.742796366083));
#1742 = CARTESIAN_POINT('',(-4.007053659336,-3.877456535382));
#1743 = CARTESIAN_POINT('',(-3.989596069644,-3.94172061632));
#1744 = CARTESIAN_POINT('',(-3.971351110813,-4.005288514432));
#1745 = CARTESIAN_POINT('',(-3.952257476889,-4.068082268532));
#1746 = CARTESIAN_POINT('',(-3.932248105178,-4.130007798552));
#1747 = CARTESIAN_POINT('',(-3.911249540658,-4.190952570436));
#1748 = CARTESIAN_POINT('',(-3.889181318187,-4.250782213202));
#1749 = CARTESIAN_POINT('',(-3.828577960705,-4.403566514737));
#1750 = CARTESIAN_POINT('',(-3.788253485662,-4.494364196926));
#1751 = CARTESIAN_POINT('',(-3.744563871184,-4.581234703301));
#1752 = CARTESIAN_POINT('',(-3.697097534019,-4.663302590302));
#1753 = CARTESIAN_POINT('',(-3.645466847297,-4.739241291563));
#1754 = CARTESIAN_POINT('',(-3.58940651419,-4.807391340956));
#1755 = CARTESIAN_POINT('',(-3.528928209137,-4.865663673773));
#1756 = CARTESIAN_POINT('',(-3.414865991445,-4.947852061941));
#1757 = CARTESIAN_POINT('',(-3.362796199355,-4.976614388264));
#1758 = CARTESIAN_POINT('',(-3.308849352454,-4.997182727935));
#1759 = CARTESIAN_POINT('',(-3.25368616865,-5.008693384006));
#1760 = CARTESIAN_POINT('',(-3.198137877288,-5.010698394679));
#1761 = CARTESIAN_POINT('',(-3.143092295761,-5.003272340005));
#1762 = CARTESIAN_POINT('',(-3.089358902123,-4.987029171158));
#1763 = CARTESIAN_POINT('',(-2.999529660728,-4.945278275114));
#1764 = CARTESIAN_POINT('',(-2.962458554637,-4.923317547507));
#1765 = CARTESIAN_POINT('',(-2.926594550788,-4.89743961868));
#1766 = CARTESIAN_POINT('',(-2.892055215109,-4.868033213269));
#1767 = CARTESIAN_POINT('',(-2.858897431406,-4.835489614361));
#1768 = CARTESIAN_POINT('',(-2.827129996125,-4.800171409556));
#1769 = CARTESIAN_POINT('',(-2.796726474696,-4.762395016186));
#1770 = CARTESIAN_POINT('',(-2.711216462499,-4.644901598392));
#1771 = CARTESIAN_POINT('',(-2.659810466514,-4.559223267256));
#1772 = CARTESIAN_POINT('',(-2.612975981632,-4.467272664791));
#1773 = CARTESIAN_POINT('',(-2.570202900629,-4.3704502318));
#1774 = CARTESIAN_POINT('',(-2.53100737383,-4.269795081826));
#1775 = CARTESIAN_POINT('',(-2.494955259369,-4.166055165366));
#1776 = CARTESIAN_POINT('',(-2.461655841398,-4.05972856352));
#1777 = CARTESIAN_POINT('',(-2.387254364346,-3.798086366795));
#1778 = CARTESIAN_POINT('',(-2.348589376061,-3.640739340706));
#1779 = CARTESIAN_POINT('',(-2.313857432585,-3.480140165014));
#1780 = CARTESIAN_POINT('',(-2.282414180547,-3.316975066255));
#1781 = CARTESIAN_POINT('',(-2.253746867021,-3.151763315314));
#1782 = CARTESIAN_POINT('',(-2.227466256937,-2.984853105176));
#1783 = CARTESIAN_POINT('',(-2.203247811235,-2.816499356939));
#1784 = CARTESIAN_POINT('',(-2.156954041125,-2.466210384575));
#1785 = CARTESIAN_POINT('',(-2.135126062169,-2.284152355558));
#1786 = CARTESIAN_POINT('',(-2.115031021192,-2.100929086479));
#1787 = CARTESIAN_POINT('',(-2.096430762706,-1.916718223782));
#1788 = CARTESIAN_POINT('',(-2.079135421318,-1.731657109089));
#1789 = CARTESIAN_POINT('',(-2.062989873864,-1.545853622138));
#1790 = CARTESIAN_POINT('',(-2.047866503961,-1.359391163811));
#1791 = CARTESIAN_POINT('',(-2.022605205251,-1.026849094621));
#1792 = CARTESIAN_POINT('',(-2.012106369494,-0.881006455621));
#1793 = CARTESIAN_POINT('',(-2.002110171178,-0.73484021234));
#1794 = CARTESIAN_POINT('',(-1.992573119763,-0.588378181793));
#1795 = CARTESIAN_POINT('',(-1.983457564009,-0.44164412498));
#1796 = CARTESIAN_POINT('',(-1.974730724937,-0.294658386569));
#1797 = CARTESIAN_POINT('',(-1.96636372879,-0.147438534567));
#1798 = CARTESIAN_POINT('',(-1.958330639993,0.));
#1799 = ( GEOMETRIC_REPRESENTATION_CONTEXT(2) 
PARAMETRIC_REPRESENTATION_CONTEXT() REPRESENTATION_CONTEXT('2D SPACE',''
  ) );
#1800 = ORIENTED_EDGE('',*,*,#1801,.F.);
#1801 = EDGE_CURVE('',#1802,#1483,#1804,.T.);
#1802 = VERTEX_POINT('',#1803);
#1803 = CARTESIAN_POINT('',(399.4168343959,18.658681339935,
    -16.06708792865));
#1804 = SURFACE_CURVE('',#1805,(#1813,#1824),.PCURVE_S1.);
#1805 = B_SPLINE_CURVE_WITH_KNOTS('',6,(#1806,#1807,#1808,#1809,#1810,
    #1811,#1812),.UNSPECIFIED.,.F.,.F.,(7,7),(0.,1.),
  .PIECEWISE_BEZIER_KNOTS.);
#1806 = CARTESIAN_POINT('',(399.4168343959,18.658681339935,
    -16.06708792865));
#1807 = CARTESIAN_POINT('',(399.41704191598,18.733030941326,
    -16.11852825599));
#1808 = CARTESIAN_POINT('',(399.41721851438,18.796251467685,
    -16.16226809792));
#1809 = CARTESIAN_POINT('',(399.4174114689,18.86531097266,-16.2100475086
    ));
#1810 = CARTESIAN_POINT('',(399.41762995536,18.943443702624,
    -16.26410353521));
#1811 = CARTESIAN_POINT('',(399.41784404294,19.019929182343,
    -16.31701902705));
#1812 = CARTESIAN_POINT('',(399.41798387537,19.069872046254,
    -16.35157118491));
#1813 = PCURVE('',#949,#1814);
#1814 = DEFINITIONAL_REPRESENTATION('',(#1815),#1823);
#1815 = B_SPLINE_CURVE_WITH_KNOTS('',6,(#1816,#1817,#1818,#1819,#1820,
    #1821,#1822),.UNSPECIFIED.,.F.,.F.,(7,7),(0.,1.),
  .PIECEWISE_BEZIER_KNOTS.);
#1816 = CARTESIAN_POINT('',(15.286873240487,0.));
#1817 = CARTESIAN_POINT('',(15.280357344572,1.758921937943E-03));
#1818 = CARTESIAN_POINT('',(15.274812828547,3.25455162807E-03));
#1819 = CARTESIAN_POINT('',(15.268754069101,4.888313861233E-03));
#1820 = CARTESIAN_POINT('',(15.261895579502,6.736715584665E-03));
#1821 = CARTESIAN_POINT('',(15.25517420814,8.54613808093E-03));
#1822 = CARTESIAN_POINT('',(15.250784546594,9.727638132296E-03));
#1823 = ( GEOMETRIC_REPRESENTATION_CONTEXT(2) 
PARAMETRIC_REPRESENTATION_CONTEXT() REPRESENTATION_CONTEXT('2D SPACE',''
  ) );
#1824 = PCURVE('',#340,#1825);
#1825 = DEFINITIONAL_REPRESENTATION('',(#1826),#1834);
#1826 = B_SPLINE_CURVE_WITH_KNOTS('',6,(#1827,#1828,#1829,#1830,#1831,
    #1832,#1833),.UNSPECIFIED.,.F.,.F.,(7,7),(0.,1.),
  .PIECEWISE_BEZIER_KNOTS.);
#1827 = CARTESIAN_POINT('',(1.958798325597,2.));
#1828 = CARTESIAN_POINT('',(1.958713940673,2.09040858761));
#1829 = CARTESIAN_POINT('',(1.958642108529,2.167283953683));
#1830 = CARTESIAN_POINT('',(1.958563616618,2.251259332467));
#1831 = CARTESIAN_POINT('',(1.958474711563,2.346267181052));
#1832 = CARTESIAN_POINT('',(1.958387565333,2.43927149736));
#1833 = CARTESIAN_POINT('',(1.958330639431,2.5000006));
#1834 = ( GEOMETRIC_REPRESENTATION_CONTEXT(2) 
PARAMETRIC_REPRESENTATION_CONTEXT() REPRESENTATION_CONTEXT('2D SPACE',''
  ) );
#1835 = ORIENTED_EDGE('',*,*,#1836,.T.);
#1836 = EDGE_CURVE('',#1802,#1837,#1839,.T.);
#1837 = VERTEX_POINT('',#1838);
#1838 = CARTESIAN_POINT('',(424.,19.811115688722,-14.42124111053));
#1839 = SURFACE_CURVE('',#1840,(#1883,#1890),.PCURVE_S1.);
#1840 = B_SPLINE_CURVE_WITH_KNOTS('',3,(#1841,#1842,#1843,#1844,#1845,
    #1846,#1847,#1848,#1849,#1850,#1851,#1852,#1853,#1854,#1855,#1856,
    #1857,#1858,#1859,#1860,#1861,#1862,#1863,#1864,#1865,#1866,#1867,
    #1868,#1869,#1870,#1871,#1872,#1873,#1874,#1875,#1876,#1877,#1878,
    #1879,#1880,#1881,#1882),.UNSPECIFIED.,.F.,.F.,(4,1,1,1,1,1,1,1,1,1,
    1,1,1,1,1,1,1,1,1,1,1,1,1,1,1,1,1,1,1,1,1,1,1,1,1,1,1,1,1,4),(0.,
    6.483122358056E-02,0.2586533308,0.580566623733,1.029497268451,
    1.602097794816,2.294137582521,3.100898787931,4.017052763777,
    5.03661310974,6.15294497491,7.358797548002,8.646347100049,
    10.007246047455,11.432676101,12.913404648892,14.439843804577,
    16.002111699585,17.590095663141,19.193516935314,20.801996548032,
    22.405121994412,23.992514286946,25.553894986232,27.079152762764,
    28.558409040709,29.982082263992,31.340950322882,32.626210685273,
    33.829537791323,34.943137293224,35.959796752881,36.872932447463,
    37.676631974151,38.365692388579,38.935653654213,39.382827220474,
    39.704319584535,39.898050724897,39.962767324218),.UNSPECIFIED.);
#1841 = CARTESIAN_POINT('',(384.8,20.06922508508,-14.0526226906));
#1842 = CARTESIAN_POINT('',(384.79991767474,20.056799463045,
    -14.07036831794));
#1843 = CARTESIAN_POINT('',(384.80456630068,20.00740570877,
    -14.14090990965));
#1844 = CARTESIAN_POINT('',(384.85589814706,19.898392480428,
    -14.29659693442));
#1845 = CARTESIAN_POINT('',(385.04684541294,19.745191797735,
    -14.51539018404));
#1846 = CARTESIAN_POINT('',(385.40274223151,19.585823641247,
    -14.74299149906));
#1847 = CARTESIAN_POINT('',(385.90986830907,19.43278687759,
    -14.96155064804));
#1848 = CARTESIAN_POINT('',(386.55535152904,19.290468892592,
    -15.16480179464));
#1849 = CARTESIAN_POINT('',(387.3283734904,19.160356866015,
    -15.35062102605));
#1850 = CARTESIAN_POINT('',(388.21999949173,19.04353527737,
    -15.51745954501));
#1851 = CARTESIAN_POINT('',(389.22178837425,18.940857167855,
    -15.66409908245));
#1852 = CARTESIAN_POINT('',(390.32537059539,18.853051546633,
    -15.78949850538));
#1853 = CARTESIAN_POINT('',(391.52215870522,18.780646645188,
    -15.89290342106));
#1854 = CARTESIAN_POINT('',(392.80325980677,18.723924766575,
    -15.97391065894));
#1855 = CARTESIAN_POINT('',(394.159449831,18.682885692787,
    -16.03252053037));
#1856 = CARTESIAN_POINT('',(395.58119301755,18.657236311999,
    -16.06915164241));
#1857 = CARTESIAN_POINT('',(397.05867996613,18.646401265451,
    -16.08462569254));
#1858 = CARTESIAN_POINT('',(398.58187502645,18.649551882582,
    -16.08012614497));
#1859 = CARTESIAN_POINT('',(400.14056657095,18.665648096848,
    -16.05713836865));
#1860 = CARTESIAN_POINT('',(401.72441760409,18.693488098201,
    -16.01737872621));
#1861 = CARTESIAN_POINT('',(403.32301588972,18.73176045347,
    -15.96272013832));
#1862 = CARTESIAN_POINT('',(404.92592392113,18.779093994662,
    -15.89512083581));
#1863 = CARTESIAN_POINT('',(406.52272950801,18.834101649682,
    -15.81656176294));
#1864 = CARTESIAN_POINT('',(408.10309779378,18.89541547054,
    -15.7289965519));
#1865 = CARTESIAN_POINT('',(409.65682527194,18.961711336483,
    -15.63431624309));
#1866 = CARTESIAN_POINT('',(411.17389599038,19.03172302698,
    -15.53432918686));
#1867 = CARTESIAN_POINT('',(412.64453971922,19.104246516472,
    -15.4307549099));
#1868 = CARTESIAN_POINT('',(414.0592914863,19.178136321329,
    -15.32522933238));
#1869 = CARTESIAN_POINT('',(415.40905159687,19.252296450915,
    -15.21931769113));
#1870 = CARTESIAN_POINT('',(416.68514506432,19.325668919781,
    -15.11453094597));
#1871 = CARTESIAN_POINT('',(417.87937928754,19.397222831417,
    -15.01234136969));
#1872 = CARTESIAN_POINT('',(418.98409881034,19.465946748467,
    -14.91419344454));
#1873 = CARTESIAN_POINT('',(419.99223608075,19.530846466625,
    -14.82150704142));
#1874 = CARTESIAN_POINT('',(420.89735728769,19.590949482936,
    -14.73567103847));
#1875 = CARTESIAN_POINT('',(421.69370258097,19.645316498146,
    -14.65802689407));
#1876 = CARTESIAN_POINT('',(422.376220265,19.693059331588,
    -14.58984306165));
#1877 = CARTESIAN_POINT('',(422.94059487123,19.733363769829,
    -14.53228235851));
#1878 = CARTESIAN_POINT('',(423.38326932505,19.765515210943,
    -14.48636534197));
#1879 = CARTESIAN_POINT('',(423.70146168442,19.788924577456,
    -14.45293330185));
#1880 = CARTESIAN_POINT('',(423.89317710297,19.803151876698,
    -14.43261461279));
#1881 = CARTESIAN_POINT('',(423.97860805426,19.809519490456,
    -14.4235207179));
#1882 = CARTESIAN_POINT('',(424.,19.811115688722,-14.42124111053));
#1883 = PCURVE('',#949,#1884);
#1884 = DEFINITIONAL_REPRESENTATION('',(#1885),#1889);
#1885 = LINE('',#1886,#1887);
#1886 = CARTESIAN_POINT('',(0.,0.));
#1887 = VECTOR('',#1888,1.);
#1888 = DIRECTION('',(1.,0.));
#1889 = ( GEOMETRIC_REPRESENTATION_CONTEXT(2) 
PARAMETRIC_REPRESENTATION_CONTEXT() REPRESENTATION_CONTEXT('2D SPACE',''
  ) );
#1890 = PCURVE('',#265,#1891);
#1891 = DEFINITIONAL_REPRESENTATION('',(#1892),#1935);
#1892 = B_SPLINE_CURVE_WITH_KNOTS('',3,(#1893,#1894,#1895,#1896,#1897,
    #1898,#1899,#1900,#1901,#1902,#1903,#1904,#1905,#1906,#1907,#1908,
    #1909,#1910,#1911,#1912,#1913,#1914,#1915,#1916,#1917,#1918,#1919,
    #1920,#1921,#1922,#1923,#1924,#1925,#1926,#1927,#1928,#1929,#1930,
    #1931,#1932,#1933,#1934),.UNSPECIFIED.,.F.,.F.,(4,1,1,1,1,1,1,1,1,1,
    1,1,1,1,1,1,1,1,1,1,1,1,1,1,1,1,1,1,1,1,1,1,1,1,1,1,1,1,1,4),(0.,
    6.483122358056E-02,0.2586533308,0.580566623733,1.029497268451,
    1.602097794816,2.294137582521,3.100898787931,4.017052763777,
    5.03661310974,6.15294497491,7.358797548002,8.646347100049,
    10.007246047455,11.432676101,12.913404648892,14.439843804577,
    16.002111699585,17.590095663141,19.193516935314,20.801996548032,
    22.405121994412,23.992514286946,25.553894986232,27.079152762764,
    28.558409040709,29.982082263992,31.340950322882,32.626210685273,
    33.829537791323,34.943137293224,35.959796752881,36.872932447463,
    37.676631974151,38.365692388579,38.935653654213,39.382827220474,
    39.704319584535,39.898050724897,39.962767324218),.UNSPECIFIED.);
#1893 = CARTESIAN_POINT('',(39.202582823074,-8.881784197001E-16));
#1894 = CARTESIAN_POINT('',(39.202913813632,2.166103865073E-02));
#1895 = CARTESIAN_POINT('',(39.199253998282,0.107824108451));
#1896 = CARTESIAN_POINT('',(39.150107187131,0.298459580074));
#1897 = CARTESIAN_POINT('',(38.962238466898,0.567731074224));
#1898 = CARTESIAN_POINT('',(38.60955448956,0.849647951154));
#1899 = CARTESIAN_POINT('',(38.105524508302,1.122263044588));
#1900 = CARTESIAN_POINT('',(37.462931988035,1.37777992781));
#1901 = CARTESIAN_POINT('',(36.692564854484,1.61348177021));
#1902 = CARTESIAN_POINT('',(35.803335517009,1.827375404061));
#1903 = CARTESIAN_POINT('',(34.80366750656,2.017876800733));
#1904 = CARTESIAN_POINT('',(33.70191522481,2.183618982669));
#1905 = CARTESIAN_POINT('',(32.506654984565,2.323582493132));
#1906 = CARTESIAN_POINT('',(31.226773447242,2.437173104092));
#1907 = CARTESIAN_POINT('',(29.871494078502,2.524285314035));
#1908 = CARTESIAN_POINT('',(28.450357876453,2.58532065474));
#1909 = CARTESIAN_POINT('',(26.973185109587,2.621169567012));
#1910 = CARTESIAN_POINT('',(25.450027350972,2.633161501124));
#1911 = CARTESIAN_POINT('',(23.891116369981,2.622992420693));
#1912 = CARTESIAN_POINT('',(22.306812532602,2.592638822883));
#1913 = CARTESIAN_POINT('',(20.707553634366,2.544267450668));
#1914 = CARTESIAN_POINT('',(19.103803935149,2.48014889457));
#1915 = CARTESIAN_POINT('',(17.506002698371,2.402581761841));
#1916 = CARTESIAN_POINT('',(15.924511476092,2.313832207771));
#1917 = CARTESIAN_POINT('',(14.369559601862,2.216091489979));
#1918 = CARTESIAN_POINT('',(12.851187708424,2.111452079679));
#1919 = CARTESIAN_POINT('',(11.379189477814,2.001900842211));
#1920 = CARTESIAN_POINT('',(9.963052182862,1.889326088904));
#1921 = CARTESIAN_POINT('',(8.611896852569,1.775534041331));
#1922 = CARTESIAN_POINT('',(7.334419075195,1.662269540562));
#1923 = CARTESIAN_POINT('',(6.138831543152,1.55123573988));
#1924 = CARTESIAN_POINT('',(5.032809449887,1.444108034599));
#1925 = CARTESIAN_POINT('',(4.023439778471,1.342538525566));
#1926 = CARTESIAN_POINT('',(3.117175378559,1.248148755575));
#1927 = CARTESIAN_POINT('',(2.319794518809,1.162510118636));
#1928 = CARTESIAN_POINT('',(1.636366336917,1.087113020881));
#1929 = CARTESIAN_POINT('',(1.071222311736,1.023327370034));
#1930 = CARTESIAN_POINT('',(0.627933584679,0.972358123375));
#1931 = CARTESIAN_POINT('',(0.309293703558,0.935200305018));
#1932 = CARTESIAN_POINT('',(0.117306188758,0.912598069723));
#1933 = CARTESIAN_POINT('',(3.175343261307E-02,0.902477853176));
#1934 = CARTESIAN_POINT('',(1.033095196374E-02,0.899940704398));
#1935 = ( GEOMETRIC_REPRESENTATION_CONTEXT(2) 
PARAMETRIC_REPRESENTATION_CONTEXT() REPRESENTATION_CONTEXT('2D SPACE',''
  ) );
#1936 = ORIENTED_EDGE('',*,*,#1937,.T.);
#1937 = EDGE_CURVE('',#1837,#1225,#1938,.T.);
#1938 = SURFACE_CURVE('',#1939,(#1942,#1949),.PCURVE_S1.);
#1939 = B_SPLINE_CURVE_WITH_KNOTS('',1,(#1940,#1941),.UNSPECIFIED.,.F.,
  .F.,(2,2),(0.,1.),.PIECEWISE_BEZIER_KNOTS.);
#1940 = CARTESIAN_POINT('',(424.,19.811115688722,-14.42124111053));
#1941 = CARTESIAN_POINT('',(424.,61.915530765177,-43.90306993897));
#1942 = PCURVE('',#949,#1943);
#1943 = DEFINITIONAL_REPRESENTATION('',(#1944),#1948);
#1944 = LINE('',#1945,#1946);
#1945 = CARTESIAN_POINT('',(39.962767324218,0.));
#1946 = VECTOR('',#1947,1.);
#1947 = DIRECTION('',(0.,1.));
#1948 = ( GEOMETRIC_REPRESENTATION_CONTEXT(2) 
PARAMETRIC_REPRESENTATION_CONTEXT() REPRESENTATION_CONTEXT('2D SPACE',''
  ) );
#1949 = PCURVE('',#199,#1950);
#1950 = DEFINITIONAL_REPRESENTATION('',(#1951),#1954);
#1951 = B_SPLINE_CURVE_WITH_KNOTS('',1,(#1952,#1953),.UNSPECIFIED.,.F.,
  .F.,(2,2),(0.,1.),.PIECEWISE_BEZIER_KNOTS.);
#1952 = CARTESIAN_POINT('',(3.552713678801E-15,-51.4));
#1953 = CARTESIAN_POINT('',(0.,0.));
#1954 = ( GEOMETRIC_REPRESENTATION_CONTEXT(2) 
PARAMETRIC_REPRESENTATION_CONTEXT() REPRESENTATION_CONTEXT('2D SPACE',''
  ) );
#1955 = ORIENTED_EDGE('',*,*,#1224,.F.);
#1956 = ADVANCED_FACE('',(#1957),#1692,.T.);
#1957 = FACE_BOUND('',#1958,.T.);
#1958 = EDGE_LOOP('',(#1959,#1960));
#1959 = ORIENTED_EDGE('',*,*,#1482,.T.);
#1960 = ORIENTED_EDGE('',*,*,#1961,.T.);
#1961 = EDGE_CURVE('',#1483,#1451,#1962,.T.);
#1962 = SURFACE_CURVE('',#1963,(#1968,#1975),.PCURVE_S1.);
#1963 = CIRCLE('',#1964,6.5);
#1964 = AXIS2_PLACEMENT_3D('',#1965,#1966,#1967);
#1965 = CARTESIAN_POINT('',(393.4,20.478801107225,-14.33941090877));
#1966 = DIRECTION('',(0.,0.819152044289,-0.573576436351));
#1967 = DIRECTION('',(0.,0.573576436351,0.819152044289));
#1968 = PCURVE('',#1692,#1969);
#1969 = DEFINITIONAL_REPRESENTATION('',(#1970),#1974);
#1970 = LINE('',#1971,#1972);
#1971 = CARTESIAN_POINT('',(-0.,-0.));
#1972 = VECTOR('',#1973,1.);
#1973 = DIRECTION('',(-1.,-0.));
#1974 = ( GEOMETRIC_REPRESENTATION_CONTEXT(2) 
PARAMETRIC_REPRESENTATION_CONTEXT() REPRESENTATION_CONTEXT('2D SPACE',''
  ) );
#1975 = PCURVE('',#340,#1976);
#1976 = DEFINITIONAL_REPRESENTATION('',(#1977),#1981);
#1977 = LINE('',#1978,#1979);
#1978 = CARTESIAN_POINT('',(0.,2.5));
#1979 = VECTOR('',#1980,1.);
#1980 = DIRECTION('',(1.,0.));
#1981 = ( GEOMETRIC_REPRESENTATION_CONTEXT(2) 
PARAMETRIC_REPRESENTATION_CONTEXT() REPRESENTATION_CONTEXT('2D SPACE',''
  ) );
#1982 = ADVANCED_FACE('',(#1983),#883,.T.);
#1983 = FACE_BOUND('',#1984,.T.);
#1984 = EDGE_LOOP('',(#1985,#2011,#2012));
#1985 = ORIENTED_EDGE('',*,*,#1986,.T.);
#1986 = EDGE_CURVE('',#1350,#797,#1987,.T.);
#1987 = SURFACE_CURVE('',#1988,(#1993,#2004),.PCURVE_S1.);
#1988 = CIRCLE('',#1989,6.5);
#1989 = AXIS2_PLACEMENT_3D('',#1990,#1991,#1992);
#1990 = CARTESIAN_POINT('',(393.4,20.06922508508,-14.0526226906));
#1991 = DIRECTION('',(0.,0.819152044289,-0.573576436351));
#1992 = DIRECTION('',(0.,0.573576436351,0.819152044289));
#1993 = PCURVE('',#883,#1994);
#1994 = DEFINITIONAL_REPRESENTATION('',(#1995),#2003);
#1995 = ( BOUNDED_CURVE() B_SPLINE_CURVE(2,(#1996,#1997,#1998,#1999,
#2000,#2001,#2002),.UNSPECIFIED.,.T.,.F.) B_SPLINE_CURVE_WITH_KNOTS((1,2
    ,2,2,2,1),(-2.094395102393,0.,2.094395102393,4.188790204786,
6.28318530718,8.377580409573),.UNSPECIFIED.) CURVE() 
GEOMETRIC_REPRESENTATION_ITEM() RATIONAL_B_SPLINE_CURVE((1.,0.5,1.,0.5,
1.,0.5,1.)) REPRESENTATION_ITEM('') );
#1996 = CARTESIAN_POINT('',(30.528536994649,-6.400853768551));
#1997 = CARTESIAN_POINT('',(19.270948489312,-6.271621247444));
#1998 = CARTESIAN_POINT('',(25.011661388254,3.413120122976));
#1999 = CARTESIAN_POINT('',(30.752374287196,13.097861493396));
#2000 = CARTESIAN_POINT('',(36.269249893591,3.283887601869));
#2001 = CARTESIAN_POINT('',(41.786125499985,-6.530086289658));
#2002 = CARTESIAN_POINT('',(30.528536994649,-6.400853768551));
#2003 = ( GEOMETRIC_REPRESENTATION_CONTEXT(2) 
PARAMETRIC_REPRESENTATION_CONTEXT() REPRESENTATION_CONTEXT('2D SPACE',''
  ) );
#2004 = PCURVE('',#340,#2005);
#2005 = DEFINITIONAL_REPRESENTATION('',(#2006),#2010);
#2006 = LINE('',#2007,#2008);
#2007 = CARTESIAN_POINT('',(0.,2.));
#2008 = VECTOR('',#2009,1.);
#2009 = DIRECTION('',(1.,0.));
#2010 = ( GEOMETRIC_REPRESENTATION_CONTEXT(2) 
PARAMETRIC_REPRESENTATION_CONTEXT() REPRESENTATION_CONTEXT('2D SPACE',''
  ) );
#2011 = ORIENTED_EDGE('',*,*,#828,.T.);
#2012 = ORIENTED_EDGE('',*,*,#1349,.T.);
#2013 = ADVANCED_FACE('',(#2014),#630,.T.);
#2014 = FACE_BOUND('',#2015,.T.);
#2015 = EDGE_LOOP('',(#2016,#2040,#2062));
#2016 = ORIENTED_EDGE('',*,*,#2017,.T.);
#2017 = EDGE_CURVE('',#357,#2018,#2020,.T.);
#2018 = VERTEX_POINT('',#2019);
#2019 = CARTESIAN_POINT('',(393.4,24.207047943507,-9.014922620898));
#2020 = SURFACE_CURVE('',#2021,(#2026,#2033),.PCURVE_S1.);
#2021 = CIRCLE('',#2022,6.5);
#2022 = AXIS2_PLACEMENT_3D('',#2023,#2024,#2025);
#2023 = CARTESIAN_POINT('',(393.4,20.478801107225,-14.33941090877));
#2024 = DIRECTION('',(0.,0.819152044289,-0.573576436351));
#2025 = DIRECTION('',(0.,0.573576436351,0.819152044289));
#2026 = PCURVE('',#630,#2027);
#2027 = DEFINITIONAL_REPRESENTATION('',(#2028),#2032);
#2028 = LINE('',#2029,#2030);
#2029 = CARTESIAN_POINT('',(-0.,-0.));
#2030 = VECTOR('',#2031,1.);
#2031 = DIRECTION('',(-1.,-0.));
#2032 = ( GEOMETRIC_REPRESENTATION_CONTEXT(2) 
PARAMETRIC_REPRESENTATION_CONTEXT() REPRESENTATION_CONTEXT('2D SPACE',''
  ) );
#2033 = PCURVE('',#340,#2034);
#2034 = DEFINITIONAL_REPRESENTATION('',(#2035),#2039);
#2035 = LINE('',#2036,#2037);
#2036 = CARTESIAN_POINT('',(0.,2.5));
#2037 = VECTOR('',#2038,1.);
#2038 = DIRECTION('',(1.,0.));
#2039 = ( GEOMETRIC_REPRESENTATION_CONTEXT(2) 
PARAMETRIC_REPRESENTATION_CONTEXT() REPRESENTATION_CONTEXT('2D SPACE',''
  ) );
#2040 = ORIENTED_EDGE('',*,*,#2041,.T.);
#2041 = EDGE_CURVE('',#2018,#317,#2042,.T.);
#2042 = SURFACE_CURVE('',#2043,(#2048,#2055),.PCURVE_S1.);
#2043 = CIRCLE('',#2044,6.5);
#2044 = AXIS2_PLACEMENT_3D('',#2045,#2046,#2047);
#2045 = CARTESIAN_POINT('',(393.4,20.478801107225,-14.33941090877));
#2046 = DIRECTION('',(0.,0.819152044289,-0.573576436351));
#2047 = DIRECTION('',(0.,0.573576436351,0.819152044289));
#2048 = PCURVE('',#630,#2049);
#2049 = DEFINITIONAL_REPRESENTATION('',(#2050),#2054);
#2050 = LINE('',#2051,#2052);
#2051 = CARTESIAN_POINT('',(-6.28318530718,-0.));
#2052 = VECTOR('',#2053,1.);
#2053 = DIRECTION('',(-1.,-0.));
#2054 = ( GEOMETRIC_REPRESENTATION_CONTEXT(2) 
PARAMETRIC_REPRESENTATION_CONTEXT() REPRESENTATION_CONTEXT('2D SPACE',''
  ) );
#2055 = PCURVE('',#340,#2056);
#2056 = DEFINITIONAL_REPRESENTATION('',(#2057),#2061);
#2057 = LINE('',#2058,#2059);
#2058 = CARTESIAN_POINT('',(0.,2.5));
#2059 = VECTOR('',#2060,1.);
#2060 = DIRECTION('',(1.,0.));
#2061 = ( GEOMETRIC_REPRESENTATION_CONTEXT(2) 
PARAMETRIC_REPRESENTATION_CONTEXT() REPRESENTATION_CONTEXT('2D SPACE',''
  ) );
#2062 = ORIENTED_EDGE('',*,*,#356,.F.);
#2063 = ADVANCED_FACE('',(#2064),#340,.T.);
#2064 = FACE_BOUND('',#2065,.T.);
#2065 = EDGE_LOOP('',(#2066,#2089,#2090,#2091,#2092,#2093,#2094,#2095,
    #2121,#2122,#2123,#2124));
#2066 = ORIENTED_EDGE('',*,*,#2067,.T.);
#2067 = EDGE_CURVE('',#2068,#2018,#2070,.T.);
#2068 = VERTEX_POINT('',#2069);
#2069 = CARTESIAN_POINT('',(393.4,22.159167832784,-7.58098153002));
#2070 = SEAM_CURVE('',#2071,(#2075,#2082),.PCURVE_S1.);
#2071 = LINE('',#2072,#2073);
#2072 = CARTESIAN_POINT('',(393.4,22.159167832784,-7.58098153002));
#2073 = VECTOR('',#2074,1.);
#2074 = DIRECTION('',(0.,0.819152044289,-0.573576436351));
#2075 = PCURVE('',#340,#2076);
#2076 = DEFINITIONAL_REPRESENTATION('',(#2077),#2081);
#2077 = LINE('',#2078,#2079);
#2078 = CARTESIAN_POINT('',(6.28318530718,-0.));
#2079 = VECTOR('',#2080,1.);
#2080 = DIRECTION('',(0.,1.));
#2081 = ( GEOMETRIC_REPRESENTATION_CONTEXT(2) 
PARAMETRIC_REPRESENTATION_CONTEXT() REPRESENTATION_CONTEXT('2D SPACE',''
  ) );
#2082 = PCURVE('',#340,#2083);
#2083 = DEFINITIONAL_REPRESENTATION('',(#2084),#2088);
#2084 = LINE('',#2085,#2086);
#2085 = CARTESIAN_POINT('',(0.,-0.));
#2086 = VECTOR('',#2087,1.);
#2087 = DIRECTION('',(0.,1.));
#2088 = ( GEOMETRIC_REPRESENTATION_CONTEXT(2) 
PARAMETRIC_REPRESENTATION_CONTEXT() REPRESENTATION_CONTEXT('2D SPACE',''
  ) );
#2089 = ORIENTED_EDGE('',*,*,#2017,.F.);
#2090 = ORIENTED_EDGE('',*,*,#796,.F.);
#2091 = ORIENTED_EDGE('',*,*,#1986,.F.);
#2092 = ORIENTED_EDGE('',*,*,#1450,.T.);
#2093 = ORIENTED_EDGE('',*,*,#1961,.F.);
#2094 = ORIENTED_EDGE('',*,*,#1801,.F.);
#2095 = ORIENTED_EDGE('',*,*,#2096,.F.);
#2096 = EDGE_CURVE('',#211,#1802,#2097,.T.);
#2097 = SURFACE_CURVE('',#2098,(#2103,#2110),.PCURVE_S1.);
#2098 = CIRCLE('',#2099,6.5);
#2099 = AXIS2_PLACEMENT_3D('',#2100,#2101,#2102);
#2100 = CARTESIAN_POINT('',(393.4,20.06922508508,-14.0526226906));
#2101 = DIRECTION('',(0.,0.819152044289,-0.573576436351));
#2102 = DIRECTION('',(0.,0.573576436351,0.819152044289));
#2103 = PCURVE('',#340,#2104);
#2104 = DEFINITIONAL_REPRESENTATION('',(#2105),#2109);
#2105 = LINE('',#2106,#2107);
#2106 = CARTESIAN_POINT('',(0.,2.));
#2107 = VECTOR('',#2108,1.);
#2108 = DIRECTION('',(1.,0.));
#2109 = ( GEOMETRIC_REPRESENTATION_CONTEXT(2) 
PARAMETRIC_REPRESENTATION_CONTEXT() REPRESENTATION_CONTEXT('2D SPACE',''
  ) );
#2110 = PCURVE('',#265,#2111);
#2111 = DEFINITIONAL_REPRESENTATION('',(#2112),#2120);
#2112 = ( BOUNDED_CURVE() B_SPLINE_CURVE(2,(#2113,#2114,#2115,#2116,
#2117,#2118,#2119),.UNSPECIFIED.,.T.,.F.) B_SPLINE_CURVE_WITH_KNOTS((1,2
    ,2,2,2,1),(-2.094395102393,0.,2.094395102393,4.188790204786,
6.28318530718,8.377580409573),.UNSPECIFIED.) CURVE() 
GEOMETRIC_REPRESENTATION_ITEM() RATIONAL_B_SPLINE_CURVE((1.,0.5,1.,0.5,
1.,0.5,1.)) REPRESENTATION_ITEM('') );
#2113 = CARTESIAN_POINT('',(30.528536994649,-6.400853768551));
#2114 = CARTESIAN_POINT('',(19.270948489312,-6.271621247444));
#2115 = CARTESIAN_POINT('',(25.011661388254,3.413120122976));
#2116 = CARTESIAN_POINT('',(30.752374287196,13.097861493396));
#2117 = CARTESIAN_POINT('',(36.269249893591,3.283887601869));
#2118 = CARTESIAN_POINT('',(41.786125499985,-6.530086289658));
#2119 = CARTESIAN_POINT('',(30.528536994649,-6.400853768551));
#2120 = ( GEOMETRIC_REPRESENTATION_CONTEXT(2) 
PARAMETRIC_REPRESENTATION_CONTEXT() REPRESENTATION_CONTEXT('2D SPACE',''
  ) );
#2121 = ORIENTED_EDGE('',*,*,#316,.T.);
#2122 = ORIENTED_EDGE('',*,*,#2041,.F.);
#2123 = ORIENTED_EDGE('',*,*,#2067,.F.);
#2124 = ORIENTED_EDGE('',*,*,#2125,.T.);
#2125 = EDGE_CURVE('',#2068,#2068,#2126,.T.);
#2126 = SURFACE_CURVE('',#2127,(#2132,#2139),.PCURVE_S1.);
#2127 = CIRCLE('',#2128,6.5);
#2128 = AXIS2_PLACEMENT_3D('',#2129,#2130,#2131);
#2129 = CARTESIAN_POINT('',(393.4,18.430920996502,-12.90546981789));
#2130 = DIRECTION('',(0.,0.819152044289,-0.573576436351));
#2131 = DIRECTION('',(0.,0.573576436351,0.819152044289));
#2132 = PCURVE('',#340,#2133);
#2133 = DEFINITIONAL_REPRESENTATION('',(#2134),#2138);
#2134 = LINE('',#2135,#2136);
#2135 = CARTESIAN_POINT('',(0.,0.));
#2136 = VECTOR('',#2137,1.);
#2137 = DIRECTION('',(1.,0.));
#2138 = ( GEOMETRIC_REPRESENTATION_CONTEXT(2) 
PARAMETRIC_REPRESENTATION_CONTEXT() REPRESENTATION_CONTEXT('2D SPACE',''
  ) );
#2139 = PCURVE('',#2140,#2145);
#2140 = PLANE('',#2141);
#2141 = AXIS2_PLACEMENT_3D('',#2142,#2143,#2144);
#2142 = CARTESIAN_POINT('',(393.4,18.430920996502,-12.90546981789));
#2143 = DIRECTION('',(0.,0.819152044289,-0.573576436351));
#2144 = DIRECTION('',(0.,0.573576436351,0.819152044289));
#2145 = DEFINITIONAL_REPRESENTATION('',(#2146),#2150);
#2146 = CIRCLE('',#2147,6.5);
#2147 = AXIS2_PLACEMENT_2D('',#2148,#2149);
#2148 = CARTESIAN_POINT('',(0.,0.));
#2149 = DIRECTION('',(1.,0.));
#2150 = ( GEOMETRIC_REPRESENTATION_CONTEXT(2) 
PARAMETRIC_REPRESENTATION_CONTEXT() REPRESENTATION_CONTEXT('2D SPACE',''
  ) );
#2151 = ADVANCED_FACE('',(#2152,#2155),#2140,.F.);
#2152 = FACE_BOUND('',#2153,.F.);
#2153 = EDGE_LOOP('',(#2154));
#2154 = ORIENTED_EDGE('',*,*,#2125,.T.);
#2155 = FACE_BOUND('',#2156,.F.);
#2156 = EDGE_LOOP('',(#2157));
#2157 = ORIENTED_EDGE('',*,*,#2158,.F.);
#2158 = EDGE_CURVE('',#2159,#2159,#2161,.T.);
#2159 = VERTEX_POINT('',#2160);
#2160 = CARTESIAN_POINT('',(393.4,18.918460967401,-12.20919058025));
#2161 = SURFACE_CURVE('',#2162,(#2167,#2174),.PCURVE_S1.);
#2162 = CIRCLE('',#2163,0.85);
#2163 = AXIS2_PLACEMENT_3D('',#2164,#2165,#2166);
#2164 = CARTESIAN_POINT('',(393.4,18.430920996502,-12.90546981789));
#2165 = DIRECTION('',(0.,0.819152044289,-0.573576436351));
#2166 = DIRECTION('',(0.,0.573576436351,0.819152044289));
#2167 = PCURVE('',#2140,#2168);
#2168 = DEFINITIONAL_REPRESENTATION('',(#2169),#2173);
#2169 = CIRCLE('',#2170,0.85);
#2170 = AXIS2_PLACEMENT_2D('',#2171,#2172);
#2171 = CARTESIAN_POINT('',(0.,0.));
#2172 = DIRECTION('',(1.,0.));
#2173 = ( GEOMETRIC_REPRESENTATION_CONTEXT(2) 
PARAMETRIC_REPRESENTATION_CONTEXT() REPRESENTATION_CONTEXT('2D SPACE',''
  ) );
#2174 = PCURVE('',#2175,#2180);
#2175 = CYLINDRICAL_SURFACE('',#2176,0.85);
#2176 = AXIS2_PLACEMENT_3D('',#2177,#2178,#2179);
#2177 = CARTESIAN_POINT('',(393.4,17.611768952213,-12.33189338154));
#2178 = DIRECTION('',(0.,0.819152044289,-0.573576436351));
#2179 = DIRECTION('',(0.,0.573576436351,0.819152044289));
#2180 = DEFINITIONAL_REPRESENTATION('',(#2181),#2185);
#2181 = LINE('',#2182,#2183);
#2182 = CARTESIAN_POINT('',(0.,1.));
#2183 = VECTOR('',#2184,1.);
#2184 = DIRECTION('',(1.,0.));
#2185 = ( GEOMETRIC_REPRESENTATION_CONTEXT(2) 
PARAMETRIC_REPRESENTATION_CONTEXT() REPRESENTATION_CONTEXT('2D SPACE',''
  ) );
#2186 = ADVANCED_FACE('',(#2187),#2175,.F.);
#2187 = FACE_BOUND('',#2188,.F.);
#2188 = EDGE_LOOP('',(#2189,#2212,#2239,#2240));
#2189 = ORIENTED_EDGE('',*,*,#2190,.T.);
#2190 = EDGE_CURVE('',#2159,#2191,#2193,.T.);
#2191 = VERTEX_POINT('',#2192);
#2192 = CARTESIAN_POINT('',(393.4,49.227086606093,-33.43151872524));
#2193 = SEAM_CURVE('',#2194,(#2198,#2205),.PCURVE_S1.);
#2194 = LINE('',#2195,#2196);
#2195 = CARTESIAN_POINT('',(393.4,18.099308923112,-11.6356141439));
#2196 = VECTOR('',#2197,1.);
#2197 = DIRECTION('',(0.,0.819152044289,-0.573576436351));
#2198 = PCURVE('',#2175,#2199);
#2199 = DEFINITIONAL_REPRESENTATION('',(#2200),#2204);
#2200 = LINE('',#2201,#2202);
#2201 = CARTESIAN_POINT('',(6.28318530718,-0.));
#2202 = VECTOR('',#2203,1.);
#2203 = DIRECTION('',(0.,1.));
#2204 = ( GEOMETRIC_REPRESENTATION_CONTEXT(2) 
PARAMETRIC_REPRESENTATION_CONTEXT() REPRESENTATION_CONTEXT('2D SPACE',''
  ) );
#2205 = PCURVE('',#2175,#2206);
#2206 = DEFINITIONAL_REPRESENTATION('',(#2207),#2211);
#2207 = LINE('',#2208,#2209);
#2208 = CARTESIAN_POINT('',(0.,-0.));
#2209 = VECTOR('',#2210,1.);
#2210 = DIRECTION('',(0.,1.));
#2211 = ( GEOMETRIC_REPRESENTATION_CONTEXT(2) 
PARAMETRIC_REPRESENTATION_CONTEXT() REPRESENTATION_CONTEXT('2D SPACE',''
  ) );
#2212 = ORIENTED_EDGE('',*,*,#2213,.F.);
#2213 = EDGE_CURVE('',#2191,#2191,#2214,.T.);
#2214 = SURFACE_CURVE('',#2215,(#2220,#2227),.PCURVE_S1.);
#2215 = CIRCLE('',#2216,0.85);
#2216 = AXIS2_PLACEMENT_3D('',#2217,#2218,#2219);
#2217 = CARTESIAN_POINT('',(393.4,48.739546635195,-34.12779796288));
#2218 = DIRECTION('',(0.,0.819152044289,-0.573576436351));
#2219 = DIRECTION('',(0.,0.573576436351,0.819152044289));
#2220 = PCURVE('',#2175,#2221);
#2221 = DEFINITIONAL_REPRESENTATION('',(#2222),#2226);
#2222 = LINE('',#2223,#2224);
#2223 = CARTESIAN_POINT('',(0.,38.));
#2224 = VECTOR('',#2225,1.);
#2225 = DIRECTION('',(1.,0.));
#2226 = ( GEOMETRIC_REPRESENTATION_CONTEXT(2) 
PARAMETRIC_REPRESENTATION_CONTEXT() REPRESENTATION_CONTEXT('2D SPACE',''
  ) );
#2227 = PCURVE('',#2228,#2233);
#2228 = PLANE('',#2229);
#2229 = AXIS2_PLACEMENT_3D('',#2230,#2231,#2232);
#2230 = CARTESIAN_POINT('',(393.4,48.739546635195,-34.12779796288));
#2231 = DIRECTION('',(0.,0.819152044289,-0.573576436351));
#2232 = DIRECTION('',(0.,0.573576436351,0.819152044289));
#2233 = DEFINITIONAL_REPRESENTATION('',(#2234),#2238);
#2234 = CIRCLE('',#2235,0.85);
#2235 = AXIS2_PLACEMENT_2D('',#2236,#2237);
#2236 = CARTESIAN_POINT('',(0.,0.));
#2237 = DIRECTION('',(1.,0.));
#2238 = ( GEOMETRIC_REPRESENTATION_CONTEXT(2) 
PARAMETRIC_REPRESENTATION_CONTEXT() REPRESENTATION_CONTEXT('2D SPACE',''
  ) );
#2239 = ORIENTED_EDGE('',*,*,#2190,.F.);
#2240 = ORIENTED_EDGE('',*,*,#2158,.T.);
#2241 = ADVANCED_FACE('',(#2242),#2228,.F.);
#2242 = FACE_BOUND('',#2243,.F.);
#2243 = EDGE_LOOP('',(#2244));
#2244 = ORIENTED_EDGE('',*,*,#2213,.T.);
#2245 = ADVANCED_FACE('',(#2246),#265,.T.);
#2246 = FACE_BOUND('',#2247,.T.);
#2247 = EDGE_LOOP('',(#2248,#2269,#2270,#2271));
#2248 = ORIENTED_EDGE('',*,*,#2249,.T.);
#2249 = EDGE_CURVE('',#1837,#22,#2250,.T.);
#2250 = SURFACE_CURVE('',#2251,(#2255,#2262),.PCURVE_S1.);
#2251 = LINE('',#2252,#2253);
#2252 = CARTESIAN_POINT('',(424.,19.811115688722,-14.42124111053));
#2253 = VECTOR('',#2254,1.);
#2254 = DIRECTION('',(0.,0.573576436351,0.819152044289));
#2255 = PCURVE('',#265,#2256);
#2256 = DEFINITIONAL_REPRESENTATION('',(#2257),#2261);
#2257 = LINE('',#2258,#2259);
#2258 = CARTESIAN_POINT('',(1.033095196375E-02,0.899940704398));
#2259 = VECTOR('',#2260,1.);
#2260 = DIRECTION('',(-1.147883551527E-02,-0.999934115997));
#2261 = ( GEOMETRIC_REPRESENTATION_CONTEXT(2) 
PARAMETRIC_REPRESENTATION_CONTEXT() REPRESENTATION_CONTEXT('2D SPACE',''
  ) );
#2262 = PCURVE('',#199,#2263);
#2263 = DEFINITIONAL_REPRESENTATION('',(#2264),#2268);
#2264 = LINE('',#2265,#2266);
#2265 = CARTESIAN_POINT('',(0.,-51.4));
#2266 = VECTOR('',#2267,1.);
#2267 = DIRECTION('',(1.,0.));
#2268 = ( GEOMETRIC_REPRESENTATION_CONTEXT(2) 
PARAMETRIC_REPRESENTATION_CONTEXT() REPRESENTATION_CONTEXT('2D SPACE',''
  ) );
#2269 = ORIENTED_EDGE('',*,*,#210,.T.);
#2270 = ORIENTED_EDGE('',*,*,#2096,.T.);
#2271 = ORIENTED_EDGE('',*,*,#1836,.T.);
#2272 = ADVANCED_FACE('',(#2273),#199,.F.);
#2273 = FACE_BOUND('',#2274,.F.);
#2274 = EDGE_LOOP('',(#2275,#2276,#2277,#2278));
#2275 = ORIENTED_EDGE('',*,*,#2249,.T.);
#2276 = ORIENTED_EDGE('',*,*,#21,.T.);
#2277 = ORIENTED_EDGE('',*,*,#1324,.F.);
#2278 = ORIENTED_EDGE('',*,*,#1937,.F.);
#2279 = ( GEOMETRIC_REPRESENTATION_CONTEXT(3) 
GLOBAL_UNCERTAINTY_ASSIGNED_CONTEXT((#2283)) 
GLOBAL_UNIT_ASSIGNED_CONTEXT((#2280,#2281,#2282)) REPRESENTATION_CONTEXT
('Context #1','3D Context with UNIT and UNCERTAINTY') );
#2280 = ( LENGTH_UNIT() NAMED_UNIT(*) SI_UNIT(.MILLI.,.METRE.) );
#2281 = ( NAMED_UNIT(*) PLANE_ANGLE_UNIT() SI_UNIT($,.RADIAN.) );
#2282 = ( NAMED_UNIT(*) SI_UNIT($,.STERADIAN.) SOLID_ANGLE_UNIT() );
#2283 = UNCERTAINTY_MEASURE_WITH_UNIT(LENGTH_MEASURE(2.E-06),#2280,
  'distance_accuracy_value','confusion accuracy');
#2284 = PRODUCT_RELATED_PRODUCT_CATEGORY('part',$,(#7));
ENDSEC;
END-ISO-10303-21;
