ISO-10303-21;
HEADER;
FILE_DESCRIPTION(('SkyG Speed 90B - revision C6B-3 - 2026-10-08','FN-fin'),'2;1');
FILE_NAME('FN-fin_C6B-3','2026-10-08T03:13:11',('Author'),(
    'Open CASCADE'),'Open CASCADE STEP processor 7.9','Open CASCADE 7.9'
  ,'Unknown');
FILE_SCHEMA(('AUTOMOTIVE_DESIGN { 1 0 10303 214 1 1 1 1 }'));
ENDSEC;
DATA;
#1 = APPLICATION_PROTOCOL_DEFINITION('international standard',
  'automotive_design',2000,#2);
#2 = APPLICATION_CONTEXT(
  'core data for automotive mechanical design processes');
#3 = SHAPE_DEFINITION_REPRESENTATION(#4,#10);
#4 = PRODUCT_DEFINITION_SHAPE('','',#5);
#5 = PRODUCT_DEFINITION('design','',#6,#9);
#6 = PRODUCT_DEFINITION_FORMATION('','',#7);
#7 = PRODUCT('FN-fin C6B-3','FN-fin C6B-3','',(#8));
#8 = PRODUCT_CONTEXT('',#2,'mechanical');
#9 = PRODUCT_DEFINITION_CONTEXT('part definition',#2,'design');
#10 = ADVANCED_BREP_SHAPE_REPRESENTATION('',(#11,#15),#1835);
#11 = AXIS2_PLACEMENT_3D('',#12,#13,#14);
#12 = CARTESIAN_POINT('',(0.,0.,0.));
#13 = DIRECTION('',(0.,0.,1.));
#14 = DIRECTION('',(1.,0.,-0.));
#15 = MANIFOLD_SOLID_BREP('',#16);
#16 = CLOSED_SHELL('',(#17,#481,#550,#633,#718,#881,#1119,#1353,#1524,
    #1709,#1767,#1831));
#17 = ADVANCED_FACE('',(#18),#61,.T.);
#18 = FACE_BOUND('',#19,.T.);
#19 = EDGE_LOOP('',(#20,#229,#372,#457));
#20 = ORIENTED_EDGE('',*,*,#21,.T.);
#21 = EDGE_CURVE('',#22,#24,#26,.T.);
#22 = VERTEX_POINT('',#23);
#23 = CARTESIAN_POINT('',(440.,0.45,15.5));
#24 = VERTEX_POINT('',#25);
#25 = CARTESIAN_POINT('',(377.4,2.620387992946E-18,15.5));
#26 = SURFACE_CURVE('',#27,(#60,#188),.PCURVE_S1.);
#27 = B_SPLINE_CURVE_WITH_KNOTS('',3,(#28,#29,#30,#31,#32,#33,#34,#35,
    #36,#37,#38,#39,#40,#41,#42,#43,#44,#45,#46,#47,#48,#49,#50,#51,#52,
    #53,#54,#55,#56,#57,#58,#59),.UNSPECIFIED.,.F.,.F.,(4,1,1,1,1,1,1,1,
    1,1,1,1,1,1,1,1,1,1,1,1,1,1,1,1,1,1,1,1,1,4),(0.,0.18521222458,
    0.73867974587,1.653920303555,2.920213870944,4.522727386981,
    6.442687606234,8.657600254253,11.141513112528,13.865320077622,
    16.797102660285,19.902504839389,23.145136694164,26.487001836431,
    29.888943372503,33.311102949155,36.713387371868,40.05593730887,
    43.299592687738,46.406349526846,49.33980309035,52.06557235992,
    54.551700752615,56.769027390139,58.691520547044,60.296553170651,
    61.565038078478,62.480926600853,63.029304994595,63.213738296887),
  .UNSPECIFIED.);
#28 = CARTESIAN_POINT('',(440.,0.45,15.5));
#29 = CARTESIAN_POINT('',(439.938495937,0.455362629126,15.5));
#30 = CARTESIAN_POINT('',(439.69319637907,0.476708791692,15.5));
#31 = CARTESIAN_POINT('',(439.14393317887,0.524134433615,15.5));
#32 = CARTESIAN_POINT('',(438.23554301948,0.601368850054,15.5));
#33 = CARTESIAN_POINT('',(436.97852756369,0.705850729698,15.5));
#34 = CARTESIAN_POINT('',(435.3874438371,0.834267594007,15.5));
#35 = CARTESIAN_POINT('',(433.48075293218,0.982767220656,15.5));
#36 = CARTESIAN_POINT('',(431.28061978778,1.147155346861,15.5));
#37 = CARTESIAN_POINT('',(428.81266362608,1.323046022336,15.5));
#38 = CARTESIAN_POINT('',(426.10566115434,1.505942836814,15.5));
#39 = CARTESIAN_POINT('',(423.19120719558,1.691246057548,15.5));
#40 = CARTESIAN_POINT('',(420.10333956362,1.874199233668,15.5));
#41 = CARTESIAN_POINT('',(416.8781364655,2.049805102879,15.5));
#42 = CARTESIAN_POINT('',(413.55329538402,2.212751137638,15.5));
#43 = CARTESIAN_POINT('',(410.16770215157,2.357387287506,15.5));
#44 = CARTESIAN_POINT('',(406.76099778184,2.477791656911,15.5));
#45 = CARTESIAN_POINT('',(403.37314823238,2.567944452268,15.5));
#46 = CARTESIAN_POINT('',(400.0440202761,2.622010638721,15.5));
#47 = CARTESIAN_POINT('',(396.81296090114,2.634704799561,15.5));
#48 = CARTESIAN_POINT('',(393.71838728474,2.601703793622,15.5));
#49 = CARTESIAN_POINT('',(390.79735734455,2.520009379452,15.5));
#50 = CARTESIAN_POINT('',(388.08523069002,2.388321326688,15.5));
#51 = CARTESIAN_POINT('',(385.61509080859,2.206929040322,15.5));
#52 = CARTESIAN_POINT('',(383.41811127003,1.978486341663,15.5));
#53 = CARTESIAN_POINT('',(381.52133299203,1.705193476131,15.5));
#54 = CARTESIAN_POINT('',(379.95412584547,1.396131182129,15.5));
#55 = CARTESIAN_POINT('',(378.73175435948,1.045454566823,15.5));
#56 = CARTESIAN_POINT('',(377.90463867753,0.691468700307,15.5));
#57 = CARTESIAN_POINT('',(377.45317827836,0.303237299733,15.5));
#58 = CARTESIAN_POINT('',(377.40267351134,6.464275253958E-02,15.5));
#59 = CARTESIAN_POINT('',(377.4,2.620387992946E-18,15.5));
#60 = PCURVE('',#61,#182);
#61 = B_SPLINE_SURFACE_WITH_KNOTS('',3,1,(
    (#62,#63)
    ,(#64,#65)
    ,(#66,#67)
    ,(#68,#69)
    ,(#70,#71)
    ,(#72,#73)
    ,(#74,#75)
    ,(#76,#77)
    ,(#78,#79)
    ,(#80,#81)
    ,(#82,#83)
    ,(#84,#85)
    ,(#86,#87)
    ,(#88,#89)
    ,(#90,#91)
    ,(#92,#93)
    ,(#94,#95)
    ,(#96,#97)
    ,(#98,#99)
    ,(#100,#101)
    ,(#102,#103)
    ,(#104,#105)
    ,(#106,#107)
    ,(#108,#109)
    ,(#110,#111)
    ,(#112,#113)
    ,(#114,#115)
    ,(#116,#117)
    ,(#118,#119)
    ,(#120,#121)
    ,(#122,#123)
    ,(#124,#125)
    ,(#126,#127)
    ,(#128,#129)
    ,(#130,#131)
    ,(#132,#133)
    ,(#134,#135)
    ,(#136,#137)
    ,(#138,#139)
    ,(#140,#141)
    ,(#142,#143)
    ,(#144,#145)
    ,(#146,#147)
    ,(#148,#149)
    ,(#150,#151)
    ,(#152,#153)
    ,(#154,#155)
    ,(#156,#157)
    ,(#158,#159)
    ,(#160,#161)
    ,(#162,#163)
    ,(#164,#165)
    ,(#166,#167)
    ,(#168,#169)
    ,(#170,#171)
    ,(#172,#173)
    ,(#174,#175)
    ,(#176,#177)
    ,(#178,#179)
    ,(#180,#181
    )),.UNSPECIFIED.,.F.,.F.,.F.,(4,1,1,1,1,1,1,1,1,1,1,1,1,1,1,1,1,1,1,
    1,1,1,1,1,1,1,1,1,1,1,1,1,1,1,1,1,1,1,1,1,1,1,1,1,1,1,1,1,1,1,1,1,1,
    1,1,1,1,4),(2,2),(0.,0.185101461616,0.18521222458,0.738240469085,
    0.73867974587,1.652945784763,1.653920303555,2.918514800623,
    2.920213870944,4.520137026836,4.522727386981,6.43906553392,
    6.442687606234,8.652834787577,8.657600254253,11.135522723895,
    11.141513112528,13.858054255897,13.865320077622,16.788542712179,
    16.797102660285,19.892665033927,19.902504839389,23.134065956035,
    23.145136694164,26.474785925064,26.487001836431,29.875707198461,
    29.888943372503,33.29701243839,33.311102949155,36.69865014661,
    36.713387371868,40.040801450533,40.05593730887,43.284342999257,
    43.299592687738,46.391301010377,46.406349526846,49.325291766148,
    49.33980309035,52.051944012979,52.06557235992,54.539298619945,
    54.551700752615,56.75818007391,56.769027390139,58.682531328542,
    58.691520547044,60.289690602047,60.296553170651,61.560520629347,
    61.565038078478,62.478844338492,62.480926600853,63.029061515078,
    63.029304994595,63.213738296887),(0.,1.),.UNSPECIFIED.);
#62 = CARTESIAN_POINT('',(440.,0.45,15.5));
#63 = CARTESIAN_POINT('',(440.,0.45,91.6));
#64 = CARTESIAN_POINT('',(439.93853271844,0.455359422099,15.5));
#65 = CARTESIAN_POINT('',(439.96836368897,0.452543711397,91.6));
#66 = CARTESIAN_POINT('',(439.87702774735,0.460711639862,15.5));
#67 = CARTESIAN_POINT('',(439.93670801531,0.455083577082,91.6));
#68 = CARTESIAN_POINT('',(439.63187047785,0.482003848048,15.5));
#69 = CARTESIAN_POINT('',(439.81052943672,0.465185984364,91.6));
#70 = CARTESIAN_POINT('',(439.44802838536,0.497877603795,15.5));
#71 = CARTESIAN_POINT('',(439.71590912872,0.472713725286,91.6));
#72 = CARTESIAN_POINT('',(438.96057671373,0.539723756514,15.5));
#73 = CARTESIAN_POINT('',(439.46502710795,0.492548288571,91.6));
#74 = CARTESIAN_POINT('',(438.65644728487,0.56558213993,15.5));
#75 = CARTESIAN_POINT('',(439.30849837779,0.504794524586,91.6));
#76 = CARTESIAN_POINT('',(437.9323991137,0.626565246954,15.5));
#77 = CARTESIAN_POINT('',(438.93584867333,0.533651343144,91.6));
#78 = CARTESIAN_POINT('',(437.51142783522,0.661556586952,15.5));
#79 = CARTESIAN_POINT('',(438.71918674045,0.550189477392,91.6));
#80 = CARTESIAN_POINT('',(436.55922243343,0.739691818659,15.5));
#81 = CARTESIAN_POINT('',(438.22911718071,0.587075840848,91.6));
#82 = CARTESIAN_POINT('',(436.02621760644,0.782711963659,15.5));
#83 = CARTESIAN_POINT('',(437.95479914678,0.60735405196,91.6));
#84 = CARTESIAN_POINT('',(434.85694904468,0.875582490971,15.5));
#85 = CARTESIAN_POINT('',(437.35302464665,0.651064157889,91.6));
#86 = CARTESIAN_POINT('',(434.21803288701,0.925345329282,15.5));
#87 = CARTESIAN_POINT('',(437.02420410577,0.674441574473,91.6));
#88 = CARTESIAN_POINT('',(432.84533188383,1.030241509559,15.5));
#89 = CARTESIAN_POINT('',(436.31774541923,0.723627837203,91.6));
#90 = CARTESIAN_POINT('',(432.10787480033,1.085345041538,15.5));
#91 = CARTESIAN_POINT('',(435.93821842305,0.749408347171,91.6));
#92 = CARTESIAN_POINT('',(430.54775791956,1.199382609903,15.5));
#93 = CARTESIAN_POINT('',(435.13532416874,0.802641743294,91.6));
#94 = CARTESIAN_POINT('',(429.72029582063,1.258359281842,15.5));
#95 = CARTESIAN_POINT('',(434.70948652329,0.830099618406,91.6));
#96 = CARTESIAN_POINT('',(427.99098240268,1.378557673229,15.5));
#97 = CARTESIAN_POINT('',(433.81953874557,0.885909347109,91.6));
#98 = CARTESIAN_POINT('',(427.08311787078,1.439901626437,15.5));
#99 = CARTESIAN_POINT('',(433.35233507752,0.914302904186,91.6));
#100 = CARTESIAN_POINT('',(425.20481680502,1.563213318955,15.5));
#101 = CARTESIAN_POINT('',(432.3857394608,0.97119068921,91.6));
#102 = CARTESIAN_POINT('',(424.22710581665,1.625382827744,15.5));
#103 = CARTESIAN_POINT('',(431.88260493875,0.999763113315,91.6));
#104 = CARTESIAN_POINT('',(422.22177589416,1.748676612657,15.5));
#105 = CARTESIAN_POINT('',(430.85066759196,1.056193677261,91.6));
#106 = CARTESIAN_POINT('',(421.18560254127,1.810076197074,15.5));
#107 = CARTESIAN_POINT('',(430.31746354654,1.084163338062,91.6));
#108 = CARTESIAN_POINT('',(419.07669142309,1.930089113506,15.5));
#109 = CARTESIAN_POINT('',(429.23225690023,1.13853868366,91.6));
#110 = CARTESIAN_POINT('',(417.99413354583,1.989041290069,15.5));
#111 = CARTESIAN_POINT('',(428.6752018078,1.165084099969,91.6));
#112 = CARTESIAN_POINT('',(415.8063011972,2.102323060441,15.5));
#113 = CARTESIAN_POINT('',(427.54942255374,1.215713920916,91.6));
#114 = CARTESIAN_POINT('',(414.68999000266,2.157043247757,15.5));
#115 = CARTESIAN_POINT('',(426.97501991962,1.239960357512,91.6));
#116 = CARTESIAN_POINT('',(412.44882268628,2.259921360286,15.5));
#117 = CARTESIAN_POINT('',(425.82184203064,1.285043116409,91.6));
#118 = CARTESIAN_POINT('',(411.31179926075,2.308510240092,15.5));
#119 = CARTESIAN_POINT('',(425.23680661815,1.306058196156,91.6));
#120 = CARTESIAN_POINT('',(409.04351979607,2.397102237325,15.5));
#121 = CARTESIAN_POINT('',(424.06973229093,1.343686577043,91.6));
#122 = CARTESIAN_POINT('',(407.89909094038,2.437567623884,15.5));
#123 = CARTESIAN_POINT('',(423.48091590273,1.360491124851,91.6));
#124 = CARTESIAN_POINT('',(405.63026979259,2.507859573584,15.5));
#125 = CARTESIAN_POINT('',(422.31362669981,1.388691643062,91.6));
#126 = CARTESIAN_POINT('',(404.4918647253,2.538174706718,15.5));
#127 = CARTESIAN_POINT('',(421.72794427882,1.400289321444,91.6));
#128 = CARTESIAN_POINT('',(402.24913500455,2.586172780513,15.5));
#129 = CARTESIAN_POINT('',(420.57415402329,1.417099640186,91.6));
#130 = CARTESIAN_POINT('',(401.13016375679,2.60437129391,15.5));
#131 = CARTESIAN_POINT('',(419.9985104909,1.42252548484,91.6));
#132 = CARTESIAN_POINT('',(398.93994054531,2.626317376778,15.5));
#133 = CARTESIAN_POINT('',(418.87182014051,1.426104722737,91.6));
#134 = CARTESIAN_POINT('',(397.85365293092,2.630616136841,15.5));
#135 = CARTESIAN_POINT('',(418.31303742166,1.424488027681,91.6));
#136 = CARTESIAN_POINT('',(395.74185865807,2.623246413625,15.5));
#137 = CARTESIAN_POINT('',(417.22679289342,1.413249142997,91.6));
#138 = CARTESIAN_POINT('',(394.70120596818,2.612184722251,15.5));
#139 = CARTESIAN_POINT('',(416.69153826929,1.403884678361,91.6));
#140 = CARTESIAN_POINT('',(392.69299384328,2.572985067096,15.5));
#141 = CARTESIAN_POINT('',(415.65868716031,1.376625116341,91.6));
#142 = CARTESIAN_POINT('',(391.71048308272,2.545547382749,15.5));
#143 = CARTESIAN_POINT('',(415.15339782537,1.359035921711,91.6));
#144 = CARTESIAN_POINT('',(389.82998771227,2.472993210652,15.5));
#145 = CARTESIAN_POINT('',(414.18636039654,1.315060060145,91.6));
#146 = CARTESIAN_POINT('',(388.91756519537,2.428735556634,15.5));
#147 = CARTESIAN_POINT('',(413.71718308321,1.289061528349,91.6));
#148 = CARTESIAN_POINT('',(387.18759843072,2.322355311874,15.5));
#149 = CARTESIAN_POINT('',(412.82769472122,1.228212433673,91.6));
#150 = CARTESIAN_POINT('',(386.35645245521,2.261370201779,15.5));
#151 = CARTESIAN_POINT('',(412.4003843148,1.193894921371,91.6));
#152 = CARTESIAN_POINT('',(384.79847358934,2.12196467012,15.5));
#153 = CARTESIAN_POINT('',(411.59948163101,1.116665868677,91.6));
#154 = CARTESIAN_POINT('',(384.05915302595,2.04514208702,15.5));
#155 = CARTESIAN_POINT('',(411.21946106116,1.074524068325,91.6));
#156 = CARTESIAN_POINT('',(382.69257171278,1.873892849272,15.5));
#157 = CARTESIAN_POINT('',(410.51711843745,0.981600766713,91.6));
#158 = CARTESIAN_POINT('',(382.05423468341,1.781975370976,15.5));
#159 = CARTESIAN_POINT('',(410.1890961655,0.93206058398,91.6));
#160 = CARTESIAN_POINT('',(380.89830460064,1.582273607655,15.5));
#161 = CARTESIAN_POINT('',(409.59521605147,0.82525951031,91.6));
#162 = CARTESIAN_POINT('',(380.37087505836,1.478316532064,15.5));
#163 = CARTESIAN_POINT('',(409.32428486509,0.769903477698,91.6));
#164 = CARTESIAN_POINT('',(379.44006016115,1.248596136782,15.5));
#165 = CARTESIAN_POINT('',(408.84626885026,0.648506214315,91.6));
#166 = CARTESIAN_POINT('',(379.02865524557,1.130630144793,15.5));
#167 = CARTESIAN_POINT('',(408.63507147945,0.586414797255,91.6));
#168 = CARTESIAN_POINT('',(378.34983994921,0.881964337614,15.5));
#169 = CARTESIAN_POINT('',(408.28677595956,0.456192199333,91.6));
#170 = CARTESIAN_POINT('',(378.07124533276,0.762772391563,15.5));
#171 = CARTESIAN_POINT('',(408.1438983203,0.393832027549,91.6));
#172 = CARTESIAN_POINT('',(377.65448218405,0.476335748092,15.5));
#173 = CARTESIAN_POINT('',(407.93026381854,0.245408324131,91.6));
#174 = CARTESIAN_POINT('',(377.50374796513,0.346724481244,15.5));
#175 = CARTESIAN_POINT('',(407.85316989737,0.178452307507,91.6));
#176 = CARTESIAN_POINT('',(377.41540128014,0.124771259455,15.5));
#177 = CARTESIAN_POINT('',(407.80792752076,6.416734125198E-02,91.6));
#178 = CARTESIAN_POINT('',(377.40267351134,6.464275253958E-02,15.5));
#179 = CARTESIAN_POINT('',(407.80139698691,3.323163419045E-02,91.6));
#180 = CARTESIAN_POINT('',(377.4,2.620387992946E-18,15.5));
#181 = CARTESIAN_POINT('',(407.8,1.345495681678E-18,91.6));
#182 = DEFINITIONAL_REPRESENTATION('',(#183),#187);
#183 = LINE('',#184,#185);
#184 = CARTESIAN_POINT('',(0.,0.));
#185 = VECTOR('',#186,1.);
#186 = DIRECTION('',(1.,0.));
#187 = ( GEOMETRIC_REPRESENTATION_CONTEXT(2) 
PARAMETRIC_REPRESENTATION_CONTEXT() REPRESENTATION_CONTEXT('2D SPACE',''
  ) );
#188 = PCURVE('',#189,#194);
#189 = PLANE('',#190);
#190 = AXIS2_PLACEMENT_3D('',#191,#192,#193);
#191 = CARTESIAN_POINT('',(440.,0.45,15.5));
#192 = DIRECTION('',(0.,0.,1.));
#193 = DIRECTION('',(-0.999974163747,-7.18831267869E-03,0.));
#194 = DEFINITIONAL_REPRESENTATION('',(#195),#228);
#195 = B_SPLINE_CURVE_WITH_KNOTS('',3,(#196,#197,#198,#199,#200,#201,
    #202,#203,#204,#205,#206,#207,#208,#209,#210,#211,#212,#213,#214,
    #215,#216,#217,#218,#219,#220,#221,#222,#223,#224,#225,#226,#227),
  .UNSPECIFIED.,.F.,.F.,(4,1,1,1,1,1,1,1,1,1,1,1,1,1,1,1,1,1,1,1,1,1,1,1
    ,1,1,1,1,1,4),(0.,0.18521222458,0.73867974587,1.653920303555,
    2.920213870944,4.522727386981,6.442687606234,8.657600254253,
    11.141513112528,13.865320077622,16.797102660285,19.902504839389,
    23.145136694164,26.487001836431,29.888943372503,33.311102949155,
    36.713387371868,40.05593730887,43.299592687738,46.406349526846,
    49.33980309035,52.06557235992,54.551700752615,56.769027390139,
    58.691520547044,60.296553170651,61.565038078478,62.480926600853,
    63.029304994595,63.213738296887),.UNSPECIFIED.);
#196 = CARTESIAN_POINT('',(0.,0.));
#197 = CARTESIAN_POINT('',(6.146392570946E-02,-5.804601011759E-03));
#198 = CARTESIAN_POINT('',(0.306603703128,-2.891350199468E-02));
#199 = CARTESIAN_POINT('',(0.855511802079,-8.028619424328E-02));
#200 = CARTESIAN_POINT('',(1.763323306934,-0.164048407734));
#201 = CARTESIAN_POINT('',(3.019555237736,-0.277563408096));
#202 = CARTESIAN_POINT('',(4.609674756104,-0.417414161919));
#203 = CARTESIAN_POINT('',(6.515248937534,-0.579615842301));
#204 = CARTESIAN_POINT('',(8.714143565484,-0.759814966309));
#205 = CARTESIAN_POINT('',(11.180771607262,-0.953441537995));
#206 = CARTESIAN_POINT('',(13.886389420715,-1.155792407293));
#207 = CARTESIAN_POINT('',(16.799436063414,-1.362040846829));
#208 = CARTESIAN_POINT('',(19.885908791811,-1.567185854174));
#209 = CARTESIAN_POINT('',(23.109766252865,-1.765970954709));
#210 = CARTESIAN_POINT('',(26.433350125858,-1.952812776854));
#211 = CARTESIAN_POINT('',(29.817816197394,-2.121781892623));
#212 = CARTESIAN_POINT('',(33.2235670464,-2.266671607443));
#213 = CARTESIAN_POINT('',(36.610681020033,-2.38117499546));
#214 = CARTESIAN_POINT('',(39.939334319466,-2.459170597743));
#215 = CARTESIAN_POINT('',(43.170218966359,-2.495090295683));
#216 = CARTESIAN_POINT('',(46.264949852122,-2.484334905129));
#217 = CARTESIAN_POINT('',(49.186491568841,-2.423639878191));
#218 = CARTESIAN_POINT('',(51.89949476708,-2.31145084217));
#219 = CARTESIAN_POINT('',(54.37087473382,-2.147819380129));
#220 = CARTESIAN_POINT('',(56.569439628209,-1.935175159444));
#221 = CARTESIAN_POINT('',(58.468133415132,-1.67552399012));
#222 = CARTESIAN_POINT('',(60.03752170734,-1.377735256132));
#223 = CARTESIAN_POINT('',(61.262382384983,-1.035854489447));
#224 = CARTESIAN_POINT('',(62.092021258457,-0.687823334743));
#225 = CARTESIAN_POINT('',(62.546260722285,-0.302847203125));
#226 = CARTESIAN_POINT('',(62.598479276653,-6.462186437752E-02));
#227 = CARTESIAN_POINT('',(62.601617391246,-4.440892098501E-16));
#228 = ( GEOMETRIC_REPRESENTATION_CONTEXT(2) 
PARAMETRIC_REPRESENTATION_CONTEXT() REPRESENTATION_CONTEXT('2D SPACE',''
  ) );
#229 = ORIENTED_EDGE('',*,*,#230,.T.);
#230 = EDGE_CURVE('',#24,#231,#233,.T.);
#231 = VERTEX_POINT('',#232);
#232 = CARTESIAN_POINT('',(407.8,1.345495681678E-18,91.6));
#233 = SURFACE_CURVE('',#234,(#237,#244),.PCURVE_S1.);
#234 = B_SPLINE_CURVE_WITH_KNOTS('',1,(#235,#236),.UNSPECIFIED.,.F.,.F.,
  (2,2),(0.,1.),.PIECEWISE_BEZIER_KNOTS.);
#235 = CARTESIAN_POINT('',(377.4,2.620387992946E-18,15.5));
#236 = CARTESIAN_POINT('',(407.8,1.345495681678E-18,91.6));
#237 = PCURVE('',#61,#238);
#238 = DEFINITIONAL_REPRESENTATION('',(#239),#243);
#239 = LINE('',#240,#241);
#240 = CARTESIAN_POINT('',(63.213738296887,0.));
#241 = VECTOR('',#242,1.);
#242 = DIRECTION('',(0.,1.));
#243 = ( GEOMETRIC_REPRESENTATION_CONTEXT(2) 
PARAMETRIC_REPRESENTATION_CONTEXT() REPRESENTATION_CONTEXT('2D SPACE',''
  ) );
#244 = PCURVE('',#245,#366);
#245 = B_SPLINE_SURFACE_WITH_KNOTS('',3,1,(
    (#246,#247)
    ,(#248,#249)
    ,(#250,#251)
    ,(#252,#253)
    ,(#254,#255)
    ,(#256,#257)
    ,(#258,#259)
    ,(#260,#261)
    ,(#262,#263)
    ,(#264,#265)
    ,(#266,#267)
    ,(#268,#269)
    ,(#270,#271)
    ,(#272,#273)
    ,(#274,#275)
    ,(#276,#277)
    ,(#278,#279)
    ,(#280,#281)
    ,(#282,#283)
    ,(#284,#285)
    ,(#286,#287)
    ,(#288,#289)
    ,(#290,#291)
    ,(#292,#293)
    ,(#294,#295)
    ,(#296,#297)
    ,(#298,#299)
    ,(#300,#301)
    ,(#302,#303)
    ,(#304,#305)
    ,(#306,#307)
    ,(#308,#309)
    ,(#310,#311)
    ,(#312,#313)
    ,(#314,#315)
    ,(#316,#317)
    ,(#318,#319)
    ,(#320,#321)
    ,(#322,#323)
    ,(#324,#325)
    ,(#326,#327)
    ,(#328,#329)
    ,(#330,#331)
    ,(#332,#333)
    ,(#334,#335)
    ,(#336,#337)
    ,(#338,#339)
    ,(#340,#341)
    ,(#342,#343)
    ,(#344,#345)
    ,(#346,#347)
    ,(#348,#349)
    ,(#350,#351)
    ,(#352,#353)
    ,(#354,#355)
    ,(#356,#357)
    ,(#358,#359)
    ,(#360,#361)
    ,(#362,#363)
    ,(#364,#365
    )),.UNSPECIFIED.,.F.,.F.,.F.,(4,1,1,1,1,1,1,1,1,1,1,1,1,1,1,1,1,1,1,
    1,1,1,1,1,1,1,1,1,1,1,1,1,1,1,1,1,1,1,1,1,1,1,1,1,1,1,1,1,1,1,1,1,1,
    1,1,1,1,4),(2,2),(0.,0.184433302292,0.184676781809,0.732811696033,
    0.734893958394,1.648700218409,1.65321766754,2.917185126235,
    2.924047694839,4.522217749842,4.531206968344,6.444710906748,
    6.455558222977,8.662037544272,8.674439676941,11.148165936966,
    11.161794283907,13.873935206537,13.888446530739,16.807388770041,
    16.82243728651,19.914145609149,19.929395297629,23.157800988017,
    23.172936846354,26.500350925019,26.515088150277,29.902635347732,
    29.916725858497,33.324794924383,33.338031098426,36.726736460456,
    36.738952371823,40.068601602722,40.079672340852,43.311233457498,
    43.32107326296,46.416635636601,46.425195584708,49.348418219265,
    49.35568404099,52.072225184358,52.078215572992,54.556138042634,
    54.560903509309,56.771050690652,56.774672762966,58.691010909905,
    58.69360127005,60.293524425943,60.295223496264,61.559817993332,
    61.560792512123,62.475058551017,62.475497827801,63.028526072306,
    63.028636835271,63.213738296887),(0.,1.),.UNSPECIFIED.);
#246 = CARTESIAN_POINT('',(377.4,2.620387992946E-18,15.5));
#247 = CARTESIAN_POINT('',(407.8,1.345495681678E-18,91.6));
#248 = CARTESIAN_POINT('',(377.40267351134,-6.464275253958E-02,15.5));
#249 = CARTESIAN_POINT('',(407.80139698691,-3.323163419045E-02,91.6));
#250 = CARTESIAN_POINT('',(377.41540128014,-0.124771259455,15.5));
#251 = CARTESIAN_POINT('',(407.80792752076,-6.416734125198E-02,91.6));
#252 = CARTESIAN_POINT('',(377.50374796513,-0.346724481244,15.5));
#253 = CARTESIAN_POINT('',(407.85316989737,-0.178452307507,91.6));
#254 = CARTESIAN_POINT('',(377.65448218405,-0.476335748092,15.5));
#255 = CARTESIAN_POINT('',(407.93026381854,-0.245408324131,91.6));
#256 = CARTESIAN_POINT('',(378.07124533276,-0.762772391563,15.5));
#257 = CARTESIAN_POINT('',(408.1438983203,-0.393832027549,91.6));
#258 = CARTESIAN_POINT('',(378.34983994921,-0.881964337614,15.5));
#259 = CARTESIAN_POINT('',(408.28677595956,-0.456192199333,91.6));
#260 = CARTESIAN_POINT('',(379.02865524557,-1.130630144793,15.5));
#261 = CARTESIAN_POINT('',(408.63507147945,-0.586414797255,91.6));
#262 = CARTESIAN_POINT('',(379.44006016115,-1.248596136782,15.5));
#263 = CARTESIAN_POINT('',(408.84626885026,-0.648506214315,91.6));
#264 = CARTESIAN_POINT('',(380.37087505836,-1.478316532064,15.5));
#265 = CARTESIAN_POINT('',(409.32428486509,-0.769903477698,91.6));
#266 = CARTESIAN_POINT('',(380.89830460064,-1.582273607655,15.5));
#267 = CARTESIAN_POINT('',(409.59521605147,-0.82525951031,91.6));
#268 = CARTESIAN_POINT('',(382.05423468341,-1.781975370976,15.5));
#269 = CARTESIAN_POINT('',(410.1890961655,-0.93206058398,91.6));
#270 = CARTESIAN_POINT('',(382.69257171278,-1.873892849272,15.5));
#271 = CARTESIAN_POINT('',(410.51711843745,-0.981600766713,91.6));
#272 = CARTESIAN_POINT('',(384.05915302595,-2.04514208702,15.5));
#273 = CARTESIAN_POINT('',(411.21946106116,-1.074524068325,91.6));
#274 = CARTESIAN_POINT('',(384.79847358934,-2.12196467012,15.5));
#275 = CARTESIAN_POINT('',(411.59948163101,-1.116665868677,91.6));
#276 = CARTESIAN_POINT('',(386.35645245521,-2.261370201779,15.5));
#277 = CARTESIAN_POINT('',(412.4003843148,-1.193894921371,91.6));
#278 = CARTESIAN_POINT('',(387.18759843072,-2.322355311874,15.5));
#279 = CARTESIAN_POINT('',(412.82769472122,-1.228212433673,91.6));
#280 = CARTESIAN_POINT('',(388.91756519537,-2.428735556634,15.5));
#281 = CARTESIAN_POINT('',(413.71718308321,-1.289061528349,91.6));
#282 = CARTESIAN_POINT('',(389.82998771227,-2.472993210652,15.5));
#283 = CARTESIAN_POINT('',(414.18636039654,-1.315060060145,91.6));
#284 = CARTESIAN_POINT('',(391.71048308272,-2.545547382749,15.5));
#285 = CARTESIAN_POINT('',(415.15339782537,-1.359035921711,91.6));
#286 = CARTESIAN_POINT('',(392.69299384328,-2.572985067096,15.5));
#287 = CARTESIAN_POINT('',(415.65868716031,-1.376625116341,91.6));
#288 = CARTESIAN_POINT('',(394.70120596818,-2.612184722251,15.5));
#289 = CARTESIAN_POINT('',(416.69153826929,-1.403884678361,91.6));
#290 = CARTESIAN_POINT('',(395.74185865807,-2.623246413625,15.5));
#291 = CARTESIAN_POINT('',(417.22679289342,-1.413249142997,91.6));
#292 = CARTESIAN_POINT('',(397.85365293092,-2.630616136841,15.5));
#293 = CARTESIAN_POINT('',(418.31303742166,-1.424488027681,91.6));
#294 = CARTESIAN_POINT('',(398.93994054531,-2.626317376778,15.5));
#295 = CARTESIAN_POINT('',(418.87182014051,-1.426104722737,91.6));
#296 = CARTESIAN_POINT('',(401.13016375679,-2.60437129391,15.5));
#297 = CARTESIAN_POINT('',(419.9985104909,-1.42252548484,91.6));
#298 = CARTESIAN_POINT('',(402.24913500455,-2.586172780513,15.5));
#299 = CARTESIAN_POINT('',(420.57415402329,-1.417099640186,91.6));
#300 = CARTESIAN_POINT('',(404.4918647253,-2.538174706718,15.5));
#301 = CARTESIAN_POINT('',(421.72794427882,-1.400289321444,91.6));
#302 = CARTESIAN_POINT('',(405.63026979259,-2.507859573584,15.5));
#303 = CARTESIAN_POINT('',(422.31362669981,-1.388691643062,91.6));
#304 = CARTESIAN_POINT('',(407.89909094038,-2.437567623884,15.5));
#305 = CARTESIAN_POINT('',(423.48091590273,-1.360491124851,91.6));
#306 = CARTESIAN_POINT('',(409.04351979607,-2.397102237325,15.5));
#307 = CARTESIAN_POINT('',(424.06973229093,-1.343686577043,91.6));
#308 = CARTESIAN_POINT('',(411.31179926075,-2.308510240092,15.5));
#309 = CARTESIAN_POINT('',(425.23680661815,-1.306058196156,91.6));
#310 = CARTESIAN_POINT('',(412.44882268628,-2.259921360286,15.5));
#311 = CARTESIAN_POINT('',(425.82184203064,-1.285043116409,91.6));
#312 = CARTESIAN_POINT('',(414.68999000266,-2.157043247757,15.5));
#313 = CARTESIAN_POINT('',(426.97501991962,-1.239960357512,91.6));
#314 = CARTESIAN_POINT('',(415.8063011972,-2.102323060441,15.5));
#315 = CARTESIAN_POINT('',(427.54942255374,-1.215713920916,91.6));
#316 = CARTESIAN_POINT('',(417.99413354583,-1.989041290069,15.5));
#317 = CARTESIAN_POINT('',(428.6752018078,-1.165084099969,91.6));
#318 = CARTESIAN_POINT('',(419.07669142309,-1.930089113506,15.5));
#319 = CARTESIAN_POINT('',(429.23225690023,-1.13853868366,91.6));
#320 = CARTESIAN_POINT('',(421.18560254127,-1.810076197074,15.5));
#321 = CARTESIAN_POINT('',(430.31746354654,-1.084163338062,91.6));
#322 = CARTESIAN_POINT('',(422.22177589416,-1.748676612657,15.5));
#323 = CARTESIAN_POINT('',(430.85066759196,-1.056193677261,91.6));
#324 = CARTESIAN_POINT('',(424.22710581665,-1.625382827744,15.5));
#325 = CARTESIAN_POINT('',(431.88260493875,-0.999763113315,91.6));
#326 = CARTESIAN_POINT('',(425.20481680502,-1.563213318955,15.5));
#327 = CARTESIAN_POINT('',(432.3857394608,-0.97119068921,91.6));
#328 = CARTESIAN_POINT('',(427.08311787078,-1.439901626437,15.5));
#329 = CARTESIAN_POINT('',(433.35233507752,-0.914302904186,91.6));
#330 = CARTESIAN_POINT('',(427.99098240268,-1.378557673229,15.5));
#331 = CARTESIAN_POINT('',(433.81953874557,-0.885909347109,91.6));
#332 = CARTESIAN_POINT('',(429.72029582063,-1.258359281842,15.5));
#333 = CARTESIAN_POINT('',(434.70948652329,-0.830099618406,91.6));
#334 = CARTESIAN_POINT('',(430.54775791956,-1.199382609903,15.5));
#335 = CARTESIAN_POINT('',(435.13532416874,-0.802641743294,91.6));
#336 = CARTESIAN_POINT('',(432.10787480033,-1.085345041538,15.5));
#337 = CARTESIAN_POINT('',(435.93821842305,-0.749408347171,91.6));
#338 = CARTESIAN_POINT('',(432.84533188383,-1.030241509559,15.5));
#339 = CARTESIAN_POINT('',(436.31774541923,-0.723627837203,91.6));
#340 = CARTESIAN_POINT('',(434.21803288701,-0.925345329282,15.5));
#341 = CARTESIAN_POINT('',(437.02420410577,-0.674441574473,91.6));
#342 = CARTESIAN_POINT('',(434.85694904468,-0.875582490971,15.5));
#343 = CARTESIAN_POINT('',(437.35302464665,-0.651064157889,91.6));
#344 = CARTESIAN_POINT('',(436.02621760644,-0.782711963659,15.5));
#345 = CARTESIAN_POINT('',(437.95479914678,-0.60735405196,91.6));
#346 = CARTESIAN_POINT('',(436.55922243343,-0.739691818659,15.5));
#347 = CARTESIAN_POINT('',(438.22911718071,-0.587075840848,91.6));
#348 = CARTESIAN_POINT('',(437.51142783522,-0.661556586952,15.5));
#349 = CARTESIAN_POINT('',(438.71918674045,-0.550189477392,91.6));
#350 = CARTESIAN_POINT('',(437.9323991137,-0.626565246954,15.5));
#351 = CARTESIAN_POINT('',(438.93584867333,-0.533651343144,91.6));
#352 = CARTESIAN_POINT('',(438.65644728487,-0.56558213993,15.5));
#353 = CARTESIAN_POINT('',(439.30849837779,-0.504794524586,91.6));
#354 = CARTESIAN_POINT('',(438.96057671373,-0.539723756514,15.5));
#355 = CARTESIAN_POINT('',(439.46502710795,-0.492548288571,91.6));
#356 = CARTESIAN_POINT('',(439.44802838536,-0.497877603795,15.5));
#357 = CARTESIAN_POINT('',(439.71590912872,-0.472713725286,91.6));
#358 = CARTESIAN_POINT('',(439.63187047785,-0.482003848048,15.5));
#359 = CARTESIAN_POINT('',(439.81052943672,-0.465185984364,91.6));
#360 = CARTESIAN_POINT('',(439.87702774735,-0.460711639862,15.5));
#361 = CARTESIAN_POINT('',(439.93670801531,-0.455083577082,91.6));
#362 = CARTESIAN_POINT('',(439.93853271844,-0.455359422099,15.5));
#363 = CARTESIAN_POINT('',(439.96836368897,-0.452543711397,91.6));
#364 = CARTESIAN_POINT('',(440.,-0.45,15.5));
#365 = CARTESIAN_POINT('',(440.,-0.45,91.6));
#366 = DEFINITIONAL_REPRESENTATION('',(#367),#371);
#367 = LINE('',#368,#369);
#368 = CARTESIAN_POINT('',(0.,0.));
#369 = VECTOR('',#370,1.);
#370 = DIRECTION('',(0.,1.));
#371 = ( GEOMETRIC_REPRESENTATION_CONTEXT(2) 
PARAMETRIC_REPRESENTATION_CONTEXT() REPRESENTATION_CONTEXT('2D SPACE',''
  ) );
#372 = ORIENTED_EDGE('',*,*,#373,.F.);
#373 = EDGE_CURVE('',#374,#231,#376,.T.);
#374 = VERTEX_POINT('',#375);
#375 = CARTESIAN_POINT('',(440.,0.45,91.6));
#376 = SURFACE_CURVE('',#377,(#410,#416),.PCURVE_S1.);
#377 = B_SPLINE_CURVE_WITH_KNOTS('',3,(#378,#379,#380,#381,#382,#383,
    #384,#385,#386,#387,#388,#389,#390,#391,#392,#393,#394,#395,#396,
    #397,#398,#399,#400,#401,#402,#403,#404,#405,#406,#407,#408,#409),
  .UNSPECIFIED.,.F.,.F.,(4,1,1,1,1,1,1,1,1,1,1,1,1,1,1,1,1,1,1,1,1,1,1,1
    ,1,1,1,1,1,4),(0.,9.521522893829E-02,0.379747056894,0.850266712887,
    1.501268831023,2.325134972382,3.312221813961,4.450973201784,
    5.728054961026,7.128511018195,8.635939035402,10.232683409742,
    11.90004318197,13.618492155266,15.367908366356,17.12780998379,
    18.877594725226,20.596779969746,22.26524086917,23.863443907371,
    25.372673489215,26.775249220657,28.054731491003,29.196112568071,
    30.185988842779,31.01270321246,31.666411567513,32.138792506282,
    32.421821359631,32.516818135486),.UNSPECIFIED.);
#378 = CARTESIAN_POINT('',(440.,0.45,91.6));
#379 = CARTESIAN_POINT('',(439.96836368897,0.452543711397,91.6));
#380 = CARTESIAN_POINT('',(439.8421868158,0.462667404034,91.6));
#381 = CARTESIAN_POINT('',(439.55965723963,0.485144736457,91.6));
#382 = CARTESIAN_POINT('',(439.09240035551,0.521701387394,91.6));
#383 = CARTESIAN_POINT('',(438.44581817069,0.571056516573,91.6));
#384 = CARTESIAN_POINT('',(437.62739869094,0.63155705716,91.6));
#385 = CARTESIAN_POINT('',(436.64663804897,0.701285943809,91.6));
#386 = CARTESIAN_POINT('',(435.51493747268,0.778163110831,91.6));
#387 = CARTESIAN_POINT('',(434.24547488781,0.860021959604,91.6));
#388 = CARTESIAN_POINT('',(432.85305224601,0.944650102003,91.6));
#389 = CARTESIAN_POINT('',(431.35392097981,1.029791842964,91.6));
#390 = CARTESIAN_POINT('',(429.76558908746,1.113119400101,91.6));
#391 = CARTESIAN_POINT('',(428.10661410071,1.192188236777,91.6));
#392 = CARTESIAN_POINT('',(426.39638652974,1.264397289229,91.6));
#393 = CARTESIAN_POINT('',(424.65490825387,1.326976009552,91.6));
#394 = CARTESIAN_POINT('',(422.90256973905,1.377016634722,91.6));
#395 = CARTESIAN_POINT('',(421.15992873423,1.411562162742,91.6));
#396 = CARTESIAN_POINT('',(419.44749207657,1.427750262346,91.6));
#397 = CARTESIAN_POINT('',(417.78549927742,1.422999509688,91.6));
#398 = CARTESIAN_POINT('',(416.19371151503,1.395220134292,91.6));
#399 = CARTESIAN_POINT('',(414.69119060953,1.342999327963,91.6));
#400 = CARTESIAN_POINT('',(413.2961244854,1.265790941732,91.6));
#401 = CARTESIAN_POINT('',(412.02552974227,1.163860922666,91.6));
#402 = CARTESIAN_POINT('',(410.89544009892,1.038676371155,91.6));
#403 = CARTESIAN_POINT('',(409.91976185597,0.891480397121,91.6));
#404 = CARTESIAN_POINT('',(409.11360303362,0.72699035785,91.6));
#405 = CARTESIAN_POINT('',(408.4848108997,0.542389153949,91.6));
#406 = CARTESIAN_POINT('',(408.05944356663,0.35724319598,91.6));
#407 = CARTESIAN_POINT('',(407.82741308395,0.156367287184,91.6));
#408 = CARTESIAN_POINT('',(407.80139883115,3.327550491311E-02,91.6));
#409 = CARTESIAN_POINT('',(407.8,1.345495681678E-18,91.6));
#410 = PCURVE('',#61,#411);
#411 = DEFINITIONAL_REPRESENTATION('',(#412),#415);
#412 = B_SPLINE_CURVE_WITH_KNOTS('',1,(#413,#414),.UNSPECIFIED.,.F.,.F.,
  (2,2),(0.,32.516818135486),.PIECEWISE_BEZIER_KNOTS.);
#413 = CARTESIAN_POINT('',(0.,1.));
#414 = CARTESIAN_POINT('',(63.213738296887,1.));
#415 = ( GEOMETRIC_REPRESENTATION_CONTEXT(2) 
PARAMETRIC_REPRESENTATION_CONTEXT() REPRESENTATION_CONTEXT('2D SPACE',''
  ) );
#416 = PCURVE('',#417,#422);
#417 = PLANE('',#418);
#418 = AXIS2_PLACEMENT_3D('',#419,#420,#421);
#419 = CARTESIAN_POINT('',(440.,0.45,91.6));
#420 = DIRECTION('',(0.,0.,1.));
#421 = DIRECTION('',(-0.999902361819,-1.397379077076E-02,0.));
#422 = DEFINITIONAL_REPRESENTATION('',(#423),#456);
#423 = B_SPLINE_CURVE_WITH_KNOTS('',3,(#424,#425,#426,#427,#428,#429,
    #430,#431,#432,#433,#434,#435,#436,#437,#438,#439,#440,#441,#442,
    #443,#444,#445,#446,#447,#448,#449,#450,#451,#452,#453,#454,#455),
  .UNSPECIFIED.,.F.,.F.,(4,1,1,1,1,1,1,1,1,1,1,1,1,1,1,1,1,1,1,1,1,1,1,1
    ,1,1,1,1,1,4),(0.,9.521522893829E-02,0.379747056894,0.850266712887,
    1.501268831023,2.325134972382,3.312221813961,4.450973201784,
    5.728054961026,7.128511018195,8.635939035402,10.232683409742,
    11.90004318197,13.618492155266,15.367908366356,17.12780998379,
    18.877594725226,20.596779969746,22.26524086917,23.863443907371,
    25.372673489215,26.775249220657,28.054731491003,29.196112568071,
    30.185988842779,31.01270321246,31.666411567513,32.138792506282,
    32.421821359631,32.516818135486),.UNSPECIFIED.);
#424 = CARTESIAN_POINT('',(0.,0.));
#425 = CARTESIAN_POINT('',(3.159767682604E-02,-2.985542225206E-03));
#426 = CARTESIAN_POINT('',(0.157620763945,-1.487141562815E-02));
#427 = CARTESIAN_POINT('',(0.439808660906,-4.129456258961E-02));
#428 = CARTESIAN_POINT('',(0.906509087918,-8.437699413649E-02));
#429 = CARTESIAN_POINT('',(1.552338463382,-0.142762508537));
#430 = CARTESIAN_POINT('',(2.369832612252,-0.214693564535));
#431 = CARTESIAN_POINT('',(3.34952311766,-0.298120586989));
#432 = CARTESIAN_POINT('',(4.480038931317,-0.390804394932));
#433 = CARTESIAN_POINT('',(5.748233689743,-0.490394455709));
#434 = CARTESIAN_POINT('',(7.139337801978,-0.59447175783));
#435 = CARTESIAN_POINT('',(8.637132942855,-0.700553732359));
#436 = CARTESIAN_POINT('',(10.22414535152,-0.806068171083));
#437 = CARTESIAN_POINT('',(11.881853467586,-0.90831145698));
#438 = CARTESIAN_POINT('',(13.590905020862,-1.004411821319));
#439 = CARTESIAN_POINT('',(15.33133880001,-1.091319484628));
#440 = CARTESIAN_POINT('',(17.082806962462,-1.165842035688));
#441 = CARTESIAN_POINT('',(18.824795087005,-1.224735491536));
#442 = CARTESIAN_POINT('',(20.536838336344,-1.264851242125));
#443 = CARTESIAN_POINT('',(22.19873524757,-1.28332529296));
#444 = CARTESIAN_POINT('',(23.790755773871,-1.277791939035));
#445 = CARTESIAN_POINT('',(25.293859698591,-1.246572144213));
#446 = CARTESIAN_POINT('',(26.689868504837,-1.188865658598));
#447 = CARTESIAN_POINT('',(27.961763538167,-1.104700616888));
#448 = CARTESIAN_POINT('',(29.093492144348,-0.995319924398));
#449 = CARTESIAN_POINT('',(30.071132009599,-0.861772245938));
#450 = CARTESIAN_POINT('',(30.879510669461,-0.708563361886));
#451 = CARTESIAN_POINT('',(31.510820987854,-0.532766791829));
#452 = CARTESIAN_POINT('',(31.938733979714,-0.353582905287));
#453 = CARTESIAN_POINT('',(32.173548805281,-0.155968955067));
#454 = CARTESIAN_POINT('',(32.201280576908,-3.325270897952E-02));
#455 = CARTESIAN_POINT('',(32.203144256423,-8.881784197001E-16));
#456 = ( GEOMETRIC_REPRESENTATION_CONTEXT(2) 
PARAMETRIC_REPRESENTATION_CONTEXT() REPRESENTATION_CONTEXT('2D SPACE',''
  ) );
#457 = ORIENTED_EDGE('',*,*,#458,.F.);
#458 = EDGE_CURVE('',#22,#374,#459,.T.);
#459 = SURFACE_CURVE('',#460,(#463,#470),.PCURVE_S1.);
#460 = B_SPLINE_CURVE_WITH_KNOTS('',1,(#461,#462),.UNSPECIFIED.,.F.,.F.,
  (2,2),(0.,1.),.PIECEWISE_BEZIER_KNOTS.);
#461 = CARTESIAN_POINT('',(440.,0.45,15.5));
#462 = CARTESIAN_POINT('',(440.,0.45,91.6));
#463 = PCURVE('',#61,#464);
#464 = DEFINITIONAL_REPRESENTATION('',(#465),#469);
#465 = LINE('',#466,#467);
#466 = CARTESIAN_POINT('',(0.,0.));
#467 = VECTOR('',#468,1.);
#468 = DIRECTION('',(0.,1.));
#469 = ( GEOMETRIC_REPRESENTATION_CONTEXT(2) 
PARAMETRIC_REPRESENTATION_CONTEXT() REPRESENTATION_CONTEXT('2D SPACE',''
  ) );
#470 = PCURVE('',#471,#476);
#471 = PLANE('',#472);
#472 = AXIS2_PLACEMENT_3D('',#473,#474,#475);
#473 = CARTESIAN_POINT('',(440.,-0.45,91.6));
#474 = DIRECTION('',(1.,0.,0.));
#475 = DIRECTION('',(-0.,1.,0.));
#476 = DEFINITIONAL_REPRESENTATION('',(#477),#480);
#477 = B_SPLINE_CURVE_WITH_KNOTS('',1,(#478,#479),.UNSPECIFIED.,.F.,.F.,
  (2,2),(0.,1.),.PIECEWISE_BEZIER_KNOTS.);
#478 = CARTESIAN_POINT('',(0.9,-76.1));
#479 = CARTESIAN_POINT('',(0.9,0.));
#480 = ( GEOMETRIC_REPRESENTATION_CONTEXT(2) 
PARAMETRIC_REPRESENTATION_CONTEXT() REPRESENTATION_CONTEXT('2D SPACE',''
  ) );
#481 = ADVANCED_FACE('',(#482),#471,.T.);
#482 = FACE_BOUND('',#483,.T.);
#483 = EDGE_LOOP('',(#484,#507,#508,#531));
#484 = ORIENTED_EDGE('',*,*,#485,.T.);
#485 = EDGE_CURVE('',#486,#22,#488,.T.);
#486 = VERTEX_POINT('',#487);
#487 = CARTESIAN_POINT('',(440.,-0.45,15.5));
#488 = SURFACE_CURVE('',#489,(#493,#500),.PCURVE_S1.);
#489 = LINE('',#490,#491);
#490 = CARTESIAN_POINT('',(440.,-0.45,15.5));
#491 = VECTOR('',#492,1.);
#492 = DIRECTION('',(0.,1.,0.));
#493 = PCURVE('',#471,#494);
#494 = DEFINITIONAL_REPRESENTATION('',(#495),#499);
#495 = LINE('',#496,#497);
#496 = CARTESIAN_POINT('',(0.,-76.1));
#497 = VECTOR('',#498,1.);
#498 = DIRECTION('',(1.,0.));
#499 = ( GEOMETRIC_REPRESENTATION_CONTEXT(2) 
PARAMETRIC_REPRESENTATION_CONTEXT() REPRESENTATION_CONTEXT('2D SPACE',''
  ) );
#500 = PCURVE('',#189,#501);
#501 = DEFINITIONAL_REPRESENTATION('',(#502),#506);
#502 = LINE('',#503,#504);
#503 = CARTESIAN_POINT('',(6.469481410821E-03,0.899976747372));
#504 = VECTOR('',#505,1.);
#505 = DIRECTION('',(-7.18831267869E-03,-0.999974163747));
#506 = ( GEOMETRIC_REPRESENTATION_CONTEXT(2) 
PARAMETRIC_REPRESENTATION_CONTEXT() REPRESENTATION_CONTEXT('2D SPACE',''
  ) );
#507 = ORIENTED_EDGE('',*,*,#458,.T.);
#508 = ORIENTED_EDGE('',*,*,#509,.F.);
#509 = EDGE_CURVE('',#510,#374,#512,.T.);
#510 = VERTEX_POINT('',#511);
#511 = CARTESIAN_POINT('',(440.,-0.45,91.6));
#512 = SURFACE_CURVE('',#513,(#517,#524),.PCURVE_S1.);
#513 = LINE('',#514,#515);
#514 = CARTESIAN_POINT('',(440.,-0.45,91.6));
#515 = VECTOR('',#516,1.);
#516 = DIRECTION('',(0.,1.,0.));
#517 = PCURVE('',#471,#518);
#518 = DEFINITIONAL_REPRESENTATION('',(#519),#523);
#519 = LINE('',#520,#521);
#520 = CARTESIAN_POINT('',(0.,0.));
#521 = VECTOR('',#522,1.);
#522 = DIRECTION('',(1.,0.));
#523 = ( GEOMETRIC_REPRESENTATION_CONTEXT(2) 
PARAMETRIC_REPRESENTATION_CONTEXT() REPRESENTATION_CONTEXT('2D SPACE',''
  ) );
#524 = PCURVE('',#417,#525);
#525 = DEFINITIONAL_REPRESENTATION('',(#526),#530);
#526 = LINE('',#527,#528);
#527 = CARTESIAN_POINT('',(1.257641169369E-02,0.899912125637));
#528 = VECTOR('',#529,1.);
#529 = DIRECTION('',(-1.397379077076E-02,-0.999902361819));
#530 = ( GEOMETRIC_REPRESENTATION_CONTEXT(2) 
PARAMETRIC_REPRESENTATION_CONTEXT() REPRESENTATION_CONTEXT('2D SPACE',''
  ) );
#531 = ORIENTED_EDGE('',*,*,#532,.F.);
#532 = EDGE_CURVE('',#486,#510,#533,.T.);
#533 = SURFACE_CURVE('',#534,(#537,#543),.PCURVE_S1.);
#534 = B_SPLINE_CURVE_WITH_KNOTS('',1,(#535,#536),.UNSPECIFIED.,.F.,.F.,
  (2,2),(0.,1.),.PIECEWISE_BEZIER_KNOTS.);
#535 = CARTESIAN_POINT('',(440.,-0.45,15.5));
#536 = CARTESIAN_POINT('',(440.,-0.45,91.6));
#537 = PCURVE('',#471,#538);
#538 = DEFINITIONAL_REPRESENTATION('',(#539),#542);
#539 = B_SPLINE_CURVE_WITH_KNOTS('',1,(#540,#541),.UNSPECIFIED.,.F.,.F.,
  (2,2),(0.,1.),.PIECEWISE_BEZIER_KNOTS.);
#540 = CARTESIAN_POINT('',(0.,-76.1));
#541 = CARTESIAN_POINT('',(0.,0.));
#542 = ( GEOMETRIC_REPRESENTATION_CONTEXT(2) 
PARAMETRIC_REPRESENTATION_CONTEXT() REPRESENTATION_CONTEXT('2D SPACE',''
  ) );
#543 = PCURVE('',#245,#544);
#544 = DEFINITIONAL_REPRESENTATION('',(#545),#549);
#545 = LINE('',#546,#547);
#546 = CARTESIAN_POINT('',(63.213738296887,0.));
#547 = VECTOR('',#548,1.);
#548 = DIRECTION('',(0.,1.));
#549 = ( GEOMETRIC_REPRESENTATION_CONTEXT(2) 
PARAMETRIC_REPRESENTATION_CONTEXT() REPRESENTATION_CONTEXT('2D SPACE',''
  ) );
#550 = ADVANCED_FACE('',(#551),#417,.T.);
#551 = FACE_BOUND('',#552,.T.);
#552 = EDGE_LOOP('',(#553,#554,#632));
#553 = ORIENTED_EDGE('',*,*,#373,.T.);
#554 = ORIENTED_EDGE('',*,*,#555,.T.);
#555 = EDGE_CURVE('',#231,#510,#556,.T.);
#556 = SURFACE_CURVE('',#557,(#590,#626),.PCURVE_S1.);
#557 = B_SPLINE_CURVE_WITH_KNOTS('',3,(#558,#559,#560,#561,#562,#563,
    #564,#565,#566,#567,#568,#569,#570,#571,#572,#573,#574,#575,#576,
    #577,#578,#579,#580,#581,#582,#583,#584,#585,#586,#587,#588,#589),
  .UNSPECIFIED.,.F.,.F.,(4,1,1,1,1,1,1,1,1,1,1,1,1,1,1,1,1,1,1,1,1,1,1,1
    ,1,1,1,1,1,4),(0.,9.499677585482E-02,0.378025629203,0.850406567972,
    1.504114923025,2.330829292707,3.320705567415,4.462086644482,
    5.741568914829,7.144144646271,8.653374228114,10.251577266316,
    11.92003816574,13.63922341026,15.389008151695,17.14890976913,
    18.898325980219,20.616774953516,22.284134725744,23.880879100084,
    25.38830711729,26.78876317446,28.065844933701,29.204596321525,
    30.191683163103,31.015549304462,31.666551422599,32.137071078592,
    32.421602906547,32.516818135486),.UNSPECIFIED.);
#558 = CARTESIAN_POINT('',(407.8,1.345495681678E-18,91.6));
#559 = CARTESIAN_POINT('',(407.80139883115,-3.327550491311E-02,91.6));
#560 = CARTESIAN_POINT('',(407.82741308395,-0.156367287184,91.6));
#561 = CARTESIAN_POINT('',(408.05944356663,-0.35724319598,91.6));
#562 = CARTESIAN_POINT('',(408.4848108997,-0.542389153949,91.6));
#563 = CARTESIAN_POINT('',(409.11360303362,-0.72699035785,91.6));
#564 = CARTESIAN_POINT('',(409.91976185597,-0.891480397121,91.6));
#565 = CARTESIAN_POINT('',(410.89544009892,-1.038676371155,91.6));
#566 = CARTESIAN_POINT('',(412.02552974227,-1.163860922666,91.6));
#567 = CARTESIAN_POINT('',(413.2961244854,-1.265790941732,91.6));
#568 = CARTESIAN_POINT('',(414.69119060953,-1.342999327963,91.6));
#569 = CARTESIAN_POINT('',(416.19371151503,-1.395220134292,91.6));
#570 = CARTESIAN_POINT('',(417.78549927742,-1.422999509688,91.6));
#571 = CARTESIAN_POINT('',(419.44749207657,-1.427750262346,91.6));
#572 = CARTESIAN_POINT('',(421.15992873423,-1.411562162742,91.6));
#573 = CARTESIAN_POINT('',(422.90256973905,-1.377016634722,91.6));
#574 = CARTESIAN_POINT('',(424.65490825387,-1.326976009552,91.6));
#575 = CARTESIAN_POINT('',(426.39638652974,-1.264397289229,91.6));
#576 = CARTESIAN_POINT('',(428.10661410071,-1.192188236777,91.6));
#577 = CARTESIAN_POINT('',(429.76558908746,-1.113119400101,91.6));
#578 = CARTESIAN_POINT('',(431.35392097981,-1.029791842964,91.6));
#579 = CARTESIAN_POINT('',(432.85305224601,-0.944650102003,91.6));
#580 = CARTESIAN_POINT('',(434.24547488781,-0.860021959604,91.6));
#581 = CARTESIAN_POINT('',(435.51493747268,-0.778163110831,91.6));
#582 = CARTESIAN_POINT('',(436.64663804897,-0.701285943809,91.6));
#583 = CARTESIAN_POINT('',(437.62739869094,-0.63155705716,91.6));
#584 = CARTESIAN_POINT('',(438.44581817069,-0.571056516573,91.6));
#585 = CARTESIAN_POINT('',(439.09240035551,-0.521701387394,91.6));
#586 = CARTESIAN_POINT('',(439.55965723963,-0.485144736457,91.6));
#587 = CARTESIAN_POINT('',(439.8421868158,-0.462667404034,91.6));
#588 = CARTESIAN_POINT('',(439.96836368897,-0.452543711397,91.6));
#589 = CARTESIAN_POINT('',(440.,-0.45,91.6));
#590 = PCURVE('',#417,#591);
#591 = DEFINITIONAL_REPRESENTATION('',(#592),#625);
#592 = B_SPLINE_CURVE_WITH_KNOTS('',3,(#593,#594,#595,#596,#597,#598,
    #599,#600,#601,#602,#603,#604,#605,#606,#607,#608,#609,#610,#611,
    #612,#613,#614,#615,#616,#617,#618,#619,#620,#621,#622,#623,#624),
  .UNSPECIFIED.,.F.,.F.,(4,1,1,1,1,1,1,1,1,1,1,1,1,1,1,1,1,1,1,1,1,1,1,1
    ,1,1,1,1,1,4),(0.,9.499677585482E-02,0.378025629203,0.850406567972,
    1.504114923025,2.330829292707,3.320705567415,4.462086644482,
    5.741568914829,7.144144646271,8.653374228114,10.251577266316,
    11.92003816574,13.63922341026,15.389008151695,17.14890976913,
    18.898325980219,20.616774953516,22.284134725744,23.880879100084,
    25.38830711729,26.78876317446,28.065844933701,29.204596321525,
    30.191683163103,31.015549304462,31.666551422599,32.137071078592,
    32.421602906547,32.516818135486),.UNSPECIFIED.);
#593 = CARTESIAN_POINT('',(32.203144256423,-8.881784197001E-16));
#594 = CARTESIAN_POINT('',(32.202210546795,3.329180292717E-02));
#595 = CARTESIAN_POINT('',(32.17791889279,0.156735084466));
#596 = CARTESIAN_POINT('',(31.948718063064,0.360833725521));
#597 = CARTESIAN_POINT('',(31.525979452962,0.551905600289));
#598 = CARTESIAN_POINT('',(30.899828291766,0.745275389781));
#599 = CARTESIAN_POINT('',(30.09604673069,0.921014463256));
#600 = CARTESIAN_POINT('',(29.122520636926,1.08182998897));
#601 = CARTESIAN_POINT('',(27.994290636206,1.222793953917));
#602 = CARTESIAN_POINT('',(26.725244300396,1.342469045816));
#603 = CARTESIAN_POINT('',(25.331393281819,1.439164255691));
#604 = CARTESIAN_POINT('',(23.829748802343,1.512375876037));
#605 = CARTESIAN_POINT('',(22.238504642401,1.562395848249));
#606 = CARTESIAN_POINT('',(20.576740503222,1.59037047669));
#607 = CARTESIAN_POINT('',(18.864244835649,1.598113189225));
#608 = CARTESIAN_POINT('',(17.121291247145,1.587922334957));
#609 = CARTESIAN_POINT('',(15.36842457024,1.562373407428));
#610 = CARTESIAN_POINT('',(13.626241867204,1.524135850236));
#611 = CARTESIAN_POINT('',(11.915172245547,1.475832210392));
#612 = CARTESIAN_POINT('',(10.25525434672,1.419953263212));
#613 = CARTESIAN_POINT('',(8.665913134357,1.358828859565));
#614 = CARTESIAN_POINT('',(7.165738487732,1.29464397834));
#615 = CARTESIAN_POINT('',(5.772269223587,1.22948152154));
#616 = CARTESIAN_POINT('',(4.50178670831,1.165369869869));
#617 = CARTESIAN_POINT('',(3.369122363759,1.104314356062));
#618 = CARTESIAN_POINT('',(2.387483104605,1.048297221621));
#619 = CARTESIAN_POINT('',(1.568298111944,0.999239010769));
#620 = CARTESIAN_POINT('',(0.921089379982,0.958923904703));
#621 = CARTESIAN_POINT('',(0.453367282988,0.928900173025));
#622 = CARTESIAN_POINT('',(0.170551198946,0.910373044432));
#623 = CARTESIAN_POINT('',(4.424517910149E-02,0.90201350948));
#624 = CARTESIAN_POINT('',(1.257641169366E-02,0.899912125637));
#625 = ( GEOMETRIC_REPRESENTATION_CONTEXT(2) 
PARAMETRIC_REPRESENTATION_CONTEXT() REPRESENTATION_CONTEXT('2D SPACE',''
  ) );
#626 = PCURVE('',#245,#627);
#627 = DEFINITIONAL_REPRESENTATION('',(#628),#631);
#628 = B_SPLINE_CURVE_WITH_KNOTS('',1,(#629,#630),.UNSPECIFIED.,.F.,.F.,
  (2,2),(0.,32.516818135486),.PIECEWISE_BEZIER_KNOTS.);
#629 = CARTESIAN_POINT('',(0.,1.));
#630 = CARTESIAN_POINT('',(63.213738296887,1.));
#631 = ( GEOMETRIC_REPRESENTATION_CONTEXT(2) 
PARAMETRIC_REPRESENTATION_CONTEXT() REPRESENTATION_CONTEXT('2D SPACE',''
  ) );
#632 = ORIENTED_EDGE('',*,*,#509,.T.);
#633 = ADVANCED_FACE('',(#634),#245,.T.);
#634 = FACE_BOUND('',#635,.T.);
#635 = EDGE_LOOP('',(#636,#715,#716,#717));
#636 = ORIENTED_EDGE('',*,*,#637,.T.);
#637 = EDGE_CURVE('',#24,#486,#638,.T.);
#638 = SURFACE_CURVE('',#639,(#672,#679),.PCURVE_S1.);
#639 = B_SPLINE_CURVE_WITH_KNOTS('',3,(#640,#641,#642,#643,#644,#645,
    #646,#647,#648,#649,#650,#651,#652,#653,#654,#655,#656,#657,#658,
    #659,#660,#661,#662,#663,#664,#665,#666,#667,#668,#669,#670,#671),
  .UNSPECIFIED.,.F.,.F.,(4,1,1,1,1,1,1,1,1,1,1,1,1,1,1,1,1,1,1,1,1,1,1,1
    ,1,1,1,1,1,4),(0.,0.184433302292,0.732811696033,1.648700218409,
    2.917185126235,4.522217749842,6.444710906748,8.662037544272,
    11.148165936966,13.873935206537,16.807388770041,19.914145609149,
    23.157800988017,26.500350925019,29.902635347732,33.324794924383,
    36.726736460456,40.068601602722,43.311233457498,46.416635636601,
    49.348418219265,52.072225184358,54.556138042634,56.771050690652,
    58.691010909905,60.293524425943,61.559817993332,62.475058551017,
    63.028526072306,63.213738296887),.UNSPECIFIED.);
#640 = CARTESIAN_POINT('',(377.4,2.620387992946E-18,15.5));
#641 = CARTESIAN_POINT('',(377.40267351134,-6.464275253958E-02,15.5));
#642 = CARTESIAN_POINT('',(377.45317827836,-0.303237299733,15.5));
#643 = CARTESIAN_POINT('',(377.90463867753,-0.691468700307,15.5));
#644 = CARTESIAN_POINT('',(378.73175435948,-1.045454566823,15.5));
#645 = CARTESIAN_POINT('',(379.95412584547,-1.396131182129,15.5));
#646 = CARTESIAN_POINT('',(381.52133299203,-1.705193476131,15.5));
#647 = CARTESIAN_POINT('',(383.41811127003,-1.978486341663,15.5));
#648 = CARTESIAN_POINT('',(385.61509080859,-2.206929040322,15.5));
#649 = CARTESIAN_POINT('',(388.08523069002,-2.388321326688,15.5));
#650 = CARTESIAN_POINT('',(390.79735734455,-2.520009379452,15.5));
#651 = CARTESIAN_POINT('',(393.71838728474,-2.601703793622,15.5));
#652 = CARTESIAN_POINT('',(396.81296090114,-2.634704799561,15.5));
#653 = CARTESIAN_POINT('',(400.0440202761,-2.622010638721,15.5));
#654 = CARTESIAN_POINT('',(403.37314823238,-2.567944452268,15.5));
#655 = CARTESIAN_POINT('',(406.76099778184,-2.477791656911,15.5));
#656 = CARTESIAN_POINT('',(410.16770215157,-2.357387287506,15.5));
#657 = CARTESIAN_POINT('',(413.55329538402,-2.212751137638,15.5));
#658 = CARTESIAN_POINT('',(416.8781364655,-2.049805102879,15.5));
#659 = CARTESIAN_POINT('',(420.10333956362,-1.874199233668,15.5));
#660 = CARTESIAN_POINT('',(423.19120719558,-1.691246057548,15.5));
#661 = CARTESIAN_POINT('',(426.10566115434,-1.505942836814,15.5));
#662 = CARTESIAN_POINT('',(428.81266362608,-1.323046022336,15.5));
#663 = CARTESIAN_POINT('',(431.28061978778,-1.147155346861,15.5));
#664 = CARTESIAN_POINT('',(433.48075293218,-0.982767220656,15.5));
#665 = CARTESIAN_POINT('',(435.3874438371,-0.834267594007,15.5));
#666 = CARTESIAN_POINT('',(436.97852756369,-0.705850729698,15.5));
#667 = CARTESIAN_POINT('',(438.23554301948,-0.601368850054,15.5));
#668 = CARTESIAN_POINT('',(439.14393317887,-0.524134433615,15.5));
#669 = CARTESIAN_POINT('',(439.69319637907,-0.476708791692,15.5));
#670 = CARTESIAN_POINT('',(439.938495937,-0.455362629126,15.5));
#671 = CARTESIAN_POINT('',(440.,-0.45,15.5));
#672 = PCURVE('',#245,#673);
#673 = DEFINITIONAL_REPRESENTATION('',(#674),#678);
#674 = LINE('',#675,#676);
#675 = CARTESIAN_POINT('',(0.,0.));
#676 = VECTOR('',#677,1.);
#677 = DIRECTION('',(1.,0.));
#678 = ( GEOMETRIC_REPRESENTATION_CONTEXT(2) 
PARAMETRIC_REPRESENTATION_CONTEXT() REPRESENTATION_CONTEXT('2D SPACE',''
  ) );
#679 = PCURVE('',#189,#680);
#680 = DEFINITIONAL_REPRESENTATION('',(#681),#714);
#681 = B_SPLINE_CURVE_WITH_KNOTS('',3,(#682,#683,#684,#685,#686,#687,
    #688,#689,#690,#691,#692,#693,#694,#695,#696,#697,#698,#699,#700,
    #701,#702,#703,#704,#705,#706,#707,#708,#709,#710,#711,#712,#713),
  .UNSPECIFIED.,.F.,.F.,(4,1,1,1,1,1,1,1,1,1,1,1,1,1,1,1,1,1,1,1,1,1,1,1
    ,1,1,1,1,1,4),(0.,0.184433302292,0.732811696033,1.648700218409,
    2.917185126235,4.522217749842,6.444710906748,8.662037544272,
    11.148165936966,13.873935206537,16.807388770041,19.914145609149,
    23.157800988017,26.500350925019,29.902635347732,33.324794924383,
    36.726736460456,40.068601602722,43.311233457498,46.416635636601,
    49.348418219265,52.072225184358,54.556138042634,56.771050690652,
    58.691010909905,60.293524425943,61.559817993332,62.475058551017,
    63.028526072306,63.213738296887),.UNSPECIFIED.);
#682 = CARTESIAN_POINT('',(62.601617391246,-4.440892098501E-16));
#683 = CARTESIAN_POINT('',(62.599408621288,6.466030044858E-02));
#684 = CARTESIAN_POINT('',(62.550620251338,0.30361172731));
#685 = CARTESIAN_POINT('',(62.101962244908,0.695078335951));
#686 = CARTESIAN_POINT('',(61.277412493618,1.055000622941));
#687 = CARTESIAN_POINT('',(60.057593362295,1.414454966528));
#688 = CARTESIAN_POINT('',(58.4926483429,1.73477485052));
#689 = CARTESIAN_POINT('',(56.597883585118,2.021695290533));
#690 = CARTESIAN_POINT('',(54.402602925824,2.265924662961));
#691 = CARTESIAN_POINT('',(51.933830768027,2.465068400657));
#692 = CARTESIAN_POINT('',(49.222720799586,2.616248665512));
#693 = CARTESIAN_POINT('',(46.302353572854,2.718938245559));
#694 = CARTESIAN_POINT('',(43.208097130189,2.774183161636));
#695 = CARTESIAN_POINT('',(39.977029984102,2.784715193837));
#696 = CARTESIAN_POINT('',(36.647599395362,2.754581216949));
#697 = CARTESIAN_POINT('',(33.259189328765,2.688783672672));
#698 = CARTESIAN_POINT('',(29.851707471249,2.592870870278));
#699 = CARTESIAN_POINT('',(26.465162019973,2.472575160024));
#700 = CARTESIAN_POINT('',(23.139235532885,2.333533332481));
#701 = CARTESIAN_POINT('',(19.912853452039,2.181115768589));
#702 = CARTESIAN_POINT('',(16.823750474371,2.020363877342));
#703 = CARTESIAN_POINT('',(13.908039796689,1.856015450493));
#704 = CARTESIAN_POINT('',(11.199792544256,1.692582141572));
#705 = CARTESIAN_POINT('',(8.730635788132,1.534436451021));
#706 = CARTESIAN_POINT('',(6.529377813679,1.385867816966));
#707 = CARTESIAN_POINT('',(4.621668708751,1.251077917397));
#708 = CARTESIAN_POINT('',(3.029702989235,1.134101578224));
#709 = CARTESIAN_POINT('',(1.771968961593,1.038658218138));
#710 = CARTESIAN_POINT('',(0.863047086468,0.967955589647));
#711 = CARTESIAN_POINT('',(0.313457166831,0.92447944865));
#712 = CARTESIAN_POINT('',(6.801050363021E-02,0.904897127512));
#713 = CARTESIAN_POINT('',(6.469481410818E-03,0.899976747372));
#714 = ( GEOMETRIC_REPRESENTATION_CONTEXT(2) 
PARAMETRIC_REPRESENTATION_CONTEXT() REPRESENTATION_CONTEXT('2D SPACE',''
  ) );
#715 = ORIENTED_EDGE('',*,*,#532,.T.);
#716 = ORIENTED_EDGE('',*,*,#555,.F.);
#717 = ORIENTED_EDGE('',*,*,#230,.F.);
#718 = ADVANCED_FACE('',(#719,#724),#189,.F.);
#719 = FACE_BOUND('',#720,.F.);
#720 = EDGE_LOOP('',(#721,#722,#723));
#721 = ORIENTED_EDGE('',*,*,#21,.T.);
#722 = ORIENTED_EDGE('',*,*,#637,.T.);
#723 = ORIENTED_EDGE('',*,*,#485,.T.);
#724 = FACE_BOUND('',#725,.F.);
#725 = EDGE_LOOP('',(#726,#768,#808,#848));
#726 = ORIENTED_EDGE('',*,*,#727,.F.);
#727 = EDGE_CURVE('',#728,#730,#732,.T.);
#728 = VERTEX_POINT('',#729);
#729 = CARTESIAN_POINT('',(395.19346262108,-2.32682891838E-16,15.5));
#730 = VERTEX_POINT('',#731);
#731 = CARTESIAN_POINT('',(397.12621393333,-0.268829464075,15.5));
#732 = SURFACE_CURVE('',#733,(#738,#745),.PCURVE_S1.);
#733 = ELLIPSE('',#734,0.986537378917,0.95);
#734 = AXIS2_PLACEMENT_3D('',#735,#736,#737);
#735 = CARTESIAN_POINT('',(396.18,0.,15.5));
#736 = DIRECTION('',(0.,0.,1.));
#737 = DIRECTION('',(-1.,0.,0.));
#738 = PCURVE('',#189,#739);
#739 = DEFINITIONAL_REPRESENTATION('',(#740),#744);
#740 = ELLIPSE('',#741,0.986537378917,0.95);
#741 = AXIS2_PLACEMENT_2D('',#742,#743);
#742 = CARTESIAN_POINT('',(43.822102596084,0.134996512106));
#743 = DIRECTION('',(0.999974163747,-7.18831267869E-03));
#744 = ( GEOMETRIC_REPRESENTATION_CONTEXT(2) 
PARAMETRIC_REPRESENTATION_CONTEXT() REPRESENTATION_CONTEXT('2D SPACE',''
  ) );
#745 = PCURVE('',#746,#751);
#746 = CYLINDRICAL_SURFACE('',#747,0.95);
#747 = AXIS2_PLACEMENT_3D('',#748,#749,#750);
#748 = CARTESIAN_POINT('',(402.9,0.,39.5));
#749 = DIRECTION('',(-0.26962992552,0.,-0.962964019714));
#750 = DIRECTION('',(-0.962964019714,0.,0.26962992552));
#751 = DEFINITIONAL_REPRESENTATION('',(#752),#767);
#752 = B_SPLINE_CURVE_WITH_KNOTS('',7,(#753,#754,#755,#756,#757,#758,
    #759,#760,#761,#762,#763,#764,#765,#766),.UNSPECIFIED.,.F.,.F.,(8,6,
    8),(0.,1.570796326795,3.14159265359),.UNSPECIFIED.);
#753 = CARTESIAN_POINT('',(6.28318530718,25.189049572635));
#754 = CARTESIAN_POINT('',(6.058785831923,25.189049572635));
#755 = CARTESIAN_POINT('',(5.834386356667,25.173422425721));
#756 = CARTESIAN_POINT('',(5.60998688141,25.142170398864));
#757 = CARTESIAN_POINT('',(5.385587406154,25.097212228287));
#758 = CARTESIAN_POINT('',(5.161187930897,25.042429851093));
#759 = CARTESIAN_POINT('',(4.936788455641,24.982739833053));
#760 = CARTESIAN_POINT('',(4.487989505128,24.863359312216));
#761 = CARTESIAN_POINT('',(4.263590029872,24.803669294176));
#762 = CARTESIAN_POINT('',(4.039190554614,24.748886916987));
#763 = CARTESIAN_POINT('',(3.81479107936,24.703928746403));
#764 = CARTESIAN_POINT('',(3.590391604102,24.672676719549));
#765 = CARTESIAN_POINT('',(3.365992128846,24.657049572635));
#766 = CARTESIAN_POINT('',(3.14159265359,24.657049572635));
#767 = ( GEOMETRIC_REPRESENTATION_CONTEXT(2) 
PARAMETRIC_REPRESENTATION_CONTEXT() REPRESENTATION_CONTEXT('2D SPACE',''
  ) );
#768 = ORIENTED_EDGE('',*,*,#769,.F.);
#769 = EDGE_CURVE('',#770,#728,#772,.T.);
#770 = VERTEX_POINT('',#771);
#771 = CARTESIAN_POINT('',(397.12621393333,0.268829464075,15.5));
#772 = SURFACE_CURVE('',#773,(#778,#785),.PCURVE_S1.);
#773 = ELLIPSE('',#774,0.986537378917,0.95);
#774 = AXIS2_PLACEMENT_3D('',#775,#776,#777);
#775 = CARTESIAN_POINT('',(396.18,0.,15.5));
#776 = DIRECTION('',(0.,0.,1.));
#777 = DIRECTION('',(-1.,0.,0.));
#778 = PCURVE('',#189,#779);
#779 = DEFINITIONAL_REPRESENTATION('',(#780),#784);
#780 = ELLIPSE('',#781,0.986537378917,0.95);
#781 = AXIS2_PLACEMENT_2D('',#782,#783);
#782 = CARTESIAN_POINT('',(43.822102596084,0.134996512106));
#783 = DIRECTION('',(0.999974163747,-7.18831267869E-03));
#784 = ( GEOMETRIC_REPRESENTATION_CONTEXT(2) 
PARAMETRIC_REPRESENTATION_CONTEXT() REPRESENTATION_CONTEXT('2D SPACE',''
  ) );
#785 = PCURVE('',#786,#791);
#786 = CYLINDRICAL_SURFACE('',#787,0.95);
#787 = AXIS2_PLACEMENT_3D('',#788,#789,#790);
#788 = CARTESIAN_POINT('',(402.9,0.,39.5));
#789 = DIRECTION('',(-0.26962992552,0.,-0.962964019714));
#790 = DIRECTION('',(-0.962964019714,0.,0.26962992552));
#791 = DEFINITIONAL_REPRESENTATION('',(#792),#807);
#792 = B_SPLINE_CURVE_WITH_KNOTS('',7,(#793,#794,#795,#796,#797,#798,
    #799,#800,#801,#802,#803,#804,#805,#806),.UNSPECIFIED.,.F.,.F.,(8,6,
    8),(3.14159265359,4.712388980385,6.28318530718),.UNSPECIFIED.);
#793 = CARTESIAN_POINT('',(3.14159265359,24.657049572635));
#794 = CARTESIAN_POINT('',(2.917193178333,24.657049572635));
#795 = CARTESIAN_POINT('',(2.692793703077,24.672676719542));
#796 = CARTESIAN_POINT('',(2.46839422782,24.703928746414));
#797 = CARTESIAN_POINT('',(2.243994752565,24.748886916972));
#798 = CARTESIAN_POINT('',(2.019595277307,24.803669294182));
#799 = CARTESIAN_POINT('',(1.795195802051,24.863359312216));
#800 = CARTESIAN_POINT('',(1.346396851538,24.982739833053));
#801 = CARTESIAN_POINT('',(1.121997376282,25.042429851097));
#802 = CARTESIAN_POINT('',(0.897597901026,25.097212228295));
#803 = CARTESIAN_POINT('',(0.673198425769,25.142170398871));
#804 = CARTESIAN_POINT('',(0.448798950513,25.173422425715));
#805 = CARTESIAN_POINT('',(0.224399475256,25.189049572635));
#806 = CARTESIAN_POINT('',(2.449293598295E-16,25.189049572635));
#807 = ( GEOMETRIC_REPRESENTATION_CONTEXT(2) 
PARAMETRIC_REPRESENTATION_CONTEXT() REPRESENTATION_CONTEXT('2D SPACE',''
  ) );
#808 = ORIENTED_EDGE('',*,*,#809,.F.);
#809 = EDGE_CURVE('',#810,#770,#812,.T.);
#810 = VERTEX_POINT('',#811);
#811 = CARTESIAN_POINT('',(398.87826824501,-2.118638962525E-16,15.5));
#812 = SURFACE_CURVE('',#813,(#818,#825),.PCURVE_S1.);
#813 = ELLIPSE('',#814,0.898268245014,0.865);
#814 = AXIS2_PLACEMENT_3D('',#815,#816,#817);
#815 = CARTESIAN_POINT('',(397.98,0.,15.5));
#816 = DIRECTION('',(0.,0.,1.));
#817 = DIRECTION('',(1.,0.,-0.));
#818 = PCURVE('',#189,#819);
#819 = DEFINITIONAL_REPRESENTATION('',(#820),#824);
#820 = ELLIPSE('',#821,0.898268245014,0.865);
#821 = AXIS2_PLACEMENT_2D('',#822,#823);
#822 = CARTESIAN_POINT('',(42.02214910134,0.147935474927));
#823 = DIRECTION('',(-0.999974163747,7.18831267869E-03));
#824 = ( GEOMETRIC_REPRESENTATION_CONTEXT(2) 
PARAMETRIC_REPRESENTATION_CONTEXT() REPRESENTATION_CONTEXT('2D SPACE',''
  ) );
#825 = PCURVE('',#826,#831);
#826 = CYLINDRICAL_SURFACE('',#827,0.865);
#827 = AXIS2_PLACEMENT_3D('',#828,#829,#830);
#828 = CARTESIAN_POINT('',(396.3,0.,9.5));
#829 = DIRECTION('',(0.26962992552,0.,0.962964019714));
#830 = DIRECTION('',(0.962964019714,0.,-0.26962992552));
#831 = DEFINITIONAL_REPRESENTATION('',(#832),#847);
#832 = B_SPLINE_CURVE_WITH_KNOTS('',7,(#833,#834,#835,#836,#837,#838,
    #839,#840,#841,#842,#843,#844,#845,#846),.UNSPECIFIED.,.F.,.F.,(8,6,
    8),(0.,1.412786650108,2.825573300215),.UNSPECIFIED.);
#833 = CARTESIAN_POINT('',(6.28318530718,6.472962393159));
#834 = CARTESIAN_POINT('',(6.485011971481,6.472962393159));
#835 = CARTESIAN_POINT('',(6.686838635782,6.461453633112));
#836 = CARTESIAN_POINT('',(6.888665300083,6.438428718535));
#837 = CARTESIAN_POINT('',(7.090491964384,6.405053074834));
#838 = CARTESIAN_POINT('',(7.292318628685,6.363607541107));
#839 = CARTESIAN_POINT('',(7.494145292986,6.317146749131));
#840 = CARTESIAN_POINT('',(7.897798621588,6.220599825966));
#841 = CARTESIAN_POINT('',(8.099625285889,6.170515288123));
#842 = CARTESIAN_POINT('',(8.30145195019,6.121830879698));
#843 = CARTESIAN_POINT('',(8.503278614491,6.077941052538));
#844 = CARTESIAN_POINT('',(8.705105278792,6.041880188234));
#845 = CARTESIAN_POINT('',(8.906931943094,6.015748066713));
#846 = CARTESIAN_POINT('',(9.108758607395,6.000556119593));
#847 = ( GEOMETRIC_REPRESENTATION_CONTEXT(2) 
PARAMETRIC_REPRESENTATION_CONTEXT() REPRESENTATION_CONTEXT('2D SPACE',''
  ) );
#848 = ORIENTED_EDGE('',*,*,#849,.F.);
#849 = EDGE_CURVE('',#730,#810,#850,.T.);
#850 = SURFACE_CURVE('',#851,(#856,#863),.PCURVE_S1.);
#851 = ELLIPSE('',#852,0.898268245014,0.865);
#852 = AXIS2_PLACEMENT_3D('',#853,#854,#855);
#853 = CARTESIAN_POINT('',(397.98,0.,15.5));
#854 = DIRECTION('',(0.,0.,1.));
#855 = DIRECTION('',(1.,0.,-0.));
#856 = PCURVE('',#189,#857);
#857 = DEFINITIONAL_REPRESENTATION('',(#858),#862);
#858 = ELLIPSE('',#859,0.898268245014,0.865);
#859 = AXIS2_PLACEMENT_2D('',#860,#861);
#860 = CARTESIAN_POINT('',(42.02214910134,0.147935474927));
#861 = DIRECTION('',(-0.999974163747,7.18831267869E-03));
#862 = ( GEOMETRIC_REPRESENTATION_CONTEXT(2) 
PARAMETRIC_REPRESENTATION_CONTEXT() REPRESENTATION_CONTEXT('2D SPACE',''
  ) );
#863 = PCURVE('',#826,#864);
#864 = DEFINITIONAL_REPRESENTATION('',(#865),#880);
#865 = B_SPLINE_CURVE_WITH_KNOTS('',7,(#866,#867,#868,#869,#870,#871,
    #872,#873,#874,#875,#876,#877,#878,#879),.UNSPECIFIED.,.F.,.F.,(8,6,
    8),(3.457612006965,4.870398657072,6.28318530718),.UNSPECIFIED.);
#866 = CARTESIAN_POINT('',(3.457612006965,6.000556119593));
#867 = CARTESIAN_POINT('',(3.659438671266,6.015748066713));
#868 = CARTESIAN_POINT('',(3.861265335568,6.041880188234));
#869 = CARTESIAN_POINT('',(4.063091999865,6.077941052539));
#870 = CARTESIAN_POINT('',(4.264918664171,6.121830879698));
#871 = CARTESIAN_POINT('',(4.466745328469,6.170515288124));
#872 = CARTESIAN_POINT('',(4.668571992771,6.220599825966));
#873 = CARTESIAN_POINT('',(5.072225321373,6.317146749131));
#874 = CARTESIAN_POINT('',(5.274051985674,6.363607541107));
#875 = CARTESIAN_POINT('',(5.475878649975,6.405053074834));
#876 = CARTESIAN_POINT('',(5.677705314276,6.438428718535));
#877 = CARTESIAN_POINT('',(5.879531978577,6.461453633112));
#878 = CARTESIAN_POINT('',(6.081358642879,6.472962393159));
#879 = CARTESIAN_POINT('',(6.28318530718,6.472962393159));
#880 = ( GEOMETRIC_REPRESENTATION_CONTEXT(2) 
PARAMETRIC_REPRESENTATION_CONTEXT() REPRESENTATION_CONTEXT('2D SPACE',''
  ) );
#881 = ADVANCED_FACE('',(#882),#786,.F.);
#882 = FACE_BOUND('',#883,.F.);
#883 = EDGE_LOOP('',(#884,#885,#908,#931,#1100));
#884 = ORIENTED_EDGE('',*,*,#769,.T.);
#885 = ORIENTED_EDGE('',*,*,#886,.F.);
#886 = EDGE_CURVE('',#887,#728,#889,.T.);
#887 = VERTEX_POINT('',#888);
#888 = CARTESIAN_POINT('',(401.98518418127,-2.32682891838E-16,
    39.756148429244));
#889 = SURFACE_CURVE('',#890,(#894,#901),.PCURVE_S1.);
#890 = LINE('',#891,#892);
#891 = CARTESIAN_POINT('',(401.98518418127,-2.32682891838E-16,
    39.756148429244));
#892 = VECTOR('',#893,1.);
#893 = DIRECTION('',(-0.26962992552,-1.232595164408E-32,-0.962964019714)
  );
#894 = PCURVE('',#786,#895);
#895 = DEFINITIONAL_REPRESENTATION('',(#896),#900);
#896 = LINE('',#897,#898);
#897 = CARTESIAN_POINT('',(0.,-0.));
#898 = VECTOR('',#899,1.);
#899 = DIRECTION('',(0.,1.));
#900 = ( GEOMETRIC_REPRESENTATION_CONTEXT(2) 
PARAMETRIC_REPRESENTATION_CONTEXT() REPRESENTATION_CONTEXT('2D SPACE',''
  ) );
#901 = PCURVE('',#746,#902);
#902 = DEFINITIONAL_REPRESENTATION('',(#903),#907);
#903 = LINE('',#904,#905);
#904 = CARTESIAN_POINT('',(6.28318530718,-0.));
#905 = VECTOR('',#906,1.);
#906 = DIRECTION('',(0.,1.));
#907 = ( GEOMETRIC_REPRESENTATION_CONTEXT(2) 
PARAMETRIC_REPRESENTATION_CONTEXT() REPRESENTATION_CONTEXT('2D SPACE',''
  ) );
#908 = ORIENTED_EDGE('',*,*,#909,.T.);
#909 = EDGE_CURVE('',#887,#910,#912,.T.);
#910 = VERTEX_POINT('',#911);
#911 = CARTESIAN_POINT('',(403.29277856356,0.857980093009,
    39.390022002201));
#912 = SURFACE_CURVE('',#913,(#918,#925),.PCURVE_S1.);
#913 = CIRCLE('',#914,0.95);
#914 = AXIS2_PLACEMENT_3D('',#915,#916,#917);
#915 = CARTESIAN_POINT('',(402.9,0.,39.5));
#916 = DIRECTION('',(-0.26962992552,0.,-0.962964019714));
#917 = DIRECTION('',(-0.962964019714,0.,0.26962992552));
#918 = PCURVE('',#786,#919);
#919 = DEFINITIONAL_REPRESENTATION('',(#920),#924);
#920 = LINE('',#921,#922);
#921 = CARTESIAN_POINT('',(0.,0.));
#922 = VECTOR('',#923,1.);
#923 = DIRECTION('',(1.,0.));
#924 = ( GEOMETRIC_REPRESENTATION_CONTEXT(2) 
PARAMETRIC_REPRESENTATION_CONTEXT() REPRESENTATION_CONTEXT('2D SPACE',''
  ) );
#925 = PCURVE('',#746,#926);
#926 = DEFINITIONAL_REPRESENTATION('',(#927),#930);
#927 = B_SPLINE_CURVE_WITH_KNOTS('',1,(#928,#929),.UNSPECIFIED.,.F.,.F.,
  (2,2),(0.,3.14159265359),.PIECEWISE_BEZIER_KNOTS.);
#928 = CARTESIAN_POINT('',(6.28318530718,0.));
#929 = CARTESIAN_POINT('',(9.424777960769,0.));
#930 = ( GEOMETRIC_REPRESENTATION_CONTEXT(2) 
PARAMETRIC_REPRESENTATION_CONTEXT() REPRESENTATION_CONTEXT('2D SPACE',''
  ) );
#931 = ORIENTED_EDGE('',*,*,#932,.T.);
#932 = EDGE_CURVE('',#910,#933,#935,.T.);
#933 = VERTEX_POINT('',#934);
#934 = CARTESIAN_POINT('',(403.61600765976,0.268829464075,
    38.677834737267));
#935 = SURFACE_CURVE('',#936,(#987,#1041),.PCURVE_S1.);
#936 = B_SPLINE_CURVE_WITH_KNOTS('',7,(#937,#938,#939,#940,#941,#942,
    #943,#944,#945,#946,#947,#948,#949,#950,#951,#952,#953,#954,#955,
    #956,#957,#958,#959,#960,#961,#962,#963,#964,#965,#966,#967,#968,
    #969,#970,#971,#972,#973,#974,#975,#976,#977,#978,#979,#980,#981,
    #982,#983,#984,#985,#986),.UNSPECIFIED.,.F.,.F.,(8,6,6,6,6,6,6,6,8),
  (0.,0.138475386488,0.336546928937,0.478025435709,0.546443070563,
    0.604434187386,0.736011649256,0.860520150665,1.),.UNSPECIFIED.);
#937 = CARTESIAN_POINT('',(404.12873737891,5.204748896376E-18,40.365));
#938 = CARTESIAN_POINT('',(404.12873737891,6.000217148886E-02,40.365));
#939 = CARTESIAN_POINT('',(404.1227861165,0.11949816799,40.36014409755)
  );
#940 = CARTESIAN_POINT('',(404.1110653963,0.177806663998,40.350580068485
    ));
#941 = CARTESIAN_POINT('',(404.09397411684,0.234266532315,
    40.336611982456));
#942 = CARTESIAN_POINT('',(404.07212984255,0.288261118654,
    40.318701011711));
#943 = CARTESIAN_POINT('',(404.04636625735,0.339241936216,
    40.297471673186));
#944 = CARTESIAN_POINT('',(403.97676094542,0.454708608666,
    40.239754748599));
#945 = CARTESIAN_POINT('',(403.92944728725,0.516331886942,
    40.200249049496));
#946 = CARTESIAN_POINT('',(403.87753575451,0.571752549045,
    40.156452328751));
#947 = CARTESIAN_POINT('',(403.82239561186,0.621276095467,
    40.109267798347));
#948 = CARTESIAN_POINT('',(403.76509806093,0.665287133999,
    40.059230139404));
#949 = CARTESIAN_POINT('',(403.70645008101,0.704138960576,
    40.006594005405));
#950 = CARTESIAN_POINT('',(403.60537739498,0.762248489558,
    39.911530544895));
#951 = CARTESIAN_POINT('',(403.5640599062,0.783384676513,39.871380306649
    ));
#952 = CARTESIAN_POINT('',(403.5229543649,0.802281813418,39.829810628821
    ));
#953 = CARTESIAN_POINT('',(403.48190475066,0.819119062082,
    39.786043759118));
#954 = CARTESIAN_POINT('',(403.44174965945,0.833537580202,
    39.739831299662));
#955 = CARTESIAN_POINT('',(403.40441496313,0.845198490469,
    39.691225002409));
#956 = CARTESIAN_POINT('',(403.35658094828,0.857674413905,
    39.615115606637));
#957 = CARTESIAN_POINT('',(403.34186813054,0.861062004578,
    39.589180539045));
#958 = CARTESIAN_POINT('',(403.32859939548,0.863600922021,
    39.562394931551));
#959 = CARTESIAN_POINT('',(403.31721861317,0.86519116066,39.534919727339
    ));
#960 = CARTESIAN_POINT('',(403.30804588507,0.865757638691,
    39.506828337654));
#961 = CARTESIAN_POINT('',(403.30128012638,0.865221340413,
    39.478138565734));
#962 = CARTESIAN_POINT('',(403.29338492827,0.862015653093,
    39.424022986654));
#963 = CARTESIAN_POINT('',(403.29161680838,0.859709415922,
    39.399198368537));
#964 = CARTESIAN_POINT('',(403.29164508991,0.856564188035,
    39.374413445618));
#965 = CARTESIAN_POINT('',(403.29334917104,0.85258035082,39.349734639346
    ));
#966 = CARTESIAN_POINT('',(403.29654646895,0.84777364513,39.32527526977)
  );
#967 = CARTESIAN_POINT('',(403.30099787496,0.842196548271,
    39.301209821117));
#968 = CARTESIAN_POINT('',(403.31871426402,0.821840603443,
    39.224631523393));
#969 = CARTESIAN_POINT('',(403.33631343249,0.804000206965,39.17339673626
    ));
#970 = CARTESIAN_POINT('',(403.35702368088,0.782744870109,
    39.124263065341));
#971 = CARTESIAN_POINT('',(403.37911920859,0.758414349112,
    39.077616808288));
#972 = CARTESIAN_POINT('',(403.40171451409,0.731410047167,
    39.033467150182));
#973 = CARTESIAN_POINT('',(403.42446577594,0.701632306418,
    38.991413091345));
#974 = CARTESIAN_POINT('',(403.46878062893,0.637176231012,
    38.912913799936));
#975 = CARTESIAN_POINT('',(403.49009377991,0.603207769629,
    38.876727623876));
#976 = CARTESIAN_POINT('',(403.5107499824,0.566695282868,38.842679849654
    ));
#977 = CARTESIAN_POINT('',(403.53042676901,0.527734399435,
    38.810949385558));
#978 = CARTESIAN_POINT('',(403.54885384087,0.486428049779,
    38.781726282131));
#979 = CARTESIAN_POINT('',(403.56578527,0.442890911186,38.755210555923)
  );
#980 = CARTESIAN_POINT('',(403.59803057348,0.346143554861,
    38.705191196896));
#981 = CARTESIAN_POINT('',(403.61291910071,0.292357578357,
    38.682410845929));
#982 = CARTESIAN_POINT('',(403.62525437704,0.23632036152,38.663713998987
    ));
#983 = CARTESIAN_POINT('',(403.63472794693,0.178519954502,
    38.649438685791));
#984 = CARTESIAN_POINT('',(403.64112761389,0.119492127061,
    38.639822507313));
#985 = CARTESIAN_POINT('',(403.64433737891,5.979772056757E-02,38.635));
#986 = CARTESIAN_POINT('',(403.64433737891,1.641026710857E-16,38.635));
#987 = PCURVE('',#786,#988);
#988 = DEFINITIONAL_REPRESENTATION('',(#989),#1040);
#989 = B_SPLINE_CURVE_WITH_KNOTS('',7,(#990,#991,#992,#993,#994,#995,
    #996,#997,#998,#999,#1000,#1001,#1002,#1003,#1004,#1005,#1006,#1007,
    #1008,#1009,#1010,#1011,#1012,#1013,#1014,#1015,#1016,#1017,#1018,
    #1019,#1020,#1021,#1022,#1023,#1024,#1025,#1026,#1027,#1028,#1029,
    #1030,#1031,#1032,#1033,#1034,#1035,#1036,#1037,#1038,#1039),
  .UNSPECIFIED.,.F.,.F.,(8,6,6,6,6,6,6,6,8),(0.,0.138475386488,
    0.336546928937,0.478025435709,0.546443070563,0.604434187386,
    0.736011649256,0.860520150665,1.),.UNSPECIFIED.);
#990 = CARTESIAN_POINT('',(3.14159265359,-1.164268245014));
#991 = CARTESIAN_POINT('',(3.078432473075,-1.164268245014));
#992 = CARTESIAN_POINT('',(3.015805010594,-1.157987547229));
#993 = CARTESIAN_POINT('',(2.954016392638,-1.145617474441));
#994 = CARTESIAN_POINT('',(2.893381415636,-1.127558389764));
#995 = CARTESIAN_POINT('',(2.834255521488,-1.10442089933));
#996 = CARTESIAN_POINT('',(2.777061088868,-1.077031176608));
#997 = CARTESIAN_POINT('',(2.643990723005,-1.002684179831));
#998 = CARTESIAN_POINT('',(2.569782709272,-0.951884434893));
#999 = CARTESIAN_POINT('',(2.499353630628,-0.895712865927));
#1000 = CARTESIAN_POINT('',(2.432449847343,-0.835408428305));
#1001 = CARTESIAN_POINT('',(2.368894127365,-0.771774828722));
#1002 = CARTESIAN_POINT('',(2.308565535198,-0.705274875087));
#1003 = CARTESIAN_POINT('',(2.211419356846,-0.58647996222));
#1004 = CARTESIAN_POINT('',(2.17372704739,-0.536676295983));
#1005 = CARTESIAN_POINT('',(2.137888268933,-0.485562907886));
#1006 = CARTESIAN_POINT('',(2.10379966119,-0.432348782675));
#1007 = CARTESIAN_POINT('',(2.072337979468,-0.377020832704));
#1008 = CARTESIAN_POINT('',(2.045341835843,-0.32014816593));
#1009 = CARTESIAN_POINT('',(2.01542052368,-0.233960074377));
#1010 = CARTESIAN_POINT('',(2.007069184135,-0.205018521488));
#1011 = CARTESIAN_POINT('',(2.000640236861,-0.175647297178));
#1012 = CARTESIAN_POINT('',(1.996544564999,-0.146121064601));
#1013 = CARTESIAN_POINT('',(1.995091515659,-0.116596825077));
#1014 = CARTESIAN_POINT('',(1.996494645174,-8.714535597338E-02));
#1015 = CARTESIAN_POINT('',(2.00458786903,-3.290521873305E-02));
#1016 = CARTESIAN_POINT('',(2.010375082639,-8.523266651265E-03));
#1017 = CARTESIAN_POINT('',(2.018175638733,1.53360968046E-02));
#1018 = CARTESIAN_POINT('',(2.027861089774,3.864142802754E-02));
#1019 = CARTESIAN_POINT('',(2.039229785285,6.133283367588E-02));
#1020 = CARTESIAN_POINT('',(2.051999456414,8.330676257751E-02));
#1021 = CARTESIAN_POINT('',(2.09710642338,0.152272039314));
#1022 = CARTESIAN_POINT('',(2.134521723227,0.196864033395));
#1023 = CARTESIAN_POINT('',(2.175942540138,0.238593887917));
#1024 = CARTESIAN_POINT('',(2.219711522838,0.277554939624));
#1025 = CARTESIAN_POINT('',(2.265038388331,0.313977101322));
#1026 = CARTESIAN_POINT('',(2.311936214523,0.348339225827));
#1027 = CARTESIAN_POINT('',(2.407430557117,0.411982608515));
#1028 = CARTESIAN_POINT('',(2.455265229457,0.441081930761));
#1029 = CARTESIAN_POINT('',(2.504270674881,0.468299181948));
#1030 = CARTESIAN_POINT('',(2.554316656435,0.493549026695));
#1031 = CARTESIAN_POINT('',(2.605333839744,0.516721333826));
#1032 = CARTESIAN_POINT('',(2.657286838976,0.537689804145));
#1033 = CARTESIAN_POINT('',(2.769399095144,0.577162348401));
#1034 = CARTESIAN_POINT('',(2.829842409833,0.59508461425));
#1035 = CARTESIAN_POINT('',(2.891211533388,0.609763045501));
#1036 = CARTESIAN_POINT('',(2.953269689999,0.620955300535));
#1037 = CARTESIAN_POINT('',(3.015811307791,0.62848979269));
#1038 = CARTESIAN_POINT('',(3.078647684571,0.632268245014));
#1039 = CARTESIAN_POINT('',(3.14159265359,0.632268245014));
#1040 = ( GEOMETRIC_REPRESENTATION_CONTEXT(2) 
PARAMETRIC_REPRESENTATION_CONTEXT() REPRESENTATION_CONTEXT('2D SPACE',''
  ) );
#1041 = PCURVE('',#1042,#1047);
#1042 = CYLINDRICAL_SURFACE('',#1043,0.865);
#1043 = AXIS2_PLACEMENT_3D('',#1044,#1045,#1046);
#1044 = CARTESIAN_POINT('',(404.7,0.,39.5));
#1045 = DIRECTION('',(-1.,0.,0.));
#1046 = DIRECTION('',(0.,0.,-1.));
#1047 = DEFINITIONAL_REPRESENTATION('',(#1048),#1099);
#1048 = B_SPLINE_CURVE_WITH_KNOTS('',7,(#1049,#1050,#1051,#1052,#1053,
    #1054,#1055,#1056,#1057,#1058,#1059,#1060,#1061,#1062,#1063,#1064,
    #1065,#1066,#1067,#1068,#1069,#1070,#1071,#1072,#1073,#1074,#1075,
    #1076,#1077,#1078,#1079,#1080,#1081,#1082,#1083,#1084,#1085,#1086,
    #1087,#1088,#1089,#1090,#1091,#1092,#1093,#1094,#1095,#1096,#1097,
    #1098),.UNSPECIFIED.,.F.,.F.,(8,6,6,6,6,6,6,6,8),(0.,0.138475386488,
    0.336546928937,0.478025435709,0.546443070563,0.604434187386,
    0.736011649256,0.860520150665,1.),.UNSPECIFIED.);
#1049 = CARTESIAN_POINT('',(3.14159265359,0.571262621083));
#1050 = CARTESIAN_POINT('',(3.210959325831,0.571262621083));
#1051 = CARTESIAN_POINT('',(3.279740796633,0.5772138835));
#1052 = CARTESIAN_POINT('',(3.347694760276,0.588934603699));
#1053 = CARTESIAN_POINT('',(3.414560065408,0.606025883158));
#1054 = CARTESIAN_POINT('',(3.480030949515,0.627870157444));
#1055 = CARTESIAN_POINT('',(3.543722386822,0.653633742646));
#1056 = CARTESIAN_POINT('',(3.692957445428,0.723239054576));
#1057 = CARTESIAN_POINT('',(3.777100712439,0.770552712744));
#1058 = CARTESIAN_POINT('',(3.85815602146,0.822464245487));
#1059 = CARTESIAN_POINT('',(3.936656160591,0.877604388139));
#1060 = CARTESIAN_POINT('',(4.013241132092,0.934901939067));
#1061 = CARTESIAN_POINT('',(4.088586173727,0.993549918985));
#1062 = CARTESIAN_POINT('',(4.217392114869,1.094622605017));
#1063 = CARTESIAN_POINT('',(4.269739205889,1.1359400938));
#1064 = CARTESIAN_POINT('',(4.322391272557,1.177045635095));
#1065 = CARTESIAN_POINT('',(4.376411004656,1.218095249339));
#1066 = CARTESIAN_POINT('',(4.432180947649,1.258250340547));
#1067 = CARTESIAN_POINT('',(4.489814190278,1.295585036869));
#1068 = CARTESIAN_POINT('',(4.578976213608,1.34341905172));
#1069 = CARTESIAN_POINT('',(4.609197537354,1.358131869454));
#1070 = CARTESIAN_POINT('',(4.64027075569,1.371400604518));
#1071 = CARTESIAN_POINT('',(4.672047598706,1.382781386826));
#1072 = CARTESIAN_POINT('',(4.70449152367,1.391954114926));
#1073 = CARTESIAN_POINT('',(4.737637474261,1.398719873612));
#1074 = CARTESIAN_POINT('',(4.800308508764,1.406615071729));
#1075 = CARTESIAN_POINT('',(4.829114896109,1.408383191611));
#1076 = CARTESIAN_POINT('',(4.857971801524,1.408354910082));
#1077 = CARTESIAN_POINT('',(4.886841568451,1.406650828955));
#1078 = CARTESIAN_POINT('',(4.915632901246,1.403453531043));
#1079 = CARTESIAN_POINT('',(4.944176821722,1.399002125039));
#1080 = CARTESIAN_POINT('',(5.035781004861,1.381285735979));
#1081 = CARTESIAN_POINT('',(5.098322986493,1.363686567502));
#1082 = CARTESIAN_POINT('',(5.159948544046,1.342976319116));
#1083 = CARTESIAN_POINT('',(5.22049624993,1.32088079141));
#1084 = CARTESIAN_POINT('',(5.280114619442,1.298285485908));
#1085 = CARTESIAN_POINT('',(5.339533959495,1.275534224057));
#1086 = CARTESIAN_POINT('',(5.456957401666,1.231219371061));
#1087 = CARTESIAN_POINT('',(5.514208850791,1.209906220085));
#1088 = CARTESIAN_POINT('',(5.571719935214,1.189250017594));
#1089 = CARTESIAN_POINT('',(5.629572609383,1.169573230989));
#1090 = CARTESIAN_POINT('',(5.68784920964,1.151146159127));
#1091 = CARTESIAN_POINT('',(5.746637402472,1.134214729992));
#1092 = CARTESIAN_POINT('',(5.872548096754,1.101969426512));
#1093 = CARTESIAN_POINT('',(5.939877540013,1.087080899281));
#1094 = CARTESIAN_POINT('',(6.00783271122,1.074745622958));
#1095 = CARTESIAN_POINT('',(6.076264392532,1.065272053067));
#1096 = CARTESIAN_POINT('',(6.145043932319,1.058872386104));
#1097 = CARTESIAN_POINT('',(6.214054994385,1.055662621083));
#1098 = CARTESIAN_POINT('',(6.28318530718,1.055662621083));
#1099 = ( GEOMETRIC_REPRESENTATION_CONTEXT(2) 
PARAMETRIC_REPRESENTATION_CONTEXT() REPRESENTATION_CONTEXT('2D SPACE',''
  ) );
#1100 = ORIENTED_EDGE('',*,*,#1101,.T.);
#1101 = EDGE_CURVE('',#933,#770,#1102,.T.);
#1102 = SURFACE_CURVE('',#1103,(#1107,#1113),.PCURVE_S1.);
#1103 = LINE('',#1104,#1105);
#1104 = CARTESIAN_POINT('',(403.7774238996,0.268829464075,
    39.254321308111));
#1105 = VECTOR('',#1106,1.);
#1106 = DIRECTION('',(-0.26962992552,0.,-0.962964019714));
#1107 = PCURVE('',#786,#1108);
#1108 = DEFINITIONAL_REPRESENTATION('',(#1109),#1112);
#1109 = B_SPLINE_CURVE_WITH_KNOTS('',1,(#1110,#1111),.UNSPECIFIED.,.F.,
  .F.,(2,2),(-1.523794864796,30.668478699857),.PIECEWISE_BEZIER_KNOTS.);
#1110 = CARTESIAN_POINT('',(2.854694651881,-1.523794864796));
#1111 = CARTESIAN_POINT('',(2.854694651881,30.668478699857));
#1112 = ( GEOMETRIC_REPRESENTATION_CONTEXT(2) 
PARAMETRIC_REPRESENTATION_CONTEXT() REPRESENTATION_CONTEXT('2D SPACE',''
  ) );
#1113 = PCURVE('',#826,#1114);
#1114 = DEFINITIONAL_REPRESENTATION('',(#1115),#1118);
#1115 = B_SPLINE_CURVE_WITH_KNOTS('',1,(#1116,#1117),.UNSPECIFIED.,.F.,
  .F.,(2,2),(0.598658474296,24.667921980264),.PIECEWISE_BEZIER_KNOTS.);
#1116 = CARTESIAN_POINT('',(9.108758607389,30.069819625561));
#1117 = CARTESIAN_POINT('',(9.108758607389,6.000556119593));
#1118 = ( GEOMETRIC_REPRESENTATION_CONTEXT(2) 
PARAMETRIC_REPRESENTATION_CONTEXT() REPRESENTATION_CONTEXT('2D SPACE',''
  ) );
#1119 = ADVANCED_FACE('',(#1120),#1042,.F.);
#1120 = FACE_BOUND('',#1121,.F.);
#1121 = EDGE_LOOP('',(#1122,#1158,#1190,#1191));
#1122 = ORIENTED_EDGE('',*,*,#1123,.F.);
#1123 = EDGE_CURVE('',#1124,#1126,#1128,.T.);
#1124 = VERTEX_POINT('',#1125);
#1125 = CARTESIAN_POINT('',(404.7,0.865,39.5));
#1126 = VERTEX_POINT('',#1127);
#1127 = CARTESIAN_POINT('',(404.07642020689,0.268829464075,
    40.322165262733));
#1128 = SURFACE_CURVE('',#1129,(#1134,#1146),.PCURVE_S1.);
#1129 = ELLIPSE('',#1130,1.085656733095,0.865);
#1130 = AXIS2_PLACEMENT_3D('',#1131,#1132,#1133);
#1131 = CARTESIAN_POINT('',(404.7,0.,39.5));
#1132 = DIRECTION('',(0.796752761376,0.,0.604305417186));
#1133 = DIRECTION('',(-0.604305417186,0.,0.796752761376));
#1134 = PCURVE('',#1042,#1135);
#1135 = DEFINITIONAL_REPRESENTATION('',(#1136),#1145);
#1136 = B_SPLINE_CURVE_WITH_KNOTS('',7,(#1137,#1138,#1139,#1140,#1141,
    #1142,#1143,#1144),.UNSPECIFIED.,.F.,.F.,(8,8),(4.712388980385,
    5.967165953805),.PIECEWISE_BEZIER_KNOTS.);
#1137 = CARTESIAN_POINT('',(4.712388980385,0.));
#1138 = CARTESIAN_POINT('',(4.533135127039,0.117602760976));
#1139 = CARTESIAN_POINT('',(4.353881273693,0.235205439495));
#1140 = CARTESIAN_POINT('',(4.174627420347,0.346636641983));
#1141 = CARTESIAN_POINT('',(3.995373567002,0.445721867106));
#1142 = CARTESIAN_POINT('',(3.816119713656,0.527104928693));
#1143 = CARTESIAN_POINT('',(3.63686586031,0.587030559338));
#1144 = CARTESIAN_POINT('',(3.457612006965,0.623579793103));
#1145 = ( GEOMETRIC_REPRESENTATION_CONTEXT(2) 
PARAMETRIC_REPRESENTATION_CONTEXT() REPRESENTATION_CONTEXT('2D SPACE',''
  ) );
#1146 = PCURVE('',#826,#1147);
#1147 = DEFINITIONAL_REPRESENTATION('',(#1148),#1157);
#1148 = B_SPLINE_CURVE_WITH_KNOTS('',7,(#1149,#1150,#1151,#1152,#1153,
    #1154,#1155,#1156),.UNSPECIFIED.,.F.,.F.,(8,8),(4.712388980385,
    5.967165953805),.PIECEWISE_BEZIER_KNOTS.);
#1149 = CARTESIAN_POINT('',(7.853981633974,31.153811965793));
#1150 = CARTESIAN_POINT('',(8.03323548732,31.27141472677));
#1151 = CARTESIAN_POINT('',(8.212489340667,31.389017405293));
#1152 = CARTESIAN_POINT('',(8.39174319401,31.500448607767));
#1153 = CARTESIAN_POINT('',(8.57099704736,31.599533832912));
#1154 = CARTESIAN_POINT('',(8.750250900703,31.680916894482));
#1155 = CARTESIAN_POINT('',(8.929504754049,31.740842525131));
#1156 = CARTESIAN_POINT('',(9.108758607395,31.777391758896));
#1157 = ( GEOMETRIC_REPRESENTATION_CONTEXT(2) 
PARAMETRIC_REPRESENTATION_CONTEXT() REPRESENTATION_CONTEXT('2D SPACE',''
  ) );
#1158 = ORIENTED_EDGE('',*,*,#1159,.T.);
#1159 = EDGE_CURVE('',#1124,#933,#1160,.T.);
#1160 = SURFACE_CURVE('',#1161,(#1166,#1178),.PCURVE_S1.);
#1161 = ELLIPSE('',#1162,1.431395409342,0.865);
#1162 = AXIS2_PLACEMENT_3D('',#1163,#1164,#1165);
#1163 = CARTESIAN_POINT('',(404.7,0.,39.5));
#1164 = DIRECTION('',(-0.604305417186,0.,0.796752761376));
#1165 = DIRECTION('',(0.796752761376,0.,0.604305417186));
#1166 = PCURVE('',#1042,#1167);
#1167 = DEFINITIONAL_REPRESENTATION('',(#1168),#1177);
#1168 = B_SPLINE_CURVE_WITH_KNOTS('',7,(#1169,#1170,#1171,#1172,#1173,
    #1174,#1175,#1176),.UNSPECIFIED.,.F.,.F.,(8,8),(1.570796326795,
    2.825573300215),.PIECEWISE_BEZIER_KNOTS.);
#1169 = CARTESIAN_POINT('',(4.712388980385,0.));
#1170 = CARTESIAN_POINT('',(4.89164283373,0.204433327537));
#1171 = CARTESIAN_POINT('',(5.070896687077,0.408866511734));
#1172 = CARTESIAN_POINT('',(5.250150540422,0.602571585723));
#1173 = CARTESIAN_POINT('',(5.429404393769,0.774815180288));
#1174 = CARTESIAN_POINT('',(5.608658247113,0.916286434428));
#1175 = CARTESIAN_POINT('',(5.787912100459,1.020457424766));
#1176 = CARTESIAN_POINT('',(5.967165953805,1.083992340234));
#1177 = ( GEOMETRIC_REPRESENTATION_CONTEXT(2) 
PARAMETRIC_REPRESENTATION_CONTEXT() REPRESENTATION_CONTEXT('2D SPACE',''
  ) );
#1178 = PCURVE('',#826,#1179);
#1179 = DEFINITIONAL_REPRESENTATION('',(#1180),#1189);
#1180 = B_SPLINE_CURVE_WITH_KNOTS('',7,(#1181,#1182,#1183,#1184,#1185,
    #1186,#1187,#1188),.UNSPECIFIED.,.F.,.F.,(8,8),(1.570796326795,
    2.825573300215),.PIECEWISE_BEZIER_KNOTS.);
#1181 = CARTESIAN_POINT('',(7.853981633974,31.153811965793));
#1182 = CARTESIAN_POINT('',(8.03323548732,30.949378638256));
#1183 = CARTESIAN_POINT('',(8.212489340666,30.744945454055));
#1184 = CARTESIAN_POINT('',(8.391743194012,30.551240380082));
#1185 = CARTESIAN_POINT('',(8.570997047358,30.378996785501));
#1186 = CARTESIAN_POINT('',(8.750250900703,30.237525531365));
#1187 = CARTESIAN_POINT('',(8.929504754049,30.133354541027));
#1188 = CARTESIAN_POINT('',(9.108758607395,30.069819625559));
#1189 = ( GEOMETRIC_REPRESENTATION_CONTEXT(2) 
PARAMETRIC_REPRESENTATION_CONTEXT() REPRESENTATION_CONTEXT('2D SPACE',''
  ) );
#1190 = ORIENTED_EDGE('',*,*,#932,.F.);
#1191 = ORIENTED_EDGE('',*,*,#1192,.F.);
#1192 = EDGE_CURVE('',#1126,#910,#1193,.T.);
#1193 = SURFACE_CURVE('',#1194,(#1245,#1299),.PCURVE_S1.);
#1194 = B_SPLINE_CURVE_WITH_KNOTS('',7,(#1195,#1196,#1197,#1198,#1199,
    #1200,#1201,#1202,#1203,#1204,#1205,#1206,#1207,#1208,#1209,#1210,
    #1211,#1212,#1213,#1214,#1215,#1216,#1217,#1218,#1219,#1220,#1221,
    #1222,#1223,#1224,#1225,#1226,#1227,#1228,#1229,#1230,#1231,#1232,
    #1233,#1234,#1235,#1236,#1237,#1238,#1239,#1240,#1241,#1242,#1243,
    #1244),.UNSPECIFIED.,.F.,.F.,(8,6,6,6,6,6,6,6,8),(0.,0.138475386488,
    0.336546928937,0.478025435709,0.546443070563,0.604434187386,
    0.736011649256,0.860520150665,1.),.UNSPECIFIED.);
#1195 = CARTESIAN_POINT('',(404.12873737891,5.204748896376E-18,40.365));
#1196 = CARTESIAN_POINT('',(404.12873737891,6.000217148886E-02,40.365));
#1197 = CARTESIAN_POINT('',(404.1227861165,0.11949816799,40.36014409755)
  );
#1198 = CARTESIAN_POINT('',(404.1110653963,0.177806663998,
    40.350580068485));
#1199 = CARTESIAN_POINT('',(404.09397411684,0.234266532315,
    40.336611982456));
#1200 = CARTESIAN_POINT('',(404.07212984255,0.288261118654,
    40.318701011711));
#1201 = CARTESIAN_POINT('',(404.04636625735,0.339241936216,
    40.297471673186));
#1202 = CARTESIAN_POINT('',(403.97676094542,0.454708608666,
    40.239754748599));
#1203 = CARTESIAN_POINT('',(403.92944728725,0.516331886942,
    40.200249049496));
#1204 = CARTESIAN_POINT('',(403.87753575451,0.571752549045,
    40.156452328751));
#1205 = CARTESIAN_POINT('',(403.82239561186,0.621276095467,
    40.109267798347));
#1206 = CARTESIAN_POINT('',(403.76509806093,0.665287133999,
    40.059230139404));
#1207 = CARTESIAN_POINT('',(403.70645008101,0.704138960576,
    40.006594005405));
#1208 = CARTESIAN_POINT('',(403.60537739498,0.762248489558,
    39.911530544895));
#1209 = CARTESIAN_POINT('',(403.5640599062,0.783384676513,
    39.871380306649));
#1210 = CARTESIAN_POINT('',(403.5229543649,0.802281813418,
    39.829810628821));
#1211 = CARTESIAN_POINT('',(403.48190475066,0.819119062082,
    39.786043759118));
#1212 = CARTESIAN_POINT('',(403.44174965945,0.833537580202,
    39.739831299662));
#1213 = CARTESIAN_POINT('',(403.40441496313,0.845198490469,
    39.691225002409));
#1214 = CARTESIAN_POINT('',(403.35658094828,0.857674413905,
    39.615115606637));
#1215 = CARTESIAN_POINT('',(403.34186813054,0.861062004578,
    39.589180539045));
#1216 = CARTESIAN_POINT('',(403.32859939548,0.863600922021,
    39.562394931551));
#1217 = CARTESIAN_POINT('',(403.31721861317,0.86519116066,
    39.534919727339));
#1218 = CARTESIAN_POINT('',(403.30804588507,0.865757638691,
    39.506828337654));
#1219 = CARTESIAN_POINT('',(403.30128012638,0.865221340413,
    39.478138565734));
#1220 = CARTESIAN_POINT('',(403.29338492827,0.862015653093,
    39.424022986654));
#1221 = CARTESIAN_POINT('',(403.29161680838,0.859709415922,
    39.399198368537));
#1222 = CARTESIAN_POINT('',(403.29164508991,0.856564188035,
    39.374413445618));
#1223 = CARTESIAN_POINT('',(403.29334917104,0.85258035082,
    39.349734639346));
#1224 = CARTESIAN_POINT('',(403.29654646895,0.84777364513,39.32527526977
    ));
#1225 = CARTESIAN_POINT('',(403.30099787496,0.842196548271,
    39.301209821117));
#1226 = CARTESIAN_POINT('',(403.31871426402,0.821840603443,
    39.224631523393));
#1227 = CARTESIAN_POINT('',(403.33631343249,0.804000206965,
    39.17339673626));
#1228 = CARTESIAN_POINT('',(403.35702368088,0.782744870109,
    39.124263065341));
#1229 = CARTESIAN_POINT('',(403.37911920859,0.758414349112,
    39.077616808288));
#1230 = CARTESIAN_POINT('',(403.40171451409,0.731410047167,
    39.033467150182));
#1231 = CARTESIAN_POINT('',(403.42446577594,0.701632306418,
    38.991413091345));
#1232 = CARTESIAN_POINT('',(403.46878062893,0.637176231012,
    38.912913799936));
#1233 = CARTESIAN_POINT('',(403.49009377991,0.603207769629,
    38.876727623876));
#1234 = CARTESIAN_POINT('',(403.5107499824,0.566695282868,
    38.842679849654));
#1235 = CARTESIAN_POINT('',(403.53042676901,0.527734399435,
    38.810949385558));
#1236 = CARTESIAN_POINT('',(403.54885384087,0.486428049779,
    38.781726282131));
#1237 = CARTESIAN_POINT('',(403.56578527,0.442890911186,38.755210555923)
  );
#1238 = CARTESIAN_POINT('',(403.59803057348,0.346143554861,
    38.705191196896));
#1239 = CARTESIAN_POINT('',(403.61291910071,0.292357578357,
    38.682410845929));
#1240 = CARTESIAN_POINT('',(403.62525437704,0.23632036152,
    38.663713998987));
#1241 = CARTESIAN_POINT('',(403.63472794693,0.178519954502,
    38.649438685791));
#1242 = CARTESIAN_POINT('',(403.64112761389,0.119492127061,
    38.639822507313));
#1243 = CARTESIAN_POINT('',(403.64433737891,5.979772056757E-02,38.635));
#1244 = CARTESIAN_POINT('',(403.64433737891,1.641026710857E-16,38.635));
#1245 = PCURVE('',#1042,#1246);
#1246 = DEFINITIONAL_REPRESENTATION('',(#1247),#1298);
#1247 = B_SPLINE_CURVE_WITH_KNOTS('',7,(#1248,#1249,#1250,#1251,#1252,
    #1253,#1254,#1255,#1256,#1257,#1258,#1259,#1260,#1261,#1262,#1263,
    #1264,#1265,#1266,#1267,#1268,#1269,#1270,#1271,#1272,#1273,#1274,
    #1275,#1276,#1277,#1278,#1279,#1280,#1281,#1282,#1283,#1284,#1285,
    #1286,#1287,#1288,#1289,#1290,#1291,#1292,#1293,#1294,#1295,#1296,
    #1297),.UNSPECIFIED.,.F.,.F.,(8,6,6,6,6,6,6,6,8),(0.,0.138475386488,
    0.336546928937,0.478025435709,0.546443070563,0.604434187386,
    0.736011649256,0.860520150665,1.),.UNSPECIFIED.);
#1248 = CARTESIAN_POINT('',(3.14159265359,0.571262621083));
#1249 = CARTESIAN_POINT('',(3.210959325831,0.571262621083));
#1250 = CARTESIAN_POINT('',(3.279740796633,0.5772138835));
#1251 = CARTESIAN_POINT('',(3.347694760276,0.588934603699));
#1252 = CARTESIAN_POINT('',(3.414560065408,0.606025883158));
#1253 = CARTESIAN_POINT('',(3.480030949515,0.627870157444));
#1254 = CARTESIAN_POINT('',(3.543722386822,0.653633742646));
#1255 = CARTESIAN_POINT('',(3.692957445428,0.723239054576));
#1256 = CARTESIAN_POINT('',(3.777100712439,0.770552712744));
#1257 = CARTESIAN_POINT('',(3.85815602146,0.822464245487));
#1258 = CARTESIAN_POINT('',(3.936656160591,0.877604388139));
#1259 = CARTESIAN_POINT('',(4.013241132092,0.934901939067));
#1260 = CARTESIAN_POINT('',(4.088586173727,0.993549918985));
#1261 = CARTESIAN_POINT('',(4.217392114869,1.094622605017));
#1262 = CARTESIAN_POINT('',(4.269739205889,1.1359400938));
#1263 = CARTESIAN_POINT('',(4.322391272557,1.177045635095));
#1264 = CARTESIAN_POINT('',(4.376411004656,1.218095249339));
#1265 = CARTESIAN_POINT('',(4.432180947649,1.258250340547));
#1266 = CARTESIAN_POINT('',(4.489814190278,1.295585036869));
#1267 = CARTESIAN_POINT('',(4.578976213608,1.34341905172));
#1268 = CARTESIAN_POINT('',(4.609197537354,1.358131869454));
#1269 = CARTESIAN_POINT('',(4.64027075569,1.371400604518));
#1270 = CARTESIAN_POINT('',(4.672047598706,1.382781386826));
#1271 = CARTESIAN_POINT('',(4.70449152367,1.391954114926));
#1272 = CARTESIAN_POINT('',(4.737637474261,1.398719873612));
#1273 = CARTESIAN_POINT('',(4.800308508764,1.406615071729));
#1274 = CARTESIAN_POINT('',(4.829114896109,1.408383191611));
#1275 = CARTESIAN_POINT('',(4.857971801524,1.408354910082));
#1276 = CARTESIAN_POINT('',(4.886841568451,1.406650828955));
#1277 = CARTESIAN_POINT('',(4.915632901246,1.403453531043));
#1278 = CARTESIAN_POINT('',(4.944176821722,1.399002125039));
#1279 = CARTESIAN_POINT('',(5.035781004861,1.381285735979));
#1280 = CARTESIAN_POINT('',(5.098322986493,1.363686567502));
#1281 = CARTESIAN_POINT('',(5.159948544046,1.342976319116));
#1282 = CARTESIAN_POINT('',(5.22049624993,1.32088079141));
#1283 = CARTESIAN_POINT('',(5.280114619442,1.298285485908));
#1284 = CARTESIAN_POINT('',(5.339533959495,1.275534224057));
#1285 = CARTESIAN_POINT('',(5.456957401666,1.231219371061));
#1286 = CARTESIAN_POINT('',(5.514208850791,1.209906220085));
#1287 = CARTESIAN_POINT('',(5.571719935214,1.189250017594));
#1288 = CARTESIAN_POINT('',(5.629572609383,1.169573230989));
#1289 = CARTESIAN_POINT('',(5.68784920964,1.151146159127));
#1290 = CARTESIAN_POINT('',(5.746637402472,1.134214729992));
#1291 = CARTESIAN_POINT('',(5.872548096754,1.101969426512));
#1292 = CARTESIAN_POINT('',(5.939877540013,1.087080899281));
#1293 = CARTESIAN_POINT('',(6.00783271122,1.074745622958));
#1294 = CARTESIAN_POINT('',(6.076264392532,1.065272053067));
#1295 = CARTESIAN_POINT('',(6.145043932319,1.058872386104));
#1296 = CARTESIAN_POINT('',(6.214054994385,1.055662621083));
#1297 = CARTESIAN_POINT('',(6.28318530718,1.055662621083));
#1298 = ( GEOMETRIC_REPRESENTATION_CONTEXT(2) 
PARAMETRIC_REPRESENTATION_CONTEXT() REPRESENTATION_CONTEXT('2D SPACE',''
  ) );
#1299 = PCURVE('',#746,#1300);
#1300 = DEFINITIONAL_REPRESENTATION('',(#1301),#1352);
#1301 = B_SPLINE_CURVE_WITH_KNOTS('',7,(#1302,#1303,#1304,#1305,#1306,
    #1307,#1308,#1309,#1310,#1311,#1312,#1313,#1314,#1315,#1316,#1317,
    #1318,#1319,#1320,#1321,#1322,#1323,#1324,#1325,#1326,#1327,#1328,
    #1329,#1330,#1331,#1332,#1333,#1334,#1335,#1336,#1337,#1338,#1339,
    #1340,#1341,#1342,#1343,#1344,#1345,#1346,#1347,#1348,#1349,#1350,
    #1351),.UNSPECIFIED.,.F.,.F.,(8,6,6,6,6,6,6,6,8),(0.,0.138475386488,
    0.336546928937,0.478025435709,0.546443070563,0.604434187386,
    0.736011649256,0.860520150665,1.),.UNSPECIFIED.);
#1302 = CARTESIAN_POINT('',(9.424777960769,-1.164268245014));
#1303 = CARTESIAN_POINT('',(9.361617780255,-1.164268245014));
#1304 = CARTESIAN_POINT('',(9.298990317773,-1.157987547229));
#1305 = CARTESIAN_POINT('',(9.237201699817,-1.145617474441));
#1306 = CARTESIAN_POINT('',(9.176566722816,-1.127558389764));
#1307 = CARTESIAN_POINT('',(9.117440828667,-1.10442089933));
#1308 = CARTESIAN_POINT('',(9.060246396048,-1.077031176608));
#1309 = CARTESIAN_POINT('',(8.927176030184,-1.002684179831));
#1310 = CARTESIAN_POINT('',(8.852968016451,-0.951884434893));
#1311 = CARTESIAN_POINT('',(8.782538937807,-0.895712865927));
#1312 = CARTESIAN_POINT('',(8.715635154522,-0.835408428305));
#1313 = CARTESIAN_POINT('',(8.652079434544,-0.771774828722));
#1314 = CARTESIAN_POINT('',(8.591750842377,-0.705274875087));
#1315 = CARTESIAN_POINT('',(8.494604664026,-0.58647996222));
#1316 = CARTESIAN_POINT('',(8.456912354569,-0.536676295983));
#1317 = CARTESIAN_POINT('',(8.421073576113,-0.485562907886));
#1318 = CARTESIAN_POINT('',(8.386984968369,-0.432348782675));
#1319 = CARTESIAN_POINT('',(8.355523286648,-0.377020832704));
#1320 = CARTESIAN_POINT('',(8.328527143023,-0.32014816593));
#1321 = CARTESIAN_POINT('',(8.298605830859,-0.233960074377));
#1322 = CARTESIAN_POINT('',(8.290254491315,-0.205018521488));
#1323 = CARTESIAN_POINT('',(8.28382554404,-0.175647297178));
#1324 = CARTESIAN_POINT('',(8.279729872179,-0.146121064601));
#1325 = CARTESIAN_POINT('',(8.278276822838,-0.116596825077));
#1326 = CARTESIAN_POINT('',(8.279679952354,-8.714535597338E-02));
#1327 = CARTESIAN_POINT('',(8.287773176209,-3.290521873305E-02));
#1328 = CARTESIAN_POINT('',(8.293560389818,-8.523266651265E-03));
#1329 = CARTESIAN_POINT('',(8.301360945913,1.53360968046E-02));
#1330 = CARTESIAN_POINT('',(8.311046396953,3.864142802754E-02));
#1331 = CARTESIAN_POINT('',(8.322415092464,6.133283367588E-02));
#1332 = CARTESIAN_POINT('',(8.335184763593,8.330676257751E-02));
#1333 = CARTESIAN_POINT('',(8.38029173056,0.152272039314));
#1334 = CARTESIAN_POINT('',(8.417707030407,0.196864033395));
#1335 = CARTESIAN_POINT('',(8.459127847318,0.238593887917));
#1336 = CARTESIAN_POINT('',(8.502896830017,0.277554939624));
#1337 = CARTESIAN_POINT('',(8.54822369551,0.313977101322));
#1338 = CARTESIAN_POINT('',(8.595121521702,0.348339225827));
#1339 = CARTESIAN_POINT('',(8.690615864297,0.411982608515));
#1340 = CARTESIAN_POINT('',(8.738450536637,0.441081930761));
#1341 = CARTESIAN_POINT('',(8.787455982061,0.468299181948));
#1342 = CARTESIAN_POINT('',(8.837501963615,0.493549026695));
#1343 = CARTESIAN_POINT('',(8.888519146924,0.516721333826));
#1344 = CARTESIAN_POINT('',(8.940472146156,0.537689804145));
#1345 = CARTESIAN_POINT('',(9.052584402323,0.577162348401));
#1346 = CARTESIAN_POINT('',(9.113027717012,0.59508461425));
#1347 = CARTESIAN_POINT('',(9.174396840567,0.609763045501));
#1348 = CARTESIAN_POINT('',(9.236454997179,0.620955300535));
#1349 = CARTESIAN_POINT('',(9.298996614971,0.62848979269));
#1350 = CARTESIAN_POINT('',(9.361832991751,0.632268245014));
#1351 = CARTESIAN_POINT('',(9.424777960769,0.632268245014));
#1352 = ( GEOMETRIC_REPRESENTATION_CONTEXT(2) 
PARAMETRIC_REPRESENTATION_CONTEXT() REPRESENTATION_CONTEXT('2D SPACE',''
  ) );
#1353 = ADVANCED_FACE('',(#1354),#826,.F.);
#1354 = FACE_BOUND('',#1355,.F.);
#1355 = EDGE_LOOP('',(#1356,#1357,#1358,#1359,#1360,#1361,#1382,#1411,
    #1432,#1471,#1505));
#1356 = ORIENTED_EDGE('',*,*,#849,.T.);
#1357 = ORIENTED_EDGE('',*,*,#809,.T.);
#1358 = ORIENTED_EDGE('',*,*,#1101,.F.);
#1359 = ORIENTED_EDGE('',*,*,#1159,.F.);
#1360 = ORIENTED_EDGE('',*,*,#1123,.T.);
#1361 = ORIENTED_EDGE('',*,*,#1362,.F.);
#1362 = EDGE_CURVE('',#1363,#1126,#1365,.T.);
#1363 = VERTEX_POINT('',#1364);
#1364 = CARTESIAN_POINT('',(404.18828443372,0.26882946407,
    40.721680358556));
#1365 = SURFACE_CURVE('',#1366,(#1370,#1376),.PCURVE_S1.);
#1366 = LINE('',#1367,#1368);
#1367 = CARTESIAN_POINT('',(403.7774238996,0.268829464075,
    39.254321308111));
#1368 = VECTOR('',#1369,1.);
#1369 = DIRECTION('',(-0.26962992552,0.,-0.962964019714));
#1370 = PCURVE('',#826,#1371);
#1371 = DEFINITIONAL_REPRESENTATION('',(#1372),#1375);
#1372 = B_SPLINE_CURVE_WITH_KNOTS('',1,(#1373,#1374),.UNSPECIFIED.,.F.,
  .F.,(2,2),(-1.523794264796,-1.108913659037),.PIECEWISE_BEZIER_KNOTS.);
#1373 = CARTESIAN_POINT('',(9.108758607389,32.192272364653));
#1374 = CARTESIAN_POINT('',(9.108758607389,31.777391758895));
#1375 = ( GEOMETRIC_REPRESENTATION_CONTEXT(2) 
PARAMETRIC_REPRESENTATION_CONTEXT() REPRESENTATION_CONTEXT('2D SPACE',''
  ) );
#1376 = PCURVE('',#746,#1377);
#1377 = DEFINITIONAL_REPRESENTATION('',(#1378),#1381);
#1378 = B_SPLINE_CURVE_WITH_KNOTS('',1,(#1379,#1380),.UNSPECIFIED.,.F.,
  .F.,(2,2),(-1.523794864796,30.668478699857),.PIECEWISE_BEZIER_KNOTS.);
#1379 = CARTESIAN_POINT('',(9.13787995906,-1.523794864796));
#1380 = CARTESIAN_POINT('',(9.13787995906,30.668478699857));
#1381 = ( GEOMETRIC_REPRESENTATION_CONTEXT(2) 
PARAMETRIC_REPRESENTATION_CONTEXT() REPRESENTATION_CONTEXT('2D SPACE',''
  ) );
#1382 = ORIENTED_EDGE('',*,*,#1383,.F.);
#1383 = EDGE_CURVE('',#1384,#1363,#1386,.T.);
#1384 = VERTEX_POINT('',#1385);
#1385 = CARTESIAN_POINT('',(404.18828443372,-0.26882946407,
    40.721680358556));
#1386 = SURFACE_CURVE('',#1387,(#1392,#1399),.PCURVE_S1.);
#1387 = CIRCLE('',#1388,0.865);
#1388 = AXIS2_PLACEMENT_3D('',#1389,#1390,#1391);
#1389 = CARTESIAN_POINT('',(404.98,0.,40.5));
#1390 = DIRECTION('',(0.26962992552,6.522560269673E-16,0.962964019714));
#1391 = DIRECTION('',(-0.915278111298,-0.310785507595,0.256277871163));
#1392 = PCURVE('',#826,#1393);
#1393 = DEFINITIONAL_REPRESENTATION('',(#1394),#1398);
#1394 = LINE('',#1395,#1396);
#1395 = CARTESIAN_POINT('',(3.457612006965,32.192272364653));
#1396 = VECTOR('',#1397,1.);
#1397 = DIRECTION('',(1.,0.));
#1398 = ( GEOMETRIC_REPRESENTATION_CONTEXT(2) 
PARAMETRIC_REPRESENTATION_CONTEXT() REPRESENTATION_CONTEXT('2D SPACE',''
  ) );
#1399 = PCURVE('',#1400,#1405);
#1400 = PLANE('',#1401);
#1401 = AXIS2_PLACEMENT_3D('',#1402,#1403,#1404);
#1402 = CARTESIAN_POINT('',(404.98,0.,40.5));
#1403 = DIRECTION('',(0.26962992552,0.,0.962964019714));
#1404 = DIRECTION('',(0.962964019714,0.,-0.26962992552));
#1405 = DEFINITIONAL_REPRESENTATION('',(#1406),#1410);
#1406 = CIRCLE('',#1407,0.865);
#1407 = AXIS2_PLACEMENT_2D('',#1408,#1409);
#1408 = CARTESIAN_POINT('',(0.,0.));
#1409 = DIRECTION('',(-0.950480072526,-0.310785507595));
#1410 = ( GEOMETRIC_REPRESENTATION_CONTEXT(2) 
PARAMETRIC_REPRESENTATION_CONTEXT() REPRESENTATION_CONTEXT('2D SPACE',''
  ) );
#1411 = ORIENTED_EDGE('',*,*,#1412,.T.);
#1412 = EDGE_CURVE('',#1384,#1413,#1415,.T.);
#1413 = VERTEX_POINT('',#1414);
#1414 = CARTESIAN_POINT('',(404.07642020689,-0.268829464075,
    40.322165262733));
#1415 = SURFACE_CURVE('',#1416,(#1420,#1426),.PCURVE_S1.);
#1416 = LINE('',#1417,#1418);
#1417 = CARTESIAN_POINT('',(403.7774238996,-0.268829464075,
    39.254321308111));
#1418 = VECTOR('',#1419,1.);
#1419 = DIRECTION('',(-0.26962992552,0.,-0.962964019714));
#1420 = PCURVE('',#826,#1421);
#1421 = DEFINITIONAL_REPRESENTATION('',(#1422),#1425);
#1422 = B_SPLINE_CURVE_WITH_KNOTS('',1,(#1423,#1424),.UNSPECIFIED.,.F.,
  .F.,(2,2),(-1.523794264796,-1.108913659037),.PIECEWISE_BEZIER_KNOTS.);
#1423 = CARTESIAN_POINT('',(3.457612006971,32.192272364653));
#1424 = CARTESIAN_POINT('',(3.457612006971,31.777391758895));
#1425 = ( GEOMETRIC_REPRESENTATION_CONTEXT(2) 
PARAMETRIC_REPRESENTATION_CONTEXT() REPRESENTATION_CONTEXT('2D SPACE',''
  ) );
#1426 = PCURVE('',#746,#1427);
#1427 = DEFINITIONAL_REPRESENTATION('',(#1428),#1431);
#1428 = B_SPLINE_CURVE_WITH_KNOTS('',1,(#1429,#1430),.UNSPECIFIED.,.F.,
  .F.,(2,2),(-1.523794864796,30.668478699857),.PIECEWISE_BEZIER_KNOTS.);
#1429 = CARTESIAN_POINT('',(3.428490655299,-1.523794864796));
#1430 = CARTESIAN_POINT('',(3.428490655299,30.668478699857));
#1431 = ( GEOMETRIC_REPRESENTATION_CONTEXT(2) 
PARAMETRIC_REPRESENTATION_CONTEXT() REPRESENTATION_CONTEXT('2D SPACE',''
  ) );
#1432 = ORIENTED_EDGE('',*,*,#1433,.T.);
#1433 = EDGE_CURVE('',#1413,#1434,#1436,.T.);
#1434 = VERTEX_POINT('',#1435);
#1435 = CARTESIAN_POINT('',(404.7,-0.865,39.5));
#1436 = SURFACE_CURVE('',#1437,(#1442,#1454),.PCURVE_S1.);
#1437 = ELLIPSE('',#1438,1.085656733095,0.865);
#1438 = AXIS2_PLACEMENT_3D('',#1439,#1440,#1441);
#1439 = CARTESIAN_POINT('',(404.7,0.,39.5));
#1440 = DIRECTION('',(0.796752761376,0.,0.604305417186));
#1441 = DIRECTION('',(-0.604305417186,0.,0.796752761376));
#1442 = PCURVE('',#826,#1443);
#1443 = DEFINITIONAL_REPRESENTATION('',(#1444),#1453);
#1444 = B_SPLINE_CURVE_WITH_KNOTS('',7,(#1445,#1446,#1447,#1448,#1449,
    #1450,#1451,#1452),.UNSPECIFIED.,.F.,.F.,(8,8),(0.316019353375,
    1.570796326795),.PIECEWISE_BEZIER_KNOTS.);
#1445 = CARTESIAN_POINT('',(3.457612006965,31.777391758896));
#1446 = CARTESIAN_POINT('',(3.63686586031,31.740842525131));
#1447 = CARTESIAN_POINT('',(3.816119713656,31.680916894484));
#1448 = CARTESIAN_POINT('',(3.995373567003,31.599533832904));
#1449 = CARTESIAN_POINT('',(4.174627420348,31.500448607768));
#1450 = CARTESIAN_POINT('',(4.353881273694,31.389017405292));
#1451 = CARTESIAN_POINT('',(4.533135127039,31.271414726769));
#1452 = CARTESIAN_POINT('',(4.712388980385,31.153811965793));
#1453 = ( GEOMETRIC_REPRESENTATION_CONTEXT(2) 
PARAMETRIC_REPRESENTATION_CONTEXT() REPRESENTATION_CONTEXT('2D SPACE',''
  ) );
#1454 = PCURVE('',#1455,#1460);
#1455 = CYLINDRICAL_SURFACE('',#1456,0.865);
#1456 = AXIS2_PLACEMENT_3D('',#1457,#1458,#1459);
#1457 = CARTESIAN_POINT('',(404.7,0.,39.5));
#1458 = DIRECTION('',(-1.,0.,0.));
#1459 = DIRECTION('',(0.,0.,-1.));
#1460 = DEFINITIONAL_REPRESENTATION('',(#1461),#1470);
#1461 = B_SPLINE_CURVE_WITH_KNOTS('',7,(#1462,#1463,#1464,#1465,#1466,
    #1467,#1468,#1469),.UNSPECIFIED.,.F.,.F.,(8,8),(0.316019353375,
    1.570796784064),.PIECEWISE_BEZIER_KNOTS.);
#1462 = CARTESIAN_POINT('',(2.825573300215,0.623579793103));
#1463 = CARTESIAN_POINT('',(2.646319381545,0.587030546019));
#1464 = CARTESIAN_POINT('',(2.467065462875,0.527104885016));
#1465 = CARTESIAN_POINT('',(2.287811544205,0.445721778133));
#1466 = CARTESIAN_POINT('',(2.108557625535,0.346636497546));
#1467 = CARTESIAN_POINT('',(1.929303706865,0.235205236455));
#1468 = CARTESIAN_POINT('',(1.750049788195,0.117602503834));
#1469 = CARTESIAN_POINT('',(1.570795869525,-3.000000106113E-07));
#1470 = ( GEOMETRIC_REPRESENTATION_CONTEXT(2) 
PARAMETRIC_REPRESENTATION_CONTEXT() REPRESENTATION_CONTEXT('2D SPACE',''
  ) );
#1471 = ORIENTED_EDGE('',*,*,#1472,.F.);
#1472 = EDGE_CURVE('',#1473,#1434,#1475,.T.);
#1473 = VERTEX_POINT('',#1474);
#1474 = CARTESIAN_POINT('',(403.61600765976,-0.268829464075,
    38.677834737267));
#1475 = SURFACE_CURVE('',#1476,(#1481,#1493),.PCURVE_S1.);
#1476 = ELLIPSE('',#1477,1.431395409342,0.865);
#1477 = AXIS2_PLACEMENT_3D('',#1478,#1479,#1480);
#1478 = CARTESIAN_POINT('',(404.7,0.,39.5));
#1479 = DIRECTION('',(-0.604305417186,0.,0.796752761376));
#1480 = DIRECTION('',(0.796752761376,0.,0.604305417186));
#1481 = PCURVE('',#826,#1482);
#1482 = DEFINITIONAL_REPRESENTATION('',(#1483),#1492);
#1483 = B_SPLINE_CURVE_WITH_KNOTS('',7,(#1484,#1485,#1486,#1487,#1488,
    #1489,#1490,#1491),.UNSPECIFIED.,.F.,.F.,(8,8),(3.457612006965,
    4.712388980385),.PIECEWISE_BEZIER_KNOTS.);
#1484 = CARTESIAN_POINT('',(3.457612006965,30.069819625559));
#1485 = CARTESIAN_POINT('',(3.63686586031,30.133354541027));
#1486 = CARTESIAN_POINT('',(3.816119713655,30.237525531371));
#1487 = CARTESIAN_POINT('',(3.995373567002,30.37899678549));
#1488 = CARTESIAN_POINT('',(4.174627420347,30.551240380085));
#1489 = CARTESIAN_POINT('',(4.353881273694,30.74494545405));
#1490 = CARTESIAN_POINT('',(4.533135127039,30.949378638256));
#1491 = CARTESIAN_POINT('',(4.712388980385,31.153811965793));
#1492 = ( GEOMETRIC_REPRESENTATION_CONTEXT(2) 
PARAMETRIC_REPRESENTATION_CONTEXT() REPRESENTATION_CONTEXT('2D SPACE',''
  ) );
#1493 = PCURVE('',#1455,#1494);
#1494 = DEFINITIONAL_REPRESENTATION('',(#1495),#1504);
#1495 = B_SPLINE_CURVE_WITH_KNOTS('',7,(#1496,#1497,#1498,#1499,#1500,
    #1501,#1502,#1503),.UNSPECIFIED.,.F.,.F.,(8,8),(3.457612006965,
    4.712389243435),.PIECEWISE_BEZIER_KNOTS.);
#1496 = CARTESIAN_POINT('',(0.316019353375,1.083992340234));
#1497 = CARTESIAN_POINT('',(0.495273244299,1.020457411447));
#1498 = CARTESIAN_POINT('',(0.674527135223,0.916286390751));
#1499 = CARTESIAN_POINT('',(0.853781026148,0.774815091316));
#1500 = CARTESIAN_POINT('',(1.033034917072,0.602571441286));
#1501 = CARTESIAN_POINT('',(1.212288807996,0.408866308695));
#1502 = CARTESIAN_POINT('',(1.39154269892,0.204433070394));
#1503 = CARTESIAN_POINT('',(1.570796589845,-3.000000106113E-07));
#1504 = ( GEOMETRIC_REPRESENTATION_CONTEXT(2) 
PARAMETRIC_REPRESENTATION_CONTEXT() REPRESENTATION_CONTEXT('2D SPACE',''
  ) );
#1505 = ORIENTED_EDGE('',*,*,#1506,.T.);
#1506 = EDGE_CURVE('',#1473,#730,#1507,.T.);
#1507 = SURFACE_CURVE('',#1508,(#1512,#1518),.PCURVE_S1.);
#1508 = LINE('',#1509,#1510);
#1509 = CARTESIAN_POINT('',(403.7774238996,-0.268829464075,
    39.254321308111));
#1510 = VECTOR('',#1511,1.);
#1511 = DIRECTION('',(-0.26962992552,0.,-0.962964019714));
#1512 = PCURVE('',#826,#1513);
#1513 = DEFINITIONAL_REPRESENTATION('',(#1514),#1517);
#1514 = B_SPLINE_CURVE_WITH_KNOTS('',1,(#1515,#1516),.UNSPECIFIED.,.F.,
  .F.,(2,2),(0.598658474296,24.667921980264),.PIECEWISE_BEZIER_KNOTS.);
#1515 = CARTESIAN_POINT('',(3.457612006971,30.069819625561));
#1516 = CARTESIAN_POINT('',(3.457612006971,6.000556119593));
#1517 = ( GEOMETRIC_REPRESENTATION_CONTEXT(2) 
PARAMETRIC_REPRESENTATION_CONTEXT() REPRESENTATION_CONTEXT('2D SPACE',''
  ) );
#1518 = PCURVE('',#746,#1519);
#1519 = DEFINITIONAL_REPRESENTATION('',(#1520),#1523);
#1520 = B_SPLINE_CURVE_WITH_KNOTS('',1,(#1521,#1522),.UNSPECIFIED.,.F.,
  .F.,(2,2),(-1.523794864796,30.668478699857),.PIECEWISE_BEZIER_KNOTS.);
#1521 = CARTESIAN_POINT('',(3.428490655299,-1.523794864796));
#1522 = CARTESIAN_POINT('',(3.428490655299,30.668478699857));
#1523 = ( GEOMETRIC_REPRESENTATION_CONTEXT(2) 
PARAMETRIC_REPRESENTATION_CONTEXT() REPRESENTATION_CONTEXT('2D SPACE',''
  ) );
#1524 = ADVANCED_FACE('',(#1525),#1455,.F.);
#1525 = FACE_BOUND('',#1526,.F.);
#1526 = EDGE_LOOP('',(#1527,#1528,#1529));
#1527 = ORIENTED_EDGE('',*,*,#1472,.T.);
#1528 = ORIENTED_EDGE('',*,*,#1433,.F.);
#1529 = ORIENTED_EDGE('',*,*,#1530,.F.);
#1530 = EDGE_CURVE('',#1473,#1413,#1531,.T.);
#1531 = SURFACE_CURVE('',#1532,(#1589,#1649),.PCURVE_S1.);
#1532 = B_SPLINE_CURVE_WITH_KNOTS('',7,(#1533,#1534,#1535,#1536,#1537,
    #1538,#1539,#1540,#1541,#1542,#1543,#1544,#1545,#1546,#1547,#1548,
    #1549,#1550,#1551,#1552,#1553,#1554,#1555,#1556,#1557,#1558,#1559,
    #1560,#1561,#1562,#1563,#1564,#1565,#1566,#1567,#1568,#1569,#1570,
    #1571,#1572,#1573,#1574,#1575,#1576,#1577,#1578,#1579,#1580,#1581,
    #1582,#1583,#1584,#1585,#1586,#1587,#1588),.UNSPECIFIED.,.F.,.F.,(8,
    6,6,6,6,6,6,6,6,8),(0.,0.13965560693,0.264183675426,0.39432336246,
    0.45506608377,0.492381147301,0.625350503479,0.663778414361,
    0.862581246109,1.),.UNSPECIFIED.);
#1533 = CARTESIAN_POINT('',(403.64433737891,1.110223024625E-16,38.635));
#1534 = CARTESIAN_POINT('',(403.64433737891,-5.981572500362E-02,38.635)
  );
#1535 = CARTESIAN_POINT('',(403.64112568088,-0.119527636238,
    38.639825407664));
#1536 = CARTESIAN_POINT('',(403.63472225051,-0.178572165703,
    38.649447245348));
#1537 = CARTESIAN_POINT('',(403.62524323718,-0.236388181948,
    38.663730790636));
#1538 = CARTESIAN_POINT('',(403.61290103965,-0.292439654278,
    38.682438225048));
#1539 = CARTESIAN_POINT('',(403.59800437182,-0.346238316974,
    38.70523128276));
#1540 = CARTESIAN_POINT('',(403.56575871761,-0.4429561475,
    38.755252243477));
#1541 = CARTESIAN_POINT('',(403.5488389987,-0.486456200898,
    38.781750127993));
#1542 = CARTESIAN_POINT('',(403.53042614939,-0.527729022964,
    38.810951058666));
#1543 = CARTESIAN_POINT('',(403.51076558226,-0.56666005104,
    38.842655420896));
#1544 = CARTESIAN_POINT('',(403.49012703964,-0.603146501497,
    38.876673502087));
#1545 = CARTESIAN_POINT('',(403.46883224291,-0.637092947411,
    38.912826706713));
#1546 = CARTESIAN_POINT('',(403.42480623351,-0.701145663841,
    38.990805488278));
#1547 = CARTESIAN_POINT('',(403.40231839929,-0.730625596115,
    39.032345596781));
#1548 = CARTESIAN_POINT('',(403.37998177461,-0.757385558988,
    39.075926265015));
#1549 = CARTESIAN_POINT('',(403.35812872195,-0.781527329747,
    39.121927849639));
#1550 = CARTESIAN_POINT('',(403.33759834491,-0.802678855557,
    39.170351570122));
#1551 = CARTESIAN_POINT('',(403.32002486559,-0.820511225932,
    39.22083996712));
#1552 = CARTESIAN_POINT('',(403.30164828727,-0.841377797245,
    39.297639508193));
#1553 = CARTESIAN_POINT('',(403.29682343959,-0.84731878673,
    39.322804357345));
#1554 = CARTESIAN_POINT('',(403.29335286376,-0.852416598003,
    39.348408572772));
#1555 = CARTESIAN_POINT('',(403.29151330921,-0.856610594655,
    39.37425077892));
#1556 = CARTESIAN_POINT('',(403.29151450037,-0.859884213755,
    39.400202934405));
#1557 = CARTESIAN_POINT('',(403.29349226697,-0.862238317972,
    39.426192781527));
#1558 = CARTESIAN_POINT('',(403.29997373322,-0.8645610986,39.46814481091
    ));
#1559 = CARTESIAN_POINT('',(403.30319152513,-0.865093449601,
    39.48399667331));
#1560 = CARTESIAN_POINT('',(403.30715441397,-0.865283257155,
    39.4997137946));
#1561 = CARTESIAN_POINT('',(403.3118375413,-0.865141090062,
    39.515269088528));
#1562 = CARTESIAN_POINT('',(403.31719766898,-0.864680110382,
    39.530630318772));
#1563 = CARTESIAN_POINT('',(403.32317343016,-0.86391711804,
    39.545759922806));
#1564 = CARTESIAN_POINT('',(403.35289112644,-0.859155082933,
    39.613549174446));
#1565 = CARTESIAN_POINT('',(403.38291147627,-0.851874691487,
    39.662998561269));
#1566 = CARTESIAN_POINT('',(403.4174294052,-0.84180278558,
    39.709798487644));
#1567 = CARTESIAN_POINT('',(403.4542425483,-0.829262278215,
    39.754108945614));
#1568 = CARTESIAN_POINT('',(403.49199386223,-0.814677189565,
    39.796081767694));
#1569 = CARTESIAN_POINT('',(403.53032435239,-0.798146134486,
    39.836308080853));
#1570 = CARTESIAN_POINT('',(403.58102754443,-0.773642086026,
    39.887121292378));
#1571 = CARTESIAN_POINT('',(403.59242661657,-0.767966533326,
    39.89839386963));
#1572 = CARTESIAN_POINT('',(403.60384668788,-0.762109115944,
    39.909550809225));
#1573 = CARTESIAN_POINT('',(403.61527823314,-0.756069311596,
    39.920595665851));
#1574 = CARTESIAN_POINT('',(403.62671242886,-0.749846287382,
    39.931531250967));
#1575 = CARTESIAN_POINT('',(403.63814115321,-0.74343889978,39.9423596328
    ));
#1576 = CARTESIAN_POINT('',(403.70861561951,-0.702736428233,
    40.008553902039));
#1577 = CARTESIAN_POINT('',(403.76732698746,-0.663654198757,
    40.061194823713));
#1578 = CARTESIAN_POINT('',(403.82466133093,-0.619386861439,
    40.111226309375));
#1579 = CARTESIAN_POINT('',(403.87980679668,-0.569574826,40.158385966096
    ));
#1580 = CARTESIAN_POINT('',(403.9316779764,-0.513831477008,
    40.202126367946));
#1581 = CARTESIAN_POINT('',(403.97888698694,-0.451854371816,
    40.241528416337));
#1582 = CARTESIAN_POINT('',(404.04784937609,-0.336289142945,
    40.298693607474));
#1583 = CARTESIAN_POINT('',(404.07317574986,-0.285661556871,
    40.319558550219));
#1584 = CARTESIAN_POINT('',(404.09463028365,-0.232090863561,
    40.337148254602));
#1585 = CARTESIAN_POINT('',(404.11140492377,-0.176116111394,
    40.350857126601));
#1586 = CARTESIAN_POINT('',(404.12290215314,-0.118341687865,
    40.360238769875));
#1587 = CARTESIAN_POINT('',(404.12873737891,-5.941438707745E-02,40.365)
  );
#1588 = CARTESIAN_POINT('',(404.12873737891,0.,40.365));
#1589 = PCURVE('',#1455,#1590);
#1590 = DEFINITIONAL_REPRESENTATION('',(#1591),#1648);
#1591 = B_SPLINE_CURVE_WITH_KNOTS('',7,(#1592,#1593,#1594,#1595,#1596,
    #1597,#1598,#1599,#1600,#1601,#1602,#1603,#1604,#1605,#1606,#1607,
    #1608,#1609,#1610,#1611,#1612,#1613,#1614,#1615,#1616,#1617,#1618,
    #1619,#1620,#1621,#1622,#1623,#1624,#1625,#1626,#1627,#1628,#1629,
    #1630,#1631,#1632,#1633,#1634,#1635,#1636,#1637,#1638,#1639,#1640,
    #1641,#1642,#1643,#1644,#1645,#1646,#1647),.UNSPECIFIED.,.F.,.F.,(8,
    6,6,6,6,6,6,6,6,8),(0.,0.13965560693,0.264183675426,0.39432336246,
    0.45506608377,0.492381147301,0.625350503479,0.663778414361,
    0.862581246109,1.),.UNSPECIFIED.);
#1592 = CARTESIAN_POINT('',(0.,1.055662621083));
#1593 = CARTESIAN_POINT('',(6.915112717182E-02,1.055662621083));
#1594 = CARTESIAN_POINT('',(0.138182428302,1.058874319115));
#1595 = CARTESIAN_POINT('',(0.206981762348,1.065277749485));
#1596 = CARTESIAN_POINT('',(0.275432903297,1.074756762817));
#1597 = CARTESIAN_POINT('',(0.343407295284,1.087098960342));
#1598 = CARTESIAN_POINT('',(0.410755807704,1.101995628179));
#1599 = CARTESIAN_POINT('',(0.536637032407,1.134241282384));
#1600 = CARTESIAN_POINT('',(0.595378233544,1.151161001297));
#1601 = CARTESIAN_POINT('',(0.653608904779,1.169573850603));
#1602 = CARTESIAN_POINT('',(0.711416312577,1.18923441774));
#1603 = CARTESIAN_POINT('',(0.768882451423,1.20987296036));
#1604 = CARTESIAN_POINT('',(0.826088990276,1.231167757081));
#1605 = CARTESIAN_POINT('',(0.942751459765,1.275193766489));
#1606 = CARTESIAN_POINT('',(1.001492388338,1.297681600708));
#1607 = CARTESIAN_POINT('',(1.060408828451,1.320018225382));
#1608 = CARTESIAN_POINT('',(1.12020564808,1.34187127805));
#1609 = CARTESIAN_POINT('',(1.181040583592,1.36240165509));
#1610 = CARTESIAN_POINT('',(1.242772324497,1.379975134409));
#1611 = CARTESIAN_POINT('',(1.334776732704,1.398351712724));
#1612 = CARTESIAN_POINT('',(1.364652003814,1.403176560405));
#1613 = CARTESIAN_POINT('',(1.394803059013,1.406647136236));
#1614 = CARTESIAN_POINT('',(1.425034834224,1.408486690789));
#1615 = CARTESIAN_POINT('',(1.455245323951,1.408485499626));
#1616 = CARTESIAN_POINT('',(1.485395849914,1.406507733027));
#1617 = CARTESIAN_POINT('',(1.533969588065,1.400026266779));
#1618 = CARTESIAN_POINT('',(1.552301453714,1.396808474864));
#1619 = CARTESIAN_POINT('',(1.570466166848,1.392845586027));
#1620 = CARTESIAN_POINT('',(1.58844276103,1.388162458694));
#1621 = CARTESIAN_POINT('',(1.606203457633,1.382802331019));
#1622 = CARTESIAN_POINT('',(1.623713128571,1.376826569835));
#1623 = CARTESIAN_POINT('',(1.702275332815,1.347108873554));
#1624 = CARTESIAN_POINT('',(1.759892059204,1.31708852372));
#1625 = CARTESIAN_POINT('',(1.815052904457,1.282570594798));
#1626 = CARTESIAN_POINT('',(1.868104103877,1.245757451693));
#1627 = CARTESIAN_POINT('',(1.919349136775,1.208006137765));
#1628 = CARTESIAN_POINT('',(1.969538023394,1.16967564761));
#1629 = CARTESIAN_POINT('',(2.034755408365,1.118972455561));
#1630 = CARTESIAN_POINT('',(2.049343750601,1.107573383426));
#1631 = CARTESIAN_POINT('',(2.0639080619,1.096153312118));
#1632 = CARTESIAN_POINT('',(2.078457332513,1.084721766851));
#1633 = CARTESIAN_POINT('',(2.092999933505,1.073287571135));
#1634 = CARTESIAN_POINT('',(2.107543616759,1.061858846784));
#1635 = CARTESIAN_POINT('',(2.197378258829,0.991384380484));
#1636 = CARTESIAN_POINT('',(2.272884619582,0.932673012532));
#1637 = CARTESIAN_POINT('',(2.349657339106,0.875338669067));
#1638 = CARTESIAN_POINT('',(2.428374678124,0.820193203315));
#1639 = CARTESIAN_POINT('',(2.509676884957,0.768322023598));
#1640 = CARTESIAN_POINT('',(2.594095408442,0.72111301306));
#1641 = CARTESIAN_POINT('',(2.743148490977,0.652150623907));
#1642 = CARTESIAN_POINT('',(2.806304908617,0.626824250135));
#1643 = CARTESIAN_POINT('',(2.871201576936,0.605369716349));
#1644 = CARTESIAN_POINT('',(2.937460813972,0.588595076229));
#1645 = CARTESIAN_POINT('',(3.004781479822,0.577097846858));
#1646 = CARTESIAN_POINT('',(3.072905500899,0.571262621083));
#1647 = CARTESIAN_POINT('',(3.14159265359,0.571262621083));
#1648 = ( GEOMETRIC_REPRESENTATION_CONTEXT(2) 
PARAMETRIC_REPRESENTATION_CONTEXT() REPRESENTATION_CONTEXT('2D SPACE',''
  ) );
#1649 = PCURVE('',#746,#1650);
#1650 = DEFINITIONAL_REPRESENTATION('',(#1651),#1708);
#1651 = B_SPLINE_CURVE_WITH_KNOTS('',7,(#1652,#1653,#1654,#1655,#1656,
    #1657,#1658,#1659,#1660,#1661,#1662,#1663,#1664,#1665,#1666,#1667,
    #1668,#1669,#1670,#1671,#1672,#1673,#1674,#1675,#1676,#1677,#1678,
    #1679,#1680,#1681,#1682,#1683,#1684,#1685,#1686,#1687,#1688,#1689,
    #1690,#1691,#1692,#1693,#1694,#1695,#1696,#1697,#1698,#1699,#1700,
    #1701,#1702,#1703,#1704,#1705,#1706,#1707),.UNSPECIFIED.,.F.,.F.,(8,
    6,6,6,6,6,6,6,6,8),(0.,0.13965560693,0.264183675426,0.39432336246,
    0.45506608377,0.492381147301,0.625350503479,0.663778414361,
    0.862581246109,1.),.UNSPECIFIED.);
#1652 = CARTESIAN_POINT('',(3.14159265359,0.632268245014));
#1653 = CARTESIAN_POINT('',(3.204556574646,0.632268245014));
#1654 = CARTESIAN_POINT('',(3.267411379928,0.628487520954));
#1655 = CARTESIAN_POINT('',(3.329970944537,0.620948593914));
#1656 = CARTESIAN_POINT('',(3.392046598643,0.609749879387));
#1657 = CARTESIAN_POINT('',(3.453432779738,0.595063118946));
#1658 = CARTESIAN_POINT('',(3.513892684893,0.577130811909));
#1659 = CARTESIAN_POINT('',(3.62597704874,0.53765681985));
#1660 = CARTESIAN_POINT('',(3.677887907002,0.516702373012));
#1661 = CARTESIAN_POINT('',(3.728864541618,0.493547582619));
#1662 = CARTESIAN_POINT('',(3.778871457716,0.468318499776));
#1663 = CARTESIAN_POINT('',(3.827839344354,0.441125080279));
#1664 = CARTESIAN_POINT('',(3.875638251333,0.412052559481));
#1665 = CARTESIAN_POINT('',(3.97052093441,0.34883252817));
#1666 = CARTESIAN_POINT('',(4.016905091725,0.314894291372));
#1667 = CARTESIAN_POINT('',(4.061743385965,0.278950298355));
#1668 = CARTESIAN_POINT('',(4.10505275848,0.240544664476));
#1669 = CARTESIAN_POINT('',(4.146092865101,0.199449967982));
#1670 = CARTESIAN_POINT('',(4.183298049687,0.15556979418));
#1671 = CARTESIAN_POINT('',(4.229304647657,8.656947483868E-02));
#1672 = CARTESIAN_POINT('',(4.242863310529,6.36375538639E-02));
#1673 = CARTESIAN_POINT('',(4.254907010574,3.991738675846E-02));
#1674 = CARTESIAN_POINT('',(4.265109491018,1.552827100419E-02));
#1675 = CARTESIAN_POINT('',(4.27324037444,-9.463042134571E-03));
#1676 = CARTESIAN_POINT('',(4.279156018491,-3.502359485228E-02));
#1677 = CARTESIAN_POINT('',(4.28502638749,-7.716948696362E-02));
#1678 = CARTESIAN_POINT('',(4.286384744574,-9.330187309472E-02));
#1679 = CARTESIAN_POINT('',(4.286871507884,-0.109505408813));
#1680 = CARTESIAN_POINT('',(4.286507233085,-0.125747308455));
#1681 = CARTESIAN_POINT('',(4.285329229311,-0.141984871304));
#1682 = CARTESIAN_POINT('',(4.283391725548,-0.158165379664));
#1683 = CARTESIAN_POINT('',(4.271409598095,-0.231456770152));
#1684 = CARTESIAN_POINT('',(4.253312051524,-0.287169135149));
#1685 = CARTESIAN_POINT('',(4.229159353763,-0.341542846978));
#1686 = CARTESIAN_POINT('',(4.201154231065,-0.394138148734));
#1687 = CARTESIAN_POINT('',(4.17068578059,-0.444735350166));
#1688 = CARTESIAN_POINT('',(4.138227834771,-0.493806889589));
#1689 = CARTESIAN_POINT('',(4.093146375522,-0.556409281909));
#1690 = CARTESIAN_POINT('',(4.082875664141,-0.570337899184));
#1691 = CARTESIAN_POINT('',(4.07244935435,-0.584160823559));
#1692 = CARTESIAN_POINT('',(4.061873950544,-0.597878909792));
#1693 = CARTESIAN_POINT('',(4.051154780983,-0.611492486132));
#1694 = CARTESIAN_POINT('',(4.040295997801,-0.625001354325));
#1695 = CARTESIAN_POINT('',(3.972416902036,-0.707746079014));
#1696 = CARTESIAN_POINT('',(3.911879116892,-0.774267734318));
#1697 = CARTESIAN_POINT('',(3.848102920113,-0.837905309621));
#1698 = CARTESIAN_POINT('',(3.780959424521,-0.89818723005));
#1699 = CARTESIAN_POINT('',(3.710269200243,-0.954293685562));
#1700 = CARTESIAN_POINT('',(3.635778505896,-1.004965402461));
#1701 = CARTESIAN_POINT('',(3.502814023182,-1.078607748557));
#1702 = CARTESIAN_POINT('',(3.446084321046,-1.105528685968));
#1703 = CARTESIAN_POINT('',(3.387467577017,-1.128251722753));
#1704 = CARTESIAN_POINT('',(3.327377418954,-1.145975818205));
#1705 = CARTESIAN_POINT('',(3.266162941475,-1.158110000223));
#1706 = CARTESIAN_POINT('',(3.204134113671,-1.164268245014));
#1707 = CARTESIAN_POINT('',(3.14159265359,-1.164268245014));
#1708 = ( GEOMETRIC_REPRESENTATION_CONTEXT(2) 
PARAMETRIC_REPRESENTATION_CONTEXT() REPRESENTATION_CONTEXT('2D SPACE',''
  ) );
#1709 = ADVANCED_FACE('',(#1710),#1400,.F.);
#1710 = FACE_BOUND('',#1711,.F.);
#1711 = EDGE_LOOP('',(#1712,#1713,#1741));
#1712 = ORIENTED_EDGE('',*,*,#1383,.T.);
#1713 = ORIENTED_EDGE('',*,*,#1714,.T.);
#1714 = EDGE_CURVE('',#1363,#1715,#1717,.T.);
#1715 = VERTEX_POINT('',#1716);
#1716 = CARTESIAN_POINT('',(404.22567635285,-2.32682891838E-16,
    40.711210621201));
#1717 = SURFACE_CURVE('',#1718,(#1723,#1734),.PCURVE_S1.);
#1718 = CIRCLE('',#1719,0.95);
#1719 = AXIS2_PLACEMENT_3D('',#1720,#1721,#1722);
#1720 = CARTESIAN_POINT('',(403.31086053412,0.,40.967359050445));
#1721 = DIRECTION('',(-0.26962992552,0.,-0.962964019714));
#1722 = DIRECTION('',(-0.962964019714,0.,0.26962992552));
#1723 = PCURVE('',#1400,#1724);
#1724 = DEFINITIONAL_REPRESENTATION('',(#1725),#1733);
#1725 = ( BOUNDED_CURVE() B_SPLINE_CURVE(2,(#1726,#1727,#1728,#1729,
#1730,#1731,#1732),.UNSPECIFIED.,.T.,.F.) B_SPLINE_CURVE_WITH_KNOTS((1,2
    ,2,2,2,1),(-2.094395102393,0.,2.094395102393,4.188790204786,
6.28318530718,8.377580409573),.UNSPECIFIED.) CURVE() 
GEOMETRIC_REPRESENTATION_ITEM() RATIONAL_B_SPLINE_CURVE((1.,0.5,1.,0.5,
1.,0.5,1.)) REPRESENTATION_ITEM('') );
#1726 = CARTESIAN_POINT('',(-2.683335235485,0.));
#1727 = CARTESIAN_POINT('',(-2.683335235485,1.64544826719));
#1728 = CARTESIAN_POINT('',(-1.258335235485,0.822724133595));
#1729 = CARTESIAN_POINT('',(0.166664764515,2.32682891838E-16));
#1730 = CARTESIAN_POINT('',(-1.258335235485,-0.822724133595));
#1731 = CARTESIAN_POINT('',(-2.683335235485,-1.64544826719));
#1732 = CARTESIAN_POINT('',(-2.683335235485,0.));
#1733 = ( GEOMETRIC_REPRESENTATION_CONTEXT(2) 
PARAMETRIC_REPRESENTATION_CONTEXT() REPRESENTATION_CONTEXT('2D SPACE',''
  ) );
#1734 = PCURVE('',#746,#1735);
#1735 = DEFINITIONAL_REPRESENTATION('',(#1736),#1740);
#1736 = LINE('',#1737,#1738);
#1737 = CARTESIAN_POINT('',(6.28318530718,-1.523794264796));
#1738 = VECTOR('',#1739,1.);
#1739 = DIRECTION('',(1.,0.));
#1740 = ( GEOMETRIC_REPRESENTATION_CONTEXT(2) 
PARAMETRIC_REPRESENTATION_CONTEXT() REPRESENTATION_CONTEXT('2D SPACE',''
  ) );
#1741 = ORIENTED_EDGE('',*,*,#1742,.T.);
#1742 = EDGE_CURVE('',#1715,#1384,#1743,.T.);
#1743 = SURFACE_CURVE('',#1744,(#1749,#1760),.PCURVE_S1.);
#1744 = CIRCLE('',#1745,0.95);
#1745 = AXIS2_PLACEMENT_3D('',#1746,#1747,#1748);
#1746 = CARTESIAN_POINT('',(403.31086053412,0.,40.967359050445));
#1747 = DIRECTION('',(-0.26962992552,0.,-0.962964019714));
#1748 = DIRECTION('',(-0.962964019714,0.,0.26962992552));
#1749 = PCURVE('',#1400,#1750);
#1750 = DEFINITIONAL_REPRESENTATION('',(#1751),#1759);
#1751 = ( BOUNDED_CURVE() B_SPLINE_CURVE(2,(#1752,#1753,#1754,#1755,
#1756,#1757,#1758),.UNSPECIFIED.,.T.,.F.) B_SPLINE_CURVE_WITH_KNOTS((1,2
    ,2,2,2,1),(-2.094395102393,0.,2.094395102393,4.188790204786,
6.28318530718,8.377580409573),.UNSPECIFIED.) CURVE() 
GEOMETRIC_REPRESENTATION_ITEM() RATIONAL_B_SPLINE_CURVE((1.,0.5,1.,0.5,
1.,0.5,1.)) REPRESENTATION_ITEM('') );
#1752 = CARTESIAN_POINT('',(-2.683335235485,0.));
#1753 = CARTESIAN_POINT('',(-2.683335235485,1.64544826719));
#1754 = CARTESIAN_POINT('',(-1.258335235485,0.822724133595));
#1755 = CARTESIAN_POINT('',(0.166664764515,2.32682891838E-16));
#1756 = CARTESIAN_POINT('',(-1.258335235485,-0.822724133595));
#1757 = CARTESIAN_POINT('',(-2.683335235485,-1.64544826719));
#1758 = CARTESIAN_POINT('',(-2.683335235485,0.));
#1759 = ( GEOMETRIC_REPRESENTATION_CONTEXT(2) 
PARAMETRIC_REPRESENTATION_CONTEXT() REPRESENTATION_CONTEXT('2D SPACE',''
  ) );
#1760 = PCURVE('',#746,#1761);
#1761 = DEFINITIONAL_REPRESENTATION('',(#1762),#1766);
#1762 = LINE('',#1763,#1764);
#1763 = CARTESIAN_POINT('',(0.,-1.523794264796));
#1764 = VECTOR('',#1765,1.);
#1765 = DIRECTION('',(1.,0.));
#1766 = ( GEOMETRIC_REPRESENTATION_CONTEXT(2) 
PARAMETRIC_REPRESENTATION_CONTEXT() REPRESENTATION_CONTEXT('2D SPACE',''
  ) );
#1767 = ADVANCED_FACE('',(#1768),#746,.F.);
#1768 = FACE_BOUND('',#1769,.F.);
#1769 = EDGE_LOOP('',(#1770,#1771,#1772,#1773,#1774,#1775,#1776,#1777,
    #1778,#1801,#1828,#1829,#1830));
#1770 = ORIENTED_EDGE('',*,*,#1192,.T.);
#1771 = ORIENTED_EDGE('',*,*,#909,.F.);
#1772 = ORIENTED_EDGE('',*,*,#886,.T.);
#1773 = ORIENTED_EDGE('',*,*,#727,.T.);
#1774 = ORIENTED_EDGE('',*,*,#1506,.F.);
#1775 = ORIENTED_EDGE('',*,*,#1530,.T.);
#1776 = ORIENTED_EDGE('',*,*,#1412,.F.);
#1777 = ORIENTED_EDGE('',*,*,#1742,.F.);
#1778 = ORIENTED_EDGE('',*,*,#1779,.T.);
#1779 = EDGE_CURVE('',#1715,#1780,#1782,.T.);
#1780 = VERTEX_POINT('',#1781);
#1781 = CARTESIAN_POINT('',(412.21481581872,-2.32682891838E-16,
    69.243851570756));
#1782 = SEAM_CURVE('',#1783,(#1787,#1794),.PCURVE_S1.);
#1783 = LINE('',#1784,#1785);
#1784 = CARTESIAN_POINT('',(403.81481581872,-2.32682891838E-16,
    39.243851570756));
#1785 = VECTOR('',#1786,1.);
#1786 = DIRECTION('',(0.26962992552,0.,0.962964019714));
#1787 = PCURVE('',#746,#1788);
#1788 = DEFINITIONAL_REPRESENTATION('',(#1789),#1793);
#1789 = LINE('',#1790,#1791);
#1790 = CARTESIAN_POINT('',(3.14159265359,0.));
#1791 = VECTOR('',#1792,1.);
#1792 = DIRECTION('',(-0.,-1.));
#1793 = ( GEOMETRIC_REPRESENTATION_CONTEXT(2) 
PARAMETRIC_REPRESENTATION_CONTEXT() REPRESENTATION_CONTEXT('2D SPACE',''
  ) );
#1794 = PCURVE('',#746,#1795);
#1795 = DEFINITIONAL_REPRESENTATION('',(#1796),#1800);
#1796 = LINE('',#1797,#1798);
#1797 = CARTESIAN_POINT('',(9.424777960769,0.));
#1798 = VECTOR('',#1799,1.);
#1799 = DIRECTION('',(-0.,-1.));
#1800 = ( GEOMETRIC_REPRESENTATION_CONTEXT(2) 
PARAMETRIC_REPRESENTATION_CONTEXT() REPRESENTATION_CONTEXT('2D SPACE',''
  ) );
#1801 = ORIENTED_EDGE('',*,*,#1802,.F.);
#1802 = EDGE_CURVE('',#1780,#1780,#1803,.T.);
#1803 = SURFACE_CURVE('',#1804,(#1809,#1816),.PCURVE_S1.);
#1804 = CIRCLE('',#1805,0.95);
#1805 = AXIS2_PLACEMENT_3D('',#1806,#1807,#1808);
#1806 = CARTESIAN_POINT('',(411.3,0.,69.5));
#1807 = DIRECTION('',(0.26962992552,0.,0.962964019714));
#1808 = DIRECTION('',(0.962964019714,0.,-0.26962992552));
#1809 = PCURVE('',#746,#1810);
#1810 = DEFINITIONAL_REPRESENTATION('',(#1811),#1815);
#1811 = LINE('',#1812,#1813);
#1812 = CARTESIAN_POINT('',(9.424777960769,-31.15381196579));
#1813 = VECTOR('',#1814,1.);
#1814 = DIRECTION('',(-1.,-0.));
#1815 = ( GEOMETRIC_REPRESENTATION_CONTEXT(2) 
PARAMETRIC_REPRESENTATION_CONTEXT() REPRESENTATION_CONTEXT('2D SPACE',''
  ) );
#1816 = PCURVE('',#1817,#1822);
#1817 = PLANE('',#1818);
#1818 = AXIS2_PLACEMENT_3D('',#1819,#1820,#1821);
#1819 = CARTESIAN_POINT('',(411.3,0.,69.5));
#1820 = DIRECTION('',(0.26962992552,0.,0.962964019714));
#1821 = DIRECTION('',(0.962964019714,0.,-0.26962992552));
#1822 = DEFINITIONAL_REPRESENTATION('',(#1823),#1827);
#1823 = CIRCLE('',#1824,0.95);
#1824 = AXIS2_PLACEMENT_2D('',#1825,#1826);
#1825 = CARTESIAN_POINT('',(0.,0.));
#1826 = DIRECTION('',(1.,0.));
#1827 = ( GEOMETRIC_REPRESENTATION_CONTEXT(2) 
PARAMETRIC_REPRESENTATION_CONTEXT() REPRESENTATION_CONTEXT('2D SPACE',''
  ) );
#1828 = ORIENTED_EDGE('',*,*,#1779,.F.);
#1829 = ORIENTED_EDGE('',*,*,#1714,.F.);
#1830 = ORIENTED_EDGE('',*,*,#1362,.T.);
#1831 = ADVANCED_FACE('',(#1832),#1817,.F.);
#1832 = FACE_BOUND('',#1833,.F.);
#1833 = EDGE_LOOP('',(#1834));
#1834 = ORIENTED_EDGE('',*,*,#1802,.T.);
#1835 = ( GEOMETRIC_REPRESENTATION_CONTEXT(3) 
GLOBAL_UNCERTAINTY_ASSIGNED_CONTEXT((#1839)) 
GLOBAL_UNIT_ASSIGNED_CONTEXT((#1836,#1837,#1838)) REPRESENTATION_CONTEXT
('Context #1','3D Context with UNIT and UNCERTAINTY') );
#1836 = ( LENGTH_UNIT() NAMED_UNIT(*) SI_UNIT(.MILLI.,.METRE.) );
#1837 = ( NAMED_UNIT(*) PLANE_ANGLE_UNIT() SI_UNIT($,.RADIAN.) );
#1838 = ( NAMED_UNIT(*) SI_UNIT($,.STERADIAN.) SOLID_ANGLE_UNIT() );
#1839 = UNCERTAINTY_MEASURE_WITH_UNIT(LENGTH_MEASURE(1.E-07),#1836,
  'distance_accuracy_value','confusion accuracy');
#1840 = PRODUCT_RELATED_PRODUCT_CATEGORY('part',$,(#7));
ENDSEC;
END-ISO-10303-21;
