ISO-10303-21;
HEADER;
FILE_DESCRIPTION(('SkyG Speed 90B - revision C6B-8 - 2026-10-10','M1-motor-plate'),'2;1');
FILE_NAME('M1-motor-plate_C6B-8','2026-10-10T23:18:29',('Author'),(
    'Open CASCADE'),'Open CASCADE STEP processor 7.9','Open CASCADE 7.9'
  ,'Unknown');
FILE_SCHEMA(('AUTOMOTIVE_DESIGN { 1 0 10303 214 1 1 1 1 }'));
ENDSEC;
DATA;
#1 = APPLICATION_PROTOCOL_DEFINITION('international standard',
  'automotive_design',2000,#2);
#2 = APPLICATION_CONTEXT(
  'core data for automotive mechanical design processes');
#3 = SHAPE_DEFINITION_REPRESENTATION(#4,#10);
#4 = PRODUCT_DEFINITION_SHAPE('','',#5);
#5 = PRODUCT_DEFINITION('design','',#6,#9);
#6 = PRODUCT_DEFINITION_FORMATION('','',#7);
#7 = PRODUCT('M1-motor-plate C6B-8','M1-motor-plate C6B-8','',(#8));
#8 = PRODUCT_CONTEXT('',#2,'mechanical');
#9 = PRODUCT_DEFINITION_CONTEXT('part definition',#2,'design');
#10 = ADVANCED_BREP_SHAPE_REPRESENTATION('',(#11,#15),#3557);
#11 = AXIS2_PLACEMENT_3D('',#12,#13,#14);
#12 = CARTESIAN_POINT('',(0.,0.,0.));
#13 = DIRECTION('',(0.,0.,1.));
#14 = DIRECTION('',(1.,0.,-0.));
#15 = MANIFOLD_SOLID_BREP('',#16);
#16 = CLOSED_SHELL('',(#17,#285,#388,#661,#1461,#1506,#2000,#2032,#2058,
    #2101,#2126,#2151,#2176,#2183,#2208,#2233,#2258,#2283,#2308,#2333,
    #2358,#2383,#2390,#2417,#2493,#2663,#2818,#2845,#2872,#2899,#2926,
    #3002,#3172,#3221,#3354,#3381,#3388,#3435,#3462,#3469,#3476,#3523,
    #3550));
#17 = ADVANCED_FACE('',(#18),#34,.T.);
#18 = FACE_BOUND('',#19,.T.);
#19 = EDGE_LOOP('',(#20,#177,#206,#232,#261));
#20 = ORIENTED_EDGE('',*,*,#21,.T.);
#21 = EDGE_CURVE('',#22,#24,#26,.T.);
#22 = VERTEX_POINT('',#23);
#23 = CARTESIAN_POINT('',(444.57653309454,1.763519208855,15.5));
#24 = VERTEX_POINT('',#25);
#25 = CARTESIAN_POINT('',(445.6,1.697975294346,15.507316979407));
#26 = SURFACE_CURVE('',#27,(#33,#47),.PCURVE_S1.);
#27 = B_SPLINE_CURVE_WITH_KNOTS('',4,(#28,#29,#30,#31,#32),
  .UNSPECIFIED.,.F.,.F.,(5,5),(0.,1.),.PIECEWISE_BEZIER_KNOTS.);
#28 = CARTESIAN_POINT('',(444.57653309454,1.763519208855,15.5));
#29 = CARTESIAN_POINT('',(444.83241224027,1.747317591174,15.501843346064
    ));
#30 = CARTESIAN_POINT('',(445.0882832526,1.730992790107,15.503677835085)
  );
#31 = CARTESIAN_POINT('',(445.34414602074,1.714545212861,15.505502654488
    ));
#32 = CARTESIAN_POINT('',(445.6000006,1.697975255488,15.507316983661));
#33 = PCURVE('',#34,#39);
#34 = CYLINDRICAL_SURFACE('',#35,15.6);
#35 = AXIS2_PLACEMENT_3D('',#36,#37,#38);
#36 = CARTESIAN_POINT('',(442.6,0.,0.));
#37 = DIRECTION('',(1.,0.,0.));
#38 = DIRECTION('',(-0.,0.,1.));
#39 = DEFINITIONAL_REPRESENTATION('',(#40),#46);
#40 = B_SPLINE_CURVE_WITH_KNOTS('',4,(#41,#42,#43,#44,#45),
  .UNSPECIFIED.,.F.,.F.,(5,5),(0.,1.),.PIECEWISE_BEZIER_KNOTS.);
#41 = CARTESIAN_POINT('',(6.169897031476,1.976533094546));
#42 = CARTESIAN_POINT('',(6.170942297133,2.232412240275));
#43 = CARTESIAN_POINT('',(6.17199534436,2.488283252601));
#44 = CARTESIAN_POINT('',(6.173056144378,2.744146020749));
#45 = CARTESIAN_POINT('',(6.174124669474,3.0000006));
#46 = ( GEOMETRIC_REPRESENTATION_CONTEXT(2) 
PARAMETRIC_REPRESENTATION_CONTEXT() REPRESENTATION_CONTEXT('2D SPACE',''
  ) );
#47 = PCURVE('',#48,#169);
#48 = B_SPLINE_SURFACE_WITH_KNOTS('',3,1,(
    (#49,#50)
    ,(#51,#52)
    ,(#53,#54)
    ,(#55,#56)
    ,(#57,#58)
    ,(#59,#60)
    ,(#61,#62)
    ,(#63,#64)
    ,(#65,#66)
    ,(#67,#68)
    ,(#69,#70)
    ,(#71,#72)
    ,(#73,#74)
    ,(#75,#76)
    ,(#77,#78)
    ,(#79,#80)
    ,(#81,#82)
    ,(#83,#84)
    ,(#85,#86)
    ,(#87,#88)
    ,(#89,#90)
    ,(#91,#92)
    ,(#93,#94)
    ,(#95,#96)
    ,(#97,#98)
    ,(#99,#100)
    ,(#101,#102)
    ,(#103,#104)
    ,(#105,#106)
    ,(#107,#108)
    ,(#109,#110)
    ,(#111,#112)
    ,(#113,#114)
    ,(#115,#116)
    ,(#117,#118)
    ,(#119,#120)
    ,(#121,#122)
    ,(#123,#124)
    ,(#125,#126)
    ,(#127,#128)
    ,(#129,#130)
    ,(#131,#132)
    ,(#133,#134)
    ,(#135,#136)
    ,(#137,#138)
    ,(#139,#140)
    ,(#141,#142)
    ,(#143,#144)
    ,(#145,#146)
    ,(#147,#148)
    ,(#149,#150)
    ,(#151,#152)
    ,(#153,#154)
    ,(#155,#156)
    ,(#157,#158)
    ,(#159,#160)
    ,(#161,#162)
    ,(#163,#164)
    ,(#165,#166)
    ,(#167,#168
    )),.UNSPECIFIED.,.F.,.F.,.F.,(4,1,1,1,1,1,1,1,1,1,1,1,1,1,1,1,1,1,1,
    1,1,1,1,1,1,1,1,1,1,1,1,1,1,1,1,1,1,1,1,1,1,1,1,1,1,1,1,1,1,1,1,1,1,
    1,1,1,1,4),(2,2),(0.,0.185990632287,0.186100374274,0.741786702558,
    0.742221930325,1.660885750618,1.661851287171,2.932533545817,
    2.934216956473,4.541848191194,4.544414678602,6.469992414146,
    6.473581108111,8.694392470432,8.699114026038,11.189001494617,
    11.194936690763,13.924604471663,13.931803357073,16.869161312991,
    16.877642412147,19.988183844976,19.99793302414,23.245141916535,
    23.256110705966,26.601893358504,26.61399679342,30.019132218083,
    30.032246543558,33.45684955905,33.470810382819,36.874801149775,
    36.889402767422,40.232976522946,40.247973143286,43.492064137751,
    43.507173585608,46.613907655849,46.628817833692,49.561948599334,
    49.576326583132,52.301650814104,52.315154002241,54.800902063925,
    54.813190375634,57.030387301697,57.041135151519,58.96392509681,
    58.972831980654,60.578745735985,60.585545549866,61.855621210912,
    61.860097456875,62.778299397109,62.780362768712,63.331118426446,
    63.331359757089,63.516675656718),(0.,1.),.UNSPECIFIED.);
#49 = CARTESIAN_POINT('',(460.15,0.6,15.5));
#50 = CARTESIAN_POINT('',(460.15,0.6,91.6));
#51 = CARTESIAN_POINT('',(460.08823763174,0.605387268685,15.5));
#52 = CARTESIAN_POINT('',(460.11806894142,0.602571529669,91.6));
#53 = CARTESIAN_POINT('',(460.02643790838,0.610767254793,15.5));
#54 = CARTESIAN_POINT('',(460.08611860575,0.605139158944,91.6));
#55 = CARTESIAN_POINT('',(459.7801037224,0.632170124921,15.5));
#56 = CARTESIAN_POINT('',(459.95876445576,0.615352116649,91.6));
#57 = CARTESIAN_POINT('',(459.59538111287,0.648126240732,15.5));
#58 = CARTESIAN_POINT('',(459.86326364955,0.622962227555,91.6));
#59 = CARTESIAN_POINT('',(459.1055888808,0.690190113017,15.5));
#60 = CARTESIAN_POINT('',(459.61004396232,0.643014272271,91.6));
#61 = CARTESIAN_POINT('',(458.80000400672,0.716182717973,15.5));
#62 = CARTESIAN_POINT('',(459.45205923599,0.655394801237,91.6));
#63 = CARTESIAN_POINT('',(458.07247805498,0.777483676648,15.5));
#64 = CARTESIAN_POINT('',(459.07593659661,0.684569077755,91.6));
#65 = CARTESIAN_POINT('',(457.64949387744,0.81265682326,15.5));
#66 = CARTESIAN_POINT('',(458.85726016494,0.701289193891,91.6));
#67 = CARTESIAN_POINT('',(456.69271314061,0.891200278321,15.5));
#68 = CARTESIAN_POINT('',(458.36262241045,0.738583213268,91.6));
#69 = CARTESIAN_POINT('',(456.15716188566,0.934444297249,15.5));
#70 = CARTESIAN_POINT('',(458.08575485563,0.75908561245,91.6));
#71 = CARTESIAN_POINT('',(454.98227294475,1.027801477207,15.5));
#72 = CARTESIAN_POINT('',(457.47836968808,0.803281622396,91.6));
#73 = CARTESIAN_POINT('',(454.34030694738,1.07782384048,15.5));
#74 = CARTESIAN_POINT('',(457.14649432436,0.826919042648,91.6));
#75 = CARTESIAN_POINT('',(452.96100532141,1.183271649799,15.5));
#76 = CARTESIAN_POINT('',(456.43344750547,0.876656007147,91.6));
#77 = CARTESIAN_POINT('',(452.22003096343,1.238663363077,15.5));
#78 = CARTESIAN_POINT('',(456.05039602131,0.902725357207,91.6));
#79 = CARTESIAN_POINT('',(450.65240959089,1.353303146287,15.5));
#80 = CARTESIAN_POINT('',(455.24001268086,0.956559873956,91.6));
#81 = CARTESIAN_POINT('',(449.82100421173,1.412589326525,15.5));
#82 = CARTESIAN_POINT('',(454.81022203442,0.984328101611,91.6));
#83 = CARTESIAN_POINT('',(448.08336950886,1.533425572855,15.5));
#84 = CARTESIAN_POINT('',(453.91197135746,1.040774444475,91.6));
#85 = CARTESIAN_POINT('',(447.17118209173,1.595092830443,15.5));
#86 = CARTESIAN_POINT('',(453.44043236621,1.069492331317,91.6));
#87 = CARTESIAN_POINT('',(445.2838397068,1.71906266505,15.5));
#88 = CARTESIAN_POINT('',(452.46481678799,1.127036900456,91.6));
#89 = CARTESIAN_POINT('',(444.30147705357,1.781561556711,15.5));
#90 = CARTESIAN_POINT('',(451.95701530506,1.15593990046,91.6));
#91 = CARTESIAN_POINT('',(442.28649107647,1.905517937269,15.5));
#92 = CARTESIAN_POINT('',(450.91544614948,1.213031624358,91.6));
#93 = CARTESIAN_POINT('',(441.24539192494,1.967244997678,15.5));
#94 = CARTESIAN_POINT('',(450.37729808105,1.241330099184,91.6));
#95 = CARTESIAN_POINT('',(439.12632261228,2.087908425113,15.5));
#96 = CARTESIAN_POINT('',(449.28196021011,1.296354493617,91.6));
#97 = CARTESIAN_POINT('',(438.03862261952,2.147177788426,15.5));
#98 = CARTESIAN_POINT('',(448.71974185192,1.32321854734,91.6));
#99 = CARTESIAN_POINT('',(435.84024851369,2.261080482687,15.5));
#100 = CARTESIAN_POINT('',(447.5834502842,1.374467868159,91.6));
#101 = CARTESIAN_POINT('',(434.71863919402,2.316098675269,15.5));
#102 = CARTESIAN_POINT('',(447.00372552744,1.399013829954,91.6));
#103 = CARTESIAN_POINT('',(432.46666975685,2.419549498472,15.5));
#104 = CARTESIAN_POINT('',(445.83977709241,1.444667992414,91.6));
#105 = CARTESIAN_POINT('',(431.3242542961,2.468407770945,15.5));
#106 = CARTESIAN_POINT('',(445.24932295956,1.465953998145,91.6));
#107 = CARTESIAN_POINT('',(429.04503878893,2.557504585592,15.5));
#108 = CARTESIAN_POINT('',(444.07134585678,1.504086098075,91.6));
#109 = CARTESIAN_POINT('',(427.89518717749,2.598200893523,15.5));
#110 = CARTESIAN_POINT('',(443.47707758653,1.52112304431,91.6));
#111 = CARTESIAN_POINT('',(425.61542436989,2.668909424419,15.5));
#112 = CARTESIAN_POINT('',(442.2988811465,1.549739355411,91.6));
#113 = CARTESIAN_POINT('',(424.47162940982,2.699407004423,15.5));
#114 = CARTESIAN_POINT('',(441.70777760404,1.561520817892,91.6));
#115 = CARTESIAN_POINT('',(422.21808120858,2.747713163916,15.5));
#116 = CARTESIAN_POINT('',(440.5432038173,1.578638848329,91.6));
#117 = CARTESIAN_POINT('',(421.09381622546,2.766035956597,15.5));
#118 = CARTESIAN_POINT('',(439.96223365325,1.584190073936,91.6));
#119 = CARTESIAN_POINT('',(418.89302564089,2.788162512625,15.5));
#120 = CARTESIAN_POINT('',(438.82501069488,1.587949923126,91.6));
#121 = CARTESIAN_POINT('',(417.80160278258,2.792518584407,15.5));
#122 = CARTESIAN_POINT('',(438.26105869893,1.586391302231,91.6));
#123 = CARTESIAN_POINT('',(415.6796179586,2.785185016237,15.5));
#124 = CARTESIAN_POINT('',(437.16465742654,1.575189302839,91.6));
#125 = CARTESIAN_POINT('',(414.634049243,2.774106418661,15.5));
#126 = CARTESIAN_POINT('',(436.62445222818,1.565808250677,91.6));
#127 = CARTESIAN_POINT('',(412.6161455221,2.73478556035,15.5));
#128 = CARTESIAN_POINT('',(435.58194156022,1.538428858868,91.6));
#129 = CARTESIAN_POINT('',(411.62899640448,2.707251624048,15.5));
#130 = CARTESIAN_POINT('',(435.07197950469,1.520743190898,91.6));
#131 = CARTESIAN_POINT('',(409.73942570003,2.63441070095,15.5));
#132 = CARTESIAN_POINT('',(434.0958961867,1.476482604087,91.6));
#133 = CARTESIAN_POINT('',(408.82269815262,2.58997503538,15.5));
#134 = CARTESIAN_POINT('',(433.62238042584,1.450305222739,91.6));
#135 = CARTESIAN_POINT('',(407.08438327264,2.483139466147,15.5));
#136 = CARTESIAN_POINT('',(432.72457000593,1.38900344897,91.6));
#137 = CARTESIAN_POINT('',(406.24931756774,2.421894696074,15.5));
#138 = CARTESIAN_POINT('',(432.29330819532,1.354424772809,91.6));
#139 = CARTESIAN_POINT('',(404.68382223923,2.281868534043,15.5));
#140 = CARTESIAN_POINT('',(431.48491095781,1.2765782481,91.6));
#141 = CARTESIAN_POINT('',(403.94101615671,2.204708536349,15.5));
#142 = CARTESIAN_POINT('',(431.10137574739,1.234096860324,91.6));
#143 = CARTESIAN_POINT('',(402.56784446805,2.032678490765,15.5));
#144 = CARTESIAN_POINT('',(430.39245987135,1.140396314906,91.6));
#145 = CARTESIAN_POINT('',(401.92649845782,1.940348930645,15.5));
#146 = CARTESIAN_POINT('',(430.06140281795,1.090441223323,91.6));
#147 = CARTESIAN_POINT('',(400.76499780555,1.739722509601,15.5));
#148 = CARTESIAN_POINT('',(429.46196377967,0.982719087157,91.6));
#149 = CARTESIAN_POINT('',(400.23508185209,1.635292892587,15.5));
#150 = CARTESIAN_POINT('',(429.18852449902,0.926887178098,91.6));
#151 = CARTESIAN_POINT('',(399.29978620857,1.404495725475,15.5));
#152 = CARTESIAN_POINT('',(428.70603375403,0.804416727727,91.6));
#153 = CARTESIAN_POINT('',(398.886440817,1.285986492437,15.5));
#154 = CARTESIAN_POINT('',(428.49287885977,0.741778179724,91.6));
#155 = CARTESIAN_POINT('',(398.20436453605,1.036147356941,15.5));
#156 = CARTESIAN_POINT('',(428.14132208448,0.610384274013,91.6));
#157 = CARTESIAN_POINT('',(397.92445411681,0.916402217927,15.5));
#158 = CARTESIAN_POINT('',(427.99711728825,0.547467183588,91.6));
#159 = CARTESIAN_POINT('',(397.50569305848,0.628601955017,15.5));
#160 = CARTESIAN_POINT('',(427.7814817842,0.397680587373,91.6));
#161 = CARTESIAN_POINT('',(397.35424424088,0.498380495052,15.5));
#162 = CARTESIAN_POINT('',(427.70366748763,0.330110454691,91.6));
#163 = CARTESIAN_POINT('',(397.26547463513,0.27536744101,15.5));
#164 = CARTESIAN_POINT('',(427.6580010628,0.214764397577,91.6));
#165 = CARTESIAN_POINT('',(397.25268608985,0.21495229881,15.5));
#166 = CARTESIAN_POINT('',(427.65140957568,0.183541368319,91.6));
#167 = CARTESIAN_POINT('',(397.25,0.15,15.5));
#168 = CARTESIAN_POINT('',(427.65,0.15,91.6));
#169 = DEFINITIONAL_REPRESENTATION('',(#170),#176);
#170 = B_SPLINE_CURVE_WITH_KNOTS('',4,(#171,#172,#173,#174,#175),
  .UNSPECIFIED.,.F.,.F.,(5,5),(0.,1.),.PIECEWISE_BEZIER_KNOTS.);
#171 = CARTESIAN_POINT('',(15.617223646026,0.));
#172 = CARTESIAN_POINT('',(15.361015072283,2.422268152606E-05));
#173 = CARTESIAN_POINT('',(15.104798010243,4.832944019543E-05));
#174 = CARTESIAN_POINT('',(14.848572297897,7.23078348066E-05));
#175 = CARTESIAN_POINT('',(14.592338103899,9.614921685071E-05));
#176 = ( GEOMETRIC_REPRESENTATION_CONTEXT(2) 
PARAMETRIC_REPRESENTATION_CONTEXT() REPRESENTATION_CONTEXT('2D SPACE',''
  ) );
#177 = ORIENTED_EDGE('',*,*,#178,.F.);
#178 = EDGE_CURVE('',#179,#24,#181,.T.);
#179 = VERTEX_POINT('',#180);
#180 = CARTESIAN_POINT('',(445.6,4.560998593675,14.918354193023));
#181 = SURFACE_CURVE('',#182,(#187,#194),.PCURVE_S1.);
#182 = CIRCLE('',#183,15.6);
#183 = AXIS2_PLACEMENT_3D('',#184,#185,#186);
#184 = CARTESIAN_POINT('',(445.6,0.,0.));
#185 = DIRECTION('',(1.,0.,0.));
#186 = DIRECTION('',(-0.,0.,1.));
#187 = PCURVE('',#34,#188);
#188 = DEFINITIONAL_REPRESENTATION('',(#189),#193);
#189 = LINE('',#190,#191);
#190 = CARTESIAN_POINT('',(0.,3.));
#191 = VECTOR('',#192,1.);
#192 = DIRECTION('',(1.,0.));
#193 = ( GEOMETRIC_REPRESENTATION_CONTEXT(2) 
PARAMETRIC_REPRESENTATION_CONTEXT() REPRESENTATION_CONTEXT('2D SPACE',''
  ) );
#194 = PCURVE('',#195,#200);
#195 = PLANE('',#196);
#196 = AXIS2_PLACEMENT_3D('',#197,#198,#199);
#197 = CARTESIAN_POINT('',(445.6,0.,0.));
#198 = DIRECTION('',(1.,0.,0.));
#199 = DIRECTION('',(-0.,0.,1.));
#200 = DEFINITIONAL_REPRESENTATION('',(#201),#205);
#201 = CIRCLE('',#202,15.6);
#202 = AXIS2_PLACEMENT_2D('',#203,#204);
#203 = CARTESIAN_POINT('',(0.,0.));
#204 = DIRECTION('',(1.,0.));
#205 = ( GEOMETRIC_REPRESENTATION_CONTEXT(2) 
PARAMETRIC_REPRESENTATION_CONTEXT() REPRESENTATION_CONTEXT('2D SPACE',''
  ) );
#206 = ORIENTED_EDGE('',*,*,#207,.F.);
#207 = EDGE_CURVE('',#208,#179,#210,.T.);
#208 = VERTEX_POINT('',#209);
#209 = CARTESIAN_POINT('',(442.6,4.560998593675,14.918354193023));
#210 = SURFACE_CURVE('',#211,(#215,#221),.PCURVE_S1.);
#211 = LINE('',#212,#213);
#212 = CARTESIAN_POINT('',(442.6,4.560998593675,14.918354193023));
#213 = VECTOR('',#214,1.);
#214 = DIRECTION('',(1.,0.,0.));
#215 = PCURVE('',#34,#216);
#216 = DEFINITIONAL_REPRESENTATION('',(#217),#220);
#217 = B_SPLINE_CURVE_WITH_KNOTS('',1,(#218,#219),.UNSPECIFIED.,.F.,.F.,
  (2,2),(-6.000000212225E-07,3.0000006),.PIECEWISE_BEZIER_KNOTS.);
#218 = CARTESIAN_POINT('',(5.986479334341,-6.000000212225E-07));
#219 = CARTESIAN_POINT('',(5.986479334341,3.0000006));
#220 = ( GEOMETRIC_REPRESENTATION_CONTEXT(2) 
PARAMETRIC_REPRESENTATION_CONTEXT() REPRESENTATION_CONTEXT('2D SPACE',''
  ) );
#221 = PCURVE('',#222,#227);
#222 = PLANE('',#223);
#223 = AXIS2_PLACEMENT_3D('',#224,#225,#226);
#224 = CARTESIAN_POINT('',(441.6,8.771151141682,28.689142678891));
#225 = DIRECTION('',(0.,0.956304755963,-0.292371704723));
#226 = DIRECTION('',(0.,-0.292371704723,-0.956304755963));
#227 = DEFINITIONAL_REPRESENTATION('',(#228),#231);
#228 = B_SPLINE_CURVE_WITH_KNOTS('',1,(#229,#230),.UNSPECIFIED.,.F.,.F.,
  (2,2),(-6.000000212225E-07,3.0000006),.PIECEWISE_BEZIER_KNOTS.);
#229 = CARTESIAN_POINT('',(14.4,-0.9999994));
#230 = CARTESIAN_POINT('',(14.4,-4.0000006));
#231 = ( GEOMETRIC_REPRESENTATION_CONTEXT(2) 
PARAMETRIC_REPRESENTATION_CONTEXT() REPRESENTATION_CONTEXT('2D SPACE',''
  ) );
#232 = ORIENTED_EDGE('',*,*,#233,.T.);
#233 = EDGE_CURVE('',#208,#234,#236,.T.);
#234 = VERTEX_POINT('',#235);
#235 = CARTESIAN_POINT('',(442.6,1.763519208855,15.5));
#236 = SURFACE_CURVE('',#237,(#242,#249),.PCURVE_S1.);
#237 = CIRCLE('',#238,15.6);
#238 = AXIS2_PLACEMENT_3D('',#239,#240,#241);
#239 = CARTESIAN_POINT('',(442.6,0.,0.));
#240 = DIRECTION('',(1.,0.,0.));
#241 = DIRECTION('',(-0.,0.,1.));
#242 = PCURVE('',#34,#243);
#243 = DEFINITIONAL_REPRESENTATION('',(#244),#248);
#244 = LINE('',#245,#246);
#245 = CARTESIAN_POINT('',(0.,0.));
#246 = VECTOR('',#247,1.);
#247 = DIRECTION('',(1.,0.));
#248 = ( GEOMETRIC_REPRESENTATION_CONTEXT(2) 
PARAMETRIC_REPRESENTATION_CONTEXT() REPRESENTATION_CONTEXT('2D SPACE',''
  ) );
#249 = PCURVE('',#250,#255);
#250 = PLANE('',#251);
#251 = AXIS2_PLACEMENT_3D('',#252,#253,#254);
#252 = CARTESIAN_POINT('',(442.6,0.,0.));
#253 = DIRECTION('',(1.,0.,0.));
#254 = DIRECTION('',(-0.,0.,1.));
#255 = DEFINITIONAL_REPRESENTATION('',(#256),#260);
#256 = CIRCLE('',#257,15.6);
#257 = AXIS2_PLACEMENT_2D('',#258,#259);
#258 = CARTESIAN_POINT('',(0.,0.));
#259 = DIRECTION('',(1.,0.));
#260 = ( GEOMETRIC_REPRESENTATION_CONTEXT(2) 
PARAMETRIC_REPRESENTATION_CONTEXT() REPRESENTATION_CONTEXT('2D SPACE',''
  ) );
#261 = ORIENTED_EDGE('',*,*,#262,.T.);
#262 = EDGE_CURVE('',#234,#22,#263,.T.);
#263 = SURFACE_CURVE('',#264,(#268,#274),.PCURVE_S1.);
#264 = LINE('',#265,#266);
#265 = CARTESIAN_POINT('',(442.6,1.763519208855,15.5));
#266 = VECTOR('',#267,1.);
#267 = DIRECTION('',(1.,0.,0.));
#268 = PCURVE('',#34,#269);
#269 = DEFINITIONAL_REPRESENTATION('',(#270),#273);
#270 = B_SPLINE_CURVE_WITH_KNOTS('',1,(#271,#272),.UNSPECIFIED.,.F.,.F.,
  (2,2),(-6.000000212225E-07,3.0000006),.PIECEWISE_BEZIER_KNOTS.);
#271 = CARTESIAN_POINT('',(6.169897031476,-6.000000212225E-07));
#272 = CARTESIAN_POINT('',(6.169897031476,3.0000006));
#273 = ( GEOMETRIC_REPRESENTATION_CONTEXT(2) 
PARAMETRIC_REPRESENTATION_CONTEXT() REPRESENTATION_CONTEXT('2D SPACE',''
  ) );
#274 = PCURVE('',#275,#280);
#275 = PLANE('',#276);
#276 = AXIS2_PLACEMENT_3D('',#277,#278,#279);
#277 = CARTESIAN_POINT('',(460.15,0.6,15.5));
#278 = DIRECTION('',(4.111548827352E-18,-5.747031583121E-16,1.));
#279 = DIRECTION('',(-0.9999744096,-7.154029957394E-03,0.));
#280 = DEFINITIONAL_REPRESENTATION('',(#281),#284);
#281 = B_SPLINE_CURVE_WITH_KNOTS('',1,(#282,#283),.UNSPECIFIED.,.F.,.F.,
  (2,2),(-6.000000212225E-07,3.0000006),.PIECEWISE_BEZIER_KNOTS.);
#282 = CARTESIAN_POINT('',(17.541227637193,-1.289042663978));
#283 = CARTESIAN_POINT('',(14.541303208423,-1.267580565521));
#284 = ( GEOMETRIC_REPRESENTATION_CONTEXT(2) 
PARAMETRIC_REPRESENTATION_CONTEXT() REPRESENTATION_CONTEXT('2D SPACE',''
  ) );
#285 = ADVANCED_FACE('',(#286),#48,.F.);
#286 = FACE_BOUND('',#287,.F.);
#287 = EDGE_LOOP('',(#288,#308,#387));
#288 = ORIENTED_EDGE('',*,*,#289,.F.);
#289 = EDGE_CURVE('',#290,#24,#292,.T.);
#290 = VERTEX_POINT('',#291);
#291 = CARTESIAN_POINT('',(445.6,1.697987376189,15.5));
#292 = SURFACE_CURVE('',#293,(#296,#302),.PCURVE_S1.);
#293 = B_SPLINE_CURVE_WITH_KNOTS('',1,(#294,#295),.UNSPECIFIED.,.F.,.F.,
  (2,2),(0.,1.),.PIECEWISE_BEZIER_KNOTS.);
#294 = CARTESIAN_POINT('',(445.6,1.697987376189,15.5));
#295 = CARTESIAN_POINT('',(445.6,1.697822160752,15.6));
#296 = PCURVE('',#48,#297);
#297 = DEFINITIONAL_REPRESENTATION('',(#298),#301);
#298 = B_SPLINE_CURVE_WITH_KNOTS('',1,(#299,#300),.UNSPECIFIED.,.F.,.F.,
  (2,2),(0.,1.),.PIECEWISE_BEZIER_KNOTS.);
#299 = CARTESIAN_POINT('',(14.591661541085,0.));
#300 = CARTESIAN_POINT('',(14.60092229543,1.314060446781E-03));
#301 = ( GEOMETRIC_REPRESENTATION_CONTEXT(2) 
PARAMETRIC_REPRESENTATION_CONTEXT() REPRESENTATION_CONTEXT('2D SPACE',''
  ) );
#302 = PCURVE('',#195,#303);
#303 = DEFINITIONAL_REPRESENTATION('',(#304),#307);
#304 = B_SPLINE_CURVE_WITH_KNOTS('',1,(#305,#306),.UNSPECIFIED.,.F.,.F.,
  (2,2),(0.,1.),.PIECEWISE_BEZIER_KNOTS.);
#305 = CARTESIAN_POINT('',(15.5,-1.697987376189));
#306 = CARTESIAN_POINT('',(15.6,-1.697822160752));
#307 = ( GEOMETRIC_REPRESENTATION_CONTEXT(2) 
PARAMETRIC_REPRESENTATION_CONTEXT() REPRESENTATION_CONTEXT('2D SPACE',''
  ) );
#308 = ORIENTED_EDGE('',*,*,#309,.T.);
#309 = EDGE_CURVE('',#290,#22,#310,.T.);
#310 = SURFACE_CURVE('',#311,(#344,#351),.PCURVE_S1.);
#311 = B_SPLINE_CURVE_WITH_KNOTS('',3,(#312,#313,#314,#315,#316,#317,
    #318,#319,#320,#321,#322,#323,#324,#325,#326,#327,#328,#329,#330,
    #331,#332,#333,#334,#335,#336,#337,#338,#339,#340,#341,#342,#343),
  .UNSPECIFIED.,.F.,.F.,(4,1,1,1,1,1,1,1,1,1,1,1,1,1,1,1,1,1,1,1,1,1,1,1
    ,1,1,1,1,1,4),(0.,0.186100374274,0.742221930325,1.661851287171,
    2.934216956473,4.544414678602,6.473581108111,8.699114026038,
    11.194936690763,13.931803357073,16.877642412147,19.99793302414,
    23.256110705966,26.61399679342,30.032246543558,33.470810382819,
    36.889402767422,40.247973143286,43.507173585608,46.628817833692,
    49.576326583132,52.315154002241,54.813190375634,57.041135151519,
    58.972831980654,60.585545549866,61.860097456875,62.780362768712,
    63.331359757089,63.516675656718),.UNSPECIFIED.);
#312 = CARTESIAN_POINT('',(460.15,0.6,15.5));
#313 = CARTESIAN_POINT('',(460.08820118944,0.605390447391,15.5));
#314 = CARTESIAN_POINT('',(459.8417260787,0.626847357987,15.5));
#315 = CARTESIAN_POINT('',(459.28983063877,0.674519200253,15.5));
#316 = CARTESIAN_POINT('',(458.37708719045,0.752155041885,15.5));
#317 = CARTESIAN_POINT('',(457.11404772208,0.857180935359,15.5));
#318 = CARTESIAN_POINT('',(455.51533901933,0.986268026373,15.5));
#319 = CARTESIAN_POINT('',(453.59951064467,1.135544995672,15.5));
#320 = CARTESIAN_POINT('',(451.38883375779,1.300796716689,15.5));
#321 = CARTESIAN_POINT('',(448.90905035683,1.477615337641,15.5));
#322 = CARTESIAN_POINT('',(446.18907505779,1.661481908561,15.5));
#323 = CARTESIAN_POINT('',(443.26065409875,1.847773564736,15.5));
#324 = CARTESIAN_POINT('',(440.15798841671,2.031709888155,15.5));
#325 = CARTESIAN_POINT('',(436.91732912011,2.208268425133,15.5));
#326 = CARTESIAN_POINT('',(433.57655435266,2.372109890247,15.5));
#327 = CARTESIAN_POINT('',(430.17473630155,2.517555816907,15.5));
#328 = CARTESIAN_POINT('',(426.75170595301,2.638654564815,15.5));
#329 = CARTESIAN_POINT('',(423.34762079298,2.729356115481,15.5));
#330 = CARTESIAN_POINT('',(420.00253864638,2.783796098178,15.5));
#331 = CARTESIAN_POINT('',(416.75599506199,2.796662412082,15.5));
#332 = CARTESIAN_POINT('',(413.64659132234,2.763609876212,15.5));
#333 = CARTESIAN_POINT('',(410.71156293815,2.68162460339,15.5));
#334 = CARTESIAN_POINT('',(407.98643897636,2.549398921709,15.5));
#335 = CARTESIAN_POINT('',(405.50446147923,2.367222467465,15.5));
#336 = CARTESIAN_POINT('',(403.29695342329,2.137760773491,15.5));
#337 = CARTESIAN_POINT('',(401.39108534393,1.86322352911,15.5));
#338 = CARTESIAN_POINT('',(399.81636785622,1.552734536777,15.5));
#339 = CARTESIAN_POINT('',(398.58813868312,1.200419015122,15.5));
#340 = CARTESIAN_POINT('',(397.75705838946,0.844766985228,15.5));
#341 = CARTESIAN_POINT('',(397.30343253985,0.454686680313,15.5));
#342 = CARTESIAN_POINT('',(397.25268608985,0.21495229881,15.5));
#343 = CARTESIAN_POINT('',(397.25,0.15,15.5));
#344 = PCURVE('',#48,#345);
#345 = DEFINITIONAL_REPRESENTATION('',(#346),#350);
#346 = LINE('',#347,#348);
#347 = CARTESIAN_POINT('',(0.,0.));
#348 = VECTOR('',#349,1.);
#349 = DIRECTION('',(1.,0.));
#350 = ( GEOMETRIC_REPRESENTATION_CONTEXT(2) 
PARAMETRIC_REPRESENTATION_CONTEXT() REPRESENTATION_CONTEXT('2D SPACE',''
  ) );
#351 = PCURVE('',#275,#352);
#352 = DEFINITIONAL_REPRESENTATION('',(#353),#386);
#353 = B_SPLINE_CURVE_WITH_KNOTS('',3,(#354,#355,#356,#357,#358,#359,
    #360,#361,#362,#363,#364,#365,#366,#367,#368,#369,#370,#371,#372,
    #373,#374,#375,#376,#377,#378,#379,#380,#381,#382,#383,#384,#385),
  .UNSPECIFIED.,.F.,.F.,(4,1,1,1,1,1,1,1,1,1,1,1,1,1,1,1,1,1,1,1,1,1,1,1
    ,1,1,1,1,1,4),(0.,0.186100374274,0.742221930325,1.661851287171,
    2.934216956473,4.544414678602,6.473581108111,8.699114026038,
    11.194936690763,13.931803357073,16.877642412147,19.99793302414,
    23.256110705966,26.61399679342,30.032246543558,33.470810382819,
    36.889402767422,40.247973143286,43.507173585608,46.628817833692,
    49.576326583132,52.315154002241,54.813190375634,57.041135151519,
    58.972831980654,60.585545549866,61.860097456875,62.780362768712,
    63.331359757089,63.516675656718),.UNSPECIFIED.);
#354 = CARTESIAN_POINT('',(0.,0.));
#355 = CARTESIAN_POINT('',(6.175866567355E-02,-5.832419989176E-03));
#356 = CARTESIAN_POINT('',(0.308073965644,-2.905207182039E-02));
#357 = CARTESIAN_POINT('',(0.85961423656,-8.067097065533E-02));
#358 = CARTESIAN_POINT('',(1.771778918273,-0.164834619528));
#359 = CARTESIAN_POINT('',(3.03403470657,-0.278893647541));
#360 = CARTESIAN_POINT('',(4.631779004801,-0.419414645118));
#361 = CARTESIAN_POINT('',(6.54649042074,-0.582393687945));
#362 = CARTESIAN_POINT('',(8.755928519751,-0.76345642878));
#363 = CARTESIAN_POINT('',(11.234383496354,-0.95801096961));
#364 = CARTESIAN_POINT('',(13.95297380318,-1.161331620084));
#365 = CARTESIAN_POINT('',(16.879987086667,-1.36856852025));
#366 = CARTESIAN_POINT('',(19.981257484289,-1.574696699902));
#367 = CARTESIAN_POINT('',(23.220570746061,-1.774434492366));
#368 = CARTESIAN_POINT('',(26.560087895001,-1.962171767479));
#369 = CARTESIAN_POINT('',(29.960778367702,-2.131950680366));
#370 = CARTESIAN_POINT('',(33.382854775464,-2.277534790967));
#371 = CARTESIAN_POINT('',(36.78620394198,-2.392586947757));
#372 = CARTESIAN_POINT('',(40.130811021327,-2.4709563552));
#373 = CARTESIAN_POINT('',(43.377179479369,-2.507048209911));
#374 = CARTESIAN_POINT('',(46.486740106972,-2.496241287372));
#375 = CARTESIAN_POINT('',(49.422279907707,-2.435255393572));
#376 = CARTESIAN_POINT('',(52.148280078973,-2.322528714059));
#377 = CARTESIAN_POINT('',(54.631497357112,-2.158113063151));
#378 = CARTESIAN_POINT('',(56.840590497879,-1.944449819957));
#379 = CARTESIAN_POINT('',(58.748373852985,-1.683554238429));
#380 = CARTESIAN_POINT('',(60.32527229059,-1.384338767714));
#381 = CARTESIAN_POINT('',(61.555990508613,-1.040819050253));
#382 = CARTESIAN_POINT('',(62.389593879872,-0.691121694955));
#383 = CARTESIAN_POINT('',(62.845998767206,-0.304296625268));
#384 = CARTESIAN_POINT('',(62.898458985529,-6.493142028739E-02));
#385 = CARTESIAN_POINT('',(62.901609677337,-4.440892098501E-16));
#386 = ( GEOMETRIC_REPRESENTATION_CONTEXT(2) 
PARAMETRIC_REPRESENTATION_CONTEXT() REPRESENTATION_CONTEXT('2D SPACE',''
  ) );
#387 = ORIENTED_EDGE('',*,*,#21,.T.);
#388 = ADVANCED_FACE('',(#389),#275,.T.);
#389 = FACE_BOUND('',#390,.T.);
#390 = EDGE_LOOP('',(#391,#412,#413,#414,#435,#461));
#391 = ORIENTED_EDGE('',*,*,#392,.F.);
#392 = EDGE_CURVE('',#290,#393,#395,.T.);
#393 = VERTEX_POINT('',#394);
#394 = CARTESIAN_POINT('',(445.6,-1.697987376188,15.5));
#395 = SURFACE_CURVE('',#396,(#400,#406),.PCURVE_S1.);
#396 = LINE('',#397,#398);
#397 = CARTESIAN_POINT('',(445.6,0.3,15.5));
#398 = VECTOR('',#399,1.);
#399 = DIRECTION('',(0.,-1.,-5.747031583121E-16));
#400 = PCURVE('',#275,#401);
#401 = DEFINITIONAL_REPRESENTATION('',(#402),#405);
#402 = B_SPLINE_CURVE_WITH_KNOTS('',1,(#403,#404),.UNSPECIFIED.,.F.,.F.,
  (2,2),(-2.703018568236,2.900666493104),.PIECEWISE_BEZIER_KNOTS.);
#403 = CARTESIAN_POINT('',(14.532436392858,-2.507048209911));
#404 = CARTESIAN_POINT('',(14.572525323659,3.096493450889));
#405 = ( GEOMETRIC_REPRESENTATION_CONTEXT(2) 
PARAMETRIC_REPRESENTATION_CONTEXT() REPRESENTATION_CONTEXT('2D SPACE',''
  ) );
#406 = PCURVE('',#195,#407);
#407 = DEFINITIONAL_REPRESENTATION('',(#408),#411);
#408 = B_SPLINE_CURVE_WITH_KNOTS('',1,(#409,#410),.UNSPECIFIED.,.F.,.F.,
  (2,2),(-2.703018568236,2.900666493104),.PIECEWISE_BEZIER_KNOTS.);
#409 = CARTESIAN_POINT('',(15.5,-3.003018568236));
#410 = CARTESIAN_POINT('',(15.5,2.600666493104));
#411 = ( GEOMETRIC_REPRESENTATION_CONTEXT(2) 
PARAMETRIC_REPRESENTATION_CONTEXT() REPRESENTATION_CONTEXT('2D SPACE',''
  ) );
#412 = ORIENTED_EDGE('',*,*,#309,.T.);
#413 = ORIENTED_EDGE('',*,*,#262,.F.);
#414 = ORIENTED_EDGE('',*,*,#415,.T.);
#415 = EDGE_CURVE('',#234,#416,#418,.T.);
#416 = VERTEX_POINT('',#417);
#417 = CARTESIAN_POINT('',(442.6,-1.763519208855,15.5));
#418 = SURFACE_CURVE('',#419,(#423,#429),.PCURVE_S1.);
#419 = LINE('',#420,#421);
#420 = CARTESIAN_POINT('',(442.6,0.3,15.5));
#421 = VECTOR('',#422,1.);
#422 = DIRECTION('',(0.,-1.,-5.747031583121E-16));
#423 = PCURVE('',#275,#424);
#424 = DEFINITIONAL_REPRESENTATION('',(#425),#428);
#425 = B_SPLINE_CURVE_WITH_KNOTS('',1,(#426,#427),.UNSPECIFIED.,.F.,.F.,
  (2,2),(-2.681555929127,2.922129132214),.PIECEWISE_BEZIER_KNOTS.);
#426 = CARTESIAN_POINT('',(17.532513166022,-2.507048209911));
#427 = CARTESIAN_POINT('',(17.572602096823,3.096493450889));
#428 = ( GEOMETRIC_REPRESENTATION_CONTEXT(2) 
PARAMETRIC_REPRESENTATION_CONTEXT() REPRESENTATION_CONTEXT('2D SPACE',''
  ) );
#429 = PCURVE('',#250,#430);
#430 = DEFINITIONAL_REPRESENTATION('',(#431),#434);
#431 = B_SPLINE_CURVE_WITH_KNOTS('',1,(#432,#433),.UNSPECIFIED.,.F.,.F.,
  (2,2),(-2.681555929127,2.922129132214),.PIECEWISE_BEZIER_KNOTS.);
#432 = CARTESIAN_POINT('',(15.5,-2.981555929127));
#433 = CARTESIAN_POINT('',(15.5,2.622129132214));
#434 = ( GEOMETRIC_REPRESENTATION_CONTEXT(2) 
PARAMETRIC_REPRESENTATION_CONTEXT() REPRESENTATION_CONTEXT('2D SPACE',''
  ) );
#435 = ORIENTED_EDGE('',*,*,#436,.T.);
#436 = EDGE_CURVE('',#416,#437,#439,.T.);
#437 = VERTEX_POINT('',#438);
#438 = CARTESIAN_POINT('',(444.57653309451,-1.763519208855,15.5));
#439 = SURFACE_CURVE('',#440,(#444,#450),.PCURVE_S1.);
#440 = LINE('',#441,#442);
#441 = CARTESIAN_POINT('',(442.6,-1.763519208855,15.5));
#442 = VECTOR('',#443,1.);
#443 = DIRECTION('',(1.,0.,0.));
#444 = PCURVE('',#275,#445);
#445 = DEFINITIONAL_REPRESENTATION('',(#446),#449);
#446 = B_SPLINE_CURVE_WITH_KNOTS('',1,(#447,#448),.UNSPECIFIED.,.F.,.F.,
  (2,2),(-6.000000212225E-07,3.0000006),.PIECEWISE_BEZIER_KNOTS.);
#447 = CARTESIAN_POINT('',(17.566460175694,2.237905495409));
#448 = CARTESIAN_POINT('',(14.566535746924,2.259367593866));
#449 = ( GEOMETRIC_REPRESENTATION_CONTEXT(2) 
PARAMETRIC_REPRESENTATION_CONTEXT() REPRESENTATION_CONTEXT('2D SPACE',''
  ) );
#450 = PCURVE('',#451,#456);
#451 = CYLINDRICAL_SURFACE('',#452,15.6);
#452 = AXIS2_PLACEMENT_3D('',#453,#454,#455);
#453 = CARTESIAN_POINT('',(442.6,0.,0.));
#454 = DIRECTION('',(1.,0.,0.));
#455 = DIRECTION('',(-0.,0.,1.));
#456 = DEFINITIONAL_REPRESENTATION('',(#457),#460);
#457 = B_SPLINE_CURVE_WITH_KNOTS('',1,(#458,#459),.UNSPECIFIED.,.F.,.F.,
  (2,2),(-6.000000212225E-07,3.0000006),.PIECEWISE_BEZIER_KNOTS.);
#458 = CARTESIAN_POINT('',(0.113288275703,-6.000000212225E-07));
#459 = CARTESIAN_POINT('',(0.113288275703,3.0000006));
#460 = ( GEOMETRIC_REPRESENTATION_CONTEXT(2) 
PARAMETRIC_REPRESENTATION_CONTEXT() REPRESENTATION_CONTEXT('2D SPACE',''
  ) );
#461 = ORIENTED_EDGE('',*,*,#462,.T.);
#462 = EDGE_CURVE('',#437,#393,#463,.T.);
#463 = SURFACE_CURVE('',#464,(#497,#533),.PCURVE_S1.);
#464 = B_SPLINE_CURVE_WITH_KNOTS('',3,(#465,#466,#467,#468,#469,#470,
    #471,#472,#473,#474,#475,#476,#477,#478,#479,#480,#481,#482,#483,
    #484,#485,#486,#487,#488,#489,#490,#491,#492,#493,#494,#495,#496),
  .UNSPECIFIED.,.F.,.F.,(4,1,1,1,1,1,1,1,1,1,1,1,1,1,1,1,1,1,1,1,1,1,1,1
    ,1,1,1,1,1,4),(0.,0.482903162243,1.03390015062,1.954165462457,
    3.228717369466,4.841430938678,6.773127767814,9.001072543698,
    11.499108917091,14.237936336201,17.185445085641,20.307089333724,
    23.566289776046,26.924860151911,30.343452536514,33.782016375774,
    37.200266125913,40.558152213367,43.816329895192,46.936620507186,
    49.882459562259,52.619326228569,55.115148893294,57.340681811221,
    59.26984824073,60.88004596286,62.152411632161,63.072040989007,
    63.628162545059,63.814262919332),.UNSPECIFIED.);
#465 = CARTESIAN_POINT('',(397.25,0.15,15.5));
#466 = CARTESIAN_POINT('',(397.19966974565,-3.24392334976E-02,15.5));
#467 = CARTESIAN_POINT('',(397.2410909911,-0.3730608552,15.5));
#468 = CARTESIAN_POINT('',(397.74759382288,-0.850477012845,15.5));
#469 = CARTESIAN_POINT('',(398.59246662741,-1.197807941367,15.5));
#470 = CARTESIAN_POINT('',(399.81467532487,-1.553755650705,15.5));
#471 = CARTESIAN_POINT('',(401.39168981868,-1.862858846007,15.5));
#472 = CARTESIAN_POINT('',(403.29675031333,-2.137883310898,15.5));
#473 = CARTESIAN_POINT('',(405.50452673158,-2.367183100348,15.5));
#474 = CARTESIAN_POINT('',(407.98641873736,-2.549411132012,15.5));
#475 = CARTESIAN_POINT('',(410.71156903661,-2.681620924156,15.5));
#476 = CARTESIAN_POINT('',(413.64658952965,-2.763610957748,15.5));
#477 = CARTESIAN_POINT('',(416.75599557755,-2.796662101043,15.5));
#478 = CARTESIAN_POINT('',(420.00253850104,-2.783796185863,15.5));
#479 = CARTESIAN_POINT('',(423.34762083319,-2.729356091219,15.5));
#480 = CARTESIAN_POINT('',(426.75170594208,-2.638654571408,15.5));
#481 = CARTESIAN_POINT('',(430.17473630447,-2.517555815146,15.5));
#482 = CARTESIAN_POINT('',(433.57655435189,-2.372109890709,15.5));
#483 = CARTESIAN_POINT('',(436.9173291203,-2.208268425014,15.5));
#484 = CARTESIAN_POINT('',(440.15798841666,-2.031709888185,15.5));
#485 = CARTESIAN_POINT('',(443.26065409877,-1.847773564728,15.5));
#486 = CARTESIAN_POINT('',(446.18907505779,-1.661481908563,15.5));
#487 = CARTESIAN_POINT('',(448.90905035683,-1.477615337641,15.5));
#488 = CARTESIAN_POINT('',(451.38883375779,-1.300796716689,15.5));
#489 = CARTESIAN_POINT('',(453.59951064467,-1.135544995672,15.5));
#490 = CARTESIAN_POINT('',(455.51533901934,-0.986268026374,15.5));
#491 = CARTESIAN_POINT('',(457.11404772208,-0.857180935359,15.5));
#492 = CARTESIAN_POINT('',(458.37708719045,-0.752155041885,15.5));
#493 = CARTESIAN_POINT('',(459.28983063877,-0.674519200253,15.5));
#494 = CARTESIAN_POINT('',(459.84172607869,-0.626847357987,15.5));
#495 = CARTESIAN_POINT('',(460.08820118944,-0.605390447391,15.5));
#496 = CARTESIAN_POINT('',(460.15,-0.6,15.5));
#497 = PCURVE('',#275,#498);
#498 = DEFINITIONAL_REPRESENTATION('',(#499),#532);
#499 = B_SPLINE_CURVE_WITH_KNOTS('',3,(#500,#501,#502,#503,#504,#505,
    #506,#507,#508,#509,#510,#511,#512,#513,#514,#515,#516,#517,#518,
    #519,#520,#521,#522,#523,#524,#525,#526,#527,#528,#529,#530,#531),
  .UNSPECIFIED.,.F.,.F.,(4,1,1,1,1,1,1,1,1,1,1,1,1,1,1,1,1,1,1,1,1,1,1,1
    ,1,1,1,1,1,4),(0.,0.482903162243,1.03390015062,1.954165462457,
    3.228717369466,4.841430938678,6.773127767814,9.001072543698,
    11.499108917091,14.237936336201,17.185445085641,20.307089333724,
    23.566289776046,26.924860151911,30.343452536514,33.782016375774,
    37.200266125913,40.558152213367,43.816329895192,46.936620507186,
    49.882459562259,52.619326228569,55.115148893294,57.340681811221,
    59.26984824073,60.88004596286,62.152411632161,63.072040989007,
    63.628162545059,63.814262919332),.UNSPECIFIED.);
#500 = CARTESIAN_POINT('',(62.901609677337,-4.440892098501E-16));
#501 = CARTESIAN_POINT('',(62.95324381945,0.182074500657));
#502 = CARTESIAN_POINT('',(62.914260451275,0.522983734547));
#503 = CARTESIAN_POINT('',(62.411186030595,1.004011211353));
#504 = CARTESIAN_POINT('',(61.568819662572,1.357377496892));
#505 = CARTESIAN_POINT('',(60.349188702492,1.722059815022));
#506 = CARTESIAN_POINT('',(58.774425898639,2.042437109181));
#507 = CARTESIAN_POINT('',(56.871381688503,2.331083395936));
#508 = CARTESIAN_POINT('',(54.665302185699,2.576171816148));
#509 = CARTESIAN_POINT('',(52.184777357322,2.776150714284));
#510 = CARTESIAN_POINT('',(49.460642628578,2.927852930006));
#511 = CARTESIAN_POINT('',(46.526283803036,3.030838089973));
#512 = CARTESIAN_POINT('',(43.417193774953,3.086133171493));
#513 = CARTESIAN_POINT('',(40.170641888654,3.096493450889));
#514 = CARTESIAN_POINT('',(36.825255692423,3.065985568603));
#515 = CARTESIAN_POINT('',(33.420608814048,2.999639296727));
#516 = CARTESIAN_POINT('',(29.996799704239,2.903032101188));
#517 = CARTESIAN_POINT('',(26.594028186204,2.781926606991));
#518 = CARTESIAN_POINT('',(23.252166782798,2.641989336839));
#519 = CARTESIAN_POINT('',(20.010327311149,2.488619091901));
#520 = CARTESIAN_POINT('',(16.906425141527,2.326884038686));
#521 = CARTESIAN_POINT('',(13.976746385878,2.161547161067));
#522 = CARTESIAN_POINT('',(11.255525305136,1.997144080137));
#523 = CARTESIAN_POINT('',(8.77454039711,1.838070428783));
#524 = CARTESIAN_POINT('',(6.562737866575,1.688638185298));
#525 = CARTESIAN_POINT('',(4.645890586814,1.553070929643));
#526 = CARTESIAN_POINT('',(3.046299302752,1.435424351971));
#527 = CARTESIAN_POINT('',(1.782540797677,1.339436968345));
#528 = CARTESIAN_POINT('',(0.869265297691,1.268332907418));
#529 = CARTESIAN_POINT('',(0.3170429352,1.224610561605));
#530 = CARTESIAN_POINT('',(7.042062846665E-02,1.204917490425));
#531 = CARTESIAN_POINT('',(8.584835948909E-03,1.19996929152));
#532 = ( GEOMETRIC_REPRESENTATION_CONTEXT(2) 
PARAMETRIC_REPRESENTATION_CONTEXT() REPRESENTATION_CONTEXT('2D SPACE',''
  ) );
#533 = PCURVE('',#534,#655);
#534 = B_SPLINE_SURFACE_WITH_KNOTS('',3,1,(
    (#535,#536)
    ,(#537,#538)
    ,(#539,#540)
    ,(#541,#542)
    ,(#543,#544)
    ,(#545,#546)
    ,(#547,#548)
    ,(#549,#550)
    ,(#551,#552)
    ,(#553,#554)
    ,(#555,#556)
    ,(#557,#558)
    ,(#559,#560)
    ,(#561,#562)
    ,(#563,#564)
    ,(#565,#566)
    ,(#567,#568)
    ,(#569,#570)
    ,(#571,#572)
    ,(#573,#574)
    ,(#575,#576)
    ,(#577,#578)
    ,(#579,#580)
    ,(#581,#582)
    ,(#583,#584)
    ,(#585,#586)
    ,(#587,#588)
    ,(#589,#590)
    ,(#591,#592)
    ,(#593,#594)
    ,(#595,#596)
    ,(#597,#598)
    ,(#599,#600)
    ,(#601,#602)
    ,(#603,#604)
    ,(#605,#606)
    ,(#607,#608)
    ,(#609,#610)
    ,(#611,#612)
    ,(#613,#614)
    ,(#615,#616)
    ,(#617,#618)
    ,(#619,#620)
    ,(#621,#622)
    ,(#623,#624)
    ,(#625,#626)
    ,(#627,#628)
    ,(#629,#630)
    ,(#631,#632)
    ,(#633,#634)
    ,(#635,#636)
    ,(#637,#638)
    ,(#639,#640)
    ,(#641,#642)
    ,(#643,#644)
    ,(#645,#646)
    ,(#647,#648)
    ,(#649,#650)
    ,(#651,#652)
    ,(#653,#654
    )),.UNSPECIFIED.,.F.,.F.,.F.,(4,1,1,1,1,1,1,1,1,1,1,1,1,1,1,1,1,1,1,
    1,1,1,1,1,1,1,1,1,1,1,1,1,1,1,1,1,1,1,1,1,1,1,1,1,1,1,1,1,1,1,1,1,1,
    1,1,1,1,4),(2,2),(0.,0.482903162243,0.759866311368,1.03390015062,
    1.310269828538,1.954165462457,2.228916423443,3.228717369466,
    3.50021266162,4.841430938678,5.107977431344,6.773127767814,
    7.033066740024,9.001072543698,9.252810365386,11.499108917091,
    11.741141275129,14.237936336201,14.468872512632,17.185445085641,
    17.404032154301,20.307089333724,20.512234949846,23.566289776046,
    23.757082161612,26.924860151911,27.100584173264,30.343452536514,
    30.503601213595,33.782016375774,33.926297638815,37.200266125913,
    37.32860506224,40.558152213367,40.670689364478,43.816329895192,
    43.913416337919,46.936620507186,47.018810473495,49.882459562259,
    49.950501236598,52.619326228569,52.67415114777,55.115148893294,
    55.157860115825,57.340681811221,57.37254077912,59.26984824073,
    59.292260082554,60.88004596286,60.894542916616,62.152411632161,
    62.160634317121,63.072040989007,63.075717412736,63.628162545059,
    63.629084962824,63.814262919332),(0.,1.),.UNSPECIFIED.);
#535 = CARTESIAN_POINT('',(397.25,0.15,15.5));
#536 = CARTESIAN_POINT('',(427.65,0.15,91.6));
#537 = CARTESIAN_POINT('',(397.19966974565,-3.24392334976E-02,15.5));
#538 = CARTESIAN_POINT('',(427.61145791486,5.378914758206E-02,91.6));
#539 = CARTESIAN_POINT('',(397.23011234591,-0.282779554175,15.5));
#540 = CARTESIAN_POINT('',(427.6000693657,-8.439938375225E-02,91.6));
#541 = CARTESIAN_POINT('',(397.43804178461,-0.558701458141,15.5));
#542 = CARTESIAN_POINT('',(427.66317521154,-0.245904251538,91.6));
#543 = CARTESIAN_POINT('',(397.66004253146,-0.742483532167,15.5));
#544 = CARTESIAN_POINT('',(427.75034521684,-0.360340164222,91.6));
#545 = CARTESIAN_POINT('',(398.00217025922,-0.955134506304,15.5));
#546 = CARTESIAN_POINT('',(427.91027525275,-0.500664471387,91.6));
#547 = CARTESIAN_POINT('',(398.37187233539,-1.101330600828,15.5));
#548 = CARTESIAN_POINT('',(428.0956719478,-0.59354940109,91.6));
#549 = CARTESIAN_POINT('',(398.97606412499,-1.309524255327,15.5));
#550 = CARTESIAN_POINT('',(428.40778717884,-0.710813768907,91.6));
#551 = CARTESIAN_POINT('',(399.47326186945,-1.44973991756,15.5));
#552 = CARTESIAN_POINT('',(428.66302370291,-0.790842331779,91.6));
#553 = CARTESIAN_POINT('',(400.3206221837,-1.652923915378,15.5));
#554 = CARTESIAN_POINT('',(429.09948931911,-0.906845817885,91.6));
#555 = CARTESIAN_POINT('',(400.93601373574,-1.771090635575,15.5));
#556 = CARTESIAN_POINT('',(429.41789807568,-0.974023774545,91.6));
#557 = CARTESIAN_POINT('',(402.01190531045,-1.952396387844,15.5));
#558 = CARTESIAN_POINT('',(429.97524459121,-1.075841642745,91.6));
#559 = CARTESIAN_POINT('',(402.73543686385,-2.054962799931,15.5));
#560 = CARTESIAN_POINT('',(430.34993194125,-1.13389832484,91.6));
#561 = CARTESIAN_POINT('',(404.02352650396,-2.213366329066,15.5));
#562 = CARTESIAN_POINT('',(431.01733112153,-1.223876342229,91.6));
#563 = CARTESIAN_POINT('',(404.84594095488,-2.297402142776,15.5));
#564 = CARTESIAN_POINT('',(431.44368325596,-1.272042372906,91.6));
#565 = CARTESIAN_POINT('',(406.32896909462,-2.427716156858,15.5));
#566 = CARTESIAN_POINT('',(432.21268233014,-1.347244282265,91.6));
#567 = CARTESIAN_POINT('',(407.24004904659,-2.493517990051,15.5));
#568 = CARTESIAN_POINT('',(432.68515930342,-1.385839471244,91.6));
#569 = CARTESIAN_POINT('',(408.89877934719,-2.59367401418,15.5));
#570 = CARTESIAN_POINT('',(433.54549673717,-1.445534254515,91.6));
#571 = CARTESIAN_POINT('',(409.8876534167,-2.640782091201,15.5));
#572 = CARTESIAN_POINT('',(434.0584725678,-1.474418378386,91.6));
#573 = CARTESIAN_POINT('',(411.70116217829,-2.70926528818,15.5));
#574 = CARTESIAN_POINT('',(434.9993202195,-1.517818371181,91.6));
#575 = CARTESIAN_POINT('',(412.75619043184,-2.738042644802,15.5));
#576 = CARTESIAN_POINT('',(435.54671576863,-1.537208524727,91.6));
#577 = CARTESIAN_POINT('',(414.70193949559,-2.774828702363,15.5));
#578 = CARTESIAN_POINT('',(436.55633426952,-1.564314152748,91.6));
#579 = CARTESIAN_POINT('',(415.8108547512,-2.786061462223,15.5));
#580 = CARTESIAN_POINT('',(437.13177438334,-1.57461984337,91.6));
#581 = CARTESIAN_POINT('',(417.86494986465,-2.79226736112,15.5));
#582 = CARTESIAN_POINT('',(438.19775054192,-1.585976173367,91.6));
#583 = CARTESIAN_POINT('',(419.01496796045,-2.787271035708,15.5));
#584 = CARTESIAN_POINT('',(438.79458726276,-1.587866839662,91.6));
#585 = CARTESIAN_POINT('',(421.15240821195,-2.765082441424,15.5));
#586 = CARTESIAN_POINT('',(439.90392748649,-1.5845638231,91.6));
#587 = CARTESIAN_POINT('',(422.33036773961,-2.74556772098,15.5));
#588 = CARTESIAN_POINT('',(440.51532044246,-1.578906045994,91.6));
#589 = CARTESIAN_POINT('',(424.52531865141,-2.6979764463,15.5));
#590 = CARTESIAN_POINT('',(441.65460123699,-1.562442049232,91.6));
#591 = CARTESIAN_POINT('',(425.71781859055,-2.665935604015,15.5));
#592 = CARTESIAN_POINT('',(442.27358582043,-1.550244061594,91.6));
#593 = CARTESIAN_POINT('',(427.9438865084,-2.596478029416,15.5));
#594 = CARTESIAN_POINT('',(443.42909338948,-1.522395035528,91.6));
#595 = CARTESIAN_POINT('',(429.13742614278,-2.554047800783,15.5));
#596 = CARTESIAN_POINT('',(444.04865410882,-1.504737022766,91.6));
#597 = CARTESIAN_POINT('',(431.36793703633,-2.466540099119,15.5));
#598 = CARTESIAN_POINT('',(445.20653003304,-1.4674198597,91.6));
#599 = CARTESIAN_POINT('',(432.5490559427,-2.415882863441,15.5));
#600 = CARTESIAN_POINT('',(445.81967296335,-1.445393012579,91.6));
#601 = CARTESIAN_POINT('',(434.75733806716,-2.314200768427,15.5));
#602 = CARTESIAN_POINT('',(446.96606090097,-1.400551918167,91.6));
#603 = CARTESIAN_POINT('',(435.91275731193,-2.257413717106,15.5));
#604 = CARTESIAN_POINT('',(447.5658870502,-1.375211686991,91.6));
#605 = CARTESIAN_POINT('',(438.07242874897,-2.145335953045,15.5));
#606 = CARTESIAN_POINT('',(448.68708212611,-1.324737364815,91.6));
#607 = CARTESIAN_POINT('',(439.18919330677,-2.084397492236,15.5));
#608 = CARTESIAN_POINT('',(449.26686129739,-1.297076074601,91.6));
#609 = CARTESIAN_POINT('',(441.27445342195,-1.965522135658,15.5));
#610 = CARTESIAN_POINT('',(450.34946130897,-1.24276311128,91.6));
#611 = CARTESIAN_POINT('',(442.34007513085,-1.902274684463,15.5));
#612 = CARTESIAN_POINT('',(450.90270620367,-1.213701634811,91.6));
#613 = CARTESIAN_POINT('',(444.32599718096,-1.78000170749,15.5));
#614 = CARTESIAN_POINT('',(451.93376331968,-1.157240667201,91.6));
#615 = CARTESIAN_POINT('',(445.3285965115,-1.716163547463,15.5));
#616 = CARTESIAN_POINT('',(452.45430297663,-1.127635378726,91.6));
#617 = CARTESIAN_POINT('',(447.19141689134,-1.593724985957,15.5));
#618 = CARTESIAN_POINT('',(453.42147361696,-1.070630387749,91.6));
#619 = CARTESIAN_POINT('',(448.11986104173,-1.530918721099,15.5));
#620 = CARTESIAN_POINT('',(453.90352493618,-1.041288887516,91.6));
#621 = CARTESIAN_POINT('',(449.83725954975,-1.41143025495,15.5));
#622 = CARTESIAN_POINT('',(454.79521499214,-0.985285853668,91.6));
#623 = CARTESIAN_POINT('',(450.68129391348,-1.351213397769,15.5));
#624 = CARTESIAN_POINT('',(455.23345084471,-0.956983847809,91.6));
#625 = CARTESIAN_POINT('',(452.23265897645,-1.237719398403,15.5));
#626 = CARTESIAN_POINT('',(456.03895316577,-0.903496048383,91.6));
#627 = CARTESIAN_POINT('',(452.98302890466,-1.181603599078,15.5));
#628 = CARTESIAN_POINT('',(456.42856552617,-0.876988273009,91.6));
#629 = CARTESIAN_POINT('',(454.34970191009,-1.077091806453,15.5));
#630 = CARTESIAN_POINT('',(457.1381866948,-0.827505628366,91.6));
#631 = CARTESIAN_POINT('',(454.99826188804,-1.02654099552,15.5));
#632 = CARTESIAN_POINT('',(457.47494332124,-0.803525667924,91.6));
#633 = CARTESIAN_POINT('',(456.16375555197,-0.933911894315,15.5));
#634 = CARTESIAN_POINT('',(458.08011711239,-0.759500212622,91.6));
#635 = CARTESIAN_POINT('',(456.70356340644,-0.890315218972,15.5));
#636 = CARTESIAN_POINT('',(458.36041054216,-0.738747007941,91.6));
#637 = CARTESIAN_POINT('',(457.65375037146,-0.812302881758,15.5));
#638 = CARTESIAN_POINT('',(458.85379608626,-0.701552713047,91.6));
#639 = CARTESIAN_POINT('',(458.07914488363,-0.776924569485,15.5));
#640 = CARTESIAN_POINT('',(459.0746840879,-0.684664846248,91.6));
#641 = CARTESIAN_POINT('',(458.80241435375,-0.715977699442,15.5));
#642 = CARTESIAN_POINT('',(459.45024755869,-0.655536323225,91.6));
#643 = CARTESIAN_POINT('',(459.10907556985,-0.68989155094,15.5));
#644 = CARTESIAN_POINT('',(459.60948464459,-0.643058103615,91.6));
#645 = CARTESIAN_POINT('',(459.59645750357,-0.648033263831,15.5));
#646 = CARTESIAN_POINT('',(459.86256415898,-0.62301789716,91.6));
#647 = CARTESIAN_POINT('',(459.78144995292,-0.632053292961,15.5));
#648 = CARTESIAN_POINT('',(459.95862423029,-0.615363290718,91.6));
#649 = CARTESIAN_POINT('',(460.02670777962,-0.61074376113,15.5));
#650 = CARTESIAN_POINT('',(460.08597838786,-0.605150427295,91.6));
#651 = CARTESIAN_POINT('',(460.08850749899,-0.605363729312,15.5));
#652 = CARTESIAN_POINT('',(460.11806894142,-0.602571529669,91.6));
#653 = CARTESIAN_POINT('',(460.15,-0.6,15.5));
#654 = CARTESIAN_POINT('',(460.15,-0.6,91.6));
#655 = DEFINITIONAL_REPRESENTATION('',(#656),#660);
#656 = LINE('',#657,#658);
#657 = CARTESIAN_POINT('',(0.,0.));
#658 = VECTOR('',#659,1.);
#659 = DIRECTION('',(1.,0.));
#660 = ( GEOMETRIC_REPRESENTATION_CONTEXT(2) 
PARAMETRIC_REPRESENTATION_CONTEXT() REPRESENTATION_CONTEXT('2D SPACE',''
  ) );
#661 = ADVANCED_FACE('',(#662,#1094,#1125,#1231,#1262,#1293,#1324,#1430)
  ,#250,.F.);
#662 = FACE_BOUND('',#663,.F.);
#663 = EDGE_LOOP('',(#664,#695,#721,#750,#769,#770,#771,#795,#821,#850,
    #876,#905,#931,#960,#986,#1015,#1041,#1070));
#664 = ORIENTED_EDGE('',*,*,#665,.T.);
#665 = EDGE_CURVE('',#666,#668,#670,.T.);
#666 = VERTEX_POINT('',#667);
#667 = CARTESIAN_POINT('',(442.6,13.22955030004,-8.266740522038));
#668 = VERTEX_POINT('',#669);
#669 = CARTESIAN_POINT('',(442.6,14.918354193023,4.560998593675));
#670 = SURFACE_CURVE('',#671,(#676,#683),.PCURVE_S1.);
#671 = CIRCLE('',#672,15.6);
#672 = AXIS2_PLACEMENT_3D('',#673,#674,#675);
#673 = CARTESIAN_POINT('',(442.6,0.,0.));
#674 = DIRECTION('',(1.,0.,0.));
#675 = DIRECTION('',(-0.,0.,1.));
#676 = PCURVE('',#250,#677);
#677 = DEFINITIONAL_REPRESENTATION('',(#678),#682);
#678 = CIRCLE('',#679,15.6);
#679 = AXIS2_PLACEMENT_2D('',#680,#681);
#680 = CARTESIAN_POINT('',(0.,0.));
#681 = DIRECTION('',(1.,0.));
#682 = ( GEOMETRIC_REPRESENTATION_CONTEXT(2) 
PARAMETRIC_REPRESENTATION_CONTEXT() REPRESENTATION_CONTEXT('2D SPACE',''
  ) );
#683 = PCURVE('',#684,#689);
#684 = CYLINDRICAL_SURFACE('',#685,15.6);
#685 = AXIS2_PLACEMENT_3D('',#686,#687,#688);
#686 = CARTESIAN_POINT('',(442.6,0.,0.));
#687 = DIRECTION('',(1.,0.,0.));
#688 = DIRECTION('',(-0.,0.,1.));
#689 = DEFINITIONAL_REPRESENTATION('',(#690),#694);
#690 = LINE('',#691,#692);
#691 = CARTESIAN_POINT('',(0.,0.));
#692 = VECTOR('',#693,1.);
#693 = DIRECTION('',(1.,0.));
#694 = ( GEOMETRIC_REPRESENTATION_CONTEXT(2) 
PARAMETRIC_REPRESENTATION_CONTEXT() REPRESENTATION_CONTEXT('2D SPACE',''
  ) );
#695 = ORIENTED_EDGE('',*,*,#696,.T.);
#696 = EDGE_CURVE('',#668,#697,#699,.T.);
#697 = VERTEX_POINT('',#698);
#698 = CARTESIAN_POINT('',(442.6,13.531712296877,4.137059621827));
#699 = SURFACE_CURVE('',#700,(#704,#710),.PCURVE_S1.);
#700 = LINE('',#701,#702);
#701 = CARTESIAN_POINT('',(442.6,0.,0.));
#702 = VECTOR('',#703,1.);
#703 = DIRECTION('',(0.,-0.956304755963,-0.292371704723));
#704 = PCURVE('',#250,#705);
#705 = DEFINITIONAL_REPRESENTATION('',(#706),#709);
#706 = B_SPLINE_CURVE_WITH_KNOTS('',1,(#707,#708),.UNSPECIFIED.,.F.,.F.,
  (2,2),(-16.3127914012,-14.15),.PIECEWISE_BEZIER_KNOTS.);
#707 = CARTESIAN_POINT('',(4.769398630755,-15.6));
#708 = CARTESIAN_POINT('',(4.137059621827,-13.53171229687));
#709 = ( GEOMETRIC_REPRESENTATION_CONTEXT(2) 
PARAMETRIC_REPRESENTATION_CONTEXT() REPRESENTATION_CONTEXT('2D SPACE',''
  ) );
#710 = PCURVE('',#711,#716);
#711 = PLANE('',#712);
#712 = AXIS2_PLACEMENT_3D('',#713,#714,#715);
#713 = CARTESIAN_POINT('',(441.6,0.,0.));
#714 = DIRECTION('',(0.,-0.292371704723,0.956304755963));
#715 = DIRECTION('',(0.,0.956304755963,0.292371704723));
#716 = DEFINITIONAL_REPRESENTATION('',(#717),#720);
#717 = B_SPLINE_CURVE_WITH_KNOTS('',1,(#718,#719),.UNSPECIFIED.,.F.,.F.,
  (2,2),(-16.3127914012,-14.15),.PIECEWISE_BEZIER_KNOTS.);
#718 = CARTESIAN_POINT('',(16.3127914012,-1.));
#719 = CARTESIAN_POINT('',(14.15,-1.));
#720 = ( GEOMETRIC_REPRESENTATION_CONTEXT(2) 
PARAMETRIC_REPRESENTATION_CONTEXT() REPRESENTATION_CONTEXT('2D SPACE',''
  ) );
#721 = ORIENTED_EDGE('',*,*,#722,.T.);
#722 = EDGE_CURVE('',#697,#723,#725,.T.);
#723 = VERTEX_POINT('',#724);
#724 = CARTESIAN_POINT('',(442.6,4.137059621827,13.531712296877));
#725 = SURFACE_CURVE('',#726,(#731,#738),.PCURVE_S1.);
#726 = CIRCLE('',#727,14.15);
#727 = AXIS2_PLACEMENT_3D('',#728,#729,#730);
#728 = CARTESIAN_POINT('',(442.6,0.,0.));
#729 = DIRECTION('',(1.,0.,0.));
#730 = DIRECTION('',(-0.,0.,1.));
#731 = PCURVE('',#250,#732);
#732 = DEFINITIONAL_REPRESENTATION('',(#733),#737);
#733 = CIRCLE('',#734,14.15);
#734 = AXIS2_PLACEMENT_2D('',#735,#736);
#735 = CARTESIAN_POINT('',(0.,0.));
#736 = DIRECTION('',(1.,0.));
#737 = ( GEOMETRIC_REPRESENTATION_CONTEXT(2) 
PARAMETRIC_REPRESENTATION_CONTEXT() REPRESENTATION_CONTEXT('2D SPACE',''
  ) );
#738 = PCURVE('',#739,#744);
#739 = CYLINDRICAL_SURFACE('',#740,14.15);
#740 = AXIS2_PLACEMENT_3D('',#741,#742,#743);
#741 = CARTESIAN_POINT('',(440.6,0.,0.));
#742 = DIRECTION('',(1.,0.,0.));
#743 = DIRECTION('',(-0.,0.,1.));
#744 = DEFINITIONAL_REPRESENTATION('',(#745),#749);
#745 = LINE('',#746,#747);
#746 = CARTESIAN_POINT('',(0.,2.));
#747 = VECTOR('',#748,1.);
#748 = DIRECTION('',(1.,0.));
#749 = ( GEOMETRIC_REPRESENTATION_CONTEXT(2) 
PARAMETRIC_REPRESENTATION_CONTEXT() REPRESENTATION_CONTEXT('2D SPACE',''
  ) );
#750 = ORIENTED_EDGE('',*,*,#751,.T.);
#751 = EDGE_CURVE('',#723,#208,#752,.T.);
#752 = SURFACE_CURVE('',#753,(#757,#763),.PCURVE_S1.);
#753 = LINE('',#754,#755);
#754 = CARTESIAN_POINT('',(442.6,4.385575570841,14.344571339446));
#755 = VECTOR('',#756,1.);
#756 = DIRECTION('',(-0.,0.292371704723,0.956304755963));
#757 = PCURVE('',#250,#758);
#758 = DEFINITIONAL_REPRESENTATION('',(#759),#762);
#759 = B_SPLINE_CURVE_WITH_KNOTS('',1,(#760,#761),.UNSPECIFIED.,.F.,.F.,
  (2,2),(-0.85,1.3127914012),.PIECEWISE_BEZIER_KNOTS.);
#760 = CARTESIAN_POINT('',(13.531712296877,-4.137059621827));
#761 = CARTESIAN_POINT('',(15.6,-4.769398630755));
#762 = ( GEOMETRIC_REPRESENTATION_CONTEXT(2) 
PARAMETRIC_REPRESENTATION_CONTEXT() REPRESENTATION_CONTEXT('2D SPACE',''
  ) );
#763 = PCURVE('',#222,#764);
#764 = DEFINITIONAL_REPRESENTATION('',(#765),#768);
#765 = B_SPLINE_CURVE_WITH_KNOTS('',1,(#766,#767),.UNSPECIFIED.,.F.,.F.,
  (2,2),(-0.85,1.3127914012),.PIECEWISE_BEZIER_KNOTS.);
#766 = CARTESIAN_POINT('',(15.85,-1.));
#767 = CARTESIAN_POINT('',(13.6872085988,-1.));
#768 = ( GEOMETRIC_REPRESENTATION_CONTEXT(2) 
PARAMETRIC_REPRESENTATION_CONTEXT() REPRESENTATION_CONTEXT('2D SPACE',''
  ) );
#769 = ORIENTED_EDGE('',*,*,#233,.T.);
#770 = ORIENTED_EDGE('',*,*,#415,.T.);
#771 = ORIENTED_EDGE('',*,*,#772,.T.);
#772 = EDGE_CURVE('',#416,#773,#775,.T.);
#773 = VERTEX_POINT('',#774);
#774 = CARTESIAN_POINT('',(442.6,-4.560998593675,14.918354193023));
#775 = SURFACE_CURVE('',#776,(#781,#788),.PCURVE_S1.);
#776 = CIRCLE('',#777,15.6);
#777 = AXIS2_PLACEMENT_3D('',#778,#779,#780);
#778 = CARTESIAN_POINT('',(442.6,0.,0.));
#779 = DIRECTION('',(1.,0.,0.));
#780 = DIRECTION('',(-0.,0.,1.));
#781 = PCURVE('',#250,#782);
#782 = DEFINITIONAL_REPRESENTATION('',(#783),#787);
#783 = CIRCLE('',#784,15.6);
#784 = AXIS2_PLACEMENT_2D('',#785,#786);
#785 = CARTESIAN_POINT('',(0.,0.));
#786 = DIRECTION('',(1.,0.));
#787 = ( GEOMETRIC_REPRESENTATION_CONTEXT(2) 
PARAMETRIC_REPRESENTATION_CONTEXT() REPRESENTATION_CONTEXT('2D SPACE',''
  ) );
#788 = PCURVE('',#451,#789);
#789 = DEFINITIONAL_REPRESENTATION('',(#790),#794);
#790 = LINE('',#791,#792);
#791 = CARTESIAN_POINT('',(0.,0.));
#792 = VECTOR('',#793,1.);
#793 = DIRECTION('',(1.,0.));
#794 = ( GEOMETRIC_REPRESENTATION_CONTEXT(2) 
PARAMETRIC_REPRESENTATION_CONTEXT() REPRESENTATION_CONTEXT('2D SPACE',''
  ) );
#795 = ORIENTED_EDGE('',*,*,#796,.T.);
#796 = EDGE_CURVE('',#773,#797,#799,.T.);
#797 = VERTEX_POINT('',#798);
#798 = CARTESIAN_POINT('',(442.6,-4.137059621827,13.531712296877));
#799 = SURFACE_CURVE('',#800,(#804,#810),.PCURVE_S1.);
#800 = LINE('',#801,#802);
#801 = CARTESIAN_POINT('',(442.6,0.,0.));
#802 = VECTOR('',#803,1.);
#803 = DIRECTION('',(0.,0.292371704723,-0.956304755963));
#804 = PCURVE('',#250,#805);
#805 = DEFINITIONAL_REPRESENTATION('',(#806),#809);
#806 = B_SPLINE_CURVE_WITH_KNOTS('',1,(#807,#808),.UNSPECIFIED.,.F.,.F.,
  (2,2),(-16.3127914012,-14.15),.PIECEWISE_BEZIER_KNOTS.);
#807 = CARTESIAN_POINT('',(15.6,4.769398630755));
#808 = CARTESIAN_POINT('',(13.531712296877,4.137059621827));
#809 = ( GEOMETRIC_REPRESENTATION_CONTEXT(2) 
PARAMETRIC_REPRESENTATION_CONTEXT() REPRESENTATION_CONTEXT('2D SPACE',''
  ) );
#810 = PCURVE('',#811,#816);
#811 = PLANE('',#812);
#812 = AXIS2_PLACEMENT_3D('',#813,#814,#815);
#813 = CARTESIAN_POINT('',(441.6,0.,0.));
#814 = DIRECTION('',(0.,-0.956304755963,-0.292371704723));
#815 = DIRECTION('',(0.,-0.292371704723,0.956304755963));
#816 = DEFINITIONAL_REPRESENTATION('',(#817),#820);
#817 = B_SPLINE_CURVE_WITH_KNOTS('',1,(#818,#819),.UNSPECIFIED.,.F.,.F.,
  (2,2),(-16.3127914012,-14.15),.PIECEWISE_BEZIER_KNOTS.);
#818 = CARTESIAN_POINT('',(16.3127914012,-1.));
#819 = CARTESIAN_POINT('',(14.15,-1.));
#820 = ( GEOMETRIC_REPRESENTATION_CONTEXT(2) 
PARAMETRIC_REPRESENTATION_CONTEXT() REPRESENTATION_CONTEXT('2D SPACE',''
  ) );
#821 = ORIENTED_EDGE('',*,*,#822,.T.);
#822 = EDGE_CURVE('',#797,#823,#825,.T.);
#823 = VERTEX_POINT('',#824);
#824 = CARTESIAN_POINT('',(442.6,-13.53171229687,4.137059621827));
#825 = SURFACE_CURVE('',#826,(#831,#838),.PCURVE_S1.);
#826 = CIRCLE('',#827,14.15);
#827 = AXIS2_PLACEMENT_3D('',#828,#829,#830);
#828 = CARTESIAN_POINT('',(442.6,0.,0.));
#829 = DIRECTION('',(1.,0.,0.));
#830 = DIRECTION('',(-0.,0.,1.));
#831 = PCURVE('',#250,#832);
#832 = DEFINITIONAL_REPRESENTATION('',(#833),#837);
#833 = CIRCLE('',#834,14.15);
#834 = AXIS2_PLACEMENT_2D('',#835,#836);
#835 = CARTESIAN_POINT('',(0.,0.));
#836 = DIRECTION('',(1.,0.));
#837 = ( GEOMETRIC_REPRESENTATION_CONTEXT(2) 
PARAMETRIC_REPRESENTATION_CONTEXT() REPRESENTATION_CONTEXT('2D SPACE',''
  ) );
#838 = PCURVE('',#839,#844);
#839 = CYLINDRICAL_SURFACE('',#840,14.15);
#840 = AXIS2_PLACEMENT_3D('',#841,#842,#843);
#841 = CARTESIAN_POINT('',(440.6,0.,0.));
#842 = DIRECTION('',(1.,0.,0.));
#843 = DIRECTION('',(-0.,0.,1.));
#844 = DEFINITIONAL_REPRESENTATION('',(#845),#849);
#845 = LINE('',#846,#847);
#846 = CARTESIAN_POINT('',(0.,2.));
#847 = VECTOR('',#848,1.);
#848 = DIRECTION('',(1.,0.));
#849 = ( GEOMETRIC_REPRESENTATION_CONTEXT(2) 
PARAMETRIC_REPRESENTATION_CONTEXT() REPRESENTATION_CONTEXT('2D SPACE',''
  ) );
#850 = ORIENTED_EDGE('',*,*,#851,.T.);
#851 = EDGE_CURVE('',#823,#852,#854,.T.);
#852 = VERTEX_POINT('',#853);
#853 = CARTESIAN_POINT('',(442.6,-14.91835419302,4.560998593675));
#854 = SURFACE_CURVE('',#855,(#859,#865),.PCURVE_S1.);
#855 = LINE('',#856,#857);
#856 = CARTESIAN_POINT('',(442.6,-14.34457133944,4.385575570841));
#857 = VECTOR('',#858,1.);
#858 = DIRECTION('',(0.,-0.956304755963,0.292371704723));
#859 = PCURVE('',#250,#860);
#860 = DEFINITIONAL_REPRESENTATION('',(#861),#864);
#861 = B_SPLINE_CURVE_WITH_KNOTS('',1,(#862,#863),.UNSPECIFIED.,.F.,.F.,
  (2,2),(-0.85,1.3127914012),.PIECEWISE_BEZIER_KNOTS.);
#862 = CARTESIAN_POINT('',(4.137059621827,13.531712296877));
#863 = CARTESIAN_POINT('',(4.769398630755,15.6));
#864 = ( GEOMETRIC_REPRESENTATION_CONTEXT(2) 
PARAMETRIC_REPRESENTATION_CONTEXT() REPRESENTATION_CONTEXT('2D SPACE',''
  ) );
#865 = PCURVE('',#866,#871);
#866 = PLANE('',#867);
#867 = AXIS2_PLACEMENT_3D('',#868,#869,#870);
#868 = CARTESIAN_POINT('',(441.6,-28.68914267889,8.771151141682));
#869 = DIRECTION('',(-0.,0.292371704723,0.956304755963));
#870 = DIRECTION('',(0.,0.956304755963,-0.292371704723));
#871 = DEFINITIONAL_REPRESENTATION('',(#872),#875);
#872 = B_SPLINE_CURVE_WITH_KNOTS('',1,(#873,#874),.UNSPECIFIED.,.F.,.F.,
  (2,2),(-0.85,1.3127914012),.PIECEWISE_BEZIER_KNOTS.);
#873 = CARTESIAN_POINT('',(15.85,-1.));
#874 = CARTESIAN_POINT('',(13.6872085988,-1.));
#875 = ( GEOMETRIC_REPRESENTATION_CONTEXT(2) 
PARAMETRIC_REPRESENTATION_CONTEXT() REPRESENTATION_CONTEXT('2D SPACE',''
  ) );
#876 = ORIENTED_EDGE('',*,*,#877,.T.);
#877 = EDGE_CURVE('',#852,#878,#880,.T.);
#878 = VERTEX_POINT('',#879);
#879 = CARTESIAN_POINT('',(442.6,-13.22955030004,-8.266740522038));
#880 = SURFACE_CURVE('',#881,(#886,#893),.PCURVE_S1.);
#881 = CIRCLE('',#882,15.6);
#882 = AXIS2_PLACEMENT_3D('',#883,#884,#885);
#883 = CARTESIAN_POINT('',(442.6,0.,0.));
#884 = DIRECTION('',(1.,0.,0.));
#885 = DIRECTION('',(-0.,0.,1.));
#886 = PCURVE('',#250,#887);
#887 = DEFINITIONAL_REPRESENTATION('',(#888),#892);
#888 = CIRCLE('',#889,15.6);
#889 = AXIS2_PLACEMENT_2D('',#890,#891);
#890 = CARTESIAN_POINT('',(0.,0.));
#891 = DIRECTION('',(1.,0.));
#892 = ( GEOMETRIC_REPRESENTATION_CONTEXT(2) 
PARAMETRIC_REPRESENTATION_CONTEXT() REPRESENTATION_CONTEXT('2D SPACE',''
  ) );
#893 = PCURVE('',#894,#899);
#894 = CYLINDRICAL_SURFACE('',#895,15.6);
#895 = AXIS2_PLACEMENT_3D('',#896,#897,#898);
#896 = CARTESIAN_POINT('',(442.6,0.,0.));
#897 = DIRECTION('',(1.,0.,0.));
#898 = DIRECTION('',(-0.,0.,1.));
#899 = DEFINITIONAL_REPRESENTATION('',(#900),#904);
#900 = LINE('',#901,#902);
#901 = CARTESIAN_POINT('',(0.,0.));
#902 = VECTOR('',#903,1.);
#903 = DIRECTION('',(1.,0.));
#904 = ( GEOMETRIC_REPRESENTATION_CONTEXT(2) 
PARAMETRIC_REPRESENTATION_CONTEXT() REPRESENTATION_CONTEXT('2D SPACE',''
  ) );
#905 = ORIENTED_EDGE('',*,*,#906,.T.);
#906 = EDGE_CURVE('',#878,#907,#909,.T.);
#907 = VERTEX_POINT('',#908);
#908 = CARTESIAN_POINT('',(442.6,-11.99988056061,-7.4983575889));
#909 = SURFACE_CURVE('',#910,(#914,#920),.PCURVE_S1.);
#910 = LINE('',#911,#912);
#911 = CARTESIAN_POINT('',(442.6,0.,0.));
#912 = VECTOR('',#913,1.);
#913 = DIRECTION('',(-0.,0.848048096156,0.529919264233));
#914 = PCURVE('',#250,#915);
#915 = DEFINITIONAL_REPRESENTATION('',(#916),#919);
#916 = B_SPLINE_CURVE_WITH_KNOTS('',1,(#917,#918),.UNSPECIFIED.,.F.,.F.,
  (2,2),(-18.39518309244,-14.15),.PIECEWISE_BEZIER_KNOTS.);
#917 = CARTESIAN_POINT('',(-9.747961889786,15.6));
#918 = CARTESIAN_POINT('',(-7.4983575889,11.999880560613));
#919 = ( GEOMETRIC_REPRESENTATION_CONTEXT(2) 
PARAMETRIC_REPRESENTATION_CONTEXT() REPRESENTATION_CONTEXT('2D SPACE',''
  ) );
#920 = PCURVE('',#921,#926);
#921 = PLANE('',#922);
#922 = AXIS2_PLACEMENT_3D('',#923,#924,#925);
#923 = CARTESIAN_POINT('',(441.6,0.,0.));
#924 = DIRECTION('',(0.,0.529919264233,-0.848048096156));
#925 = DIRECTION('',(0.,-0.848048096156,-0.529919264233));
#926 = DEFINITIONAL_REPRESENTATION('',(#927),#930);
#927 = B_SPLINE_CURVE_WITH_KNOTS('',1,(#928,#929),.UNSPECIFIED.,.F.,.F.,
  (2,2),(-18.39518309244,-14.15),.PIECEWISE_BEZIER_KNOTS.);
#928 = CARTESIAN_POINT('',(18.395183092449,-1.));
#929 = CARTESIAN_POINT('',(14.15,-1.));
#930 = ( GEOMETRIC_REPRESENTATION_CONTEXT(2) 
PARAMETRIC_REPRESENTATION_CONTEXT() REPRESENTATION_CONTEXT('2D SPACE',''
  ) );
#931 = ORIENTED_EDGE('',*,*,#932,.T.);
#932 = EDGE_CURVE('',#907,#933,#935,.T.);
#933 = VERTEX_POINT('',#934);
#934 = CARTESIAN_POINT('',(442.6,-0.49382787834,-14.14138020232));
#935 = SURFACE_CURVE('',#936,(#941,#948),.PCURVE_S1.);
#936 = CIRCLE('',#937,14.15);
#937 = AXIS2_PLACEMENT_3D('',#938,#939,#940);
#938 = CARTESIAN_POINT('',(442.6,0.,0.));
#939 = DIRECTION('',(1.,0.,0.));
#940 = DIRECTION('',(-0.,0.,1.));
#941 = PCURVE('',#250,#942);
#942 = DEFINITIONAL_REPRESENTATION('',(#943),#947);
#943 = CIRCLE('',#944,14.15);
#944 = AXIS2_PLACEMENT_2D('',#945,#946);
#945 = CARTESIAN_POINT('',(0.,0.));
#946 = DIRECTION('',(1.,0.));
#947 = ( GEOMETRIC_REPRESENTATION_CONTEXT(2) 
PARAMETRIC_REPRESENTATION_CONTEXT() REPRESENTATION_CONTEXT('2D SPACE',''
  ) );
#948 = PCURVE('',#949,#954);
#949 = CYLINDRICAL_SURFACE('',#950,14.15);
#950 = AXIS2_PLACEMENT_3D('',#951,#952,#953);
#951 = CARTESIAN_POINT('',(440.6,0.,0.));
#952 = DIRECTION('',(1.,0.,0.));
#953 = DIRECTION('',(-0.,0.,1.));
#954 = DEFINITIONAL_REPRESENTATION('',(#955),#959);
#955 = LINE('',#956,#957);
#956 = CARTESIAN_POINT('',(0.,2.));
#957 = VECTOR('',#958,1.);
#958 = DIRECTION('',(1.,0.));
#959 = ( GEOMETRIC_REPRESENTATION_CONTEXT(2) 
PARAMETRIC_REPRESENTATION_CONTEXT() REPRESENTATION_CONTEXT('2D SPACE',''
  ) );
#960 = ORIENTED_EDGE('',*,*,#961,.T.);
#961 = EDGE_CURVE('',#933,#962,#964,.T.);
#962 = VERTEX_POINT('',#963);
#963 = CARTESIAN_POINT('',(442.6,-0.544432148559,-15.59049690149));
#964 = SURFACE_CURVE('',#965,(#969,#975),.PCURVE_S1.);
#965 = LINE('',#966,#967);
#966 = CARTESIAN_POINT('',(442.6,-0.523492450538,-14.99086240528));
#967 = VECTOR('',#968,1.);
#968 = DIRECTION('',(0.,-3.48994967025E-02,-0.999390827019));
#969 = PCURVE('',#250,#970);
#970 = DEFINITIONAL_REPRESENTATION('',(#971),#974);
#971 = B_SPLINE_CURVE_WITH_KNOTS('',1,(#972,#973),.UNSPECIFIED.,.F.,.F.,
  (2,2),(-0.85,0.609508891062),.PIECEWISE_BEZIER_KNOTS.);
#972 = CARTESIAN_POINT('',(-14.14138020232,0.49382787834));
#973 = CARTESIAN_POINT('',(-15.6,0.544764004071));
#974 = ( GEOMETRIC_REPRESENTATION_CONTEXT(2) 
PARAMETRIC_REPRESENTATION_CONTEXT() REPRESENTATION_CONTEXT('2D SPACE',''
  ) );
#975 = PCURVE('',#976,#981);
#976 = PLANE('',#977);
#977 = AXIS2_PLACEMENT_3D('',#978,#979,#980);
#978 = CARTESIAN_POINT('',(441.6,-1.046984901075,-29.98172481057));
#979 = DIRECTION('',(0.,-0.999390827019,3.48994967025E-02));
#980 = DIRECTION('',(0.,3.48994967025E-02,0.999390827019));
#981 = DEFINITIONAL_REPRESENTATION('',(#982),#985);
#982 = B_SPLINE_CURVE_WITH_KNOTS('',1,(#983,#984),.UNSPECIFIED.,.F.,.F.,
  (2,2),(-0.85,0.609508891062),.PIECEWISE_BEZIER_KNOTS.);
#983 = CARTESIAN_POINT('',(15.85,-1.));
#984 = CARTESIAN_POINT('',(14.390491108938,-1.));
#985 = ( GEOMETRIC_REPRESENTATION_CONTEXT(2) 
PARAMETRIC_REPRESENTATION_CONTEXT() REPRESENTATION_CONTEXT('2D SPACE',''
  ) );
#986 = ORIENTED_EDGE('',*,*,#987,.T.);
#987 = EDGE_CURVE('',#962,#988,#990,.T.);
#988 = VERTEX_POINT('',#989);
#989 = CARTESIAN_POINT('',(442.6,0.544432148559,-15.59049690149));
#990 = SURFACE_CURVE('',#991,(#996,#1003),.PCURVE_S1.);
#991 = CIRCLE('',#992,15.6);
#992 = AXIS2_PLACEMENT_3D('',#993,#994,#995);
#993 = CARTESIAN_POINT('',(442.6,0.,0.));
#994 = DIRECTION('',(1.,0.,0.));
#995 = DIRECTION('',(-0.,0.,1.));
#996 = PCURVE('',#250,#997);
#997 = DEFINITIONAL_REPRESENTATION('',(#998),#1002);
#998 = CIRCLE('',#999,15.6);
#999 = AXIS2_PLACEMENT_2D('',#1000,#1001);
#1000 = CARTESIAN_POINT('',(0.,0.));
#1001 = DIRECTION('',(1.,0.));
#1002 = ( GEOMETRIC_REPRESENTATION_CONTEXT(2) 
PARAMETRIC_REPRESENTATION_CONTEXT() REPRESENTATION_CONTEXT('2D SPACE',''
  ) );
#1003 = PCURVE('',#1004,#1009);
#1004 = CYLINDRICAL_SURFACE('',#1005,15.6);
#1005 = AXIS2_PLACEMENT_3D('',#1006,#1007,#1008);
#1006 = CARTESIAN_POINT('',(442.6,0.,0.));
#1007 = DIRECTION('',(1.,0.,0.));
#1008 = DIRECTION('',(-0.,0.,1.));
#1009 = DEFINITIONAL_REPRESENTATION('',(#1010),#1014);
#1010 = LINE('',#1011,#1012);
#1011 = CARTESIAN_POINT('',(0.,0.));
#1012 = VECTOR('',#1013,1.);
#1013 = DIRECTION('',(1.,0.));
#1014 = ( GEOMETRIC_REPRESENTATION_CONTEXT(2) 
PARAMETRIC_REPRESENTATION_CONTEXT() REPRESENTATION_CONTEXT('2D SPACE',''
  ) );
#1015 = ORIENTED_EDGE('',*,*,#1016,.T.);
#1016 = EDGE_CURVE('',#988,#1017,#1019,.T.);
#1017 = VERTEX_POINT('',#1018);
#1018 = CARTESIAN_POINT('',(442.6,0.49382787834,-14.14138020232));
#1019 = SURFACE_CURVE('',#1020,(#1024,#1030),.PCURVE_S1.);
#1020 = LINE('',#1021,#1022);
#1021 = CARTESIAN_POINT('',(442.6,0.,0.));
#1022 = VECTOR('',#1023,1.);
#1023 = DIRECTION('',(0.,-3.48994967025E-02,0.999390827019));
#1024 = PCURVE('',#250,#1025);
#1025 = DEFINITIONAL_REPRESENTATION('',(#1026),#1029);
#1026 = B_SPLINE_CURVE_WITH_KNOTS('',1,(#1027,#1028),.UNSPECIFIED.,.F.,
  .F.,(2,2),(-15.60950889106,-14.15),.PIECEWISE_BEZIER_KNOTS.);
#1027 = CARTESIAN_POINT('',(-15.6,-0.544764004071));
#1028 = CARTESIAN_POINT('',(-14.14138020232,-0.49382787834));
#1029 = ( GEOMETRIC_REPRESENTATION_CONTEXT(2) 
PARAMETRIC_REPRESENTATION_CONTEXT() REPRESENTATION_CONTEXT('2D SPACE',''
  ) );
#1030 = PCURVE('',#1031,#1036);
#1031 = PLANE('',#1032);
#1032 = AXIS2_PLACEMENT_3D('',#1033,#1034,#1035);
#1033 = CARTESIAN_POINT('',(441.6,0.,0.));
#1034 = DIRECTION('',(-0.,0.999390827019,3.48994967025E-02));
#1035 = DIRECTION('',(0.,3.48994967025E-02,-0.999390827019));
#1036 = DEFINITIONAL_REPRESENTATION('',(#1037),#1040);
#1037 = B_SPLINE_CURVE_WITH_KNOTS('',1,(#1038,#1039),.UNSPECIFIED.,.F.,
  .F.,(2,2),(-15.60950889106,-14.15),.PIECEWISE_BEZIER_KNOTS.);
#1038 = CARTESIAN_POINT('',(15.609508891062,-1.));
#1039 = CARTESIAN_POINT('',(14.15,-1.));
#1040 = ( GEOMETRIC_REPRESENTATION_CONTEXT(2) 
PARAMETRIC_REPRESENTATION_CONTEXT() REPRESENTATION_CONTEXT('2D SPACE',''
  ) );
#1041 = ORIENTED_EDGE('',*,*,#1042,.T.);
#1042 = EDGE_CURVE('',#1017,#1043,#1045,.T.);
#1043 = VERTEX_POINT('',#1044);
#1044 = CARTESIAN_POINT('',(442.6,11.999880560613,-7.4983575889));
#1045 = SURFACE_CURVE('',#1046,(#1051,#1058),.PCURVE_S1.);
#1046 = CIRCLE('',#1047,14.15);
#1047 = AXIS2_PLACEMENT_3D('',#1048,#1049,#1050);
#1048 = CARTESIAN_POINT('',(442.6,0.,0.));
#1049 = DIRECTION('',(1.,0.,0.));
#1050 = DIRECTION('',(-0.,0.,1.));
#1051 = PCURVE('',#250,#1052);
#1052 = DEFINITIONAL_REPRESENTATION('',(#1053),#1057);
#1053 = CIRCLE('',#1054,14.15);
#1054 = AXIS2_PLACEMENT_2D('',#1055,#1056);
#1055 = CARTESIAN_POINT('',(0.,0.));
#1056 = DIRECTION('',(1.,0.));
#1057 = ( GEOMETRIC_REPRESENTATION_CONTEXT(2) 
PARAMETRIC_REPRESENTATION_CONTEXT() REPRESENTATION_CONTEXT('2D SPACE',''
  ) );
#1058 = PCURVE('',#1059,#1064);
#1059 = CYLINDRICAL_SURFACE('',#1060,14.15);
#1060 = AXIS2_PLACEMENT_3D('',#1061,#1062,#1063);
#1061 = CARTESIAN_POINT('',(440.6,0.,0.));
#1062 = DIRECTION('',(1.,0.,0.));
#1063 = DIRECTION('',(-0.,0.,1.));
#1064 = DEFINITIONAL_REPRESENTATION('',(#1065),#1069);
#1065 = LINE('',#1066,#1067);
#1066 = CARTESIAN_POINT('',(0.,2.));
#1067 = VECTOR('',#1068,1.);
#1068 = DIRECTION('',(1.,0.));
#1069 = ( GEOMETRIC_REPRESENTATION_CONTEXT(2) 
PARAMETRIC_REPRESENTATION_CONTEXT() REPRESENTATION_CONTEXT('2D SPACE',''
  ) );
#1070 = ORIENTED_EDGE('',*,*,#1071,.T.);
#1071 = EDGE_CURVE('',#1043,#666,#1072,.T.);
#1072 = SURFACE_CURVE('',#1073,(#1077,#1083),.PCURVE_S1.);
#1073 = LINE('',#1074,#1075);
#1074 = CARTESIAN_POINT('',(442.6,12.720721442346,-7.948788963498));
#1075 = VECTOR('',#1076,1.);
#1076 = DIRECTION('',(0.,0.848048096156,-0.529919264233));
#1077 = PCURVE('',#250,#1078);
#1078 = DEFINITIONAL_REPRESENTATION('',(#1079),#1082);
#1079 = B_SPLINE_CURVE_WITH_KNOTS('',1,(#1080,#1081),.UNSPECIFIED.,.F.,
  .F.,(2,2),(-0.85,3.395183092449),.PIECEWISE_BEZIER_KNOTS.);
#1080 = CARTESIAN_POINT('',(-7.4983575889,-11.99988056061));
#1081 = CARTESIAN_POINT('',(-9.747961889786,-15.6));
#1082 = ( GEOMETRIC_REPRESENTATION_CONTEXT(2) 
PARAMETRIC_REPRESENTATION_CONTEXT() REPRESENTATION_CONTEXT('2D SPACE',''
  ) );
#1083 = PCURVE('',#1084,#1089);
#1084 = PLANE('',#1085);
#1085 = AXIS2_PLACEMENT_3D('',#1086,#1087,#1088);
#1086 = CARTESIAN_POINT('',(441.6,25.441442884693,-15.89757792699));
#1087 = DIRECTION('',(0.,-0.529919264233,-0.848048096156));
#1088 = DIRECTION('',(0.,-0.848048096156,0.529919264233));
#1089 = DEFINITIONAL_REPRESENTATION('',(#1090),#1093);
#1090 = B_SPLINE_CURVE_WITH_KNOTS('',1,(#1091,#1092),.UNSPECIFIED.,.F.,
  .F.,(2,2),(-0.85,3.395183092449),.PIECEWISE_BEZIER_KNOTS.);
#1091 = CARTESIAN_POINT('',(15.85,-1.));
#1092 = CARTESIAN_POINT('',(11.604816907551,-1.));
#1093 = ( GEOMETRIC_REPRESENTATION_CONTEXT(2) 
PARAMETRIC_REPRESENTATION_CONTEXT() REPRESENTATION_CONTEXT('2D SPACE',''
  ) );
#1094 = FACE_BOUND('',#1095,.F.);
#1095 = EDGE_LOOP('',(#1096));
#1096 = ORIENTED_EDGE('',*,*,#1097,.F.);
#1097 = EDGE_CURVE('',#1098,#1098,#1100,.T.);
#1098 = VERTEX_POINT('',#1099);
#1099 = CARTESIAN_POINT('',(442.6,7.99737769522,-6.39737769522));
#1100 = SURFACE_CURVE('',#1101,(#1106,#1113),.PCURVE_S1.);
#1101 = CIRCLE('',#1102,1.6);
#1102 = AXIS2_PLACEMENT_3D('',#1103,#1104,#1105);
#1103 = CARTESIAN_POINT('',(442.6,7.99737769522,-7.99737769522));
#1104 = DIRECTION('',(1.,0.,0.));
#1105 = DIRECTION('',(-0.,0.,1.));
#1106 = PCURVE('',#250,#1107);
#1107 = DEFINITIONAL_REPRESENTATION('',(#1108),#1112);
#1108 = CIRCLE('',#1109,1.6);
#1109 = AXIS2_PLACEMENT_2D('',#1110,#1111);
#1110 = CARTESIAN_POINT('',(-7.99737769522,-7.99737769522));
#1111 = DIRECTION('',(1.,0.));
#1112 = ( GEOMETRIC_REPRESENTATION_CONTEXT(2) 
PARAMETRIC_REPRESENTATION_CONTEXT() REPRESENTATION_CONTEXT('2D SPACE',''
  ) );
#1113 = PCURVE('',#1114,#1119);
#1114 = CYLINDRICAL_SURFACE('',#1115,1.6);
#1115 = AXIS2_PLACEMENT_3D('',#1116,#1117,#1118);
#1116 = CARTESIAN_POINT('',(441.6,7.99737769522,-7.99737769522));
#1117 = DIRECTION('',(1.,0.,0.));
#1118 = DIRECTION('',(-0.,0.,1.));
#1119 = DEFINITIONAL_REPRESENTATION('',(#1120),#1124);
#1120 = LINE('',#1121,#1122);
#1121 = CARTESIAN_POINT('',(0.,1.));
#1122 = VECTOR('',#1123,1.);
#1123 = DIRECTION('',(1.,0.));
#1124 = ( GEOMETRIC_REPRESENTATION_CONTEXT(2) 
PARAMETRIC_REPRESENTATION_CONTEXT() REPRESENTATION_CONTEXT('2D SPACE',''
  ) );
#1125 = FACE_BOUND('',#1126,.F.);
#1126 = EDGE_LOOP('',(#1127,#1155,#1181,#1207));
#1127 = ORIENTED_EDGE('',*,*,#1128,.T.);
#1128 = EDGE_CURVE('',#1129,#1131,#1133,.T.);
#1129 = VERTEX_POINT('',#1130);
#1130 = CARTESIAN_POINT('',(442.6,15.2,-2.5));
#1131 = VERTEX_POINT('',#1132);
#1132 = CARTESIAN_POINT('',(442.6,12.5,-2.5));
#1133 = SURFACE_CURVE('',#1134,(#1138,#1144),.PCURVE_S1.);
#1134 = LINE('',#1135,#1136);
#1135 = CARTESIAN_POINT('',(442.6,6.25,-2.5));
#1136 = VECTOR('',#1137,1.);
#1137 = DIRECTION('',(0.,-1.,0.));
#1138 = PCURVE('',#250,#1139);
#1139 = DEFINITIONAL_REPRESENTATION('',(#1140),#1143);
#1140 = B_SPLINE_CURVE_WITH_KNOTS('',1,(#1141,#1142),.UNSPECIFIED.,.F.,
  .F.,(2,2),(-8.95,-6.25),.PIECEWISE_BEZIER_KNOTS.);
#1141 = CARTESIAN_POINT('',(-2.5,-15.2));
#1142 = CARTESIAN_POINT('',(-2.5,-12.5));
#1143 = ( GEOMETRIC_REPRESENTATION_CONTEXT(2) 
PARAMETRIC_REPRESENTATION_CONTEXT() REPRESENTATION_CONTEXT('2D SPACE',''
  ) );
#1144 = PCURVE('',#1145,#1150);
#1145 = PLANE('',#1146);
#1146 = AXIS2_PLACEMENT_3D('',#1147,#1148,#1149);
#1147 = CARTESIAN_POINT('',(436.6,12.5,-2.5));
#1148 = DIRECTION('',(0.,0.,1.));
#1149 = DIRECTION('',(1.,0.,0.));
#1150 = DEFINITIONAL_REPRESENTATION('',(#1151),#1154);
#1151 = B_SPLINE_CURVE_WITH_KNOTS('',1,(#1152,#1153),.UNSPECIFIED.,.F.,
  .F.,(2,2),(-8.95,-6.25),.PIECEWISE_BEZIER_KNOTS.);
#1152 = CARTESIAN_POINT('',(6.,2.7));
#1153 = CARTESIAN_POINT('',(6.,0.));
#1154 = ( GEOMETRIC_REPRESENTATION_CONTEXT(2) 
PARAMETRIC_REPRESENTATION_CONTEXT() REPRESENTATION_CONTEXT('2D SPACE',''
  ) );
#1155 = ORIENTED_EDGE('',*,*,#1156,.T.);
#1156 = EDGE_CURVE('',#1131,#1157,#1159,.T.);
#1157 = VERTEX_POINT('',#1158);
#1158 = CARTESIAN_POINT('',(442.6,12.5,2.5));
#1159 = SURFACE_CURVE('',#1160,(#1164,#1170),.PCURVE_S1.);
#1160 = LINE('',#1161,#1162);
#1161 = CARTESIAN_POINT('',(442.6,12.5,-1.25));
#1162 = VECTOR('',#1163,1.);
#1163 = DIRECTION('',(0.,0.,1.));
#1164 = PCURVE('',#250,#1165);
#1165 = DEFINITIONAL_REPRESENTATION('',(#1166),#1169);
#1166 = B_SPLINE_CURVE_WITH_KNOTS('',1,(#1167,#1168),.UNSPECIFIED.,.F.,
  .F.,(2,2),(-1.25,3.75),.PIECEWISE_BEZIER_KNOTS.);
#1167 = CARTESIAN_POINT('',(-2.5,-12.5));
#1168 = CARTESIAN_POINT('',(2.5,-12.5));
#1169 = ( GEOMETRIC_REPRESENTATION_CONTEXT(2) 
PARAMETRIC_REPRESENTATION_CONTEXT() REPRESENTATION_CONTEXT('2D SPACE',''
  ) );
#1170 = PCURVE('',#1171,#1176);
#1171 = PLANE('',#1172);
#1172 = AXIS2_PLACEMENT_3D('',#1173,#1174,#1175);
#1173 = CARTESIAN_POINT('',(436.6,12.5,-2.5));
#1174 = DIRECTION('',(0.,1.,0.));
#1175 = DIRECTION('',(0.,0.,1.));
#1176 = DEFINITIONAL_REPRESENTATION('',(#1177),#1180);
#1177 = B_SPLINE_CURVE_WITH_KNOTS('',1,(#1178,#1179),.UNSPECIFIED.,.F.,
  .F.,(2,2),(-1.25,3.75),.PIECEWISE_BEZIER_KNOTS.);
#1178 = CARTESIAN_POINT('',(0.,6.));
#1179 = CARTESIAN_POINT('',(5.,6.));
#1180 = ( GEOMETRIC_REPRESENTATION_CONTEXT(2) 
PARAMETRIC_REPRESENTATION_CONTEXT() REPRESENTATION_CONTEXT('2D SPACE',''
  ) );
#1181 = ORIENTED_EDGE('',*,*,#1182,.F.);
#1182 = EDGE_CURVE('',#1183,#1157,#1185,.T.);
#1183 = VERTEX_POINT('',#1184);
#1184 = CARTESIAN_POINT('',(442.6,15.2,2.5));
#1185 = SURFACE_CURVE('',#1186,(#1190,#1196),.PCURVE_S1.);
#1186 = LINE('',#1187,#1188);
#1187 = CARTESIAN_POINT('',(442.6,6.25,2.5));
#1188 = VECTOR('',#1189,1.);
#1189 = DIRECTION('',(0.,-1.,0.));
#1190 = PCURVE('',#250,#1191);
#1191 = DEFINITIONAL_REPRESENTATION('',(#1192),#1195);
#1192 = B_SPLINE_CURVE_WITH_KNOTS('',1,(#1193,#1194),.UNSPECIFIED.,.F.,
  .F.,(2,2),(-8.95,-6.25),.PIECEWISE_BEZIER_KNOTS.);
#1193 = CARTESIAN_POINT('',(2.5,-15.2));
#1194 = CARTESIAN_POINT('',(2.5,-12.5));
#1195 = ( GEOMETRIC_REPRESENTATION_CONTEXT(2) 
PARAMETRIC_REPRESENTATION_CONTEXT() REPRESENTATION_CONTEXT('2D SPACE',''
  ) );
#1196 = PCURVE('',#1197,#1202);
#1197 = PLANE('',#1198);
#1198 = AXIS2_PLACEMENT_3D('',#1199,#1200,#1201);
#1199 = CARTESIAN_POINT('',(436.6,12.5,2.5));
#1200 = DIRECTION('',(0.,0.,1.));
#1201 = DIRECTION('',(1.,0.,0.));
#1202 = DEFINITIONAL_REPRESENTATION('',(#1203),#1206);
#1203 = B_SPLINE_CURVE_WITH_KNOTS('',1,(#1204,#1205),.UNSPECIFIED.,.F.,
  .F.,(2,2),(-8.95,-6.25),.PIECEWISE_BEZIER_KNOTS.);
#1204 = CARTESIAN_POINT('',(6.,2.7));
#1205 = CARTESIAN_POINT('',(6.,0.));
#1206 = ( GEOMETRIC_REPRESENTATION_CONTEXT(2) 
PARAMETRIC_REPRESENTATION_CONTEXT() REPRESENTATION_CONTEXT('2D SPACE',''
  ) );
#1207 = ORIENTED_EDGE('',*,*,#1208,.F.);
#1208 = EDGE_CURVE('',#1129,#1183,#1209,.T.);
#1209 = SURFACE_CURVE('',#1210,(#1214,#1220),.PCURVE_S1.);
#1210 = LINE('',#1211,#1212);
#1211 = CARTESIAN_POINT('',(442.6,15.2,-1.25));
#1212 = VECTOR('',#1213,1.);
#1213 = DIRECTION('',(0.,0.,1.));
#1214 = PCURVE('',#250,#1215);
#1215 = DEFINITIONAL_REPRESENTATION('',(#1216),#1219);
#1216 = B_SPLINE_CURVE_WITH_KNOTS('',1,(#1217,#1218),.UNSPECIFIED.,.F.,
  .F.,(2,2),(-1.25,3.75),.PIECEWISE_BEZIER_KNOTS.);
#1217 = CARTESIAN_POINT('',(-2.5,-15.2));
#1218 = CARTESIAN_POINT('',(2.5,-15.2));
#1219 = ( GEOMETRIC_REPRESENTATION_CONTEXT(2) 
PARAMETRIC_REPRESENTATION_CONTEXT() REPRESENTATION_CONTEXT('2D SPACE',''
  ) );
#1220 = PCURVE('',#1221,#1226);
#1221 = PLANE('',#1222);
#1222 = AXIS2_PLACEMENT_3D('',#1223,#1224,#1225);
#1223 = CARTESIAN_POINT('',(436.6,15.2,-2.5));
#1224 = DIRECTION('',(0.,1.,0.));
#1225 = DIRECTION('',(0.,0.,1.));
#1226 = DEFINITIONAL_REPRESENTATION('',(#1227),#1230);
#1227 = B_SPLINE_CURVE_WITH_KNOTS('',1,(#1228,#1229),.UNSPECIFIED.,.F.,
  .F.,(2,2),(-1.25,3.75),.PIECEWISE_BEZIER_KNOTS.);
#1228 = CARTESIAN_POINT('',(0.,6.));
#1229 = CARTESIAN_POINT('',(5.,6.));
#1230 = ( GEOMETRIC_REPRESENTATION_CONTEXT(2) 
PARAMETRIC_REPRESENTATION_CONTEXT() REPRESENTATION_CONTEXT('2D SPACE',''
  ) );
#1231 = FACE_BOUND('',#1232,.F.);
#1232 = EDGE_LOOP('',(#1233));
#1233 = ORIENTED_EDGE('',*,*,#1234,.F.);
#1234 = EDGE_CURVE('',#1235,#1235,#1237,.T.);
#1235 = VERTEX_POINT('',#1236);
#1236 = CARTESIAN_POINT('',(442.6,1.102182119233E-15,4.5));
#1237 = SURFACE_CURVE('',#1238,(#1243,#1250),.PCURVE_S1.);
#1238 = CIRCLE('',#1239,4.5);
#1239 = AXIS2_PLACEMENT_3D('',#1240,#1241,#1242);
#1240 = CARTESIAN_POINT('',(442.6,0.,0.));
#1241 = DIRECTION('',(1.,0.,0.));
#1242 = DIRECTION('',(-0.,0.,1.));
#1243 = PCURVE('',#250,#1244);
#1244 = DEFINITIONAL_REPRESENTATION('',(#1245),#1249);
#1245 = CIRCLE('',#1246,4.5);
#1246 = AXIS2_PLACEMENT_2D('',#1247,#1248);
#1247 = CARTESIAN_POINT('',(0.,0.));
#1248 = DIRECTION('',(1.,0.));
#1249 = ( GEOMETRIC_REPRESENTATION_CONTEXT(2) 
PARAMETRIC_REPRESENTATION_CONTEXT() REPRESENTATION_CONTEXT('2D SPACE',''
  ) );
#1250 = PCURVE('',#1251,#1256);
#1251 = CYLINDRICAL_SURFACE('',#1252,4.5);
#1252 = AXIS2_PLACEMENT_3D('',#1253,#1254,#1255);
#1253 = CARTESIAN_POINT('',(441.6,0.,0.));
#1254 = DIRECTION('',(1.,0.,0.));
#1255 = DIRECTION('',(-0.,0.,1.));
#1256 = DEFINITIONAL_REPRESENTATION('',(#1257),#1261);
#1257 = LINE('',#1258,#1259);
#1258 = CARTESIAN_POINT('',(0.,1.));
#1259 = VECTOR('',#1260,1.);
#1260 = DIRECTION('',(1.,0.));
#1261 = ( GEOMETRIC_REPRESENTATION_CONTEXT(2) 
PARAMETRIC_REPRESENTATION_CONTEXT() REPRESENTATION_CONTEXT('2D SPACE',''
  ) );
#1262 = FACE_BOUND('',#1263,.F.);
#1263 = EDGE_LOOP('',(#1264));
#1264 = ORIENTED_EDGE('',*,*,#1265,.F.);
#1265 = EDGE_CURVE('',#1266,#1266,#1268,.T.);
#1266 = VERTEX_POINT('',#1267);
#1267 = CARTESIAN_POINT('',(442.6,7.99737769522,9.59737769522));
#1268 = SURFACE_CURVE('',#1269,(#1274,#1281),.PCURVE_S1.);
#1269 = CIRCLE('',#1270,1.6);
#1270 = AXIS2_PLACEMENT_3D('',#1271,#1272,#1273);
#1271 = CARTESIAN_POINT('',(442.6,7.99737769522,7.99737769522));
#1272 = DIRECTION('',(1.,0.,0.));
#1273 = DIRECTION('',(-0.,0.,1.));
#1274 = PCURVE('',#250,#1275);
#1275 = DEFINITIONAL_REPRESENTATION('',(#1276),#1280);
#1276 = CIRCLE('',#1277,1.6);
#1277 = AXIS2_PLACEMENT_2D('',#1278,#1279);
#1278 = CARTESIAN_POINT('',(7.99737769522,-7.99737769522));
#1279 = DIRECTION('',(1.,0.));
#1280 = ( GEOMETRIC_REPRESENTATION_CONTEXT(2) 
PARAMETRIC_REPRESENTATION_CONTEXT() REPRESENTATION_CONTEXT('2D SPACE',''
  ) );
#1281 = PCURVE('',#1282,#1287);
#1282 = CYLINDRICAL_SURFACE('',#1283,1.6);
#1283 = AXIS2_PLACEMENT_3D('',#1284,#1285,#1286);
#1284 = CARTESIAN_POINT('',(441.6,7.99737769522,7.99737769522));
#1285 = DIRECTION('',(1.,0.,0.));
#1286 = DIRECTION('',(-0.,0.,1.));
#1287 = DEFINITIONAL_REPRESENTATION('',(#1288),#1292);
#1288 = LINE('',#1289,#1290);
#1289 = CARTESIAN_POINT('',(0.,1.));
#1290 = VECTOR('',#1291,1.);
#1291 = DIRECTION('',(1.,0.));
#1292 = ( GEOMETRIC_REPRESENTATION_CONTEXT(2) 
PARAMETRIC_REPRESENTATION_CONTEXT() REPRESENTATION_CONTEXT('2D SPACE',''
  ) );
#1293 = FACE_BOUND('',#1294,.F.);
#1294 = EDGE_LOOP('',(#1295));
#1295 = ORIENTED_EDGE('',*,*,#1296,.F.);
#1296 = EDGE_CURVE('',#1297,#1297,#1299,.T.);
#1297 = VERTEX_POINT('',#1298);
#1298 = CARTESIAN_POINT('',(442.6,-7.99737769522,-6.39737769522));
#1299 = SURFACE_CURVE('',#1300,(#1305,#1312),.PCURVE_S1.);
#1300 = CIRCLE('',#1301,1.6);
#1301 = AXIS2_PLACEMENT_3D('',#1302,#1303,#1304);
#1302 = CARTESIAN_POINT('',(442.6,-7.99737769522,-7.99737769522));
#1303 = DIRECTION('',(1.,0.,0.));
#1304 = DIRECTION('',(-0.,0.,1.));
#1305 = PCURVE('',#250,#1306);
#1306 = DEFINITIONAL_REPRESENTATION('',(#1307),#1311);
#1307 = CIRCLE('',#1308,1.6);
#1308 = AXIS2_PLACEMENT_2D('',#1309,#1310);
#1309 = CARTESIAN_POINT('',(-7.99737769522,7.99737769522));
#1310 = DIRECTION('',(1.,0.));
#1311 = ( GEOMETRIC_REPRESENTATION_CONTEXT(2) 
PARAMETRIC_REPRESENTATION_CONTEXT() REPRESENTATION_CONTEXT('2D SPACE',''
  ) );
#1312 = PCURVE('',#1313,#1318);
#1313 = CYLINDRICAL_SURFACE('',#1314,1.6);
#1314 = AXIS2_PLACEMENT_3D('',#1315,#1316,#1317);
#1315 = CARTESIAN_POINT('',(441.6,-7.99737769522,-7.99737769522));
#1316 = DIRECTION('',(1.,0.,0.));
#1317 = DIRECTION('',(-0.,0.,1.));
#1318 = DEFINITIONAL_REPRESENTATION('',(#1319),#1323);
#1319 = LINE('',#1320,#1321);
#1320 = CARTESIAN_POINT('',(0.,1.));
#1321 = VECTOR('',#1322,1.);
#1322 = DIRECTION('',(1.,0.));
#1323 = ( GEOMETRIC_REPRESENTATION_CONTEXT(2) 
PARAMETRIC_REPRESENTATION_CONTEXT() REPRESENTATION_CONTEXT('2D SPACE',''
  ) );
#1324 = FACE_BOUND('',#1325,.F.);
#1325 = EDGE_LOOP('',(#1326,#1354,#1380,#1406));
#1326 = ORIENTED_EDGE('',*,*,#1327,.T.);
#1327 = EDGE_CURVE('',#1328,#1330,#1332,.T.);
#1328 = VERTEX_POINT('',#1329);
#1329 = CARTESIAN_POINT('',(442.6,-15.2,2.5));
#1330 = VERTEX_POINT('',#1331);
#1331 = CARTESIAN_POINT('',(442.6,-12.5,2.5));
#1332 = SURFACE_CURVE('',#1333,(#1337,#1343),.PCURVE_S1.);
#1333 = LINE('',#1334,#1335);
#1334 = CARTESIAN_POINT('',(442.6,-6.25,2.5));
#1335 = VECTOR('',#1336,1.);
#1336 = DIRECTION('',(0.,1.,-1.224646799147E-16));
#1337 = PCURVE('',#250,#1338);
#1338 = DEFINITIONAL_REPRESENTATION('',(#1339),#1342);
#1339 = B_SPLINE_CURVE_WITH_KNOTS('',1,(#1340,#1341),.UNSPECIFIED.,.F.,
  .F.,(2,2),(-8.95,-6.25),.PIECEWISE_BEZIER_KNOTS.);
#1340 = CARTESIAN_POINT('',(2.5,15.2));
#1341 = CARTESIAN_POINT('',(2.5,12.5));
#1342 = ( GEOMETRIC_REPRESENTATION_CONTEXT(2) 
PARAMETRIC_REPRESENTATION_CONTEXT() REPRESENTATION_CONTEXT('2D SPACE',''
  ) );
#1343 = PCURVE('',#1344,#1349);
#1344 = PLANE('',#1345);
#1345 = AXIS2_PLACEMENT_3D('',#1346,#1347,#1348);
#1346 = CARTESIAN_POINT('',(436.6,-12.5,2.5));
#1347 = DIRECTION('',(0.,-1.224646799147E-16,-1.));
#1348 = DIRECTION('',(1.,0.,0.));
#1349 = DEFINITIONAL_REPRESENTATION('',(#1350),#1353);
#1350 = B_SPLINE_CURVE_WITH_KNOTS('',1,(#1351,#1352),.UNSPECIFIED.,.F.,
  .F.,(2,2),(-8.95,-6.25),.PIECEWISE_BEZIER_KNOTS.);
#1351 = CARTESIAN_POINT('',(6.,2.7));
#1352 = CARTESIAN_POINT('',(6.,0.));
#1353 = ( GEOMETRIC_REPRESENTATION_CONTEXT(2) 
PARAMETRIC_REPRESENTATION_CONTEXT() REPRESENTATION_CONTEXT('2D SPACE',''
  ) );
#1354 = ORIENTED_EDGE('',*,*,#1355,.T.);
#1355 = EDGE_CURVE('',#1330,#1356,#1358,.T.);
#1356 = VERTEX_POINT('',#1357);
#1357 = CARTESIAN_POINT('',(442.6,-12.5,-2.5));
#1358 = SURFACE_CURVE('',#1359,(#1363,#1369),.PCURVE_S1.);
#1359 = LINE('',#1360,#1361);
#1360 = CARTESIAN_POINT('',(442.6,-12.5,1.25));
#1361 = VECTOR('',#1362,1.);
#1362 = DIRECTION('',(0.,-1.224646799147E-16,-1.));
#1363 = PCURVE('',#250,#1364);
#1364 = DEFINITIONAL_REPRESENTATION('',(#1365),#1368);
#1365 = B_SPLINE_CURVE_WITH_KNOTS('',1,(#1366,#1367),.UNSPECIFIED.,.F.,
  .F.,(2,2),(-1.25,3.75),.PIECEWISE_BEZIER_KNOTS.);
#1366 = CARTESIAN_POINT('',(2.5,12.5));
#1367 = CARTESIAN_POINT('',(-2.5,12.5));
#1368 = ( GEOMETRIC_REPRESENTATION_CONTEXT(2) 
PARAMETRIC_REPRESENTATION_CONTEXT() REPRESENTATION_CONTEXT('2D SPACE',''
  ) );
#1369 = PCURVE('',#1370,#1375);
#1370 = PLANE('',#1371);
#1371 = AXIS2_PLACEMENT_3D('',#1372,#1373,#1374);
#1372 = CARTESIAN_POINT('',(436.6,-12.5,2.5));
#1373 = DIRECTION('',(0.,-1.,1.224646799147E-16));
#1374 = DIRECTION('',(0.,-1.224646799147E-16,-1.));
#1375 = DEFINITIONAL_REPRESENTATION('',(#1376),#1379);
#1376 = B_SPLINE_CURVE_WITH_KNOTS('',1,(#1377,#1378),.UNSPECIFIED.,.F.,
  .F.,(2,2),(-1.25,3.75),.PIECEWISE_BEZIER_KNOTS.);
#1377 = CARTESIAN_POINT('',(0.,6.));
#1378 = CARTESIAN_POINT('',(5.,6.));
#1379 = ( GEOMETRIC_REPRESENTATION_CONTEXT(2) 
PARAMETRIC_REPRESENTATION_CONTEXT() REPRESENTATION_CONTEXT('2D SPACE',''
  ) );
#1380 = ORIENTED_EDGE('',*,*,#1381,.F.);
#1381 = EDGE_CURVE('',#1382,#1356,#1384,.T.);
#1382 = VERTEX_POINT('',#1383);
#1383 = CARTESIAN_POINT('',(442.6,-15.2,-2.5));
#1384 = SURFACE_CURVE('',#1385,(#1389,#1395),.PCURVE_S1.);
#1385 = LINE('',#1386,#1387);
#1386 = CARTESIAN_POINT('',(442.6,-6.25,-2.5));
#1387 = VECTOR('',#1388,1.);
#1388 = DIRECTION('',(0.,1.,-1.224646799147E-16));
#1389 = PCURVE('',#250,#1390);
#1390 = DEFINITIONAL_REPRESENTATION('',(#1391),#1394);
#1391 = B_SPLINE_CURVE_WITH_KNOTS('',1,(#1392,#1393),.UNSPECIFIED.,.F.,
  .F.,(2,2),(-8.95,-6.25),.PIECEWISE_BEZIER_KNOTS.);
#1392 = CARTESIAN_POINT('',(-2.5,15.2));
#1393 = CARTESIAN_POINT('',(-2.5,12.5));
#1394 = ( GEOMETRIC_REPRESENTATION_CONTEXT(2) 
PARAMETRIC_REPRESENTATION_CONTEXT() REPRESENTATION_CONTEXT('2D SPACE',''
  ) );
#1395 = PCURVE('',#1396,#1401);
#1396 = PLANE('',#1397);
#1397 = AXIS2_PLACEMENT_3D('',#1398,#1399,#1400);
#1398 = CARTESIAN_POINT('',(436.6,-12.5,-2.5));
#1399 = DIRECTION('',(0.,-1.224646799147E-16,-1.));
#1400 = DIRECTION('',(1.,0.,0.));
#1401 = DEFINITIONAL_REPRESENTATION('',(#1402),#1405);
#1402 = B_SPLINE_CURVE_WITH_KNOTS('',1,(#1403,#1404),.UNSPECIFIED.,.F.,
  .F.,(2,2),(-8.95,-6.25),.PIECEWISE_BEZIER_KNOTS.);
#1403 = CARTESIAN_POINT('',(6.,2.7));
#1404 = CARTESIAN_POINT('',(6.,0.));
#1405 = ( GEOMETRIC_REPRESENTATION_CONTEXT(2) 
PARAMETRIC_REPRESENTATION_CONTEXT() REPRESENTATION_CONTEXT('2D SPACE',''
  ) );
#1406 = ORIENTED_EDGE('',*,*,#1407,.F.);
#1407 = EDGE_CURVE('',#1328,#1382,#1408,.T.);
#1408 = SURFACE_CURVE('',#1409,(#1413,#1419),.PCURVE_S1.);
#1409 = LINE('',#1410,#1411);
#1410 = CARTESIAN_POINT('',(442.6,-15.2,1.25));
#1411 = VECTOR('',#1412,1.);
#1412 = DIRECTION('',(0.,-1.224646799147E-16,-1.));
#1413 = PCURVE('',#250,#1414);
#1414 = DEFINITIONAL_REPRESENTATION('',(#1415),#1418);
#1415 = B_SPLINE_CURVE_WITH_KNOTS('',1,(#1416,#1417),.UNSPECIFIED.,.F.,
  .F.,(2,2),(-1.25,3.75),.PIECEWISE_BEZIER_KNOTS.);
#1416 = CARTESIAN_POINT('',(2.5,15.2));
#1417 = CARTESIAN_POINT('',(-2.5,15.2));
#1418 = ( GEOMETRIC_REPRESENTATION_CONTEXT(2) 
PARAMETRIC_REPRESENTATION_CONTEXT() REPRESENTATION_CONTEXT('2D SPACE',''
  ) );
#1419 = PCURVE('',#1420,#1425);
#1420 = PLANE('',#1421);
#1421 = AXIS2_PLACEMENT_3D('',#1422,#1423,#1424);
#1422 = CARTESIAN_POINT('',(436.6,-15.2,2.5));
#1423 = DIRECTION('',(0.,-1.,1.224646799147E-16));
#1424 = DIRECTION('',(0.,-1.224646799147E-16,-1.));
#1425 = DEFINITIONAL_REPRESENTATION('',(#1426),#1429);
#1426 = B_SPLINE_CURVE_WITH_KNOTS('',1,(#1427,#1428),.UNSPECIFIED.,.F.,
  .F.,(2,2),(-1.25,3.75),.PIECEWISE_BEZIER_KNOTS.);
#1427 = CARTESIAN_POINT('',(0.,6.));
#1428 = CARTESIAN_POINT('',(5.,6.));
#1429 = ( GEOMETRIC_REPRESENTATION_CONTEXT(2) 
PARAMETRIC_REPRESENTATION_CONTEXT() REPRESENTATION_CONTEXT('2D SPACE',''
  ) );
#1430 = FACE_BOUND('',#1431,.F.);
#1431 = EDGE_LOOP('',(#1432));
#1432 = ORIENTED_EDGE('',*,*,#1433,.F.);
#1433 = EDGE_CURVE('',#1434,#1434,#1436,.T.);
#1434 = VERTEX_POINT('',#1435);
#1435 = CARTESIAN_POINT('',(442.6,-7.99737769522,9.59737769522));
#1436 = SURFACE_CURVE('',#1437,(#1442,#1449),.PCURVE_S1.);
#1437 = CIRCLE('',#1438,1.6);
#1438 = AXIS2_PLACEMENT_3D('',#1439,#1440,#1441);
#1439 = CARTESIAN_POINT('',(442.6,-7.99737769522,7.99737769522));
#1440 = DIRECTION('',(1.,0.,0.));
#1441 = DIRECTION('',(-0.,0.,1.));
#1442 = PCURVE('',#250,#1443);
#1443 = DEFINITIONAL_REPRESENTATION('',(#1444),#1448);
#1444 = CIRCLE('',#1445,1.6);
#1445 = AXIS2_PLACEMENT_2D('',#1446,#1447);
#1446 = CARTESIAN_POINT('',(7.99737769522,7.99737769522));
#1447 = DIRECTION('',(1.,0.));
#1448 = ( GEOMETRIC_REPRESENTATION_CONTEXT(2) 
PARAMETRIC_REPRESENTATION_CONTEXT() REPRESENTATION_CONTEXT('2D SPACE',''
  ) );
#1449 = PCURVE('',#1450,#1455);
#1450 = CYLINDRICAL_SURFACE('',#1451,1.6);
#1451 = AXIS2_PLACEMENT_3D('',#1452,#1453,#1454);
#1452 = CARTESIAN_POINT('',(441.6,-7.99737769522,7.99737769522));
#1453 = DIRECTION('',(1.,0.,0.));
#1454 = DIRECTION('',(-0.,0.,1.));
#1455 = DEFINITIONAL_REPRESENTATION('',(#1456),#1460);
#1456 = LINE('',#1457,#1458);
#1457 = CARTESIAN_POINT('',(0.,1.));
#1458 = VECTOR('',#1459,1.);
#1459 = DIRECTION('',(1.,0.));
#1460 = ( GEOMETRIC_REPRESENTATION_CONTEXT(2) 
PARAMETRIC_REPRESENTATION_CONTEXT() REPRESENTATION_CONTEXT('2D SPACE',''
  ) );
#1461 = ADVANCED_FACE('',(#1462),#222,.T.);
#1462 = FACE_BOUND('',#1463,.T.);
#1463 = EDGE_LOOP('',(#1464,#1485,#1486,#1487));
#1464 = ORIENTED_EDGE('',*,*,#1465,.F.);
#1465 = EDGE_CURVE('',#723,#1466,#1468,.T.);
#1466 = VERTEX_POINT('',#1467);
#1467 = CARTESIAN_POINT('',(445.6,4.137059621827,13.531712296877));
#1468 = SURFACE_CURVE('',#1469,(#1473,#1479),.PCURVE_S1.);
#1469 = LINE('',#1470,#1471);
#1470 = CARTESIAN_POINT('',(440.6,4.137059621827,13.531712296877));
#1471 = VECTOR('',#1472,1.);
#1472 = DIRECTION('',(1.,0.,0.));
#1473 = PCURVE('',#222,#1474);
#1474 = DEFINITIONAL_REPRESENTATION('',(#1475),#1478);
#1475 = B_SPLINE_CURVE_WITH_KNOTS('',1,(#1476,#1477),.UNSPECIFIED.,.F.,
  .F.,(2,2),(0.5,6.5),.PIECEWISE_BEZIER_KNOTS.);
#1476 = CARTESIAN_POINT('',(15.85,0.5));
#1477 = CARTESIAN_POINT('',(15.85,-5.5));
#1478 = ( GEOMETRIC_REPRESENTATION_CONTEXT(2) 
PARAMETRIC_REPRESENTATION_CONTEXT() REPRESENTATION_CONTEXT('2D SPACE',''
  ) );
#1479 = PCURVE('',#739,#1480);
#1480 = DEFINITIONAL_REPRESENTATION('',(#1481),#1484);
#1481 = B_SPLINE_CURVE_WITH_KNOTS('',1,(#1482,#1483),.UNSPECIFIED.,.F.,
  .F.,(2,2),(0.5,6.5),.PIECEWISE_BEZIER_KNOTS.);
#1482 = CARTESIAN_POINT('',(5.986479334341,0.5));
#1483 = CARTESIAN_POINT('',(5.986479334341,6.5));
#1484 = ( GEOMETRIC_REPRESENTATION_CONTEXT(2) 
PARAMETRIC_REPRESENTATION_CONTEXT() REPRESENTATION_CONTEXT('2D SPACE',''
  ) );
#1485 = ORIENTED_EDGE('',*,*,#751,.T.);
#1486 = ORIENTED_EDGE('',*,*,#207,.T.);
#1487 = ORIENTED_EDGE('',*,*,#1488,.F.);
#1488 = EDGE_CURVE('',#1466,#179,#1489,.T.);
#1489 = SURFACE_CURVE('',#1490,(#1494,#1500),.PCURVE_S1.);
#1490 = LINE('',#1491,#1492);
#1491 = CARTESIAN_POINT('',(445.6,4.385575570841,14.344571339446));
#1492 = VECTOR('',#1493,1.);
#1493 = DIRECTION('',(-0.,0.292371704723,0.956304755963));
#1494 = PCURVE('',#222,#1495);
#1495 = DEFINITIONAL_REPRESENTATION('',(#1496),#1499);
#1496 = B_SPLINE_CURVE_WITH_KNOTS('',1,(#1497,#1498),.UNSPECIFIED.,.F.,
  .F.,(2,2),(-0.85,1.3127914012),.PIECEWISE_BEZIER_KNOTS.);
#1497 = CARTESIAN_POINT('',(15.85,-4.));
#1498 = CARTESIAN_POINT('',(13.6872085988,-4.));
#1499 = ( GEOMETRIC_REPRESENTATION_CONTEXT(2) 
PARAMETRIC_REPRESENTATION_CONTEXT() REPRESENTATION_CONTEXT('2D SPACE',''
  ) );
#1500 = PCURVE('',#195,#1501);
#1501 = DEFINITIONAL_REPRESENTATION('',(#1502),#1505);
#1502 = B_SPLINE_CURVE_WITH_KNOTS('',1,(#1503,#1504),.UNSPECIFIED.,.F.,
  .F.,(2,2),(-0.85,1.3127914012),.PIECEWISE_BEZIER_KNOTS.);
#1503 = CARTESIAN_POINT('',(13.531712296877,-4.137059621827));
#1504 = CARTESIAN_POINT('',(15.6,-4.769398630755));
#1505 = ( GEOMETRIC_REPRESENTATION_CONTEXT(2) 
PARAMETRIC_REPRESENTATION_CONTEXT() REPRESENTATION_CONTEXT('2D SPACE',''
  ) );
#1506 = ADVANCED_FACE('',(#1507,#1870,#1896,#1922,#1948,#1974),#195,.T.
  );
#1507 = FACE_BOUND('',#1508,.T.);
#1508 = EDGE_LOOP('',(#1509,#1535,#1556,#1578,#1579,#1580,#1581,#1582,
    #1602,#1626,#1647,#1671,#1692,#1716,#1737,#1761,#1782,#1806,#1827,
    #1851));
#1509 = ORIENTED_EDGE('',*,*,#1510,.T.);
#1510 = EDGE_CURVE('',#1511,#1513,#1515,.T.);
#1511 = VERTEX_POINT('',#1512);
#1512 = CARTESIAN_POINT('',(445.6,13.22955030004,-8.266740522038));
#1513 = VERTEX_POINT('',#1514);
#1514 = CARTESIAN_POINT('',(445.6,14.918354193023,4.560998593675));
#1515 = SURFACE_CURVE('',#1516,(#1521,#1528),.PCURVE_S1.);
#1516 = CIRCLE('',#1517,15.6);
#1517 = AXIS2_PLACEMENT_3D('',#1518,#1519,#1520);
#1518 = CARTESIAN_POINT('',(445.6,0.,0.));
#1519 = DIRECTION('',(1.,0.,0.));
#1520 = DIRECTION('',(-0.,0.,1.));
#1521 = PCURVE('',#195,#1522);
#1522 = DEFINITIONAL_REPRESENTATION('',(#1523),#1527);
#1523 = CIRCLE('',#1524,15.6);
#1524 = AXIS2_PLACEMENT_2D('',#1525,#1526);
#1525 = CARTESIAN_POINT('',(0.,0.));
#1526 = DIRECTION('',(1.,0.));
#1527 = ( GEOMETRIC_REPRESENTATION_CONTEXT(2) 
PARAMETRIC_REPRESENTATION_CONTEXT() REPRESENTATION_CONTEXT('2D SPACE',''
  ) );
#1528 = PCURVE('',#684,#1529);
#1529 = DEFINITIONAL_REPRESENTATION('',(#1530),#1534);
#1530 = LINE('',#1531,#1532);
#1531 = CARTESIAN_POINT('',(0.,3.));
#1532 = VECTOR('',#1533,1.);
#1533 = DIRECTION('',(1.,0.));
#1534 = ( GEOMETRIC_REPRESENTATION_CONTEXT(2) 
PARAMETRIC_REPRESENTATION_CONTEXT() REPRESENTATION_CONTEXT('2D SPACE',''
  ) );
#1535 = ORIENTED_EDGE('',*,*,#1536,.T.);
#1536 = EDGE_CURVE('',#1513,#1537,#1539,.T.);
#1537 = VERTEX_POINT('',#1538);
#1538 = CARTESIAN_POINT('',(445.6,13.531712296877,4.137059621827));
#1539 = SURFACE_CURVE('',#1540,(#1544,#1550),.PCURVE_S1.);
#1540 = LINE('',#1541,#1542);
#1541 = CARTESIAN_POINT('',(445.6,0.,0.));
#1542 = VECTOR('',#1543,1.);
#1543 = DIRECTION('',(0.,-0.956304755963,-0.292371704723));
#1544 = PCURVE('',#195,#1545);
#1545 = DEFINITIONAL_REPRESENTATION('',(#1546),#1549);
#1546 = B_SPLINE_CURVE_WITH_KNOTS('',1,(#1547,#1548),.UNSPECIFIED.,.F.,
  .F.,(2,2),(-16.3127914012,-14.15),.PIECEWISE_BEZIER_KNOTS.);
#1547 = CARTESIAN_POINT('',(4.769398630755,-15.6));
#1548 = CARTESIAN_POINT('',(4.137059621827,-13.53171229687));
#1549 = ( GEOMETRIC_REPRESENTATION_CONTEXT(2) 
PARAMETRIC_REPRESENTATION_CONTEXT() REPRESENTATION_CONTEXT('2D SPACE',''
  ) );
#1550 = PCURVE('',#711,#1551);
#1551 = DEFINITIONAL_REPRESENTATION('',(#1552),#1555);
#1552 = B_SPLINE_CURVE_WITH_KNOTS('',1,(#1553,#1554),.UNSPECIFIED.,.F.,
  .F.,(2,2),(-16.3127914012,-14.15),.PIECEWISE_BEZIER_KNOTS.);
#1553 = CARTESIAN_POINT('',(16.3127914012,-4.));
#1554 = CARTESIAN_POINT('',(14.15,-4.));
#1555 = ( GEOMETRIC_REPRESENTATION_CONTEXT(2) 
PARAMETRIC_REPRESENTATION_CONTEXT() REPRESENTATION_CONTEXT('2D SPACE',''
  ) );
#1556 = ORIENTED_EDGE('',*,*,#1557,.T.);
#1557 = EDGE_CURVE('',#1537,#1466,#1558,.T.);
#1558 = SURFACE_CURVE('',#1559,(#1564,#1571),.PCURVE_S1.);
#1559 = CIRCLE('',#1560,14.15);
#1560 = AXIS2_PLACEMENT_3D('',#1561,#1562,#1563);
#1561 = CARTESIAN_POINT('',(445.6,0.,0.));
#1562 = DIRECTION('',(1.,0.,0.));
#1563 = DIRECTION('',(-0.,0.,1.));
#1564 = PCURVE('',#195,#1565);
#1565 = DEFINITIONAL_REPRESENTATION('',(#1566),#1570);
#1566 = CIRCLE('',#1567,14.15);
#1567 = AXIS2_PLACEMENT_2D('',#1568,#1569);
#1568 = CARTESIAN_POINT('',(0.,0.));
#1569 = DIRECTION('',(1.,0.));
#1570 = ( GEOMETRIC_REPRESENTATION_CONTEXT(2) 
PARAMETRIC_REPRESENTATION_CONTEXT() REPRESENTATION_CONTEXT('2D SPACE',''
  ) );
#1571 = PCURVE('',#739,#1572);
#1572 = DEFINITIONAL_REPRESENTATION('',(#1573),#1577);
#1573 = LINE('',#1574,#1575);
#1574 = CARTESIAN_POINT('',(0.,5.));
#1575 = VECTOR('',#1576,1.);
#1576 = DIRECTION('',(1.,0.));
#1577 = ( GEOMETRIC_REPRESENTATION_CONTEXT(2) 
PARAMETRIC_REPRESENTATION_CONTEXT() REPRESENTATION_CONTEXT('2D SPACE',''
  ) );
#1578 = ORIENTED_EDGE('',*,*,#1488,.T.);
#1579 = ORIENTED_EDGE('',*,*,#178,.T.);
#1580 = ORIENTED_EDGE('',*,*,#289,.F.);
#1581 = ORIENTED_EDGE('',*,*,#392,.T.);
#1582 = ORIENTED_EDGE('',*,*,#1583,.T.);
#1583 = EDGE_CURVE('',#393,#1584,#1586,.T.);
#1584 = VERTEX_POINT('',#1585);
#1585 = CARTESIAN_POINT('',(445.6,-1.69797527291,15.507316981754));
#1586 = SURFACE_CURVE('',#1587,(#1590,#1596),.PCURVE_S1.);
#1587 = B_SPLINE_CURVE_WITH_KNOTS('',1,(#1588,#1589),.UNSPECIFIED.,.F.,
  .F.,(2,2),(0.,1.),.PIECEWISE_BEZIER_KNOTS.);
#1588 = CARTESIAN_POINT('',(445.6,-1.697987376188,15.5));
#1589 = CARTESIAN_POINT('',(445.6,-1.697821867865,15.6));
#1590 = PCURVE('',#195,#1591);
#1591 = DEFINITIONAL_REPRESENTATION('',(#1592),#1595);
#1592 = B_SPLINE_CURVE_WITH_KNOTS('',1,(#1593,#1594),.UNSPECIFIED.,.F.,
  .F.,(2,2),(0.,1.),.PIECEWISE_BEZIER_KNOTS.);
#1593 = CARTESIAN_POINT('',(15.5,1.697987376188));
#1594 = CARTESIAN_POINT('',(15.6,1.697821867865));
#1595 = ( GEOMETRIC_REPRESENTATION_CONTEXT(2) 
PARAMETRIC_REPRESENTATION_CONTEXT() REPRESENTATION_CONTEXT('2D SPACE',''
  ) );
#1596 = PCURVE('',#534,#1597);
#1597 = DEFINITIONAL_REPRESENTATION('',(#1598),#1601);
#1598 = B_SPLINE_CURVE_WITH_KNOTS('',1,(#1599,#1600),.UNSPECIFIED.,.F.,
  .F.,(2,2),(0.,1.),.PIECEWISE_BEZIER_KNOTS.);
#1599 = CARTESIAN_POINT('',(49.222601378245,0.));
#1600 = CARTESIAN_POINT('',(49.213384177555,1.314060446781E-03));
#1601 = ( GEOMETRIC_REPRESENTATION_CONTEXT(2) 
PARAMETRIC_REPRESENTATION_CONTEXT() REPRESENTATION_CONTEXT('2D SPACE',''
  ) );
#1602 = ORIENTED_EDGE('',*,*,#1603,.T.);
#1603 = EDGE_CURVE('',#1584,#1604,#1606,.T.);
#1604 = VERTEX_POINT('',#1605);
#1605 = CARTESIAN_POINT('',(445.6,-4.560998593675,14.918354193023));
#1606 = SURFACE_CURVE('',#1607,(#1612,#1619),.PCURVE_S1.);
#1607 = CIRCLE('',#1608,15.6);
#1608 = AXIS2_PLACEMENT_3D('',#1609,#1610,#1611);
#1609 = CARTESIAN_POINT('',(445.6,0.,0.));
#1610 = DIRECTION('',(1.,0.,0.));
#1611 = DIRECTION('',(-0.,0.,1.));
#1612 = PCURVE('',#195,#1613);
#1613 = DEFINITIONAL_REPRESENTATION('',(#1614),#1618);
#1614 = CIRCLE('',#1615,15.6);
#1615 = AXIS2_PLACEMENT_2D('',#1616,#1617);
#1616 = CARTESIAN_POINT('',(0.,0.));
#1617 = DIRECTION('',(1.,0.));
#1618 = ( GEOMETRIC_REPRESENTATION_CONTEXT(2) 
PARAMETRIC_REPRESENTATION_CONTEXT() REPRESENTATION_CONTEXT('2D SPACE',''
  ) );
#1619 = PCURVE('',#451,#1620);
#1620 = DEFINITIONAL_REPRESENTATION('',(#1621),#1625);
#1621 = LINE('',#1622,#1623);
#1622 = CARTESIAN_POINT('',(0.,3.));
#1623 = VECTOR('',#1624,1.);
#1624 = DIRECTION('',(1.,0.));
#1625 = ( GEOMETRIC_REPRESENTATION_CONTEXT(2) 
PARAMETRIC_REPRESENTATION_CONTEXT() REPRESENTATION_CONTEXT('2D SPACE',''
  ) );
#1626 = ORIENTED_EDGE('',*,*,#1627,.T.);
#1627 = EDGE_CURVE('',#1604,#1628,#1630,.T.);
#1628 = VERTEX_POINT('',#1629);
#1629 = CARTESIAN_POINT('',(445.6,-4.137059621827,13.531712296877));
#1630 = SURFACE_CURVE('',#1631,(#1635,#1641),.PCURVE_S1.);
#1631 = LINE('',#1632,#1633);
#1632 = CARTESIAN_POINT('',(445.6,0.,0.));
#1633 = VECTOR('',#1634,1.);
#1634 = DIRECTION('',(0.,0.292371704723,-0.956304755963));
#1635 = PCURVE('',#195,#1636);
#1636 = DEFINITIONAL_REPRESENTATION('',(#1637),#1640);
#1637 = B_SPLINE_CURVE_WITH_KNOTS('',1,(#1638,#1639),.UNSPECIFIED.,.F.,
  .F.,(2,2),(-16.3127914012,-14.15),.PIECEWISE_BEZIER_KNOTS.);
#1638 = CARTESIAN_POINT('',(15.6,4.769398630755));
#1639 = CARTESIAN_POINT('',(13.531712296877,4.137059621827));
#1640 = ( GEOMETRIC_REPRESENTATION_CONTEXT(2) 
PARAMETRIC_REPRESENTATION_CONTEXT() REPRESENTATION_CONTEXT('2D SPACE',''
  ) );
#1641 = PCURVE('',#811,#1642);
#1642 = DEFINITIONAL_REPRESENTATION('',(#1643),#1646);
#1643 = B_SPLINE_CURVE_WITH_KNOTS('',1,(#1644,#1645),.UNSPECIFIED.,.F.,
  .F.,(2,2),(-16.3127914012,-14.15),.PIECEWISE_BEZIER_KNOTS.);
#1644 = CARTESIAN_POINT('',(16.3127914012,-4.));
#1645 = CARTESIAN_POINT('',(14.15,-4.));
#1646 = ( GEOMETRIC_REPRESENTATION_CONTEXT(2) 
PARAMETRIC_REPRESENTATION_CONTEXT() REPRESENTATION_CONTEXT('2D SPACE',''
  ) );
#1647 = ORIENTED_EDGE('',*,*,#1648,.T.);
#1648 = EDGE_CURVE('',#1628,#1649,#1651,.T.);
#1649 = VERTEX_POINT('',#1650);
#1650 = CARTESIAN_POINT('',(445.6,-13.53171229687,4.137059621827));
#1651 = SURFACE_CURVE('',#1652,(#1657,#1664),.PCURVE_S1.);
#1652 = CIRCLE('',#1653,14.15);
#1653 = AXIS2_PLACEMENT_3D('',#1654,#1655,#1656);
#1654 = CARTESIAN_POINT('',(445.6,0.,0.));
#1655 = DIRECTION('',(1.,0.,0.));
#1656 = DIRECTION('',(-0.,0.,1.));
#1657 = PCURVE('',#195,#1658);
#1658 = DEFINITIONAL_REPRESENTATION('',(#1659),#1663);
#1659 = CIRCLE('',#1660,14.15);
#1660 = AXIS2_PLACEMENT_2D('',#1661,#1662);
#1661 = CARTESIAN_POINT('',(0.,0.));
#1662 = DIRECTION('',(1.,0.));
#1663 = ( GEOMETRIC_REPRESENTATION_CONTEXT(2) 
PARAMETRIC_REPRESENTATION_CONTEXT() REPRESENTATION_CONTEXT('2D SPACE',''
  ) );
#1664 = PCURVE('',#839,#1665);
#1665 = DEFINITIONAL_REPRESENTATION('',(#1666),#1670);
#1666 = LINE('',#1667,#1668);
#1667 = CARTESIAN_POINT('',(0.,5.));
#1668 = VECTOR('',#1669,1.);
#1669 = DIRECTION('',(1.,0.));
#1670 = ( GEOMETRIC_REPRESENTATION_CONTEXT(2) 
PARAMETRIC_REPRESENTATION_CONTEXT() REPRESENTATION_CONTEXT('2D SPACE',''
  ) );
#1671 = ORIENTED_EDGE('',*,*,#1672,.T.);
#1672 = EDGE_CURVE('',#1649,#1673,#1675,.T.);
#1673 = VERTEX_POINT('',#1674);
#1674 = CARTESIAN_POINT('',(445.6,-14.91835419302,4.560998593675));
#1675 = SURFACE_CURVE('',#1676,(#1680,#1686),.PCURVE_S1.);
#1676 = LINE('',#1677,#1678);
#1677 = CARTESIAN_POINT('',(445.6,-14.34457133944,4.385575570841));
#1678 = VECTOR('',#1679,1.);
#1679 = DIRECTION('',(0.,-0.956304755963,0.292371704723));
#1680 = PCURVE('',#195,#1681);
#1681 = DEFINITIONAL_REPRESENTATION('',(#1682),#1685);
#1682 = B_SPLINE_CURVE_WITH_KNOTS('',1,(#1683,#1684),.UNSPECIFIED.,.F.,
  .F.,(2,2),(-0.85,1.3127914012),.PIECEWISE_BEZIER_KNOTS.);
#1683 = CARTESIAN_POINT('',(4.137059621827,13.531712296877));
#1684 = CARTESIAN_POINT('',(4.769398630755,15.6));
#1685 = ( GEOMETRIC_REPRESENTATION_CONTEXT(2) 
PARAMETRIC_REPRESENTATION_CONTEXT() REPRESENTATION_CONTEXT('2D SPACE',''
  ) );
#1686 = PCURVE('',#866,#1687);
#1687 = DEFINITIONAL_REPRESENTATION('',(#1688),#1691);
#1688 = B_SPLINE_CURVE_WITH_KNOTS('',1,(#1689,#1690),.UNSPECIFIED.,.F.,
  .F.,(2,2),(-0.85,1.3127914012),.PIECEWISE_BEZIER_KNOTS.);
#1689 = CARTESIAN_POINT('',(15.85,-4.));
#1690 = CARTESIAN_POINT('',(13.6872085988,-4.));
#1691 = ( GEOMETRIC_REPRESENTATION_CONTEXT(2) 
PARAMETRIC_REPRESENTATION_CONTEXT() REPRESENTATION_CONTEXT('2D SPACE',''
  ) );
#1692 = ORIENTED_EDGE('',*,*,#1693,.T.);
#1693 = EDGE_CURVE('',#1673,#1694,#1696,.T.);
#1694 = VERTEX_POINT('',#1695);
#1695 = CARTESIAN_POINT('',(445.6,-13.22955030004,-8.266740522038));
#1696 = SURFACE_CURVE('',#1697,(#1702,#1709),.PCURVE_S1.);
#1697 = CIRCLE('',#1698,15.6);
#1698 = AXIS2_PLACEMENT_3D('',#1699,#1700,#1701);
#1699 = CARTESIAN_POINT('',(445.6,0.,0.));
#1700 = DIRECTION('',(1.,0.,0.));
#1701 = DIRECTION('',(-0.,0.,1.));
#1702 = PCURVE('',#195,#1703);
#1703 = DEFINITIONAL_REPRESENTATION('',(#1704),#1708);
#1704 = CIRCLE('',#1705,15.6);
#1705 = AXIS2_PLACEMENT_2D('',#1706,#1707);
#1706 = CARTESIAN_POINT('',(0.,0.));
#1707 = DIRECTION('',(1.,0.));
#1708 = ( GEOMETRIC_REPRESENTATION_CONTEXT(2) 
PARAMETRIC_REPRESENTATION_CONTEXT() REPRESENTATION_CONTEXT('2D SPACE',''
  ) );
#1709 = PCURVE('',#894,#1710);
#1710 = DEFINITIONAL_REPRESENTATION('',(#1711),#1715);
#1711 = LINE('',#1712,#1713);
#1712 = CARTESIAN_POINT('',(0.,3.));
#1713 = VECTOR('',#1714,1.);
#1714 = DIRECTION('',(1.,0.));
#1715 = ( GEOMETRIC_REPRESENTATION_CONTEXT(2) 
PARAMETRIC_REPRESENTATION_CONTEXT() REPRESENTATION_CONTEXT('2D SPACE',''
  ) );
#1716 = ORIENTED_EDGE('',*,*,#1717,.T.);
#1717 = EDGE_CURVE('',#1694,#1718,#1720,.T.);
#1718 = VERTEX_POINT('',#1719);
#1719 = CARTESIAN_POINT('',(445.6,-11.99988056061,-7.4983575889));
#1720 = SURFACE_CURVE('',#1721,(#1725,#1731),.PCURVE_S1.);
#1721 = LINE('',#1722,#1723);
#1722 = CARTESIAN_POINT('',(445.6,0.,0.));
#1723 = VECTOR('',#1724,1.);
#1724 = DIRECTION('',(-0.,0.848048096156,0.529919264233));
#1725 = PCURVE('',#195,#1726);
#1726 = DEFINITIONAL_REPRESENTATION('',(#1727),#1730);
#1727 = B_SPLINE_CURVE_WITH_KNOTS('',1,(#1728,#1729),.UNSPECIFIED.,.F.,
  .F.,(2,2),(-18.39518309244,-14.15),.PIECEWISE_BEZIER_KNOTS.);
#1728 = CARTESIAN_POINT('',(-9.747961889786,15.6));
#1729 = CARTESIAN_POINT('',(-7.4983575889,11.999880560613));
#1730 = ( GEOMETRIC_REPRESENTATION_CONTEXT(2) 
PARAMETRIC_REPRESENTATION_CONTEXT() REPRESENTATION_CONTEXT('2D SPACE',''
  ) );
#1731 = PCURVE('',#921,#1732);
#1732 = DEFINITIONAL_REPRESENTATION('',(#1733),#1736);
#1733 = B_SPLINE_CURVE_WITH_KNOTS('',1,(#1734,#1735),.UNSPECIFIED.,.F.,
  .F.,(2,2),(-18.39518309244,-14.15),.PIECEWISE_BEZIER_KNOTS.);
#1734 = CARTESIAN_POINT('',(18.395183092449,-4.));
#1735 = CARTESIAN_POINT('',(14.15,-4.));
#1736 = ( GEOMETRIC_REPRESENTATION_CONTEXT(2) 
PARAMETRIC_REPRESENTATION_CONTEXT() REPRESENTATION_CONTEXT('2D SPACE',''
  ) );
#1737 = ORIENTED_EDGE('',*,*,#1738,.T.);
#1738 = EDGE_CURVE('',#1718,#1739,#1741,.T.);
#1739 = VERTEX_POINT('',#1740);
#1740 = CARTESIAN_POINT('',(445.6,-0.49382787834,-14.14138020232));
#1741 = SURFACE_CURVE('',#1742,(#1747,#1754),.PCURVE_S1.);
#1742 = CIRCLE('',#1743,14.15);
#1743 = AXIS2_PLACEMENT_3D('',#1744,#1745,#1746);
#1744 = CARTESIAN_POINT('',(445.6,0.,0.));
#1745 = DIRECTION('',(1.,0.,0.));
#1746 = DIRECTION('',(-0.,0.,1.));
#1747 = PCURVE('',#195,#1748);
#1748 = DEFINITIONAL_REPRESENTATION('',(#1749),#1753);
#1749 = CIRCLE('',#1750,14.15);
#1750 = AXIS2_PLACEMENT_2D('',#1751,#1752);
#1751 = CARTESIAN_POINT('',(0.,0.));
#1752 = DIRECTION('',(1.,0.));
#1753 = ( GEOMETRIC_REPRESENTATION_CONTEXT(2) 
PARAMETRIC_REPRESENTATION_CONTEXT() REPRESENTATION_CONTEXT('2D SPACE',''
  ) );
#1754 = PCURVE('',#949,#1755);
#1755 = DEFINITIONAL_REPRESENTATION('',(#1756),#1760);
#1756 = LINE('',#1757,#1758);
#1757 = CARTESIAN_POINT('',(0.,5.));
#1758 = VECTOR('',#1759,1.);
#1759 = DIRECTION('',(1.,0.));
#1760 = ( GEOMETRIC_REPRESENTATION_CONTEXT(2) 
PARAMETRIC_REPRESENTATION_CONTEXT() REPRESENTATION_CONTEXT('2D SPACE',''
  ) );
#1761 = ORIENTED_EDGE('',*,*,#1762,.T.);
#1762 = EDGE_CURVE('',#1739,#1763,#1765,.T.);
#1763 = VERTEX_POINT('',#1764);
#1764 = CARTESIAN_POINT('',(445.6,-0.544432148559,-15.59049690149));
#1765 = SURFACE_CURVE('',#1766,(#1770,#1776),.PCURVE_S1.);
#1766 = LINE('',#1767,#1768);
#1767 = CARTESIAN_POINT('',(445.6,-0.523492450538,-14.99086240528));
#1768 = VECTOR('',#1769,1.);
#1769 = DIRECTION('',(0.,-3.48994967025E-02,-0.999390827019));
#1770 = PCURVE('',#195,#1771);
#1771 = DEFINITIONAL_REPRESENTATION('',(#1772),#1775);
#1772 = B_SPLINE_CURVE_WITH_KNOTS('',1,(#1773,#1774),.UNSPECIFIED.,.F.,
  .F.,(2,2),(-0.85,0.609508891062),.PIECEWISE_BEZIER_KNOTS.);
#1773 = CARTESIAN_POINT('',(-14.14138020232,0.49382787834));
#1774 = CARTESIAN_POINT('',(-15.6,0.544764004071));
#1775 = ( GEOMETRIC_REPRESENTATION_CONTEXT(2) 
PARAMETRIC_REPRESENTATION_CONTEXT() REPRESENTATION_CONTEXT('2D SPACE',''
  ) );
#1776 = PCURVE('',#976,#1777);
#1777 = DEFINITIONAL_REPRESENTATION('',(#1778),#1781);
#1778 = B_SPLINE_CURVE_WITH_KNOTS('',1,(#1779,#1780),.UNSPECIFIED.,.F.,
  .F.,(2,2),(-0.85,0.609508891062),.PIECEWISE_BEZIER_KNOTS.);
#1779 = CARTESIAN_POINT('',(15.85,-4.));
#1780 = CARTESIAN_POINT('',(14.390491108938,-4.));
#1781 = ( GEOMETRIC_REPRESENTATION_CONTEXT(2) 
PARAMETRIC_REPRESENTATION_CONTEXT() REPRESENTATION_CONTEXT('2D SPACE',''
  ) );
#1782 = ORIENTED_EDGE('',*,*,#1783,.T.);
#1783 = EDGE_CURVE('',#1763,#1784,#1786,.T.);
#1784 = VERTEX_POINT('',#1785);
#1785 = CARTESIAN_POINT('',(445.6,0.544432148559,-15.59049690149));
#1786 = SURFACE_CURVE('',#1787,(#1792,#1799),.PCURVE_S1.);
#1787 = CIRCLE('',#1788,15.6);
#1788 = AXIS2_PLACEMENT_3D('',#1789,#1790,#1791);
#1789 = CARTESIAN_POINT('',(445.6,0.,0.));
#1790 = DIRECTION('',(1.,0.,0.));
#1791 = DIRECTION('',(-0.,0.,1.));
#1792 = PCURVE('',#195,#1793);
#1793 = DEFINITIONAL_REPRESENTATION('',(#1794),#1798);
#1794 = CIRCLE('',#1795,15.6);
#1795 = AXIS2_PLACEMENT_2D('',#1796,#1797);
#1796 = CARTESIAN_POINT('',(0.,0.));
#1797 = DIRECTION('',(1.,0.));
#1798 = ( GEOMETRIC_REPRESENTATION_CONTEXT(2) 
PARAMETRIC_REPRESENTATION_CONTEXT() REPRESENTATION_CONTEXT('2D SPACE',''
  ) );
#1799 = PCURVE('',#1004,#1800);
#1800 = DEFINITIONAL_REPRESENTATION('',(#1801),#1805);
#1801 = LINE('',#1802,#1803);
#1802 = CARTESIAN_POINT('',(0.,3.));
#1803 = VECTOR('',#1804,1.);
#1804 = DIRECTION('',(1.,0.));
#1805 = ( GEOMETRIC_REPRESENTATION_CONTEXT(2) 
PARAMETRIC_REPRESENTATION_CONTEXT() REPRESENTATION_CONTEXT('2D SPACE',''
  ) );
#1806 = ORIENTED_EDGE('',*,*,#1807,.T.);
#1807 = EDGE_CURVE('',#1784,#1808,#1810,.T.);
#1808 = VERTEX_POINT('',#1809);
#1809 = CARTESIAN_POINT('',(445.6,0.49382787834,-14.14138020232));
#1810 = SURFACE_CURVE('',#1811,(#1815,#1821),.PCURVE_S1.);
#1811 = LINE('',#1812,#1813);
#1812 = CARTESIAN_POINT('',(445.6,0.,0.));
#1813 = VECTOR('',#1814,1.);
#1814 = DIRECTION('',(0.,-3.48994967025E-02,0.999390827019));
#1815 = PCURVE('',#195,#1816);
#1816 = DEFINITIONAL_REPRESENTATION('',(#1817),#1820);
#1817 = B_SPLINE_CURVE_WITH_KNOTS('',1,(#1818,#1819),.UNSPECIFIED.,.F.,
  .F.,(2,2),(-15.60950889106,-14.15),.PIECEWISE_BEZIER_KNOTS.);
#1818 = CARTESIAN_POINT('',(-15.6,-0.544764004071));
#1819 = CARTESIAN_POINT('',(-14.14138020232,-0.49382787834));
#1820 = ( GEOMETRIC_REPRESENTATION_CONTEXT(2) 
PARAMETRIC_REPRESENTATION_CONTEXT() REPRESENTATION_CONTEXT('2D SPACE',''
  ) );
#1821 = PCURVE('',#1031,#1822);
#1822 = DEFINITIONAL_REPRESENTATION('',(#1823),#1826);
#1823 = B_SPLINE_CURVE_WITH_KNOTS('',1,(#1824,#1825),.UNSPECIFIED.,.F.,
  .F.,(2,2),(-15.60950889106,-14.15),.PIECEWISE_BEZIER_KNOTS.);
#1824 = CARTESIAN_POINT('',(15.609508891062,-4.));
#1825 = CARTESIAN_POINT('',(14.15,-4.));
#1826 = ( GEOMETRIC_REPRESENTATION_CONTEXT(2) 
PARAMETRIC_REPRESENTATION_CONTEXT() REPRESENTATION_CONTEXT('2D SPACE',''
  ) );
#1827 = ORIENTED_EDGE('',*,*,#1828,.T.);
#1828 = EDGE_CURVE('',#1808,#1829,#1831,.T.);
#1829 = VERTEX_POINT('',#1830);
#1830 = CARTESIAN_POINT('',(445.6,11.999880560613,-7.4983575889));
#1831 = SURFACE_CURVE('',#1832,(#1837,#1844),.PCURVE_S1.);
#1832 = CIRCLE('',#1833,14.15);
#1833 = AXIS2_PLACEMENT_3D('',#1834,#1835,#1836);
#1834 = CARTESIAN_POINT('',(445.6,0.,0.));
#1835 = DIRECTION('',(1.,0.,0.));
#1836 = DIRECTION('',(-0.,0.,1.));
#1837 = PCURVE('',#195,#1838);
#1838 = DEFINITIONAL_REPRESENTATION('',(#1839),#1843);
#1839 = CIRCLE('',#1840,14.15);
#1840 = AXIS2_PLACEMENT_2D('',#1841,#1842);
#1841 = CARTESIAN_POINT('',(0.,0.));
#1842 = DIRECTION('',(1.,0.));
#1843 = ( GEOMETRIC_REPRESENTATION_CONTEXT(2) 
PARAMETRIC_REPRESENTATION_CONTEXT() REPRESENTATION_CONTEXT('2D SPACE',''
  ) );
#1844 = PCURVE('',#1059,#1845);
#1845 = DEFINITIONAL_REPRESENTATION('',(#1846),#1850);
#1846 = LINE('',#1847,#1848);
#1847 = CARTESIAN_POINT('',(0.,5.));
#1848 = VECTOR('',#1849,1.);
#1849 = DIRECTION('',(1.,0.));
#1850 = ( GEOMETRIC_REPRESENTATION_CONTEXT(2) 
PARAMETRIC_REPRESENTATION_CONTEXT() REPRESENTATION_CONTEXT('2D SPACE',''
  ) );
#1851 = ORIENTED_EDGE('',*,*,#1852,.T.);
#1852 = EDGE_CURVE('',#1829,#1511,#1853,.T.);
#1853 = SURFACE_CURVE('',#1854,(#1858,#1864),.PCURVE_S1.);
#1854 = LINE('',#1855,#1856);
#1855 = CARTESIAN_POINT('',(445.6,12.720721442346,-7.948788963498));
#1856 = VECTOR('',#1857,1.);
#1857 = DIRECTION('',(0.,0.848048096156,-0.529919264233));
#1858 = PCURVE('',#195,#1859);
#1859 = DEFINITIONAL_REPRESENTATION('',(#1860),#1863);
#1860 = B_SPLINE_CURVE_WITH_KNOTS('',1,(#1861,#1862),.UNSPECIFIED.,.F.,
  .F.,(2,2),(-0.85,3.395183092449),.PIECEWISE_BEZIER_KNOTS.);
#1861 = CARTESIAN_POINT('',(-7.4983575889,-11.99988056061));
#1862 = CARTESIAN_POINT('',(-9.747961889786,-15.6));
#1863 = ( GEOMETRIC_REPRESENTATION_CONTEXT(2) 
PARAMETRIC_REPRESENTATION_CONTEXT() REPRESENTATION_CONTEXT('2D SPACE',''
  ) );
#1864 = PCURVE('',#1084,#1865);
#1865 = DEFINITIONAL_REPRESENTATION('',(#1866),#1869);
#1866 = B_SPLINE_CURVE_WITH_KNOTS('',1,(#1867,#1868),.UNSPECIFIED.,.F.,
  .F.,(2,2),(-0.85,3.395183092449),.PIECEWISE_BEZIER_KNOTS.);
#1867 = CARTESIAN_POINT('',(15.85,-4.));
#1868 = CARTESIAN_POINT('',(11.604816907551,-4.));
#1869 = ( GEOMETRIC_REPRESENTATION_CONTEXT(2) 
PARAMETRIC_REPRESENTATION_CONTEXT() REPRESENTATION_CONTEXT('2D SPACE',''
  ) );
#1870 = FACE_BOUND('',#1871,.T.);
#1871 = EDGE_LOOP('',(#1872));
#1872 = ORIENTED_EDGE('',*,*,#1873,.F.);
#1873 = EDGE_CURVE('',#1874,#1874,#1876,.T.);
#1874 = VERTEX_POINT('',#1875);
#1875 = CARTESIAN_POINT('',(445.6,7.99737769522,-6.39737769522));
#1876 = SURFACE_CURVE('',#1877,(#1882,#1889),.PCURVE_S1.);
#1877 = CIRCLE('',#1878,1.6);
#1878 = AXIS2_PLACEMENT_3D('',#1879,#1880,#1881);
#1879 = CARTESIAN_POINT('',(445.6,7.99737769522,-7.99737769522));
#1880 = DIRECTION('',(1.,0.,0.));
#1881 = DIRECTION('',(-0.,0.,1.));
#1882 = PCURVE('',#195,#1883);
#1883 = DEFINITIONAL_REPRESENTATION('',(#1884),#1888);
#1884 = CIRCLE('',#1885,1.6);
#1885 = AXIS2_PLACEMENT_2D('',#1886,#1887);
#1886 = CARTESIAN_POINT('',(-7.99737769522,-7.99737769522));
#1887 = DIRECTION('',(1.,0.));
#1888 = ( GEOMETRIC_REPRESENTATION_CONTEXT(2) 
PARAMETRIC_REPRESENTATION_CONTEXT() REPRESENTATION_CONTEXT('2D SPACE',''
  ) );
#1889 = PCURVE('',#1114,#1890);
#1890 = DEFINITIONAL_REPRESENTATION('',(#1891),#1895);
#1891 = LINE('',#1892,#1893);
#1892 = CARTESIAN_POINT('',(0.,4.));
#1893 = VECTOR('',#1894,1.);
#1894 = DIRECTION('',(1.,0.));
#1895 = ( GEOMETRIC_REPRESENTATION_CONTEXT(2) 
PARAMETRIC_REPRESENTATION_CONTEXT() REPRESENTATION_CONTEXT('2D SPACE',''
  ) );
#1896 = FACE_BOUND('',#1897,.T.);
#1897 = EDGE_LOOP('',(#1898));
#1898 = ORIENTED_EDGE('',*,*,#1899,.F.);
#1899 = EDGE_CURVE('',#1900,#1900,#1902,.T.);
#1900 = VERTEX_POINT('',#1901);
#1901 = CARTESIAN_POINT('',(445.6,1.102182119233E-15,4.5));
#1902 = SURFACE_CURVE('',#1903,(#1908,#1915),.PCURVE_S1.);
#1903 = CIRCLE('',#1904,4.5);
#1904 = AXIS2_PLACEMENT_3D('',#1905,#1906,#1907);
#1905 = CARTESIAN_POINT('',(445.6,0.,0.));
#1906 = DIRECTION('',(1.,0.,0.));
#1907 = DIRECTION('',(-0.,0.,1.));
#1908 = PCURVE('',#195,#1909);
#1909 = DEFINITIONAL_REPRESENTATION('',(#1910),#1914);
#1910 = CIRCLE('',#1911,4.5);
#1911 = AXIS2_PLACEMENT_2D('',#1912,#1913);
#1912 = CARTESIAN_POINT('',(0.,0.));
#1913 = DIRECTION('',(1.,0.));
#1914 = ( GEOMETRIC_REPRESENTATION_CONTEXT(2) 
PARAMETRIC_REPRESENTATION_CONTEXT() REPRESENTATION_CONTEXT('2D SPACE',''
  ) );
#1915 = PCURVE('',#1251,#1916);
#1916 = DEFINITIONAL_REPRESENTATION('',(#1917),#1921);
#1917 = LINE('',#1918,#1919);
#1918 = CARTESIAN_POINT('',(0.,4.));
#1919 = VECTOR('',#1920,1.);
#1920 = DIRECTION('',(1.,0.));
#1921 = ( GEOMETRIC_REPRESENTATION_CONTEXT(2) 
PARAMETRIC_REPRESENTATION_CONTEXT() REPRESENTATION_CONTEXT('2D SPACE',''
  ) );
#1922 = FACE_BOUND('',#1923,.T.);
#1923 = EDGE_LOOP('',(#1924));
#1924 = ORIENTED_EDGE('',*,*,#1925,.F.);
#1925 = EDGE_CURVE('',#1926,#1926,#1928,.T.);
#1926 = VERTEX_POINT('',#1927);
#1927 = CARTESIAN_POINT('',(445.6,7.99737769522,9.59737769522));
#1928 = SURFACE_CURVE('',#1929,(#1934,#1941),.PCURVE_S1.);
#1929 = CIRCLE('',#1930,1.6);
#1930 = AXIS2_PLACEMENT_3D('',#1931,#1932,#1933);
#1931 = CARTESIAN_POINT('',(445.6,7.99737769522,7.99737769522));
#1932 = DIRECTION('',(1.,0.,0.));
#1933 = DIRECTION('',(-0.,0.,1.));
#1934 = PCURVE('',#195,#1935);
#1935 = DEFINITIONAL_REPRESENTATION('',(#1936),#1940);
#1936 = CIRCLE('',#1937,1.6);
#1937 = AXIS2_PLACEMENT_2D('',#1938,#1939);
#1938 = CARTESIAN_POINT('',(7.99737769522,-7.99737769522));
#1939 = DIRECTION('',(1.,0.));
#1940 = ( GEOMETRIC_REPRESENTATION_CONTEXT(2) 
PARAMETRIC_REPRESENTATION_CONTEXT() REPRESENTATION_CONTEXT('2D SPACE',''
  ) );
#1941 = PCURVE('',#1282,#1942);
#1942 = DEFINITIONAL_REPRESENTATION('',(#1943),#1947);
#1943 = LINE('',#1944,#1945);
#1944 = CARTESIAN_POINT('',(0.,4.));
#1945 = VECTOR('',#1946,1.);
#1946 = DIRECTION('',(1.,0.));
#1947 = ( GEOMETRIC_REPRESENTATION_CONTEXT(2) 
PARAMETRIC_REPRESENTATION_CONTEXT() REPRESENTATION_CONTEXT('2D SPACE',''
  ) );
#1948 = FACE_BOUND('',#1949,.T.);
#1949 = EDGE_LOOP('',(#1950));
#1950 = ORIENTED_EDGE('',*,*,#1951,.F.);
#1951 = EDGE_CURVE('',#1952,#1952,#1954,.T.);
#1952 = VERTEX_POINT('',#1953);
#1953 = CARTESIAN_POINT('',(445.6,-7.99737769522,-6.39737769522));
#1954 = SURFACE_CURVE('',#1955,(#1960,#1967),.PCURVE_S1.);
#1955 = CIRCLE('',#1956,1.6);
#1956 = AXIS2_PLACEMENT_3D('',#1957,#1958,#1959);
#1957 = CARTESIAN_POINT('',(445.6,-7.99737769522,-7.99737769522));
#1958 = DIRECTION('',(1.,0.,0.));
#1959 = DIRECTION('',(-0.,0.,1.));
#1960 = PCURVE('',#195,#1961);
#1961 = DEFINITIONAL_REPRESENTATION('',(#1962),#1966);
#1962 = CIRCLE('',#1963,1.6);
#1963 = AXIS2_PLACEMENT_2D('',#1964,#1965);
#1964 = CARTESIAN_POINT('',(-7.99737769522,7.99737769522));
#1965 = DIRECTION('',(1.,0.));
#1966 = ( GEOMETRIC_REPRESENTATION_CONTEXT(2) 
PARAMETRIC_REPRESENTATION_CONTEXT() REPRESENTATION_CONTEXT('2D SPACE',''
  ) );
#1967 = PCURVE('',#1313,#1968);
#1968 = DEFINITIONAL_REPRESENTATION('',(#1969),#1973);
#1969 = LINE('',#1970,#1971);
#1970 = CARTESIAN_POINT('',(0.,4.));
#1971 = VECTOR('',#1972,1.);
#1972 = DIRECTION('',(1.,0.));
#1973 = ( GEOMETRIC_REPRESENTATION_CONTEXT(2) 
PARAMETRIC_REPRESENTATION_CONTEXT() REPRESENTATION_CONTEXT('2D SPACE',''
  ) );
#1974 = FACE_BOUND('',#1975,.T.);
#1975 = EDGE_LOOP('',(#1976));
#1976 = ORIENTED_EDGE('',*,*,#1977,.F.);
#1977 = EDGE_CURVE('',#1978,#1978,#1980,.T.);
#1978 = VERTEX_POINT('',#1979);
#1979 = CARTESIAN_POINT('',(445.6,-7.99737769522,9.59737769522));
#1980 = SURFACE_CURVE('',#1981,(#1986,#1993),.PCURVE_S1.);
#1981 = CIRCLE('',#1982,1.6);
#1982 = AXIS2_PLACEMENT_3D('',#1983,#1984,#1985);
#1983 = CARTESIAN_POINT('',(445.6,-7.99737769522,7.99737769522));
#1984 = DIRECTION('',(1.,0.,0.));
#1985 = DIRECTION('',(-0.,0.,1.));
#1986 = PCURVE('',#195,#1987);
#1987 = DEFINITIONAL_REPRESENTATION('',(#1988),#1992);
#1988 = CIRCLE('',#1989,1.6);
#1989 = AXIS2_PLACEMENT_2D('',#1990,#1991);
#1990 = CARTESIAN_POINT('',(7.99737769522,7.99737769522));
#1991 = DIRECTION('',(1.,0.));
#1992 = ( GEOMETRIC_REPRESENTATION_CONTEXT(2) 
PARAMETRIC_REPRESENTATION_CONTEXT() REPRESENTATION_CONTEXT('2D SPACE',''
  ) );
#1993 = PCURVE('',#1450,#1994);
#1994 = DEFINITIONAL_REPRESENTATION('',(#1995),#1999);
#1995 = LINE('',#1996,#1997);
#1996 = CARTESIAN_POINT('',(0.,4.));
#1997 = VECTOR('',#1998,1.);
#1998 = DIRECTION('',(1.,0.));
#1999 = ( GEOMETRIC_REPRESENTATION_CONTEXT(2) 
PARAMETRIC_REPRESENTATION_CONTEXT() REPRESENTATION_CONTEXT('2D SPACE',''
  ) );
#2000 = ADVANCED_FACE('',(#2001),#534,.F.);
#2001 = FACE_BOUND('',#2002,.F.);
#2002 = EDGE_LOOP('',(#2003,#2030,#2031));
#2003 = ORIENTED_EDGE('',*,*,#2004,.F.);
#2004 = EDGE_CURVE('',#437,#1584,#2005,.T.);
#2005 = SURFACE_CURVE('',#2006,(#2012,#2021),.PCURVE_S1.);
#2006 = B_SPLINE_CURVE_WITH_KNOTS('',4,(#2007,#2008,#2009,#2010,#2011),
  .UNSPECIFIED.,.F.,.F.,(5,5),(0.,1.),.PIECEWISE_BEZIER_KNOTS.);
#2007 = CARTESIAN_POINT('',(444.57653309451,-1.763519208855,15.5));
#2008 = CARTESIAN_POINT('',(444.83241221754,-1.747317586828,
    15.501843346559));
#2009 = CARTESIAN_POINT('',(445.08828321135,-1.730992781474,
    15.503677836057));
#2010 = CARTESIAN_POINT('',(445.34414600193,-1.714545197569,
    15.505502656185));
#2011 = CARTESIAN_POINT('',(445.6000006,-1.697975234052,15.507316986008)
  );
#2012 = PCURVE('',#534,#2013);
#2013 = DEFINITIONAL_REPRESENTATION('',(#2014),#2020);
#2014 = B_SPLINE_CURVE_WITH_KNOTS('',4,(#2015,#2016,#2017,#2018,#2019),
  .UNSPECIFIED.,.F.,.F.,(5,5),(0.,1.),.PIECEWISE_BEZIER_KNOTS.);
#2015 = CARTESIAN_POINT('',(48.197039273273,0.));
#2016 = CARTESIAN_POINT('',(48.453248682399,2.422268802445E-05));
#2017 = CARTESIAN_POINT('',(48.70946657142,4.832921606185E-05));
#2018 = CARTESIAN_POINT('',(48.965693028811,7.230804671565E-05));
#2019 = CARTESIAN_POINT('',(49.221927975064,9.614943729442E-05));
#2020 = ( GEOMETRIC_REPRESENTATION_CONTEXT(2) 
PARAMETRIC_REPRESENTATION_CONTEXT() REPRESENTATION_CONTEXT('2D SPACE',''
  ) );
#2021 = PCURVE('',#451,#2022);
#2022 = DEFINITIONAL_REPRESENTATION('',(#2023),#2029);
#2023 = B_SPLINE_CURVE_WITH_KNOTS('',4,(#2024,#2025,#2026,#2027,#2028),
  .UNSPECIFIED.,.F.,.F.,(5,5),(0.,1.),.PIECEWISE_BEZIER_KNOTS.);
#2024 = CARTESIAN_POINT('',(0.113288275703,1.976533094516));
#2025 = CARTESIAN_POINT('',(0.112243009766,2.232412217547));
#2026 = CARTESIAN_POINT('',(0.111189962262,2.488283211354));
#2027 = CARTESIAN_POINT('',(0.110129161816,2.744146001933));
#2028 = CARTESIAN_POINT('',(0.109060636323,3.0000006));
#2029 = ( GEOMETRIC_REPRESENTATION_CONTEXT(2) 
PARAMETRIC_REPRESENTATION_CONTEXT() REPRESENTATION_CONTEXT('2D SPACE',''
  ) );
#2030 = ORIENTED_EDGE('',*,*,#462,.T.);
#2031 = ORIENTED_EDGE('',*,*,#1583,.T.);
#2032 = ADVANCED_FACE('',(#2033),#451,.T.);
#2033 = FACE_BOUND('',#2034,.T.);
#2034 = EDGE_LOOP('',(#2035,#2036,#2037,#2038,#2039));
#2035 = ORIENTED_EDGE('',*,*,#1603,.F.);
#2036 = ORIENTED_EDGE('',*,*,#2004,.F.);
#2037 = ORIENTED_EDGE('',*,*,#436,.F.);
#2038 = ORIENTED_EDGE('',*,*,#772,.T.);
#2039 = ORIENTED_EDGE('',*,*,#2040,.T.);
#2040 = EDGE_CURVE('',#773,#1604,#2041,.T.);
#2041 = SURFACE_CURVE('',#2042,(#2046,#2052),.PCURVE_S1.);
#2042 = LINE('',#2043,#2044);
#2043 = CARTESIAN_POINT('',(442.6,-4.560998593675,14.918354193023));
#2044 = VECTOR('',#2045,1.);
#2045 = DIRECTION('',(1.,0.,0.));
#2046 = PCURVE('',#451,#2047);
#2047 = DEFINITIONAL_REPRESENTATION('',(#2048),#2051);
#2048 = B_SPLINE_CURVE_WITH_KNOTS('',1,(#2049,#2050),.UNSPECIFIED.,.F.,
  .F.,(2,2),(-6.000000212225E-07,3.0000006),.PIECEWISE_BEZIER_KNOTS.);
#2049 = CARTESIAN_POINT('',(0.296705972839,-6.000000212225E-07));
#2050 = CARTESIAN_POINT('',(0.296705972839,3.0000006));
#2051 = ( GEOMETRIC_REPRESENTATION_CONTEXT(2) 
PARAMETRIC_REPRESENTATION_CONTEXT() REPRESENTATION_CONTEXT('2D SPACE',''
  ) );
#2052 = PCURVE('',#811,#2053);
#2053 = DEFINITIONAL_REPRESENTATION('',(#2054),#2057);
#2054 = B_SPLINE_CURVE_WITH_KNOTS('',1,(#2055,#2056),.UNSPECIFIED.,.F.,
  .F.,(2,2),(-6.000000212225E-07,3.0000006),.PIECEWISE_BEZIER_KNOTS.);
#2055 = CARTESIAN_POINT('',(15.6,-0.9999994));
#2056 = CARTESIAN_POINT('',(15.6,-4.0000006));
#2057 = ( GEOMETRIC_REPRESENTATION_CONTEXT(2) 
PARAMETRIC_REPRESENTATION_CONTEXT() REPRESENTATION_CONTEXT('2D SPACE',''
  ) );
#2058 = ADVANCED_FACE('',(#2059),#684,.T.);
#2059 = FACE_BOUND('',#2060,.T.);
#2060 = EDGE_LOOP('',(#2061,#2062,#2081,#2082));
#2061 = ORIENTED_EDGE('',*,*,#1510,.F.);
#2062 = ORIENTED_EDGE('',*,*,#2063,.F.);
#2063 = EDGE_CURVE('',#666,#1511,#2064,.T.);
#2064 = SURFACE_CURVE('',#2065,(#2069,#2075),.PCURVE_S1.);
#2065 = LINE('',#2066,#2067);
#2066 = CARTESIAN_POINT('',(442.6,13.22955030004,-8.266740522038));
#2067 = VECTOR('',#2068,1.);
#2068 = DIRECTION('',(1.,0.,0.));
#2069 = PCURVE('',#684,#2070);
#2070 = DEFINITIONAL_REPRESENTATION('',(#2071),#2074);
#2071 = B_SPLINE_CURVE_WITH_KNOTS('',1,(#2072,#2073),.UNSPECIFIED.,.F.,
  .F.,(2,2),(-6.000000212225E-07,3.0000006),.PIECEWISE_BEZIER_KNOTS.);
#2072 = CARTESIAN_POINT('',(4.153883619747,-6.000000212225E-07));
#2073 = CARTESIAN_POINT('',(4.153883619747,3.0000006));
#2074 = ( GEOMETRIC_REPRESENTATION_CONTEXT(2) 
PARAMETRIC_REPRESENTATION_CONTEXT() REPRESENTATION_CONTEXT('2D SPACE',''
  ) );
#2075 = PCURVE('',#1084,#2076);
#2076 = DEFINITIONAL_REPRESENTATION('',(#2077),#2080);
#2077 = B_SPLINE_CURVE_WITH_KNOTS('',1,(#2078,#2079),.UNSPECIFIED.,.F.,
  .F.,(2,2),(-6.000000212225E-07,3.0000006),.PIECEWISE_BEZIER_KNOTS.);
#2078 = CARTESIAN_POINT('',(14.4,-0.9999994));
#2079 = CARTESIAN_POINT('',(14.4,-4.0000006));
#2080 = ( GEOMETRIC_REPRESENTATION_CONTEXT(2) 
PARAMETRIC_REPRESENTATION_CONTEXT() REPRESENTATION_CONTEXT('2D SPACE',''
  ) );
#2081 = ORIENTED_EDGE('',*,*,#665,.T.);
#2082 = ORIENTED_EDGE('',*,*,#2083,.T.);
#2083 = EDGE_CURVE('',#668,#1513,#2084,.T.);
#2084 = SURFACE_CURVE('',#2085,(#2089,#2095),.PCURVE_S1.);
#2085 = LINE('',#2086,#2087);
#2086 = CARTESIAN_POINT('',(442.6,14.918354193023,4.560998593675));
#2087 = VECTOR('',#2088,1.);
#2088 = DIRECTION('',(1.,0.,0.));
#2089 = PCURVE('',#684,#2090);
#2090 = DEFINITIONAL_REPRESENTATION('',(#2091),#2094);
#2091 = B_SPLINE_CURVE_WITH_KNOTS('',1,(#2092,#2093),.UNSPECIFIED.,.F.,
  .F.,(2,2),(-6.000000212225E-07,3.0000006),.PIECEWISE_BEZIER_KNOTS.);
#2092 = CARTESIAN_POINT('',(5.009094953224,-6.000000212225E-07));
#2093 = CARTESIAN_POINT('',(5.009094953224,3.0000006));
#2094 = ( GEOMETRIC_REPRESENTATION_CONTEXT(2) 
PARAMETRIC_REPRESENTATION_CONTEXT() REPRESENTATION_CONTEXT('2D SPACE',''
  ) );
#2095 = PCURVE('',#711,#2096);
#2096 = DEFINITIONAL_REPRESENTATION('',(#2097),#2100);
#2097 = B_SPLINE_CURVE_WITH_KNOTS('',1,(#2098,#2099),.UNSPECIFIED.,.F.,
  .F.,(2,2),(-6.000000212225E-07,3.0000006),.PIECEWISE_BEZIER_KNOTS.);
#2098 = CARTESIAN_POINT('',(15.6,-0.9999994));
#2099 = CARTESIAN_POINT('',(15.6,-4.0000006));
#2100 = ( GEOMETRIC_REPRESENTATION_CONTEXT(2) 
PARAMETRIC_REPRESENTATION_CONTEXT() REPRESENTATION_CONTEXT('2D SPACE',''
  ) );
#2101 = ADVANCED_FACE('',(#2102),#1084,.T.);
#2102 = FACE_BOUND('',#2103,.T.);
#2103 = EDGE_LOOP('',(#2104,#2123,#2124,#2125));
#2104 = ORIENTED_EDGE('',*,*,#2105,.F.);
#2105 = EDGE_CURVE('',#1043,#1829,#2106,.T.);
#2106 = SURFACE_CURVE('',#2107,(#2111,#2117),.PCURVE_S1.);
#2107 = LINE('',#2108,#2109);
#2108 = CARTESIAN_POINT('',(440.6,11.999880560613,-7.4983575889));
#2109 = VECTOR('',#2110,1.);
#2110 = DIRECTION('',(1.,0.,0.));
#2111 = PCURVE('',#1084,#2112);
#2112 = DEFINITIONAL_REPRESENTATION('',(#2113),#2116);
#2113 = B_SPLINE_CURVE_WITH_KNOTS('',1,(#2114,#2115),.UNSPECIFIED.,.F.,
  .F.,(2,2),(0.5,6.5),.PIECEWISE_BEZIER_KNOTS.);
#2114 = CARTESIAN_POINT('',(15.85,0.5));
#2115 = CARTESIAN_POINT('',(15.85,-5.5));
#2116 = ( GEOMETRIC_REPRESENTATION_CONTEXT(2) 
PARAMETRIC_REPRESENTATION_CONTEXT() REPRESENTATION_CONTEXT('2D SPACE',''
  ) );
#2117 = PCURVE('',#1059,#2118);
#2118 = DEFINITIONAL_REPRESENTATION('',(#2119),#2122);
#2119 = B_SPLINE_CURVE_WITH_KNOTS('',1,(#2120,#2121),.UNSPECIFIED.,.F.,
  .F.,(2,2),(0.5,6.5),.PIECEWISE_BEZIER_KNOTS.);
#2120 = CARTESIAN_POINT('',(4.153883619747,0.5));
#2121 = CARTESIAN_POINT('',(4.153883619747,6.5));
#2122 = ( GEOMETRIC_REPRESENTATION_CONTEXT(2) 
PARAMETRIC_REPRESENTATION_CONTEXT() REPRESENTATION_CONTEXT('2D SPACE',''
  ) );
#2123 = ORIENTED_EDGE('',*,*,#1071,.T.);
#2124 = ORIENTED_EDGE('',*,*,#2063,.T.);
#2125 = ORIENTED_EDGE('',*,*,#1852,.F.);
#2126 = ADVANCED_FACE('',(#2127),#711,.T.);
#2127 = FACE_BOUND('',#2128,.T.);
#2128 = EDGE_LOOP('',(#2129,#2130,#2149,#2150));
#2129 = ORIENTED_EDGE('',*,*,#696,.T.);
#2130 = ORIENTED_EDGE('',*,*,#2131,.T.);
#2131 = EDGE_CURVE('',#697,#1537,#2132,.T.);
#2132 = SURFACE_CURVE('',#2133,(#2137,#2143),.PCURVE_S1.);
#2133 = LINE('',#2134,#2135);
#2134 = CARTESIAN_POINT('',(440.6,13.531712296877,4.137059621827));
#2135 = VECTOR('',#2136,1.);
#2136 = DIRECTION('',(1.,0.,0.));
#2137 = PCURVE('',#711,#2138);
#2138 = DEFINITIONAL_REPRESENTATION('',(#2139),#2142);
#2139 = B_SPLINE_CURVE_WITH_KNOTS('',1,(#2140,#2141),.UNSPECIFIED.,.F.,
  .F.,(2,2),(0.5,6.5),.PIECEWISE_BEZIER_KNOTS.);
#2140 = CARTESIAN_POINT('',(14.15,0.5));
#2141 = CARTESIAN_POINT('',(14.15,-5.5));
#2142 = ( GEOMETRIC_REPRESENTATION_CONTEXT(2) 
PARAMETRIC_REPRESENTATION_CONTEXT() REPRESENTATION_CONTEXT('2D SPACE',''
  ) );
#2143 = PCURVE('',#739,#2144);
#2144 = DEFINITIONAL_REPRESENTATION('',(#2145),#2148);
#2145 = B_SPLINE_CURVE_WITH_KNOTS('',1,(#2146,#2147),.UNSPECIFIED.,.F.,
  .F.,(2,2),(0.5,6.5),.PIECEWISE_BEZIER_KNOTS.);
#2146 = CARTESIAN_POINT('',(5.009094953224,0.5));
#2147 = CARTESIAN_POINT('',(5.009094953224,6.5));
#2148 = ( GEOMETRIC_REPRESENTATION_CONTEXT(2) 
PARAMETRIC_REPRESENTATION_CONTEXT() REPRESENTATION_CONTEXT('2D SPACE',''
  ) );
#2149 = ORIENTED_EDGE('',*,*,#1536,.F.);
#2150 = ORIENTED_EDGE('',*,*,#2083,.F.);
#2151 = ADVANCED_FACE('',(#2152),#1059,.T.);
#2152 = FACE_BOUND('',#2153,.T.);
#2153 = EDGE_LOOP('',(#2154,#2173,#2174,#2175));
#2154 = ORIENTED_EDGE('',*,*,#2155,.F.);
#2155 = EDGE_CURVE('',#1017,#1808,#2156,.T.);
#2156 = SURFACE_CURVE('',#2157,(#2161,#2167),.PCURVE_S1.);
#2157 = LINE('',#2158,#2159);
#2158 = CARTESIAN_POINT('',(440.6,0.49382787834,-14.14138020232));
#2159 = VECTOR('',#2160,1.);
#2160 = DIRECTION('',(1.,0.,0.));
#2161 = PCURVE('',#1059,#2162);
#2162 = DEFINITIONAL_REPRESENTATION('',(#2163),#2166);
#2163 = B_SPLINE_CURVE_WITH_KNOTS('',1,(#2164,#2165),.UNSPECIFIED.,.F.,
  .F.,(2,2),(0.5,6.5),.PIECEWISE_BEZIER_KNOTS.);
#2164 = CARTESIAN_POINT('',(3.17649923863,0.5));
#2165 = CARTESIAN_POINT('',(3.17649923863,6.5));
#2166 = ( GEOMETRIC_REPRESENTATION_CONTEXT(2) 
PARAMETRIC_REPRESENTATION_CONTEXT() REPRESENTATION_CONTEXT('2D SPACE',''
  ) );
#2167 = PCURVE('',#1031,#2168);
#2168 = DEFINITIONAL_REPRESENTATION('',(#2169),#2172);
#2169 = B_SPLINE_CURVE_WITH_KNOTS('',1,(#2170,#2171),.UNSPECIFIED.,.F.,
  .F.,(2,2),(0.5,6.5),.PIECEWISE_BEZIER_KNOTS.);
#2170 = CARTESIAN_POINT('',(14.15,0.5));
#2171 = CARTESIAN_POINT('',(14.15,-5.5));
#2172 = ( GEOMETRIC_REPRESENTATION_CONTEXT(2) 
PARAMETRIC_REPRESENTATION_CONTEXT() REPRESENTATION_CONTEXT('2D SPACE',''
  ) );
#2173 = ORIENTED_EDGE('',*,*,#1042,.T.);
#2174 = ORIENTED_EDGE('',*,*,#2105,.T.);
#2175 = ORIENTED_EDGE('',*,*,#1828,.F.);
#2176 = ADVANCED_FACE('',(#2177),#739,.T.);
#2177 = FACE_BOUND('',#2178,.T.);
#2178 = EDGE_LOOP('',(#2179,#2180,#2181,#2182));
#2179 = ORIENTED_EDGE('',*,*,#2131,.F.);
#2180 = ORIENTED_EDGE('',*,*,#722,.T.);
#2181 = ORIENTED_EDGE('',*,*,#1465,.T.);
#2182 = ORIENTED_EDGE('',*,*,#1557,.F.);
#2183 = ADVANCED_FACE('',(#2184),#1031,.T.);
#2184 = FACE_BOUND('',#2185,.T.);
#2185 = EDGE_LOOP('',(#2186,#2187,#2188,#2189));
#2186 = ORIENTED_EDGE('',*,*,#1016,.T.);
#2187 = ORIENTED_EDGE('',*,*,#2155,.T.);
#2188 = ORIENTED_EDGE('',*,*,#1807,.F.);
#2189 = ORIENTED_EDGE('',*,*,#2190,.F.);
#2190 = EDGE_CURVE('',#988,#1784,#2191,.T.);
#2191 = SURFACE_CURVE('',#2192,(#2196,#2202),.PCURVE_S1.);
#2192 = LINE('',#2193,#2194);
#2193 = CARTESIAN_POINT('',(442.6,0.544432148559,-15.59049690149));
#2194 = VECTOR('',#2195,1.);
#2195 = DIRECTION('',(1.,0.,0.));
#2196 = PCURVE('',#1031,#2197);
#2197 = DEFINITIONAL_REPRESENTATION('',(#2198),#2201);
#2198 = B_SPLINE_CURVE_WITH_KNOTS('',1,(#2199,#2200),.UNSPECIFIED.,.F.,
  .F.,(2,2),(-6.000000212225E-07,3.0000006),.PIECEWISE_BEZIER_KNOTS.);
#2199 = CARTESIAN_POINT('',(15.6,-0.9999994));
#2200 = CARTESIAN_POINT('',(15.6,-4.0000006));
#2201 = ( GEOMETRIC_REPRESENTATION_CONTEXT(2) 
PARAMETRIC_REPRESENTATION_CONTEXT() REPRESENTATION_CONTEXT('2D SPACE',''
  ) );
#2202 = PCURVE('',#1004,#2203);
#2203 = DEFINITIONAL_REPRESENTATION('',(#2204),#2207);
#2204 = B_SPLINE_CURVE_WITH_KNOTS('',1,(#2205,#2206),.UNSPECIFIED.,.F.,
  .F.,(2,2),(-6.000000212225E-07,3.0000006),.PIECEWISE_BEZIER_KNOTS.);
#2205 = CARTESIAN_POINT('',(3.17649923863,-6.000000212225E-07));
#2206 = CARTESIAN_POINT('',(3.17649923863,3.0000006));
#2207 = ( GEOMETRIC_REPRESENTATION_CONTEXT(2) 
PARAMETRIC_REPRESENTATION_CONTEXT() REPRESENTATION_CONTEXT('2D SPACE',''
  ) );
#2208 = ADVANCED_FACE('',(#2209),#1004,.T.);
#2209 = FACE_BOUND('',#2210,.T.);
#2210 = EDGE_LOOP('',(#2211,#2212,#2231,#2232));
#2211 = ORIENTED_EDGE('',*,*,#1783,.F.);
#2212 = ORIENTED_EDGE('',*,*,#2213,.F.);
#2213 = EDGE_CURVE('',#962,#1763,#2214,.T.);
#2214 = SURFACE_CURVE('',#2215,(#2219,#2225),.PCURVE_S1.);
#2215 = LINE('',#2216,#2217);
#2216 = CARTESIAN_POINT('',(442.6,-0.544432148559,-15.59049690149));
#2217 = VECTOR('',#2218,1.);
#2218 = DIRECTION('',(1.,0.,0.));
#2219 = PCURVE('',#1004,#2220);
#2220 = DEFINITIONAL_REPRESENTATION('',(#2221),#2224);
#2221 = B_SPLINE_CURVE_WITH_KNOTS('',1,(#2222,#2223),.UNSPECIFIED.,.F.,
  .F.,(2,2),(-6.000000212225E-07,3.0000006),.PIECEWISE_BEZIER_KNOTS.);
#2222 = CARTESIAN_POINT('',(3.10668606855,-6.000000212225E-07));
#2223 = CARTESIAN_POINT('',(3.10668606855,3.0000006));
#2224 = ( GEOMETRIC_REPRESENTATION_CONTEXT(2) 
PARAMETRIC_REPRESENTATION_CONTEXT() REPRESENTATION_CONTEXT('2D SPACE',''
  ) );
#2225 = PCURVE('',#976,#2226);
#2226 = DEFINITIONAL_REPRESENTATION('',(#2227),#2230);
#2227 = B_SPLINE_CURVE_WITH_KNOTS('',1,(#2228,#2229),.UNSPECIFIED.,.F.,
  .F.,(2,2),(-6.000000212225E-07,3.0000006),.PIECEWISE_BEZIER_KNOTS.);
#2228 = CARTESIAN_POINT('',(14.4,-0.9999994));
#2229 = CARTESIAN_POINT('',(14.4,-4.0000006));
#2230 = ( GEOMETRIC_REPRESENTATION_CONTEXT(2) 
PARAMETRIC_REPRESENTATION_CONTEXT() REPRESENTATION_CONTEXT('2D SPACE',''
  ) );
#2231 = ORIENTED_EDGE('',*,*,#987,.T.);
#2232 = ORIENTED_EDGE('',*,*,#2190,.T.);
#2233 = ADVANCED_FACE('',(#2234),#976,.T.);
#2234 = FACE_BOUND('',#2235,.T.);
#2235 = EDGE_LOOP('',(#2236,#2255,#2256,#2257));
#2236 = ORIENTED_EDGE('',*,*,#2237,.F.);
#2237 = EDGE_CURVE('',#933,#1739,#2238,.T.);
#2238 = SURFACE_CURVE('',#2239,(#2243,#2249),.PCURVE_S1.);
#2239 = LINE('',#2240,#2241);
#2240 = CARTESIAN_POINT('',(440.6,-0.49382787834,-14.14138020232));
#2241 = VECTOR('',#2242,1.);
#2242 = DIRECTION('',(1.,0.,0.));
#2243 = PCURVE('',#976,#2244);
#2244 = DEFINITIONAL_REPRESENTATION('',(#2245),#2248);
#2245 = B_SPLINE_CURVE_WITH_KNOTS('',1,(#2246,#2247),.UNSPECIFIED.,.F.,
  .F.,(2,2),(0.5,6.5),.PIECEWISE_BEZIER_KNOTS.);
#2246 = CARTESIAN_POINT('',(15.85,0.5));
#2247 = CARTESIAN_POINT('',(15.85,-5.5));
#2248 = ( GEOMETRIC_REPRESENTATION_CONTEXT(2) 
PARAMETRIC_REPRESENTATION_CONTEXT() REPRESENTATION_CONTEXT('2D SPACE',''
  ) );
#2249 = PCURVE('',#949,#2250);
#2250 = DEFINITIONAL_REPRESENTATION('',(#2251),#2254);
#2251 = B_SPLINE_CURVE_WITH_KNOTS('',1,(#2252,#2253),.UNSPECIFIED.,.F.,
  .F.,(2,2),(0.5,6.5),.PIECEWISE_BEZIER_KNOTS.);
#2252 = CARTESIAN_POINT('',(3.10668606855,0.5));
#2253 = CARTESIAN_POINT('',(3.10668606855,6.5));
#2254 = ( GEOMETRIC_REPRESENTATION_CONTEXT(2) 
PARAMETRIC_REPRESENTATION_CONTEXT() REPRESENTATION_CONTEXT('2D SPACE',''
  ) );
#2255 = ORIENTED_EDGE('',*,*,#961,.T.);
#2256 = ORIENTED_EDGE('',*,*,#2213,.T.);
#2257 = ORIENTED_EDGE('',*,*,#1762,.F.);
#2258 = ADVANCED_FACE('',(#2259),#949,.T.);
#2259 = FACE_BOUND('',#2260,.T.);
#2260 = EDGE_LOOP('',(#2261,#2280,#2281,#2282));
#2261 = ORIENTED_EDGE('',*,*,#2262,.F.);
#2262 = EDGE_CURVE('',#907,#1718,#2263,.T.);
#2263 = SURFACE_CURVE('',#2264,(#2268,#2274),.PCURVE_S1.);
#2264 = LINE('',#2265,#2266);
#2265 = CARTESIAN_POINT('',(440.6,-11.99988056061,-7.4983575889));
#2266 = VECTOR('',#2267,1.);
#2267 = DIRECTION('',(1.,0.,0.));
#2268 = PCURVE('',#949,#2269);
#2269 = DEFINITIONAL_REPRESENTATION('',(#2270),#2273);
#2270 = B_SPLINE_CURVE_WITH_KNOTS('',1,(#2271,#2272),.UNSPECIFIED.,.F.,
  .F.,(2,2),(0.5,6.5),.PIECEWISE_BEZIER_KNOTS.);
#2271 = CARTESIAN_POINT('',(2.129301687433,0.5));
#2272 = CARTESIAN_POINT('',(2.129301687433,6.5));
#2273 = ( GEOMETRIC_REPRESENTATION_CONTEXT(2) 
PARAMETRIC_REPRESENTATION_CONTEXT() REPRESENTATION_CONTEXT('2D SPACE',''
  ) );
#2274 = PCURVE('',#921,#2275);
#2275 = DEFINITIONAL_REPRESENTATION('',(#2276),#2279);
#2276 = B_SPLINE_CURVE_WITH_KNOTS('',1,(#2277,#2278),.UNSPECIFIED.,.F.,
  .F.,(2,2),(0.5,6.5),.PIECEWISE_BEZIER_KNOTS.);
#2277 = CARTESIAN_POINT('',(14.15,0.5));
#2278 = CARTESIAN_POINT('',(14.15,-5.5));
#2279 = ( GEOMETRIC_REPRESENTATION_CONTEXT(2) 
PARAMETRIC_REPRESENTATION_CONTEXT() REPRESENTATION_CONTEXT('2D SPACE',''
  ) );
#2280 = ORIENTED_EDGE('',*,*,#932,.T.);
#2281 = ORIENTED_EDGE('',*,*,#2237,.T.);
#2282 = ORIENTED_EDGE('',*,*,#1738,.F.);
#2283 = ADVANCED_FACE('',(#2284),#921,.T.);
#2284 = FACE_BOUND('',#2285,.T.);
#2285 = EDGE_LOOP('',(#2286,#2287,#2288,#2289));
#2286 = ORIENTED_EDGE('',*,*,#906,.T.);
#2287 = ORIENTED_EDGE('',*,*,#2262,.T.);
#2288 = ORIENTED_EDGE('',*,*,#1717,.F.);
#2289 = ORIENTED_EDGE('',*,*,#2290,.F.);
#2290 = EDGE_CURVE('',#878,#1694,#2291,.T.);
#2291 = SURFACE_CURVE('',#2292,(#2296,#2302),.PCURVE_S1.);
#2292 = LINE('',#2293,#2294);
#2293 = CARTESIAN_POINT('',(442.6,-13.22955030004,-8.266740522038));
#2294 = VECTOR('',#2295,1.);
#2295 = DIRECTION('',(1.,0.,0.));
#2296 = PCURVE('',#921,#2297);
#2297 = DEFINITIONAL_REPRESENTATION('',(#2298),#2301);
#2298 = B_SPLINE_CURVE_WITH_KNOTS('',1,(#2299,#2300),.UNSPECIFIED.,.F.,
  .F.,(2,2),(-6.000000212225E-07,3.0000006),.PIECEWISE_BEZIER_KNOTS.);
#2299 = CARTESIAN_POINT('',(15.6,-0.9999994));
#2300 = CARTESIAN_POINT('',(15.6,-4.0000006));
#2301 = ( GEOMETRIC_REPRESENTATION_CONTEXT(2) 
PARAMETRIC_REPRESENTATION_CONTEXT() REPRESENTATION_CONTEXT('2D SPACE',''
  ) );
#2302 = PCURVE('',#894,#2303);
#2303 = DEFINITIONAL_REPRESENTATION('',(#2304),#2307);
#2304 = B_SPLINE_CURVE_WITH_KNOTS('',1,(#2305,#2306),.UNSPECIFIED.,.F.,
  .F.,(2,2),(-6.000000212225E-07,3.0000006),.PIECEWISE_BEZIER_KNOTS.);
#2305 = CARTESIAN_POINT('',(2.129301687433,-6.000000212225E-07));
#2306 = CARTESIAN_POINT('',(2.129301687433,3.0000006));
#2307 = ( GEOMETRIC_REPRESENTATION_CONTEXT(2) 
PARAMETRIC_REPRESENTATION_CONTEXT() REPRESENTATION_CONTEXT('2D SPACE',''
  ) );
#2308 = ADVANCED_FACE('',(#2309),#811,.T.);
#2309 = FACE_BOUND('',#2310,.T.);
#2310 = EDGE_LOOP('',(#2311,#2312,#2331,#2332));
#2311 = ORIENTED_EDGE('',*,*,#796,.T.);
#2312 = ORIENTED_EDGE('',*,*,#2313,.T.);
#2313 = EDGE_CURVE('',#797,#1628,#2314,.T.);
#2314 = SURFACE_CURVE('',#2315,(#2319,#2325),.PCURVE_S1.);
#2315 = LINE('',#2316,#2317);
#2316 = CARTESIAN_POINT('',(440.6,-4.137059621827,13.531712296877));
#2317 = VECTOR('',#2318,1.);
#2318 = DIRECTION('',(1.,0.,0.));
#2319 = PCURVE('',#811,#2320);
#2320 = DEFINITIONAL_REPRESENTATION('',(#2321),#2324);
#2321 = B_SPLINE_CURVE_WITH_KNOTS('',1,(#2322,#2323),.UNSPECIFIED.,.F.,
  .F.,(2,2),(0.5,6.5),.PIECEWISE_BEZIER_KNOTS.);
#2322 = CARTESIAN_POINT('',(14.15,0.5));
#2323 = CARTESIAN_POINT('',(14.15,-5.5));
#2324 = ( GEOMETRIC_REPRESENTATION_CONTEXT(2) 
PARAMETRIC_REPRESENTATION_CONTEXT() REPRESENTATION_CONTEXT('2D SPACE',''
  ) );
#2325 = PCURVE('',#839,#2326);
#2326 = DEFINITIONAL_REPRESENTATION('',(#2327),#2330);
#2327 = B_SPLINE_CURVE_WITH_KNOTS('',1,(#2328,#2329),.UNSPECIFIED.,.F.,
  .F.,(2,2),(0.5,6.5),.PIECEWISE_BEZIER_KNOTS.);
#2328 = CARTESIAN_POINT('',(0.296705972839,0.5));
#2329 = CARTESIAN_POINT('',(0.296705972839,6.5));
#2330 = ( GEOMETRIC_REPRESENTATION_CONTEXT(2) 
PARAMETRIC_REPRESENTATION_CONTEXT() REPRESENTATION_CONTEXT('2D SPACE',''
  ) );
#2331 = ORIENTED_EDGE('',*,*,#1627,.F.);
#2332 = ORIENTED_EDGE('',*,*,#2040,.F.);
#2333 = ADVANCED_FACE('',(#2334),#894,.T.);
#2334 = FACE_BOUND('',#2335,.T.);
#2335 = EDGE_LOOP('',(#2336,#2337,#2356,#2357));
#2336 = ORIENTED_EDGE('',*,*,#1693,.F.);
#2337 = ORIENTED_EDGE('',*,*,#2338,.F.);
#2338 = EDGE_CURVE('',#852,#1673,#2339,.T.);
#2339 = SURFACE_CURVE('',#2340,(#2344,#2350),.PCURVE_S1.);
#2340 = LINE('',#2341,#2342);
#2341 = CARTESIAN_POINT('',(442.6,-14.91835419302,4.560998593675));
#2342 = VECTOR('',#2343,1.);
#2343 = DIRECTION('',(1.,0.,0.));
#2344 = PCURVE('',#894,#2345);
#2345 = DEFINITIONAL_REPRESENTATION('',(#2346),#2349);
#2346 = B_SPLINE_CURVE_WITH_KNOTS('',1,(#2347,#2348),.UNSPECIFIED.,.F.,
  .F.,(2,2),(-6.000000212225E-07,3.0000006),.PIECEWISE_BEZIER_KNOTS.);
#2347 = CARTESIAN_POINT('',(1.274090353956,-6.000000212225E-07));
#2348 = CARTESIAN_POINT('',(1.274090353956,3.0000006));
#2349 = ( GEOMETRIC_REPRESENTATION_CONTEXT(2) 
PARAMETRIC_REPRESENTATION_CONTEXT() REPRESENTATION_CONTEXT('2D SPACE',''
  ) );
#2350 = PCURVE('',#866,#2351);
#2351 = DEFINITIONAL_REPRESENTATION('',(#2352),#2355);
#2352 = B_SPLINE_CURVE_WITH_KNOTS('',1,(#2353,#2354),.UNSPECIFIED.,.F.,
  .F.,(2,2),(-6.000000212225E-07,3.0000006),.PIECEWISE_BEZIER_KNOTS.);
#2353 = CARTESIAN_POINT('',(14.4,-0.9999994));
#2354 = CARTESIAN_POINT('',(14.4,-4.0000006));
#2355 = ( GEOMETRIC_REPRESENTATION_CONTEXT(2) 
PARAMETRIC_REPRESENTATION_CONTEXT() REPRESENTATION_CONTEXT('2D SPACE',''
  ) );
#2356 = ORIENTED_EDGE('',*,*,#877,.T.);
#2357 = ORIENTED_EDGE('',*,*,#2290,.T.);
#2358 = ADVANCED_FACE('',(#2359),#839,.T.);
#2359 = FACE_BOUND('',#2360,.T.);
#2360 = EDGE_LOOP('',(#2361,#2362,#2363,#2382));
#2361 = ORIENTED_EDGE('',*,*,#2313,.F.);
#2362 = ORIENTED_EDGE('',*,*,#822,.T.);
#2363 = ORIENTED_EDGE('',*,*,#2364,.T.);
#2364 = EDGE_CURVE('',#823,#1649,#2365,.T.);
#2365 = SURFACE_CURVE('',#2366,(#2370,#2376),.PCURVE_S1.);
#2366 = LINE('',#2367,#2368);
#2367 = CARTESIAN_POINT('',(440.6,-13.53171229687,4.137059621827));
#2368 = VECTOR('',#2369,1.);
#2369 = DIRECTION('',(1.,0.,0.));
#2370 = PCURVE('',#839,#2371);
#2371 = DEFINITIONAL_REPRESENTATION('',(#2372),#2375);
#2372 = B_SPLINE_CURVE_WITH_KNOTS('',1,(#2373,#2374),.UNSPECIFIED.,.F.,
  .F.,(2,2),(0.5,6.5),.PIECEWISE_BEZIER_KNOTS.);
#2373 = CARTESIAN_POINT('',(1.274090353956,0.5));
#2374 = CARTESIAN_POINT('',(1.274090353956,6.5));
#2375 = ( GEOMETRIC_REPRESENTATION_CONTEXT(2) 
PARAMETRIC_REPRESENTATION_CONTEXT() REPRESENTATION_CONTEXT('2D SPACE',''
  ) );
#2376 = PCURVE('',#866,#2377);
#2377 = DEFINITIONAL_REPRESENTATION('',(#2378),#2381);
#2378 = B_SPLINE_CURVE_WITH_KNOTS('',1,(#2379,#2380),.UNSPECIFIED.,.F.,
  .F.,(2,2),(0.5,6.5),.PIECEWISE_BEZIER_KNOTS.);
#2379 = CARTESIAN_POINT('',(15.85,0.5));
#2380 = CARTESIAN_POINT('',(15.85,-5.5));
#2381 = ( GEOMETRIC_REPRESENTATION_CONTEXT(2) 
PARAMETRIC_REPRESENTATION_CONTEXT() REPRESENTATION_CONTEXT('2D SPACE',''
  ) );
#2382 = ORIENTED_EDGE('',*,*,#1648,.F.);
#2383 = ADVANCED_FACE('',(#2384),#866,.T.);
#2384 = FACE_BOUND('',#2385,.T.);
#2385 = EDGE_LOOP('',(#2386,#2387,#2388,#2389));
#2386 = ORIENTED_EDGE('',*,*,#2364,.F.);
#2387 = ORIENTED_EDGE('',*,*,#851,.T.);
#2388 = ORIENTED_EDGE('',*,*,#2338,.T.);
#2389 = ORIENTED_EDGE('',*,*,#1672,.F.);
#2390 = ADVANCED_FACE('',(#2391),#1114,.F.);
#2391 = FACE_BOUND('',#2392,.F.);
#2392 = EDGE_LOOP('',(#2393,#2394,#2415,#2416));
#2393 = ORIENTED_EDGE('',*,*,#1873,.F.);
#2394 = ORIENTED_EDGE('',*,*,#2395,.F.);
#2395 = EDGE_CURVE('',#1098,#1874,#2396,.T.);
#2396 = SEAM_CURVE('',#2397,(#2401,#2408),.PCURVE_S1.);
#2397 = LINE('',#2398,#2399);
#2398 = CARTESIAN_POINT('',(441.6,7.99737769522,-6.39737769522));
#2399 = VECTOR('',#2400,1.);
#2400 = DIRECTION('',(1.,0.,0.));
#2401 = PCURVE('',#1114,#2402);
#2402 = DEFINITIONAL_REPRESENTATION('',(#2403),#2407);
#2403 = LINE('',#2404,#2405);
#2404 = CARTESIAN_POINT('',(6.28318530718,-0.));
#2405 = VECTOR('',#2406,1.);
#2406 = DIRECTION('',(0.,1.));
#2407 = ( GEOMETRIC_REPRESENTATION_CONTEXT(2) 
PARAMETRIC_REPRESENTATION_CONTEXT() REPRESENTATION_CONTEXT('2D SPACE',''
  ) );
#2408 = PCURVE('',#1114,#2409);
#2409 = DEFINITIONAL_REPRESENTATION('',(#2410),#2414);
#2410 = LINE('',#2411,#2412);
#2411 = CARTESIAN_POINT('',(0.,-0.));
#2412 = VECTOR('',#2413,1.);
#2413 = DIRECTION('',(0.,1.));
#2414 = ( GEOMETRIC_REPRESENTATION_CONTEXT(2) 
PARAMETRIC_REPRESENTATION_CONTEXT() REPRESENTATION_CONTEXT('2D SPACE',''
  ) );
#2415 = ORIENTED_EDGE('',*,*,#1097,.T.);
#2416 = ORIENTED_EDGE('',*,*,#2395,.T.);
#2417 = ADVANCED_FACE('',(#2418),#1145,.F.);
#2418 = FACE_BOUND('',#2419,.F.);
#2419 = EDGE_LOOP('',(#2420,#2443,#2471,#2492));
#2420 = ORIENTED_EDGE('',*,*,#2421,.F.);
#2421 = EDGE_CURVE('',#2422,#1129,#2424,.T.);
#2422 = VERTEX_POINT('',#2423);
#2423 = CARTESIAN_POINT('',(436.6,15.2,-2.5));
#2424 = SURFACE_CURVE('',#2425,(#2429,#2436),.PCURVE_S1.);
#2425 = LINE('',#2426,#2427);
#2426 = CARTESIAN_POINT('',(436.6,15.2,-2.5));
#2427 = VECTOR('',#2428,1.);
#2428 = DIRECTION('',(1.,0.,0.));
#2429 = PCURVE('',#1145,#2430);
#2430 = DEFINITIONAL_REPRESENTATION('',(#2431),#2435);
#2431 = LINE('',#2432,#2433);
#2432 = CARTESIAN_POINT('',(0.,2.7));
#2433 = VECTOR('',#2434,1.);
#2434 = DIRECTION('',(1.,0.));
#2435 = ( GEOMETRIC_REPRESENTATION_CONTEXT(2) 
PARAMETRIC_REPRESENTATION_CONTEXT() REPRESENTATION_CONTEXT('2D SPACE',''
  ) );
#2436 = PCURVE('',#1221,#2437);
#2437 = DEFINITIONAL_REPRESENTATION('',(#2438),#2442);
#2438 = LINE('',#2439,#2440);
#2439 = CARTESIAN_POINT('',(0.,0.));
#2440 = VECTOR('',#2441,1.);
#2441 = DIRECTION('',(0.,1.));
#2442 = ( GEOMETRIC_REPRESENTATION_CONTEXT(2) 
PARAMETRIC_REPRESENTATION_CONTEXT() REPRESENTATION_CONTEXT('2D SPACE',''
  ) );
#2443 = ORIENTED_EDGE('',*,*,#2444,.F.);
#2444 = EDGE_CURVE('',#2445,#2422,#2447,.T.);
#2445 = VERTEX_POINT('',#2446);
#2446 = CARTESIAN_POINT('',(436.6,12.5,-2.5));
#2447 = SURFACE_CURVE('',#2448,(#2452,#2459),.PCURVE_S1.);
#2448 = LINE('',#2449,#2450);
#2449 = CARTESIAN_POINT('',(436.6,12.5,-2.5));
#2450 = VECTOR('',#2451,1.);
#2451 = DIRECTION('',(0.,1.,0.));
#2452 = PCURVE('',#1145,#2453);
#2453 = DEFINITIONAL_REPRESENTATION('',(#2454),#2458);
#2454 = LINE('',#2455,#2456);
#2455 = CARTESIAN_POINT('',(0.,0.));
#2456 = VECTOR('',#2457,1.);
#2457 = DIRECTION('',(0.,1.));
#2458 = ( GEOMETRIC_REPRESENTATION_CONTEXT(2) 
PARAMETRIC_REPRESENTATION_CONTEXT() REPRESENTATION_CONTEXT('2D SPACE',''
  ) );
#2459 = PCURVE('',#2460,#2465);
#2460 = PLANE('',#2461);
#2461 = AXIS2_PLACEMENT_3D('',#2462,#2463,#2464);
#2462 = CARTESIAN_POINT('',(436.6,12.5,-2.5));
#2463 = DIRECTION('',(1.,0.,0.));
#2464 = DIRECTION('',(0.,0.,1.));
#2465 = DEFINITIONAL_REPRESENTATION('',(#2466),#2470);
#2466 = LINE('',#2467,#2468);
#2467 = CARTESIAN_POINT('',(0.,0.));
#2468 = VECTOR('',#2469,1.);
#2469 = DIRECTION('',(0.,-1.));
#2470 = ( GEOMETRIC_REPRESENTATION_CONTEXT(2) 
PARAMETRIC_REPRESENTATION_CONTEXT() REPRESENTATION_CONTEXT('2D SPACE',''
  ) );
#2471 = ORIENTED_EDGE('',*,*,#2472,.T.);
#2472 = EDGE_CURVE('',#2445,#1131,#2473,.T.);
#2473 = SURFACE_CURVE('',#2474,(#2478,#2485),.PCURVE_S1.);
#2474 = LINE('',#2475,#2476);
#2475 = CARTESIAN_POINT('',(436.6,12.5,-2.5));
#2476 = VECTOR('',#2477,1.);
#2477 = DIRECTION('',(1.,0.,0.));
#2478 = PCURVE('',#1145,#2479);
#2479 = DEFINITIONAL_REPRESENTATION('',(#2480),#2484);
#2480 = LINE('',#2481,#2482);
#2481 = CARTESIAN_POINT('',(0.,0.));
#2482 = VECTOR('',#2483,1.);
#2483 = DIRECTION('',(1.,0.));
#2484 = ( GEOMETRIC_REPRESENTATION_CONTEXT(2) 
PARAMETRIC_REPRESENTATION_CONTEXT() REPRESENTATION_CONTEXT('2D SPACE',''
  ) );
#2485 = PCURVE('',#1171,#2486);
#2486 = DEFINITIONAL_REPRESENTATION('',(#2487),#2491);
#2487 = LINE('',#2488,#2489);
#2488 = CARTESIAN_POINT('',(0.,0.));
#2489 = VECTOR('',#2490,1.);
#2490 = DIRECTION('',(0.,1.));
#2491 = ( GEOMETRIC_REPRESENTATION_CONTEXT(2) 
PARAMETRIC_REPRESENTATION_CONTEXT() REPRESENTATION_CONTEXT('2D SPACE',''
  ) );
#2492 = ORIENTED_EDGE('',*,*,#1128,.F.);
#2493 = ADVANCED_FACE('',(#2494,#2542),#1221,.T.);
#2494 = FACE_BOUND('',#2495,.T.);
#2495 = EDGE_LOOP('',(#2496,#2497,#2520,#2541));
#2496 = ORIENTED_EDGE('',*,*,#2421,.F.);
#2497 = ORIENTED_EDGE('',*,*,#2498,.T.);
#2498 = EDGE_CURVE('',#2422,#2499,#2501,.T.);
#2499 = VERTEX_POINT('',#2500);
#2500 = CARTESIAN_POINT('',(436.6,15.2,2.5));
#2501 = SURFACE_CURVE('',#2502,(#2506,#2513),.PCURVE_S1.);
#2502 = LINE('',#2503,#2504);
#2503 = CARTESIAN_POINT('',(436.6,15.2,-2.5));
#2504 = VECTOR('',#2505,1.);
#2505 = DIRECTION('',(0.,0.,1.));
#2506 = PCURVE('',#1221,#2507);
#2507 = DEFINITIONAL_REPRESENTATION('',(#2508),#2512);
#2508 = LINE('',#2509,#2510);
#2509 = CARTESIAN_POINT('',(0.,0.));
#2510 = VECTOR('',#2511,1.);
#2511 = DIRECTION('',(1.,0.));
#2512 = ( GEOMETRIC_REPRESENTATION_CONTEXT(2) 
PARAMETRIC_REPRESENTATION_CONTEXT() REPRESENTATION_CONTEXT('2D SPACE',''
  ) );
#2513 = PCURVE('',#2460,#2514);
#2514 = DEFINITIONAL_REPRESENTATION('',(#2515),#2519);
#2515 = LINE('',#2516,#2517);
#2516 = CARTESIAN_POINT('',(0.,-2.7));
#2517 = VECTOR('',#2518,1.);
#2518 = DIRECTION('',(1.,0.));
#2519 = ( GEOMETRIC_REPRESENTATION_CONTEXT(2) 
PARAMETRIC_REPRESENTATION_CONTEXT() REPRESENTATION_CONTEXT('2D SPACE',''
  ) );
#2520 = ORIENTED_EDGE('',*,*,#2521,.T.);
#2521 = EDGE_CURVE('',#2499,#1183,#2522,.T.);
#2522 = SURFACE_CURVE('',#2523,(#2527,#2534),.PCURVE_S1.);
#2523 = LINE('',#2524,#2525);
#2524 = CARTESIAN_POINT('',(436.6,15.2,2.5));
#2525 = VECTOR('',#2526,1.);
#2526 = DIRECTION('',(1.,0.,0.));
#2527 = PCURVE('',#1221,#2528);
#2528 = DEFINITIONAL_REPRESENTATION('',(#2529),#2533);
#2529 = LINE('',#2530,#2531);
#2530 = CARTESIAN_POINT('',(5.,0.));
#2531 = VECTOR('',#2532,1.);
#2532 = DIRECTION('',(0.,1.));
#2533 = ( GEOMETRIC_REPRESENTATION_CONTEXT(2) 
PARAMETRIC_REPRESENTATION_CONTEXT() REPRESENTATION_CONTEXT('2D SPACE',''
  ) );
#2534 = PCURVE('',#1197,#2535);
#2535 = DEFINITIONAL_REPRESENTATION('',(#2536),#2540);
#2536 = LINE('',#2537,#2538);
#2537 = CARTESIAN_POINT('',(0.,2.7));
#2538 = VECTOR('',#2539,1.);
#2539 = DIRECTION('',(1.,0.));
#2540 = ( GEOMETRIC_REPRESENTATION_CONTEXT(2) 
PARAMETRIC_REPRESENTATION_CONTEXT() REPRESENTATION_CONTEXT('2D SPACE',''
  ) );
#2541 = ORIENTED_EDGE('',*,*,#1208,.F.);
#2542 = FACE_BOUND('',#2543,.T.);
#2543 = EDGE_LOOP('',(#2544,#2578,#2604,#2630));
#2544 = ORIENTED_EDGE('',*,*,#2545,.F.);
#2545 = EDGE_CURVE('',#2546,#2548,#2550,.T.);
#2546 = VERTEX_POINT('',#2547);
#2547 = CARTESIAN_POINT('',(439.16298512285,15.2,0.612835554495));
#2548 = VERTEX_POINT('',#2549);
#2549 = CARTESIAN_POINT('',(439.6784090909,15.2,0.8));
#2550 = SURFACE_CURVE('',#2551,(#2556,#2563),.PCURVE_S1.);
#2551 = ELLIPSE('',#2552,0.801857348044,0.8);
#2552 = AXIS2_PLACEMENT_3D('',#2553,#2554,#2555);
#2553 = CARTESIAN_POINT('',(439.6784090909,15.2,0.));
#2554 = DIRECTION('',(0.,1.,0.));
#2555 = DIRECTION('',(1.,-0.,0.));
#2556 = PCURVE('',#1221,#2557);
#2557 = DEFINITIONAL_REPRESENTATION('',(#2558),#2562);
#2558 = ELLIPSE('',#2559,0.801857348044,0.8);
#2559 = AXIS2_PLACEMENT_2D('',#2560,#2561);
#2560 = CARTESIAN_POINT('',(2.5,3.078409090909));
#2561 = DIRECTION('',(0.,1.));
#2562 = ( GEOMETRIC_REPRESENTATION_CONTEXT(2) 
PARAMETRIC_REPRESENTATION_CONTEXT() REPRESENTATION_CONTEXT('2D SPACE',''
  ) );
#2563 = PCURVE('',#2564,#2569);
#2564 = CYLINDRICAL_SURFACE('',#2565,0.8);
#2565 = AXIS2_PLACEMENT_3D('',#2566,#2567,#2568);
#2566 = CARTESIAN_POINT('',(439.23287165847,8.665450990922,0.));
#2567 = DIRECTION('',(6.802388813738E-02,0.997683692682,0.));
#2568 = DIRECTION('',(0.,0.,1.));
#2569 = DEFINITIONAL_REPRESENTATION('',(#2570),#2577);
#2570 = B_SPLINE_CURVE_WITH_KNOTS('',5,(#2571,#2572,#2573,#2574,#2575,
    #2576),.UNSPECIFIED.,.F.,.F.,(6,6),(4.014257279587,4.712388980385),
  .PIECEWISE_BEZIER_KNOTS.);
#2571 = CARTESIAN_POINT('',(5.585053606382,6.514659031504));
#2572 = CARTESIAN_POINT('',(5.724679946541,6.52049321234));
#2573 = CARTESIAN_POINT('',(5.864306286701,6.527181739682));
#2574 = CARTESIAN_POINT('',(6.00393262686,6.534488151283));
#2575 = CARTESIAN_POINT('',(6.14355896702,6.54210419166));
#2576 = CARTESIAN_POINT('',(6.28318530718,6.54972017385));
#2577 = ( GEOMETRIC_REPRESENTATION_CONTEXT(2) 
PARAMETRIC_REPRESENTATION_CONTEXT() REPRESENTATION_CONTEXT('2D SPACE',''
  ) );
#2578 = ORIENTED_EDGE('',*,*,#2579,.T.);
#2579 = EDGE_CURVE('',#2546,#2580,#2582,.T.);
#2580 = VERTEX_POINT('',#2581);
#2581 = CARTESIAN_POINT('',(438.43094050881,15.2,0.));
#2582 = SURFACE_CURVE('',#2583,(#2587,#2593),.PCURVE_S1.);
#2583 = LINE('',#2584,#2585);
#2584 = CARTESIAN_POINT('',(437.14815647753,15.2,-1.073890372302));
#2585 = VECTOR('',#2586,1.);
#2586 = DIRECTION('',(-0.76677778274,0.,-0.641912635719));
#2587 = PCURVE('',#1221,#2588);
#2588 = DEFINITIONAL_REPRESENTATION('',(#2589),#2592);
#2589 = B_SPLINE_CURVE_WITH_KNOTS('',1,(#2590,#2591),.UNSPECIFIED.,.F.,
  .F.,(2,2),(-2.627656526665,-1.672954094599),.PIECEWISE_BEZIER_KNOTS.);
#2590 = CARTESIAN_POINT('',(3.112835554495,2.562985122851));
#2591 = CARTESIAN_POINT('',(2.5,1.830940508814));
#2592 = ( GEOMETRIC_REPRESENTATION_CONTEXT(2) 
PARAMETRIC_REPRESENTATION_CONTEXT() REPRESENTATION_CONTEXT('2D SPACE',''
  ) );
#2593 = PCURVE('',#2594,#2599);
#2594 = PLANE('',#2595);
#2595 = AXIS2_PLACEMENT_3D('',#2596,#2597,#2598);
#2596 = CARTESIAN_POINT('',(437.99117542457,8.750112097779,0.));
#2597 = DIRECTION('',(0.641298716042,-4.372491245741E-02,-0.766044443119
    ));
#2598 = DIRECTION('',(0.764270048769,-5.210932150699E-02,0.642787609687)
  );
#2599 = DEFINITIONAL_REPRESENTATION('',(#2600),#2603);
#2600 = B_SPLINE_CURVE_WITH_KNOTS('',1,(#2601,#2602),.UNSPECIFIED.,.F.,
  .F.,(2,2),(-2.627656526665,-1.672954094599),.PIECEWISE_BEZIER_KNOTS.);
#2601 = CARTESIAN_POINT('',(0.953402874075,-6.514659031504));
#2602 = CARTESIAN_POINT('',(-1.24344978758E-14,-6.464862510567));
#2603 = ( GEOMETRIC_REPRESENTATION_CONTEXT(2) 
PARAMETRIC_REPRESENTATION_CONTEXT() REPRESENTATION_CONTEXT('2D SPACE',''
  ) );
#2604 = ORIENTED_EDGE('',*,*,#2605,.T.);
#2605 = EDGE_CURVE('',#2580,#2606,#2608,.T.);
#2606 = VERTEX_POINT('',#2607);
#2607 = CARTESIAN_POINT('',(439.16298512285,15.2,-0.612835554495));
#2608 = SURFACE_CURVE('',#2609,(#2613,#2619),.PCURVE_S1.);
#2609 = LINE('',#2610,#2611);
#2610 = CARTESIAN_POINT('',(438.74369385938,15.2,-0.261823349757));
#2611 = VECTOR('',#2612,1.);
#2612 = DIRECTION('',(0.76677778274,0.,-0.641912635719));
#2613 = PCURVE('',#1221,#2614);
#2614 = DEFINITIONAL_REPRESENTATION('',(#2615),#2618);
#2615 = B_SPLINE_CURVE_WITH_KNOTS('',1,(#2616,#2617),.UNSPECIFIED.,.F.,
  .F.,(2,2),(-0.407880037233,0.546822394833),.PIECEWISE_BEZIER_KNOTS.);
#2616 = CARTESIAN_POINT('',(2.5,1.830940508814));
#2617 = CARTESIAN_POINT('',(1.887164445505,2.562985122851));
#2618 = ( GEOMETRIC_REPRESENTATION_CONTEXT(2) 
PARAMETRIC_REPRESENTATION_CONTEXT() REPRESENTATION_CONTEXT('2D SPACE',''
  ) );
#2619 = PCURVE('',#2620,#2625);
#2620 = PLANE('',#2621);
#2621 = AXIS2_PLACEMENT_3D('',#2622,#2623,#2624);
#2622 = CARTESIAN_POINT('',(438.71983268563,8.700430920888,
    -0.612835554495));
#2623 = DIRECTION('',(0.641298716042,-4.372491245741E-02,0.766044443119)
  );
#2624 = DIRECTION('',(-0.764270048769,5.210932150699E-02,0.642787609687)
  );
#2625 = DEFINITIONAL_REPRESENTATION('',(#2626),#2629);
#2626 = B_SPLINE_CURVE_WITH_KNOTS('',1,(#2627,#2628),.UNSPECIFIED.,.F.,
  .F.,(2,2),(-0.407880037233,0.546822394833),.PIECEWISE_BEZIER_KNOTS.);
#2627 = CARTESIAN_POINT('',(0.953402874075,-6.464862510567));
#2628 = CARTESIAN_POINT('',(0.,-6.514659031504));
#2629 = ( GEOMETRIC_REPRESENTATION_CONTEXT(2) 
PARAMETRIC_REPRESENTATION_CONTEXT() REPRESENTATION_CONTEXT('2D SPACE',''
  ) );
#2630 = ORIENTED_EDGE('',*,*,#2631,.F.);
#2631 = EDGE_CURVE('',#2548,#2606,#2632,.T.);
#2632 = SURFACE_CURVE('',#2633,(#2638,#2645),.PCURVE_S1.);
#2633 = ELLIPSE('',#2634,0.801857348044,0.8);
#2634 = AXIS2_PLACEMENT_3D('',#2635,#2636,#2637);
#2635 = CARTESIAN_POINT('',(439.6784090909,15.2,0.));
#2636 = DIRECTION('',(0.,1.,0.));
#2637 = DIRECTION('',(1.,-0.,0.));
#2638 = PCURVE('',#1221,#2639);
#2639 = DEFINITIONAL_REPRESENTATION('',(#2640),#2644);
#2640 = ELLIPSE('',#2641,0.801857348044,0.8);
#2641 = AXIS2_PLACEMENT_2D('',#2642,#2643);
#2642 = CARTESIAN_POINT('',(2.5,3.078409090909));
#2643 = DIRECTION('',(0.,1.));
#2644 = ( GEOMETRIC_REPRESENTATION_CONTEXT(2) 
PARAMETRIC_REPRESENTATION_CONTEXT() REPRESENTATION_CONTEXT('2D SPACE',''
  ) );
#2645 = PCURVE('',#2564,#2646);
#2646 = DEFINITIONAL_REPRESENTATION('',(#2647),#2662);
#2647 = B_SPLINE_CURVE_WITH_KNOTS('',7,(#2648,#2649,#2650,#2651,#2652,
    #2653,#2654,#2655,#2656,#2657,#2658,#2659,#2660,#2661),
  .UNSPECIFIED.,.F.,.F.,(8,6,8),(4.712388980385,6.632251157578,
    8.552113334772),.UNSPECIFIED.);
#2648 = CARTESIAN_POINT('',(6.28318530718,6.54972017385));
#2649 = CARTESIAN_POINT('',(6.557451332493,6.564680138867));
#2650 = CARTESIAN_POINT('',(6.831717357806,6.579639817917));
#2651 = CARTESIAN_POINT('',(7.105983383119,6.592763474976));
#2652 = CARTESIAN_POINT('',(7.380249408434,6.602204503726));
#2653 = CARTESIAN_POINT('',(7.654515433746,6.606710873725));
#2654 = CARTESIAN_POINT('',(7.92878145906,6.606092744363));
#2655 = CARTESIAN_POINT('',(8.477313509687,6.595859525605));
#2656 = CARTESIAN_POINT('',(8.751579535,6.586244631821));
#2657 = CARTESIAN_POINT('',(9.025845560313,6.572761151688));
#2658 = CARTESIAN_POINT('',(9.300111585628,6.556862078922));
#2659 = CARTESIAN_POINT('',(9.57437761094,6.540655883239));
#2660 = CARTESIAN_POINT('',(9.848643636254,6.526119029574));
#2661 = CARTESIAN_POINT('',(10.122909661567,6.514659031504));
#2662 = ( GEOMETRIC_REPRESENTATION_CONTEXT(2) 
PARAMETRIC_REPRESENTATION_CONTEXT() REPRESENTATION_CONTEXT('2D SPACE',''
  ) );
#2663 = ADVANCED_FACE('',(#2664,#2712),#1171,.F.);
#2664 = FACE_BOUND('',#2665,.F.);
#2665 = EDGE_LOOP('',(#2666,#2667,#2690,#2711));
#2666 = ORIENTED_EDGE('',*,*,#2472,.F.);
#2667 = ORIENTED_EDGE('',*,*,#2668,.T.);
#2668 = EDGE_CURVE('',#2445,#2669,#2671,.T.);
#2669 = VERTEX_POINT('',#2670);
#2670 = CARTESIAN_POINT('',(436.6,12.5,2.5));
#2671 = SURFACE_CURVE('',#2672,(#2676,#2683),.PCURVE_S1.);
#2672 = LINE('',#2673,#2674);
#2673 = CARTESIAN_POINT('',(436.6,12.5,-2.5));
#2674 = VECTOR('',#2675,1.);
#2675 = DIRECTION('',(0.,0.,1.));
#2676 = PCURVE('',#1171,#2677);
#2677 = DEFINITIONAL_REPRESENTATION('',(#2678),#2682);
#2678 = LINE('',#2679,#2680);
#2679 = CARTESIAN_POINT('',(0.,0.));
#2680 = VECTOR('',#2681,1.);
#2681 = DIRECTION('',(1.,0.));
#2682 = ( GEOMETRIC_REPRESENTATION_CONTEXT(2) 
PARAMETRIC_REPRESENTATION_CONTEXT() REPRESENTATION_CONTEXT('2D SPACE',''
  ) );
#2683 = PCURVE('',#2460,#2684);
#2684 = DEFINITIONAL_REPRESENTATION('',(#2685),#2689);
#2685 = LINE('',#2686,#2687);
#2686 = CARTESIAN_POINT('',(0.,0.));
#2687 = VECTOR('',#2688,1.);
#2688 = DIRECTION('',(1.,0.));
#2689 = ( GEOMETRIC_REPRESENTATION_CONTEXT(2) 
PARAMETRIC_REPRESENTATION_CONTEXT() REPRESENTATION_CONTEXT('2D SPACE',''
  ) );
#2690 = ORIENTED_EDGE('',*,*,#2691,.T.);
#2691 = EDGE_CURVE('',#2669,#1157,#2692,.T.);
#2692 = SURFACE_CURVE('',#2693,(#2697,#2704),.PCURVE_S1.);
#2693 = LINE('',#2694,#2695);
#2694 = CARTESIAN_POINT('',(436.6,12.5,2.5));
#2695 = VECTOR('',#2696,1.);
#2696 = DIRECTION('',(1.,0.,0.));
#2697 = PCURVE('',#1171,#2698);
#2698 = DEFINITIONAL_REPRESENTATION('',(#2699),#2703);
#2699 = LINE('',#2700,#2701);
#2700 = CARTESIAN_POINT('',(5.,0.));
#2701 = VECTOR('',#2702,1.);
#2702 = DIRECTION('',(0.,1.));
#2703 = ( GEOMETRIC_REPRESENTATION_CONTEXT(2) 
PARAMETRIC_REPRESENTATION_CONTEXT() REPRESENTATION_CONTEXT('2D SPACE',''
  ) );
#2704 = PCURVE('',#1197,#2705);
#2705 = DEFINITIONAL_REPRESENTATION('',(#2706),#2710);
#2706 = LINE('',#2707,#2708);
#2707 = CARTESIAN_POINT('',(0.,0.));
#2708 = VECTOR('',#2709,1.);
#2709 = DIRECTION('',(1.,0.));
#2710 = ( GEOMETRIC_REPRESENTATION_CONTEXT(2) 
PARAMETRIC_REPRESENTATION_CONTEXT() REPRESENTATION_CONTEXT('2D SPACE',''
  ) );
#2711 = ORIENTED_EDGE('',*,*,#1156,.F.);
#2712 = FACE_BOUND('',#2713,.F.);
#2713 = EDGE_LOOP('',(#2714,#2743,#2764,#2785));
#2714 = ORIENTED_EDGE('',*,*,#2715,.F.);
#2715 = EDGE_CURVE('',#2716,#2718,#2720,.T.);
#2716 = VERTEX_POINT('',#2717);
#2717 = CARTESIAN_POINT('',(438.97889421376,12.5,0.612835554495));
#2718 = VERTEX_POINT('',#2719);
#2719 = CARTESIAN_POINT('',(439.49431818181,12.5,0.8));
#2720 = SURFACE_CURVE('',#2721,(#2726,#2733),.PCURVE_S1.);
#2721 = ELLIPSE('',#2722,0.801857348044,0.8);
#2722 = AXIS2_PLACEMENT_3D('',#2723,#2724,#2725);
#2723 = CARTESIAN_POINT('',(439.49431818181,12.5,0.));
#2724 = DIRECTION('',(0.,1.,0.));
#2725 = DIRECTION('',(1.,-0.,0.));
#2726 = PCURVE('',#1171,#2727);
#2727 = DEFINITIONAL_REPRESENTATION('',(#2728),#2732);
#2728 = ELLIPSE('',#2729,0.801857348044,0.8);
#2729 = AXIS2_PLACEMENT_2D('',#2730,#2731);
#2730 = CARTESIAN_POINT('',(2.5,2.894318181818));
#2731 = DIRECTION('',(0.,1.));
#2732 = ( GEOMETRIC_REPRESENTATION_CONTEXT(2) 
PARAMETRIC_REPRESENTATION_CONTEXT() REPRESENTATION_CONTEXT('2D SPACE',''
  ) );
#2733 = PCURVE('',#2564,#2734);
#2734 = DEFINITIONAL_REPRESENTATION('',(#2735),#2742);
#2735 = B_SPLINE_CURVE_WITH_KNOTS('',5,(#2736,#2737,#2738,#2739,#2740,
    #2741),.UNSPECIFIED.,.F.,.F.,(6,6),(4.014257279587,4.712388980385),
  .PIECEWISE_BEZIER_KNOTS.);
#2736 = CARTESIAN_POINT('',(5.585053606382,3.808390481856));
#2737 = CARTESIAN_POINT('',(5.724679946541,3.814224662692));
#2738 = CARTESIAN_POINT('',(5.864306286701,3.820913190035));
#2739 = CARTESIAN_POINT('',(6.00393262686,3.828219601635));
#2740 = CARTESIAN_POINT('',(6.14355896702,3.835835642012));
#2741 = CARTESIAN_POINT('',(6.28318530718,3.843451624203));
#2742 = ( GEOMETRIC_REPRESENTATION_CONTEXT(2) 
PARAMETRIC_REPRESENTATION_CONTEXT() REPRESENTATION_CONTEXT('2D SPACE',''
  ) );
#2743 = ORIENTED_EDGE('',*,*,#2744,.T.);
#2744 = EDGE_CURVE('',#2716,#2745,#2747,.T.);
#2745 = VERTEX_POINT('',#2746);
#2746 = CARTESIAN_POINT('',(438.24684959972,12.5,0.));
#2747 = SURFACE_CURVE('',#2748,(#2752,#2758),.PCURVE_S1.);
#2748 = LINE('',#2749,#2750);
#2749 = CARTESIAN_POINT('',(437.0723014812,12.5,-0.983280026506));
#2750 = VECTOR('',#2751,1.);
#2751 = DIRECTION('',(-0.76677778274,0.,-0.641912635719));
#2752 = PCURVE('',#1171,#2753);
#2753 = DEFINITIONAL_REPRESENTATION('',(#2754),#2757);
#2754 = B_SPLINE_CURVE_WITH_KNOTS('',1,(#2755,#2756),.UNSPECIFIED.,.F.,
  .F.,(2,2),(-2.48649970757,-1.531797275504),.PIECEWISE_BEZIER_KNOTS.);
#2755 = CARTESIAN_POINT('',(3.112835554495,2.37889421376));
#2756 = CARTESIAN_POINT('',(2.5,1.646849599724));
#2757 = ( GEOMETRIC_REPRESENTATION_CONTEXT(2) 
PARAMETRIC_REPRESENTATION_CONTEXT() REPRESENTATION_CONTEXT('2D SPACE',''
  ) );
#2758 = PCURVE('',#2594,#2759);
#2759 = DEFINITIONAL_REPRESENTATION('',(#2760),#2763);
#2760 = B_SPLINE_CURVE_WITH_KNOTS('',1,(#2761,#2762),.UNSPECIFIED.,.F.,
  .F.,(2,2),(-2.48649970757,-1.531797275504),.PIECEWISE_BEZIER_KNOTS.);
#2761 = CARTESIAN_POINT('',(0.953402874075,-3.808390481856));
#2762 = CARTESIAN_POINT('',(-1.24344978758E-14,-3.75859396092));
#2763 = ( GEOMETRIC_REPRESENTATION_CONTEXT(2) 
PARAMETRIC_REPRESENTATION_CONTEXT() REPRESENTATION_CONTEXT('2D SPACE',''
  ) );
#2764 = ORIENTED_EDGE('',*,*,#2765,.T.);
#2765 = EDGE_CURVE('',#2745,#2766,#2768,.T.);
#2766 = VERTEX_POINT('',#2767);
#2767 = CARTESIAN_POINT('',(438.97889421376,12.5,-0.612835554495));
#2768 = SURFACE_CURVE('',#2769,(#2773,#2779),.PCURVE_S1.);
#2769 = LINE('',#2770,#2771);
#2770 = CARTESIAN_POINT('',(438.66783886306,12.5,-0.352433695553));
#2771 = VECTOR('',#2772,1.);
#2772 = DIRECTION('',(0.76677778274,0.,-0.641912635719));
#2773 = PCURVE('',#1171,#2774);
#2774 = DEFINITIONAL_REPRESENTATION('',(#2775),#2778);
#2775 = B_SPLINE_CURVE_WITH_KNOTS('',1,(#2776,#2777),.UNSPECIFIED.,.F.,
  .F.,(2,2),(-0.549036856328,0.405665575738),.PIECEWISE_BEZIER_KNOTS.);
#2776 = CARTESIAN_POINT('',(2.5,1.646849599724));
#2777 = CARTESIAN_POINT('',(1.887164445505,2.37889421376));
#2778 = ( GEOMETRIC_REPRESENTATION_CONTEXT(2) 
PARAMETRIC_REPRESENTATION_CONTEXT() REPRESENTATION_CONTEXT('2D SPACE',''
  ) );
#2779 = PCURVE('',#2620,#2780);
#2780 = DEFINITIONAL_REPRESENTATION('',(#2781),#2784);
#2781 = B_SPLINE_CURVE_WITH_KNOTS('',1,(#2782,#2783),.UNSPECIFIED.,.F.,
  .F.,(2,2),(-0.549036856328,0.405665575738),.PIECEWISE_BEZIER_KNOTS.);
#2782 = CARTESIAN_POINT('',(0.953402874075,-3.75859396092));
#2783 = CARTESIAN_POINT('',(-5.551115123126E-17,-3.808390481856));
#2784 = ( GEOMETRIC_REPRESENTATION_CONTEXT(2) 
PARAMETRIC_REPRESENTATION_CONTEXT() REPRESENTATION_CONTEXT('2D SPACE',''
  ) );
#2785 = ORIENTED_EDGE('',*,*,#2786,.F.);
#2786 = EDGE_CURVE('',#2718,#2766,#2787,.T.);
#2787 = SURFACE_CURVE('',#2788,(#2793,#2800),.PCURVE_S1.);
#2788 = ELLIPSE('',#2789,0.801857348044,0.8);
#2789 = AXIS2_PLACEMENT_3D('',#2790,#2791,#2792);
#2790 = CARTESIAN_POINT('',(439.49431818181,12.5,0.));
#2791 = DIRECTION('',(0.,1.,0.));
#2792 = DIRECTION('',(1.,-0.,0.));
#2793 = PCURVE('',#1171,#2794);
#2794 = DEFINITIONAL_REPRESENTATION('',(#2795),#2799);
#2795 = ELLIPSE('',#2796,0.801857348044,0.8);
#2796 = AXIS2_PLACEMENT_2D('',#2797,#2798);
#2797 = CARTESIAN_POINT('',(2.5,2.894318181818));
#2798 = DIRECTION('',(0.,1.));
#2799 = ( GEOMETRIC_REPRESENTATION_CONTEXT(2) 
PARAMETRIC_REPRESENTATION_CONTEXT() REPRESENTATION_CONTEXT('2D SPACE',''
  ) );
#2800 = PCURVE('',#2564,#2801);
#2801 = DEFINITIONAL_REPRESENTATION('',(#2802),#2817);
#2802 = B_SPLINE_CURVE_WITH_KNOTS('',7,(#2803,#2804,#2805,#2806,#2807,
    #2808,#2809,#2810,#2811,#2812,#2813,#2814,#2815,#2816),
  .UNSPECIFIED.,.F.,.F.,(8,6,8),(4.712388980385,6.632251157578,
    8.552113334772),.UNSPECIFIED.);
#2803 = CARTESIAN_POINT('',(6.28318530718,3.843451624203));
#2804 = CARTESIAN_POINT('',(6.557451332493,3.85841158922));
#2805 = CARTESIAN_POINT('',(6.831717357807,3.873371268269));
#2806 = CARTESIAN_POINT('',(7.105983383119,3.886494925332));
#2807 = CARTESIAN_POINT('',(7.380249408434,3.895935954076));
#2808 = CARTESIAN_POINT('',(7.654515433746,3.900442324078));
#2809 = CARTESIAN_POINT('',(7.92878145906,3.899824194716));
#2810 = CARTESIAN_POINT('',(8.477313509687,3.889590975957));
#2811 = CARTESIAN_POINT('',(8.751579535,3.879976082173));
#2812 = CARTESIAN_POINT('',(9.025845560314,3.866492602036));
#2813 = CARTESIAN_POINT('',(9.300111585627,3.850593529278));
#2814 = CARTESIAN_POINT('',(9.57437761094,3.834387333591));
#2815 = CARTESIAN_POINT('',(9.848643636254,3.819850479927));
#2816 = CARTESIAN_POINT('',(10.122909661567,3.808390481856));
#2817 = ( GEOMETRIC_REPRESENTATION_CONTEXT(2) 
PARAMETRIC_REPRESENTATION_CONTEXT() REPRESENTATION_CONTEXT('2D SPACE',''
  ) );
#2818 = ADVANCED_FACE('',(#2819),#1197,.T.);
#2819 = FACE_BOUND('',#2820,.T.);
#2820 = EDGE_LOOP('',(#2821,#2822,#2843,#2844));
#2821 = ORIENTED_EDGE('',*,*,#2521,.F.);
#2822 = ORIENTED_EDGE('',*,*,#2823,.F.);
#2823 = EDGE_CURVE('',#2669,#2499,#2824,.T.);
#2824 = SURFACE_CURVE('',#2825,(#2829,#2836),.PCURVE_S1.);
#2825 = LINE('',#2826,#2827);
#2826 = CARTESIAN_POINT('',(436.6,12.5,2.5));
#2827 = VECTOR('',#2828,1.);
#2828 = DIRECTION('',(0.,1.,0.));
#2829 = PCURVE('',#1197,#2830);
#2830 = DEFINITIONAL_REPRESENTATION('',(#2831),#2835);
#2831 = LINE('',#2832,#2833);
#2832 = CARTESIAN_POINT('',(0.,0.));
#2833 = VECTOR('',#2834,1.);
#2834 = DIRECTION('',(0.,1.));
#2835 = ( GEOMETRIC_REPRESENTATION_CONTEXT(2) 
PARAMETRIC_REPRESENTATION_CONTEXT() REPRESENTATION_CONTEXT('2D SPACE',''
  ) );
#2836 = PCURVE('',#2460,#2837);
#2837 = DEFINITIONAL_REPRESENTATION('',(#2838),#2842);
#2838 = LINE('',#2839,#2840);
#2839 = CARTESIAN_POINT('',(5.,0.));
#2840 = VECTOR('',#2841,1.);
#2841 = DIRECTION('',(0.,-1.));
#2842 = ( GEOMETRIC_REPRESENTATION_CONTEXT(2) 
PARAMETRIC_REPRESENTATION_CONTEXT() REPRESENTATION_CONTEXT('2D SPACE',''
  ) );
#2843 = ORIENTED_EDGE('',*,*,#2691,.T.);
#2844 = ORIENTED_EDGE('',*,*,#1182,.F.);
#2845 = ADVANCED_FACE('',(#2846),#1251,.F.);
#2846 = FACE_BOUND('',#2847,.F.);
#2847 = EDGE_LOOP('',(#2848,#2849,#2870,#2871));
#2848 = ORIENTED_EDGE('',*,*,#1899,.F.);
#2849 = ORIENTED_EDGE('',*,*,#2850,.F.);
#2850 = EDGE_CURVE('',#1235,#1900,#2851,.T.);
#2851 = SEAM_CURVE('',#2852,(#2856,#2863),.PCURVE_S1.);
#2852 = LINE('',#2853,#2854);
#2853 = CARTESIAN_POINT('',(441.6,1.102182119233E-15,4.5));
#2854 = VECTOR('',#2855,1.);
#2855 = DIRECTION('',(1.,0.,0.));
#2856 = PCURVE('',#1251,#2857);
#2857 = DEFINITIONAL_REPRESENTATION('',(#2858),#2862);
#2858 = LINE('',#2859,#2860);
#2859 = CARTESIAN_POINT('',(6.28318530718,-0.));
#2860 = VECTOR('',#2861,1.);
#2861 = DIRECTION('',(0.,1.));
#2862 = ( GEOMETRIC_REPRESENTATION_CONTEXT(2) 
PARAMETRIC_REPRESENTATION_CONTEXT() REPRESENTATION_CONTEXT('2D SPACE',''
  ) );
#2863 = PCURVE('',#1251,#2864);
#2864 = DEFINITIONAL_REPRESENTATION('',(#2865),#2869);
#2865 = LINE('',#2866,#2867);
#2866 = CARTESIAN_POINT('',(0.,-0.));
#2867 = VECTOR('',#2868,1.);
#2868 = DIRECTION('',(0.,1.));
#2869 = ( GEOMETRIC_REPRESENTATION_CONTEXT(2) 
PARAMETRIC_REPRESENTATION_CONTEXT() REPRESENTATION_CONTEXT('2D SPACE',''
  ) );
#2870 = ORIENTED_EDGE('',*,*,#1234,.T.);
#2871 = ORIENTED_EDGE('',*,*,#2850,.T.);
#2872 = ADVANCED_FACE('',(#2873),#1282,.F.);
#2873 = FACE_BOUND('',#2874,.F.);
#2874 = EDGE_LOOP('',(#2875,#2876,#2897,#2898));
#2875 = ORIENTED_EDGE('',*,*,#1925,.F.);
#2876 = ORIENTED_EDGE('',*,*,#2877,.F.);
#2877 = EDGE_CURVE('',#1266,#1926,#2878,.T.);
#2878 = SEAM_CURVE('',#2879,(#2883,#2890),.PCURVE_S1.);
#2879 = LINE('',#2880,#2881);
#2880 = CARTESIAN_POINT('',(441.6,7.99737769522,9.59737769522));
#2881 = VECTOR('',#2882,1.);
#2882 = DIRECTION('',(1.,0.,0.));
#2883 = PCURVE('',#1282,#2884);
#2884 = DEFINITIONAL_REPRESENTATION('',(#2885),#2889);
#2885 = LINE('',#2886,#2887);
#2886 = CARTESIAN_POINT('',(6.28318530718,-0.));
#2887 = VECTOR('',#2888,1.);
#2888 = DIRECTION('',(0.,1.));
#2889 = ( GEOMETRIC_REPRESENTATION_CONTEXT(2) 
PARAMETRIC_REPRESENTATION_CONTEXT() REPRESENTATION_CONTEXT('2D SPACE',''
  ) );
#2890 = PCURVE('',#1282,#2891);
#2891 = DEFINITIONAL_REPRESENTATION('',(#2892),#2896);
#2892 = LINE('',#2893,#2894);
#2893 = CARTESIAN_POINT('',(0.,-0.));
#2894 = VECTOR('',#2895,1.);
#2895 = DIRECTION('',(0.,1.));
#2896 = ( GEOMETRIC_REPRESENTATION_CONTEXT(2) 
PARAMETRIC_REPRESENTATION_CONTEXT() REPRESENTATION_CONTEXT('2D SPACE',''
  ) );
#2897 = ORIENTED_EDGE('',*,*,#1265,.T.);
#2898 = ORIENTED_EDGE('',*,*,#2877,.T.);
#2899 = ADVANCED_FACE('',(#2900),#1313,.F.);
#2900 = FACE_BOUND('',#2901,.F.);
#2901 = EDGE_LOOP('',(#2902,#2903,#2924,#2925));
#2902 = ORIENTED_EDGE('',*,*,#1951,.F.);
#2903 = ORIENTED_EDGE('',*,*,#2904,.F.);
#2904 = EDGE_CURVE('',#1297,#1952,#2905,.T.);
#2905 = SEAM_CURVE('',#2906,(#2910,#2917),.PCURVE_S1.);
#2906 = LINE('',#2907,#2908);
#2907 = CARTESIAN_POINT('',(441.6,-7.99737769522,-6.39737769522));
#2908 = VECTOR('',#2909,1.);
#2909 = DIRECTION('',(1.,0.,0.));
#2910 = PCURVE('',#1313,#2911);
#2911 = DEFINITIONAL_REPRESENTATION('',(#2912),#2916);
#2912 = LINE('',#2913,#2914);
#2913 = CARTESIAN_POINT('',(6.28318530718,-0.));
#2914 = VECTOR('',#2915,1.);
#2915 = DIRECTION('',(0.,1.));
#2916 = ( GEOMETRIC_REPRESENTATION_CONTEXT(2) 
PARAMETRIC_REPRESENTATION_CONTEXT() REPRESENTATION_CONTEXT('2D SPACE',''
  ) );
#2917 = PCURVE('',#1313,#2918);
#2918 = DEFINITIONAL_REPRESENTATION('',(#2919),#2923);
#2919 = LINE('',#2920,#2921);
#2920 = CARTESIAN_POINT('',(0.,-0.));
#2921 = VECTOR('',#2922,1.);
#2922 = DIRECTION('',(0.,1.));
#2923 = ( GEOMETRIC_REPRESENTATION_CONTEXT(2) 
PARAMETRIC_REPRESENTATION_CONTEXT() REPRESENTATION_CONTEXT('2D SPACE',''
  ) );
#2924 = ORIENTED_EDGE('',*,*,#1296,.T.);
#2925 = ORIENTED_EDGE('',*,*,#2904,.T.);
#2926 = ADVANCED_FACE('',(#2927),#1344,.F.);
#2927 = FACE_BOUND('',#2928,.F.);
#2928 = EDGE_LOOP('',(#2929,#2952,#2980,#3001));
#2929 = ORIENTED_EDGE('',*,*,#2930,.F.);
#2930 = EDGE_CURVE('',#2931,#1328,#2933,.T.);
#2931 = VERTEX_POINT('',#2932);
#2932 = CARTESIAN_POINT('',(436.6,-15.2,2.5));
#2933 = SURFACE_CURVE('',#2934,(#2938,#2945),.PCURVE_S1.);
#2934 = LINE('',#2935,#2936);
#2935 = CARTESIAN_POINT('',(436.6,-15.2,2.5));
#2936 = VECTOR('',#2937,1.);
#2937 = DIRECTION('',(1.,0.,0.));
#2938 = PCURVE('',#1344,#2939);
#2939 = DEFINITIONAL_REPRESENTATION('',(#2940),#2944);
#2940 = LINE('',#2941,#2942);
#2941 = CARTESIAN_POINT('',(0.,2.7));
#2942 = VECTOR('',#2943,1.);
#2943 = DIRECTION('',(1.,0.));
#2944 = ( GEOMETRIC_REPRESENTATION_CONTEXT(2) 
PARAMETRIC_REPRESENTATION_CONTEXT() REPRESENTATION_CONTEXT('2D SPACE',''
  ) );
#2945 = PCURVE('',#1420,#2946);
#2946 = DEFINITIONAL_REPRESENTATION('',(#2947),#2951);
#2947 = LINE('',#2948,#2949);
#2948 = CARTESIAN_POINT('',(0.,0.));
#2949 = VECTOR('',#2950,1.);
#2950 = DIRECTION('',(0.,1.));
#2951 = ( GEOMETRIC_REPRESENTATION_CONTEXT(2) 
PARAMETRIC_REPRESENTATION_CONTEXT() REPRESENTATION_CONTEXT('2D SPACE',''
  ) );
#2952 = ORIENTED_EDGE('',*,*,#2953,.F.);
#2953 = EDGE_CURVE('',#2954,#2931,#2956,.T.);
#2954 = VERTEX_POINT('',#2955);
#2955 = CARTESIAN_POINT('',(436.6,-12.5,2.5));
#2956 = SURFACE_CURVE('',#2957,(#2961,#2968),.PCURVE_S1.);
#2957 = LINE('',#2958,#2959);
#2958 = CARTESIAN_POINT('',(436.6,-12.5,2.5));
#2959 = VECTOR('',#2960,1.);
#2960 = DIRECTION('',(0.,-1.,1.224646799147E-16));
#2961 = PCURVE('',#1344,#2962);
#2962 = DEFINITIONAL_REPRESENTATION('',(#2963),#2967);
#2963 = LINE('',#2964,#2965);
#2964 = CARTESIAN_POINT('',(0.,0.));
#2965 = VECTOR('',#2966,1.);
#2966 = DIRECTION('',(0.,1.));
#2967 = ( GEOMETRIC_REPRESENTATION_CONTEXT(2) 
PARAMETRIC_REPRESENTATION_CONTEXT() REPRESENTATION_CONTEXT('2D SPACE',''
  ) );
#2968 = PCURVE('',#2969,#2974);
#2969 = PLANE('',#2970);
#2970 = AXIS2_PLACEMENT_3D('',#2971,#2972,#2973);
#2971 = CARTESIAN_POINT('',(436.6,-12.5,2.5));
#2972 = DIRECTION('',(1.,0.,0.));
#2973 = DIRECTION('',(0.,-1.224646799147E-16,-1.));
#2974 = DEFINITIONAL_REPRESENTATION('',(#2975),#2979);
#2975 = LINE('',#2976,#2977);
#2976 = CARTESIAN_POINT('',(0.,0.));
#2977 = VECTOR('',#2978,1.);
#2978 = DIRECTION('',(0.,-1.));
#2979 = ( GEOMETRIC_REPRESENTATION_CONTEXT(2) 
PARAMETRIC_REPRESENTATION_CONTEXT() REPRESENTATION_CONTEXT('2D SPACE',''
  ) );
#2980 = ORIENTED_EDGE('',*,*,#2981,.T.);
#2981 = EDGE_CURVE('',#2954,#1330,#2982,.T.);
#2982 = SURFACE_CURVE('',#2983,(#2987,#2994),.PCURVE_S1.);
#2983 = LINE('',#2984,#2985);
#2984 = CARTESIAN_POINT('',(436.6,-12.5,2.5));
#2985 = VECTOR('',#2986,1.);
#2986 = DIRECTION('',(1.,0.,0.));
#2987 = PCURVE('',#1344,#2988);
#2988 = DEFINITIONAL_REPRESENTATION('',(#2989),#2993);
#2989 = LINE('',#2990,#2991);
#2990 = CARTESIAN_POINT('',(0.,0.));
#2991 = VECTOR('',#2992,1.);
#2992 = DIRECTION('',(1.,0.));
#2993 = ( GEOMETRIC_REPRESENTATION_CONTEXT(2) 
PARAMETRIC_REPRESENTATION_CONTEXT() REPRESENTATION_CONTEXT('2D SPACE',''
  ) );
#2994 = PCURVE('',#1370,#2995);
#2995 = DEFINITIONAL_REPRESENTATION('',(#2996),#3000);
#2996 = LINE('',#2997,#2998);
#2997 = CARTESIAN_POINT('',(0.,0.));
#2998 = VECTOR('',#2999,1.);
#2999 = DIRECTION('',(0.,1.));
#3000 = ( GEOMETRIC_REPRESENTATION_CONTEXT(2) 
PARAMETRIC_REPRESENTATION_CONTEXT() REPRESENTATION_CONTEXT('2D SPACE',''
  ) );
#3001 = ORIENTED_EDGE('',*,*,#1327,.F.);
#3002 = ADVANCED_FACE('',(#3003,#3051),#1420,.T.);
#3003 = FACE_BOUND('',#3004,.T.);
#3004 = EDGE_LOOP('',(#3005,#3006,#3029,#3050));
#3005 = ORIENTED_EDGE('',*,*,#2930,.F.);
#3006 = ORIENTED_EDGE('',*,*,#3007,.T.);
#3007 = EDGE_CURVE('',#2931,#3008,#3010,.T.);
#3008 = VERTEX_POINT('',#3009);
#3009 = CARTESIAN_POINT('',(436.6,-15.2,-2.5));
#3010 = SURFACE_CURVE('',#3011,(#3015,#3022),.PCURVE_S1.);
#3011 = LINE('',#3012,#3013);
#3012 = CARTESIAN_POINT('',(436.6,-15.2,2.5));
#3013 = VECTOR('',#3014,1.);
#3014 = DIRECTION('',(0.,-1.224646799147E-16,-1.));
#3015 = PCURVE('',#1420,#3016);
#3016 = DEFINITIONAL_REPRESENTATION('',(#3017),#3021);
#3017 = LINE('',#3018,#3019);
#3018 = CARTESIAN_POINT('',(0.,0.));
#3019 = VECTOR('',#3020,1.);
#3020 = DIRECTION('',(1.,0.));
#3021 = ( GEOMETRIC_REPRESENTATION_CONTEXT(2) 
PARAMETRIC_REPRESENTATION_CONTEXT() REPRESENTATION_CONTEXT('2D SPACE',''
  ) );
#3022 = PCURVE('',#2969,#3023);
#3023 = DEFINITIONAL_REPRESENTATION('',(#3024),#3028);
#3024 = LINE('',#3025,#3026);
#3025 = CARTESIAN_POINT('',(-1.134345740803E-16,-2.7));
#3026 = VECTOR('',#3027,1.);
#3027 = DIRECTION('',(1.,0.));
#3028 = ( GEOMETRIC_REPRESENTATION_CONTEXT(2) 
PARAMETRIC_REPRESENTATION_CONTEXT() REPRESENTATION_CONTEXT('2D SPACE',''
  ) );
#3029 = ORIENTED_EDGE('',*,*,#3030,.T.);
#3030 = EDGE_CURVE('',#3008,#1382,#3031,.T.);
#3031 = SURFACE_CURVE('',#3032,(#3036,#3043),.PCURVE_S1.);
#3032 = LINE('',#3033,#3034);
#3033 = CARTESIAN_POINT('',(436.6,-15.2,-2.5));
#3034 = VECTOR('',#3035,1.);
#3035 = DIRECTION('',(1.,0.,0.));
#3036 = PCURVE('',#1420,#3037);
#3037 = DEFINITIONAL_REPRESENTATION('',(#3038),#3042);
#3038 = LINE('',#3039,#3040);
#3039 = CARTESIAN_POINT('',(5.,0.));
#3040 = VECTOR('',#3041,1.);
#3041 = DIRECTION('',(0.,1.));
#3042 = ( GEOMETRIC_REPRESENTATION_CONTEXT(2) 
PARAMETRIC_REPRESENTATION_CONTEXT() REPRESENTATION_CONTEXT('2D SPACE',''
  ) );
#3043 = PCURVE('',#1396,#3044);
#3044 = DEFINITIONAL_REPRESENTATION('',(#3045),#3049);
#3045 = LINE('',#3046,#3047);
#3046 = CARTESIAN_POINT('',(0.,2.7));
#3047 = VECTOR('',#3048,1.);
#3048 = DIRECTION('',(1.,0.));
#3049 = ( GEOMETRIC_REPRESENTATION_CONTEXT(2) 
PARAMETRIC_REPRESENTATION_CONTEXT() REPRESENTATION_CONTEXT('2D SPACE',''
  ) );
#3050 = ORIENTED_EDGE('',*,*,#1407,.F.);
#3051 = FACE_BOUND('',#3052,.T.);
#3052 = EDGE_LOOP('',(#3053,#3087,#3113,#3139));
#3053 = ORIENTED_EDGE('',*,*,#3054,.F.);
#3054 = EDGE_CURVE('',#3055,#3057,#3059,.T.);
#3055 = VERTEX_POINT('',#3056);
#3056 = CARTESIAN_POINT('',(439.16298512285,-15.2,-0.612835554495));
#3057 = VERTEX_POINT('',#3058);
#3058 = CARTESIAN_POINT('',(439.6784090909,-15.2,-0.8));
#3059 = SURFACE_CURVE('',#3060,(#3065,#3072),.PCURVE_S1.);
#3060 = ELLIPSE('',#3061,0.801857348044,0.8);
#3061 = AXIS2_PLACEMENT_3D('',#3062,#3063,#3064);
#3062 = CARTESIAN_POINT('',(439.6784090909,-15.2,1.861463134704E-15));
#3063 = DIRECTION('',(0.,-1.,1.224646799147E-16));
#3064 = DIRECTION('',(1.,0.,0.));
#3065 = PCURVE('',#1420,#3066);
#3066 = DEFINITIONAL_REPRESENTATION('',(#3067),#3071);
#3067 = ELLIPSE('',#3068,0.801857348044,0.8);
#3068 = AXIS2_PLACEMENT_2D('',#3069,#3070);
#3069 = CARTESIAN_POINT('',(2.5,3.078409090909));
#3070 = DIRECTION('',(0.,1.));
#3071 = ( GEOMETRIC_REPRESENTATION_CONTEXT(2) 
PARAMETRIC_REPRESENTATION_CONTEXT() REPRESENTATION_CONTEXT('2D SPACE',''
  ) );
#3072 = PCURVE('',#3073,#3078);
#3073 = CYLINDRICAL_SURFACE('',#3074,0.8);
#3074 = AXIS2_PLACEMENT_3D('',#3075,#3076,#3077);
#3075 = CARTESIAN_POINT('',(439.23287165847,-8.665450990922,
    1.06121168192E-15));
#3076 = DIRECTION('',(6.802388813738E-02,-0.997683692682,
    1.221810140804E-16));
#3077 = DIRECTION('',(0.,-1.224646799147E-16,-1.));
#3078 = DEFINITIONAL_REPRESENTATION('',(#3079),#3086);
#3079 = B_SPLINE_CURVE_WITH_KNOTS('',5,(#3080,#3081,#3082,#3083,#3084,
    #3085),.UNSPECIFIED.,.F.,.F.,(6,6),(4.014257279587,4.712388980385),
  .PIECEWISE_BEZIER_KNOTS.);
#3080 = CARTESIAN_POINT('',(5.585053606382,6.514659031504));
#3081 = CARTESIAN_POINT('',(5.724679946541,6.52049321234));
#3082 = CARTESIAN_POINT('',(5.864306286701,6.527181739682));
#3083 = CARTESIAN_POINT('',(6.00393262686,6.534488151283));
#3084 = CARTESIAN_POINT('',(6.14355896702,6.54210419166));
#3085 = CARTESIAN_POINT('',(6.28318530718,6.54972017385));
#3086 = ( GEOMETRIC_REPRESENTATION_CONTEXT(2) 
PARAMETRIC_REPRESENTATION_CONTEXT() REPRESENTATION_CONTEXT('2D SPACE',''
  ) );
#3087 = ORIENTED_EDGE('',*,*,#3088,.T.);
#3088 = EDGE_CURVE('',#3055,#3089,#3091,.T.);
#3089 = VERTEX_POINT('',#3090);
#3090 = CARTESIAN_POINT('',(438.43094050881,-15.2,1.861463134704E-15));
#3091 = SURFACE_CURVE('',#3092,(#3096,#3102),.PCURVE_S1.);
#3092 = LINE('',#3093,#3094);
#3093 = CARTESIAN_POINT('',(437.14815647753,-15.2,1.073890372302));
#3094 = VECTOR('',#3095,1.);
#3095 = DIRECTION('',(-0.76677778274,7.86116254666E-17,0.641912635719));
#3096 = PCURVE('',#1420,#3097);
#3097 = DEFINITIONAL_REPRESENTATION('',(#3098),#3101);
#3098 = B_SPLINE_CURVE_WITH_KNOTS('',1,(#3099,#3100),.UNSPECIFIED.,.F.,
  .F.,(2,2),(-2.627656526665,-1.672954094599),.PIECEWISE_BEZIER_KNOTS.);
#3099 = CARTESIAN_POINT('',(3.112835554495,2.562985122851));
#3100 = CARTESIAN_POINT('',(2.5,1.830940508814));
#3101 = ( GEOMETRIC_REPRESENTATION_CONTEXT(2) 
PARAMETRIC_REPRESENTATION_CONTEXT() REPRESENTATION_CONTEXT('2D SPACE',''
  ) );
#3102 = PCURVE('',#3103,#3108);
#3103 = PLANE('',#3104);
#3104 = AXIS2_PLACEMENT_3D('',#3105,#3106,#3107);
#3105 = CARTESIAN_POINT('',(437.99117542457,-8.750112097779,
    1.071579677273E-15));
#3106 = DIRECTION('',(0.641298716042,4.372491245741E-02,0.766044443119)
  );
#3107 = DIRECTION('',(0.764270048769,5.210932150699E-02,-0.642787609687)
  );
#3108 = DEFINITIONAL_REPRESENTATION('',(#3109),#3112);
#3109 = B_SPLINE_CURVE_WITH_KNOTS('',1,(#3110,#3111),.UNSPECIFIED.,.F.,
  .F.,(2,2),(-2.627656526665,-1.672954094599),.PIECEWISE_BEZIER_KNOTS.);
#3110 = CARTESIAN_POINT('',(0.953402874075,-6.514659031504));
#3111 = CARTESIAN_POINT('',(-1.265654248073E-14,-6.464862510567));
#3112 = ( GEOMETRIC_REPRESENTATION_CONTEXT(2) 
PARAMETRIC_REPRESENTATION_CONTEXT() REPRESENTATION_CONTEXT('2D SPACE',''
  ) );
#3113 = ORIENTED_EDGE('',*,*,#3114,.T.);
#3114 = EDGE_CURVE('',#3089,#3115,#3117,.T.);
#3115 = VERTEX_POINT('',#3116);
#3116 = CARTESIAN_POINT('',(439.16298512285,-15.2,0.612835554495));
#3117 = SURFACE_CURVE('',#3118,(#3122,#3128),.PCURVE_S1.);
#3118 = LINE('',#3119,#3120);
#3119 = CARTESIAN_POINT('',(438.74369385938,-15.2,0.261823349757));
#3120 = VECTOR('',#3121,1.);
#3121 = DIRECTION('',(0.76677778274,7.86116254666E-17,0.641912635719));
#3122 = PCURVE('',#1420,#3123);
#3123 = DEFINITIONAL_REPRESENTATION('',(#3124),#3127);
#3124 = B_SPLINE_CURVE_WITH_KNOTS('',1,(#3125,#3126),.UNSPECIFIED.,.F.,
  .F.,(2,2),(-0.407880037233,0.546822394833),.PIECEWISE_BEZIER_KNOTS.);
#3125 = CARTESIAN_POINT('',(2.5,1.830940508814));
#3126 = CARTESIAN_POINT('',(1.887164445505,2.562985122851));
#3127 = ( GEOMETRIC_REPRESENTATION_CONTEXT(2) 
PARAMETRIC_REPRESENTATION_CONTEXT() REPRESENTATION_CONTEXT('2D SPACE',''
  ) );
#3128 = PCURVE('',#3129,#3134);
#3129 = PLANE('',#3130);
#3130 = AXIS2_PLACEMENT_3D('',#3131,#3132,#3133);
#3131 = CARTESIAN_POINT('',(438.71983268563,-8.700430920888,
    0.612835554495));
#3132 = DIRECTION('',(0.641298716042,4.372491245741E-02,-0.766044443119)
  );
#3133 = DIRECTION('',(-0.764270048769,-5.210932150699E-02,
    -0.642787609687));
#3134 = DEFINITIONAL_REPRESENTATION('',(#3135),#3138);
#3135 = B_SPLINE_CURVE_WITH_KNOTS('',1,(#3136,#3137),.UNSPECIFIED.,.F.,
  .F.,(2,2),(-0.407880037233,0.546822394833),.PIECEWISE_BEZIER_KNOTS.);
#3136 = CARTESIAN_POINT('',(0.953402874075,-6.464862510567));
#3137 = CARTESIAN_POINT('',(0.,-6.514659031504));
#3138 = ( GEOMETRIC_REPRESENTATION_CONTEXT(2) 
PARAMETRIC_REPRESENTATION_CONTEXT() REPRESENTATION_CONTEXT('2D SPACE',''
  ) );
#3139 = ORIENTED_EDGE('',*,*,#3140,.F.);
#3140 = EDGE_CURVE('',#3057,#3115,#3141,.T.);
#3141 = SURFACE_CURVE('',#3142,(#3147,#3154),.PCURVE_S1.);
#3142 = ELLIPSE('',#3143,0.801857348044,0.8);
#3143 = AXIS2_PLACEMENT_3D('',#3144,#3145,#3146);
#3144 = CARTESIAN_POINT('',(439.6784090909,-15.2,1.861463134704E-15));
#3145 = DIRECTION('',(0.,-1.,1.224646799147E-16));
#3146 = DIRECTION('',(1.,0.,0.));
#3147 = PCURVE('',#1420,#3148);
#3148 = DEFINITIONAL_REPRESENTATION('',(#3149),#3153);
#3149 = ELLIPSE('',#3150,0.801857348044,0.8);
#3150 = AXIS2_PLACEMENT_2D('',#3151,#3152);
#3151 = CARTESIAN_POINT('',(2.5,3.078409090909));
#3152 = DIRECTION('',(0.,1.));
#3153 = ( GEOMETRIC_REPRESENTATION_CONTEXT(2) 
PARAMETRIC_REPRESENTATION_CONTEXT() REPRESENTATION_CONTEXT('2D SPACE',''
  ) );
#3154 = PCURVE('',#3073,#3155);
#3155 = DEFINITIONAL_REPRESENTATION('',(#3156),#3171);
#3156 = B_SPLINE_CURVE_WITH_KNOTS('',7,(#3157,#3158,#3159,#3160,#3161,
    #3162,#3163,#3164,#3165,#3166,#3167,#3168,#3169,#3170),
  .UNSPECIFIED.,.F.,.F.,(8,6,8),(4.712388980385,6.632251157578,
    8.552113334772),.UNSPECIFIED.);
#3157 = CARTESIAN_POINT('',(6.28318530718,6.54972017385));
#3158 = CARTESIAN_POINT('',(6.557451332493,6.564680138867));
#3159 = CARTESIAN_POINT('',(6.831717357806,6.579639817917));
#3160 = CARTESIAN_POINT('',(7.105983383119,6.592763474976));
#3161 = CARTESIAN_POINT('',(7.380249408434,6.602204503726));
#3162 = CARTESIAN_POINT('',(7.654515433746,6.606710873725));
#3163 = CARTESIAN_POINT('',(7.92878145906,6.606092744363));
#3164 = CARTESIAN_POINT('',(8.477313509687,6.595859525605));
#3165 = CARTESIAN_POINT('',(8.751579535,6.586244631821));
#3166 = CARTESIAN_POINT('',(9.025845560313,6.572761151688));
#3167 = CARTESIAN_POINT('',(9.300111585628,6.556862078922));
#3168 = CARTESIAN_POINT('',(9.57437761094,6.540655883239));
#3169 = CARTESIAN_POINT('',(9.848643636254,6.526119029574));
#3170 = CARTESIAN_POINT('',(10.122909661567,6.514659031504));
#3171 = ( GEOMETRIC_REPRESENTATION_CONTEXT(2) 
PARAMETRIC_REPRESENTATION_CONTEXT() REPRESENTATION_CONTEXT('2D SPACE',''
  ) );
#3172 = ADVANCED_FACE('',(#3173),#1396,.T.);
#3173 = FACE_BOUND('',#3174,.T.);
#3174 = EDGE_LOOP('',(#3175,#3176,#3199,#3220));
#3175 = ORIENTED_EDGE('',*,*,#3030,.F.);
#3176 = ORIENTED_EDGE('',*,*,#3177,.F.);
#3177 = EDGE_CURVE('',#3178,#3008,#3180,.T.);
#3178 = VERTEX_POINT('',#3179);
#3179 = CARTESIAN_POINT('',(436.6,-12.5,-2.5));
#3180 = SURFACE_CURVE('',#3181,(#3185,#3192),.PCURVE_S1.);
#3181 = LINE('',#3182,#3183);
#3182 = CARTESIAN_POINT('',(436.6,-12.5,-2.5));
#3183 = VECTOR('',#3184,1.);
#3184 = DIRECTION('',(0.,-1.,1.224646799147E-16));
#3185 = PCURVE('',#1396,#3186);
#3186 = DEFINITIONAL_REPRESENTATION('',(#3187),#3191);
#3187 = LINE('',#3188,#3189);
#3188 = CARTESIAN_POINT('',(0.,0.));
#3189 = VECTOR('',#3190,1.);
#3190 = DIRECTION('',(0.,1.));
#3191 = ( GEOMETRIC_REPRESENTATION_CONTEXT(2) 
PARAMETRIC_REPRESENTATION_CONTEXT() REPRESENTATION_CONTEXT('2D SPACE',''
  ) );
#3192 = PCURVE('',#2969,#3193);
#3193 = DEFINITIONAL_REPRESENTATION('',(#3194),#3198);
#3194 = LINE('',#3195,#3196);
#3195 = CARTESIAN_POINT('',(5.,6.123233995737E-16));
#3196 = VECTOR('',#3197,1.);
#3197 = DIRECTION('',(0.,-1.));
#3198 = ( GEOMETRIC_REPRESENTATION_CONTEXT(2) 
PARAMETRIC_REPRESENTATION_CONTEXT() REPRESENTATION_CONTEXT('2D SPACE',''
  ) );
#3199 = ORIENTED_EDGE('',*,*,#3200,.T.);
#3200 = EDGE_CURVE('',#3178,#1356,#3201,.T.);
#3201 = SURFACE_CURVE('',#3202,(#3206,#3213),.PCURVE_S1.);
#3202 = LINE('',#3203,#3204);
#3203 = CARTESIAN_POINT('',(436.6,-12.5,-2.5));
#3204 = VECTOR('',#3205,1.);
#3205 = DIRECTION('',(1.,0.,0.));
#3206 = PCURVE('',#1396,#3207);
#3207 = DEFINITIONAL_REPRESENTATION('',(#3208),#3212);
#3208 = LINE('',#3209,#3210);
#3209 = CARTESIAN_POINT('',(0.,0.));
#3210 = VECTOR('',#3211,1.);
#3211 = DIRECTION('',(1.,0.));
#3212 = ( GEOMETRIC_REPRESENTATION_CONTEXT(2) 
PARAMETRIC_REPRESENTATION_CONTEXT() REPRESENTATION_CONTEXT('2D SPACE',''
  ) );
#3213 = PCURVE('',#1370,#3214);
#3214 = DEFINITIONAL_REPRESENTATION('',(#3215),#3219);
#3215 = LINE('',#3216,#3217);
#3216 = CARTESIAN_POINT('',(5.,0.));
#3217 = VECTOR('',#3218,1.);
#3218 = DIRECTION('',(0.,1.));
#3219 = ( GEOMETRIC_REPRESENTATION_CONTEXT(2) 
PARAMETRIC_REPRESENTATION_CONTEXT() REPRESENTATION_CONTEXT('2D SPACE',''
  ) );
#3220 = ORIENTED_EDGE('',*,*,#1381,.F.);
#3221 = ADVANCED_FACE('',(#3222,#3248),#1370,.F.);
#3222 = FACE_BOUND('',#3223,.F.);
#3223 = EDGE_LOOP('',(#3224,#3225,#3246,#3247));
#3224 = ORIENTED_EDGE('',*,*,#2981,.F.);
#3225 = ORIENTED_EDGE('',*,*,#3226,.T.);
#3226 = EDGE_CURVE('',#2954,#3178,#3227,.T.);
#3227 = SURFACE_CURVE('',#3228,(#3232,#3239),.PCURVE_S1.);
#3228 = LINE('',#3229,#3230);
#3229 = CARTESIAN_POINT('',(436.6,-12.5,2.5));
#3230 = VECTOR('',#3231,1.);
#3231 = DIRECTION('',(0.,-1.224646799147E-16,-1.));
#3232 = PCURVE('',#1370,#3233);
#3233 = DEFINITIONAL_REPRESENTATION('',(#3234),#3238);
#3234 = LINE('',#3235,#3236);
#3235 = CARTESIAN_POINT('',(0.,0.));
#3236 = VECTOR('',#3237,1.);
#3237 = DIRECTION('',(1.,0.));
#3238 = ( GEOMETRIC_REPRESENTATION_CONTEXT(2) 
PARAMETRIC_REPRESENTATION_CONTEXT() REPRESENTATION_CONTEXT('2D SPACE',''
  ) );
#3239 = PCURVE('',#2969,#3240);
#3240 = DEFINITIONAL_REPRESENTATION('',(#3241),#3245);
#3241 = LINE('',#3242,#3243);
#3242 = CARTESIAN_POINT('',(0.,0.));
#3243 = VECTOR('',#3244,1.);
#3244 = DIRECTION('',(1.,0.));
#3245 = ( GEOMETRIC_REPRESENTATION_CONTEXT(2) 
PARAMETRIC_REPRESENTATION_CONTEXT() REPRESENTATION_CONTEXT('2D SPACE',''
  ) );
#3246 = ORIENTED_EDGE('',*,*,#3200,.T.);
#3247 = ORIENTED_EDGE('',*,*,#1355,.F.);
#3248 = FACE_BOUND('',#3249,.F.);
#3249 = EDGE_LOOP('',(#3250,#3279,#3300,#3321));
#3250 = ORIENTED_EDGE('',*,*,#3251,.F.);
#3251 = EDGE_CURVE('',#3252,#3254,#3256,.T.);
#3252 = VERTEX_POINT('',#3253);
#3253 = CARTESIAN_POINT('',(438.97889421376,-12.5,-0.612835554495));
#3254 = VERTEX_POINT('',#3255);
#3255 = CARTESIAN_POINT('',(439.49431818181,-12.5,-0.8));
#3256 = SURFACE_CURVE('',#3257,(#3262,#3269),.PCURVE_S1.);
#3257 = ELLIPSE('',#3258,0.801857348044,0.8);
#3258 = AXIS2_PLACEMENT_3D('',#3259,#3260,#3261);
#3259 = CARTESIAN_POINT('',(439.49431818181,-12.5,1.530808498934E-15));
#3260 = DIRECTION('',(0.,-1.,1.224646799147E-16));
#3261 = DIRECTION('',(1.,0.,0.));
#3262 = PCURVE('',#1370,#3263);
#3263 = DEFINITIONAL_REPRESENTATION('',(#3264),#3268);
#3264 = ELLIPSE('',#3265,0.801857348044,0.8);
#3265 = AXIS2_PLACEMENT_2D('',#3266,#3267);
#3266 = CARTESIAN_POINT('',(2.5,2.894318181818));
#3267 = DIRECTION('',(0.,1.));
#3268 = ( GEOMETRIC_REPRESENTATION_CONTEXT(2) 
PARAMETRIC_REPRESENTATION_CONTEXT() REPRESENTATION_CONTEXT('2D SPACE',''
  ) );
#3269 = PCURVE('',#3073,#3270);
#3270 = DEFINITIONAL_REPRESENTATION('',(#3271),#3278);
#3271 = B_SPLINE_CURVE_WITH_KNOTS('',5,(#3272,#3273,#3274,#3275,#3276,
    #3277),.UNSPECIFIED.,.F.,.F.,(6,6),(4.014257279587,4.712388980385),
  .PIECEWISE_BEZIER_KNOTS.);
#3272 = CARTESIAN_POINT('',(5.585053606382,3.808390481856));
#3273 = CARTESIAN_POINT('',(5.724679946541,3.814224662692));
#3274 = CARTESIAN_POINT('',(5.864306286701,3.820913190035));
#3275 = CARTESIAN_POINT('',(6.00393262686,3.828219601635));
#3276 = CARTESIAN_POINT('',(6.14355896702,3.835835642012));
#3277 = CARTESIAN_POINT('',(6.28318530718,3.843451624203));
#3278 = ( GEOMETRIC_REPRESENTATION_CONTEXT(2) 
PARAMETRIC_REPRESENTATION_CONTEXT() REPRESENTATION_CONTEXT('2D SPACE',''
  ) );
#3279 = ORIENTED_EDGE('',*,*,#3280,.T.);
#3280 = EDGE_CURVE('',#3252,#3281,#3283,.T.);
#3281 = VERTEX_POINT('',#3282);
#3282 = CARTESIAN_POINT('',(438.24684959972,-12.5,1.530808498934E-15));
#3283 = SURFACE_CURVE('',#3284,(#3288,#3294),.PCURVE_S1.);
#3284 = LINE('',#3285,#3286);
#3285 = CARTESIAN_POINT('',(437.0723014812,-12.5,0.983280026506));
#3286 = VECTOR('',#3287,1.);
#3287 = DIRECTION('',(-0.76677778274,7.86116254666E-17,0.641912635719));
#3288 = PCURVE('',#1370,#3289);
#3289 = DEFINITIONAL_REPRESENTATION('',(#3290),#3293);
#3290 = B_SPLINE_CURVE_WITH_KNOTS('',1,(#3291,#3292),.UNSPECIFIED.,.F.,
  .F.,(2,2),(-2.48649970757,-1.531797275504),.PIECEWISE_BEZIER_KNOTS.);
#3291 = CARTESIAN_POINT('',(3.112835554495,2.37889421376));
#3292 = CARTESIAN_POINT('',(2.5,1.646849599724));
#3293 = ( GEOMETRIC_REPRESENTATION_CONTEXT(2) 
PARAMETRIC_REPRESENTATION_CONTEXT() REPRESENTATION_CONTEXT('2D SPACE',''
  ) );
#3294 = PCURVE('',#3103,#3295);
#3295 = DEFINITIONAL_REPRESENTATION('',(#3296),#3299);
#3296 = B_SPLINE_CURVE_WITH_KNOTS('',1,(#3297,#3298),.UNSPECIFIED.,.F.,
  .F.,(2,2),(-2.48649970757,-1.531797275504),.PIECEWISE_BEZIER_KNOTS.);
#3297 = CARTESIAN_POINT('',(0.953402874075,-3.808390481856));
#3298 = CARTESIAN_POINT('',(-1.265654248073E-14,-3.75859396092));
#3299 = ( GEOMETRIC_REPRESENTATION_CONTEXT(2) 
PARAMETRIC_REPRESENTATION_CONTEXT() REPRESENTATION_CONTEXT('2D SPACE',''
  ) );
#3300 = ORIENTED_EDGE('',*,*,#3301,.T.);
#3301 = EDGE_CURVE('',#3281,#3302,#3304,.T.);
#3302 = VERTEX_POINT('',#3303);
#3303 = CARTESIAN_POINT('',(438.97889421376,-12.5,0.612835554495));
#3304 = SURFACE_CURVE('',#3305,(#3309,#3315),.PCURVE_S1.);
#3305 = LINE('',#3306,#3307);
#3306 = CARTESIAN_POINT('',(438.66783886306,-12.5,0.352433695553));
#3307 = VECTOR('',#3308,1.);
#3308 = DIRECTION('',(0.76677778274,7.86116254666E-17,0.641912635719));
#3309 = PCURVE('',#1370,#3310);
#3310 = DEFINITIONAL_REPRESENTATION('',(#3311),#3314);
#3311 = B_SPLINE_CURVE_WITH_KNOTS('',1,(#3312,#3313),.UNSPECIFIED.,.F.,
  .F.,(2,2),(-0.549036856328,0.405665575738),.PIECEWISE_BEZIER_KNOTS.);
#3312 = CARTESIAN_POINT('',(2.5,1.646849599724));
#3313 = CARTESIAN_POINT('',(1.887164445505,2.37889421376));
#3314 = ( GEOMETRIC_REPRESENTATION_CONTEXT(2) 
PARAMETRIC_REPRESENTATION_CONTEXT() REPRESENTATION_CONTEXT('2D SPACE',''
  ) );
#3315 = PCURVE('',#3129,#3316);
#3316 = DEFINITIONAL_REPRESENTATION('',(#3317),#3320);
#3317 = B_SPLINE_CURVE_WITH_KNOTS('',1,(#3318,#3319),.UNSPECIFIED.,.F.,
  .F.,(2,2),(-0.549036856328,0.405665575738),.PIECEWISE_BEZIER_KNOTS.);
#3318 = CARTESIAN_POINT('',(0.953402874075,-3.75859396092));
#3319 = CARTESIAN_POINT('',(-1.110223024625E-16,-3.808390481856));
#3320 = ( GEOMETRIC_REPRESENTATION_CONTEXT(2) 
PARAMETRIC_REPRESENTATION_CONTEXT() REPRESENTATION_CONTEXT('2D SPACE',''
  ) );
#3321 = ORIENTED_EDGE('',*,*,#3322,.F.);
#3322 = EDGE_CURVE('',#3254,#3302,#3323,.T.);
#3323 = SURFACE_CURVE('',#3324,(#3329,#3336),.PCURVE_S1.);
#3324 = ELLIPSE('',#3325,0.801857348044,0.8);
#3325 = AXIS2_PLACEMENT_3D('',#3326,#3327,#3328);
#3326 = CARTESIAN_POINT('',(439.49431818181,-12.5,1.530808498934E-15));
#3327 = DIRECTION('',(0.,-1.,1.224646799147E-16));
#3328 = DIRECTION('',(1.,0.,0.));
#3329 = PCURVE('',#1370,#3330);
#3330 = DEFINITIONAL_REPRESENTATION('',(#3331),#3335);
#3331 = ELLIPSE('',#3332,0.801857348044,0.8);
#3332 = AXIS2_PLACEMENT_2D('',#3333,#3334);
#3333 = CARTESIAN_POINT('',(2.5,2.894318181818));
#3334 = DIRECTION('',(0.,1.));
#3335 = ( GEOMETRIC_REPRESENTATION_CONTEXT(2) 
PARAMETRIC_REPRESENTATION_CONTEXT() REPRESENTATION_CONTEXT('2D SPACE',''
  ) );
#3336 = PCURVE('',#3073,#3337);
#3337 = DEFINITIONAL_REPRESENTATION('',(#3338),#3353);
#3338 = B_SPLINE_CURVE_WITH_KNOTS('',7,(#3339,#3340,#3341,#3342,#3343,
    #3344,#3345,#3346,#3347,#3348,#3349,#3350,#3351,#3352),
  .UNSPECIFIED.,.F.,.F.,(8,6,8),(4.712388980385,6.632251157578,
    8.552113334772),.UNSPECIFIED.);
#3339 = CARTESIAN_POINT('',(6.28318530718,3.843451624203));
#3340 = CARTESIAN_POINT('',(6.557451332493,3.85841158922));
#3341 = CARTESIAN_POINT('',(6.831717357807,3.873371268269));
#3342 = CARTESIAN_POINT('',(7.105983383119,3.886494925332));
#3343 = CARTESIAN_POINT('',(7.380249408434,3.895935954076));
#3344 = CARTESIAN_POINT('',(7.654515433746,3.900442324078));
#3345 = CARTESIAN_POINT('',(7.92878145906,3.899824194716));
#3346 = CARTESIAN_POINT('',(8.477313509687,3.889590975957));
#3347 = CARTESIAN_POINT('',(8.751579535,3.879976082173));
#3348 = CARTESIAN_POINT('',(9.025845560314,3.866492602036));
#3349 = CARTESIAN_POINT('',(9.300111585627,3.850593529278));
#3350 = CARTESIAN_POINT('',(9.57437761094,3.834387333591));
#3351 = CARTESIAN_POINT('',(9.848643636254,3.819850479927));
#3352 = CARTESIAN_POINT('',(10.122909661567,3.808390481856));
#3353 = ( GEOMETRIC_REPRESENTATION_CONTEXT(2) 
PARAMETRIC_REPRESENTATION_CONTEXT() REPRESENTATION_CONTEXT('2D SPACE',''
  ) );
#3354 = ADVANCED_FACE('',(#3355),#1450,.F.);
#3355 = FACE_BOUND('',#3356,.F.);
#3356 = EDGE_LOOP('',(#3357,#3358,#3379,#3380));
#3357 = ORIENTED_EDGE('',*,*,#1977,.F.);
#3358 = ORIENTED_EDGE('',*,*,#3359,.F.);
#3359 = EDGE_CURVE('',#1434,#1978,#3360,.T.);
#3360 = SEAM_CURVE('',#3361,(#3365,#3372),.PCURVE_S1.);
#3361 = LINE('',#3362,#3363);
#3362 = CARTESIAN_POINT('',(441.6,-7.99737769522,9.59737769522));
#3363 = VECTOR('',#3364,1.);
#3364 = DIRECTION('',(1.,0.,0.));
#3365 = PCURVE('',#1450,#3366);
#3366 = DEFINITIONAL_REPRESENTATION('',(#3367),#3371);
#3367 = LINE('',#3368,#3369);
#3368 = CARTESIAN_POINT('',(6.28318530718,-0.));
#3369 = VECTOR('',#3370,1.);
#3370 = DIRECTION('',(0.,1.));
#3371 = ( GEOMETRIC_REPRESENTATION_CONTEXT(2) 
PARAMETRIC_REPRESENTATION_CONTEXT() REPRESENTATION_CONTEXT('2D SPACE',''
  ) );
#3372 = PCURVE('',#1450,#3373);
#3373 = DEFINITIONAL_REPRESENTATION('',(#3374),#3378);
#3374 = LINE('',#3375,#3376);
#3375 = CARTESIAN_POINT('',(0.,-0.));
#3376 = VECTOR('',#3377,1.);
#3377 = DIRECTION('',(0.,1.));
#3378 = ( GEOMETRIC_REPRESENTATION_CONTEXT(2) 
PARAMETRIC_REPRESENTATION_CONTEXT() REPRESENTATION_CONTEXT('2D SPACE',''
  ) );
#3379 = ORIENTED_EDGE('',*,*,#1433,.T.);
#3380 = ORIENTED_EDGE('',*,*,#3359,.T.);
#3381 = ADVANCED_FACE('',(#3382),#2460,.F.);
#3382 = FACE_BOUND('',#3383,.F.);
#3383 = EDGE_LOOP('',(#3384,#3385,#3386,#3387));
#3384 = ORIENTED_EDGE('',*,*,#2668,.F.);
#3385 = ORIENTED_EDGE('',*,*,#2444,.T.);
#3386 = ORIENTED_EDGE('',*,*,#2498,.T.);
#3387 = ORIENTED_EDGE('',*,*,#2823,.F.);
#3388 = ADVANCED_FACE('',(#3389),#2564,.F.);
#3389 = FACE_BOUND('',#3390,.F.);
#3390 = EDGE_LOOP('',(#3391,#3392,#3393,#3413,#3414,#3415));
#3391 = ORIENTED_EDGE('',*,*,#2715,.T.);
#3392 = ORIENTED_EDGE('',*,*,#2786,.T.);
#3393 = ORIENTED_EDGE('',*,*,#3394,.T.);
#3394 = EDGE_CURVE('',#2766,#2606,#3395,.T.);
#3395 = SURFACE_CURVE('',#3396,(#3400,#3406),.PCURVE_S1.);
#3396 = LINE('',#3397,#3398);
#3397 = CARTESIAN_POINT('',(438.71983268563,8.700430920888,
    -0.612835554495));
#3398 = VECTOR('',#3399,1.);
#3399 = DIRECTION('',(6.802388813738E-02,0.997683692682,0.));
#3400 = PCURVE('',#2564,#3401);
#3401 = DEFINITIONAL_REPRESENTATION('',(#3402),#3405);
#3402 = B_SPLINE_CURVE_WITH_KNOTS('',1,(#3403,#3404),.UNSPECIFIED.,.F.,
  .F.,(2,2),(3.808390481856,6.514659031504),.PIECEWISE_BEZIER_KNOTS.);
#3403 = CARTESIAN_POINT('',(10.122909661567,3.808390481856));
#3404 = CARTESIAN_POINT('',(10.122909661567,6.514659031504));
#3405 = ( GEOMETRIC_REPRESENTATION_CONTEXT(2) 
PARAMETRIC_REPRESENTATION_CONTEXT() REPRESENTATION_CONTEXT('2D SPACE',''
  ) );
#3406 = PCURVE('',#2620,#3407);
#3407 = DEFINITIONAL_REPRESENTATION('',(#3408),#3412);
#3408 = LINE('',#3409,#3410);
#3409 = CARTESIAN_POINT('',(0.,0.));
#3410 = VECTOR('',#3411,1.);
#3411 = DIRECTION('',(0.,-1.));
#3412 = ( GEOMETRIC_REPRESENTATION_CONTEXT(2) 
PARAMETRIC_REPRESENTATION_CONTEXT() REPRESENTATION_CONTEXT('2D SPACE',''
  ) );
#3413 = ORIENTED_EDGE('',*,*,#2631,.F.);
#3414 = ORIENTED_EDGE('',*,*,#2545,.F.);
#3415 = ORIENTED_EDGE('',*,*,#3416,.F.);
#3416 = EDGE_CURVE('',#2716,#2546,#3417,.T.);
#3417 = SURFACE_CURVE('',#3418,(#3422,#3428),.PCURVE_S1.);
#3418 = LINE('',#3419,#3420);
#3419 = CARTESIAN_POINT('',(438.71983268563,8.700430920888,
    0.612835554495));
#3420 = VECTOR('',#3421,1.);
#3421 = DIRECTION('',(6.802388813738E-02,0.997683692682,0.));
#3422 = PCURVE('',#2564,#3423);
#3423 = DEFINITIONAL_REPRESENTATION('',(#3424),#3427);
#3424 = B_SPLINE_CURVE_WITH_KNOTS('',1,(#3425,#3426),.UNSPECIFIED.,.F.,
  .F.,(2,2),(3.808390481856,6.514659031504),.PIECEWISE_BEZIER_KNOTS.);
#3425 = CARTESIAN_POINT('',(5.585053606382,3.808390481856));
#3426 = CARTESIAN_POINT('',(5.585053606382,6.514659031504));
#3427 = ( GEOMETRIC_REPRESENTATION_CONTEXT(2) 
PARAMETRIC_REPRESENTATION_CONTEXT() REPRESENTATION_CONTEXT('2D SPACE',''
  ) );
#3428 = PCURVE('',#2594,#3429);
#3429 = DEFINITIONAL_REPRESENTATION('',(#3430),#3434);
#3430 = LINE('',#3431,#3432);
#3431 = CARTESIAN_POINT('',(0.953402874075,1.665334536938E-16));
#3432 = VECTOR('',#3433,1.);
#3433 = DIRECTION('',(0.,-1.));
#3434 = ( GEOMETRIC_REPRESENTATION_CONTEXT(2) 
PARAMETRIC_REPRESENTATION_CONTEXT() REPRESENTATION_CONTEXT('2D SPACE',''
  ) );
#3435 = ADVANCED_FACE('',(#3436),#2594,.T.);
#3436 = FACE_BOUND('',#3437,.T.);
#3437 = EDGE_LOOP('',(#3438,#3439,#3460,#3461));
#3438 = ORIENTED_EDGE('',*,*,#2744,.T.);
#3439 = ORIENTED_EDGE('',*,*,#3440,.T.);
#3440 = EDGE_CURVE('',#2745,#2580,#3441,.T.);
#3441 = SURFACE_CURVE('',#3442,(#3446,#3453),.PCURVE_S1.);
#3442 = LINE('',#3443,#3444);
#3443 = CARTESIAN_POINT('',(437.99117542457,8.750112097779,0.));
#3444 = VECTOR('',#3445,1.);
#3445 = DIRECTION('',(6.802388813738E-02,0.997683692682,0.));
#3446 = PCURVE('',#2594,#3447);
#3447 = DEFINITIONAL_REPRESENTATION('',(#3448),#3452);
#3448 = LINE('',#3449,#3450);
#3449 = CARTESIAN_POINT('',(0.,0.));
#3450 = VECTOR('',#3451,1.);
#3451 = DIRECTION('',(0.,-1.));
#3452 = ( GEOMETRIC_REPRESENTATION_CONTEXT(2) 
PARAMETRIC_REPRESENTATION_CONTEXT() REPRESENTATION_CONTEXT('2D SPACE',''
  ) );
#3453 = PCURVE('',#2620,#3454);
#3454 = DEFINITIONAL_REPRESENTATION('',(#3455),#3459);
#3455 = LINE('',#3456,#3457);
#3456 = CARTESIAN_POINT('',(0.953402874075,-1.665334536938E-16));
#3457 = VECTOR('',#3458,1.);
#3458 = DIRECTION('',(0.,-1.));
#3459 = ( GEOMETRIC_REPRESENTATION_CONTEXT(2) 
PARAMETRIC_REPRESENTATION_CONTEXT() REPRESENTATION_CONTEXT('2D SPACE',''
  ) );
#3460 = ORIENTED_EDGE('',*,*,#2579,.F.);
#3461 = ORIENTED_EDGE('',*,*,#3416,.F.);
#3462 = ADVANCED_FACE('',(#3463),#2620,.T.);
#3463 = FACE_BOUND('',#3464,.T.);
#3464 = EDGE_LOOP('',(#3465,#3466,#3467,#3468));
#3465 = ORIENTED_EDGE('',*,*,#2765,.T.);
#3466 = ORIENTED_EDGE('',*,*,#3394,.T.);
#3467 = ORIENTED_EDGE('',*,*,#2605,.F.);
#3468 = ORIENTED_EDGE('',*,*,#3440,.F.);
#3469 = ADVANCED_FACE('',(#3470),#2969,.F.);
#3470 = FACE_BOUND('',#3471,.F.);
#3471 = EDGE_LOOP('',(#3472,#3473,#3474,#3475));
#3472 = ORIENTED_EDGE('',*,*,#3226,.F.);
#3473 = ORIENTED_EDGE('',*,*,#2953,.T.);
#3474 = ORIENTED_EDGE('',*,*,#3007,.T.);
#3475 = ORIENTED_EDGE('',*,*,#3177,.F.);
#3476 = ADVANCED_FACE('',(#3477),#3073,.F.);
#3477 = FACE_BOUND('',#3478,.F.);
#3478 = EDGE_LOOP('',(#3479,#3480,#3481,#3501,#3502,#3503));
#3479 = ORIENTED_EDGE('',*,*,#3251,.T.);
#3480 = ORIENTED_EDGE('',*,*,#3322,.T.);
#3481 = ORIENTED_EDGE('',*,*,#3482,.T.);
#3482 = EDGE_CURVE('',#3302,#3115,#3483,.T.);
#3483 = SURFACE_CURVE('',#3484,(#3488,#3494),.PCURVE_S1.);
#3484 = LINE('',#3485,#3486);
#3485 = CARTESIAN_POINT('',(438.71983268563,-8.700430920888,
    0.612835554495));
#3486 = VECTOR('',#3487,1.);
#3487 = DIRECTION('',(6.802388813738E-02,-0.997683692682,
    1.221810140804E-16));
#3488 = PCURVE('',#3073,#3489);
#3489 = DEFINITIONAL_REPRESENTATION('',(#3490),#3493);
#3490 = B_SPLINE_CURVE_WITH_KNOTS('',1,(#3491,#3492),.UNSPECIFIED.,.F.,
  .F.,(2,2),(3.808390481856,6.514659031504),.PIECEWISE_BEZIER_KNOTS.);
#3491 = CARTESIAN_POINT('',(10.122909661567,3.808390481856));
#3492 = CARTESIAN_POINT('',(10.122909661567,6.514659031504));
#3493 = ( GEOMETRIC_REPRESENTATION_CONTEXT(2) 
PARAMETRIC_REPRESENTATION_CONTEXT() REPRESENTATION_CONTEXT('2D SPACE',''
  ) );
#3494 = PCURVE('',#3129,#3495);
#3495 = DEFINITIONAL_REPRESENTATION('',(#3496),#3500);
#3496 = LINE('',#3497,#3498);
#3497 = CARTESIAN_POINT('',(-0.,0.));
#3498 = VECTOR('',#3499,1.);
#3499 = DIRECTION('',(-3.955868633219E-18,-1.));
#3500 = ( GEOMETRIC_REPRESENTATION_CONTEXT(2) 
PARAMETRIC_REPRESENTATION_CONTEXT() REPRESENTATION_CONTEXT('2D SPACE',''
  ) );
#3501 = ORIENTED_EDGE('',*,*,#3140,.F.);
#3502 = ORIENTED_EDGE('',*,*,#3054,.F.);
#3503 = ORIENTED_EDGE('',*,*,#3504,.F.);
#3504 = EDGE_CURVE('',#3252,#3055,#3505,.T.);
#3505 = SURFACE_CURVE('',#3506,(#3510,#3516),.PCURVE_S1.);
#3506 = LINE('',#3507,#3508);
#3507 = CARTESIAN_POINT('',(438.71983268563,-8.700430920888,
    -0.612835554495));
#3508 = VECTOR('',#3509,1.);
#3509 = DIRECTION('',(6.802388813738E-02,-0.997683692682,
    1.221810140804E-16));
#3510 = PCURVE('',#3073,#3511);
#3511 = DEFINITIONAL_REPRESENTATION('',(#3512),#3515);
#3512 = B_SPLINE_CURVE_WITH_KNOTS('',1,(#3513,#3514),.UNSPECIFIED.,.F.,
  .F.,(2,2),(3.808390481856,6.514659031504),.PIECEWISE_BEZIER_KNOTS.);
#3513 = CARTESIAN_POINT('',(5.585053606382,3.808390481856));
#3514 = CARTESIAN_POINT('',(5.585053606382,6.514659031504));
#3515 = ( GEOMETRIC_REPRESENTATION_CONTEXT(2) 
PARAMETRIC_REPRESENTATION_CONTEXT() REPRESENTATION_CONTEXT('2D SPACE',''
  ) );
#3516 = PCURVE('',#3103,#3517);
#3517 = DEFINITIONAL_REPRESENTATION('',(#3518),#3522);
#3518 = LINE('',#3519,#3520);
#3519 = CARTESIAN_POINT('',(0.953402874075,2.414103232065E-16));
#3520 = VECTOR('',#3521,1.);
#3521 = DIRECTION('',(-3.955868633219E-18,-1.));
#3522 = ( GEOMETRIC_REPRESENTATION_CONTEXT(2) 
PARAMETRIC_REPRESENTATION_CONTEXT() REPRESENTATION_CONTEXT('2D SPACE',''
  ) );
#3523 = ADVANCED_FACE('',(#3524),#3103,.T.);
#3524 = FACE_BOUND('',#3525,.T.);
#3525 = EDGE_LOOP('',(#3526,#3527,#3548,#3549));
#3526 = ORIENTED_EDGE('',*,*,#3280,.T.);
#3527 = ORIENTED_EDGE('',*,*,#3528,.T.);
#3528 = EDGE_CURVE('',#3281,#3089,#3529,.T.);
#3529 = SURFACE_CURVE('',#3530,(#3534,#3541),.PCURVE_S1.);
#3530 = LINE('',#3531,#3532);
#3531 = CARTESIAN_POINT('',(437.99117542457,-8.750112097779,
    1.071579677273E-15));
#3532 = VECTOR('',#3533,1.);
#3533 = DIRECTION('',(6.802388813738E-02,-0.997683692682,
    1.221810140804E-16));
#3534 = PCURVE('',#3103,#3535);
#3535 = DEFINITIONAL_REPRESENTATION('',(#3536),#3540);
#3536 = LINE('',#3537,#3538);
#3537 = CARTESIAN_POINT('',(0.,0.));
#3538 = VECTOR('',#3539,1.);
#3539 = DIRECTION('',(-3.955868633219E-18,-1.));
#3540 = ( GEOMETRIC_REPRESENTATION_CONTEXT(2) 
PARAMETRIC_REPRESENTATION_CONTEXT() REPRESENTATION_CONTEXT('2D SPACE',''
  ) );
#3541 = PCURVE('',#3129,#3542);
#3542 = DEFINITIONAL_REPRESENTATION('',(#3543),#3547);
#3543 = LINE('',#3544,#3545);
#3544 = CARTESIAN_POINT('',(0.953402874075,-9.165658418103E-17));
#3545 = VECTOR('',#3546,1.);
#3546 = DIRECTION('',(-3.955868633219E-18,-1.));
#3547 = ( GEOMETRIC_REPRESENTATION_CONTEXT(2) 
PARAMETRIC_REPRESENTATION_CONTEXT() REPRESENTATION_CONTEXT('2D SPACE',''
  ) );
#3548 = ORIENTED_EDGE('',*,*,#3088,.F.);
#3549 = ORIENTED_EDGE('',*,*,#3504,.F.);
#3550 = ADVANCED_FACE('',(#3551),#3129,.T.);
#3551 = FACE_BOUND('',#3552,.T.);
#3552 = EDGE_LOOP('',(#3553,#3554,#3555,#3556));
#3553 = ORIENTED_EDGE('',*,*,#3301,.T.);
#3554 = ORIENTED_EDGE('',*,*,#3482,.T.);
#3555 = ORIENTED_EDGE('',*,*,#3114,.F.);
#3556 = ORIENTED_EDGE('',*,*,#3528,.F.);
#3557 = ( GEOMETRIC_REPRESENTATION_CONTEXT(3) 
GLOBAL_UNCERTAINTY_ASSIGNED_CONTEXT((#3561)) 
GLOBAL_UNIT_ASSIGNED_CONTEXT((#3558,#3559,#3560)) REPRESENTATION_CONTEXT
('Context #1','3D Context with UNIT and UNCERTAINTY') );
#3558 = ( LENGTH_UNIT() NAMED_UNIT(*) SI_UNIT(.MILLI.,.METRE.) );
#3559 = ( NAMED_UNIT(*) PLANE_ANGLE_UNIT() SI_UNIT($,.RADIAN.) );
#3560 = ( NAMED_UNIT(*) SI_UNIT($,.STERADIAN.) SOLID_ANGLE_UNIT() );
#3561 = UNCERTAINTY_MEASURE_WITH_UNIT(LENGTH_MEASURE(5.E-07),#3558,
  'distance_accuracy_value','confusion accuracy');
#3562 = PRODUCT_RELATED_PRODUCT_CATEGORY('part',$,(#7));
ENDSEC;
END-ISO-10303-21;
