ISO-10303-21;
HEADER;
FILE_DESCRIPTION(('SkyG Speed 90B - revision C6B-7 - 2026-10-08','TC-tail-coupler'),'2;1');
FILE_NAME('TC-tail-coupler_C6B-7','2026-10-08T18:09:16',('Author'),(
    'Open CASCADE'),'Open CASCADE STEP processor 7.9','Open CASCADE 7.9'
  ,'Unknown');
FILE_SCHEMA(('AUTOMOTIVE_DESIGN { 1 0 10303 214 1 1 1 1 }'));
ENDSEC;
DATA;
#1 = APPLICATION_PROTOCOL_DEFINITION('international standard',
  'automotive_design',2000,#2);
#2 = APPLICATION_CONTEXT(
  'core data for automotive mechanical design processes');
#3 = SHAPE_DEFINITION_REPRESENTATION(#4,#10);
#4 = PRODUCT_DEFINITION_SHAPE('','',#5);
#5 = PRODUCT_DEFINITION('design','',#6,#9);
#6 = PRODUCT_DEFINITION_FORMATION('','',#7);
#7 = PRODUCT('TC-tail-coupler C6B-7','TC-tail-coupler C6B-7','',(#8));
#8 = PRODUCT_CONTEXT('',#2,'mechanical');
#9 = PRODUCT_DEFINITION_CONTEXT('part definition',#2,'design');
#10 = ADVANCED_BREP_SHAPE_REPRESENTATION('',(#11,#15),#10489);
#11 = AXIS2_PLACEMENT_3D('',#12,#13,#14);
#12 = CARTESIAN_POINT('',(0.,0.,0.));
#13 = DIRECTION('',(0.,0.,1.));
#14 = DIRECTION('',(1.,0.,-0.));
#15 = MANIFOLD_SOLID_BREP('',#16);
#16 = CLOSED_SHELL('',(#17,#331,#390,#654,#788,#1722,#1885,#1962,#2118,
    #2253,#2333,#2408,#2489,#2636,#2706,#2925,#3123,#3258,#3554,#3634,
    #4951,#5078,#5377,#5575,#5629,#5656,#5682,#5708,#5735,#5742,#5869,
    #6168,#6366,#6421,#6643,#6767,#6820,#6873,#7002,#7055,#7086,#7113,
    #7139,#7165,#7192,#7199,#7271,#7316,#7395,#7741,#7939,#7993,#8019,
    #8046,#8073,#8100,#8107,#8180,#8205,#8232,#8259,#8285,#8311,#8318,
    #8393,#8445,#8648,#8722,#8775,#8934,#8987,#9039,#9121,#9226,#9310,
    #9338,#9365,#9422,#9508,#9651,#9706,#9731,#9741,#9815,#10037,#10064,
    #10091,#10120,#10148,#10174,#10199,#10226,#10254,#10280,#10305,
    #10332,#10380,#10405,#10432,#10439,#10466,#10473));
#17 = ADVANCED_FACE('',(#18,#109,#220),#31,.T.);
#18 = FACE_BOUND('',#19,.T.);
#19 = EDGE_LOOP('',(#20,#54,#77,#108));
#20 = ORIENTED_EDGE('',*,*,#21,.T.);
#21 = EDGE_CURVE('',#22,#22,#24,.T.);
#22 = VERTEX_POINT('',#23);
#23 = CARTESIAN_POINT('',(338.5,4.616918432786E-15,18.85));
#24 = SURFACE_CURVE('',#25,(#30,#42),.PCURVE_S1.);
#25 = CIRCLE('',#26,18.85);
#26 = AXIS2_PLACEMENT_3D('',#27,#28,#29);
#27 = CARTESIAN_POINT('',(338.5,0.,0.));
#28 = DIRECTION('',(1.,0.,0.));
#29 = DIRECTION('',(-0.,0.,1.));
#30 = PCURVE('',#31,#36);
#31 = CYLINDRICAL_SURFACE('',#32,18.85);
#32 = AXIS2_PLACEMENT_3D('',#33,#34,#35);
#33 = CARTESIAN_POINT('',(337.,0.,0.));
#34 = DIRECTION('',(1.,0.,0.));
#35 = DIRECTION('',(-0.,0.,1.));
#36 = DEFINITIONAL_REPRESENTATION('',(#37),#41);
#37 = LINE('',#38,#39);
#38 = CARTESIAN_POINT('',(0.,1.5));
#39 = VECTOR('',#40,1.);
#40 = DIRECTION('',(1.,0.));
#41 = ( GEOMETRIC_REPRESENTATION_CONTEXT(2) 
PARAMETRIC_REPRESENTATION_CONTEXT() REPRESENTATION_CONTEXT('2D SPACE',''
  ) );
#42 = PCURVE('',#43,#48);
#43 = PLANE('',#44);
#44 = AXIS2_PLACEMENT_3D('',#45,#46,#47);
#45 = CARTESIAN_POINT('',(338.5,0.,0.));
#46 = DIRECTION('',(1.,0.,0.));
#47 = DIRECTION('',(-0.,0.,1.));
#48 = DEFINITIONAL_REPRESENTATION('',(#49),#53);
#49 = CIRCLE('',#50,18.85);
#50 = AXIS2_PLACEMENT_2D('',#51,#52);
#51 = CARTESIAN_POINT('',(0.,0.));
#52 = DIRECTION('',(1.,0.));
#53 = ( GEOMETRIC_REPRESENTATION_CONTEXT(2) 
PARAMETRIC_REPRESENTATION_CONTEXT() REPRESENTATION_CONTEXT('2D SPACE',''
  ) );
#54 = ORIENTED_EDGE('',*,*,#55,.T.);
#55 = EDGE_CURVE('',#22,#56,#58,.T.);
#56 = VERTEX_POINT('',#57);
#57 = CARTESIAN_POINT('',(357.,-4.742660775029E-13,18.85));
#58 = SEAM_CURVE('',#59,(#63,#70),.PCURVE_S1.);
#59 = LINE('',#60,#61);
#60 = CARTESIAN_POINT('',(338.5,4.616918432786E-15,18.85));
#61 = VECTOR('',#62,1.);
#62 = DIRECTION('',(1.,-2.588556734788E-14,0.));
#63 = PCURVE('',#31,#64);
#64 = DEFINITIONAL_REPRESENTATION('',(#65),#69);
#65 = LINE('',#66,#67);
#66 = CARTESIAN_POINT('',(6.28318530718,1.5));
#67 = VECTOR('',#68,1.);
#68 = DIRECTION('',(0.,1.));
#69 = ( GEOMETRIC_REPRESENTATION_CONTEXT(2) 
PARAMETRIC_REPRESENTATION_CONTEXT() REPRESENTATION_CONTEXT('2D SPACE',''
  ) );
#70 = PCURVE('',#31,#71);
#71 = DEFINITIONAL_REPRESENTATION('',(#72),#76);
#72 = LINE('',#73,#74);
#73 = CARTESIAN_POINT('',(0.,1.5));
#74 = VECTOR('',#75,1.);
#75 = DIRECTION('',(0.,1.));
#76 = ( GEOMETRIC_REPRESENTATION_CONTEXT(2) 
PARAMETRIC_REPRESENTATION_CONTEXT() REPRESENTATION_CONTEXT('2D SPACE',''
  ) );
#77 = ORIENTED_EDGE('',*,*,#78,.T.);
#78 = EDGE_CURVE('',#56,#56,#79,.T.);
#79 = SURFACE_CURVE('',#80,(#85,#92),.PCURVE_S1.);
#80 = CIRCLE('',#81,18.85);
#81 = AXIS2_PLACEMENT_3D('',#82,#83,#84);
#82 = CARTESIAN_POINT('',(357.,-1.33226762955E-15,-2.6645352591E-15));
#83 = DIRECTION('',(-1.,0.,0.));
#84 = DIRECTION('',(0.,-2.518117529367E-14,1.));
#85 = PCURVE('',#31,#86);
#86 = DEFINITIONAL_REPRESENTATION('',(#87),#91);
#87 = LINE('',#88,#89);
#88 = CARTESIAN_POINT('',(6.28318530718,20.));
#89 = VECTOR('',#90,1.);
#90 = DIRECTION('',(-1.,-0.));
#91 = ( GEOMETRIC_REPRESENTATION_CONTEXT(2) 
PARAMETRIC_REPRESENTATION_CONTEXT() REPRESENTATION_CONTEXT('2D SPACE',''
  ) );
#92 = PCURVE('',#93,#98);
#93 = PLANE('',#94);
#94 = AXIS2_PLACEMENT_3D('',#95,#96,#97);
#95 = CARTESIAN_POINT('',(357.,-60.,-120.));
#96 = DIRECTION('',(1.,0.,-0.));
#97 = DIRECTION('',(0.,0.,1.));
#98 = DEFINITIONAL_REPRESENTATION('',(#99),#107);
#99 = ( BOUNDED_CURVE() B_SPLINE_CURVE(2,(#100,#101,#102,#103,#104,#105,
#106),.UNSPECIFIED.,.T.,.F.) B_SPLINE_CURVE_WITH_KNOTS((1,2,2,2,2,1),(
    -2.094395102393,0.,2.094395102393,4.188790204786,6.28318530718,
8.377580409573),.UNSPECIFIED.) CURVE() GEOMETRIC_REPRESENTATION_ITEM() 
RATIONAL_B_SPLINE_CURVE((1.,0.5,1.,0.5,1.,0.5,1.)) REPRESENTATION_ITEM(
  '') );
#100 = CARTESIAN_POINT('',(138.85,-60.));
#101 = CARTESIAN_POINT('',(138.85,-92.64915772267));
#102 = CARTESIAN_POINT('',(110.575,-76.32457886133));
#103 = CARTESIAN_POINT('',(82.3,-60.));
#104 = CARTESIAN_POINT('',(110.575,-43.67542113866));
#105 = CARTESIAN_POINT('',(138.84999999999,-27.35084227732));
#106 = CARTESIAN_POINT('',(138.85,-60.));
#107 = ( GEOMETRIC_REPRESENTATION_CONTEXT(2) 
PARAMETRIC_REPRESENTATION_CONTEXT() REPRESENTATION_CONTEXT('2D SPACE',''
  ) );
#108 = ORIENTED_EDGE('',*,*,#55,.F.);
#109 = FACE_BOUND('',#110,.T.);
#110 = EDGE_LOOP('',(#111));
#111 = ORIENTED_EDGE('',*,*,#112,.T.);
#112 = EDGE_CURVE('',#113,#113,#115,.T.);
#113 = VERTEX_POINT('',#114);
#114 = CARTESIAN_POINT('',(343.,18.833016221519,-0.8));
#115 = SURFACE_CURVE('',#116,(#147,#181),.PCURVE_S1.);
#116 = B_SPLINE_CURVE_WITH_KNOTS('',8,(#117,#118,#119,#120,#121,#122,
    #123,#124,#125,#126,#127,#128,#129,#130,#131,#132,#133,#134,#135,
    #136,#137,#138,#139,#140,#141,#142,#143,#144,#145,#146),
  .UNSPECIFIED.,.T.,.F.,(9,7,7,7,9),(0.,0.25,0.500000000001,
    0.750000000001,1.),.UNSPECIFIED.);
#117 = CARTESIAN_POINT('',(343.,18.833016221519,-0.8));
#118 = CARTESIAN_POINT('',(343.14251039997,18.833016221519,-0.8));
#119 = CARTESIAN_POINT('',(343.28934578445,18.834248882686,
    -0.770988034381));
#120 = CARTESIAN_POINT('',(343.43272920311,18.836843372036,
    -0.709873034759));
#121 = CARTESIAN_POINT('',(343.56392996236,18.840565710394,
    -0.616451687378));
#122 = CARTESIAN_POINT('',(343.67425022167,18.844664469471,
    -0.492983085811));
#123 = CARTESIAN_POINT('',(343.7554533465,18.848109170739,
    -0.344231559733));
#124 = CARTESIAN_POINT('',(343.8,18.85,-0.176587017207));
#125 = CARTESIAN_POINT('',(343.8,18.85,0.176587017207));
#126 = CARTESIAN_POINT('',(343.7554533465,18.848109170739,0.344231559732
    ));
#127 = CARTESIAN_POINT('',(343.67425022167,18.844664469471,
    0.492983085813));
#128 = CARTESIAN_POINT('',(343.56392996236,18.840565710394,
    0.616451687376));
#129 = CARTESIAN_POINT('',(343.43272920311,18.836843372036,0.70987303476
    ));
#130 = CARTESIAN_POINT('',(343.28934578445,18.834248882686,
    0.770988034381));
#131 = CARTESIAN_POINT('',(343.14251039997,18.833016221519,0.8));
#132 = CARTESIAN_POINT('',(342.85748960002,18.833016221519,0.8));
#133 = CARTESIAN_POINT('',(342.71065421554,18.834248882686,
    0.770988034381));
#134 = CARTESIAN_POINT('',(342.56727079688,18.836843372036,
    0.709873034759));
#135 = CARTESIAN_POINT('',(342.43607003763,18.840565710393,
    0.616451687378));
#136 = CARTESIAN_POINT('',(342.32574977832,18.844664469471,
    0.492983085811));
#137 = CARTESIAN_POINT('',(342.2445466535,18.848109170739,0.344231559733
    ));
#138 = CARTESIAN_POINT('',(342.2,18.85,0.176587017208));
#139 = CARTESIAN_POINT('',(342.2,18.85,-0.176587017207));
#140 = CARTESIAN_POINT('',(342.2445466535,18.848109170739,
    -0.344231559734));
#141 = CARTESIAN_POINT('',(342.32574977833,18.844664469471,
    -0.492983085812));
#142 = CARTESIAN_POINT('',(342.43607003763,18.840565710394,
    -0.616451687376));
#143 = CARTESIAN_POINT('',(342.56727079688,18.836843372036,
    -0.70987303476));
#144 = CARTESIAN_POINT('',(342.71065421554,18.834248882686,
    -0.770988034381));
#145 = CARTESIAN_POINT('',(342.85748960002,18.833016221519,-0.8));
#146 = CARTESIAN_POINT('',(343.,18.833016221519,-0.8));
#147 = PCURVE('',#31,#148);
#148 = DEFINITIONAL_REPRESENTATION('',(#149),#180);
#149 = B_SPLINE_CURVE_WITH_KNOTS('',8,(#150,#151,#152,#153,#154,#155,
    #156,#157,#158,#159,#160,#161,#162,#163,#164,#165,#166,#167,#168,
    #169,#170,#171,#172,#173,#174,#175,#176,#177,#178,#179),
  .UNSPECIFIED.,.T.,.F.,(9,7,7,7,9),(0.,0.25,0.500000000001,
    0.750000000001,1.),.UNSPECIFIED.);
#150 = CARTESIAN_POINT('',(4.669935911298,6.));
#151 = CARTESIAN_POINT('',(4.669935911298,6.142510399973));
#152 = CARTESIAN_POINT('',(4.671476397896,6.289345784459));
#153 = CARTESIAN_POINT('',(4.674721483149,6.432729203116));
#154 = CARTESIAN_POINT('',(4.679681468519,6.563929962365));
#155 = CARTESIAN_POINT('',(4.686234788861,6.674250221673));
#156 = CARTESIAN_POINT('',(4.69412735713,6.7554533465));
#157 = CARTESIAN_POINT('',(4.703020968862,6.8));
#158 = CARTESIAN_POINT('',(4.721756991908,6.8));
#159 = CARTESIAN_POINT('',(4.73065060364,6.7554533465));
#160 = CARTESIAN_POINT('',(4.738543171909,6.674250221672));
#161 = CARTESIAN_POINT('',(4.74509649225,6.563929962365));
#162 = CARTESIAN_POINT('',(4.75005647762,6.432729203115));
#163 = CARTESIAN_POINT('',(4.753301562873,6.289345784459));
#164 = CARTESIAN_POINT('',(4.754842049471,6.142510399973));
#165 = CARTESIAN_POINT('',(4.754842049471,5.857489600027));
#166 = CARTESIAN_POINT('',(4.753301562873,5.710654215541));
#167 = CARTESIAN_POINT('',(4.75005647762,5.567270796884));
#168 = CARTESIAN_POINT('',(4.74509649225,5.436070037636));
#169 = CARTESIAN_POINT('',(4.738543171909,5.325749778327));
#170 = CARTESIAN_POINT('',(4.73065060364,5.2445466535));
#171 = CARTESIAN_POINT('',(4.721756991908,5.2));
#172 = CARTESIAN_POINT('',(4.703020968862,5.2));
#173 = CARTESIAN_POINT('',(4.69412735713,5.2445466535));
#174 = CARTESIAN_POINT('',(4.686234788861,5.32574977833));
#175 = CARTESIAN_POINT('',(4.679681468519,5.436070037632));
#176 = CARTESIAN_POINT('',(4.674721483149,5.567270796887));
#177 = CARTESIAN_POINT('',(4.671476397896,5.71065421554));
#178 = CARTESIAN_POINT('',(4.669935911298,5.857489600027));
#179 = CARTESIAN_POINT('',(4.669935911298,6.));
#180 = ( GEOMETRIC_REPRESENTATION_CONTEXT(2) 
PARAMETRIC_REPRESENTATION_CONTEXT() REPRESENTATION_CONTEXT('2D SPACE',''
  ) );
#181 = PCURVE('',#182,#187);
#182 = CYLINDRICAL_SURFACE('',#183,0.8);
#183 = AXIS2_PLACEMENT_3D('',#184,#185,#186);
#184 = CARTESIAN_POINT('',(343.,21.,0.));
#185 = DIRECTION('',(0.,-1.,0.));
#186 = DIRECTION('',(0.,-0.,-1.));
#187 = DEFINITIONAL_REPRESENTATION('',(#188),#219);
#188 = B_SPLINE_CURVE_WITH_KNOTS('',8,(#189,#190,#191,#192,#193,#194,
    #195,#196,#197,#198,#199,#200,#201,#202,#203,#204,#205,#206,#207,
    #208,#209,#210,#211,#212,#213,#214,#215,#216,#217,#218),
  .UNSPECIFIED.,.F.,.F.,(9,7,7,7,9),(0.,0.25,0.500000000001,
    0.750000000001,1.),.UNSPECIFIED.);
#189 = CARTESIAN_POINT('',(0.,2.166983778481));
#190 = CARTESIAN_POINT('',(0.178137999966,2.166983778481));
#191 = CARTESIAN_POINT('',(0.361683508814,2.165751117314));
#192 = CARTESIAN_POINT('',(0.549519588541,2.163156627964));
#193 = CARTESIAN_POINT('',(0.741577739226,2.159434289606));
#194 = CARTESIAN_POINT('',(0.938199831838,2.155335530529));
#195 = CARTESIAN_POINT('',(1.140503217291,2.151890829261));
#196 = CARTESIAN_POINT('',(1.350062555286,2.15));
#197 = CARTESIAN_POINT('',(1.791530098304,2.15));
#198 = CARTESIAN_POINT('',(2.001089436298,2.151890829261));
#199 = CARTESIAN_POINT('',(2.203392821753,2.155335530529));
#200 = CARTESIAN_POINT('',(2.400014914362,2.159434289606));
#201 = CARTESIAN_POINT('',(2.59207306505,2.163156627964));
#202 = CARTESIAN_POINT('',(2.779909144775,2.165751117314));
#203 = CARTESIAN_POINT('',(2.963454653623,2.166983778481));
#204 = CARTESIAN_POINT('',(3.319730653556,2.166983778481));
#205 = CARTESIAN_POINT('',(3.503276162404,2.165751117314));
#206 = CARTESIAN_POINT('',(3.691112242133,2.163156627964));
#207 = CARTESIAN_POINT('',(3.883170392813,2.159434289606));
#208 = CARTESIAN_POINT('',(4.07979248543,2.155335530529));
#209 = CARTESIAN_POINT('',(4.28209587088,2.151890829261));
#210 = CARTESIAN_POINT('',(4.491655208875,2.15));
#211 = CARTESIAN_POINT('',(4.933122751894,2.15));
#212 = CARTESIAN_POINT('',(5.14268208989,2.151890829261));
#213 = CARTESIAN_POINT('',(5.344985475344,2.155335530529));
#214 = CARTESIAN_POINT('',(5.541607567948,2.159434289606));
#215 = CARTESIAN_POINT('',(5.733665718643,2.163156627964));
#216 = CARTESIAN_POINT('',(5.921501798364,2.165751117314));
#217 = CARTESIAN_POINT('',(6.105047307214,2.166983778481));
#218 = CARTESIAN_POINT('',(6.28318530718,2.166983778481));
#219 = ( GEOMETRIC_REPRESENTATION_CONTEXT(2) 
PARAMETRIC_REPRESENTATION_CONTEXT() REPRESENTATION_CONTEXT('2D SPACE',''
  ) );
#220 = FACE_BOUND('',#221,.T.);
#221 = EDGE_LOOP('',(#222));
#222 = ORIENTED_EDGE('',*,*,#223,.T.);
#223 = EDGE_CURVE('',#224,#224,#226,.T.);
#224 = VERTEX_POINT('',#225);
#225 = CARTESIAN_POINT('',(343.,-18.83301622151,0.8));
#226 = SURFACE_CURVE('',#227,(#258,#292),.PCURVE_S1.);
#227 = B_SPLINE_CURVE_WITH_KNOTS('',8,(#228,#229,#230,#231,#232,#233,
    #234,#235,#236,#237,#238,#239,#240,#241,#242,#243,#244,#245,#246,
    #247,#248,#249,#250,#251,#252,#253,#254,#255,#256,#257),
  .UNSPECIFIED.,.T.,.F.,(9,7,7,7,9),(0.,0.25,0.500000000001,0.75,1.),
  .UNSPECIFIED.);
#228 = CARTESIAN_POINT('',(343.,-18.83301622151,0.8));
#229 = CARTESIAN_POINT('',(343.14251039997,-18.83301622151,0.8));
#230 = CARTESIAN_POINT('',(343.28934578445,-18.83424888268,
    0.770988034381));
#231 = CARTESIAN_POINT('',(343.43272920311,-18.83684337203,
    0.709873034759));
#232 = CARTESIAN_POINT('',(343.56392996236,-18.84056571039,
    0.616451687378));
#233 = CARTESIAN_POINT('',(343.67425022167,-18.84466446947,
    0.492983085811));
#234 = CARTESIAN_POINT('',(343.7554533465,-18.84810917073,0.344231559733
    ));
#235 = CARTESIAN_POINT('',(343.8,-18.85,0.176587017207));
#236 = CARTESIAN_POINT('',(343.8,-18.85,-0.176587017207));
#237 = CARTESIAN_POINT('',(343.7554533465,-18.84810917073,
    -0.344231559733));
#238 = CARTESIAN_POINT('',(343.67425022167,-18.84466446947,
    -0.492983085811));
#239 = CARTESIAN_POINT('',(343.56392996236,-18.84056571039,
    -0.616451687378));
#240 = CARTESIAN_POINT('',(343.43272920311,-18.83684337203,
    -0.709873034759));
#241 = CARTESIAN_POINT('',(343.28934578445,-18.83424888268,
    -0.770988034381));
#242 = CARTESIAN_POINT('',(343.14251039997,-18.83301622151,-0.8));
#243 = CARTESIAN_POINT('',(342.85748960002,-18.83301622151,-0.8));
#244 = CARTESIAN_POINT('',(342.71065421554,-18.83424888268,
    -0.770988034381));
#245 = CARTESIAN_POINT('',(342.56727079688,-18.83684337203,
    -0.70987303476));
#246 = CARTESIAN_POINT('',(342.43607003763,-18.84056571039,
    -0.616451687377));
#247 = CARTESIAN_POINT('',(342.32574977832,-18.84466446947,
    -0.492983085811));
#248 = CARTESIAN_POINT('',(342.2445466535,-18.84810917073,
    -0.344231559734));
#249 = CARTESIAN_POINT('',(342.2,-18.85,-0.176587017207));
#250 = CARTESIAN_POINT('',(342.2,-18.85,0.176587017207));
#251 = CARTESIAN_POINT('',(342.2445466535,-18.84810917073,0.344231559734
    ));
#252 = CARTESIAN_POINT('',(342.32574977832,-18.84466446947,
    0.492983085811));
#253 = CARTESIAN_POINT('',(342.43607003763,-18.84056571039,
    0.616451687377));
#254 = CARTESIAN_POINT('',(342.56727079688,-18.83684337203,0.70987303476
    ));
#255 = CARTESIAN_POINT('',(342.71065421554,-18.83424888268,
    0.770988034381));
#256 = CARTESIAN_POINT('',(342.85748960002,-18.83301622151,0.8));
#257 = CARTESIAN_POINT('',(343.,-18.83301622151,0.8));
#258 = PCURVE('',#31,#259);
#259 = DEFINITIONAL_REPRESENTATION('',(#260),#291);
#260 = B_SPLINE_CURVE_WITH_KNOTS('',8,(#261,#262,#263,#264,#265,#266,
    #267,#268,#269,#270,#271,#272,#273,#274,#275,#276,#277,#278,#279,
    #280,#281,#282,#283,#284,#285,#286,#287,#288,#289,#290),
  .UNSPECIFIED.,.T.,.F.,(9,7,7,7,9),(0.,0.25,0.500000000001,0.75,1.),
  .UNSPECIFIED.);
#261 = CARTESIAN_POINT('',(1.528343257708,6.));
#262 = CARTESIAN_POINT('',(1.528343257708,6.142510399973));
#263 = CARTESIAN_POINT('',(1.529883744306,6.289345784459));
#264 = CARTESIAN_POINT('',(1.533128829559,6.432729203116));
#265 = CARTESIAN_POINT('',(1.538088814929,6.563929962364));
#266 = CARTESIAN_POINT('',(1.544642135271,6.674250221673));
#267 = CARTESIAN_POINT('',(1.55253470354,6.7554533465));
#268 = CARTESIAN_POINT('',(1.561428315272,6.8));
#269 = CARTESIAN_POINT('',(1.580164338318,6.8));
#270 = CARTESIAN_POINT('',(1.58905795005,6.7554533465));
#271 = CARTESIAN_POINT('',(1.596950518319,6.674250221672));
#272 = CARTESIAN_POINT('',(1.60350383866,6.563929962366));
#273 = CARTESIAN_POINT('',(1.60846382403,6.432729203115));
#274 = CARTESIAN_POINT('',(1.611708909283,6.289345784459));
#275 = CARTESIAN_POINT('',(1.613249395881,6.142510399973));
#276 = CARTESIAN_POINT('',(1.613249395881,5.857489600027));
#277 = CARTESIAN_POINT('',(1.611708909283,5.710654215541));
#278 = CARTESIAN_POINT('',(1.60846382403,5.567270796885));
#279 = CARTESIAN_POINT('',(1.60350383866,5.436070037634));
#280 = CARTESIAN_POINT('',(1.596950518319,5.325749778328));
#281 = CARTESIAN_POINT('',(1.58905795005,5.2445466535));
#282 = CARTESIAN_POINT('',(1.580164338318,5.2));
#283 = CARTESIAN_POINT('',(1.561428315272,5.2));
#284 = CARTESIAN_POINT('',(1.55253470354,5.2445466535));
#285 = CARTESIAN_POINT('',(1.544642135271,5.325749778329));
#286 = CARTESIAN_POINT('',(1.538088814929,5.436070037633));
#287 = CARTESIAN_POINT('',(1.533128829559,5.567270796886));
#288 = CARTESIAN_POINT('',(1.529883744306,5.710654215541));
#289 = CARTESIAN_POINT('',(1.528343257708,5.857489600027));
#290 = CARTESIAN_POINT('',(1.528343257708,6.));
#291 = ( GEOMETRIC_REPRESENTATION_CONTEXT(2) 
PARAMETRIC_REPRESENTATION_CONTEXT() REPRESENTATION_CONTEXT('2D SPACE',''
  ) );
#292 = PCURVE('',#293,#298);
#293 = CYLINDRICAL_SURFACE('',#294,0.8);
#294 = AXIS2_PLACEMENT_3D('',#295,#296,#297);
#295 = CARTESIAN_POINT('',(343.,-21.,2.571758278209E-15));
#296 = DIRECTION('',(0.,1.,-1.224646799147E-16));
#297 = DIRECTION('',(0.,1.224646799147E-16,1.));
#298 = DEFINITIONAL_REPRESENTATION('',(#299),#330);
#299 = B_SPLINE_CURVE_WITH_KNOTS('',8,(#300,#301,#302,#303,#304,#305,
    #306,#307,#308,#309,#310,#311,#312,#313,#314,#315,#316,#317,#318,
    #319,#320,#321,#322,#323,#324,#325,#326,#327,#328,#329),
  .UNSPECIFIED.,.F.,.F.,(9,7,7,7,9),(0.,0.25,0.500000000001,0.75,1.),
  .UNSPECIFIED.);
#300 = CARTESIAN_POINT('',(0.,2.166983778481));
#301 = CARTESIAN_POINT('',(0.178137999967,2.166983778481));
#302 = CARTESIAN_POINT('',(0.361683508814,2.165751117314));
#303 = CARTESIAN_POINT('',(0.549519588541,2.163156627964));
#304 = CARTESIAN_POINT('',(0.741577739226,2.159434289606));
#305 = CARTESIAN_POINT('',(0.938199831839,2.155335530529));
#306 = CARTESIAN_POINT('',(1.14050321729,2.151890829261));
#307 = CARTESIAN_POINT('',(1.350062555286,2.15));
#308 = CARTESIAN_POINT('',(1.791530098304,2.15));
#309 = CARTESIAN_POINT('',(2.0010894363,2.151890829261));
#310 = CARTESIAN_POINT('',(2.203392821751,2.155335530529));
#311 = CARTESIAN_POINT('',(2.400014914364,2.159434289606));
#312 = CARTESIAN_POINT('',(2.592073065049,2.163156627964));
#313 = CARTESIAN_POINT('',(2.779909144775,2.165751117314));
#314 = CARTESIAN_POINT('',(2.963454653623,2.166983778481));
#315 = CARTESIAN_POINT('',(3.319730653556,2.166983778481));
#316 = CARTESIAN_POINT('',(3.503276162405,2.165751117314));
#317 = CARTESIAN_POINT('',(3.691112242129,2.163156627964));
#318 = CARTESIAN_POINT('',(3.883170392818,2.159434289606));
#319 = CARTESIAN_POINT('',(4.079792485427,2.155335530529));
#320 = CARTESIAN_POINT('',(4.28209587088,2.151890829261));
#321 = CARTESIAN_POINT('',(4.491655208876,2.15));
#322 = CARTESIAN_POINT('',(4.933122751893,2.15));
#323 = CARTESIAN_POINT('',(5.14268208989,2.151890829261));
#324 = CARTESIAN_POINT('',(5.344985475341,2.155335530529));
#325 = CARTESIAN_POINT('',(5.541607567952,2.159434289606));
#326 = CARTESIAN_POINT('',(5.73366571864,2.163156627964));
#327 = CARTESIAN_POINT('',(5.921501798365,2.165751117314));
#328 = CARTESIAN_POINT('',(6.105047307213,2.166983778481));
#329 = CARTESIAN_POINT('',(6.28318530718,2.166983778481));
#330 = ( GEOMETRIC_REPRESENTATION_CONTEXT(2) 
PARAMETRIC_REPRESENTATION_CONTEXT() REPRESENTATION_CONTEXT('2D SPACE',''
  ) );
#331 = ADVANCED_FACE('',(#332),#293,.F.);
#332 = FACE_BOUND('',#333,.F.);
#333 = EDGE_LOOP('',(#334,#367,#388,#389));
#334 = ORIENTED_EDGE('',*,*,#335,.F.);
#335 = EDGE_CURVE('',#336,#336,#338,.T.);
#336 = VERTEX_POINT('',#337);
#337 = CARTESIAN_POINT('',(343.,-13.6,0.8));
#338 = SURFACE_CURVE('',#339,(#344,#351),.PCURVE_S1.);
#339 = CIRCLE('',#340,0.8);
#340 = AXIS2_PLACEMENT_3D('',#341,#342,#343);
#341 = CARTESIAN_POINT('',(343.,-13.6,1.66551964684E-15));
#342 = DIRECTION('',(0.,1.,-1.224646799147E-16));
#343 = DIRECTION('',(0.,1.224646799147E-16,1.));
#344 = PCURVE('',#293,#345);
#345 = DEFINITIONAL_REPRESENTATION('',(#346),#350);
#346 = LINE('',#347,#348);
#347 = CARTESIAN_POINT('',(0.,7.4));
#348 = VECTOR('',#349,1.);
#349 = DIRECTION('',(1.,0.));
#350 = ( GEOMETRIC_REPRESENTATION_CONTEXT(2) 
PARAMETRIC_REPRESENTATION_CONTEXT() REPRESENTATION_CONTEXT('2D SPACE',''
  ) );
#351 = PCURVE('',#352,#357);
#352 = PLANE('',#353);
#353 = AXIS2_PLACEMENT_3D('',#354,#355,#356);
#354 = CARTESIAN_POINT('',(343.,-13.6,1.66551964684E-15));
#355 = DIRECTION('',(0.,-1.,1.224646799147E-16));
#356 = DIRECTION('',(0.,-1.224646799147E-16,-1.));
#357 = DEFINITIONAL_REPRESENTATION('',(#358),#366);
#358 = ( BOUNDED_CURVE() B_SPLINE_CURVE(2,(#359,#360,#361,#362,#363,#364
,#365),.UNSPECIFIED.,.T.,.F.) B_SPLINE_CURVE_WITH_KNOTS((1,2,2,2,2,1),(
    -2.094395102393,0.,2.094395102393,4.188790204786,6.28318530718,
8.377580409573),.UNSPECIFIED.) CURVE() GEOMETRIC_REPRESENTATION_ITEM() 
RATIONAL_B_SPLINE_CURVE((1.,0.5,1.,0.5,1.,0.5,1.)) REPRESENTATION_ITEM(
  '') );
#359 = CARTESIAN_POINT('',(-0.8,0.));
#360 = CARTESIAN_POINT('',(-0.8,1.385640646055));
#361 = CARTESIAN_POINT('',(0.4,0.692820323028));
#362 = CARTESIAN_POINT('',(1.6,1.959434878636E-16));
#363 = CARTESIAN_POINT('',(0.4,-0.692820323028));
#364 = CARTESIAN_POINT('',(-0.8,-1.385640646055));
#365 = CARTESIAN_POINT('',(-0.8,0.));
#366 = ( GEOMETRIC_REPRESENTATION_CONTEXT(2) 
PARAMETRIC_REPRESENTATION_CONTEXT() REPRESENTATION_CONTEXT('2D SPACE',''
  ) );
#367 = ORIENTED_EDGE('',*,*,#368,.F.);
#368 = EDGE_CURVE('',#224,#336,#369,.T.);
#369 = SEAM_CURVE('',#370,(#374,#381),.PCURVE_S1.);
#370 = LINE('',#371,#372);
#371 = CARTESIAN_POINT('',(343.,-21.,0.8));
#372 = VECTOR('',#373,1.);
#373 = DIRECTION('',(0.,1.,-1.224646799147E-16));
#374 = PCURVE('',#293,#375);
#375 = DEFINITIONAL_REPRESENTATION('',(#376),#380);
#376 = LINE('',#377,#378);
#377 = CARTESIAN_POINT('',(0.,-0.));
#378 = VECTOR('',#379,1.);
#379 = DIRECTION('',(0.,1.));
#380 = ( GEOMETRIC_REPRESENTATION_CONTEXT(2) 
PARAMETRIC_REPRESENTATION_CONTEXT() REPRESENTATION_CONTEXT('2D SPACE',''
  ) );
#381 = PCURVE('',#293,#382);
#382 = DEFINITIONAL_REPRESENTATION('',(#383),#387);
#383 = LINE('',#384,#385);
#384 = CARTESIAN_POINT('',(6.28318530718,-0.));
#385 = VECTOR('',#386,1.);
#386 = DIRECTION('',(0.,1.));
#387 = ( GEOMETRIC_REPRESENTATION_CONTEXT(2) 
PARAMETRIC_REPRESENTATION_CONTEXT() REPRESENTATION_CONTEXT('2D SPACE',''
  ) );
#388 = ORIENTED_EDGE('',*,*,#223,.T.);
#389 = ORIENTED_EDGE('',*,*,#368,.T.);
#390 = ADVANCED_FACE('',(#391,#394),#352,.F.);
#391 = FACE_BOUND('',#392,.F.);
#392 = EDGE_LOOP('',(#393));
#393 = ORIENTED_EDGE('',*,*,#335,.T.);
#394 = FACE_BOUND('',#395,.F.);
#395 = EDGE_LOOP('',(#396,#427,#455,#483,#511,#539,#567,#600,#628));
#396 = ORIENTED_EDGE('',*,*,#397,.T.);
#397 = EDGE_CURVE('',#398,#400,#402,.T.);
#398 = VERTEX_POINT('',#399);
#399 = CARTESIAN_POINT('',(344.67124778518,-13.6,1.991715552109));
#400 = VERTEX_POINT('',#401);
#401 = CARTESIAN_POINT('',(341.32875221481,-13.6,1.991715552109));
#402 = SURFACE_CURVE('',#403,(#408,#415),.PCURVE_S1.);
#403 = CIRCLE('',#404,2.6);
#404 = AXIS2_PLACEMENT_3D('',#405,#406,#407);
#405 = CARTESIAN_POINT('',(343.,-13.6,1.66551964684E-15));
#406 = DIRECTION('',(0.,-1.,1.224646799147E-16));
#407 = DIRECTION('',(0.,-1.224646799147E-16,-1.));
#408 = PCURVE('',#352,#409);
#409 = DEFINITIONAL_REPRESENTATION('',(#410),#414);
#410 = CIRCLE('',#411,2.6);
#411 = AXIS2_PLACEMENT_2D('',#412,#413);
#412 = CARTESIAN_POINT('',(0.,0.));
#413 = DIRECTION('',(1.,0.));
#414 = ( GEOMETRIC_REPRESENTATION_CONTEXT(2) 
PARAMETRIC_REPRESENTATION_CONTEXT() REPRESENTATION_CONTEXT('2D SPACE',''
  ) );
#415 = PCURVE('',#416,#421);
#416 = CYLINDRICAL_SURFACE('',#417,2.6);
#417 = AXIS2_PLACEMENT_3D('',#418,#419,#420);
#418 = CARTESIAN_POINT('',(343.,-13.6,1.66551964684E-15));
#419 = DIRECTION('',(0.,-1.,1.224646799147E-16));
#420 = DIRECTION('',(0.,-1.224646799147E-16,-1.));
#421 = DEFINITIONAL_REPRESENTATION('',(#422),#426);
#422 = LINE('',#423,#424);
#423 = CARTESIAN_POINT('',(0.,0.));
#424 = VECTOR('',#425,1.);
#425 = DIRECTION('',(1.,0.));
#426 = ( GEOMETRIC_REPRESENTATION_CONTEXT(2) 
PARAMETRIC_REPRESENTATION_CONTEXT() REPRESENTATION_CONTEXT('2D SPACE',''
  ) );
#427 = ORIENTED_EDGE('',*,*,#428,.T.);
#428 = EDGE_CURVE('',#400,#429,#431,.T.);
#429 = VERTEX_POINT('',#430);
#430 = CARTESIAN_POINT('',(339.90852092423,-13.6,0.8));
#431 = SURFACE_CURVE('',#432,(#436,#443),.PCURVE_S1.);
#432 = LINE('',#433,#434);
#433 = CARTESIAN_POINT('',(341.32875221481,-13.6,1.991715552109));
#434 = VECTOR('',#435,1.);
#435 = DIRECTION('',(-0.766044443119,-7.871877887342E-17,-0.642787609687
    ));
#436 = PCURVE('',#352,#437);
#437 = DEFINITIONAL_REPRESENTATION('',(#438),#442);
#438 = LINE('',#439,#440);
#439 = CARTESIAN_POINT('',(-1.991715552109,-1.671247785185));
#440 = VECTOR('',#441,1.);
#441 = DIRECTION('',(0.642787609687,-0.766044443119));
#442 = ( GEOMETRIC_REPRESENTATION_CONTEXT(2) 
PARAMETRIC_REPRESENTATION_CONTEXT() REPRESENTATION_CONTEXT('2D SPACE',''
  ) );
#443 = PCURVE('',#444,#449);
#444 = PLANE('',#445);
#445 = AXIS2_PLACEMENT_3D('',#446,#447,#448);
#446 = CARTESIAN_POINT('',(341.32875221481,-13.6,1.991715552109));
#447 = DIRECTION('',(0.642787609687,-9.381338752703E-17,-0.766044443119)
  );
#448 = DIRECTION('',(-0.766044443119,-7.871877887342E-17,-0.642787609687
    ));
#449 = DEFINITIONAL_REPRESENTATION('',(#450),#454);
#450 = LINE('',#451,#452);
#451 = CARTESIAN_POINT('',(-0.,0.));
#452 = VECTOR('',#453,1.);
#453 = DIRECTION('',(1.,0.));
#454 = ( GEOMETRIC_REPRESENTATION_CONTEXT(2) 
PARAMETRIC_REPRESENTATION_CONTEXT() REPRESENTATION_CONTEXT('2D SPACE',''
  ) );
#455 = ORIENTED_EDGE('',*,*,#456,.F.);
#456 = EDGE_CURVE('',#457,#429,#459,.T.);
#457 = VERTEX_POINT('',#458);
#458 = CARTESIAN_POINT('',(338.4999999,-13.6,0.8));
#459 = SURFACE_CURVE('',#460,(#464,#471),.PCURVE_S1.);
#460 = LINE('',#461,#462);
#461 = CARTESIAN_POINT('',(338.4999999,-13.6,0.8));
#462 = VECTOR('',#463,1.);
#463 = DIRECTION('',(1.,0.,0.));
#464 = PCURVE('',#352,#465);
#465 = DEFINITIONAL_REPRESENTATION('',(#466),#470);
#466 = LINE('',#467,#468);
#467 = CARTESIAN_POINT('',(-0.8,-4.5000001));
#468 = VECTOR('',#469,1.);
#469 = DIRECTION('',(0.,1.));
#470 = ( GEOMETRIC_REPRESENTATION_CONTEXT(2) 
PARAMETRIC_REPRESENTATION_CONTEXT() REPRESENTATION_CONTEXT('2D SPACE',''
  ) );
#471 = PCURVE('',#472,#477);
#472 = PLANE('',#473);
#473 = AXIS2_PLACEMENT_3D('',#474,#475,#476);
#474 = CARTESIAN_POINT('',(338.4999999,-13.6,0.8));
#475 = DIRECTION('',(0.,-1.224646799147E-16,-1.));
#476 = DIRECTION('',(1.,0.,0.));
#477 = DEFINITIONAL_REPRESENTATION('',(#478),#482);
#478 = LINE('',#479,#480);
#479 = CARTESIAN_POINT('',(0.,0.));
#480 = VECTOR('',#481,1.);
#481 = DIRECTION('',(1.,0.));
#482 = ( GEOMETRIC_REPRESENTATION_CONTEXT(2) 
PARAMETRIC_REPRESENTATION_CONTEXT() REPRESENTATION_CONTEXT('2D SPACE',''
  ) );
#483 = ORIENTED_EDGE('',*,*,#484,.T.);
#484 = EDGE_CURVE('',#457,#485,#487,.T.);
#485 = VERTEX_POINT('',#486);
#486 = CARTESIAN_POINT('',(338.4999999,-13.6,-0.8));
#487 = SURFACE_CURVE('',#488,(#492,#499),.PCURVE_S1.);
#488 = LINE('',#489,#490);
#489 = CARTESIAN_POINT('',(338.4999999,-13.6,0.8));
#490 = VECTOR('',#491,1.);
#491 = DIRECTION('',(0.,-1.224646799147E-16,-1.));
#492 = PCURVE('',#352,#493);
#493 = DEFINITIONAL_REPRESENTATION('',(#494),#498);
#494 = LINE('',#495,#496);
#495 = CARTESIAN_POINT('',(-0.8,-4.5000001));
#496 = VECTOR('',#497,1.);
#497 = DIRECTION('',(1.,0.));
#498 = ( GEOMETRIC_REPRESENTATION_CONTEXT(2) 
PARAMETRIC_REPRESENTATION_CONTEXT() REPRESENTATION_CONTEXT('2D SPACE',''
  ) );
#499 = PCURVE('',#500,#505);
#500 = PLANE('',#501);
#501 = AXIS2_PLACEMENT_3D('',#502,#503,#504);
#502 = CARTESIAN_POINT('',(338.4999999,-13.6,0.8));
#503 = DIRECTION('',(1.,0.,0.));
#504 = DIRECTION('',(0.,-1.224646799147E-16,-1.));
#505 = DEFINITIONAL_REPRESENTATION('',(#506),#510);
#506 = LINE('',#507,#508);
#507 = CARTESIAN_POINT('',(0.,0.));
#508 = VECTOR('',#509,1.);
#509 = DIRECTION('',(1.,0.));
#510 = ( GEOMETRIC_REPRESENTATION_CONTEXT(2) 
PARAMETRIC_REPRESENTATION_CONTEXT() REPRESENTATION_CONTEXT('2D SPACE',''
  ) );
#511 = ORIENTED_EDGE('',*,*,#512,.T.);
#512 = EDGE_CURVE('',#485,#513,#515,.T.);
#513 = VERTEX_POINT('',#514);
#514 = CARTESIAN_POINT('',(339.90852092423,-13.6,-0.8));
#515 = SURFACE_CURVE('',#516,(#520,#527),.PCURVE_S1.);
#516 = LINE('',#517,#518);
#517 = CARTESIAN_POINT('',(338.4999999,-13.6,-0.8));
#518 = VECTOR('',#519,1.);
#519 = DIRECTION('',(1.,0.,0.));
#520 = PCURVE('',#352,#521);
#521 = DEFINITIONAL_REPRESENTATION('',(#522),#526);
#522 = LINE('',#523,#524);
#523 = CARTESIAN_POINT('',(0.8,-4.5000001));
#524 = VECTOR('',#525,1.);
#525 = DIRECTION('',(0.,1.));
#526 = ( GEOMETRIC_REPRESENTATION_CONTEXT(2) 
PARAMETRIC_REPRESENTATION_CONTEXT() REPRESENTATION_CONTEXT('2D SPACE',''
  ) );
#527 = PCURVE('',#528,#533);
#528 = PLANE('',#529);
#529 = AXIS2_PLACEMENT_3D('',#530,#531,#532);
#530 = CARTESIAN_POINT('',(338.4999999,-13.6,-0.8));
#531 = DIRECTION('',(0.,-1.224646799147E-16,-1.));
#532 = DIRECTION('',(1.,0.,0.));
#533 = DEFINITIONAL_REPRESENTATION('',(#534),#538);
#534 = LINE('',#535,#536);
#535 = CARTESIAN_POINT('',(0.,0.));
#536 = VECTOR('',#537,1.);
#537 = DIRECTION('',(1.,0.));
#538 = ( GEOMETRIC_REPRESENTATION_CONTEXT(2) 
PARAMETRIC_REPRESENTATION_CONTEXT() REPRESENTATION_CONTEXT('2D SPACE',''
  ) );
#539 = ORIENTED_EDGE('',*,*,#540,.T.);
#540 = EDGE_CURVE('',#513,#541,#543,.T.);
#541 = VERTEX_POINT('',#542);
#542 = CARTESIAN_POINT('',(341.32875221481,-13.6,-1.991715552109));
#543 = SURFACE_CURVE('',#544,(#548,#555),.PCURVE_S1.);
#544 = LINE('',#545,#546);
#545 = CARTESIAN_POINT('',(338.95511805016,-13.6,1.66551964684E-15));
#546 = VECTOR('',#547,1.);
#547 = DIRECTION('',(0.766044443119,-7.871877887342E-17,-0.642787609687)
  );
#548 = PCURVE('',#352,#549);
#549 = DEFINITIONAL_REPRESENTATION('',(#550),#554);
#550 = LINE('',#551,#552);
#551 = CARTESIAN_POINT('',(-0.,-4.044881949837));
#552 = VECTOR('',#553,1.);
#553 = DIRECTION('',(0.642787609687,0.766044443119));
#554 = ( GEOMETRIC_REPRESENTATION_CONTEXT(2) 
PARAMETRIC_REPRESENTATION_CONTEXT() REPRESENTATION_CONTEXT('2D SPACE',''
  ) );
#555 = PCURVE('',#556,#561);
#556 = PLANE('',#557);
#557 = AXIS2_PLACEMENT_3D('',#558,#559,#560);
#558 = CARTESIAN_POINT('',(338.95511805016,-13.6,1.66551964684E-15));
#559 = DIRECTION('',(0.642787609687,9.381338752703E-17,0.766044443119));
#560 = DIRECTION('',(0.766044443119,-7.871877887342E-17,-0.642787609687)
  );
#561 = DEFINITIONAL_REPRESENTATION('',(#562),#566);
#562 = LINE('',#563,#564);
#563 = CARTESIAN_POINT('',(0.,0.));
#564 = VECTOR('',#565,1.);
#565 = DIRECTION('',(1.,0.));
#566 = ( GEOMETRIC_REPRESENTATION_CONTEXT(2) 
PARAMETRIC_REPRESENTATION_CONTEXT() REPRESENTATION_CONTEXT('2D SPACE',''
  ) );
#567 = ORIENTED_EDGE('',*,*,#568,.F.);
#568 = EDGE_CURVE('',#569,#541,#571,.T.);
#569 = VERTEX_POINT('',#570);
#570 = CARTESIAN_POINT('',(344.67124778518,-13.6,-1.991715552109));
#571 = SURFACE_CURVE('',#572,(#577,#588),.PCURVE_S1.);
#572 = CIRCLE('',#573,2.6);
#573 = AXIS2_PLACEMENT_3D('',#574,#575,#576);
#574 = CARTESIAN_POINT('',(343.,-13.6,1.66551964684E-15));
#575 = DIRECTION('',(0.,1.,0.));
#576 = DIRECTION('',(0.642787609687,0.,-0.766044443119));
#577 = PCURVE('',#352,#578);
#578 = DEFINITIONAL_REPRESENTATION('',(#579),#587);
#579 = ( BOUNDED_CURVE() B_SPLINE_CURVE(2,(#580,#581,#582,#583,#584,#585
,#586),.UNSPECIFIED.,.T.,.F.) B_SPLINE_CURVE_WITH_KNOTS((1,2,2,2,2,1),(
    -2.094395102393,0.,2.094395102393,4.188790204786,6.28318530718,
8.377580409573),.UNSPECIFIED.) CURVE() GEOMETRIC_REPRESENTATION_ITEM() 
RATIONAL_B_SPLINE_CURVE((1.,0.5,1.,0.5,1.,0.5,1.)) REPRESENTATION_ITEM(
  '') );
#580 = CARTESIAN_POINT('',(1.991715552109,1.671247785185));
#581 = CARTESIAN_POINT('',(4.886401628087,-1.778504745293));
#582 = CARTESIAN_POINT('',(0.451485261934,-2.560500157832));
#583 = CARTESIAN_POINT('',(-3.983431104219,-3.34249557037));
#584 = CARTESIAN_POINT('',(-2.443200814043,0.889252372647));
#585 = CARTESIAN_POINT('',(-0.902970523868,5.121000315663));
#586 = CARTESIAN_POINT('',(1.991715552109,1.671247785185));
#587 = ( GEOMETRIC_REPRESENTATION_CONTEXT(2) 
PARAMETRIC_REPRESENTATION_CONTEXT() REPRESENTATION_CONTEXT('2D SPACE',''
  ) );
#588 = PCURVE('',#589,#594);
#589 = CYLINDRICAL_SURFACE('',#590,2.6);
#590 = AXIS2_PLACEMENT_3D('',#591,#592,#593);
#591 = CARTESIAN_POINT('',(343.,-13.6,1.66551964684E-15));
#592 = DIRECTION('',(0.,-1.,1.224646799147E-16));
#593 = DIRECTION('',(0.,-1.224646799147E-16,-1.));
#594 = DEFINITIONAL_REPRESENTATION('',(#595),#599);
#595 = LINE('',#596,#597);
#596 = CARTESIAN_POINT('',(6.981317007977,0.));
#597 = VECTOR('',#598,1.);
#598 = DIRECTION('',(-1.,-0.));
#599 = ( GEOMETRIC_REPRESENTATION_CONTEXT(2) 
PARAMETRIC_REPRESENTATION_CONTEXT() REPRESENTATION_CONTEXT('2D SPACE',''
  ) );
#600 = ORIENTED_EDGE('',*,*,#601,.F.);
#601 = EDGE_CURVE('',#602,#569,#604,.T.);
#602 = VERTEX_POINT('',#603);
#603 = CARTESIAN_POINT('',(347.04488194983,-13.6,1.66551964684E-15));
#604 = SURFACE_CURVE('',#605,(#609,#616),.PCURVE_S1.);
#605 = LINE('',#606,#607);
#606 = CARTESIAN_POINT('',(347.04488194983,-13.6,1.66551964684E-15));
#607 = VECTOR('',#608,1.);
#608 = DIRECTION('',(-0.766044443119,-7.871877887342E-17,-0.642787609687
    ));
#609 = PCURVE('',#352,#610);
#610 = DEFINITIONAL_REPRESENTATION('',(#611),#615);
#611 = LINE('',#612,#613);
#612 = CARTESIAN_POINT('',(0.,4.044881949837));
#613 = VECTOR('',#614,1.);
#614 = DIRECTION('',(0.642787609687,-0.766044443119));
#615 = ( GEOMETRIC_REPRESENTATION_CONTEXT(2) 
PARAMETRIC_REPRESENTATION_CONTEXT() REPRESENTATION_CONTEXT('2D SPACE',''
  ) );
#616 = PCURVE('',#617,#622);
#617 = PLANE('',#618);
#618 = AXIS2_PLACEMENT_3D('',#619,#620,#621);
#619 = CARTESIAN_POINT('',(347.04488194983,-13.6,1.66551964684E-15));
#620 = DIRECTION('',(-0.642787609687,9.381338752703E-17,0.766044443119)
  );
#621 = DIRECTION('',(0.766044443119,7.871877887342E-17,0.642787609687));
#622 = DEFINITIONAL_REPRESENTATION('',(#623),#627);
#623 = LINE('',#624,#625);
#624 = CARTESIAN_POINT('',(0.,-0.));
#625 = VECTOR('',#626,1.);
#626 = DIRECTION('',(-1.,0.));
#627 = ( GEOMETRIC_REPRESENTATION_CONTEXT(2) 
PARAMETRIC_REPRESENTATION_CONTEXT() REPRESENTATION_CONTEXT('2D SPACE',''
  ) );
#628 = ORIENTED_EDGE('',*,*,#629,.F.);
#629 = EDGE_CURVE('',#398,#602,#630,.T.);
#630 = SURFACE_CURVE('',#631,(#635,#642),.PCURVE_S1.);
#631 = LINE('',#632,#633);
#632 = CARTESIAN_POINT('',(344.67124778518,-13.6,1.991715552109));
#633 = VECTOR('',#634,1.);
#634 = DIRECTION('',(0.766044443119,-7.871877887342E-17,-0.642787609687)
  );
#635 = PCURVE('',#352,#636);
#636 = DEFINITIONAL_REPRESENTATION('',(#637),#641);
#637 = LINE('',#638,#639);
#638 = CARTESIAN_POINT('',(-1.991715552109,1.671247785185));
#639 = VECTOR('',#640,1.);
#640 = DIRECTION('',(0.642787609687,0.766044443119));
#641 = ( GEOMETRIC_REPRESENTATION_CONTEXT(2) 
PARAMETRIC_REPRESENTATION_CONTEXT() REPRESENTATION_CONTEXT('2D SPACE',''
  ) );
#642 = PCURVE('',#643,#648);
#643 = PLANE('',#644);
#644 = AXIS2_PLACEMENT_3D('',#645,#646,#647);
#645 = CARTESIAN_POINT('',(344.67124778518,-13.6,1.991715552109));
#646 = DIRECTION('',(-0.642787609687,-9.381338752703E-17,-0.766044443119
    ));
#647 = DIRECTION('',(-0.766044443119,7.871877887342E-17,0.642787609687)
  );
#648 = DEFINITIONAL_REPRESENTATION('',(#649),#653);
#649 = LINE('',#650,#651);
#650 = CARTESIAN_POINT('',(-0.,0.));
#651 = VECTOR('',#652,1.);
#652 = DIRECTION('',(-1.,0.));
#653 = ( GEOMETRIC_REPRESENTATION_CONTEXT(2) 
PARAMETRIC_REPRESENTATION_CONTEXT() REPRESENTATION_CONTEXT('2D SPACE',''
  ) );
#654 = ADVANCED_FACE('',(#655),#643,.F.);
#655 = FACE_BOUND('',#656,.T.);
#656 = EDGE_LOOP('',(#657,#658,#681,#713,#740,#767));
#657 = ORIENTED_EDGE('',*,*,#629,.F.);
#658 = ORIENTED_EDGE('',*,*,#659,.T.);
#659 = EDGE_CURVE('',#398,#660,#662,.T.);
#660 = VERTEX_POINT('',#661);
#661 = CARTESIAN_POINT('',(344.67124778518,-17.48693995985,
    1.991715552109));
#662 = SURFACE_CURVE('',#663,(#667,#674),.PCURVE_S1.);
#663 = LINE('',#664,#665);
#664 = CARTESIAN_POINT('',(344.67124778518,-13.6,1.991715552109));
#665 = VECTOR('',#666,1.);
#666 = DIRECTION('',(0.,-1.,1.224646799147E-16));
#667 = PCURVE('',#643,#668);
#668 = DEFINITIONAL_REPRESENTATION('',(#669),#673);
#669 = LINE('',#670,#671);
#670 = CARTESIAN_POINT('',(-0.,0.));
#671 = VECTOR('',#672,1.);
#672 = DIRECTION('',(-0.,-1.));
#673 = ( GEOMETRIC_REPRESENTATION_CONTEXT(2) 
PARAMETRIC_REPRESENTATION_CONTEXT() REPRESENTATION_CONTEXT('2D SPACE',''
  ) );
#674 = PCURVE('',#416,#675);
#675 = DEFINITIONAL_REPRESENTATION('',(#676),#680);
#676 = LINE('',#677,#678);
#677 = CARTESIAN_POINT('',(2.443460952792,0.));
#678 = VECTOR('',#679,1.);
#679 = DIRECTION('',(0.,1.));
#680 = ( GEOMETRIC_REPRESENTATION_CONTEXT(2) 
PARAMETRIC_REPRESENTATION_CONTEXT() REPRESENTATION_CONTEXT('2D SPACE',''
  ) );
#681 = ORIENTED_EDGE('',*,*,#682,.F.);
#682 = EDGE_CURVE('',#683,#660,#685,.T.);
#683 = VERTEX_POINT('',#684);
#684 = CARTESIAN_POINT('',(346.5,-17.59406032709,0.457210243143));
#685 = SURFACE_CURVE('',#686,(#691,#698),.PCURVE_S1.);
#686 = ELLIPSE('',#687,27.380739352743,17.6);
#687 = AXIS2_PLACEMENT_3D('',#688,#689,#690);
#688 = CARTESIAN_POINT('',(347.04488194983,0.,0.));
#689 = DIRECTION('',(-0.642787609687,-9.381338752703E-17,-0.766044443119
    ));
#690 = DIRECTION('',(0.766044443119,-7.871877887342E-17,-0.642787609687)
  );
#691 = PCURVE('',#643,#692);
#692 = DEFINITIONAL_REPRESENTATION('',(#693),#697);
#693 = ELLIPSE('',#694,27.380739352743,17.6);
#694 = AXIS2_PLACEMENT_2D('',#695,#696);
#695 = CARTESIAN_POINT('',(-3.098559340745,13.6));
#696 = DIRECTION('',(-1.,0.));
#697 = ( GEOMETRIC_REPRESENTATION_CONTEXT(2) 
PARAMETRIC_REPRESENTATION_CONTEXT() REPRESENTATION_CONTEXT('2D SPACE',''
  ) );
#698 = PCURVE('',#699,#704);
#699 = CYLINDRICAL_SURFACE('',#700,17.6);
#700 = AXIS2_PLACEMENT_3D('',#701,#702,#703);
#701 = CARTESIAN_POINT('',(337.5,0.,0.));
#702 = DIRECTION('',(1.,0.,0.));
#703 = DIRECTION('',(-0.,0.,1.));
#704 = DEFINITIONAL_REPRESENTATION('',(#705),#712);
#705 = B_SPLINE_CURVE_WITH_KNOTS('',5,(#706,#707,#708,#709,#710,#711),
  .UNSPECIFIED.,.F.,.F.,(6,6),(1.596777104261,1.684204927872),
  .PIECEWISE_BEZIER_KNOTS.);
#706 = CARTESIAN_POINT('',(7.828000856508,9.));
#707 = CARTESIAN_POINT('',(7.810515291786,8.633366445244));
#708 = CARTESIAN_POINT('',(7.793029727064,8.266941134101));
#709 = CARTESIAN_POINT('',(7.775544162342,7.900957600852));
#710 = CARTESIAN_POINT('',(7.75805859762,7.535649113814));
#711 = CARTESIAN_POINT('',(7.740573032898,7.171247785182));
#712 = ( GEOMETRIC_REPRESENTATION_CONTEXT(2) 
PARAMETRIC_REPRESENTATION_CONTEXT() REPRESENTATION_CONTEXT('2D SPACE',''
  ) );
#713 = ORIENTED_EDGE('',*,*,#714,.F.);
#714 = EDGE_CURVE('',#715,#683,#717,.T.);
#715 = VERTEX_POINT('',#716);
#716 = CARTESIAN_POINT('',(347.,-17.59995970711,3.766042755481E-02));
#717 = SURFACE_CURVE('',#718,(#723,#730),.PCURVE_S1.);
#718 = ELLIPSE('',#719,27.380739352743,17.6);
#719 = AXIS2_PLACEMENT_3D('',#720,#721,#722);
#720 = CARTESIAN_POINT('',(347.04488194983,0.,0.));
#721 = DIRECTION('',(-0.642787609687,-9.381338752703E-17,-0.766044443119
    ));
#722 = DIRECTION('',(0.766044443119,-7.871877887342E-17,-0.642787609687)
  );
#723 = PCURVE('',#643,#724);
#724 = DEFINITIONAL_REPRESENTATION('',(#725),#729);
#725 = ELLIPSE('',#726,27.380739352743,17.6);
#726 = AXIS2_PLACEMENT_2D('',#727,#728);
#727 = CARTESIAN_POINT('',(-3.098559340745,13.6));
#728 = DIRECTION('',(-1.,0.));
#729 = ( GEOMETRIC_REPRESENTATION_CONTEXT(2) 
PARAMETRIC_REPRESENTATION_CONTEXT() REPRESENTATION_CONTEXT('2D SPACE',''
  ) );
#730 = PCURVE('',#699,#731);
#731 = DEFINITIONAL_REPRESENTATION('',(#732),#739);
#732 = B_SPLINE_CURVE_WITH_KNOTS('',5,(#733,#734,#735,#736,#737,#738),
  .UNSPECIFIED.,.F.,.F.,(6,6),(1.572936125448,1.596777104261),
  .PIECEWISE_BEZIER_KNOTS.);
#733 = CARTESIAN_POINT('',(7.851841835321,9.5));
#734 = CARTESIAN_POINT('',(7.847073639559,9.399987974991));
#735 = CARTESIAN_POINT('',(7.842305443796,9.29997722551));
#736 = CARTESIAN_POINT('',(7.837537248033,9.199972488728));
#737 = CARTESIAN_POINT('',(7.832769052271,9.099978501697));
#738 = CARTESIAN_POINT('',(7.828000856508,9.));
#739 = ( GEOMETRIC_REPRESENTATION_CONTEXT(2) 
PARAMETRIC_REPRESENTATION_CONTEXT() REPRESENTATION_CONTEXT('2D SPACE',''
  ) );
#740 = ORIENTED_EDGE('',*,*,#741,.F.);
#741 = EDGE_CURVE('',#742,#715,#744,.T.);
#742 = VERTEX_POINT('',#743);
#743 = CARTESIAN_POINT('',(347.04488194983,-17.6,2.155378366499E-15));
#744 = SURFACE_CURVE('',#745,(#750,#757),.PCURVE_S1.);
#745 = ELLIPSE('',#746,27.380739352743,17.6);
#746 = AXIS2_PLACEMENT_3D('',#747,#748,#749);
#747 = CARTESIAN_POINT('',(347.04488194983,0.,0.));
#748 = DIRECTION('',(-0.642787609687,-9.381338752703E-17,-0.766044443119
    ));
#749 = DIRECTION('',(0.766044443119,-7.871877887342E-17,-0.642787609687)
  );
#750 = PCURVE('',#643,#751);
#751 = DEFINITIONAL_REPRESENTATION('',(#752),#756);
#752 = ELLIPSE('',#753,27.380739352743,17.6);
#753 = AXIS2_PLACEMENT_2D('',#754,#755);
#754 = CARTESIAN_POINT('',(-3.098559340745,13.6));
#755 = DIRECTION('',(-1.,0.));
#756 = ( GEOMETRIC_REPRESENTATION_CONTEXT(2) 
PARAMETRIC_REPRESENTATION_CONTEXT() REPRESENTATION_CONTEXT('2D SPACE',''
  ) );
#757 = PCURVE('',#699,#758);
#758 = DEFINITIONAL_REPRESENTATION('',(#759),#766);
#759 = B_SPLINE_CURVE_WITH_KNOTS('',5,(#760,#761,#762,#763,#764,#765),
  .UNSPECIFIED.,.F.,.F.,(6,6),(1.570796326795,1.572936125448),
  .PIECEWISE_BEZIER_KNOTS.);
#760 = CARTESIAN_POINT('',(7.853981633974,9.544881949837));
#761 = CARTESIAN_POINT('',(7.853553674244,9.53590555302));
#762 = CARTESIAN_POINT('',(7.853125714513,9.526929156202));
#763 = CARTESIAN_POINT('',(7.852697754783,9.51795276281));
#764 = CARTESIAN_POINT('',(7.852269795052,9.508976376267));
#765 = CARTESIAN_POINT('',(7.851841835321,9.5));
#766 = ( GEOMETRIC_REPRESENTATION_CONTEXT(2) 
PARAMETRIC_REPRESENTATION_CONTEXT() REPRESENTATION_CONTEXT('2D SPACE',''
  ) );
#767 = ORIENTED_EDGE('',*,*,#768,.F.);
#768 = EDGE_CURVE('',#602,#742,#769,.T.);
#769 = SURFACE_CURVE('',#770,(#774,#781),.PCURVE_S1.);
#770 = LINE('',#771,#772);
#771 = CARTESIAN_POINT('',(347.04488194983,-13.6,1.66551964684E-15));
#772 = VECTOR('',#773,1.);
#773 = DIRECTION('',(0.,-1.,1.224646799147E-16));
#774 = PCURVE('',#643,#775);
#775 = DEFINITIONAL_REPRESENTATION('',(#776),#780);
#776 = LINE('',#777,#778);
#777 = CARTESIAN_POINT('',(-3.098559340745,2.439148075703E-16));
#778 = VECTOR('',#779,1.);
#779 = DIRECTION('',(-0.,-1.));
#780 = ( GEOMETRIC_REPRESENTATION_CONTEXT(2) 
PARAMETRIC_REPRESENTATION_CONTEXT() REPRESENTATION_CONTEXT('2D SPACE',''
  ) );
#781 = PCURVE('',#617,#782);
#782 = DEFINITIONAL_REPRESENTATION('',(#783),#787);
#783 = LINE('',#784,#785);
#784 = CARTESIAN_POINT('',(0.,-0.));
#785 = VECTOR('',#786,1.);
#786 = DIRECTION('',(-0.,-1.));
#787 = ( GEOMETRIC_REPRESENTATION_CONTEXT(2) 
PARAMETRIC_REPRESENTATION_CONTEXT() REPRESENTATION_CONTEXT('2D SPACE',''
  ) );
#788 = ADVANCED_FACE('',(#789),#699,.F.);
#789 = FACE_BOUND('',#790,.F.);
#790 = EDGE_LOOP('',(#791,#792,#793,#794,#821,#848,#875,#953,#980,#1001,
    #1024,#1050,#1079,#1105,#1128,#1154,#1186,#1265,#1297,#1324,#1351,
    #1383,#1410,#1437,#1520,#1552,#1578,#1602,#1623,#1650));
#791 = ORIENTED_EDGE('',*,*,#682,.F.);
#792 = ORIENTED_EDGE('',*,*,#714,.F.);
#793 = ORIENTED_EDGE('',*,*,#741,.F.);
#794 = ORIENTED_EDGE('',*,*,#795,.F.);
#795 = EDGE_CURVE('',#796,#742,#798,.T.);
#796 = VERTEX_POINT('',#797);
#797 = CARTESIAN_POINT('',(347.,-17.59995970711,-3.766042755481E-02));
#798 = SURFACE_CURVE('',#799,(#804,#814),.PCURVE_S1.);
#799 = ELLIPSE('',#800,27.380739352743,17.6);
#800 = AXIS2_PLACEMENT_3D('',#801,#802,#803);
#801 = CARTESIAN_POINT('',(347.04488194983,0.,0.));
#802 = DIRECTION('',(-0.642787609687,9.381338752703E-17,0.766044443119)
  );
#803 = DIRECTION('',(0.766044443119,7.871877887342E-17,0.642787609687));
#804 = PCURVE('',#699,#805);
#805 = DEFINITIONAL_REPRESENTATION('',(#806),#813);
#806 = B_SPLINE_CURVE_WITH_KNOTS('',5,(#807,#808,#809,#810,#811,#812),
  .UNSPECIFIED.,.F.,.F.,(6,6),(4.710249181732,4.712388980385),
  .PIECEWISE_BEZIER_KNOTS.);
#807 = CARTESIAN_POINT('',(7.856121432628,9.5));
#808 = CARTESIAN_POINT('',(7.855693472897,9.508976376267));
#809 = CARTESIAN_POINT('',(7.855265513166,9.51795276281));
#810 = CARTESIAN_POINT('',(7.854837553436,9.526929156202));
#811 = CARTESIAN_POINT('',(7.854409593705,9.53590555302));
#812 = CARTESIAN_POINT('',(7.853981633974,9.544881949837));
#813 = ( GEOMETRIC_REPRESENTATION_CONTEXT(2) 
PARAMETRIC_REPRESENTATION_CONTEXT() REPRESENTATION_CONTEXT('2D SPACE',''
  ) );
#814 = PCURVE('',#617,#815);
#815 = DEFINITIONAL_REPRESENTATION('',(#816),#820);
#816 = ELLIPSE('',#817,27.380739352743,17.6);
#817 = AXIS2_PLACEMENT_2D('',#818,#819);
#818 = CARTESIAN_POINT('',(0.,13.6));
#819 = DIRECTION('',(1.,-0.));
#820 = ( GEOMETRIC_REPRESENTATION_CONTEXT(2) 
PARAMETRIC_REPRESENTATION_CONTEXT() REPRESENTATION_CONTEXT('2D SPACE',''
  ) );
#821 = ORIENTED_EDGE('',*,*,#822,.F.);
#822 = EDGE_CURVE('',#823,#796,#825,.T.);
#823 = VERTEX_POINT('',#824);
#824 = CARTESIAN_POINT('',(346.5,-17.59406032709,-0.457210243143));
#825 = SURFACE_CURVE('',#826,(#831,#841),.PCURVE_S1.);
#826 = ELLIPSE('',#827,27.380739352743,17.6);
#827 = AXIS2_PLACEMENT_3D('',#828,#829,#830);
#828 = CARTESIAN_POINT('',(347.04488194983,0.,0.));
#829 = DIRECTION('',(-0.642787609687,9.381338752703E-17,0.766044443119)
  );
#830 = DIRECTION('',(0.766044443119,7.871877887342E-17,0.642787609687));
#831 = PCURVE('',#699,#832);
#832 = DEFINITIONAL_REPRESENTATION('',(#833),#840);
#833 = B_SPLINE_CURVE_WITH_KNOTS('',5,(#834,#835,#836,#837,#838,#839),
  .UNSPECIFIED.,.F.,.F.,(6,6),(4.686408202918,4.710249181732),
  .PIECEWISE_BEZIER_KNOTS.);
#834 = CARTESIAN_POINT('',(7.879962411441,9.));
#835 = CARTESIAN_POINT('',(7.875194215678,9.099978501697));
#836 = CARTESIAN_POINT('',(7.870426019916,9.199972488728));
#837 = CARTESIAN_POINT('',(7.865657824153,9.29997722551));
#838 = CARTESIAN_POINT('',(7.86088962839,9.399987974991));
#839 = CARTESIAN_POINT('',(7.856121432628,9.5));
#840 = ( GEOMETRIC_REPRESENTATION_CONTEXT(2) 
PARAMETRIC_REPRESENTATION_CONTEXT() REPRESENTATION_CONTEXT('2D SPACE',''
  ) );
#841 = PCURVE('',#617,#842);
#842 = DEFINITIONAL_REPRESENTATION('',(#843),#847);
#843 = ELLIPSE('',#844,27.380739352743,17.6);
#844 = AXIS2_PLACEMENT_2D('',#845,#846);
#845 = CARTESIAN_POINT('',(0.,13.6));
#846 = DIRECTION('',(1.,-0.));
#847 = ( GEOMETRIC_REPRESENTATION_CONTEXT(2) 
PARAMETRIC_REPRESENTATION_CONTEXT() REPRESENTATION_CONTEXT('2D SPACE',''
  ) );
#848 = ORIENTED_EDGE('',*,*,#849,.F.);
#849 = EDGE_CURVE('',#850,#823,#852,.T.);
#850 = VERTEX_POINT('',#851);
#851 = CARTESIAN_POINT('',(344.67124778518,-17.48693995985,
    -1.991715552109));
#852 = SURFACE_CURVE('',#853,(#858,#868),.PCURVE_S1.);
#853 = ELLIPSE('',#854,27.380739352743,17.6);
#854 = AXIS2_PLACEMENT_3D('',#855,#856,#857);
#855 = CARTESIAN_POINT('',(347.04488194983,0.,0.));
#856 = DIRECTION('',(-0.642787609687,9.381338752703E-17,0.766044443119)
  );
#857 = DIRECTION('',(0.766044443119,7.871877887342E-17,0.642787609687));
#858 = PCURVE('',#699,#859);
#859 = DEFINITIONAL_REPRESENTATION('',(#860),#867);
#860 = B_SPLINE_CURVE_WITH_KNOTS('',5,(#861,#862,#863,#864,#865,#866),
  .UNSPECIFIED.,.F.,.F.,(6,6),(4.598980379308,4.686408202918),
  .PIECEWISE_BEZIER_KNOTS.);
#861 = CARTESIAN_POINT('',(7.967390235051,7.171247785182));
#862 = CARTESIAN_POINT('',(7.949904670329,7.535649113814));
#863 = CARTESIAN_POINT('',(7.932419105607,7.900957600852));
#864 = CARTESIAN_POINT('',(7.914933540885,8.266941134102));
#865 = CARTESIAN_POINT('',(7.897447976163,8.633366445244));
#866 = CARTESIAN_POINT('',(7.879962411441,9.));
#867 = ( GEOMETRIC_REPRESENTATION_CONTEXT(2) 
PARAMETRIC_REPRESENTATION_CONTEXT() REPRESENTATION_CONTEXT('2D SPACE',''
  ) );
#868 = PCURVE('',#617,#869);
#869 = DEFINITIONAL_REPRESENTATION('',(#870),#874);
#870 = ELLIPSE('',#871,27.380739352743,17.6);
#871 = AXIS2_PLACEMENT_2D('',#872,#873);
#872 = CARTESIAN_POINT('',(0.,13.6));
#873 = DIRECTION('',(1.,-0.));
#874 = ( GEOMETRIC_REPRESENTATION_CONTEXT(2) 
PARAMETRIC_REPRESENTATION_CONTEXT() REPRESENTATION_CONTEXT('2D SPACE',''
  ) );
#875 = ORIENTED_EDGE('',*,*,#876,.F.);
#876 = EDGE_CURVE('',#877,#850,#879,.T.);
#877 = VERTEX_POINT('',#878);
#878 = CARTESIAN_POINT('',(341.32875221481,-17.48693995985,
    -1.991715552109));
#879 = SURFACE_CURVE('',#880,(#895,#924),.PCURVE_S1.);
#880 = B_SPLINE_CURVE_WITH_KNOTS('',7,(#881,#882,#883,#884,#885,#886,
    #887,#888,#889,#890,#891,#892,#893,#894),.UNSPECIFIED.,.F.,.F.,(8,6,
    8),(0.,1.,2.000029111537),.UNSPECIFIED.);
#881 = CARTESIAN_POINT('',(341.32875221481,-17.48693995985,
    -1.991715552109));
#882 = CARTESIAN_POINT('',(341.54147211422,-17.46661006442,
    -2.170208741249));
#883 = CARTESIAN_POINT('',(341.76905941089,-17.44785047582,
    -2.31601031592));
#884 = CARTESIAN_POINT('',(342.00663140173,-17.43189607659,
    -2.430652596668));
#885 = CARTESIAN_POINT('',(342.25080341463,-17.41950677485,
    -2.51556649559));
#886 = CARTESIAN_POINT('',(342.49907451047,-17.41110332841,
    -2.571826515256));
#887 = CARTESIAN_POINT('',(342.74942499247,-17.40689518552,-2.6));
#888 = CARTESIAN_POINT('',(343.25058230214,-17.40689518552,-2.6));
#889 = CARTESIAN_POINT('',(343.50093062952,-17.41110356433,
    -2.571824922934));
#890 = CARTESIAN_POINT('',(343.74919542412,-17.4195069645,
    -2.515565264647));
#891 = CARTESIAN_POINT('',(343.99336068881,-17.43189575981,
    -2.430654448718));
#892 = CARTESIAN_POINT('',(344.230929187,-17.44784963533,-2.316016226536
    ));
#893 = CARTESIAN_POINT('',(344.45851947033,-17.46660926015,
    -2.170215802641));
#894 = CARTESIAN_POINT('',(344.67124778518,-17.48693995985,
    -1.991715552109));
#895 = PCURVE('',#699,#896);
#896 = DEFINITIONAL_REPRESENTATION('',(#897),#923);
#897 = B_SPLINE_CURVE_WITH_KNOTS('',3,(#898,#899,#900,#901,#902,#903,
    #904,#905,#906,#907,#908,#909,#910,#911,#912,#913,#914,#915,#916,
    #917,#918,#919,#920,#921,#922),.UNSPECIFIED.,.F.,.F.,(4,1,1,1,1,1,1,
    1,1,1,1,1,1,1,1,1,1,1,1,1,1,1,4),(0.,9.091041416076E-02,
    0.181820828322,0.272731242482,0.363641656643,0.454552070804,
    0.545462484965,0.636372899125,0.727283313286,0.818193727447,
    0.909104141608,1.000014555768,1.090924969929,1.18183538409,
    1.272745798251,1.363656212411,1.454566626572,1.545477040733,
    1.636387454894,1.727297869054,1.818208283215,1.909118697376,
    2.000029111537),.QUASI_UNIFORM_KNOTS.);
#898 = CARTESIAN_POINT('',(7.967390235051,3.828752214815));
#899 = CARTESIAN_POINT('',(7.969555391175,3.873881516569));
#900 = CARTESIAN_POINT('',(7.97367116076,3.965836416436));
#901 = CARTESIAN_POINT('',(7.979213084872,4.108211439014));
#902 = CARTESIAN_POINT('',(7.984135430087,4.254355561056));
#903 = CARTESIAN_POINT('',(7.988449460023,4.403690958795));
#904 = CARTESIAN_POINT('',(7.992165636751,4.555692033667));
#905 = CARTESIAN_POINT('',(7.995293387863,4.709887115723));
#906 = CARTESIAN_POINT('',(7.997840968057,4.865848917395));
#907 = CARTESIAN_POINT('',(7.999815303505,5.023187593403));
#908 = CARTESIAN_POINT('',(8.001221848126,5.181547265971));
#909 = CARTESIAN_POINT('',(8.002064442626,5.340588527795));
#910 = CARTESIAN_POINT('',(8.002345178913,5.500025818675));
#911 = CARTESIAN_POINT('',(8.002064263284,5.659461384593));
#912 = CARTESIAN_POINT('',(8.001221518927,5.818498399104));
#913 = CARTESIAN_POINT('',(7.999814871621,5.976852017211));
#914 = CARTESIAN_POINT('',(7.997840490779,6.134183531909));
#915 = CARTESIAN_POINT('',(7.995292924228,6.290137712337));
#916 = CARTESIAN_POINT('',(7.992165239779,6.444325323032));
#917 = CARTESIAN_POINT('',(7.98844916922,6.596319641265));
#918 = CARTESIAN_POINT('',(7.984135264407,6.745649508034));
#919 = CARTESIAN_POINT('',(7.979213035945,6.891789756534));
#920 = CARTESIAN_POINT('',(7.973671187254,7.034162910165));
#921 = CARTESIAN_POINT('',(7.969555413368,7.126117997489));
#922 = CARTESIAN_POINT('',(7.967390235051,7.171247785185));
#923 = ( GEOMETRIC_REPRESENTATION_CONTEXT(2) 
PARAMETRIC_REPRESENTATION_CONTEXT() REPRESENTATION_CONTEXT('2D SPACE',''
  ) );
#924 = PCURVE('',#589,#925);
#925 = DEFINITIONAL_REPRESENTATION('',(#926),#952);
#926 = B_SPLINE_CURVE_WITH_KNOTS('',3,(#927,#928,#929,#930,#931,#932,
    #933,#934,#935,#936,#937,#938,#939,#940,#941,#942,#943,#944,#945,
    #946,#947,#948,#949,#950,#951),.UNSPECIFIED.,.F.,.F.,(4,1,1,1,1,1,1,
    1,1,1,1,1,1,1,1,1,1,1,1,1,1,1,4),(0.,9.091041416076E-02,
    0.181820828322,0.272731242482,0.363641656643,0.454552070804,
    0.545462484965,0.636372899125,0.727283313286,0.818193727447,
    0.909104141608,1.000014555768,1.090924969929,1.18183538409,
    1.272745798251,1.363656212411,1.454566626572,1.545477040733,
    1.636387454894,1.727297869054,1.818208283215,1.909118697376,
    2.000029111537),.QUASI_UNIFORM_KNOTS.);
#927 = CARTESIAN_POINT('',(5.585053606382,3.886939959852));
#928 = CARTESIAN_POINT('',(5.607708266555,3.882625433985));
#929 = CARTESIAN_POINT('',(5.652592041759,3.874185958906));
#930 = CARTESIAN_POINT('',(5.718772900396,3.862249764583));
#931 = CARTESIAN_POINT('',(5.783943647584,3.851200103291));
#932 = CARTESIAN_POINT('',(5.848228960939,3.841168197358));
#933 = CARTESIAN_POINT('',(5.911749204574,3.832266636012));
#934 = CARTESIAN_POINT('',(5.974620685092,3.82458812479));
#935 = CARTESIAN_POINT('',(6.036957167221,3.818208070568));
#936 = CARTESIAN_POINT('',(6.098870504659,3.813185944909));
#937 = CARTESIAN_POINT('',(6.160472842808,3.809566746244));
#938 = CARTESIAN_POINT('',(6.221873219208,3.807382172936));
#939 = CARTESIAN_POINT('',(6.283195231132,3.806651575322));
#940 = CARTESIAN_POINT('',(6.344516617453,3.807382639063));
#941 = CARTESIAN_POINT('',(6.405915461482,3.809567597019));
#942 = CARTESIAN_POINT('',(6.467515606623,3.813187050351));
#943 = CARTESIAN_POINT('',(6.52942632225,3.81820927522));
#944 = CARTESIAN_POINT('',(6.591759964622,3.824589273392));
#945 = CARTESIAN_POINT('',(6.65462859155,3.832267596452));
#946 = CARTESIAN_POINT('',(6.718146169824,3.84116888052));
#947 = CARTESIAN_POINT('',(6.782429209355,3.851200478465));
#948 = CARTESIAN_POINT('',(6.847598278364,3.862249869131));
#949 = CARTESIAN_POINT('',(6.913778258012,3.874185902806));
#950 = CARTESIAN_POINT('',(6.958662110422,3.88262538817));
#951 = CARTESIAN_POINT('',(6.981317007977,3.886939959852));
#952 = ( GEOMETRIC_REPRESENTATION_CONTEXT(2) 
PARAMETRIC_REPRESENTATION_CONTEXT() REPRESENTATION_CONTEXT('2D SPACE',''
  ) );
#953 = ORIENTED_EDGE('',*,*,#954,.F.);
#954 = EDGE_CURVE('',#955,#877,#957,.T.);
#955 = VERTEX_POINT('',#956);
#956 = CARTESIAN_POINT('',(339.90852092423,-17.58180878066,-0.8));
#957 = SURFACE_CURVE('',#958,(#963,#973),.PCURVE_S1.);
#958 = ELLIPSE('',#959,27.380739352743,17.6);
#959 = AXIS2_PLACEMENT_3D('',#960,#961,#962);
#960 = CARTESIAN_POINT('',(338.95511805016,0.,0.));
#961 = DIRECTION('',(0.642787609687,9.381338752703E-17,0.766044443119));
#962 = DIRECTION('',(0.766044443119,-7.871877887342E-17,-0.642787609687)
  );
#963 = PCURVE('',#699,#964);
#964 = DEFINITIONAL_REPRESENTATION('',(#965),#972);
#965 = B_SPLINE_CURVE_WITH_KNOTS('',5,(#966,#967,#968,#969,#970,#971),
  .UNSPECIFIED.,.F.,.F.,(6,6),(4.757859192802,4.825797581461),
  .PIECEWISE_BEZIER_KNOTS.);
#966 = CARTESIAN_POINT('',(7.899451846391,2.408520924239));
#967 = CARTESIAN_POINT('',(7.913039524123,2.693226032883));
#968 = CARTESIAN_POINT('',(7.926627201855,2.977711114035));
#969 = CARTESIAN_POINT('',(7.940214879587,3.261866660015));
#970 = CARTESIAN_POINT('',(7.953802557319,3.545583332525));
#971 = CARTESIAN_POINT('',(7.967390235051,3.828752214816));
#972 = ( GEOMETRIC_REPRESENTATION_CONTEXT(2) 
PARAMETRIC_REPRESENTATION_CONTEXT() REPRESENTATION_CONTEXT('2D SPACE',''
  ) );
#973 = PCURVE('',#556,#974);
#974 = DEFINITIONAL_REPRESENTATION('',(#975),#979);
#975 = ELLIPSE('',#976,27.380739352743,17.6);
#976 = AXIS2_PLACEMENT_2D('',#977,#978);
#977 = CARTESIAN_POINT('',(0.,13.6));
#978 = DIRECTION('',(1.,0.));
#979 = ( GEOMETRIC_REPRESENTATION_CONTEXT(2) 
PARAMETRIC_REPRESENTATION_CONTEXT() REPRESENTATION_CONTEXT('2D SPACE',''
  ) );
#980 = ORIENTED_EDGE('',*,*,#981,.F.);
#981 = EDGE_CURVE('',#982,#955,#984,.T.);
#982 = VERTEX_POINT('',#983);
#983 = CARTESIAN_POINT('',(338.49999995,-17.58180878066,-0.8));
#984 = SURFACE_CURVE('',#985,(#989,#995),.PCURVE_S1.);
#985 = LINE('',#986,#987);
#986 = CARTESIAN_POINT('',(337.5,-17.58180878066,-0.8));
#987 = VECTOR('',#988,1.);
#988 = DIRECTION('',(1.,0.,0.));
#989 = PCURVE('',#699,#990);
#990 = DEFINITIONAL_REPRESENTATION('',(#991),#994);
#991 = B_SPLINE_CURVE_WITH_KNOTS('',1,(#992,#993),.UNSPECIFIED.,.F.,.F.,
  (2,2),(0.99999995,2.408520924238),.PIECEWISE_BEZIER_KNOTS.);
#992 = CARTESIAN_POINT('',(7.899451846391,0.99999995));
#993 = CARTESIAN_POINT('',(7.899451846391,2.408520924238));
#994 = ( GEOMETRIC_REPRESENTATION_CONTEXT(2) 
PARAMETRIC_REPRESENTATION_CONTEXT() REPRESENTATION_CONTEXT('2D SPACE',''
  ) );
#995 = PCURVE('',#528,#996);
#996 = DEFINITIONAL_REPRESENTATION('',(#997),#1000);
#997 = B_SPLINE_CURVE_WITH_KNOTS('',1,(#998,#999),.UNSPECIFIED.,.F.,.F.,
  (2,2),(0.9999994,2.549373026662),.PIECEWISE_BEZIER_KNOTS.);
#998 = CARTESIAN_POINT('',(-4.999999987376E-07,3.981808780669));
#999 = CARTESIAN_POINT('',(1.549373126662,3.981808780669));
#1000 = ( GEOMETRIC_REPRESENTATION_CONTEXT(2) 
PARAMETRIC_REPRESENTATION_CONTEXT() REPRESENTATION_CONTEXT('2D SPACE',''
  ) );
#1001 = ORIENTED_EDGE('',*,*,#1002,.T.);
#1002 = EDGE_CURVE('',#982,#1003,#1005,.T.);
#1003 = VERTEX_POINT('',#1004);
#1004 = CARTESIAN_POINT('',(338.4999999125,-16.8748121353,
    -5.000071539316));
#1005 = SURFACE_CURVE('',#1006,(#1011,#1017),.PCURVE_S1.);
#1006 = CIRCLE('',#1007,17.6);
#1007 = AXIS2_PLACEMENT_3D('',#1008,#1009,#1010);
#1008 = CARTESIAN_POINT('',(338.5,0.,0.));
#1009 = DIRECTION('',(1.,0.,0.));
#1010 = DIRECTION('',(-0.,0.,1.));
#1011 = PCURVE('',#699,#1012);
#1012 = DEFINITIONAL_REPRESENTATION('',(#1013),#1016);
#1013 = B_SPLINE_CURVE_WITH_KNOTS('',1,(#1014,#1015),.UNSPECIFIED.,.F.,
  .F.,(2,2),(1.616266539212,4.127786731093),.PIECEWISE_BEZIER_KNOTS.);
#1014 = CARTESIAN_POINT('',(7.899451846391,1.));
#1015 = CARTESIAN_POINT('',(10.410972038273,1.));
#1016 = ( GEOMETRIC_REPRESENTATION_CONTEXT(2) 
PARAMETRIC_REPRESENTATION_CONTEXT() REPRESENTATION_CONTEXT('2D SPACE',''
  ) );
#1017 = PCURVE('',#43,#1018);
#1018 = DEFINITIONAL_REPRESENTATION('',(#1019),#1023);
#1019 = CIRCLE('',#1020,17.6);
#1020 = AXIS2_PLACEMENT_2D('',#1021,#1022);
#1021 = CARTESIAN_POINT('',(0.,0.));
#1022 = DIRECTION('',(1.,0.));
#1023 = ( GEOMETRIC_REPRESENTATION_CONTEXT(2) 
PARAMETRIC_REPRESENTATION_CONTEXT() REPRESENTATION_CONTEXT('2D SPACE',''
  ) );
#1024 = ORIENTED_EDGE('',*,*,#1025,.T.);
#1025 = EDGE_CURVE('',#1003,#1026,#1028,.T.);
#1026 = VERTEX_POINT('',#1027);
#1027 = CARTESIAN_POINT('',(348.1,-16.8748121353,-5.000071539316));
#1028 = SURFACE_CURVE('',#1029,(#1033,#1039),.PCURVE_S1.);
#1029 = LINE('',#1030,#1031);
#1030 = CARTESIAN_POINT('',(337.5,-16.8748121353,-5.000071539316));
#1031 = VECTOR('',#1032,1.);
#1032 = DIRECTION('',(1.,0.,0.));
#1033 = PCURVE('',#699,#1034);
#1034 = DEFINITIONAL_REPRESENTATION('',(#1035),#1038);
#1035 = B_SPLINE_CURVE_WITH_KNOTS('',1,(#1036,#1037),.UNSPECIFIED.,.F.,
  .F.,(2,2),(0.999999325,10.6000006),.PIECEWISE_BEZIER_KNOTS.);
#1036 = CARTESIAN_POINT('',(8.14204401068,0.999999325));
#1037 = CARTESIAN_POINT('',(8.14204401068,10.6000006));
#1038 = ( GEOMETRIC_REPRESENTATION_CONTEXT(2) 
PARAMETRIC_REPRESENTATION_CONTEXT() REPRESENTATION_CONTEXT('2D SPACE',''
  ) );
#1039 = PCURVE('',#1040,#1045);
#1040 = PLANE('',#1041);
#1041 = AXIS2_PLACEMENT_3D('',#1042,#1043,#1044);
#1042 = CARTESIAN_POINT('',(338.499999825,-13.24333182681,-3.30668446103
    ));
#1043 = DIRECTION('',(0.,0.422618261741,-0.906307787037));
#1044 = DIRECTION('',(1.,0.,0.));
#1045 = DEFINITIONAL_REPRESENTATION('',(#1046),#1049);
#1046 = B_SPLINE_CURVE_WITH_KNOTS('',1,(#1047,#1048),.UNSPECIFIED.,.F.,
  .F.,(2,2),(0.999999325,10.6000006),.PIECEWISE_BEZIER_KNOTS.);
#1047 = CARTESIAN_POINT('',(-4.999999987376E-07,4.006895185529));
#1048 = CARTESIAN_POINT('',(9.600000775,4.006895185529));
#1049 = ( GEOMETRIC_REPRESENTATION_CONTEXT(2) 
PARAMETRIC_REPRESENTATION_CONTEXT() REPRESENTATION_CONTEXT('2D SPACE',''
  ) );
#1050 = ORIENTED_EDGE('',*,*,#1051,.F.);
#1051 = EDGE_CURVE('',#1052,#1026,#1054,.T.);
#1052 = VERTEX_POINT('',#1053);
#1053 = CARTESIAN_POINT('',(348.1,16.874812135302,-5.000071539316));
#1054 = SURFACE_CURVE('',#1055,(#1060,#1067),.PCURVE_S1.);
#1055 = CIRCLE('',#1056,17.6);
#1056 = AXIS2_PLACEMENT_3D('',#1057,#1058,#1059);
#1057 = CARTESIAN_POINT('',(348.1,0.,0.));
#1058 = DIRECTION('',(1.,-0.,0.));
#1059 = DIRECTION('',(0.,0.958796144051,-0.284094973825));
#1060 = PCURVE('',#699,#1061);
#1061 = DEFINITIONAL_REPRESENTATION('',(#1062),#1066);
#1062 = LINE('',#1063,#1064);
#1063 = CARTESIAN_POINT('',(4.424326603679,10.6));
#1064 = VECTOR('',#1065,1.);
#1065 = DIRECTION('',(1.,0.));
#1066 = ( GEOMETRIC_REPRESENTATION_CONTEXT(2) 
PARAMETRIC_REPRESENTATION_CONTEXT() REPRESENTATION_CONTEXT('2D SPACE',''
  ) );
#1067 = PCURVE('',#1068,#1073);
#1068 = PLANE('',#1069);
#1069 = AXIS2_PLACEMENT_3D('',#1070,#1071,#1072);
#1070 = CARTESIAN_POINT('',(348.1,0.,0.));
#1071 = DIRECTION('',(1.,0.,0.));
#1072 = DIRECTION('',(-0.,0.,1.));
#1073 = DEFINITIONAL_REPRESENTATION('',(#1074),#1078);
#1074 = CIRCLE('',#1075,17.6);
#1075 = AXIS2_PLACEMENT_2D('',#1076,#1077);
#1076 = CARTESIAN_POINT('',(0.,0.));
#1077 = DIRECTION('',(-0.284094973825,-0.958796144051));
#1078 = ( GEOMETRIC_REPRESENTATION_CONTEXT(2) 
PARAMETRIC_REPRESENTATION_CONTEXT() REPRESENTATION_CONTEXT('2D SPACE',''
  ) );
#1079 = ORIENTED_EDGE('',*,*,#1080,.F.);
#1080 = EDGE_CURVE('',#1081,#1052,#1083,.T.);
#1081 = VERTEX_POINT('',#1082);
#1082 = CARTESIAN_POINT('',(338.499999925,16.874812135302,
    -5.000071539315));
#1083 = SURFACE_CURVE('',#1084,(#1088,#1094),.PCURVE_S1.);
#1084 = LINE('',#1085,#1086);
#1085 = CARTESIAN_POINT('',(337.5,16.874812135302,-5.000071539316));
#1086 = VECTOR('',#1087,1.);
#1087 = DIRECTION('',(1.,0.,0.));
#1088 = PCURVE('',#699,#1089);
#1089 = DEFINITIONAL_REPRESENTATION('',(#1090),#1093);
#1090 = B_SPLINE_CURVE_WITH_KNOTS('',1,(#1091,#1092),.UNSPECIFIED.,.F.,
  .F.,(2,2),(0.999999925,10.6),.PIECEWISE_BEZIER_KNOTS.);
#1091 = CARTESIAN_POINT('',(4.424326603679,0.999999925));
#1092 = CARTESIAN_POINT('',(4.424326603679,10.6));
#1093 = ( GEOMETRIC_REPRESENTATION_CONTEXT(2) 
PARAMETRIC_REPRESENTATION_CONTEXT() REPRESENTATION_CONTEXT('2D SPACE',''
  ) );
#1094 = PCURVE('',#1095,#1100);
#1095 = PLANE('',#1096);
#1096 = AXIS2_PLACEMENT_3D('',#1097,#1098,#1099);
#1097 = CARTESIAN_POINT('',(338.49999985,13.243331826817,-3.30668446103)
  );
#1098 = DIRECTION('',(0.,0.422618261741,0.906307787037));
#1099 = DIRECTION('',(1.,0.,0.));
#1100 = DEFINITIONAL_REPRESENTATION('',(#1101),#1104);
#1101 = B_SPLINE_CURVE_WITH_KNOTS('',1,(#1102,#1103),.UNSPECIFIED.,.F.,
  .F.,(2,2),(0.99999935,10.6000006),.PIECEWISE_BEZIER_KNOTS.);
#1102 = CARTESIAN_POINT('',(-4.999999987376E-07,4.006895185529));
#1103 = CARTESIAN_POINT('',(9.60000075,4.006895185529));
#1104 = ( GEOMETRIC_REPRESENTATION_CONTEXT(2) 
PARAMETRIC_REPRESENTATION_CONTEXT() REPRESENTATION_CONTEXT('2D SPACE',''
  ) );
#1105 = ORIENTED_EDGE('',*,*,#1106,.T.);
#1106 = EDGE_CURVE('',#1081,#1107,#1109,.T.);
#1107 = VERTEX_POINT('',#1108);
#1108 = CARTESIAN_POINT('',(338.5,17.581808780669,-0.8));
#1109 = SURFACE_CURVE('',#1110,(#1115,#1121),.PCURVE_S1.);
#1110 = CIRCLE('',#1111,17.6);
#1111 = AXIS2_PLACEMENT_3D('',#1112,#1113,#1114);
#1112 = CARTESIAN_POINT('',(338.5,0.,0.));
#1113 = DIRECTION('',(1.,0.,0.));
#1114 = DIRECTION('',(-0.,0.,1.));
#1115 = PCURVE('',#699,#1116);
#1116 = DEFINITIONAL_REPRESENTATION('',(#1117),#1120);
#1117 = B_SPLINE_CURVE_WITH_KNOTS('',1,(#1118,#1119),.UNSPECIFIED.,.F.,
  .F.,(2,2),(4.424326603679,4.666918767968),.PIECEWISE_BEZIER_KNOTS.);
#1118 = CARTESIAN_POINT('',(4.424326603679,1.));
#1119 = CARTESIAN_POINT('',(4.666918767968,1.));
#1120 = ( GEOMETRIC_REPRESENTATION_CONTEXT(2) 
PARAMETRIC_REPRESENTATION_CONTEXT() REPRESENTATION_CONTEXT('2D SPACE',''
  ) );
#1121 = PCURVE('',#43,#1122);
#1122 = DEFINITIONAL_REPRESENTATION('',(#1123),#1127);
#1123 = CIRCLE('',#1124,17.6);
#1124 = AXIS2_PLACEMENT_2D('',#1125,#1126);
#1125 = CARTESIAN_POINT('',(0.,0.));
#1126 = DIRECTION('',(1.,0.));
#1127 = ( GEOMETRIC_REPRESENTATION_CONTEXT(2) 
PARAMETRIC_REPRESENTATION_CONTEXT() REPRESENTATION_CONTEXT('2D SPACE',''
  ) );
#1128 = ORIENTED_EDGE('',*,*,#1129,.T.);
#1129 = EDGE_CURVE('',#1107,#1130,#1132,.T.);
#1130 = VERTEX_POINT('',#1131);
#1131 = CARTESIAN_POINT('',(339.90852092423,17.581808780669,-0.8));
#1132 = SURFACE_CURVE('',#1133,(#1137,#1143),.PCURVE_S1.);
#1133 = LINE('',#1134,#1135);
#1134 = CARTESIAN_POINT('',(337.5,17.581808780669,-0.8));
#1135 = VECTOR('',#1136,1.);
#1136 = DIRECTION('',(1.,0.,0.));
#1137 = PCURVE('',#699,#1138);
#1138 = DEFINITIONAL_REPRESENTATION('',(#1139),#1142);
#1139 = B_SPLINE_CURVE_WITH_KNOTS('',1,(#1140,#1141),.UNSPECIFIED.,.F.,
  .F.,(2,2),(1.,2.408520924238),.PIECEWISE_BEZIER_KNOTS.);
#1140 = CARTESIAN_POINT('',(4.666918767968,1.));
#1141 = CARTESIAN_POINT('',(4.666918767968,2.408520924238));
#1142 = ( GEOMETRIC_REPRESENTATION_CONTEXT(2) 
PARAMETRIC_REPRESENTATION_CONTEXT() REPRESENTATION_CONTEXT('2D SPACE',''
  ) );
#1143 = PCURVE('',#1144,#1149);
#1144 = PLANE('',#1145);
#1145 = AXIS2_PLACEMENT_3D('',#1146,#1147,#1148);
#1146 = CARTESIAN_POINT('',(338.5,13.6,-0.8));
#1147 = DIRECTION('',(0.,0.,1.));
#1148 = DIRECTION('',(1.,0.,0.));
#1149 = DEFINITIONAL_REPRESENTATION('',(#1150),#1153);
#1150 = B_SPLINE_CURVE_WITH_KNOTS('',1,(#1151,#1152),.UNSPECIFIED.,.F.,
  .F.,(2,2),(0.9999994,2.549373016662),.PIECEWISE_BEZIER_KNOTS.);
#1151 = CARTESIAN_POINT('',(-6.000000212225E-07,3.981808780669));
#1152 = CARTESIAN_POINT('',(1.549373016662,3.981808780669));
#1153 = ( GEOMETRIC_REPRESENTATION_CONTEXT(2) 
PARAMETRIC_REPRESENTATION_CONTEXT() REPRESENTATION_CONTEXT('2D SPACE',''
  ) );
#1154 = ORIENTED_EDGE('',*,*,#1155,.F.);
#1155 = EDGE_CURVE('',#1156,#1130,#1158,.T.);
#1156 = VERTEX_POINT('',#1157);
#1157 = CARTESIAN_POINT('',(341.32875221481,17.486939959852,
    -1.991715552109));
#1158 = SURFACE_CURVE('',#1159,(#1164,#1174),.PCURVE_S1.);
#1159 = ELLIPSE('',#1160,27.380739352743,17.6);
#1160 = AXIS2_PLACEMENT_3D('',#1161,#1162,#1163);
#1161 = CARTESIAN_POINT('',(338.95511805016,0.,0.));
#1162 = DIRECTION('',(0.642787609687,0.,0.766044443119));
#1163 = DIRECTION('',(0.766044443119,0.,-0.642787609687));
#1164 = PCURVE('',#699,#1165);
#1165 = DEFINITIONAL_REPRESENTATION('',(#1166),#1173);
#1166 = B_SPLINE_CURVE_WITH_KNOTS('',5,(#1167,#1168,#1169,#1170,#1171,
    #1172),.UNSPECIFIED.,.F.,.F.,(6,6),(1.457387725718,1.525326114378),
  .PIECEWISE_BEZIER_KNOTS.);
#1167 = CARTESIAN_POINT('',(4.598980379308,3.828752214816));
#1168 = CARTESIAN_POINT('',(4.61256805704,3.545583332525));
#1169 = CARTESIAN_POINT('',(4.626155734772,3.261866660015));
#1170 = CARTESIAN_POINT('',(4.639743412504,2.977711114035));
#1171 = CARTESIAN_POINT('',(4.653331090236,2.693226032883));
#1172 = CARTESIAN_POINT('',(4.666918767968,2.408520924239));
#1173 = ( GEOMETRIC_REPRESENTATION_CONTEXT(2) 
PARAMETRIC_REPRESENTATION_CONTEXT() REPRESENTATION_CONTEXT('2D SPACE',''
  ) );
#1174 = PCURVE('',#1175,#1180);
#1175 = PLANE('',#1176);
#1176 = AXIS2_PLACEMENT_3D('',#1177,#1178,#1179);
#1177 = CARTESIAN_POINT('',(341.32875221481,13.6,-1.991715552109));
#1178 = DIRECTION('',(0.642787609687,0.,0.766044443119));
#1179 = DIRECTION('',(-0.766044443119,0.,0.642787609687));
#1180 = DEFINITIONAL_REPRESENTATION('',(#1181),#1185);
#1181 = ELLIPSE('',#1182,27.380739352743,17.6);
#1182 = AXIS2_PLACEMENT_2D('',#1183,#1184);
#1183 = CARTESIAN_POINT('',(3.098559340745,13.6));
#1184 = DIRECTION('',(-1.,0.));
#1185 = ( GEOMETRIC_REPRESENTATION_CONTEXT(2) 
PARAMETRIC_REPRESENTATION_CONTEXT() REPRESENTATION_CONTEXT('2D SPACE',''
  ) );
#1186 = ORIENTED_EDGE('',*,*,#1187,.F.);
#1187 = EDGE_CURVE('',#1188,#1156,#1190,.T.);
#1188 = VERTEX_POINT('',#1189);
#1189 = CARTESIAN_POINT('',(344.67124778518,17.486939959852,
    -1.991715552109));
#1190 = SURFACE_CURVE('',#1191,(#1212,#1236),.PCURVE_S1.);
#1191 = B_SPLINE_CURVE_WITH_KNOTS('',7,(#1192,#1193,#1194,#1195,#1196,
    #1197,#1198,#1199,#1200,#1201,#1202,#1203,#1204,#1205,#1206,#1207,
    #1208,#1209,#1210,#1211),.UNSPECIFIED.,.F.,.F.,(8,6,6,8),(0.,
    0.500089153129,0.766622941138,1.),.UNSPECIFIED.);
#1192 = CARTESIAN_POINT('',(344.67124778518,17.486939959852,
    -1.991715552109));
#1193 = CARTESIAN_POINT('',(344.45852778029,17.466610054342,
    -2.17020882976));
#1194 = CARTESIAN_POINT('',(344.23094027958,17.447850449131,
    -2.316010531312));
#1195 = CARTESIAN_POINT('',(343.99336811152,17.431896044689,
    -2.430652812974));
#1196 = CARTESIAN_POINT('',(343.74919609096,17.419506756537,
    -2.515566618973));
#1197 = CARTESIAN_POINT('',(343.50092513193,17.411103323429,
    -2.571826548497));
#1198 = CARTESIAN_POINT('',(343.25057486112,17.406895185529,-2.6));
#1199 = CARTESIAN_POINT('',(342.86645047888,17.406895185529,-2.6));
#1200 = CARTESIAN_POINT('',(342.73291026823,17.408090707925,
    -2.591996917993));
#1201 = CARTESIAN_POINT('',(342.59969046357,17.41048094386,
    -2.575992723949));
#1202 = CARTESIAN_POINT('',(342.46710639267,17.41404901033,
    -2.551946069795));
#1203 = CARTESIAN_POINT('',(342.33549364194,17.418759736229,
    -2.519775082906));
#1204 = CARTESIAN_POINT('',(342.20522408274,17.42455744841,
    -2.479360159601));
#1205 = CARTESIAN_POINT('',(341.96420534883,17.437323364052,
    -2.387805731172));
#1206 = CARTESIAN_POINT('',(341.85304460737,17.444056111081,
    -2.338626010356));
#1207 = CARTESIAN_POINT('',(341.7435121189,17.451509654331,
    -2.282899360255));
#1208 = CARTESIAN_POINT('',(341.6359201495,17.459617960637,
    -2.220494808576));
#1209 = CARTESIAN_POINT('',(341.53063244726,17.468298173096,
    -2.151265912209));
#1210 = CARTESIAN_POINT('',(341.42807590363,17.477447476014,
    -2.075058022762));
#1211 = CARTESIAN_POINT('',(341.32875221481,17.486939959852,
    -1.991715552109));
#1212 = PCURVE('',#699,#1213);
#1213 = DEFINITIONAL_REPRESENTATION('',(#1214),#1235);
#1214 = B_SPLINE_CURVE_WITH_KNOTS('',7,(#1215,#1216,#1217,#1218,#1219,
    #1220,#1221,#1222,#1223,#1224,#1225,#1226,#1227,#1228,#1229,#1230,
    #1231,#1232,#1233,#1234),.UNSPECIFIED.,.F.,.F.,(8,6,6,8),(0.,
    0.500089153129,0.766622941138,1.),.UNSPECIFIED.);
#1215 = CARTESIAN_POINT('',(4.598980379308,7.171247785185));
#1216 = CARTESIAN_POINT('',(4.588773145906,6.958527780291));
#1217 = CARTESIAN_POINT('',(4.580421552539,6.730940279587));
#1218 = CARTESIAN_POINT('',(4.573845311096,6.493368111523));
#1219 = CARTESIAN_POINT('',(4.568969618773,6.249196090969));
#1220 = CARTESIAN_POINT('',(4.565737565783,6.000925131931));
#1221 = CARTESIAN_POINT('',(4.564119044092,5.750574861125));
#1222 = CARTESIAN_POINT('',(4.564119044092,5.366450478885));
#1223 = CARTESIAN_POINT('',(4.564578808404,5.232910268236));
#1224 = CARTESIAN_POINT('',(4.56549822657,5.09969046357));
#1225 = CARTESIAN_POINT('',(4.566879472151,4.967106392672));
#1226 = CARTESIAN_POINT('',(4.568726850118,4.835493641943));
#1227 = CARTESIAN_POINT('',(4.571046644245,4.705224082744));
#1228 = CARTESIAN_POINT('',(4.57629892569,4.464205348832));
#1229 = CARTESIAN_POINT('',(4.579119281375,4.353044607377));
#1230 = CARTESIAN_POINT('',(4.582313741639,4.2435121189));
#1231 = CARTESIAN_POINT('',(4.585889208447,4.135920149505));
#1232 = CARTESIAN_POINT('',(4.589853386754,4.030632447266));
#1233 = CARTESIAN_POINT('',(4.594214395617,3.928075903631));
#1234 = CARTESIAN_POINT('',(4.598980379308,3.828752214815));
#1235 = ( GEOMETRIC_REPRESENTATION_CONTEXT(2) 
PARAMETRIC_REPRESENTATION_CONTEXT() REPRESENTATION_CONTEXT('2D SPACE',''
  ) );
#1236 = PCURVE('',#1237,#1242);
#1237 = CYLINDRICAL_SURFACE('',#1238,2.6);
#1238 = AXIS2_PLACEMENT_3D('',#1239,#1240,#1241);
#1239 = CARTESIAN_POINT('',(343.,13.6,0.));
#1240 = DIRECTION('',(0.,1.,0.));
#1241 = DIRECTION('',(0.,0.,1.));
#1242 = DEFINITIONAL_REPRESENTATION('',(#1243),#1264);
#1243 = B_SPLINE_CURVE_WITH_KNOTS('',7,(#1244,#1245,#1246,#1247,#1248,
    #1249,#1250,#1251,#1252,#1253,#1254,#1255,#1256,#1257,#1258,#1259,
    #1260,#1261,#1262,#1263),.UNSPECIFIED.,.F.,.F.,(8,6,6,8),(0.,
    0.500089153129,0.766622941138,1.),.UNSPECIFIED.);
#1244 = CARTESIAN_POINT('',(2.443460952792,3.886939959852));
#1245 = CARTESIAN_POINT('',(2.550263354706,3.866610054342));
#1246 = CARTESIAN_POINT('',(2.653364094287,3.847850449131));
#1247 = CARTESIAN_POINT('',(2.753692293882,3.831896044689));
#1248 = CARTESIAN_POINT('',(2.851977723398,3.819506756537));
#1249 = CARTESIAN_POINT('',(2.948929285609,3.811103323429));
#1250 = CARTESIAN_POINT('',(3.045217707003,3.806895185529));
#1251 = CARTESIAN_POINT('',(3.192957854019,3.806895185529));
#1252 = CARTESIAN_POINT('',(3.24431940765,3.808090707925));
#1253 = CARTESIAN_POINT('',(3.295779238544,3.810480943861));
#1254 = CARTESIAN_POINT('',(3.347437106241,3.81404901033));
#1255 = CARTESIAN_POINT('',(3.39939332387,3.818759736229));
#1256 = CARTESIAN_POINT('',(3.451751476251,3.82455744841));
#1257 = CARTESIAN_POINT('',(3.550913828531,3.837323364052));
#1258 = CARTESIAN_POINT('',(3.597598312096,3.844056111081));
#1259 = CARTESIAN_POINT('',(3.644753902136,3.851509654331));
#1260 = CARTESIAN_POINT('',(3.692460111274,3.859617960637));
#1261 = CARTESIAN_POINT('',(3.740798736415,3.868298173096));
#1262 = CARTESIAN_POINT('',(3.789855943855,3.877447476014));
#1263 = CARTESIAN_POINT('',(3.839724354388,3.886939959852));
#1264 = ( GEOMETRIC_REPRESENTATION_CONTEXT(2) 
PARAMETRIC_REPRESENTATION_CONTEXT() REPRESENTATION_CONTEXT('2D SPACE',''
  ) );
#1265 = ORIENTED_EDGE('',*,*,#1266,.F.);
#1266 = EDGE_CURVE('',#1267,#1188,#1269,.T.);
#1267 = VERTEX_POINT('',#1268);
#1268 = CARTESIAN_POINT('',(346.5,17.594060327098,-0.457210243143));
#1269 = SURFACE_CURVE('',#1270,(#1275,#1285),.PCURVE_S1.);
#1270 = ELLIPSE('',#1271,27.380739352743,17.6);
#1271 = AXIS2_PLACEMENT_3D('',#1272,#1273,#1274);
#1272 = CARTESIAN_POINT('',(347.04488194983,0.,0.));
#1273 = DIRECTION('',(-0.642787609687,0.,0.766044443119));
#1274 = DIRECTION('',(0.766044443119,0.,0.642787609687));
#1275 = PCURVE('',#699,#1276);
#1276 = DEFINITIONAL_REPRESENTATION('',(#1277),#1284);
#1277 = B_SPLINE_CURVE_WITH_KNOTS('',5,(#1278,#1279,#1280,#1281,#1282,
    #1283),.UNSPECIFIED.,.F.,.F.,(6,6),(1.596777104261,1.684204927872),
  .PIECEWISE_BEZIER_KNOTS.);
#1278 = CARTESIAN_POINT('',(4.686408202918,9.));
#1279 = CARTESIAN_POINT('',(4.668922638196,8.633366445244));
#1280 = CARTESIAN_POINT('',(4.651437073474,8.266941134101));
#1281 = CARTESIAN_POINT('',(4.633951508752,7.900957600852));
#1282 = CARTESIAN_POINT('',(4.61646594403,7.535649113814));
#1283 = CARTESIAN_POINT('',(4.598980379308,7.171247785182));
#1284 = ( GEOMETRIC_REPRESENTATION_CONTEXT(2) 
PARAMETRIC_REPRESENTATION_CONTEXT() REPRESENTATION_CONTEXT('2D SPACE',''
  ) );
#1285 = PCURVE('',#1286,#1291);
#1286 = PLANE('',#1287);
#1287 = AXIS2_PLACEMENT_3D('',#1288,#1289,#1290);
#1288 = CARTESIAN_POINT('',(344.67124778518,13.6,-1.991715552109));
#1289 = DIRECTION('',(-0.642787609687,0.,0.766044443119));
#1290 = DIRECTION('',(-0.766044443119,-0.,-0.642787609687));
#1291 = DEFINITIONAL_REPRESENTATION('',(#1292),#1296);
#1292 = ELLIPSE('',#1293,27.380739352743,17.6);
#1293 = AXIS2_PLACEMENT_2D('',#1294,#1295);
#1294 = CARTESIAN_POINT('',(-3.098559340745,13.6));
#1295 = DIRECTION('',(-1.,-0.));
#1296 = ( GEOMETRIC_REPRESENTATION_CONTEXT(2) 
PARAMETRIC_REPRESENTATION_CONTEXT() REPRESENTATION_CONTEXT('2D SPACE',''
  ) );
#1297 = ORIENTED_EDGE('',*,*,#1298,.F.);
#1298 = EDGE_CURVE('',#1299,#1267,#1301,.T.);
#1299 = VERTEX_POINT('',#1300);
#1300 = CARTESIAN_POINT('',(347.,17.599959707119,-3.766042755482E-02));
#1301 = SURFACE_CURVE('',#1302,(#1307,#1317),.PCURVE_S1.);
#1302 = ELLIPSE('',#1303,27.380739352743,17.6);
#1303 = AXIS2_PLACEMENT_3D('',#1304,#1305,#1306);
#1304 = CARTESIAN_POINT('',(347.04488194983,0.,0.));
#1305 = DIRECTION('',(-0.642787609687,0.,0.766044443119));
#1306 = DIRECTION('',(0.766044443119,0.,0.642787609687));
#1307 = PCURVE('',#699,#1308);
#1308 = DEFINITIONAL_REPRESENTATION('',(#1309),#1316);
#1309 = B_SPLINE_CURVE_WITH_KNOTS('',5,(#1310,#1311,#1312,#1313,#1314,
    #1315),.UNSPECIFIED.,.F.,.F.,(6,6),(1.572936125448,1.596777104261),
  .PIECEWISE_BEZIER_KNOTS.);
#1310 = CARTESIAN_POINT('',(4.710249181732,9.5));
#1311 = CARTESIAN_POINT('',(4.705480985969,9.399987974991));
#1312 = CARTESIAN_POINT('',(4.700712790206,9.29997722551));
#1313 = CARTESIAN_POINT('',(4.695944594444,9.199972488728));
#1314 = CARTESIAN_POINT('',(4.691176398681,9.099978501697));
#1315 = CARTESIAN_POINT('',(4.686408202918,9.));
#1316 = ( GEOMETRIC_REPRESENTATION_CONTEXT(2) 
PARAMETRIC_REPRESENTATION_CONTEXT() REPRESENTATION_CONTEXT('2D SPACE',''
  ) );
#1317 = PCURVE('',#1286,#1318);
#1318 = DEFINITIONAL_REPRESENTATION('',(#1319),#1323);
#1319 = ELLIPSE('',#1320,27.380739352743,17.6);
#1320 = AXIS2_PLACEMENT_2D('',#1321,#1322);
#1321 = CARTESIAN_POINT('',(-3.098559340745,13.6));
#1322 = DIRECTION('',(-1.,-0.));
#1323 = ( GEOMETRIC_REPRESENTATION_CONTEXT(2) 
PARAMETRIC_REPRESENTATION_CONTEXT() REPRESENTATION_CONTEXT('2D SPACE',''
  ) );
#1324 = ORIENTED_EDGE('',*,*,#1325,.F.);
#1325 = EDGE_CURVE('',#1326,#1299,#1328,.T.);
#1326 = VERTEX_POINT('',#1327);
#1327 = CARTESIAN_POINT('',(347.04488194983,17.6,0.));
#1328 = SURFACE_CURVE('',#1329,(#1334,#1344),.PCURVE_S1.);
#1329 = ELLIPSE('',#1330,27.380739352743,17.6);
#1330 = AXIS2_PLACEMENT_3D('',#1331,#1332,#1333);
#1331 = CARTESIAN_POINT('',(347.04488194983,0.,0.));
#1332 = DIRECTION('',(-0.642787609687,0.,0.766044443119));
#1333 = DIRECTION('',(0.766044443119,0.,0.642787609687));
#1334 = PCURVE('',#699,#1335);
#1335 = DEFINITIONAL_REPRESENTATION('',(#1336),#1343);
#1336 = B_SPLINE_CURVE_WITH_KNOTS('',5,(#1337,#1338,#1339,#1340,#1341,
    #1342),.UNSPECIFIED.,.F.,.F.,(6,6),(1.570796326795,1.572936125448),
  .PIECEWISE_BEZIER_KNOTS.);
#1337 = CARTESIAN_POINT('',(4.712388980385,9.544881949837));
#1338 = CARTESIAN_POINT('',(4.711961020654,9.53590555302));
#1339 = CARTESIAN_POINT('',(4.711533060923,9.526929156202));
#1340 = CARTESIAN_POINT('',(4.711105101193,9.51795276281));
#1341 = CARTESIAN_POINT('',(4.710677141462,9.508976376267));
#1342 = CARTESIAN_POINT('',(4.710249181732,9.5));
#1343 = ( GEOMETRIC_REPRESENTATION_CONTEXT(2) 
PARAMETRIC_REPRESENTATION_CONTEXT() REPRESENTATION_CONTEXT('2D SPACE',''
  ) );
#1344 = PCURVE('',#1286,#1345);
#1345 = DEFINITIONAL_REPRESENTATION('',(#1346),#1350);
#1346 = ELLIPSE('',#1347,27.380739352743,17.6);
#1347 = AXIS2_PLACEMENT_2D('',#1348,#1349);
#1348 = CARTESIAN_POINT('',(-3.098559340745,13.6));
#1349 = DIRECTION('',(-1.,-0.));
#1350 = ( GEOMETRIC_REPRESENTATION_CONTEXT(2) 
PARAMETRIC_REPRESENTATION_CONTEXT() REPRESENTATION_CONTEXT('2D SPACE',''
  ) );
#1351 = ORIENTED_EDGE('',*,*,#1352,.F.);
#1352 = EDGE_CURVE('',#1353,#1326,#1355,.T.);
#1353 = VERTEX_POINT('',#1354);
#1354 = CARTESIAN_POINT('',(347.,17.599959707119,3.766042755481E-02));
#1355 = SURFACE_CURVE('',#1356,(#1361,#1371),.PCURVE_S1.);
#1356 = ELLIPSE('',#1357,27.380739352743,17.6);
#1357 = AXIS2_PLACEMENT_3D('',#1358,#1359,#1360);
#1358 = CARTESIAN_POINT('',(347.04488194983,0.,0.));
#1359 = DIRECTION('',(-0.642787609687,-0.,-0.766044443119));
#1360 = DIRECTION('',(0.766044443119,0.,-0.642787609687));
#1361 = PCURVE('',#699,#1362);
#1362 = DEFINITIONAL_REPRESENTATION('',(#1363),#1370);
#1363 = B_SPLINE_CURVE_WITH_KNOTS('',5,(#1364,#1365,#1366,#1367,#1368,
    #1369),.UNSPECIFIED.,.F.,.F.,(6,6),(4.710249181732,4.712388980385),
  .PIECEWISE_BEZIER_KNOTS.);
#1364 = CARTESIAN_POINT('',(4.714528779038,9.5));
#1365 = CARTESIAN_POINT('',(4.714100819307,9.508976376267));
#1366 = CARTESIAN_POINT('',(4.713672859577,9.51795276281));
#1367 = CARTESIAN_POINT('',(4.713244899846,9.526929156202));
#1368 = CARTESIAN_POINT('',(4.712816940115,9.53590555302));
#1369 = CARTESIAN_POINT('',(4.712388980385,9.544881949837));
#1370 = ( GEOMETRIC_REPRESENTATION_CONTEXT(2) 
PARAMETRIC_REPRESENTATION_CONTEXT() REPRESENTATION_CONTEXT('2D SPACE',''
  ) );
#1371 = PCURVE('',#1372,#1377);
#1372 = PLANE('',#1373);
#1373 = AXIS2_PLACEMENT_3D('',#1374,#1375,#1376);
#1374 = CARTESIAN_POINT('',(347.04488194983,13.6,0.));
#1375 = DIRECTION('',(-0.642787609687,-0.,-0.766044443119));
#1376 = DIRECTION('',(0.766044443119,-0.,-0.642787609687));
#1377 = DEFINITIONAL_REPRESENTATION('',(#1378),#1382);
#1378 = ELLIPSE('',#1379,27.380739352743,17.6);
#1379 = AXIS2_PLACEMENT_2D('',#1380,#1381);
#1380 = CARTESIAN_POINT('',(0.,13.6));
#1381 = DIRECTION('',(1.,-0.));
#1382 = ( GEOMETRIC_REPRESENTATION_CONTEXT(2) 
PARAMETRIC_REPRESENTATION_CONTEXT() REPRESENTATION_CONTEXT('2D SPACE',''
  ) );
#1383 = ORIENTED_EDGE('',*,*,#1384,.F.);
#1384 = EDGE_CURVE('',#1385,#1353,#1387,.T.);
#1385 = VERTEX_POINT('',#1386);
#1386 = CARTESIAN_POINT('',(346.5,17.594060327098,0.457210243143));
#1387 = SURFACE_CURVE('',#1388,(#1393,#1403),.PCURVE_S1.);
#1388 = ELLIPSE('',#1389,27.380739352743,17.6);
#1389 = AXIS2_PLACEMENT_3D('',#1390,#1391,#1392);
#1390 = CARTESIAN_POINT('',(347.04488194983,0.,0.));
#1391 = DIRECTION('',(-0.642787609687,-0.,-0.766044443119));
#1392 = DIRECTION('',(0.766044443119,0.,-0.642787609687));
#1393 = PCURVE('',#699,#1394);
#1394 = DEFINITIONAL_REPRESENTATION('',(#1395),#1402);
#1395 = B_SPLINE_CURVE_WITH_KNOTS('',5,(#1396,#1397,#1398,#1399,#1400,
    #1401),.UNSPECIFIED.,.F.,.F.,(6,6),(4.686408202918,4.710249181732),
  .PIECEWISE_BEZIER_KNOTS.);
#1396 = CARTESIAN_POINT('',(4.738369757851,9.));
#1397 = CARTESIAN_POINT('',(4.733601562088,9.099978501697));
#1398 = CARTESIAN_POINT('',(4.728833366326,9.199972488728));
#1399 = CARTESIAN_POINT('',(4.724065170563,9.29997722551));
#1400 = CARTESIAN_POINT('',(4.7192969748,9.399987974991));
#1401 = CARTESIAN_POINT('',(4.714528779038,9.5));
#1402 = ( GEOMETRIC_REPRESENTATION_CONTEXT(2) 
PARAMETRIC_REPRESENTATION_CONTEXT() REPRESENTATION_CONTEXT('2D SPACE',''
  ) );
#1403 = PCURVE('',#1372,#1404);
#1404 = DEFINITIONAL_REPRESENTATION('',(#1405),#1409);
#1405 = ELLIPSE('',#1406,27.380739352743,17.6);
#1406 = AXIS2_PLACEMENT_2D('',#1407,#1408);
#1407 = CARTESIAN_POINT('',(0.,13.6));
#1408 = DIRECTION('',(1.,-0.));
#1409 = ( GEOMETRIC_REPRESENTATION_CONTEXT(2) 
PARAMETRIC_REPRESENTATION_CONTEXT() REPRESENTATION_CONTEXT('2D SPACE',''
  ) );
#1410 = ORIENTED_EDGE('',*,*,#1411,.F.);
#1411 = EDGE_CURVE('',#1412,#1385,#1414,.T.);
#1412 = VERTEX_POINT('',#1413);
#1413 = CARTESIAN_POINT('',(344.67124778518,17.486939959852,
    1.991715552109));
#1414 = SURFACE_CURVE('',#1415,(#1420,#1430),.PCURVE_S1.);
#1415 = ELLIPSE('',#1416,27.380739352743,17.6);
#1416 = AXIS2_PLACEMENT_3D('',#1417,#1418,#1419);
#1417 = CARTESIAN_POINT('',(347.04488194983,0.,0.));
#1418 = DIRECTION('',(-0.642787609687,-0.,-0.766044443119));
#1419 = DIRECTION('',(0.766044443119,0.,-0.642787609687));
#1420 = PCURVE('',#699,#1421);
#1421 = DEFINITIONAL_REPRESENTATION('',(#1422),#1429);
#1422 = B_SPLINE_CURVE_WITH_KNOTS('',5,(#1423,#1424,#1425,#1426,#1427,
    #1428),.UNSPECIFIED.,.F.,.F.,(6,6),(4.598980379308,4.686408202918),
  .PIECEWISE_BEZIER_KNOTS.);
#1423 = CARTESIAN_POINT('',(4.825797581461,7.171247785182));
#1424 = CARTESIAN_POINT('',(4.808312016739,7.535649113814));
#1425 = CARTESIAN_POINT('',(4.790826452017,7.900957600852));
#1426 = CARTESIAN_POINT('',(4.773340887295,8.266941134102));
#1427 = CARTESIAN_POINT('',(4.755855322573,8.633366445244));
#1428 = CARTESIAN_POINT('',(4.738369757851,9.));
#1429 = ( GEOMETRIC_REPRESENTATION_CONTEXT(2) 
PARAMETRIC_REPRESENTATION_CONTEXT() REPRESENTATION_CONTEXT('2D SPACE',''
  ) );
#1430 = PCURVE('',#1372,#1431);
#1431 = DEFINITIONAL_REPRESENTATION('',(#1432),#1436);
#1432 = ELLIPSE('',#1433,27.380739352743,17.6);
#1433 = AXIS2_PLACEMENT_2D('',#1434,#1435);
#1434 = CARTESIAN_POINT('',(0.,13.6));
#1435 = DIRECTION('',(1.,-0.));
#1436 = ( GEOMETRIC_REPRESENTATION_CONTEXT(2) 
PARAMETRIC_REPRESENTATION_CONTEXT() REPRESENTATION_CONTEXT('2D SPACE',''
  ) );
#1437 = ORIENTED_EDGE('',*,*,#1438,.F.);
#1438 = EDGE_CURVE('',#1439,#1412,#1441,.T.);
#1439 = VERTEX_POINT('',#1440);
#1440 = CARTESIAN_POINT('',(341.32875221481,17.486939959852,
    1.991715552109));
#1441 = SURFACE_CURVE('',#1442,(#1457,#1486),.PCURVE_S1.);
#1442 = B_SPLINE_CURVE_WITH_KNOTS('',7,(#1443,#1444,#1445,#1446,#1447,
    #1448,#1449,#1450,#1451,#1452,#1453,#1454,#1455,#1456),
  .UNSPECIFIED.,.F.,.F.,(8,6,8),(0.,1.,2.),.UNSPECIFIED.);
#1443 = CARTESIAN_POINT('',(341.32875221481,17.486939959852,
    1.991715552109));
#1444 = CARTESIAN_POINT('',(341.5414722197,17.466610054342,2.17020882976
    ));
#1445 = CARTESIAN_POINT('',(341.76905972041,17.447850449131,
    2.316010531312));
#1446 = CARTESIAN_POINT('',(342.00663188847,17.431896044689,
    2.430652812974));
#1447 = CARTESIAN_POINT('',(342.25080390903,17.419506756537,
    2.515566618973));
#1448 = CARTESIAN_POINT('',(342.49907486806,17.411103323429,
    2.571826548497));
#1449 = CARTESIAN_POINT('',(342.74942513887,17.406895185529,2.6));
#1450 = CARTESIAN_POINT('',(343.25057486112,17.406895185529,2.6));
#1451 = CARTESIAN_POINT('',(343.50092513193,17.411103323429,
    2.571826548497));
#1452 = CARTESIAN_POINT('',(343.74919609096,17.419506756537,
    2.515566618973));
#1453 = CARTESIAN_POINT('',(343.99336811152,17.431896044689,
    2.430652812974));
#1454 = CARTESIAN_POINT('',(344.23094027958,17.447850449131,
    2.316010531312));
#1455 = CARTESIAN_POINT('',(344.45852778029,17.466610054342,
    2.17020882976));
#1456 = CARTESIAN_POINT('',(344.67124778518,17.486939959852,
    1.991715552109));
#1457 = PCURVE('',#699,#1458);
#1458 = DEFINITIONAL_REPRESENTATION('',(#1459),#1485);
#1459 = B_SPLINE_CURVE_WITH_KNOTS('',3,(#1460,#1461,#1462,#1463,#1464,
    #1465,#1466,#1467,#1468,#1469,#1470,#1471,#1472,#1473,#1474,#1475,
    #1476,#1477,#1478,#1479,#1480,#1481,#1482,#1483,#1484),
  .UNSPECIFIED.,.F.,.F.,(4,1,1,1,1,1,1,1,1,1,1,1,1,1,1,1,1,1,1,1,1,1,4),
  (0.,9.09090909091E-02,0.181818181818,0.272727272727,0.363636363636,
    0.454545454546,0.545454545455,0.636363636364,0.727272727273,
    0.818181818182,0.909090909091,1.,1.090909090909,1.181818181818,
    1.272727272727,1.363636363637,1.454545454546,1.545454545455,
    1.636363636364,1.727272727273,1.818181818182,1.909090909091,2.),
  .QUASI_UNIFORM_KNOTS.);
#1460 = CARTESIAN_POINT('',(4.825797581461,3.828752214815));
#1461 = CARTESIAN_POINT('',(4.827962707188,3.873880881952));
#1462 = CARTESIAN_POINT('',(4.832078422311,3.965834474748));
#1463 = CARTESIAN_POINT('',(4.837620282604,4.108207431816));
#1464 = CARTESIAN_POINT('',(4.84254258056,4.254349392422));
#1465 = CARTESIAN_POINT('',(4.846856579147,4.403682540483));
#1466 = CARTESIAN_POINT('',(4.850572740099,4.55568128624));
#1467 = CARTESIAN_POINT('',(4.853700490972,4.709873971721));
#1468 = CARTESIAN_POINT('',(4.856248086623,4.865833320564));
#1469 = CARTESIAN_POINT('',(4.858222453503,5.023169515653));
#1470 = CARTESIAN_POINT('',(4.859629045898,5.181526659424));
#1471 = CARTESIAN_POINT('',(4.860471704764,5.340565519567));
#1472 = CARTESIAN_POINT('',(4.860752522634,5.5));
#1473 = CARTESIAN_POINT('',(4.860471704764,5.659434480433));
#1474 = CARTESIAN_POINT('',(4.859629045898,5.818473340576));
#1475 = CARTESIAN_POINT('',(4.858222453503,5.976830484348));
#1476 = CARTESIAN_POINT('',(4.856248086623,6.134166679436));
#1477 = CARTESIAN_POINT('',(4.853700490972,6.290126028279));
#1478 = CARTESIAN_POINT('',(4.850572740099,6.44431871376));
#1479 = CARTESIAN_POINT('',(4.846856579147,6.596317459517));
#1480 = CARTESIAN_POINT('',(4.84254258056,6.745650607578));
#1481 = CARTESIAN_POINT('',(4.837620282604,6.891792568185));
#1482 = CARTESIAN_POINT('',(4.832078422311,7.034165525252));
#1483 = CARTESIAN_POINT('',(4.827962707188,7.126119118048));
#1484 = CARTESIAN_POINT('',(4.825797581461,7.171247785185));
#1485 = ( GEOMETRIC_REPRESENTATION_CONTEXT(2) 
PARAMETRIC_REPRESENTATION_CONTEXT() REPRESENTATION_CONTEXT('2D SPACE',''
  ) );
#1486 = PCURVE('',#1487,#1492);
#1487 = CYLINDRICAL_SURFACE('',#1488,2.6);
#1488 = AXIS2_PLACEMENT_3D('',#1489,#1490,#1491);
#1489 = CARTESIAN_POINT('',(343.,13.6,0.));
#1490 = DIRECTION('',(0.,1.,0.));
#1491 = DIRECTION('',(0.,0.,1.));
#1492 = DEFINITIONAL_REPRESENTATION('',(#1493),#1519);
#1493 = B_SPLINE_CURVE_WITH_KNOTS('',3,(#1494,#1495,#1496,#1497,#1498,
    #1499,#1500,#1501,#1502,#1503,#1504,#1505,#1506,#1507,#1508,#1509,
    #1510,#1511,#1512,#1513,#1514,#1515,#1516,#1517,#1518),
  .UNSPECIFIED.,.F.,.F.,(4,1,1,1,1,1,1,1,1,1,1,1,1,1,1,1,1,1,1,1,1,1,4),
  (0.,9.09090909091E-02,0.181818181818,0.272727272727,0.363636363636,
    0.454545454546,0.545454545455,0.636363636364,0.727272727273,
    0.818181818182,0.909090909091,1.,1.090909090909,1.181818181818,
    1.272727272727,1.363636363637,1.454545454546,1.545454545455,
    1.636363636364,1.727272727273,1.818181818182,1.909090909091,2.),
  .QUASI_UNIFORM_KNOTS.);
#1494 = CARTESIAN_POINT('',(5.585053606382,3.886939959852));
#1495 = CARTESIAN_POINT('',(5.60770794828,3.882625494669));
#1496 = CARTESIAN_POINT('',(5.652591102891,3.874186134708));
#1497 = CARTESIAN_POINT('',(5.718771065363,3.862250089767));
#1498 = CARTESIAN_POINT('',(5.78394093685,3.851200549813));
#1499 = CARTESIAN_POINT('',(5.848225384581,3.841168733106));
#1500 = CARTESIAN_POINT('',(5.91174476429,3.832267225118));
#1501 = CARTESIAN_POINT('',(5.974615376764,3.824588728023));
#1502 = CARTESIAN_POINT('',(6.036950981279,3.818208645781));
#1503 = CARTESIAN_POINT('',(6.098863432895,3.813186447649));
#1504 = CARTESIAN_POINT('',(6.160464859956,3.809567130412));
#1505 = CARTESIAN_POINT('',(6.22186435755,3.807382392026));
#1506 = CARTESIAN_POINT('',(6.28318530718,3.806651582281));
#1507 = CARTESIAN_POINT('',(6.344506256809,3.807382392026));
#1508 = CARTESIAN_POINT('',(6.405905754404,3.809567130412));
#1509 = CARTESIAN_POINT('',(6.467507181464,3.813186447649));
#1510 = CARTESIAN_POINT('',(6.52941963308,3.818208645781));
#1511 = CARTESIAN_POINT('',(6.591755237595,3.824588728023));
#1512 = CARTESIAN_POINT('',(6.654625850069,3.832267225118));
#1513 = CARTESIAN_POINT('',(6.718145229778,3.841168733106));
#1514 = CARTESIAN_POINT('',(6.78242967751,3.851200549813));
#1515 = CARTESIAN_POINT('',(6.847599548996,3.862250089767));
#1516 = CARTESIAN_POINT('',(6.913779511469,3.874186134708));
#1517 = CARTESIAN_POINT('',(6.95866266608,3.882625494669));
#1518 = CARTESIAN_POINT('',(6.981317007977,3.886939959852));
#1519 = ( GEOMETRIC_REPRESENTATION_CONTEXT(2) 
PARAMETRIC_REPRESENTATION_CONTEXT() REPRESENTATION_CONTEXT('2D SPACE',''
  ) );
#1520 = ORIENTED_EDGE('',*,*,#1521,.F.);
#1521 = EDGE_CURVE('',#1522,#1439,#1524,.T.);
#1522 = VERTEX_POINT('',#1523);
#1523 = CARTESIAN_POINT('',(339.90852092423,17.581808780669,0.8));
#1524 = SURFACE_CURVE('',#1525,(#1530,#1540),.PCURVE_S1.);
#1525 = ELLIPSE('',#1526,27.380739352743,17.6);
#1526 = AXIS2_PLACEMENT_3D('',#1527,#1528,#1529);
#1527 = CARTESIAN_POINT('',(338.95511805016,0.,0.));
#1528 = DIRECTION('',(0.642787609687,0.,-0.766044443119));
#1529 = DIRECTION('',(0.766044443119,0.,0.642787609687));
#1530 = PCURVE('',#699,#1531);
#1531 = DEFINITIONAL_REPRESENTATION('',(#1532),#1539);
#1532 = B_SPLINE_CURVE_WITH_KNOTS('',5,(#1533,#1534,#1535,#1536,#1537,
    #1538),.UNSPECIFIED.,.F.,.F.,(6,6),(4.757859192802,4.825797581461),
  .PIECEWISE_BEZIER_KNOTS.);
#1533 = CARTESIAN_POINT('',(4.757859192802,2.408520924239));
#1534 = CARTESIAN_POINT('',(4.771446870534,2.693226032883));
#1535 = CARTESIAN_POINT('',(4.785034548266,2.977711114035));
#1536 = CARTESIAN_POINT('',(4.798622225997,3.261866660015));
#1537 = CARTESIAN_POINT('',(4.812209903729,3.545583332525));
#1538 = CARTESIAN_POINT('',(4.825797581461,3.828752214816));
#1539 = ( GEOMETRIC_REPRESENTATION_CONTEXT(2) 
PARAMETRIC_REPRESENTATION_CONTEXT() REPRESENTATION_CONTEXT('2D SPACE',''
  ) );
#1540 = PCURVE('',#1541,#1546);
#1541 = PLANE('',#1542);
#1542 = AXIS2_PLACEMENT_3D('',#1543,#1544,#1545);
#1543 = CARTESIAN_POINT('',(338.95511805016,13.6,0.));
#1544 = DIRECTION('',(0.642787609687,0.,-0.766044443119));
#1545 = DIRECTION('',(0.766044443119,0.,0.642787609687));
#1546 = DEFINITIONAL_REPRESENTATION('',(#1547),#1551);
#1547 = ELLIPSE('',#1548,27.380739352743,17.6);
#1548 = AXIS2_PLACEMENT_2D('',#1549,#1550);
#1549 = CARTESIAN_POINT('',(0.,13.6));
#1550 = DIRECTION('',(1.,0.));
#1551 = ( GEOMETRIC_REPRESENTATION_CONTEXT(2) 
PARAMETRIC_REPRESENTATION_CONTEXT() REPRESENTATION_CONTEXT('2D SPACE',''
  ) );
#1552 = ORIENTED_EDGE('',*,*,#1553,.F.);
#1553 = EDGE_CURVE('',#1554,#1522,#1556,.T.);
#1554 = VERTEX_POINT('',#1555);
#1555 = CARTESIAN_POINT('',(338.5,17.581808780669,0.8));
#1556 = SURFACE_CURVE('',#1557,(#1561,#1567),.PCURVE_S1.);
#1557 = LINE('',#1558,#1559);
#1558 = CARTESIAN_POINT('',(337.5,17.581808780669,0.8));
#1559 = VECTOR('',#1560,1.);
#1560 = DIRECTION('',(1.,0.,0.));
#1561 = PCURVE('',#699,#1562);
#1562 = DEFINITIONAL_REPRESENTATION('',(#1563),#1566);
#1563 = B_SPLINE_CURVE_WITH_KNOTS('',1,(#1564,#1565),.UNSPECIFIED.,.F.,
  .F.,(2,2),(1.,2.408520924238),.PIECEWISE_BEZIER_KNOTS.);
#1564 = CARTESIAN_POINT('',(4.757859192802,1.));
#1565 = CARTESIAN_POINT('',(4.757859192802,2.408520924238));
#1566 = ( GEOMETRIC_REPRESENTATION_CONTEXT(2) 
PARAMETRIC_REPRESENTATION_CONTEXT() REPRESENTATION_CONTEXT('2D SPACE',''
  ) );
#1567 = PCURVE('',#1568,#1573);
#1568 = PLANE('',#1569);
#1569 = AXIS2_PLACEMENT_3D('',#1570,#1571,#1572);
#1570 = CARTESIAN_POINT('',(338.5,13.6,0.8));
#1571 = DIRECTION('',(0.,0.,1.));
#1572 = DIRECTION('',(1.,0.,0.));
#1573 = DEFINITIONAL_REPRESENTATION('',(#1574),#1577);
#1574 = B_SPLINE_CURVE_WITH_KNOTS('',1,(#1575,#1576),.UNSPECIFIED.,.F.,
  .F.,(2,2),(0.9999994,2.549373016662),.PIECEWISE_BEZIER_KNOTS.);
#1575 = CARTESIAN_POINT('',(-6.000000212225E-07,3.981808780669));
#1576 = CARTESIAN_POINT('',(1.549373016662,3.981808780669));
#1577 = ( GEOMETRIC_REPRESENTATION_CONTEXT(2) 
PARAMETRIC_REPRESENTATION_CONTEXT() REPRESENTATION_CONTEXT('2D SPACE',''
  ) );
#1578 = ORIENTED_EDGE('',*,*,#1579,.T.);
#1579 = EDGE_CURVE('',#1554,#1580,#1582,.T.);
#1580 = VERTEX_POINT('',#1581);
#1581 = CARTESIAN_POINT('',(338.49999995,-17.58180878066,0.8));
#1582 = SURFACE_CURVE('',#1583,(#1588,#1595),.PCURVE_S1.);
#1583 = CIRCLE('',#1584,17.6);
#1584 = AXIS2_PLACEMENT_3D('',#1585,#1586,#1587);
#1585 = CARTESIAN_POINT('',(338.5,0.,0.));
#1586 = DIRECTION('',(1.,0.,0.));
#1587 = DIRECTION('',(-0.,0.998966407993,4.545454545455E-02));
#1588 = PCURVE('',#699,#1589);
#1589 = DEFINITIONAL_REPRESENTATION('',(#1590),#1594);
#1590 = LINE('',#1591,#1592);
#1591 = CARTESIAN_POINT('',(4.757859192802,1.));
#1592 = VECTOR('',#1593,1.);
#1593 = DIRECTION('',(1.,0.));
#1594 = ( GEOMETRIC_REPRESENTATION_CONTEXT(2) 
PARAMETRIC_REPRESENTATION_CONTEXT() REPRESENTATION_CONTEXT('2D SPACE',''
  ) );
#1595 = PCURVE('',#43,#1596);
#1596 = DEFINITIONAL_REPRESENTATION('',(#1597),#1601);
#1597 = CIRCLE('',#1598,17.6);
#1598 = AXIS2_PLACEMENT_2D('',#1599,#1600);
#1599 = CARTESIAN_POINT('',(0.,0.));
#1600 = DIRECTION('',(4.545454545455E-02,-0.998966407993));
#1601 = ( GEOMETRIC_REPRESENTATION_CONTEXT(2) 
PARAMETRIC_REPRESENTATION_CONTEXT() REPRESENTATION_CONTEXT('2D SPACE',''
  ) );
#1602 = ORIENTED_EDGE('',*,*,#1603,.T.);
#1603 = EDGE_CURVE('',#1580,#1604,#1606,.T.);
#1604 = VERTEX_POINT('',#1605);
#1605 = CARTESIAN_POINT('',(339.90852092423,-17.58180878066,0.8));
#1606 = SURFACE_CURVE('',#1607,(#1611,#1617),.PCURVE_S1.);
#1607 = LINE('',#1608,#1609);
#1608 = CARTESIAN_POINT('',(337.5,-17.58180878066,0.8));
#1609 = VECTOR('',#1610,1.);
#1610 = DIRECTION('',(1.,0.,0.));
#1611 = PCURVE('',#699,#1612);
#1612 = DEFINITIONAL_REPRESENTATION('',(#1613),#1616);
#1613 = B_SPLINE_CURVE_WITH_KNOTS('',1,(#1614,#1615),.UNSPECIFIED.,.F.,
  .F.,(2,2),(0.99999995,2.408520924238),.PIECEWISE_BEZIER_KNOTS.);
#1614 = CARTESIAN_POINT('',(7.808511421557,0.99999995));
#1615 = CARTESIAN_POINT('',(7.808511421557,2.408520924238));
#1616 = ( GEOMETRIC_REPRESENTATION_CONTEXT(2) 
PARAMETRIC_REPRESENTATION_CONTEXT() REPRESENTATION_CONTEXT('2D SPACE',''
  ) );
#1617 = PCURVE('',#472,#1618);
#1618 = DEFINITIONAL_REPRESENTATION('',(#1619),#1622);
#1619 = B_SPLINE_CURVE_WITH_KNOTS('',1,(#1620,#1621),.UNSPECIFIED.,.F.,
  .F.,(2,2),(0.9999994,2.549373026662),.PIECEWISE_BEZIER_KNOTS.);
#1620 = CARTESIAN_POINT('',(-4.999999987376E-07,3.981808780669));
#1621 = CARTESIAN_POINT('',(1.549373126662,3.981808780669));
#1622 = ( GEOMETRIC_REPRESENTATION_CONTEXT(2) 
PARAMETRIC_REPRESENTATION_CONTEXT() REPRESENTATION_CONTEXT('2D SPACE',''
  ) );
#1623 = ORIENTED_EDGE('',*,*,#1624,.F.);
#1624 = EDGE_CURVE('',#1625,#1604,#1627,.T.);
#1625 = VERTEX_POINT('',#1626);
#1626 = CARTESIAN_POINT('',(341.32875221481,-17.48693995985,
    1.991715552109));
#1627 = SURFACE_CURVE('',#1628,(#1633,#1643),.PCURVE_S1.);
#1628 = ELLIPSE('',#1629,27.380739352743,17.6);
#1629 = AXIS2_PLACEMENT_3D('',#1630,#1631,#1632);
#1630 = CARTESIAN_POINT('',(338.95511805016,0.,0.));
#1631 = DIRECTION('',(0.642787609687,-9.381338752703E-17,-0.766044443119
    ));
#1632 = DIRECTION('',(0.766044443119,7.871877887342E-17,0.642787609687)
  );
#1633 = PCURVE('',#699,#1634);
#1634 = DEFINITIONAL_REPRESENTATION('',(#1635),#1642);
#1635 = B_SPLINE_CURVE_WITH_KNOTS('',5,(#1636,#1637,#1638,#1639,#1640,
    #1641),.UNSPECIFIED.,.F.,.F.,(6,6),(1.457387725718,1.525326114378),
  .PIECEWISE_BEZIER_KNOTS.);
#1636 = CARTESIAN_POINT('',(7.740573032898,3.828752214816));
#1637 = CARTESIAN_POINT('',(7.75416071063,3.545583332525));
#1638 = CARTESIAN_POINT('',(7.767748388362,3.261866660015));
#1639 = CARTESIAN_POINT('',(7.781336066094,2.977711114035));
#1640 = CARTESIAN_POINT('',(7.794923743826,2.693226032883));
#1641 = CARTESIAN_POINT('',(7.808511421557,2.408520924239));
#1642 = ( GEOMETRIC_REPRESENTATION_CONTEXT(2) 
PARAMETRIC_REPRESENTATION_CONTEXT() REPRESENTATION_CONTEXT('2D SPACE',''
  ) );
#1643 = PCURVE('',#444,#1644);
#1644 = DEFINITIONAL_REPRESENTATION('',(#1645),#1649);
#1645 = ELLIPSE('',#1646,27.380739352743,17.6);
#1646 = AXIS2_PLACEMENT_2D('',#1647,#1648);
#1647 = CARTESIAN_POINT('',(3.098559340745,13.6));
#1648 = DIRECTION('',(-1.,0.));
#1649 = ( GEOMETRIC_REPRESENTATION_CONTEXT(2) 
PARAMETRIC_REPRESENTATION_CONTEXT() REPRESENTATION_CONTEXT('2D SPACE',''
  ) );
#1650 = ORIENTED_EDGE('',*,*,#1651,.F.);
#1651 = EDGE_CURVE('',#660,#1625,#1652,.T.);
#1652 = SURFACE_CURVE('',#1653,(#1674,#1698),.PCURVE_S1.);
#1653 = B_SPLINE_CURVE_WITH_KNOTS('',7,(#1654,#1655,#1656,#1657,#1658,
    #1659,#1660,#1661,#1662,#1663,#1664,#1665,#1666,#1667,#1668,#1669,
    #1670,#1671,#1672,#1673),.UNSPECIFIED.,.F.,.F.,(8,6,6,8),(0.,
    0.500089160033,0.766622937841,1.),.UNSPECIFIED.);
#1654 = CARTESIAN_POINT('',(344.67124778518,-17.48693995985,
    1.991715552109));
#1655 = CARTESIAN_POINT('',(344.45852778029,-17.46661005434,
    2.17020882976));
#1656 = CARTESIAN_POINT('',(344.23094027958,-17.44785044913,
    2.316010531312));
#1657 = CARTESIAN_POINT('',(343.99336811152,-17.43189604468,
    2.430652812974));
#1658 = CARTESIAN_POINT('',(343.74919609096,-17.41950675653,
    2.515566618973));
#1659 = CARTESIAN_POINT('',(343.50092513193,-17.41110332342,
    2.571826548497));
#1660 = CARTESIAN_POINT('',(343.25057486112,-17.40689518552,2.6));
#1661 = CARTESIAN_POINT('',(342.86645048583,-17.40689518552,2.6));
#1662 = CARTESIAN_POINT('',(342.73291026135,-17.40809070813,
    2.591996916514));
#1663 = CARTESIAN_POINT('',(342.59969045798,-17.41048094387,
    2.575992723853));
#1664 = CARTESIAN_POINT('',(342.46710639809,-17.41404901005,
    2.551946071754));
#1665 = CARTESIAN_POINT('',(342.33549364885,-17.41875973607,
    2.519775083999));
#1666 = CARTESIAN_POINT('',(342.20522407601,-17.42455744876,
    2.479360157043));
#1667 = CARTESIAN_POINT('',(341.96420534883,-17.43732336405,
    2.387805731172));
#1668 = CARTESIAN_POINT('',(341.85304460737,-17.44405611108,
    2.338626010356));
#1669 = CARTESIAN_POINT('',(341.7435121189,-17.45150965433,
    2.282899360255));
#1670 = CARTESIAN_POINT('',(341.6359201495,-17.45961796063,
    2.220494808576));
#1671 = CARTESIAN_POINT('',(341.53063244726,-17.46829817309,
    2.151265912209));
#1672 = CARTESIAN_POINT('',(341.42807590363,-17.47744747601,
    2.075058022762));
#1673 = CARTESIAN_POINT('',(341.32875221481,-17.48693995985,
    1.991715552109));
#1674 = PCURVE('',#699,#1675);
#1675 = DEFINITIONAL_REPRESENTATION('',(#1676),#1697);
#1676 = B_SPLINE_CURVE_WITH_KNOTS('',7,(#1677,#1678,#1679,#1680,#1681,
    #1682,#1683,#1684,#1685,#1686,#1687,#1688,#1689,#1690,#1691,#1692,
    #1693,#1694,#1695,#1696),.UNSPECIFIED.,.F.,.F.,(8,6,6,8),(0.,
    0.500089160033,0.766622937841,1.),.UNSPECIFIED.);
#1677 = CARTESIAN_POINT('',(7.740573032898,7.171247785185));
#1678 = CARTESIAN_POINT('',(7.730365799496,6.958527780291));
#1679 = CARTESIAN_POINT('',(7.722014206129,6.730940279587));
#1680 = CARTESIAN_POINT('',(7.715437964686,6.493368111524));
#1681 = CARTESIAN_POINT('',(7.710562272362,6.249196090968));
#1682 = CARTESIAN_POINT('',(7.707330219373,6.000925131931));
#1683 = CARTESIAN_POINT('',(7.705711697682,5.750574861125));
#1684 = CARTESIAN_POINT('',(7.705711697682,5.366450485839));
#1685 = CARTESIAN_POINT('',(7.706171462079,5.232910261358));
#1686 = CARTESIAN_POINT('',(7.707090880166,5.099690457985));
#1687 = CARTESIAN_POINT('',(7.708472125628,4.967106398098));
#1688 = CARTESIAN_POINT('',(7.710319503645,4.835493648856));
#1689 = CARTESIAN_POINT('',(7.712639297982,4.705224076011));
#1690 = CARTESIAN_POINT('',(7.71789157928,4.464205348832));
#1691 = CARTESIAN_POINT('',(7.720711934965,4.353044607377));
#1692 = CARTESIAN_POINT('',(7.723906395229,4.2435121189));
#1693 = CARTESIAN_POINT('',(7.727481862037,4.135920149505));
#1694 = CARTESIAN_POINT('',(7.731446040344,4.030632447266));
#1695 = CARTESIAN_POINT('',(7.735807049207,3.928075903631));
#1696 = CARTESIAN_POINT('',(7.740573032898,3.828752214815));
#1697 = ( GEOMETRIC_REPRESENTATION_CONTEXT(2) 
PARAMETRIC_REPRESENTATION_CONTEXT() REPRESENTATION_CONTEXT('2D SPACE',''
  ) );
#1698 = PCURVE('',#416,#1699);
#1699 = DEFINITIONAL_REPRESENTATION('',(#1700),#1721);
#1700 = B_SPLINE_CURVE_WITH_KNOTS('',7,(#1701,#1702,#1703,#1704,#1705,
    #1706,#1707,#1708,#1709,#1710,#1711,#1712,#1713,#1714,#1715,#1716,
    #1717,#1718,#1719,#1720),.UNSPECIFIED.,.F.,.F.,(8,6,6,8),(0.,
    0.500089160033,0.766622937841,1.),.UNSPECIFIED.);
#1701 = CARTESIAN_POINT('',(2.443460952792,3.886939959852));
#1702 = CARTESIAN_POINT('',(2.550263354706,3.866610054342));
#1703 = CARTESIAN_POINT('',(2.653364094287,3.847850449131));
#1704 = CARTESIAN_POINT('',(2.753692293881,3.831896044689));
#1705 = CARTESIAN_POINT('',(2.851977723398,3.819506756537));
#1706 = CARTESIAN_POINT('',(2.948929285609,3.811103323429));
#1707 = CARTESIAN_POINT('',(3.045217707003,3.806895185529));
#1708 = CARTESIAN_POINT('',(3.192957851344,3.806895185529));
#1709 = CARTESIAN_POINT('',(3.24431941039,3.808090708133));
#1710 = CARTESIAN_POINT('',(3.295779240693,3.810480943875));
#1711 = CARTESIAN_POINT('',(3.347437104021,3.814049010055));
#1712 = CARTESIAN_POINT('',(3.399393321143,3.818759736075));
#1713 = CARTESIAN_POINT('',(3.451751479021,3.824557448767));
#1714 = CARTESIAN_POINT('',(3.550913828531,3.837323364052));
#1715 = CARTESIAN_POINT('',(3.597598312096,3.844056111081));
#1716 = CARTESIAN_POINT('',(3.644753902136,3.851509654331));
#1717 = CARTESIAN_POINT('',(3.692460111274,3.859617960637));
#1718 = CARTESIAN_POINT('',(3.740798736415,3.868298173096));
#1719 = CARTESIAN_POINT('',(3.789855943855,3.877447476014));
#1720 = CARTESIAN_POINT('',(3.839724354388,3.886939959852));
#1721 = ( GEOMETRIC_REPRESENTATION_CONTEXT(2) 
PARAMETRIC_REPRESENTATION_CONTEXT() REPRESENTATION_CONTEXT('2D SPACE',''
  ) );
#1722 = ADVANCED_FACE('',(#1723),#1040,.F.);
#1723 = FACE_BOUND('',#1724,.F.);
#1724 = EDGE_LOOP('',(#1725,#1726,#1754,#1782,#1808,#1834,#1866));
#1725 = ORIENTED_EDGE('',*,*,#1025,.F.);
#1726 = ORIENTED_EDGE('',*,*,#1727,.F.);
#1727 = EDGE_CURVE('',#1728,#1003,#1730,.T.);
#1728 = VERTEX_POINT('',#1729);
#1729 = CARTESIAN_POINT('',(338.499999825,-13.24333182681,-3.30668446103
    ));
#1730 = SURFACE_CURVE('',#1731,(#1735,#1742),.PCURVE_S1.);
#1731 = LINE('',#1732,#1733);
#1732 = CARTESIAN_POINT('',(338.499999825,-13.24333182681,-3.30668446103
    ));
#1733 = VECTOR('',#1734,1.);
#1734 = DIRECTION('',(0.,-0.906307787037,-0.422618261741));
#1735 = PCURVE('',#1040,#1736);
#1736 = DEFINITIONAL_REPRESENTATION('',(#1737),#1741);
#1737 = LINE('',#1738,#1739);
#1738 = CARTESIAN_POINT('',(0.,0.));
#1739 = VECTOR('',#1740,1.);
#1740 = DIRECTION('',(0.,1.));
#1741 = ( GEOMETRIC_REPRESENTATION_CONTEXT(2) 
PARAMETRIC_REPRESENTATION_CONTEXT() REPRESENTATION_CONTEXT('2D SPACE',''
  ) );
#1742 = PCURVE('',#1743,#1748);
#1743 = PLANE('',#1744);
#1744 = AXIS2_PLACEMENT_3D('',#1745,#1746,#1747);
#1745 = CARTESIAN_POINT('',(338.499999825,-13.24333182681,-3.30668446103
    ));
#1746 = DIRECTION('',(1.,0.,0.));
#1747 = DIRECTION('',(0.,0.422618261741,-0.906307787037));
#1748 = DEFINITIONAL_REPRESENTATION('',(#1749),#1753);
#1749 = LINE('',#1750,#1751);
#1750 = CARTESIAN_POINT('',(0.,0.));
#1751 = VECTOR('',#1752,1.);
#1752 = DIRECTION('',(0.,-1.));
#1753 = ( GEOMETRIC_REPRESENTATION_CONTEXT(2) 
PARAMETRIC_REPRESENTATION_CONTEXT() REPRESENTATION_CONTEXT('2D SPACE',''
  ) );
#1754 = ORIENTED_EDGE('',*,*,#1755,.T.);
#1755 = EDGE_CURVE('',#1728,#1756,#1758,.T.);
#1756 = VERTEX_POINT('',#1757);
#1757 = CARTESIAN_POINT('',(360.50333704529,-13.24333182681,
    -3.30668446103));
#1758 = SURFACE_CURVE('',#1759,(#1763,#1770),.PCURVE_S1.);
#1759 = LINE('',#1760,#1761);
#1760 = CARTESIAN_POINT('',(338.499999825,-13.24333182681,-3.30668446103
    ));
#1761 = VECTOR('',#1762,1.);
#1762 = DIRECTION('',(1.,0.,0.));
#1763 = PCURVE('',#1040,#1764);
#1764 = DEFINITIONAL_REPRESENTATION('',(#1765),#1769);
#1765 = LINE('',#1766,#1767);
#1766 = CARTESIAN_POINT('',(0.,0.));
#1767 = VECTOR('',#1768,1.);
#1768 = DIRECTION('',(1.,0.));
#1769 = ( GEOMETRIC_REPRESENTATION_CONTEXT(2) 
PARAMETRIC_REPRESENTATION_CONTEXT() REPRESENTATION_CONTEXT('2D SPACE',''
  ) );
#1770 = PCURVE('',#1771,#1776);
#1771 = PLANE('',#1772);
#1772 = AXIS2_PLACEMENT_3D('',#1773,#1774,#1775);
#1773 = CARTESIAN_POINT('',(338.499999825,-13.24333182681,-3.30668446103
    ));
#1774 = DIRECTION('',(0.,-0.906307787037,-0.422618261741));
#1775 = DIRECTION('',(0.,0.422618261741,-0.906307787037));
#1776 = DEFINITIONAL_REPRESENTATION('',(#1777),#1781);
#1777 = LINE('',#1778,#1779);
#1778 = CARTESIAN_POINT('',(0.,0.));
#1779 = VECTOR('',#1780,1.);
#1780 = DIRECTION('',(0.,1.));
#1781 = ( GEOMETRIC_REPRESENTATION_CONTEXT(2) 
PARAMETRIC_REPRESENTATION_CONTEXT() REPRESENTATION_CONTEXT('2D SPACE',''
  ) );
#1782 = ORIENTED_EDGE('',*,*,#1783,.T.);
#1783 = EDGE_CURVE('',#1756,#1784,#1786,.T.);
#1784 = VERTEX_POINT('',#1785);
#1785 = CARTESIAN_POINT('',(360.50333704529,-16.23306208656,
    -4.70081857697));
#1786 = SURFACE_CURVE('',#1787,(#1791,#1797),.PCURVE_S1.);
#1787 = LINE('',#1788,#1789);
#1788 = CARTESIAN_POINT('',(360.50333704529,-13.24333182681,
    -3.30668446103));
#1789 = VECTOR('',#1790,1.);
#1790 = DIRECTION('',(0.,-0.906307787037,-0.422618261741));
#1791 = PCURVE('',#1040,#1792);
#1792 = DEFINITIONAL_REPRESENTATION('',(#1793),#1796);
#1793 = B_SPLINE_CURVE_WITH_KNOTS('',1,(#1794,#1795),.UNSPECIFIED.,.F.,
  .F.,(2,2),(-6.000000003831E-07,3.9000006),.PIECEWISE_BEZIER_KNOTS.);
#1794 = CARTESIAN_POINT('',(22.00333722029,-6.000000000077E-07));
#1795 = CARTESIAN_POINT('',(22.00333722029,3.9000006));
#1796 = ( GEOMETRIC_REPRESENTATION_CONTEXT(2) 
PARAMETRIC_REPRESENTATION_CONTEXT() REPRESENTATION_CONTEXT('2D SPACE',''
  ) );
#1797 = PCURVE('',#1798,#1803);
#1798 = CYLINDRICAL_SURFACE('',#1799,3.);
#1799 = AXIS2_PLACEMENT_3D('',#1800,#1801,#1802);
#1800 = CARTESIAN_POINT('',(362.,-12.14452434629,-5.663084707325));
#1801 = DIRECTION('',(0.,-0.906307787037,-0.422618261741));
#1802 = DIRECTION('',(0.,0.422618261741,-0.906307787037));
#1803 = DEFINITIONAL_REPRESENTATION('',(#1804),#1807);
#1804 = B_SPLINE_CURVE_WITH_KNOTS('',1,(#1805,#1806),.UNSPECIFIED.,.F.,
  .F.,(2,2),(-6.000000003831E-07,3.9000006),.PIECEWISE_BEZIER_KNOTS.);
#1805 = CARTESIAN_POINT('',(3.663907475396,-6.000000008272E-07));
#1806 = CARTESIAN_POINT('',(3.663907475396,3.9000006));
#1807 = ( GEOMETRIC_REPRESENTATION_CONTEXT(2) 
PARAMETRIC_REPRESENTATION_CONTEXT() REPRESENTATION_CONTEXT('2D SPACE',''
  ) );
#1808 = ORIENTED_EDGE('',*,*,#1809,.F.);
#1809 = EDGE_CURVE('',#1810,#1784,#1812,.T.);
#1810 = VERTEX_POINT('',#1811);
#1811 = CARTESIAN_POINT('',(349.,-16.23306208656,-4.70081857697));
#1812 = SURFACE_CURVE('',#1813,(#1817,#1823),.PCURVE_S1.);
#1813 = LINE('',#1814,#1815);
#1814 = CARTESIAN_POINT('',(349.,-16.23306208656,-4.70081857697));
#1815 = VECTOR('',#1816,1.);
#1816 = DIRECTION('',(1.,0.,0.));
#1817 = PCURVE('',#1040,#1818);
#1818 = DEFINITIONAL_REPRESENTATION('',(#1819),#1822);
#1819 = B_SPLINE_CURVE_WITH_KNOTS('',1,(#1820,#1821),.UNSPECIFIED.,.F.,
  .F.,(2,2),(-6.000000212225E-07,15.3500000175),
  .PIECEWISE_BEZIER_KNOTS.);
#1820 = CARTESIAN_POINT('',(10.499999575,3.298802352265));
#1821 = CARTESIAN_POINT('',(25.8500001925,3.298802352265));
#1822 = ( GEOMETRIC_REPRESENTATION_CONTEXT(2) 
PARAMETRIC_REPRESENTATION_CONTEXT() REPRESENTATION_CONTEXT('2D SPACE',''
  ) );
#1823 = PCURVE('',#1824,#1829);
#1824 = CYLINDRICAL_SURFACE('',#1825,16.9);
#1825 = AXIS2_PLACEMENT_3D('',#1826,#1827,#1828);
#1826 = CARTESIAN_POINT('',(349.,0.,0.));
#1827 = DIRECTION('',(1.,0.,0.));
#1828 = DIRECTION('',(-0.,1.,0.));
#1829 = DEFINITIONAL_REPRESENTATION('',(#1830),#1833);
#1830 = B_SPLINE_CURVE_WITH_KNOTS('',1,(#1831,#1832),.UNSPECIFIED.,.F.,
  .F.,(2,2),(-6.000000212225E-07,15.3500000175),
  .PIECEWISE_BEZIER_KNOTS.);
#1831 = CARTESIAN_POINT('',(3.423465368104,-6.000000212225E-07));
#1832 = CARTESIAN_POINT('',(3.423465368104,15.3500000175));
#1833 = ( GEOMETRIC_REPRESENTATION_CONTEXT(2) 
PARAMETRIC_REPRESENTATION_CONTEXT() REPRESENTATION_CONTEXT('2D SPACE',''
  ) );
#1834 = ORIENTED_EDGE('',*,*,#1835,.F.);
#1835 = EDGE_CURVE('',#1836,#1810,#1838,.T.);
#1836 = VERTEX_POINT('',#1837);
#1837 = CARTESIAN_POINT('',(348.1,-16.92538408574,-5.023653627097));
#1838 = SURFACE_CURVE('',#1839,(#1844,#1851),.PCURVE_S1.);
#1839 = HYPERBOLA('',#1840,3.098559340745,2.6);
#1840 = AXIS2_PLACEMENT_3D('',#1841,#1842,#1843);
#1841 = CARTESIAN_POINT('',(369.14063571484,-1.098807480526,
    2.356400246295));
#1842 = DIRECTION('',(0.,0.422618261741,-0.906307787037));
#1843 = DIRECTION('',(-1.,0.,-0.));
#1844 = PCURVE('',#1040,#1845);
#1845 = DEFINITIONAL_REPRESENTATION('',(#1846),#1850);
#1846 = ( BOUNDED_CURVE() B_SPLINE_CURVE(2,(#1847,#1848,#1849),
.UNSPECIFIED.,.F.,.F.) B_SPLINE_CURVE_WITH_KNOTS((3,3),(-2.603199094905,
-2.558978977029),.PIECEWISE_BEZIER_KNOTS.) CURVE() 
GEOMETRIC_REPRESENTATION_ITEM() RATIONAL_B_SPLINE_CURVE((1.,
1.000244437311,1.)) REPRESENTATION_ITEM('') );
#1847 = CARTESIAN_POINT('',(9.600000175,4.062695158971));
#1848 = CARTESIAN_POINT('',(10.060062724597,3.672401471741));
#1849 = CARTESIAN_POINT('',(10.500000175,3.298802352265));
#1850 = ( GEOMETRIC_REPRESENTATION_CONTEXT(2) 
PARAMETRIC_REPRESENTATION_CONTEXT() REPRESENTATION_CONTEXT('2D SPACE',''
  ) );
#1851 = PCURVE('',#1852,#1857);
#1852 = CONICAL_SURFACE('',#1853,18.85,0.698131700798);
#1853 = AXIS2_PLACEMENT_3D('',#1854,#1855,#1856);
#1854 = CARTESIAN_POINT('',(346.67608049444,0.,0.));
#1855 = DIRECTION('',(-1.,-0.,-0.));
#1856 = DIRECTION('',(-0.,1.,0.));
#1857 = DEFINITIONAL_REPRESENTATION('',(#1858),#1865);
#1858 = B_SPLINE_CURVE_WITH_KNOTS('',5,(#1859,#1860,#1861,#1862,#1863,
    #1864),.UNSPECIFIED.,.F.,.F.,(6,6),(-2.603199094905,-2.558978977029)
  ,.PIECEWISE_BEZIER_KNOTS.);
#1859 = CARTESIAN_POINT('',(-9.713307235784,-1.423919505559));
#1860 = CARTESIAN_POINT('',(-9.712004816397,-1.607974511586));
#1861 = CARTESIAN_POINT('',(-9.71068815571,-1.78997235486));
#1862 = CARTESIAN_POINT('',(-9.709357050698,-1.969943027401));
#1863 = CARTESIAN_POINT('',(-9.708011294295,-2.147915850933));
#1864 = CARTESIAN_POINT('',(-9.706650675284,-2.323919505559));
#1865 = ( GEOMETRIC_REPRESENTATION_CONTEXT(2) 
PARAMETRIC_REPRESENTATION_CONTEXT() REPRESENTATION_CONTEXT('2D SPACE',''
  ) );
#1866 = ORIENTED_EDGE('',*,*,#1867,.T.);
#1867 = EDGE_CURVE('',#1836,#1026,#1868,.T.);
#1868 = SURFACE_CURVE('',#1869,(#1873,#1879),.PCURVE_S1.);
#1869 = LINE('',#1870,#1871);
#1870 = CARTESIAN_POINT('',(348.1,-7.171069653671,-0.475142107367));
#1871 = VECTOR('',#1872,1.);
#1872 = DIRECTION('',(-0.,0.906307787037,0.422618261741));
#1873 = PCURVE('',#1040,#1874);
#1874 = DEFINITIONAL_REPRESENTATION('',(#1875),#1878);
#1875 = B_SPLINE_CURVE_WITH_KNOTS('',1,(#1876,#1877),.UNSPECIFIED.,.F.,
  .F.,(2,2),(-11.4,-6.7),.PIECEWISE_BEZIER_KNOTS.);
#1876 = CARTESIAN_POINT('',(9.600000175,4.7));
#1877 = CARTESIAN_POINT('',(9.600000175,0.));
#1878 = ( GEOMETRIC_REPRESENTATION_CONTEXT(2) 
PARAMETRIC_REPRESENTATION_CONTEXT() REPRESENTATION_CONTEXT('2D SPACE',''
  ) );
#1879 = PCURVE('',#1068,#1880);
#1880 = DEFINITIONAL_REPRESENTATION('',(#1881),#1884);
#1881 = B_SPLINE_CURVE_WITH_KNOTS('',1,(#1882,#1883),.UNSPECIFIED.,.F.,
  .F.,(2,2),(-11.4,-6.7),.PIECEWISE_BEZIER_KNOTS.);
#1882 = CARTESIAN_POINT('',(-5.292990291211,17.502978425889));
#1883 = CARTESIAN_POINT('',(-3.30668446103,13.243331826817));
#1884 = ( GEOMETRIC_REPRESENTATION_CONTEXT(2) 
PARAMETRIC_REPRESENTATION_CONTEXT() REPRESENTATION_CONTEXT('2D SPACE',''
  ) );
#1885 = ADVANCED_FACE('',(#1886),#1743,.F.);
#1886 = FACE_BOUND('',#1887,.F.);
#1887 = EDGE_LOOP('',(#1888,#1918,#1939,#1940));
#1888 = ORIENTED_EDGE('',*,*,#1889,.F.);
#1889 = EDGE_CURVE('',#1890,#1892,#1894,.T.);
#1890 = VERTEX_POINT('',#1891);
#1891 = CARTESIAN_POINT('',(338.499999825,-11.04571686576,
    -8.019484953621));
#1892 = VERTEX_POINT('',#1893);
#1893 = CARTESIAN_POINT('',(338.4999999125,-14.67719717425,
    -9.712872031906));
#1894 = SURFACE_CURVE('',#1895,(#1899,#1906),.PCURVE_S1.);
#1895 = LINE('',#1896,#1897);
#1896 = CARTESIAN_POINT('',(338.499999825,-11.04571686576,
    -8.019484953621));
#1897 = VECTOR('',#1898,1.);
#1898 = DIRECTION('',(0.,-0.906307787037,-0.422618261741));
#1899 = PCURVE('',#1743,#1900);
#1900 = DEFINITIONAL_REPRESENTATION('',(#1901),#1905);
#1901 = LINE('',#1902,#1903);
#1902 = CARTESIAN_POINT('',(5.2,-1.998401444325E-15));
#1903 = VECTOR('',#1904,1.);
#1904 = DIRECTION('',(0.,-1.));
#1905 = ( GEOMETRIC_REPRESENTATION_CONTEXT(2) 
PARAMETRIC_REPRESENTATION_CONTEXT() REPRESENTATION_CONTEXT('2D SPACE',''
  ) );
#1906 = PCURVE('',#1907,#1912);
#1907 = PLANE('',#1908);
#1908 = AXIS2_PLACEMENT_3D('',#1909,#1910,#1911);
#1909 = CARTESIAN_POINT('',(338.499999825,-11.04571686576,
    -8.019484953621));
#1910 = DIRECTION('',(0.,0.422618261741,-0.906307787037));
#1911 = DIRECTION('',(1.,0.,0.));
#1912 = DEFINITIONAL_REPRESENTATION('',(#1913),#1917);
#1913 = LINE('',#1914,#1915);
#1914 = CARTESIAN_POINT('',(0.,0.));
#1915 = VECTOR('',#1916,1.);
#1916 = DIRECTION('',(0.,1.));
#1917 = ( GEOMETRIC_REPRESENTATION_CONTEXT(2) 
PARAMETRIC_REPRESENTATION_CONTEXT() REPRESENTATION_CONTEXT('2D SPACE',''
  ) );
#1918 = ORIENTED_EDGE('',*,*,#1919,.F.);
#1919 = EDGE_CURVE('',#1728,#1890,#1920,.T.);
#1920 = SURFACE_CURVE('',#1921,(#1925,#1932),.PCURVE_S1.);
#1921 = LINE('',#1922,#1923);
#1922 = CARTESIAN_POINT('',(338.499999825,-13.24333182681,-3.30668446103
    ));
#1923 = VECTOR('',#1924,1.);
#1924 = DIRECTION('',(0.,0.422618261741,-0.906307787037));
#1925 = PCURVE('',#1743,#1926);
#1926 = DEFINITIONAL_REPRESENTATION('',(#1927),#1931);
#1927 = LINE('',#1928,#1929);
#1928 = CARTESIAN_POINT('',(0.,0.));
#1929 = VECTOR('',#1930,1.);
#1930 = DIRECTION('',(1.,0.));
#1931 = ( GEOMETRIC_REPRESENTATION_CONTEXT(2) 
PARAMETRIC_REPRESENTATION_CONTEXT() REPRESENTATION_CONTEXT('2D SPACE',''
  ) );
#1932 = PCURVE('',#1771,#1933);
#1933 = DEFINITIONAL_REPRESENTATION('',(#1934),#1938);
#1934 = LINE('',#1935,#1936);
#1935 = CARTESIAN_POINT('',(0.,0.));
#1936 = VECTOR('',#1937,1.);
#1937 = DIRECTION('',(1.,0.));
#1938 = ( GEOMETRIC_REPRESENTATION_CONTEXT(2) 
PARAMETRIC_REPRESENTATION_CONTEXT() REPRESENTATION_CONTEXT('2D SPACE',''
  ) );
#1939 = ORIENTED_EDGE('',*,*,#1727,.T.);
#1940 = ORIENTED_EDGE('',*,*,#1941,.T.);
#1941 = EDGE_CURVE('',#1003,#1892,#1942,.T.);
#1942 = SURFACE_CURVE('',#1943,(#1948,#1955),.PCURVE_S1.);
#1943 = CIRCLE('',#1944,17.6);
#1944 = AXIS2_PLACEMENT_3D('',#1945,#1946,#1947);
#1945 = CARTESIAN_POINT('',(338.5,0.,0.));
#1946 = DIRECTION('',(1.,0.,0.));
#1947 = DIRECTION('',(-0.,0.,1.));
#1948 = PCURVE('',#1743,#1949);
#1949 = DEFINITIONAL_REPRESENTATION('',(#1950),#1954);
#1950 = CIRCLE('',#1951,17.6);
#1951 = AXIS2_PLACEMENT_2D('',#1952,#1953);
#1952 = CARTESIAN_POINT('',(2.6,13.4));
#1953 = DIRECTION('',(-0.906307787037,0.422618261741));
#1954 = ( GEOMETRIC_REPRESENTATION_CONTEXT(2) 
PARAMETRIC_REPRESENTATION_CONTEXT() REPRESENTATION_CONTEXT('2D SPACE',''
  ) );
#1955 = PCURVE('',#43,#1956);
#1956 = DEFINITIONAL_REPRESENTATION('',(#1957),#1961);
#1957 = CIRCLE('',#1958,17.6);
#1958 = AXIS2_PLACEMENT_2D('',#1959,#1960);
#1959 = CARTESIAN_POINT('',(0.,0.));
#1960 = DIRECTION('',(1.,0.));
#1961 = ( GEOMETRIC_REPRESENTATION_CONTEXT(2) 
PARAMETRIC_REPRESENTATION_CONTEXT() REPRESENTATION_CONTEXT('2D SPACE',''
  ) );
#1962 = ADVANCED_FACE('',(#1963),#1907,.T.);
#1963 = FACE_BOUND('',#1964,.T.);
#1964 = EDGE_LOOP('',(#1965,#1991,#1992,#2015,#2041,#2062,#2094));
#1965 = ORIENTED_EDGE('',*,*,#1966,.F.);
#1966 = EDGE_CURVE('',#1892,#1967,#1969,.T.);
#1967 = VERTEX_POINT('',#1968);
#1968 = CARTESIAN_POINT('',(348.1,-14.67719717425,-9.712872031906));
#1969 = SURFACE_CURVE('',#1970,(#1974,#1980),.PCURVE_S1.);
#1970 = LINE('',#1971,#1972);
#1971 = CARTESIAN_POINT('',(337.5,-14.67719717425,-9.712872031906));
#1972 = VECTOR('',#1973,1.);
#1973 = DIRECTION('',(1.,0.,0.));
#1974 = PCURVE('',#1907,#1975);
#1975 = DEFINITIONAL_REPRESENTATION('',(#1976),#1979);
#1976 = B_SPLINE_CURVE_WITH_KNOTS('',1,(#1977,#1978),.UNSPECIFIED.,.F.,
  .F.,(2,2),(0.999999325,10.6000006),.PIECEWISE_BEZIER_KNOTS.);
#1977 = CARTESIAN_POINT('',(-4.999999987376E-07,4.006895185529));
#1978 = CARTESIAN_POINT('',(9.600000775,4.006895185529));
#1979 = ( GEOMETRIC_REPRESENTATION_CONTEXT(2) 
PARAMETRIC_REPRESENTATION_CONTEXT() REPRESENTATION_CONTEXT('2D SPACE',''
  ) );
#1980 = PCURVE('',#1981,#1986);
#1981 = CYLINDRICAL_SURFACE('',#1982,17.6);
#1982 = AXIS2_PLACEMENT_3D('',#1983,#1984,#1985);
#1983 = CARTESIAN_POINT('',(337.5,0.,0.));
#1984 = DIRECTION('',(1.,0.,0.));
#1985 = DIRECTION('',(-0.,0.,1.));
#1986 = DEFINITIONAL_REPRESENTATION('',(#1987),#1990);
#1987 = B_SPLINE_CURVE_WITH_KNOTS('',1,(#1988,#1989),.UNSPECIFIED.,.F.,
  .F.,(2,2),(0.999999325,10.6000006),.PIECEWISE_BEZIER_KNOTS.);
#1988 = CARTESIAN_POINT('',(8.438583883266,0.999999325));
#1989 = CARTESIAN_POINT('',(8.438583883266,10.6000006));
#1990 = ( GEOMETRIC_REPRESENTATION_CONTEXT(2) 
PARAMETRIC_REPRESENTATION_CONTEXT() REPRESENTATION_CONTEXT('2D SPACE',''
  ) );
#1991 = ORIENTED_EDGE('',*,*,#1889,.F.);
#1992 = ORIENTED_EDGE('',*,*,#1993,.T.);
#1993 = EDGE_CURVE('',#1890,#1994,#1996,.T.);
#1994 = VERTEX_POINT('',#1995);
#1995 = CARTESIAN_POINT('',(360.50333704529,-11.04571686576,
    -8.019484953621));
#1996 = SURFACE_CURVE('',#1997,(#2001,#2008),.PCURVE_S1.);
#1997 = LINE('',#1998,#1999);
#1998 = CARTESIAN_POINT('',(338.499999825,-11.04571686576,
    -8.019484953621));
#1999 = VECTOR('',#2000,1.);
#2000 = DIRECTION('',(1.,0.,0.));
#2001 = PCURVE('',#1907,#2002);
#2002 = DEFINITIONAL_REPRESENTATION('',(#2003),#2007);
#2003 = LINE('',#2004,#2005);
#2004 = CARTESIAN_POINT('',(0.,0.));
#2005 = VECTOR('',#2006,1.);
#2006 = DIRECTION('',(1.,0.));
#2007 = ( GEOMETRIC_REPRESENTATION_CONTEXT(2) 
PARAMETRIC_REPRESENTATION_CONTEXT() REPRESENTATION_CONTEXT('2D SPACE',''
  ) );
#2008 = PCURVE('',#1771,#2009);
#2009 = DEFINITIONAL_REPRESENTATION('',(#2010),#2014);
#2010 = LINE('',#2011,#2012);
#2011 = CARTESIAN_POINT('',(5.2,0.));
#2012 = VECTOR('',#2013,1.);
#2013 = DIRECTION('',(0.,1.));
#2014 = ( GEOMETRIC_REPRESENTATION_CONTEXT(2) 
PARAMETRIC_REPRESENTATION_CONTEXT() REPRESENTATION_CONTEXT('2D SPACE',''
  ) );
#2015 = ORIENTED_EDGE('',*,*,#2016,.T.);
#2016 = EDGE_CURVE('',#1994,#2017,#2019,.T.);
#2017 = VERTEX_POINT('',#2018);
#2018 = CARTESIAN_POINT('',(360.50333704529,-14.03544712551,
    -9.413619069561));
#2019 = SURFACE_CURVE('',#2020,(#2024,#2030),.PCURVE_S1.);
#2020 = LINE('',#2021,#2022);
#2021 = CARTESIAN_POINT('',(360.50333704529,-11.04571686576,
    -8.019484953621));
#2022 = VECTOR('',#2023,1.);
#2023 = DIRECTION('',(0.,-0.906307787037,-0.422618261741));
#2024 = PCURVE('',#1907,#2025);
#2025 = DEFINITIONAL_REPRESENTATION('',(#2026),#2029);
#2026 = B_SPLINE_CURVE_WITH_KNOTS('',1,(#2027,#2028),.UNSPECIFIED.,.F.,
  .F.,(2,2),(-5.999999989609E-07,3.9000006),.PIECEWISE_BEZIER_KNOTS.);
#2027 = CARTESIAN_POINT('',(22.00333722029,-6.000000005708E-07));
#2028 = CARTESIAN_POINT('',(22.00333722029,3.9000006));
#2029 = ( GEOMETRIC_REPRESENTATION_CONTEXT(2) 
PARAMETRIC_REPRESENTATION_CONTEXT() REPRESENTATION_CONTEXT('2D SPACE',''
  ) );
#2030 = PCURVE('',#2031,#2036);
#2031 = CYLINDRICAL_SURFACE('',#2032,3.);
#2032 = AXIS2_PLACEMENT_3D('',#2033,#2034,#2035);
#2033 = CARTESIAN_POINT('',(362.,-12.14452434629,-5.663084707325));
#2034 = DIRECTION('',(0.,-0.906307787037,-0.422618261741));
#2035 = DIRECTION('',(0.,0.422618261741,-0.906307787037));
#2036 = DEFINITIONAL_REPRESENTATION('',(#2037),#2040);
#2037 = B_SPLINE_CURVE_WITH_KNOTS('',1,(#2038,#2039),.UNSPECIFIED.,.F.,
  .F.,(2,2),(1.926709448974E-15,3.298802352265),
  .PIECEWISE_BEZIER_KNOTS.);
#2038 = CARTESIAN_POINT('',(5.760870485374,1.371597936661E-15));
#2039 = CARTESIAN_POINT('',(5.760870485374,3.298802352265));
#2040 = ( GEOMETRIC_REPRESENTATION_CONTEXT(2) 
PARAMETRIC_REPRESENTATION_CONTEXT() REPRESENTATION_CONTEXT('2D SPACE',''
  ) );
#2041 = ORIENTED_EDGE('',*,*,#2042,.F.);
#2042 = EDGE_CURVE('',#2043,#2017,#2045,.T.);
#2043 = VERTEX_POINT('',#2044);
#2044 = CARTESIAN_POINT('',(349.,-14.03544712551,-9.413619069561));
#2045 = SURFACE_CURVE('',#2046,(#2050,#2056),.PCURVE_S1.);
#2046 = LINE('',#2047,#2048);
#2047 = CARTESIAN_POINT('',(349.,-14.03544712551,-9.413619069561));
#2048 = VECTOR('',#2049,1.);
#2049 = DIRECTION('',(1.,0.,0.));
#2050 = PCURVE('',#1907,#2051);
#2051 = DEFINITIONAL_REPRESENTATION('',(#2052),#2055);
#2052 = B_SPLINE_CURVE_WITH_KNOTS('',1,(#2053,#2054),.UNSPECIFIED.,.F.,
  .F.,(2,2),(-6.000000212225E-07,15.3500000175),
  .PIECEWISE_BEZIER_KNOTS.);
#2053 = CARTESIAN_POINT('',(10.499999575,3.298802352265));
#2054 = CARTESIAN_POINT('',(25.8500001925,3.298802352265));
#2055 = ( GEOMETRIC_REPRESENTATION_CONTEXT(2) 
PARAMETRIC_REPRESENTATION_CONTEXT() REPRESENTATION_CONTEXT('2D SPACE',''
  ) );
#2056 = PCURVE('',#1824,#2057);
#2057 = DEFINITIONAL_REPRESENTATION('',(#2058),#2061);
#2058 = B_SPLINE_CURVE_WITH_KNOTS('',1,(#2059,#2060),.UNSPECIFIED.,.F.,
  .F.,(2,2),(-6.000000212225E-07,15.3500000175),
  .PIECEWISE_BEZIER_KNOTS.);
#2059 = CARTESIAN_POINT('',(3.732384565073,-6.000000212225E-07));
#2060 = CARTESIAN_POINT('',(3.732384565073,15.3500000175));
#2061 = ( GEOMETRIC_REPRESENTATION_CONTEXT(2) 
PARAMETRIC_REPRESENTATION_CONTEXT() REPRESENTATION_CONTEXT('2D SPACE',''
  ) );
#2062 = ORIENTED_EDGE('',*,*,#2063,.F.);
#2063 = EDGE_CURVE('',#2064,#2043,#2066,.T.);
#2064 = VERTEX_POINT('',#2065);
#2065 = CARTESIAN_POINT('',(348.1,-14.72776912469,-9.736454119687));
#2066 = SURFACE_CURVE('',#2067,(#2072,#2079),.PCURVE_S1.);
#2067 = HYPERBOLA('',#2068,3.098559340745,2.6);
#2068 = AXIS2_PLACEMENT_3D('',#2069,#2070,#2071);
#2069 = CARTESIAN_POINT('',(369.14063571484,1.098807480526,
    -2.356400246295));
#2070 = DIRECTION('',(0.,0.422618261741,-0.906307787037));
#2071 = DIRECTION('',(-1.,0.,-0.));
#2072 = PCURVE('',#1907,#2073);
#2073 = DEFINITIONAL_REPRESENTATION('',(#2074),#2078);
#2074 = ( BOUNDED_CURVE() B_SPLINE_CURVE(2,(#2075,#2076,#2077),
.UNSPECIFIED.,.F.,.F.) B_SPLINE_CURVE_WITH_KNOTS((3,3),(-2.603199094905,
-2.558978977029),.PIECEWISE_BEZIER_KNOTS.) CURVE() 
GEOMETRIC_REPRESENTATION_ITEM() RATIONAL_B_SPLINE_CURVE((1.,
1.000244437311,1.)) REPRESENTATION_ITEM('') );
#2075 = CARTESIAN_POINT('',(9.600000175,4.062695158971));
#2076 = CARTESIAN_POINT('',(10.060062724597,3.672401471741));
#2077 = CARTESIAN_POINT('',(10.500000175,3.298802352265));
#2078 = ( GEOMETRIC_REPRESENTATION_CONTEXT(2) 
PARAMETRIC_REPRESENTATION_CONTEXT() REPRESENTATION_CONTEXT('2D SPACE',''
  ) );
#2079 = PCURVE('',#2080,#2085);
#2080 = CONICAL_SURFACE('',#2081,18.85,0.698131700798);
#2081 = AXIS2_PLACEMENT_3D('',#2082,#2083,#2084);
#2082 = CARTESIAN_POINT('',(346.67608049444,0.,0.));
#2083 = DIRECTION('',(-1.,-0.,-0.));
#2084 = DIRECTION('',(-0.,1.,0.));
#2085 = DEFINITIONAL_REPRESENTATION('',(#2086),#2093);
#2086 = B_SPLINE_CURVE_WITH_KNOTS('',5,(#2087,#2088,#2089,#2090,#2091,
    #2092),.UNSPECIFIED.,.F.,.F.,(6,6),(-2.603199094905,-2.558978977029)
  ,.PIECEWISE_BEZIER_KNOTS.);
#2087 = CARTESIAN_POINT('',(-10.00891331175,-1.423919505559));
#2088 = CARTESIAN_POINT('',(-10.01021573113,-1.607974511586));
#2089 = CARTESIAN_POINT('',(-10.01153239182,-1.78997235486));
#2090 = CARTESIAN_POINT('',(-10.01286349683,-1.969943027401));
#2091 = CARTESIAN_POINT('',(-10.01420925324,-2.147915850933));
#2092 = CARTESIAN_POINT('',(-10.01556987225,-2.323919505559));
#2093 = ( GEOMETRIC_REPRESENTATION_CONTEXT(2) 
PARAMETRIC_REPRESENTATION_CONTEXT() REPRESENTATION_CONTEXT('2D SPACE',''
  ) );
#2094 = ORIENTED_EDGE('',*,*,#2095,.T.);
#2095 = EDGE_CURVE('',#2064,#1967,#2096,.T.);
#2096 = SURFACE_CURVE('',#2097,(#2101,#2107),.PCURVE_S1.);
#2097 = LINE('',#2098,#2099);
#2098 = CARTESIAN_POINT('',(348.1,-4.97345469262,-5.187942599958));
#2099 = VECTOR('',#2100,1.);
#2100 = DIRECTION('',(-0.,0.906307787037,0.422618261741));
#2101 = PCURVE('',#1907,#2102);
#2102 = DEFINITIONAL_REPRESENTATION('',(#2103),#2106);
#2103 = B_SPLINE_CURVE_WITH_KNOTS('',1,(#2104,#2105),.UNSPECIFIED.,.F.,
  .F.,(2,2),(-11.4,-6.7),.PIECEWISE_BEZIER_KNOTS.);
#2104 = CARTESIAN_POINT('',(9.600000175,4.7));
#2105 = CARTESIAN_POINT('',(9.600000175,0.));
#2106 = ( GEOMETRIC_REPRESENTATION_CONTEXT(2) 
PARAMETRIC_REPRESENTATION_CONTEXT() REPRESENTATION_CONTEXT('2D SPACE',''
  ) );
#2107 = PCURVE('',#2108,#2113);
#2108 = PLANE('',#2109);
#2109 = AXIS2_PLACEMENT_3D('',#2110,#2111,#2112);
#2110 = CARTESIAN_POINT('',(348.1,0.,0.));
#2111 = DIRECTION('',(1.,0.,0.));
#2112 = DIRECTION('',(-0.,0.,1.));
#2113 = DEFINITIONAL_REPRESENTATION('',(#2114),#2117);
#2114 = B_SPLINE_CURVE_WITH_KNOTS('',1,(#2115,#2116),.UNSPECIFIED.,.F.,
  .F.,(2,2),(-11.4,-6.7),.PIECEWISE_BEZIER_KNOTS.);
#2115 = CARTESIAN_POINT('',(-10.0057907838,15.305363464838));
#2116 = CARTESIAN_POINT('',(-8.019484953621,11.045716865765));
#2117 = ( GEOMETRIC_REPRESENTATION_CONTEXT(2) 
PARAMETRIC_REPRESENTATION_CONTEXT() REPRESENTATION_CONTEXT('2D SPACE',''
  ) );
#2118 = ADVANCED_FACE('',(#2119),#2031,.T.);
#2119 = FACE_BOUND('',#2120,.T.);
#2120 = EDGE_LOOP('',(#2121,#2122,#2150,#2177));
#2121 = ORIENTED_EDGE('',*,*,#2016,.F.);
#2122 = ORIENTED_EDGE('',*,*,#2123,.F.);
#2123 = EDGE_CURVE('',#2124,#1994,#2126,.T.);
#2124 = VERTEX_POINT('',#2125);
#2125 = CARTESIAN_POINT('',(363.92836282906,-11.17329123339,
    -7.74590083937));
#2126 = SURFACE_CURVE('',#2127,(#2132,#2139),.PCURVE_S1.);
#2127 = CIRCLE('',#2128,3.);
#2128 = AXIS2_PLACEMENT_3D('',#2129,#2130,#2131);
#2129 = CARTESIAN_POINT('',(362.,-12.14452434629,-5.663084707325));
#2130 = DIRECTION('',(1.665334536938E-16,0.906307787037,0.422618261741)
  );
#2131 = DIRECTION('',(0.642787609687,0.323744370967,-0.694272044015));
#2132 = PCURVE('',#2031,#2133);
#2133 = DEFINITIONAL_REPRESENTATION('',(#2134),#2138);
#2134 = LINE('',#2135,#2136);
#2135 = CARTESIAN_POINT('',(6.981317007977,0.));
#2136 = VECTOR('',#2137,1.);
#2137 = DIRECTION('',(-1.,-0.));
#2138 = ( GEOMETRIC_REPRESENTATION_CONTEXT(2) 
PARAMETRIC_REPRESENTATION_CONTEXT() REPRESENTATION_CONTEXT('2D SPACE',''
  ) );
#2139 = PCURVE('',#1771,#2140);
#2140 = DEFINITIONAL_REPRESENTATION('',(#2141),#2149);
#2141 = ( BOUNDED_CURVE() B_SPLINE_CURVE(2,(#2142,#2143,#2144,#2145,
#2146,#2147,#2148),.UNSPECIFIED.,.T.,.F.) B_SPLINE_CURVE_WITH_KNOTS((1,2
    ,2,2,2,1),(-2.094395102393,0.,2.094395102393,4.188790204786,
6.28318530718,8.377580409573),.UNSPECIFIED.) CURVE() 
GEOMETRIC_REPRESENTATION_ITEM() RATIONAL_B_SPLINE_CURVE((1.,0.5,1.,0.5,
1.,0.5,1.)) REPRESENTATION_ITEM('') );
#2142 = CARTESIAN_POINT('',(4.898133329357,25.42836300406));
#2143 = CARTESIAN_POINT('',(8.238155724715,21.447879315046));
#2144 = CARTESIAN_POINT('',(3.120944533001,20.545576915963));
#2145 = CARTESIAN_POINT('',(-1.996266658714,19.643274516881));
#2146 = CARTESIAN_POINT('',(-0.219077862358,24.526060604977));
#2147 = CARTESIAN_POINT('',(1.558110933998,29.408846693073));
#2148 = CARTESIAN_POINT('',(4.898133329357,25.42836300406));
#2149 = ( GEOMETRIC_REPRESENTATION_CONTEXT(2) 
PARAMETRIC_REPRESENTATION_CONTEXT() REPRESENTATION_CONTEXT('2D SPACE',''
  ) );
#2150 = ORIENTED_EDGE('',*,*,#2151,.T.);
#2151 = EDGE_CURVE('',#2124,#2152,#2154,.T.);
#2152 = VERTEX_POINT('',#2153);
#2153 = CARTESIAN_POINT('',(363.92836282906,-14.20309262373,
    -9.158720430374));
#2154 = SURFACE_CURVE('',#2155,(#2159,#2165),.PCURVE_S1.);
#2155 = LINE('',#2156,#2157);
#2156 = CARTESIAN_POINT('',(363.92836282906,-11.17329123339,
    -7.74590083937));
#2157 = VECTOR('',#2158,1.);
#2158 = DIRECTION('',(0.,-0.906307787037,-0.422618261741));
#2159 = PCURVE('',#2031,#2160);
#2160 = DEFINITIONAL_REPRESENTATION('',(#2161),#2164);
#2161 = B_SPLINE_CURVE_WITH_KNOTS('',1,(#2162,#2163),.UNSPECIFIED.,.F.,
  .F.,(2,2),(0.,3.343015952943),.PIECEWISE_BEZIER_KNOTS.);
#2162 = CARTESIAN_POINT('',(6.981317007977,0.));
#2163 = CARTESIAN_POINT('',(6.981317007977,3.343015952943));
#2164 = ( GEOMETRIC_REPRESENTATION_CONTEXT(2) 
PARAMETRIC_REPRESENTATION_CONTEXT() REPRESENTATION_CONTEXT('2D SPACE',''
  ) );
#2165 = PCURVE('',#2166,#2171);
#2166 = PLANE('',#2167);
#2167 = AXIS2_PLACEMENT_3D('',#2168,#2169,#2170);
#2168 = CARTESIAN_POINT('',(366.66717148058,-12.14452434629,
    -5.663084707325));
#2169 = DIRECTION('',(-0.642787609687,-0.323744370967,0.694272044015));
#2170 = DIRECTION('',(0.766044443119,-0.271653782274,0.58256341607));
#2171 = DEFINITIONAL_REPRESENTATION('',(#2172),#2176);
#2172 = LINE('',#2173,#2174);
#2173 = CARTESIAN_POINT('',(-3.575260777783,4.440892098501E-16));
#2174 = VECTOR('',#2175,1.);
#2175 = DIRECTION('',(-0.,-1.));
#2176 = ( GEOMETRIC_REPRESENTATION_CONTEXT(2) 
PARAMETRIC_REPRESENTATION_CONTEXT() REPRESENTATION_CONTEXT('2D SPACE',''
  ) );
#2177 = ORIENTED_EDGE('',*,*,#2178,.F.);
#2178 = EDGE_CURVE('',#2017,#2152,#2179,.T.);
#2179 = SURFACE_CURVE('',#2180,(#2195,#2224),.PCURVE_S1.);
#2180 = B_SPLINE_CURVE_WITH_KNOTS('',7,(#2181,#2182,#2183,#2184,#2185,
    #2186,#2187,#2188,#2189,#2190,#2191,#2192,#2193,#2194),
  .UNSPECIFIED.,.F.,.F.,(8,6,8),(0.,1.,2.317201682321),.UNSPECIFIED.);
#2181 = CARTESIAN_POINT('',(360.50333704529,-14.03544712551,
    -9.413619069561));
#2182 = CARTESIAN_POINT('',(360.70514207572,-13.96996029904,
    -9.511258126714));
#2183 = CARTESIAN_POINT('',(360.9134324596,-13.91520871447,-9.5911781824
    ));
#2184 = CARTESIAN_POINT('',(361.12641323797,-13.87134444001,
    -9.654238325083));
#2185 = CARTESIAN_POINT('',(361.34266821062,-13.83842750366,
    -9.701091762703));
#2186 = CARTESIAN_POINT('',(361.56103448311,-13.81647422455,
    -9.732183940482));
#2187 = CARTESIAN_POINT('',(361.78048227655,-13.8054905753,
    -9.747739736738));
#2188 = CARTESIAN_POINT('',(362.28914911462,-13.8054905753,
    -9.747739736738));
#2189 = CARTESIAN_POINT('',(362.57800679856,-13.82454632353,
    -9.72075148504));
#2190 = CARTESIAN_POINT('',(362.86442745415,-13.86259250917,
    -9.666867819567));
#2191 = CARTESIAN_POINT('',(363.14608978494,-13.91962574531,
    -9.585387042635));
#2192 = CARTESIAN_POINT('',(363.42015395265,-13.99563100751,
    -9.474935121832));
#2193 = CARTESIAN_POINT('',(363.68278200723,-14.09037051882,
    -9.333526781205));
#2194 = CARTESIAN_POINT('',(363.92836282906,-14.20309262373,
    -9.158720430374));
#2195 = PCURVE('',#2031,#2196);
#2196 = DEFINITIONAL_REPRESENTATION('',(#2197),#2223);
#2197 = B_SPLINE_CURVE_WITH_KNOTS('',3,(#2198,#2199,#2200,#2201,#2202,
    #2203,#2204,#2205,#2206,#2207,#2208,#2209,#2210,#2211,#2212,#2213,
    #2214,#2215,#2216,#2217,#2218,#2219,#2220,#2221,#2222),
  .UNSPECIFIED.,.F.,.F.,(4,1,1,1,1,1,1,1,1,1,1,1,1,1,1,1,1,1,1,1,1,1,4),
  (0.,0.105327349196,0.210654698393,0.315982047589,0.421309396786,
    0.526636745982,0.631964095178,0.737291444375,0.842618793571,
    0.947946142768,1.053273491964,1.15860084116,1.263928190357,
    1.369255539553,1.47458288875,1.579910237946,1.685237587142,
    1.790564936339,1.895892285535,2.001219634732,2.106546983928,
    2.211874333124,2.317201682321),.QUASI_UNIFORM_KNOTS.);
#2198 = CARTESIAN_POINT('',(5.760870485374,3.298802352265));
#2199 = CARTESIAN_POINT('',(5.779945684489,3.294355843396));
#2200 = CARTESIAN_POINT('',(5.817856403112,3.285816003243));
#2201 = CARTESIAN_POINT('',(5.874085863645,3.274162416241));
#2202 = CARTESIAN_POINT('',(5.929762441529,3.263767651644));
#2203 = CARTESIAN_POINT('',(5.984965274875,3.25471332816));
#2204 = CARTESIAN_POINT('',(6.039771574381,3.247068696742));
#2205 = CARTESIAN_POINT('',(6.094256819007,3.240889581632));
#2206 = CARTESIAN_POINT('',(6.148495321039,3.236219755475));
#2207 = CARTESIAN_POINT('',(6.202561059596,3.233091549079));
#2208 = CARTESIAN_POINT('',(6.256526572068,3.231526337823));
#2209 = CARTESIAN_POINT('',(6.310469078561,3.2315355361));
#2210 = CARTESIAN_POINT('',(6.364421935872,3.233118429427));
#2211 = CARTESIAN_POINT('',(6.418468398522,3.236262820412));
#2212 = CARTESIAN_POINT('',(6.472684046408,3.240946898937));
#2213 = CARTESIAN_POINT('',(6.527145646541,3.247138244074));
#2214 = CARTESIAN_POINT('',(6.581929584194,3.254793296245));
#2215 = CARTESIAN_POINT('',(6.637113023382,3.263856499479));
#2216 = CARTESIAN_POINT('',(6.692774293851,3.274259364031));
#2217 = CARTESIAN_POINT('',(6.748993500246,3.285919322838));
#2218 = CARTESIAN_POINT('',(6.805853051921,3.298738712004));
#2219 = CARTESIAN_POINT('',(6.863438536377,3.312602755431));
#2220 = CARTESIAN_POINT('',(6.921838792056,3.327380777294));
#2221 = CARTESIAN_POINT('',(6.961379339168,3.337736886966));
#2222 = CARTESIAN_POINT('',(6.981317007977,3.343015952943));
#2223 = ( GEOMETRIC_REPRESENTATION_CONTEXT(2) 
PARAMETRIC_REPRESENTATION_CONTEXT() REPRESENTATION_CONTEXT('2D SPACE',''
  ) );
#2224 = PCURVE('',#1824,#2225);
#2225 = DEFINITIONAL_REPRESENTATION('',(#2226),#2252);
#2226 = B_SPLINE_CURVE_WITH_KNOTS('',3,(#2227,#2228,#2229,#2230,#2231,
    #2232,#2233,#2234,#2235,#2236,#2237,#2238,#2239,#2240,#2241,#2242,
    #2243,#2244,#2245,#2246,#2247,#2248,#2249,#2250,#2251),
  .UNSPECIFIED.,.F.,.F.,(4,1,1,1,1,1,1,1,1,1,1,1,1,1,1,1,1,1,1,1,1,1,4),
  (0.,0.105327349196,0.210654698393,0.315982047589,0.421309396786,
    0.526636745982,0.631964095178,0.737291444375,0.842618793571,
    0.947946142768,1.053273491964,1.15860084116,1.263928190357,
    1.369255539553,1.47458288875,1.579910237946,1.685237587142,
    1.790564936339,1.895892285535,2.001219634732,2.106546983928,
    2.211874333124,2.317201682321),.QUASI_UNIFORM_KNOTS.);
#2227 = CARTESIAN_POINT('',(3.732384565073,11.50333704529));
#2228 = CARTESIAN_POINT('',(3.734094175157,11.552936275177));
#2229 = CARTESIAN_POINT('',(3.737323472523,11.653131046474));
#2230 = CARTESIAN_POINT('',(3.741605556675,11.806028454678));
#2231 = CARTESIAN_POINT('',(3.745334030523,11.961134919784));
#2232 = CARTESIAN_POINT('',(3.748515937873,12.118098036056));
#2233 = CARTESIAN_POINT('',(3.751157483318,12.276588987851));
#2234 = CARTESIAN_POINT('',(3.753263880252,12.436302998417));
#2235 = CARTESIAN_POINT('',(3.754839338152,12.596953904879));
#2236 = CARTESIAN_POINT('',(3.75588699403,12.758271798425));
#2237 = CARTESIAN_POINT('',(3.756408910483,12.919994494807));
#2238 = CARTESIAN_POINT('',(3.756405847124,13.081880835659));
#2239 = CARTESIAN_POINT('',(3.755878014541,13.243560163443));
#2240 = CARTESIAN_POINT('',(3.754824870691,13.404809938848));
#2241 = CARTESIAN_POINT('',(3.753244454815,13.565377800444));
#2242 = CARTESIAN_POINT('',(3.751133625623,13.725002842464));
#2243 = CARTESIAN_POINT('',(3.748488088561,13.883405610701));
#2244 = CARTESIAN_POINT('',(3.745302481647,14.040286171084));
#2245 = CARTESIAN_POINT('',(3.7415704486,14.195319736759));
#2246 = CARTESIAN_POINT('',(3.737284716891,14.348152455399));
#2247 = CARTESIAN_POINT('',(3.732437183111,14.498397363694));
#2248 = CARTESIAN_POINT('',(3.727018979858,14.645627779159));
#2249 = CARTESIAN_POINT('',(3.721020626092,14.789378941337));
#2250 = CARTESIAN_POINT('',(3.716628128579,14.882537836213));
#2251 = CARTESIAN_POINT('',(3.714331810309,14.92836282906));
#2252 = ( GEOMETRIC_REPRESENTATION_CONTEXT(2) 
PARAMETRIC_REPRESENTATION_CONTEXT() REPRESENTATION_CONTEXT('2D SPACE',''
  ) );
#2253 = ADVANCED_FACE('',(#2254),#2166,.F.);
#2254 = FACE_BOUND('',#2255,.T.);
#2255 = EDGE_LOOP('',(#2256,#2279,#2307,#2332));
#2256 = ORIENTED_EDGE('',*,*,#2257,.F.);
#2257 = EDGE_CURVE('',#2258,#2124,#2260,.T.);
#2258 = VERTEX_POINT('',#2259);
#2259 = CARTESIAN_POINT('',(366.66717148058,-12.14452434629,
    -5.663084707325));
#2260 = SURFACE_CURVE('',#2261,(#2265,#2272),.PCURVE_S1.);
#2261 = LINE('',#2262,#2263);
#2262 = CARTESIAN_POINT('',(366.66717148058,-12.14452434629,
    -5.663084707325));
#2263 = VECTOR('',#2264,1.);
#2264 = DIRECTION('',(-0.766044443119,0.271653782274,-0.58256341607));
#2265 = PCURVE('',#2166,#2266);
#2266 = DEFINITIONAL_REPRESENTATION('',(#2267),#2271);
#2267 = LINE('',#2268,#2269);
#2268 = CARTESIAN_POINT('',(-0.,0.));
#2269 = VECTOR('',#2270,1.);
#2270 = DIRECTION('',(-1.,0.));
#2271 = ( GEOMETRIC_REPRESENTATION_CONTEXT(2) 
PARAMETRIC_REPRESENTATION_CONTEXT() REPRESENTATION_CONTEXT('2D SPACE',''
  ) );
#2272 = PCURVE('',#1771,#2273);
#2273 = DEFINITIONAL_REPRESENTATION('',(#2274),#2278);
#2274 = LINE('',#2275,#2276);
#2275 = CARTESIAN_POINT('',(2.6,28.167171655581));
#2276 = VECTOR('',#2277,1.);
#2277 = DIRECTION('',(0.642787609687,-0.766044443119));
#2278 = ( GEOMETRIC_REPRESENTATION_CONTEXT(2) 
PARAMETRIC_REPRESENTATION_CONTEXT() REPRESENTATION_CONTEXT('2D SPACE',''
  ) );
#2279 = ORIENTED_EDGE('',*,*,#2280,.T.);
#2280 = EDGE_CURVE('',#2258,#2281,#2283,.T.);
#2281 = VERTEX_POINT('',#2282);
#2282 = CARTESIAN_POINT('',(366.66717148058,-15.31660160091,
    -7.142248623418));
#2283 = SURFACE_CURVE('',#2284,(#2288,#2295),.PCURVE_S1.);
#2284 = LINE('',#2285,#2286);
#2285 = CARTESIAN_POINT('',(366.66717148058,-12.14452434629,
    -5.663084707325));
#2286 = VECTOR('',#2287,1.);
#2287 = DIRECTION('',(0.,-0.906307787037,-0.422618261741));
#2288 = PCURVE('',#2166,#2289);
#2289 = DEFINITIONAL_REPRESENTATION('',(#2290),#2294);
#2290 = LINE('',#2291,#2292);
#2291 = CARTESIAN_POINT('',(-0.,0.));
#2292 = VECTOR('',#2293,1.);
#2293 = DIRECTION('',(-0.,-1.));
#2294 = ( GEOMETRIC_REPRESENTATION_CONTEXT(2) 
PARAMETRIC_REPRESENTATION_CONTEXT() REPRESENTATION_CONTEXT('2D SPACE',''
  ) );
#2295 = PCURVE('',#2296,#2301);
#2296 = PLANE('',#2297);
#2297 = AXIS2_PLACEMENT_3D('',#2298,#2299,#2300);
#2298 = CARTESIAN_POINT('',(363.92836282906,-13.11575745919,
    -3.580268575281));
#2299 = DIRECTION('',(-0.642787609687,0.323744370967,-0.694272044015));
#2300 = DIRECTION('',(-0.766044443119,-0.271653782274,0.58256341607));
#2301 = DEFINITIONAL_REPRESENTATION('',(#2302),#2306);
#2302 = LINE('',#2303,#2304);
#2303 = CARTESIAN_POINT('',(-3.575260777783,4.440892098501E-16));
#2304 = VECTOR('',#2305,1.);
#2305 = DIRECTION('',(-0.,-1.));
#2306 = ( GEOMETRIC_REPRESENTATION_CONTEXT(2) 
PARAMETRIC_REPRESENTATION_CONTEXT() REPRESENTATION_CONTEXT('2D SPACE',''
  ) );
#2307 = ORIENTED_EDGE('',*,*,#2308,.F.);
#2308 = EDGE_CURVE('',#2152,#2281,#2309,.T.);
#2309 = SURFACE_CURVE('',#2310,(#2315,#2322),.PCURVE_S1.);
#2310 = ELLIPSE('',#2311,26.291732673941,16.9);
#2311 = AXIS2_PLACEMENT_3D('',#2312,#2313,#2314);
#2312 = CARTESIAN_POINT('',(366.66717148058,0.,0.));
#2313 = DIRECTION('',(-0.642787609687,-0.323744370967,0.694272044015));
#2314 = DIRECTION('',(0.766044443119,-0.271653782274,0.58256341607));
#2315 = PCURVE('',#2166,#2316);
#2316 = DEFINITIONAL_REPRESENTATION('',(#2317),#2321);
#2317 = ELLIPSE('',#2318,26.291732673941,16.9);
#2318 = AXIS2_PLACEMENT_2D('',#2319,#2320);
#2319 = CARTESIAN_POINT('',(-8.881784197001E-16,13.4));
#2320 = DIRECTION('',(1.,5.551115123126E-17));
#2321 = ( GEOMETRIC_REPRESENTATION_CONTEXT(2) 
PARAMETRIC_REPRESENTATION_CONTEXT() REPRESENTATION_CONTEXT('2D SPACE',''
  ) );
#2322 = PCURVE('',#1824,#2323);
#2323 = DEFINITIONAL_REPRESENTATION('',(#2324),#2331);
#2324 = B_SPLINE_CURVE_WITH_KNOTS('',5,(#2325,#2326,#2327,#2328,#2329,
    #2330),.UNSPECIFIED.,.F.,.F.,(6,6),(4.562242827382,4.725987821584),
  .PIECEWISE_BEZIER_KNOTS.);
#2325 = CARTESIAN_POINT('',(3.728071119591,14.654481963907));
#2326 = CARTESIAN_POINT('',(3.695322120751,15.30664677079));
#2327 = CARTESIAN_POINT('',(3.662573121911,15.962850452062));
#2328 = CARTESIAN_POINT('',(3.62982412307,16.621635837511));
#2329 = CARTESIAN_POINT('',(3.59707512423,17.281527677212));
#2330 = CARTESIAN_POINT('',(3.56432612539,17.941052345733));
#2331 = ( GEOMETRIC_REPRESENTATION_CONTEXT(2) 
PARAMETRIC_REPRESENTATION_CONTEXT() REPRESENTATION_CONTEXT('2D SPACE',''
  ) );
#2332 = ORIENTED_EDGE('',*,*,#2151,.F.);
#2333 = ADVANCED_FACE('',(#2334),#2296,.F.);
#2334 = FACE_BOUND('',#2335,.T.);
#2335 = EDGE_LOOP('',(#2336,#2359,#2382,#2407));
#2336 = ORIENTED_EDGE('',*,*,#2337,.F.);
#2337 = EDGE_CURVE('',#2338,#2258,#2340,.T.);
#2338 = VERTEX_POINT('',#2339);
#2339 = CARTESIAN_POINT('',(363.92836282906,-13.11575745919,
    -3.580268575281));
#2340 = SURFACE_CURVE('',#2341,(#2345,#2352),.PCURVE_S1.);
#2341 = LINE('',#2342,#2343);
#2342 = CARTESIAN_POINT('',(363.92836282906,-13.11575745919,
    -3.580268575281));
#2343 = VECTOR('',#2344,1.);
#2344 = DIRECTION('',(0.766044443119,0.271653782274,-0.58256341607));
#2345 = PCURVE('',#2296,#2346);
#2346 = DEFINITIONAL_REPRESENTATION('',(#2347),#2351);
#2347 = LINE('',#2348,#2349);
#2348 = CARTESIAN_POINT('',(-0.,0.));
#2349 = VECTOR('',#2350,1.);
#2350 = DIRECTION('',(-1.,0.));
#2351 = ( GEOMETRIC_REPRESENTATION_CONTEXT(2) 
PARAMETRIC_REPRESENTATION_CONTEXT() REPRESENTATION_CONTEXT('2D SPACE',''
  ) );
#2352 = PCURVE('',#1771,#2353);
#2353 = DEFINITIONAL_REPRESENTATION('',(#2354),#2358);
#2354 = LINE('',#2355,#2356);
#2355 = CARTESIAN_POINT('',(0.301866670643,25.42836300406));
#2356 = VECTOR('',#2357,1.);
#2357 = DIRECTION('',(0.642787609687,0.766044443119));
#2358 = ( GEOMETRIC_REPRESENTATION_CONTEXT(2) 
PARAMETRIC_REPRESENTATION_CONTEXT() REPRESENTATION_CONTEXT('2D SPACE',''
  ) );
#2359 = ORIENTED_EDGE('',*,*,#2360,.T.);
#2360 = EDGE_CURVE('',#2338,#2361,#2363,.T.);
#2361 = VERTEX_POINT('',#2362);
#2362 = CARTESIAN_POINT('',(363.92836282906,-16.14555884953,
    -4.993088166285));
#2363 = SURFACE_CURVE('',#2364,(#2368,#2375),.PCURVE_S1.);
#2364 = LINE('',#2365,#2366);
#2365 = CARTESIAN_POINT('',(363.92836282906,-13.11575745919,
    -3.580268575281));
#2366 = VECTOR('',#2367,1.);
#2367 = DIRECTION('',(0.,-0.906307787037,-0.422618261741));
#2368 = PCURVE('',#2296,#2369);
#2369 = DEFINITIONAL_REPRESENTATION('',(#2370),#2374);
#2370 = LINE('',#2371,#2372);
#2371 = CARTESIAN_POINT('',(-0.,0.));
#2372 = VECTOR('',#2373,1.);
#2373 = DIRECTION('',(-0.,-1.));
#2374 = ( GEOMETRIC_REPRESENTATION_CONTEXT(2) 
PARAMETRIC_REPRESENTATION_CONTEXT() REPRESENTATION_CONTEXT('2D SPACE',''
  ) );
#2375 = PCURVE('',#1798,#2376);
#2376 = DEFINITIONAL_REPRESENTATION('',(#2377),#2381);
#2377 = LINE('',#2378,#2379);
#2378 = CARTESIAN_POINT('',(2.443460952792,0.));
#2379 = VECTOR('',#2380,1.);
#2380 = DIRECTION('',(0.,1.));
#2381 = ( GEOMETRIC_REPRESENTATION_CONTEXT(2) 
PARAMETRIC_REPRESENTATION_CONTEXT() REPRESENTATION_CONTEXT('2D SPACE',''
  ) );
#2382 = ORIENTED_EDGE('',*,*,#2383,.F.);
#2383 = EDGE_CURVE('',#2281,#2361,#2384,.T.);
#2384 = SURFACE_CURVE('',#2385,(#2390,#2397),.PCURVE_S1.);
#2385 = ELLIPSE('',#2386,26.291732673941,16.9);
#2386 = AXIS2_PLACEMENT_3D('',#2387,#2388,#2389);
#2387 = CARTESIAN_POINT('',(366.66717148058,0.,0.));
#2388 = DIRECTION('',(-0.642787609687,0.323744370967,-0.694272044015));
#2389 = DIRECTION('',(0.766044443119,0.271653782274,-0.58256341607));
#2390 = PCURVE('',#2296,#2391);
#2391 = DEFINITIONAL_REPRESENTATION('',(#2392),#2396);
#2392 = ELLIPSE('',#2393,26.291732673941,16.9);
#2393 = AXIS2_PLACEMENT_2D('',#2394,#2395);
#2394 = CARTESIAN_POINT('',(-3.575260777783,13.4));
#2395 = DIRECTION('',(-1.,-5.551115123126E-17));
#2396 = ( GEOMETRIC_REPRESENTATION_CONTEXT(2) 
PARAMETRIC_REPRESENTATION_CONTEXT() REPRESENTATION_CONTEXT('2D SPACE',''
  ) );
#2397 = PCURVE('',#1824,#2398);
#2398 = DEFINITIONAL_REPRESENTATION('',(#2399),#2406);
#2399 = B_SPLINE_CURVE_WITH_KNOTS('',5,(#2400,#2401,#2402,#2403,#2404,
    #2405),.UNSPECIFIED.,.F.,.F.,(6,6),(1.557197485596,1.720942479798),
  .PIECEWISE_BEZIER_KNOTS.);
#2400 = CARTESIAN_POINT('',(3.591523807787,17.941052345733));
#2401 = CARTESIAN_POINT('',(3.558774808947,17.281527677211));
#2402 = CARTESIAN_POINT('',(3.526025810107,16.621635837511));
#2403 = CARTESIAN_POINT('',(3.493276811266,15.962850452062));
#2404 = CARTESIAN_POINT('',(3.460527812426,15.30664677079));
#2405 = CARTESIAN_POINT('',(3.427778813586,14.654481963907));
#2406 = ( GEOMETRIC_REPRESENTATION_CONTEXT(2) 
PARAMETRIC_REPRESENTATION_CONTEXT() REPRESENTATION_CONTEXT('2D SPACE',''
  ) );
#2407 = ORIENTED_EDGE('',*,*,#2280,.F.);
#2408 = ADVANCED_FACE('',(#2409),#2080,.F.);
#2409 = FACE_BOUND('',#2410,.F.);
#2410 = EDGE_LOOP('',(#2411,#2412,#2436,#2468));
#2411 = ORIENTED_EDGE('',*,*,#2063,.F.);
#2412 = ORIENTED_EDGE('',*,*,#2413,.T.);
#2413 = EDGE_CURVE('',#2064,#2414,#2416,.T.);
#2414 = VERTEX_POINT('',#2415);
#2415 = CARTESIAN_POINT('',(348.1,14.727769124697,-9.736454119687));
#2416 = SURFACE_CURVE('',#2417,(#2422,#2429),.PCURVE_S1.);
#2417 = CIRCLE('',#2418,17.65518966806);
#2418 = AXIS2_PLACEMENT_3D('',#2419,#2420,#2421);
#2419 = CARTESIAN_POINT('',(348.1,0.,0.));
#2420 = DIRECTION('',(1.,0.,0.));
#2421 = DIRECTION('',(0.,0.958663396087,-0.284542603141));
#2422 = PCURVE('',#2080,#2423);
#2423 = DEFINITIONAL_REPRESENTATION('',(#2424),#2428);
#2424 = LINE('',#2425,#2426);
#2425 = CARTESIAN_POINT('',(-5.994656032165,-1.423919505559));
#2426 = VECTOR('',#2427,1.);
#2427 = DIRECTION('',(-1.,-0.));
#2428 = ( GEOMETRIC_REPRESENTATION_CONTEXT(2) 
PARAMETRIC_REPRESENTATION_CONTEXT() REPRESENTATION_CONTEXT('2D SPACE',''
  ) );
#2429 = PCURVE('',#2108,#2430);
#2430 = DEFINITIONAL_REPRESENTATION('',(#2431),#2435);
#2431 = CIRCLE('',#2432,17.65518966806);
#2432 = AXIS2_PLACEMENT_2D('',#2433,#2434);
#2433 = CARTESIAN_POINT('',(0.,0.));
#2434 = DIRECTION('',(-0.284542603141,-0.958663396087));
#2435 = ( GEOMETRIC_REPRESENTATION_CONTEXT(2) 
PARAMETRIC_REPRESENTATION_CONTEXT() REPRESENTATION_CONTEXT('2D SPACE',''
  ) );
#2436 = ORIENTED_EDGE('',*,*,#2437,.T.);
#2437 = EDGE_CURVE('',#2414,#2438,#2440,.T.);
#2438 = VERTEX_POINT('',#2439);
#2439 = CARTESIAN_POINT('',(349.,14.035447125518,-9.413619069561));
#2440 = SURFACE_CURVE('',#2441,(#2446,#2456),.PCURVE_S1.);
#2441 = HYPERBOLA('',#2442,3.098559340745,2.6);
#2442 = AXIS2_PLACEMENT_3D('',#2443,#2444,#2445);
#2443 = CARTESIAN_POINT('',(369.14063571484,-1.098807480526,
    -2.356400246295));
#2444 = DIRECTION('',(0.,0.422618261741,0.906307787037));
#2445 = DIRECTION('',(-1.,0.,0.));
#2446 = PCURVE('',#2080,#2447);
#2447 = DEFINITIONAL_REPRESENTATION('',(#2448),#2455);
#2448 = B_SPLINE_CURVE_WITH_KNOTS('',5,(#2449,#2450,#2451,#2452,#2453,
    #2454),.UNSPECIFIED.,.F.,.F.,(6,6),(-2.603199094905,-2.558978977029)
  ,.PIECEWISE_BEZIER_KNOTS.);
#2449 = CARTESIAN_POINT('',(-11.98223526337,-1.423919505559));
#2450 = CARTESIAN_POINT('',(-11.98093284399,-1.607974511586));
#2451 = CARTESIAN_POINT('',(-11.9796161833,-1.78997235486));
#2452 = CARTESIAN_POINT('',(-11.97828507829,-1.969943027401));
#2453 = CARTESIAN_POINT('',(-11.97693932188,-2.147915850933));
#2454 = CARTESIAN_POINT('',(-11.97557870287,-2.323919505559));
#2455 = ( GEOMETRIC_REPRESENTATION_CONTEXT(2) 
PARAMETRIC_REPRESENTATION_CONTEXT() REPRESENTATION_CONTEXT('2D SPACE',''
  ) );
#2456 = PCURVE('',#2457,#2462);
#2457 = PLANE('',#2458);
#2458 = AXIS2_PLACEMENT_3D('',#2459,#2460,#2461);
#2459 = CARTESIAN_POINT('',(338.49999985,11.045716865765,-8.019484953621
    ));
#2460 = DIRECTION('',(0.,0.422618261741,0.906307787037));
#2461 = DIRECTION('',(1.,0.,0.));
#2462 = DEFINITIONAL_REPRESENTATION('',(#2463),#2467);
#2463 = ( BOUNDED_CURVE() B_SPLINE_CURVE(2,(#2464,#2465,#2466),
.UNSPECIFIED.,.F.,.F.) B_SPLINE_CURVE_WITH_KNOTS((3,3),(-2.603199094905,
-2.558978977029),.PIECEWISE_BEZIER_KNOTS.) CURVE() 
GEOMETRIC_REPRESENTATION_ITEM() RATIONAL_B_SPLINE_CURVE((1.,
1.000244437311,1.)) REPRESENTATION_ITEM('') );
#2464 = CARTESIAN_POINT('',(9.60000015,4.062695158971));
#2465 = CARTESIAN_POINT('',(10.060062699597,3.672401471741));
#2466 = CARTESIAN_POINT('',(10.50000015,3.298802352265));
#2467 = ( GEOMETRIC_REPRESENTATION_CONTEXT(2) 
PARAMETRIC_REPRESENTATION_CONTEXT() REPRESENTATION_CONTEXT('2D SPACE',''
  ) );
#2468 = ORIENTED_EDGE('',*,*,#2469,.F.);
#2469 = EDGE_CURVE('',#2043,#2438,#2470,.T.);
#2470 = SURFACE_CURVE('',#2471,(#2476,#2482),.PCURVE_S1.);
#2471 = CIRCLE('',#2472,16.9);
#2472 = AXIS2_PLACEMENT_3D('',#2473,#2474,#2475);
#2473 = CARTESIAN_POINT('',(349.,0.,0.));
#2474 = DIRECTION('',(1.,0.,0.));
#2475 = DIRECTION('',(-0.,1.,0.));
#2476 = PCURVE('',#2080,#2477);
#2477 = DEFINITIONAL_REPRESENTATION('',(#2478),#2481);
#2478 = B_SPLINE_CURVE_WITH_KNOTS('',1,(#2479,#2480),.UNSPECIFIED.,.F.,
  .F.,(2,2),(0.,5.692393395697),.PIECEWISE_BEZIER_KNOTS.);
#2479 = CARTESIAN_POINT('',(-6.28318530718,-2.323919505559));
#2480 = CARTESIAN_POINT('',(-11.97557870287,-2.323919505559));
#2481 = ( GEOMETRIC_REPRESENTATION_CONTEXT(2) 
PARAMETRIC_REPRESENTATION_CONTEXT() REPRESENTATION_CONTEXT('2D SPACE',''
  ) );
#2482 = PCURVE('',#1824,#2483);
#2483 = DEFINITIONAL_REPRESENTATION('',(#2484),#2488);
#2484 = LINE('',#2485,#2486);
#2485 = CARTESIAN_POINT('',(0.,0.));
#2486 = VECTOR('',#2487,1.);
#2487 = DIRECTION('',(1.,0.));
#2488 = ( GEOMETRIC_REPRESENTATION_CONTEXT(2) 
PARAMETRIC_REPRESENTATION_CONTEXT() REPRESENTATION_CONTEXT('2D SPACE',''
  ) );
#2489 = ADVANCED_FACE('',(#2490),#2457,.F.);
#2490 = FACE_BOUND('',#2491,.F.);
#2491 = EDGE_LOOP('',(#2492,#2515,#2543,#2571,#2597,#2616,#2617));
#2492 = ORIENTED_EDGE('',*,*,#2493,.F.);
#2493 = EDGE_CURVE('',#2494,#2496,#2498,.T.);
#2494 = VERTEX_POINT('',#2495);
#2495 = CARTESIAN_POINT('',(338.499999925,14.67719717425,-9.712872031906
    ));
#2496 = VERTEX_POINT('',#2497);
#2497 = CARTESIAN_POINT('',(348.1,14.67719717425,-9.712872031906));
#2498 = SURFACE_CURVE('',#2499,(#2503,#2509),.PCURVE_S1.);
#2499 = LINE('',#2500,#2501);
#2500 = CARTESIAN_POINT('',(337.5,14.67719717425,-9.712872031906));
#2501 = VECTOR('',#2502,1.);
#2502 = DIRECTION('',(1.,0.,0.));
#2503 = PCURVE('',#2457,#2504);
#2504 = DEFINITIONAL_REPRESENTATION('',(#2505),#2508);
#2505 = B_SPLINE_CURVE_WITH_KNOTS('',1,(#2506,#2507),.UNSPECIFIED.,.F.,
  .F.,(2,2),(0.99999935,10.6000006),.PIECEWISE_BEZIER_KNOTS.);
#2506 = CARTESIAN_POINT('',(-4.999999987376E-07,4.006895185529));
#2507 = CARTESIAN_POINT('',(9.60000075,4.006895185529));
#2508 = ( GEOMETRIC_REPRESENTATION_CONTEXT(2) 
PARAMETRIC_REPRESENTATION_CONTEXT() REPRESENTATION_CONTEXT('2D SPACE',''
  ) );
#2509 = PCURVE('',#1981,#2510);
#2510 = DEFINITIONAL_REPRESENTATION('',(#2511),#2514);
#2511 = B_SPLINE_CURVE_WITH_KNOTS('',1,(#2512,#2513),.UNSPECIFIED.,.F.,
  .F.,(2,2),(0.999999925,10.6),.PIECEWISE_BEZIER_KNOTS.);
#2512 = CARTESIAN_POINT('',(10.410972038273,0.999999925));
#2513 = CARTESIAN_POINT('',(10.410972038273,10.6));
#2514 = ( GEOMETRIC_REPRESENTATION_CONTEXT(2) 
PARAMETRIC_REPRESENTATION_CONTEXT() REPRESENTATION_CONTEXT('2D SPACE',''
  ) );
#2515 = ORIENTED_EDGE('',*,*,#2516,.F.);
#2516 = EDGE_CURVE('',#2517,#2494,#2519,.T.);
#2517 = VERTEX_POINT('',#2518);
#2518 = CARTESIAN_POINT('',(338.49999985,11.045716865765,-8.019484953621
    ));
#2519 = SURFACE_CURVE('',#2520,(#2524,#2531),.PCURVE_S1.);
#2520 = LINE('',#2521,#2522);
#2521 = CARTESIAN_POINT('',(338.49999985,11.045716865765,-8.019484953621
    ));
#2522 = VECTOR('',#2523,1.);
#2523 = DIRECTION('',(0.,0.906307787037,-0.422618261741));
#2524 = PCURVE('',#2457,#2525);
#2525 = DEFINITIONAL_REPRESENTATION('',(#2526),#2530);
#2526 = LINE('',#2527,#2528);
#2527 = CARTESIAN_POINT('',(0.,0.));
#2528 = VECTOR('',#2529,1.);
#2529 = DIRECTION('',(0.,1.));
#2530 = ( GEOMETRIC_REPRESENTATION_CONTEXT(2) 
PARAMETRIC_REPRESENTATION_CONTEXT() REPRESENTATION_CONTEXT('2D SPACE',''
  ) );
#2531 = PCURVE('',#2532,#2537);
#2532 = PLANE('',#2533);
#2533 = AXIS2_PLACEMENT_3D('',#2534,#2535,#2536);
#2534 = CARTESIAN_POINT('',(338.49999985,11.045716865765,-8.019484953621
    ));
#2535 = DIRECTION('',(1.,0.,0.));
#2536 = DIRECTION('',(0.,0.422618261741,0.906307787037));
#2537 = DEFINITIONAL_REPRESENTATION('',(#2538),#2542);
#2538 = LINE('',#2539,#2540);
#2539 = CARTESIAN_POINT('',(0.,0.));
#2540 = VECTOR('',#2541,1.);
#2541 = DIRECTION('',(0.,-1.));
#2542 = ( GEOMETRIC_REPRESENTATION_CONTEXT(2) 
PARAMETRIC_REPRESENTATION_CONTEXT() REPRESENTATION_CONTEXT('2D SPACE',''
  ) );
#2543 = ORIENTED_EDGE('',*,*,#2544,.T.);
#2544 = EDGE_CURVE('',#2517,#2545,#2547,.T.);
#2545 = VERTEX_POINT('',#2546);
#2546 = CARTESIAN_POINT('',(360.50333704529,11.045716865765,
    -8.019484953621));
#2547 = SURFACE_CURVE('',#2548,(#2552,#2559),.PCURVE_S1.);
#2548 = LINE('',#2549,#2550);
#2549 = CARTESIAN_POINT('',(338.49999985,11.045716865765,-8.019484953621
    ));
#2550 = VECTOR('',#2551,1.);
#2551 = DIRECTION('',(1.,0.,0.));
#2552 = PCURVE('',#2457,#2553);
#2553 = DEFINITIONAL_REPRESENTATION('',(#2554),#2558);
#2554 = LINE('',#2555,#2556);
#2555 = CARTESIAN_POINT('',(0.,0.));
#2556 = VECTOR('',#2557,1.);
#2557 = DIRECTION('',(1.,0.));
#2558 = ( GEOMETRIC_REPRESENTATION_CONTEXT(2) 
PARAMETRIC_REPRESENTATION_CONTEXT() REPRESENTATION_CONTEXT('2D SPACE',''
  ) );
#2559 = PCURVE('',#2560,#2565);
#2560 = PLANE('',#2561);
#2561 = AXIS2_PLACEMENT_3D('',#2562,#2563,#2564);
#2562 = CARTESIAN_POINT('',(338.49999985,11.045716865765,-8.019484953621
    ));
#2563 = DIRECTION('',(0.,0.906307787037,-0.422618261741));
#2564 = DIRECTION('',(0.,0.422618261741,0.906307787037));
#2565 = DEFINITIONAL_REPRESENTATION('',(#2566),#2570);
#2566 = LINE('',#2567,#2568);
#2567 = CARTESIAN_POINT('',(0.,0.));
#2568 = VECTOR('',#2569,1.);
#2569 = DIRECTION('',(0.,1.));
#2570 = ( GEOMETRIC_REPRESENTATION_CONTEXT(2) 
PARAMETRIC_REPRESENTATION_CONTEXT() REPRESENTATION_CONTEXT('2D SPACE',''
  ) );
#2571 = ORIENTED_EDGE('',*,*,#2572,.T.);
#2572 = EDGE_CURVE('',#2545,#2573,#2575,.T.);
#2573 = VERTEX_POINT('',#2574);
#2574 = CARTESIAN_POINT('',(360.50333704529,14.035447125518,
    -9.413619069561));
#2575 = SURFACE_CURVE('',#2576,(#2580,#2586),.PCURVE_S1.);
#2576 = LINE('',#2577,#2578);
#2577 = CARTESIAN_POINT('',(360.50333704529,11.045716865765,
    -8.019484953621));
#2578 = VECTOR('',#2579,1.);
#2579 = DIRECTION('',(0.,0.906307787037,-0.422618261741));
#2580 = PCURVE('',#2457,#2581);
#2581 = DEFINITIONAL_REPRESENTATION('',(#2582),#2585);
#2582 = B_SPLINE_CURVE_WITH_KNOTS('',1,(#2583,#2584),.UNSPECIFIED.,.F.,
  .F.,(2,2),(-6.000000005708E-07,3.9000006),.PIECEWISE_BEZIER_KNOTS.);
#2583 = CARTESIAN_POINT('',(22.00333719529,-6.000000005708E-07));
#2584 = CARTESIAN_POINT('',(22.00333719529,3.9000006));
#2585 = ( GEOMETRIC_REPRESENTATION_CONTEXT(2) 
PARAMETRIC_REPRESENTATION_CONTEXT() REPRESENTATION_CONTEXT('2D SPACE',''
  ) );
#2586 = PCURVE('',#2587,#2592);
#2587 = CYLINDRICAL_SURFACE('',#2588,3.);
#2588 = AXIS2_PLACEMENT_3D('',#2589,#2590,#2591);
#2589 = CARTESIAN_POINT('',(362.,12.144524346291,-5.663084707325));
#2590 = DIRECTION('',(0.,0.906307787037,-0.422618261741));
#2591 = DIRECTION('',(0.,0.422618261741,0.906307787037));
#2592 = DEFINITIONAL_REPRESENTATION('',(#2593),#2596);
#2593 = B_SPLINE_CURVE_WITH_KNOTS('',1,(#2594,#2595),.UNSPECIFIED.,.F.,
  .F.,(2,2),(-6.000000005708E-07,3.9000006),.PIECEWISE_BEZIER_KNOTS.);
#2594 = CARTESIAN_POINT('',(3.663907475396,-6.000000010149E-07));
#2595 = CARTESIAN_POINT('',(3.663907475396,3.9000006));
#2596 = ( GEOMETRIC_REPRESENTATION_CONTEXT(2) 
PARAMETRIC_REPRESENTATION_CONTEXT() REPRESENTATION_CONTEXT('2D SPACE',''
  ) );
#2597 = ORIENTED_EDGE('',*,*,#2598,.F.);
#2598 = EDGE_CURVE('',#2438,#2573,#2599,.T.);
#2599 = SURFACE_CURVE('',#2600,(#2604,#2610),.PCURVE_S1.);
#2600 = LINE('',#2601,#2602);
#2601 = CARTESIAN_POINT('',(349.,14.035447125518,-9.413619069561));
#2602 = VECTOR('',#2603,1.);
#2603 = DIRECTION('',(1.,0.,0.));
#2604 = PCURVE('',#2457,#2605);
#2605 = DEFINITIONAL_REPRESENTATION('',(#2606),#2609);
#2606 = B_SPLINE_CURVE_WITH_KNOTS('',1,(#2607,#2608),.UNSPECIFIED.,.F.,
  .F.,(2,2),(-6.000000212225E-07,15.350000015),
  .PIECEWISE_BEZIER_KNOTS.);
#2607 = CARTESIAN_POINT('',(10.49999955,3.298802352265));
#2608 = CARTESIAN_POINT('',(25.850000165,3.298802352265));
#2609 = ( GEOMETRIC_REPRESENTATION_CONTEXT(2) 
PARAMETRIC_REPRESENTATION_CONTEXT() REPRESENTATION_CONTEXT('2D SPACE',''
  ) );
#2610 = PCURVE('',#1824,#2611);
#2611 = DEFINITIONAL_REPRESENTATION('',(#2612),#2615);
#2612 = B_SPLINE_CURVE_WITH_KNOTS('',1,(#2613,#2614),.UNSPECIFIED.,.F.,
  .F.,(2,2),(-6.000000212225E-07,15.350000015),
  .PIECEWISE_BEZIER_KNOTS.);
#2613 = CARTESIAN_POINT('',(5.692393395697,-6.000000212225E-07));
#2614 = CARTESIAN_POINT('',(5.692393395697,15.350000015));
#2615 = ( GEOMETRIC_REPRESENTATION_CONTEXT(2) 
PARAMETRIC_REPRESENTATION_CONTEXT() REPRESENTATION_CONTEXT('2D SPACE',''
  ) );
#2616 = ORIENTED_EDGE('',*,*,#2437,.F.);
#2617 = ORIENTED_EDGE('',*,*,#2618,.T.);
#2618 = EDGE_CURVE('',#2414,#2496,#2619,.T.);
#2619 = SURFACE_CURVE('',#2620,(#2624,#2630),.PCURVE_S1.);
#2620 = LINE('',#2621,#2622);
#2621 = CARTESIAN_POINT('',(348.1,4.97345469262,-5.187942599958));
#2622 = VECTOR('',#2623,1.);
#2623 = DIRECTION('',(0.,-0.906307787037,0.422618261741));
#2624 = PCURVE('',#2457,#2625);
#2625 = DEFINITIONAL_REPRESENTATION('',(#2626),#2629);
#2626 = B_SPLINE_CURVE_WITH_KNOTS('',1,(#2627,#2628),.UNSPECIFIED.,.F.,
  .F.,(2,2),(-11.4,-6.7),.PIECEWISE_BEZIER_KNOTS.);
#2627 = CARTESIAN_POINT('',(9.60000015,4.7));
#2628 = CARTESIAN_POINT('',(9.60000015,0.));
#2629 = ( GEOMETRIC_REPRESENTATION_CONTEXT(2) 
PARAMETRIC_REPRESENTATION_CONTEXT() REPRESENTATION_CONTEXT('2D SPACE',''
  ) );
#2630 = PCURVE('',#2108,#2631);
#2631 = DEFINITIONAL_REPRESENTATION('',(#2632),#2635);
#2632 = B_SPLINE_CURVE_WITH_KNOTS('',1,(#2633,#2634),.UNSPECIFIED.,.F.,
  .F.,(2,2),(-11.4,-6.7),.PIECEWISE_BEZIER_KNOTS.);
#2633 = CARTESIAN_POINT('',(-10.0057907838,-15.30536346483));
#2634 = CARTESIAN_POINT('',(-8.019484953621,-11.04571686576));
#2635 = ( GEOMETRIC_REPRESENTATION_CONTEXT(2) 
PARAMETRIC_REPRESENTATION_CONTEXT() REPRESENTATION_CONTEXT('2D SPACE',''
  ) );
#2636 = ADVANCED_FACE('',(#2637),#2532,.F.);
#2637 = FACE_BOUND('',#2638,.F.);
#2638 = EDGE_LOOP('',(#2639,#2662,#2683,#2684));
#2639 = ORIENTED_EDGE('',*,*,#2640,.F.);
#2640 = EDGE_CURVE('',#2641,#1081,#2643,.T.);
#2641 = VERTEX_POINT('',#2642);
#2642 = CARTESIAN_POINT('',(338.49999985,13.243331826817,-3.30668446103)
  );
#2643 = SURFACE_CURVE('',#2644,(#2648,#2655),.PCURVE_S1.);
#2644 = LINE('',#2645,#2646);
#2645 = CARTESIAN_POINT('',(338.49999985,13.243331826817,-3.30668446103)
  );
#2646 = VECTOR('',#2647,1.);
#2647 = DIRECTION('',(0.,0.906307787037,-0.422618261741));
#2648 = PCURVE('',#2532,#2649);
#2649 = DEFINITIONAL_REPRESENTATION('',(#2650),#2654);
#2650 = LINE('',#2651,#2652);
#2651 = CARTESIAN_POINT('',(5.2,-8.881784197001E-16));
#2652 = VECTOR('',#2653,1.);
#2653 = DIRECTION('',(0.,-1.));
#2654 = ( GEOMETRIC_REPRESENTATION_CONTEXT(2) 
PARAMETRIC_REPRESENTATION_CONTEXT() REPRESENTATION_CONTEXT('2D SPACE',''
  ) );
#2655 = PCURVE('',#1095,#2656);
#2656 = DEFINITIONAL_REPRESENTATION('',(#2657),#2661);
#2657 = LINE('',#2658,#2659);
#2658 = CARTESIAN_POINT('',(0.,0.));
#2659 = VECTOR('',#2660,1.);
#2660 = DIRECTION('',(0.,1.));
#2661 = ( GEOMETRIC_REPRESENTATION_CONTEXT(2) 
PARAMETRIC_REPRESENTATION_CONTEXT() REPRESENTATION_CONTEXT('2D SPACE',''
  ) );
#2662 = ORIENTED_EDGE('',*,*,#2663,.F.);
#2663 = EDGE_CURVE('',#2517,#2641,#2664,.T.);
#2664 = SURFACE_CURVE('',#2665,(#2669,#2676),.PCURVE_S1.);
#2665 = LINE('',#2666,#2667);
#2666 = CARTESIAN_POINT('',(338.49999985,11.045716865765,-8.019484953621
    ));
#2667 = VECTOR('',#2668,1.);
#2668 = DIRECTION('',(0.,0.422618261741,0.906307787037));
#2669 = PCURVE('',#2532,#2670);
#2670 = DEFINITIONAL_REPRESENTATION('',(#2671),#2675);
#2671 = LINE('',#2672,#2673);
#2672 = CARTESIAN_POINT('',(0.,0.));
#2673 = VECTOR('',#2674,1.);
#2674 = DIRECTION('',(1.,0.));
#2675 = ( GEOMETRIC_REPRESENTATION_CONTEXT(2) 
PARAMETRIC_REPRESENTATION_CONTEXT() REPRESENTATION_CONTEXT('2D SPACE',''
  ) );
#2676 = PCURVE('',#2560,#2677);
#2677 = DEFINITIONAL_REPRESENTATION('',(#2678),#2682);
#2678 = LINE('',#2679,#2680);
#2679 = CARTESIAN_POINT('',(0.,0.));
#2680 = VECTOR('',#2681,1.);
#2681 = DIRECTION('',(1.,0.));
#2682 = ( GEOMETRIC_REPRESENTATION_CONTEXT(2) 
PARAMETRIC_REPRESENTATION_CONTEXT() REPRESENTATION_CONTEXT('2D SPACE',''
  ) );
#2683 = ORIENTED_EDGE('',*,*,#2516,.T.);
#2684 = ORIENTED_EDGE('',*,*,#2685,.T.);
#2685 = EDGE_CURVE('',#2494,#1081,#2686,.T.);
#2686 = SURFACE_CURVE('',#2687,(#2692,#2699),.PCURVE_S1.);
#2687 = CIRCLE('',#2688,17.6);
#2688 = AXIS2_PLACEMENT_3D('',#2689,#2690,#2691);
#2689 = CARTESIAN_POINT('',(338.5,0.,0.));
#2690 = DIRECTION('',(1.,0.,0.));
#2691 = DIRECTION('',(-0.,0.,1.));
#2692 = PCURVE('',#2532,#2693);
#2693 = DEFINITIONAL_REPRESENTATION('',(#2694),#2698);
#2694 = CIRCLE('',#2695,17.6);
#2695 = AXIS2_PLACEMENT_2D('',#2696,#2697);
#2696 = CARTESIAN_POINT('',(2.6,13.4));
#2697 = DIRECTION('',(0.906307787037,0.422618261741));
#2698 = ( GEOMETRIC_REPRESENTATION_CONTEXT(2) 
PARAMETRIC_REPRESENTATION_CONTEXT() REPRESENTATION_CONTEXT('2D SPACE',''
  ) );
#2699 = PCURVE('',#43,#2700);
#2700 = DEFINITIONAL_REPRESENTATION('',(#2701),#2705);
#2701 = CIRCLE('',#2702,17.6);
#2702 = AXIS2_PLACEMENT_2D('',#2703,#2704);
#2703 = CARTESIAN_POINT('',(0.,0.));
#2704 = DIRECTION('',(1.,0.));
#2705 = ( GEOMETRIC_REPRESENTATION_CONTEXT(2) 
PARAMETRIC_REPRESENTATION_CONTEXT() REPRESENTATION_CONTEXT('2D SPACE',''
  ) );
#2706 = ADVANCED_FACE('',(#2707,#2890),#2560,.F.);
#2707 = FACE_BOUND('',#2708,.F.);
#2708 = EDGE_LOOP('',(#2709,#2710,#2711,#2734,#2762,#2789,#2812,#2840,
    #2868));
#2709 = ORIENTED_EDGE('',*,*,#2544,.F.);
#2710 = ORIENTED_EDGE('',*,*,#2663,.T.);
#2711 = ORIENTED_EDGE('',*,*,#2712,.T.);
#2712 = EDGE_CURVE('',#2641,#2713,#2715,.T.);
#2713 = VERTEX_POINT('',#2714);
#2714 = CARTESIAN_POINT('',(360.50333704529,13.243331826817,
    -3.30668446103));
#2715 = SURFACE_CURVE('',#2716,(#2720,#2727),.PCURVE_S1.);
#2716 = LINE('',#2717,#2718);
#2717 = CARTESIAN_POINT('',(338.49999985,13.243331826817,-3.30668446103)
  );
#2718 = VECTOR('',#2719,1.);
#2719 = DIRECTION('',(1.,0.,0.));
#2720 = PCURVE('',#2560,#2721);
#2721 = DEFINITIONAL_REPRESENTATION('',(#2722),#2726);
#2722 = LINE('',#2723,#2724);
#2723 = CARTESIAN_POINT('',(5.2,0.));
#2724 = VECTOR('',#2725,1.);
#2725 = DIRECTION('',(0.,1.));
#2726 = ( GEOMETRIC_REPRESENTATION_CONTEXT(2) 
PARAMETRIC_REPRESENTATION_CONTEXT() REPRESENTATION_CONTEXT('2D SPACE',''
  ) );
#2727 = PCURVE('',#1095,#2728);
#2728 = DEFINITIONAL_REPRESENTATION('',(#2729),#2733);
#2729 = LINE('',#2730,#2731);
#2730 = CARTESIAN_POINT('',(0.,0.));
#2731 = VECTOR('',#2732,1.);
#2732 = DIRECTION('',(1.,0.));
#2733 = ( GEOMETRIC_REPRESENTATION_CONTEXT(2) 
PARAMETRIC_REPRESENTATION_CONTEXT() REPRESENTATION_CONTEXT('2D SPACE',''
  ) );
#2734 = ORIENTED_EDGE('',*,*,#2735,.T.);
#2735 = EDGE_CURVE('',#2713,#2736,#2738,.T.);
#2736 = VERTEX_POINT('',#2737);
#2737 = CARTESIAN_POINT('',(361.58180013112,13.4,-2.970708479415));
#2738 = SURFACE_CURVE('',#2739,(#2744,#2751),.PCURVE_S1.);
#2739 = CIRCLE('',#2740,3.);
#2740 = AXIS2_PLACEMENT_3D('',#2741,#2742,#2743);
#2741 = CARTESIAN_POINT('',(362.,12.144524346291,-5.663084707325));
#2742 = DIRECTION('',(0.,0.906307787037,-0.422618261741));
#2743 = DIRECTION('',(0.,0.422618261741,0.906307787037));
#2744 = PCURVE('',#2560,#2745);
#2745 = DEFINITIONAL_REPRESENTATION('',(#2746),#2750);
#2746 = CIRCLE('',#2747,3.);
#2747 = AXIS2_PLACEMENT_2D('',#2748,#2749);
#2748 = CARTESIAN_POINT('',(2.6,23.50000015));
#2749 = DIRECTION('',(1.,0.));
#2750 = ( GEOMETRIC_REPRESENTATION_CONTEXT(2) 
PARAMETRIC_REPRESENTATION_CONTEXT() REPRESENTATION_CONTEXT('2D SPACE',''
  ) );
#2751 = PCURVE('',#2752,#2757);
#2752 = CYLINDRICAL_SURFACE('',#2753,3.);
#2753 = AXIS2_PLACEMENT_3D('',#2754,#2755,#2756);
#2754 = CARTESIAN_POINT('',(362.,12.144524346291,-5.663084707325));
#2755 = DIRECTION('',(0.,0.906307787037,-0.422618261741));
#2756 = DIRECTION('',(0.,0.422618261741,0.906307787037));
#2757 = DEFINITIONAL_REPRESENTATION('',(#2758),#2761);
#2758 = B_SPLINE_CURVE_WITH_KNOTS('',1,(#2759,#2760),.UNSPECIFIED.,.F.,
  .F.,(2,2),(5.760870485374,6.14332987856),.PIECEWISE_BEZIER_KNOTS.);
#2759 = CARTESIAN_POINT('',(5.760870485374,0.));
#2760 = CARTESIAN_POINT('',(6.14332987856,0.));
#2761 = ( GEOMETRIC_REPRESENTATION_CONTEXT(2) 
PARAMETRIC_REPRESENTATION_CONTEXT() REPRESENTATION_CONTEXT('2D SPACE',''
  ) );
#2762 = ORIENTED_EDGE('',*,*,#2763,.F.);
#2763 = EDGE_CURVE('',#2764,#2736,#2766,.T.);
#2764 = VERTEX_POINT('',#2765);
#2765 = CARTESIAN_POINT('',(362.41819986887,13.4,-2.970708479415));
#2766 = SURFACE_CURVE('',#2767,(#2771,#2778),.PCURVE_S1.);
#2767 = LINE('',#2768,#2769);
#2768 = CARTESIAN_POINT('',(362.,13.4,-2.970708479415));
#2769 = VECTOR('',#2770,1.);
#2770 = DIRECTION('',(-1.,0.,0.));
#2771 = PCURVE('',#2560,#2772);
#2772 = DEFINITIONAL_REPRESENTATION('',(#2773),#2777);
#2773 = LINE('',#2774,#2775);
#2774 = CARTESIAN_POINT('',(5.570708479415,23.50000015));
#2775 = VECTOR('',#2776,1.);
#2776 = DIRECTION('',(0.,-1.));
#2777 = ( GEOMETRIC_REPRESENTATION_CONTEXT(2) 
PARAMETRIC_REPRESENTATION_CONTEXT() REPRESENTATION_CONTEXT('2D SPACE',''
  ) );
#2778 = PCURVE('',#2779,#2784);
#2779 = PLANE('',#2780);
#2780 = AXIS2_PLACEMENT_3D('',#2781,#2782,#2783);
#2781 = CARTESIAN_POINT('',(362.,13.4,0.));
#2782 = DIRECTION('',(0.,1.,0.));
#2783 = DIRECTION('',(0.,-0.,1.));
#2784 = DEFINITIONAL_REPRESENTATION('',(#2785),#2788);
#2785 = B_SPLINE_CURVE_WITH_KNOTS('',1,(#2786,#2787),.UNSPECIFIED.,.F.,
  .F.,(2,2),(-1.92836282906,1.49666295471),.PIECEWISE_BEZIER_KNOTS.);
#2786 = CARTESIAN_POINT('',(-2.970708479415,1.92836282906));
#2787 = CARTESIAN_POINT('',(-2.970708479415,-1.49666295471));
#2788 = ( GEOMETRIC_REPRESENTATION_CONTEXT(2) 
PARAMETRIC_REPRESENTATION_CONTEXT() REPRESENTATION_CONTEXT('2D SPACE',''
  ) );
#2789 = ORIENTED_EDGE('',*,*,#2790,.T.);
#2790 = EDGE_CURVE('',#2764,#2791,#2793,.T.);
#2791 = VERTEX_POINT('',#2792);
#2792 = CARTESIAN_POINT('',(363.92836282906,13.115757459192,
    -3.580268575281));
#2793 = SURFACE_CURVE('',#2794,(#2799,#2806),.PCURVE_S1.);
#2794 = CIRCLE('',#2795,3.);
#2795 = AXIS2_PLACEMENT_3D('',#2796,#2797,#2798);
#2796 = CARTESIAN_POINT('',(362.,12.144524346291,-5.663084707325));
#2797 = DIRECTION('',(0.,0.906307787037,-0.422618261741));
#2798 = DIRECTION('',(0.,0.422618261741,0.906307787037));
#2799 = PCURVE('',#2560,#2800);
#2800 = DEFINITIONAL_REPRESENTATION('',(#2801),#2805);
#2801 = CIRCLE('',#2802,3.);
#2802 = AXIS2_PLACEMENT_2D('',#2803,#2804);
#2803 = CARTESIAN_POINT('',(2.6,23.50000015));
#2804 = DIRECTION('',(1.,0.));
#2805 = ( GEOMETRIC_REPRESENTATION_CONTEXT(2) 
PARAMETRIC_REPRESENTATION_CONTEXT() REPRESENTATION_CONTEXT('2D SPACE',''
  ) );
#2806 = PCURVE('',#2752,#2807);
#2807 = DEFINITIONAL_REPRESENTATION('',(#2808),#2811);
#2808 = B_SPLINE_CURVE_WITH_KNOTS('',1,(#2809,#2810),.UNSPECIFIED.,.F.,
  .F.,(2,2),(0.139855428619,0.698131700798),.PIECEWISE_BEZIER_KNOTS.);
#2809 = CARTESIAN_POINT('',(6.423040735799,0.));
#2810 = CARTESIAN_POINT('',(6.981317007977,0.));
#2811 = ( GEOMETRIC_REPRESENTATION_CONTEXT(2) 
PARAMETRIC_REPRESENTATION_CONTEXT() REPRESENTATION_CONTEXT('2D SPACE',''
  ) );
#2812 = ORIENTED_EDGE('',*,*,#2813,.F.);
#2813 = EDGE_CURVE('',#2814,#2791,#2816,.T.);
#2814 = VERTEX_POINT('',#2815);
#2815 = CARTESIAN_POINT('',(366.66717148058,12.144524346291,
    -5.663084707325));
#2816 = SURFACE_CURVE('',#2817,(#2821,#2828),.PCURVE_S1.);
#2817 = LINE('',#2818,#2819);
#2818 = CARTESIAN_POINT('',(366.66717148058,12.144524346291,
    -5.663084707325));
#2819 = VECTOR('',#2820,1.);
#2820 = DIRECTION('',(-0.766044443119,0.271653782274,0.58256341607));
#2821 = PCURVE('',#2560,#2822);
#2822 = DEFINITIONAL_REPRESENTATION('',(#2823),#2827);
#2823 = LINE('',#2824,#2825);
#2824 = CARTESIAN_POINT('',(2.6,28.167171630581));
#2825 = VECTOR('',#2826,1.);
#2826 = DIRECTION('',(0.642787609687,-0.766044443119));
#2827 = ( GEOMETRIC_REPRESENTATION_CONTEXT(2) 
PARAMETRIC_REPRESENTATION_CONTEXT() REPRESENTATION_CONTEXT('2D SPACE',''
  ) );
#2828 = PCURVE('',#2829,#2834);
#2829 = PLANE('',#2830);
#2830 = AXIS2_PLACEMENT_3D('',#2831,#2832,#2833);
#2831 = CARTESIAN_POINT('',(366.66717148058,12.144524346291,
    -5.663084707325));
#2832 = DIRECTION('',(-0.642787609687,-0.323744370967,-0.694272044015));
#2833 = DIRECTION('',(0.766044443119,-0.271653782274,-0.58256341607));
#2834 = DEFINITIONAL_REPRESENTATION('',(#2835),#2839);
#2835 = LINE('',#2836,#2837);
#2836 = CARTESIAN_POINT('',(-0.,0.));
#2837 = VECTOR('',#2838,1.);
#2838 = DIRECTION('',(-1.,0.));
#2839 = ( GEOMETRIC_REPRESENTATION_CONTEXT(2) 
PARAMETRIC_REPRESENTATION_CONTEXT() REPRESENTATION_CONTEXT('2D SPACE',''
  ) );
#2840 = ORIENTED_EDGE('',*,*,#2841,.F.);
#2841 = EDGE_CURVE('',#2842,#2814,#2844,.T.);
#2842 = VERTEX_POINT('',#2843);
#2843 = CARTESIAN_POINT('',(363.92836282906,11.17329123339,
    -7.74590083937));
#2844 = SURFACE_CURVE('',#2845,(#2849,#2856),.PCURVE_S1.);
#2845 = LINE('',#2846,#2847);
#2846 = CARTESIAN_POINT('',(363.92836282906,11.17329123339,
    -7.74590083937));
#2847 = VECTOR('',#2848,1.);
#2848 = DIRECTION('',(0.766044443119,0.271653782274,0.58256341607));
#2849 = PCURVE('',#2560,#2850);
#2850 = DEFINITIONAL_REPRESENTATION('',(#2851),#2855);
#2851 = LINE('',#2852,#2853);
#2852 = CARTESIAN_POINT('',(0.301866670643,25.42836297906));
#2853 = VECTOR('',#2854,1.);
#2854 = DIRECTION('',(0.642787609687,0.766044443119));
#2855 = ( GEOMETRIC_REPRESENTATION_CONTEXT(2) 
PARAMETRIC_REPRESENTATION_CONTEXT() REPRESENTATION_CONTEXT('2D SPACE',''
  ) );
#2856 = PCURVE('',#2857,#2862);
#2857 = PLANE('',#2858);
#2858 = AXIS2_PLACEMENT_3D('',#2859,#2860,#2861);
#2859 = CARTESIAN_POINT('',(363.92836282906,11.17329123339,
    -7.74590083937));
#2860 = DIRECTION('',(-0.642787609687,0.323744370967,0.694272044015));
#2861 = DIRECTION('',(-0.766044443119,-0.271653782274,-0.58256341607));
#2862 = DEFINITIONAL_REPRESENTATION('',(#2863),#2867);
#2863 = LINE('',#2864,#2865);
#2864 = CARTESIAN_POINT('',(-0.,0.));
#2865 = VECTOR('',#2866,1.);
#2866 = DIRECTION('',(-1.,0.));
#2867 = ( GEOMETRIC_REPRESENTATION_CONTEXT(2) 
PARAMETRIC_REPRESENTATION_CONTEXT() REPRESENTATION_CONTEXT('2D SPACE',''
  ) );
#2868 = ORIENTED_EDGE('',*,*,#2869,.T.);
#2869 = EDGE_CURVE('',#2842,#2545,#2870,.T.);
#2870 = SURFACE_CURVE('',#2871,(#2876,#2883),.PCURVE_S1.);
#2871 = CIRCLE('',#2872,3.);
#2872 = AXIS2_PLACEMENT_3D('',#2873,#2874,#2875);
#2873 = CARTESIAN_POINT('',(362.,12.144524346291,-5.663084707325));
#2874 = DIRECTION('',(0.,0.906307787037,-0.422618261741));
#2875 = DIRECTION('',(0.,0.422618261741,0.906307787037));
#2876 = PCURVE('',#2560,#2877);
#2877 = DEFINITIONAL_REPRESENTATION('',(#2878),#2882);
#2878 = CIRCLE('',#2879,3.);
#2879 = AXIS2_PLACEMENT_2D('',#2880,#2881);
#2880 = CARTESIAN_POINT('',(2.6,23.50000015));
#2881 = DIRECTION('',(1.,0.));
#2882 = ( GEOMETRIC_REPRESENTATION_CONTEXT(2) 
PARAMETRIC_REPRESENTATION_CONTEXT() REPRESENTATION_CONTEXT('2D SPACE',''
  ) );
#2883 = PCURVE('',#2587,#2884);
#2884 = DEFINITIONAL_REPRESENTATION('',(#2885),#2889);
#2885 = LINE('',#2886,#2887);
#2886 = CARTESIAN_POINT('',(0.,0.));
#2887 = VECTOR('',#2888,1.);
#2888 = DIRECTION('',(1.,0.));
#2889 = ( GEOMETRIC_REPRESENTATION_CONTEXT(2) 
PARAMETRIC_REPRESENTATION_CONTEXT() REPRESENTATION_CONTEXT('2D SPACE',''
  ) );
#2890 = FACE_BOUND('',#2891,.F.);
#2891 = EDGE_LOOP('',(#2892));
#2892 = ORIENTED_EDGE('',*,*,#2893,.T.);
#2893 = EDGE_CURVE('',#2894,#2894,#2896,.T.);
#2894 = VERTEX_POINT('',#2895);
#2895 = CARTESIAN_POINT('',(362.,11.806429736899,-6.388130936955));
#2896 = SURFACE_CURVE('',#2897,(#2902,#2913),.PCURVE_S1.);
#2897 = CIRCLE('',#2898,0.8);
#2898 = AXIS2_PLACEMENT_3D('',#2899,#2900,#2901);
#2899 = CARTESIAN_POINT('',(362.,12.144524346291,-5.663084707325));
#2900 = DIRECTION('',(0.,-0.906307787037,0.422618261741));
#2901 = DIRECTION('',(0.,-0.422618261741,-0.906307787037));
#2902 = PCURVE('',#2560,#2903);
#2903 = DEFINITIONAL_REPRESENTATION('',(#2904),#2912);
#2904 = ( BOUNDED_CURVE() B_SPLINE_CURVE(2,(#2905,#2906,#2907,#2908,
#2909,#2910,#2911),.UNSPECIFIED.,.T.,.F.) B_SPLINE_CURVE_WITH_KNOTS((1,2
    ,2,2,2,1),(-2.094395102393,0.,2.094395102393,4.188790204786,
6.28318530718,8.377580409573),.UNSPECIFIED.) CURVE() 
GEOMETRIC_REPRESENTATION_ITEM() RATIONAL_B_SPLINE_CURVE((1.,0.5,1.,0.5,
1.,0.5,1.)) REPRESENTATION_ITEM('') );
#2905 = CARTESIAN_POINT('',(1.8,23.50000015));
#2906 = CARTESIAN_POINT('',(1.8,24.885640796055));
#2907 = CARTESIAN_POINT('',(3.,24.192820473028));
#2908 = CARTESIAN_POINT('',(4.2,23.50000015));
#2909 = CARTESIAN_POINT('',(3.,22.807179826973));
#2910 = CARTESIAN_POINT('',(1.8,22.114359503945));
#2911 = CARTESIAN_POINT('',(1.8,23.50000015));
#2912 = ( GEOMETRIC_REPRESENTATION_CONTEXT(2) 
PARAMETRIC_REPRESENTATION_CONTEXT() REPRESENTATION_CONTEXT('2D SPACE',''
  ) );
#2913 = PCURVE('',#2914,#2919);
#2914 = CYLINDRICAL_SURFACE('',#2915,0.8);
#2915 = AXIS2_PLACEMENT_3D('',#2916,#2917,#2918);
#2916 = CARTESIAN_POINT('',(362.,19.03246352777,-8.874983496555));
#2917 = DIRECTION('',(0.,-0.906307787037,0.422618261741));
#2918 = DIRECTION('',(0.,-0.422618261741,-0.906307787037));
#2919 = DEFINITIONAL_REPRESENTATION('',(#2920),#2924);
#2920 = LINE('',#2921,#2922);
#2921 = CARTESIAN_POINT('',(0.,7.6));
#2922 = VECTOR('',#2923,1.);
#2923 = DIRECTION('',(1.,0.));
#2924 = ( GEOMETRIC_REPRESENTATION_CONTEXT(2) 
PARAMETRIC_REPRESENTATION_CONTEXT() REPRESENTATION_CONTEXT('2D SPACE',''
  ) );
#2925 = ADVANCED_FACE('',(#2926),#2914,.F.);
#2926 = FACE_BOUND('',#2927,.F.);
#2927 = EDGE_LOOP('',(#2928,#2951,#2952,#2953));
#2928 = ORIENTED_EDGE('',*,*,#2929,.T.);
#2929 = EDGE_CURVE('',#2930,#2894,#2932,.T.);
#2930 = VERTEX_POINT('',#2931);
#2931 = CARTESIAN_POINT('',(362.,16.140764328082,-8.40926434983));
#2932 = SEAM_CURVE('',#2933,(#2937,#2944),.PCURVE_S1.);
#2933 = LINE('',#2934,#2935);
#2934 = CARTESIAN_POINT('',(362.,18.694368918377,-9.600029726184));
#2935 = VECTOR('',#2936,1.);
#2936 = DIRECTION('',(1.232595164408E-32,-0.906307787037,0.422618261741)
  );
#2937 = PCURVE('',#2914,#2938);
#2938 = DEFINITIONAL_REPRESENTATION('',(#2939),#2943);
#2939 = LINE('',#2940,#2941);
#2940 = CARTESIAN_POINT('',(6.28318530718,-0.));
#2941 = VECTOR('',#2942,1.);
#2942 = DIRECTION('',(0.,1.));
#2943 = ( GEOMETRIC_REPRESENTATION_CONTEXT(2) 
PARAMETRIC_REPRESENTATION_CONTEXT() REPRESENTATION_CONTEXT('2D SPACE',''
  ) );
#2944 = PCURVE('',#2914,#2945);
#2945 = DEFINITIONAL_REPRESENTATION('',(#2946),#2950);
#2946 = LINE('',#2947,#2948);
#2947 = CARTESIAN_POINT('',(0.,-0.));
#2948 = VECTOR('',#2949,1.);
#2949 = DIRECTION('',(0.,1.));
#2950 = ( GEOMETRIC_REPRESENTATION_CONTEXT(2) 
PARAMETRIC_REPRESENTATION_CONTEXT() REPRESENTATION_CONTEXT('2D SPACE',''
  ) );
#2951 = ORIENTED_EDGE('',*,*,#2893,.F.);
#2952 = ORIENTED_EDGE('',*,*,#2929,.F.);
#2953 = ORIENTED_EDGE('',*,*,#2954,.T.);
#2954 = EDGE_CURVE('',#2930,#2930,#2955,.T.);
#2955 = SURFACE_CURVE('',#2956,(#2987,#3021),.PCURVE_S1.);
#2956 = B_SPLINE_CURVE_WITH_KNOTS('',8,(#2957,#2958,#2959,#2960,#2961,
    #2962,#2963,#2964,#2965,#2966,#2967,#2968,#2969,#2970,#2971,#2972,
    #2973,#2974,#2975,#2976,#2977,#2978,#2979,#2980,#2981,#2982,#2983,
    #2984,#2985,#2986),.UNSPECIFIED.,.T.,.F.,(9,7,7,7,9),(0.,0.25,0.5,
    0.75,1.),.UNSPECIFIED.);
#2957 = CARTESIAN_POINT('',(362.,16.140764328082,-8.40926434983));
#2958 = CARTESIAN_POINT('',(362.14251254773,16.140764328082,
    -8.40926434983));
#2959 = CARTESIAN_POINT('',(362.28935365136,16.154182865877,
    -8.383509385071));
#2960 = CARTESIAN_POINT('',(362.43273906324,16.18244872154,
    -8.329252270296));
#2961 = CARTESIAN_POINT('',(362.56393746891,16.225425750271,
    -8.246210843862));
#2962 = CARTESIAN_POINT('',(362.67425402517,16.281453058434,
    -8.136104610223));
#2963 = CARTESIAN_POINT('',(362.75545458256,16.34755051025,
    -8.002799868754));
#2964 = CARTESIAN_POINT('',(362.8,16.420173865459,-7.851692322929));
#2965 = CARTESIAN_POINT('',(362.8,16.569429582675,-7.531612404432));
#2966 = CARTESIAN_POINT('',(362.75545458256,16.638503285566,
    -7.378849628548));
#2967 = CARTESIAN_POINT('',(362.67425402517,16.69813401895,
    -7.242529406751));
#2968 = CARTESIAN_POINT('',(362.56393746891,16.746466627891,
    -7.128835075938));
#2969 = CARTESIAN_POINT('',(362.43273906324,16.78245494959,
    -7.042534761893));
#2970 = CARTESIAN_POINT('',(362.28935365136,16.805849369066,
    -6.986006059119));
#2971 = CARTESIAN_POINT('',(362.14251254773,16.816953546867,
    -6.959171890571));
#2972 = CARTESIAN_POINT('',(361.85748745226,16.816953546867,
    -6.959171890571));
#2973 = CARTESIAN_POINT('',(361.71064634863,16.805849369066,
    -6.986006059119));
#2974 = CARTESIAN_POINT('',(361.56726093675,16.78245494959,
    -7.042534761893));
#2975 = CARTESIAN_POINT('',(361.43606253108,16.746466627891,
    -7.128835075937));
#2976 = CARTESIAN_POINT('',(361.32574597482,16.69813401895,
    -7.242529406751));
#2977 = CARTESIAN_POINT('',(361.24454541743,16.638503285566,
    -7.378849628547));
#2978 = CARTESIAN_POINT('',(361.2,16.569429582675,-7.531612404432));
#2979 = CARTESIAN_POINT('',(361.2,16.420173865459,-7.851692322929));
#2980 = CARTESIAN_POINT('',(361.24454541743,16.347550510249,
    -8.002799868755));
#2981 = CARTESIAN_POINT('',(361.32574597482,16.281453058435,
    -8.136104610222));
#2982 = CARTESIAN_POINT('',(361.43606253108,16.22542575027,
    -8.246210843863));
#2983 = CARTESIAN_POINT('',(361.56726093675,16.18244872154,
    -8.329252270296));
#2984 = CARTESIAN_POINT('',(361.71064634863,16.154182865877,
    -8.383509385071));
#2985 = CARTESIAN_POINT('',(361.85748745226,16.140764328082,
    -8.40926434983));
#2986 = CARTESIAN_POINT('',(362.,16.140764328082,-8.40926434983));
#2987 = PCURVE('',#2914,#2988);
#2988 = DEFINITIONAL_REPRESENTATION('',(#2989),#3020);
#2989 = B_SPLINE_CURVE_WITH_KNOTS('',8,(#2990,#2991,#2992,#2993,#2994,
    #2995,#2996,#2997,#2998,#2999,#3000,#3001,#3002,#3003,#3004,#3005,
    #3006,#3007,#3008,#3009,#3010,#3011,#3012,#3013,#3014,#3015,#3016,
    #3017,#3018,#3019),.UNSPECIFIED.,.F.,.F.,(9,7,7,7,9),(0.,0.25,0.5,
    0.75,1.),.UNSPECIFIED.);
#2990 = CARTESIAN_POINT('',(0.,2.817590918693));
#2991 = CARTESIAN_POINT('',(0.178140684667,2.817590918693));
#2992 = CARTESIAN_POINT('',(0.361693329298,2.816314111836));
#2993 = CARTESIAN_POINT('',(0.549532369408,2.813626594275));
#2994 = CARTESIAN_POINT('',(0.741590373041,2.809771001764));
#2995 = CARTESIAN_POINT('',(0.938209845647,2.805525921157));
#2996 = CARTESIAN_POINT('',(1.140509605128,2.801958303994));
#2997 = CARTESIAN_POINT('',(1.350065630312,2.8));
#2998 = CARTESIAN_POINT('',(1.791527023278,2.8));
#2999 = CARTESIAN_POINT('',(2.001083048462,2.801958303994));
#3000 = CARTESIAN_POINT('',(2.203382807944,2.805525921157));
#3001 = CARTESIAN_POINT('',(2.400002280547,2.809771001764));
#3002 = CARTESIAN_POINT('',(2.592060284183,2.813626594275));
#3003 = CARTESIAN_POINT('',(2.779899324291,2.816314111836));
#3004 = CARTESIAN_POINT('',(2.963451968923,2.817590918693));
#3005 = CARTESIAN_POINT('',(3.319733338257,2.817590918693));
#3006 = CARTESIAN_POINT('',(3.503285982888,2.816314111836));
#3007 = CARTESIAN_POINT('',(3.691125022996,2.813626594275));
#3008 = CARTESIAN_POINT('',(3.883183026633,2.809771001764));
#3009 = CARTESIAN_POINT('',(4.079802499236,2.805525921157));
#3010 = CARTESIAN_POINT('',(4.282102258717,2.801958303994));
#3011 = CARTESIAN_POINT('',(4.491658283902,2.8));
#3012 = CARTESIAN_POINT('',(4.933119676867,2.8));
#3013 = CARTESIAN_POINT('',(5.142675702054,2.801958303994));
#3014 = CARTESIAN_POINT('',(5.344975461529,2.805525921157));
#3015 = CARTESIAN_POINT('',(5.541594934143,2.809771001764));
#3016 = CARTESIAN_POINT('',(5.733652937768,2.813626594275));
#3017 = CARTESIAN_POINT('',(5.921491977882,2.816314111836));
#3018 = CARTESIAN_POINT('',(6.105044622513,2.817590918693));
#3019 = CARTESIAN_POINT('',(6.28318530718,2.817590918693));
#3020 = ( GEOMETRIC_REPRESENTATION_CONTEXT(2) 
PARAMETRIC_REPRESENTATION_CONTEXT() REPRESENTATION_CONTEXT('2D SPACE',''
  ) );
#3021 = PCURVE('',#3022,#3027);
#3022 = CYLINDRICAL_SURFACE('',#3023,0.8);
#3023 = AXIS2_PLACEMENT_3D('',#3024,#3025,#3026);
#3024 = CARTESIAN_POINT('',(362.,19.03246352777,-8.874983496555));
#3025 = DIRECTION('',(0.,-0.906307787037,0.422618261741));
#3026 = DIRECTION('',(0.,-0.422618261741,-0.906307787037));
#3027 = DEFINITIONAL_REPRESENTATION('',(#3028),#3122);
#3028 = B_SPLINE_CURVE_WITH_KNOTS('',8,(#3029,#3030,#3031,#3032,#3033,
    #3034,#3035,#3036,#3037,#3038,#3039,#3040,#3041,#3042,#3043,#3044,
    #3045,#3046,#3047,#3048,#3049,#3050,#3051,#3052,#3053,#3054,#3055,
    #3056,#3057,#3058,#3059,#3060,#3061,#3062,#3063,#3064,#3065,#3066,
    #3067,#3068,#3069,#3070,#3071,#3072,#3073,#3074,#3075,#3076,#3077,
    #3078,#3079,#3080,#3081,#3082,#3083,#3084,#3085,#3086,#3087,#3088,
    #3089,#3090,#3091,#3092,#3093,#3094,#3095,#3096,#3097,#3098,#3099,
    #3100,#3101,#3102,#3103,#3104,#3105,#3106,#3107,#3108,#3109,#3110,
    #3111,#3112,#3113,#3114,#3115,#3116,#3117,#3118,#3119,#3120,#3121),
  .UNSPECIFIED.,.F.,.F.,(9,7,7,7,7,7,7,7,7,7,7,7,7,9),(0.,0.25,0.4375,
    0.47265625,0.489135742187,0.497117996216,0.50104676187,
    0.625785071403,0.719338803552,0.73688012833,0.74510262432,
    0.749085395815,0.753005936505,1.),.UNSPECIFIED.);
#3029 = CARTESIAN_POINT('',(0.,2.817590918693));
#3030 = CARTESIAN_POINT('',(0.178140684667,2.817590918693));
#3031 = CARTESIAN_POINT('',(0.361693235279,2.816314111834));
#3032 = CARTESIAN_POINT('',(0.549531752553,2.813626594276));
#3033 = CARTESIAN_POINT('',(0.741592556371,2.809771001761));
#3034 = CARTESIAN_POINT('',(0.938207374947,2.80552592116));
#3035 = CARTESIAN_POINT('',(1.140510634068,2.801958303993));
#3036 = CARTESIAN_POINT('',(1.350065630313,2.8));
#3037 = CARTESIAN_POINT('',(1.736344349158,2.8));
#3038 = CARTESIAN_POINT('',(1.895606382021,2.801101555113));
#3039 = CARTESIAN_POINT('',(2.050235360057,2.803157372878));
#3040 = CARTESIAN_POINT('',(2.201148035713,2.805835984838));
#3041 = CARTESIAN_POINT('',(2.348948167717,2.808727274177));
#3042 = CARTESIAN_POINT('',(2.49403555139,2.811445491926));
#3043 = CARTESIAN_POINT('',(2.636583215046,2.813705546107));
#3044 = CARTESIAN_POINT('',(2.802811711451,2.815656373492));
#3045 = CARTESIAN_POINT('',(2.828968077321,2.815942698823));
#3046 = CARTESIAN_POINT('',(2.85503398402,2.816206273234));
#3047 = CARTESIAN_POINT('',(2.88100893936,2.816446204456));
#3048 = CARTESIAN_POINT('',(2.906892167186,2.8166617609));
#3049 = CARTESIAN_POINT('',(2.932682595251,2.81685237373));
#3050 = CARTESIAN_POINT('',(2.958378843094,2.81701763894));
#3051 = CARTESIAN_POINT('',(2.995979381863,2.817222794648));
#3052 = CARTESIAN_POINT('',(3.007958483895,2.817282648113));
#3053 = CARTESIAN_POINT('',(3.019916342627,2.817336855186));
#3054 = CARTESIAN_POINT('',(3.031852766908,2.817385399167));
#3055 = CARTESIAN_POINT('',(3.043767548362,2.817428271211));
#3056 = CARTESIAN_POINT('',(3.055660461915,2.817465470229));
#3057 = CARTESIAN_POINT('',(3.06753126634,2.817497002808));
#3058 = CARTESIAN_POINT('',(3.085118792162,2.817535418899));
#3059 = CARTESIAN_POINT('',(3.090852631241,2.817546628545));
#3060 = CARTESIAN_POINT('',(3.096581193224,2.817556513667));
#3061 = CARTESIAN_POINT('',(3.102304447821,2.817565076291));
#3062 = CARTESIAN_POINT('',(3.108022363471,2.81757231885));
#3063 = CARTESIAN_POINT('',(3.113734907556,2.81757824419));
#3064 = CARTESIAN_POINT('',(3.119442046613,2.817582855555));
#3065 = CARTESIAN_POINT('',(3.127950051987,2.817587781322));
#3066 = CARTESIAN_POINT('',(3.130754483664,2.817589088649));
#3067 = CARTESIAN_POINT('',(3.13355925229,2.817590078968));
#3068 = CARTESIAN_POINT('',(3.136362004787,2.817590752645));
#3069 = CARTESIAN_POINT('',(3.139161558429,2.817591110326));
#3070 = CARTESIAN_POINT('',(3.141959892189,2.817591152776));
#3071 = CARTESIAN_POINT('',(3.144760395304,2.817590880248));
#3072 = CARTESIAN_POINT('',(3.236525166614,2.817571595274));
#3073 = CARTESIAN_POINT('',(3.326827998792,2.817234260473));
#3074 = CARTESIAN_POINT('',(3.418335121172,2.816562437498));
#3075 = CARTESIAN_POINT('',(3.510972550937,2.815564330975));
#3076 = CARTESIAN_POINT('',(3.604714170967,2.814275859391));
#3077 = CARTESIAN_POINT('',(3.699574235281,2.812759758313));
#3078 = CARTESIAN_POINT('',(3.795606279829,2.811100127053));
#3079 = CARTESIAN_POINT('',(3.965885057723,2.808111637612));
#3080 = CARTESIAN_POINT('',(4.039575664413,2.806803915901));
#3081 = CARTESIAN_POINT('',(4.11402307464,2.805509333957));
#3082 = CARTESIAN_POINT('',(4.189281853041,2.804272241297));
#3083 = CARTESIAN_POINT('',(4.265422244048,2.803138488945));
#3084 = CARTESIAN_POINT('',(4.342534103,2.802152661725));
#3085 = CARTESIAN_POINT('',(4.420730827239,2.801355310547));
#3086 = CARTESIAN_POINT('',(4.515044998472,2.800672348592));
#3087 = CARTESIAN_POINT('',(4.529979820877,2.800572322595));
#3088 = CARTESIAN_POINT('',(4.544958696092,2.800480327665));
#3089 = CARTESIAN_POINT('',(4.559982603654,2.800396575891));
#3090 = CARTESIAN_POINT('',(4.57505256383,2.800321269744));
#3091 = CARTESIAN_POINT('',(4.590169640467,2.80025460133));
#3092 = CARTESIAN_POINT('',(4.605334943843,2.800196751646));
#3093 = CARTESIAN_POINT('',(4.627681519299,2.800124985861));
#3094 = CARTESIAN_POINT('',(4.634824256328,2.800104056761));
#3095 = CARTESIAN_POINT('',(4.641977964249,2.800085119957));
#3096 = CARTESIAN_POINT('',(4.649142764887,2.800068192295));
#3097 = CARTESIAN_POINT('',(4.65631878242,2.800053290036));
#3098 = CARTESIAN_POINT('',(4.663506143553,2.800040428829));
#3099 = CARTESIAN_POINT('',(4.670704977694,2.800029623704));
#3100 = CARTESIAN_POINT('',(4.681407973733,2.800016658198));
#3101 = CARTESIAN_POINT('',(4.684903253108,2.80001291312));
#3102 = CARTESIAN_POINT('',(4.688401270306,2.800009655449));
#3103 = CARTESIAN_POINT('',(4.691902040498,2.800006886783));
#3104 = CARTESIAN_POINT('',(4.695405578991,2.800004608688));
#3105 = CARTESIAN_POINT('',(4.698911901241,2.80000282269));
#3106 = CARTESIAN_POINT('',(4.702421022871,2.800001530281));
#3107 = CARTESIAN_POINT('',(4.709390022488,2.799999948008));
#3108 = CARTESIAN_POINT('',(4.712848122546,2.799999642769));
#3109 = CARTESIAN_POINT('',(4.716320749574,2.79999981814));
#3110 = CARTESIAN_POINT('',(4.719769115523,2.800000480205));
#3111 = CARTESIAN_POINT('',(4.723227824927,2.800001615435));
#3112 = CARTESIAN_POINT('',(4.7266795837,2.800003232389));
#3113 = CARTESIAN_POINT('',(4.730129224312,2.800005324728));
#3114 = CARTESIAN_POINT('',(4.950735050526,2.800169652101));
#3115 = CARTESIAN_POINT('',(5.157257906762,2.802217112847));
#3116 = CARTESIAN_POINT('',(5.356789793044,2.805780553435));
#3117 = CARTESIAN_POINT('',(5.550828092735,2.809955421535));
#3118 = CARTESIAN_POINT('',(5.740426301993,2.813722924737));
#3119 = CARTESIAN_POINT('',(5.925905472255,2.816344631251));
#3120 = CARTESIAN_POINT('',(6.107186540861,2.817590918693));
#3121 = CARTESIAN_POINT('',(6.28318530718,2.817590918693));
#3122 = ( GEOMETRIC_REPRESENTATION_CONTEXT(2) 
PARAMETRIC_REPRESENTATION_CONTEXT() REPRESENTATION_CONTEXT('2D SPACE',''
  ) );
#3123 = ADVANCED_FACE('',(#3124),#3022,.F.);
#3124 = FACE_BOUND('',#3125,.F.);
#3125 = EDGE_LOOP('',(#3126,#3127,#3150,#3257));
#3126 = ORIENTED_EDGE('',*,*,#2954,.F.);
#3127 = ORIENTED_EDGE('',*,*,#3128,.F.);
#3128 = EDGE_CURVE('',#3129,#2930,#3131,.T.);
#3129 = VERTEX_POINT('',#3130);
#3130 = CARTESIAN_POINT('',(362.,16.866482441884,-8.747672263957));
#3131 = SEAM_CURVE('',#3132,(#3136,#3143),.PCURVE_S1.);
#3132 = LINE('',#3133,#3134);
#3133 = CARTESIAN_POINT('',(362.,18.694368918377,-9.600029726184));
#3134 = VECTOR('',#3135,1.);
#3135 = DIRECTION('',(1.232595164408E-32,-0.906307787037,0.422618261741)
  );
#3136 = PCURVE('',#3022,#3137);
#3137 = DEFINITIONAL_REPRESENTATION('',(#3138),#3142);
#3138 = LINE('',#3139,#3140);
#3139 = CARTESIAN_POINT('',(6.28318530718,-0.));
#3140 = VECTOR('',#3141,1.);
#3141 = DIRECTION('',(0.,1.));
#3142 = ( GEOMETRIC_REPRESENTATION_CONTEXT(2) 
PARAMETRIC_REPRESENTATION_CONTEXT() REPRESENTATION_CONTEXT('2D SPACE',''
  ) );
#3143 = PCURVE('',#3022,#3144);
#3144 = DEFINITIONAL_REPRESENTATION('',(#3145),#3149);
#3145 = LINE('',#3146,#3147);
#3146 = CARTESIAN_POINT('',(0.,-0.));
#3147 = VECTOR('',#3148,1.);
#3148 = DIRECTION('',(0.,1.));
#3149 = ( GEOMETRIC_REPRESENTATION_CONTEXT(2) 
PARAMETRIC_REPRESENTATION_CONTEXT() REPRESENTATION_CONTEXT('2D SPACE',''
  ) );
#3150 = ORIENTED_EDGE('',*,*,#3151,.T.);
#3151 = EDGE_CURVE('',#3129,#3129,#3152,.T.);
#3152 = SURFACE_CURVE('',#3153,(#3184,#3218),.PCURVE_S1.);
#3153 = B_SPLINE_CURVE_WITH_KNOTS('',8,(#3154,#3155,#3156,#3157,#3158,
    #3159,#3160,#3161,#3162,#3163,#3164,#3165,#3166,#3167,#3168,#3169,
    #3170,#3171,#3172,#3173,#3174,#3175,#3176,#3177,#3178,#3179,#3180,
    #3181,#3182,#3183),.UNSPECIFIED.,.T.,.F.,(9,7,7,7,9),(0.,0.25,0.5,
    0.75,1.),.UNSPECIFIED.);
#3154 = CARTESIAN_POINT('',(362.,16.866482441884,-8.747672263957));
#3155 = CARTESIAN_POINT('',(362.14250994204,16.866482441884,
    -8.747672263957));
#3156 = CARTESIAN_POINT('',(362.28934408248,16.879851677015,
    -8.721895485152));
#3157 = CARTESIAN_POINT('',(362.43272706554,16.90801236888,
    -8.667595124144));
#3158 = CARTESIAN_POINT('',(362.56392833564,16.950840587352,
    -8.584487826859));
#3159 = CARTESIAN_POINT('',(362.67424939964,17.006706123653,
    -8.474305752109));
#3160 = CARTESIAN_POINT('',(362.75545308113,17.072668790379,
    -8.340934919168));
#3161 = CARTESIAN_POINT('',(362.8,17.145218832227,-8.189789640535));
#3162 = CARTESIAN_POINT('',(362.8,17.294477075165,-7.869704305612));
#3163 = CARTESIAN_POINT('',(362.75545308112,17.363626807984,
    -7.716973436837));
#3164 = CARTESIAN_POINT('',(362.67424939964,17.423394808558,
    -7.580713983631));
#3165 = CARTESIAN_POINT('',(362.56392833564,17.47188950011,
    -7.467094827526));
#3166 = CARTESIAN_POINT('',(362.43272706554,17.508023935198,
    -7.380866167788));
#3167 = CARTESIAN_POINT('',(362.28934408248,17.531519081197,
    -7.324390227014));
#3168 = CARTESIAN_POINT('',(362.14250994204,17.542671660669,
    -7.297579804699));
#3169 = CARTESIAN_POINT('',(361.85749005796,17.542671660669,
    -7.297579804699));
#3170 = CARTESIAN_POINT('',(361.71065591751,17.531519081196,
    -7.324390227014));
#3171 = CARTESIAN_POINT('',(361.56727293445,17.508023935199,
    -7.380866167786));
#3172 = CARTESIAN_POINT('',(361.43607166435,17.471889500109,
    -7.467094827528));
#3173 = CARTESIAN_POINT('',(361.32575060035,17.423394808559,
    -7.58071398363));
#3174 = CARTESIAN_POINT('',(361.24454691887,17.363626807984,
    -7.716973436837));
#3175 = CARTESIAN_POINT('',(361.2,17.294477075165,-7.869704305612));
#3176 = CARTESIAN_POINT('',(361.2,17.145218832228,-8.189789640534));
#3177 = CARTESIAN_POINT('',(361.24454691887,17.072668790378,
    -8.34093491917));
#3178 = CARTESIAN_POINT('',(361.32575060035,17.006706123655,
    -8.474305752107));
#3179 = CARTESIAN_POINT('',(361.43607166435,16.950840587351,
    -8.58448782686));
#3180 = CARTESIAN_POINT('',(361.56727293445,16.90801236888,
    -8.667595124144));
#3181 = CARTESIAN_POINT('',(361.71065591751,16.879851677015,
    -8.721895485152));
#3182 = CARTESIAN_POINT('',(361.85749005796,16.866482441884,
    -8.747672263957));
#3183 = CARTESIAN_POINT('',(362.,16.866482441884,-8.747672263957));
#3184 = PCURVE('',#3022,#3185);
#3185 = DEFINITIONAL_REPRESENTATION('',(#3186),#3217);
#3186 = B_SPLINE_CURVE_WITH_KNOTS('',8,(#3187,#3188,#3189,#3190,#3191,
    #3192,#3193,#3194,#3195,#3196,#3197,#3198,#3199,#3200,#3201,#3202,
    #3203,#3204,#3205,#3206,#3207,#3208,#3209,#3210,#3211,#3212,#3213,
    #3214,#3215,#3216),.UNSPECIFIED.,.F.,.F.,(9,7,7,7,9),(0.,0.25,0.5,
    0.75,1.),.UNSPECIFIED.);
#3187 = CARTESIAN_POINT('',(0.,2.016849576532));
#3188 = CARTESIAN_POINT('',(0.17813742755,2.016849576532));
#3189 = CARTESIAN_POINT('',(0.361681384214,2.015626672079));
#3190 = CARTESIAN_POINT('',(0.549516819113,2.013052741934));
#3191 = CARTESIAN_POINT('',(0.741575001125,2.009359855545));
#3192 = CARTESIAN_POINT('',(0.938197664021,2.005293441873));
#3193 = CARTESIAN_POINT('',(1.140501838244,2.001875912951));
#3194 = CARTESIAN_POINT('',(1.350061895083,2.));
#3195 = CARTESIAN_POINT('',(1.791530758506,2.));
#3196 = CARTESIAN_POINT('',(2.001090815347,2.001875912951));
#3197 = CARTESIAN_POINT('',(2.203394989566,2.005293441874));
#3198 = CARTESIAN_POINT('',(2.400017652468,2.009359855545));
#3199 = CARTESIAN_POINT('',(2.592075834474,2.013052741935));
#3200 = CARTESIAN_POINT('',(2.779911269377,2.015626672079));
#3201 = CARTESIAN_POINT('',(2.96345522604,2.016849576532));
#3202 = CARTESIAN_POINT('',(3.31973008114,2.016849576532));
#3203 = CARTESIAN_POINT('',(3.503274037802,2.015626672079));
#3204 = CARTESIAN_POINT('',(3.691109472706,2.013052741934));
#3205 = CARTESIAN_POINT('',(3.883167654713,2.009359855545));
#3206 = CARTESIAN_POINT('',(4.079790317613,2.005293441874));
#3207 = CARTESIAN_POINT('',(4.282094491832,2.001875912951));
#3208 = CARTESIAN_POINT('',(4.491654548674,2.));
#3209 = CARTESIAN_POINT('',(4.933123412095,2.));
#3210 = CARTESIAN_POINT('',(5.142683468939,2.001875912951));
#3211 = CARTESIAN_POINT('',(5.344987643153,2.005293441873));
#3212 = CARTESIAN_POINT('',(5.54161030606,2.009359855545));
#3213 = CARTESIAN_POINT('',(5.733668488062,2.013052741934));
#3214 = CARTESIAN_POINT('',(5.921503922968,2.015626672079));
#3215 = CARTESIAN_POINT('',(6.105047879629,2.016849576532));
#3216 = CARTESIAN_POINT('',(6.28318530718,2.016849576532));
#3217 = ( GEOMETRIC_REPRESENTATION_CONTEXT(2) 
PARAMETRIC_REPRESENTATION_CONTEXT() REPRESENTATION_CONTEXT('2D SPACE',''
  ) );
#3218 = PCURVE('',#3219,#3224);
#3219 = CYLINDRICAL_SURFACE('',#3220,19.);
#3220 = AXIS2_PLACEMENT_3D('',#3221,#3222,#3223);
#3221 = CARTESIAN_POINT('',(356.,0.,0.));
#3222 = DIRECTION('',(1.,0.,0.));
#3223 = DIRECTION('',(-0.,0.,1.));
#3224 = DEFINITIONAL_REPRESENTATION('',(#3225),#3256);
#3225 = B_SPLINE_CURVE_WITH_KNOTS('',8,(#3226,#3227,#3228,#3229,#3230,
    #3231,#3232,#3233,#3234,#3235,#3236,#3237,#3238,#3239,#3240,#3241,
    #3242,#3243,#3244,#3245,#3246,#3247,#3248,#3249,#3250,#3251,#3252,
    #3253,#3254,#3255),.UNSPECIFIED.,.T.,.F.,(9,7,7,7,9),(0.,0.25,0.5,
    0.75,1.),.UNSPECIFIED.);
#3226 = CARTESIAN_POINT('',(4.233938953217,6.));
#3227 = CARTESIAN_POINT('',(4.233938953217,6.14250994204));
#3228 = CARTESIAN_POINT('',(4.235467246489,6.289344082489));
#3229 = CARTESIAN_POINT('',(4.238686617818,6.432727065544));
#3230 = CARTESIAN_POINT('',(4.243607353794,6.563928335642));
#3231 = CARTESIAN_POINT('',(4.250108890068,6.674249399644));
#3232 = CARTESIAN_POINT('',(4.257939156913,6.755453081129));
#3233 = CARTESIAN_POINT('',(4.266762586051,6.8));
#3234 = CARTESIAN_POINT('',(4.285350748721,6.8));
#3235 = CARTESIAN_POINT('',(4.294174177859,6.755453081129));
#3236 = CARTESIAN_POINT('',(4.302004444704,6.674249399645));
#3237 = CARTESIAN_POINT('',(4.308505980978,6.563928335641));
#3238 = CARTESIAN_POINT('',(4.313426716955,6.432727065546));
#3239 = CARTESIAN_POINT('',(4.316646088283,6.289344082488));
#3240 = CARTESIAN_POINT('',(4.318174381555,6.14250994204));
#3241 = CARTESIAN_POINT('',(4.318174381555,5.85749005796));
#3242 = CARTESIAN_POINT('',(4.316646088283,5.710655917512));
#3243 = CARTESIAN_POINT('',(4.313426716955,5.567272934455));
#3244 = CARTESIAN_POINT('',(4.308505980978,5.436071664358));
#3245 = CARTESIAN_POINT('',(4.302004444704,5.325750600356));
#3246 = CARTESIAN_POINT('',(4.294174177859,5.244546918871));
#3247 = CARTESIAN_POINT('',(4.285350748721,5.2));
#3248 = CARTESIAN_POINT('',(4.266762586051,5.2));
#3249 = CARTESIAN_POINT('',(4.257939156913,5.244546918871));
#3250 = CARTESIAN_POINT('',(4.250108890068,5.325750600356));
#3251 = CARTESIAN_POINT('',(4.243607353794,5.436071664358));
#3252 = CARTESIAN_POINT('',(4.238686617818,5.567272934454));
#3253 = CARTESIAN_POINT('',(4.235467246489,5.710655917512));
#3254 = CARTESIAN_POINT('',(4.233938953217,5.85749005796));
#3255 = CARTESIAN_POINT('',(4.233938953217,6.));
#3256 = ( GEOMETRIC_REPRESENTATION_CONTEXT(2) 
PARAMETRIC_REPRESENTATION_CONTEXT() REPRESENTATION_CONTEXT('2D SPACE',''
  ) );
#3257 = ORIENTED_EDGE('',*,*,#3128,.T.);
#3258 = ADVANCED_FACE('',(#3259,#3551),#3219,.T.);
#3259 = FACE_BOUND('',#3260,.T.);
#3260 = EDGE_LOOP('',(#3261,#3295,#3378,#3410,#3442,#3521));
#3261 = ORIENTED_EDGE('',*,*,#3262,.T.);
#3262 = EDGE_CURVE('',#3263,#3265,#3267,.T.);
#3263 = VERTEX_POINT('',#3264);
#3264 = CARTESIAN_POINT('',(357.95511805016,17.219847953696,
    -8.029746973073));
#3265 = VERTEX_POINT('',#3266);
#3266 = CARTESIAN_POINT('',(360.32875221481,17.966709850095,
    -6.180399433896));
#3267 = SURFACE_CURVE('',#3268,(#3273,#3283),.PCURVE_S1.);
#3268 = ELLIPSE('',#3269,29.558752710348,19.);
#3269 = AXIS2_PLACEMENT_3D('',#3270,#3271,#3272);
#3270 = CARTESIAN_POINT('',(357.95511805016,0.,0.));
#3271 = DIRECTION('',(0.642787609687,-0.323744370967,-0.694272044015));
#3272 = DIRECTION('',(0.766044443119,0.271653782274,0.58256341607));
#3273 = PCURVE('',#3219,#3274);
#3274 = DEFINITIONAL_REPRESENTATION('',(#3275),#3282);
#3275 = B_SPLINE_CURVE_WITH_KNOTS('',5,(#3276,#3277,#3278,#3279,#3280,
    #3281),.UNSPECIFIED.,.F.,.F.,(6,6),(4.701906074957,4.82795590286),
  .PIECEWISE_BEZIER_KNOTS.);
#3276 = CARTESIAN_POINT('',(4.265573761958,1.717754633698));
#3277 = CARTESIAN_POINT('',(4.290783727539,2.288560542906));
#3278 = CARTESIAN_POINT('',(4.31599369312,2.859555020373));
#3279 = CARTESIAN_POINT('',(4.3412036587,3.429982291719));
#3280 = CARTESIAN_POINT('',(4.366413624281,3.999086086153));
#3281 = CARTESIAN_POINT('',(4.391623589861,4.56611563128));
#3282 = ( GEOMETRIC_REPRESENTATION_CONTEXT(2) 
PARAMETRIC_REPRESENTATION_CONTEXT() REPRESENTATION_CONTEXT('2D SPACE',''
  ) );
#3283 = PCURVE('',#3284,#3289);
#3284 = PLANE('',#3285);
#3285 = AXIS2_PLACEMENT_3D('',#3286,#3287,#3288);
#3286 = CARTESIAN_POINT('',(357.95511805016,0.,0.));
#3287 = DIRECTION('',(0.642787609687,-0.323744370967,-0.694272044015));
#3288 = DIRECTION('',(0.766044443119,0.271653782274,0.58256341607));
#3289 = DEFINITIONAL_REPRESENTATION('',(#3290),#3294);
#3290 = ELLIPSE('',#3291,29.558752710348,19.);
#3291 = AXIS2_PLACEMENT_2D('',#3292,#3293);
#3292 = CARTESIAN_POINT('',(0.,0.));
#3293 = DIRECTION('',(1.,0.));
#3294 = ( GEOMETRIC_REPRESENTATION_CONTEXT(2) 
PARAMETRIC_REPRESENTATION_CONTEXT() REPRESENTATION_CONTEXT('2D SPACE',''
  ) );
#3295 = ORIENTED_EDGE('',*,*,#3296,.F.);
#3296 = EDGE_CURVE('',#3297,#3265,#3299,.T.);
#3297 = VERTEX_POINT('',#3298);
#3298 = CARTESIAN_POINT('',(363.67124778518,17.966709850095,
    -6.180399433896));
#3299 = SURFACE_CURVE('',#3300,(#3315,#3344),.PCURVE_S1.);
#3300 = B_SPLINE_CURVE_WITH_KNOTS('',7,(#3301,#3302,#3303,#3304,#3305,
    #3306,#3307,#3308,#3309,#3310,#3311,#3312,#3313,#3314),
  .UNSPECIFIED.,.F.,.F.,(8,6,8),(0.,1.,2.),.UNSPECIFIED.);
#3301 = CARTESIAN_POINT('',(363.67124778518,17.966709850095,
    -6.180399433896));
#3302 = CARTESIAN_POINT('',(363.45846125991,18.02511080865,
    -6.010625119379));
#3303 = CARTESIAN_POINT('',(363.23082274814,18.07100150151,
    -5.871133864641));
#3304 = CARTESIAN_POINT('',(362.99322722688,18.106070781877,
    -5.761007163536));
#3305 = CARTESIAN_POINT('',(362.74906284381,18.13156400842,
    -5.679229621097));
#3306 = CARTESIAN_POINT('',(362.50082555924,18.148290171992,
    -5.624977449393));
#3307 = CARTESIAN_POINT('',(362.25052402276,18.156666121858,
    -5.597809869883));
#3308 = CARTESIAN_POINT('',(361.74947597723,18.156666121858,
    -5.597809869883));
#3309 = CARTESIAN_POINT('',(361.49917444075,18.148290171992,
    -5.624977449393));
#3310 = CARTESIAN_POINT('',(361.25093715618,18.13156400842,
    -5.679229621097));
#3311 = CARTESIAN_POINT('',(361.00677277311,18.106070781877,
    -5.761007163536));
#3312 = CARTESIAN_POINT('',(360.76917725185,18.07100150151,
    -5.871133864641));
#3313 = CARTESIAN_POINT('',(360.54153874008,18.02511080865,
    -6.010625119379));
#3314 = CARTESIAN_POINT('',(360.32875221481,17.966709850095,
    -6.180399433896));
#3315 = PCURVE('',#3219,#3316);
#3316 = DEFINITIONAL_REPRESENTATION('',(#3317),#3343);
#3317 = B_SPLINE_CURVE_WITH_KNOTS('',3,(#3318,#3319,#3320,#3321,#3322,
    #3323,#3324,#3325,#3326,#3327,#3328,#3329,#3330,#3331,#3332,#3333,
    #3334,#3335,#3336,#3337,#3338,#3339,#3340,#3341,#3342),
  .UNSPECIFIED.,.F.,.F.,(4,1,1,1,1,1,1,1,1,1,1,1,1,1,1,1,1,1,1,1,1,1,4),
  (0.,9.090909090911E-02,0.181818181818,0.272727272727,0.363636363636,
    0.454545454546,0.545454545455,0.636363636364,0.727272727273,
    0.818181818182,0.909090909091,1.,1.090909090909,1.181818181818,
    1.272727272728,1.363636363637,1.454545454546,1.545454545455,
    1.636363636364,1.727272727273,1.818181818182,1.909090909091,2.),
  .QUASI_UNIFORM_KNOTS.);
#3318 = CARTESIAN_POINT('',(4.381076743468,7.671247785185));
#3319 = CARTESIAN_POINT('',(4.38308111592,7.626104966687));
#3320 = CARTESIAN_POINT('',(4.386890851799,7.534125021588));
#3321 = CARTESIAN_POINT('',(4.392019702169,7.391719512108));
#3322 = CARTESIAN_POINT('',(4.396574310543,7.245553289278));
#3323 = CARTESIAN_POINT('',(4.40056535598,7.096204820574));
#3324 = CARTESIAN_POINT('',(4.404002761376,6.944199937707));
#3325 = CARTESIAN_POINT('',(4.406895472401,6.790010093927));
#3326 = CARTESIAN_POINT('',(4.409251325189,6.634061963583));
#3327 = CARTESIAN_POINT('',(4.411076898435,6.476744387831));
#3328 = CARTESIAN_POINT('',(4.41237737709,6.318411985148));
#3329 = CARTESIAN_POINT('',(4.413156418882,6.159402342661));
#3330 = CARTESIAN_POINT('',(4.413416026875,6.));
#3331 = CARTESIAN_POINT('',(4.413156418882,5.840597657338));
#3332 = CARTESIAN_POINT('',(4.41237737709,5.681588014851));
#3333 = CARTESIAN_POINT('',(4.411076898435,5.523255612168));
#3334 = CARTESIAN_POINT('',(4.409251325189,5.365938036416));
#3335 = CARTESIAN_POINT('',(4.406895472401,5.209989906072));
#3336 = CARTESIAN_POINT('',(4.404002761376,5.055800062293));
#3337 = CARTESIAN_POINT('',(4.40056535598,4.903795179426));
#3338 = CARTESIAN_POINT('',(4.396574310543,4.754446710722));
#3339 = CARTESIAN_POINT('',(4.392019702169,4.608280487892));
#3340 = CARTESIAN_POINT('',(4.386890851799,4.465874978412));
#3341 = CARTESIAN_POINT('',(4.38308111592,4.373895033313));
#3342 = CARTESIAN_POINT('',(4.381076743468,4.328752214815));
#3343 = ( GEOMETRIC_REPRESENTATION_CONTEXT(2) 
PARAMETRIC_REPRESENTATION_CONTEXT() REPRESENTATION_CONTEXT('2D SPACE',''
  ) );
#3344 = PCURVE('',#3345,#3350);
#3345 = CYLINDRICAL_SURFACE('',#3346,2.6);
#3346 = AXIS2_PLACEMENT_3D('',#3347,#3348,#3349);
#3347 = CARTESIAN_POINT('',(362.,0.,0.));
#3348 = DIRECTION('',(0.,0.906307787037,-0.422618261741));
#3349 = DIRECTION('',(0.,0.422618261741,0.906307787037));
#3350 = DEFINITIONAL_REPRESENTATION('',(#3351),#3377);
#3351 = B_SPLINE_CURVE_WITH_KNOTS('',3,(#3352,#3353,#3354,#3355,#3356,
    #3357,#3358,#3359,#3360,#3361,#3362,#3363,#3364,#3365,#3366,#3367,
    #3368,#3369,#3370,#3371,#3372,#3373,#3374,#3375,#3376),
  .UNSPECIFIED.,.F.,.F.,(4,1,1,1,1,1,1,1,1,1,1,1,1,1,1,1,1,1,1,1,1,1,4),
  (0.,9.090909090911E-02,0.181818181818,0.272727272727,0.363636363636,
    0.454545454546,0.545454545455,0.636363636364,0.727272727273,
    0.818181818182,0.909090909091,1.,1.090909090909,1.181818181818,
    1.272727272728,1.363636363637,1.454545454546,1.545454545455,
    1.636363636364,1.727272727273,1.818181818182,1.909090909091,2.),
  .QUASI_UNIFORM_KNOTS.);
#3352 = CARTESIAN_POINT('',(6.981317007977,18.895318710185));
#3353 = CARTESIAN_POINT('',(6.95865557988,18.891324567693));
#3354 = CARTESIAN_POINT('',(6.913759967959,18.88351255149));
#3355 = CARTESIAN_POINT('',(6.847566160566,18.872465808888));
#3356 = CARTESIAN_POINT('',(6.782386990684,18.862241407117));
#3357 = CARTESIAN_POINT('',(6.718097462604,18.852960362131));
#3358 = CARTESIAN_POINT('',(6.65457686223,18.844726392883));
#3359 = CARTESIAN_POINT('',(6.59170849409,18.837624784134));
#3360 = CARTESIAN_POINT('',(6.529378167139,18.831724818565));
#3361 = CARTESIAN_POINT('',(6.467473553112,18.827081069104));
#3362 = CARTESIAN_POINT('',(6.405882019745,18.823734780302));
#3363 = CARTESIAN_POINT('',(6.344493895835,18.821714977672));
#3364 = CARTESIAN_POINT('',(6.283185307179,18.821039365609));
#3365 = CARTESIAN_POINT('',(6.221876718524,18.821714977672));
#3366 = CARTESIAN_POINT('',(6.160488594614,18.823734780302));
#3367 = CARTESIAN_POINT('',(6.098897061247,18.827081069104));
#3368 = CARTESIAN_POINT('',(6.03699244722,18.831724818565));
#3369 = CARTESIAN_POINT('',(5.974662120269,18.837624784135));
#3370 = CARTESIAN_POINT('',(5.911793752129,18.844726392883));
#3371 = CARTESIAN_POINT('',(5.848273151755,18.852960362131));
#3372 = CARTESIAN_POINT('',(5.783983623675,18.862241407117));
#3373 = CARTESIAN_POINT('',(5.718804453793,18.872465808888));
#3374 = CARTESIAN_POINT('',(5.6526106464,18.88351255149));
#3375 = CARTESIAN_POINT('',(5.607715034479,18.891324567693));
#3376 = CARTESIAN_POINT('',(5.585053606382,18.895318710185));
#3377 = ( GEOMETRIC_REPRESENTATION_CONTEXT(2) 
PARAMETRIC_REPRESENTATION_CONTEXT() REPRESENTATION_CONTEXT('2D SPACE',''
  ) );
#3378 = ORIENTED_EDGE('',*,*,#3379,.T.);
#3379 = EDGE_CURVE('',#3297,#3380,#3382,.T.);
#3380 = VERTEX_POINT('',#3381);
#3381 = CARTESIAN_POINT('',(366.04488194983,17.219847953696,
    -8.029746973073));
#3382 = SURFACE_CURVE('',#3383,(#3388,#3398),.PCURVE_S1.);
#3383 = ELLIPSE('',#3384,29.558752710348,19.);
#3384 = AXIS2_PLACEMENT_3D('',#3385,#3386,#3387);
#3385 = CARTESIAN_POINT('',(366.04488194983,0.,0.));
#3386 = DIRECTION('',(-0.642787609687,-0.323744370967,-0.694272044015));
#3387 = DIRECTION('',(0.766044443119,-0.271653782274,-0.58256341607));
#3388 = PCURVE('',#3219,#3389);
#3389 = DEFINITIONAL_REPRESENTATION('',(#3390),#3397);
#3390 = B_SPLINE_CURVE_WITH_KNOTS('',5,(#3391,#3392,#3393,#3394,#3395,
    #3396),.UNSPECIFIED.,.F.,.F.,(6,6),(4.596822057909,4.722871885812),
  .PIECEWISE_BEZIER_KNOTS.);
#3391 = CARTESIAN_POINT('',(4.391623589861,7.43388436872));
#3392 = CARTESIAN_POINT('',(4.366413624281,8.000913913847));
#3393 = CARTESIAN_POINT('',(4.3412036587,8.570017708281));
#3394 = CARTESIAN_POINT('',(4.31599369312,9.140444979627));
#3395 = CARTESIAN_POINT('',(4.290783727539,9.711439457094));
#3396 = CARTESIAN_POINT('',(4.265573761958,10.282245366302));
#3397 = ( GEOMETRIC_REPRESENTATION_CONTEXT(2) 
PARAMETRIC_REPRESENTATION_CONTEXT() REPRESENTATION_CONTEXT('2D SPACE',''
  ) );
#3398 = PCURVE('',#3399,#3404);
#3399 = PLANE('',#3400);
#3400 = AXIS2_PLACEMENT_3D('',#3401,#3402,#3403);
#3401 = CARTESIAN_POINT('',(366.04488194983,0.,0.));
#3402 = DIRECTION('',(-0.642787609687,-0.323744370967,-0.694272044015));
#3403 = DIRECTION('',(0.766044443119,-0.271653782274,-0.58256341607));
#3404 = DEFINITIONAL_REPRESENTATION('',(#3405),#3409);
#3405 = ELLIPSE('',#3406,29.558752710348,19.);
#3406 = AXIS2_PLACEMENT_2D('',#3407,#3408);
#3407 = CARTESIAN_POINT('',(0.,0.));
#3408 = DIRECTION('',(1.,-0.));
#3409 = ( GEOMETRIC_REPRESENTATION_CONTEXT(2) 
PARAMETRIC_REPRESENTATION_CONTEXT() REPRESENTATION_CONTEXT('2D SPACE',''
  ) );
#3410 = ORIENTED_EDGE('',*,*,#3411,.T.);
#3411 = EDGE_CURVE('',#3380,#3412,#3414,.T.);
#3412 = VERTEX_POINT('',#3413);
#3413 = CARTESIAN_POINT('',(363.67124778518,16.283239121066,
    -9.790614062774));
#3414 = SURFACE_CURVE('',#3415,(#3420,#3430),.PCURVE_S1.);
#3415 = ELLIPSE('',#3416,29.558752710348,19.);
#3416 = AXIS2_PLACEMENT_3D('',#3417,#3418,#3419);
#3417 = CARTESIAN_POINT('',(366.04488194983,0.,0.));
#3418 = DIRECTION('',(-0.642787609687,0.323744370967,0.694272044015));
#3419 = DIRECTION('',(0.766044443119,0.271653782274,0.58256341607));
#3420 = PCURVE('',#3219,#3421);
#3421 = DEFINITIONAL_REPRESENTATION('',(#3422),#3429);
#3422 = B_SPLINE_CURVE_WITH_KNOTS('',5,(#3423,#3424,#3425,#3426,#3427,
    #3428),.UNSPECIFIED.,.F.,.F.,(6,6),(1.560313421367,1.68636324927),
  .PIECEWISE_BEZIER_KNOTS.);
#3423 = CARTESIAN_POINT('',(4.286539572814,10.282245366302));
#3424 = CARTESIAN_POINT('',(4.261329607233,9.711439457094));
#3425 = CARTESIAN_POINT('',(4.236119641653,9.140444979627));
#3426 = CARTESIAN_POINT('',(4.210909676072,8.570017708281));
#3427 = CARTESIAN_POINT('',(4.185699710491,8.000913913847));
#3428 = CARTESIAN_POINT('',(4.160489744911,7.43388436872));
#3429 = ( GEOMETRIC_REPRESENTATION_CONTEXT(2) 
PARAMETRIC_REPRESENTATION_CONTEXT() REPRESENTATION_CONTEXT('2D SPACE',''
  ) );
#3430 = PCURVE('',#3431,#3436);
#3431 = PLANE('',#3432);
#3432 = AXIS2_PLACEMENT_3D('',#3433,#3434,#3435);
#3433 = CARTESIAN_POINT('',(363.67124778518,-0.841735364514,
    -1.805107314439));
#3434 = DIRECTION('',(-0.642787609687,0.323744370967,0.694272044015));
#3435 = DIRECTION('',(-0.766044443119,-0.271653782274,-0.58256341607));
#3436 = DEFINITIONAL_REPRESENTATION('',(#3437),#3441);
#3437 = ELLIPSE('',#3438,29.558752710348,19.);
#3438 = AXIS2_PLACEMENT_2D('',#3439,#3440);
#3439 = CARTESIAN_POINT('',(-3.098559340745,1.110223024625E-16));
#3440 = DIRECTION('',(-1.,0.));
#3441 = ( GEOMETRIC_REPRESENTATION_CONTEXT(2) 
PARAMETRIC_REPRESENTATION_CONTEXT() REPRESENTATION_CONTEXT('2D SPACE',''
  ) );
#3442 = ORIENTED_EDGE('',*,*,#3443,.T.);
#3443 = EDGE_CURVE('',#3412,#3444,#3446,.T.);
#3444 = VERTEX_POINT('',#3445);
#3445 = CARTESIAN_POINT('',(360.32875221481,16.283239121066,
    -9.790614062774));
#3446 = SURFACE_CURVE('',#3447,(#3468,#3492),.PCURVE_S1.);
#3447 = B_SPLINE_CURVE_WITH_KNOTS('',7,(#3448,#3449,#3450,#3451,#3452,
    #3453,#3454,#3455,#3456,#3457,#3458,#3459,#3460,#3461,#3462,#3463,
    #3464,#3465,#3466,#3467),.UNSPECIFIED.,.F.,.F.,(8,6,6,8),(0.,
    0.50008803573,0.76665776156,1.),.UNSPECIFIED.);
#3448 = CARTESIAN_POINT('',(363.67124778518,16.283239121066,
    -9.790614062774));
#3449 = CARTESIAN_POINT('',(363.45846125991,16.190723863399,
    -9.944480618363));
#3450 = CARTESIAN_POINT('',(363.23082274814,16.113365331613,
    -10.06929817882));
#3451 = CARTESIAN_POINT('',(362.99322722688,16.051545483093,
    -10.16695088513));
#3452 = CARTESIAN_POINT('',(362.74906284381,16.005286981288,
    -10.2390454207));
#3453 = CARTESIAN_POINT('',(362.50082555924,15.974478777329,
    -10.28673102912));
#3454 = CARTESIAN_POINT('',(362.25052402276,15.959051160807,
    -10.31061036247));
#3455 = CARTESIAN_POINT('',(361.86645927258,15.959051160807,
    -10.31061036247));
#3456 = CARTESIAN_POINT('',(361.73292783823,15.963434925279,
    -10.30382528011));
#3457 = CARTESIAN_POINT('',(361.59971483897,15.972200926688,
    -10.29025658803));
#3458 = CARTESIAN_POINT('',(361.4671337435,15.985352947256,
    -10.26985966793));
#3459 = CARTESIAN_POINT('',(361.33551855819,16.002896948935,
    -10.24254554033));
#3460 = CARTESIAN_POINT('',(361.20524003806,16.024837943362,
    -10.20818259435));
#3461 = CARTESIAN_POINT('',(360.96422333681,16.074232676486,
    -10.13019745393));
#3462 = CARTESIAN_POINT('',(360.85307410757,16.100658228201,
    -10.08826335136));
#3463 = CARTESIAN_POINT('',(360.743546644,16.13045618838,-10.04067645394
    ));
#3464 = CARTESIAN_POINT('',(360.63595350809,16.163627361832,
    -9.987291234448));
#3465 = CARTESIAN_POINT('',(360.53065903787,16.200164920582,
    -9.927941587713));
#3466 = CARTESIAN_POINT('',(360.4280909954,16.240048637688,
    -9.862446224075));
#3467 = CARTESIAN_POINT('',(360.32875221481,16.283239121066,
    -9.790614062774));
#3468 = PCURVE('',#3219,#3469);
#3469 = DEFINITIONAL_REPRESENTATION('',(#3470),#3491);
#3470 = B_SPLINE_CURVE_WITH_KNOTS('',7,(#3471,#3472,#3473,#3474,#3475,
    #3476,#3477,#3478,#3479,#3480,#3481,#3482,#3483,#3484,#3485,#3486,
    #3487,#3488,#3489,#3490),.UNSPECIFIED.,.F.,.F.,(8,6,6,8),(0.,
    0.50008803573,0.76665776156,1.),.UNSPECIFIED.);
#3471 = CARTESIAN_POINT('',(4.171036591305,7.671247785185));
#3472 = CARTESIAN_POINT('',(4.161587208756,7.458461259914));
#3473 = CARTESIAN_POINT('',(4.153859170341,7.230822748142));
#3474 = CARTESIAN_POINT('',(4.147776474077,6.993227226888));
#3475 = CARTESIAN_POINT('',(4.143268134655,6.749062843812));
#3476 = CARTESIAN_POINT('',(4.140280130484,6.500825559249));
#3477 = CARTESIAN_POINT('',(4.138783843895,6.250524022762));
#3478 = CARTESIAN_POINT('',(4.138783843895,5.866459272588));
#3479 = CARTESIAN_POINT('',(4.139209002434,5.732927838233));
#3480 = CARTESIAN_POINT('',(4.140059216361,5.599714838971));
#3481 = CARTESIAN_POINT('',(4.141336559622,5.467133743505));
#3482 = CARTESIAN_POINT('',(4.14304513558,5.335518558198));
#3483 = CARTESIAN_POINT('',(4.145190929335,5.20524003806));
#3484 = CARTESIAN_POINT('',(4.150049460338,4.964223336812));
#3485 = CARTESIAN_POINT('',(4.152658183929,4.853074107573));
#3486 = CARTESIAN_POINT('',(4.155613245636,4.743546644));
#3487 = CARTESIAN_POINT('',(4.158921178067,4.635953508091));
#3488 = CARTESIAN_POINT('',(4.162589264885,4.530659037871));
#3489 = CARTESIAN_POINT('',(4.166625174094,4.428090995406));
#3490 = CARTESIAN_POINT('',(4.171036591305,4.328752214815));
#3491 = ( GEOMETRIC_REPRESENTATION_CONTEXT(2) 
PARAMETRIC_REPRESENTATION_CONTEXT() REPRESENTATION_CONTEXT('2D SPACE',''
  ) );
#3492 = PCURVE('',#3493,#3498);
#3493 = CYLINDRICAL_SURFACE('',#3494,2.6);
#3494 = AXIS2_PLACEMENT_3D('',#3495,#3496,#3497);
#3495 = CARTESIAN_POINT('',(362.,0.,0.));
#3496 = DIRECTION('',(0.,0.906307787037,-0.422618261741));
#3497 = DIRECTION('',(0.,0.422618261741,0.906307787037));
#3498 = DEFINITIONAL_REPRESENTATION('',(#3499),#3520);
#3499 = B_SPLINE_CURVE_WITH_KNOTS('',7,(#3500,#3501,#3502,#3503,#3504,
    #3505,#3506,#3507,#3508,#3509,#3510,#3511,#3512,#3513,#3514,#3515,
    #3516,#3517,#3518,#3519),.UNSPECIFIED.,.F.,.F.,(8,6,6,8),(0.,
    0.50008803573,0.76665776156,1.),.UNSPECIFIED.);
#3500 = CARTESIAN_POINT('',(2.443460952792,18.895318710185));
#3501 = CARTESIAN_POINT('',(2.550296753239,18.876498228005));
#3502 = CARTESIAN_POINT('',(2.653416121065,18.859137768691));
#3503 = CARTESIAN_POINT('',(2.753749930315,18.844379775581));
#3504 = CARTESIAN_POINT('',(2.8520298586,18.832923802478));
#3505 = CARTESIAN_POINT('',(2.94896758369,18.82515489627));
#3506 = CARTESIAN_POINT('',(3.04523726022,18.82126456963));
#3507 = CARTESIAN_POINT('',(3.192954471825,18.82126456963));
#3508 = CARTESIAN_POINT('',(3.244312650489,18.822370109794));
#3509 = CARTESIAN_POINT('',(3.295769819181,18.824580428073));
#3510 = CARTESIAN_POINT('',(3.347426411751,18.827880095812));
#3511 = CARTESIAN_POINT('',(3.399383380729,18.832236912019));
#3512 = CARTESIAN_POINT('',(3.451744911755,18.837599797627));
#3513 = CARTESIAN_POINT('',(3.550906427735,18.849408684409));
#3514 = CARTESIAN_POINT('',(3.597585871387,18.85563625017));
#3515 = CARTESIAN_POINT('',(3.644738878365,18.86253128165));
#3516 = CARTESIAN_POINT('',(3.692445020914,18.870033005788));
#3517 = CARTESIAN_POINT('',(3.740786125899,18.878065035263));
#3518 = CARTESIAN_POINT('',(3.789848366581,18.886532421921));
#3519 = CARTESIAN_POINT('',(3.839724354388,18.895318710185));
#3520 = ( GEOMETRIC_REPRESENTATION_CONTEXT(2) 
PARAMETRIC_REPRESENTATION_CONTEXT() REPRESENTATION_CONTEXT('2D SPACE',''
  ) );
#3521 = ORIENTED_EDGE('',*,*,#3522,.T.);
#3522 = EDGE_CURVE('',#3444,#3263,#3523,.T.);
#3523 = SURFACE_CURVE('',#3524,(#3529,#3539),.PCURVE_S1.);
#3524 = ELLIPSE('',#3525,29.558752710348,19.);
#3525 = AXIS2_PLACEMENT_3D('',#3526,#3527,#3528);
#3526 = CARTESIAN_POINT('',(357.95511805016,0.,0.));
#3527 = DIRECTION('',(0.642787609687,0.323744370967,0.694272044015));
#3528 = DIRECTION('',(0.766044443119,-0.271653782274,-0.58256341607));
#3529 = PCURVE('',#3219,#3530);
#3530 = DEFINITIONAL_REPRESENTATION('',(#3531),#3538);
#3531 = B_SPLINE_CURVE_WITH_KNOTS('',5,(#3532,#3533,#3534,#3535,#3536,
    #3537),.UNSPECIFIED.,.F.,.F.,(6,6),(1.45522940432,1.581279232223),
  .PIECEWISE_BEZIER_KNOTS.);
#3532 = CARTESIAN_POINT('',(4.160489744911,4.56611563128));
#3533 = CARTESIAN_POINT('',(4.185699710491,3.999086086153));
#3534 = CARTESIAN_POINT('',(4.210909676072,3.429982291719));
#3535 = CARTESIAN_POINT('',(4.236119641653,2.859555020373));
#3536 = CARTESIAN_POINT('',(4.261329607233,2.288560542906));
#3537 = CARTESIAN_POINT('',(4.286539572814,1.717754633698));
#3538 = ( GEOMETRIC_REPRESENTATION_CONTEXT(2) 
PARAMETRIC_REPRESENTATION_CONTEXT() REPRESENTATION_CONTEXT('2D SPACE',''
  ) );
#3539 = PCURVE('',#3540,#3545);
#3540 = PLANE('',#3541);
#3541 = AXIS2_PLACEMENT_3D('',#3542,#3543,#3544);
#3542 = CARTESIAN_POINT('',(360.32875221481,-0.841735364514,
    -1.805107314439));
#3543 = DIRECTION('',(0.642787609687,0.323744370967,0.694272044015));
#3544 = DIRECTION('',(-0.766044443119,0.271653782274,0.58256341607));
#3545 = DEFINITIONAL_REPRESENTATION('',(#3546),#3550);
#3546 = ELLIPSE('',#3547,29.558752710348,19.);
#3547 = AXIS2_PLACEMENT_2D('',#3548,#3549);
#3548 = CARTESIAN_POINT('',(3.098559340745,1.110223024625E-16));
#3549 = DIRECTION('',(-1.,0.));
#3550 = ( GEOMETRIC_REPRESENTATION_CONTEXT(2) 
PARAMETRIC_REPRESENTATION_CONTEXT() REPRESENTATION_CONTEXT('2D SPACE',''
  ) );
#3551 = FACE_BOUND('',#3552,.T.);
#3552 = EDGE_LOOP('',(#3553));
#3553 = ORIENTED_EDGE('',*,*,#3151,.T.);
#3554 = ADVANCED_FACE('',(#3555),#3540,.F.);
#3555 = FACE_BOUND('',#3556,.F.);
#3556 = EDGE_LOOP('',(#3557,#3591,#3612,#3613));
#3557 = ORIENTED_EDGE('',*,*,#3558,.F.);
#3558 = EDGE_CURVE('',#3559,#3561,#3563,.T.);
#3559 = VERTEX_POINT('',#3560);
#3560 = CARTESIAN_POINT('',(360.32875221481,15.827506288631,
    -9.578102352937));
#3561 = VERTEX_POINT('',#3562);
#3562 = CARTESIAN_POINT('',(357.95511805016,16.766694060178,
    -7.818437842203));
#3563 = SURFACE_CURVE('',#3564,(#3569,#3576),.PCURVE_S1.);
#3564 = ELLIPSE('',#3565,28.780890796918,18.5);
#3565 = AXIS2_PLACEMENT_3D('',#3566,#3567,#3568);
#3566 = CARTESIAN_POINT('',(357.95511805016,0.,0.));
#3567 = DIRECTION('',(0.642787609687,0.323744370967,0.694272044015));
#3568 = DIRECTION('',(-0.766044443119,0.271653782274,0.58256341607));
#3569 = PCURVE('',#3540,#3570);
#3570 = DEFINITIONAL_REPRESENTATION('',(#3571),#3575);
#3571 = ELLIPSE('',#3572,28.780890796918,18.5);
#3572 = AXIS2_PLACEMENT_2D('',#3573,#3574);
#3573 = CARTESIAN_POINT('',(3.098559340745,1.110223024625E-16));
#3574 = DIRECTION('',(1.,0.));
#3575 = ( GEOMETRIC_REPRESENTATION_CONTEXT(2) 
PARAMETRIC_REPRESENTATION_CONTEXT() REPRESENTATION_CONTEXT('2D SPACE',''
  ) );
#3576 = PCURVE('',#3577,#3582);
#3577 = CYLINDRICAL_SURFACE('',#3578,18.5);
#3578 = AXIS2_PLACEMENT_3D('',#3579,#3580,#3581);
#3579 = CARTESIAN_POINT('',(367.,0.,0.));
#3580 = DIRECTION('',(-1.,-0.,-0.));
#3581 = DIRECTION('',(0.,1.,0.));
#3582 = DEFINITIONAL_REPRESENTATION('',(#3583),#3590);
#3583 = B_SPLINE_CURVE_WITH_KNOTS('',5,(#3584,#3585,#3586,#3587,#3588,
    #3589),.UNSPECIFIED.,.F.,.F.,(6,6),(4.593684070981,4.723155218384),
  .PIECEWISE_BEZIER_KNOTS.);
#3584 = CARTESIAN_POINT('',(-5.728148084778,6.43388436872));
#3585 = CARTESIAN_POINT('',(-5.754042314258,7.000768352939));
#3586 = CARTESIAN_POINT('',(-5.779936543739,7.569840715607));
#3587 = CARTESIAN_POINT('',(-5.805830773219,8.140309578869));
#3588 = CARTESIAN_POINT('',(-5.8317250027,8.711376944416));
#3589 = CARTESIAN_POINT('',(-5.85761923218,9.282245366302));
#3590 = ( GEOMETRIC_REPRESENTATION_CONTEXT(2) 
PARAMETRIC_REPRESENTATION_CONTEXT() REPRESENTATION_CONTEXT('2D SPACE',''
  ) );
#3591 = ORIENTED_EDGE('',*,*,#3592,.T.);
#3592 = EDGE_CURVE('',#3559,#3444,#3593,.T.);
#3593 = SURFACE_CURVE('',#3594,(#3598,#3605),.PCURVE_S1.);
#3594 = LINE('',#3595,#3596);
#3595 = CARTESIAN_POINT('',(360.32875221481,-0.841735364514,
    -1.805107314439));
#3596 = VECTOR('',#3597,1.);
#3597 = DIRECTION('',(0.,0.906307787037,-0.422618261741));
#3598 = PCURVE('',#3540,#3599);
#3599 = DEFINITIONAL_REPRESENTATION('',(#3600),#3604);
#3600 = LINE('',#3601,#3602);
#3601 = CARTESIAN_POINT('',(0.,0.));
#3602 = VECTOR('',#3603,1.);
#3603 = DIRECTION('',(-5.551115123126E-17,-1.));
#3604 = ( GEOMETRIC_REPRESENTATION_CONTEXT(2) 
PARAMETRIC_REPRESENTATION_CONTEXT() REPRESENTATION_CONTEXT('2D SPACE',''
  ) );
#3605 = PCURVE('',#3493,#3606);
#3606 = DEFINITIONAL_REPRESENTATION('',(#3607),#3611);
#3607 = LINE('',#3608,#3609);
#3608 = CARTESIAN_POINT('',(3.839724354388,0.));
#3609 = VECTOR('',#3610,1.);
#3610 = DIRECTION('',(0.,1.));
#3611 = ( GEOMETRIC_REPRESENTATION_CONTEXT(2) 
PARAMETRIC_REPRESENTATION_CONTEXT() REPRESENTATION_CONTEXT('2D SPACE',''
  ) );
#3612 = ORIENTED_EDGE('',*,*,#3522,.T.);
#3613 = ORIENTED_EDGE('',*,*,#3614,.F.);
#3614 = EDGE_CURVE('',#3561,#3263,#3615,.T.);
#3615 = SURFACE_CURVE('',#3616,(#3620,#3627),.PCURVE_S1.);
#3616 = LINE('',#3617,#3618);
#3617 = CARTESIAN_POINT('',(357.95511805016,0.,0.));
#3618 = VECTOR('',#3619,1.);
#3619 = DIRECTION('',(0.,0.906307787037,-0.422618261741));
#3620 = PCURVE('',#3540,#3621);
#3621 = DEFINITIONAL_REPRESENTATION('',(#3622),#3626);
#3622 = LINE('',#3623,#3624);
#3623 = CARTESIAN_POINT('',(3.098559340745,1.110223024625E-16));
#3624 = VECTOR('',#3625,1.);
#3625 = DIRECTION('',(-5.551115123126E-17,-1.));
#3626 = ( GEOMETRIC_REPRESENTATION_CONTEXT(2) 
PARAMETRIC_REPRESENTATION_CONTEXT() REPRESENTATION_CONTEXT('2D SPACE',''
  ) );
#3627 = PCURVE('',#3284,#3628);
#3628 = DEFINITIONAL_REPRESENTATION('',(#3629),#3633);
#3629 = LINE('',#3630,#3631);
#3630 = CARTESIAN_POINT('',(0.,0.));
#3631 = VECTOR('',#3632,1.);
#3632 = DIRECTION('',(-5.551115123126E-17,-1.));
#3633 = ( GEOMETRIC_REPRESENTATION_CONTEXT(2) 
PARAMETRIC_REPRESENTATION_CONTEXT() REPRESENTATION_CONTEXT('2D SPACE',''
  ) );
#3634 = ADVANCED_FACE('',(#3635,#4133,#4425,#4717),#3577,.T.);
#3635 = FACE_BOUND('',#3636,.F.);
#3636 = EDGE_LOOP('',(#3637,#3665,#3694,#3717,#3749,#3828,#3860,#3883,
    #3905,#3906,#3938,#4021,#4051,#4052,#4076,#4102));
#3637 = ORIENTED_EDGE('',*,*,#3638,.F.);
#3638 = EDGE_CURVE('',#3639,#3641,#3643,.T.);
#3639 = VERTEX_POINT('',#3640);
#3640 = CARTESIAN_POINT('',(367.,9.4,-15.93392606986));
#3641 = VERTEX_POINT('',#3642);
#3642 = CARTESIAN_POINT('',(364.73,9.4,-15.93392606986));
#3643 = SURFACE_CURVE('',#3644,(#3648,#3654),.PCURVE_S1.);
#3644 = LINE('',#3645,#3646);
#3645 = CARTESIAN_POINT('',(367.,9.4,-15.93392606986));
#3646 = VECTOR('',#3647,1.);
#3647 = DIRECTION('',(-1.,-0.,-0.));
#3648 = PCURVE('',#3577,#3649);
#3649 = DEFINITIONAL_REPRESENTATION('',(#3650),#3653);
#3650 = B_SPLINE_CURVE_WITH_KNOTS('',1,(#3651,#3652),.UNSPECIFIED.,.F.,
  .F.,(2,2),(-6.000000212225E-07,4.379),.PIECEWISE_BEZIER_KNOTS.);
#3651 = CARTESIAN_POINT('',(-5.245375772838,-6.000000212225E-07));
#3652 = CARTESIAN_POINT('',(-5.245375772838,4.379));
#3653 = ( GEOMETRIC_REPRESENTATION_CONTEXT(2) 
PARAMETRIC_REPRESENTATION_CONTEXT() REPRESENTATION_CONTEXT('2D SPACE',''
  ) );
#3654 = PCURVE('',#3655,#3660);
#3655 = PLANE('',#3656);
#3656 = AXIS2_PLACEMENT_3D('',#3657,#3658,#3659);
#3657 = CARTESIAN_POINT('',(364.73,9.4,-21.));
#3658 = DIRECTION('',(-0.,1.,0.));
#3659 = DIRECTION('',(0.,0.,1.));
#3660 = DEFINITIONAL_REPRESENTATION('',(#3661),#3664);
#3661 = B_SPLINE_CURVE_WITH_KNOTS('',1,(#3662,#3663),.UNSPECIFIED.,.F.,
  .F.,(2,2),(-6.000000212225E-07,4.379),.PIECEWISE_BEZIER_KNOTS.);
#3662 = CARTESIAN_POINT('',(5.066073930133,2.2700006));
#3663 = CARTESIAN_POINT('',(5.066073930133,-2.109));
#3664 = ( GEOMETRIC_REPRESENTATION_CONTEXT(2) 
PARAMETRIC_REPRESENTATION_CONTEXT() REPRESENTATION_CONTEXT('2D SPACE',''
  ) );
#3665 = ORIENTED_EDGE('',*,*,#3666,.T.);
#3666 = EDGE_CURVE('',#3639,#3667,#3669,.T.);
#3667 = VERTEX_POINT('',#3668);
#3668 = CARTESIAN_POINT('',(367.,18.5,0.));
#3669 = SURFACE_CURVE('',#3670,(#3675,#3682),.PCURVE_S1.);
#3670 = CIRCLE('',#3671,18.5);
#3671 = AXIS2_PLACEMENT_3D('',#3672,#3673,#3674);
#3672 = CARTESIAN_POINT('',(367.,0.,0.));
#3673 = DIRECTION('',(1.,0.,0.));
#3674 = DIRECTION('',(-0.,1.,0.));
#3675 = PCURVE('',#3577,#3676);
#3676 = DEFINITIONAL_REPRESENTATION('',(#3677),#3681);
#3677 = LINE('',#3678,#3679);
#3678 = CARTESIAN_POINT('',(-0.,0.));
#3679 = VECTOR('',#3680,1.);
#3680 = DIRECTION('',(-1.,0.));
#3681 = ( GEOMETRIC_REPRESENTATION_CONTEXT(2) 
PARAMETRIC_REPRESENTATION_CONTEXT() REPRESENTATION_CONTEXT('2D SPACE',''
  ) );
#3682 = PCURVE('',#3683,#3688);
#3683 = PLANE('',#3684);
#3684 = AXIS2_PLACEMENT_3D('',#3685,#3686,#3687);
#3685 = CARTESIAN_POINT('',(367.,0.,0.));
#3686 = DIRECTION('',(1.,0.,0.));
#3687 = DIRECTION('',(-0.,1.,0.));
#3688 = DEFINITIONAL_REPRESENTATION('',(#3689),#3693);
#3689 = CIRCLE('',#3690,18.5);
#3690 = AXIS2_PLACEMENT_2D('',#3691,#3692);
#3691 = CARTESIAN_POINT('',(0.,0.));
#3692 = DIRECTION('',(1.,-0.));
#3693 = ( GEOMETRIC_REPRESENTATION_CONTEXT(2) 
PARAMETRIC_REPRESENTATION_CONTEXT() REPRESENTATION_CONTEXT('2D SPACE',''
  ) );
#3694 = ORIENTED_EDGE('',*,*,#3695,.T.);
#3695 = EDGE_CURVE('',#3667,#3696,#3698,.T.);
#3696 = VERTEX_POINT('',#3697);
#3697 = CARTESIAN_POINT('',(366.04488194983,18.5,0.));
#3698 = SEAM_CURVE('',#3699,(#3703,#3710),.PCURVE_S1.);
#3699 = LINE('',#3700,#3701);
#3700 = CARTESIAN_POINT('',(367.,18.5,0.));
#3701 = VECTOR('',#3702,1.);
#3702 = DIRECTION('',(-1.,0.,0.));
#3703 = PCURVE('',#3577,#3704);
#3704 = DEFINITIONAL_REPRESENTATION('',(#3705),#3709);
#3705 = LINE('',#3706,#3707);
#3706 = CARTESIAN_POINT('',(-6.28318530718,0.));
#3707 = VECTOR('',#3708,1.);
#3708 = DIRECTION('',(-0.,1.));
#3709 = ( GEOMETRIC_REPRESENTATION_CONTEXT(2) 
PARAMETRIC_REPRESENTATION_CONTEXT() REPRESENTATION_CONTEXT('2D SPACE',''
  ) );
#3710 = PCURVE('',#3577,#3711);
#3711 = DEFINITIONAL_REPRESENTATION('',(#3712),#3716);
#3712 = LINE('',#3713,#3714);
#3713 = CARTESIAN_POINT('',(-0.,0.));
#3714 = VECTOR('',#3715,1.);
#3715 = DIRECTION('',(-0.,1.));
#3716 = ( GEOMETRIC_REPRESENTATION_CONTEXT(2) 
PARAMETRIC_REPRESENTATION_CONTEXT() REPRESENTATION_CONTEXT('2D SPACE',''
  ) );
#3717 = ORIENTED_EDGE('',*,*,#3718,.T.);
#3718 = EDGE_CURVE('',#3696,#3719,#3721,.T.);
#3719 = VERTEX_POINT('',#3720);
#3720 = CARTESIAN_POINT('',(363.67124778518,18.392473165931,
    -1.991715552109));
#3721 = SURFACE_CURVE('',#3722,(#3727,#3737),.PCURVE_S1.);
#3722 = ELLIPSE('',#3723,28.780890796918,18.5);
#3723 = AXIS2_PLACEMENT_3D('',#3724,#3725,#3726);
#3724 = CARTESIAN_POINT('',(366.04488194983,0.,0.));
#3725 = DIRECTION('',(-0.642787609687,0.,0.766044443119));
#3726 = DIRECTION('',(-0.766044443119,0.,-0.642787609687));
#3727 = PCURVE('',#3577,#3728);
#3728 = DEFINITIONAL_REPRESENTATION('',(#3729),#3736);
#3729 = B_SPLINE_CURVE_WITH_KNOTS('',5,(#3730,#3731,#3732,#3733,#3734,
    #3735),.UNSPECIFIED.,.F.,.F.,(6,6),(4.712388980385,4.831093889788),
  .PIECEWISE_BEZIER_KNOTS.);
#3730 = CARTESIAN_POINT('',(-6.28318530718,0.955118050163));
#3731 = CARTESIAN_POINT('',(-6.259444325299,1.47854595845));
#3732 = CARTESIAN_POINT('',(-6.235703343418,2.001973866836));
#3733 = CARTESIAN_POINT('',(-6.211962361538,2.524787145794));
#3734 = CARTESIAN_POINT('',(-6.188221379657,3.046371168217));
#3735 = CARTESIAN_POINT('',(-6.164480397776,3.56611563128));
#3736 = ( GEOMETRIC_REPRESENTATION_CONTEXT(2) 
PARAMETRIC_REPRESENTATION_CONTEXT() REPRESENTATION_CONTEXT('2D SPACE',''
  ) );
#3737 = PCURVE('',#3738,#3743);
#3738 = PLANE('',#3739);
#3739 = AXIS2_PLACEMENT_3D('',#3740,#3741,#3742);
#3740 = CARTESIAN_POINT('',(363.67124778518,0.,-1.991715552109));
#3741 = DIRECTION('',(-0.642787609687,0.,0.766044443119));
#3742 = DIRECTION('',(-0.766044443119,-0.,-0.642787609687));
#3743 = DEFINITIONAL_REPRESENTATION('',(#3744),#3748);
#3744 = ELLIPSE('',#3745,28.780890796918,18.5);
#3745 = AXIS2_PLACEMENT_2D('',#3746,#3747);
#3746 = CARTESIAN_POINT('',(-3.098559340745,0.));
#3747 = DIRECTION('',(1.,-0.));
#3748 = ( GEOMETRIC_REPRESENTATION_CONTEXT(2) 
PARAMETRIC_REPRESENTATION_CONTEXT() REPRESENTATION_CONTEXT('2D SPACE',''
  ) );
#3749 = ORIENTED_EDGE('',*,*,#3750,.T.);
#3750 = EDGE_CURVE('',#3719,#3751,#3753,.T.);
#3751 = VERTEX_POINT('',#3752);
#3752 = CARTESIAN_POINT('',(360.32875221481,18.392473165931,
    -1.991715552109));
#3753 = SURFACE_CURVE('',#3754,(#3775,#3799),.PCURVE_S1.);
#3754 = B_SPLINE_CURVE_WITH_KNOTS('',7,(#3755,#3756,#3757,#3758,#3759,
    #3760,#3761,#3762,#3763,#3764,#3765,#3766,#3767,#3768,#3769,#3770,
    #3771,#3772,#3773,#3774),.UNSPECIFIED.,.F.,.F.,(8,6,6,8),(0.,
    0.500088398241,0.766646249504,1.),.UNSPECIFIED.);
#3755 = CARTESIAN_POINT('',(363.67124778518,18.392473165931,
    -1.991715552109));
#3756 = CARTESIAN_POINT('',(363.45848326626,18.373140136174,
    -2.170246181464));
#3757 = CARTESIAN_POINT('',(363.23086163954,18.355304746761,
    -2.31605761504));
#3758 = CARTESIAN_POINT('',(362.99327384954,18.340140814885,
    -2.430691416418));
#3759 = CARTESIAN_POINT('',(362.74910692918,18.328368284906,
    -2.515588983492));
#3760 = CARTESIAN_POINT('',(362.50085848346,18.320384203679,
    -2.571834205381));
#3761 = CARTESIAN_POINT('',(362.25054081572,18.316386106435,-2.6));
#3762 = CARTESIAN_POINT('',(361.86645636705,18.316386106435,-2.6));
#3763 = CARTESIAN_POINT('',(361.7329220307,18.31752216819,
    -2.591997621173));
#3764 = CARTESIAN_POINT('',(361.59970678035,18.31979351347,
    -2.575994839766));
#3765 = CARTESIAN_POINT('',(361.46712470052,18.323184225271,
    -2.551949847166));
#3766 = CARTESIAN_POINT('',(361.33551032044,18.327661103847,
    -2.519779907779));
#3767 = CARTESIAN_POINT('',(361.20523476368,18.333171522734,
    -2.479364216908));
#3768 = CARTESIAN_POINT('',(360.96421739219,18.345305133086,
    -2.387810306018));
#3769 = CARTESIAN_POINT('',(360.8530643378,18.351704097965,
    -2.33863499192));
#3770 = CARTESIAN_POINT('',(360.74353520763,18.358788642213,
    -2.282911761088));
#3771 = CARTESIAN_POINT('',(360.63594246547,18.366496216366,
    -2.220508797092));
#3772 = CARTESIAN_POINT('',(360.53065023958,18.374748245662,
    -2.151278837941));
#3773 = CARTESIAN_POINT('',(360.42808599651,18.383447117005,
    -2.0750664917));
#3774 = CARTESIAN_POINT('',(360.32875221481,18.392473165931,
    -1.991715552109));
#3775 = PCURVE('',#3577,#3776);
#3776 = DEFINITIONAL_REPRESENTATION('',(#3777),#3798);
#3777 = B_SPLINE_CURVE_WITH_KNOTS('',7,(#3778,#3779,#3780,#3781,#3782,
    #3783,#3784,#3785,#3786,#3787,#3788,#3789,#3790,#3791,#3792,#3793,
    #3794,#3795,#3796,#3797),.UNSPECIFIED.,.F.,.F.,(8,6,6,8),(0.,
    0.500088398241,0.766646249504,1.),.UNSPECIFIED.);
#3778 = CARTESIAN_POINT('',(-6.175315937653,3.328752214815));
#3779 = CARTESIAN_POINT('',(-6.165609215357,3.541516733736));
#3780 = CARTESIAN_POINT('',(-6.157669533663,3.769138360453));
#3781 = CARTESIAN_POINT('',(-6.151419389617,4.006726150459));
#3782 = CARTESIAN_POINT('',(-6.146786454934,4.250893070819));
#3783 = CARTESIAN_POINT('',(-6.143715691205,4.499141516537));
#3784 = CARTESIAN_POINT('',(-6.14217795437,4.749459184275));
#3785 = CARTESIAN_POINT('',(-6.14217795437,5.133543632943));
#3786 = CARTESIAN_POINT('',(-6.142614851009,5.267077969292));
#3787 = CARTESIAN_POINT('',(-6.143488538661,5.400293219643));
#3788 = CARTESIAN_POINT('',(-6.144801126788,5.532875299479));
#3789 = CARTESIAN_POINT('',(-6.146556790436,5.664489679559));
#3790 = CARTESIAN_POINT('',(-6.148761620717,5.79476523632));
#3791 = CARTESIAN_POINT('',(-6.153753752758,6.035782607801));
#3792 = CARTESIAN_POINT('',(-6.156434279106,6.146935662192));
#3793 = CARTESIAN_POINT('',(-6.159470572094,6.256464792363));
#3794 = CARTESIAN_POINT('',(-6.162869293675,6.364057534527));
#3795 = CARTESIAN_POINT('',(-6.166637875011,6.469349760411));
#3796 = CARTESIAN_POINT('',(-6.170784141475,6.571914003482));
#3797 = CARTESIAN_POINT('',(-6.175315937653,6.671247785185));
#3798 = ( GEOMETRIC_REPRESENTATION_CONTEXT(2) 
PARAMETRIC_REPRESENTATION_CONTEXT() REPRESENTATION_CONTEXT('2D SPACE',''
  ) );
#3799 = PCURVE('',#3800,#3805);
#3800 = CYLINDRICAL_SURFACE('',#3801,2.6);
#3801 = AXIS2_PLACEMENT_3D('',#3802,#3803,#3804);
#3802 = CARTESIAN_POINT('',(362.,0.,0.));
#3803 = DIRECTION('',(0.,1.,0.));
#3804 = DIRECTION('',(0.,0.,1.));
#3805 = DEFINITIONAL_REPRESENTATION('',(#3806),#3827);
#3806 = B_SPLINE_CURVE_WITH_KNOTS('',7,(#3807,#3808,#3809,#3810,#3811,
    #3812,#3813,#3814,#3815,#3816,#3817,#3818,#3819,#3820,#3821,#3822,
    #3823,#3824,#3825,#3826),.UNSPECIFIED.,.F.,.F.,(8,6,6,8),(0.,
    0.500088398241,0.766646249504,1.),.UNSPECIFIED.);
#3807 = CARTESIAN_POINT('',(2.443460952792,18.392473165931));
#3808 = CARTESIAN_POINT('',(2.550285704296,18.373140136174));
#3809 = CARTESIAN_POINT('',(2.653398904974,18.355304746761));
#3810 = CARTESIAN_POINT('',(2.753730857314,18.340140814885));
#3811 = CARTESIAN_POINT('',(2.852012609963,18.328368284906));
#3812 = CARTESIAN_POINT('',(2.948954920236,18.320384203679));
#3813 = CARTESIAN_POINT('',(3.045230801388,18.316386106435));
#3814 = CARTESIAN_POINT('',(3.192955589337,18.316386106435));
#3815 = CARTESIAN_POINT('',(3.244314883968,18.31752216819));
#3816 = CARTESIAN_POINT('',(3.29577293326,18.31979351347));
#3817 = CARTESIAN_POINT('',(3.347429947664,18.323184225271));
#3818 = CARTESIAN_POINT('',(3.399386668107,18.327661103847));
#3819 = CARTESIAN_POINT('',(3.451747081793,18.333171522734));
#3820 = CARTESIAN_POINT('',(3.550908873528,18.345305133086));
#3821 = CARTESIAN_POINT('',(3.597589991538,18.351704097965));
#3822 = CARTESIAN_POINT('',(3.644743854796,18.358788642213));
#3823 = CARTESIAN_POINT('',(3.692450016107,18.366496216366));
#3824 = CARTESIAN_POINT('',(3.740790298669,18.374748245662));
#3825 = CARTESIAN_POINT('',(3.789850876421,18.383447117005));
#3826 = CARTESIAN_POINT('',(3.839724354388,18.392473165931));
#3827 = ( GEOMETRIC_REPRESENTATION_CONTEXT(2) 
PARAMETRIC_REPRESENTATION_CONTEXT() REPRESENTATION_CONTEXT('2D SPACE',''
  ) );
#3828 = ORIENTED_EDGE('',*,*,#3829,.T.);
#3829 = EDGE_CURVE('',#3751,#3830,#3832,.T.);
#3830 = VERTEX_POINT('',#3831);
#3831 = CARTESIAN_POINT('',(357.95511805016,18.5,0.));
#3832 = SURFACE_CURVE('',#3833,(#3838,#3848),.PCURVE_S1.);
#3833 = ELLIPSE('',#3834,28.780890796918,18.5);
#3834 = AXIS2_PLACEMENT_3D('',#3835,#3836,#3837);
#3835 = CARTESIAN_POINT('',(357.95511805016,0.,0.));
#3836 = DIRECTION('',(0.642787609687,0.,0.766044443119));
#3837 = DIRECTION('',(-0.766044443119,0.,0.642787609687));
#3838 = PCURVE('',#3577,#3839);
#3839 = DEFINITIONAL_REPRESENTATION('',(#3840),#3847);
#3840 = B_SPLINE_CURVE_WITH_KNOTS('',5,(#3841,#3842,#3843,#3844,#3845,
    #3846),.UNSPECIFIED.,.F.,.F.,(6,6),(4.593684070981,4.712388980385),
  .PIECEWISE_BEZIER_KNOTS.);
#3841 = CARTESIAN_POINT('',(-6.164480397776,6.43388436872));
#3842 = CARTESIAN_POINT('',(-6.188221379657,6.953628831783));
#3843 = CARTESIAN_POINT('',(-6.211962361538,7.475212854206));
#3844 = CARTESIAN_POINT('',(-6.235703343418,7.998026133164));
#3845 = CARTESIAN_POINT('',(-6.259444325299,8.52145404155));
#3846 = CARTESIAN_POINT('',(-6.28318530718,9.044881949837));
#3847 = ( GEOMETRIC_REPRESENTATION_CONTEXT(2) 
PARAMETRIC_REPRESENTATION_CONTEXT() REPRESENTATION_CONTEXT('2D SPACE',''
  ) );
#3848 = PCURVE('',#3849,#3854);
#3849 = PLANE('',#3850);
#3850 = AXIS2_PLACEMENT_3D('',#3851,#3852,#3853);
#3851 = CARTESIAN_POINT('',(360.32875221481,0.,-1.991715552109));
#3852 = DIRECTION('',(0.642787609687,0.,0.766044443119));
#3853 = DIRECTION('',(-0.766044443119,0.,0.642787609687));
#3854 = DEFINITIONAL_REPRESENTATION('',(#3855),#3859);
#3855 = ELLIPSE('',#3856,28.780890796918,18.5);
#3856 = AXIS2_PLACEMENT_2D('',#3857,#3858);
#3857 = CARTESIAN_POINT('',(3.098559340745,0.));
#3858 = DIRECTION('',(1.,0.));
#3859 = ( GEOMETRIC_REPRESENTATION_CONTEXT(2) 
PARAMETRIC_REPRESENTATION_CONTEXT() REPRESENTATION_CONTEXT('2D SPACE',''
  ) );
#3860 = ORIENTED_EDGE('',*,*,#3861,.T.);
#3861 = EDGE_CURVE('',#3830,#3862,#3864,.T.);
#3862 = VERTEX_POINT('',#3863);
#3863 = CARTESIAN_POINT('',(357.,18.5,0.));
#3864 = SEAM_CURVE('',#3865,(#3869,#3876),.PCURVE_S1.);
#3865 = LINE('',#3866,#3867);
#3866 = CARTESIAN_POINT('',(367.,18.5,0.));
#3867 = VECTOR('',#3868,1.);
#3868 = DIRECTION('',(-1.,0.,0.));
#3869 = PCURVE('',#3577,#3870);
#3870 = DEFINITIONAL_REPRESENTATION('',(#3871),#3875);
#3871 = LINE('',#3872,#3873);
#3872 = CARTESIAN_POINT('',(-6.28318530718,0.));
#3873 = VECTOR('',#3874,1.);
#3874 = DIRECTION('',(-0.,1.));
#3875 = ( GEOMETRIC_REPRESENTATION_CONTEXT(2) 
PARAMETRIC_REPRESENTATION_CONTEXT() REPRESENTATION_CONTEXT('2D SPACE',''
  ) );
#3876 = PCURVE('',#3577,#3877);
#3877 = DEFINITIONAL_REPRESENTATION('',(#3878),#3882);
#3878 = LINE('',#3879,#3880);
#3879 = CARTESIAN_POINT('',(-0.,0.));
#3880 = VECTOR('',#3881,1.);
#3881 = DIRECTION('',(-0.,1.));
#3882 = ( GEOMETRIC_REPRESENTATION_CONTEXT(2) 
PARAMETRIC_REPRESENTATION_CONTEXT() REPRESENTATION_CONTEXT('2D SPACE',''
  ) );
#3883 = ORIENTED_EDGE('',*,*,#3884,.F.);
#3884 = EDGE_CURVE('',#3862,#3862,#3885,.T.);
#3885 = SURFACE_CURVE('',#3886,(#3891,#3898),.PCURVE_S1.);
#3886 = CIRCLE('',#3887,18.5);
#3887 = AXIS2_PLACEMENT_3D('',#3888,#3889,#3890);
#3888 = CARTESIAN_POINT('',(357.,0.,0.));
#3889 = DIRECTION('',(1.,0.,0.));
#3890 = DIRECTION('',(-0.,1.,0.));
#3891 = PCURVE('',#3577,#3892);
#3892 = DEFINITIONAL_REPRESENTATION('',(#3893),#3897);
#3893 = LINE('',#3894,#3895);
#3894 = CARTESIAN_POINT('',(-0.,10.));
#3895 = VECTOR('',#3896,1.);
#3896 = DIRECTION('',(-1.,0.));
#3897 = ( GEOMETRIC_REPRESENTATION_CONTEXT(2) 
PARAMETRIC_REPRESENTATION_CONTEXT() REPRESENTATION_CONTEXT('2D SPACE',''
  ) );
#3898 = PCURVE('',#93,#3899);
#3899 = DEFINITIONAL_REPRESENTATION('',(#3900),#3904);
#3900 = CIRCLE('',#3901,18.5);
#3901 = AXIS2_PLACEMENT_2D('',#3902,#3903);
#3902 = CARTESIAN_POINT('',(120.,-60.));
#3903 = DIRECTION('',(0.,-1.));
#3904 = ( GEOMETRIC_REPRESENTATION_CONTEXT(2) 
PARAMETRIC_REPRESENTATION_CONTEXT() REPRESENTATION_CONTEXT('2D SPACE',''
  ) );
#3905 = ORIENTED_EDGE('',*,*,#3861,.F.);
#3906 = ORIENTED_EDGE('',*,*,#3907,.T.);
#3907 = EDGE_CURVE('',#3830,#3908,#3910,.T.);
#3908 = VERTEX_POINT('',#3909);
#3909 = CARTESIAN_POINT('',(360.32875221481,18.392473165931,
    1.991715552109));
#3910 = SURFACE_CURVE('',#3911,(#3916,#3926),.PCURVE_S1.);
#3911 = ELLIPSE('',#3912,28.780890796918,18.5);
#3912 = AXIS2_PLACEMENT_3D('',#3913,#3914,#3915);
#3913 = CARTESIAN_POINT('',(357.95511805016,0.,0.));
#3914 = DIRECTION('',(0.642787609687,0.,-0.766044443119));
#3915 = DIRECTION('',(-0.766044443119,0.,-0.642787609687));
#3916 = PCURVE('',#3577,#3917);
#3917 = DEFINITIONAL_REPRESENTATION('',(#3918),#3925);
#3918 = B_SPLINE_CURVE_WITH_KNOTS('',5,(#3919,#3920,#3921,#3922,#3923,
    #3924),.UNSPECIFIED.,.F.,.F.,(6,6),(1.570796326795,1.689501236198),
  .PIECEWISE_BEZIER_KNOTS.);
#3919 = CARTESIAN_POINT('',(0.,9.044881949837));
#3920 = CARTESIAN_POINT('',(-2.374098188064E-02,8.52145404155));
#3921 = CARTESIAN_POINT('',(-4.748196376128E-02,7.998026133164));
#3922 = CARTESIAN_POINT('',(-7.122294564192E-02,7.475212854206));
#3923 = CARTESIAN_POINT('',(-9.496392752256E-02,6.953628831783));
#3924 = CARTESIAN_POINT('',(-0.118704909403,6.43388436872));
#3925 = ( GEOMETRIC_REPRESENTATION_CONTEXT(2) 
PARAMETRIC_REPRESENTATION_CONTEXT() REPRESENTATION_CONTEXT('2D SPACE',''
  ) );
#3926 = PCURVE('',#3927,#3932);
#3927 = PLANE('',#3928);
#3928 = AXIS2_PLACEMENT_3D('',#3929,#3930,#3931);
#3929 = CARTESIAN_POINT('',(357.95511805016,0.,0.));
#3930 = DIRECTION('',(0.642787609687,0.,-0.766044443119));
#3931 = DIRECTION('',(0.766044443119,0.,0.642787609687));
#3932 = DEFINITIONAL_REPRESENTATION('',(#3933),#3937);
#3933 = ELLIPSE('',#3934,28.780890796918,18.5);
#3934 = AXIS2_PLACEMENT_2D('',#3935,#3936);
#3935 = CARTESIAN_POINT('',(0.,0.));
#3936 = DIRECTION('',(-1.,-0.));
#3937 = ( GEOMETRIC_REPRESENTATION_CONTEXT(2) 
PARAMETRIC_REPRESENTATION_CONTEXT() REPRESENTATION_CONTEXT('2D SPACE',''
  ) );
#3938 = ORIENTED_EDGE('',*,*,#3939,.F.);
#3939 = EDGE_CURVE('',#3940,#3908,#3942,.T.);
#3940 = VERTEX_POINT('',#3941);
#3941 = CARTESIAN_POINT('',(363.67124778518,18.392473165931,
    1.991715552109));
#3942 = SURFACE_CURVE('',#3943,(#3958,#3987),.PCURVE_S1.);
#3943 = B_SPLINE_CURVE_WITH_KNOTS('',7,(#3944,#3945,#3946,#3947,#3948,
    #3949,#3950,#3951,#3952,#3953,#3954,#3955,#3956,#3957),
  .UNSPECIFIED.,.F.,.F.,(8,6,8),(0.,1.,2.),.UNSPECIFIED.);
#3944 = CARTESIAN_POINT('',(363.67124778518,18.392473165931,
    1.991715552109));
#3945 = CARTESIAN_POINT('',(363.45848326626,18.373140136174,
    2.170246181464));
#3946 = CARTESIAN_POINT('',(363.23086163954,18.355304746761,
    2.316057615041));
#3947 = CARTESIAN_POINT('',(362.99327384954,18.340140814885,
    2.430691416418));
#3948 = CARTESIAN_POINT('',(362.74910692918,18.328368284906,
    2.515588983492));
#3949 = CARTESIAN_POINT('',(362.50085848346,18.320384203679,
    2.571834205381));
#3950 = CARTESIAN_POINT('',(362.25054081572,18.316386106435,2.6));
#3951 = CARTESIAN_POINT('',(361.74945918427,18.316386106435,2.6));
#3952 = CARTESIAN_POINT('',(361.49914151653,18.320384203679,
    2.571834205381));
#3953 = CARTESIAN_POINT('',(361.25089307082,18.328368284906,
    2.515588983492));
#3954 = CARTESIAN_POINT('',(361.00672615045,18.340140814885,
    2.430691416418));
#3955 = CARTESIAN_POINT('',(360.76913836045,18.355304746761,
    2.316057615041));
#3956 = CARTESIAN_POINT('',(360.54151673373,18.373140136174,
    2.170246181464));
#3957 = CARTESIAN_POINT('',(360.32875221481,18.392473165931,
    1.991715552109));
#3958 = PCURVE('',#3577,#3959);
#3959 = DEFINITIONAL_REPRESENTATION('',(#3960),#3986);
#3960 = B_SPLINE_CURVE_WITH_KNOTS('',3,(#3961,#3962,#3963,#3964,#3965,
    #3966,#3967,#3968,#3969,#3970,#3971,#3972,#3973,#3974,#3975,#3976,
    #3977,#3978,#3979,#3980,#3981,#3982,#3983,#3984,#3985),
  .UNSPECIFIED.,.F.,.F.,(4,1,1,1,1,1,1,1,1,1,1,1,1,1,1,1,1,1,1,1,1,1,4),
  (0.,9.090909090907E-02,0.181818181818,0.272727272727,0.363636363636,
    0.454545454545,0.545454545454,0.636363636363,0.727272727273,
    0.818181818182,0.909090909091,1.,1.090909090909,1.181818181818,
    1.272727272727,1.363636363636,1.454545454545,1.545454545454,
    1.636363636363,1.727272727272,1.818181818181,1.90909090909,2.),
  .QUASI_UNIFORM_KNOTS.);
#3961 = CARTESIAN_POINT('',(-0.107869369527,3.328752214815));
#3962 = CARTESIAN_POINT('',(-0.109928328179,3.373890351714));
#3963 = CARTESIAN_POINT('',(-0.11384195306,3.465861577859));
#3964 = CARTESIAN_POINT('',(-0.119111005324,3.608256315423));
#3965 = CARTESIAN_POINT('',(-0.123790407968,3.754414509463));
#3966 = CARTESIAN_POINT('',(-0.127891045143,3.903757909232));
#3967 = CARTESIAN_POINT('',(-0.131423029143,4.055760763699));
#3968 = CARTESIAN_POINT('',(-0.134395475161,4.209951551807));
#3969 = CARTESIAN_POINT('',(-0.136816366765,4.365903399193));
#3970 = CARTESIAN_POINT('',(-0.138692405255,4.523227140336));
#3971 = CARTESIAN_POINT('',(-0.140028870736,4.681567731062));
#3972 = CARTESIAN_POINT('',(-0.140829485962,4.840587038234));
#3973 = CARTESIAN_POINT('',(-0.141096286234,5.));
#3974 = CARTESIAN_POINT('',(-0.140829485962,5.159412961765));
#3975 = CARTESIAN_POINT('',(-0.140028870736,5.318432268937));
#3976 = CARTESIAN_POINT('',(-0.138692405255,5.476772859664));
#3977 = CARTESIAN_POINT('',(-0.136816366765,5.634096600806));
#3978 = CARTESIAN_POINT('',(-0.134395475161,5.790048448193));
#3979 = CARTESIAN_POINT('',(-0.131423029143,5.944239236301));
#3980 = CARTESIAN_POINT('',(-0.127891045143,6.096242090767));
#3981 = CARTESIAN_POINT('',(-0.123790407968,6.245585490537));
#3982 = CARTESIAN_POINT('',(-0.119111005324,6.391743684577));
#3983 = CARTESIAN_POINT('',(-0.11384195306,6.534138422142));
#3984 = CARTESIAN_POINT('',(-0.109928328179,6.626109648286));
#3985 = CARTESIAN_POINT('',(-0.107869369527,6.671247785185));
#3986 = ( GEOMETRIC_REPRESENTATION_CONTEXT(2) 
PARAMETRIC_REPRESENTATION_CONTEXT() REPRESENTATION_CONTEXT('2D SPACE',''
  ) );
#3987 = PCURVE('',#3988,#3993);
#3988 = CYLINDRICAL_SURFACE('',#3989,2.6);
#3989 = AXIS2_PLACEMENT_3D('',#3990,#3991,#3992);
#3990 = CARTESIAN_POINT('',(362.,0.,0.));
#3991 = DIRECTION('',(0.,1.,0.));
#3992 = DIRECTION('',(0.,0.,1.));
#3993 = DEFINITIONAL_REPRESENTATION('',(#3994),#4020);
#3994 = B_SPLINE_CURVE_WITH_KNOTS('',3,(#3995,#3996,#3997,#3998,#3999,
    #4000,#4001,#4002,#4003,#4004,#4005,#4006,#4007,#4008,#4009,#4010,
    #4011,#4012,#4013,#4014,#4015,#4016,#4017,#4018,#4019),
  .UNSPECIFIED.,.F.,.F.,(4,1,1,1,1,1,1,1,1,1,1,1,1,1,1,1,1,1,1,1,1,1,4),
  (0.,9.090909090907E-02,0.181818181818,0.272727272727,0.363636363636,
    0.454545454545,0.545454545454,0.636363636363,0.727272727273,
    0.818181818182,0.909090909091,1.,1.090909090909,1.181818181818,
    1.272727272727,1.363636363636,1.454545454545,1.545454545454,
    1.636363636363,1.727272727272,1.818181818181,1.90909090909,2.),
  .QUASI_UNIFORM_KNOTS.);
#3995 = CARTESIAN_POINT('',(6.981317007977,18.392473165931));
#3996 = CARTESIAN_POINT('',(6.958657924171,18.388370252717));
#3997 = CARTESIAN_POINT('',(6.913766433869,18.380345232787));
#3998 = CARTESIAN_POINT('',(6.847577207913,18.368996597898));
#3999 = CARTESIAN_POINT('',(6.782401115045,18.358492136588));
#4000 = CARTESIAN_POINT('',(6.718113267777,18.348956316736));
#4001 = CARTESIAN_POINT('',(6.654593070376,18.34049585436));
#4002 = CARTESIAN_POINT('',(6.591723958035,18.333198538479));
#4003 = CARTESIAN_POINT('',(6.529391882912,18.327135716213));
#4004 = CARTESIAN_POINT('',(6.467484673865,18.322363610077));
#4005 = CARTESIAN_POINT('',(6.405889866288,18.318924727548));
#4006 = CARTESIAN_POINT('',(6.3444979802,18.316848992845));
#4007 = CARTESIAN_POINT('',(6.28318530718,18.31615466323));
#4008 = CARTESIAN_POINT('',(6.221872634159,18.316848992845));
#4009 = CARTESIAN_POINT('',(6.160480748071,18.318924727548));
#4010 = CARTESIAN_POINT('',(6.098885940495,18.322363610077));
#4011 = CARTESIAN_POINT('',(6.036978731448,18.327135716213));
#4012 = CARTESIAN_POINT('',(5.974646656325,18.333198538479));
#4013 = CARTESIAN_POINT('',(5.911777543983,18.340495854359));
#4014 = CARTESIAN_POINT('',(5.848257346583,18.348956316736));
#4015 = CARTESIAN_POINT('',(5.783969499314,18.358492136588));
#4016 = CARTESIAN_POINT('',(5.718793406446,18.368996597898));
#4017 = CARTESIAN_POINT('',(5.65260418049,18.380345232787));
#4018 = CARTESIAN_POINT('',(5.607712690188,18.388370252717));
#4019 = CARTESIAN_POINT('',(5.585053606382,18.392473165931));
#4020 = ( GEOMETRIC_REPRESENTATION_CONTEXT(2) 
PARAMETRIC_REPRESENTATION_CONTEXT() REPRESENTATION_CONTEXT('2D SPACE',''
  ) );
#4021 = ORIENTED_EDGE('',*,*,#4022,.T.);
#4022 = EDGE_CURVE('',#3940,#3696,#4023,.T.);
#4023 = SURFACE_CURVE('',#4024,(#4029,#4039),.PCURVE_S1.);
#4024 = ELLIPSE('',#4025,28.780890796918,18.5);
#4025 = AXIS2_PLACEMENT_3D('',#4026,#4027,#4028);
#4026 = CARTESIAN_POINT('',(366.04488194983,0.,0.));
#4027 = DIRECTION('',(-0.642787609687,0.,-0.766044443119));
#4028 = DIRECTION('',(-0.766044443119,0.,0.642787609687));
#4029 = PCURVE('',#3577,#4030);
#4030 = DEFINITIONAL_REPRESENTATION('',(#4031),#4038);
#4031 = B_SPLINE_CURVE_WITH_KNOTS('',5,(#4032,#4033,#4034,#4035,#4036,
    #4037),.UNSPECIFIED.,.F.,.F.,(6,6),(1.452091417392,1.570796326795),
  .PIECEWISE_BEZIER_KNOTS.);
#4032 = CARTESIAN_POINT('',(-0.118704909403,3.56611563128));
#4033 = CARTESIAN_POINT('',(-9.496392752256E-02,3.046371168217));
#4034 = CARTESIAN_POINT('',(-7.122294564192E-02,2.524787145794));
#4035 = CARTESIAN_POINT('',(-4.748196376128E-02,2.001973866836));
#4036 = CARTESIAN_POINT('',(-2.374098188064E-02,1.47854595845));
#4037 = CARTESIAN_POINT('',(-6.123233995737E-17,0.955118050163));
#4038 = ( GEOMETRIC_REPRESENTATION_CONTEXT(2) 
PARAMETRIC_REPRESENTATION_CONTEXT() REPRESENTATION_CONTEXT('2D SPACE',''
  ) );
#4039 = PCURVE('',#4040,#4045);
#4040 = PLANE('',#4041);
#4041 = AXIS2_PLACEMENT_3D('',#4042,#4043,#4044);
#4042 = CARTESIAN_POINT('',(366.04488194983,0.,0.));
#4043 = DIRECTION('',(-0.642787609687,-0.,-0.766044443119));
#4044 = DIRECTION('',(0.766044443119,-0.,-0.642787609687));
#4045 = DEFINITIONAL_REPRESENTATION('',(#4046),#4050);
#4046 = ELLIPSE('',#4047,28.780890796918,18.5);
#4047 = AXIS2_PLACEMENT_2D('',#4048,#4049);
#4048 = CARTESIAN_POINT('',(-4.354458514621E-14,0.));
#4049 = DIRECTION('',(-1.,0.));
#4050 = ( GEOMETRIC_REPRESENTATION_CONTEXT(2) 
PARAMETRIC_REPRESENTATION_CONTEXT() REPRESENTATION_CONTEXT('2D SPACE',''
  ) );
#4051 = ORIENTED_EDGE('',*,*,#3695,.F.);
#4052 = ORIENTED_EDGE('',*,*,#4053,.T.);
#4053 = EDGE_CURVE('',#3667,#4054,#4056,.T.);
#4054 = VERTEX_POINT('',#4055);
#4055 = CARTESIAN_POINT('',(367.,-9.4,-15.93392606986));
#4056 = SURFACE_CURVE('',#4057,(#4062,#4069),.PCURVE_S1.);
#4057 = CIRCLE('',#4058,18.5);
#4058 = AXIS2_PLACEMENT_3D('',#4059,#4060,#4061);
#4059 = CARTESIAN_POINT('',(367.,0.,0.));
#4060 = DIRECTION('',(1.,0.,0.));
#4061 = DIRECTION('',(-0.,1.,0.));
#4062 = PCURVE('',#3577,#4063);
#4063 = DEFINITIONAL_REPRESENTATION('',(#4064),#4068);
#4064 = LINE('',#4065,#4066);
#4065 = CARTESIAN_POINT('',(-0.,0.));
#4066 = VECTOR('',#4067,1.);
#4067 = DIRECTION('',(-1.,0.));
#4068 = ( GEOMETRIC_REPRESENTATION_CONTEXT(2) 
PARAMETRIC_REPRESENTATION_CONTEXT() REPRESENTATION_CONTEXT('2D SPACE',''
  ) );
#4069 = PCURVE('',#3683,#4070);
#4070 = DEFINITIONAL_REPRESENTATION('',(#4071),#4075);
#4071 = CIRCLE('',#4072,18.5);
#4072 = AXIS2_PLACEMENT_2D('',#4073,#4074);
#4073 = CARTESIAN_POINT('',(0.,0.));
#4074 = DIRECTION('',(1.,-0.));
#4075 = ( GEOMETRIC_REPRESENTATION_CONTEXT(2) 
PARAMETRIC_REPRESENTATION_CONTEXT() REPRESENTATION_CONTEXT('2D SPACE',''
  ) );
#4076 = ORIENTED_EDGE('',*,*,#4077,.T.);
#4077 = EDGE_CURVE('',#4054,#4078,#4080,.T.);
#4078 = VERTEX_POINT('',#4079);
#4079 = CARTESIAN_POINT('',(364.73,-9.4,-15.93392606986));
#4080 = SURFACE_CURVE('',#4081,(#4085,#4091),.PCURVE_S1.);
#4081 = LINE('',#4082,#4083);
#4082 = CARTESIAN_POINT('',(367.,-9.4,-15.93392606986));
#4083 = VECTOR('',#4084,1.);
#4084 = DIRECTION('',(-1.,-0.,-0.));
#4085 = PCURVE('',#3577,#4086);
#4086 = DEFINITIONAL_REPRESENTATION('',(#4087),#4090);
#4087 = B_SPLINE_CURVE_WITH_KNOTS('',1,(#4088,#4089),.UNSPECIFIED.,.F.,
  .F.,(2,2),(-6.000000212225E-07,4.379),.PIECEWISE_BEZIER_KNOTS.);
#4088 = CARTESIAN_POINT('',(-4.179402187932,-6.000000212225E-07));
#4089 = CARTESIAN_POINT('',(-4.179402187932,4.379));
#4090 = ( GEOMETRIC_REPRESENTATION_CONTEXT(2) 
PARAMETRIC_REPRESENTATION_CONTEXT() REPRESENTATION_CONTEXT('2D SPACE',''
  ) );
#4091 = PCURVE('',#4092,#4097);
#4092 = PLANE('',#4093);
#4093 = AXIS2_PLACEMENT_3D('',#4094,#4095,#4096);
#4094 = CARTESIAN_POINT('',(364.73,-9.4,-21.));
#4095 = DIRECTION('',(-0.,1.,0.));
#4096 = DIRECTION('',(0.,0.,1.));
#4097 = DEFINITIONAL_REPRESENTATION('',(#4098),#4101);
#4098 = B_SPLINE_CURVE_WITH_KNOTS('',1,(#4099,#4100),.UNSPECIFIED.,.F.,
  .F.,(2,2),(-6.000000212225E-07,4.379),.PIECEWISE_BEZIER_KNOTS.);
#4099 = CARTESIAN_POINT('',(5.066073930133,2.2700006));
#4100 = CARTESIAN_POINT('',(5.066073930133,-2.109));
#4101 = ( GEOMETRIC_REPRESENTATION_CONTEXT(2) 
PARAMETRIC_REPRESENTATION_CONTEXT() REPRESENTATION_CONTEXT('2D SPACE',''
  ) );
#4102 = ORIENTED_EDGE('',*,*,#4103,.F.);
#4103 = EDGE_CURVE('',#3641,#4078,#4104,.T.);
#4104 = SURFACE_CURVE('',#4105,(#4110,#4117),.PCURVE_S1.);
#4105 = CIRCLE('',#4106,18.5);
#4106 = AXIS2_PLACEMENT_3D('',#4107,#4108,#4109);
#4107 = CARTESIAN_POINT('',(364.73,0.,0.));
#4108 = DIRECTION('',(-1.,0.,0.));
#4109 = DIRECTION('',(0.,1.,0.));
#4110 = PCURVE('',#3577,#4111);
#4111 = DEFINITIONAL_REPRESENTATION('',(#4112),#4116);
#4112 = LINE('',#4113,#4114);
#4113 = CARTESIAN_POINT('',(-6.28318530718,2.27));
#4114 = VECTOR('',#4115,1.);
#4115 = DIRECTION('',(1.,-0.));
#4116 = ( GEOMETRIC_REPRESENTATION_CONTEXT(2) 
PARAMETRIC_REPRESENTATION_CONTEXT() REPRESENTATION_CONTEXT('2D SPACE',''
  ) );
#4117 = PCURVE('',#4118,#4123);
#4118 = PLANE('',#4119);
#4119 = AXIS2_PLACEMENT_3D('',#4120,#4121,#4122);
#4120 = CARTESIAN_POINT('',(364.73,-9.4,-21.));
#4121 = DIRECTION('',(1.,0.,-0.));
#4122 = DIRECTION('',(0.,0.,1.));
#4123 = DEFINITIONAL_REPRESENTATION('',(#4124),#4132);
#4124 = ( BOUNDED_CURVE() B_SPLINE_CURVE(2,(#4125,#4126,#4127,#4128,
#4129,#4130,#4131),.UNSPECIFIED.,.T.,.F.) B_SPLINE_CURVE_WITH_KNOTS((1,2
    ,2,2,2,1),(-2.094395102393,0.,2.094395102393,4.188790204786,
6.28318530718,8.377580409573),.UNSPECIFIED.) CURVE() 
GEOMETRIC_REPRESENTATION_ITEM() RATIONAL_B_SPLINE_CURVE((1.,0.5,1.,0.5,
1.,0.5,1.)) REPRESENTATION_ITEM('') );
#4125 = CARTESIAN_POINT('',(21.,-27.9));
#4126 = CARTESIAN_POINT('',(-11.04293994002,-27.9));
#4127 = CARTESIAN_POINT('',(4.978530029988,-0.15));
#4128 = CARTESIAN_POINT('',(21.,27.6));
#4129 = CARTESIAN_POINT('',(37.021469970012,-0.15));
#4130 = CARTESIAN_POINT('',(53.042939940024,-27.9));
#4131 = CARTESIAN_POINT('',(21.,-27.9));
#4132 = ( GEOMETRIC_REPRESENTATION_CONTEXT(2) 
PARAMETRIC_REPRESENTATION_CONTEXT() REPRESENTATION_CONTEXT('2D SPACE',''
  ) );
#4133 = FACE_BOUND('',#4134,.F.);
#4134 = EDGE_LOOP('',(#4135,#4169,#4201,#4284,#4316,#4348));
#4135 = ORIENTED_EDGE('',*,*,#4136,.T.);
#4136 = EDGE_CURVE('',#4137,#4139,#4141,.T.);
#4137 = VERTEX_POINT('',#4138);
#4138 = CARTESIAN_POINT('',(360.32875221481,-18.39247316593,
    1.991715552109));
#4139 = VERTEX_POINT('',#4140);
#4140 = CARTESIAN_POINT('',(357.95511805016,-18.5,2.265596578423E-15));
#4141 = SURFACE_CURVE('',#4142,(#4147,#4157),.PCURVE_S1.);
#4142 = ELLIPSE('',#4143,28.780890796918,18.5);
#4143 = AXIS2_PLACEMENT_3D('',#4144,#4145,#4146);
#4144 = CARTESIAN_POINT('',(357.95511805016,0.,0.));
#4145 = DIRECTION('',(0.642787609687,-9.381338752703E-17,-0.766044443119
    ));
#4146 = DIRECTION('',(-0.766044443119,-7.871877887342E-17,
    -0.642787609687));
#4147 = PCURVE('',#3577,#4148);
#4148 = DEFINITIONAL_REPRESENTATION('',(#4149),#4156);
#4149 = B_SPLINE_CURVE_WITH_KNOTS('',5,(#4150,#4151,#4152,#4153,#4154,
    #4155),.UNSPECIFIED.,.F.,.F.,(6,6),(4.593684070981,4.723155218384),
  .PIECEWISE_BEZIER_KNOTS.);
#4150 = CARTESIAN_POINT('',(-3.022887744187,6.43388436872));
#4151 = CARTESIAN_POINT('',(-3.048781973667,7.000768352939));
#4152 = CARTESIAN_POINT('',(-3.074676203148,7.569840715607));
#4153 = CARTESIAN_POINT('',(-3.100570432628,8.140309578869));
#4154 = CARTESIAN_POINT('',(-3.126464662109,8.711376944416));
#4155 = CARTESIAN_POINT('',(-3.152358891589,9.282245366302));
#4156 = ( GEOMETRIC_REPRESENTATION_CONTEXT(2) 
PARAMETRIC_REPRESENTATION_CONTEXT() REPRESENTATION_CONTEXT('2D SPACE',''
  ) );
#4157 = PCURVE('',#4158,#4163);
#4158 = PLANE('',#4159);
#4159 = AXIS2_PLACEMENT_3D('',#4160,#4161,#4162);
#4160 = CARTESIAN_POINT('',(360.32875221481,2.439148075703E-16,
    1.991715552109));
#4161 = DIRECTION('',(0.642787609687,-9.381338752703E-17,-0.766044443119
    ));
#4162 = DIRECTION('',(-0.766044443119,-7.871877887342E-17,
    -0.642787609687));
#4163 = DEFINITIONAL_REPRESENTATION('',(#4164),#4168);
#4164 = ELLIPSE('',#4165,28.780890796918,18.5);
#4165 = AXIS2_PLACEMENT_2D('',#4166,#4167);
#4166 = CARTESIAN_POINT('',(3.098559340745,0.));
#4167 = DIRECTION('',(1.,0.));
#4168 = ( GEOMETRIC_REPRESENTATION_CONTEXT(2) 
PARAMETRIC_REPRESENTATION_CONTEXT() REPRESENTATION_CONTEXT('2D SPACE',''
  ) );
#4169 = ORIENTED_EDGE('',*,*,#4170,.T.);
#4170 = EDGE_CURVE('',#4139,#4171,#4173,.T.);
#4171 = VERTEX_POINT('',#4172);
#4172 = CARTESIAN_POINT('',(360.32875221481,-18.39247316593,
    -1.991715552109));
#4173 = SURFACE_CURVE('',#4174,(#4179,#4189),.PCURVE_S1.);
#4174 = ELLIPSE('',#4175,28.780890796918,18.5);
#4175 = AXIS2_PLACEMENT_3D('',#4176,#4177,#4178);
#4176 = CARTESIAN_POINT('',(357.95511805016,0.,0.));
#4177 = DIRECTION('',(0.642787609687,9.381338752703E-17,0.766044443119)
  );
#4178 = DIRECTION('',(-0.766044443119,7.871877887342E-17,0.642787609687)
  );
#4179 = PCURVE('',#3577,#4180);
#4180 = DEFINITIONAL_REPRESENTATION('',(#4181),#4188);
#4181 = B_SPLINE_CURVE_WITH_KNOTS('',5,(#4182,#4183,#4184,#4185,#4186,
    #4187),.UNSPECIFIED.,.F.,.F.,(6,6),(1.560030088796,1.689501236198),
  .PIECEWISE_BEZIER_KNOTS.);
#4182 = CARTESIAN_POINT('',(-3.13082641559,9.282245366302));
#4183 = CARTESIAN_POINT('',(-3.156720645071,8.711376944416));
#4184 = CARTESIAN_POINT('',(-3.182614874551,8.140309578869));
#4185 = CARTESIAN_POINT('',(-3.208509104032,7.569840715608));
#4186 = CARTESIAN_POINT('',(-3.234403333512,7.000768352939));
#4187 = CARTESIAN_POINT('',(-3.260297562993,6.43388436872));
#4188 = ( GEOMETRIC_REPRESENTATION_CONTEXT(2) 
PARAMETRIC_REPRESENTATION_CONTEXT() REPRESENTATION_CONTEXT('2D SPACE',''
  ) );
#4189 = PCURVE('',#4190,#4195);
#4190 = PLANE('',#4191);
#4191 = AXIS2_PLACEMENT_3D('',#4192,#4193,#4194);
#4192 = CARTESIAN_POINT('',(357.95511805016,0.,0.));
#4193 = DIRECTION('',(0.642787609687,9.381338752703E-17,0.766044443119)
  );
#4194 = DIRECTION('',(0.766044443119,-7.871877887342E-17,-0.642787609687
    ));
#4195 = DEFINITIONAL_REPRESENTATION('',(#4196),#4200);
#4196 = ELLIPSE('',#4197,28.780890796918,18.5);
#4197 = AXIS2_PLACEMENT_2D('',#4198,#4199);
#4198 = CARTESIAN_POINT('',(0.,0.));
#4199 = DIRECTION('',(-1.,0.));
#4200 = ( GEOMETRIC_REPRESENTATION_CONTEXT(2) 
PARAMETRIC_REPRESENTATION_CONTEXT() REPRESENTATION_CONTEXT('2D SPACE',''
  ) );
#4201 = ORIENTED_EDGE('',*,*,#4202,.F.);
#4202 = EDGE_CURVE('',#4203,#4171,#4205,.T.);
#4203 = VERTEX_POINT('',#4204);
#4204 = CARTESIAN_POINT('',(363.67124778518,-18.39247316593,
    -1.991715552109));
#4205 = SURFACE_CURVE('',#4206,(#4221,#4250),.PCURVE_S1.);
#4206 = B_SPLINE_CURVE_WITH_KNOTS('',7,(#4207,#4208,#4209,#4210,#4211,
    #4212,#4213,#4214,#4215,#4216,#4217,#4218,#4219,#4220),
  .UNSPECIFIED.,.F.,.F.,(8,6,8),(0.,1.,1.999971559022),.UNSPECIFIED.);
#4207 = CARTESIAN_POINT('',(363.67124778518,-18.39247316593,
    -1.991715552109));
#4208 = CARTESIAN_POINT('',(363.45847516579,-18.37313940011,
    -2.170252978563));
#4209 = CARTESIAN_POINT('',(363.23085081375,-18.35530399204,
    -2.316063174313));
#4210 = CARTESIAN_POINT('',(362.99326660496,-18.34014054994,
    -2.43069301516));
#4211 = CARTESIAN_POINT('',(362.74910627561,-18.32836847827,
    -2.515587660895));
#4212 = CARTESIAN_POINT('',(362.50086384651,-18.32038442712,
    -2.571832618014));
#4213 = CARTESIAN_POINT('',(362.25054808815,-18.31638610643,-2.6));
#4214 = CARTESIAN_POINT('',(361.74945903767,-18.31638610643,-2.6));
#4215 = CARTESIAN_POINT('',(361.49914115704,-18.32038420842,
    -2.571834172098));
#4216 = CARTESIAN_POINT('',(361.25089257309,-18.32836830241,
    -2.515588859395));
#4217 = CARTESIAN_POINT('',(361.00672565993,-18.34014084541,
    -2.430691198605));
#4218 = CARTESIAN_POINT('',(360.76913804764,-18.35530477238,
    -2.316057397754));
#4219 = CARTESIAN_POINT('',(360.54151662622,-18.37314014594,
    -2.170246091253));
#4220 = CARTESIAN_POINT('',(360.32875221481,-18.39247316593,
    -1.991715552109));
#4221 = PCURVE('',#3577,#4222);
#4222 = DEFINITIONAL_REPRESENTATION('',(#4223),#4249);
#4223 = B_SPLINE_CURVE_WITH_KNOTS('',3,(#4224,#4225,#4226,#4227,#4228,
    #4229,#4230,#4231,#4232,#4233,#4234,#4235,#4236,#4237,#4238,#4239,
    #4240,#4241,#4242,#4243,#4244,#4245,#4246,#4247,#4248),
  .UNSPECIFIED.,.F.,.F.,(4,1,1,1,1,1,1,1,1,1,1,1,1,1,1,1,1,1,1,1,1,1,4),
  (0.,9.090779813736E-02,0.181815596275,0.272723394412,0.363631192549,
    0.454538990687,0.545446788824,0.636354586962,0.727262385099,
    0.818170183236,0.909077981374,0.999985779511,1.090893577648,
    1.181801375786,1.272709173923,1.36361697206,1.454524770198,
    1.545432568335,1.636340366473,1.72724816461,1.818155962747,
    1.909063760885,1.999971559022),.QUASI_UNIFORM_KNOTS.);
#4224 = CARTESIAN_POINT('',(-3.249462023116,3.328752214815));
#4225 = CARTESIAN_POINT('',(-3.25152103044,3.373891442574));
#4226 = CARTESIAN_POINT('',(-3.25543470969,3.465864123563));
#4227 = CARTESIAN_POINT('',(-3.260703751142,3.608259050756));
#4228 = CARTESIAN_POINT('',(-3.265383089334,3.754415572792));
#4229 = CARTESIAN_POINT('',(-3.269483639553,3.903755769361));
#4230 = CARTESIAN_POINT('',(-3.273015539732,4.055754301664));
#4231 = CARTESIAN_POINT('',(-3.275987924157,4.209940135316));
#4232 = CARTESIAN_POINT('',(-3.278408788793,4.365886936109));
#4233 = CARTESIAN_POINT('',(-3.280284840266,4.523206106191));
#4234 = CARTESIAN_POINT('',(-3.281621356726,4.681543252582));
#4235 = CARTESIAN_POINT('',(-3.282422051306,4.840560755693));
#4236 = CARTESIAN_POINT('',(-3.282688942321,4.999974778336));
#4237 = CARTESIAN_POINT('',(-3.28242221777,5.159390488485));
#4238 = CARTESIAN_POINT('',(-3.281621662267,5.318412144489));
#4239 = CARTESIAN_POINT('',(-3.280285241092,5.47675520803));
#4240 = CARTESIAN_POINT('',(-3.278409231734,5.634081374512));
#4241 = CARTESIAN_POINT('',(-3.275988354436,5.790035618898));
#4242 = CARTESIAN_POINT('',(-3.273015908168,5.944228748043));
#4243 = CARTESIAN_POINT('',(-3.269483909519,6.096233876667));
#4244 = CARTESIAN_POINT('',(-3.265383243264,6.245579472163));
#4245 = CARTESIAN_POINT('',(-3.260703796798,6.391739775162));
#4246 = CARTESIAN_POINT('',(-3.255434685359,6.534136527764));
#4247 = CARTESIAN_POINT('',(-3.251521009967,6.626109029081));
#4248 = CARTESIAN_POINT('',(-3.249462023116,6.671247785185));
#4249 = ( GEOMETRIC_REPRESENTATION_CONTEXT(2) 
PARAMETRIC_REPRESENTATION_CONTEXT() REPRESENTATION_CONTEXT('2D SPACE',''
  ) );
#4250 = PCURVE('',#4251,#4256);
#4251 = CYLINDRICAL_SURFACE('',#4252,2.6);
#4252 = AXIS2_PLACEMENT_3D('',#4253,#4254,#4255);
#4253 = CARTESIAN_POINT('',(362.,0.,0.));
#4254 = DIRECTION('',(0.,-1.,1.224646799147E-16));
#4255 = DIRECTION('',(0.,-1.224646799147E-16,-1.));
#4256 = DEFINITIONAL_REPRESENTATION('',(#4257),#4283);
#4257 = B_SPLINE_CURVE_WITH_KNOTS('',3,(#4258,#4259,#4260,#4261,#4262,
    #4263,#4264,#4265,#4266,#4267,#4268,#4269,#4270,#4271,#4272,#4273,
    #4274,#4275,#4276,#4277,#4278,#4279,#4280,#4281,#4282),
  .UNSPECIFIED.,.F.,.F.,(4,1,1,1,1,1,1,1,1,1,1,1,1,1,1,1,1,1,1,1,1,1,4),
  (0.,9.090779813736E-02,0.181815596275,0.272723394412,0.363631192549,
    0.454538990687,0.545446788824,0.636354586962,0.727262385099,
    0.818170183236,0.909077981374,0.999985779511,1.090893577648,
    1.181801375786,1.272709173923,1.36361697206,1.454524770198,
    1.545432568335,1.636340366473,1.72724816461,1.818155962747,
    1.909063760885,1.999971559022),.QUASI_UNIFORM_KNOTS.);
#4258 = CARTESIAN_POINT('',(6.981317007977,18.392473165931));
#4259 = CARTESIAN_POINT('',(6.958657383255,18.388370154157));
#4260 = CARTESIAN_POINT('',(6.913765213731,18.380345018206));
#4261 = CARTESIAN_POINT('',(6.847575971858,18.368996393911));
#4262 = CARTESIAN_POINT('',(6.782400662432,18.358492071068));
#4263 = CARTESIAN_POINT('',(6.718114189667,18.348956454085));
#4264 = CARTESIAN_POINT('',(6.65459575071,18.340496199372));
#4265 = CARTESIAN_POINT('',(6.591728576757,18.333199044894));
#4266 = CARTESIAN_POINT('',(6.529398417483,18.327136300567));
#4267 = CARTESIAN_POINT('',(6.467492903858,18.32236416955));
#4268 = CARTESIAN_POINT('',(6.405899348648,18.318925160656));
#4269 = CARTESIAN_POINT('',(6.344508101458,18.316849222138));
#4270 = CARTESIAN_POINT('',(6.28319500166,18.316154656771));
#4271 = CARTESIAN_POINT('',(6.221881289778,18.31684878949));
#4272 = CARTESIAN_POINT('',(6.160488544151,18.31892437103));
#4273 = CARTESIAN_POINT('',(6.098892845545,18.322363143592));
#4274 = CARTESIAN_POINT('',(6.036984770393,18.327135182565));
#4275 = CARTESIAN_POINT('',(5.97465183751,18.333197978917));
#4276 = CARTESIAN_POINT('',(5.911781877141,18.340495307969));
#4277 = CARTESIAN_POINT('',(5.848260836138,18.348955819876));
#4278 = CARTESIAN_POINT('',(5.783972143979,18.35849172249));
#4279 = CARTESIAN_POINT('',(5.718795196675,18.368996296316));
#4280 = CARTESIAN_POINT('',(5.652605096475,18.380345069723));
#4281 = CARTESIAN_POINT('',(5.607713000731,18.388370196424));
#4282 = CARTESIAN_POINT('',(5.585053606382,18.392473165931));
#4283 = ( GEOMETRIC_REPRESENTATION_CONTEXT(2) 
PARAMETRIC_REPRESENTATION_CONTEXT() REPRESENTATION_CONTEXT('2D SPACE',''
  ) );
#4284 = ORIENTED_EDGE('',*,*,#4285,.T.);
#4285 = EDGE_CURVE('',#4203,#4286,#4288,.T.);
#4286 = VERTEX_POINT('',#4287);
#4287 = CARTESIAN_POINT('',(366.04488194983,-18.5,2.265596578423E-15));
#4288 = SURFACE_CURVE('',#4289,(#4294,#4304),.PCURVE_S1.);
#4289 = ELLIPSE('',#4290,28.780890796918,18.5);
#4290 = AXIS2_PLACEMENT_3D('',#4291,#4292,#4293);
#4291 = CARTESIAN_POINT('',(366.04488194983,0.,0.));
#4292 = DIRECTION('',(-0.642787609687,9.381338752703E-17,0.766044443119)
  );
#4293 = DIRECTION('',(-0.766044443119,-7.871877887342E-17,
    -0.642787609687));
#4294 = PCURVE('',#3577,#4295);
#4295 = DEFINITIONAL_REPRESENTATION('',(#4296),#4303);
#4296 = B_SPLINE_CURVE_WITH_KNOTS('',5,(#4297,#4298,#4299,#4300,#4301,
    #4302),.UNSPECIFIED.,.F.,.F.,(6,6),(1.452091417392,1.581562564794),
  .PIECEWISE_BEZIER_KNOTS.);
#4297 = CARTESIAN_POINT('',(-3.260297562993,3.56611563128));
#4298 = CARTESIAN_POINT('',(-3.234403333512,2.999231647061));
#4299 = CARTESIAN_POINT('',(-3.208509104032,2.430159284392));
#4300 = CARTESIAN_POINT('',(-3.182614874551,1.859690421131));
#4301 = CARTESIAN_POINT('',(-3.156720645071,1.288623055584));
#4302 = CARTESIAN_POINT('',(-3.13082641559,0.717754633698));
#4303 = ( GEOMETRIC_REPRESENTATION_CONTEXT(2) 
PARAMETRIC_REPRESENTATION_CONTEXT() REPRESENTATION_CONTEXT('2D SPACE',''
  ) );
#4304 = PCURVE('',#4305,#4310);
#4305 = PLANE('',#4306);
#4306 = AXIS2_PLACEMENT_3D('',#4307,#4308,#4309);
#4307 = CARTESIAN_POINT('',(366.04488194983,0.,0.));
#4308 = DIRECTION('',(-0.642787609687,9.381338752703E-17,0.766044443119)
  );
#4309 = DIRECTION('',(0.766044443119,7.871877887342E-17,0.642787609687)
  );
#4310 = DEFINITIONAL_REPRESENTATION('',(#4311),#4315);
#4311 = ELLIPSE('',#4312,28.780890796918,18.5);
#4312 = AXIS2_PLACEMENT_2D('',#4313,#4314);
#4313 = CARTESIAN_POINT('',(-4.354458514621E-14,0.));
#4314 = DIRECTION('',(-1.,0.));
#4315 = ( GEOMETRIC_REPRESENTATION_CONTEXT(2) 
PARAMETRIC_REPRESENTATION_CONTEXT() REPRESENTATION_CONTEXT('2D SPACE',''
  ) );
#4316 = ORIENTED_EDGE('',*,*,#4317,.T.);
#4317 = EDGE_CURVE('',#4286,#4318,#4320,.T.);
#4318 = VERTEX_POINT('',#4319);
#4319 = CARTESIAN_POINT('',(363.67124778518,-18.39247316593,
    1.991715552109));
#4320 = SURFACE_CURVE('',#4321,(#4326,#4336),.PCURVE_S1.);
#4321 = ELLIPSE('',#4322,28.780890796918,18.5);
#4322 = AXIS2_PLACEMENT_3D('',#4323,#4324,#4325);
#4323 = CARTESIAN_POINT('',(366.04488194983,0.,0.));
#4324 = DIRECTION('',(-0.642787609687,-9.381338752703E-17,
    -0.766044443119));
#4325 = DIRECTION('',(-0.766044443119,7.871877887342E-17,0.642787609687)
  );
#4326 = PCURVE('',#3577,#4327);
#4327 = DEFINITIONAL_REPRESENTATION('',(#4328),#4335);
#4328 = B_SPLINE_CURVE_WITH_KNOTS('',5,(#4329,#4330,#4331,#4332,#4333,
    #4334),.UNSPECIFIED.,.F.,.F.,(6,6),(4.701622742385,4.831093889788),
  .PIECEWISE_BEZIER_KNOTS.);
#4329 = CARTESIAN_POINT('',(-3.152358891589,0.717754633698));
#4330 = CARTESIAN_POINT('',(-3.126464662109,1.288623055584));
#4331 = CARTESIAN_POINT('',(-3.100570432628,1.859690421131));
#4332 = CARTESIAN_POINT('',(-3.074676203148,2.430159284393));
#4333 = CARTESIAN_POINT('',(-3.048781973667,2.999231647061));
#4334 = CARTESIAN_POINT('',(-3.022887744187,3.56611563128));
#4335 = ( GEOMETRIC_REPRESENTATION_CONTEXT(2) 
PARAMETRIC_REPRESENTATION_CONTEXT() REPRESENTATION_CONTEXT('2D SPACE',''
  ) );
#4336 = PCURVE('',#4337,#4342);
#4337 = PLANE('',#4338);
#4338 = AXIS2_PLACEMENT_3D('',#4339,#4340,#4341);
#4339 = CARTESIAN_POINT('',(363.67124778518,2.439148075703E-16,
    1.991715552109));
#4340 = DIRECTION('',(-0.642787609687,-9.381338752703E-17,
    -0.766044443119));
#4341 = DIRECTION('',(-0.766044443119,7.871877887342E-17,0.642787609687)
  );
#4342 = DEFINITIONAL_REPRESENTATION('',(#4343),#4347);
#4343 = ELLIPSE('',#4344,28.780890796918,18.5);
#4344 = AXIS2_PLACEMENT_2D('',#4345,#4346);
#4345 = CARTESIAN_POINT('',(-3.098559340745,0.));
#4346 = DIRECTION('',(1.,-0.));
#4347 = ( GEOMETRIC_REPRESENTATION_CONTEXT(2) 
PARAMETRIC_REPRESENTATION_CONTEXT() REPRESENTATION_CONTEXT('2D SPACE',''
  ) );
#4348 = ORIENTED_EDGE('',*,*,#4349,.T.);
#4349 = EDGE_CURVE('',#4318,#4137,#4350,.T.);
#4350 = SURFACE_CURVE('',#4351,(#4372,#4396),.PCURVE_S1.);
#4351 = B_SPLINE_CURVE_WITH_KNOTS('',7,(#4352,#4353,#4354,#4355,#4356,
    #4357,#4358,#4359,#4360,#4361,#4362,#4363,#4364,#4365,#4366,#4367,
    #4368,#4369,#4370,#4371),.UNSPECIFIED.,.F.,.F.,(8,6,6,8),(0.,
    0.500088405201,0.766646246181,1.),.UNSPECIFIED.);
#4352 = CARTESIAN_POINT('',(363.67124778518,-18.39247316593,
    1.991715552109));
#4353 = CARTESIAN_POINT('',(363.45848326626,-18.37314013617,
    2.170246181464));
#4354 = CARTESIAN_POINT('',(363.23086163954,-18.35530474676,
    2.316057615041));
#4355 = CARTESIAN_POINT('',(362.99327384954,-18.34014081488,
    2.430691416418));
#4356 = CARTESIAN_POINT('',(362.74910692918,-18.3283682849,
    2.515588983492));
#4357 = CARTESIAN_POINT('',(362.50085848346,-18.32038420367,
    2.571834205381));
#4358 = CARTESIAN_POINT('',(362.25054081572,-18.31638610643,2.6));
#4359 = CARTESIAN_POINT('',(361.86645637406,-18.31638610643,2.6));
#4360 = CARTESIAN_POINT('',(361.73292202377,-18.31752216839,
    2.591997619682));
#4361 = CARTESIAN_POINT('',(361.59970677472,-18.31979351348,
    2.575994839669));
#4362 = CARTESIAN_POINT('',(361.46712470599,-18.323184225,2.551949849141
    ));
#4363 = CARTESIAN_POINT('',(361.33551032741,-18.32766110369,
    2.519779908881));
#4364 = CARTESIAN_POINT('',(361.20523475689,-18.33317152307,
    2.479364214329));
#4365 = CARTESIAN_POINT('',(360.96421739219,-18.34530513308,
    2.387810306018));
#4366 = CARTESIAN_POINT('',(360.8530643378,-18.35170409796,2.33863499192
    ));
#4367 = CARTESIAN_POINT('',(360.74353520763,-18.35878864221,
    2.282911761088));
#4368 = CARTESIAN_POINT('',(360.63594246547,-18.36649621636,
    2.220508797092));
#4369 = CARTESIAN_POINT('',(360.53065023958,-18.37474824566,
    2.151278837941));
#4370 = CARTESIAN_POINT('',(360.42808599651,-18.383447117,2.0750664917)
  );
#4371 = CARTESIAN_POINT('',(360.32875221481,-18.39247316593,
    1.991715552109));
#4372 = PCURVE('',#3577,#4373);
#4373 = DEFINITIONAL_REPRESENTATION('',(#4374),#4395);
#4374 = B_SPLINE_CURVE_WITH_KNOTS('',7,(#4375,#4376,#4377,#4378,#4379,
    #4380,#4381,#4382,#4383,#4384,#4385,#4386,#4387,#4388,#4389,#4390,
    #4391,#4392,#4393,#4394),.UNSPECIFIED.,.F.,.F.,(8,6,6,8),(0.,
    0.500088405201,0.766646246181,1.),.UNSPECIFIED.);
#4375 = CARTESIAN_POINT('',(-3.033723284063,3.328752214815));
#4376 = CARTESIAN_POINT('',(-3.024016561767,3.541516733736));
#4377 = CARTESIAN_POINT('',(-3.016076880073,3.769138360454));
#4378 = CARTESIAN_POINT('',(-3.009826736028,4.006726150459));
#4379 = CARTESIAN_POINT('',(-3.005193801344,4.250893070819));
#4380 = CARTESIAN_POINT('',(-3.002123037615,4.499141516537));
#4381 = CARTESIAN_POINT('',(-3.00058530078,4.749459184275));
#4382 = CARTESIAN_POINT('',(-3.00058530078,5.133543625932));
#4383 = CARTESIAN_POINT('',(-3.001022197501,5.267077976226));
#4384 = CARTESIAN_POINT('',(-3.001895885076,5.400293225274));
#4385 = CARTESIAN_POINT('',(-3.003208473091,5.532875294007));
#4386 = CARTESIAN_POINT('',(-3.004964136786,5.66448967259));
#4387 = CARTESIAN_POINT('',(-3.007168967267,5.794765243108));
#4388 = CARTESIAN_POINT('',(-3.012161099168,6.035782607801));
#4389 = CARTESIAN_POINT('',(-3.014841625516,6.146935662192));
#4390 = CARTESIAN_POINT('',(-3.017877918504,6.256464792363));
#4391 = CARTESIAN_POINT('',(-3.021276640085,6.364057534527));
#4392 = CARTESIAN_POINT('',(-3.025045221421,6.469349760411));
#4393 = CARTESIAN_POINT('',(-3.029191487886,6.571914003482));
#4394 = CARTESIAN_POINT('',(-3.033723284063,6.671247785185));
#4395 = ( GEOMETRIC_REPRESENTATION_CONTEXT(2) 
PARAMETRIC_REPRESENTATION_CONTEXT() REPRESENTATION_CONTEXT('2D SPACE',''
  ) );
#4396 = PCURVE('',#4397,#4402);
#4397 = CYLINDRICAL_SURFACE('',#4398,2.6);
#4398 = AXIS2_PLACEMENT_3D('',#4399,#4400,#4401);
#4399 = CARTESIAN_POINT('',(362.,0.,0.));
#4400 = DIRECTION('',(0.,-1.,1.224646799147E-16));
#4401 = DIRECTION('',(0.,-1.224646799147E-16,-1.));
#4402 = DEFINITIONAL_REPRESENTATION('',(#4403),#4424);
#4403 = B_SPLINE_CURVE_WITH_KNOTS('',7,(#4404,#4405,#4406,#4407,#4408,
    #4409,#4410,#4411,#4412,#4413,#4414,#4415,#4416,#4417,#4418,#4419,
    #4420,#4421,#4422,#4423),.UNSPECIFIED.,.F.,.F.,(8,6,6,8),(0.,
    0.500088405201,0.766646246181,1.),.UNSPECIFIED.);
#4404 = CARTESIAN_POINT('',(2.443460952792,18.392473165931));
#4405 = CARTESIAN_POINT('',(2.550285704296,18.373140136174));
#4406 = CARTESIAN_POINT('',(2.653398904974,18.355304746761));
#4407 = CARTESIAN_POINT('',(2.753730857314,18.340140814885));
#4408 = CARTESIAN_POINT('',(2.852012609963,18.328368284906));
#4409 = CARTESIAN_POINT('',(2.948954920236,18.320384203679));
#4410 = CARTESIAN_POINT('',(3.045230801388,18.316386106435));
#4411 = CARTESIAN_POINT('',(3.192955586641,18.316386106435));
#4412 = CARTESIAN_POINT('',(3.244314886731,18.31752216839));
#4413 = CARTESIAN_POINT('',(3.295772935427,18.319793513484));
#4414 = CARTESIAN_POINT('',(3.347429945426,18.323184225008));
#4415 = CARTESIAN_POINT('',(3.399386665358,18.327661103699));
#4416 = CARTESIAN_POINT('',(3.451747084586,18.333171523075));
#4417 = CARTESIAN_POINT('',(3.550908873528,18.345305133086));
#4418 = CARTESIAN_POINT('',(3.597589991538,18.351704097965));
#4419 = CARTESIAN_POINT('',(3.644743854796,18.358788642213));
#4420 = CARTESIAN_POINT('',(3.692450016107,18.366496216366));
#4421 = CARTESIAN_POINT('',(3.740790298669,18.374748245662));
#4422 = CARTESIAN_POINT('',(3.789850876421,18.383447117005));
#4423 = CARTESIAN_POINT('',(3.839724354388,18.392473165931));
#4424 = ( GEOMETRIC_REPRESENTATION_CONTEXT(2) 
PARAMETRIC_REPRESENTATION_CONTEXT() REPRESENTATION_CONTEXT('2D SPACE',''
  ) );
#4425 = FACE_BOUND('',#4426,.F.);
#4426 = EDGE_LOOP('',(#4427,#4461,#4493,#4576,#4608,#4640));
#4427 = ORIENTED_EDGE('',*,*,#4428,.T.);
#4428 = EDGE_CURVE('',#4429,#4431,#4433,.T.);
#4429 = VERTEX_POINT('',#4430);
#4430 = CARTESIAN_POINT('',(360.32875221481,-17.51097701766,
    -5.967887724059));
#4431 = VERTEX_POINT('',#4432);
#4432 = CARTESIAN_POINT('',(357.95511805016,-16.76669406017,
    -7.818437842203));
#4433 = SURFACE_CURVE('',#4434,(#4439,#4449),.PCURVE_S1.);
#4434 = ELLIPSE('',#4435,28.780890796918,18.5);
#4435 = AXIS2_PLACEMENT_3D('',#4436,#4437,#4438);
#4436 = CARTESIAN_POINT('',(357.95511805016,0.,0.));
#4437 = DIRECTION('',(0.642787609687,0.323744370967,-0.694272044015));
#4438 = DIRECTION('',(-0.766044443119,0.271653782274,-0.58256341607));
#4439 = PCURVE('',#3577,#4440);
#4440 = DEFINITIONAL_REPRESENTATION('',(#4441),#4448);
#4441 = B_SPLINE_CURVE_WITH_KNOTS('',5,(#4442,#4443,#4444,#4445,#4446,
    #4447),.UNSPECIFIED.,.F.,.F.,(6,6),(4.593684070981,4.723155218384),
  .PIECEWISE_BEZIER_KNOTS.);
#4442 = CARTESIAN_POINT('',(-3.459220057185,6.43388436872));
#4443 = CARTESIAN_POINT('',(-3.485114286666,7.000768352939));
#4444 = CARTESIAN_POINT('',(-3.511008516146,7.569840715607));
#4445 = CARTESIAN_POINT('',(-3.536902745627,8.140309578869));
#4446 = CARTESIAN_POINT('',(-3.562796975107,8.711376944416));
#4447 = CARTESIAN_POINT('',(-3.588691204588,9.282245366302));
#4448 = ( GEOMETRIC_REPRESENTATION_CONTEXT(2) 
PARAMETRIC_REPRESENTATION_CONTEXT() REPRESENTATION_CONTEXT('2D SPACE',''
  ) );
#4449 = PCURVE('',#4450,#4455);
#4450 = PLANE('',#4451);
#4451 = AXIS2_PLACEMENT_3D('',#4452,#4453,#4454);
#4452 = CARTESIAN_POINT('',(360.32875221481,-0.841735364514,
    1.805107314439));
#4453 = DIRECTION('',(0.642787609687,0.323744370967,-0.694272044015));
#4454 = DIRECTION('',(-0.766044443119,0.271653782274,-0.58256341607));
#4455 = DEFINITIONAL_REPRESENTATION('',(#4456),#4460);
#4456 = ELLIPSE('',#4457,28.780890796918,18.5);
#4457 = AXIS2_PLACEMENT_2D('',#4458,#4459);
#4458 = CARTESIAN_POINT('',(3.098559340745,0.));
#4459 = DIRECTION('',(1.,0.));
#4460 = ( GEOMETRIC_REPRESENTATION_CONTEXT(2) 
PARAMETRIC_REPRESENTATION_CONTEXT() REPRESENTATION_CONTEXT('2D SPACE',''
  ) );
#4461 = ORIENTED_EDGE('',*,*,#4462,.T.);
#4462 = EDGE_CURVE('',#4431,#4463,#4465,.T.);
#4463 = VERTEX_POINT('',#4464);
#4464 = CARTESIAN_POINT('',(360.32875221481,-15.82750628863,
    -9.578102352937));
#4465 = SURFACE_CURVE('',#4466,(#4471,#4481),.PCURVE_S1.);
#4466 = ELLIPSE('',#4467,28.780890796918,18.5);
#4467 = AXIS2_PLACEMENT_3D('',#4468,#4469,#4470);
#4468 = CARTESIAN_POINT('',(357.95511805016,0.,0.));
#4469 = DIRECTION('',(0.642787609687,-0.323744370967,0.694272044015));
#4470 = DIRECTION('',(-0.766044443119,-0.271653782274,0.58256341607));
#4471 = PCURVE('',#3577,#4472);
#4472 = DEFINITIONAL_REPRESENTATION('',(#4473),#4480);
#4473 = B_SPLINE_CURVE_WITH_KNOTS('',5,(#4474,#4475,#4476,#4477,#4478,
    #4479),.UNSPECIFIED.,.F.,.F.,(6,6),(1.560030088796,1.689501236198),
  .PIECEWISE_BEZIER_KNOTS.);
#4474 = CARTESIAN_POINT('',(-3.567158728589,9.282245366302));
#4475 = CARTESIAN_POINT('',(-3.59305295807,8.711376944416));
#4476 = CARTESIAN_POINT('',(-3.61894718755,8.140309578869));
#4477 = CARTESIAN_POINT('',(-3.644841417031,7.569840715608));
#4478 = CARTESIAN_POINT('',(-3.670735646511,7.000768352939));
#4479 = CARTESIAN_POINT('',(-3.696629875992,6.43388436872));
#4480 = ( GEOMETRIC_REPRESENTATION_CONTEXT(2) 
PARAMETRIC_REPRESENTATION_CONTEXT() REPRESENTATION_CONTEXT('2D SPACE',''
  ) );
#4481 = PCURVE('',#4482,#4487);
#4482 = PLANE('',#4483);
#4483 = AXIS2_PLACEMENT_3D('',#4484,#4485,#4486);
#4484 = CARTESIAN_POINT('',(357.95511805016,0.,0.));
#4485 = DIRECTION('',(0.642787609687,-0.323744370967,0.694272044015));
#4486 = DIRECTION('',(0.766044443119,0.271653782274,-0.58256341607));
#4487 = DEFINITIONAL_REPRESENTATION('',(#4488),#4492);
#4488 = ELLIPSE('',#4489,28.780890796918,18.5);
#4489 = AXIS2_PLACEMENT_2D('',#4490,#4491);
#4490 = CARTESIAN_POINT('',(0.,0.));
#4491 = DIRECTION('',(-1.,0.));
#4492 = ( GEOMETRIC_REPRESENTATION_CONTEXT(2) 
PARAMETRIC_REPRESENTATION_CONTEXT() REPRESENTATION_CONTEXT('2D SPACE',''
  ) );
#4493 = ORIENTED_EDGE('',*,*,#4494,.F.);
#4494 = EDGE_CURVE('',#4495,#4463,#4497,.T.);
#4495 = VERTEX_POINT('',#4496);
#4496 = CARTESIAN_POINT('',(363.67124778518,-15.82750628863,
    -9.578102352937));
#4497 = SURFACE_CURVE('',#4498,(#4513,#4542),.PCURVE_S1.);
#4498 = B_SPLINE_CURVE_WITH_KNOTS('',7,(#4499,#4500,#4501,#4502,#4503,
    #4504,#4505,#4506,#4507,#4508,#4509,#4510,#4511,#4512),
  .UNSPECIFIED.,.F.,.F.,(8,6,8),(0.,1.,1.999971559022),.UNSPECIFIED.);
#4499 = CARTESIAN_POINT('',(363.67124778518,-15.82750628863,
    -9.578102352937));
#4500 = CARTESIAN_POINT('',(363.45847516579,-15.73453076929,
    -9.731741410309));
#4501 = CARTESIAN_POINT('',(363.23085081375,-15.6567443486,
    -9.856352756989));
#4502 = CARTESIAN_POINT('',(362.99326660496,-15.59455693887,
    -9.953834326834));
#4503 = CARTESIAN_POINT('',(362.74910627561,-15.54800979103,
    -10.02579991287));
#4504 = CARTESIAN_POINT('',(362.50086384651,-15.51700363729,
    -10.07340094967));
#4505 = CARTESIAN_POINT('',(362.25054808815,-15.5014758781,
    -10.09723950396));
#4506 = CARTESIAN_POINT('',(361.74945903767,-15.5014758781,
    -10.09723950396));
#4507 = CARTESIAN_POINT('',(361.49914115704,-15.5170027823,
    -10.07340226572));
#4508 = CARTESIAN_POINT('',(361.25089257309,-15.54800912514,
    -10.02580092476));
#4509 = CARTESIAN_POINT('',(361.00672565993,-15.59455797436,
    -9.953832805346));
#4510 = CARTESIAN_POINT('',(360.76913804764,-15.65674749711,
    -9.856347851434));
#4511 = CARTESIAN_POINT('',(360.54151662622,-15.73453435594,
    -9.731735483485));
#4512 = CARTESIAN_POINT('',(360.32875221481,-15.82750628863,
    -9.578102352937));
#4513 = PCURVE('',#3577,#4514);
#4514 = DEFINITIONAL_REPRESENTATION('',(#4515),#4541);
#4515 = B_SPLINE_CURVE_WITH_KNOTS('',3,(#4516,#4517,#4518,#4519,#4520,
    #4521,#4522,#4523,#4524,#4525,#4526,#4527,#4528,#4529,#4530,#4531,
    #4532,#4533,#4534,#4535,#4536,#4537,#4538,#4539,#4540),
  .UNSPECIFIED.,.F.,.F.,(4,1,1,1,1,1,1,1,1,1,1,1,1,1,1,1,1,1,1,1,1,1,4),
  (0.,9.090779813738E-02,0.181815596275,0.272723394412,0.36363119255,
    0.454538990687,0.545446788824,0.636354586962,0.727262385099,
    0.818170183236,0.909077981374,0.999985779511,1.090893577649,
    1.181801375786,1.272709173923,1.363616972061,1.454524770198,
    1.545432568336,1.636340366473,1.72724816461,1.818155962748,
    1.909063760885,1.999971559022),.QUASI_UNIFORM_KNOTS.);
#4516 = CARTESIAN_POINT('',(-3.685794336115,3.328752214815));
#4517 = CARTESIAN_POINT('',(-3.687853343439,3.373891442574));
#4518 = CARTESIAN_POINT('',(-3.691767022689,3.465864123563));
#4519 = CARTESIAN_POINT('',(-3.697036064141,3.608259050756));
#4520 = CARTESIAN_POINT('',(-3.701715402332,3.754415572792));
#4521 = CARTESIAN_POINT('',(-3.705815952552,3.903755769361));
#4522 = CARTESIAN_POINT('',(-3.70934785273,4.055754301664));
#4523 = CARTESIAN_POINT('',(-3.712320237156,4.209940135316));
#4524 = CARTESIAN_POINT('',(-3.714741101792,4.36588693611));
#4525 = CARTESIAN_POINT('',(-3.716617153264,4.523206106191));
#4526 = CARTESIAN_POINT('',(-3.717953669724,4.681543252583));
#4527 = CARTESIAN_POINT('',(-3.718754364304,4.840560755693));
#4528 = CARTESIAN_POINT('',(-3.71902125532,4.999974778336));
#4529 = CARTESIAN_POINT('',(-3.718754530769,5.159390488485));
#4530 = CARTESIAN_POINT('',(-3.717953975265,5.318412144489));
#4531 = CARTESIAN_POINT('',(-3.71661755409,5.47675520803));
#4532 = CARTESIAN_POINT('',(-3.714741544732,5.634081374513));
#4533 = CARTESIAN_POINT('',(-3.712320667434,5.790035618899));
#4534 = CARTESIAN_POINT('',(-3.709348221167,5.944228748043));
#4535 = CARTESIAN_POINT('',(-3.705816222518,6.096233876667));
#4536 = CARTESIAN_POINT('',(-3.701715556262,6.245579472163));
#4537 = CARTESIAN_POINT('',(-3.697036109796,6.391739775162));
#4538 = CARTESIAN_POINT('',(-3.691766998358,6.534136527764));
#4539 = CARTESIAN_POINT('',(-3.687853322965,6.626109029082));
#4540 = CARTESIAN_POINT('',(-3.685794336115,6.671247785185));
#4541 = ( GEOMETRIC_REPRESENTATION_CONTEXT(2) 
PARAMETRIC_REPRESENTATION_CONTEXT() REPRESENTATION_CONTEXT('2D SPACE',''
  ) );
#4542 = PCURVE('',#4543,#4548);
#4543 = CYLINDRICAL_SURFACE('',#4544,2.6);
#4544 = AXIS2_PLACEMENT_3D('',#4545,#4546,#4547);
#4545 = CARTESIAN_POINT('',(362.,0.,0.));
#4546 = DIRECTION('',(0.,-0.906307787037,-0.422618261741));
#4547 = DIRECTION('',(0.,0.422618261741,-0.906307787037));
#4548 = DEFINITIONAL_REPRESENTATION('',(#4549),#4575);
#4549 = B_SPLINE_CURVE_WITH_KNOTS('',3,(#4550,#4551,#4552,#4553,#4554,
    #4555,#4556,#4557,#4558,#4559,#4560,#4561,#4562,#4563,#4564,#4565,
    #4566,#4567,#4568,#4569,#4570,#4571,#4572,#4573,#4574),
  .UNSPECIFIED.,.F.,.F.,(4,1,1,1,1,1,1,1,1,1,1,1,1,1,1,1,1,1,1,1,1,1,4),
  (0.,9.090779813738E-02,0.181815596275,0.272723394412,0.36363119255,
    0.454538990687,0.545446788824,0.636354586962,0.727262385099,
    0.818170183236,0.909077981374,0.999985779511,1.090893577649,
    1.181801375786,1.272709173923,1.363616972061,1.454524770198,
    1.545432568336,1.636340366473,1.72724816461,1.818155962748,
    1.909063760885,1.999971559022),.QUASI_UNIFORM_KNOTS.);
#4550 = CARTESIAN_POINT('',(6.981317007977,18.392473165931));
#4551 = CARTESIAN_POINT('',(6.958657383255,18.388370154157));
#4552 = CARTESIAN_POINT('',(6.913765213731,18.380345018206));
#4553 = CARTESIAN_POINT('',(6.847575971858,18.368996393911));
#4554 = CARTESIAN_POINT('',(6.782400662432,18.358492071068));
#4555 = CARTESIAN_POINT('',(6.718114189666,18.348956454085));
#4556 = CARTESIAN_POINT('',(6.65459575071,18.340496199372));
#4557 = CARTESIAN_POINT('',(6.591728576757,18.333199044894));
#4558 = CARTESIAN_POINT('',(6.529398417483,18.327136300567));
#4559 = CARTESIAN_POINT('',(6.467492903857,18.32236416955));
#4560 = CARTESIAN_POINT('',(6.405899348648,18.318925160656));
#4561 = CARTESIAN_POINT('',(6.344508101458,18.316849222138));
#4562 = CARTESIAN_POINT('',(6.28319500166,18.316154656771));
#4563 = CARTESIAN_POINT('',(6.221881289778,18.31684878949));
#4564 = CARTESIAN_POINT('',(6.16048854415,18.31892437103));
#4565 = CARTESIAN_POINT('',(6.098892845544,18.322363143592));
#4566 = CARTESIAN_POINT('',(6.036984770393,18.327135182565));
#4567 = CARTESIAN_POINT('',(5.97465183751,18.333197978918));
#4568 = CARTESIAN_POINT('',(5.911781877141,18.340495307969));
#4569 = CARTESIAN_POINT('',(5.848260836138,18.348955819876));
#4570 = CARTESIAN_POINT('',(5.783972143979,18.35849172249));
#4571 = CARTESIAN_POINT('',(5.718795196675,18.368996296316));
#4572 = CARTESIAN_POINT('',(5.652605096475,18.380345069723));
#4573 = CARTESIAN_POINT('',(5.607713000731,18.388370196424));
#4574 = CARTESIAN_POINT('',(5.585053606382,18.392473165931));
#4575 = ( GEOMETRIC_REPRESENTATION_CONTEXT(2) 
PARAMETRIC_REPRESENTATION_CONTEXT() REPRESENTATION_CONTEXT('2D SPACE',''
  ) );
#4576 = ORIENTED_EDGE('',*,*,#4577,.T.);
#4577 = EDGE_CURVE('',#4495,#4578,#4580,.T.);
#4578 = VERTEX_POINT('',#4579);
#4579 = CARTESIAN_POINT('',(366.04488194983,-16.76669406017,
    -7.818437842203));
#4580 = SURFACE_CURVE('',#4581,(#4586,#4596),.PCURVE_S1.);
#4581 = ELLIPSE('',#4582,28.780890796918,18.5);
#4582 = AXIS2_PLACEMENT_3D('',#4583,#4584,#4585);
#4583 = CARTESIAN_POINT('',(366.04488194983,0.,0.));
#4584 = DIRECTION('',(-0.642787609687,-0.323744370967,0.694272044015));
#4585 = DIRECTION('',(-0.766044443119,0.271653782274,-0.58256341607));
#4586 = PCURVE('',#3577,#4587);
#4587 = DEFINITIONAL_REPRESENTATION('',(#4588),#4595);
#4588 = B_SPLINE_CURVE_WITH_KNOTS('',5,(#4589,#4590,#4591,#4592,#4593,
    #4594),.UNSPECIFIED.,.F.,.F.,(6,6),(1.452091417392,1.581562564794),
  .PIECEWISE_BEZIER_KNOTS.);
#4589 = CARTESIAN_POINT('',(-3.696629875992,3.56611563128));
#4590 = CARTESIAN_POINT('',(-3.670735646511,2.999231647061));
#4591 = CARTESIAN_POINT('',(-3.644841417031,2.430159284392));
#4592 = CARTESIAN_POINT('',(-3.61894718755,1.859690421131));
#4593 = CARTESIAN_POINT('',(-3.59305295807,1.288623055584));
#4594 = CARTESIAN_POINT('',(-3.567158728589,0.717754633698));
#4595 = ( GEOMETRIC_REPRESENTATION_CONTEXT(2) 
PARAMETRIC_REPRESENTATION_CONTEXT() REPRESENTATION_CONTEXT('2D SPACE',''
  ) );
#4596 = PCURVE('',#4597,#4602);
#4597 = PLANE('',#4598);
#4598 = AXIS2_PLACEMENT_3D('',#4599,#4600,#4601);
#4599 = CARTESIAN_POINT('',(366.04488194983,0.,0.));
#4600 = DIRECTION('',(-0.642787609687,-0.323744370967,0.694272044015));
#4601 = DIRECTION('',(0.766044443119,-0.271653782274,0.58256341607));
#4602 = DEFINITIONAL_REPRESENTATION('',(#4603),#4607);
#4603 = ELLIPSE('',#4604,28.780890796918,18.5);
#4604 = AXIS2_PLACEMENT_2D('',#4605,#4606);
#4605 = CARTESIAN_POINT('',(-4.354458514621E-14,0.));
#4606 = DIRECTION('',(-1.,0.));
#4607 = ( GEOMETRIC_REPRESENTATION_CONTEXT(2) 
PARAMETRIC_REPRESENTATION_CONTEXT() REPRESENTATION_CONTEXT('2D SPACE',''
  ) );
#4608 = ORIENTED_EDGE('',*,*,#4609,.T.);
#4609 = EDGE_CURVE('',#4578,#4610,#4612,.T.);
#4610 = VERTEX_POINT('',#4611);
#4611 = CARTESIAN_POINT('',(363.67124778518,-17.51097701766,
    -5.967887724059));
#4612 = SURFACE_CURVE('',#4613,(#4618,#4628),.PCURVE_S1.);
#4613 = ELLIPSE('',#4614,28.780890796918,18.5);
#4614 = AXIS2_PLACEMENT_3D('',#4615,#4616,#4617);
#4615 = CARTESIAN_POINT('',(366.04488194983,0.,0.));
#4616 = DIRECTION('',(-0.642787609687,0.323744370967,-0.694272044015));
#4617 = DIRECTION('',(-0.766044443119,-0.271653782274,0.58256341607));
#4618 = PCURVE('',#3577,#4619);
#4619 = DEFINITIONAL_REPRESENTATION('',(#4620),#4627);
#4620 = B_SPLINE_CURVE_WITH_KNOTS('',5,(#4621,#4622,#4623,#4624,#4625,
    #4626),.UNSPECIFIED.,.F.,.F.,(6,6),(4.701622742385,4.831093889788),
  .PIECEWISE_BEZIER_KNOTS.);
#4621 = CARTESIAN_POINT('',(-3.588691204588,0.717754633698));
#4622 = CARTESIAN_POINT('',(-3.562796975107,1.288623055584));
#4623 = CARTESIAN_POINT('',(-3.536902745627,1.859690421131));
#4624 = CARTESIAN_POINT('',(-3.511008516146,2.430159284393));
#4625 = CARTESIAN_POINT('',(-3.485114286666,2.999231647061));
#4626 = CARTESIAN_POINT('',(-3.459220057185,3.56611563128));
#4627 = ( GEOMETRIC_REPRESENTATION_CONTEXT(2) 
PARAMETRIC_REPRESENTATION_CONTEXT() REPRESENTATION_CONTEXT('2D SPACE',''
  ) );
#4628 = PCURVE('',#4629,#4634);
#4629 = PLANE('',#4630);
#4630 = AXIS2_PLACEMENT_3D('',#4631,#4632,#4633);
#4631 = CARTESIAN_POINT('',(363.67124778518,-0.841735364514,
    1.805107314439));
#4632 = DIRECTION('',(-0.642787609687,0.323744370967,-0.694272044015));
#4633 = DIRECTION('',(-0.766044443119,-0.271653782274,0.58256341607));
#4634 = DEFINITIONAL_REPRESENTATION('',(#4635),#4639);
#4635 = ELLIPSE('',#4636,28.780890796918,18.5);
#4636 = AXIS2_PLACEMENT_2D('',#4637,#4638);
#4637 = CARTESIAN_POINT('',(-3.098559340745,0.));
#4638 = DIRECTION('',(1.,-0.));
#4639 = ( GEOMETRIC_REPRESENTATION_CONTEXT(2) 
PARAMETRIC_REPRESENTATION_CONTEXT() REPRESENTATION_CONTEXT('2D SPACE',''
  ) );
#4640 = ORIENTED_EDGE('',*,*,#4641,.T.);
#4641 = EDGE_CURVE('',#4610,#4429,#4642,.T.);
#4642 = SURFACE_CURVE('',#4643,(#4664,#4688),.PCURVE_S1.);
#4643 = B_SPLINE_CURVE_WITH_KNOTS('',7,(#4644,#4645,#4646,#4647,#4648,
    #4649,#4650,#4651,#4652,#4653,#4654,#4655,#4656,#4657,#4658,#4659,
    #4660,#4661,#4662,#4663),.UNSPECIFIED.,.F.,.F.,(8,6,6,8),(0.,
    0.500088392755,0.766646241095,1.),.UNSPECIFIED.);
#4644 = CARTESIAN_POINT('',(363.67124778518,-17.51097701766,
    -5.967887724059));
#4645 = CARTESIAN_POINT('',(363.45848326626,-17.56890564649,
    -5.797913533021));
#4646 = CARTESIAN_POINT('',(363.23086163954,-17.61436386878,
    -5.65822593406));
#4647 = CARTESIAN_POINT('',(362.99327384954,-17.64906701711,
    -5.547923872684));
#4648 = CARTESIAN_POINT('',(362.74910692918,-17.67427674374,
    -5.466005260387));
#4649 = CARTESIAN_POINT('',(362.50085848346,-17.69081096666,
    -5.411655559277));
#4650 = CARTESIAN_POINT('',(362.25054081572,-17.69909083915,
    -5.384439011378));
#4651 = CARTESIAN_POINT('',(361.86645636705,-17.69909083915,
    -5.384439011378));
#4652 = CARTESIAN_POINT('',(361.7329220307,-17.69673850934,
    -5.392171750068));
#4653 = CARTESIAN_POINT('',(361.59970678035,-17.69203397959,
    -5.407635107465));
#4654 = CARTESIAN_POINT('',(361.46712470052,-17.68494515512,
    -5.430860248225));
#4655 = CARTESIAN_POINT('',(361.33551032044,-17.67540698118,
    -5.461908125442));
#4656 = CARTESIAN_POINT('',(361.20523476368,-17.6633207077,
    -5.500865984448));
#4657 = CARTESIAN_POINT('',(360.96421738691,-17.63562513796,
    -5.58896989407));
#4658 = CARTESIAN_POINT('',(360.85306434281,-17.62064218551,
    -5.636242178633));
#4659 = CARTESIAN_POINT('',(360.74353521186,-17.60351330768,
    -5.689738635823));
#4660 = CARTESIAN_POINT('',(360.63594246163,-17.58412610847,
    -5.749552294212));
#4661 = CARTESIAN_POINT('',(360.53065023449,-17.56234714199,
    -5.81578340333));
#4662 = CARTESIAN_POINT('',(360.42808600125,-17.53802226972,
    -5.888531541563));
#4663 = CARTESIAN_POINT('',(360.32875221481,-17.51097701766,
    -5.967887724059));
#4664 = PCURVE('',#3577,#4665);
#4665 = DEFINITIONAL_REPRESENTATION('',(#4666),#4687);
#4666 = B_SPLINE_CURVE_WITH_KNOTS('',7,(#4667,#4668,#4669,#4670,#4671,
    #4672,#4673,#4674,#4675,#4676,#4677,#4678,#4679,#4680,#4681,#4682,
    #4683,#4684,#4685,#4686),.UNSPECIFIED.,.F.,.F.,(8,6,6,8),(0.,
    0.500088392755,0.766646241095,1.),.UNSPECIFIED.);
#4667 = CARTESIAN_POINT('',(-3.470055597062,3.328752214815));
#4668 = CARTESIAN_POINT('',(-3.460348874766,3.541516733736));
#4669 = CARTESIAN_POINT('',(-3.452409193072,3.769138360454));
#4670 = CARTESIAN_POINT('',(-3.446159049026,4.006726150458));
#4671 = CARTESIAN_POINT('',(-3.441526114343,4.25089307082));
#4672 = CARTESIAN_POINT('',(-3.438455350614,4.499141516536));
#4673 = CARTESIAN_POINT('',(-3.436917613778,4.749459184275));
#4674 = CARTESIAN_POINT('',(-3.436917613778,5.133543632943));
#4675 = CARTESIAN_POINT('',(-3.437354510418,5.267077969292));
#4676 = CARTESIAN_POINT('',(-3.43822819807,5.400293219643));
#4677 = CARTESIAN_POINT('',(-3.439540786197,5.532875299479));
#4678 = CARTESIAN_POINT('',(-3.441296449844,5.664489679559));
#4679 = CARTESIAN_POINT('',(-3.443501280125,5.79476523632));
#4680 = CARTESIAN_POINT('',(-3.448493412276,6.03578261309));
#4681 = CARTESIAN_POINT('',(-3.451173938343,6.146935657184));
#4682 = CARTESIAN_POINT('',(-3.454210231411,6.256464788131));
#4683 = CARTESIAN_POINT('',(-3.457608953253,6.364057538361));
#4684 = CARTESIAN_POINT('',(-3.461377534576,6.469349765505));
#4685 = CARTESIAN_POINT('',(-3.465523800668,6.571913998749));
#4686 = CARTESIAN_POINT('',(-3.470055597062,6.671247785185));
#4687 = ( GEOMETRIC_REPRESENTATION_CONTEXT(2) 
PARAMETRIC_REPRESENTATION_CONTEXT() REPRESENTATION_CONTEXT('2D SPACE',''
  ) );
#4688 = PCURVE('',#4689,#4694);
#4689 = CYLINDRICAL_SURFACE('',#4690,2.6);
#4690 = AXIS2_PLACEMENT_3D('',#4691,#4692,#4693);
#4691 = CARTESIAN_POINT('',(362.,0.,0.));
#4692 = DIRECTION('',(0.,-0.906307787037,-0.422618261741));
#4693 = DIRECTION('',(0.,0.422618261741,-0.906307787037));
#4694 = DEFINITIONAL_REPRESENTATION('',(#4695),#4716);
#4695 = B_SPLINE_CURVE_WITH_KNOTS('',7,(#4696,#4697,#4698,#4699,#4700,
    #4701,#4702,#4703,#4704,#4705,#4706,#4707,#4708,#4709,#4710,#4711,
    #4712,#4713,#4714,#4715),.UNSPECIFIED.,.F.,.F.,(8,6,6,8),(0.,
    0.500088392755,0.766646241095,1.),.UNSPECIFIED.);
#4696 = CARTESIAN_POINT('',(2.443460952792,18.392473165931));
#4697 = CARTESIAN_POINT('',(2.550285704296,18.373140136174));
#4698 = CARTESIAN_POINT('',(2.653398904974,18.355304746761));
#4699 = CARTESIAN_POINT('',(2.753730857313,18.340140814885));
#4700 = CARTESIAN_POINT('',(2.852012609963,18.328368284906));
#4701 = CARTESIAN_POINT('',(2.948954920236,18.320384203679));
#4702 = CARTESIAN_POINT('',(3.045230801388,18.316386106435));
#4703 = CARTESIAN_POINT('',(3.192955589337,18.316386106435));
#4704 = CARTESIAN_POINT('',(3.244314883968,18.31752216819));
#4705 = CARTESIAN_POINT('',(3.29577293326,18.31979351347));
#4706 = CARTESIAN_POINT('',(3.347429947664,18.323184225271));
#4707 = CARTESIAN_POINT('',(3.399386668107,18.327661103847));
#4708 = CARTESIAN_POINT('',(3.451747081793,18.333171522734));
#4709 = CARTESIAN_POINT('',(3.550908875704,18.345305133352));
#4710 = CARTESIAN_POINT('',(3.597589989237,18.351704097599));
#4711 = CARTESIAN_POINT('',(3.644743853043,18.358788641991));
#4712 = CARTESIAN_POINT('',(3.692450018008,18.366496216708));
#4713 = CARTESIAN_POINT('',(3.740790300941,18.374748246004));
#4714 = CARTESIAN_POINT('',(3.789850874045,18.383447116575));
#4715 = CARTESIAN_POINT('',(3.839724354388,18.392473165931));
#4716 = ( GEOMETRIC_REPRESENTATION_CONTEXT(2) 
PARAMETRIC_REPRESENTATION_CONTEXT() REPRESENTATION_CONTEXT('2D SPACE',''
  ) );
#4717 = FACE_BOUND('',#4718,.F.);
#4718 = EDGE_LOOP('',(#4719,#4720,#4747,#4825,#4852,#4879));
#4719 = ORIENTED_EDGE('',*,*,#3558,.T.);
#4720 = ORIENTED_EDGE('',*,*,#4721,.T.);
#4721 = EDGE_CURVE('',#3561,#4722,#4724,.T.);
#4722 = VERTEX_POINT('',#4723);
#4723 = CARTESIAN_POINT('',(360.32875221481,17.51097701766,
    -5.967887724059));
#4724 = SURFACE_CURVE('',#4725,(#4730,#4740),.PCURVE_S1.);
#4725 = ELLIPSE('',#4726,28.780890796918,18.5);
#4726 = AXIS2_PLACEMENT_3D('',#4727,#4728,#4729);
#4727 = CARTESIAN_POINT('',(357.95511805016,0.,0.));
#4728 = DIRECTION('',(0.642787609687,-0.323744370967,-0.694272044015));
#4729 = DIRECTION('',(-0.766044443119,-0.271653782274,-0.58256341607));
#4730 = PCURVE('',#3577,#4731);
#4731 = DEFINITIONAL_REPRESENTATION('',(#4732),#4739);
#4732 = B_SPLINE_CURVE_WITH_KNOTS('',5,(#4733,#4734,#4735,#4736,#4737,
    #4738),.UNSPECIFIED.,.F.,.F.,(6,6),(1.560030088796,1.689501236198),
  .PIECEWISE_BEZIER_KNOTS.);
#4733 = CARTESIAN_POINT('',(-5.836086756182,9.282245366302));
#4734 = CARTESIAN_POINT('',(-5.861980985662,8.711376944416));
#4735 = CARTESIAN_POINT('',(-5.887875215143,8.140309578869));
#4736 = CARTESIAN_POINT('',(-5.913769444623,7.569840715608));
#4737 = CARTESIAN_POINT('',(-5.939663674104,7.000768352939));
#4738 = CARTESIAN_POINT('',(-5.965557903584,6.43388436872));
#4739 = ( GEOMETRIC_REPRESENTATION_CONTEXT(2) 
PARAMETRIC_REPRESENTATION_CONTEXT() REPRESENTATION_CONTEXT('2D SPACE',''
  ) );
#4740 = PCURVE('',#3284,#4741);
#4741 = DEFINITIONAL_REPRESENTATION('',(#4742),#4746);
#4742 = ELLIPSE('',#4743,28.780890796918,18.5);
#4743 = AXIS2_PLACEMENT_2D('',#4744,#4745);
#4744 = CARTESIAN_POINT('',(0.,0.));
#4745 = DIRECTION('',(-1.,0.));
#4746 = ( GEOMETRIC_REPRESENTATION_CONTEXT(2) 
PARAMETRIC_REPRESENTATION_CONTEXT() REPRESENTATION_CONTEXT('2D SPACE',''
  ) );
#4747 = ORIENTED_EDGE('',*,*,#4748,.F.);
#4748 = EDGE_CURVE('',#4749,#4722,#4751,.T.);
#4749 = VERTEX_POINT('',#4750);
#4750 = CARTESIAN_POINT('',(363.67124778518,17.51097701766,
    -5.967887724059));
#4751 = SURFACE_CURVE('',#4752,(#4767,#4796),.PCURVE_S1.);
#4752 = B_SPLINE_CURVE_WITH_KNOTS('',7,(#4753,#4754,#4755,#4756,#4757,
    #4758,#4759,#4760,#4761,#4762,#4763,#4764,#4765,#4766),
  .UNSPECIFIED.,.F.,.F.,(8,6,8),(0.,1.,2.),.UNSPECIFIED.);
#4753 = CARTESIAN_POINT('',(363.67124778518,17.51097701766,
    -5.967887724059));
#4754 = CARTESIAN_POINT('',(363.45848326626,17.56890564649,
    -5.797913533021));
#4755 = CARTESIAN_POINT('',(363.23086163954,17.61436386878,
    -5.65822593406));
#4756 = CARTESIAN_POINT('',(362.99327384954,17.649067017113,
    -5.547923872683));
#4757 = CARTESIAN_POINT('',(362.74910692918,17.674276743744,
    -5.466005260388));
#4758 = CARTESIAN_POINT('',(362.50085848346,17.690810966661,
    -5.411655559277));
#4759 = CARTESIAN_POINT('',(362.25054081572,17.699090839158,
    -5.384439011378));
#4760 = CARTESIAN_POINT('',(361.74945918427,17.699090839158,
    -5.384439011378));
#4761 = CARTESIAN_POINT('',(361.49914151653,17.690810966661,
    -5.411655559277));
#4762 = CARTESIAN_POINT('',(361.25089307081,17.674276743744,
    -5.466005260388));
#4763 = CARTESIAN_POINT('',(361.00672615045,17.649067017113,
    -5.547923872683));
#4764 = CARTESIAN_POINT('',(360.76913836045,17.61436386878,
    -5.65822593406));
#4765 = CARTESIAN_POINT('',(360.54151673373,17.56890564649,
    -5.797913533021));
#4766 = CARTESIAN_POINT('',(360.32875221481,17.51097701766,
    -5.967887724059));
#4767 = PCURVE('',#3577,#4768);
#4768 = DEFINITIONAL_REPRESENTATION('',(#4769),#4795);
#4769 = B_SPLINE_CURVE_WITH_KNOTS('',3,(#4770,#4771,#4772,#4773,#4774,
    #4775,#4776,#4777,#4778,#4779,#4780,#4781,#4782,#4783,#4784,#4785,
    #4786,#4787,#4788,#4789,#4790,#4791,#4792,#4793,#4794),
  .UNSPECIFIED.,.F.,.F.,(4,1,1,1,1,1,1,1,1,1,1,1,1,1,1,1,1,1,1,1,1,1,4),
  (0.,9.090909090907E-02,0.181818181818,0.272727272727,0.363636363636,
    0.454545454545,0.545454545454,0.636363636363,0.727272727273,
    0.818181818182,0.909090909091,1.,1.090909090909,1.181818181818,
    1.272727272727,1.363636363636,1.454545454545,1.545454545454,
    1.636363636363,1.727272727272,1.818181818181,1.90909090909,2.),
  .QUASI_UNIFORM_KNOTS.);
#4770 = CARTESIAN_POINT('',(-5.954722363708,3.328752214815));
#4771 = CARTESIAN_POINT('',(-5.95678132236,3.373890351714));
#4772 = CARTESIAN_POINT('',(-5.960694947241,3.465861577859));
#4773 = CARTESIAN_POINT('',(-5.965963999505,3.608256315423));
#4774 = CARTESIAN_POINT('',(-5.970643402149,3.754414509463));
#4775 = CARTESIAN_POINT('',(-5.974744039324,3.903757909232));
#4776 = CARTESIAN_POINT('',(-5.978276023324,4.055760763699));
#4777 = CARTESIAN_POINT('',(-5.981248469342,4.209951551807));
#4778 = CARTESIAN_POINT('',(-5.983669360946,4.365903399193));
#4779 = CARTESIAN_POINT('',(-5.985545399436,4.523227140336));
#4780 = CARTESIAN_POINT('',(-5.986881864917,4.681567731062));
#4781 = CARTESIAN_POINT('',(-5.987682480143,4.840587038234));
#4782 = CARTESIAN_POINT('',(-5.987949280415,5.));
#4783 = CARTESIAN_POINT('',(-5.987682480143,5.159412961765));
#4784 = CARTESIAN_POINT('',(-5.986881864917,5.318432268937));
#4785 = CARTESIAN_POINT('',(-5.985545399436,5.476772859664));
#4786 = CARTESIAN_POINT('',(-5.983669360946,5.634096600807));
#4787 = CARTESIAN_POINT('',(-5.981248469342,5.790048448193));
#4788 = CARTESIAN_POINT('',(-5.978276023324,5.944239236301));
#4789 = CARTESIAN_POINT('',(-5.974744039324,6.096242090767));
#4790 = CARTESIAN_POINT('',(-5.970643402149,6.245585490537));
#4791 = CARTESIAN_POINT('',(-5.965963999505,6.391743684577));
#4792 = CARTESIAN_POINT('',(-5.960694947241,6.534138422142));
#4793 = CARTESIAN_POINT('',(-5.95678132236,6.626109648286));
#4794 = CARTESIAN_POINT('',(-5.954722363708,6.671247785185));
#4795 = ( GEOMETRIC_REPRESENTATION_CONTEXT(2) 
PARAMETRIC_REPRESENTATION_CONTEXT() REPRESENTATION_CONTEXT('2D SPACE',''
  ) );
#4796 = PCURVE('',#3345,#4797);
#4797 = DEFINITIONAL_REPRESENTATION('',(#4798),#4824);
#4798 = B_SPLINE_CURVE_WITH_KNOTS('',3,(#4799,#4800,#4801,#4802,#4803,
    #4804,#4805,#4806,#4807,#4808,#4809,#4810,#4811,#4812,#4813,#4814,
    #4815,#4816,#4817,#4818,#4819,#4820,#4821,#4822,#4823),
  .UNSPECIFIED.,.F.,.F.,(4,1,1,1,1,1,1,1,1,1,1,1,1,1,1,1,1,1,1,1,1,1,4),
  (0.,9.090909090907E-02,0.181818181818,0.272727272727,0.363636363636,
    0.454545454545,0.545454545454,0.636363636363,0.727272727273,
    0.818181818182,0.909090909091,1.,1.090909090909,1.181818181818,
    1.272727272727,1.363636363636,1.454545454545,1.545454545454,
    1.636363636363,1.727272727272,1.818181818181,1.90909090909,2.),
  .QUASI_UNIFORM_KNOTS.);
#4799 = CARTESIAN_POINT('',(6.981317007977,18.392473165931));
#4800 = CARTESIAN_POINT('',(6.958657924171,18.388370252717));
#4801 = CARTESIAN_POINT('',(6.913766433869,18.380345232787));
#4802 = CARTESIAN_POINT('',(6.847577207913,18.368996597898));
#4803 = CARTESIAN_POINT('',(6.782401115045,18.358492136588));
#4804 = CARTESIAN_POINT('',(6.718113267777,18.348956316736));
#4805 = CARTESIAN_POINT('',(6.654593070376,18.34049585436));
#4806 = CARTESIAN_POINT('',(6.591723958035,18.333198538479));
#4807 = CARTESIAN_POINT('',(6.529391882912,18.327135716213));
#4808 = CARTESIAN_POINT('',(6.467484673865,18.322363610077));
#4809 = CARTESIAN_POINT('',(6.405889866288,18.318924727548));
#4810 = CARTESIAN_POINT('',(6.3444979802,18.316848992845));
#4811 = CARTESIAN_POINT('',(6.28318530718,18.31615466323));
#4812 = CARTESIAN_POINT('',(6.221872634159,18.316848992845));
#4813 = CARTESIAN_POINT('',(6.160480748071,18.318924727548));
#4814 = CARTESIAN_POINT('',(6.098885940495,18.322363610077));
#4815 = CARTESIAN_POINT('',(6.036978731448,18.327135716213));
#4816 = CARTESIAN_POINT('',(5.974646656325,18.333198538479));
#4817 = CARTESIAN_POINT('',(5.911777543983,18.340495854359));
#4818 = CARTESIAN_POINT('',(5.848257346583,18.348956316736));
#4819 = CARTESIAN_POINT('',(5.783969499314,18.358492136588));
#4820 = CARTESIAN_POINT('',(5.718793406446,18.368996597898));
#4821 = CARTESIAN_POINT('',(5.65260418049,18.380345232787));
#4822 = CARTESIAN_POINT('',(5.607712690188,18.388370252717));
#4823 = CARTESIAN_POINT('',(5.585053606382,18.392473165931));
#4824 = ( GEOMETRIC_REPRESENTATION_CONTEXT(2) 
PARAMETRIC_REPRESENTATION_CONTEXT() REPRESENTATION_CONTEXT('2D SPACE',''
  ) );
#4825 = ORIENTED_EDGE('',*,*,#4826,.T.);
#4826 = EDGE_CURVE('',#4749,#4827,#4829,.T.);
#4827 = VERTEX_POINT('',#4828);
#4828 = CARTESIAN_POINT('',(366.04488194983,16.766694060178,
    -7.818437842203));
#4829 = SURFACE_CURVE('',#4830,(#4835,#4845),.PCURVE_S1.);
#4830 = ELLIPSE('',#4831,28.780890796918,18.5);
#4831 = AXIS2_PLACEMENT_3D('',#4832,#4833,#4834);
#4832 = CARTESIAN_POINT('',(366.04488194983,0.,0.));
#4833 = DIRECTION('',(-0.642787609687,-0.323744370967,-0.694272044015));
#4834 = DIRECTION('',(-0.766044443119,0.271653782274,0.58256341607));
#4835 = PCURVE('',#3577,#4836);
#4836 = DEFINITIONAL_REPRESENTATION('',(#4837),#4844);
#4837 = B_SPLINE_CURVE_WITH_KNOTS('',5,(#4838,#4839,#4840,#4841,#4842,
    #4843),.UNSPECIFIED.,.F.,.F.,(6,6),(1.452091417392,1.581562564794),
  .PIECEWISE_BEZIER_KNOTS.);
#4838 = CARTESIAN_POINT('',(-5.965557903584,3.56611563128));
#4839 = CARTESIAN_POINT('',(-5.939663674104,2.999231647061));
#4840 = CARTESIAN_POINT('',(-5.913769444623,2.430159284392));
#4841 = CARTESIAN_POINT('',(-5.887875215143,1.859690421131));
#4842 = CARTESIAN_POINT('',(-5.861980985662,1.288623055584));
#4843 = CARTESIAN_POINT('',(-5.836086756182,0.717754633698));
#4844 = ( GEOMETRIC_REPRESENTATION_CONTEXT(2) 
PARAMETRIC_REPRESENTATION_CONTEXT() REPRESENTATION_CONTEXT('2D SPACE',''
  ) );
#4845 = PCURVE('',#3399,#4846);
#4846 = DEFINITIONAL_REPRESENTATION('',(#4847),#4851);
#4847 = ELLIPSE('',#4848,28.780890796918,18.5);
#4848 = AXIS2_PLACEMENT_2D('',#4849,#4850);
#4849 = CARTESIAN_POINT('',(-4.354458514621E-14,0.));
#4850 = DIRECTION('',(-1.,0.));
#4851 = ( GEOMETRIC_REPRESENTATION_CONTEXT(2) 
PARAMETRIC_REPRESENTATION_CONTEXT() REPRESENTATION_CONTEXT('2D SPACE',''
  ) );
#4852 = ORIENTED_EDGE('',*,*,#4853,.T.);
#4853 = EDGE_CURVE('',#4827,#4854,#4856,.T.);
#4854 = VERTEX_POINT('',#4855);
#4855 = CARTESIAN_POINT('',(363.67124778518,15.827506288631,
    -9.578102352937));
#4856 = SURFACE_CURVE('',#4857,(#4862,#4872),.PCURVE_S1.);
#4857 = ELLIPSE('',#4858,28.780890796918,18.5);
#4858 = AXIS2_PLACEMENT_3D('',#4859,#4860,#4861);
#4859 = CARTESIAN_POINT('',(366.04488194983,0.,0.));
#4860 = DIRECTION('',(-0.642787609687,0.323744370967,0.694272044015));
#4861 = DIRECTION('',(-0.766044443119,-0.271653782274,-0.58256341607));
#4862 = PCURVE('',#3577,#4863);
#4863 = DEFINITIONAL_REPRESENTATION('',(#4864),#4871);
#4864 = B_SPLINE_CURVE_WITH_KNOTS('',5,(#4865,#4866,#4867,#4868,#4869,
    #4870),.UNSPECIFIED.,.F.,.F.,(6,6),(4.701622742385,4.831093889788),
  .PIECEWISE_BEZIER_KNOTS.);
#4865 = CARTESIAN_POINT('',(-5.85761923218,0.717754633698));
#4866 = CARTESIAN_POINT('',(-5.8317250027,1.288623055584));
#4867 = CARTESIAN_POINT('',(-5.805830773219,1.859690421131));
#4868 = CARTESIAN_POINT('',(-5.779936543739,2.430159284393));
#4869 = CARTESIAN_POINT('',(-5.754042314258,2.999231647061));
#4870 = CARTESIAN_POINT('',(-5.728148084778,3.56611563128));
#4871 = ( GEOMETRIC_REPRESENTATION_CONTEXT(2) 
PARAMETRIC_REPRESENTATION_CONTEXT() REPRESENTATION_CONTEXT('2D SPACE',''
  ) );
#4872 = PCURVE('',#3431,#4873);
#4873 = DEFINITIONAL_REPRESENTATION('',(#4874),#4878);
#4874 = ELLIPSE('',#4875,28.780890796918,18.5);
#4875 = AXIS2_PLACEMENT_2D('',#4876,#4877);
#4876 = CARTESIAN_POINT('',(-3.098559340745,1.110223024625E-16));
#4877 = DIRECTION('',(1.,-0.));
#4878 = ( GEOMETRIC_REPRESENTATION_CONTEXT(2) 
PARAMETRIC_REPRESENTATION_CONTEXT() REPRESENTATION_CONTEXT('2D SPACE',''
  ) );
#4879 = ORIENTED_EDGE('',*,*,#4880,.T.);
#4880 = EDGE_CURVE('',#4854,#3559,#4881,.T.);
#4881 = SURFACE_CURVE('',#4882,(#4903,#4927),.PCURVE_S1.);
#4882 = B_SPLINE_CURVE_WITH_KNOTS('',7,(#4883,#4884,#4885,#4886,#4887,
    #4888,#4889,#4890,#4891,#4892,#4893,#4894,#4895,#4896,#4897,#4898,
    #4899,#4900,#4901,#4902),.UNSPECIFIED.,.F.,.F.,(8,6,6,8),(0.,
    0.500088392755,0.766646241095,1.),.UNSPECIFIED.);
#4883 = CARTESIAN_POINT('',(363.67124778518,15.827506288631,
    -9.578102352937));
#4884 = CARTESIAN_POINT('',(363.45848326626,15.734534308971,
    -9.731735561115));
#4885 = CARTESIAN_POINT('',(363.23086163954,15.65674738206,
    -9.856348037534));
#4886 = CARTESIAN_POINT('',(362.99327384954,15.594557854644,
    -9.953832989849));
#4887 = CARTESIAN_POINT('',(362.74910692918,15.548009056828,
    -10.02580102983));
#4888 = CARTESIAN_POINT('',(362.50085848346,15.517002763934,
    -10.07340229388));
#4889 = CARTESIAN_POINT('',(362.25054081572,15.501475878106,
    -10.09723950396));
#4890 = CARTESIAN_POINT('',(361.86645636705,15.501475878106,
    -10.09723950396));
#4891 = CARTESIAN_POINT('',(361.7329220307,15.505887451151,
    -10.09046700616));
#4892 = CARTESIAN_POINT('',(361.59970678035,15.514709056726,
    -10.07692347275));
#4893 = CARTESIAN_POINT('',(361.46712470052,15.527943938212,
    -10.05656428545));
#4894 = CARTESIAN_POINT('',(361.33551032044,15.545596971991,
    -10.02930042951));
#4895 = CARTESIAN_POINT('',(361.20523476368,15.56767151656,
    -9.995000177815));
#4896 = CARTESIAN_POINT('',(360.96421738691,15.617360657874,
    -9.91715203905));
#4897 = CARTESIAN_POINT('',(360.85306434281,15.643942472582,
    -9.875288392781));
#4898 = CARTESIAN_POINT('',(360.74353521186,15.673912905905,
    -9.827780051263));
#4899 = CARTESIAN_POINT('',(360.63594246163,15.707270975093,
    -9.774481116532));
#4900 = CARTESIAN_POINT('',(360.53065023449,15.74400769839,
    -9.715224923968));
#4901 = CARTESIAN_POINT('',(360.42808600125,15.784100278931,
    -9.649829388855));
#4902 = CARTESIAN_POINT('',(360.32875221481,15.827506288631,
    -9.578102352937));
#4903 = PCURVE('',#3577,#4904);
#4904 = DEFINITIONAL_REPRESENTATION('',(#4905),#4926);
#4905 = B_SPLINE_CURVE_WITH_KNOTS('',7,(#4906,#4907,#4908,#4909,#4910,
    #4911,#4912,#4913,#4914,#4915,#4916,#4917,#4918,#4919,#4920,#4921,
    #4922,#4923,#4924,#4925),.UNSPECIFIED.,.F.,.F.,(8,6,6,8),(0.,
    0.500088392755,0.766646241095,1.),.UNSPECIFIED.);
#4906 = CARTESIAN_POINT('',(-5.738983624654,3.328752214815));
#4907 = CARTESIAN_POINT('',(-5.729276902359,3.541516733736));
#4908 = CARTESIAN_POINT('',(-5.721337220665,3.769138360454));
#4909 = CARTESIAN_POINT('',(-5.715087076619,4.006726150458));
#4910 = CARTESIAN_POINT('',(-5.710454141935,4.25089307082));
#4911 = CARTESIAN_POINT('',(-5.707383378206,4.499141516536));
#4912 = CARTESIAN_POINT('',(-5.705845641371,4.749459184275));
#4913 = CARTESIAN_POINT('',(-5.705845641371,5.133543632943));
#4914 = CARTESIAN_POINT('',(-5.706282538011,5.267077969292));
#4915 = CARTESIAN_POINT('',(-5.707156225662,5.400293219643));
#4916 = CARTESIAN_POINT('',(-5.70846881379,5.532875299479));
#4917 = CARTESIAN_POINT('',(-5.710224477437,5.664489679559));
#4918 = CARTESIAN_POINT('',(-5.712429307718,5.79476523632));
#4919 = CARTESIAN_POINT('',(-5.717421439869,6.03578261309));
#4920 = CARTESIAN_POINT('',(-5.720101965936,6.146935657184));
#4921 = CARTESIAN_POINT('',(-5.723138259003,6.256464788131));
#4922 = CARTESIAN_POINT('',(-5.726536980846,6.364057538361));
#4923 = CARTESIAN_POINT('',(-5.730305562168,6.469349765505));
#4924 = CARTESIAN_POINT('',(-5.734451828261,6.571913998749));
#4925 = CARTESIAN_POINT('',(-5.738983624654,6.671247785185));
#4926 = ( GEOMETRIC_REPRESENTATION_CONTEXT(2) 
PARAMETRIC_REPRESENTATION_CONTEXT() REPRESENTATION_CONTEXT('2D SPACE',''
  ) );
#4927 = PCURVE('',#3493,#4928);
#4928 = DEFINITIONAL_REPRESENTATION('',(#4929),#4950);
#4929 = B_SPLINE_CURVE_WITH_KNOTS('',7,(#4930,#4931,#4932,#4933,#4934,
    #4935,#4936,#4937,#4938,#4939,#4940,#4941,#4942,#4943,#4944,#4945,
    #4946,#4947,#4948,#4949),.UNSPECIFIED.,.F.,.F.,(8,6,6,8),(0.,
    0.500088392755,0.766646241095,1.),.UNSPECIFIED.);
#4930 = CARTESIAN_POINT('',(2.443460952792,18.392473165931));
#4931 = CARTESIAN_POINT('',(2.550285704296,18.373140136174));
#4932 = CARTESIAN_POINT('',(2.653398904974,18.355304746761));
#4933 = CARTESIAN_POINT('',(2.753730857313,18.340140814885));
#4934 = CARTESIAN_POINT('',(2.852012609963,18.328368284906));
#4935 = CARTESIAN_POINT('',(2.948954920236,18.320384203679));
#4936 = CARTESIAN_POINT('',(3.045230801388,18.316386106435));
#4937 = CARTESIAN_POINT('',(3.192955589337,18.316386106435));
#4938 = CARTESIAN_POINT('',(3.244314883968,18.31752216819));
#4939 = CARTESIAN_POINT('',(3.29577293326,18.31979351347));
#4940 = CARTESIAN_POINT('',(3.347429947664,18.323184225271));
#4941 = CARTESIAN_POINT('',(3.399386668107,18.327661103847));
#4942 = CARTESIAN_POINT('',(3.451747081793,18.333171522734));
#4943 = CARTESIAN_POINT('',(3.550908875704,18.345305133352));
#4944 = CARTESIAN_POINT('',(3.597589989237,18.351704097599));
#4945 = CARTESIAN_POINT('',(3.644743853043,18.358788641991));
#4946 = CARTESIAN_POINT('',(3.692450018008,18.366496216708));
#4947 = CARTESIAN_POINT('',(3.740790300941,18.374748246004));
#4948 = CARTESIAN_POINT('',(3.789850874045,18.383447116575));
#4949 = CARTESIAN_POINT('',(3.839724354388,18.392473165931));
#4950 = ( GEOMETRIC_REPRESENTATION_CONTEXT(2) 
PARAMETRIC_REPRESENTATION_CONTEXT() REPRESENTATION_CONTEXT('2D SPACE',''
  ) );
#4951 = ADVANCED_FACE('',(#4952),#4689,.T.);
#4952 = FACE_BOUND('',#4953,.T.);
#4953 = EDGE_LOOP('',(#4954,#5035,#5056,#5057));
#4954 = ORIENTED_EDGE('',*,*,#4955,.F.);
#4955 = EDGE_CURVE('',#4956,#4958,#4960,.T.);
#4956 = VERTEX_POINT('',#4957);
#4957 = CARTESIAN_POINT('',(363.67124778518,-17.96670985009,
    -6.180399433896));
#4958 = VERTEX_POINT('',#4959);
#4959 = CARTESIAN_POINT('',(360.32875221481,-17.96670985009,
    -6.180399433896));
#4960 = SURFACE_CURVE('',#4961,(#4982,#5006),.PCURVE_S1.);
#4961 = B_SPLINE_CURVE_WITH_KNOTS('',7,(#4962,#4963,#4964,#4965,#4966,
    #4967,#4968,#4969,#4970,#4971,#4972,#4973,#4974,#4975,#4976,#4977,
    #4978,#4979,#4980,#4981),.UNSPECIFIED.,.F.,.F.,(8,6,6,8),(0.,
    0.500088048202,0.766657766629,1.),.UNSPECIFIED.);
#4962 = CARTESIAN_POINT('',(363.67124778518,-17.96670985009,
    -6.180399433896));
#4963 = CARTESIAN_POINT('',(363.45846125991,-18.02511080865,
    -6.010625119379));
#4964 = CARTESIAN_POINT('',(363.23082274814,-18.07100150151,
    -5.871133864641));
#4965 = CARTESIAN_POINT('',(362.99322722688,-18.10607078187,
    -5.761007163536));
#4966 = CARTESIAN_POINT('',(362.74906284381,-18.13156400842,
    -5.679229621097));
#4967 = CARTESIAN_POINT('',(362.50082555924,-18.14829017199,
    -5.624977449393));
#4968 = CARTESIAN_POINT('',(362.25052402276,-18.15666612185,
    -5.597809869883));
#4969 = CARTESIAN_POINT('',(361.86645927962,-18.15666612185,
    -5.597809869883));
#4970 = CARTESIAN_POINT('',(361.73292783127,-18.15428627625,
    -5.60552939661));
#4971 = CARTESIAN_POINT('',(361.59971483331,-18.1495267326,
    -5.620966329078));
#4972 = CARTESIAN_POINT('',(361.46713374899,-18.1423557418,
    -5.644152246867));
#4973 = CARTESIAN_POINT('',(361.33551856519,-18.13270897276,
    -5.675148915499));
#4974 = CARTESIAN_POINT('',(361.20524003124,-18.12048882718,
    -5.714044771812));
#4975 = CARTESIAN_POINT('',(360.96422334209,-18.09249906756,
    -5.802011210229));
#4976 = CARTESIAN_POINT('',(360.85307410256,-18.0773616969,
    -5.84920908377));
#4977 = CARTESIAN_POINT('',(360.74354663977,-18.06006177866,
    -5.902623912234));
#4978 = CARTESIAN_POINT('',(360.63595351192,-18.04048834875,
    -5.962349858376));
#4979 = CARTESIAN_POINT('',(360.53065904296,-18.01850977161,
    -6.028488470016));
#4980 = CARTESIAN_POINT('',(360.42809099067,-17.99397416922,
    -6.101140784624));
#4981 = CARTESIAN_POINT('',(360.32875221481,-17.96670985009,
    -6.180399433896));
#4982 = PCURVE('',#4689,#4983);
#4983 = DEFINITIONAL_REPRESENTATION('',(#4984),#5005);
#4984 = B_SPLINE_CURVE_WITH_KNOTS('',7,(#4985,#4986,#4987,#4988,#4989,
    #4990,#4991,#4992,#4993,#4994,#4995,#4996,#4997,#4998,#4999,#5000,
    #5001,#5002,#5003,#5004),.UNSPECIFIED.,.F.,.F.,(8,6,6,8),(0.,
    0.500088048202,0.766657766629,1.),.UNSPECIFIED.);
#4985 = CARTESIAN_POINT('',(2.443460952792,18.895318710185));
#4986 = CARTESIAN_POINT('',(2.550296753239,18.876498228005));
#4987 = CARTESIAN_POINT('',(2.653416121065,18.859137768691));
#4988 = CARTESIAN_POINT('',(2.753749930315,18.844379775581));
#4989 = CARTESIAN_POINT('',(2.8520298586,18.832923802478));
#4990 = CARTESIAN_POINT('',(2.94896758369,18.82515489627));
#4991 = CARTESIAN_POINT('',(3.04523726022,18.82126456963));
#4992 = CARTESIAN_POINT('',(3.192954469118,18.82126456963));
#4993 = CARTESIAN_POINT('',(3.244312653263,18.822370109989));
#4994 = CARTESIAN_POINT('',(3.295769821356,18.824580428086));
#4995 = CARTESIAN_POINT('',(3.347426409504,18.827880095555));
#4996 = CARTESIAN_POINT('',(3.39938337797,18.832236911875));
#4997 = CARTESIAN_POINT('',(3.451744914559,18.837599797961));
#4998 = CARTESIAN_POINT('',(3.55090642556,18.84940868415));
#4999 = CARTESIAN_POINT('',(3.597585873688,18.855636250526));
#5000 = CARTESIAN_POINT('',(3.644738880117,18.862531281866));
#5001 = CARTESIAN_POINT('',(3.692445019013,18.870033005455));
#5002 = CARTESIAN_POINT('',(3.740786123628,18.878065034931));
#5003 = CARTESIAN_POINT('',(3.789848368957,18.886532422339));
#5004 = CARTESIAN_POINT('',(3.839724354388,18.895318710185));
#5005 = ( GEOMETRIC_REPRESENTATION_CONTEXT(2) 
PARAMETRIC_REPRESENTATION_CONTEXT() REPRESENTATION_CONTEXT('2D SPACE',''
  ) );
#5006 = PCURVE('',#5007,#5012);
#5007 = CYLINDRICAL_SURFACE('',#5008,19.);
#5008 = AXIS2_PLACEMENT_3D('',#5009,#5010,#5011);
#5009 = CARTESIAN_POINT('',(356.,0.,0.));
#5010 = DIRECTION('',(1.,0.,0.));
#5011 = DIRECTION('',(-0.,0.,1.));
#5012 = DEFINITIONAL_REPRESENTATION('',(#5013),#5034);
#5013 = B_SPLINE_CURVE_WITH_KNOTS('',7,(#5014,#5015,#5016,#5017,#5018,
    #5019,#5020,#5021,#5022,#5023,#5024,#5025,#5026,#5027,#5028,#5029,
    #5030,#5031,#5032,#5033),.UNSPECIFIED.,.F.,.F.,(8,6,6,8),(0.,
    0.500088048202,0.766657766629,1.),.UNSPECIFIED.);
#5014 = CARTESIAN_POINT('',(1.902108563712,7.671247785185));
#5015 = CARTESIAN_POINT('',(1.892659181163,7.458461259914));
#5016 = CARTESIAN_POINT('',(1.884931142748,7.230822748143));
#5017 = CARTESIAN_POINT('',(1.878848446484,6.993227226888));
#5018 = CARTESIAN_POINT('',(1.874340107063,6.749062843812));
#5019 = CARTESIAN_POINT('',(1.871352102891,6.500825559249));
#5020 = CARTESIAN_POINT('',(1.869855816302,6.250524022762));
#5021 = CARTESIAN_POINT('',(1.869855816302,5.866459279627));
#5022 = CARTESIAN_POINT('',(1.870280974921,5.732927831271));
#5023 = CARTESIAN_POINT('',(1.871131188773,5.599714833318));
#5024 = CARTESIAN_POINT('',(1.872408531924,5.467133748999));
#5025 = CARTESIAN_POINT('',(1.874117107929,5.335518565195));
#5026 = CARTESIAN_POINT('',(1.87626290188,5.205240031244));
#5027 = CARTESIAN_POINT('',(1.881121432639,4.964223342098));
#5028 = CARTESIAN_POINT('',(1.883730156503,4.853074102567));
#5029 = CARTESIAN_POINT('',(1.886685218133,4.74354663977));
#5030 = CARTESIAN_POINT('',(1.889993150309,4.635953511923));
#5031 = CARTESIAN_POINT('',(1.893661237141,4.530659042963));
#5032 = CARTESIAN_POINT('',(1.897697146712,4.428090990674));
#5033 = CARTESIAN_POINT('',(1.902108563712,4.328752214815));
#5034 = ( GEOMETRIC_REPRESENTATION_CONTEXT(2) 
PARAMETRIC_REPRESENTATION_CONTEXT() REPRESENTATION_CONTEXT('2D SPACE',''
  ) );
#5035 = ORIENTED_EDGE('',*,*,#5036,.F.);
#5036 = EDGE_CURVE('',#4610,#4956,#5037,.T.);
#5037 = SURFACE_CURVE('',#5038,(#5042,#5049),.PCURVE_S1.);
#5038 = LINE('',#5039,#5040);
#5039 = CARTESIAN_POINT('',(363.67124778518,-0.841735364514,
    1.805107314439));
#5040 = VECTOR('',#5041,1.);
#5041 = DIRECTION('',(0.,-0.906307787037,-0.422618261741));
#5042 = PCURVE('',#4689,#5043);
#5043 = DEFINITIONAL_REPRESENTATION('',(#5044),#5048);
#5044 = LINE('',#5045,#5046);
#5045 = CARTESIAN_POINT('',(2.443460952792,0.));
#5046 = VECTOR('',#5047,1.);
#5047 = DIRECTION('',(0.,1.));
#5048 = ( GEOMETRIC_REPRESENTATION_CONTEXT(2) 
PARAMETRIC_REPRESENTATION_CONTEXT() REPRESENTATION_CONTEXT('2D SPACE',''
  ) );
#5049 = PCURVE('',#4629,#5050);
#5050 = DEFINITIONAL_REPRESENTATION('',(#5051),#5055);
#5051 = LINE('',#5052,#5053);
#5052 = CARTESIAN_POINT('',(-0.,0.));
#5053 = VECTOR('',#5054,1.);
#5054 = DIRECTION('',(5.551115123126E-17,-1.));
#5055 = ( GEOMETRIC_REPRESENTATION_CONTEXT(2) 
PARAMETRIC_REPRESENTATION_CONTEXT() REPRESENTATION_CONTEXT('2D SPACE',''
  ) );
#5056 = ORIENTED_EDGE('',*,*,#4641,.T.);
#5057 = ORIENTED_EDGE('',*,*,#5058,.T.);
#5058 = EDGE_CURVE('',#4429,#4958,#5059,.T.);
#5059 = SURFACE_CURVE('',#5060,(#5064,#5071),.PCURVE_S1.);
#5060 = LINE('',#5061,#5062);
#5061 = CARTESIAN_POINT('',(360.32875221481,-0.841735364514,
    1.805107314439));
#5062 = VECTOR('',#5063,1.);
#5063 = DIRECTION('',(0.,-0.906307787037,-0.422618261741));
#5064 = PCURVE('',#4689,#5065);
#5065 = DEFINITIONAL_REPRESENTATION('',(#5066),#5070);
#5066 = LINE('',#5067,#5068);
#5067 = CARTESIAN_POINT('',(3.839724354388,0.));
#5068 = VECTOR('',#5069,1.);
#5069 = DIRECTION('',(0.,1.));
#5070 = ( GEOMETRIC_REPRESENTATION_CONTEXT(2) 
PARAMETRIC_REPRESENTATION_CONTEXT() REPRESENTATION_CONTEXT('2D SPACE',''
  ) );
#5071 = PCURVE('',#4450,#5072);
#5072 = DEFINITIONAL_REPRESENTATION('',(#5073),#5077);
#5073 = LINE('',#5074,#5075);
#5074 = CARTESIAN_POINT('',(0.,0.));
#5075 = VECTOR('',#5076,1.);
#5076 = DIRECTION('',(-5.551115123126E-17,-1.));
#5077 = ( GEOMETRIC_REPRESENTATION_CONTEXT(2) 
PARAMETRIC_REPRESENTATION_CONTEXT() REPRESENTATION_CONTEXT('2D SPACE',''
  ) );
#5078 = ADVANCED_FACE('',(#5079,#5266),#5007,.T.);
#5079 = FACE_BOUND('',#5080,.T.);
#5080 = EDGE_LOOP('',(#5081,#5110,#5188,#5215,#5240,#5241));
#5081 = ORIENTED_EDGE('',*,*,#5082,.T.);
#5082 = EDGE_CURVE('',#5083,#5085,#5087,.T.);
#5083 = VERTEX_POINT('',#5084);
#5084 = CARTESIAN_POINT('',(357.95511805016,-17.21984795369,
    -8.029746973073));
#5085 = VERTEX_POINT('',#5086);
#5086 = CARTESIAN_POINT('',(360.32875221481,-16.28323912106,
    -9.790614062774));
#5087 = SURFACE_CURVE('',#5088,(#5093,#5103),.PCURVE_S1.);
#5088 = ELLIPSE('',#5089,29.558752710348,19.);
#5089 = AXIS2_PLACEMENT_3D('',#5090,#5091,#5092);
#5090 = CARTESIAN_POINT('',(357.95511805016,0.,0.));
#5091 = DIRECTION('',(0.642787609687,-0.323744370967,0.694272044015));
#5092 = DIRECTION('',(0.766044443119,0.271653782274,-0.58256341607));
#5093 = PCURVE('',#5007,#5094);
#5094 = DEFINITIONAL_REPRESENTATION('',(#5095),#5102);
#5095 = B_SPLINE_CURVE_WITH_KNOTS('',5,(#5096,#5097,#5098,#5099,#5100,
    #5101),.UNSPECIFIED.,.F.,.F.,(6,6),(4.701906074957,4.82795590286),
  .PIECEWISE_BEZIER_KNOTS.);
#5096 = CARTESIAN_POINT('',(1.996645734366,1.717754633698));
#5097 = CARTESIAN_POINT('',(2.021855699946,2.288560542906));
#5098 = CARTESIAN_POINT('',(2.047065665527,2.859555020373));
#5099 = CARTESIAN_POINT('',(2.072275631108,3.429982291719));
#5100 = CARTESIAN_POINT('',(2.097485596688,3.999086086153));
#5101 = CARTESIAN_POINT('',(2.122695562269,4.56611563128));
#5102 = ( GEOMETRIC_REPRESENTATION_CONTEXT(2) 
PARAMETRIC_REPRESENTATION_CONTEXT() REPRESENTATION_CONTEXT('2D SPACE',''
  ) );
#5103 = PCURVE('',#4482,#5104);
#5104 = DEFINITIONAL_REPRESENTATION('',(#5105),#5109);
#5105 = ELLIPSE('',#5106,29.558752710348,19.);
#5106 = AXIS2_PLACEMENT_2D('',#5107,#5108);
#5107 = CARTESIAN_POINT('',(0.,0.));
#5108 = DIRECTION('',(1.,0.));
#5109 = ( GEOMETRIC_REPRESENTATION_CONTEXT(2) 
PARAMETRIC_REPRESENTATION_CONTEXT() REPRESENTATION_CONTEXT('2D SPACE',''
  ) );
#5110 = ORIENTED_EDGE('',*,*,#5111,.F.);
#5111 = EDGE_CURVE('',#5112,#5085,#5114,.T.);
#5112 = VERTEX_POINT('',#5113);
#5113 = CARTESIAN_POINT('',(363.67124778518,-16.28323912106,
    -9.790614062774));
#5114 = SURFACE_CURVE('',#5115,(#5130,#5159),.PCURVE_S1.);
#5115 = B_SPLINE_CURVE_WITH_KNOTS('',7,(#5116,#5117,#5118,#5119,#5120,
    #5121,#5122,#5123,#5124,#5125,#5126,#5127,#5128,#5129),
  .UNSPECIFIED.,.F.,.F.,(8,6,8),(0.,1.,1.999971879076),.UNSPECIFIED.);
#5116 = CARTESIAN_POINT('',(363.67124778518,-16.28323912106,
    -9.790614062774));
#5117 = CARTESIAN_POINT('',(363.45845326002,-16.1907203852,
    -9.944486403106));
#5118 = CARTESIAN_POINT('',(363.23081205033,-16.11336235195,
    -10.06930285144));
#5119 = CARTESIAN_POINT('',(362.99322006771,-16.05154458369,
    -10.16695221019));
#5120 = CARTESIAN_POINT('',(362.74906219668,-16.00528770259,
    -10.23904431443));
#5121 = CARTESIAN_POINT('',(362.50083085804,-15.97447963522,
    -10.28672969784));
#5122 = CARTESIAN_POINT('',(362.25053121463,-15.9590511608,
    -10.31061036247));
#5123 = CARTESIAN_POINT('',(361.74947583053,-15.9590511608,
    -10.31061036247));
#5124 = CARTESIAN_POINT('',(361.49917408031,-15.97447879559,
    -10.28673100089));
#5125 = CARTESIAN_POINT('',(361.25093665681,-16.00528704937,
    -10.23904531513));
#5126 = CARTESIAN_POINT('',(361.00677228072,-16.05154560247,
    -10.16695069965));
#5127 = CARTESIAN_POINT('',(360.76917693742,-16.11336544654,
    -10.06929799164));
#5128 = CARTESIAN_POINT('',(360.54153863158,-16.19072391057,
    -9.944480539903));
#5129 = CARTESIAN_POINT('',(360.32875221481,-16.28323912106,
    -9.790614062774));
#5130 = PCURVE('',#5007,#5131);
#5131 = DEFINITIONAL_REPRESENTATION('',(#5132),#5158);
#5132 = B_SPLINE_CURVE_WITH_KNOTS('',3,(#5133,#5134,#5135,#5136,#5137,
    #5138,#5139,#5140,#5141,#5142,#5143,#5144,#5145,#5146,#5147,#5148,
    #5149,#5150,#5151,#5152,#5153,#5154,#5155,#5156,#5157),
  .UNSPECIFIED.,.F.,.F.,(4,1,1,1,1,1,1,1,1,1,1,1,1,1,1,1,1,1,1,1,1,1,4),
  (0.,9.090781268525E-02,0.181815625371,0.272723438056,0.363631250741,
    0.454539063426,0.545446876112,0.636354688797,0.727262501482,
    0.818170314167,0.909078126853,0.999985939538,1.090893752223,
    1.181801564908,1.272709377594,1.363617190279,1.454525002964,
    1.545432815649,1.636340628335,1.72724844102,1.818156253705,
    1.90906406639,1.999971879076),.QUASI_UNIFORM_KNOTS.);
#5133 = CARTESIAN_POINT('',(2.112148715875,7.671247785185));
#5134 = CARTESIAN_POINT('',(2.114153135081,7.626103890119));
#5135 = CARTESIAN_POINT('',(2.117962923179,7.534122509286));
#5136 = CARTESIAN_POINT('',(2.123091763125,7.391716813591));
#5137 = CARTESIAN_POINT('',(2.127646309516,7.245552243613));
#5138 = CARTESIAN_POINT('',(2.131637271337,7.096206940748));
#5139 = CARTESIAN_POINT('',(2.135074596132,6.944206329625));
#5140 = CARTESIAN_POINT('',(2.137967247933,6.790021382722));
#5141 = CARTESIAN_POINT('',(2.140323074796,6.634078240687));
#5142 = CARTESIAN_POINT('',(2.142148660545,6.476765183698));
#5143 = CARTESIAN_POINT('',(2.143449188252,6.31843618645));
#5144 = CARTESIAN_POINT('',(2.14422830639,6.15942832814));
#5145 = CARTESIAN_POINT('',(2.144488001685,6.000024936361));
#5146 = CARTESIAN_POINT('',(2.144228466542,5.840619874966));
#5147 = CARTESIAN_POINT('',(2.143449482196,5.681607908891));
#5148 = CARTESIAN_POINT('',(2.142149046148,5.523273060134));
#5149 = CARTESIAN_POINT('',(2.140323500908,5.365953085594));
#5150 = CARTESIAN_POINT('',(2.137967661865,5.210002584924));
#5151 = CARTESIAN_POINT('',(2.135074950585,5.055810426648));
#5152 = CARTESIAN_POINT('',(2.131637531092,4.90380329589));
#5153 = CARTESIAN_POINT('',(2.127646457687,4.754452657248));
#5154 = CARTESIAN_POINT('',(2.123091807174,4.608284350547));
#5155 = CARTESIAN_POINT('',(2.117962899904,4.465876850164));
#5156 = CARTESIAN_POINT('',(2.114153115448,4.373895645147));
#5157 = CARTESIAN_POINT('',(2.112148715875,4.328752214815));
#5158 = ( GEOMETRIC_REPRESENTATION_CONTEXT(2) 
PARAMETRIC_REPRESENTATION_CONTEXT() REPRESENTATION_CONTEXT('2D SPACE',''
  ) );
#5159 = PCURVE('',#4543,#5160);
#5160 = DEFINITIONAL_REPRESENTATION('',(#5161),#5187);
#5161 = B_SPLINE_CURVE_WITH_KNOTS('',3,(#5162,#5163,#5164,#5165,#5166,
    #5167,#5168,#5169,#5170,#5171,#5172,#5173,#5174,#5175,#5176,#5177,
    #5178,#5179,#5180,#5181,#5182,#5183,#5184,#5185,#5186),
  .UNSPECIFIED.,.F.,.F.,(4,1,1,1,1,1,1,1,1,1,1,1,1,1,1,1,1,1,1,1,1,1,4),
  (0.,9.090781268525E-02,0.181815625371,0.272723438056,0.363631250741,
    0.454539063426,0.545446876112,0.636354688797,0.727262501482,
    0.818170314167,0.909078126853,0.999985939538,1.090893752223,
    1.181801564908,1.272709377594,1.363617190279,1.454525002964,
    1.545432815649,1.636340628335,1.72724844102,1.818156253705,
    1.90906406639,1.999971879076),.QUASI_UNIFORM_KNOTS.);
#5162 = CARTESIAN_POINT('',(6.981317007977,18.895318710185));
#5163 = CARTESIAN_POINT('',(6.958655046058,18.891324473019));
#5164 = CARTESIAN_POINT('',(6.913758763861,18.883512345387));
#5165 = CARTESIAN_POINT('',(6.847564941191,18.872465613047));
#5166 = CARTESIAN_POINT('',(6.782386545654,18.862241344442));
#5167 = CARTESIAN_POINT('',(6.71809837595,18.852960494537));
#5168 = CARTESIAN_POINT('',(6.654579513444,18.844726724986));
#5169 = CARTESIAN_POINT('',(6.591713061123,18.83762527145));
#5170 = CARTESIAN_POINT('',(6.529384627871,18.831725380816));
#5171 = CARTESIAN_POINT('',(6.467481689858,18.827081607384));
#5172 = CARTESIAN_POINT('',(6.405891394723,18.823735196987));
#5173 = CARTESIAN_POINT('',(6.344503902693,18.821715198267));
#5174 = CARTESIAN_POINT('',(6.283194891999,18.821039359394));
#5175 = CARTESIAN_POINT('',(6.221885275678,18.821714782031));
#5176 = CARTESIAN_POINT('',(6.160496301428,18.823734437334));
#5177 = CARTESIAN_POINT('',(6.098903886613,18.827080620385));
#5178 = CARTESIAN_POINT('',(6.036998415901,18.831724305282));
#5179 = CARTESIAN_POINT('',(5.974667240675,18.837624245966));
#5180 = CARTESIAN_POINT('',(5.911798034072,18.844725867414));
#5181 = CARTESIAN_POINT('',(5.848276599808,18.852959884315));
#5182 = CARTESIAN_POINT('',(5.78398623675,18.862241008899));
#5183 = CARTESIAN_POINT('',(5.718806222597,18.872465518866));
#5184 = CARTESIAN_POINT('',(5.652611551441,18.883512394666));
#5185 = CARTESIAN_POINT('',(5.607715341323,18.891324513551));
#5186 = CARTESIAN_POINT('',(5.585053606382,18.895318710185));
#5187 = ( GEOMETRIC_REPRESENTATION_CONTEXT(2) 
PARAMETRIC_REPRESENTATION_CONTEXT() REPRESENTATION_CONTEXT('2D SPACE',''
  ) );
#5188 = ORIENTED_EDGE('',*,*,#5189,.T.);
#5189 = EDGE_CURVE('',#5112,#5190,#5192,.T.);
#5190 = VERTEX_POINT('',#5191);
#5191 = CARTESIAN_POINT('',(366.04488194983,-17.21984795369,
    -8.029746973073));
#5192 = SURFACE_CURVE('',#5193,(#5198,#5208),.PCURVE_S1.);
#5193 = ELLIPSE('',#5194,29.558752710348,19.);
#5194 = AXIS2_PLACEMENT_3D('',#5195,#5196,#5197);
#5195 = CARTESIAN_POINT('',(366.04488194983,0.,0.));
#5196 = DIRECTION('',(-0.642787609687,-0.323744370967,0.694272044015));
#5197 = DIRECTION('',(0.766044443119,-0.271653782274,0.58256341607));
#5198 = PCURVE('',#5007,#5199);
#5199 = DEFINITIONAL_REPRESENTATION('',(#5200),#5207);
#5200 = B_SPLINE_CURVE_WITH_KNOTS('',5,(#5201,#5202,#5203,#5204,#5205,
    #5206),.UNSPECIFIED.,.F.,.F.,(6,6),(4.596822057909,4.722871885812),
  .PIECEWISE_BEZIER_KNOTS.);
#5201 = CARTESIAN_POINT('',(2.122695562269,7.43388436872));
#5202 = CARTESIAN_POINT('',(2.097485596688,8.000913913847));
#5203 = CARTESIAN_POINT('',(2.072275631108,8.570017708281));
#5204 = CARTESIAN_POINT('',(2.047065665527,9.140444979627));
#5205 = CARTESIAN_POINT('',(2.021855699946,9.711439457094));
#5206 = CARTESIAN_POINT('',(1.996645734366,10.282245366302));
#5207 = ( GEOMETRIC_REPRESENTATION_CONTEXT(2) 
PARAMETRIC_REPRESENTATION_CONTEXT() REPRESENTATION_CONTEXT('2D SPACE',''
  ) );
#5208 = PCURVE('',#4597,#5209);
#5209 = DEFINITIONAL_REPRESENTATION('',(#5210),#5214);
#5210 = ELLIPSE('',#5211,29.558752710348,19.);
#5211 = AXIS2_PLACEMENT_2D('',#5212,#5213);
#5212 = CARTESIAN_POINT('',(0.,0.));
#5213 = DIRECTION('',(1.,-0.));
#5214 = ( GEOMETRIC_REPRESENTATION_CONTEXT(2) 
PARAMETRIC_REPRESENTATION_CONTEXT() REPRESENTATION_CONTEXT('2D SPACE',''
  ) );
#5215 = ORIENTED_EDGE('',*,*,#5216,.T.);
#5216 = EDGE_CURVE('',#5190,#4956,#5217,.T.);
#5217 = SURFACE_CURVE('',#5218,(#5223,#5233),.PCURVE_S1.);
#5218 = ELLIPSE('',#5219,29.558752710348,19.);
#5219 = AXIS2_PLACEMENT_3D('',#5220,#5221,#5222);
#5220 = CARTESIAN_POINT('',(366.04488194983,0.,0.));
#5221 = DIRECTION('',(-0.642787609687,0.323744370967,-0.694272044015));
#5222 = DIRECTION('',(0.766044443119,0.271653782274,-0.58256341607));
#5223 = PCURVE('',#5007,#5224);
#5224 = DEFINITIONAL_REPRESENTATION('',(#5225),#5232);
#5225 = B_SPLINE_CURVE_WITH_KNOTS('',5,(#5226,#5227,#5228,#5229,#5230,
    #5231),.UNSPECIFIED.,.F.,.F.,(6,6),(1.560313421367,1.68636324927),
  .PIECEWISE_BEZIER_KNOTS.);
#5226 = CARTESIAN_POINT('',(2.017611545221,10.282245366302));
#5227 = CARTESIAN_POINT('',(1.992401579641,9.711439457094));
#5228 = CARTESIAN_POINT('',(1.96719161406,9.140444979627));
#5229 = CARTESIAN_POINT('',(1.941981648479,8.570017708281));
#5230 = CARTESIAN_POINT('',(1.916771682899,8.000913913847));
#5231 = CARTESIAN_POINT('',(1.891561717318,7.43388436872));
#5232 = ( GEOMETRIC_REPRESENTATION_CONTEXT(2) 
PARAMETRIC_REPRESENTATION_CONTEXT() REPRESENTATION_CONTEXT('2D SPACE',''
  ) );
#5233 = PCURVE('',#4629,#5234);
#5234 = DEFINITIONAL_REPRESENTATION('',(#5235),#5239);
#5235 = ELLIPSE('',#5236,29.558752710348,19.);
#5236 = AXIS2_PLACEMENT_2D('',#5237,#5238);
#5237 = CARTESIAN_POINT('',(-3.098559340745,0.));
#5238 = DIRECTION('',(-1.,0.));
#5239 = ( GEOMETRIC_REPRESENTATION_CONTEXT(2) 
PARAMETRIC_REPRESENTATION_CONTEXT() REPRESENTATION_CONTEXT('2D SPACE',''
  ) );
#5240 = ORIENTED_EDGE('',*,*,#4955,.T.);
#5241 = ORIENTED_EDGE('',*,*,#5242,.T.);
#5242 = EDGE_CURVE('',#4958,#5083,#5243,.T.);
#5243 = SURFACE_CURVE('',#5244,(#5249,#5259),.PCURVE_S1.);
#5244 = ELLIPSE('',#5245,29.558752710348,19.);
#5245 = AXIS2_PLACEMENT_3D('',#5246,#5247,#5248);
#5246 = CARTESIAN_POINT('',(357.95511805016,0.,0.));
#5247 = DIRECTION('',(0.642787609687,0.323744370967,-0.694272044015));
#5248 = DIRECTION('',(0.766044443119,-0.271653782274,0.58256341607));
#5249 = PCURVE('',#5007,#5250);
#5250 = DEFINITIONAL_REPRESENTATION('',(#5251),#5258);
#5251 = B_SPLINE_CURVE_WITH_KNOTS('',5,(#5252,#5253,#5254,#5255,#5256,
    #5257),.UNSPECIFIED.,.F.,.F.,(6,6),(1.45522940432,1.581279232223),
  .PIECEWISE_BEZIER_KNOTS.);
#5252 = CARTESIAN_POINT('',(1.891561717318,4.56611563128));
#5253 = CARTESIAN_POINT('',(1.916771682899,3.999086086153));
#5254 = CARTESIAN_POINT('',(1.941981648479,3.429982291719));
#5255 = CARTESIAN_POINT('',(1.96719161406,2.859555020373));
#5256 = CARTESIAN_POINT('',(1.992401579641,2.288560542906));
#5257 = CARTESIAN_POINT('',(2.017611545221,1.717754633698));
#5258 = ( GEOMETRIC_REPRESENTATION_CONTEXT(2) 
PARAMETRIC_REPRESENTATION_CONTEXT() REPRESENTATION_CONTEXT('2D SPACE',''
  ) );
#5259 = PCURVE('',#4450,#5260);
#5260 = DEFINITIONAL_REPRESENTATION('',(#5261),#5265);
#5261 = ELLIPSE('',#5262,29.558752710348,19.);
#5262 = AXIS2_PLACEMENT_2D('',#5263,#5264);
#5263 = CARTESIAN_POINT('',(3.098559340745,0.));
#5264 = DIRECTION('',(-1.,0.));
#5265 = ( GEOMETRIC_REPRESENTATION_CONTEXT(2) 
PARAMETRIC_REPRESENTATION_CONTEXT() REPRESENTATION_CONTEXT('2D SPACE',''
  ) );
#5266 = FACE_BOUND('',#5267,.T.);
#5267 = EDGE_LOOP('',(#5268));
#5268 = ORIENTED_EDGE('',*,*,#5269,.T.);
#5269 = EDGE_CURVE('',#5270,#5270,#5272,.T.);
#5270 = VERTEX_POINT('',#5271);
#5271 = CARTESIAN_POINT('',(362.,-17.54267166066,-7.297579804699));
#5272 = SURFACE_CURVE('',#5273,(#5304,#5338),.PCURVE_S1.);
#5273 = B_SPLINE_CURVE_WITH_KNOTS('',8,(#5274,#5275,#5276,#5277,#5278,
    #5279,#5280,#5281,#5282,#5283,#5284,#5285,#5286,#5287,#5288,#5289,
    #5290,#5291,#5292,#5293,#5294,#5295,#5296,#5297,#5298,#5299,#5300,
    #5301,#5302,#5303),.UNSPECIFIED.,.T.,.F.,(9,7,7,7,9),(0.,0.25,0.5,
    0.749999999999,1.),.UNSPECIFIED.);
#5274 = CARTESIAN_POINT('',(362.,-17.54267166066,-7.297579804699));
#5275 = CARTESIAN_POINT('',(362.14250994204,-17.54267166066,
    -7.297579804699));
#5276 = CARTESIAN_POINT('',(362.28934408248,-17.53151908119,
    -7.324390227013));
#5277 = CARTESIAN_POINT('',(362.43272706554,-17.50802393519,
    -7.380866167788));
#5278 = CARTESIAN_POINT('',(362.56392833564,-17.4718895001,
    -7.467094827526));
#5279 = CARTESIAN_POINT('',(362.67424939964,-17.42339480855,
    -7.580713983632));
#5280 = CARTESIAN_POINT('',(362.75545308112,-17.36362680798,
    -7.716973436837));
#5281 = CARTESIAN_POINT('',(362.8,-17.29447707516,-7.869704305612));
#5282 = CARTESIAN_POINT('',(362.8,-17.14521883222,-8.189789640535));
#5283 = CARTESIAN_POINT('',(362.75545308112,-17.07266879037,
    -8.340934919169));
#5284 = CARTESIAN_POINT('',(362.67424939964,-17.00670612365,
    -8.474305752109));
#5285 = CARTESIAN_POINT('',(362.56392833564,-16.95084058735,
    -8.584487826859));
#5286 = CARTESIAN_POINT('',(362.43272706554,-16.90801236888,
    -8.667595124144));
#5287 = CARTESIAN_POINT('',(362.28934408248,-16.87985167701,
    -8.721895485152));
#5288 = CARTESIAN_POINT('',(362.14250994204,-16.86648244188,
    -8.747672263957));
#5289 = CARTESIAN_POINT('',(361.85749005796,-16.86648244188,
    -8.747672263957));
#5290 = CARTESIAN_POINT('',(361.71065591751,-16.87985167701,
    -8.721895485151));
#5291 = CARTESIAN_POINT('',(361.56727293445,-16.90801236888,
    -8.667595124144));
#5292 = CARTESIAN_POINT('',(361.43607166435,-16.95084058735,
    -8.584487826858));
#5293 = CARTESIAN_POINT('',(361.32575060035,-17.00670612365,
    -8.474305752109));
#5294 = CARTESIAN_POINT('',(361.24454691887,-17.07266879037,
    -8.340934919168));
#5295 = CARTESIAN_POINT('',(361.2,-17.14521883222,-8.189789640535));
#5296 = CARTESIAN_POINT('',(361.2,-17.29447707516,-7.869704305611));
#5297 = CARTESIAN_POINT('',(361.24454691887,-17.36362680798,
    -7.71697343684));
#5298 = CARTESIAN_POINT('',(361.32575060035,-17.42339480856,
    -7.580713983629));
#5299 = CARTESIAN_POINT('',(361.43607166436,-17.4718895001,
    -7.467094827528));
#5300 = CARTESIAN_POINT('',(361.56727293445,-17.50802393519,
    -7.380866167787));
#5301 = CARTESIAN_POINT('',(361.71065591751,-17.53151908119,
    -7.324390227014));
#5302 = CARTESIAN_POINT('',(361.85749005796,-17.54267166066,
    -7.297579804699));
#5303 = CARTESIAN_POINT('',(362.,-17.54267166066,-7.297579804699));
#5304 = PCURVE('',#5007,#5305);
#5305 = DEFINITIONAL_REPRESENTATION('',(#5306),#5337);
#5306 = B_SPLINE_CURVE_WITH_KNOTS('',8,(#5307,#5308,#5309,#5310,#5311,
    #5312,#5313,#5314,#5315,#5316,#5317,#5318,#5319,#5320,#5321,#5322,
    #5323,#5324,#5325,#5326,#5327,#5328,#5329,#5330,#5331,#5332,#5333,
    #5334,#5335,#5336),.UNSPECIFIED.,.T.,.F.,(9,7,7,7,9),(0.,0.25,0.5,
    0.749999999999,1.),.UNSPECIFIED.);
#5307 = CARTESIAN_POINT('',(1.965010925625,6.));
#5308 = CARTESIAN_POINT('',(1.965010925625,6.14250994204));
#5309 = CARTESIAN_POINT('',(1.966539218897,6.289344082489));
#5310 = CARTESIAN_POINT('',(1.969758590225,6.432727065545));
#5311 = CARTESIAN_POINT('',(1.974679326202,6.563928335641));
#5312 = CARTESIAN_POINT('',(1.981180862476,6.674249399645));
#5313 = CARTESIAN_POINT('',(1.98901112932,6.755453081129));
#5314 = CARTESIAN_POINT('',(1.997834558458,6.8));
#5315 = CARTESIAN_POINT('',(2.016422721129,6.8));
#5316 = CARTESIAN_POINT('',(2.025246150266,6.755453081129));
#5317 = CARTESIAN_POINT('',(2.033076417111,6.674249399644));
#5318 = CARTESIAN_POINT('',(2.039577953385,6.563928335642));
#5319 = CARTESIAN_POINT('',(2.044498689362,6.432727065545));
#5320 = CARTESIAN_POINT('',(2.04771806069,6.289344082489));
#5321 = CARTESIAN_POINT('',(2.049246353962,6.14250994204));
#5322 = CARTESIAN_POINT('',(2.049246353962,5.85749005796));
#5323 = CARTESIAN_POINT('',(2.04771806069,5.710655917511));
#5324 = CARTESIAN_POINT('',(2.044498689362,5.567272934455));
#5325 = CARTESIAN_POINT('',(2.039577953385,5.436071664358));
#5326 = CARTESIAN_POINT('',(2.033076417111,5.325750600356));
#5327 = CARTESIAN_POINT('',(2.025246150266,5.244546918871));
#5328 = CARTESIAN_POINT('',(2.016422721129,5.2));
#5329 = CARTESIAN_POINT('',(1.997834558458,5.2));
#5330 = CARTESIAN_POINT('',(1.989011129321,5.244546918871));
#5331 = CARTESIAN_POINT('',(1.981180862476,5.325750600355));
#5332 = CARTESIAN_POINT('',(1.974679326202,5.436071664359));
#5333 = CARTESIAN_POINT('',(1.969758590225,5.567272934455));
#5334 = CARTESIAN_POINT('',(1.966539218897,5.710655917511));
#5335 = CARTESIAN_POINT('',(1.965010925625,5.857490057961));
#5336 = CARTESIAN_POINT('',(1.965010925625,6.));
#5337 = ( GEOMETRIC_REPRESENTATION_CONTEXT(2) 
PARAMETRIC_REPRESENTATION_CONTEXT() REPRESENTATION_CONTEXT('2D SPACE',''
  ) );
#5338 = PCURVE('',#5339,#5344);
#5339 = CYLINDRICAL_SURFACE('',#5340,0.8);
#5340 = AXIS2_PLACEMENT_3D('',#5341,#5342,#5343);
#5341 = CARTESIAN_POINT('',(362.,-19.03246352777,-8.874983496555));
#5342 = DIRECTION('',(0.,0.906307787037,0.422618261741));
#5343 = DIRECTION('',(0.,-0.422618261741,0.906307787037));
#5344 = DEFINITIONAL_REPRESENTATION('',(#5345),#5376);
#5345 = B_SPLINE_CURVE_WITH_KNOTS('',8,(#5346,#5347,#5348,#5349,#5350,
    #5351,#5352,#5353,#5354,#5355,#5356,#5357,#5358,#5359,#5360,#5361,
    #5362,#5363,#5364,#5365,#5366,#5367,#5368,#5369,#5370,#5371,#5372,
    #5373,#5374,#5375),.UNSPECIFIED.,.F.,.F.,(9,7,7,7,9),(0.,0.25,0.5,
    0.749999999999,1.),.UNSPECIFIED.);
#5346 = CARTESIAN_POINT('',(0.,2.016849576532));
#5347 = CARTESIAN_POINT('',(0.17813742755,2.016849576532));
#5348 = CARTESIAN_POINT('',(0.361681384213,2.015626672079));
#5349 = CARTESIAN_POINT('',(0.549516819115,2.013052741934));
#5350 = CARTESIAN_POINT('',(0.741575001124,2.009359855545));
#5351 = CARTESIAN_POINT('',(0.938197664022,2.005293441874));
#5352 = CARTESIAN_POINT('',(1.140501838244,2.001875912951));
#5353 = CARTESIAN_POINT('',(1.350061895083,2.));
#5354 = CARTESIAN_POINT('',(1.791530758506,2.));
#5355 = CARTESIAN_POINT('',(2.001090815346,2.001875912951));
#5356 = CARTESIAN_POINT('',(2.203394989568,2.005293441874));
#5357 = CARTESIAN_POINT('',(2.400017652465,2.009359855545));
#5358 = CARTESIAN_POINT('',(2.592075834476,2.013052741934));
#5359 = CARTESIAN_POINT('',(2.779911269376,2.015626672079));
#5360 = CARTESIAN_POINT('',(2.96345522604,2.016849576532));
#5361 = CARTESIAN_POINT('',(3.319730081139,2.016849576532));
#5362 = CARTESIAN_POINT('',(3.503274037804,2.015626672079));
#5363 = CARTESIAN_POINT('',(3.691109472703,2.013052741934));
#5364 = CARTESIAN_POINT('',(3.883167654715,2.009359855545));
#5365 = CARTESIAN_POINT('',(4.079790317611,2.005293441874));
#5366 = CARTESIAN_POINT('',(4.282094491834,2.001875912951));
#5367 = CARTESIAN_POINT('',(4.491654548673,2.));
#5368 = CARTESIAN_POINT('',(4.933123412097,2.));
#5369 = CARTESIAN_POINT('',(5.142683468933,2.001875912951));
#5370 = CARTESIAN_POINT('',(5.344987643161,2.005293441873));
#5371 = CARTESIAN_POINT('',(5.541610306053,2.009359855545));
#5372 = CARTESIAN_POINT('',(5.733668488067,2.013052741934));
#5373 = CARTESIAN_POINT('',(5.921503922965,2.015626672079));
#5374 = CARTESIAN_POINT('',(6.10504787963,2.016849576532));
#5375 = CARTESIAN_POINT('',(6.28318530718,2.016849576532));
#5376 = ( GEOMETRIC_REPRESENTATION_CONTEXT(2) 
PARAMETRIC_REPRESENTATION_CONTEXT() REPRESENTATION_CONTEXT('2D SPACE',''
  ) );
#5377 = ADVANCED_FACE('',(#5378),#5339,.F.);
#5378 = FACE_BOUND('',#5379,.F.);
#5379 = EDGE_LOOP('',(#5380,#5552,#5573,#5574));
#5380 = ORIENTED_EDGE('',*,*,#5381,.F.);
#5381 = EDGE_CURVE('',#5382,#5382,#5384,.T.);
#5382 = VERTEX_POINT('',#5383);
#5383 = CARTESIAN_POINT('',(362.,-16.81695354686,-6.959171890571));
#5384 = SURFACE_CURVE('',#5385,(#5416,#5513),.PCURVE_S1.);
#5385 = B_SPLINE_CURVE_WITH_KNOTS('',8,(#5386,#5387,#5388,#5389,#5390,
    #5391,#5392,#5393,#5394,#5395,#5396,#5397,#5398,#5399,#5400,#5401,
    #5402,#5403,#5404,#5405,#5406,#5407,#5408,#5409,#5410,#5411,#5412,
    #5413,#5414,#5415),.UNSPECIFIED.,.T.,.F.,(9,7,7,7,9),(0.,0.25,0.5,
    0.75,1.),.UNSPECIFIED.);
#5386 = CARTESIAN_POINT('',(362.,-16.81695354686,-6.959171890571));
#5387 = CARTESIAN_POINT('',(362.14251254773,-16.81695354686,
    -6.959171890571));
#5388 = CARTESIAN_POINT('',(362.28935365136,-16.80584936906,
    -6.986006059119));
#5389 = CARTESIAN_POINT('',(362.43273906324,-16.78245494959,
    -7.042534761893));
#5390 = CARTESIAN_POINT('',(362.56393746891,-16.74646662789,
    -7.128835075937));
#5391 = CARTESIAN_POINT('',(362.67425402517,-16.69813401895,
    -7.242529406751));
#5392 = CARTESIAN_POINT('',(362.75545458256,-16.63850328556,
    -7.378849628547));
#5393 = CARTESIAN_POINT('',(362.8,-16.56942958267,-7.531612404432));
#5394 = CARTESIAN_POINT('',(362.8,-16.42017386545,-7.851692322929));
#5395 = CARTESIAN_POINT('',(362.75545458256,-16.34755051025,
    -8.002799868754));
#5396 = CARTESIAN_POINT('',(362.67425402517,-16.28145305843,
    -8.136104610223));
#5397 = CARTESIAN_POINT('',(362.56393746891,-16.22542575027,
    -8.246210843862));
#5398 = CARTESIAN_POINT('',(362.43273906324,-16.18244872153,
    -8.329252270297));
#5399 = CARTESIAN_POINT('',(362.28935365136,-16.15418286587,
    -8.383509385071));
#5400 = CARTESIAN_POINT('',(362.14251254773,-16.14076432808,
    -8.40926434983));
#5401 = CARTESIAN_POINT('',(361.85748745226,-16.14076432808,
    -8.40926434983));
#5402 = CARTESIAN_POINT('',(361.71064634863,-16.15418286587,
    -8.383509385071));
#5403 = CARTESIAN_POINT('',(361.56726093675,-16.18244872154,
    -8.329252270295));
#5404 = CARTESIAN_POINT('',(361.43606253108,-16.22542575027,
    -8.246210843864));
#5405 = CARTESIAN_POINT('',(361.32574597482,-16.28145305843,
    -8.136104610221));
#5406 = CARTESIAN_POINT('',(361.24454541743,-16.34755051025,
    -8.002799868755));
#5407 = CARTESIAN_POINT('',(361.2,-16.42017386545,-7.851692322929));
#5408 = CARTESIAN_POINT('',(361.2,-16.56942958267,-7.531612404432));
#5409 = CARTESIAN_POINT('',(361.24454541743,-16.63850328556,
    -7.378849628548));
#5410 = CARTESIAN_POINT('',(361.32574597482,-16.69813401895,
    -7.24252940675));
#5411 = CARTESIAN_POINT('',(361.43606253108,-16.74646662789,
    -7.128835075939));
#5412 = CARTESIAN_POINT('',(361.56726093676,-16.78245494959,
    -7.042534761892));
#5413 = CARTESIAN_POINT('',(361.71064634863,-16.80584936906,
    -6.986006059119));
#5414 = CARTESIAN_POINT('',(361.85748745226,-16.81695354686,
    -6.959171890571));
#5415 = CARTESIAN_POINT('',(362.,-16.81695354686,-6.959171890571));
#5416 = PCURVE('',#5339,#5417);
#5417 = DEFINITIONAL_REPRESENTATION('',(#5418),#5512);
#5418 = B_SPLINE_CURVE_WITH_KNOTS('',8,(#5419,#5420,#5421,#5422,#5423,
    #5424,#5425,#5426,#5427,#5428,#5429,#5430,#5431,#5432,#5433,#5434,
    #5435,#5436,#5437,#5438,#5439,#5440,#5441,#5442,#5443,#5444,#5445,
    #5446,#5447,#5448,#5449,#5450,#5451,#5452,#5453,#5454,#5455,#5456,
    #5457,#5458,#5459,#5460,#5461,#5462,#5463,#5464,#5465,#5466,#5467,
    #5468,#5469,#5470,#5471,#5472,#5473,#5474,#5475,#5476,#5477,#5478,
    #5479,#5480,#5481,#5482,#5483,#5484,#5485,#5486,#5487,#5488,#5489,
    #5490,#5491,#5492,#5493,#5494,#5495,#5496,#5497,#5498,#5499,#5500,
    #5501,#5502,#5503,#5504,#5505,#5506,#5507,#5508,#5509,#5510,#5511),
  .UNSPECIFIED.,.F.,.F.,(9,7,7,7,7,7,7,7,7,7,7,7,7,9),(0.,0.25,0.4375,
    0.47265625,0.489135742188,0.497117996216,0.50104676187,
    0.625785071403,0.719338803552,0.73688012833,0.74510262432,
    0.749085395815,0.753005936505,1.),.UNSPECIFIED.);
#5419 = CARTESIAN_POINT('',(0.,2.817590918693));
#5420 = CARTESIAN_POINT('',(0.178140684667,2.817590918693));
#5421 = CARTESIAN_POINT('',(0.361693235279,2.816314111832));
#5422 = CARTESIAN_POINT('',(0.54953175255,2.813626594283));
#5423 = CARTESIAN_POINT('',(0.741592556376,2.809771001732));
#5424 = CARTESIAN_POINT('',(0.938207374942,2.805525921169));
#5425 = CARTESIAN_POINT('',(1.140510634068,2.801958303992));
#5426 = CARTESIAN_POINT('',(1.350065630312,2.8));
#5427 = CARTESIAN_POINT('',(1.736344349157,2.8));
#5428 = CARTESIAN_POINT('',(1.895606382019,2.801101555113));
#5429 = CARTESIAN_POINT('',(2.050235360057,2.803157372878));
#5430 = CARTESIAN_POINT('',(2.201148035712,2.805835984838));
#5431 = CARTESIAN_POINT('',(2.348948167715,2.808727274177));
#5432 = CARTESIAN_POINT('',(2.49403555139,2.811445491926));
#5433 = CARTESIAN_POINT('',(2.636583215044,2.813705546107));
#5434 = CARTESIAN_POINT('',(2.80281171145,2.815656373492));
#5435 = CARTESIAN_POINT('',(2.82896807732,2.815942698823));
#5436 = CARTESIAN_POINT('',(2.855033984018,2.816206273234));
#5437 = CARTESIAN_POINT('',(2.881008939358,2.816446204456));
#5438 = CARTESIAN_POINT('',(2.906892167184,2.8166617609));
#5439 = CARTESIAN_POINT('',(2.93268259525,2.81685237373));
#5440 = CARTESIAN_POINT('',(2.958378843093,2.81701763894));
#5441 = CARTESIAN_POINT('',(2.995979381862,2.817222794648));
#5442 = CARTESIAN_POINT('',(3.007958483894,2.817282648113));
#5443 = CARTESIAN_POINT('',(3.019916342625,2.817336855185));
#5444 = CARTESIAN_POINT('',(3.031852766907,2.817385399167));
#5445 = CARTESIAN_POINT('',(3.04376754836,2.817428271211));
#5446 = CARTESIAN_POINT('',(3.055660461913,2.817465470229));
#5447 = CARTESIAN_POINT('',(3.067531266338,2.817497002808));
#5448 = CARTESIAN_POINT('',(3.08511879216,2.817535418899));
#5449 = CARTESIAN_POINT('',(3.09085263124,2.817546628545));
#5450 = CARTESIAN_POINT('',(3.096581193223,2.817556513667));
#5451 = CARTESIAN_POINT('',(3.102304447819,2.817565076291));
#5452 = CARTESIAN_POINT('',(3.108022363469,2.81757231885));
#5453 = CARTESIAN_POINT('',(3.113734907555,2.81757824419));
#5454 = CARTESIAN_POINT('',(3.119442046612,2.817582855555));
#5455 = CARTESIAN_POINT('',(3.127950051986,2.817587781322));
#5456 = CARTESIAN_POINT('',(3.130754483662,2.817589088649));
#5457 = CARTESIAN_POINT('',(3.133559252288,2.817590078968));
#5458 = CARTESIAN_POINT('',(3.136362004786,2.817590752645));
#5459 = CARTESIAN_POINT('',(3.139161558428,2.817591110326));
#5460 = CARTESIAN_POINT('',(3.141959892187,2.817591152776));
#5461 = CARTESIAN_POINT('',(3.144760395303,2.817590880248));
#5462 = CARTESIAN_POINT('',(3.236525166613,2.817571595274));
#5463 = CARTESIAN_POINT('',(3.326827998791,2.817234260473));
#5464 = CARTESIAN_POINT('',(3.418335121172,2.816562437498));
#5465 = CARTESIAN_POINT('',(3.510972550937,2.815564330975));
#5466 = CARTESIAN_POINT('',(3.604714170967,2.814275859391));
#5467 = CARTESIAN_POINT('',(3.699574235281,2.812759758314));
#5468 = CARTESIAN_POINT('',(3.795606279829,2.811100127053));
#5469 = CARTESIAN_POINT('',(3.965885057723,2.808111637612));
#5470 = CARTESIAN_POINT('',(4.039575664414,2.806803915901));
#5471 = CARTESIAN_POINT('',(4.114023074641,2.805509333957));
#5472 = CARTESIAN_POINT('',(4.189281853042,2.804272241297));
#5473 = CARTESIAN_POINT('',(4.26542224405,2.803138488945));
#5474 = CARTESIAN_POINT('',(4.342534103001,2.802152661725));
#5475 = CARTESIAN_POINT('',(4.420730827241,2.801355310547));
#5476 = CARTESIAN_POINT('',(4.515044998474,2.800672348592));
#5477 = CARTESIAN_POINT('',(4.529979820879,2.800572322595));
#5478 = CARTESIAN_POINT('',(4.544958696094,2.800480327665));
#5479 = CARTESIAN_POINT('',(4.559982603656,2.800396575891));
#5480 = CARTESIAN_POINT('',(4.575052563832,2.800321269744));
#5481 = CARTESIAN_POINT('',(4.590169640469,2.80025460133));
#5482 = CARTESIAN_POINT('',(4.605334943845,2.800196751646));
#5483 = CARTESIAN_POINT('',(4.627681519301,2.800124985861));
#5484 = CARTESIAN_POINT('',(4.63482425633,2.800104056761));
#5485 = CARTESIAN_POINT('',(4.641977964252,2.800085119957));
#5486 = CARTESIAN_POINT('',(4.64914276489,2.800068192295));
#5487 = CARTESIAN_POINT('',(4.656318782422,2.800053290035));
#5488 = CARTESIAN_POINT('',(4.663506143555,2.800040428829));
#5489 = CARTESIAN_POINT('',(4.670704977697,2.800029623704));
#5490 = CARTESIAN_POINT('',(4.681407973735,2.800016658198));
#5491 = CARTESIAN_POINT('',(4.68490325311,2.80001291312));
#5492 = CARTESIAN_POINT('',(4.688401270309,2.800009655449));
#5493 = CARTESIAN_POINT('',(4.691902040501,2.800006886783));
#5494 = CARTESIAN_POINT('',(4.695405578994,2.800004608688));
#5495 = CARTESIAN_POINT('',(4.698911901244,2.80000282269));
#5496 = CARTESIAN_POINT('',(4.702421022874,2.800001530281));
#5497 = CARTESIAN_POINT('',(4.709390022491,2.799999948008));
#5498 = CARTESIAN_POINT('',(4.712848122558,2.799999642771));
#5499 = CARTESIAN_POINT('',(4.71632074956,2.799999818137));
#5500 = CARTESIAN_POINT('',(4.719769115571,2.800000480211));
#5501 = CARTESIAN_POINT('',(4.723227824923,2.800001615429));
#5502 = CARTESIAN_POINT('',(4.726679583709,2.800003232388));
#5503 = CARTESIAN_POINT('',(4.730129224315,2.800005324728));
#5504 = CARTESIAN_POINT('',(4.950735050529,2.800169652101));
#5505 = CARTESIAN_POINT('',(5.157257906751,2.802217112845));
#5506 = CARTESIAN_POINT('',(5.35678979307,2.805780553452));
#5507 = CARTESIAN_POINT('',(5.550828092699,2.809955421517));
#5508 = CARTESIAN_POINT('',(5.740426302007,2.813722924755));
#5509 = CARTESIAN_POINT('',(5.925905472247,2.816344631248));
#5510 = CARTESIAN_POINT('',(6.107186540862,2.817590918693));
#5511 = CARTESIAN_POINT('',(6.28318530718,2.817590918693));
#5512 = ( GEOMETRIC_REPRESENTATION_CONTEXT(2) 
PARAMETRIC_REPRESENTATION_CONTEXT() REPRESENTATION_CONTEXT('2D SPACE',''
  ) );
#5513 = PCURVE('',#5514,#5519);
#5514 = CYLINDRICAL_SURFACE('',#5515,0.8);
#5515 = AXIS2_PLACEMENT_3D('',#5516,#5517,#5518);
#5516 = CARTESIAN_POINT('',(362.,-19.03246352777,-8.874983496555));
#5517 = DIRECTION('',(0.,0.906307787037,0.422618261741));
#5518 = DIRECTION('',(0.,-0.422618261741,0.906307787037));
#5519 = DEFINITIONAL_REPRESENTATION('',(#5520),#5551);
#5520 = B_SPLINE_CURVE_WITH_KNOTS('',8,(#5521,#5522,#5523,#5524,#5525,
    #5526,#5527,#5528,#5529,#5530,#5531,#5532,#5533,#5534,#5535,#5536,
    #5537,#5538,#5539,#5540,#5541,#5542,#5543,#5544,#5545,#5546,#5547,
    #5548,#5549,#5550),.UNSPECIFIED.,.F.,.F.,(9,7,7,7,9),(0.,0.25,0.5,
    0.75,1.),.UNSPECIFIED.);
#5521 = CARTESIAN_POINT('',(0.,2.817590918693));
#5522 = CARTESIAN_POINT('',(0.178140684667,2.817590918693));
#5523 = CARTESIAN_POINT('',(0.361693329298,2.816314111836));
#5524 = CARTESIAN_POINT('',(0.549532369408,2.813626594275));
#5525 = CARTESIAN_POINT('',(0.741590373041,2.809771001764));
#5526 = CARTESIAN_POINT('',(0.938209845648,2.805525921157));
#5527 = CARTESIAN_POINT('',(1.140509605127,2.801958303994));
#5528 = CARTESIAN_POINT('',(1.350065630312,2.8));
#5529 = CARTESIAN_POINT('',(1.791527023278,2.8));
#5530 = CARTESIAN_POINT('',(2.001083048462,2.801958303994));
#5531 = CARTESIAN_POINT('',(2.203382807943,2.805525921157));
#5532 = CARTESIAN_POINT('',(2.400002280548,2.809771001764));
#5533 = CARTESIAN_POINT('',(2.592060284182,2.813626594275));
#5534 = CARTESIAN_POINT('',(2.779899324291,2.816314111836));
#5535 = CARTESIAN_POINT('',(2.963451968923,2.817590918693));
#5536 = CARTESIAN_POINT('',(3.319733338256,2.817590918693));
#5537 = CARTESIAN_POINT('',(3.503285982887,2.816314111836));
#5538 = CARTESIAN_POINT('',(3.691125023,2.813626594275));
#5539 = CARTESIAN_POINT('',(3.883183026628,2.809771001764));
#5540 = CARTESIAN_POINT('',(4.079802499239,2.805525921157));
#5541 = CARTESIAN_POINT('',(4.282102258717,2.801958303994));
#5542 = CARTESIAN_POINT('',(4.491658283902,2.8));
#5543 = CARTESIAN_POINT('',(4.933119676868,2.8));
#5544 = CARTESIAN_POINT('',(5.14267570205,2.801958303994));
#5545 = CARTESIAN_POINT('',(5.344975461536,2.805525921157));
#5546 = CARTESIAN_POINT('',(5.541594934134,2.809771001764));
#5547 = CARTESIAN_POINT('',(5.733652937775,2.813626594275));
#5548 = CARTESIAN_POINT('',(5.92149197788,2.816314111836));
#5549 = CARTESIAN_POINT('',(6.105044622514,2.817590918693));
#5550 = CARTESIAN_POINT('',(6.28318530718,2.817590918693));
#5551 = ( GEOMETRIC_REPRESENTATION_CONTEXT(2) 
PARAMETRIC_REPRESENTATION_CONTEXT() REPRESENTATION_CONTEXT('2D SPACE',''
  ) );
#5552 = ORIENTED_EDGE('',*,*,#5553,.F.);
#5553 = EDGE_CURVE('',#5270,#5382,#5554,.T.);
#5554 = SEAM_CURVE('',#5555,(#5559,#5566),.PCURVE_S1.);
#5555 = LINE('',#5556,#5557);
#5556 = CARTESIAN_POINT('',(362.,-19.37055813716,-8.149937266925));
#5557 = VECTOR('',#5558,1.);
#5558 = DIRECTION('',(-1.232595164408E-32,0.906307787037,0.422618261741)
  );
#5559 = PCURVE('',#5339,#5560);
#5560 = DEFINITIONAL_REPRESENTATION('',(#5561),#5565);
#5561 = LINE('',#5562,#5563);
#5562 = CARTESIAN_POINT('',(6.28318530718,-0.));
#5563 = VECTOR('',#5564,1.);
#5564 = DIRECTION('',(0.,1.));
#5565 = ( GEOMETRIC_REPRESENTATION_CONTEXT(2) 
PARAMETRIC_REPRESENTATION_CONTEXT() REPRESENTATION_CONTEXT('2D SPACE',''
  ) );
#5566 = PCURVE('',#5339,#5567);
#5567 = DEFINITIONAL_REPRESENTATION('',(#5568),#5572);
#5568 = LINE('',#5569,#5570);
#5569 = CARTESIAN_POINT('',(0.,-0.));
#5570 = VECTOR('',#5571,1.);
#5571 = DIRECTION('',(0.,1.));
#5572 = ( GEOMETRIC_REPRESENTATION_CONTEXT(2) 
PARAMETRIC_REPRESENTATION_CONTEXT() REPRESENTATION_CONTEXT('2D SPACE',''
  ) );
#5573 = ORIENTED_EDGE('',*,*,#5269,.T.);
#5574 = ORIENTED_EDGE('',*,*,#5553,.T.);
#5575 = ADVANCED_FACE('',(#5576),#5514,.F.);
#5576 = FACE_BOUND('',#5577,.F.);
#5577 = EDGE_LOOP('',(#5578,#5601,#5627,#5628));
#5578 = ORIENTED_EDGE('',*,*,#5579,.T.);
#5579 = EDGE_CURVE('',#5382,#5580,#5582,.T.);
#5580 = VERTEX_POINT('',#5581);
#5581 = CARTESIAN_POINT('',(362.,-12.48261895568,-4.938038477696));
#5582 = SEAM_CURVE('',#5583,(#5587,#5594),.PCURVE_S1.);
#5583 = LINE('',#5584,#5585);
#5584 = CARTESIAN_POINT('',(362.,-19.37055813716,-8.149937266925));
#5585 = VECTOR('',#5586,1.);
#5586 = DIRECTION('',(0.,0.906307787037,0.422618261741));
#5587 = PCURVE('',#5514,#5588);
#5588 = DEFINITIONAL_REPRESENTATION('',(#5589),#5593);
#5589 = LINE('',#5590,#5591);
#5590 = CARTESIAN_POINT('',(6.28318530718,-0.));
#5591 = VECTOR('',#5592,1.);
#5592 = DIRECTION('',(0.,1.));
#5593 = ( GEOMETRIC_REPRESENTATION_CONTEXT(2) 
PARAMETRIC_REPRESENTATION_CONTEXT() REPRESENTATION_CONTEXT('2D SPACE',''
  ) );
#5594 = PCURVE('',#5514,#5595);
#5595 = DEFINITIONAL_REPRESENTATION('',(#5596),#5600);
#5596 = LINE('',#5597,#5598);
#5597 = CARTESIAN_POINT('',(0.,-0.));
#5598 = VECTOR('',#5599,1.);
#5599 = DIRECTION('',(0.,1.));
#5600 = ( GEOMETRIC_REPRESENTATION_CONTEXT(2) 
PARAMETRIC_REPRESENTATION_CONTEXT() REPRESENTATION_CONTEXT('2D SPACE',''
  ) );
#5601 = ORIENTED_EDGE('',*,*,#5602,.F.);
#5602 = EDGE_CURVE('',#5580,#5580,#5603,.T.);
#5603 = SURFACE_CURVE('',#5604,(#5609,#5616),.PCURVE_S1.);
#5604 = CIRCLE('',#5605,0.8);
#5605 = AXIS2_PLACEMENT_3D('',#5606,#5607,#5608);
#5606 = CARTESIAN_POINT('',(362.,-12.14452434629,-5.663084707325));
#5607 = DIRECTION('',(0.,0.906307787037,0.422618261741));
#5608 = DIRECTION('',(0.,-0.422618261741,0.906307787037));
#5609 = PCURVE('',#5514,#5610);
#5610 = DEFINITIONAL_REPRESENTATION('',(#5611),#5615);
#5611 = LINE('',#5612,#5613);
#5612 = CARTESIAN_POINT('',(0.,7.6));
#5613 = VECTOR('',#5614,1.);
#5614 = DIRECTION('',(1.,0.));
#5615 = ( GEOMETRIC_REPRESENTATION_CONTEXT(2) 
PARAMETRIC_REPRESENTATION_CONTEXT() REPRESENTATION_CONTEXT('2D SPACE',''
  ) );
#5616 = PCURVE('',#1771,#5617);
#5617 = DEFINITIONAL_REPRESENTATION('',(#5618),#5626);
#5618 = ( BOUNDED_CURVE() B_SPLINE_CURVE(2,(#5619,#5620,#5621,#5622,
#5623,#5624,#5625),.UNSPECIFIED.,.T.,.F.) B_SPLINE_CURVE_WITH_KNOTS((1,2
    ,2,2,2,1),(-2.094395102393,0.,2.094395102393,4.188790204786,
6.28318530718,8.377580409573),.UNSPECIFIED.) CURVE() 
GEOMETRIC_REPRESENTATION_ITEM() RATIONAL_B_SPLINE_CURVE((1.,0.5,1.,0.5,
1.,0.5,1.)) REPRESENTATION_ITEM('') );
#5619 = CARTESIAN_POINT('',(1.8,23.500000175));
#5620 = CARTESIAN_POINT('',(1.8,24.885640821055));
#5621 = CARTESIAN_POINT('',(3.,24.192820498028));
#5622 = CARTESIAN_POINT('',(4.2,23.500000175));
#5623 = CARTESIAN_POINT('',(3.,22.807179851972));
#5624 = CARTESIAN_POINT('',(1.8,22.114359528945));
#5625 = CARTESIAN_POINT('',(1.8,23.500000175));
#5626 = ( GEOMETRIC_REPRESENTATION_CONTEXT(2) 
PARAMETRIC_REPRESENTATION_CONTEXT() REPRESENTATION_CONTEXT('2D SPACE',''
  ) );
#5627 = ORIENTED_EDGE('',*,*,#5579,.F.);
#5628 = ORIENTED_EDGE('',*,*,#5381,.T.);
#5629 = ADVANCED_FACE('',(#5630),#4629,.F.);
#5630 = FACE_BOUND('',#5631,.T.);
#5631 = EDGE_LOOP('',(#5632,#5653,#5654,#5655));
#5632 = ORIENTED_EDGE('',*,*,#5633,.F.);
#5633 = EDGE_CURVE('',#4578,#5190,#5634,.T.);
#5634 = SURFACE_CURVE('',#5635,(#5639,#5646),.PCURVE_S1.);
#5635 = LINE('',#5636,#5637);
#5636 = CARTESIAN_POINT('',(366.04488194983,0.,0.));
#5637 = VECTOR('',#5638,1.);
#5638 = DIRECTION('',(0.,-0.906307787037,-0.422618261741));
#5639 = PCURVE('',#4629,#5640);
#5640 = DEFINITIONAL_REPRESENTATION('',(#5641),#5645);
#5641 = LINE('',#5642,#5643);
#5642 = CARTESIAN_POINT('',(-3.098559340745,0.));
#5643 = VECTOR('',#5644,1.);
#5644 = DIRECTION('',(5.551115123126E-17,-1.));
#5645 = ( GEOMETRIC_REPRESENTATION_CONTEXT(2) 
PARAMETRIC_REPRESENTATION_CONTEXT() REPRESENTATION_CONTEXT('2D SPACE',''
  ) );
#5646 = PCURVE('',#4597,#5647);
#5647 = DEFINITIONAL_REPRESENTATION('',(#5648),#5652);
#5648 = LINE('',#5649,#5650);
#5649 = CARTESIAN_POINT('',(-0.,0.));
#5650 = VECTOR('',#5651,1.);
#5651 = DIRECTION('',(5.551115123126E-17,-1.));
#5652 = ( GEOMETRIC_REPRESENTATION_CONTEXT(2) 
PARAMETRIC_REPRESENTATION_CONTEXT() REPRESENTATION_CONTEXT('2D SPACE',''
  ) );
#5653 = ORIENTED_EDGE('',*,*,#4609,.T.);
#5654 = ORIENTED_EDGE('',*,*,#5036,.T.);
#5655 = ORIENTED_EDGE('',*,*,#5216,.F.);
#5656 = ADVANCED_FACE('',(#5657),#4597,.F.);
#5657 = FACE_BOUND('',#5658,.T.);
#5658 = EDGE_LOOP('',(#5659,#5679,#5680,#5681));
#5659 = ORIENTED_EDGE('',*,*,#5660,.F.);
#5660 = EDGE_CURVE('',#4495,#5112,#5661,.T.);
#5661 = SURFACE_CURVE('',#5662,(#5666,#5673),.PCURVE_S1.);
#5662 = LINE('',#5663,#5664);
#5663 = CARTESIAN_POINT('',(363.67124778518,0.841735364514,
    -1.805107314439));
#5664 = VECTOR('',#5665,1.);
#5665 = DIRECTION('',(0.,-0.906307787037,-0.422618261741));
#5666 = PCURVE('',#4597,#5667);
#5667 = DEFINITIONAL_REPRESENTATION('',(#5668),#5672);
#5668 = LINE('',#5669,#5670);
#5669 = CARTESIAN_POINT('',(-3.098559340745,0.));
#5670 = VECTOR('',#5671,1.);
#5671 = DIRECTION('',(5.551115123126E-17,-1.));
#5672 = ( GEOMETRIC_REPRESENTATION_CONTEXT(2) 
PARAMETRIC_REPRESENTATION_CONTEXT() REPRESENTATION_CONTEXT('2D SPACE',''
  ) );
#5673 = PCURVE('',#4543,#5674);
#5674 = DEFINITIONAL_REPRESENTATION('',(#5675),#5678);
#5675 = B_SPLINE_CURVE_WITH_KNOTS('',1,(#5676,#5677),.UNSPECIFIED.,.F.,
  .F.,(2,2),(18.392473165931,18.895318710185),.PIECEWISE_BEZIER_KNOTS.);
#5676 = CARTESIAN_POINT('',(6.981317007977,18.392473165931));
#5677 = CARTESIAN_POINT('',(6.981317007977,18.895318710185));
#5678 = ( GEOMETRIC_REPRESENTATION_CONTEXT(2) 
PARAMETRIC_REPRESENTATION_CONTEXT() REPRESENTATION_CONTEXT('2D SPACE',''
  ) );
#5679 = ORIENTED_EDGE('',*,*,#4577,.T.);
#5680 = ORIENTED_EDGE('',*,*,#5633,.T.);
#5681 = ORIENTED_EDGE('',*,*,#5189,.F.);
#5682 = ADVANCED_FACE('',(#5683),#4543,.T.);
#5683 = FACE_BOUND('',#5684,.T.);
#5684 = EDGE_LOOP('',(#5685,#5686,#5706,#5707));
#5685 = ORIENTED_EDGE('',*,*,#5111,.T.);
#5686 = ORIENTED_EDGE('',*,*,#5687,.F.);
#5687 = EDGE_CURVE('',#4463,#5085,#5688,.T.);
#5688 = SURFACE_CURVE('',#5689,(#5693,#5699),.PCURVE_S1.);
#5689 = LINE('',#5690,#5691);
#5690 = CARTESIAN_POINT('',(360.32875221481,0.841735364514,
    -1.805107314439));
#5691 = VECTOR('',#5692,1.);
#5692 = DIRECTION('',(0.,-0.906307787037,-0.422618261741));
#5693 = PCURVE('',#4543,#5694);
#5694 = DEFINITIONAL_REPRESENTATION('',(#5695),#5698);
#5695 = B_SPLINE_CURVE_WITH_KNOTS('',1,(#5696,#5697),.UNSPECIFIED.,.F.,
  .F.,(2,2),(18.392473165931,18.895318710185),.PIECEWISE_BEZIER_KNOTS.);
#5696 = CARTESIAN_POINT('',(5.585053606382,18.392473165931));
#5697 = CARTESIAN_POINT('',(5.585053606382,18.895318710185));
#5698 = ( GEOMETRIC_REPRESENTATION_CONTEXT(2) 
PARAMETRIC_REPRESENTATION_CONTEXT() REPRESENTATION_CONTEXT('2D SPACE',''
  ) );
#5699 = PCURVE('',#4482,#5700);
#5700 = DEFINITIONAL_REPRESENTATION('',(#5701),#5705);
#5701 = LINE('',#5702,#5703);
#5702 = CARTESIAN_POINT('',(3.098559340745,0.));
#5703 = VECTOR('',#5704,1.);
#5704 = DIRECTION('',(-5.551115123126E-17,-1.));
#5705 = ( GEOMETRIC_REPRESENTATION_CONTEXT(2) 
PARAMETRIC_REPRESENTATION_CONTEXT() REPRESENTATION_CONTEXT('2D SPACE',''
  ) );
#5706 = ORIENTED_EDGE('',*,*,#4494,.F.);
#5707 = ORIENTED_EDGE('',*,*,#5660,.T.);
#5708 = ADVANCED_FACE('',(#5709),#4482,.F.);
#5709 = FACE_BOUND('',#5710,.F.);
#5710 = EDGE_LOOP('',(#5711,#5712,#5733,#5734));
#5711 = ORIENTED_EDGE('',*,*,#4462,.F.);
#5712 = ORIENTED_EDGE('',*,*,#5713,.T.);
#5713 = EDGE_CURVE('',#4431,#5083,#5714,.T.);
#5714 = SURFACE_CURVE('',#5715,(#5719,#5726),.PCURVE_S1.);
#5715 = LINE('',#5716,#5717);
#5716 = CARTESIAN_POINT('',(357.95511805016,0.,0.));
#5717 = VECTOR('',#5718,1.);
#5718 = DIRECTION('',(0.,-0.906307787037,-0.422618261741));
#5719 = PCURVE('',#4482,#5720);
#5720 = DEFINITIONAL_REPRESENTATION('',(#5721),#5725);
#5721 = LINE('',#5722,#5723);
#5722 = CARTESIAN_POINT('',(0.,0.));
#5723 = VECTOR('',#5724,1.);
#5724 = DIRECTION('',(-5.551115123126E-17,-1.));
#5725 = ( GEOMETRIC_REPRESENTATION_CONTEXT(2) 
PARAMETRIC_REPRESENTATION_CONTEXT() REPRESENTATION_CONTEXT('2D SPACE',''
  ) );
#5726 = PCURVE('',#4450,#5727);
#5727 = DEFINITIONAL_REPRESENTATION('',(#5728),#5732);
#5728 = LINE('',#5729,#5730);
#5729 = CARTESIAN_POINT('',(3.098559340745,0.));
#5730 = VECTOR('',#5731,1.);
#5731 = DIRECTION('',(-5.551115123126E-17,-1.));
#5732 = ( GEOMETRIC_REPRESENTATION_CONTEXT(2) 
PARAMETRIC_REPRESENTATION_CONTEXT() REPRESENTATION_CONTEXT('2D SPACE',''
  ) );
#5733 = ORIENTED_EDGE('',*,*,#5082,.T.);
#5734 = ORIENTED_EDGE('',*,*,#5687,.F.);
#5735 = ADVANCED_FACE('',(#5736),#4450,.F.);
#5736 = FACE_BOUND('',#5737,.F.);
#5737 = EDGE_LOOP('',(#5738,#5739,#5740,#5741));
#5738 = ORIENTED_EDGE('',*,*,#4428,.F.);
#5739 = ORIENTED_EDGE('',*,*,#5058,.T.);
#5740 = ORIENTED_EDGE('',*,*,#5242,.T.);
#5741 = ORIENTED_EDGE('',*,*,#5713,.F.);
#5742 = ADVANCED_FACE('',(#5743),#4397,.T.);
#5743 = FACE_BOUND('',#5744,.T.);
#5744 = EDGE_LOOP('',(#5745,#5826,#5847,#5848));
#5745 = ORIENTED_EDGE('',*,*,#5746,.F.);
#5746 = EDGE_CURVE('',#5747,#5749,#5751,.T.);
#5747 = VERTEX_POINT('',#5748);
#5748 = CARTESIAN_POINT('',(363.67124778518,-18.89531871018,
    1.991715552109));
#5749 = VERTEX_POINT('',#5750);
#5750 = CARTESIAN_POINT('',(360.32875221481,-18.89531871018,
    1.991715552109));
#5751 = SURFACE_CURVE('',#5752,(#5773,#5797),.PCURVE_S1.);
#5752 = B_SPLINE_CURVE_WITH_KNOTS('',7,(#5753,#5754,#5755,#5756,#5757,
    #5758,#5759,#5760,#5761,#5762,#5763,#5764,#5765,#5766,#5767,#5768,
    #5769,#5770,#5771,#5772),.UNSPECIFIED.,.F.,.F.,(8,6,6,8),(0.,
    0.500088042719,0.766657758223,1.),.UNSPECIFIED.);
#5753 = CARTESIAN_POINT('',(363.67124778518,-18.89531871018,
    1.991715552109));
#5754 = CARTESIAN_POINT('',(363.45846125991,-18.876498228,2.170264646984
    ));
#5755 = CARTESIAN_POINT('',(363.23082274814,-18.85913776869,
    2.316080902223));
#5756 = CARTESIAN_POINT('',(362.99322722688,-18.84437977558,
    2.430710507304));
#5757 = CARTESIAN_POINT('',(362.74906284381,-18.83292380247,
    2.51560003391));
#5758 = CARTESIAN_POINT('',(362.50082555924,-18.82515489627,
    2.571837981763));
#5759 = CARTESIAN_POINT('',(362.25052402276,-18.82126456963,2.6));
#5760 = CARTESIAN_POINT('',(361.86645927962,-18.82126456963,2.6));
#5761 = CARTESIAN_POINT('',(361.73292783127,-18.82237010998,
    2.591997966601));
#5762 = CARTESIAN_POINT('',(361.59971483331,-18.82458042808,
    2.575995884435));
#5763 = CARTESIAN_POINT('',(361.46713374899,-18.82788009555,
    2.551951714926));
#5764 = CARTESIAN_POINT('',(361.33551856519,-18.83223691187,
    2.519782292011));
#5765 = CARTESIAN_POINT('',(361.20524003124,-18.83759979796,
    2.479366217867));
#5766 = CARTESIAN_POINT('',(360.96422333681,-18.8494086844,
    2.387812564164));
#5767 = CARTESIAN_POINT('',(360.85307410757,-18.85563625017,
    2.338639439734));
#5768 = CARTESIAN_POINT('',(360.743546644,-18.86253128165,2.28291790191)
  );
#5769 = CARTESIAN_POINT('',(360.63595350809,-18.87003300578,
    2.220515718101));
#5770 = CARTESIAN_POINT('',(360.53065903787,-18.87806503526,
    2.15128523154));
#5771 = CARTESIAN_POINT('',(360.4280909954,-18.88653242192,
    2.075070686265));
#5772 = CARTESIAN_POINT('',(360.32875221481,-18.89531871018,
    1.991715552109));
#5773 = PCURVE('',#4397,#5774);
#5774 = DEFINITIONAL_REPRESENTATION('',(#5775),#5796);
#5775 = B_SPLINE_CURVE_WITH_KNOTS('',7,(#5776,#5777,#5778,#5779,#5780,
    #5781,#5782,#5783,#5784,#5785,#5786,#5787,#5788,#5789,#5790,#5791,
    #5792,#5793,#5794,#5795),.UNSPECIFIED.,.F.,.F.,(8,6,6,8),(0.,
    0.500088042719,0.766657758223,1.),.UNSPECIFIED.);
#5776 = CARTESIAN_POINT('',(2.443460952792,18.895318710185));
#5777 = CARTESIAN_POINT('',(2.550296753239,18.876498228005));
#5778 = CARTESIAN_POINT('',(2.653416121065,18.859137768691));
#5779 = CARTESIAN_POINT('',(2.753749930315,18.844379775581));
#5780 = CARTESIAN_POINT('',(2.8520298586,18.832923802478));
#5781 = CARTESIAN_POINT('',(2.94896758369,18.82515489627));
#5782 = CARTESIAN_POINT('',(3.04523726022,18.82126456963));
#5783 = CARTESIAN_POINT('',(3.192954469118,18.82126456963));
#5784 = CARTESIAN_POINT('',(3.244312653263,18.822370109989));
#5785 = CARTESIAN_POINT('',(3.295769821356,18.824580428086));
#5786 = CARTESIAN_POINT('',(3.347426409504,18.827880095555));
#5787 = CARTESIAN_POINT('',(3.39938337797,18.832236911875));
#5788 = CARTESIAN_POINT('',(3.451744914559,18.837599797961));
#5789 = CARTESIAN_POINT('',(3.550906427735,18.849408684409));
#5790 = CARTESIAN_POINT('',(3.597585871387,18.85563625017));
#5791 = CARTESIAN_POINT('',(3.644738878365,18.86253128165));
#5792 = CARTESIAN_POINT('',(3.692445020914,18.870033005788));
#5793 = CARTESIAN_POINT('',(3.740786125899,18.878065035263));
#5794 = CARTESIAN_POINT('',(3.789848366581,18.886532421921));
#5795 = CARTESIAN_POINT('',(3.839724354388,18.895318710185));
#5796 = ( GEOMETRIC_REPRESENTATION_CONTEXT(2) 
PARAMETRIC_REPRESENTATION_CONTEXT() REPRESENTATION_CONTEXT('2D SPACE',''
  ) );
#5797 = PCURVE('',#5798,#5803);
#5798 = CYLINDRICAL_SURFACE('',#5799,19.);
#5799 = AXIS2_PLACEMENT_3D('',#5800,#5801,#5802);
#5800 = CARTESIAN_POINT('',(356.,0.,0.));
#5801 = DIRECTION('',(1.,0.,0.));
#5802 = DIRECTION('',(-0.,0.,1.));
#5803 = DEFINITIONAL_REPRESENTATION('',(#5804),#5825);
#5804 = B_SPLINE_CURVE_WITH_KNOTS('',7,(#5805,#5806,#5807,#5808,#5809,
    #5810,#5811,#5812,#5813,#5814,#5815,#5816,#5817,#5818,#5819,#5820,
    #5821,#5822,#5823,#5824),.UNSPECIFIED.,.F.,.F.,(8,6,6,8),(0.,
    0.500088042719,0.766657758223,1.),.UNSPECIFIED.);
#5805 = CARTESIAN_POINT('',(1.465776250713,7.671247785185));
#5806 = CARTESIAN_POINT('',(1.456326868165,7.458461259914));
#5807 = CARTESIAN_POINT('',(1.44859882975,7.230822748142));
#5808 = CARTESIAN_POINT('',(1.442516133486,6.993227226888));
#5809 = CARTESIAN_POINT('',(1.438007794064,6.749062843812));
#5810 = CARTESIAN_POINT('',(1.435019789893,6.500825559249));
#5811 = CARTESIAN_POINT('',(1.433523503304,6.250524022762));
#5812 = CARTESIAN_POINT('',(1.433523503304,5.866459279627));
#5813 = CARTESIAN_POINT('',(1.433948661922,5.732927831271));
#5814 = CARTESIAN_POINT('',(1.434798875775,5.599714833318));
#5815 = CARTESIAN_POINT('',(1.436076218925,5.467133748999));
#5816 = CARTESIAN_POINT('',(1.43778479493,5.335518565195));
#5817 = CARTESIAN_POINT('',(1.439930588881,5.205240031244));
#5818 = CARTESIAN_POINT('',(1.444789119747,4.964223336812));
#5819 = CARTESIAN_POINT('',(1.447397843338,4.853074107573));
#5820 = CARTESIAN_POINT('',(1.450352905045,4.743546644));
#5821 = CARTESIAN_POINT('',(1.453660837475,4.635953508091));
#5822 = CARTESIAN_POINT('',(1.457328924294,4.530659037871));
#5823 = CARTESIAN_POINT('',(1.461364833503,4.428090995406));
#5824 = CARTESIAN_POINT('',(1.465776250713,4.328752214815));
#5825 = ( GEOMETRIC_REPRESENTATION_CONTEXT(2) 
PARAMETRIC_REPRESENTATION_CONTEXT() REPRESENTATION_CONTEXT('2D SPACE',''
  ) );
#5826 = ORIENTED_EDGE('',*,*,#5827,.F.);
#5827 = EDGE_CURVE('',#4318,#5747,#5828,.T.);
#5828 = SURFACE_CURVE('',#5829,(#5833,#5840),.PCURVE_S1.);
#5829 = LINE('',#5830,#5831);
#5830 = CARTESIAN_POINT('',(363.67124778518,2.439148075703E-16,
    1.991715552109));
#5831 = VECTOR('',#5832,1.);
#5832 = DIRECTION('',(0.,-1.,1.224646799147E-16));
#5833 = PCURVE('',#4397,#5834);
#5834 = DEFINITIONAL_REPRESENTATION('',(#5835),#5839);
#5835 = LINE('',#5836,#5837);
#5836 = CARTESIAN_POINT('',(2.443460952792,0.));
#5837 = VECTOR('',#5838,1.);
#5838 = DIRECTION('',(0.,1.));
#5839 = ( GEOMETRIC_REPRESENTATION_CONTEXT(2) 
PARAMETRIC_REPRESENTATION_CONTEXT() REPRESENTATION_CONTEXT('2D SPACE',''
  ) );
#5840 = PCURVE('',#4337,#5841);
#5841 = DEFINITIONAL_REPRESENTATION('',(#5842),#5846);
#5842 = LINE('',#5843,#5844);
#5843 = CARTESIAN_POINT('',(-0.,0.));
#5844 = VECTOR('',#5845,1.);
#5845 = DIRECTION('',(-0.,-1.));
#5846 = ( GEOMETRIC_REPRESENTATION_CONTEXT(2) 
PARAMETRIC_REPRESENTATION_CONTEXT() REPRESENTATION_CONTEXT('2D SPACE',''
  ) );
#5847 = ORIENTED_EDGE('',*,*,#4349,.T.);
#5848 = ORIENTED_EDGE('',*,*,#5849,.T.);
#5849 = EDGE_CURVE('',#4137,#5749,#5850,.T.);
#5850 = SURFACE_CURVE('',#5851,(#5855,#5862),.PCURVE_S1.);
#5851 = LINE('',#5852,#5853);
#5852 = CARTESIAN_POINT('',(360.32875221481,2.439148075703E-16,
    1.991715552109));
#5853 = VECTOR('',#5854,1.);
#5854 = DIRECTION('',(0.,-1.,1.224646799147E-16));
#5855 = PCURVE('',#4397,#5856);
#5856 = DEFINITIONAL_REPRESENTATION('',(#5857),#5861);
#5857 = LINE('',#5858,#5859);
#5858 = CARTESIAN_POINT('',(3.839724354388,0.));
#5859 = VECTOR('',#5860,1.);
#5860 = DIRECTION('',(0.,1.));
#5861 = ( GEOMETRIC_REPRESENTATION_CONTEXT(2) 
PARAMETRIC_REPRESENTATION_CONTEXT() REPRESENTATION_CONTEXT('2D SPACE',''
  ) );
#5862 = PCURVE('',#4158,#5863);
#5863 = DEFINITIONAL_REPRESENTATION('',(#5864),#5868);
#5864 = LINE('',#5865,#5866);
#5865 = CARTESIAN_POINT('',(-0.,0.));
#5866 = VECTOR('',#5867,1.);
#5867 = DIRECTION('',(0.,-1.));
#5868 = ( GEOMETRIC_REPRESENTATION_CONTEXT(2) 
PARAMETRIC_REPRESENTATION_CONTEXT() REPRESENTATION_CONTEXT('2D SPACE',''
  ) );
#5869 = ADVANCED_FACE('',(#5870,#6057),#5798,.T.);
#5870 = FACE_BOUND('',#5871,.T.);
#5871 = EDGE_LOOP('',(#5872,#5901,#5979,#6006,#6031,#6032));
#5872 = ORIENTED_EDGE('',*,*,#5873,.T.);
#5873 = EDGE_CURVE('',#5874,#5876,#5878,.T.);
#5874 = VERTEX_POINT('',#5875);
#5875 = CARTESIAN_POINT('',(357.95511805016,-19.,2.32682891838E-15));
#5876 = VERTEX_POINT('',#5877);
#5877 = CARTESIAN_POINT('',(360.32875221481,-18.89531871018,
    -1.991715552109));
#5878 = SURFACE_CURVE('',#5879,(#5884,#5894),.PCURVE_S1.);
#5879 = ELLIPSE('',#5880,29.558752710348,19.);
#5880 = AXIS2_PLACEMENT_3D('',#5881,#5882,#5883);
#5881 = CARTESIAN_POINT('',(357.95511805016,0.,0.));
#5882 = DIRECTION('',(0.642787609687,9.381338752703E-17,0.766044443119)
  );
#5883 = DIRECTION('',(0.766044443119,-7.871877887342E-17,-0.642787609687
    ));
#5884 = PCURVE('',#5798,#5885);
#5885 = DEFINITIONAL_REPRESENTATION('',(#5886),#5893);
#5886 = B_SPLINE_CURVE_WITH_KNOTS('',5,(#5887,#5888,#5889,#5890,#5891,
    #5892),.UNSPECIFIED.,.F.,.F.,(6,6),(4.701906074957,4.82795590286),
  .PIECEWISE_BEZIER_KNOTS.);
#5887 = CARTESIAN_POINT('',(1.560313421367,1.717754633698));
#5888 = CARTESIAN_POINT('',(1.585523386948,2.288560542906));
#5889 = CARTESIAN_POINT('',(1.610733352528,2.859555020373));
#5890 = CARTESIAN_POINT('',(1.635943318109,3.429982291719));
#5891 = CARTESIAN_POINT('',(1.66115328369,3.999086086153));
#5892 = CARTESIAN_POINT('',(1.68636324927,4.56611563128));
#5893 = ( GEOMETRIC_REPRESENTATION_CONTEXT(2) 
PARAMETRIC_REPRESENTATION_CONTEXT() REPRESENTATION_CONTEXT('2D SPACE',''
  ) );
#5894 = PCURVE('',#4190,#5895);
#5895 = DEFINITIONAL_REPRESENTATION('',(#5896),#5900);
#5896 = ELLIPSE('',#5897,29.558752710348,19.);
#5897 = AXIS2_PLACEMENT_2D('',#5898,#5899);
#5898 = CARTESIAN_POINT('',(0.,0.));
#5899 = DIRECTION('',(1.,0.));
#5900 = ( GEOMETRIC_REPRESENTATION_CONTEXT(2) 
PARAMETRIC_REPRESENTATION_CONTEXT() REPRESENTATION_CONTEXT('2D SPACE',''
  ) );
#5901 = ORIENTED_EDGE('',*,*,#5902,.F.);
#5902 = EDGE_CURVE('',#5903,#5876,#5905,.T.);
#5903 = VERTEX_POINT('',#5904);
#5904 = CARTESIAN_POINT('',(363.67124778518,-18.89531871018,
    -1.991715552109));
#5905 = SURFACE_CURVE('',#5906,(#5921,#5950),.PCURVE_S1.);
#5906 = B_SPLINE_CURVE_WITH_KNOTS('',7,(#5907,#5908,#5909,#5910,#5911,
    #5912,#5913,#5914,#5915,#5916,#5917,#5918,#5919,#5920),
  .UNSPECIFIED.,.F.,.F.,(8,6,8),(0.,1.,1.999971879075),.UNSPECIFIED.);
#5907 = CARTESIAN_POINT('',(363.67124778518,-18.89531871018,
    -1.991715552109));
#5908 = CARTESIAN_POINT('',(363.45845326002,-18.87649752043,
    -2.170271359688));
#5909 = CARTESIAN_POINT('',(363.23081205033,-18.85913704293,
    -2.31608639631));
#5910 = CARTESIAN_POINT('',(362.99322006771,-18.84437952044,
    -2.430712088314));
#5911 = CARTESIAN_POINT('',(362.74906219668,-18.83292398867,
    -2.515598726459));
#5912 = CARTESIAN_POINT('',(362.50083085804,-18.82515511116,
    -2.57183641265));
#5913 = CARTESIAN_POINT('',(362.25053121463,-18.82126456963,-2.6));
#5914 = CARTESIAN_POINT('',(361.74947583053,-18.82126456963,-2.6));
#5915 = CARTESIAN_POINT('',(361.49917408031,-18.82515490089,
    -2.571837948458));
#5916 = CARTESIAN_POINT('',(361.25093665681,-18.83292381956,
    -2.515599909457));
#5917 = CARTESIAN_POINT('',(361.00677228072,-18.84437980539,
    -2.430710288746));
#5918 = CARTESIAN_POINT('',(360.76917693742,-18.85913779374,
    -2.316080684005));
#5919 = CARTESIAN_POINT('',(360.54153863158,-18.8764982376,
    -2.170264555938));
#5920 = CARTESIAN_POINT('',(360.32875221481,-18.89531871018,
    -1.991715552109));
#5921 = PCURVE('',#5798,#5922);
#5922 = DEFINITIONAL_REPRESENTATION('',(#5923),#5949);
#5923 = B_SPLINE_CURVE_WITH_KNOTS('',3,(#5924,#5925,#5926,#5927,#5928,
    #5929,#5930,#5931,#5932,#5933,#5934,#5935,#5936,#5937,#5938,#5939,
    #5940,#5941,#5942,#5943,#5944,#5945,#5946,#5947,#5948),
  .UNSPECIFIED.,.F.,.F.,(4,1,1,1,1,1,1,1,1,1,1,1,1,1,1,1,1,1,1,1,1,1,4),
  (0.,9.090781268524E-02,0.18181562537,0.272723438056,0.363631250741,
    0.454539063426,0.545446876111,0.636354688797,0.727262501482,
    0.818170314167,0.909078126852,0.999985939538,1.090893752223,
    1.181801564908,1.272709377593,1.363617190279,1.454525002964,
    1.545432815649,1.636340628334,1.72724844102,1.818156253705,
    1.90906406639,1.999971879075),.QUASI_UNIFORM_KNOTS.);
#5924 = CARTESIAN_POINT('',(1.675816402876,7.671247785185));
#5925 = CARTESIAN_POINT('',(1.677820822083,7.626103890119));
#5926 = CARTESIAN_POINT('',(1.68163061018,7.534122509286));
#5927 = CARTESIAN_POINT('',(1.686759450126,7.391716813591));
#5928 = CARTESIAN_POINT('',(1.691313996517,7.245552243613));
#5929 = CARTESIAN_POINT('',(1.695304958339,7.096206940748));
#5930 = CARTESIAN_POINT('',(1.698742283133,6.944206329625));
#5931 = CARTESIAN_POINT('',(1.701634934934,6.790021382722));
#5932 = CARTESIAN_POINT('',(1.703990761797,6.634078240687));
#5933 = CARTESIAN_POINT('',(1.705816347546,6.476765183698));
#5934 = CARTESIAN_POINT('',(1.707116875253,6.31843618645));
#5935 = CARTESIAN_POINT('',(1.707895993391,6.159428328141));
#5936 = CARTESIAN_POINT('',(1.708155688686,6.000024936361));
#5937 = CARTESIAN_POINT('',(1.707896153543,5.840619874966));
#5938 = CARTESIAN_POINT('',(1.707117169197,5.681607908891));
#5939 = CARTESIAN_POINT('',(1.70581673315,5.523273060134));
#5940 = CARTESIAN_POINT('',(1.70399118791,5.365953085594));
#5941 = CARTESIAN_POINT('',(1.701635348866,5.210002584924));
#5942 = CARTESIAN_POINT('',(1.698742637587,5.055810426648));
#5943 = CARTESIAN_POINT('',(1.695305218094,4.90380329589));
#5944 = CARTESIAN_POINT('',(1.691314144689,4.754452657248));
#5945 = CARTESIAN_POINT('',(1.686759494176,4.608284350547));
#5946 = CARTESIAN_POINT('',(1.681630586905,4.465876850164));
#5947 = CARTESIAN_POINT('',(1.677820802449,4.373895645146));
#5948 = CARTESIAN_POINT('',(1.675816402876,4.328752214815));
#5949 = ( GEOMETRIC_REPRESENTATION_CONTEXT(2) 
PARAMETRIC_REPRESENTATION_CONTEXT() REPRESENTATION_CONTEXT('2D SPACE',''
  ) );
#5950 = PCURVE('',#4251,#5951);
#5951 = DEFINITIONAL_REPRESENTATION('',(#5952),#5978);
#5952 = B_SPLINE_CURVE_WITH_KNOTS('',3,(#5953,#5954,#5955,#5956,#5957,
    #5958,#5959,#5960,#5961,#5962,#5963,#5964,#5965,#5966,#5967,#5968,
    #5969,#5970,#5971,#5972,#5973,#5974,#5975,#5976,#5977),
  .UNSPECIFIED.,.F.,.F.,(4,1,1,1,1,1,1,1,1,1,1,1,1,1,1,1,1,1,1,1,1,1,4),
  (0.,9.090781268524E-02,0.18181562537,0.272723438056,0.363631250741,
    0.454539063426,0.545446876111,0.636354688797,0.727262501482,
    0.818170314167,0.909078126852,0.999985939538,1.090893752223,
    1.181801564908,1.272709377593,1.363617190279,1.454525002964,
    1.545432815649,1.636340628334,1.72724844102,1.818156253705,
    1.90906406639,1.999971879075),.QUASI_UNIFORM_KNOTS.);
#5953 = CARTESIAN_POINT('',(6.981317007977,18.895318710185));
#5954 = CARTESIAN_POINT('',(6.958655046058,18.891324473019));
#5955 = CARTESIAN_POINT('',(6.913758763861,18.883512345387));
#5956 = CARTESIAN_POINT('',(6.847564941191,18.872465613047));
#5957 = CARTESIAN_POINT('',(6.782386545654,18.862241344442));
#5958 = CARTESIAN_POINT('',(6.71809837595,18.852960494537));
#5959 = CARTESIAN_POINT('',(6.654579513444,18.844726724986));
#5960 = CARTESIAN_POINT('',(6.591713061123,18.83762527145));
#5961 = CARTESIAN_POINT('',(6.529384627871,18.831725380816));
#5962 = CARTESIAN_POINT('',(6.467481689858,18.827081607384));
#5963 = CARTESIAN_POINT('',(6.405891394723,18.823735196987));
#5964 = CARTESIAN_POINT('',(6.344503902693,18.821715198267));
#5965 = CARTESIAN_POINT('',(6.283194891999,18.821039359394));
#5966 = CARTESIAN_POINT('',(6.221885275678,18.821714782031));
#5967 = CARTESIAN_POINT('',(6.160496301429,18.823734437334));
#5968 = CARTESIAN_POINT('',(6.098903886613,18.827080620385));
#5969 = CARTESIAN_POINT('',(6.036998415901,18.831724305282));
#5970 = CARTESIAN_POINT('',(5.974667240675,18.837624245966));
#5971 = CARTESIAN_POINT('',(5.911798034072,18.844725867414));
#5972 = CARTESIAN_POINT('',(5.848276599809,18.852959884315));
#5973 = CARTESIAN_POINT('',(5.78398623675,18.862241008899));
#5974 = CARTESIAN_POINT('',(5.718806222597,18.872465518866));
#5975 = CARTESIAN_POINT('',(5.652611551441,18.883512394666));
#5976 = CARTESIAN_POINT('',(5.607715341323,18.891324513551));
#5977 = CARTESIAN_POINT('',(5.585053606382,18.895318710185));
#5978 = ( GEOMETRIC_REPRESENTATION_CONTEXT(2) 
PARAMETRIC_REPRESENTATION_CONTEXT() REPRESENTATION_CONTEXT('2D SPACE',''
  ) );
#5979 = ORIENTED_EDGE('',*,*,#5980,.T.);
#5980 = EDGE_CURVE('',#5903,#5981,#5983,.T.);
#5981 = VERTEX_POINT('',#5982);
#5982 = CARTESIAN_POINT('',(366.04488194983,-19.,2.32682891838E-15));
#5983 = SURFACE_CURVE('',#5984,(#5989,#5999),.PCURVE_S1.);
#5984 = ELLIPSE('',#5985,29.558752710348,19.);
#5985 = AXIS2_PLACEMENT_3D('',#5986,#5987,#5988);
#5986 = CARTESIAN_POINT('',(366.04488194983,0.,0.));
#5987 = DIRECTION('',(-0.642787609687,9.381338752703E-17,0.766044443119)
  );
#5988 = DIRECTION('',(0.766044443119,7.871877887342E-17,0.642787609687)
  );
#5989 = PCURVE('',#5798,#5990);
#5990 = DEFINITIONAL_REPRESENTATION('',(#5991),#5998);
#5991 = B_SPLINE_CURVE_WITH_KNOTS('',5,(#5992,#5993,#5994,#5995,#5996,
    #5997),.UNSPECIFIED.,.F.,.F.,(6,6),(4.596822057909,4.722871885812),
  .PIECEWISE_BEZIER_KNOTS.);
#5992 = CARTESIAN_POINT('',(1.68636324927,7.43388436872));
#5993 = CARTESIAN_POINT('',(1.66115328369,8.000913913847));
#5994 = CARTESIAN_POINT('',(1.635943318109,8.570017708281));
#5995 = CARTESIAN_POINT('',(1.610733352528,9.140444979627));
#5996 = CARTESIAN_POINT('',(1.585523386948,9.711439457094));
#5997 = CARTESIAN_POINT('',(1.560313421367,10.282245366302));
#5998 = ( GEOMETRIC_REPRESENTATION_CONTEXT(2) 
PARAMETRIC_REPRESENTATION_CONTEXT() REPRESENTATION_CONTEXT('2D SPACE',''
  ) );
#5999 = PCURVE('',#4305,#6000);
#6000 = DEFINITIONAL_REPRESENTATION('',(#6001),#6005);
#6001 = ELLIPSE('',#6002,29.558752710348,19.);
#6002 = AXIS2_PLACEMENT_2D('',#6003,#6004);
#6003 = CARTESIAN_POINT('',(0.,0.));
#6004 = DIRECTION('',(1.,-0.));
#6005 = ( GEOMETRIC_REPRESENTATION_CONTEXT(2) 
PARAMETRIC_REPRESENTATION_CONTEXT() REPRESENTATION_CONTEXT('2D SPACE',''
  ) );
#6006 = ORIENTED_EDGE('',*,*,#6007,.T.);
#6007 = EDGE_CURVE('',#5981,#5747,#6008,.T.);
#6008 = SURFACE_CURVE('',#6009,(#6014,#6024),.PCURVE_S1.);
#6009 = ELLIPSE('',#6010,29.558752710348,19.);
#6010 = AXIS2_PLACEMENT_3D('',#6011,#6012,#6013);
#6011 = CARTESIAN_POINT('',(366.04488194983,0.,0.));
#6012 = DIRECTION('',(-0.642787609687,-9.381338752703E-17,
    -0.766044443119));
#6013 = DIRECTION('',(0.766044443119,-7.871877887342E-17,-0.642787609687
    ));
#6014 = PCURVE('',#5798,#6015);
#6015 = DEFINITIONAL_REPRESENTATION('',(#6016),#6023);
#6016 = B_SPLINE_CURVE_WITH_KNOTS('',5,(#6017,#6018,#6019,#6020,#6021,
    #6022),.UNSPECIFIED.,.F.,.F.,(6,6),(1.560313421367,1.68636324927),
  .PIECEWISE_BEZIER_KNOTS.);
#6017 = CARTESIAN_POINT('',(1.581279232223,10.282245366302));
#6018 = CARTESIAN_POINT('',(1.556069266642,9.711439457094));
#6019 = CARTESIAN_POINT('',(1.530859301061,9.140444979627));
#6020 = CARTESIAN_POINT('',(1.505649335481,8.570017708281));
#6021 = CARTESIAN_POINT('',(1.4804393699,8.000913913847));
#6022 = CARTESIAN_POINT('',(1.45522940432,7.43388436872));
#6023 = ( GEOMETRIC_REPRESENTATION_CONTEXT(2) 
PARAMETRIC_REPRESENTATION_CONTEXT() REPRESENTATION_CONTEXT('2D SPACE',''
  ) );
#6024 = PCURVE('',#4337,#6025);
#6025 = DEFINITIONAL_REPRESENTATION('',(#6026),#6030);
#6026 = ELLIPSE('',#6027,29.558752710348,19.);
#6027 = AXIS2_PLACEMENT_2D('',#6028,#6029);
#6028 = CARTESIAN_POINT('',(-3.098559340745,0.));
#6029 = DIRECTION('',(-1.,0.));
#6030 = ( GEOMETRIC_REPRESENTATION_CONTEXT(2) 
PARAMETRIC_REPRESENTATION_CONTEXT() REPRESENTATION_CONTEXT('2D SPACE',''
  ) );
#6031 = ORIENTED_EDGE('',*,*,#5746,.T.);
#6032 = ORIENTED_EDGE('',*,*,#6033,.T.);
#6033 = EDGE_CURVE('',#5749,#5874,#6034,.T.);
#6034 = SURFACE_CURVE('',#6035,(#6040,#6050),.PCURVE_S1.);
#6035 = ELLIPSE('',#6036,29.558752710348,19.);
#6036 = AXIS2_PLACEMENT_3D('',#6037,#6038,#6039);
#6037 = CARTESIAN_POINT('',(357.95511805016,0.,0.));
#6038 = DIRECTION('',(0.642787609687,-9.381338752703E-17,-0.766044443119
    ));
#6039 = DIRECTION('',(0.766044443119,7.871877887342E-17,0.642787609687)
  );
#6040 = PCURVE('',#5798,#6041);
#6041 = DEFINITIONAL_REPRESENTATION('',(#6042),#6049);
#6042 = B_SPLINE_CURVE_WITH_KNOTS('',5,(#6043,#6044,#6045,#6046,#6047,
    #6048),.UNSPECIFIED.,.F.,.F.,(6,6),(1.45522940432,1.581279232223),
  .PIECEWISE_BEZIER_KNOTS.);
#6043 = CARTESIAN_POINT('',(1.45522940432,4.56611563128));
#6044 = CARTESIAN_POINT('',(1.4804393699,3.999086086153));
#6045 = CARTESIAN_POINT('',(1.505649335481,3.429982291719));
#6046 = CARTESIAN_POINT('',(1.530859301061,2.859555020373));
#6047 = CARTESIAN_POINT('',(1.556069266642,2.288560542906));
#6048 = CARTESIAN_POINT('',(1.581279232223,1.717754633698));
#6049 = ( GEOMETRIC_REPRESENTATION_CONTEXT(2) 
PARAMETRIC_REPRESENTATION_CONTEXT() REPRESENTATION_CONTEXT('2D SPACE',''
  ) );
#6050 = PCURVE('',#4158,#6051);
#6051 = DEFINITIONAL_REPRESENTATION('',(#6052),#6056);
#6052 = ELLIPSE('',#6053,29.558752710348,19.);
#6053 = AXIS2_PLACEMENT_2D('',#6054,#6055);
#6054 = CARTESIAN_POINT('',(3.098559340745,0.));
#6055 = DIRECTION('',(-1.,0.));
#6056 = ( GEOMETRIC_REPRESENTATION_CONTEXT(2) 
PARAMETRIC_REPRESENTATION_CONTEXT() REPRESENTATION_CONTEXT('2D SPACE',''
  ) );
#6057 = FACE_BOUND('',#6058,.T.);
#6058 = EDGE_LOOP('',(#6059));
#6059 = ORIENTED_EDGE('',*,*,#6060,.T.);
#6060 = EDGE_CURVE('',#6061,#6061,#6063,.T.);
#6061 = VERTEX_POINT('',#6062);
#6062 = CARTESIAN_POINT('',(362.,-18.98315042346,0.8));
#6063 = SURFACE_CURVE('',#6064,(#6095,#6129),.PCURVE_S1.);
#6064 = B_SPLINE_CURVE_WITH_KNOTS('',8,(#6065,#6066,#6067,#6068,#6069,
    #6070,#6071,#6072,#6073,#6074,#6075,#6076,#6077,#6078,#6079,#6080,
    #6081,#6082,#6083,#6084,#6085,#6086,#6087,#6088,#6089,#6090,#6091,
    #6092,#6093,#6094),.UNSPECIFIED.,.T.,.F.,(9,7,7,7,9),(0.,
    0.249999999998,0.499999999998,0.749999999999,1.),.UNSPECIFIED.);
#6065 = CARTESIAN_POINT('',(362.,-18.98315042346,0.8));
#6066 = CARTESIAN_POINT('',(362.14250994204,-18.98315042346,0.8));
#6067 = CARTESIAN_POINT('',(362.28934408248,-18.98437332792,
    0.770988221732));
#6068 = CARTESIAN_POINT('',(362.43272706554,-18.98694725806,
    0.709874159066));
#6069 = CARTESIAN_POINT('',(362.56392833564,-18.99064014445,
    0.616453381135));
#6070 = CARTESIAN_POINT('',(362.67424939964,-18.99470655812,
    0.492984712951));
#6071 = CARTESIAN_POINT('',(362.75545308112,-18.99812408704,
    0.344232660944));
#6072 = CARTESIAN_POINT('',(362.8,-19.,0.176587545369));
#6073 = CARTESIAN_POINT('',(362.8,-19.,-0.17658754537));
#6074 = CARTESIAN_POINT('',(362.75545308112,-18.99812408704,
    -0.344232660942));
#6075 = CARTESIAN_POINT('',(362.67424939964,-18.99470655812,
    -0.492984712955));
#6076 = CARTESIAN_POINT('',(362.56392833564,-18.99064014445,
    -0.616453381132));
#6077 = CARTESIAN_POINT('',(362.43272706554,-18.98694725806,
    -0.709874159067));
#6078 = CARTESIAN_POINT('',(362.28934408249,-18.98437332792,
    -0.770988221732));
#6079 = CARTESIAN_POINT('',(362.14250994203,-18.98315042346,-0.8));
#6080 = CARTESIAN_POINT('',(361.85749005796,-18.98315042346,-0.8));
#6081 = CARTESIAN_POINT('',(361.71065591751,-18.98437332792,
    -0.770988221732));
#6082 = CARTESIAN_POINT('',(361.56727293445,-18.98694725806,
    -0.709874159067));
#6083 = CARTESIAN_POINT('',(361.43607166435,-18.99064014445,
    -0.616453381133));
#6084 = CARTESIAN_POINT('',(361.32575060035,-18.99470655812,
    -0.492984712952));
#6085 = CARTESIAN_POINT('',(361.24454691887,-18.99812408704,
    -0.344232660945));
#6086 = CARTESIAN_POINT('',(361.2,-19.,-0.176587545369));
#6087 = CARTESIAN_POINT('',(361.2,-19.,0.176587545369));
#6088 = CARTESIAN_POINT('',(361.24454691887,-18.99812408704,
    0.344232660943));
#6089 = CARTESIAN_POINT('',(361.32575060035,-18.99470655812,
    0.492984712954));
#6090 = CARTESIAN_POINT('',(361.43607166435,-18.99064014445,
    0.616453381131));
#6091 = CARTESIAN_POINT('',(361.56727293445,-18.98694725806,
    0.709874159068));
#6092 = CARTESIAN_POINT('',(361.71065591751,-18.98437332792,
    0.770988221731));
#6093 = CARTESIAN_POINT('',(361.85749005796,-18.98315042346,0.8));
#6094 = CARTESIAN_POINT('',(362.,-18.98315042346,0.8));
#6095 = PCURVE('',#5798,#6096);
#6096 = DEFINITIONAL_REPRESENTATION('',(#6097),#6128);
#6097 = B_SPLINE_CURVE_WITH_KNOTS('',8,(#6098,#6099,#6100,#6101,#6102,
    #6103,#6104,#6105,#6106,#6107,#6108,#6109,#6110,#6111,#6112,#6113,
    #6114,#6115,#6116,#6117,#6118,#6119,#6120,#6121,#6122,#6123,#6124,
    #6125,#6126,#6127),.UNSPECIFIED.,.T.,.F.,(9,7,7,7,9),(0.,
    0.249999999998,0.499999999998,0.749999999999,1.),.UNSPECIFIED.);
#6098 = CARTESIAN_POINT('',(1.528678612626,6.));
#6099 = CARTESIAN_POINT('',(1.528678612626,6.14250994204));
#6100 = CARTESIAN_POINT('',(1.530206905898,6.289344082489));
#6101 = CARTESIAN_POINT('',(1.533426277226,6.432727065544));
#6102 = CARTESIAN_POINT('',(1.538347013203,6.563928335643));
#6103 = CARTESIAN_POINT('',(1.544848549477,6.674249399644));
#6104 = CARTESIAN_POINT('',(1.552678816322,6.755453081129));
#6105 = CARTESIAN_POINT('',(1.56150224546,6.8));
#6106 = CARTESIAN_POINT('',(1.58009040813,6.8));
#6107 = CARTESIAN_POINT('',(1.588913837268,6.755453081129));
#6108 = CARTESIAN_POINT('',(1.596744104113,6.674249399644));
#6109 = CARTESIAN_POINT('',(1.603245640386,6.563928335642));
#6110 = CARTESIAN_POINT('',(1.608166376364,6.432727065545));
#6111 = CARTESIAN_POINT('',(1.611385747692,6.28934408249));
#6112 = CARTESIAN_POINT('',(1.612914040964,6.142509942039));
#6113 = CARTESIAN_POINT('',(1.612914040964,5.85749005796));
#6114 = CARTESIAN_POINT('',(1.611385747692,5.710655917512));
#6115 = CARTESIAN_POINT('',(1.608166376363,5.567272934455));
#6116 = CARTESIAN_POINT('',(1.603245640387,5.436071664358));
#6117 = CARTESIAN_POINT('',(1.596744104113,5.325750600356));
#6118 = CARTESIAN_POINT('',(1.588913837268,5.244546918871));
#6119 = CARTESIAN_POINT('',(1.58009040813,5.2));
#6120 = CARTESIAN_POINT('',(1.56150224546,5.2));
#6121 = CARTESIAN_POINT('',(1.552678816322,5.24454691887));
#6122 = CARTESIAN_POINT('',(1.544848549477,5.325750600357));
#6123 = CARTESIAN_POINT('',(1.538347013203,5.436071664357));
#6124 = CARTESIAN_POINT('',(1.533426277226,5.567272934456));
#6125 = CARTESIAN_POINT('',(1.530206905898,5.710655917511));
#6126 = CARTESIAN_POINT('',(1.528678612626,5.85749005796));
#6127 = CARTESIAN_POINT('',(1.528678612626,6.));
#6128 = ( GEOMETRIC_REPRESENTATION_CONTEXT(2) 
PARAMETRIC_REPRESENTATION_CONTEXT() REPRESENTATION_CONTEXT('2D SPACE',''
  ) );
#6129 = PCURVE('',#6130,#6135);
#6130 = CYLINDRICAL_SURFACE('',#6131,0.8);
#6131 = AXIS2_PLACEMENT_3D('',#6132,#6133,#6134);
#6132 = CARTESIAN_POINT('',(362.,-21.,2.571758278209E-15));
#6133 = DIRECTION('',(0.,1.,-1.224646799147E-16));
#6134 = DIRECTION('',(0.,1.224646799147E-16,1.));
#6135 = DEFINITIONAL_REPRESENTATION('',(#6136),#6167);
#6136 = B_SPLINE_CURVE_WITH_KNOTS('',8,(#6137,#6138,#6139,#6140,#6141,
    #6142,#6143,#6144,#6145,#6146,#6147,#6148,#6149,#6150,#6151,#6152,
    #6153,#6154,#6155,#6156,#6157,#6158,#6159,#6160,#6161,#6162,#6163,
    #6164,#6165,#6166),.UNSPECIFIED.,.F.,.F.,(9,7,7,7,9),(0.,
    0.249999999998,0.499999999998,0.749999999999,1.),.UNSPECIFIED.);
#6137 = CARTESIAN_POINT('',(0.,2.016849576532));
#6138 = CARTESIAN_POINT('',(0.17813742755,2.016849576532));
#6139 = CARTESIAN_POINT('',(0.361681384214,2.015626672079));
#6140 = CARTESIAN_POINT('',(0.549516819114,2.013052741934));
#6141 = CARTESIAN_POINT('',(0.741575001124,2.009359855545));
#6142 = CARTESIAN_POINT('',(0.938197664022,2.005293441874));
#6143 = CARTESIAN_POINT('',(1.140501838243,2.001875912951));
#6144 = CARTESIAN_POINT('',(1.350061895084,2.));
#6145 = CARTESIAN_POINT('',(1.791530758507,2.));
#6146 = CARTESIAN_POINT('',(2.001090815344,2.001875912951));
#6147 = CARTESIAN_POINT('',(2.203394989572,2.005293441874));
#6148 = CARTESIAN_POINT('',(2.400017652461,2.009359855545));
#6149 = CARTESIAN_POINT('',(2.592075834478,2.013052741934));
#6150 = CARTESIAN_POINT('',(2.779911269375,2.015626672079));
#6151 = CARTESIAN_POINT('',(2.963455226041,2.016849576532));
#6152 = CARTESIAN_POINT('',(3.31973008114,2.016849576532));
#6153 = CARTESIAN_POINT('',(3.503274037803,2.015626672079));
#6154 = CARTESIAN_POINT('',(3.691109472704,2.013052741934));
#6155 = CARTESIAN_POINT('',(3.883167654715,2.009359855545));
#6156 = CARTESIAN_POINT('',(4.079790317612,2.005293441874));
#6157 = CARTESIAN_POINT('',(4.282094491833,2.001875912951));
#6158 = CARTESIAN_POINT('',(4.491654548674,2.));
#6159 = CARTESIAN_POINT('',(4.933123412096,2.));
#6160 = CARTESIAN_POINT('',(5.142683468935,2.001875912951));
#6161 = CARTESIAN_POINT('',(5.34498764316,2.005293441874));
#6162 = CARTESIAN_POINT('',(5.541610306053,2.009359855545));
#6163 = CARTESIAN_POINT('',(5.733668488067,2.013052741934));
#6164 = CARTESIAN_POINT('',(5.921503922966,2.015626672079));
#6165 = CARTESIAN_POINT('',(6.10504787963,2.016849576532));
#6166 = CARTESIAN_POINT('',(6.28318530718,2.016849576532));
#6167 = ( GEOMETRIC_REPRESENTATION_CONTEXT(2) 
PARAMETRIC_REPRESENTATION_CONTEXT() REPRESENTATION_CONTEXT('2D SPACE',''
  ) );
#6168 = ADVANCED_FACE('',(#6169),#6130,.F.);
#6169 = FACE_BOUND('',#6170,.F.);
#6170 = EDGE_LOOP('',(#6171,#6343,#6364,#6365));
#6171 = ORIENTED_EDGE('',*,*,#6172,.F.);
#6172 = EDGE_CURVE('',#6173,#6173,#6175,.T.);
#6173 = VERTEX_POINT('',#6174);
#6174 = CARTESIAN_POINT('',(362.,-18.1824090813,0.8));
#6175 = SURFACE_CURVE('',#6176,(#6207,#6304),.PCURVE_S1.);
#6176 = B_SPLINE_CURVE_WITH_KNOTS('',8,(#6177,#6178,#6179,#6180,#6181,
    #6182,#6183,#6184,#6185,#6186,#6187,#6188,#6189,#6190,#6191,#6192,
    #6193,#6194,#6195,#6196,#6197,#6198,#6199,#6200,#6201,#6202,#6203,
    #6204,#6205,#6206),.UNSPECIFIED.,.T.,.F.,(9,7,7,7,9),(0.,0.25,0.5,
    0.75,1.),.UNSPECIFIED.);
#6177 = CARTESIAN_POINT('',(362.,-18.1824090813,0.8));
#6178 = CARTESIAN_POINT('',(362.14251254773,-18.1824090813,0.8));
#6179 = CARTESIAN_POINT('',(362.28935365136,-18.18368588816,
    0.770987155766));
#6180 = CARTESIAN_POINT('',(362.43273906324,-18.18637340572,
    0.709867843357));
#6181 = CARTESIAN_POINT('',(362.56393746891,-18.19022899823,
    0.616443874756));
#6182 = CARTESIAN_POINT('',(362.67425402517,-18.19447407884,
    0.492975574222));
#6183 = CARTESIAN_POINT('',(362.75545458256,-18.198041696,0.344226458788
    ));
#6184 = CARTESIAN_POINT('',(362.8,-18.2,0.176584557186));
#6185 = CARTESIAN_POINT('',(362.8,-18.2,-0.176584557187));
#6186 = CARTESIAN_POINT('',(362.75545458256,-18.198041696,
    -0.344226458787));
#6187 = CARTESIAN_POINT('',(362.67425402517,-18.19447407884,
    -0.492975574223));
#6188 = CARTESIAN_POINT('',(362.56393746891,-18.19022899823,
    -0.616443874755));
#6189 = CARTESIAN_POINT('',(362.43273906324,-18.18637340572,
    -0.709867843358));
#6190 = CARTESIAN_POINT('',(362.28935365136,-18.18368588816,
    -0.770987155766));
#6191 = CARTESIAN_POINT('',(362.14251254773,-18.1824090813,-0.8));
#6192 = CARTESIAN_POINT('',(361.85748745226,-18.1824090813,-0.8));
#6193 = CARTESIAN_POINT('',(361.71064634863,-18.18368588816,
    -0.770987155766));
#6194 = CARTESIAN_POINT('',(361.56726093675,-18.18637340572,
    -0.709867843357));
#6195 = CARTESIAN_POINT('',(361.43606253108,-18.19022899823,
    -0.616443874756));
#6196 = CARTESIAN_POINT('',(361.32574597482,-18.19447407884,
    -0.49297557422));
#6197 = CARTESIAN_POINT('',(361.24454541743,-18.198041696,
    -0.344226458789));
#6198 = CARTESIAN_POINT('',(361.2,-18.2,-0.176584557186));
#6199 = CARTESIAN_POINT('',(361.2,-18.2,0.176584557186));
#6200 = CARTESIAN_POINT('',(361.24454541743,-18.198041696,0.344226458788
    ));
#6201 = CARTESIAN_POINT('',(361.32574597482,-18.19447407884,
    0.49297557422));
#6202 = CARTESIAN_POINT('',(361.43606253109,-18.19022899823,
    0.616443874759));
#6203 = CARTESIAN_POINT('',(361.56726093675,-18.18637340572,
    0.709867843356));
#6204 = CARTESIAN_POINT('',(361.71064634863,-18.18368588816,
    0.770987155767));
#6205 = CARTESIAN_POINT('',(361.85748745226,-18.1824090813,0.8));
#6206 = CARTESIAN_POINT('',(362.,-18.1824090813,0.8));
#6207 = PCURVE('',#6130,#6208);
#6208 = DEFINITIONAL_REPRESENTATION('',(#6209),#6303);
#6209 = B_SPLINE_CURVE_WITH_KNOTS('',8,(#6210,#6211,#6212,#6213,#6214,
    #6215,#6216,#6217,#6218,#6219,#6220,#6221,#6222,#6223,#6224,#6225,
    #6226,#6227,#6228,#6229,#6230,#6231,#6232,#6233,#6234,#6235,#6236,
    #6237,#6238,#6239,#6240,#6241,#6242,#6243,#6244,#6245,#6246,#6247,
    #6248,#6249,#6250,#6251,#6252,#6253,#6254,#6255,#6256,#6257,#6258,
    #6259,#6260,#6261,#6262,#6263,#6264,#6265,#6266,#6267,#6268,#6269,
    #6270,#6271,#6272,#6273,#6274,#6275,#6276,#6277,#6278,#6279,#6280,
    #6281,#6282,#6283,#6284,#6285,#6286,#6287,#6288,#6289,#6290,#6291,
    #6292,#6293,#6294,#6295,#6296,#6297,#6298,#6299,#6300,#6301,#6302),
  .UNSPECIFIED.,.F.,.F.,(9,7,7,7,7,7,7,7,7,7,7,7,7,9),(0.,0.25,0.4375,
    0.47265625,0.489135742188,0.497117996216,0.50104676187,
    0.625785071403,0.719338803552,0.73688012833,0.74510262432,
    0.749085395815,0.753005936505,1.),.UNSPECIFIED.);
#6210 = CARTESIAN_POINT('',(0.,2.817590918693));
#6211 = CARTESIAN_POINT('',(0.178140684666,2.817590918693));
#6212 = CARTESIAN_POINT('',(0.36169323528,2.816314111836));
#6213 = CARTESIAN_POINT('',(0.549531752547,2.813626594263));
#6214 = CARTESIAN_POINT('',(0.741592556374,2.80977100177));
#6215 = CARTESIAN_POINT('',(0.938207374941,2.805525921154));
#6216 = CARTESIAN_POINT('',(1.140510634068,2.801958303994));
#6217 = CARTESIAN_POINT('',(1.350065630311,2.8));
#6218 = CARTESIAN_POINT('',(1.736344349157,2.8));
#6219 = CARTESIAN_POINT('',(1.895606382019,2.801101555114));
#6220 = CARTESIAN_POINT('',(2.050235360056,2.803157372877));
#6221 = CARTESIAN_POINT('',(2.201148035711,2.805835984838));
#6222 = CARTESIAN_POINT('',(2.348948167714,2.808727274177));
#6223 = CARTESIAN_POINT('',(2.494035551389,2.811445491926));
#6224 = CARTESIAN_POINT('',(2.636583215044,2.813705546107));
#6225 = CARTESIAN_POINT('',(2.80281171145,2.815656373492));
#6226 = CARTESIAN_POINT('',(2.828968077319,2.815942698823));
#6227 = CARTESIAN_POINT('',(2.855033984017,2.816206273234));
#6228 = CARTESIAN_POINT('',(2.881008939358,2.816446204456));
#6229 = CARTESIAN_POINT('',(2.906892167184,2.8166617609));
#6230 = CARTESIAN_POINT('',(2.932682595249,2.81685237373));
#6231 = CARTESIAN_POINT('',(2.958378843092,2.81701763894));
#6232 = CARTESIAN_POINT('',(2.995979381861,2.817222794648));
#6233 = CARTESIAN_POINT('',(3.007958483893,2.817282648113));
#6234 = CARTESIAN_POINT('',(3.019916342625,2.817336855185));
#6235 = CARTESIAN_POINT('',(3.031852766906,2.817385399167));
#6236 = CARTESIAN_POINT('',(3.043767548359,2.817428271211));
#6237 = CARTESIAN_POINT('',(3.055660461913,2.817465470229));
#6238 = CARTESIAN_POINT('',(3.067531266338,2.817497002808));
#6239 = CARTESIAN_POINT('',(3.08511879216,2.817535418899));
#6240 = CARTESIAN_POINT('',(3.090852631239,2.817546628545));
#6241 = CARTESIAN_POINT('',(3.096581193222,2.817556513667));
#6242 = CARTESIAN_POINT('',(3.102304447818,2.817565076291));
#6243 = CARTESIAN_POINT('',(3.108022363469,2.81757231885));
#6244 = CARTESIAN_POINT('',(3.113734907554,2.81757824419));
#6245 = CARTESIAN_POINT('',(3.119442046611,2.817582855555));
#6246 = CARTESIAN_POINT('',(3.127950051985,2.817587781322));
#6247 = CARTESIAN_POINT('',(3.130754483662,2.817589088649));
#6248 = CARTESIAN_POINT('',(3.133559252288,2.817590078968));
#6249 = CARTESIAN_POINT('',(3.136362004785,2.817590752645));
#6250 = CARTESIAN_POINT('',(3.139161558427,2.817591110326));
#6251 = CARTESIAN_POINT('',(3.141959892186,2.817591152776));
#6252 = CARTESIAN_POINT('',(3.144760395302,2.817590880248));
#6253 = CARTESIAN_POINT('',(3.236525166612,2.817571595274));
#6254 = CARTESIAN_POINT('',(3.32682799879,2.817234260473));
#6255 = CARTESIAN_POINT('',(3.418335121171,2.816562437498));
#6256 = CARTESIAN_POINT('',(3.510972550936,2.815564330975));
#6257 = CARTESIAN_POINT('',(3.604714170966,2.814275859391));
#6258 = CARTESIAN_POINT('',(3.69957423528,2.812759758314));
#6259 = CARTESIAN_POINT('',(3.795606279828,2.811100127053));
#6260 = CARTESIAN_POINT('',(3.965885057722,2.808111637612));
#6261 = CARTESIAN_POINT('',(4.039575664413,2.806803915901));
#6262 = CARTESIAN_POINT('',(4.11402307464,2.805509333957));
#6263 = CARTESIAN_POINT('',(4.189281853041,2.804272241297));
#6264 = CARTESIAN_POINT('',(4.265422244048,2.803138488945));
#6265 = CARTESIAN_POINT('',(4.342534102999,2.802152661725));
#6266 = CARTESIAN_POINT('',(4.420730827239,2.801355310547));
#6267 = CARTESIAN_POINT('',(4.515044998473,2.800672348592));
#6268 = CARTESIAN_POINT('',(4.529979820877,2.800572322595));
#6269 = CARTESIAN_POINT('',(4.544958696092,2.800480327665));
#6270 = CARTESIAN_POINT('',(4.559982603654,2.800396575891));
#6271 = CARTESIAN_POINT('',(4.57505256383,2.800321269744));
#6272 = CARTESIAN_POINT('',(4.590169640467,2.80025460133));
#6273 = CARTESIAN_POINT('',(4.605334943843,2.800196751646));
#6274 = CARTESIAN_POINT('',(4.627681519299,2.800124985861));
#6275 = CARTESIAN_POINT('',(4.634824256328,2.800104056761));
#6276 = CARTESIAN_POINT('',(4.64197796425,2.800085119957));
#6277 = CARTESIAN_POINT('',(4.649142764888,2.800068192295));
#6278 = CARTESIAN_POINT('',(4.65631878242,2.800053290035));
#6279 = CARTESIAN_POINT('',(4.663506143553,2.800040428829));
#6280 = CARTESIAN_POINT('',(4.670704977695,2.800029623704));
#6281 = CARTESIAN_POINT('',(4.681407973734,2.800016658198));
#6282 = CARTESIAN_POINT('',(4.684903253108,2.80001291312));
#6283 = CARTESIAN_POINT('',(4.688401270307,2.800009655449));
#6284 = CARTESIAN_POINT('',(4.691902040499,2.800006886783));
#6285 = CARTESIAN_POINT('',(4.695405578992,2.800004608688));
#6286 = CARTESIAN_POINT('',(4.698911901242,2.80000282269));
#6287 = CARTESIAN_POINT('',(4.702421022872,2.800001530281));
#6288 = CARTESIAN_POINT('',(4.709390022488,2.799999948008));
#6289 = CARTESIAN_POINT('',(4.712848122555,2.799999642771));
#6290 = CARTESIAN_POINT('',(4.716320749569,2.799999818142));
#6291 = CARTESIAN_POINT('',(4.719769115567,2.800000480211));
#6292 = CARTESIAN_POINT('',(4.723227824919,2.800001615433));
#6293 = CARTESIAN_POINT('',(4.726679583704,2.800003232392));
#6294 = CARTESIAN_POINT('',(4.730129224313,2.800005324728));
#6295 = CARTESIAN_POINT('',(4.950735050527,2.800169652101));
#6296 = CARTESIAN_POINT('',(5.15725790676,2.802217112841));
#6297 = CARTESIAN_POINT('',(5.356789793052,2.805780553459));
#6298 = CARTESIAN_POINT('',(5.550828092761,2.809955421508));
#6299 = CARTESIAN_POINT('',(5.740426302003,2.813722924762));
#6300 = CARTESIAN_POINT('',(5.925905472255,2.816344631244));
#6301 = CARTESIAN_POINT('',(6.107186540861,2.817590918693));
#6302 = CARTESIAN_POINT('',(6.28318530718,2.817590918693));
#6303 = ( GEOMETRIC_REPRESENTATION_CONTEXT(2) 
PARAMETRIC_REPRESENTATION_CONTEXT() REPRESENTATION_CONTEXT('2D SPACE',''
  ) );
#6304 = PCURVE('',#6305,#6310);
#6305 = CYLINDRICAL_SURFACE('',#6306,0.8);
#6306 = AXIS2_PLACEMENT_3D('',#6307,#6308,#6309);
#6307 = CARTESIAN_POINT('',(362.,-21.,0.));
#6308 = DIRECTION('',(0.,1.,0.));
#6309 = DIRECTION('',(0.,-0.,1.));
#6310 = DEFINITIONAL_REPRESENTATION('',(#6311),#6342);
#6311 = B_SPLINE_CURVE_WITH_KNOTS('',8,(#6312,#6313,#6314,#6315,#6316,
    #6317,#6318,#6319,#6320,#6321,#6322,#6323,#6324,#6325,#6326,#6327,
    #6328,#6329,#6330,#6331,#6332,#6333,#6334,#6335,#6336,#6337,#6338,
    #6339,#6340,#6341),.UNSPECIFIED.,.F.,.F.,(9,7,7,7,9),(0.,0.25,0.5,
    0.75,1.),.UNSPECIFIED.);
#6312 = CARTESIAN_POINT('',(0.,2.817590918693));
#6313 = CARTESIAN_POINT('',(0.178140684666,2.817590918693));
#6314 = CARTESIAN_POINT('',(0.361693329299,2.816314111836));
#6315 = CARTESIAN_POINT('',(0.549532369407,2.813626594275));
#6316 = CARTESIAN_POINT('',(0.741590373042,2.809771001764));
#6317 = CARTESIAN_POINT('',(0.938209845646,2.805525921157));
#6318 = CARTESIAN_POINT('',(1.140509605128,2.801958303994));
#6319 = CARTESIAN_POINT('',(1.350065630312,2.8));
#6320 = CARTESIAN_POINT('',(1.791527023278,2.8));
#6321 = CARTESIAN_POINT('',(2.001083048461,2.801958303994));
#6322 = CARTESIAN_POINT('',(2.203382807945,2.805525921157));
#6323 = CARTESIAN_POINT('',(2.400002280545,2.809771001764));
#6324 = CARTESIAN_POINT('',(2.592060284184,2.813626594275));
#6325 = CARTESIAN_POINT('',(2.779899324291,2.816314111836));
#6326 = CARTESIAN_POINT('',(2.963451968923,2.817590918693));
#6327 = CARTESIAN_POINT('',(3.319733338256,2.817590918693));
#6328 = CARTESIAN_POINT('',(3.503285982888,2.816314111836));
#6329 = CARTESIAN_POINT('',(3.691125022998,2.813626594275));
#6330 = CARTESIAN_POINT('',(3.883183026631,2.809771001764));
#6331 = CARTESIAN_POINT('',(4.079802499238,2.805525921157));
#6332 = CARTESIAN_POINT('',(4.282102258716,2.801958303994));
#6333 = CARTESIAN_POINT('',(4.491658283902,2.8));
#6334 = CARTESIAN_POINT('',(4.933119676868,2.8));
#6335 = CARTESIAN_POINT('',(5.142675702052,2.801958303994));
#6336 = CARTESIAN_POINT('',(5.344975461529,2.805525921157));
#6337 = CARTESIAN_POINT('',(5.541594934144,2.809771001764));
#6338 = CARTESIAN_POINT('',(5.733652937768,2.813626594275));
#6339 = CARTESIAN_POINT('',(5.921491977883,2.816314111836));
#6340 = CARTESIAN_POINT('',(6.105044622512,2.817590918693));
#6341 = CARTESIAN_POINT('',(6.28318530718,2.817590918693));
#6342 = ( GEOMETRIC_REPRESENTATION_CONTEXT(2) 
PARAMETRIC_REPRESENTATION_CONTEXT() REPRESENTATION_CONTEXT('2D SPACE',''
  ) );
#6343 = ORIENTED_EDGE('',*,*,#6344,.F.);
#6344 = EDGE_CURVE('',#6061,#6173,#6345,.T.);
#6345 = SEAM_CURVE('',#6346,(#6350,#6357),.PCURVE_S1.);
#6346 = LINE('',#6347,#6348);
#6347 = CARTESIAN_POINT('',(362.,-21.,0.8));
#6348 = VECTOR('',#6349,1.);
#6349 = DIRECTION('',(0.,1.,-1.224646799147E-16));
#6350 = PCURVE('',#6130,#6351);
#6351 = DEFINITIONAL_REPRESENTATION('',(#6352),#6356);
#6352 = LINE('',#6353,#6354);
#6353 = CARTESIAN_POINT('',(6.28318530718,-0.));
#6354 = VECTOR('',#6355,1.);
#6355 = DIRECTION('',(0.,1.));
#6356 = ( GEOMETRIC_REPRESENTATION_CONTEXT(2) 
PARAMETRIC_REPRESENTATION_CONTEXT() REPRESENTATION_CONTEXT('2D SPACE',''
  ) );
#6357 = PCURVE('',#6130,#6358);
#6358 = DEFINITIONAL_REPRESENTATION('',(#6359),#6363);
#6359 = LINE('',#6360,#6361);
#6360 = CARTESIAN_POINT('',(0.,-0.));
#6361 = VECTOR('',#6362,1.);
#6362 = DIRECTION('',(0.,1.));
#6363 = ( GEOMETRIC_REPRESENTATION_CONTEXT(2) 
PARAMETRIC_REPRESENTATION_CONTEXT() REPRESENTATION_CONTEXT('2D SPACE',''
  ) );
#6364 = ORIENTED_EDGE('',*,*,#6060,.T.);
#6365 = ORIENTED_EDGE('',*,*,#6344,.T.);
#6366 = ADVANCED_FACE('',(#6367),#6305,.F.);
#6367 = FACE_BOUND('',#6368,.F.);
#6368 = EDGE_LOOP('',(#6369,#6392,#6419,#6420));
#6369 = ORIENTED_EDGE('',*,*,#6370,.T.);
#6370 = EDGE_CURVE('',#6173,#6371,#6373,.T.);
#6371 = VERTEX_POINT('',#6372);
#6372 = CARTESIAN_POINT('',(362.,-13.4,0.8));
#6373 = SEAM_CURVE('',#6374,(#6378,#6385),.PCURVE_S1.);
#6374 = LINE('',#6375,#6376);
#6375 = CARTESIAN_POINT('',(362.,-21.,0.8));
#6376 = VECTOR('',#6377,1.);
#6377 = DIRECTION('',(0.,1.,0.));
#6378 = PCURVE('',#6305,#6379);
#6379 = DEFINITIONAL_REPRESENTATION('',(#6380),#6384);
#6380 = LINE('',#6381,#6382);
#6381 = CARTESIAN_POINT('',(6.28318530718,-0.));
#6382 = VECTOR('',#6383,1.);
#6383 = DIRECTION('',(0.,1.));
#6384 = ( GEOMETRIC_REPRESENTATION_CONTEXT(2) 
PARAMETRIC_REPRESENTATION_CONTEXT() REPRESENTATION_CONTEXT('2D SPACE',''
  ) );
#6385 = PCURVE('',#6305,#6386);
#6386 = DEFINITIONAL_REPRESENTATION('',(#6387),#6391);
#6387 = LINE('',#6388,#6389);
#6388 = CARTESIAN_POINT('',(0.,-0.));
#6389 = VECTOR('',#6390,1.);
#6390 = DIRECTION('',(0.,1.));
#6391 = ( GEOMETRIC_REPRESENTATION_CONTEXT(2) 
PARAMETRIC_REPRESENTATION_CONTEXT() REPRESENTATION_CONTEXT('2D SPACE',''
  ) );
#6392 = ORIENTED_EDGE('',*,*,#6393,.F.);
#6393 = EDGE_CURVE('',#6371,#6371,#6394,.T.);
#6394 = SURFACE_CURVE('',#6395,(#6400,#6407),.PCURVE_S1.);
#6395 = CIRCLE('',#6396,0.8);
#6396 = AXIS2_PLACEMENT_3D('',#6397,#6398,#6399);
#6397 = CARTESIAN_POINT('',(362.,-13.4,0.));
#6398 = DIRECTION('',(0.,1.,0.));
#6399 = DIRECTION('',(0.,-0.,1.));
#6400 = PCURVE('',#6305,#6401);
#6401 = DEFINITIONAL_REPRESENTATION('',(#6402),#6406);
#6402 = LINE('',#6403,#6404);
#6403 = CARTESIAN_POINT('',(0.,7.6));
#6404 = VECTOR('',#6405,1.);
#6405 = DIRECTION('',(1.,0.));
#6406 = ( GEOMETRIC_REPRESENTATION_CONTEXT(2) 
PARAMETRIC_REPRESENTATION_CONTEXT() REPRESENTATION_CONTEXT('2D SPACE',''
  ) );
#6407 = PCURVE('',#6408,#6413);
#6408 = PLANE('',#6409);
#6409 = AXIS2_PLACEMENT_3D('',#6410,#6411,#6412);
#6410 = CARTESIAN_POINT('',(362.,-13.4,0.));
#6411 = DIRECTION('',(0.,1.,0.));
#6412 = DIRECTION('',(0.,-0.,1.));
#6413 = DEFINITIONAL_REPRESENTATION('',(#6414),#6418);
#6414 = CIRCLE('',#6415,0.8);
#6415 = AXIS2_PLACEMENT_2D('',#6416,#6417);
#6416 = CARTESIAN_POINT('',(0.,0.));
#6417 = DIRECTION('',(1.,0.));
#6418 = ( GEOMETRIC_REPRESENTATION_CONTEXT(2) 
PARAMETRIC_REPRESENTATION_CONTEXT() REPRESENTATION_CONTEXT('2D SPACE',''
  ) );
#6419 = ORIENTED_EDGE('',*,*,#6370,.F.);
#6420 = ORIENTED_EDGE('',*,*,#6172,.T.);
#6421 = ADVANCED_FACE('',(#6422,#6640),#6408,.T.);
#6422 = FACE_BOUND('',#6423,.T.);
#6423 = EDGE_LOOP('',(#6424,#6454,#6483,#6511,#6539,#6568,#6590,#6614));
#6424 = ORIENTED_EDGE('',*,*,#6425,.T.);
#6425 = EDGE_CURVE('',#6426,#6428,#6430,.T.);
#6426 = VERTEX_POINT('',#6427);
#6427 = CARTESIAN_POINT('',(357.33282851941,-13.4,0.));
#6428 = VERTEX_POINT('',#6429);
#6429 = CARTESIAN_POINT('',(360.07163717094,-13.4,2.298133329357));
#6430 = SURFACE_CURVE('',#6431,(#6435,#6442),.PCURVE_S1.);
#6431 = LINE('',#6432,#6433);
#6432 = CARTESIAN_POINT('',(357.33282851941,-13.4,0.));
#6433 = VECTOR('',#6434,1.);
#6434 = DIRECTION('',(0.766044443119,0.,0.642787609687));
#6435 = PCURVE('',#6408,#6436);
#6436 = DEFINITIONAL_REPRESENTATION('',(#6437),#6441);
#6437 = LINE('',#6438,#6439);
#6438 = CARTESIAN_POINT('',(0.,-4.667171480581));
#6439 = VECTOR('',#6440,1.);
#6440 = DIRECTION('',(0.642787609687,0.766044443119));
#6441 = ( GEOMETRIC_REPRESENTATION_CONTEXT(2) 
PARAMETRIC_REPRESENTATION_CONTEXT() REPRESENTATION_CONTEXT('2D SPACE',''
  ) );
#6442 = PCURVE('',#6443,#6448);
#6443 = PLANE('',#6444);
#6444 = AXIS2_PLACEMENT_3D('',#6445,#6446,#6447);
#6445 = CARTESIAN_POINT('',(357.33282851941,-17.3,0.));
#6446 = DIRECTION('',(0.642787609687,0.,-0.766044443119));
#6447 = DIRECTION('',(0.766044443119,0.,0.642787609687));
#6448 = DEFINITIONAL_REPRESENTATION('',(#6449),#6453);
#6449 = LINE('',#6450,#6451);
#6450 = CARTESIAN_POINT('',(0.,-3.9));
#6451 = VECTOR('',#6452,1.);
#6452 = DIRECTION('',(1.,0.));
#6453 = ( GEOMETRIC_REPRESENTATION_CONTEXT(2) 
PARAMETRIC_REPRESENTATION_CONTEXT() REPRESENTATION_CONTEXT('2D SPACE',''
  ) );
#6454 = ORIENTED_EDGE('',*,*,#6455,.T.);
#6455 = EDGE_CURVE('',#6428,#6456,#6458,.T.);
#6456 = VERTEX_POINT('',#6457);
#6457 = CARTESIAN_POINT('',(363.92836282906,-13.4,2.298133329357));
#6458 = SURFACE_CURVE('',#6459,(#6464,#6471),.PCURVE_S1.);
#6459 = CIRCLE('',#6460,3.);
#6460 = AXIS2_PLACEMENT_3D('',#6461,#6462,#6463);
#6461 = CARTESIAN_POINT('',(362.,-13.4,0.));
#6462 = DIRECTION('',(0.,1.,-0.));
#6463 = DIRECTION('',(-0.642787609687,0.,0.766044443119));
#6464 = PCURVE('',#6408,#6465);
#6465 = DEFINITIONAL_REPRESENTATION('',(#6466),#6470);
#6466 = CIRCLE('',#6467,3.);
#6467 = AXIS2_PLACEMENT_2D('',#6468,#6469);
#6468 = CARTESIAN_POINT('',(0.,0.));
#6469 = DIRECTION('',(0.766044443119,-0.642787609687));
#6470 = ( GEOMETRIC_REPRESENTATION_CONTEXT(2) 
PARAMETRIC_REPRESENTATION_CONTEXT() REPRESENTATION_CONTEXT('2D SPACE',''
  ) );
#6471 = PCURVE('',#6472,#6477);
#6472 = CYLINDRICAL_SURFACE('',#6473,3.);
#6473 = AXIS2_PLACEMENT_3D('',#6474,#6475,#6476);
#6474 = CARTESIAN_POINT('',(362.,-17.3,0.));
#6475 = DIRECTION('',(0.,1.,0.));
#6476 = DIRECTION('',(0.,-0.,1.));
#6477 = DEFINITIONAL_REPRESENTATION('',(#6478),#6482);
#6478 = LINE('',#6479,#6480);
#6479 = CARTESIAN_POINT('',(5.585053606382,3.9));
#6480 = VECTOR('',#6481,1.);
#6481 = DIRECTION('',(1.,0.));
#6482 = ( GEOMETRIC_REPRESENTATION_CONTEXT(2) 
PARAMETRIC_REPRESENTATION_CONTEXT() REPRESENTATION_CONTEXT('2D SPACE',''
  ) );
#6483 = ORIENTED_EDGE('',*,*,#6484,.F.);
#6484 = EDGE_CURVE('',#6485,#6456,#6487,.T.);
#6485 = VERTEX_POINT('',#6486);
#6486 = CARTESIAN_POINT('',(366.66717148058,-13.4,0.));
#6487 = SURFACE_CURVE('',#6488,(#6492,#6499),.PCURVE_S1.);
#6488 = LINE('',#6489,#6490);
#6489 = CARTESIAN_POINT('',(366.66717148058,-13.4,0.));
#6490 = VECTOR('',#6491,1.);
#6491 = DIRECTION('',(-0.766044443119,-0.,0.642787609687));
#6492 = PCURVE('',#6408,#6493);
#6493 = DEFINITIONAL_REPRESENTATION('',(#6494),#6498);
#6494 = LINE('',#6495,#6496);
#6495 = CARTESIAN_POINT('',(0.,4.667171480581));
#6496 = VECTOR('',#6497,1.);
#6497 = DIRECTION('',(0.642787609687,-0.766044443119));
#6498 = ( GEOMETRIC_REPRESENTATION_CONTEXT(2) 
PARAMETRIC_REPRESENTATION_CONTEXT() REPRESENTATION_CONTEXT('2D SPACE',''
  ) );
#6499 = PCURVE('',#6500,#6505);
#6500 = PLANE('',#6501);
#6501 = AXIS2_PLACEMENT_3D('',#6502,#6503,#6504);
#6502 = CARTESIAN_POINT('',(366.66717148058,-17.3,0.));
#6503 = DIRECTION('',(-0.642787609687,-0.,-0.766044443119));
#6504 = DIRECTION('',(0.766044443119,0.,-0.642787609687));
#6505 = DEFINITIONAL_REPRESENTATION('',(#6506),#6510);
#6506 = LINE('',#6507,#6508);
#6507 = CARTESIAN_POINT('',(-0.,-3.9));
#6508 = VECTOR('',#6509,1.);
#6509 = DIRECTION('',(-1.,0.));
#6510 = ( GEOMETRIC_REPRESENTATION_CONTEXT(2) 
PARAMETRIC_REPRESENTATION_CONTEXT() REPRESENTATION_CONTEXT('2D SPACE',''
  ) );
#6511 = ORIENTED_EDGE('',*,*,#6512,.F.);
#6512 = EDGE_CURVE('',#6513,#6485,#6515,.T.);
#6513 = VERTEX_POINT('',#6514);
#6514 = CARTESIAN_POINT('',(363.92836282906,-13.4,-2.298133329357));
#6515 = SURFACE_CURVE('',#6516,(#6520,#6527),.PCURVE_S1.);
#6516 = LINE('',#6517,#6518);
#6517 = CARTESIAN_POINT('',(363.92836282906,-13.4,-2.298133329357));
#6518 = VECTOR('',#6519,1.);
#6519 = DIRECTION('',(0.766044443119,-0.,0.642787609687));
#6520 = PCURVE('',#6408,#6521);
#6521 = DEFINITIONAL_REPRESENTATION('',(#6522),#6526);
#6522 = LINE('',#6523,#6524);
#6523 = CARTESIAN_POINT('',(-2.298133329357,1.92836282906));
#6524 = VECTOR('',#6525,1.);
#6525 = DIRECTION('',(0.642787609687,0.766044443119));
#6526 = ( GEOMETRIC_REPRESENTATION_CONTEXT(2) 
PARAMETRIC_REPRESENTATION_CONTEXT() REPRESENTATION_CONTEXT('2D SPACE',''
  ) );
#6527 = PCURVE('',#6528,#6533);
#6528 = PLANE('',#6529);
#6529 = AXIS2_PLACEMENT_3D('',#6530,#6531,#6532);
#6530 = CARTESIAN_POINT('',(363.92836282906,-17.3,-2.298133329357));
#6531 = DIRECTION('',(-0.642787609687,-0.,0.766044443119));
#6532 = DIRECTION('',(-0.766044443119,0.,-0.642787609687));
#6533 = DEFINITIONAL_REPRESENTATION('',(#6534),#6538);
#6534 = LINE('',#6535,#6536);
#6535 = CARTESIAN_POINT('',(-0.,-3.9));
#6536 = VECTOR('',#6537,1.);
#6537 = DIRECTION('',(-1.,-0.));
#6538 = ( GEOMETRIC_REPRESENTATION_CONTEXT(2) 
PARAMETRIC_REPRESENTATION_CONTEXT() REPRESENTATION_CONTEXT('2D SPACE',''
  ) );
#6539 = ORIENTED_EDGE('',*,*,#6540,.T.);
#6540 = EDGE_CURVE('',#6513,#6541,#6543,.T.);
#6541 = VERTEX_POINT('',#6542);
#6542 = CARTESIAN_POINT('',(362.41819986887,-13.4,-2.970708479415));
#6543 = SURFACE_CURVE('',#6544,(#6549,#6556),.PCURVE_S1.);
#6544 = CIRCLE('',#6545,3.);
#6545 = AXIS2_PLACEMENT_3D('',#6546,#6547,#6548);
#6546 = CARTESIAN_POINT('',(362.,-13.4,0.));
#6547 = DIRECTION('',(0.,1.,0.));
#6548 = DIRECTION('',(0.,-0.,1.));
#6549 = PCURVE('',#6408,#6550);
#6550 = DEFINITIONAL_REPRESENTATION('',(#6551),#6555);
#6551 = CIRCLE('',#6552,3.);
#6552 = AXIS2_PLACEMENT_2D('',#6553,#6554);
#6553 = CARTESIAN_POINT('',(0.,0.));
#6554 = DIRECTION('',(1.,0.));
#6555 = ( GEOMETRIC_REPRESENTATION_CONTEXT(2) 
PARAMETRIC_REPRESENTATION_CONTEXT() REPRESENTATION_CONTEXT('2D SPACE',''
  ) );
#6556 = PCURVE('',#6557,#6562);
#6557 = CYLINDRICAL_SURFACE('',#6558,3.);
#6558 = AXIS2_PLACEMENT_3D('',#6559,#6560,#6561);
#6559 = CARTESIAN_POINT('',(362.,-17.3,0.));
#6560 = DIRECTION('',(0.,1.,0.));
#6561 = DIRECTION('',(0.,-0.,1.));
#6562 = DEFINITIONAL_REPRESENTATION('',(#6563),#6567);
#6563 = LINE('',#6564,#6565);
#6564 = CARTESIAN_POINT('',(0.,3.9));
#6565 = VECTOR('',#6566,1.);
#6566 = DIRECTION('',(1.,0.));
#6567 = ( GEOMETRIC_REPRESENTATION_CONTEXT(2) 
PARAMETRIC_REPRESENTATION_CONTEXT() REPRESENTATION_CONTEXT('2D SPACE',''
  ) );
#6568 = ORIENTED_EDGE('',*,*,#6569,.T.);
#6569 = EDGE_CURVE('',#6541,#6570,#6572,.T.);
#6570 = VERTEX_POINT('',#6571);
#6571 = CARTESIAN_POINT('',(361.58180013112,-13.4,-2.970708479415));
#6572 = SURFACE_CURVE('',#6573,(#6577,#6583),.PCURVE_S1.);
#6573 = LINE('',#6574,#6575);
#6574 = CARTESIAN_POINT('',(362.,-13.4,-2.970708479415));
#6575 = VECTOR('',#6576,1.);
#6576 = DIRECTION('',(-1.,0.,-0.));
#6577 = PCURVE('',#6408,#6578);
#6578 = DEFINITIONAL_REPRESENTATION('',(#6579),#6582);
#6579 = B_SPLINE_CURVE_WITH_KNOTS('',1,(#6580,#6581),.UNSPECIFIED.,.F.,
  .F.,(2,2),(-1.92836282906,1.49666295471),.PIECEWISE_BEZIER_KNOTS.);
#6580 = CARTESIAN_POINT('',(-2.970708479415,1.92836282906));
#6581 = CARTESIAN_POINT('',(-2.970708479415,-1.49666295471));
#6582 = ( GEOMETRIC_REPRESENTATION_CONTEXT(2) 
PARAMETRIC_REPRESENTATION_CONTEXT() REPRESENTATION_CONTEXT('2D SPACE',''
  ) );
#6583 = PCURVE('',#1771,#6584);
#6584 = DEFINITIONAL_REPRESENTATION('',(#6585),#6589);
#6585 = LINE('',#6586,#6587);
#6586 = CARTESIAN_POINT('',(-0.370708479415,23.500000175));
#6587 = VECTOR('',#6588,1.);
#6588 = DIRECTION('',(0.,-1.));
#6589 = ( GEOMETRIC_REPRESENTATION_CONTEXT(2) 
PARAMETRIC_REPRESENTATION_CONTEXT() REPRESENTATION_CONTEXT('2D SPACE',''
  ) );
#6590 = ORIENTED_EDGE('',*,*,#6591,.T.);
#6591 = EDGE_CURVE('',#6570,#6592,#6594,.T.);
#6592 = VERTEX_POINT('',#6593);
#6593 = CARTESIAN_POINT('',(360.07163717094,-13.4,-2.298133329357));
#6594 = SURFACE_CURVE('',#6595,(#6600,#6607),.PCURVE_S1.);
#6595 = CIRCLE('',#6596,3.);
#6596 = AXIS2_PLACEMENT_3D('',#6597,#6598,#6599);
#6597 = CARTESIAN_POINT('',(362.,-13.4,0.));
#6598 = DIRECTION('',(0.,1.,0.));
#6599 = DIRECTION('',(0.,-0.,1.));
#6600 = PCURVE('',#6408,#6601);
#6601 = DEFINITIONAL_REPRESENTATION('',(#6602),#6606);
#6602 = CIRCLE('',#6603,3.);
#6603 = AXIS2_PLACEMENT_2D('',#6604,#6605);
#6604 = CARTESIAN_POINT('',(0.,0.));
#6605 = DIRECTION('',(1.,0.));
#6606 = ( GEOMETRIC_REPRESENTATION_CONTEXT(2) 
PARAMETRIC_REPRESENTATION_CONTEXT() REPRESENTATION_CONTEXT('2D SPACE',''
  ) );
#6607 = PCURVE('',#6557,#6608);
#6608 = DEFINITIONAL_REPRESENTATION('',(#6609),#6613);
#6609 = LINE('',#6610,#6611);
#6610 = CARTESIAN_POINT('',(0.,3.9));
#6611 = VECTOR('',#6612,1.);
#6612 = DIRECTION('',(1.,0.));
#6613 = ( GEOMETRIC_REPRESENTATION_CONTEXT(2) 
PARAMETRIC_REPRESENTATION_CONTEXT() REPRESENTATION_CONTEXT('2D SPACE',''
  ) );
#6614 = ORIENTED_EDGE('',*,*,#6615,.T.);
#6615 = EDGE_CURVE('',#6592,#6426,#6616,.T.);
#6616 = SURFACE_CURVE('',#6617,(#6621,#6628),.PCURVE_S1.);
#6617 = LINE('',#6618,#6619);
#6618 = CARTESIAN_POINT('',(360.07163717094,-13.4,-2.298133329357));
#6619 = VECTOR('',#6620,1.);
#6620 = DIRECTION('',(-0.766044443119,0.,0.642787609687));
#6621 = PCURVE('',#6408,#6622);
#6622 = DEFINITIONAL_REPRESENTATION('',(#6623),#6627);
#6623 = LINE('',#6624,#6625);
#6624 = CARTESIAN_POINT('',(-2.298133329357,-1.92836282906));
#6625 = VECTOR('',#6626,1.);
#6626 = DIRECTION('',(0.642787609687,-0.766044443119));
#6627 = ( GEOMETRIC_REPRESENTATION_CONTEXT(2) 
PARAMETRIC_REPRESENTATION_CONTEXT() REPRESENTATION_CONTEXT('2D SPACE',''
  ) );
#6628 = PCURVE('',#6629,#6634);
#6629 = PLANE('',#6630);
#6630 = AXIS2_PLACEMENT_3D('',#6631,#6632,#6633);
#6631 = CARTESIAN_POINT('',(360.07163717094,-17.3,-2.298133329357));
#6632 = DIRECTION('',(0.642787609687,0.,0.766044443119));
#6633 = DIRECTION('',(-0.766044443119,0.,0.642787609687));
#6634 = DEFINITIONAL_REPRESENTATION('',(#6635),#6639);
#6635 = LINE('',#6636,#6637);
#6636 = CARTESIAN_POINT('',(0.,-3.9));
#6637 = VECTOR('',#6638,1.);
#6638 = DIRECTION('',(1.,0.));
#6639 = ( GEOMETRIC_REPRESENTATION_CONTEXT(2) 
PARAMETRIC_REPRESENTATION_CONTEXT() REPRESENTATION_CONTEXT('2D SPACE',''
  ) );
#6640 = FACE_BOUND('',#6641,.T.);
#6641 = EDGE_LOOP('',(#6642));
#6642 = ORIENTED_EDGE('',*,*,#6393,.F.);
#6643 = ADVANCED_FACE('',(#6644),#6472,.T.);
#6644 = FACE_BOUND('',#6645,.T.);
#6645 = EDGE_LOOP('',(#6646,#6726,#6746,#6747));
#6646 = ORIENTED_EDGE('',*,*,#6647,.F.);
#6647 = EDGE_CURVE('',#6648,#6650,#6652,.T.);
#6648 = VERTEX_POINT('',#6649);
#6649 = CARTESIAN_POINT('',(363.92836282906,-16.74301595294,
    2.298133329357));
#6650 = VERTEX_POINT('',#6651);
#6651 = CARTESIAN_POINT('',(360.07163717094,-16.74301595294,
    2.298133329357));
#6652 = SURFACE_CURVE('',#6653,(#6668,#6697),.PCURVE_S1.);
#6653 = B_SPLINE_CURVE_WITH_KNOTS('',7,(#6654,#6655,#6656,#6657,#6658,
    #6659,#6660,#6661,#6662,#6663,#6664,#6665,#6666,#6667),
  .UNSPECIFIED.,.F.,.F.,(8,6,8),(0.,1.,2.000000000001),.UNSPECIFIED.);
#6654 = CARTESIAN_POINT('',(363.92836282906,-16.74301595294,
    2.298133329357));
#6655 = CARTESIAN_POINT('',(363.68278200723,-16.71473138762,
    2.504200106374));
#6656 = CARTESIAN_POINT('',(363.42015395265,-16.68862997789,
    2.672398234222));
#6657 = CARTESIAN_POINT('',(363.14608978494,-16.66642481568,
    2.804622881936));
#6658 = CARTESIAN_POINT('',(362.86442745415,-16.64917041396,
    2.902572831678));
#6659 = CARTESIAN_POINT('',(362.57800679856,-16.63746108069,
    2.967487030133));
#6660 = CARTESIAN_POINT('',(362.28914911462,-16.6315964357,3.));
#6661 = CARTESIAN_POINT('',(361.71085088538,-16.6315964357,3.));
#6662 = CARTESIAN_POINT('',(361.42199320143,-16.63746108069,
    2.967487030133));
#6663 = CARTESIAN_POINT('',(361.13557254584,-16.64917041396,
    2.902572831678));
#6664 = CARTESIAN_POINT('',(360.85391021505,-16.66642481568,
    2.804622881936));
#6665 = CARTESIAN_POINT('',(360.57984604734,-16.68862997789,
    2.672398234222));
#6666 = CARTESIAN_POINT('',(360.31721799276,-16.71473138762,
    2.504200106374));
#6667 = CARTESIAN_POINT('',(360.07163717094,-16.74301595294,
    2.298133329357));
#6668 = PCURVE('',#6472,#6669);
#6669 = DEFINITIONAL_REPRESENTATION('',(#6670),#6696);
#6670 = B_SPLINE_CURVE_WITH_KNOTS('',3,(#6671,#6672,#6673,#6674,#6675,
    #6676,#6677,#6678,#6679,#6680,#6681,#6682,#6683,#6684,#6685,#6686,
    #6687,#6688,#6689,#6690,#6691,#6692,#6693,#6694,#6695),
  .UNSPECIFIED.,.F.,.F.,(4,1,1,1,1,1,1,1,1,1,1,1,1,1,1,1,1,1,1,1,1,1,4),
  (0.,9.090909090914E-02,0.181818181818,0.272727272727,0.363636363637,
    0.454545454546,0.545454545455,0.636363636364,0.727272727273,
    0.818181818182,0.909090909091,1.000000000001,1.09090909091,
    1.181818181819,1.272727272728,1.363636363637,1.454545454546,
    1.545454545455,1.636363636365,1.727272727274,1.818181818183,
    1.909090909092,2.000000000001),.QUASI_UNIFORM_KNOTS.);
#6671 = CARTESIAN_POINT('',(6.981317007977,0.556984047057));
#6672 = CARTESIAN_POINT('',(6.958650301731,0.562986649243));
#6673 = CARTESIAN_POINT('',(6.913749004842,0.574728369037));
#6674 = CARTESIAN_POINT('',(6.847557152735,0.59133626807));
#6675 = CARTESIAN_POINT('',(6.782385995044,0.606712539781));
#6676 = CARTESIAN_POINT('',(6.718107141236,0.620674756565));
#6677 = CARTESIAN_POINT('',(6.654597079128,0.633066114181));
#6678 = CARTESIAN_POINT('',(6.591736976755,0.643757162342));
#6679 = CARTESIAN_POINT('',(6.529411095777,0.652642273195));
#6680 = CARTESIAN_POINT('',(6.467506163123,0.65963782297));
#6681 = CARTESIAN_POINT('',(6.40590899967,0.664680256635));
#6682 = CARTESIAN_POINT('',(6.344510321974,0.66772456351));
#6683 = CARTESIAN_POINT('',(6.283185307179,0.668743064694));
#6684 = CARTESIAN_POINT('',(6.221860292384,0.66772456351));
#6685 = CARTESIAN_POINT('',(6.160461614688,0.664680256635));
#6686 = CARTESIAN_POINT('',(6.098864451236,0.65963782297));
#6687 = CARTESIAN_POINT('',(6.036959518582,0.652642273195));
#6688 = CARTESIAN_POINT('',(5.974633637604,0.643757162342));
#6689 = CARTESIAN_POINT('',(5.911773535231,0.633066114181));
#6690 = CARTESIAN_POINT('',(5.848263473123,0.620674756565));
#6691 = CARTESIAN_POINT('',(5.783984619315,0.606712539781));
#6692 = CARTESIAN_POINT('',(5.718813461624,0.59133626807));
#6693 = CARTESIAN_POINT('',(5.652621609517,0.574728369037));
#6694 = CARTESIAN_POINT('',(5.607720312629,0.562986649243));
#6695 = CARTESIAN_POINT('',(5.585053606382,0.556984047057));
#6696 = ( GEOMETRIC_REPRESENTATION_CONTEXT(2) 
PARAMETRIC_REPRESENTATION_CONTEXT() REPRESENTATION_CONTEXT('2D SPACE',''
  ) );
#6697 = PCURVE('',#1824,#6698);
#6698 = DEFINITIONAL_REPRESENTATION('',(#6699),#6725);
#6699 = B_SPLINE_CURVE_WITH_KNOTS('',3,(#6700,#6701,#6702,#6703,#6704,
    #6705,#6706,#6707,#6708,#6709,#6710,#6711,#6712,#6713,#6714,#6715,
    #6716,#6717,#6718,#6719,#6720,#6721,#6722,#6723,#6724),
  .UNSPECIFIED.,.F.,.F.,(4,1,1,1,1,1,1,1,1,1,1,1,1,1,1,1,1,1,1,1,1,1,4),
  (0.,9.090909090914E-02,0.181818181818,0.272727272727,0.363636363637,
    0.454545454546,0.545454545455,0.636363636364,0.727272727273,
    0.818181818182,0.909090909091,1.000000000001,1.09090909091,
    1.181818181819,1.272727272728,1.363636363637,1.454545454546,
    1.545454545455,1.636363636365,1.727272727274,1.818181818183,
    1.909090909092,2.000000000001),.QUASI_UNIFORM_KNOTS.);
#6700 = CARTESIAN_POINT('',(3.005185809869,14.92836282906));
#6701 = CARTESIAN_POINT('',(3.002575172984,14.876262605608));
#6702 = CARTESIAN_POINT('',(2.997612516375,14.770117862568));
#6703 = CARTESIAN_POINT('',(2.990929833876,14.605807121276));
#6704 = CARTESIAN_POINT('',(2.984993526827,14.437173951362));
#6705 = CARTESIAN_POINT('',(2.979789990875,14.264877773409));
#6706 = CARTESIAN_POINT('',(2.975306704371,14.089517800103));
#6707 = CARTESIAN_POINT('',(2.971532500025,13.91163144815));
#6708 = CARTESIAN_POINT('',(2.968457691495,13.731705792676));
#6709 = CARTESIAN_POINT('',(2.966074231399,13.550185950955));
#6710 = CARTESIAN_POINT('',(2.964375853977,13.367478894292));
#6711 = CARTESIAN_POINT('',(2.963358216301,13.183975052239));
#6712 = CARTESIAN_POINT('',(2.963019033227,12.999999999999));
#6713 = CARTESIAN_POINT('',(2.963358216301,12.816024947758));
#6714 = CARTESIAN_POINT('',(2.964375853977,12.632521105706));
#6715 = CARTESIAN_POINT('',(2.966074231399,12.449814049043));
#6716 = CARTESIAN_POINT('',(2.968457691495,12.268294207322));
#6717 = CARTESIAN_POINT('',(2.971532500025,12.088368551849));
#6718 = CARTESIAN_POINT('',(2.975306704371,11.910482199896));
#6719 = CARTESIAN_POINT('',(2.979789990875,11.735122226591));
#6720 = CARTESIAN_POINT('',(2.984993526827,11.562826048637));
#6721 = CARTESIAN_POINT('',(2.990929833876,11.394192878723));
#6722 = CARTESIAN_POINT('',(2.997612516375,11.229882137432));
#6723 = CARTESIAN_POINT('',(3.002575172984,11.123737394392));
#6724 = CARTESIAN_POINT('',(3.005185809869,11.07163717094));
#6725 = ( GEOMETRIC_REPRESENTATION_CONTEXT(2) 
PARAMETRIC_REPRESENTATION_CONTEXT() REPRESENTATION_CONTEXT('2D SPACE',''
  ) );
#6726 = ORIENTED_EDGE('',*,*,#6727,.T.);
#6727 = EDGE_CURVE('',#6648,#6456,#6728,.T.);
#6728 = SURFACE_CURVE('',#6729,(#6733,#6739),.PCURVE_S1.);
#6729 = LINE('',#6730,#6731);
#6730 = CARTESIAN_POINT('',(363.92836282906,-17.3,2.298133329357));
#6731 = VECTOR('',#6732,1.);
#6732 = DIRECTION('',(-0.,1.,-0.));
#6733 = PCURVE('',#6472,#6734);
#6734 = DEFINITIONAL_REPRESENTATION('',(#6735),#6738);
#6735 = B_SPLINE_CURVE_WITH_KNOTS('',1,(#6736,#6737),.UNSPECIFIED.,.F.,
  .F.,(2,2),(0.556984047057,3.9),.PIECEWISE_BEZIER_KNOTS.);
#6736 = CARTESIAN_POINT('',(6.981317007977,0.556984047057));
#6737 = CARTESIAN_POINT('',(6.981317007977,3.9));
#6738 = ( GEOMETRIC_REPRESENTATION_CONTEXT(2) 
PARAMETRIC_REPRESENTATION_CONTEXT() REPRESENTATION_CONTEXT('2D SPACE',''
  ) );
#6739 = PCURVE('',#6500,#6740);
#6740 = DEFINITIONAL_REPRESENTATION('',(#6741),#6745);
#6741 = LINE('',#6742,#6743);
#6742 = CARTESIAN_POINT('',(-3.575260777783,0.));
#6743 = VECTOR('',#6744,1.);
#6744 = DIRECTION('',(-0.,-1.));
#6745 = ( GEOMETRIC_REPRESENTATION_CONTEXT(2) 
PARAMETRIC_REPRESENTATION_CONTEXT() REPRESENTATION_CONTEXT('2D SPACE',''
  ) );
#6746 = ORIENTED_EDGE('',*,*,#6455,.F.);
#6747 = ORIENTED_EDGE('',*,*,#6748,.F.);
#6748 = EDGE_CURVE('',#6650,#6428,#6749,.T.);
#6749 = SURFACE_CURVE('',#6750,(#6754,#6760),.PCURVE_S1.);
#6750 = LINE('',#6751,#6752);
#6751 = CARTESIAN_POINT('',(360.07163717094,-17.3,2.298133329357));
#6752 = VECTOR('',#6753,1.);
#6753 = DIRECTION('',(-0.,1.,-0.));
#6754 = PCURVE('',#6472,#6755);
#6755 = DEFINITIONAL_REPRESENTATION('',(#6756),#6759);
#6756 = B_SPLINE_CURVE_WITH_KNOTS('',1,(#6757,#6758),.UNSPECIFIED.,.F.,
  .F.,(2,2),(0.556984047057,3.9),.PIECEWISE_BEZIER_KNOTS.);
#6757 = CARTESIAN_POINT('',(5.585053606382,0.556984047057));
#6758 = CARTESIAN_POINT('',(5.585053606382,3.9));
#6759 = ( GEOMETRIC_REPRESENTATION_CONTEXT(2) 
PARAMETRIC_REPRESENTATION_CONTEXT() REPRESENTATION_CONTEXT('2D SPACE',''
  ) );
#6760 = PCURVE('',#6443,#6761);
#6761 = DEFINITIONAL_REPRESENTATION('',(#6762),#6766);
#6762 = LINE('',#6763,#6764);
#6763 = CARTESIAN_POINT('',(3.575260777783,0.));
#6764 = VECTOR('',#6765,1.);
#6765 = DIRECTION('',(0.,-1.));
#6766 = ( GEOMETRIC_REPRESENTATION_CONTEXT(2) 
PARAMETRIC_REPRESENTATION_CONTEXT() REPRESENTATION_CONTEXT('2D SPACE',''
  ) );
#6767 = ADVANCED_FACE('',(#6768),#6500,.F.);
#6768 = FACE_BOUND('',#6769,.T.);
#6769 = EDGE_LOOP('',(#6770,#6797,#6818,#6819));
#6770 = ORIENTED_EDGE('',*,*,#6771,.F.);
#6771 = EDGE_CURVE('',#6772,#6648,#6774,.T.);
#6772 = VERTEX_POINT('',#6773);
#6773 = CARTESIAN_POINT('',(366.66717148058,-16.9,0.));
#6774 = SURFACE_CURVE('',#6775,(#6780,#6787),.PCURVE_S1.);
#6775 = ELLIPSE('',#6776,26.291732673941,16.9);
#6776 = AXIS2_PLACEMENT_3D('',#6777,#6778,#6779);
#6777 = CARTESIAN_POINT('',(366.66717148058,0.,0.));
#6778 = DIRECTION('',(-0.642787609687,-0.,-0.766044443119));
#6779 = DIRECTION('',(0.766044443119,0.,-0.642787609687));
#6780 = PCURVE('',#6500,#6781);
#6781 = DEFINITIONAL_REPRESENTATION('',(#6782),#6786);
#6782 = ELLIPSE('',#6783,26.291732673941,16.9);
#6783 = AXIS2_PLACEMENT_2D('',#6784,#6785);
#6784 = CARTESIAN_POINT('',(0.,-17.3));
#6785 = DIRECTION('',(1.,-0.));
#6786 = ( GEOMETRIC_REPRESENTATION_CONTEXT(2) 
PARAMETRIC_REPRESENTATION_CONTEXT() REPRESENTATION_CONTEXT('2D SPACE',''
  ) );
#6787 = PCURVE('',#1824,#6788);
#6788 = DEFINITIONAL_REPRESENTATION('',(#6789),#6796);
#6789 = B_SPLINE_CURVE_WITH_KNOTS('',5,(#6790,#6791,#6792,#6793,#6794,
    #6795),.UNSPECIFIED.,.F.,.F.,(6,6),(1.557197485596,1.720942479798),
  .PIECEWISE_BEZIER_KNOTS.);
#6790 = CARTESIAN_POINT('',(3.155191494789,17.941052345733));
#6791 = CARTESIAN_POINT('',(3.122442495948,17.281527677212));
#6792 = CARTESIAN_POINT('',(3.089693497108,16.621635837511));
#6793 = CARTESIAN_POINT('',(3.056944498268,15.962850452062));
#6794 = CARTESIAN_POINT('',(3.024195499427,15.30664677079));
#6795 = CARTESIAN_POINT('',(2.991446500587,14.654481963907));
#6796 = ( GEOMETRIC_REPRESENTATION_CONTEXT(2) 
PARAMETRIC_REPRESENTATION_CONTEXT() REPRESENTATION_CONTEXT('2D SPACE',''
  ) );
#6797 = ORIENTED_EDGE('',*,*,#6798,.T.);
#6798 = EDGE_CURVE('',#6772,#6485,#6799,.T.);
#6799 = SURFACE_CURVE('',#6800,(#6804,#6811),.PCURVE_S1.);
#6800 = LINE('',#6801,#6802);
#6801 = CARTESIAN_POINT('',(366.66717148058,-17.3,0.));
#6802 = VECTOR('',#6803,1.);
#6803 = DIRECTION('',(-0.,1.,-0.));
#6804 = PCURVE('',#6500,#6805);
#6805 = DEFINITIONAL_REPRESENTATION('',(#6806),#6810);
#6806 = LINE('',#6807,#6808);
#6807 = CARTESIAN_POINT('',(-0.,-0.));
#6808 = VECTOR('',#6809,1.);
#6809 = DIRECTION('',(-0.,-1.));
#6810 = ( GEOMETRIC_REPRESENTATION_CONTEXT(2) 
PARAMETRIC_REPRESENTATION_CONTEXT() REPRESENTATION_CONTEXT('2D SPACE',''
  ) );
#6811 = PCURVE('',#6528,#6812);
#6812 = DEFINITIONAL_REPRESENTATION('',(#6813),#6817);
#6813 = LINE('',#6814,#6815);
#6814 = CARTESIAN_POINT('',(-3.575260777783,-0.));
#6815 = VECTOR('',#6816,1.);
#6816 = DIRECTION('',(-0.,-1.));
#6817 = ( GEOMETRIC_REPRESENTATION_CONTEXT(2) 
PARAMETRIC_REPRESENTATION_CONTEXT() REPRESENTATION_CONTEXT('2D SPACE',''
  ) );
#6818 = ORIENTED_EDGE('',*,*,#6484,.T.);
#6819 = ORIENTED_EDGE('',*,*,#6727,.F.);
#6820 = ADVANCED_FACE('',(#6821),#6528,.F.);
#6821 = FACE_BOUND('',#6822,.T.);
#6822 = EDGE_LOOP('',(#6823,#6850,#6871,#6872));
#6823 = ORIENTED_EDGE('',*,*,#6824,.F.);
#6824 = EDGE_CURVE('',#6825,#6772,#6827,.T.);
#6825 = VERTEX_POINT('',#6826);
#6826 = CARTESIAN_POINT('',(363.92836282906,-16.74301595294,
    -2.298133329357));
#6827 = SURFACE_CURVE('',#6828,(#6833,#6840),.PCURVE_S1.);
#6828 = ELLIPSE('',#6829,26.291732673941,16.9);
#6829 = AXIS2_PLACEMENT_3D('',#6830,#6831,#6832);
#6830 = CARTESIAN_POINT('',(366.66717148058,0.,0.));
#6831 = DIRECTION('',(-0.642787609687,-0.,0.766044443119));
#6832 = DIRECTION('',(0.766044443119,0.,0.642787609687));
#6833 = PCURVE('',#6528,#6834);
#6834 = DEFINITIONAL_REPRESENTATION('',(#6835),#6839);
#6835 = ELLIPSE('',#6836,26.291732673941,16.9);
#6836 = AXIS2_PLACEMENT_2D('',#6837,#6838);
#6837 = CARTESIAN_POINT('',(-3.575260777783,-17.3));
#6838 = DIRECTION('',(-1.,-0.));
#6839 = ( GEOMETRIC_REPRESENTATION_CONTEXT(2) 
PARAMETRIC_REPRESENTATION_CONTEXT() REPRESENTATION_CONTEXT('2D SPACE',''
  ) );
#6840 = PCURVE('',#1824,#6841);
#6841 = DEFINITIONAL_REPRESENTATION('',(#6842),#6849);
#6842 = B_SPLINE_CURVE_WITH_KNOTS('',5,(#6843,#6844,#6845,#6846,#6847,
    #6848),.UNSPECIFIED.,.F.,.F.,(6,6),(4.562242827382,4.725987821584),
  .PIECEWISE_BEZIER_KNOTS.);
#6843 = CARTESIAN_POINT('',(3.291738806593,14.654481963907));
#6844 = CARTESIAN_POINT('',(3.258989807752,15.30664677079));
#6845 = CARTESIAN_POINT('',(3.226240808912,15.962850452062));
#6846 = CARTESIAN_POINT('',(3.193491810072,16.621635837511));
#6847 = CARTESIAN_POINT('',(3.160742811231,17.281527677212));
#6848 = CARTESIAN_POINT('',(3.127993812391,17.941052345733));
#6849 = ( GEOMETRIC_REPRESENTATION_CONTEXT(2) 
PARAMETRIC_REPRESENTATION_CONTEXT() REPRESENTATION_CONTEXT('2D SPACE',''
  ) );
#6850 = ORIENTED_EDGE('',*,*,#6851,.T.);
#6851 = EDGE_CURVE('',#6825,#6513,#6852,.T.);
#6852 = SURFACE_CURVE('',#6853,(#6857,#6864),.PCURVE_S1.);
#6853 = LINE('',#6854,#6855);
#6854 = CARTESIAN_POINT('',(363.92836282906,-17.3,-2.298133329357));
#6855 = VECTOR('',#6856,1.);
#6856 = DIRECTION('',(-0.,1.,-0.));
#6857 = PCURVE('',#6528,#6858);
#6858 = DEFINITIONAL_REPRESENTATION('',(#6859),#6863);
#6859 = LINE('',#6860,#6861);
#6860 = CARTESIAN_POINT('',(-0.,-0.));
#6861 = VECTOR('',#6862,1.);
#6862 = DIRECTION('',(-0.,-1.));
#6863 = ( GEOMETRIC_REPRESENTATION_CONTEXT(2) 
PARAMETRIC_REPRESENTATION_CONTEXT() REPRESENTATION_CONTEXT('2D SPACE',''
  ) );
#6864 = PCURVE('',#6557,#6865);
#6865 = DEFINITIONAL_REPRESENTATION('',(#6866),#6870);
#6866 = LINE('',#6867,#6868);
#6867 = CARTESIAN_POINT('',(2.443460952792,0.));
#6868 = VECTOR('',#6869,1.);
#6869 = DIRECTION('',(0.,1.));
#6870 = ( GEOMETRIC_REPRESENTATION_CONTEXT(2) 
PARAMETRIC_REPRESENTATION_CONTEXT() REPRESENTATION_CONTEXT('2D SPACE',''
  ) );
#6871 = ORIENTED_EDGE('',*,*,#6512,.T.);
#6872 = ORIENTED_EDGE('',*,*,#6798,.F.);
#6873 = ADVANCED_FACE('',(#6874),#6557,.T.);
#6874 = FACE_BOUND('',#6875,.T.);
#6875 = EDGE_LOOP('',(#6876,#6877,#6878,#6952,#6973,#6974));
#6876 = ORIENTED_EDGE('',*,*,#6540,.F.);
#6877 = ORIENTED_EDGE('',*,*,#6851,.F.);
#6878 = ORIENTED_EDGE('',*,*,#6879,.T.);
#6879 = EDGE_CURVE('',#6825,#6880,#6882,.T.);
#6880 = VERTEX_POINT('',#6881);
#6881 = CARTESIAN_POINT('',(360.07163717094,-16.74301595294,
    -2.298133329357));
#6882 = SURFACE_CURVE('',#6883,(#6904,#6928),.PCURVE_S1.);
#6883 = B_SPLINE_CURVE_WITH_KNOTS('',7,(#6884,#6885,#6886,#6887,#6888,
    #6889,#6890,#6891,#6892,#6893,#6894,#6895,#6896,#6897,#6898,#6899,
    #6900,#6901,#6902,#6903),.UNSPECIFIED.,.F.,.F.,(8,6,6,8),(0.,
    0.500104134735,0.766647310329,1.),.UNSPECIFIED.);
#6884 = CARTESIAN_POINT('',(363.92836282906,-16.74301595294,
    -2.298133329357));
#6885 = CARTESIAN_POINT('',(363.68281823299,-16.71473555989,
    -2.504169709351));
#6886 = CARTESIAN_POINT('',(363.42017961413,-16.68863167449,
    -2.672392290068));
#6887 = CARTESIAN_POINT('',(363.14607757047,-16.66642251495,
    -2.804636156895));
#6888 = CARTESIAN_POINT('',(362.86438955714,-16.6491680876,
    -2.902585643496));
#6889 = CARTESIAN_POINT('',(362.57797109747,-16.63746048021,
    -2.967490403384));
#6890 = CARTESIAN_POINT('',(362.28913289377,-16.6315964357,-3.));
#6891 = CARTESIAN_POINT('',(361.84589929512,-16.6315964357,-3.));
#6892 = CARTESIAN_POINT('',(361.69181041983,-16.63326240746,
    -2.990765074832));
#6893 = CARTESIAN_POINT('',(361.5380931447,-16.63659321154,
    -2.972297689257));
#6894 = CARTESIAN_POINT('',(361.38511173227,-16.64156485989,
    -2.944550683852));
#6895 = CARTESIAN_POINT('',(361.23325333877,-16.64812757781,
    -2.907430181559));
#6896 = CARTESIAN_POINT('',(361.08294641595,-16.65620286588,
    -2.860798494233));
#6897 = CARTESIAN_POINT('',(360.80487434883,-16.67397807645,
    -2.755168824897));
#6898 = CARTESIAN_POINT('',(360.6766364638,-16.68335014834,
    -2.698435026642));
#6899 = CARTESIAN_POINT('',(360.55027319201,-16.69372351502,
    -2.634149023517));
#6900 = CARTESIAN_POINT('',(360.42613854544,-16.705006191,
    -2.562155818718));
#6901 = CARTESIAN_POINT('',(360.30464693416,-16.71708301913,
    -2.482280414858));
#6902 = CARTESIAN_POINT('',(360.18628728678,-16.72981122194,
    -2.394336199277));
#6903 = CARTESIAN_POINT('',(360.07163717094,-16.74301595294,
    -2.298133329357));
#6904 = PCURVE('',#6557,#6905);
#6905 = DEFINITIONAL_REPRESENTATION('',(#6906),#6927);
#6906 = B_SPLINE_CURVE_WITH_KNOTS('',7,(#6907,#6908,#6909,#6910,#6911,
    #6912,#6913,#6914,#6915,#6916,#6917,#6918,#6919,#6920,#6921,#6922,
    #6923,#6924,#6925,#6926),.UNSPECIFIED.,.F.,.F.,(8,6,6,8),(0.,
    0.500104134735,0.766647310329,1.),.UNSPECIFIED.);
#6907 = CARTESIAN_POINT('',(2.443460952792,0.556984047057));
#6908 = CARTESIAN_POINT('',(2.550306187978,0.585264440103));
#6909 = CARTESIAN_POINT('',(2.653414371032,0.611368325507));
#6910 = CARTESIAN_POINT('',(2.753732267628,0.633577485047));
#6911 = CARTESIAN_POINT('',(2.852000063402,0.650831912392));
#6912 = CARTESIAN_POINT('',(2.948935773166,0.662539519783));
#6913 = CARTESIAN_POINT('',(3.045215022332,0.6684035643));
#6914 = CARTESIAN_POINT('',(3.192959555216,0.6684035643));
#6915 = CARTESIAN_POINT('',(3.244322443482,0.666737592538));
#6916 = CARTESIAN_POINT('',(3.295783008994,0.663406788457));
#6917 = CARTESIAN_POINT('',(3.347440860861,0.658435140105));
#6918 = CARTESIAN_POINT('',(3.399396295021,0.651872422186));
#6919 = CARTESIAN_POINT('',(3.451753062554,0.643797134114));
#6920 = CARTESIAN_POINT('',(3.550905975636,0.626021923546));
#6921 = CARTESIAN_POINT('',(3.597581390673,0.616649851656));
#6922 = CARTESIAN_POINT('',(3.644728908427,0.606276484972));
#6923 = CARTESIAN_POINT('',(3.692430309076,0.594993808999));
#6924 = CARTESIAN_POINT('',(3.740769766771,0.58291698087));
#6925 = CARTESIAN_POINT('',(3.789835988738,0.570188778055));
#6926 = CARTESIAN_POINT('',(3.839724354388,0.556984047057));
#6927 = ( GEOMETRIC_REPRESENTATION_CONTEXT(2) 
PARAMETRIC_REPRESENTATION_CONTEXT() REPRESENTATION_CONTEXT('2D SPACE',''
  ) );
#6928 = PCURVE('',#1824,#6929);
#6929 = DEFINITIONAL_REPRESENTATION('',(#6930),#6951);
#6930 = B_SPLINE_CURVE_WITH_KNOTS('',7,(#6931,#6932,#6933,#6934,#6935,
    #6936,#6937,#6938,#6939,#6940,#6941,#6942,#6943,#6944,#6945,#6946,
    #6947,#6948,#6949,#6950),.UNSPECIFIED.,.F.,.F.,(8,6,6,8),(0.,
    0.500104134735,0.766647310329,1.),.UNSPECIFIED.);
#6931 = CARTESIAN_POINT('',(3.277999497311,14.92836282906));
#6932 = CARTESIAN_POINT('',(3.29030530772,14.682818232996));
#6933 = CARTESIAN_POINT('',(3.30037688729,14.420179614131));
#6934 = CARTESIAN_POINT('',(3.308311023534,14.146077570479));
#6935 = CARTESIAN_POINT('',(3.314196020449,13.864389557149));
#6936 = CARTESIAN_POINT('',(3.318098525435,13.577971097476));
#6937 = CARTESIAN_POINT('',(3.320053212928,13.289132893772));
#6938 = CARTESIAN_POINT('',(3.320053212928,12.845899295122));
#6939 = CARTESIAN_POINT('',(3.31949795038,12.691810419838));
#6940 = CARTESIAN_POINT('',(3.31838756846,12.53809314471));
#6941 = CARTESIAN_POINT('',(3.316719587474,12.38511173227));
#6942 = CARTESIAN_POINT('',(3.314489064671,12.233253338774));
#6943 = CARTESIAN_POINT('',(3.311688754056,12.082946415955));
#6944 = CARTESIAN_POINT('',(3.305350598891,11.804874348838));
#6945 = CARTESIAN_POINT('',(3.301948090799,11.676636463803));
#6946 = CARTESIAN_POINT('',(3.298095020758,11.550273192015));
#6947 = CARTESIAN_POINT('',(3.293783160347,11.426138545447));
#6948 = CARTESIAN_POINT('',(3.289003228814,11.304646934165));
#6949 = CARTESIAN_POINT('',(3.28374534801,11.186287286786));
#6950 = CARTESIAN_POINT('',(3.277999497311,11.07163717094));
#6951 = ( GEOMETRIC_REPRESENTATION_CONTEXT(2) 
PARAMETRIC_REPRESENTATION_CONTEXT() REPRESENTATION_CONTEXT('2D SPACE',''
  ) );
#6952 = ORIENTED_EDGE('',*,*,#6953,.T.);
#6953 = EDGE_CURVE('',#6880,#6592,#6954,.T.);
#6954 = SURFACE_CURVE('',#6955,(#6959,#6966),.PCURVE_S1.);
#6955 = LINE('',#6956,#6957);
#6956 = CARTESIAN_POINT('',(360.07163717094,-17.3,-2.298133329357));
#6957 = VECTOR('',#6958,1.);
#6958 = DIRECTION('',(-0.,1.,-0.));
#6959 = PCURVE('',#6557,#6960);
#6960 = DEFINITIONAL_REPRESENTATION('',(#6961),#6965);
#6961 = LINE('',#6962,#6963);
#6962 = CARTESIAN_POINT('',(3.839724354388,0.));
#6963 = VECTOR('',#6964,1.);
#6964 = DIRECTION('',(0.,1.));
#6965 = ( GEOMETRIC_REPRESENTATION_CONTEXT(2) 
PARAMETRIC_REPRESENTATION_CONTEXT() REPRESENTATION_CONTEXT('2D SPACE',''
  ) );
#6966 = PCURVE('',#6629,#6967);
#6967 = DEFINITIONAL_REPRESENTATION('',(#6968),#6972);
#6968 = LINE('',#6969,#6970);
#6969 = CARTESIAN_POINT('',(0.,0.));
#6970 = VECTOR('',#6971,1.);
#6971 = DIRECTION('',(0.,-1.));
#6972 = ( GEOMETRIC_REPRESENTATION_CONTEXT(2) 
PARAMETRIC_REPRESENTATION_CONTEXT() REPRESENTATION_CONTEXT('2D SPACE',''
  ) );
#6973 = ORIENTED_EDGE('',*,*,#6591,.F.);
#6974 = ORIENTED_EDGE('',*,*,#6975,.F.);
#6975 = EDGE_CURVE('',#6541,#6570,#6976,.T.);
#6976 = SURFACE_CURVE('',#6977,(#6982,#6992),.PCURVE_S1.);
#6977 = ELLIPSE('',#6978,13.860678946036,3.);
#6978 = AXIS2_PLACEMENT_3D('',#6979,#6980,#6981);
#6979 = CARTESIAN_POINT('',(362.,-3.552713678801E-15,0.));
#6980 = DIRECTION('',(0.,0.216439613938,-0.97629600712));
#6981 = DIRECTION('',(0.,0.97629600712,0.216439613938));
#6982 = PCURVE('',#6557,#6983);
#6983 = DEFINITIONAL_REPRESENTATION('',(#6984),#6991);
#6984 = B_SPLINE_CURVE_WITH_KNOTS('',5,(#6985,#6986,#6987,#6988,#6989,
    #6990),.UNSPECIFIED.,.F.,.F.,(6,6),(3.001736906899,3.28144840028),
  .PIECEWISE_BEZIER_KNOTS.);
#6985 = CARTESIAN_POINT('',(3.001736906899,3.900000600003));
#6986 = CARTESIAN_POINT('',(3.057679205576,3.794472056592));
#6987 = CARTESIAN_POINT('',(3.113621504252,3.741363122088));
#6988 = CARTESIAN_POINT('',(3.169563802928,3.741363122088));
#6989 = CARTESIAN_POINT('',(3.225506101604,3.794472056592));
#6990 = CARTESIAN_POINT('',(3.28144840028,3.900000600003));
#6991 = ( GEOMETRIC_REPRESENTATION_CONTEXT(2) 
PARAMETRIC_REPRESENTATION_CONTEXT() REPRESENTATION_CONTEXT('2D SPACE',''
  ) );
#6992 = PCURVE('',#1798,#6993);
#6993 = DEFINITIONAL_REPRESENTATION('',(#6994),#7001);
#6994 = B_SPLINE_CURVE_WITH_KNOTS('',5,(#6995,#6996,#6997,#6998,#6999,
    #7000),.UNSPECIFIED.,.F.,.F.,(6,6),(3.001736906899,3.28144840028),
  .PIECEWISE_BEZIER_KNOTS.);
#6995 = CARTESIAN_POINT('',(3.001736906899,-6.000029610931E-07));
#6996 = CARTESIAN_POINT('',(3.057679205576,0.105527943408));
#6997 = CARTESIAN_POINT('',(3.113621504252,0.158636877912));
#6998 = CARTESIAN_POINT('',(3.169563802928,0.158636877912));
#6999 = CARTESIAN_POINT('',(3.225506101604,0.105527943408));
#7000 = CARTESIAN_POINT('',(3.28144840028,-6.000029610931E-07));
#7001 = ( GEOMETRIC_REPRESENTATION_CONTEXT(2) 
PARAMETRIC_REPRESENTATION_CONTEXT() REPRESENTATION_CONTEXT('2D SPACE',''
  ) );
#7002 = ADVANCED_FACE('',(#7003),#6629,.F.);
#7003 = FACE_BOUND('',#7004,.F.);
#7004 = EDGE_LOOP('',(#7005,#7032,#7033,#7034));
#7005 = ORIENTED_EDGE('',*,*,#7006,.T.);
#7006 = EDGE_CURVE('',#7007,#6880,#7009,.T.);
#7007 = VERTEX_POINT('',#7008);
#7008 = CARTESIAN_POINT('',(357.33282851941,-16.9,0.));
#7009 = SURFACE_CURVE('',#7010,(#7015,#7022),.PCURVE_S1.);
#7010 = ELLIPSE('',#7011,26.291732673941,16.9);
#7011 = AXIS2_PLACEMENT_3D('',#7012,#7013,#7014);
#7012 = CARTESIAN_POINT('',(357.33282851941,0.,0.));
#7013 = DIRECTION('',(0.642787609687,0.,0.766044443119));
#7014 = DIRECTION('',(0.766044443119,0.,-0.642787609687));
#7015 = PCURVE('',#6629,#7016);
#7016 = DEFINITIONAL_REPRESENTATION('',(#7017),#7021);
#7017 = ELLIPSE('',#7018,26.291732673941,16.9);
#7018 = AXIS2_PLACEMENT_2D('',#7019,#7020);
#7019 = CARTESIAN_POINT('',(3.575260777783,-17.3));
#7020 = DIRECTION('',(-1.,0.));
#7021 = ( GEOMETRIC_REPRESENTATION_CONTEXT(2) 
PARAMETRIC_REPRESENTATION_CONTEXT() REPRESENTATION_CONTEXT('2D SPACE',''
  ) );
#7022 = PCURVE('',#1824,#7023);
#7023 = DEFINITIONAL_REPRESENTATION('',(#7024),#7031);
#7024 = B_SPLINE_CURVE_WITH_KNOTS('',5,(#7025,#7026,#7027,#7028,#7029,
    #7030),.UNSPECIFIED.,.F.,.F.,(6,6),(4.698790139186,4.862535133388),
  .PIECEWISE_BEZIER_KNOTS.);
#7025 = CARTESIAN_POINT('',(3.127993812391,8.058947654267));
#7026 = CARTESIAN_POINT('',(3.160742811231,8.718472322788));
#7027 = CARTESIAN_POINT('',(3.193491810072,9.378364162489));
#7028 = CARTESIAN_POINT('',(3.226240808912,10.037149547938));
#7029 = CARTESIAN_POINT('',(3.258989807752,10.69335322921));
#7030 = CARTESIAN_POINT('',(3.291738806593,11.345518036093));
#7031 = ( GEOMETRIC_REPRESENTATION_CONTEXT(2) 
PARAMETRIC_REPRESENTATION_CONTEXT() REPRESENTATION_CONTEXT('2D SPACE',''
  ) );
#7032 = ORIENTED_EDGE('',*,*,#6953,.T.);
#7033 = ORIENTED_EDGE('',*,*,#6615,.T.);
#7034 = ORIENTED_EDGE('',*,*,#7035,.F.);
#7035 = EDGE_CURVE('',#7007,#6426,#7036,.T.);
#7036 = SURFACE_CURVE('',#7037,(#7041,#7048),.PCURVE_S1.);
#7037 = LINE('',#7038,#7039);
#7038 = CARTESIAN_POINT('',(357.33282851941,-17.3,0.));
#7039 = VECTOR('',#7040,1.);
#7040 = DIRECTION('',(-0.,1.,-0.));
#7041 = PCURVE('',#6629,#7042);
#7042 = DEFINITIONAL_REPRESENTATION('',(#7043),#7047);
#7043 = LINE('',#7044,#7045);
#7044 = CARTESIAN_POINT('',(3.575260777783,0.));
#7045 = VECTOR('',#7046,1.);
#7046 = DIRECTION('',(0.,-1.));
#7047 = ( GEOMETRIC_REPRESENTATION_CONTEXT(2) 
PARAMETRIC_REPRESENTATION_CONTEXT() REPRESENTATION_CONTEXT('2D SPACE',''
  ) );
#7048 = PCURVE('',#6443,#7049);
#7049 = DEFINITIONAL_REPRESENTATION('',(#7050),#7054);
#7050 = LINE('',#7051,#7052);
#7051 = CARTESIAN_POINT('',(0.,0.));
#7052 = VECTOR('',#7053,1.);
#7053 = DIRECTION('',(0.,-1.));
#7054 = ( GEOMETRIC_REPRESENTATION_CONTEXT(2) 
PARAMETRIC_REPRESENTATION_CONTEXT() REPRESENTATION_CONTEXT('2D SPACE',''
  ) );
#7055 = ADVANCED_FACE('',(#7056),#6443,.F.);
#7056 = FACE_BOUND('',#7057,.F.);
#7057 = EDGE_LOOP('',(#7058,#7083,#7084,#7085));
#7058 = ORIENTED_EDGE('',*,*,#7059,.T.);
#7059 = EDGE_CURVE('',#6650,#7007,#7060,.T.);
#7060 = SURFACE_CURVE('',#7061,(#7066,#7073),.PCURVE_S1.);
#7061 = ELLIPSE('',#7062,26.291732673941,16.9);
#7062 = AXIS2_PLACEMENT_3D('',#7063,#7064,#7065);
#7063 = CARTESIAN_POINT('',(357.33282851941,0.,0.));
#7064 = DIRECTION('',(0.642787609687,0.,-0.766044443119));
#7065 = DIRECTION('',(0.766044443119,0.,0.642787609687));
#7066 = PCURVE('',#6443,#7067);
#7067 = DEFINITIONAL_REPRESENTATION('',(#7068),#7072);
#7068 = ELLIPSE('',#7069,26.291732673941,16.9);
#7069 = AXIS2_PLACEMENT_2D('',#7070,#7071);
#7070 = CARTESIAN_POINT('',(0.,-17.3));
#7071 = DIRECTION('',(1.,0.));
#7072 = ( GEOMETRIC_REPRESENTATION_CONTEXT(2) 
PARAMETRIC_REPRESENTATION_CONTEXT() REPRESENTATION_CONTEXT('2D SPACE',''
  ) );
#7073 = PCURVE('',#1824,#7074);
#7074 = DEFINITIONAL_REPRESENTATION('',(#7075),#7082);
#7075 = B_SPLINE_CURVE_WITH_KNOTS('',5,(#7076,#7077,#7078,#7079,#7080,
    #7081),.UNSPECIFIED.,.F.,.F.,(6,6),(1.420650173792,1.584395167994),
  .PIECEWISE_BEZIER_KNOTS.);
#7076 = CARTESIAN_POINT('',(2.991446500587,11.345518036093));
#7077 = CARTESIAN_POINT('',(3.024195499427,10.69335322921));
#7078 = CARTESIAN_POINT('',(3.056944498268,10.037149547938));
#7079 = CARTESIAN_POINT('',(3.089693497108,9.378364162489));
#7080 = CARTESIAN_POINT('',(3.122442495948,8.718472322788));
#7081 = CARTESIAN_POINT('',(3.155191494789,8.058947654267));
#7082 = ( GEOMETRIC_REPRESENTATION_CONTEXT(2) 
PARAMETRIC_REPRESENTATION_CONTEXT() REPRESENTATION_CONTEXT('2D SPACE',''
  ) );
#7083 = ORIENTED_EDGE('',*,*,#7035,.T.);
#7084 = ORIENTED_EDGE('',*,*,#6425,.T.);
#7085 = ORIENTED_EDGE('',*,*,#6748,.F.);
#7086 = ADVANCED_FACE('',(#7087),#4337,.F.);
#7087 = FACE_BOUND('',#7088,.T.);
#7088 = EDGE_LOOP('',(#7089,#7110,#7111,#7112));
#7089 = ORIENTED_EDGE('',*,*,#7090,.F.);
#7090 = EDGE_CURVE('',#4286,#5981,#7091,.T.);
#7091 = SURFACE_CURVE('',#7092,(#7096,#7103),.PCURVE_S1.);
#7092 = LINE('',#7093,#7094);
#7093 = CARTESIAN_POINT('',(366.04488194983,0.,0.));
#7094 = VECTOR('',#7095,1.);
#7095 = DIRECTION('',(0.,-1.,1.224646799147E-16));
#7096 = PCURVE('',#4337,#7097);
#7097 = DEFINITIONAL_REPRESENTATION('',(#7098),#7102);
#7098 = LINE('',#7099,#7100);
#7099 = CARTESIAN_POINT('',(-3.098559340745,0.));
#7100 = VECTOR('',#7101,1.);
#7101 = DIRECTION('',(-0.,-1.));
#7102 = ( GEOMETRIC_REPRESENTATION_CONTEXT(2) 
PARAMETRIC_REPRESENTATION_CONTEXT() REPRESENTATION_CONTEXT('2D SPACE',''
  ) );
#7103 = PCURVE('',#4305,#7104);
#7104 = DEFINITIONAL_REPRESENTATION('',(#7105),#7109);
#7105 = LINE('',#7106,#7107);
#7106 = CARTESIAN_POINT('',(0.,-0.));
#7107 = VECTOR('',#7108,1.);
#7108 = DIRECTION('',(-0.,-1.));
#7109 = ( GEOMETRIC_REPRESENTATION_CONTEXT(2) 
PARAMETRIC_REPRESENTATION_CONTEXT() REPRESENTATION_CONTEXT('2D SPACE',''
  ) );
#7110 = ORIENTED_EDGE('',*,*,#4317,.T.);
#7111 = ORIENTED_EDGE('',*,*,#5827,.T.);
#7112 = ORIENTED_EDGE('',*,*,#6007,.F.);
#7113 = ADVANCED_FACE('',(#7114),#4305,.F.);
#7114 = FACE_BOUND('',#7115,.T.);
#7115 = EDGE_LOOP('',(#7116,#7136,#7137,#7138));
#7116 = ORIENTED_EDGE('',*,*,#7117,.F.);
#7117 = EDGE_CURVE('',#4203,#5903,#7118,.T.);
#7118 = SURFACE_CURVE('',#7119,(#7123,#7130),.PCURVE_S1.);
#7119 = LINE('',#7120,#7121);
#7120 = CARTESIAN_POINT('',(363.67124778518,-2.439148075703E-16,
    -1.991715552109));
#7121 = VECTOR('',#7122,1.);
#7122 = DIRECTION('',(0.,-1.,1.224646799147E-16));
#7123 = PCURVE('',#4305,#7124);
#7124 = DEFINITIONAL_REPRESENTATION('',(#7125),#7129);
#7125 = LINE('',#7126,#7127);
#7126 = CARTESIAN_POINT('',(-3.098559340745,0.));
#7127 = VECTOR('',#7128,1.);
#7128 = DIRECTION('',(-0.,-1.));
#7129 = ( GEOMETRIC_REPRESENTATION_CONTEXT(2) 
PARAMETRIC_REPRESENTATION_CONTEXT() REPRESENTATION_CONTEXT('2D SPACE',''
  ) );
#7130 = PCURVE('',#4251,#7131);
#7131 = DEFINITIONAL_REPRESENTATION('',(#7132),#7135);
#7132 = B_SPLINE_CURVE_WITH_KNOTS('',1,(#7133,#7134),.UNSPECIFIED.,.F.,
  .F.,(2,2),(18.392473165931,18.895318710185),.PIECEWISE_BEZIER_KNOTS.);
#7133 = CARTESIAN_POINT('',(6.981317007977,18.392473165931));
#7134 = CARTESIAN_POINT('',(6.981317007977,18.895318710185));
#7135 = ( GEOMETRIC_REPRESENTATION_CONTEXT(2) 
PARAMETRIC_REPRESENTATION_CONTEXT() REPRESENTATION_CONTEXT('2D SPACE',''
  ) );
#7136 = ORIENTED_EDGE('',*,*,#4285,.T.);
#7137 = ORIENTED_EDGE('',*,*,#7090,.T.);
#7138 = ORIENTED_EDGE('',*,*,#5980,.F.);
#7139 = ADVANCED_FACE('',(#7140),#4251,.T.);
#7140 = FACE_BOUND('',#7141,.T.);
#7141 = EDGE_LOOP('',(#7142,#7143,#7163,#7164));
#7142 = ORIENTED_EDGE('',*,*,#5902,.T.);
#7143 = ORIENTED_EDGE('',*,*,#7144,.F.);
#7144 = EDGE_CURVE('',#4171,#5876,#7145,.T.);
#7145 = SURFACE_CURVE('',#7146,(#7150,#7156),.PCURVE_S1.);
#7146 = LINE('',#7147,#7148);
#7147 = CARTESIAN_POINT('',(360.32875221481,-2.439148075703E-16,
    -1.991715552109));
#7148 = VECTOR('',#7149,1.);
#7149 = DIRECTION('',(0.,-1.,1.224646799147E-16));
#7150 = PCURVE('',#4251,#7151);
#7151 = DEFINITIONAL_REPRESENTATION('',(#7152),#7155);
#7152 = B_SPLINE_CURVE_WITH_KNOTS('',1,(#7153,#7154),.UNSPECIFIED.,.F.,
  .F.,(2,2),(18.392473165931,18.895318710185),.PIECEWISE_BEZIER_KNOTS.);
#7153 = CARTESIAN_POINT('',(5.585053606382,18.392473165931));
#7154 = CARTESIAN_POINT('',(5.585053606382,18.895318710185));
#7155 = ( GEOMETRIC_REPRESENTATION_CONTEXT(2) 
PARAMETRIC_REPRESENTATION_CONTEXT() REPRESENTATION_CONTEXT('2D SPACE',''
  ) );
#7156 = PCURVE('',#4190,#7157);
#7157 = DEFINITIONAL_REPRESENTATION('',(#7158),#7162);
#7158 = LINE('',#7159,#7160);
#7159 = CARTESIAN_POINT('',(3.098559340745,0.));
#7160 = VECTOR('',#7161,1.);
#7161 = DIRECTION('',(0.,-1.));
#7162 = ( GEOMETRIC_REPRESENTATION_CONTEXT(2) 
PARAMETRIC_REPRESENTATION_CONTEXT() REPRESENTATION_CONTEXT('2D SPACE',''
  ) );
#7163 = ORIENTED_EDGE('',*,*,#4202,.F.);
#7164 = ORIENTED_EDGE('',*,*,#7117,.T.);
#7165 = ADVANCED_FACE('',(#7166),#4190,.F.);
#7166 = FACE_BOUND('',#7167,.F.);
#7167 = EDGE_LOOP('',(#7168,#7169,#7190,#7191));
#7168 = ORIENTED_EDGE('',*,*,#4170,.F.);
#7169 = ORIENTED_EDGE('',*,*,#7170,.T.);
#7170 = EDGE_CURVE('',#4139,#5874,#7171,.T.);
#7171 = SURFACE_CURVE('',#7172,(#7176,#7183),.PCURVE_S1.);
#7172 = LINE('',#7173,#7174);
#7173 = CARTESIAN_POINT('',(357.95511805016,0.,0.));
#7174 = VECTOR('',#7175,1.);
#7175 = DIRECTION('',(0.,-1.,1.224646799147E-16));
#7176 = PCURVE('',#4190,#7177);
#7177 = DEFINITIONAL_REPRESENTATION('',(#7178),#7182);
#7178 = LINE('',#7179,#7180);
#7179 = CARTESIAN_POINT('',(0.,0.));
#7180 = VECTOR('',#7181,1.);
#7181 = DIRECTION('',(0.,-1.));
#7182 = ( GEOMETRIC_REPRESENTATION_CONTEXT(2) 
PARAMETRIC_REPRESENTATION_CONTEXT() REPRESENTATION_CONTEXT('2D SPACE',''
  ) );
#7183 = PCURVE('',#4158,#7184);
#7184 = DEFINITIONAL_REPRESENTATION('',(#7185),#7189);
#7185 = LINE('',#7186,#7187);
#7186 = CARTESIAN_POINT('',(3.098559340745,0.));
#7187 = VECTOR('',#7188,1.);
#7188 = DIRECTION('',(0.,-1.));
#7189 = ( GEOMETRIC_REPRESENTATION_CONTEXT(2) 
PARAMETRIC_REPRESENTATION_CONTEXT() REPRESENTATION_CONTEXT('2D SPACE',''
  ) );
#7190 = ORIENTED_EDGE('',*,*,#5873,.T.);
#7191 = ORIENTED_EDGE('',*,*,#7144,.F.);
#7192 = ADVANCED_FACE('',(#7193),#4158,.F.);
#7193 = FACE_BOUND('',#7194,.F.);
#7194 = EDGE_LOOP('',(#7195,#7196,#7197,#7198));
#7195 = ORIENTED_EDGE('',*,*,#4136,.F.);
#7196 = ORIENTED_EDGE('',*,*,#5849,.T.);
#7197 = ORIENTED_EDGE('',*,*,#6033,.T.);
#7198 = ORIENTED_EDGE('',*,*,#7170,.F.);
#7199 = ADVANCED_FACE('',(#7200),#4118,.T.);
#7200 = FACE_BOUND('',#7201,.T.);
#7201 = EDGE_LOOP('',(#7202,#7225,#7226,#7249));
#7202 = ORIENTED_EDGE('',*,*,#7203,.F.);
#7203 = EDGE_CURVE('',#4078,#7204,#7206,.T.);
#7204 = VERTEX_POINT('',#7205);
#7205 = CARTESIAN_POINT('',(364.73,-9.4,-14.04457190518));
#7206 = SURFACE_CURVE('',#7207,(#7211,#7218),.PCURVE_S1.);
#7207 = LINE('',#7208,#7209);
#7208 = CARTESIAN_POINT('',(364.73,-9.4,-21.));
#7209 = VECTOR('',#7210,1.);
#7210 = DIRECTION('',(0.,0.,1.));
#7211 = PCURVE('',#4118,#7212);
#7212 = DEFINITIONAL_REPRESENTATION('',(#7213),#7217);
#7213 = LINE('',#7214,#7215);
#7214 = CARTESIAN_POINT('',(0.,0.));
#7215 = VECTOR('',#7216,1.);
#7216 = DIRECTION('',(1.,0.));
#7217 = ( GEOMETRIC_REPRESENTATION_CONTEXT(2) 
PARAMETRIC_REPRESENTATION_CONTEXT() REPRESENTATION_CONTEXT('2D SPACE',''
  ) );
#7218 = PCURVE('',#4092,#7219);
#7219 = DEFINITIONAL_REPRESENTATION('',(#7220),#7224);
#7220 = LINE('',#7221,#7222);
#7221 = CARTESIAN_POINT('',(0.,0.));
#7222 = VECTOR('',#7223,1.);
#7223 = DIRECTION('',(1.,0.));
#7224 = ( GEOMETRIC_REPRESENTATION_CONTEXT(2) 
PARAMETRIC_REPRESENTATION_CONTEXT() REPRESENTATION_CONTEXT('2D SPACE',''
  ) );
#7225 = ORIENTED_EDGE('',*,*,#4103,.F.);
#7226 = ORIENTED_EDGE('',*,*,#7227,.T.);
#7227 = EDGE_CURVE('',#3641,#7228,#7230,.T.);
#7228 = VERTEX_POINT('',#7229);
#7229 = CARTESIAN_POINT('',(364.73,9.4,-14.04457190518));
#7230 = SURFACE_CURVE('',#7231,(#7235,#7242),.PCURVE_S1.);
#7231 = LINE('',#7232,#7233);
#7232 = CARTESIAN_POINT('',(364.73,9.4,-21.));
#7233 = VECTOR('',#7234,1.);
#7234 = DIRECTION('',(0.,0.,1.));
#7235 = PCURVE('',#4118,#7236);
#7236 = DEFINITIONAL_REPRESENTATION('',(#7237),#7241);
#7237 = LINE('',#7238,#7239);
#7238 = CARTESIAN_POINT('',(0.,-18.8));
#7239 = VECTOR('',#7240,1.);
#7240 = DIRECTION('',(1.,0.));
#7241 = ( GEOMETRIC_REPRESENTATION_CONTEXT(2) 
PARAMETRIC_REPRESENTATION_CONTEXT() REPRESENTATION_CONTEXT('2D SPACE',''
  ) );
#7242 = PCURVE('',#3655,#7243);
#7243 = DEFINITIONAL_REPRESENTATION('',(#7244),#7248);
#7244 = LINE('',#7245,#7246);
#7245 = CARTESIAN_POINT('',(0.,0.));
#7246 = VECTOR('',#7247,1.);
#7247 = DIRECTION('',(1.,0.));
#7248 = ( GEOMETRIC_REPRESENTATION_CONTEXT(2) 
PARAMETRIC_REPRESENTATION_CONTEXT() REPRESENTATION_CONTEXT('2D SPACE',''
  ) );
#7249 = ORIENTED_EDGE('',*,*,#7250,.F.);
#7250 = EDGE_CURVE('',#7204,#7228,#7251,.T.);
#7251 = SURFACE_CURVE('',#7252,(#7257,#7264),.PCURVE_S1.);
#7252 = CIRCLE('',#7253,16.9);
#7253 = AXIS2_PLACEMENT_3D('',#7254,#7255,#7256);
#7254 = CARTESIAN_POINT('',(364.73,0.,0.));
#7255 = DIRECTION('',(1.,0.,0.));
#7256 = DIRECTION('',(-0.,1.,0.));
#7257 = PCURVE('',#4118,#7258);
#7258 = DEFINITIONAL_REPRESENTATION('',(#7259),#7263);
#7259 = CIRCLE('',#7260,16.9);
#7260 = AXIS2_PLACEMENT_2D('',#7261,#7262);
#7261 = CARTESIAN_POINT('',(21.,-9.4));
#7262 = DIRECTION('',(0.,-1.));
#7263 = ( GEOMETRIC_REPRESENTATION_CONTEXT(2) 
PARAMETRIC_REPRESENTATION_CONTEXT() REPRESENTATION_CONTEXT('2D SPACE',''
  ) );
#7264 = PCURVE('',#1824,#7265);
#7265 = DEFINITIONAL_REPRESENTATION('',(#7266),#7270);
#7266 = LINE('',#7267,#7268);
#7267 = CARTESIAN_POINT('',(0.,15.73));
#7268 = VECTOR('',#7269,1.);
#7269 = DIRECTION('',(1.,0.));
#7270 = ( GEOMETRIC_REPRESENTATION_CONTEXT(2) 
PARAMETRIC_REPRESENTATION_CONTEXT() REPRESENTATION_CONTEXT('2D SPACE',''
  ) );
#7271 = ADVANCED_FACE('',(#7272),#4092,.T.);
#7272 = FACE_BOUND('',#7273,.T.);
#7273 = EDGE_LOOP('',(#7274,#7275,#7276,#7297));
#7274 = ORIENTED_EDGE('',*,*,#4077,.T.);
#7275 = ORIENTED_EDGE('',*,*,#7203,.T.);
#7276 = ORIENTED_EDGE('',*,*,#7277,.T.);
#7277 = EDGE_CURVE('',#7204,#7278,#7280,.T.);
#7278 = VERTEX_POINT('',#7279);
#7279 = CARTESIAN_POINT('',(367.,-9.4,-14.04457190518));
#7280 = SURFACE_CURVE('',#7281,(#7285,#7291),.PCURVE_S1.);
#7281 = LINE('',#7282,#7283);
#7282 = CARTESIAN_POINT('',(349.,-9.4,-14.04457190518));
#7283 = VECTOR('',#7284,1.);
#7284 = DIRECTION('',(1.,0.,0.));
#7285 = PCURVE('',#4092,#7286);
#7286 = DEFINITIONAL_REPRESENTATION('',(#7287),#7290);
#7287 = B_SPLINE_CURVE_WITH_KNOTS('',1,(#7288,#7289),.UNSPECIFIED.,.F.,
  .F.,(2,2),(13.621,18.0000006),.PIECEWISE_BEZIER_KNOTS.);
#7288 = CARTESIAN_POINT('',(6.955428094812,-2.109));
#7289 = CARTESIAN_POINT('',(6.955428094812,2.2700006));
#7290 = ( GEOMETRIC_REPRESENTATION_CONTEXT(2) 
PARAMETRIC_REPRESENTATION_CONTEXT() REPRESENTATION_CONTEXT('2D SPACE',''
  ) );
#7291 = PCURVE('',#1824,#7292);
#7292 = DEFINITIONAL_REPRESENTATION('',(#7293),#7296);
#7293 = B_SPLINE_CURVE_WITH_KNOTS('',1,(#7294,#7295),.UNSPECIFIED.,.F.,
  .F.,(2,2),(13.621,18.0000006),.PIECEWISE_BEZIER_KNOTS.);
#7294 = CARTESIAN_POINT('',(4.122567087368,13.621));
#7295 = CARTESIAN_POINT('',(4.122567087368,18.0000006));
#7296 = ( GEOMETRIC_REPRESENTATION_CONTEXT(2) 
PARAMETRIC_REPRESENTATION_CONTEXT() REPRESENTATION_CONTEXT('2D SPACE',''
  ) );
#7297 = ORIENTED_EDGE('',*,*,#7298,.T.);
#7298 = EDGE_CURVE('',#7278,#4054,#7299,.T.);
#7299 = SURFACE_CURVE('',#7300,(#7304,#7310),.PCURVE_S1.);
#7300 = LINE('',#7301,#7302);
#7301 = CARTESIAN_POINT('',(367.,-9.4,-10.5));
#7302 = VECTOR('',#7303,1.);
#7303 = DIRECTION('',(0.,0.,-1.));
#7304 = PCURVE('',#4092,#7305);
#7305 = DEFINITIONAL_REPRESENTATION('',(#7306),#7309);
#7306 = B_SPLINE_CURVE_WITH_KNOTS('',1,(#7307,#7308),.UNSPECIFIED.,.F.,
  .F.,(2,2),(0.5,5.781277591147),.PIECEWISE_BEZIER_KNOTS.);
#7307 = CARTESIAN_POINT('',(10.,2.27));
#7308 = CARTESIAN_POINT('',(4.718722408853,2.27));
#7309 = ( GEOMETRIC_REPRESENTATION_CONTEXT(2) 
PARAMETRIC_REPRESENTATION_CONTEXT() REPRESENTATION_CONTEXT('2D SPACE',''
  ) );
#7310 = PCURVE('',#3683,#7311);
#7311 = DEFINITIONAL_REPRESENTATION('',(#7312),#7315);
#7312 = B_SPLINE_CURVE_WITH_KNOTS('',1,(#7313,#7314),.UNSPECIFIED.,.F.,
  .F.,(2,2),(0.5,5.781277591147),.PIECEWISE_BEZIER_KNOTS.);
#7313 = CARTESIAN_POINT('',(-9.4,-11.));
#7314 = CARTESIAN_POINT('',(-9.4,-16.28127759114));
#7315 = ( GEOMETRIC_REPRESENTATION_CONTEXT(2) 
PARAMETRIC_REPRESENTATION_CONTEXT() REPRESENTATION_CONTEXT('2D SPACE',''
  ) );
#7316 = ADVANCED_FACE('',(#7317),#4040,.F.);
#7317 = FACE_BOUND('',#7318,.T.);
#7318 = EDGE_LOOP('',(#7319,#7341,#7342,#7365));
#7319 = ORIENTED_EDGE('',*,*,#7320,.F.);
#7320 = EDGE_CURVE('',#3940,#7321,#7323,.T.);
#7321 = VERTEX_POINT('',#7322);
#7322 = CARTESIAN_POINT('',(363.67124778518,18.895318710185,
    1.991715552109));
#7323 = SURFACE_CURVE('',#7324,(#7328,#7335),.PCURVE_S1.);
#7324 = LINE('',#7325,#7326);
#7325 = CARTESIAN_POINT('',(363.67124778518,0.,1.991715552109));
#7326 = VECTOR('',#7327,1.);
#7327 = DIRECTION('',(0.,1.,0.));
#7328 = PCURVE('',#4040,#7329);
#7329 = DEFINITIONAL_REPRESENTATION('',(#7330),#7334);
#7330 = LINE('',#7331,#7332);
#7331 = CARTESIAN_POINT('',(-3.098559340745,0.));
#7332 = VECTOR('',#7333,1.);
#7333 = DIRECTION('',(-0.,-1.));
#7334 = ( GEOMETRIC_REPRESENTATION_CONTEXT(2) 
PARAMETRIC_REPRESENTATION_CONTEXT() REPRESENTATION_CONTEXT('2D SPACE',''
  ) );
#7335 = PCURVE('',#3988,#7336);
#7336 = DEFINITIONAL_REPRESENTATION('',(#7337),#7340);
#7337 = B_SPLINE_CURVE_WITH_KNOTS('',1,(#7338,#7339),.UNSPECIFIED.,.F.,
  .F.,(2,2),(18.392473165931,18.895318710185),.PIECEWISE_BEZIER_KNOTS.);
#7338 = CARTESIAN_POINT('',(6.981317007977,18.392473165931));
#7339 = CARTESIAN_POINT('',(6.981317007977,18.895318710185));
#7340 = ( GEOMETRIC_REPRESENTATION_CONTEXT(2) 
PARAMETRIC_REPRESENTATION_CONTEXT() REPRESENTATION_CONTEXT('2D SPACE',''
  ) );
#7341 = ORIENTED_EDGE('',*,*,#4022,.T.);
#7342 = ORIENTED_EDGE('',*,*,#7343,.T.);
#7343 = EDGE_CURVE('',#3696,#7344,#7346,.T.);
#7344 = VERTEX_POINT('',#7345);
#7345 = CARTESIAN_POINT('',(366.04488194983,19.,0.));
#7346 = SURFACE_CURVE('',#7347,(#7351,#7358),.PCURVE_S1.);
#7347 = LINE('',#7348,#7349);
#7348 = CARTESIAN_POINT('',(366.04488194983,0.,0.));
#7349 = VECTOR('',#7350,1.);
#7350 = DIRECTION('',(0.,1.,0.));
#7351 = PCURVE('',#4040,#7352);
#7352 = DEFINITIONAL_REPRESENTATION('',(#7353),#7357);
#7353 = LINE('',#7354,#7355);
#7354 = CARTESIAN_POINT('',(-0.,-0.));
#7355 = VECTOR('',#7356,1.);
#7356 = DIRECTION('',(-0.,-1.));
#7357 = ( GEOMETRIC_REPRESENTATION_CONTEXT(2) 
PARAMETRIC_REPRESENTATION_CONTEXT() REPRESENTATION_CONTEXT('2D SPACE',''
  ) );
#7358 = PCURVE('',#3738,#7359);
#7359 = DEFINITIONAL_REPRESENTATION('',(#7360),#7364);
#7360 = LINE('',#7361,#7362);
#7361 = CARTESIAN_POINT('',(-3.098559340745,-0.));
#7362 = VECTOR('',#7363,1.);
#7363 = DIRECTION('',(-0.,-1.));
#7364 = ( GEOMETRIC_REPRESENTATION_CONTEXT(2) 
PARAMETRIC_REPRESENTATION_CONTEXT() REPRESENTATION_CONTEXT('2D SPACE',''
  ) );
#7365 = ORIENTED_EDGE('',*,*,#7366,.F.);
#7366 = EDGE_CURVE('',#7321,#7344,#7367,.T.);
#7367 = SURFACE_CURVE('',#7368,(#7373,#7380),.PCURVE_S1.);
#7368 = ELLIPSE('',#7369,29.558752710348,19.);
#7369 = AXIS2_PLACEMENT_3D('',#7370,#7371,#7372);
#7370 = CARTESIAN_POINT('',(366.04488194983,0.,0.));
#7371 = DIRECTION('',(-0.642787609687,-0.,-0.766044443119));
#7372 = DIRECTION('',(0.766044443119,0.,-0.642787609687));
#7373 = PCURVE('',#4040,#7374);
#7374 = DEFINITIONAL_REPRESENTATION('',(#7375),#7379);
#7375 = ELLIPSE('',#7376,29.558752710348,19.);
#7376 = AXIS2_PLACEMENT_2D('',#7377,#7378);
#7377 = CARTESIAN_POINT('',(0.,0.));
#7378 = DIRECTION('',(1.,-0.));
#7379 = ( GEOMETRIC_REPRESENTATION_CONTEXT(2) 
PARAMETRIC_REPRESENTATION_CONTEXT() REPRESENTATION_CONTEXT('2D SPACE',''
  ) );
#7380 = PCURVE('',#7381,#7386);
#7381 = CYLINDRICAL_SURFACE('',#7382,19.);
#7382 = AXIS2_PLACEMENT_3D('',#7383,#7384,#7385);
#7383 = CARTESIAN_POINT('',(356.,0.,0.));
#7384 = DIRECTION('',(1.,0.,0.));
#7385 = DIRECTION('',(-0.,0.,1.));
#7386 = DEFINITIONAL_REPRESENTATION('',(#7387),#7394);
#7387 = B_SPLINE_CURVE_WITH_KNOTS('',5,(#7388,#7389,#7390,#7391,#7392,
    #7393),.UNSPECIFIED.,.F.,.F.,(6,6),(4.596822057909,4.722871885812),
  .PIECEWISE_BEZIER_KNOTS.);
#7388 = CARTESIAN_POINT('',(4.82795590286,7.43388436872));
#7389 = CARTESIAN_POINT('',(4.802745937279,8.000913913847));
#7390 = CARTESIAN_POINT('',(4.777535971699,8.570017708281));
#7391 = CARTESIAN_POINT('',(4.752326006118,9.140444979627));
#7392 = CARTESIAN_POINT('',(4.727116040538,9.711439457094));
#7393 = CARTESIAN_POINT('',(4.701906074957,10.282245366302));
#7394 = ( GEOMETRIC_REPRESENTATION_CONTEXT(2) 
PARAMETRIC_REPRESENTATION_CONTEXT() REPRESENTATION_CONTEXT('2D SPACE',''
  ) );
#7395 = ADVANCED_FACE('',(#7396,#7630),#7381,.T.);
#7396 = FACE_BOUND('',#7397,.T.);
#7397 = EDGE_LOOP('',(#7398,#7427,#7503,#7504,#7531,#7605));
#7398 = ORIENTED_EDGE('',*,*,#7399,.T.);
#7399 = EDGE_CURVE('',#7400,#7402,#7404,.T.);
#7400 = VERTEX_POINT('',#7401);
#7401 = CARTESIAN_POINT('',(357.95511805016,19.,0.));
#7402 = VERTEX_POINT('',#7403);
#7403 = CARTESIAN_POINT('',(360.32875221481,18.895318710185,
    1.991715552109));
#7404 = SURFACE_CURVE('',#7405,(#7410,#7420),.PCURVE_S1.);
#7405 = ELLIPSE('',#7406,29.558752710348,19.);
#7406 = AXIS2_PLACEMENT_3D('',#7407,#7408,#7409);
#7407 = CARTESIAN_POINT('',(357.95511805016,0.,0.));
#7408 = DIRECTION('',(0.642787609687,0.,-0.766044443119));
#7409 = DIRECTION('',(0.766044443119,0.,0.642787609687));
#7410 = PCURVE('',#7381,#7411);
#7411 = DEFINITIONAL_REPRESENTATION('',(#7412),#7419);
#7412 = B_SPLINE_CURVE_WITH_KNOTS('',5,(#7413,#7414,#7415,#7416,#7417,
    #7418),.UNSPECIFIED.,.F.,.F.,(6,6),(4.701906074957,4.82795590286),
  .PIECEWISE_BEZIER_KNOTS.);
#7413 = CARTESIAN_POINT('',(4.701906074957,1.717754633698));
#7414 = CARTESIAN_POINT('',(4.727116040538,2.288560542906));
#7415 = CARTESIAN_POINT('',(4.752326006118,2.859555020373));
#7416 = CARTESIAN_POINT('',(4.777535971699,3.429982291719));
#7417 = CARTESIAN_POINT('',(4.802745937279,3.999086086153));
#7418 = CARTESIAN_POINT('',(4.82795590286,4.56611563128));
#7419 = ( GEOMETRIC_REPRESENTATION_CONTEXT(2) 
PARAMETRIC_REPRESENTATION_CONTEXT() REPRESENTATION_CONTEXT('2D SPACE',''
  ) );
#7420 = PCURVE('',#3927,#7421);
#7421 = DEFINITIONAL_REPRESENTATION('',(#7422),#7426);
#7422 = ELLIPSE('',#7423,29.558752710348,19.);
#7423 = AXIS2_PLACEMENT_2D('',#7424,#7425);
#7424 = CARTESIAN_POINT('',(0.,0.));
#7425 = DIRECTION('',(1.,0.));
#7426 = ( GEOMETRIC_REPRESENTATION_CONTEXT(2) 
PARAMETRIC_REPRESENTATION_CONTEXT() REPRESENTATION_CONTEXT('2D SPACE',''
  ) );
#7427 = ORIENTED_EDGE('',*,*,#7428,.F.);
#7428 = EDGE_CURVE('',#7321,#7402,#7429,.T.);
#7429 = SURFACE_CURVE('',#7430,(#7445,#7474),.PCURVE_S1.);
#7430 = B_SPLINE_CURVE_WITH_KNOTS('',7,(#7431,#7432,#7433,#7434,#7435,
    #7436,#7437,#7438,#7439,#7440,#7441,#7442,#7443,#7444),
  .UNSPECIFIED.,.F.,.F.,(8,6,8),(0.,1.,2.),.UNSPECIFIED.);
#7431 = CARTESIAN_POINT('',(363.67124778518,18.895318710185,
    1.991715552109));
#7432 = CARTESIAN_POINT('',(363.45846125991,18.876498228005,
    2.170264646984));
#7433 = CARTESIAN_POINT('',(363.23082274814,18.859137768691,
    2.316080902223));
#7434 = CARTESIAN_POINT('',(362.99322722688,18.844379775581,
    2.430710507304));
#7435 = CARTESIAN_POINT('',(362.74906284381,18.832923802478,
    2.515600033909));
#7436 = CARTESIAN_POINT('',(362.50082555924,18.82515489627,
    2.571837981763));
#7437 = CARTESIAN_POINT('',(362.25052402276,18.82126456963,2.6));
#7438 = CARTESIAN_POINT('',(361.74947597723,18.82126456963,2.6));
#7439 = CARTESIAN_POINT('',(361.49917444075,18.82515489627,
    2.571837981763));
#7440 = CARTESIAN_POINT('',(361.25093715618,18.832923802478,
    2.515600033909));
#7441 = CARTESIAN_POINT('',(361.00677277311,18.844379775581,
    2.430710507305));
#7442 = CARTESIAN_POINT('',(360.76917725185,18.859137768691,
    2.316080902223));
#7443 = CARTESIAN_POINT('',(360.54153874008,18.876498228005,
    2.170264646984));
#7444 = CARTESIAN_POINT('',(360.32875221481,18.895318710185,
    1.991715552109));
#7445 = PCURVE('',#7381,#7446);
#7446 = DEFINITIONAL_REPRESENTATION('',(#7447),#7473);
#7447 = B_SPLINE_CURVE_WITH_KNOTS('',3,(#7448,#7449,#7450,#7451,#7452,
    #7453,#7454,#7455,#7456,#7457,#7458,#7459,#7460,#7461,#7462,#7463,
    #7464,#7465,#7466,#7467,#7468,#7469,#7470,#7471,#7472),
  .UNSPECIFIED.,.F.,.F.,(4,1,1,1,1,1,1,1,1,1,1,1,1,1,1,1,1,1,1,1,1,1,4),
  (0.,9.090909090909E-02,0.181818181818,0.272727272727,0.363636363636,
    0.454545454545,0.545454545455,0.636363636364,0.727272727273,
    0.818181818182,0.909090909091,1.,1.090909090909,1.181818181818,
    1.272727272727,1.363636363636,1.454545454545,1.545454545455,
    1.636363636364,1.727272727273,1.818181818182,1.909090909091,2.),
  .QUASI_UNIFORM_KNOTS.);
#7448 = CARTESIAN_POINT('',(4.817409056466,7.671247785185));
#7449 = CARTESIAN_POINT('',(4.819413428918,7.626104966687));
#7450 = CARTESIAN_POINT('',(4.823223164798,7.534125021588));
#7451 = CARTESIAN_POINT('',(4.828352015167,7.391719512108));
#7452 = CARTESIAN_POINT('',(4.832906623541,7.245553289278));
#7453 = CARTESIAN_POINT('',(4.836897668978,7.096204820574));
#7454 = CARTESIAN_POINT('',(4.840335074374,6.944199937707));
#7455 = CARTESIAN_POINT('',(4.843227785399,6.790010093928));
#7456 = CARTESIAN_POINT('',(4.845583638188,6.634061963584));
#7457 = CARTESIAN_POINT('',(4.847409211433,6.476744387832));
#7458 = CARTESIAN_POINT('',(4.848709690089,6.318411985148));
#7459 = CARTESIAN_POINT('',(4.849488731881,6.159402342662));
#7460 = CARTESIAN_POINT('',(4.849748339874,6.));
#7461 = CARTESIAN_POINT('',(4.849488731881,5.840597657338));
#7462 = CARTESIAN_POINT('',(4.848709690089,5.681588014852));
#7463 = CARTESIAN_POINT('',(4.847409211433,5.523255612168));
#7464 = CARTESIAN_POINT('',(4.845583638188,5.365938036417));
#7465 = CARTESIAN_POINT('',(4.843227785399,5.209989906072));
#7466 = CARTESIAN_POINT('',(4.840335074374,5.055800062293));
#7467 = CARTESIAN_POINT('',(4.836897668978,4.903795179426));
#7468 = CARTESIAN_POINT('',(4.832906623541,4.754446710722));
#7469 = CARTESIAN_POINT('',(4.828352015167,4.608280487892));
#7470 = CARTESIAN_POINT('',(4.823223164798,4.465874978412));
#7471 = CARTESIAN_POINT('',(4.819413428918,4.373895033313));
#7472 = CARTESIAN_POINT('',(4.817409056466,4.328752214815));
#7473 = ( GEOMETRIC_REPRESENTATION_CONTEXT(2) 
PARAMETRIC_REPRESENTATION_CONTEXT() REPRESENTATION_CONTEXT('2D SPACE',''
  ) );
#7474 = PCURVE('',#3988,#7475);
#7475 = DEFINITIONAL_REPRESENTATION('',(#7476),#7502);
#7476 = B_SPLINE_CURVE_WITH_KNOTS('',3,(#7477,#7478,#7479,#7480,#7481,
    #7482,#7483,#7484,#7485,#7486,#7487,#7488,#7489,#7490,#7491,#7492,
    #7493,#7494,#7495,#7496,#7497,#7498,#7499,#7500,#7501),
  .UNSPECIFIED.,.F.,.F.,(4,1,1,1,1,1,1,1,1,1,1,1,1,1,1,1,1,1,1,1,1,1,4),
  (0.,9.090909090909E-02,0.181818181818,0.272727272727,0.363636363636,
    0.454545454545,0.545454545455,0.636363636364,0.727272727273,
    0.818181818182,0.909090909091,1.,1.090909090909,1.181818181818,
    1.272727272727,1.363636363636,1.454545454545,1.545454545455,
    1.636363636364,1.727272727273,1.818181818182,1.909090909091,2.),
  .QUASI_UNIFORM_KNOTS.);
#7477 = CARTESIAN_POINT('',(6.981317007977,18.895318710185));
#7478 = CARTESIAN_POINT('',(6.95865557988,18.891324567693));
#7479 = CARTESIAN_POINT('',(6.913759967959,18.88351255149));
#7480 = CARTESIAN_POINT('',(6.847566160566,18.872465808888));
#7481 = CARTESIAN_POINT('',(6.782386990684,18.862241407117));
#7482 = CARTESIAN_POINT('',(6.718097462604,18.852960362131));
#7483 = CARTESIAN_POINT('',(6.654576862231,18.844726392883));
#7484 = CARTESIAN_POINT('',(6.59170849409,18.837624784134));
#7485 = CARTESIAN_POINT('',(6.529378167139,18.831724818565));
#7486 = CARTESIAN_POINT('',(6.467473553112,18.827081069104));
#7487 = CARTESIAN_POINT('',(6.405882019745,18.823734780302));
#7488 = CARTESIAN_POINT('',(6.344493895835,18.821714977672));
#7489 = CARTESIAN_POINT('',(6.28318530718,18.821039365609));
#7490 = CARTESIAN_POINT('',(6.221876718524,18.821714977672));
#7491 = CARTESIAN_POINT('',(6.160488594614,18.823734780302));
#7492 = CARTESIAN_POINT('',(6.098897061247,18.827081069104));
#7493 = CARTESIAN_POINT('',(6.03699244722,18.831724818565));
#7494 = CARTESIAN_POINT('',(5.974662120269,18.837624784134));
#7495 = CARTESIAN_POINT('',(5.911793752129,18.844726392883));
#7496 = CARTESIAN_POINT('',(5.848273151755,18.852960362131));
#7497 = CARTESIAN_POINT('',(5.783983623675,18.862241407117));
#7498 = CARTESIAN_POINT('',(5.718804453793,18.872465808888));
#7499 = CARTESIAN_POINT('',(5.6526106464,18.88351255149));
#7500 = CARTESIAN_POINT('',(5.607715034479,18.891324567693));
#7501 = CARTESIAN_POINT('',(5.585053606382,18.895318710185));
#7502 = ( GEOMETRIC_REPRESENTATION_CONTEXT(2) 
PARAMETRIC_REPRESENTATION_CONTEXT() REPRESENTATION_CONTEXT('2D SPACE',''
  ) );
#7503 = ORIENTED_EDGE('',*,*,#7366,.T.);
#7504 = ORIENTED_EDGE('',*,*,#7505,.T.);
#7505 = EDGE_CURVE('',#7344,#7506,#7508,.T.);
#7506 = VERTEX_POINT('',#7507);
#7507 = CARTESIAN_POINT('',(363.67124778518,18.895318710185,
    -1.991715552109));
#7508 = SURFACE_CURVE('',#7509,(#7514,#7524),.PCURVE_S1.);
#7509 = ELLIPSE('',#7510,29.558752710348,19.);
#7510 = AXIS2_PLACEMENT_3D('',#7511,#7512,#7513);
#7511 = CARTESIAN_POINT('',(366.04488194983,0.,0.));
#7512 = DIRECTION('',(-0.642787609687,0.,0.766044443119));
#7513 = DIRECTION('',(0.766044443119,0.,0.642787609687));
#7514 = PCURVE('',#7381,#7515);
#7515 = DEFINITIONAL_REPRESENTATION('',(#7516),#7523);
#7516 = B_SPLINE_CURVE_WITH_KNOTS('',5,(#7517,#7518,#7519,#7520,#7521,
    #7522),.UNSPECIFIED.,.F.,.F.,(6,6),(1.560313421367,1.68636324927),
  .PIECEWISE_BEZIER_KNOTS.);
#7517 = CARTESIAN_POINT('',(4.722871885812,10.282245366302));
#7518 = CARTESIAN_POINT('',(4.697661920232,9.711439457094));
#7519 = CARTESIAN_POINT('',(4.672451954651,9.140444979627));
#7520 = CARTESIAN_POINT('',(4.647241989071,8.570017708281));
#7521 = CARTESIAN_POINT('',(4.62203202349,8.000913913847));
#7522 = CARTESIAN_POINT('',(4.596822057909,7.43388436872));
#7523 = ( GEOMETRIC_REPRESENTATION_CONTEXT(2) 
PARAMETRIC_REPRESENTATION_CONTEXT() REPRESENTATION_CONTEXT('2D SPACE',''
  ) );
#7524 = PCURVE('',#3738,#7525);
#7525 = DEFINITIONAL_REPRESENTATION('',(#7526),#7530);
#7526 = ELLIPSE('',#7527,29.558752710348,19.);
#7527 = AXIS2_PLACEMENT_2D('',#7528,#7529);
#7528 = CARTESIAN_POINT('',(-3.098559340745,0.));
#7529 = DIRECTION('',(-1.,-0.));
#7530 = ( GEOMETRIC_REPRESENTATION_CONTEXT(2) 
PARAMETRIC_REPRESENTATION_CONTEXT() REPRESENTATION_CONTEXT('2D SPACE',''
  ) );
#7531 = ORIENTED_EDGE('',*,*,#7532,.T.);
#7532 = EDGE_CURVE('',#7506,#7533,#7535,.T.);
#7533 = VERTEX_POINT('',#7534);
#7534 = CARTESIAN_POINT('',(360.32875221481,18.895318710185,
    -1.991715552109));
#7535 = SURFACE_CURVE('',#7536,(#7557,#7581),.PCURVE_S1.);
#7536 = B_SPLINE_CURVE_WITH_KNOTS('',7,(#7537,#7538,#7539,#7540,#7541,
    #7542,#7543,#7544,#7545,#7546,#7547,#7548,#7549,#7550,#7551,#7552,
    #7553,#7554,#7555,#7556),.UNSPECIFIED.,.F.,.F.,(8,6,6,8),(0.,
    0.50008803573,0.76665776156,1.),.UNSPECIFIED.);
#7537 = CARTESIAN_POINT('',(363.67124778518,18.895318710185,
    -1.991715552109));
#7538 = CARTESIAN_POINT('',(363.45846125991,18.876498228005,
    -2.170264646984));
#7539 = CARTESIAN_POINT('',(363.23082274814,18.859137768691,
    -2.316080902223));
#7540 = CARTESIAN_POINT('',(362.99322722688,18.844379775581,
    -2.430710507304));
#7541 = CARTESIAN_POINT('',(362.74906284381,18.832923802478,
    -2.51560003391));
#7542 = CARTESIAN_POINT('',(362.50082555924,18.82515489627,
    -2.571837981763));
#7543 = CARTESIAN_POINT('',(362.25052402276,18.82126456963,-2.6));
#7544 = CARTESIAN_POINT('',(361.86645927258,18.82126456963,-2.6));
#7545 = CARTESIAN_POINT('',(361.73292783823,18.822370109794,
    -2.591997968098));
#7546 = CARTESIAN_POINT('',(361.59971483897,18.824580428073,
    -2.575995884532));
#7547 = CARTESIAN_POINT('',(361.4671337435,18.827880095812,
    -2.551951712943));
#7548 = CARTESIAN_POINT('',(361.33551855819,18.832236912019,
    -2.519782290905));
#7549 = CARTESIAN_POINT('',(361.20524003806,18.837599797627,
    -2.479366220457));
#7550 = CARTESIAN_POINT('',(360.96422333681,18.849408684409,
    -2.387812564164));
#7551 = CARTESIAN_POINT('',(360.85307410757,18.85563625017,
    -2.338639439734));
#7552 = CARTESIAN_POINT('',(360.743546644,18.86253128165,-2.28291790191)
  );
#7553 = CARTESIAN_POINT('',(360.63595350809,18.870033005788,
    -2.220515718101));
#7554 = CARTESIAN_POINT('',(360.53065903787,18.878065035263,
    -2.15128523154));
#7555 = CARTESIAN_POINT('',(360.4280909954,18.886532421921,
    -2.075070686265));
#7556 = CARTESIAN_POINT('',(360.32875221481,18.895318710185,
    -1.991715552109));
#7557 = PCURVE('',#7381,#7558);
#7558 = DEFINITIONAL_REPRESENTATION('',(#7559),#7580);
#7559 = B_SPLINE_CURVE_WITH_KNOTS('',7,(#7560,#7561,#7562,#7563,#7564,
    #7565,#7566,#7567,#7568,#7569,#7570,#7571,#7572,#7573,#7574,#7575,
    #7576,#7577,#7578,#7579),.UNSPECIFIED.,.F.,.F.,(8,6,6,8),(0.,
    0.50008803573,0.76665776156,1.),.UNSPECIFIED.);
#7560 = CARTESIAN_POINT('',(4.607368904303,7.671247785185));
#7561 = CARTESIAN_POINT('',(4.597919521754,7.458461259914));
#7562 = CARTESIAN_POINT('',(4.590191483339,7.230822748143));
#7563 = CARTESIAN_POINT('',(4.584108787075,6.993227226888));
#7564 = CARTESIAN_POINT('',(4.579600447654,6.749062843812));
#7565 = CARTESIAN_POINT('',(4.576612443483,6.500825559249));
#7566 = CARTESIAN_POINT('',(4.575116156893,6.250524022762));
#7567 = CARTESIAN_POINT('',(4.575116156893,5.866459272588));
#7568 = CARTESIAN_POINT('',(4.575541315432,5.732927838233));
#7569 = CARTESIAN_POINT('',(4.576391529359,5.599714838971));
#7570 = CARTESIAN_POINT('',(4.57766887262,5.467133743505));
#7571 = CARTESIAN_POINT('',(4.579377448579,5.335518558198));
#7572 = CARTESIAN_POINT('',(4.581523242334,5.20524003806));
#7573 = CARTESIAN_POINT('',(4.586381773337,4.964223336812));
#7574 = CARTESIAN_POINT('',(4.588990496927,4.853074107573));
#7575 = CARTESIAN_POINT('',(4.591945558635,4.743546644));
#7576 = CARTESIAN_POINT('',(4.595253491065,4.635953508091));
#7577 = CARTESIAN_POINT('',(4.598921577884,4.530659037871));
#7578 = CARTESIAN_POINT('',(4.602957487093,4.428090995406));
#7579 = CARTESIAN_POINT('',(4.607368904303,4.328752214815));
#7580 = ( GEOMETRIC_REPRESENTATION_CONTEXT(2) 
PARAMETRIC_REPRESENTATION_CONTEXT() REPRESENTATION_CONTEXT('2D SPACE',''
  ) );
#7581 = PCURVE('',#3800,#7582);
#7582 = DEFINITIONAL_REPRESENTATION('',(#7583),#7604);
#7583 = B_SPLINE_CURVE_WITH_KNOTS('',7,(#7584,#7585,#7586,#7587,#7588,
    #7589,#7590,#7591,#7592,#7593,#7594,#7595,#7596,#7597,#7598,#7599,
    #7600,#7601,#7602,#7603),.UNSPECIFIED.,.F.,.F.,(8,6,6,8),(0.,
    0.50008803573,0.76665776156,1.),.UNSPECIFIED.);
#7584 = CARTESIAN_POINT('',(2.443460952792,18.895318710185));
#7585 = CARTESIAN_POINT('',(2.550296753239,18.876498228005));
#7586 = CARTESIAN_POINT('',(2.653416121065,18.859137768691));
#7587 = CARTESIAN_POINT('',(2.753749930315,18.844379775581));
#7588 = CARTESIAN_POINT('',(2.8520298586,18.832923802478));
#7589 = CARTESIAN_POINT('',(2.94896758369,18.82515489627));
#7590 = CARTESIAN_POINT('',(3.04523726022,18.82126456963));
#7591 = CARTESIAN_POINT('',(3.192954471825,18.82126456963));
#7592 = CARTESIAN_POINT('',(3.244312650489,18.822370109794));
#7593 = CARTESIAN_POINT('',(3.295769819181,18.824580428073));
#7594 = CARTESIAN_POINT('',(3.347426411751,18.827880095812));
#7595 = CARTESIAN_POINT('',(3.399383380729,18.832236912019));
#7596 = CARTESIAN_POINT('',(3.451744911755,18.837599797627));
#7597 = CARTESIAN_POINT('',(3.550906427735,18.849408684409));
#7598 = CARTESIAN_POINT('',(3.597585871387,18.85563625017));
#7599 = CARTESIAN_POINT('',(3.644738878365,18.86253128165));
#7600 = CARTESIAN_POINT('',(3.692445020914,18.870033005788));
#7601 = CARTESIAN_POINT('',(3.740786125899,18.878065035263));
#7602 = CARTESIAN_POINT('',(3.789848366581,18.886532421921));
#7603 = CARTESIAN_POINT('',(3.839724354388,18.895318710185));
#7604 = ( GEOMETRIC_REPRESENTATION_CONTEXT(2) 
PARAMETRIC_REPRESENTATION_CONTEXT() REPRESENTATION_CONTEXT('2D SPACE',''
  ) );
#7605 = ORIENTED_EDGE('',*,*,#7606,.T.);
#7606 = EDGE_CURVE('',#7533,#7400,#7607,.T.);
#7607 = SURFACE_CURVE('',#7608,(#7613,#7623),.PCURVE_S1.);
#7608 = ELLIPSE('',#7609,29.558752710348,19.);
#7609 = AXIS2_PLACEMENT_3D('',#7610,#7611,#7612);
#7610 = CARTESIAN_POINT('',(357.95511805016,0.,0.));
#7611 = DIRECTION('',(0.642787609687,0.,0.766044443119));
#7612 = DIRECTION('',(0.766044443119,0.,-0.642787609687));
#7613 = PCURVE('',#7381,#7614);
#7614 = DEFINITIONAL_REPRESENTATION('',(#7615),#7622);
#7615 = B_SPLINE_CURVE_WITH_KNOTS('',5,(#7616,#7617,#7618,#7619,#7620,
    #7621),.UNSPECIFIED.,.F.,.F.,(6,6),(1.45522940432,1.581279232223),
  .PIECEWISE_BEZIER_KNOTS.);
#7616 = CARTESIAN_POINT('',(4.596822057909,4.56611563128));
#7617 = CARTESIAN_POINT('',(4.62203202349,3.999086086153));
#7618 = CARTESIAN_POINT('',(4.647241989071,3.429982291719));
#7619 = CARTESIAN_POINT('',(4.672451954651,2.859555020373));
#7620 = CARTESIAN_POINT('',(4.697661920232,2.288560542906));
#7621 = CARTESIAN_POINT('',(4.722871885812,1.717754633698));
#7622 = ( GEOMETRIC_REPRESENTATION_CONTEXT(2) 
PARAMETRIC_REPRESENTATION_CONTEXT() REPRESENTATION_CONTEXT('2D SPACE',''
  ) );
#7623 = PCURVE('',#3849,#7624);
#7624 = DEFINITIONAL_REPRESENTATION('',(#7625),#7629);
#7625 = ELLIPSE('',#7626,29.558752710348,19.);
#7626 = AXIS2_PLACEMENT_2D('',#7627,#7628);
#7627 = CARTESIAN_POINT('',(3.098559340745,0.));
#7628 = DIRECTION('',(-1.,0.));
#7629 = ( GEOMETRIC_REPRESENTATION_CONTEXT(2) 
PARAMETRIC_REPRESENTATION_CONTEXT() REPRESENTATION_CONTEXT('2D SPACE',''
  ) );
#7630 = FACE_BOUND('',#7631,.T.);
#7631 = EDGE_LOOP('',(#7632));
#7632 = ORIENTED_EDGE('',*,*,#7633,.T.);
#7633 = EDGE_CURVE('',#7634,#7634,#7636,.T.);
#7634 = VERTEX_POINT('',#7635);
#7635 = CARTESIAN_POINT('',(362.,18.983150423468,-0.8));
#7636 = SURFACE_CURVE('',#7637,(#7668,#7702),.PCURVE_S1.);
#7637 = B_SPLINE_CURVE_WITH_KNOTS('',8,(#7638,#7639,#7640,#7641,#7642,
    #7643,#7644,#7645,#7646,#7647,#7648,#7649,#7650,#7651,#7652,#7653,
    #7654,#7655,#7656,#7657,#7658,#7659,#7660,#7661,#7662,#7663,#7664,
    #7665,#7666,#7667),.UNSPECIFIED.,.T.,.F.,(9,7,7,7,9),(0.,0.25,
    0.500000000001,0.750000000001,1.),.UNSPECIFIED.);
#7638 = CARTESIAN_POINT('',(362.,18.983150423468,-0.8));
#7639 = CARTESIAN_POINT('',(362.14250994204,18.983150423468,-0.8));
#7640 = CARTESIAN_POINT('',(362.28934408248,18.984373327921,
    -0.770988221732));
#7641 = CARTESIAN_POINT('',(362.43272706554,18.986947258066,
    -0.709874159067));
#7642 = CARTESIAN_POINT('',(362.56392833564,18.990640144455,
    -0.616453381133));
#7643 = CARTESIAN_POINT('',(362.67424939964,18.994706558126,
    -0.492984712952));
#7644 = CARTESIAN_POINT('',(362.75545308112,18.998124087049,
    -0.344232660944));
#7645 = CARTESIAN_POINT('',(362.8,19.,-0.176587545369));
#7646 = CARTESIAN_POINT('',(362.8,19.,0.176587545369));
#7647 = CARTESIAN_POINT('',(362.75545308112,18.998124087049,
    0.344232660945));
#7648 = CARTESIAN_POINT('',(362.67424939964,18.994706558126,
    0.492984712951));
#7649 = CARTESIAN_POINT('',(362.56392833564,18.990640144455,
    0.616453381134));
#7650 = CARTESIAN_POINT('',(362.43272706554,18.986947258066,
    0.709874159066));
#7651 = CARTESIAN_POINT('',(362.28934408248,18.984373327921,
    0.770988221732));
#7652 = CARTESIAN_POINT('',(362.14250994204,18.983150423468,0.8));
#7653 = CARTESIAN_POINT('',(361.85749005796,18.983150423468,0.8));
#7654 = CARTESIAN_POINT('',(361.71065591751,18.984373327921,
    0.770988221732));
#7655 = CARTESIAN_POINT('',(361.56727293445,18.986947258066,
    0.709874159067));
#7656 = CARTESIAN_POINT('',(361.43607166435,18.990640144455,
    0.616453381132));
#7657 = CARTESIAN_POINT('',(361.32575060035,18.994706558126,
    0.492984712954));
#7658 = CARTESIAN_POINT('',(361.24454691887,18.998124087049,
    0.344232660943));
#7659 = CARTESIAN_POINT('',(361.2,19.,0.176587545369));
#7660 = CARTESIAN_POINT('',(361.2,19.,-0.176587545369));
#7661 = CARTESIAN_POINT('',(361.24454691887,18.998124087049,
    -0.344232660944));
#7662 = CARTESIAN_POINT('',(361.32575060035,18.994706558126,
    -0.492984712952));
#7663 = CARTESIAN_POINT('',(361.43607166435,18.990640144455,
    -0.616453381133));
#7664 = CARTESIAN_POINT('',(361.56727293445,18.986947258066,
    -0.709874159067));
#7665 = CARTESIAN_POINT('',(361.71065591751,18.984373327921,
    -0.770988221732));
#7666 = CARTESIAN_POINT('',(361.85749005796,18.983150423468,-0.8));
#7667 = CARTESIAN_POINT('',(362.,18.983150423468,-0.8));
#7668 = PCURVE('',#7381,#7669);
#7669 = DEFINITIONAL_REPRESENTATION('',(#7670),#7701);
#7670 = B_SPLINE_CURVE_WITH_KNOTS('',8,(#7671,#7672,#7673,#7674,#7675,
    #7676,#7677,#7678,#7679,#7680,#7681,#7682,#7683,#7684,#7685,#7686,
    #7687,#7688,#7689,#7690,#7691,#7692,#7693,#7694,#7695,#7696,#7697,
    #7698,#7699,#7700),.UNSPECIFIED.,.T.,.F.,(9,7,7,7,9),(0.,0.25,
    0.500000000001,0.750000000001,1.),.UNSPECIFIED.);
#7671 = CARTESIAN_POINT('',(4.670271266216,6.));
#7672 = CARTESIAN_POINT('',(4.670271266216,6.14250994204));
#7673 = CARTESIAN_POINT('',(4.671799559488,6.289344082489));
#7674 = CARTESIAN_POINT('',(4.675018930816,6.432727065545));
#7675 = CARTESIAN_POINT('',(4.679939666793,6.563928335642));
#7676 = CARTESIAN_POINT('',(4.686441203067,6.674249399644));
#7677 = CARTESIAN_POINT('',(4.694271469912,6.755453081129));
#7678 = CARTESIAN_POINT('',(4.703094899049,6.8));
#7679 = CARTESIAN_POINT('',(4.72168306172,6.8));
#7680 = CARTESIAN_POINT('',(4.730506490858,6.755453081129));
#7681 = CARTESIAN_POINT('',(4.738336757702,6.674249399644));
#7682 = CARTESIAN_POINT('',(4.744838293976,6.563928335642));
#7683 = CARTESIAN_POINT('',(4.749759029953,6.432727065545));
#7684 = CARTESIAN_POINT('',(4.752978401281,6.289344082489));
#7685 = CARTESIAN_POINT('',(4.754506694553,6.14250994204));
#7686 = CARTESIAN_POINT('',(4.754506694553,5.857490057961));
#7687 = CARTESIAN_POINT('',(4.752978401281,5.71065591751));
#7688 = CARTESIAN_POINT('',(4.749759029953,5.567272934456));
#7689 = CARTESIAN_POINT('',(4.744838293976,5.436071664357));
#7690 = CARTESIAN_POINT('',(4.738336757703,5.325750600357));
#7691 = CARTESIAN_POINT('',(4.730506490858,5.244546918871));
#7692 = CARTESIAN_POINT('',(4.72168306172,5.2));
#7693 = CARTESIAN_POINT('',(4.703094899049,5.2));
#7694 = CARTESIAN_POINT('',(4.694271469912,5.244546918871));
#7695 = CARTESIAN_POINT('',(4.686441203067,5.325750600356));
#7696 = CARTESIAN_POINT('',(4.679939666793,5.436071664358));
#7697 = CARTESIAN_POINT('',(4.675018930816,5.567272934455));
#7698 = CARTESIAN_POINT('',(4.671799559488,5.710655917512));
#7699 = CARTESIAN_POINT('',(4.670271266216,5.85749005796));
#7700 = CARTESIAN_POINT('',(4.670271266216,6.));
#7701 = ( GEOMETRIC_REPRESENTATION_CONTEXT(2) 
PARAMETRIC_REPRESENTATION_CONTEXT() REPRESENTATION_CONTEXT('2D SPACE',''
  ) );
#7702 = PCURVE('',#7703,#7708);
#7703 = CYLINDRICAL_SURFACE('',#7704,0.8);
#7704 = AXIS2_PLACEMENT_3D('',#7705,#7706,#7707);
#7705 = CARTESIAN_POINT('',(362.,21.,0.));
#7706 = DIRECTION('',(0.,-1.,0.));
#7707 = DIRECTION('',(0.,-0.,-1.));
#7708 = DEFINITIONAL_REPRESENTATION('',(#7709),#7740);
#7709 = B_SPLINE_CURVE_WITH_KNOTS('',8,(#7710,#7711,#7712,#7713,#7714,
    #7715,#7716,#7717,#7718,#7719,#7720,#7721,#7722,#7723,#7724,#7725,
    #7726,#7727,#7728,#7729,#7730,#7731,#7732,#7733,#7734,#7735,#7736,
    #7737,#7738,#7739),.UNSPECIFIED.,.F.,.F.,(9,7,7,7,9),(0.,0.25,
    0.500000000001,0.750000000001,1.),.UNSPECIFIED.);
#7710 = CARTESIAN_POINT('',(0.,2.016849576532));
#7711 = CARTESIAN_POINT('',(0.17813742755,2.016849576532));
#7712 = CARTESIAN_POINT('',(0.361681384213,2.015626672079));
#7713 = CARTESIAN_POINT('',(0.549516819114,2.013052741934));
#7714 = CARTESIAN_POINT('',(0.741575001124,2.009359855545));
#7715 = CARTESIAN_POINT('',(0.938197664022,2.005293441874));
#7716 = CARTESIAN_POINT('',(1.140501838243,2.001875912951));
#7717 = CARTESIAN_POINT('',(1.350061895084,2.));
#7718 = CARTESIAN_POINT('',(1.791530758506,2.));
#7719 = CARTESIAN_POINT('',(2.001090815347,2.001875912951));
#7720 = CARTESIAN_POINT('',(2.203394989566,2.005293441874));
#7721 = CARTESIAN_POINT('',(2.400017652467,2.009359855545));
#7722 = CARTESIAN_POINT('',(2.592075834475,2.013052741934));
#7723 = CARTESIAN_POINT('',(2.779911269377,2.015626672079));
#7724 = CARTESIAN_POINT('',(2.96345522604,2.016849576532));
#7725 = CARTESIAN_POINT('',(3.319730081139,2.016849576532));
#7726 = CARTESIAN_POINT('',(3.503274037805,2.015626672079));
#7727 = CARTESIAN_POINT('',(3.6911094727,2.013052741934));
#7728 = CARTESIAN_POINT('',(3.88316765472,2.009359855545));
#7729 = CARTESIAN_POINT('',(4.079790317608,2.005293441874));
#7730 = CARTESIAN_POINT('',(4.282094491835,2.001875912951));
#7731 = CARTESIAN_POINT('',(4.491654548673,2.));
#7732 = CARTESIAN_POINT('',(4.933123412096,2.));
#7733 = CARTESIAN_POINT('',(5.142683468936,2.001875912951));
#7734 = CARTESIAN_POINT('',(5.344987643157,2.005293441874));
#7735 = CARTESIAN_POINT('',(5.541610306056,2.009359855545));
#7736 = CARTESIAN_POINT('',(5.733668488064,2.013052741934));
#7737 = CARTESIAN_POINT('',(5.921503922967,2.015626672079));
#7738 = CARTESIAN_POINT('',(6.10504787963,2.016849576532));
#7739 = CARTESIAN_POINT('',(6.28318530718,2.016849576532));
#7740 = ( GEOMETRIC_REPRESENTATION_CONTEXT(2) 
PARAMETRIC_REPRESENTATION_CONTEXT() REPRESENTATION_CONTEXT('2D SPACE',''
  ) );
#7741 = ADVANCED_FACE('',(#7742),#7703,.F.);
#7742 = FACE_BOUND('',#7743,.F.);
#7743 = EDGE_LOOP('',(#7744,#7916,#7937,#7938));
#7744 = ORIENTED_EDGE('',*,*,#7745,.F.);
#7745 = EDGE_CURVE('',#7746,#7746,#7748,.T.);
#7746 = VERTEX_POINT('',#7747);
#7747 = CARTESIAN_POINT('',(362.,18.182409081307,-0.8));
#7748 = SURFACE_CURVE('',#7749,(#7780,#7877),.PCURVE_S1.);
#7749 = B_SPLINE_CURVE_WITH_KNOTS('',8,(#7750,#7751,#7752,#7753,#7754,
    #7755,#7756,#7757,#7758,#7759,#7760,#7761,#7762,#7763,#7764,#7765,
    #7766,#7767,#7768,#7769,#7770,#7771,#7772,#7773,#7774,#7775,#7776,
    #7777,#7778,#7779),.UNSPECIFIED.,.T.,.F.,(9,7,7,7,9),(0.,
    0.249999999999,0.499999999999,0.749999999999,1.),.UNSPECIFIED.);
#7750 = CARTESIAN_POINT('',(362.,18.182409081307,-0.8));
#7751 = CARTESIAN_POINT('',(362.14251254773,18.182409081307,-0.8));
#7752 = CARTESIAN_POINT('',(362.28935365136,18.183685888164,
    -0.770987155766));
#7753 = CARTESIAN_POINT('',(362.43273906324,18.186373405725,
    -0.709867843358));
#7754 = CARTESIAN_POINT('',(362.56393746891,18.190228998236,
    -0.616443874756));
#7755 = CARTESIAN_POINT('',(362.67425402517,18.194474078843,
    -0.492975574221));
#7756 = CARTESIAN_POINT('',(362.75545458256,18.198041696006,
    -0.344226458789));
#7757 = CARTESIAN_POINT('',(362.8,18.2,-0.176584557186));
#7758 = CARTESIAN_POINT('',(362.8,18.2,0.176584557186));
#7759 = CARTESIAN_POINT('',(362.75545458256,18.198041696006,
    0.344226458788));
#7760 = CARTESIAN_POINT('',(362.67425402517,18.194474078843,
    0.492975574222));
#7761 = CARTESIAN_POINT('',(362.56393746891,18.190228998236,
    0.616443874755));
#7762 = CARTESIAN_POINT('',(362.43273906324,18.186373405725,
    0.709867843358));
#7763 = CARTESIAN_POINT('',(362.28935365136,18.183685888164,
    0.770987155766));
#7764 = CARTESIAN_POINT('',(362.14251254773,18.182409081307,0.8));
#7765 = CARTESIAN_POINT('',(361.85748745226,18.182409081307,0.8));
#7766 = CARTESIAN_POINT('',(361.71064634863,18.183685888164,
    0.770987155766));
#7767 = CARTESIAN_POINT('',(361.56726093675,18.186373405725,
    0.709867843357));
#7768 = CARTESIAN_POINT('',(361.43606253108,18.190228998236,
    0.616443874756));
#7769 = CARTESIAN_POINT('',(361.32574597482,18.194474078843,
    0.492975574222));
#7770 = CARTESIAN_POINT('',(361.24454541743,18.198041696006,
    0.344226458788));
#7771 = CARTESIAN_POINT('',(361.2,18.2,0.176584557186));
#7772 = CARTESIAN_POINT('',(361.2,18.2,-0.176584557187));
#7773 = CARTESIAN_POINT('',(361.24454541743,18.198041696006,
    -0.344226458788));
#7774 = CARTESIAN_POINT('',(361.32574597482,18.194474078843,
    -0.492975574221));
#7775 = CARTESIAN_POINT('',(361.43606253108,18.190228998236,
    -0.616443874757));
#7776 = CARTESIAN_POINT('',(361.56726093675,18.186373405725,
    -0.709867843357));
#7777 = CARTESIAN_POINT('',(361.71064634863,18.183685888164,
    -0.770987155767));
#7778 = CARTESIAN_POINT('',(361.85748745226,18.182409081307,-0.8));
#7779 = CARTESIAN_POINT('',(362.,18.182409081307,-0.8));
#7780 = PCURVE('',#7703,#7781);
#7781 = DEFINITIONAL_REPRESENTATION('',(#7782),#7876);
#7782 = B_SPLINE_CURVE_WITH_KNOTS('',8,(#7783,#7784,#7785,#7786,#7787,
    #7788,#7789,#7790,#7791,#7792,#7793,#7794,#7795,#7796,#7797,#7798,
    #7799,#7800,#7801,#7802,#7803,#7804,#7805,#7806,#7807,#7808,#7809,
    #7810,#7811,#7812,#7813,#7814,#7815,#7816,#7817,#7818,#7819,#7820,
    #7821,#7822,#7823,#7824,#7825,#7826,#7827,#7828,#7829,#7830,#7831,
    #7832,#7833,#7834,#7835,#7836,#7837,#7838,#7839,#7840,#7841,#7842,
    #7843,#7844,#7845,#7846,#7847,#7848,#7849,#7850,#7851,#7852,#7853,
    #7854,#7855,#7856,#7857,#7858,#7859,#7860,#7861,#7862,#7863,#7864,
    #7865,#7866,#7867,#7868,#7869,#7870,#7871,#7872,#7873,#7874,#7875),
  .UNSPECIFIED.,.F.,.F.,(9,7,7,7,7,7,7,7,7,7,7,7,7,9),(0.,0.25,0.4375,
    0.47265625,0.489135742187,0.497117996216,0.50104676187,
    0.625785071403,0.719338803552,0.73688012833,0.74510262432,
    0.749085395815,0.753005936505,1.),.UNSPECIFIED.);
#7783 = CARTESIAN_POINT('',(0.,2.817590918693));
#7784 = CARTESIAN_POINT('',(0.178140684667,2.817590918693));
#7785 = CARTESIAN_POINT('',(0.361693235278,2.816314111836));
#7786 = CARTESIAN_POINT('',(0.549531752557,2.813626594272));
#7787 = CARTESIAN_POINT('',(0.741592556363,2.809771001772));
#7788 = CARTESIAN_POINT('',(0.938207374953,2.805525921152));
#7789 = CARTESIAN_POINT('',(1.140510634067,2.801958303994));
#7790 = CARTESIAN_POINT('',(1.350065630317,2.8));
#7791 = CARTESIAN_POINT('',(1.736344349162,2.8));
#7792 = CARTESIAN_POINT('',(1.895606382024,2.801101555113));
#7793 = CARTESIAN_POINT('',(2.050235360061,2.803157372878));
#7794 = CARTESIAN_POINT('',(2.201148035716,2.805835984838));
#7795 = CARTESIAN_POINT('',(2.348948167719,2.808727274176));
#7796 = CARTESIAN_POINT('',(2.494035551394,2.811445491927));
#7797 = CARTESIAN_POINT('',(2.636583215049,2.813705546107));
#7798 = CARTESIAN_POINT('',(2.802811711455,2.815656373492));
#7799 = CARTESIAN_POINT('',(2.828968077324,2.815942698823));
#7800 = CARTESIAN_POINT('',(2.855033984023,2.816206273234));
#7801 = CARTESIAN_POINT('',(2.881008939363,2.816446204456));
#7802 = CARTESIAN_POINT('',(2.906892167189,2.8166617609));
#7803 = CARTESIAN_POINT('',(2.932682595254,2.81685237373));
#7804 = CARTESIAN_POINT('',(2.958378843097,2.81701763894));
#7805 = CARTESIAN_POINT('',(2.995979381866,2.817222794648));
#7806 = CARTESIAN_POINT('',(3.007958483898,2.817282648113));
#7807 = CARTESIAN_POINT('',(3.01991634263,2.817336855186));
#7808 = CARTESIAN_POINT('',(3.031852766911,2.817385399167));
#7809 = CARTESIAN_POINT('',(3.043767548364,2.817428271211));
#7810 = CARTESIAN_POINT('',(3.055660461918,2.817465470229));
#7811 = CARTESIAN_POINT('',(3.067531266343,2.817497002808));
#7812 = CARTESIAN_POINT('',(3.085118792165,2.817535418899));
#7813 = CARTESIAN_POINT('',(3.090852631244,2.817546628545));
#7814 = CARTESIAN_POINT('',(3.096581193227,2.817556513667));
#7815 = CARTESIAN_POINT('',(3.102304447824,2.817565076291));
#7816 = CARTESIAN_POINT('',(3.108022363474,2.81757231885));
#7817 = CARTESIAN_POINT('',(3.113734907559,2.81757824419));
#7818 = CARTESIAN_POINT('',(3.119442046616,2.817582855555));
#7819 = CARTESIAN_POINT('',(3.12795005199,2.817587781322));
#7820 = CARTESIAN_POINT('',(3.130754483667,2.817589088649));
#7821 = CARTESIAN_POINT('',(3.133559252293,2.817590078968));
#7822 = CARTESIAN_POINT('',(3.13636200479,2.817590752645));
#7823 = CARTESIAN_POINT('',(3.139161558432,2.817591110326));
#7824 = CARTESIAN_POINT('',(3.141959892191,2.817591152776));
#7825 = CARTESIAN_POINT('',(3.144760395307,2.817590880248));
#7826 = CARTESIAN_POINT('',(3.236525166617,2.817571595274));
#7827 = CARTESIAN_POINT('',(3.326827998795,2.817234260473));
#7828 = CARTESIAN_POINT('',(3.418335121176,2.816562437498));
#7829 = CARTESIAN_POINT('',(3.510972550941,2.815564330975));
#7830 = CARTESIAN_POINT('',(3.60471417097,2.814275859391));
#7831 = CARTESIAN_POINT('',(3.699574235284,2.812759758313));
#7832 = CARTESIAN_POINT('',(3.795606279833,2.811100127053));
#7833 = CARTESIAN_POINT('',(3.965885057727,2.808111637612));
#7834 = CARTESIAN_POINT('',(4.039575664417,2.806803915901));
#7835 = CARTESIAN_POINT('',(4.114023074645,2.805509333957));
#7836 = CARTESIAN_POINT('',(4.189281853045,2.804272241297));
#7837 = CARTESIAN_POINT('',(4.265422244053,2.803138488945));
#7838 = CARTESIAN_POINT('',(4.342534103004,2.802152661725));
#7839 = CARTESIAN_POINT('',(4.420730827244,2.801355310547));
#7840 = CARTESIAN_POINT('',(4.515044998477,2.800672348592));
#7841 = CARTESIAN_POINT('',(4.529979820882,2.800572322595));
#7842 = CARTESIAN_POINT('',(4.544958696097,2.800480327665));
#7843 = CARTESIAN_POINT('',(4.559982603659,2.800396575891));
#7844 = CARTESIAN_POINT('',(4.575052563835,2.800321269744));
#7845 = CARTESIAN_POINT('',(4.590169640472,2.80025460133));
#7846 = CARTESIAN_POINT('',(4.605334943848,2.800196751646));
#7847 = CARTESIAN_POINT('',(4.627681519304,2.800124985861));
#7848 = CARTESIAN_POINT('',(4.634824256333,2.800104056761));
#7849 = CARTESIAN_POINT('',(4.641977964254,2.800085119957));
#7850 = CARTESIAN_POINT('',(4.649142764892,2.800068192295));
#7851 = CARTESIAN_POINT('',(4.656318782425,2.800053290035));
#7852 = CARTESIAN_POINT('',(4.663506143558,2.800040428829));
#7853 = CARTESIAN_POINT('',(4.6707049777,2.800029623704));
#7854 = CARTESIAN_POINT('',(4.681407973738,2.800016658198));
#7855 = CARTESIAN_POINT('',(4.684903253113,2.80001291312));
#7856 = CARTESIAN_POINT('',(4.688401270311,2.800009655449));
#7857 = CARTESIAN_POINT('',(4.691902040504,2.800006886783));
#7858 = CARTESIAN_POINT('',(4.695405578997,2.800004608688));
#7859 = CARTESIAN_POINT('',(4.698911901247,2.80000282269));
#7860 = CARTESIAN_POINT('',(4.702421022877,2.800001530281));
#7861 = CARTESIAN_POINT('',(4.709390022493,2.799999948008));
#7862 = CARTESIAN_POINT('',(4.712848122561,2.79999964277));
#7863 = CARTESIAN_POINT('',(4.716320749572,2.799999818144));
#7864 = CARTESIAN_POINT('',(4.719769115582,2.800000480198));
#7865 = CARTESIAN_POINT('',(4.723227824919,2.800001615431));
#7866 = CARTESIAN_POINT('',(4.726679583714,2.800003232389));
#7867 = CARTESIAN_POINT('',(4.730129224318,2.800005324728));
#7868 = CARTESIAN_POINT('',(4.950735050531,2.800169652101));
#7869 = CARTESIAN_POINT('',(5.157257906761,2.802217112845));
#7870 = CARTESIAN_POINT('',(5.356789793062,2.805780553455));
#7871 = CARTESIAN_POINT('',(5.550828092746,2.809955421533));
#7872 = CARTESIAN_POINT('',(5.740426301996,2.813722924753));
#7873 = CARTESIAN_POINT('',(5.925905472256,2.816344631248));
#7874 = CARTESIAN_POINT('',(6.107186540862,2.817590918693));
#7875 = CARTESIAN_POINT('',(6.28318530718,2.817590918693));
#7876 = ( GEOMETRIC_REPRESENTATION_CONTEXT(2) 
PARAMETRIC_REPRESENTATION_CONTEXT() REPRESENTATION_CONTEXT('2D SPACE',''
  ) );
#7877 = PCURVE('',#7878,#7883);
#7878 = CYLINDRICAL_SURFACE('',#7879,0.8);
#7879 = AXIS2_PLACEMENT_3D('',#7880,#7881,#7882);
#7880 = CARTESIAN_POINT('',(362.,21.,0.));
#7881 = DIRECTION('',(0.,-1.,0.));
#7882 = DIRECTION('',(0.,-0.,-1.));
#7883 = DEFINITIONAL_REPRESENTATION('',(#7884),#7915);
#7884 = B_SPLINE_CURVE_WITH_KNOTS('',8,(#7885,#7886,#7887,#7888,#7889,
    #7890,#7891,#7892,#7893,#7894,#7895,#7896,#7897,#7898,#7899,#7900,
    #7901,#7902,#7903,#7904,#7905,#7906,#7907,#7908,#7909,#7910,#7911,
    #7912,#7913,#7914),.UNSPECIFIED.,.F.,.F.,(9,7,7,7,9),(0.,
    0.249999999999,0.499999999999,0.749999999999,1.),.UNSPECIFIED.);
#7885 = CARTESIAN_POINT('',(0.,2.817590918693));
#7886 = CARTESIAN_POINT('',(0.178140684667,2.817590918693));
#7887 = CARTESIAN_POINT('',(0.361693329298,2.816314111836));
#7888 = CARTESIAN_POINT('',(0.549532369407,2.813626594275));
#7889 = CARTESIAN_POINT('',(0.741590373042,2.809771001764));
#7890 = CARTESIAN_POINT('',(0.938209845647,2.805525921157));
#7891 = CARTESIAN_POINT('',(1.140509605127,2.801958303994));
#7892 = CARTESIAN_POINT('',(1.350065630312,2.8));
#7893 = CARTESIAN_POINT('',(1.791527023278,2.8));
#7894 = CARTESIAN_POINT('',(2.001083048461,2.801958303994));
#7895 = CARTESIAN_POINT('',(2.203382807945,2.805525921157));
#7896 = CARTESIAN_POINT('',(2.400002280545,2.809771001764));
#7897 = CARTESIAN_POINT('',(2.592060284184,2.813626594275));
#7898 = CARTESIAN_POINT('',(2.779899324291,2.816314111836));
#7899 = CARTESIAN_POINT('',(2.963451968923,2.817590918693));
#7900 = CARTESIAN_POINT('',(3.319733338256,2.817590918693));
#7901 = CARTESIAN_POINT('',(3.503285982888,2.816314111836));
#7902 = CARTESIAN_POINT('',(3.691125022997,2.813626594275));
#7903 = CARTESIAN_POINT('',(3.883183026632,2.809771001764));
#7904 = CARTESIAN_POINT('',(4.079802499236,2.805525921157));
#7905 = CARTESIAN_POINT('',(4.282102258717,2.801958303994));
#7906 = CARTESIAN_POINT('',(4.491658283902,2.8));
#7907 = CARTESIAN_POINT('',(4.933119676868,2.8));
#7908 = CARTESIAN_POINT('',(5.142675702052,2.801958303994));
#7909 = CARTESIAN_POINT('',(5.34497546153,2.805525921157));
#7910 = CARTESIAN_POINT('',(5.541594934142,2.809771001764));
#7911 = CARTESIAN_POINT('',(5.733652937769,2.813626594275));
#7912 = CARTESIAN_POINT('',(5.921491977882,2.816314111836));
#7913 = CARTESIAN_POINT('',(6.105044622513,2.817590918693));
#7914 = CARTESIAN_POINT('',(6.28318530718,2.817590918693));
#7915 = ( GEOMETRIC_REPRESENTATION_CONTEXT(2) 
PARAMETRIC_REPRESENTATION_CONTEXT() REPRESENTATION_CONTEXT('2D SPACE',''
  ) );
#7916 = ORIENTED_EDGE('',*,*,#7917,.F.);
#7917 = EDGE_CURVE('',#7634,#7746,#7918,.T.);
#7918 = SEAM_CURVE('',#7919,(#7923,#7930),.PCURVE_S1.);
#7919 = LINE('',#7920,#7921);
#7920 = CARTESIAN_POINT('',(362.,21.,-0.8));
#7921 = VECTOR('',#7922,1.);
#7922 = DIRECTION('',(0.,-1.,0.));
#7923 = PCURVE('',#7703,#7924);
#7924 = DEFINITIONAL_REPRESENTATION('',(#7925),#7929);
#7925 = LINE('',#7926,#7927);
#7926 = CARTESIAN_POINT('',(6.28318530718,-0.));
#7927 = VECTOR('',#7928,1.);
#7928 = DIRECTION('',(0.,1.));
#7929 = ( GEOMETRIC_REPRESENTATION_CONTEXT(2) 
PARAMETRIC_REPRESENTATION_CONTEXT() REPRESENTATION_CONTEXT('2D SPACE',''
  ) );
#7930 = PCURVE('',#7703,#7931);
#7931 = DEFINITIONAL_REPRESENTATION('',(#7932),#7936);
#7932 = LINE('',#7933,#7934);
#7933 = CARTESIAN_POINT('',(0.,-0.));
#7934 = VECTOR('',#7935,1.);
#7935 = DIRECTION('',(0.,1.));
#7936 = ( GEOMETRIC_REPRESENTATION_CONTEXT(2) 
PARAMETRIC_REPRESENTATION_CONTEXT() REPRESENTATION_CONTEXT('2D SPACE',''
  ) );
#7937 = ORIENTED_EDGE('',*,*,#7633,.T.);
#7938 = ORIENTED_EDGE('',*,*,#7917,.T.);
#7939 = ADVANCED_FACE('',(#7940),#7878,.F.);
#7940 = FACE_BOUND('',#7941,.F.);
#7941 = EDGE_LOOP('',(#7942,#7965,#7991,#7992));
#7942 = ORIENTED_EDGE('',*,*,#7943,.T.);
#7943 = EDGE_CURVE('',#7746,#7944,#7946,.T.);
#7944 = VERTEX_POINT('',#7945);
#7945 = CARTESIAN_POINT('',(362.,13.4,-0.8));
#7946 = SEAM_CURVE('',#7947,(#7951,#7958),.PCURVE_S1.);
#7947 = LINE('',#7948,#7949);
#7948 = CARTESIAN_POINT('',(362.,21.,-0.8));
#7949 = VECTOR('',#7950,1.);
#7950 = DIRECTION('',(0.,-1.,0.));
#7951 = PCURVE('',#7878,#7952);
#7952 = DEFINITIONAL_REPRESENTATION('',(#7953),#7957);
#7953 = LINE('',#7954,#7955);
#7954 = CARTESIAN_POINT('',(6.28318530718,-0.));
#7955 = VECTOR('',#7956,1.);
#7956 = DIRECTION('',(0.,1.));
#7957 = ( GEOMETRIC_REPRESENTATION_CONTEXT(2) 
PARAMETRIC_REPRESENTATION_CONTEXT() REPRESENTATION_CONTEXT('2D SPACE',''
  ) );
#7958 = PCURVE('',#7878,#7959);
#7959 = DEFINITIONAL_REPRESENTATION('',(#7960),#7964);
#7960 = LINE('',#7961,#7962);
#7961 = CARTESIAN_POINT('',(0.,-0.));
#7962 = VECTOR('',#7963,1.);
#7963 = DIRECTION('',(0.,1.));
#7964 = ( GEOMETRIC_REPRESENTATION_CONTEXT(2) 
PARAMETRIC_REPRESENTATION_CONTEXT() REPRESENTATION_CONTEXT('2D SPACE',''
  ) );
#7965 = ORIENTED_EDGE('',*,*,#7966,.F.);
#7966 = EDGE_CURVE('',#7944,#7944,#7967,.T.);
#7967 = SURFACE_CURVE('',#7968,(#7973,#7980),.PCURVE_S1.);
#7968 = CIRCLE('',#7969,0.8);
#7969 = AXIS2_PLACEMENT_3D('',#7970,#7971,#7972);
#7970 = CARTESIAN_POINT('',(362.,13.4,0.));
#7971 = DIRECTION('',(0.,-1.,0.));
#7972 = DIRECTION('',(0.,-0.,-1.));
#7973 = PCURVE('',#7878,#7974);
#7974 = DEFINITIONAL_REPRESENTATION('',(#7975),#7979);
#7975 = LINE('',#7976,#7977);
#7976 = CARTESIAN_POINT('',(0.,7.6));
#7977 = VECTOR('',#7978,1.);
#7978 = DIRECTION('',(1.,0.));
#7979 = ( GEOMETRIC_REPRESENTATION_CONTEXT(2) 
PARAMETRIC_REPRESENTATION_CONTEXT() REPRESENTATION_CONTEXT('2D SPACE',''
  ) );
#7980 = PCURVE('',#2779,#7981);
#7981 = DEFINITIONAL_REPRESENTATION('',(#7982),#7990);
#7982 = ( BOUNDED_CURVE() B_SPLINE_CURVE(2,(#7983,#7984,#7985,#7986,
#7987,#7988,#7989),.UNSPECIFIED.,.T.,.F.) B_SPLINE_CURVE_WITH_KNOTS((1,2
    ,2,2,2,1),(-2.094395102393,0.,2.094395102393,4.188790204786,
6.28318530718,8.377580409573),.UNSPECIFIED.) CURVE() 
GEOMETRIC_REPRESENTATION_ITEM() RATIONAL_B_SPLINE_CURVE((1.,0.5,1.,0.5,
1.,0.5,1.)) REPRESENTATION_ITEM('') );
#7983 = CARTESIAN_POINT('',(-0.8,0.));
#7984 = CARTESIAN_POINT('',(-0.8,1.385640646055));
#7985 = CARTESIAN_POINT('',(0.4,0.692820323028));
#7986 = CARTESIAN_POINT('',(1.6,1.959434878636E-16));
#7987 = CARTESIAN_POINT('',(0.4,-0.692820323028));
#7988 = CARTESIAN_POINT('',(-0.8,-1.385640646055));
#7989 = CARTESIAN_POINT('',(-0.8,0.));
#7990 = ( GEOMETRIC_REPRESENTATION_CONTEXT(2) 
PARAMETRIC_REPRESENTATION_CONTEXT() REPRESENTATION_CONTEXT('2D SPACE',''
  ) );
#7991 = ORIENTED_EDGE('',*,*,#7943,.F.);
#7992 = ORIENTED_EDGE('',*,*,#7745,.T.);
#7993 = ADVANCED_FACE('',(#7994),#3988,.T.);
#7994 = FACE_BOUND('',#7995,.T.);
#7995 = EDGE_LOOP('',(#7996,#7997,#8017,#8018));
#7996 = ORIENTED_EDGE('',*,*,#7428,.T.);
#7997 = ORIENTED_EDGE('',*,*,#7998,.F.);
#7998 = EDGE_CURVE('',#3908,#7402,#7999,.T.);
#7999 = SURFACE_CURVE('',#8000,(#8004,#8010),.PCURVE_S1.);
#8000 = LINE('',#8001,#8002);
#8001 = CARTESIAN_POINT('',(360.32875221481,0.,1.991715552109));
#8002 = VECTOR('',#8003,1.);
#8003 = DIRECTION('',(0.,1.,0.));
#8004 = PCURVE('',#3988,#8005);
#8005 = DEFINITIONAL_REPRESENTATION('',(#8006),#8009);
#8006 = B_SPLINE_CURVE_WITH_KNOTS('',1,(#8007,#8008),.UNSPECIFIED.,.F.,
  .F.,(2,2),(18.392473165931,18.895318710185),.PIECEWISE_BEZIER_KNOTS.);
#8007 = CARTESIAN_POINT('',(5.585053606382,18.392473165931));
#8008 = CARTESIAN_POINT('',(5.585053606382,18.895318710185));
#8009 = ( GEOMETRIC_REPRESENTATION_CONTEXT(2) 
PARAMETRIC_REPRESENTATION_CONTEXT() REPRESENTATION_CONTEXT('2D SPACE',''
  ) );
#8010 = PCURVE('',#3927,#8011);
#8011 = DEFINITIONAL_REPRESENTATION('',(#8012),#8016);
#8012 = LINE('',#8013,#8014);
#8013 = CARTESIAN_POINT('',(3.098559340745,0.));
#8014 = VECTOR('',#8015,1.);
#8015 = DIRECTION('',(0.,-1.));
#8016 = ( GEOMETRIC_REPRESENTATION_CONTEXT(2) 
PARAMETRIC_REPRESENTATION_CONTEXT() REPRESENTATION_CONTEXT('2D SPACE',''
  ) );
#8017 = ORIENTED_EDGE('',*,*,#3939,.F.);
#8018 = ORIENTED_EDGE('',*,*,#7320,.T.);
#8019 = ADVANCED_FACE('',(#8020),#3927,.F.);
#8020 = FACE_BOUND('',#8021,.F.);
#8021 = EDGE_LOOP('',(#8022,#8023,#8044,#8045));
#8022 = ORIENTED_EDGE('',*,*,#3907,.F.);
#8023 = ORIENTED_EDGE('',*,*,#8024,.T.);
#8024 = EDGE_CURVE('',#3830,#7400,#8025,.T.);
#8025 = SURFACE_CURVE('',#8026,(#8030,#8037),.PCURVE_S1.);
#8026 = LINE('',#8027,#8028);
#8027 = CARTESIAN_POINT('',(357.95511805016,0.,0.));
#8028 = VECTOR('',#8029,1.);
#8029 = DIRECTION('',(0.,1.,0.));
#8030 = PCURVE('',#3927,#8031);
#8031 = DEFINITIONAL_REPRESENTATION('',(#8032),#8036);
#8032 = LINE('',#8033,#8034);
#8033 = CARTESIAN_POINT('',(0.,0.));
#8034 = VECTOR('',#8035,1.);
#8035 = DIRECTION('',(0.,-1.));
#8036 = ( GEOMETRIC_REPRESENTATION_CONTEXT(2) 
PARAMETRIC_REPRESENTATION_CONTEXT() REPRESENTATION_CONTEXT('2D SPACE',''
  ) );
#8037 = PCURVE('',#3849,#8038);
#8038 = DEFINITIONAL_REPRESENTATION('',(#8039),#8043);
#8039 = LINE('',#8040,#8041);
#8040 = CARTESIAN_POINT('',(3.098559340745,0.));
#8041 = VECTOR('',#8042,1.);
#8042 = DIRECTION('',(0.,-1.));
#8043 = ( GEOMETRIC_REPRESENTATION_CONTEXT(2) 
PARAMETRIC_REPRESENTATION_CONTEXT() REPRESENTATION_CONTEXT('2D SPACE',''
  ) );
#8044 = ORIENTED_EDGE('',*,*,#7399,.T.);
#8045 = ORIENTED_EDGE('',*,*,#7998,.F.);
#8046 = ADVANCED_FACE('',(#8047),#3849,.F.);
#8047 = FACE_BOUND('',#8048,.F.);
#8048 = EDGE_LOOP('',(#8049,#8050,#8071,#8072));
#8049 = ORIENTED_EDGE('',*,*,#3829,.F.);
#8050 = ORIENTED_EDGE('',*,*,#8051,.T.);
#8051 = EDGE_CURVE('',#3751,#7533,#8052,.T.);
#8052 = SURFACE_CURVE('',#8053,(#8057,#8064),.PCURVE_S1.);
#8053 = LINE('',#8054,#8055);
#8054 = CARTESIAN_POINT('',(360.32875221481,0.,-1.991715552109));
#8055 = VECTOR('',#8056,1.);
#8056 = DIRECTION('',(0.,1.,0.));
#8057 = PCURVE('',#3849,#8058);
#8058 = DEFINITIONAL_REPRESENTATION('',(#8059),#8063);
#8059 = LINE('',#8060,#8061);
#8060 = CARTESIAN_POINT('',(0.,0.));
#8061 = VECTOR('',#8062,1.);
#8062 = DIRECTION('',(0.,-1.));
#8063 = ( GEOMETRIC_REPRESENTATION_CONTEXT(2) 
PARAMETRIC_REPRESENTATION_CONTEXT() REPRESENTATION_CONTEXT('2D SPACE',''
  ) );
#8064 = PCURVE('',#3800,#8065);
#8065 = DEFINITIONAL_REPRESENTATION('',(#8066),#8070);
#8066 = LINE('',#8067,#8068);
#8067 = CARTESIAN_POINT('',(3.839724354388,0.));
#8068 = VECTOR('',#8069,1.);
#8069 = DIRECTION('',(0.,1.));
#8070 = ( GEOMETRIC_REPRESENTATION_CONTEXT(2) 
PARAMETRIC_REPRESENTATION_CONTEXT() REPRESENTATION_CONTEXT('2D SPACE',''
  ) );
#8071 = ORIENTED_EDGE('',*,*,#7606,.T.);
#8072 = ORIENTED_EDGE('',*,*,#8024,.F.);
#8073 = ADVANCED_FACE('',(#8074),#3800,.T.);
#8074 = FACE_BOUND('',#8075,.T.);
#8075 = EDGE_LOOP('',(#8076,#8077,#8098,#8099));
#8076 = ORIENTED_EDGE('',*,*,#7532,.F.);
#8077 = ORIENTED_EDGE('',*,*,#8078,.F.);
#8078 = EDGE_CURVE('',#3719,#7506,#8079,.T.);
#8079 = SURFACE_CURVE('',#8080,(#8084,#8091),.PCURVE_S1.);
#8080 = LINE('',#8081,#8082);
#8081 = CARTESIAN_POINT('',(363.67124778518,0.,-1.991715552109));
#8082 = VECTOR('',#8083,1.);
#8083 = DIRECTION('',(0.,1.,0.));
#8084 = PCURVE('',#3800,#8085);
#8085 = DEFINITIONAL_REPRESENTATION('',(#8086),#8090);
#8086 = LINE('',#8087,#8088);
#8087 = CARTESIAN_POINT('',(2.443460952792,0.));
#8088 = VECTOR('',#8089,1.);
#8089 = DIRECTION('',(0.,1.));
#8090 = ( GEOMETRIC_REPRESENTATION_CONTEXT(2) 
PARAMETRIC_REPRESENTATION_CONTEXT() REPRESENTATION_CONTEXT('2D SPACE',''
  ) );
#8091 = PCURVE('',#3738,#8092);
#8092 = DEFINITIONAL_REPRESENTATION('',(#8093),#8097);
#8093 = LINE('',#8094,#8095);
#8094 = CARTESIAN_POINT('',(-0.,-0.));
#8095 = VECTOR('',#8096,1.);
#8096 = DIRECTION('',(-0.,-1.));
#8097 = ( GEOMETRIC_REPRESENTATION_CONTEXT(2) 
PARAMETRIC_REPRESENTATION_CONTEXT() REPRESENTATION_CONTEXT('2D SPACE',''
  ) );
#8098 = ORIENTED_EDGE('',*,*,#3750,.T.);
#8099 = ORIENTED_EDGE('',*,*,#8051,.T.);
#8100 = ADVANCED_FACE('',(#8101),#3738,.F.);
#8101 = FACE_BOUND('',#8102,.T.);
#8102 = EDGE_LOOP('',(#8103,#8104,#8105,#8106));
#8103 = ORIENTED_EDGE('',*,*,#7343,.F.);
#8104 = ORIENTED_EDGE('',*,*,#3718,.T.);
#8105 = ORIENTED_EDGE('',*,*,#8078,.T.);
#8106 = ORIENTED_EDGE('',*,*,#7505,.F.);
#8107 = ADVANCED_FACE('',(#8108),#3683,.T.);
#8108 = FACE_BOUND('',#8109,.F.);
#8109 = EDGE_LOOP('',(#8110,#8136,#8158,#8159,#8160,#8161));
#8110 = ORIENTED_EDGE('',*,*,#8111,.T.);
#8111 = EDGE_CURVE('',#8112,#8114,#8116,.T.);
#8112 = VERTEX_POINT('',#8113);
#8113 = CARTESIAN_POINT('',(367.,9.4,-14.04457190518));
#8114 = VERTEX_POINT('',#8115);
#8115 = CARTESIAN_POINT('',(367.,16.9,0.));
#8116 = SURFACE_CURVE('',#8117,(#8122,#8129),.PCURVE_S1.);
#8117 = CIRCLE('',#8118,16.9);
#8118 = AXIS2_PLACEMENT_3D('',#8119,#8120,#8121);
#8119 = CARTESIAN_POINT('',(367.,0.,0.));
#8120 = DIRECTION('',(1.,0.,0.));
#8121 = DIRECTION('',(-0.,1.,0.));
#8122 = PCURVE('',#3683,#8123);
#8123 = DEFINITIONAL_REPRESENTATION('',(#8124),#8128);
#8124 = CIRCLE('',#8125,16.9);
#8125 = AXIS2_PLACEMENT_2D('',#8126,#8127);
#8126 = CARTESIAN_POINT('',(0.,0.));
#8127 = DIRECTION('',(1.,-0.));
#8128 = ( GEOMETRIC_REPRESENTATION_CONTEXT(2) 
PARAMETRIC_REPRESENTATION_CONTEXT() REPRESENTATION_CONTEXT('2D SPACE',''
  ) );
#8129 = PCURVE('',#1824,#8130);
#8130 = DEFINITIONAL_REPRESENTATION('',(#8131),#8135);
#8131 = LINE('',#8132,#8133);
#8132 = CARTESIAN_POINT('',(0.,18.));
#8133 = VECTOR('',#8134,1.);
#8134 = DIRECTION('',(1.,0.));
#8135 = ( GEOMETRIC_REPRESENTATION_CONTEXT(2) 
PARAMETRIC_REPRESENTATION_CONTEXT() REPRESENTATION_CONTEXT('2D SPACE',''
  ) );
#8136 = ORIENTED_EDGE('',*,*,#8137,.T.);
#8137 = EDGE_CURVE('',#8114,#7278,#8138,.T.);
#8138 = SURFACE_CURVE('',#8139,(#8144,#8151),.PCURVE_S1.);
#8139 = CIRCLE('',#8140,16.9);
#8140 = AXIS2_PLACEMENT_3D('',#8141,#8142,#8143);
#8141 = CARTESIAN_POINT('',(367.,0.,0.));
#8142 = DIRECTION('',(1.,0.,0.));
#8143 = DIRECTION('',(-0.,1.,0.));
#8144 = PCURVE('',#3683,#8145);
#8145 = DEFINITIONAL_REPRESENTATION('',(#8146),#8150);
#8146 = CIRCLE('',#8147,16.9);
#8147 = AXIS2_PLACEMENT_2D('',#8148,#8149);
#8148 = CARTESIAN_POINT('',(0.,0.));
#8149 = DIRECTION('',(1.,-0.));
#8150 = ( GEOMETRIC_REPRESENTATION_CONTEXT(2) 
PARAMETRIC_REPRESENTATION_CONTEXT() REPRESENTATION_CONTEXT('2D SPACE',''
  ) );
#8151 = PCURVE('',#1824,#8152);
#8152 = DEFINITIONAL_REPRESENTATION('',(#8153),#8157);
#8153 = LINE('',#8154,#8155);
#8154 = CARTESIAN_POINT('',(0.,18.));
#8155 = VECTOR('',#8156,1.);
#8156 = DIRECTION('',(1.,0.));
#8157 = ( GEOMETRIC_REPRESENTATION_CONTEXT(2) 
PARAMETRIC_REPRESENTATION_CONTEXT() REPRESENTATION_CONTEXT('2D SPACE',''
  ) );
#8158 = ORIENTED_EDGE('',*,*,#7298,.T.);
#8159 = ORIENTED_EDGE('',*,*,#4053,.F.);
#8160 = ORIENTED_EDGE('',*,*,#3666,.F.);
#8161 = ORIENTED_EDGE('',*,*,#8162,.F.);
#8162 = EDGE_CURVE('',#8112,#3639,#8163,.T.);
#8163 = SURFACE_CURVE('',#8164,(#8168,#8174),.PCURVE_S1.);
#8164 = LINE('',#8165,#8166);
#8165 = CARTESIAN_POINT('',(367.,9.4,-10.5));
#8166 = VECTOR('',#8167,1.);
#8167 = DIRECTION('',(0.,0.,-1.));
#8168 = PCURVE('',#3683,#8169);
#8169 = DEFINITIONAL_REPRESENTATION('',(#8170),#8173);
#8170 = B_SPLINE_CURVE_WITH_KNOTS('',1,(#8171,#8172),.UNSPECIFIED.,.F.,
  .F.,(2,2),(0.5,5.781277591147),.PIECEWISE_BEZIER_KNOTS.);
#8171 = CARTESIAN_POINT('',(9.4,-11.));
#8172 = CARTESIAN_POINT('',(9.4,-16.28127759114));
#8173 = ( GEOMETRIC_REPRESENTATION_CONTEXT(2) 
PARAMETRIC_REPRESENTATION_CONTEXT() REPRESENTATION_CONTEXT('2D SPACE',''
  ) );
#8174 = PCURVE('',#3655,#8175);
#8175 = DEFINITIONAL_REPRESENTATION('',(#8176),#8179);
#8176 = B_SPLINE_CURVE_WITH_KNOTS('',1,(#8177,#8178),.UNSPECIFIED.,.F.,
  .F.,(2,2),(0.5,5.781277591147),.PIECEWISE_BEZIER_KNOTS.);
#8177 = CARTESIAN_POINT('',(10.,2.27));
#8178 = CARTESIAN_POINT('',(4.718722408853,2.27));
#8179 = ( GEOMETRIC_REPRESENTATION_CONTEXT(2) 
PARAMETRIC_REPRESENTATION_CONTEXT() REPRESENTATION_CONTEXT('2D SPACE',''
  ) );
#8180 = ADVANCED_FACE('',(#8181),#3655,.F.);
#8181 = FACE_BOUND('',#8182,.F.);
#8182 = EDGE_LOOP('',(#8183,#8184,#8185,#8204));
#8183 = ORIENTED_EDGE('',*,*,#3638,.T.);
#8184 = ORIENTED_EDGE('',*,*,#7227,.T.);
#8185 = ORIENTED_EDGE('',*,*,#8186,.T.);
#8186 = EDGE_CURVE('',#7228,#8112,#8187,.T.);
#8187 = SURFACE_CURVE('',#8188,(#8192,#8198),.PCURVE_S1.);
#8188 = LINE('',#8189,#8190);
#8189 = CARTESIAN_POINT('',(349.,9.4,-14.04457190518));
#8190 = VECTOR('',#8191,1.);
#8191 = DIRECTION('',(1.,0.,0.));
#8192 = PCURVE('',#3655,#8193);
#8193 = DEFINITIONAL_REPRESENTATION('',(#8194),#8197);
#8194 = B_SPLINE_CURVE_WITH_KNOTS('',1,(#8195,#8196),.UNSPECIFIED.,.F.,
  .F.,(2,2),(13.621,18.0000006),.PIECEWISE_BEZIER_KNOTS.);
#8195 = CARTESIAN_POINT('',(6.955428094812,-2.109));
#8196 = CARTESIAN_POINT('',(6.955428094812,2.2700006));
#8197 = ( GEOMETRIC_REPRESENTATION_CONTEXT(2) 
PARAMETRIC_REPRESENTATION_CONTEXT() REPRESENTATION_CONTEXT('2D SPACE',''
  ) );
#8198 = PCURVE('',#1824,#8199);
#8199 = DEFINITIONAL_REPRESENTATION('',(#8200),#8203);
#8200 = B_SPLINE_CURVE_WITH_KNOTS('',1,(#8201,#8202),.UNSPECIFIED.,.F.,
  .F.,(2,2),(13.621,18.0000006),.PIECEWISE_BEZIER_KNOTS.);
#8201 = CARTESIAN_POINT('',(5.302210873401,13.621));
#8202 = CARTESIAN_POINT('',(5.302210873401,18.0000006));
#8203 = ( GEOMETRIC_REPRESENTATION_CONTEXT(2) 
PARAMETRIC_REPRESENTATION_CONTEXT() REPRESENTATION_CONTEXT('2D SPACE',''
  ) );
#8204 = ORIENTED_EDGE('',*,*,#8162,.T.);
#8205 = ADVANCED_FACE('',(#8206),#3493,.T.);
#8206 = FACE_BOUND('',#8207,.T.);
#8207 = EDGE_LOOP('',(#8208,#8209,#8230,#8231));
#8208 = ORIENTED_EDGE('',*,*,#3443,.F.);
#8209 = ORIENTED_EDGE('',*,*,#8210,.F.);
#8210 = EDGE_CURVE('',#4854,#3412,#8211,.T.);
#8211 = SURFACE_CURVE('',#8212,(#8216,#8223),.PCURVE_S1.);
#8212 = LINE('',#8213,#8214);
#8213 = CARTESIAN_POINT('',(363.67124778518,-0.841735364514,
    -1.805107314439));
#8214 = VECTOR('',#8215,1.);
#8215 = DIRECTION('',(0.,0.906307787037,-0.422618261741));
#8216 = PCURVE('',#3493,#8217);
#8217 = DEFINITIONAL_REPRESENTATION('',(#8218),#8222);
#8218 = LINE('',#8219,#8220);
#8219 = CARTESIAN_POINT('',(2.443460952792,0.));
#8220 = VECTOR('',#8221,1.);
#8221 = DIRECTION('',(0.,1.));
#8222 = ( GEOMETRIC_REPRESENTATION_CONTEXT(2) 
PARAMETRIC_REPRESENTATION_CONTEXT() REPRESENTATION_CONTEXT('2D SPACE',''
  ) );
#8223 = PCURVE('',#3431,#8224);
#8224 = DEFINITIONAL_REPRESENTATION('',(#8225),#8229);
#8225 = LINE('',#8226,#8227);
#8226 = CARTESIAN_POINT('',(-0.,0.));
#8227 = VECTOR('',#8228,1.);
#8228 = DIRECTION('',(5.551115123126E-17,-1.));
#8229 = ( GEOMETRIC_REPRESENTATION_CONTEXT(2) 
PARAMETRIC_REPRESENTATION_CONTEXT() REPRESENTATION_CONTEXT('2D SPACE',''
  ) );
#8230 = ORIENTED_EDGE('',*,*,#4880,.T.);
#8231 = ORIENTED_EDGE('',*,*,#3592,.T.);
#8232 = ADVANCED_FACE('',(#8233),#3431,.F.);
#8233 = FACE_BOUND('',#8234,.T.);
#8234 = EDGE_LOOP('',(#8235,#8256,#8257,#8258));
#8235 = ORIENTED_EDGE('',*,*,#8236,.F.);
#8236 = EDGE_CURVE('',#4827,#3380,#8237,.T.);
#8237 = SURFACE_CURVE('',#8238,(#8242,#8249),.PCURVE_S1.);
#8238 = LINE('',#8239,#8240);
#8239 = CARTESIAN_POINT('',(366.04488194983,0.,0.));
#8240 = VECTOR('',#8241,1.);
#8241 = DIRECTION('',(0.,0.906307787037,-0.422618261741));
#8242 = PCURVE('',#3431,#8243);
#8243 = DEFINITIONAL_REPRESENTATION('',(#8244),#8248);
#8244 = LINE('',#8245,#8246);
#8245 = CARTESIAN_POINT('',(-3.098559340745,1.110223024625E-16));
#8246 = VECTOR('',#8247,1.);
#8247 = DIRECTION('',(5.551115123126E-17,-1.));
#8248 = ( GEOMETRIC_REPRESENTATION_CONTEXT(2) 
PARAMETRIC_REPRESENTATION_CONTEXT() REPRESENTATION_CONTEXT('2D SPACE',''
  ) );
#8249 = PCURVE('',#3399,#8250);
#8250 = DEFINITIONAL_REPRESENTATION('',(#8251),#8255);
#8251 = LINE('',#8252,#8253);
#8252 = CARTESIAN_POINT('',(-0.,0.));
#8253 = VECTOR('',#8254,1.);
#8254 = DIRECTION('',(5.551115123126E-17,-1.));
#8255 = ( GEOMETRIC_REPRESENTATION_CONTEXT(2) 
PARAMETRIC_REPRESENTATION_CONTEXT() REPRESENTATION_CONTEXT('2D SPACE',''
  ) );
#8256 = ORIENTED_EDGE('',*,*,#4853,.T.);
#8257 = ORIENTED_EDGE('',*,*,#8210,.T.);
#8258 = ORIENTED_EDGE('',*,*,#3411,.F.);
#8259 = ADVANCED_FACE('',(#8260),#3399,.F.);
#8260 = FACE_BOUND('',#8261,.T.);
#8261 = EDGE_LOOP('',(#8262,#8282,#8283,#8284));
#8262 = ORIENTED_EDGE('',*,*,#8263,.F.);
#8263 = EDGE_CURVE('',#4749,#3297,#8264,.T.);
#8264 = SURFACE_CURVE('',#8265,(#8269,#8276),.PCURVE_S1.);
#8265 = LINE('',#8266,#8267);
#8266 = CARTESIAN_POINT('',(363.67124778518,0.841735364514,
    1.805107314439));
#8267 = VECTOR('',#8268,1.);
#8268 = DIRECTION('',(0.,0.906307787037,-0.422618261741));
#8269 = PCURVE('',#3399,#8270);
#8270 = DEFINITIONAL_REPRESENTATION('',(#8271),#8275);
#8271 = LINE('',#8272,#8273);
#8272 = CARTESIAN_POINT('',(-3.098559340745,1.110223024625E-16));
#8273 = VECTOR('',#8274,1.);
#8274 = DIRECTION('',(5.551115123126E-17,-1.));
#8275 = ( GEOMETRIC_REPRESENTATION_CONTEXT(2) 
PARAMETRIC_REPRESENTATION_CONTEXT() REPRESENTATION_CONTEXT('2D SPACE',''
  ) );
#8276 = PCURVE('',#3345,#8277);
#8277 = DEFINITIONAL_REPRESENTATION('',(#8278),#8281);
#8278 = B_SPLINE_CURVE_WITH_KNOTS('',1,(#8279,#8280),.UNSPECIFIED.,.F.,
  .F.,(2,2),(18.392473165931,18.895318710185),.PIECEWISE_BEZIER_KNOTS.);
#8279 = CARTESIAN_POINT('',(6.981317007977,18.392473165931));
#8280 = CARTESIAN_POINT('',(6.981317007977,18.895318710185));
#8281 = ( GEOMETRIC_REPRESENTATION_CONTEXT(2) 
PARAMETRIC_REPRESENTATION_CONTEXT() REPRESENTATION_CONTEXT('2D SPACE',''
  ) );
#8282 = ORIENTED_EDGE('',*,*,#4826,.T.);
#8283 = ORIENTED_EDGE('',*,*,#8236,.T.);
#8284 = ORIENTED_EDGE('',*,*,#3379,.F.);
#8285 = ADVANCED_FACE('',(#8286),#3345,.T.);
#8286 = FACE_BOUND('',#8287,.T.);
#8287 = EDGE_LOOP('',(#8288,#8289,#8309,#8310));
#8288 = ORIENTED_EDGE('',*,*,#3296,.T.);
#8289 = ORIENTED_EDGE('',*,*,#8290,.F.);
#8290 = EDGE_CURVE('',#4722,#3265,#8291,.T.);
#8291 = SURFACE_CURVE('',#8292,(#8296,#8302),.PCURVE_S1.);
#8292 = LINE('',#8293,#8294);
#8293 = CARTESIAN_POINT('',(360.32875221481,0.841735364514,
    1.805107314439));
#8294 = VECTOR('',#8295,1.);
#8295 = DIRECTION('',(0.,0.906307787037,-0.422618261741));
#8296 = PCURVE('',#3345,#8297);
#8297 = DEFINITIONAL_REPRESENTATION('',(#8298),#8301);
#8298 = B_SPLINE_CURVE_WITH_KNOTS('',1,(#8299,#8300),.UNSPECIFIED.,.F.,
  .F.,(2,2),(18.392473165931,18.895318710185),.PIECEWISE_BEZIER_KNOTS.);
#8299 = CARTESIAN_POINT('',(5.585053606382,18.392473165931));
#8300 = CARTESIAN_POINT('',(5.585053606382,18.895318710185));
#8301 = ( GEOMETRIC_REPRESENTATION_CONTEXT(2) 
PARAMETRIC_REPRESENTATION_CONTEXT() REPRESENTATION_CONTEXT('2D SPACE',''
  ) );
#8302 = PCURVE('',#3284,#8303);
#8303 = DEFINITIONAL_REPRESENTATION('',(#8304),#8308);
#8304 = LINE('',#8305,#8306);
#8305 = CARTESIAN_POINT('',(3.098559340745,1.110223024625E-16));
#8306 = VECTOR('',#8307,1.);
#8307 = DIRECTION('',(-5.551115123126E-17,-1.));
#8308 = ( GEOMETRIC_REPRESENTATION_CONTEXT(2) 
PARAMETRIC_REPRESENTATION_CONTEXT() REPRESENTATION_CONTEXT('2D SPACE',''
  ) );
#8309 = ORIENTED_EDGE('',*,*,#4748,.F.);
#8310 = ORIENTED_EDGE('',*,*,#8263,.T.);
#8311 = ADVANCED_FACE('',(#8312),#3284,.F.);
#8312 = FACE_BOUND('',#8313,.F.);
#8313 = EDGE_LOOP('',(#8314,#8315,#8316,#8317));
#8314 = ORIENTED_EDGE('',*,*,#4721,.F.);
#8315 = ORIENTED_EDGE('',*,*,#3614,.T.);
#8316 = ORIENTED_EDGE('',*,*,#3262,.T.);
#8317 = ORIENTED_EDGE('',*,*,#8290,.F.);
#8318 = ADVANCED_FACE('',(#8319),#2857,.F.);
#8319 = FACE_BOUND('',#8320,.T.);
#8320 = EDGE_LOOP('',(#8321,#8322,#8345,#8372));
#8321 = ORIENTED_EDGE('',*,*,#2841,.F.);
#8322 = ORIENTED_EDGE('',*,*,#8323,.T.);
#8323 = EDGE_CURVE('',#2842,#8324,#8326,.T.);
#8324 = VERTEX_POINT('',#8325);
#8325 = CARTESIAN_POINT('',(363.92836282906,14.20309262373,
    -9.158720430374));
#8326 = SURFACE_CURVE('',#8327,(#8331,#8338),.PCURVE_S1.);
#8327 = LINE('',#8328,#8329);
#8328 = CARTESIAN_POINT('',(363.92836282906,11.17329123339,
    -7.74590083937));
#8329 = VECTOR('',#8330,1.);
#8330 = DIRECTION('',(0.,0.906307787037,-0.422618261741));
#8331 = PCURVE('',#2857,#8332);
#8332 = DEFINITIONAL_REPRESENTATION('',(#8333),#8337);
#8333 = LINE('',#8334,#8335);
#8334 = CARTESIAN_POINT('',(-0.,0.));
#8335 = VECTOR('',#8336,1.);
#8336 = DIRECTION('',(-0.,-1.));
#8337 = ( GEOMETRIC_REPRESENTATION_CONTEXT(2) 
PARAMETRIC_REPRESENTATION_CONTEXT() REPRESENTATION_CONTEXT('2D SPACE',''
  ) );
#8338 = PCURVE('',#2587,#8339);
#8339 = DEFINITIONAL_REPRESENTATION('',(#8340),#8344);
#8340 = LINE('',#8341,#8342);
#8341 = CARTESIAN_POINT('',(2.443460952792,0.));
#8342 = VECTOR('',#8343,1.);
#8343 = DIRECTION('',(0.,1.));
#8344 = ( GEOMETRIC_REPRESENTATION_CONTEXT(2) 
PARAMETRIC_REPRESENTATION_CONTEXT() REPRESENTATION_CONTEXT('2D SPACE',''
  ) );
#8345 = ORIENTED_EDGE('',*,*,#8346,.F.);
#8346 = EDGE_CURVE('',#8347,#8324,#8349,.T.);
#8347 = VERTEX_POINT('',#8348);
#8348 = CARTESIAN_POINT('',(366.66717148058,15.316601600919,
    -7.142248623418));
#8349 = SURFACE_CURVE('',#8350,(#8355,#8362),.PCURVE_S1.);
#8350 = ELLIPSE('',#8351,26.291732673941,16.9);
#8351 = AXIS2_PLACEMENT_3D('',#8352,#8353,#8354);
#8352 = CARTESIAN_POINT('',(366.66717148058,0.,0.));
#8353 = DIRECTION('',(-0.642787609687,0.323744370967,0.694272044015));
#8354 = DIRECTION('',(0.766044443119,0.271653782274,0.58256341607));
#8355 = PCURVE('',#2857,#8356);
#8356 = DEFINITIONAL_REPRESENTATION('',(#8357),#8361);
#8357 = ELLIPSE('',#8358,26.291732673941,16.9);
#8358 = AXIS2_PLACEMENT_2D('',#8359,#8360);
#8359 = CARTESIAN_POINT('',(-3.575260777783,13.4));
#8360 = DIRECTION('',(-1.,0.));
#8361 = ( GEOMETRIC_REPRESENTATION_CONTEXT(2) 
PARAMETRIC_REPRESENTATION_CONTEXT() REPRESENTATION_CONTEXT('2D SPACE',''
  ) );
#8362 = PCURVE('',#1824,#8363);
#8363 = DEFINITIONAL_REPRESENTATION('',(#8364),#8371);
#8364 = B_SPLINE_CURVE_WITH_KNOTS('',5,(#8365,#8366,#8367,#8368,#8369,
    #8370),.UNSPECIFIED.,.F.,.F.,(6,6),(1.557197485596,1.720942479798),
  .PIECEWISE_BEZIER_KNOTS.);
#8365 = CARTESIAN_POINT('',(5.86045183538,17.941052345733));
#8366 = CARTESIAN_POINT('',(5.82770283654,17.281527677212));
#8367 = CARTESIAN_POINT('',(5.794953837699,16.621635837511));
#8368 = CARTESIAN_POINT('',(5.762204838859,15.962850452062));
#8369 = CARTESIAN_POINT('',(5.729455840018,15.30664677079));
#8370 = CARTESIAN_POINT('',(5.696706841178,14.654481963907));
#8371 = ( GEOMETRIC_REPRESENTATION_CONTEXT(2) 
PARAMETRIC_REPRESENTATION_CONTEXT() REPRESENTATION_CONTEXT('2D SPACE',''
  ) );
#8372 = ORIENTED_EDGE('',*,*,#8373,.F.);
#8373 = EDGE_CURVE('',#2814,#8347,#8374,.T.);
#8374 = SURFACE_CURVE('',#8375,(#8379,#8386),.PCURVE_S1.);
#8375 = LINE('',#8376,#8377);
#8376 = CARTESIAN_POINT('',(366.66717148058,12.144524346291,
    -5.663084707325));
#8377 = VECTOR('',#8378,1.);
#8378 = DIRECTION('',(0.,0.906307787037,-0.422618261741));
#8379 = PCURVE('',#2857,#8380);
#8380 = DEFINITIONAL_REPRESENTATION('',(#8381),#8385);
#8381 = LINE('',#8382,#8383);
#8382 = CARTESIAN_POINT('',(-3.575260777783,-3.330669073875E-16));
#8383 = VECTOR('',#8384,1.);
#8384 = DIRECTION('',(-0.,-1.));
#8385 = ( GEOMETRIC_REPRESENTATION_CONTEXT(2) 
PARAMETRIC_REPRESENTATION_CONTEXT() REPRESENTATION_CONTEXT('2D SPACE',''
  ) );
#8386 = PCURVE('',#2829,#8387);
#8387 = DEFINITIONAL_REPRESENTATION('',(#8388),#8392);
#8388 = LINE('',#8389,#8390);
#8389 = CARTESIAN_POINT('',(-0.,0.));
#8390 = VECTOR('',#8391,1.);
#8391 = DIRECTION('',(-0.,-1.));
#8392 = ( GEOMETRIC_REPRESENTATION_CONTEXT(2) 
PARAMETRIC_REPRESENTATION_CONTEXT() REPRESENTATION_CONTEXT('2D SPACE',''
  ) );
#8393 = ADVANCED_FACE('',(#8394),#2829,.F.);
#8394 = FACE_BOUND('',#8395,.T.);
#8395 = EDGE_LOOP('',(#8396,#8397,#8398,#8425));
#8396 = ORIENTED_EDGE('',*,*,#2813,.F.);
#8397 = ORIENTED_EDGE('',*,*,#8373,.T.);
#8398 = ORIENTED_EDGE('',*,*,#8399,.F.);
#8399 = EDGE_CURVE('',#8400,#8347,#8402,.T.);
#8400 = VERTEX_POINT('',#8401);
#8401 = CARTESIAN_POINT('',(363.92836282906,16.145558849532,
    -4.993088166285));
#8402 = SURFACE_CURVE('',#8403,(#8408,#8415),.PCURVE_S1.);
#8403 = ELLIPSE('',#8404,26.291732673941,16.9);
#8404 = AXIS2_PLACEMENT_3D('',#8405,#8406,#8407);
#8405 = CARTESIAN_POINT('',(366.66717148058,0.,0.));
#8406 = DIRECTION('',(-0.642787609687,-0.323744370967,-0.694272044015));
#8407 = DIRECTION('',(0.766044443119,-0.271653782274,-0.58256341607));
#8408 = PCURVE('',#2829,#8409);
#8409 = DEFINITIONAL_REPRESENTATION('',(#8410),#8414);
#8410 = ELLIPSE('',#8411,26.291732673941,16.9);
#8411 = AXIS2_PLACEMENT_2D('',#8412,#8413);
#8412 = CARTESIAN_POINT('',(0.,13.4));
#8413 = DIRECTION('',(1.,-0.));
#8414 = ( GEOMETRIC_REPRESENTATION_CONTEXT(2) 
PARAMETRIC_REPRESENTATION_CONTEXT() REPRESENTATION_CONTEXT('2D SPACE',''
  ) );
#8415 = PCURVE('',#1824,#8416);
#8416 = DEFINITIONAL_REPRESENTATION('',(#8417),#8424);
#8417 = B_SPLINE_CURVE_WITH_KNOTS('',5,(#8418,#8419,#8420,#8421,#8422,
    #8423),.UNSPECIFIED.,.F.,.F.,(6,6),(4.562242827382,4.725987821584),
  .PIECEWISE_BEZIER_KNOTS.);
#8418 = CARTESIAN_POINT('',(5.996999147184,14.654481963907));
#8419 = CARTESIAN_POINT('',(5.964250148344,15.30664677079));
#8420 = CARTESIAN_POINT('',(5.931501149503,15.962850452062));
#8421 = CARTESIAN_POINT('',(5.898752150663,16.621635837511));
#8422 = CARTESIAN_POINT('',(5.866003151823,17.281527677212));
#8423 = CARTESIAN_POINT('',(5.833254152982,17.941052345733));
#8424 = ( GEOMETRIC_REPRESENTATION_CONTEXT(2) 
PARAMETRIC_REPRESENTATION_CONTEXT() REPRESENTATION_CONTEXT('2D SPACE',''
  ) );
#8425 = ORIENTED_EDGE('',*,*,#8426,.F.);
#8426 = EDGE_CURVE('',#2791,#8400,#8427,.T.);
#8427 = SURFACE_CURVE('',#8428,(#8432,#8439),.PCURVE_S1.);
#8428 = LINE('',#8429,#8430);
#8429 = CARTESIAN_POINT('',(363.92836282906,13.115757459192,
    -3.580268575281));
#8430 = VECTOR('',#8431,1.);
#8431 = DIRECTION('',(0.,0.906307787037,-0.422618261741));
#8432 = PCURVE('',#2829,#8433);
#8433 = DEFINITIONAL_REPRESENTATION('',(#8434),#8438);
#8434 = LINE('',#8435,#8436);
#8435 = CARTESIAN_POINT('',(-3.575260777783,-2.22044604925E-16));
#8436 = VECTOR('',#8437,1.);
#8437 = DIRECTION('',(-0.,-1.));
#8438 = ( GEOMETRIC_REPRESENTATION_CONTEXT(2) 
PARAMETRIC_REPRESENTATION_CONTEXT() REPRESENTATION_CONTEXT('2D SPACE',''
  ) );
#8439 = PCURVE('',#2752,#8440);
#8440 = DEFINITIONAL_REPRESENTATION('',(#8441),#8444);
#8441 = B_SPLINE_CURVE_WITH_KNOTS('',1,(#8442,#8443),.UNSPECIFIED.,.F.,
  .F.,(2,2),(0.,3.343015952943),.PIECEWISE_BEZIER_KNOTS.);
#8442 = CARTESIAN_POINT('',(6.981317007977,0.));
#8443 = CARTESIAN_POINT('',(6.981317007977,3.343015952943));
#8444 = ( GEOMETRIC_REPRESENTATION_CONTEXT(2) 
PARAMETRIC_REPRESENTATION_CONTEXT() REPRESENTATION_CONTEXT('2D SPACE',''
  ) );
#8445 = ADVANCED_FACE('',(#8446,#8645),#2779,.F.);
#8446 = FACE_BOUND('',#8447,.F.);
#8447 = EDGE_LOOP('',(#8448,#8483,#8511,#8539,#8566,#8567,#8591,#8619));
#8448 = ORIENTED_EDGE('',*,*,#8449,.F.);
#8449 = EDGE_CURVE('',#8450,#8452,#8454,.T.);
#8450 = VERTEX_POINT('',#8451);
#8451 = CARTESIAN_POINT('',(363.92836282906,13.4,2.298133329357));
#8452 = VERTEX_POINT('',#8453);
#8453 = CARTESIAN_POINT('',(360.07163717094,13.4,2.298133329357));
#8454 = SURFACE_CURVE('',#8455,(#8460,#8471),.PCURVE_S1.);
#8455 = CIRCLE('',#8456,3.);
#8456 = AXIS2_PLACEMENT_3D('',#8457,#8458,#8459);
#8457 = CARTESIAN_POINT('',(362.,13.4,0.));
#8458 = DIRECTION('',(0.,-1.,0.));
#8459 = DIRECTION('',(0.642787609687,0.,0.766044443119));
#8460 = PCURVE('',#2779,#8461);
#8461 = DEFINITIONAL_REPRESENTATION('',(#8462),#8470);
#8462 = ( BOUNDED_CURVE() B_SPLINE_CURVE(2,(#8463,#8464,#8465,#8466,
#8467,#8468,#8469),.UNSPECIFIED.,.T.,.F.) B_SPLINE_CURVE_WITH_KNOTS((1,2
    ,2,2,2,1),(-2.094395102393,0.,2.094395102393,4.188790204786,
6.28318530718,8.377580409573),.UNSPECIFIED.) CURVE() 
GEOMETRIC_REPRESENTATION_ITEM() RATIONAL_B_SPLINE_CURVE((1.,0.5,1.,0.5,
1.,0.5,1.)) REPRESENTATION_ITEM('') );
#8463 = CARTESIAN_POINT('',(2.298133329357,1.92836282906));
#8464 = CARTESIAN_POINT('',(5.638155724715,-2.052120859954));
#8465 = CARTESIAN_POINT('',(0.520944533001,-2.954423259037));
#8466 = CARTESIAN_POINT('',(-4.596266658714,-3.856725658119));
#8467 = CARTESIAN_POINT('',(-2.819077862358,1.026060429977));
#8468 = CARTESIAN_POINT('',(-1.041889066002,5.908846518073));
#8469 = CARTESIAN_POINT('',(2.298133329357,1.92836282906));
#8470 = ( GEOMETRIC_REPRESENTATION_CONTEXT(2) 
PARAMETRIC_REPRESENTATION_CONTEXT() REPRESENTATION_CONTEXT('2D SPACE',''
  ) );
#8471 = PCURVE('',#8472,#8477);
#8472 = CYLINDRICAL_SURFACE('',#8473,3.);
#8473 = AXIS2_PLACEMENT_3D('',#8474,#8475,#8476);
#8474 = CARTESIAN_POINT('',(362.,13.4,0.));
#8475 = DIRECTION('',(0.,1.,0.));
#8476 = DIRECTION('',(0.,-0.,1.));
#8477 = DEFINITIONAL_REPRESENTATION('',(#8478),#8482);
#8478 = LINE('',#8479,#8480);
#8479 = CARTESIAN_POINT('',(6.981317007977,0.));
#8480 = VECTOR('',#8481,1.);
#8481 = DIRECTION('',(-1.,-0.));
#8482 = ( GEOMETRIC_REPRESENTATION_CONTEXT(2) 
PARAMETRIC_REPRESENTATION_CONTEXT() REPRESENTATION_CONTEXT('2D SPACE',''
  ) );
#8483 = ORIENTED_EDGE('',*,*,#8484,.F.);
#8484 = EDGE_CURVE('',#8485,#8450,#8487,.T.);
#8485 = VERTEX_POINT('',#8486);
#8486 = CARTESIAN_POINT('',(366.66717148058,13.4,0.));
#8487 = SURFACE_CURVE('',#8488,(#8492,#8499),.PCURVE_S1.);
#8488 = LINE('',#8489,#8490);
#8489 = CARTESIAN_POINT('',(366.66717148058,13.4,0.));
#8490 = VECTOR('',#8491,1.);
#8491 = DIRECTION('',(-0.766044443119,-0.,0.642787609687));
#8492 = PCURVE('',#2779,#8493);
#8493 = DEFINITIONAL_REPRESENTATION('',(#8494),#8498);
#8494 = LINE('',#8495,#8496);
#8495 = CARTESIAN_POINT('',(0.,4.667171480581));
#8496 = VECTOR('',#8497,1.);
#8497 = DIRECTION('',(0.642787609687,-0.766044443119));
#8498 = ( GEOMETRIC_REPRESENTATION_CONTEXT(2) 
PARAMETRIC_REPRESENTATION_CONTEXT() REPRESENTATION_CONTEXT('2D SPACE',''
  ) );
#8499 = PCURVE('',#8500,#8505);
#8500 = PLANE('',#8501);
#8501 = AXIS2_PLACEMENT_3D('',#8502,#8503,#8504);
#8502 = CARTESIAN_POINT('',(366.66717148058,13.4,0.));
#8503 = DIRECTION('',(-0.642787609687,-0.,-0.766044443119));
#8504 = DIRECTION('',(0.766044443119,0.,-0.642787609687));
#8505 = DEFINITIONAL_REPRESENTATION('',(#8506),#8510);
#8506 = LINE('',#8507,#8508);
#8507 = CARTESIAN_POINT('',(-0.,-0.));
#8508 = VECTOR('',#8509,1.);
#8509 = DIRECTION('',(-1.,0.));
#8510 = ( GEOMETRIC_REPRESENTATION_CONTEXT(2) 
PARAMETRIC_REPRESENTATION_CONTEXT() REPRESENTATION_CONTEXT('2D SPACE',''
  ) );
#8511 = ORIENTED_EDGE('',*,*,#8512,.F.);
#8512 = EDGE_CURVE('',#8513,#8485,#8515,.T.);
#8513 = VERTEX_POINT('',#8514);
#8514 = CARTESIAN_POINT('',(363.92836282906,13.4,-2.298133329357));
#8515 = SURFACE_CURVE('',#8516,(#8520,#8527),.PCURVE_S1.);
#8516 = LINE('',#8517,#8518);
#8517 = CARTESIAN_POINT('',(363.92836282906,13.4,-2.298133329357));
#8518 = VECTOR('',#8519,1.);
#8519 = DIRECTION('',(0.766044443119,-0.,0.642787609687));
#8520 = PCURVE('',#2779,#8521);
#8521 = DEFINITIONAL_REPRESENTATION('',(#8522),#8526);
#8522 = LINE('',#8523,#8524);
#8523 = CARTESIAN_POINT('',(-2.298133329357,1.92836282906));
#8524 = VECTOR('',#8525,1.);
#8525 = DIRECTION('',(0.642787609687,0.766044443119));
#8526 = ( GEOMETRIC_REPRESENTATION_CONTEXT(2) 
PARAMETRIC_REPRESENTATION_CONTEXT() REPRESENTATION_CONTEXT('2D SPACE',''
  ) );
#8527 = PCURVE('',#8528,#8533);
#8528 = PLANE('',#8529);
#8529 = AXIS2_PLACEMENT_3D('',#8530,#8531,#8532);
#8530 = CARTESIAN_POINT('',(363.92836282906,13.4,-2.298133329357));
#8531 = DIRECTION('',(-0.642787609687,-0.,0.766044443119));
#8532 = DIRECTION('',(-0.766044443119,0.,-0.642787609687));
#8533 = DEFINITIONAL_REPRESENTATION('',(#8534),#8538);
#8534 = LINE('',#8535,#8536);
#8535 = CARTESIAN_POINT('',(-0.,-0.));
#8536 = VECTOR('',#8537,1.);
#8537 = DIRECTION('',(-1.,-0.));
#8538 = ( GEOMETRIC_REPRESENTATION_CONTEXT(2) 
PARAMETRIC_REPRESENTATION_CONTEXT() REPRESENTATION_CONTEXT('2D SPACE',''
  ) );
#8539 = ORIENTED_EDGE('',*,*,#8540,.T.);
#8540 = EDGE_CURVE('',#8513,#2764,#8541,.T.);
#8541 = SURFACE_CURVE('',#8542,(#8547,#8554),.PCURVE_S1.);
#8542 = CIRCLE('',#8543,3.);
#8543 = AXIS2_PLACEMENT_3D('',#8544,#8545,#8546);
#8544 = CARTESIAN_POINT('',(362.,13.4,0.));
#8545 = DIRECTION('',(0.,1.,0.));
#8546 = DIRECTION('',(0.,-0.,1.));
#8547 = PCURVE('',#2779,#8548);
#8548 = DEFINITIONAL_REPRESENTATION('',(#8549),#8553);
#8549 = CIRCLE('',#8550,3.);
#8550 = AXIS2_PLACEMENT_2D('',#8551,#8552);
#8551 = CARTESIAN_POINT('',(0.,0.));
#8552 = DIRECTION('',(1.,0.));
#8553 = ( GEOMETRIC_REPRESENTATION_CONTEXT(2) 
PARAMETRIC_REPRESENTATION_CONTEXT() REPRESENTATION_CONTEXT('2D SPACE',''
  ) );
#8554 = PCURVE('',#8555,#8560);
#8555 = CYLINDRICAL_SURFACE('',#8556,3.);
#8556 = AXIS2_PLACEMENT_3D('',#8557,#8558,#8559);
#8557 = CARTESIAN_POINT('',(362.,13.4,0.));
#8558 = DIRECTION('',(0.,1.,0.));
#8559 = DIRECTION('',(0.,-0.,1.));
#8560 = DEFINITIONAL_REPRESENTATION('',(#8561),#8565);
#8561 = LINE('',#8562,#8563);
#8562 = CARTESIAN_POINT('',(0.,0.));
#8563 = VECTOR('',#8564,1.);
#8564 = DIRECTION('',(1.,0.));
#8565 = ( GEOMETRIC_REPRESENTATION_CONTEXT(2) 
PARAMETRIC_REPRESENTATION_CONTEXT() REPRESENTATION_CONTEXT('2D SPACE',''
  ) );
#8566 = ORIENTED_EDGE('',*,*,#2763,.T.);
#8567 = ORIENTED_EDGE('',*,*,#8568,.T.);
#8568 = EDGE_CURVE('',#2736,#8569,#8571,.T.);
#8569 = VERTEX_POINT('',#8570);
#8570 = CARTESIAN_POINT('',(360.07163717094,13.4,-2.298133329357));
#8571 = SURFACE_CURVE('',#8572,(#8577,#8584),.PCURVE_S1.);
#8572 = CIRCLE('',#8573,3.);
#8573 = AXIS2_PLACEMENT_3D('',#8574,#8575,#8576);
#8574 = CARTESIAN_POINT('',(362.,13.4,0.));
#8575 = DIRECTION('',(0.,1.,0.));
#8576 = DIRECTION('',(0.,-0.,1.));
#8577 = PCURVE('',#2779,#8578);
#8578 = DEFINITIONAL_REPRESENTATION('',(#8579),#8583);
#8579 = CIRCLE('',#8580,3.);
#8580 = AXIS2_PLACEMENT_2D('',#8581,#8582);
#8581 = CARTESIAN_POINT('',(0.,0.));
#8582 = DIRECTION('',(1.,0.));
#8583 = ( GEOMETRIC_REPRESENTATION_CONTEXT(2) 
PARAMETRIC_REPRESENTATION_CONTEXT() REPRESENTATION_CONTEXT('2D SPACE',''
  ) );
#8584 = PCURVE('',#8555,#8585);
#8585 = DEFINITIONAL_REPRESENTATION('',(#8586),#8590);
#8586 = LINE('',#8587,#8588);
#8587 = CARTESIAN_POINT('',(0.,0.));
#8588 = VECTOR('',#8589,1.);
#8589 = DIRECTION('',(1.,0.));
#8590 = ( GEOMETRIC_REPRESENTATION_CONTEXT(2) 
PARAMETRIC_REPRESENTATION_CONTEXT() REPRESENTATION_CONTEXT('2D SPACE',''
  ) );
#8591 = ORIENTED_EDGE('',*,*,#8592,.T.);
#8592 = EDGE_CURVE('',#8569,#8593,#8595,.T.);
#8593 = VERTEX_POINT('',#8594);
#8594 = CARTESIAN_POINT('',(357.33282851941,13.4,0.));
#8595 = SURFACE_CURVE('',#8596,(#8600,#8607),.PCURVE_S1.);
#8596 = LINE('',#8597,#8598);
#8597 = CARTESIAN_POINT('',(360.07163717094,13.4,-2.298133329357));
#8598 = VECTOR('',#8599,1.);
#8599 = DIRECTION('',(-0.766044443119,0.,0.642787609687));
#8600 = PCURVE('',#2779,#8601);
#8601 = DEFINITIONAL_REPRESENTATION('',(#8602),#8606);
#8602 = LINE('',#8603,#8604);
#8603 = CARTESIAN_POINT('',(-2.298133329357,-1.92836282906));
#8604 = VECTOR('',#8605,1.);
#8605 = DIRECTION('',(0.642787609687,-0.766044443119));
#8606 = ( GEOMETRIC_REPRESENTATION_CONTEXT(2) 
PARAMETRIC_REPRESENTATION_CONTEXT() REPRESENTATION_CONTEXT('2D SPACE',''
  ) );
#8607 = PCURVE('',#8608,#8613);
#8608 = PLANE('',#8609);
#8609 = AXIS2_PLACEMENT_3D('',#8610,#8611,#8612);
#8610 = CARTESIAN_POINT('',(360.07163717094,13.4,-2.298133329357));
#8611 = DIRECTION('',(0.642787609687,0.,0.766044443119));
#8612 = DIRECTION('',(-0.766044443119,0.,0.642787609687));
#8613 = DEFINITIONAL_REPRESENTATION('',(#8614),#8618);
#8614 = LINE('',#8615,#8616);
#8615 = CARTESIAN_POINT('',(0.,0.));
#8616 = VECTOR('',#8617,1.);
#8617 = DIRECTION('',(1.,0.));
#8618 = ( GEOMETRIC_REPRESENTATION_CONTEXT(2) 
PARAMETRIC_REPRESENTATION_CONTEXT() REPRESENTATION_CONTEXT('2D SPACE',''
  ) );
#8619 = ORIENTED_EDGE('',*,*,#8620,.T.);
#8620 = EDGE_CURVE('',#8593,#8452,#8621,.T.);
#8621 = SURFACE_CURVE('',#8622,(#8626,#8633),.PCURVE_S1.);
#8622 = LINE('',#8623,#8624);
#8623 = CARTESIAN_POINT('',(357.33282851941,13.4,0.));
#8624 = VECTOR('',#8625,1.);
#8625 = DIRECTION('',(0.766044443119,0.,0.642787609687));
#8626 = PCURVE('',#2779,#8627);
#8627 = DEFINITIONAL_REPRESENTATION('',(#8628),#8632);
#8628 = LINE('',#8629,#8630);
#8629 = CARTESIAN_POINT('',(0.,-4.667171480581));
#8630 = VECTOR('',#8631,1.);
#8631 = DIRECTION('',(0.642787609687,0.766044443119));
#8632 = ( GEOMETRIC_REPRESENTATION_CONTEXT(2) 
PARAMETRIC_REPRESENTATION_CONTEXT() REPRESENTATION_CONTEXT('2D SPACE',''
  ) );
#8633 = PCURVE('',#8634,#8639);
#8634 = PLANE('',#8635);
#8635 = AXIS2_PLACEMENT_3D('',#8636,#8637,#8638);
#8636 = CARTESIAN_POINT('',(357.33282851941,13.4,0.));
#8637 = DIRECTION('',(0.642787609687,0.,-0.766044443119));
#8638 = DIRECTION('',(0.766044443119,0.,0.642787609687));
#8639 = DEFINITIONAL_REPRESENTATION('',(#8640),#8644);
#8640 = LINE('',#8641,#8642);
#8641 = CARTESIAN_POINT('',(0.,0.));
#8642 = VECTOR('',#8643,1.);
#8643 = DIRECTION('',(1.,0.));
#8644 = ( GEOMETRIC_REPRESENTATION_CONTEXT(2) 
PARAMETRIC_REPRESENTATION_CONTEXT() REPRESENTATION_CONTEXT('2D SPACE',''
  ) );
#8645 = FACE_BOUND('',#8646,.F.);
#8646 = EDGE_LOOP('',(#8647));
#8647 = ORIENTED_EDGE('',*,*,#7966,.T.);
#8648 = ADVANCED_FACE('',(#8649),#8500,.F.);
#8649 = FACE_BOUND('',#8650,.T.);
#8650 = EDGE_LOOP('',(#8651,#8652,#8675,#8702));
#8651 = ORIENTED_EDGE('',*,*,#8484,.F.);
#8652 = ORIENTED_EDGE('',*,*,#8653,.T.);
#8653 = EDGE_CURVE('',#8485,#8654,#8656,.T.);
#8654 = VERTEX_POINT('',#8655);
#8655 = CARTESIAN_POINT('',(366.66717148058,16.9,0.));
#8656 = SURFACE_CURVE('',#8657,(#8661,#8668),.PCURVE_S1.);
#8657 = LINE('',#8658,#8659);
#8658 = CARTESIAN_POINT('',(366.66717148058,13.4,0.));
#8659 = VECTOR('',#8660,1.);
#8660 = DIRECTION('',(-0.,1.,-0.));
#8661 = PCURVE('',#8500,#8662);
#8662 = DEFINITIONAL_REPRESENTATION('',(#8663),#8667);
#8663 = LINE('',#8664,#8665);
#8664 = CARTESIAN_POINT('',(-0.,-0.));
#8665 = VECTOR('',#8666,1.);
#8666 = DIRECTION('',(-0.,-1.));
#8667 = ( GEOMETRIC_REPRESENTATION_CONTEXT(2) 
PARAMETRIC_REPRESENTATION_CONTEXT() REPRESENTATION_CONTEXT('2D SPACE',''
  ) );
#8668 = PCURVE('',#8528,#8669);
#8669 = DEFINITIONAL_REPRESENTATION('',(#8670),#8674);
#8670 = LINE('',#8671,#8672);
#8671 = CARTESIAN_POINT('',(-3.575260777783,-0.));
#8672 = VECTOR('',#8673,1.);
#8673 = DIRECTION('',(-0.,-1.));
#8674 = ( GEOMETRIC_REPRESENTATION_CONTEXT(2) 
PARAMETRIC_REPRESENTATION_CONTEXT() REPRESENTATION_CONTEXT('2D SPACE',''
  ) );
#8675 = ORIENTED_EDGE('',*,*,#8676,.F.);
#8676 = EDGE_CURVE('',#8677,#8654,#8679,.T.);
#8677 = VERTEX_POINT('',#8678);
#8678 = CARTESIAN_POINT('',(363.92836282906,16.743015952943,
    2.298133329357));
#8679 = SURFACE_CURVE('',#8680,(#8685,#8692),.PCURVE_S1.);
#8680 = ELLIPSE('',#8681,26.291732673941,16.9);
#8681 = AXIS2_PLACEMENT_3D('',#8682,#8683,#8684);
#8682 = CARTESIAN_POINT('',(366.66717148058,0.,0.));
#8683 = DIRECTION('',(-0.642787609687,-0.,-0.766044443119));
#8684 = DIRECTION('',(0.766044443119,0.,-0.642787609687));
#8685 = PCURVE('',#8500,#8686);
#8686 = DEFINITIONAL_REPRESENTATION('',(#8687),#8691);
#8687 = ELLIPSE('',#8688,26.291732673941,16.9);
#8688 = AXIS2_PLACEMENT_2D('',#8689,#8690);
#8689 = CARTESIAN_POINT('',(0.,13.4));
#8690 = DIRECTION('',(1.,-0.));
#8691 = ( GEOMETRIC_REPRESENTATION_CONTEXT(2) 
PARAMETRIC_REPRESENTATION_CONTEXT() REPRESENTATION_CONTEXT('2D SPACE',''
  ) );
#8692 = PCURVE('',#1824,#8693);
#8693 = DEFINITIONAL_REPRESENTATION('',(#8694),#8701);
#8694 = B_SPLINE_CURVE_WITH_KNOTS('',5,(#8695,#8696,#8697,#8698,#8699,
    #8700),.UNSPECIFIED.,.F.,.F.,(6,6),(4.562242827382,4.712388980385),
  .PIECEWISE_BEZIER_KNOTS.);
#8695 = CARTESIAN_POINT('',(0.150146153003,14.654481963907));
#8696 = CARTESIAN_POINT('',(0.120116922402,15.252485202752));
#8697 = CARTESIAN_POINT('',(9.008769180171E-02,15.85388432464));
#8698 = CARTESIAN_POINT('',(6.005846120114E-02,16.457555891468));
#8699 = CARTESIAN_POINT('',(3.002923060057E-02,17.062363686258));
#8700 = CARTESIAN_POINT('',(1.836970198721E-16,17.667171480581));
#8701 = ( GEOMETRIC_REPRESENTATION_CONTEXT(2) 
PARAMETRIC_REPRESENTATION_CONTEXT() REPRESENTATION_CONTEXT('2D SPACE',''
  ) );
#8702 = ORIENTED_EDGE('',*,*,#8703,.F.);
#8703 = EDGE_CURVE('',#8450,#8677,#8704,.T.);
#8704 = SURFACE_CURVE('',#8705,(#8709,#8716),.PCURVE_S1.);
#8705 = LINE('',#8706,#8707);
#8706 = CARTESIAN_POINT('',(363.92836282906,13.4,2.298133329357));
#8707 = VECTOR('',#8708,1.);
#8708 = DIRECTION('',(-0.,1.,-0.));
#8709 = PCURVE('',#8500,#8710);
#8710 = DEFINITIONAL_REPRESENTATION('',(#8711),#8715);
#8711 = LINE('',#8712,#8713);
#8712 = CARTESIAN_POINT('',(-3.575260777783,0.));
#8713 = VECTOR('',#8714,1.);
#8714 = DIRECTION('',(-0.,-1.));
#8715 = ( GEOMETRIC_REPRESENTATION_CONTEXT(2) 
PARAMETRIC_REPRESENTATION_CONTEXT() REPRESENTATION_CONTEXT('2D SPACE',''
  ) );
#8716 = PCURVE('',#8472,#8717);
#8717 = DEFINITIONAL_REPRESENTATION('',(#8718),#8721);
#8718 = B_SPLINE_CURVE_WITH_KNOTS('',1,(#8719,#8720),.UNSPECIFIED.,.F.,
  .F.,(2,2),(0.,3.343015952943),.PIECEWISE_BEZIER_KNOTS.);
#8719 = CARTESIAN_POINT('',(6.981317007977,0.));
#8720 = CARTESIAN_POINT('',(6.981317007977,3.343015952943));
#8721 = ( GEOMETRIC_REPRESENTATION_CONTEXT(2) 
PARAMETRIC_REPRESENTATION_CONTEXT() REPRESENTATION_CONTEXT('2D SPACE',''
  ) );
#8722 = ADVANCED_FACE('',(#8723),#8528,.F.);
#8723 = FACE_BOUND('',#8724,.T.);
#8724 = EDGE_LOOP('',(#8725,#8726,#8749,#8774));
#8725 = ORIENTED_EDGE('',*,*,#8512,.F.);
#8726 = ORIENTED_EDGE('',*,*,#8727,.T.);
#8727 = EDGE_CURVE('',#8513,#8728,#8730,.T.);
#8728 = VERTEX_POINT('',#8729);
#8729 = CARTESIAN_POINT('',(363.92836282906,16.743015952943,
    -2.298133329357));
#8730 = SURFACE_CURVE('',#8731,(#8735,#8742),.PCURVE_S1.);
#8731 = LINE('',#8732,#8733);
#8732 = CARTESIAN_POINT('',(363.92836282906,13.4,-2.298133329357));
#8733 = VECTOR('',#8734,1.);
#8734 = DIRECTION('',(-0.,1.,-0.));
#8735 = PCURVE('',#8528,#8736);
#8736 = DEFINITIONAL_REPRESENTATION('',(#8737),#8741);
#8737 = LINE('',#8738,#8739);
#8738 = CARTESIAN_POINT('',(-0.,-0.));
#8739 = VECTOR('',#8740,1.);
#8740 = DIRECTION('',(-0.,-1.));
#8741 = ( GEOMETRIC_REPRESENTATION_CONTEXT(2) 
PARAMETRIC_REPRESENTATION_CONTEXT() REPRESENTATION_CONTEXT('2D SPACE',''
  ) );
#8742 = PCURVE('',#8555,#8743);
#8743 = DEFINITIONAL_REPRESENTATION('',(#8744),#8748);
#8744 = LINE('',#8745,#8746);
#8745 = CARTESIAN_POINT('',(2.443460952792,0.));
#8746 = VECTOR('',#8747,1.);
#8747 = DIRECTION('',(0.,1.));
#8748 = ( GEOMETRIC_REPRESENTATION_CONTEXT(2) 
PARAMETRIC_REPRESENTATION_CONTEXT() REPRESENTATION_CONTEXT('2D SPACE',''
  ) );
#8749 = ORIENTED_EDGE('',*,*,#8750,.F.);
#8750 = EDGE_CURVE('',#8654,#8728,#8751,.T.);
#8751 = SURFACE_CURVE('',#8752,(#8757,#8764),.PCURVE_S1.);
#8752 = ELLIPSE('',#8753,26.291732673941,16.9);
#8753 = AXIS2_PLACEMENT_3D('',#8754,#8755,#8756);
#8754 = CARTESIAN_POINT('',(366.66717148058,0.,0.));
#8755 = DIRECTION('',(-0.642787609687,-0.,0.766044443119));
#8756 = DIRECTION('',(0.766044443119,0.,0.642787609687));
#8757 = PCURVE('',#8528,#8758);
#8758 = DEFINITIONAL_REPRESENTATION('',(#8759),#8763);
#8759 = ELLIPSE('',#8760,26.291732673941,16.9);
#8760 = AXIS2_PLACEMENT_2D('',#8761,#8762);
#8761 = CARTESIAN_POINT('',(-3.575260777783,13.4));
#8762 = DIRECTION('',(-1.,-0.));
#8763 = ( GEOMETRIC_REPRESENTATION_CONTEXT(2) 
PARAMETRIC_REPRESENTATION_CONTEXT() REPRESENTATION_CONTEXT('2D SPACE',''
  ) );
#8764 = PCURVE('',#1824,#8765);
#8765 = DEFINITIONAL_REPRESENTATION('',(#8766),#8773);
#8766 = B_SPLINE_CURVE_WITH_KNOTS('',5,(#8767,#8768,#8769,#8770,#8771,
    #8772),.UNSPECIFIED.,.F.,.F.,(6,6),(1.570796326795,1.720942479798),
  .PIECEWISE_BEZIER_KNOTS.);
#8767 = CARTESIAN_POINT('',(6.28318530718,17.667171480581));
#8768 = CARTESIAN_POINT('',(6.253156076579,17.062363686258));
#8769 = CARTESIAN_POINT('',(6.223126845978,16.457555891468));
#8770 = CARTESIAN_POINT('',(6.193097615378,15.85388432464));
#8771 = CARTESIAN_POINT('',(6.163068384777,15.252485202752));
#8772 = CARTESIAN_POINT('',(6.133039154177,14.654481963907));
#8773 = ( GEOMETRIC_REPRESENTATION_CONTEXT(2) 
PARAMETRIC_REPRESENTATION_CONTEXT() REPRESENTATION_CONTEXT('2D SPACE',''
  ) );
#8774 = ORIENTED_EDGE('',*,*,#8653,.F.);
#8775 = ADVANCED_FACE('',(#8776),#8555,.T.);
#8776 = FACE_BOUND('',#8777,.T.);
#8777 = EDGE_LOOP('',(#8778,#8852,#8853,#8854,#8884,#8912,#8913));
#8778 = ORIENTED_EDGE('',*,*,#8779,.F.);
#8779 = EDGE_CURVE('',#8728,#8780,#8782,.T.);
#8780 = VERTEX_POINT('',#8781);
#8781 = CARTESIAN_POINT('',(360.07163717094,16.743015952943,
    -2.298133329357));
#8782 = SURFACE_CURVE('',#8783,(#8804,#8828),.PCURVE_S1.);
#8783 = B_SPLINE_CURVE_WITH_KNOTS('',7,(#8784,#8785,#8786,#8787,#8788,
    #8789,#8790,#8791,#8792,#8793,#8794,#8795,#8796,#8797,#8798,#8799,
    #8800,#8801,#8802,#8803),.UNSPECIFIED.,.F.,.F.,(8,6,6,8),(0.,
    0.233352677267,0.499895866379,1.),.UNSPECIFIED.);
#8784 = CARTESIAN_POINT('',(363.92836282906,16.743015952943,
    -2.298133329357));
#8785 = CARTESIAN_POINT('',(363.81371271909,16.729811222622,
    -2.394336194346));
#8786 = CARTESIAN_POINT('',(363.6953530595,16.717083018591,
    -2.482280418413));
#8787 = CARTESIAN_POINT('',(363.57386144979,16.705006190463,
    -2.562155822592));
#8788 = CARTESIAN_POINT('',(363.44972681324,16.693723515378,
    -2.634149021419));
#8789 = CARTESIAN_POINT('',(363.32336354241,16.68335014892,
    -2.698435022721));
#8790 = CARTESIAN_POINT('',(363.19512564458,16.673978076034,
    -2.755168827394));
#8791 = CARTESIAN_POINT('',(362.91705357615,16.656202865381,
    -2.860798497232));
#8792 = CARTESIAN_POINT('',(362.76674666933,16.648127578032,
    -2.907430180277));
#8793 = CARTESIAN_POINT('',(362.61488827409,16.641564860284,
    -2.944550681555));
#8794 = CARTESIAN_POINT('',(362.46190684873,16.636593211522,
    -2.972297689369));
#8795 = CARTESIAN_POINT('',(362.30818957209,16.633262407167,
    -2.990765076566));
#8796 = CARTESIAN_POINT('',(362.15410071303,16.6315964357,-3.));
#8797 = CARTESIAN_POINT('',(361.71086710622,16.6315964357,-3.));
#8798 = CARTESIAN_POINT('',(361.42202890252,16.637460480217,
    -2.967490403384));
#8799 = CARTESIAN_POINT('',(361.13561044285,16.649168087608,
    -2.902585643496));
#8800 = CARTESIAN_POINT('',(360.85392242952,16.666422514953,
    -2.804636156895));
#8801 = CARTESIAN_POINT('',(360.57982038586,16.688631674493,
    -2.672392290068));
#8802 = CARTESIAN_POINT('',(360.317181767,16.714735559897,
    -2.504169709351));
#8803 = CARTESIAN_POINT('',(360.07163717094,16.743015952943,
    -2.298133329357));
#8804 = PCURVE('',#8555,#8805);
#8805 = DEFINITIONAL_REPRESENTATION('',(#8806),#8827);
#8806 = B_SPLINE_CURVE_WITH_KNOTS('',7,(#8807,#8808,#8809,#8810,#8811,
    #8812,#8813,#8814,#8815,#8816,#8817,#8818,#8819,#8820,#8821,#8822,
    #8823,#8824,#8825,#8826),.UNSPECIFIED.,.F.,.F.,(8,6,6,8),(0.,
    0.233352677267,0.499895866379,1.),.UNSPECIFIED.);
#8807 = CARTESIAN_POINT('',(2.443460952792,3.343015952943));
#8808 = CARTESIAN_POINT('',(2.493349315884,3.329811222622));
#8809 = CARTESIAN_POINT('',(2.542415542855,3.317083018591));
#8810 = CARTESIAN_POINT('',(2.590755000149,3.305006190463));
#8811 = CARTESIAN_POINT('',(2.638456396864,3.293723515378));
#8812 = CARTESIAN_POINT('',(2.685603914029,3.28335014892));
#8813 = CARTESIAN_POINT('',(2.732279333887,3.273978076034));
#8814 = CARTESIAN_POINT('',(2.83143224744,3.256202865381));
#8815 = CARTESIAN_POINT('',(2.883789009387,3.248127578032));
#8816 = CARTESIAN_POINT('',(2.935744444063,3.241564860284));
#8817 = CARTESIAN_POINT('',(2.987402300371,3.236593211522));
#8818 = CARTESIAN_POINT('',(3.038862866483,3.233262407167));
#8819 = CARTESIAN_POINT('',(3.090225749244,3.2315964357));
#8820 = CARTESIAN_POINT('',(3.237970284847,3.2315964357));
#8821 = CARTESIAN_POINT('',(3.334249534013,3.237460480217));
#8822 = CARTESIAN_POINT('',(3.431185243778,3.249168087608));
#8823 = CARTESIAN_POINT('',(3.529453039552,3.266422514953));
#8824 = CARTESIAN_POINT('',(3.629770936147,3.288631674493));
#8825 = CARTESIAN_POINT('',(3.732879119202,3.314735559897));
#8826 = CARTESIAN_POINT('',(3.839724354388,3.343015952943));
#8827 = ( GEOMETRIC_REPRESENTATION_CONTEXT(2) 
PARAMETRIC_REPRESENTATION_CONTEXT() REPRESENTATION_CONTEXT('2D SPACE',''
  ) );
#8828 = PCURVE('',#1824,#8829);
#8829 = DEFINITIONAL_REPRESENTATION('',(#8830),#8851);
#8830 = B_SPLINE_CURVE_WITH_KNOTS('',7,(#8831,#8832,#8833,#8834,#8835,
    #8836,#8837,#8838,#8839,#8840,#8841,#8842,#8843,#8844,#8845,#8846,
    #8847,#8848,#8849,#8850),.UNSPECIFIED.,.F.,.F.,(8,6,6,8),(0.,
    0.233352677267,0.499895866379,1.),.UNSPECIFIED.);
#8831 = CARTESIAN_POINT('',(6.146778463459,14.92836282906));
#8832 = CARTESIAN_POINT('',(6.141032613054,14.813712719091));
#8833 = CARTESIAN_POINT('',(6.135774731742,14.695353059505));
#8834 = CARTESIAN_POINT('',(6.130994800191,14.573861449793));
#8835 = CARTESIAN_POINT('',(6.126682940137,14.449726813246));
#8836 = CARTESIAN_POINT('',(6.122829870205,14.323363542418));
#8837 = CARTESIAN_POINT('',(6.119427361728,14.195125644589));
#8838 = CARTESIAN_POINT('',(6.113089206533,13.917053576151));
#8839 = CARTESIAN_POINT('',(6.110288896176,13.766746669335));
#8840 = CARTESIAN_POINT('',(6.108058373434,13.614888274094));
#8841 = CARTESIAN_POINT('',(6.106390392302,13.461906848737));
#8842 = CARTESIAN_POINT('',(6.105280010285,13.308189572095));
#8843 = CARTESIAN_POINT('',(6.104724747841,13.154100713036));
#8844 = CARTESIAN_POINT('',(6.104724747841,12.710867106228));
#8845 = CARTESIAN_POINT('',(6.106679435334,12.422028902524));
#8846 = CARTESIAN_POINT('',(6.110581940321,12.135610442851));
#8847 = CARTESIAN_POINT('',(6.116466937235,11.853922429521));
#8848 = CARTESIAN_POINT('',(6.12440107348,11.579820385869));
#8849 = CARTESIAN_POINT('',(6.13447265305,11.317181767004));
#8850 = CARTESIAN_POINT('',(6.146778463459,11.07163717094));
#8851 = ( GEOMETRIC_REPRESENTATION_CONTEXT(2) 
PARAMETRIC_REPRESENTATION_CONTEXT() REPRESENTATION_CONTEXT('2D SPACE',''
  ) );
#8852 = ORIENTED_EDGE('',*,*,#8727,.F.);
#8853 = ORIENTED_EDGE('',*,*,#8540,.T.);
#8854 = ORIENTED_EDGE('',*,*,#8855,.T.);
#8855 = EDGE_CURVE('',#2764,#8856,#8858,.T.);
#8856 = VERTEX_POINT('',#8857);
#8857 = CARTESIAN_POINT('',(362.,13.532125510983,-2.999999999999));
#8858 = SURFACE_CURVE('',#8859,(#8864,#8874),.PCURVE_S1.);
#8859 = ELLIPSE('',#8860,13.860678946036,3.);
#8860 = AXIS2_PLACEMENT_3D('',#8861,#8862,#8863);
#8861 = CARTESIAN_POINT('',(362.,1.7763568394E-15,0.));
#8862 = DIRECTION('',(0.,0.216439613938,0.97629600712));
#8863 = DIRECTION('',(0.,0.97629600712,-0.216439613938));
#8864 = PCURVE('',#8555,#8865);
#8865 = DEFINITIONAL_REPRESENTATION('',(#8866),#8873);
#8866 = B_SPLINE_CURVE_WITH_KNOTS('',5,(#8867,#8868,#8869,#8870,#8871,
    #8872),.UNSPECIFIED.,.F.,.F.,(6,6),(6.143329560489,6.28318530718),
  .PIECEWISE_BEZIER_KNOTS.);
#8867 = CARTESIAN_POINT('',(3.001736906899,-6.000029628694E-07));
#8868 = CARTESIAN_POINT('',(3.029708056238,5.276367170271E-02));
#8869 = CARTESIAN_POINT('',(3.057679205576,9.242299504278E-02));
#8870 = CARTESIAN_POINT('',(3.085650354914,0.118891345733));
#8871 = CARTESIAN_POINT('',(3.113621504252,0.132125510986));
#8872 = CARTESIAN_POINT('',(3.14159265359,0.132125510986));
#8873 = ( GEOMETRIC_REPRESENTATION_CONTEXT(2) 
PARAMETRIC_REPRESENTATION_CONTEXT() REPRESENTATION_CONTEXT('2D SPACE',''
  ) );
#8874 = PCURVE('',#2752,#8875);
#8875 = DEFINITIONAL_REPRESENTATION('',(#8876),#8883);
#8876 = B_SPLINE_CURVE_WITH_KNOTS('',5,(#8877,#8878,#8879,#8880,#8881,
    #8882),.UNSPECIFIED.,.F.,.F.,(6,6),(6.14332987856,6.28318530718),
  .PIECEWISE_BEZIER_KNOTS.);
#8877 = CARTESIAN_POINT('',(6.423040735799,-7.500786637588E-14));
#8878 = CARTESIAN_POINT('',(6.395069650075,5.276403248788E-02));
#8879 = CARTESIAN_POINT('',(6.367098564351,9.242317563187E-02));
#8880 = CARTESIAN_POINT('',(6.339127478627,0.118891405929));
#8881 = CARTESIAN_POINT('',(6.311156392903,0.132125510986));
#8882 = CARTESIAN_POINT('',(6.28318530718,0.132125510986));
#8883 = ( GEOMETRIC_REPRESENTATION_CONTEXT(2) 
PARAMETRIC_REPRESENTATION_CONTEXT() REPRESENTATION_CONTEXT('2D SPACE',''
  ) );
#8884 = ORIENTED_EDGE('',*,*,#8885,.T.);
#8885 = EDGE_CURVE('',#8856,#2736,#8886,.T.);
#8886 = SURFACE_CURVE('',#8887,(#8892,#8902),.PCURVE_S1.);
#8887 = ELLIPSE('',#8888,13.860678946036,3.);
#8888 = AXIS2_PLACEMENT_3D('',#8889,#8890,#8891);
#8889 = CARTESIAN_POINT('',(362.,1.7763568394E-15,0.));
#8890 = DIRECTION('',(0.,0.216439613938,0.97629600712));
#8891 = DIRECTION('',(0.,0.97629600712,-0.216439613938));
#8892 = PCURVE('',#8555,#8893);
#8893 = DEFINITIONAL_REPRESENTATION('',(#8894),#8901);
#8894 = B_SPLINE_CURVE_WITH_KNOTS('',5,(#8895,#8896,#8897,#8898,#8899,
    #8900),.UNSPECIFIED.,.F.,.F.,(6,6),(0.,0.13985574669),
  .PIECEWISE_BEZIER_KNOTS.);
#8895 = CARTESIAN_POINT('',(3.14159265359,0.132125510986));
#8896 = CARTESIAN_POINT('',(3.169563802928,0.132125510986));
#8897 = CARTESIAN_POINT('',(3.197534952266,0.118891345733));
#8898 = CARTESIAN_POINT('',(3.225506101604,9.242299504277E-02));
#8899 = CARTESIAN_POINT('',(3.253477250942,5.276367170271E-02));
#8900 = CARTESIAN_POINT('',(3.28144840028,-6.000029610931E-07));
#8901 = ( GEOMETRIC_REPRESENTATION_CONTEXT(2) 
PARAMETRIC_REPRESENTATION_CONTEXT() REPRESENTATION_CONTEXT('2D SPACE',''
  ) );
#8902 = PCURVE('',#2752,#8903);
#8903 = DEFINITIONAL_REPRESENTATION('',(#8904),#8911);
#8904 = B_SPLINE_CURVE_WITH_KNOTS('',5,(#8905,#8906,#8907,#8908,#8909,
    #8910),.UNSPECIFIED.,.F.,.F.,(6,6),(0.,0.139855428619),
  .PIECEWISE_BEZIER_KNOTS.);
#8905 = CARTESIAN_POINT('',(6.28318530718,0.132125510986));
#8906 = CARTESIAN_POINT('',(6.255214221456,0.132125510986));
#8907 = CARTESIAN_POINT('',(6.227243135732,0.118891405929));
#8908 = CARTESIAN_POINT('',(6.199272050008,9.242317563189E-02));
#8909 = CARTESIAN_POINT('',(6.171300964284,5.276403248793E-02));
#8910 = CARTESIAN_POINT('',(6.14332987856,3.683277587222E-15));
#8911 = ( GEOMETRIC_REPRESENTATION_CONTEXT(2) 
PARAMETRIC_REPRESENTATION_CONTEXT() REPRESENTATION_CONTEXT('2D SPACE',''
  ) );
#8912 = ORIENTED_EDGE('',*,*,#8568,.T.);
#8913 = ORIENTED_EDGE('',*,*,#8914,.T.);
#8914 = EDGE_CURVE('',#8569,#8780,#8915,.T.);
#8915 = SURFACE_CURVE('',#8916,(#8920,#8927),.PCURVE_S1.);
#8916 = LINE('',#8917,#8918);
#8917 = CARTESIAN_POINT('',(360.07163717094,13.4,-2.298133329357));
#8918 = VECTOR('',#8919,1.);
#8919 = DIRECTION('',(-0.,1.,-0.));
#8920 = PCURVE('',#8555,#8921);
#8921 = DEFINITIONAL_REPRESENTATION('',(#8922),#8926);
#8922 = LINE('',#8923,#8924);
#8923 = CARTESIAN_POINT('',(3.839724354388,0.));
#8924 = VECTOR('',#8925,1.);
#8925 = DIRECTION('',(0.,1.));
#8926 = ( GEOMETRIC_REPRESENTATION_CONTEXT(2) 
PARAMETRIC_REPRESENTATION_CONTEXT() REPRESENTATION_CONTEXT('2D SPACE',''
  ) );
#8927 = PCURVE('',#8608,#8928);
#8928 = DEFINITIONAL_REPRESENTATION('',(#8929),#8933);
#8929 = LINE('',#8930,#8931);
#8930 = CARTESIAN_POINT('',(0.,0.));
#8931 = VECTOR('',#8932,1.);
#8932 = DIRECTION('',(0.,-1.));
#8933 = ( GEOMETRIC_REPRESENTATION_CONTEXT(2) 
PARAMETRIC_REPRESENTATION_CONTEXT() REPRESENTATION_CONTEXT('2D SPACE',''
  ) );
#8934 = ADVANCED_FACE('',(#8935),#8608,.F.);
#8935 = FACE_BOUND('',#8936,.F.);
#8936 = EDGE_LOOP('',(#8937,#8938,#8939,#8966));
#8937 = ORIENTED_EDGE('',*,*,#8592,.F.);
#8938 = ORIENTED_EDGE('',*,*,#8914,.T.);
#8939 = ORIENTED_EDGE('',*,*,#8940,.T.);
#8940 = EDGE_CURVE('',#8780,#8941,#8943,.T.);
#8941 = VERTEX_POINT('',#8942);
#8942 = CARTESIAN_POINT('',(357.33282851941,16.9,0.));
#8943 = SURFACE_CURVE('',#8944,(#8949,#8956),.PCURVE_S1.);
#8944 = ELLIPSE('',#8945,26.291732673941,16.9);
#8945 = AXIS2_PLACEMENT_3D('',#8946,#8947,#8948);
#8946 = CARTESIAN_POINT('',(357.33282851941,0.,0.));
#8947 = DIRECTION('',(0.642787609687,0.,0.766044443119));
#8948 = DIRECTION('',(0.766044443119,0.,-0.642787609687));
#8949 = PCURVE('',#8608,#8950);
#8950 = DEFINITIONAL_REPRESENTATION('',(#8951),#8955);
#8951 = ELLIPSE('',#8952,26.291732673941,16.9);
#8952 = AXIS2_PLACEMENT_2D('',#8953,#8954);
#8953 = CARTESIAN_POINT('',(3.575260777783,13.4));
#8954 = DIRECTION('',(-1.,0.));
#8955 = ( GEOMETRIC_REPRESENTATION_CONTEXT(2) 
PARAMETRIC_REPRESENTATION_CONTEXT() REPRESENTATION_CONTEXT('2D SPACE',''
  ) );
#8956 = PCURVE('',#1824,#8957);
#8957 = DEFINITIONAL_REPRESENTATION('',(#8958),#8965);
#8958 = B_SPLINE_CURVE_WITH_KNOTS('',5,(#8959,#8960,#8961,#8962,#8963,
    #8964),.UNSPECIFIED.,.F.,.F.,(6,6),(1.420650173792,1.570796326795),
  .PIECEWISE_BEZIER_KNOTS.);
#8959 = CARTESIAN_POINT('',(6.133039154177,11.345518036093));
#8960 = CARTESIAN_POINT('',(6.163068384777,10.747514797248));
#8961 = CARTESIAN_POINT('',(6.193097615378,10.14611567536));
#8962 = CARTESIAN_POINT('',(6.223126845978,9.542444108532));
#8963 = CARTESIAN_POINT('',(6.253156076579,8.937636313742));
#8964 = CARTESIAN_POINT('',(6.28318530718,8.332828519419));
#8965 = ( GEOMETRIC_REPRESENTATION_CONTEXT(2) 
PARAMETRIC_REPRESENTATION_CONTEXT() REPRESENTATION_CONTEXT('2D SPACE',''
  ) );
#8966 = ORIENTED_EDGE('',*,*,#8967,.F.);
#8967 = EDGE_CURVE('',#8593,#8941,#8968,.T.);
#8968 = SURFACE_CURVE('',#8969,(#8973,#8980),.PCURVE_S1.);
#8969 = LINE('',#8970,#8971);
#8970 = CARTESIAN_POINT('',(357.33282851941,13.4,0.));
#8971 = VECTOR('',#8972,1.);
#8972 = DIRECTION('',(-0.,1.,-0.));
#8973 = PCURVE('',#8608,#8974);
#8974 = DEFINITIONAL_REPRESENTATION('',(#8975),#8979);
#8975 = LINE('',#8976,#8977);
#8976 = CARTESIAN_POINT('',(3.575260777783,0.));
#8977 = VECTOR('',#8978,1.);
#8978 = DIRECTION('',(0.,-1.));
#8979 = ( GEOMETRIC_REPRESENTATION_CONTEXT(2) 
PARAMETRIC_REPRESENTATION_CONTEXT() REPRESENTATION_CONTEXT('2D SPACE',''
  ) );
#8980 = PCURVE('',#8634,#8981);
#8981 = DEFINITIONAL_REPRESENTATION('',(#8982),#8986);
#8982 = LINE('',#8983,#8984);
#8983 = CARTESIAN_POINT('',(0.,0.));
#8984 = VECTOR('',#8985,1.);
#8985 = DIRECTION('',(0.,-1.));
#8986 = ( GEOMETRIC_REPRESENTATION_CONTEXT(2) 
PARAMETRIC_REPRESENTATION_CONTEXT() REPRESENTATION_CONTEXT('2D SPACE',''
  ) );
#8987 = ADVANCED_FACE('',(#8988),#8634,.F.);
#8988 = FACE_BOUND('',#8989,.F.);
#8989 = EDGE_LOOP('',(#8990,#8991,#8992,#9019));
#8990 = ORIENTED_EDGE('',*,*,#8620,.F.);
#8991 = ORIENTED_EDGE('',*,*,#8967,.T.);
#8992 = ORIENTED_EDGE('',*,*,#8993,.T.);
#8993 = EDGE_CURVE('',#8941,#8994,#8996,.T.);
#8994 = VERTEX_POINT('',#8995);
#8995 = CARTESIAN_POINT('',(360.07163717094,16.743015952943,
    2.298133329357));
#8996 = SURFACE_CURVE('',#8997,(#9002,#9009),.PCURVE_S1.);
#8997 = ELLIPSE('',#8998,26.291732673941,16.9);
#8998 = AXIS2_PLACEMENT_3D('',#8999,#9000,#9001);
#8999 = CARTESIAN_POINT('',(357.33282851941,0.,0.));
#9000 = DIRECTION('',(0.642787609687,0.,-0.766044443119));
#9001 = DIRECTION('',(0.766044443119,0.,0.642787609687));
#9002 = PCURVE('',#8634,#9003);
#9003 = DEFINITIONAL_REPRESENTATION('',(#9004),#9008);
#9004 = ELLIPSE('',#9005,26.291732673941,16.9);
#9005 = AXIS2_PLACEMENT_2D('',#9006,#9007);
#9006 = CARTESIAN_POINT('',(0.,13.4));
#9007 = DIRECTION('',(1.,0.));
#9008 = ( GEOMETRIC_REPRESENTATION_CONTEXT(2) 
PARAMETRIC_REPRESENTATION_CONTEXT() REPRESENTATION_CONTEXT('2D SPACE',''
  ) );
#9009 = PCURVE('',#1824,#9010);
#9010 = DEFINITIONAL_REPRESENTATION('',(#9011),#9018);
#9011 = B_SPLINE_CURVE_WITH_KNOTS('',5,(#9012,#9013,#9014,#9015,#9016,
    #9017),.UNSPECIFIED.,.F.,.F.,(6,6),(4.712388980385,4.862535133388),
  .PIECEWISE_BEZIER_KNOTS.);
#9012 = CARTESIAN_POINT('',(0.,8.332828519419));
#9013 = CARTESIAN_POINT('',(3.002923060057E-02,8.937636313742));
#9014 = CARTESIAN_POINT('',(6.005846120114E-02,9.542444108532));
#9015 = CARTESIAN_POINT('',(9.008769180171E-02,10.14611567536));
#9016 = CARTESIAN_POINT('',(0.120116922402,10.747514797248));
#9017 = CARTESIAN_POINT('',(0.150146153003,11.345518036093));
#9018 = ( GEOMETRIC_REPRESENTATION_CONTEXT(2) 
PARAMETRIC_REPRESENTATION_CONTEXT() REPRESENTATION_CONTEXT('2D SPACE',''
  ) );
#9019 = ORIENTED_EDGE('',*,*,#9020,.F.);
#9020 = EDGE_CURVE('',#8452,#8994,#9021,.T.);
#9021 = SURFACE_CURVE('',#9022,(#9026,#9033),.PCURVE_S1.);
#9022 = LINE('',#9023,#9024);
#9023 = CARTESIAN_POINT('',(360.07163717094,13.4,2.298133329357));
#9024 = VECTOR('',#9025,1.);
#9025 = DIRECTION('',(-0.,1.,-0.));
#9026 = PCURVE('',#8634,#9027);
#9027 = DEFINITIONAL_REPRESENTATION('',(#9028),#9032);
#9028 = LINE('',#9029,#9030);
#9029 = CARTESIAN_POINT('',(3.575260777783,0.));
#9030 = VECTOR('',#9031,1.);
#9031 = DIRECTION('',(0.,-1.));
#9032 = ( GEOMETRIC_REPRESENTATION_CONTEXT(2) 
PARAMETRIC_REPRESENTATION_CONTEXT() REPRESENTATION_CONTEXT('2D SPACE',''
  ) );
#9033 = PCURVE('',#8472,#9034);
#9034 = DEFINITIONAL_REPRESENTATION('',(#9035),#9038);
#9035 = B_SPLINE_CURVE_WITH_KNOTS('',1,(#9036,#9037),.UNSPECIFIED.,.F.,
  .F.,(2,2),(0.,3.343015952943),.PIECEWISE_BEZIER_KNOTS.);
#9036 = CARTESIAN_POINT('',(5.585053606382,0.));
#9037 = CARTESIAN_POINT('',(5.585053606382,3.343015952943));
#9038 = ( GEOMETRIC_REPRESENTATION_CONTEXT(2) 
PARAMETRIC_REPRESENTATION_CONTEXT() REPRESENTATION_CONTEXT('2D SPACE',''
  ) );
#9039 = ADVANCED_FACE('',(#9040),#8472,.T.);
#9040 = FACE_BOUND('',#9041,.T.);
#9041 = EDGE_LOOP('',(#9042,#9043,#9044,#9120));
#9042 = ORIENTED_EDGE('',*,*,#8449,.F.);
#9043 = ORIENTED_EDGE('',*,*,#8703,.T.);
#9044 = ORIENTED_EDGE('',*,*,#9045,.F.);
#9045 = EDGE_CURVE('',#8994,#8677,#9046,.T.);
#9046 = SURFACE_CURVE('',#9047,(#9062,#9091),.PCURVE_S1.);
#9047 = B_SPLINE_CURVE_WITH_KNOTS('',7,(#9048,#9049,#9050,#9051,#9052,
    #9053,#9054,#9055,#9056,#9057,#9058,#9059,#9060,#9061),
  .UNSPECIFIED.,.F.,.F.,(8,6,8),(0.,1.,1.999999999999),.UNSPECIFIED.);
#9048 = CARTESIAN_POINT('',(360.07163717094,16.743015952943,
    2.298133329357));
#9049 = CARTESIAN_POINT('',(360.31721799276,16.714731387625,
    2.504200106374));
#9050 = CARTESIAN_POINT('',(360.57984604734,16.688629977899,
    2.672398234222));
#9051 = CARTESIAN_POINT('',(360.85391021505,16.666424815683,
    2.804622881935));
#9052 = CARTESIAN_POINT('',(361.13557254584,16.649170413967,
    2.902572831678));
#9053 = CARTESIAN_POINT('',(361.42199320143,16.637461080692,
    2.967487030133));
#9054 = CARTESIAN_POINT('',(361.71085088538,16.6315964357,3.));
#9055 = CARTESIAN_POINT('',(362.28914911461,16.6315964357,3.));
#9056 = CARTESIAN_POINT('',(362.57800679856,16.637461080692,
    2.967487030133));
#9057 = CARTESIAN_POINT('',(362.86442745415,16.649170413967,
    2.902572831678));
#9058 = CARTESIAN_POINT('',(363.14608978494,16.666424815683,
    2.804622881935));
#9059 = CARTESIAN_POINT('',(363.42015395265,16.688629977899,
    2.672398234222));
#9060 = CARTESIAN_POINT('',(363.68278200723,16.714731387625,
    2.504200106374));
#9061 = CARTESIAN_POINT('',(363.92836282906,16.743015952943,
    2.298133329357));
#9062 = PCURVE('',#8472,#9063);
#9063 = DEFINITIONAL_REPRESENTATION('',(#9064),#9090);
#9064 = B_SPLINE_CURVE_WITH_KNOTS('',3,(#9065,#9066,#9067,#9068,#9069,
    #9070,#9071,#9072,#9073,#9074,#9075,#9076,#9077,#9078,#9079,#9080,
    #9081,#9082,#9083,#9084,#9085,#9086,#9087,#9088,#9089),
  .UNSPECIFIED.,.F.,.F.,(4,1,1,1,1,1,1,1,1,1,1,1,1,1,1,1,1,1,1,1,1,1,4),
  (0.,9.090909090903E-02,0.181818181818,0.272727272727,0.363636363636,
    0.454545454545,0.545454545454,0.636363636363,0.727272727272,
    0.818181818181,0.90909090909,0.999999999999,1.090909090908,
    1.181818181817,1.272727272726,1.363636363635,1.454545454544,
    1.545454545453,1.636363636363,1.727272727272,1.818181818181,
    1.90909090909,1.999999999999),.QUASI_UNIFORM_KNOTS.);
#9065 = CARTESIAN_POINT('',(5.585053606382,3.343015952943));
#9066 = CARTESIAN_POINT('',(5.607720312629,3.337013350757));
#9067 = CARTESIAN_POINT('',(5.652621609517,3.325271630963));
#9068 = CARTESIAN_POINT('',(5.718813461624,3.30866373193));
#9069 = CARTESIAN_POINT('',(5.783984619315,3.293287460219));
#9070 = CARTESIAN_POINT('',(5.848263473123,3.279325243435));
#9071 = CARTESIAN_POINT('',(5.911773535231,3.266933885819));
#9072 = CARTESIAN_POINT('',(5.974633637604,3.256242837658));
#9073 = CARTESIAN_POINT('',(6.036959518582,3.247357726805));
#9074 = CARTESIAN_POINT('',(6.098864451236,3.24036217703));
#9075 = CARTESIAN_POINT('',(6.160461614688,3.235319743365));
#9076 = CARTESIAN_POINT('',(6.221860292384,3.23227543649));
#9077 = CARTESIAN_POINT('',(6.283185307179,3.231256935306));
#9078 = CARTESIAN_POINT('',(6.344510321974,3.23227543649));
#9079 = CARTESIAN_POINT('',(6.40590899967,3.235319743365));
#9080 = CARTESIAN_POINT('',(6.467506163123,3.24036217703));
#9081 = CARTESIAN_POINT('',(6.529411095777,3.247357726805));
#9082 = CARTESIAN_POINT('',(6.591736976755,3.256242837658));
#9083 = CARTESIAN_POINT('',(6.654597079128,3.266933885819));
#9084 = CARTESIAN_POINT('',(6.718107141236,3.279325243435));
#9085 = CARTESIAN_POINT('',(6.782385995044,3.293287460219));
#9086 = CARTESIAN_POINT('',(6.847557152735,3.30866373193));
#9087 = CARTESIAN_POINT('',(6.913749004842,3.325271630963));
#9088 = CARTESIAN_POINT('',(6.958650301731,3.337013350757));
#9089 = CARTESIAN_POINT('',(6.981317007977,3.343015952943));
#9090 = ( GEOMETRIC_REPRESENTATION_CONTEXT(2) 
PARAMETRIC_REPRESENTATION_CONTEXT() REPRESENTATION_CONTEXT('2D SPACE',''
  ) );
#9091 = PCURVE('',#1824,#9092);
#9092 = DEFINITIONAL_REPRESENTATION('',(#9093),#9119);
#9093 = B_SPLINE_CURVE_WITH_KNOTS('',3,(#9094,#9095,#9096,#9097,#9098,
    #9099,#9100,#9101,#9102,#9103,#9104,#9105,#9106,#9107,#9108,#9109,
    #9110,#9111,#9112,#9113,#9114,#9115,#9116,#9117,#9118),
  .UNSPECIFIED.,.F.,.F.,(4,1,1,1,1,1,1,1,1,1,1,1,1,1,1,1,1,1,1,1,1,1,4),
  (0.,9.090909090903E-02,0.181818181818,0.272727272727,0.363636363636,
    0.454545454545,0.545454545454,0.636363636363,0.727272727272,
    0.818181818181,0.90909090909,0.999999999999,1.090909090908,
    1.181818181817,1.272727272726,1.363636363635,1.454545454544,
    1.545454545453,1.636363636363,1.727272727272,1.818181818181,
    1.90909090909,1.999999999999),.QUASI_UNIFORM_KNOTS.);
#9094 = CARTESIAN_POINT('',(0.136406843721,11.07163717094));
#9095 = CARTESIAN_POINT('',(0.139017480606,11.123737394392));
#9096 = CARTESIAN_POINT('',(0.143980137214,11.229882137432));
#9097 = CARTESIAN_POINT('',(0.150662819714,11.394192878723));
#9098 = CARTESIAN_POINT('',(0.156599126763,11.562826048637));
#9099 = CARTESIAN_POINT('',(0.161802662715,11.73512222659));
#9100 = CARTESIAN_POINT('',(0.166285949219,11.910482199896));
#9101 = CARTESIAN_POINT('',(0.170060153565,12.088368551849));
#9102 = CARTESIAN_POINT('',(0.173134962095,12.268294207322));
#9103 = CARTESIAN_POINT('',(0.175518422191,12.449814049043));
#9104 = CARTESIAN_POINT('',(0.177216799612,12.632521105706));
#9105 = CARTESIAN_POINT('',(0.178234437289,12.816024947758));
#9106 = CARTESIAN_POINT('',(0.178573620363,12.999999999999));
#9107 = CARTESIAN_POINT('',(0.178234437289,13.183975052239));
#9108 = CARTESIAN_POINT('',(0.177216799613,13.367478894292));
#9109 = CARTESIAN_POINT('',(0.175518422191,13.550185950955));
#9110 = CARTESIAN_POINT('',(0.173134962095,13.731705792676));
#9111 = CARTESIAN_POINT('',(0.170060153565,13.91163144815));
#9112 = CARTESIAN_POINT('',(0.166285949219,14.089517800103));
#9113 = CARTESIAN_POINT('',(0.161802662715,14.264877773409));
#9114 = CARTESIAN_POINT('',(0.156599126763,14.437173951362));
#9115 = CARTESIAN_POINT('',(0.150662819714,14.605807121276));
#9116 = CARTESIAN_POINT('',(0.143980137214,14.770117862568));
#9117 = CARTESIAN_POINT('',(0.139017480606,14.876262605608));
#9118 = CARTESIAN_POINT('',(0.136406843721,14.92836282906));
#9119 = ( GEOMETRIC_REPRESENTATION_CONTEXT(2) 
PARAMETRIC_REPRESENTATION_CONTEXT() REPRESENTATION_CONTEXT('2D SPACE',''
  ) );
#9120 = ORIENTED_EDGE('',*,*,#9020,.F.);
#9121 = ADVANCED_FACE('',(#9122),#2752,.T.);
#9122 = FACE_BOUND('',#9123,.T.);
#9123 = EDGE_LOOP('',(#9124,#9145,#9146,#9147,#9148,#9149,#9150));
#9124 = ORIENTED_EDGE('',*,*,#9125,.F.);
#9125 = EDGE_CURVE('',#2713,#9126,#9128,.T.);
#9126 = VERTEX_POINT('',#9127);
#9127 = CARTESIAN_POINT('',(360.50333704529,16.233062086569,
    -4.70081857697));
#9128 = SURFACE_CURVE('',#9129,(#9133,#9139),.PCURVE_S1.);
#9129 = LINE('',#9130,#9131);
#9130 = CARTESIAN_POINT('',(360.50333704529,13.243331826817,
    -3.30668446103));
#9131 = VECTOR('',#9132,1.);
#9132 = DIRECTION('',(0.,0.906307787037,-0.422618261741));
#9133 = PCURVE('',#2752,#9134);
#9134 = DEFINITIONAL_REPRESENTATION('',(#9135),#9138);
#9135 = B_SPLINE_CURVE_WITH_KNOTS('',1,(#9136,#9137),.UNSPECIFIED.,.F.,
  .F.,(2,2),(-1.291032029452E-16,3.298802352265),
  .PIECEWISE_BEZIER_KNOTS.);
#9136 = CARTESIAN_POINT('',(5.760870485374,3.149860069049E-16));
#9137 = CARTESIAN_POINT('',(5.760870485374,3.298802352265));
#9138 = ( GEOMETRIC_REPRESENTATION_CONTEXT(2) 
PARAMETRIC_REPRESENTATION_CONTEXT() REPRESENTATION_CONTEXT('2D SPACE',''
  ) );
#9139 = PCURVE('',#1095,#9140);
#9140 = DEFINITIONAL_REPRESENTATION('',(#9141),#9144);
#9141 = B_SPLINE_CURVE_WITH_KNOTS('',1,(#9142,#9143),.UNSPECIFIED.,.F.,
  .F.,(2,2),(-6.000000000077E-07,3.9000006),.PIECEWISE_BEZIER_KNOTS.);
#9142 = CARTESIAN_POINT('',(22.00333719529,-6.000000000077E-07));
#9143 = CARTESIAN_POINT('',(22.00333719529,3.9000006));
#9144 = ( GEOMETRIC_REPRESENTATION_CONTEXT(2) 
PARAMETRIC_REPRESENTATION_CONTEXT() REPRESENTATION_CONTEXT('2D SPACE',''
  ) );
#9145 = ORIENTED_EDGE('',*,*,#2735,.T.);
#9146 = ORIENTED_EDGE('',*,*,#8885,.F.);
#9147 = ORIENTED_EDGE('',*,*,#8855,.F.);
#9148 = ORIENTED_EDGE('',*,*,#2790,.T.);
#9149 = ORIENTED_EDGE('',*,*,#8426,.T.);
#9150 = ORIENTED_EDGE('',*,*,#9151,.F.);
#9151 = EDGE_CURVE('',#9126,#8400,#9152,.T.);
#9152 = SURFACE_CURVE('',#9153,(#9168,#9197),.PCURVE_S1.);
#9153 = B_SPLINE_CURVE_WITH_KNOTS('',7,(#9154,#9155,#9156,#9157,#9158,
    #9159,#9160,#9161,#9162,#9163,#9164,#9165,#9166,#9167),
  .UNSPECIFIED.,.F.,.F.,(8,6,8),(0.,1.,2.31720168232),.UNSPECIFIED.);
#9154 = CARTESIAN_POINT('',(360.50333704529,16.233062086569,
    -4.70081857697));
#9155 = CARTESIAN_POINT('',(360.70514207572,16.265763823079,
    -4.587891581296));
#9156 = CARTESIAN_POINT('',(360.9134324596,16.291792497458,
    -4.494577812622));
#9157 = CARTESIAN_POINT('',(361.12641323797,16.311903957212,
    -4.420441550539));
#9158 = CARTESIAN_POINT('',(361.34266821062,16.326637173906,
    -4.365108905188));
#9159 = CARTESIAN_POINT('',(361.56103448311,16.336343868115,
    -4.328306051085));
#9160 = CARTESIAN_POINT('',(361.78048227655,16.341200145748,
    -4.309893014519));
#9161 = CARTESIAN_POINT('',(362.28914911462,16.341200145748,
    -4.309893014519));
#9162 = CARTESIAN_POINT('',(362.57800679856,16.332774744363,
    -4.341838278361));
#9163 = CARTESIAN_POINT('',(362.86442745415,16.315953078578,
    -4.405619099984));
#9164 = CARTESIAN_POINT('',(363.14608978494,16.290195439716,
    -4.501683927437));
#9165 = CARTESIAN_POINT('',(363.42015395265,16.254439600369,
    -4.630904462355));
#9166 = CARTESIAN_POINT('',(363.68278200723,16.207011910837,
    -4.794374667796));
#9167 = CARTESIAN_POINT('',(363.92836282906,16.145558849532,
    -4.993088166285));
#9168 = PCURVE('',#2752,#9169);
#9169 = DEFINITIONAL_REPRESENTATION('',(#9170),#9196);
#9170 = B_SPLINE_CURVE_WITH_KNOTS('',3,(#9171,#9172,#9173,#9174,#9175,
    #9176,#9177,#9178,#9179,#9180,#9181,#9182,#9183,#9184,#9185,#9186,
    #9187,#9188,#9189,#9190,#9191,#9192,#9193,#9194,#9195),
  .UNSPECIFIED.,.F.,.F.,(4,1,1,1,1,1,1,1,1,1,1,1,1,1,1,1,1,1,1,1,1,1,4),
  (0.,0.105327349196,0.210654698393,0.315982047589,0.421309396785,
    0.526636745982,0.631964095178,0.737291444375,0.842618793571,
    0.947946142767,1.053273491964,1.15860084116,1.263928190356,
    1.369255539553,1.474582888749,1.579910237945,1.685237587142,
    1.790564936338,1.895892285534,2.001219634731,2.106546983927,
    2.211874333124,2.31720168232),.QUASI_UNIFORM_KNOTS.);
#9171 = CARTESIAN_POINT('',(5.760870485374,3.298802352265));
#9172 = CARTESIAN_POINT('',(5.779945684489,3.294355843396));
#9173 = CARTESIAN_POINT('',(5.817856403112,3.285816003243));
#9174 = CARTESIAN_POINT('',(5.874085863645,3.274162416241));
#9175 = CARTESIAN_POINT('',(5.929762441529,3.263767651644));
#9176 = CARTESIAN_POINT('',(5.984965274875,3.25471332816));
#9177 = CARTESIAN_POINT('',(6.039771574381,3.247068696742));
#9178 = CARTESIAN_POINT('',(6.094256819007,3.240889581632));
#9179 = CARTESIAN_POINT('',(6.148495321039,3.236219755475));
#9180 = CARTESIAN_POINT('',(6.202561059596,3.233091549079));
#9181 = CARTESIAN_POINT('',(6.256526572067,3.231526337823));
#9182 = CARTESIAN_POINT('',(6.310469078561,3.2315355361));
#9183 = CARTESIAN_POINT('',(6.364421935872,3.233118429427));
#9184 = CARTESIAN_POINT('',(6.418468398522,3.236262820412));
#9185 = CARTESIAN_POINT('',(6.472684046408,3.240946898937));
#9186 = CARTESIAN_POINT('',(6.527145646541,3.247138244074));
#9187 = CARTESIAN_POINT('',(6.581929584194,3.254793296245));
#9188 = CARTESIAN_POINT('',(6.637113023382,3.263856499479));
#9189 = CARTESIAN_POINT('',(6.692774293851,3.274259364031));
#9190 = CARTESIAN_POINT('',(6.748993500246,3.285919322837));
#9191 = CARTESIAN_POINT('',(6.805853051921,3.298738712004));
#9192 = CARTESIAN_POINT('',(6.863438536377,3.312602755431));
#9193 = CARTESIAN_POINT('',(6.921838792056,3.327380777294));
#9194 = CARTESIAN_POINT('',(6.961379339168,3.337736886966));
#9195 = CARTESIAN_POINT('',(6.981317007977,3.343015952943));
#9196 = ( GEOMETRIC_REPRESENTATION_CONTEXT(2) 
PARAMETRIC_REPRESENTATION_CONTEXT() REPRESENTATION_CONTEXT('2D SPACE',''
  ) );
#9197 = PCURVE('',#1824,#9198);
#9198 = DEFINITIONAL_REPRESENTATION('',(#9199),#9225);
#9199 = B_SPLINE_CURVE_WITH_KNOTS('',3,(#9200,#9201,#9202,#9203,#9204,
    #9205,#9206,#9207,#9208,#9209,#9210,#9211,#9212,#9213,#9214,#9215,
    #9216,#9217,#9218,#9219,#9220,#9221,#9222,#9223,#9224),
  .UNSPECIFIED.,.F.,.F.,(4,1,1,1,1,1,1,1,1,1,1,1,1,1,1,1,1,1,1,1,1,1,4),
  (0.,0.105327349196,0.210654698393,0.315982047589,0.421309396785,
    0.526636745982,0.631964095178,0.737291444375,0.842618793571,
    0.947946142767,1.053273491964,1.15860084116,1.263928190356,
    1.369255539553,1.474582888749,1.579910237945,1.685237587142,
    1.790564936338,1.895892285534,2.001219634731,2.106546983927,
    2.211874333124,2.31720168232),.QUASI_UNIFORM_KNOTS.);
#9200 = CARTESIAN_POINT('',(6.001312592665,11.50333704529));
#9201 = CARTESIAN_POINT('',(6.003022202749,11.552936275177));
#9202 = CARTESIAN_POINT('',(6.006251500115,11.653131046474));
#9203 = CARTESIAN_POINT('',(6.010533584268,11.806028454677));
#9204 = CARTESIAN_POINT('',(6.014262058116,11.961134919784));
#9205 = CARTESIAN_POINT('',(6.017443965465,12.118098036056));
#9206 = CARTESIAN_POINT('',(6.020085510911,12.276588987851));
#9207 = CARTESIAN_POINT('',(6.022191907844,12.436302998417));
#9208 = CARTESIAN_POINT('',(6.023767365744,12.596953904879));
#9209 = CARTESIAN_POINT('',(6.024815021623,12.758271798425));
#9210 = CARTESIAN_POINT('',(6.025336938075,12.919994494806));
#9211 = CARTESIAN_POINT('',(6.025333874717,13.081880835659));
#9212 = CARTESIAN_POINT('',(6.024806042134,13.243560163443));
#9213 = CARTESIAN_POINT('',(6.023752898283,13.404809938848));
#9214 = CARTESIAN_POINT('',(6.022172482408,13.565377800444));
#9215 = CARTESIAN_POINT('',(6.020061653216,13.725002842463));
#9216 = CARTESIAN_POINT('',(6.017416116154,13.883405610701));
#9217 = CARTESIAN_POINT('',(6.01423050924,14.040286171084));
#9218 = CARTESIAN_POINT('',(6.010498476193,14.195319736759));
#9219 = CARTESIAN_POINT('',(6.006212744483,14.348152455399));
#9220 = CARTESIAN_POINT('',(6.001365210704,14.498397363694));
#9221 = CARTESIAN_POINT('',(5.99594700745,14.645627779159));
#9222 = CARTESIAN_POINT('',(5.989948653684,14.789378941337));
#9223 = CARTESIAN_POINT('',(5.985556156171,14.882537836213));
#9224 = CARTESIAN_POINT('',(5.983259837902,14.92836282906));
#9225 = ( GEOMETRIC_REPRESENTATION_CONTEXT(2) 
PARAMETRIC_REPRESENTATION_CONTEXT() REPRESENTATION_CONTEXT('2D SPACE',''
  ) );
#9226 = ADVANCED_FACE('',(#9227),#2587,.T.);
#9227 = FACE_BOUND('',#9228,.T.);
#9228 = EDGE_LOOP('',(#9229,#9307,#9308,#9309));
#9229 = ORIENTED_EDGE('',*,*,#9230,.F.);
#9230 = EDGE_CURVE('',#8324,#2573,#9231,.T.);
#9231 = SURFACE_CURVE('',#9232,(#9255,#9281),.PCURVE_S1.);
#9232 = B_SPLINE_CURVE_WITH_KNOTS('',6,(#9233,#9234,#9235,#9236,#9237,
    #9238,#9239,#9240,#9241,#9242,#9243,#9244,#9245,#9246,#9247,#9248,
    #9249,#9250,#9251,#9252,#9253,#9254),.UNSPECIFIED.,.F.,.F.,(7,5,5,5,
    7),(0.,0.152224684191,0.568387020948,0.878954116794,1.),
  .UNSPECIFIED.);
#9233 = CARTESIAN_POINT('',(363.92836282906,14.20309262373,
    -9.158720430374));
#9234 = CARTESIAN_POINT('',(363.85162443626,14.167869542796,
    -9.213343418902));
#9235 = CARTESIAN_POINT('',(363.77317809233,14.134454384161,
    -9.264609250446));
#9236 = CARTESIAN_POINT('',(363.69321330687,14.102872373551,
    -9.31260017844));
#9237 = CARTESIAN_POINT('',(363.61189932645,14.073142514732,
    -9.357393098484));
#9238 = CARTESIAN_POINT('',(363.52938540225,14.045278338686,
    -9.399059651258));
#9239 = CARTESIAN_POINT('',(363.21729241384,13.948236257563,
    -9.543211913037));
#9240 = CARTESIAN_POINT('',(362.98073962449,13.891180185576,
    -9.625908082842));
#9241 = CARTESIAN_POINT('',(362.73888012876,13.848346953457,
    -9.687042939675));
#9242 = CARTESIAN_POINT('',(362.49372369505,13.819782424301,
    -9.727498614515));
#9243 = CARTESIAN_POINT('',(362.24690264409,13.805490575304,
    -9.747739736738));
#9244 = CARTESIAN_POINT('',(361.81574537058,13.805490575304,
    -9.747739736738));
#9245 = CARTESIAN_POINT('',(361.63150950751,13.813449962184,
    -9.736467545329));
#9246 = CARTESIAN_POINT('',(361.44796900028,13.829364527381,
    -9.713926720841));
#9247 = CARTESIAN_POINT('',(361.26581231516,13.853231244158,
    -9.679979821757));
#9248 = CARTESIAN_POINT('',(361.08581282516,13.885032436398,
    -9.63435412527));
#9249 = CARTESIAN_POINT('',(360.83994944077,13.940188456084,
    -9.554155690493));
#9250 = CARTESIAN_POINT('',(360.77146409971,13.956855418357,
    -9.529828005726));
#9251 = CARTESIAN_POINT('',(360.70349933374,13.974718510467,
    -9.503639769395));
#9252 = CARTESIAN_POINT('',(360.63611355237,13.993774461811,
    -9.475563295355));
#9253 = CARTESIAN_POINT('',(360.56937005787,14.014019054932,
    -9.445567733458));
#9254 = CARTESIAN_POINT('',(360.50333704529,14.035447125518,
    -9.413619069561));
#9255 = PCURVE('',#2587,#9256);
#9256 = DEFINITIONAL_REPRESENTATION('',(#9257),#9280);
#9257 = B_SPLINE_CURVE_WITH_KNOTS('',6,(#9258,#9259,#9260,#9261,#9262,
    #9263,#9264,#9265,#9266,#9267,#9268,#9269,#9270,#9271,#9272,#9273,
    #9274,#9275,#9276,#9277,#9278,#9279),.UNSPECIFIED.,.F.,.F.,(7,5,5,5,
    7),(0.,0.152224684191,0.568387020948,0.878954116794,1.),
  .UNSPECIFIED.);
#9258 = CARTESIAN_POINT('',(2.443460952792,3.343015952943));
#9259 = CARTESIAN_POINT('',(2.476852571901,3.334177672872));
#9260 = CARTESIAN_POINT('',(2.509864692522,3.32555913101));
#9261 = CARTESIAN_POINT('',(2.542529588077,3.317217951431));
#9262 = CARTESIAN_POINT('',(2.57487674878,3.309203854884));
#9263 = CARTESIAN_POINT('',(2.606934629297,3.30155938126));
#9264 = CARTESIAN_POINT('',(2.725663324433,3.274530765767));
#9265 = CARTESIAN_POINT('',(2.81066698134,3.257769314963));
#9266 = CARTESIAN_POINT('',(2.894296798563,3.244785930076));
#9267 = CARTESIAN_POINT('',(2.977017831111,3.235994981848));
#9268 = CARTESIAN_POINT('',(3.059291772223,3.2315964357));
#9269 = CARTESIAN_POINT('',(3.203010863394,3.2315964357));
#9270 = CARTESIAN_POINT('',(3.264422700877,3.23404625607));
#9271 = CARTESIAN_POINT('',(3.326020164394,3.238943586372));
#9272 = CARTESIAN_POINT('',(3.387989673944,3.246227598156));
#9273 = CARTESIAN_POINT('',(3.450523108438,3.25576701378));
#9274 = CARTESIAN_POINT('',(3.538502733594,3.271862020824));
#9275 = CARTESIAN_POINT('',(3.563294827358,3.27668609467));
#9276 = CARTESIAN_POINT('',(3.588217850718,3.281807927233));
#9277 = CARTESIAN_POINT('',(3.61328504429,3.28721285367));
#9278 = CARTESIAN_POINT('',(3.638510162862,3.292884013833));
#9279 = CARTESIAN_POINT('',(3.663907475396,3.298802352265));
#9280 = ( GEOMETRIC_REPRESENTATION_CONTEXT(2) 
PARAMETRIC_REPRESENTATION_CONTEXT() REPRESENTATION_CONTEXT('2D SPACE',''
  ) );
#9281 = PCURVE('',#1824,#9282);
#9282 = DEFINITIONAL_REPRESENTATION('',(#9283),#9306);
#9283 = B_SPLINE_CURVE_WITH_KNOTS('',6,(#9284,#9285,#9286,#9287,#9288,
    #9289,#9290,#9291,#9292,#9293,#9294,#9295,#9296,#9297,#9298,#9299,
    #9300,#9301,#9302,#9303,#9304,#9305),.UNSPECIFIED.,.F.,.F.,(7,5,5,5,
    7),(0.,0.152224684191,0.568387020948,0.878954116794,1.),
  .UNSPECIFIED.);
#9284 = CARTESIAN_POINT('',(5.71044615046,14.92836282906));
#9285 = CARTESIAN_POINT('',(5.706600298717,14.851624436265));
#9286 = CARTESIAN_POINT('',(5.702979369845,14.773178092333));
#9287 = CARTESIAN_POINT('',(5.699579980764,14.693213306873));
#9288 = CARTESIAN_POINT('',(5.696398872885,14.611899326455));
#9289 = CARTESIAN_POINT('',(5.693432911671,14.529385402254));
#9290 = CARTESIAN_POINT('',(5.683150488265,14.217292413849));
#9291 = CARTESIAN_POINT('',(5.677205954666,13.980739624496));
#9292 = CARTESIAN_POINT('',(5.672788989986,13.738880128767));
#9293 = CARTESIAN_POINT('',(5.669858603158,13.493723695053));
#9294 = CARTESIAN_POINT('',(5.668392434843,13.246902644099));
#9295 = CARTESIAN_POINT('',(5.668392434843,12.815745370588));
#9296 = CARTESIAN_POINT('',(5.669208942143,12.631509507514));
#9297 = CARTESIAN_POINT('',(5.670841666233,12.447969000287));
#9298 = CARTESIAN_POINT('',(5.673297099512,12.265812315161));
#9299 = CARTESIAN_POINT('',(5.676587864545,12.085812825169));
#9300 = CARTESIAN_POINT('',(5.682347293466,11.839949440774));
#9301 = CARTESIAN_POINT('',(5.684092225535,11.771464099714));
#9302 = CARTESIAN_POINT('',(5.685967980382,11.703499333741));
#9303 = CARTESIAN_POINT('',(5.687975813234,11.636113552372));
#9304 = CARTESIAN_POINT('',(5.690117111685,11.569370057879));
#9305 = CARTESIAN_POINT('',(5.692393395697,11.50333704529));
#9306 = ( GEOMETRIC_REPRESENTATION_CONTEXT(2) 
PARAMETRIC_REPRESENTATION_CONTEXT() REPRESENTATION_CONTEXT('2D SPACE',''
  ) );
#9307 = ORIENTED_EDGE('',*,*,#8323,.F.);
#9308 = ORIENTED_EDGE('',*,*,#2869,.T.);
#9309 = ORIENTED_EDGE('',*,*,#2572,.T.);
#9310 = ADVANCED_FACE('',(#9311),#2108,.T.);
#9311 = FACE_BOUND('',#9312,.T.);
#9312 = EDGE_LOOP('',(#9313,#9314,#9315,#9316));
#9313 = ORIENTED_EDGE('',*,*,#2095,.F.);
#9314 = ORIENTED_EDGE('',*,*,#2413,.T.);
#9315 = ORIENTED_EDGE('',*,*,#2618,.T.);
#9316 = ORIENTED_EDGE('',*,*,#9317,.F.);
#9317 = EDGE_CURVE('',#1967,#2496,#9318,.T.);
#9318 = SURFACE_CURVE('',#9319,(#9324,#9331),.PCURVE_S1.);
#9319 = CIRCLE('',#9320,17.6);
#9320 = AXIS2_PLACEMENT_3D('',#9321,#9322,#9323);
#9321 = CARTESIAN_POINT('',(348.1,0.,0.));
#9322 = DIRECTION('',(1.,-0.,0.));
#9323 = DIRECTION('',(0.,0.958796144051,-0.284094973825));
#9324 = PCURVE('',#2108,#9325);
#9325 = DEFINITIONAL_REPRESENTATION('',(#9326),#9330);
#9326 = CIRCLE('',#9327,17.6);
#9327 = AXIS2_PLACEMENT_2D('',#9328,#9329);
#9328 = CARTESIAN_POINT('',(0.,0.));
#9329 = DIRECTION('',(-0.284094973825,-0.958796144051));
#9330 = ( GEOMETRIC_REPRESENTATION_CONTEXT(2) 
PARAMETRIC_REPRESENTATION_CONTEXT() REPRESENTATION_CONTEXT('2D SPACE',''
  ) );
#9331 = PCURVE('',#1981,#9332);
#9332 = DEFINITIONAL_REPRESENTATION('',(#9333),#9337);
#9333 = LINE('',#9334,#9335);
#9334 = CARTESIAN_POINT('',(4.424326603679,10.6));
#9335 = VECTOR('',#9336,1.);
#9336 = DIRECTION('',(1.,0.));
#9337 = ( GEOMETRIC_REPRESENTATION_CONTEXT(2) 
PARAMETRIC_REPRESENTATION_CONTEXT() REPRESENTATION_CONTEXT('2D SPACE',''
  ) );
#9338 = ADVANCED_FACE('',(#9339),#1981,.F.);
#9339 = FACE_BOUND('',#9340,.F.);
#9340 = EDGE_LOOP('',(#9341,#9342,#9363,#9364));
#9341 = ORIENTED_EDGE('',*,*,#1966,.F.);
#9342 = ORIENTED_EDGE('',*,*,#9343,.T.);
#9343 = EDGE_CURVE('',#1892,#2494,#9344,.T.);
#9344 = SURFACE_CURVE('',#9345,(#9350,#9356),.PCURVE_S1.);
#9345 = CIRCLE('',#9346,17.6);
#9346 = AXIS2_PLACEMENT_3D('',#9347,#9348,#9349);
#9347 = CARTESIAN_POINT('',(338.5,0.,0.));
#9348 = DIRECTION('',(1.,0.,0.));
#9349 = DIRECTION('',(-0.,0.,1.));
#9350 = PCURVE('',#1981,#9351);
#9351 = DEFINITIONAL_REPRESENTATION('',(#9352),#9355);
#9352 = B_SPLINE_CURVE_WITH_KNOTS('',1,(#9353,#9354),.UNSPECIFIED.,.F.,
  .F.,(2,2),(1.616266539212,4.127786731093),.PIECEWISE_BEZIER_KNOTS.);
#9353 = CARTESIAN_POINT('',(7.899451846391,1.));
#9354 = CARTESIAN_POINT('',(10.410972038273,1.));
#9355 = ( GEOMETRIC_REPRESENTATION_CONTEXT(2) 
PARAMETRIC_REPRESENTATION_CONTEXT() REPRESENTATION_CONTEXT('2D SPACE',''
  ) );
#9356 = PCURVE('',#43,#9357);
#9357 = DEFINITIONAL_REPRESENTATION('',(#9358),#9362);
#9358 = CIRCLE('',#9359,17.6);
#9359 = AXIS2_PLACEMENT_2D('',#9360,#9361);
#9360 = CARTESIAN_POINT('',(0.,0.));
#9361 = DIRECTION('',(1.,0.));
#9362 = ( GEOMETRIC_REPRESENTATION_CONTEXT(2) 
PARAMETRIC_REPRESENTATION_CONTEXT() REPRESENTATION_CONTEXT('2D SPACE',''
  ) );
#9363 = ORIENTED_EDGE('',*,*,#2493,.T.);
#9364 = ORIENTED_EDGE('',*,*,#9317,.F.);
#9365 = ADVANCED_FACE('',(#9366,#9419),#1771,.F.);
#9366 = FACE_BOUND('',#9367,.F.);
#9367 = EDGE_LOOP('',(#9368,#9369,#9370,#9371,#9372,#9373,#9374,#9396,
    #9397));
#9368 = ORIENTED_EDGE('',*,*,#1755,.F.);
#9369 = ORIENTED_EDGE('',*,*,#1919,.T.);
#9370 = ORIENTED_EDGE('',*,*,#1993,.T.);
#9371 = ORIENTED_EDGE('',*,*,#2123,.F.);
#9372 = ORIENTED_EDGE('',*,*,#2257,.F.);
#9373 = ORIENTED_EDGE('',*,*,#2337,.F.);
#9374 = ORIENTED_EDGE('',*,*,#9375,.T.);
#9375 = EDGE_CURVE('',#2338,#6541,#9376,.T.);
#9376 = SURFACE_CURVE('',#9377,(#9382,#9389),.PCURVE_S1.);
#9377 = CIRCLE('',#9378,3.);
#9378 = AXIS2_PLACEMENT_3D('',#9379,#9380,#9381);
#9379 = CARTESIAN_POINT('',(362.,-12.14452434629,-5.663084707325));
#9380 = DIRECTION('',(0.,-0.906307787037,-0.422618261741));
#9381 = DIRECTION('',(0.,0.422618261741,-0.906307787037));
#9382 = PCURVE('',#1771,#9383);
#9383 = DEFINITIONAL_REPRESENTATION('',(#9384),#9388);
#9384 = CIRCLE('',#9385,3.);
#9385 = AXIS2_PLACEMENT_2D('',#9386,#9387);
#9386 = CARTESIAN_POINT('',(2.6,23.500000175));
#9387 = DIRECTION('',(1.,0.));
#9388 = ( GEOMETRIC_REPRESENTATION_CONTEXT(2) 
PARAMETRIC_REPRESENTATION_CONTEXT() REPRESENTATION_CONTEXT('2D SPACE',''
  ) );
#9389 = PCURVE('',#1798,#9390);
#9390 = DEFINITIONAL_REPRESENTATION('',(#9391),#9395);
#9391 = LINE('',#9392,#9393);
#9392 = CARTESIAN_POINT('',(0.,0.));
#9393 = VECTOR('',#9394,1.);
#9394 = DIRECTION('',(1.,0.));
#9395 = ( GEOMETRIC_REPRESENTATION_CONTEXT(2) 
PARAMETRIC_REPRESENTATION_CONTEXT() REPRESENTATION_CONTEXT('2D SPACE',''
  ) );
#9396 = ORIENTED_EDGE('',*,*,#6569,.T.);
#9397 = ORIENTED_EDGE('',*,*,#9398,.T.);
#9398 = EDGE_CURVE('',#6570,#1756,#9399,.T.);
#9399 = SURFACE_CURVE('',#9400,(#9405,#9412),.PCURVE_S1.);
#9400 = CIRCLE('',#9401,3.);
#9401 = AXIS2_PLACEMENT_3D('',#9402,#9403,#9404);
#9402 = CARTESIAN_POINT('',(362.,-12.14452434629,-5.663084707325));
#9403 = DIRECTION('',(0.,-0.906307787037,-0.422618261741));
#9404 = DIRECTION('',(0.,0.422618261741,-0.906307787037));
#9405 = PCURVE('',#1771,#9406);
#9406 = DEFINITIONAL_REPRESENTATION('',(#9407),#9411);
#9407 = CIRCLE('',#9408,3.);
#9408 = AXIS2_PLACEMENT_2D('',#9409,#9410);
#9409 = CARTESIAN_POINT('',(2.6,23.500000175));
#9410 = DIRECTION('',(1.,0.));
#9411 = ( GEOMETRIC_REPRESENTATION_CONTEXT(2) 
PARAMETRIC_REPRESENTATION_CONTEXT() REPRESENTATION_CONTEXT('2D SPACE',''
  ) );
#9412 = PCURVE('',#1798,#9413);
#9413 = DEFINITIONAL_REPRESENTATION('',(#9414),#9418);
#9414 = LINE('',#9415,#9416);
#9415 = CARTESIAN_POINT('',(0.,0.));
#9416 = VECTOR('',#9417,1.);
#9417 = DIRECTION('',(1.,0.));
#9418 = ( GEOMETRIC_REPRESENTATION_CONTEXT(2) 
PARAMETRIC_REPRESENTATION_CONTEXT() REPRESENTATION_CONTEXT('2D SPACE',''
  ) );
#9419 = FACE_BOUND('',#9420,.F.);
#9420 = EDGE_LOOP('',(#9421));
#9421 = ORIENTED_EDGE('',*,*,#5602,.T.);
#9422 = ADVANCED_FACE('',(#9423),#1798,.T.);
#9423 = FACE_BOUND('',#9424,.T.);
#9424 = EDGE_LOOP('',(#9425,#9503,#9504,#9505,#9506,#9507));
#9425 = ORIENTED_EDGE('',*,*,#9426,.F.);
#9426 = EDGE_CURVE('',#2361,#1784,#9427,.T.);
#9427 = SURFACE_CURVE('',#9428,(#9451,#9477),.PCURVE_S1.);
#9428 = B_SPLINE_CURVE_WITH_KNOTS('',6,(#9429,#9430,#9431,#9432,#9433,
    #9434,#9435,#9436,#9437,#9438,#9439,#9440,#9441,#9442,#9443,#9444,
    #9445,#9446,#9447,#9448,#9449,#9450),.UNSPECIFIED.,.F.,.F.,(7,5,5,5,
    7),(0.,0.152224687311,0.568387031443,0.878954114608,1.),
  .UNSPECIFIED.);
#9429 = CARTESIAN_POINT('',(363.92836282906,-16.14555884953,
    -4.993088166285));
#9430 = CARTESIAN_POINT('',(363.85162443644,-16.16476152631,
    -4.930994740778));
#9431 = CARTESIAN_POINT('',(363.77317809226,-16.18255458181,
    -4.872444202654));
#9432 = CARTESIAN_POINT('',(363.69321330666,-16.19901724043,
    -4.817403004975));
#9433 = CARTESIAN_POINT('',(363.61189932641,-16.21422062299,
    -4.765836277965));
#9434 = CARTESIAN_POINT('',(363.52938540248,-16.22822830706,-4.717708337
    ));
#9435 = CARTESIAN_POINT('',(363.21729241384,-16.27627789883,
    -4.550710502104));
#9436 = CARTESIAN_POINT('',(362.98073962449,-16.30295190404,
    -4.453846941892));
#9437 = CARTESIAN_POINT('',(362.73888012876,-16.32225125051,
    -4.381738053955));
#9438 = CARTESIAN_POINT('',(362.49372369505,-16.33488117,-4.333851948596
    ));
#9439 = CARTESIAN_POINT('',(362.24690264409,-16.34120014574,
    -4.309893014519));
#9440 = CARTESIAN_POINT('',(361.81574538137,-16.34120014574,
    -4.309893014519));
#9441 = CARTESIAN_POINT('',(361.6315094904,-16.33768134066,
    -4.323235886342));
#9442 = CARTESIAN_POINT('',(361.44796900011,-16.33064375391,
    -4.349916108661));
#9443 = CARTESIAN_POINT('',(361.26581233219,-16.31998015083,
    -4.390019718755));
#9444 = CARTESIAN_POINT('',(361.08581281475,-16.30547024981,
    -4.443708485349));
#9445 = CARTESIAN_POINT('',(360.83994944077,-16.27948829166,
    -4.53751100395));
#9446 = CARTESIAN_POINT('',(360.77146409971,-16.27156552077,
    -4.565916172123));
#9447 = CARTESIAN_POINT('',(360.70349933374,-16.26298634213,
    -4.596433568404));
#9448 = CARTESIAN_POINT('',(360.63611355237,-16.25372744462,
    -4.629078483676));
#9449 = CARTESIAN_POINT('',(360.56937005787,-16.24376248474,
    -4.663867517272));
#9450 = CARTESIAN_POINT('',(360.50333704529,-16.23306208656,
    -4.70081857697));
#9451 = PCURVE('',#1798,#9452);
#9452 = DEFINITIONAL_REPRESENTATION('',(#9453),#9476);
#9453 = B_SPLINE_CURVE_WITH_KNOTS('',6,(#9454,#9455,#9456,#9457,#9458,
    #9459,#9460,#9461,#9462,#9463,#9464,#9465,#9466,#9467,#9468,#9469,
    #9470,#9471,#9472,#9473,#9474,#9475),.UNSPECIFIED.,.F.,.F.,(7,5,5,5,
    7),(0.,0.152224687311,0.568387031443,0.878954114608,1.),
  .UNSPECIFIED.);
#9454 = CARTESIAN_POINT('',(2.443460952792,3.343015952943));
#9455 = CARTESIAN_POINT('',(2.476852571824,3.334177672892));
#9456 = CARTESIAN_POINT('',(2.509864692556,3.325559130999));
#9457 = CARTESIAN_POINT('',(2.54252958816,3.317217951411));
#9458 = CARTESIAN_POINT('',(2.574876748789,3.309203854883));
#9459 = CARTESIAN_POINT('',(2.606934629208,3.30155938128));
#9460 = CARTESIAN_POINT('',(2.725663324434,3.274530765767));
#9461 = CARTESIAN_POINT('',(2.81066698134,3.257769314963));
#9462 = CARTESIAN_POINT('',(2.894296798563,3.244785930076));
#9463 = CARTESIAN_POINT('',(2.977017831111,3.235994981848));
#9464 = CARTESIAN_POINT('',(3.059291772223,3.2315964357));
#9465 = CARTESIAN_POINT('',(3.203010859798,3.2315964357));
#9466 = CARTESIAN_POINT('',(3.264422706742,3.234046256548));
#9467 = CARTESIAN_POINT('',(3.326020164332,3.238943586055));
#9468 = CARTESIAN_POINT('',(3.387989668049,3.246227597528));
#9469 = CARTESIAN_POINT('',(3.450523112167,3.255767014462));
#9470 = CARTESIAN_POINT('',(3.538502733594,3.271862020824));
#9471 = CARTESIAN_POINT('',(3.563294827358,3.27668609467));
#9472 = CARTESIAN_POINT('',(3.588217850718,3.281807927233));
#9473 = CARTESIAN_POINT('',(3.61328504429,3.28721285367));
#9474 = CARTESIAN_POINT('',(3.638510162862,3.292884013833));
#9475 = CARTESIAN_POINT('',(3.663907475396,3.298802352265));
#9476 = ( GEOMETRIC_REPRESENTATION_CONTEXT(2) 
PARAMETRIC_REPRESENTATION_CONTEXT() REPRESENTATION_CONTEXT('2D SPACE',''
  ) );
#9477 = PCURVE('',#1824,#9478);
#9478 = DEFINITIONAL_REPRESENTATION('',(#9479),#9502);
#9479 = B_SPLINE_CURVE_WITH_KNOTS('',6,(#9480,#9481,#9482,#9483,#9484,
    #9485,#9486,#9487,#9488,#9489,#9490,#9491,#9492,#9493,#9494,#9495,
    #9496,#9497,#9498,#9499,#9500,#9501),.UNSPECIFIED.,.F.,.F.,(7,5,5,5,
    7),(0.,0.152224687311,0.568387031443,0.878954114608,1.),
  .UNSPECIFIED.);
#9480 = CARTESIAN_POINT('',(3.441518122868,14.92836282906));
#9481 = CARTESIAN_POINT('',(3.437672271133,14.85162443644));
#9482 = CARTESIAN_POINT('',(3.434051342248,14.773178092262));
#9483 = CARTESIAN_POINT('',(3.430651953163,14.693213306669));
#9484 = CARTESIAN_POINT('',(3.427470845292,14.611899326417));
#9485 = CARTESIAN_POINT('',(3.424504884086,14.529385402486));
#9486 = CARTESIAN_POINT('',(3.414222460673,14.217292413849));
#9487 = CARTESIAN_POINT('',(3.408277927073,13.980739624496));
#9488 = CARTESIAN_POINT('',(3.403860962393,13.738880128768));
#9489 = CARTESIAN_POINT('',(3.400930575565,13.493723695053));
#9490 = CARTESIAN_POINT('',(3.39946440725,13.246902644099));
#9491 = CARTESIAN_POINT('',(3.39946440725,12.815745381376));
#9492 = CARTESIAN_POINT('',(3.40028091472,12.631509490402));
#9493 = CARTESIAN_POINT('',(3.401913638527,12.447969000118));
#9494 = CARTESIAN_POINT('',(3.404369071697,12.265812332194));
#9495 = CARTESIAN_POINT('',(3.407659837197,12.08581281475));
#9496 = CARTESIAN_POINT('',(3.413419265873,11.839949440774));
#9497 = CARTESIAN_POINT('',(3.415164197942,11.771464099714));
#9498 = CARTESIAN_POINT('',(3.417039952789,11.703499333741));
#9499 = CARTESIAN_POINT('',(3.419047785641,11.636113552372));
#9500 = CARTESIAN_POINT('',(3.421189084092,11.569370057879));
#9501 = CARTESIAN_POINT('',(3.423465368104,11.50333704529));
#9502 = ( GEOMETRIC_REPRESENTATION_CONTEXT(2) 
PARAMETRIC_REPRESENTATION_CONTEXT() REPRESENTATION_CONTEXT('2D SPACE',''
  ) );
#9503 = ORIENTED_EDGE('',*,*,#2360,.F.);
#9504 = ORIENTED_EDGE('',*,*,#9375,.T.);
#9505 = ORIENTED_EDGE('',*,*,#6975,.T.);
#9506 = ORIENTED_EDGE('',*,*,#9398,.T.);
#9507 = ORIENTED_EDGE('',*,*,#1783,.T.);
#9508 = ADVANCED_FACE('',(#9509,#9643),#1824,.F.);
#9509 = FACE_BOUND('',#9510,.F.);
#9510 = EDGE_LOOP('',(#9511,#9532,#9555,#9576,#9577,#9578,#9579,#9600,
    #9601,#9602,#9603,#9604,#9605,#9606,#9607,#9608,#9609,#9610,#9631,
    #9632,#9633,#9634,#9635,#9636,#9637,#9638,#9639,#9640,#9641,#9642));
#9511 = ORIENTED_EDGE('',*,*,#9512,.F.);
#9512 = EDGE_CURVE('',#9513,#9126,#9515,.T.);
#9513 = VERTEX_POINT('',#9514);
#9514 = CARTESIAN_POINT('',(349.,16.233062086569,-4.70081857697));
#9515 = SURFACE_CURVE('',#9516,(#9520,#9526),.PCURVE_S1.);
#9516 = LINE('',#9517,#9518);
#9517 = CARTESIAN_POINT('',(349.,16.233062086569,-4.70081857697));
#9518 = VECTOR('',#9519,1.);
#9519 = DIRECTION('',(1.,0.,0.));
#9520 = PCURVE('',#1824,#9521);
#9521 = DEFINITIONAL_REPRESENTATION('',(#9522),#9525);
#9522 = B_SPLINE_CURVE_WITH_KNOTS('',1,(#9523,#9524),.UNSPECIFIED.,.F.,
  .F.,(2,2),(-6.000000212225E-07,15.350000015),
  .PIECEWISE_BEZIER_KNOTS.);
#9523 = CARTESIAN_POINT('',(6.001312592665,-6.000000212225E-07));
#9524 = CARTESIAN_POINT('',(6.001312592665,15.350000015));
#9525 = ( GEOMETRIC_REPRESENTATION_CONTEXT(2) 
PARAMETRIC_REPRESENTATION_CONTEXT() REPRESENTATION_CONTEXT('2D SPACE',''
  ) );
#9526 = PCURVE('',#1095,#9527);
#9527 = DEFINITIONAL_REPRESENTATION('',(#9528),#9531);
#9528 = B_SPLINE_CURVE_WITH_KNOTS('',1,(#9529,#9530),.UNSPECIFIED.,.F.,
  .F.,(2,2),(-6.000000212225E-07,15.350000015),
  .PIECEWISE_BEZIER_KNOTS.);
#9529 = CARTESIAN_POINT('',(10.49999955,3.298802352265));
#9530 = CARTESIAN_POINT('',(25.850000165,3.298802352265));
#9531 = ( GEOMETRIC_REPRESENTATION_CONTEXT(2) 
PARAMETRIC_REPRESENTATION_CONTEXT() REPRESENTATION_CONTEXT('2D SPACE',''
  ) );
#9532 = ORIENTED_EDGE('',*,*,#9533,.T.);
#9533 = EDGE_CURVE('',#9513,#9534,#9536,.T.);
#9534 = VERTEX_POINT('',#9535);
#9535 = CARTESIAN_POINT('',(349.,16.9,0.));
#9536 = SURFACE_CURVE('',#9537,(#9542,#9549),.PCURVE_S1.);
#9537 = CIRCLE('',#9538,16.9);
#9538 = AXIS2_PLACEMENT_3D('',#9539,#9540,#9541);
#9539 = CARTESIAN_POINT('',(349.,0.,0.));
#9540 = DIRECTION('',(1.,0.,0.));
#9541 = DIRECTION('',(-0.,1.,0.));
#9542 = PCURVE('',#1824,#9543);
#9543 = DEFINITIONAL_REPRESENTATION('',(#9544),#9548);
#9544 = LINE('',#9545,#9546);
#9545 = CARTESIAN_POINT('',(0.,0.));
#9546 = VECTOR('',#9547,1.);
#9547 = DIRECTION('',(1.,0.));
#9548 = ( GEOMETRIC_REPRESENTATION_CONTEXT(2) 
PARAMETRIC_REPRESENTATION_CONTEXT() REPRESENTATION_CONTEXT('2D SPACE',''
  ) );
#9549 = PCURVE('',#1852,#9550);
#9550 = DEFINITIONAL_REPRESENTATION('',(#9551),#9554);
#9551 = B_SPLINE_CURVE_WITH_KNOTS('',1,(#9552,#9553),.UNSPECIFIED.,.F.,
  .F.,(2,2),(6.001312592665,6.28318530718),.PIECEWISE_BEZIER_KNOTS.);
#9552 = CARTESIAN_POINT('',(-6.001312592665,-2.323919505559));
#9553 = CARTESIAN_POINT('',(-6.28318530718,-2.323919505559));
#9554 = ( GEOMETRIC_REPRESENTATION_CONTEXT(2) 
PARAMETRIC_REPRESENTATION_CONTEXT() REPRESENTATION_CONTEXT('2D SPACE',''
  ) );
#9555 = ORIENTED_EDGE('',*,*,#9556,.T.);
#9556 = EDGE_CURVE('',#9534,#8941,#9557,.T.);
#9557 = SEAM_CURVE('',#9558,(#9562,#9569),.PCURVE_S1.);
#9558 = LINE('',#9559,#9560);
#9559 = CARTESIAN_POINT('',(349.,16.9,0.));
#9560 = VECTOR('',#9561,1.);
#9561 = DIRECTION('',(1.,0.,0.));
#9562 = PCURVE('',#1824,#9563);
#9563 = DEFINITIONAL_REPRESENTATION('',(#9564),#9568);
#9564 = LINE('',#9565,#9566);
#9565 = CARTESIAN_POINT('',(6.28318530718,0.));
#9566 = VECTOR('',#9567,1.);
#9567 = DIRECTION('',(0.,1.));
#9568 = ( GEOMETRIC_REPRESENTATION_CONTEXT(2) 
PARAMETRIC_REPRESENTATION_CONTEXT() REPRESENTATION_CONTEXT('2D SPACE',''
  ) );
#9569 = PCURVE('',#1824,#9570);
#9570 = DEFINITIONAL_REPRESENTATION('',(#9571),#9575);
#9571 = LINE('',#9572,#9573);
#9572 = CARTESIAN_POINT('',(0.,0.));
#9573 = VECTOR('',#9574,1.);
#9574 = DIRECTION('',(0.,1.));
#9575 = ( GEOMETRIC_REPRESENTATION_CONTEXT(2) 
PARAMETRIC_REPRESENTATION_CONTEXT() REPRESENTATION_CONTEXT('2D SPACE',''
  ) );
#9576 = ORIENTED_EDGE('',*,*,#8940,.F.);
#9577 = ORIENTED_EDGE('',*,*,#8779,.F.);
#9578 = ORIENTED_EDGE('',*,*,#8750,.F.);
#9579 = ORIENTED_EDGE('',*,*,#9580,.T.);
#9580 = EDGE_CURVE('',#8654,#8114,#9581,.T.);
#9581 = SEAM_CURVE('',#9582,(#9586,#9593),.PCURVE_S1.);
#9582 = LINE('',#9583,#9584);
#9583 = CARTESIAN_POINT('',(349.,16.9,0.));
#9584 = VECTOR('',#9585,1.);
#9585 = DIRECTION('',(1.,0.,0.));
#9586 = PCURVE('',#1824,#9587);
#9587 = DEFINITIONAL_REPRESENTATION('',(#9588),#9592);
#9588 = LINE('',#9589,#9590);
#9589 = CARTESIAN_POINT('',(6.28318530718,0.));
#9590 = VECTOR('',#9591,1.);
#9591 = DIRECTION('',(0.,1.));
#9592 = ( GEOMETRIC_REPRESENTATION_CONTEXT(2) 
PARAMETRIC_REPRESENTATION_CONTEXT() REPRESENTATION_CONTEXT('2D SPACE',''
  ) );
#9593 = PCURVE('',#1824,#9594);
#9594 = DEFINITIONAL_REPRESENTATION('',(#9595),#9599);
#9595 = LINE('',#9596,#9597);
#9596 = CARTESIAN_POINT('',(0.,0.));
#9597 = VECTOR('',#9598,1.);
#9598 = DIRECTION('',(0.,1.));
#9599 = ( GEOMETRIC_REPRESENTATION_CONTEXT(2) 
PARAMETRIC_REPRESENTATION_CONTEXT() REPRESENTATION_CONTEXT('2D SPACE',''
  ) );
#9600 = ORIENTED_EDGE('',*,*,#8111,.F.);
#9601 = ORIENTED_EDGE('',*,*,#8186,.F.);
#9602 = ORIENTED_EDGE('',*,*,#7250,.F.);
#9603 = ORIENTED_EDGE('',*,*,#7277,.T.);
#9604 = ORIENTED_EDGE('',*,*,#8137,.F.);
#9605 = ORIENTED_EDGE('',*,*,#9580,.F.);
#9606 = ORIENTED_EDGE('',*,*,#8676,.F.);
#9607 = ORIENTED_EDGE('',*,*,#9045,.F.);
#9608 = ORIENTED_EDGE('',*,*,#8993,.F.);
#9609 = ORIENTED_EDGE('',*,*,#9556,.F.);
#9610 = ORIENTED_EDGE('',*,*,#9611,.T.);
#9611 = EDGE_CURVE('',#9534,#1810,#9612,.T.);
#9612 = SURFACE_CURVE('',#9613,(#9618,#9625),.PCURVE_S1.);
#9613 = CIRCLE('',#9614,16.9);
#9614 = AXIS2_PLACEMENT_3D('',#9615,#9616,#9617);
#9615 = CARTESIAN_POINT('',(349.,0.,0.));
#9616 = DIRECTION('',(1.,0.,0.));
#9617 = DIRECTION('',(-0.,1.,0.));
#9618 = PCURVE('',#1824,#9619);
#9619 = DEFINITIONAL_REPRESENTATION('',(#9620),#9624);
#9620 = LINE('',#9621,#9622);
#9621 = CARTESIAN_POINT('',(0.,0.));
#9622 = VECTOR('',#9623,1.);
#9623 = DIRECTION('',(1.,0.));
#9624 = ( GEOMETRIC_REPRESENTATION_CONTEXT(2) 
PARAMETRIC_REPRESENTATION_CONTEXT() REPRESENTATION_CONTEXT('2D SPACE',''
  ) );
#9625 = PCURVE('',#1852,#9626);
#9626 = DEFINITIONAL_REPRESENTATION('',(#9627),#9630);
#9627 = B_SPLINE_CURVE_WITH_KNOTS('',1,(#9628,#9629),.UNSPECIFIED.,.F.,
  .F.,(2,2),(0.,5.692393395697),.PIECEWISE_BEZIER_KNOTS.);
#9628 = CARTESIAN_POINT('',(-6.28318530718,-2.323919505559));
#9629 = CARTESIAN_POINT('',(-11.97557870287,-2.323919505559));
#9630 = ( GEOMETRIC_REPRESENTATION_CONTEXT(2) 
PARAMETRIC_REPRESENTATION_CONTEXT() REPRESENTATION_CONTEXT('2D SPACE',''
  ) );
#9631 = ORIENTED_EDGE('',*,*,#1809,.T.);
#9632 = ORIENTED_EDGE('',*,*,#9426,.F.);
#9633 = ORIENTED_EDGE('',*,*,#2383,.F.);
#9634 = ORIENTED_EDGE('',*,*,#2308,.F.);
#9635 = ORIENTED_EDGE('',*,*,#2178,.F.);
#9636 = ORIENTED_EDGE('',*,*,#2042,.F.);
#9637 = ORIENTED_EDGE('',*,*,#2469,.T.);
#9638 = ORIENTED_EDGE('',*,*,#2598,.T.);
#9639 = ORIENTED_EDGE('',*,*,#9230,.F.);
#9640 = ORIENTED_EDGE('',*,*,#8346,.F.);
#9641 = ORIENTED_EDGE('',*,*,#8399,.F.);
#9642 = ORIENTED_EDGE('',*,*,#9151,.F.);
#9643 = FACE_BOUND('',#9644,.F.);
#9644 = EDGE_LOOP('',(#9645,#9646,#9647,#9648,#9649,#9650));
#9645 = ORIENTED_EDGE('',*,*,#6647,.F.);
#9646 = ORIENTED_EDGE('',*,*,#6771,.F.);
#9647 = ORIENTED_EDGE('',*,*,#6824,.F.);
#9648 = ORIENTED_EDGE('',*,*,#6879,.T.);
#9649 = ORIENTED_EDGE('',*,*,#7006,.F.);
#9650 = ORIENTED_EDGE('',*,*,#7059,.F.);
#9651 = ADVANCED_FACE('',(#9652),#1852,.F.);
#9652 = FACE_BOUND('',#9653,.F.);
#9653 = EDGE_LOOP('',(#9654,#9681,#9703,#9704,#9705));
#9654 = ORIENTED_EDGE('',*,*,#9655,.F.);
#9655 = EDGE_CURVE('',#9656,#9513,#9658,.T.);
#9656 = VERTEX_POINT('',#9657);
#9657 = CARTESIAN_POINT('',(348.1,16.925384085749,-5.023653627097));
#9658 = SURFACE_CURVE('',#9659,(#9664,#9674),.PCURVE_S1.);
#9659 = HYPERBOLA('',#9660,3.098559340745,2.6);
#9660 = AXIS2_PLACEMENT_3D('',#9661,#9662,#9663);
#9661 = CARTESIAN_POINT('',(369.14063571484,1.098807480526,
    2.356400246295));
#9662 = DIRECTION('',(0.,0.422618261741,0.906307787037));
#9663 = DIRECTION('',(-1.,0.,0.));
#9664 = PCURVE('',#1852,#9665);
#9665 = DEFINITIONAL_REPRESENTATION('',(#9666),#9673);
#9666 = B_SPLINE_CURVE_WITH_KNOTS('',5,(#9667,#9668,#9669,#9670,#9671,
    #9672),.UNSPECIFIED.,.F.,.F.,(6,6),(-2.603199094905,-2.558978977029)
  ,.PIECEWISE_BEZIER_KNOTS.);
#9667 = CARTESIAN_POINT('',(-5.994656032165,-1.423919505559));
#9668 = CARTESIAN_POINT('',(-5.995958451552,-1.607974511586));
#9669 = CARTESIAN_POINT('',(-5.997275112238,-1.789972354859));
#9670 = CARTESIAN_POINT('',(-5.998606217251,-1.969943027401));
#9671 = CARTESIAN_POINT('',(-5.999951973654,-2.147915850933));
#9672 = CARTESIAN_POINT('',(-6.001312592665,-2.323919505559));
#9673 = ( GEOMETRIC_REPRESENTATION_CONTEXT(2) 
PARAMETRIC_REPRESENTATION_CONTEXT() REPRESENTATION_CONTEXT('2D SPACE',''
  ) );
#9674 = PCURVE('',#1095,#9675);
#9675 = DEFINITIONAL_REPRESENTATION('',(#9676),#9680);
#9676 = ( BOUNDED_CURVE() B_SPLINE_CURVE(2,(#9677,#9678,#9679),
.UNSPECIFIED.,.F.,.F.) B_SPLINE_CURVE_WITH_KNOTS((3,3),(-2.603199094905,
-2.558978977029),.PIECEWISE_BEZIER_KNOTS.) CURVE() 
GEOMETRIC_REPRESENTATION_ITEM() RATIONAL_B_SPLINE_CURVE((1.,
1.000244437311,1.)) REPRESENTATION_ITEM('') );
#9677 = CARTESIAN_POINT('',(9.60000015,4.062695158971));
#9678 = CARTESIAN_POINT('',(10.060062699597,3.672401471741));
#9679 = CARTESIAN_POINT('',(10.50000015,3.298802352265));
#9680 = ( GEOMETRIC_REPRESENTATION_CONTEXT(2) 
PARAMETRIC_REPRESENTATION_CONTEXT() REPRESENTATION_CONTEXT('2D SPACE',''
  ) );
#9681 = ORIENTED_EDGE('',*,*,#9682,.T.);
#9682 = EDGE_CURVE('',#9656,#1836,#9683,.T.);
#9683 = SURFACE_CURVE('',#9684,(#9689,#9696),.PCURVE_S1.);
#9684 = CIRCLE('',#9685,17.65518966806);
#9685 = AXIS2_PLACEMENT_3D('',#9686,#9687,#9688);
#9686 = CARTESIAN_POINT('',(348.1,0.,0.));
#9687 = DIRECTION('',(1.,0.,0.));
#9688 = DIRECTION('',(0.,0.958663396087,-0.284542603141));
#9689 = PCURVE('',#1852,#9690);
#9690 = DEFINITIONAL_REPRESENTATION('',(#9691),#9695);
#9691 = LINE('',#9692,#9693);
#9692 = CARTESIAN_POINT('',(-5.994656032165,-1.423919505559));
#9693 = VECTOR('',#9694,1.);
#9694 = DIRECTION('',(-1.,-0.));
#9695 = ( GEOMETRIC_REPRESENTATION_CONTEXT(2) 
PARAMETRIC_REPRESENTATION_CONTEXT() REPRESENTATION_CONTEXT('2D SPACE',''
  ) );
#9696 = PCURVE('',#1068,#9697);
#9697 = DEFINITIONAL_REPRESENTATION('',(#9698),#9702);
#9698 = CIRCLE('',#9699,17.65518966806);
#9699 = AXIS2_PLACEMENT_2D('',#9700,#9701);
#9700 = CARTESIAN_POINT('',(0.,0.));
#9701 = DIRECTION('',(-0.284542603141,-0.958663396087));
#9702 = ( GEOMETRIC_REPRESENTATION_CONTEXT(2) 
PARAMETRIC_REPRESENTATION_CONTEXT() REPRESENTATION_CONTEXT('2D SPACE',''
  ) );
#9703 = ORIENTED_EDGE('',*,*,#1835,.T.);
#9704 = ORIENTED_EDGE('',*,*,#9611,.F.);
#9705 = ORIENTED_EDGE('',*,*,#9533,.F.);
#9706 = ADVANCED_FACE('',(#9707),#1068,.T.);
#9707 = FACE_BOUND('',#9708,.T.);
#9708 = EDGE_LOOP('',(#9709,#9728,#9729,#9730));
#9709 = ORIENTED_EDGE('',*,*,#9710,.F.);
#9710 = EDGE_CURVE('',#9656,#1052,#9711,.T.);
#9711 = SURFACE_CURVE('',#9712,(#9716,#9722),.PCURVE_S1.);
#9712 = LINE('',#9713,#9714);
#9713 = CARTESIAN_POINT('',(348.1,7.171069653671,-0.475142107367));
#9714 = VECTOR('',#9715,1.);
#9715 = DIRECTION('',(0.,-0.906307787037,0.422618261741));
#9716 = PCURVE('',#1068,#9717);
#9717 = DEFINITIONAL_REPRESENTATION('',(#9718),#9721);
#9718 = B_SPLINE_CURVE_WITH_KNOTS('',1,(#9719,#9720),.UNSPECIFIED.,.F.,
  .F.,(2,2),(-11.4,-6.7),.PIECEWISE_BEZIER_KNOTS.);
#9719 = CARTESIAN_POINT('',(-5.292990291211,-17.50297842588));
#9720 = CARTESIAN_POINT('',(-3.30668446103,-13.24333182681));
#9721 = ( GEOMETRIC_REPRESENTATION_CONTEXT(2) 
PARAMETRIC_REPRESENTATION_CONTEXT() REPRESENTATION_CONTEXT('2D SPACE',''
  ) );
#9722 = PCURVE('',#1095,#9723);
#9723 = DEFINITIONAL_REPRESENTATION('',(#9724),#9727);
#9724 = B_SPLINE_CURVE_WITH_KNOTS('',1,(#9725,#9726),.UNSPECIFIED.,.F.,
  .F.,(2,2),(-11.4,-6.7),.PIECEWISE_BEZIER_KNOTS.);
#9725 = CARTESIAN_POINT('',(9.60000015,4.7));
#9726 = CARTESIAN_POINT('',(9.60000015,0.));
#9727 = ( GEOMETRIC_REPRESENTATION_CONTEXT(2) 
PARAMETRIC_REPRESENTATION_CONTEXT() REPRESENTATION_CONTEXT('2D SPACE',''
  ) );
#9728 = ORIENTED_EDGE('',*,*,#9682,.T.);
#9729 = ORIENTED_EDGE('',*,*,#1867,.T.);
#9730 = ORIENTED_EDGE('',*,*,#1051,.F.);
#9731 = ADVANCED_FACE('',(#9732),#1095,.T.);
#9732 = FACE_BOUND('',#9733,.T.);
#9733 = EDGE_LOOP('',(#9734,#9735,#9736,#9737,#9738,#9739,#9740));
#9734 = ORIENTED_EDGE('',*,*,#1080,.F.);
#9735 = ORIENTED_EDGE('',*,*,#2640,.F.);
#9736 = ORIENTED_EDGE('',*,*,#2712,.T.);
#9737 = ORIENTED_EDGE('',*,*,#9125,.T.);
#9738 = ORIENTED_EDGE('',*,*,#9512,.F.);
#9739 = ORIENTED_EDGE('',*,*,#9655,.F.);
#9740 = ORIENTED_EDGE('',*,*,#9710,.T.);
#9741 = ADVANCED_FACE('',(#9742),#1144,.F.);
#9742 = FACE_BOUND('',#9743,.F.);
#9743 = EDGE_LOOP('',(#9744,#9745,#9768,#9796));
#9744 = ORIENTED_EDGE('',*,*,#1129,.F.);
#9745 = ORIENTED_EDGE('',*,*,#9746,.F.);
#9746 = EDGE_CURVE('',#9747,#1107,#9749,.T.);
#9747 = VERTEX_POINT('',#9748);
#9748 = CARTESIAN_POINT('',(338.5,13.6,-0.8));
#9749 = SURFACE_CURVE('',#9750,(#9754,#9761),.PCURVE_S1.);
#9750 = LINE('',#9751,#9752);
#9751 = CARTESIAN_POINT('',(338.5,13.6,-0.8));
#9752 = VECTOR('',#9753,1.);
#9753 = DIRECTION('',(0.,1.,0.));
#9754 = PCURVE('',#1144,#9755);
#9755 = DEFINITIONAL_REPRESENTATION('',(#9756),#9760);
#9756 = LINE('',#9757,#9758);
#9757 = CARTESIAN_POINT('',(0.,0.));
#9758 = VECTOR('',#9759,1.);
#9759 = DIRECTION('',(0.,1.));
#9760 = ( GEOMETRIC_REPRESENTATION_CONTEXT(2) 
PARAMETRIC_REPRESENTATION_CONTEXT() REPRESENTATION_CONTEXT('2D SPACE',''
  ) );
#9761 = PCURVE('',#43,#9762);
#9762 = DEFINITIONAL_REPRESENTATION('',(#9763),#9767);
#9763 = LINE('',#9764,#9765);
#9764 = CARTESIAN_POINT('',(-0.8,-13.6));
#9765 = VECTOR('',#9766,1.);
#9766 = DIRECTION('',(0.,-1.));
#9767 = ( GEOMETRIC_REPRESENTATION_CONTEXT(2) 
PARAMETRIC_REPRESENTATION_CONTEXT() REPRESENTATION_CONTEXT('2D SPACE',''
  ) );
#9768 = ORIENTED_EDGE('',*,*,#9769,.T.);
#9769 = EDGE_CURVE('',#9747,#9770,#9772,.T.);
#9770 = VERTEX_POINT('',#9771);
#9771 = CARTESIAN_POINT('',(339.90852092423,13.6,-0.8));
#9772 = SURFACE_CURVE('',#9773,(#9777,#9784),.PCURVE_S1.);
#9773 = LINE('',#9774,#9775);
#9774 = CARTESIAN_POINT('',(338.5,13.6,-0.8));
#9775 = VECTOR('',#9776,1.);
#9776 = DIRECTION('',(1.,0.,0.));
#9777 = PCURVE('',#1144,#9778);
#9778 = DEFINITIONAL_REPRESENTATION('',(#9779),#9783);
#9779 = LINE('',#9780,#9781);
#9780 = CARTESIAN_POINT('',(0.,0.));
#9781 = VECTOR('',#9782,1.);
#9782 = DIRECTION('',(1.,0.));
#9783 = ( GEOMETRIC_REPRESENTATION_CONTEXT(2) 
PARAMETRIC_REPRESENTATION_CONTEXT() REPRESENTATION_CONTEXT('2D SPACE',''
  ) );
#9784 = PCURVE('',#9785,#9790);
#9785 = PLANE('',#9786);
#9786 = AXIS2_PLACEMENT_3D('',#9787,#9788,#9789);
#9787 = CARTESIAN_POINT('',(343.,13.6,0.));
#9788 = DIRECTION('',(0.,1.,0.));
#9789 = DIRECTION('',(0.,0.,1.));
#9790 = DEFINITIONAL_REPRESENTATION('',(#9791),#9795);
#9791 = LINE('',#9792,#9793);
#9792 = CARTESIAN_POINT('',(-0.8,-4.5));
#9793 = VECTOR('',#9794,1.);
#9794 = DIRECTION('',(0.,1.));
#9795 = ( GEOMETRIC_REPRESENTATION_CONTEXT(2) 
PARAMETRIC_REPRESENTATION_CONTEXT() REPRESENTATION_CONTEXT('2D SPACE',''
  ) );
#9796 = ORIENTED_EDGE('',*,*,#9797,.F.);
#9797 = EDGE_CURVE('',#1130,#9770,#9798,.T.);
#9798 = SURFACE_CURVE('',#9799,(#9803,#9809),.PCURVE_S1.);
#9799 = LINE('',#9800,#9801);
#9800 = CARTESIAN_POINT('',(339.90852092423,13.6,-0.8));
#9801 = VECTOR('',#9802,1.);
#9802 = DIRECTION('',(0.,-1.,0.));
#9803 = PCURVE('',#1144,#9804);
#9804 = DEFINITIONAL_REPRESENTATION('',(#9805),#9808);
#9805 = B_SPLINE_CURVE_WITH_KNOTS('',1,(#9806,#9807),.UNSPECIFIED.,.F.,
  .F.,(2,2),(-4.4,0.),.PIECEWISE_BEZIER_KNOTS.);
#9806 = CARTESIAN_POINT('',(1.408520924238,4.4));
#9807 = CARTESIAN_POINT('',(1.408520924238,0.));
#9808 = ( GEOMETRIC_REPRESENTATION_CONTEXT(2) 
PARAMETRIC_REPRESENTATION_CONTEXT() REPRESENTATION_CONTEXT('2D SPACE',''
  ) );
#9809 = PCURVE('',#1175,#9810);
#9810 = DEFINITIONAL_REPRESENTATION('',(#9811),#9814);
#9811 = B_SPLINE_CURVE_WITH_KNOTS('',1,(#9812,#9813),.UNSPECIFIED.,.F.,
  .F.,(2,2),(-4.4,0.),.PIECEWISE_BEZIER_KNOTS.);
#9812 = CARTESIAN_POINT('',(1.853980279257,-4.4));
#9813 = CARTESIAN_POINT('',(1.853980279257,0.));
#9814 = ( GEOMETRIC_REPRESENTATION_CONTEXT(2) 
PARAMETRIC_REPRESENTATION_CONTEXT() REPRESENTATION_CONTEXT('2D SPACE',''
  ) );
#9815 = ADVANCED_FACE('',(#9816,#9846),#9785,.F.);
#9816 = FACE_BOUND('',#9817,.F.);
#9817 = EDGE_LOOP('',(#9818));
#9818 = ORIENTED_EDGE('',*,*,#9819,.T.);
#9819 = EDGE_CURVE('',#9820,#9820,#9822,.T.);
#9820 = VERTEX_POINT('',#9821);
#9821 = CARTESIAN_POINT('',(343.,13.6,-0.8));
#9822 = SURFACE_CURVE('',#9823,(#9828,#9839),.PCURVE_S1.);
#9823 = CIRCLE('',#9824,0.8);
#9824 = AXIS2_PLACEMENT_3D('',#9825,#9826,#9827);
#9825 = CARTESIAN_POINT('',(343.,13.6,0.));
#9826 = DIRECTION('',(0.,-1.,0.));
#9827 = DIRECTION('',(0.,-0.,-1.));
#9828 = PCURVE('',#9785,#9829);
#9829 = DEFINITIONAL_REPRESENTATION('',(#9830),#9838);
#9830 = ( BOUNDED_CURVE() B_SPLINE_CURVE(2,(#9831,#9832,#9833,#9834,
#9835,#9836,#9837),.UNSPECIFIED.,.T.,.F.) B_SPLINE_CURVE_WITH_KNOTS((1,2
    ,2,2,2,1),(-2.094395102393,0.,2.094395102393,4.188790204786,
6.28318530718,8.377580409573),.UNSPECIFIED.) CURVE() 
GEOMETRIC_REPRESENTATION_ITEM() RATIONAL_B_SPLINE_CURVE((1.,0.5,1.,0.5,
1.,0.5,1.)) REPRESENTATION_ITEM('') );
#9831 = CARTESIAN_POINT('',(-0.8,0.));
#9832 = CARTESIAN_POINT('',(-0.8,1.385640646055));
#9833 = CARTESIAN_POINT('',(0.4,0.692820323028));
#9834 = CARTESIAN_POINT('',(1.6,1.959434878636E-16));
#9835 = CARTESIAN_POINT('',(0.4,-0.692820323028));
#9836 = CARTESIAN_POINT('',(-0.8,-1.385640646055));
#9837 = CARTESIAN_POINT('',(-0.8,0.));
#9838 = ( GEOMETRIC_REPRESENTATION_CONTEXT(2) 
PARAMETRIC_REPRESENTATION_CONTEXT() REPRESENTATION_CONTEXT('2D SPACE',''
  ) );
#9839 = PCURVE('',#182,#9840);
#9840 = DEFINITIONAL_REPRESENTATION('',(#9841),#9845);
#9841 = LINE('',#9842,#9843);
#9842 = CARTESIAN_POINT('',(0.,7.4));
#9843 = VECTOR('',#9844,1.);
#9844 = DIRECTION('',(1.,0.));
#9845 = ( GEOMETRIC_REPRESENTATION_CONTEXT(2) 
PARAMETRIC_REPRESENTATION_CONTEXT() REPRESENTATION_CONTEXT('2D SPACE',''
  ) );
#9846 = FACE_BOUND('',#9847,.F.);
#9847 = EDGE_LOOP('',(#9848,#9874,#9895,#9896,#9919,#9942,#9965,#9993,
    #10016));
#9848 = ORIENTED_EDGE('',*,*,#9849,.T.);
#9849 = EDGE_CURVE('',#9850,#9852,#9854,.T.);
#9850 = VERTEX_POINT('',#9851);
#9851 = CARTESIAN_POINT('',(344.67124778518,13.6,-1.991715552109));
#9852 = VERTEX_POINT('',#9853);
#9853 = CARTESIAN_POINT('',(341.32875221481,13.6,-1.991715552109));
#9854 = SURFACE_CURVE('',#9855,(#9860,#9867),.PCURVE_S1.);
#9855 = CIRCLE('',#9856,2.6);
#9856 = AXIS2_PLACEMENT_3D('',#9857,#9858,#9859);
#9857 = CARTESIAN_POINT('',(343.,13.6,0.));
#9858 = DIRECTION('',(0.,1.,0.));
#9859 = DIRECTION('',(0.,0.,1.));
#9860 = PCURVE('',#9785,#9861);
#9861 = DEFINITIONAL_REPRESENTATION('',(#9862),#9866);
#9862 = CIRCLE('',#9863,2.6);
#9863 = AXIS2_PLACEMENT_2D('',#9864,#9865);
#9864 = CARTESIAN_POINT('',(0.,0.));
#9865 = DIRECTION('',(1.,0.));
#9866 = ( GEOMETRIC_REPRESENTATION_CONTEXT(2) 
PARAMETRIC_REPRESENTATION_CONTEXT() REPRESENTATION_CONTEXT('2D SPACE',''
  ) );
#9867 = PCURVE('',#1237,#9868);
#9868 = DEFINITIONAL_REPRESENTATION('',(#9869),#9873);
#9869 = LINE('',#9870,#9871);
#9870 = CARTESIAN_POINT('',(0.,0.));
#9871 = VECTOR('',#9872,1.);
#9872 = DIRECTION('',(1.,0.));
#9873 = ( GEOMETRIC_REPRESENTATION_CONTEXT(2) 
PARAMETRIC_REPRESENTATION_CONTEXT() REPRESENTATION_CONTEXT('2D SPACE',''
  ) );
#9874 = ORIENTED_EDGE('',*,*,#9875,.T.);
#9875 = EDGE_CURVE('',#9852,#9770,#9876,.T.);
#9876 = SURFACE_CURVE('',#9877,(#9881,#9888),.PCURVE_S1.);
#9877 = LINE('',#9878,#9879);
#9878 = CARTESIAN_POINT('',(341.32875221481,13.6,-1.991715552109));
#9879 = VECTOR('',#9880,1.);
#9880 = DIRECTION('',(-0.766044443119,0.,0.642787609687));
#9881 = PCURVE('',#9785,#9882);
#9882 = DEFINITIONAL_REPRESENTATION('',(#9883),#9887);
#9883 = LINE('',#9884,#9885);
#9884 = CARTESIAN_POINT('',(-1.991715552109,-1.671247785185));
#9885 = VECTOR('',#9886,1.);
#9886 = DIRECTION('',(0.642787609687,-0.766044443119));
#9887 = ( GEOMETRIC_REPRESENTATION_CONTEXT(2) 
PARAMETRIC_REPRESENTATION_CONTEXT() REPRESENTATION_CONTEXT('2D SPACE',''
  ) );
#9888 = PCURVE('',#1175,#9889);
#9889 = DEFINITIONAL_REPRESENTATION('',(#9890),#9894);
#9890 = LINE('',#9891,#9892);
#9891 = CARTESIAN_POINT('',(0.,0.));
#9892 = VECTOR('',#9893,1.);
#9893 = DIRECTION('',(1.,0.));
#9894 = ( GEOMETRIC_REPRESENTATION_CONTEXT(2) 
PARAMETRIC_REPRESENTATION_CONTEXT() REPRESENTATION_CONTEXT('2D SPACE',''
  ) );
#9895 = ORIENTED_EDGE('',*,*,#9769,.F.);
#9896 = ORIENTED_EDGE('',*,*,#9897,.T.);
#9897 = EDGE_CURVE('',#9747,#9898,#9900,.T.);
#9898 = VERTEX_POINT('',#9899);
#9899 = CARTESIAN_POINT('',(338.5,13.6,0.8));
#9900 = SURFACE_CURVE('',#9901,(#9905,#9912),.PCURVE_S1.);
#9901 = LINE('',#9902,#9903);
#9902 = CARTESIAN_POINT('',(338.5,13.6,-0.8));
#9903 = VECTOR('',#9904,1.);
#9904 = DIRECTION('',(0.,0.,1.));
#9905 = PCURVE('',#9785,#9906);
#9906 = DEFINITIONAL_REPRESENTATION('',(#9907),#9911);
#9907 = LINE('',#9908,#9909);
#9908 = CARTESIAN_POINT('',(-0.8,-4.5));
#9909 = VECTOR('',#9910,1.);
#9910 = DIRECTION('',(1.,0.));
#9911 = ( GEOMETRIC_REPRESENTATION_CONTEXT(2) 
PARAMETRIC_REPRESENTATION_CONTEXT() REPRESENTATION_CONTEXT('2D SPACE',''
  ) );
#9912 = PCURVE('',#43,#9913);
#9913 = DEFINITIONAL_REPRESENTATION('',(#9914),#9918);
#9914 = LINE('',#9915,#9916);
#9915 = CARTESIAN_POINT('',(-0.8,-13.6));
#9916 = VECTOR('',#9917,1.);
#9917 = DIRECTION('',(1.,0.));
#9918 = ( GEOMETRIC_REPRESENTATION_CONTEXT(2) 
PARAMETRIC_REPRESENTATION_CONTEXT() REPRESENTATION_CONTEXT('2D SPACE',''
  ) );
#9919 = ORIENTED_EDGE('',*,*,#9920,.T.);
#9920 = EDGE_CURVE('',#9898,#9921,#9923,.T.);
#9921 = VERTEX_POINT('',#9922);
#9922 = CARTESIAN_POINT('',(339.90852092423,13.6,0.8));
#9923 = SURFACE_CURVE('',#9924,(#9928,#9935),.PCURVE_S1.);
#9924 = LINE('',#9925,#9926);
#9925 = CARTESIAN_POINT('',(338.5,13.6,0.8));
#9926 = VECTOR('',#9927,1.);
#9927 = DIRECTION('',(1.,0.,0.));
#9928 = PCURVE('',#9785,#9929);
#9929 = DEFINITIONAL_REPRESENTATION('',(#9930),#9934);
#9930 = LINE('',#9931,#9932);
#9931 = CARTESIAN_POINT('',(0.8,-4.5));
#9932 = VECTOR('',#9933,1.);
#9933 = DIRECTION('',(0.,1.));
#9934 = ( GEOMETRIC_REPRESENTATION_CONTEXT(2) 
PARAMETRIC_REPRESENTATION_CONTEXT() REPRESENTATION_CONTEXT('2D SPACE',''
  ) );
#9935 = PCURVE('',#1568,#9936);
#9936 = DEFINITIONAL_REPRESENTATION('',(#9937),#9941);
#9937 = LINE('',#9938,#9939);
#9938 = CARTESIAN_POINT('',(0.,0.));
#9939 = VECTOR('',#9940,1.);
#9940 = DIRECTION('',(1.,0.));
#9941 = ( GEOMETRIC_REPRESENTATION_CONTEXT(2) 
PARAMETRIC_REPRESENTATION_CONTEXT() REPRESENTATION_CONTEXT('2D SPACE',''
  ) );
#9942 = ORIENTED_EDGE('',*,*,#9943,.T.);
#9943 = EDGE_CURVE('',#9921,#9944,#9946,.T.);
#9944 = VERTEX_POINT('',#9945);
#9945 = CARTESIAN_POINT('',(341.32875221481,13.6,1.991715552109));
#9946 = SURFACE_CURVE('',#9947,(#9951,#9958),.PCURVE_S1.);
#9947 = LINE('',#9948,#9949);
#9948 = CARTESIAN_POINT('',(338.95511805016,13.6,0.));
#9949 = VECTOR('',#9950,1.);
#9950 = DIRECTION('',(0.766044443119,0.,0.642787609687));
#9951 = PCURVE('',#9785,#9952);
#9952 = DEFINITIONAL_REPRESENTATION('',(#9953),#9957);
#9953 = LINE('',#9954,#9955);
#9954 = CARTESIAN_POINT('',(0.,-4.044881949837));
#9955 = VECTOR('',#9956,1.);
#9956 = DIRECTION('',(0.642787609687,0.766044443119));
#9957 = ( GEOMETRIC_REPRESENTATION_CONTEXT(2) 
PARAMETRIC_REPRESENTATION_CONTEXT() REPRESENTATION_CONTEXT('2D SPACE',''
  ) );
#9958 = PCURVE('',#1541,#9959);
#9959 = DEFINITIONAL_REPRESENTATION('',(#9960),#9964);
#9960 = LINE('',#9961,#9962);
#9961 = CARTESIAN_POINT('',(0.,0.));
#9962 = VECTOR('',#9963,1.);
#9963 = DIRECTION('',(1.,0.));
#9964 = ( GEOMETRIC_REPRESENTATION_CONTEXT(2) 
PARAMETRIC_REPRESENTATION_CONTEXT() REPRESENTATION_CONTEXT('2D SPACE',''
  ) );
#9965 = ORIENTED_EDGE('',*,*,#9966,.F.);
#9966 = EDGE_CURVE('',#9967,#9944,#9969,.T.);
#9967 = VERTEX_POINT('',#9968);
#9968 = CARTESIAN_POINT('',(344.67124778518,13.6,1.991715552109));
#9969 = SURFACE_CURVE('',#9970,(#9975,#9986),.PCURVE_S1.);
#9970 = CIRCLE('',#9971,2.6);
#9971 = AXIS2_PLACEMENT_3D('',#9972,#9973,#9974);
#9972 = CARTESIAN_POINT('',(343.,13.6,0.));
#9973 = DIRECTION('',(0.,-1.,0.));
#9974 = DIRECTION('',(0.642787609687,0.,0.766044443119));
#9975 = PCURVE('',#9785,#9976);
#9976 = DEFINITIONAL_REPRESENTATION('',(#9977),#9985);
#9977 = ( BOUNDED_CURVE() B_SPLINE_CURVE(2,(#9978,#9979,#9980,#9981,
#9982,#9983,#9984),.UNSPECIFIED.,.T.,.F.) B_SPLINE_CURVE_WITH_KNOTS((1,2
    ,2,2,2,1),(-2.094395102393,0.,2.094395102393,4.188790204786,
6.28318530718,8.377580409573),.UNSPECIFIED.) CURVE() 
GEOMETRIC_REPRESENTATION_ITEM() RATIONAL_B_SPLINE_CURVE((1.,0.5,1.,0.5,
1.,0.5,1.)) REPRESENTATION_ITEM('') );
#9978 = CARTESIAN_POINT('',(1.991715552109,1.671247785185));
#9979 = CARTESIAN_POINT('',(4.886401628087,-1.778504745293));
#9980 = CARTESIAN_POINT('',(0.451485261934,-2.560500157832));
#9981 = CARTESIAN_POINT('',(-3.983431104219,-3.34249557037));
#9982 = CARTESIAN_POINT('',(-2.443200814043,0.889252372647));
#9983 = CARTESIAN_POINT('',(-0.902970523868,5.121000315663));
#9984 = CARTESIAN_POINT('',(1.991715552109,1.671247785185));
#9985 = ( GEOMETRIC_REPRESENTATION_CONTEXT(2) 
PARAMETRIC_REPRESENTATION_CONTEXT() REPRESENTATION_CONTEXT('2D SPACE',''
  ) );
#9986 = PCURVE('',#1487,#9987);
#9987 = DEFINITIONAL_REPRESENTATION('',(#9988),#9992);
#9988 = LINE('',#9989,#9990);
#9989 = CARTESIAN_POINT('',(6.981317007977,0.));
#9990 = VECTOR('',#9991,1.);
#9991 = DIRECTION('',(-1.,-0.));
#9992 = ( GEOMETRIC_REPRESENTATION_CONTEXT(2) 
PARAMETRIC_REPRESENTATION_CONTEXT() REPRESENTATION_CONTEXT('2D SPACE',''
  ) );
#9993 = ORIENTED_EDGE('',*,*,#9994,.F.);
#9994 = EDGE_CURVE('',#9995,#9967,#9997,.T.);
#9995 = VERTEX_POINT('',#9996);
#9996 = CARTESIAN_POINT('',(347.04488194983,13.6,0.));
#9997 = SURFACE_CURVE('',#9998,(#10002,#10009),.PCURVE_S1.);
#9998 = LINE('',#9999,#10000);
#9999 = CARTESIAN_POINT('',(347.04488194983,13.6,0.));
#10000 = VECTOR('',#10001,1.);
#10001 = DIRECTION('',(-0.766044443119,0.,0.642787609687));
#10002 = PCURVE('',#9785,#10003);
#10003 = DEFINITIONAL_REPRESENTATION('',(#10004),#10008);
#10004 = LINE('',#10005,#10006);
#10005 = CARTESIAN_POINT('',(0.,4.044881949837));
#10006 = VECTOR('',#10007,1.);
#10007 = DIRECTION('',(0.642787609687,-0.766044443119));
#10008 = ( GEOMETRIC_REPRESENTATION_CONTEXT(2) 
PARAMETRIC_REPRESENTATION_CONTEXT() REPRESENTATION_CONTEXT('2D SPACE',''
  ) );
#10009 = PCURVE('',#1372,#10010);
#10010 = DEFINITIONAL_REPRESENTATION('',(#10011),#10015);
#10011 = LINE('',#10012,#10013);
#10012 = CARTESIAN_POINT('',(-0.,-0.));
#10013 = VECTOR('',#10014,1.);
#10014 = DIRECTION('',(-1.,0.));
#10015 = ( GEOMETRIC_REPRESENTATION_CONTEXT(2) 
PARAMETRIC_REPRESENTATION_CONTEXT() REPRESENTATION_CONTEXT('2D SPACE',''
  ) );
#10016 = ORIENTED_EDGE('',*,*,#10017,.F.);
#10017 = EDGE_CURVE('',#9850,#9995,#10018,.T.);
#10018 = SURFACE_CURVE('',#10019,(#10023,#10030),.PCURVE_S1.);
#10019 = LINE('',#10020,#10021);
#10020 = CARTESIAN_POINT('',(344.67124778518,13.6,-1.991715552109));
#10021 = VECTOR('',#10022,1.);
#10022 = DIRECTION('',(0.766044443119,0.,0.642787609687));
#10023 = PCURVE('',#9785,#10024);
#10024 = DEFINITIONAL_REPRESENTATION('',(#10025),#10029);
#10025 = LINE('',#10026,#10027);
#10026 = CARTESIAN_POINT('',(-1.991715552109,1.671247785185));
#10027 = VECTOR('',#10028,1.);
#10028 = DIRECTION('',(0.642787609687,0.766044443119));
#10029 = ( GEOMETRIC_REPRESENTATION_CONTEXT(2) 
PARAMETRIC_REPRESENTATION_CONTEXT() REPRESENTATION_CONTEXT('2D SPACE',''
  ) );
#10030 = PCURVE('',#1286,#10031);
#10031 = DEFINITIONAL_REPRESENTATION('',(#10032),#10036);
#10032 = LINE('',#10033,#10034);
#10033 = CARTESIAN_POINT('',(-0.,-0.));
#10034 = VECTOR('',#10035,1.);
#10035 = DIRECTION('',(-1.,-0.));
#10036 = ( GEOMETRIC_REPRESENTATION_CONTEXT(2) 
PARAMETRIC_REPRESENTATION_CONTEXT() REPRESENTATION_CONTEXT('2D SPACE',''
  ) );
#10037 = ADVANCED_FACE('',(#10038),#1175,.F.);
#10038 = FACE_BOUND('',#10039,.F.);
#10039 = EDGE_LOOP('',(#10040,#10041,#10062,#10063));
#10040 = ORIENTED_EDGE('',*,*,#9875,.F.);
#10041 = ORIENTED_EDGE('',*,*,#10042,.T.);
#10042 = EDGE_CURVE('',#9852,#1156,#10043,.T.);
#10043 = SURFACE_CURVE('',#10044,(#10048,#10055),.PCURVE_S1.);
#10044 = LINE('',#10045,#10046);
#10045 = CARTESIAN_POINT('',(341.32875221481,13.6,-1.991715552109));
#10046 = VECTOR('',#10047,1.);
#10047 = DIRECTION('',(0.,1.,0.));
#10048 = PCURVE('',#1175,#10049);
#10049 = DEFINITIONAL_REPRESENTATION('',(#10050),#10054);
#10050 = LINE('',#10051,#10052);
#10051 = CARTESIAN_POINT('',(0.,0.));
#10052 = VECTOR('',#10053,1.);
#10053 = DIRECTION('',(0.,-1.));
#10054 = ( GEOMETRIC_REPRESENTATION_CONTEXT(2) 
PARAMETRIC_REPRESENTATION_CONTEXT() REPRESENTATION_CONTEXT('2D SPACE',''
  ) );
#10055 = PCURVE('',#1237,#10056);
#10056 = DEFINITIONAL_REPRESENTATION('',(#10057),#10061);
#10057 = LINE('',#10058,#10059);
#10058 = CARTESIAN_POINT('',(3.839724354388,0.));
#10059 = VECTOR('',#10060,1.);
#10060 = DIRECTION('',(0.,1.));
#10061 = ( GEOMETRIC_REPRESENTATION_CONTEXT(2) 
PARAMETRIC_REPRESENTATION_CONTEXT() REPRESENTATION_CONTEXT('2D SPACE',''
  ) );
#10062 = ORIENTED_EDGE('',*,*,#1155,.T.);
#10063 = ORIENTED_EDGE('',*,*,#9797,.T.);
#10064 = ADVANCED_FACE('',(#10065),#1237,.T.);
#10065 = FACE_BOUND('',#10066,.T.);
#10066 = EDGE_LOOP('',(#10067,#10068,#10089,#10090));
#10067 = ORIENTED_EDGE('',*,*,#1187,.F.);
#10068 = ORIENTED_EDGE('',*,*,#10069,.F.);
#10069 = EDGE_CURVE('',#9850,#1188,#10070,.T.);
#10070 = SURFACE_CURVE('',#10071,(#10075,#10082),.PCURVE_S1.);
#10071 = LINE('',#10072,#10073);
#10072 = CARTESIAN_POINT('',(344.67124778518,13.6,-1.991715552109));
#10073 = VECTOR('',#10074,1.);
#10074 = DIRECTION('',(0.,1.,0.));
#10075 = PCURVE('',#1237,#10076);
#10076 = DEFINITIONAL_REPRESENTATION('',(#10077),#10081);
#10077 = LINE('',#10078,#10079);
#10078 = CARTESIAN_POINT('',(2.443460952792,0.));
#10079 = VECTOR('',#10080,1.);
#10080 = DIRECTION('',(0.,1.));
#10081 = ( GEOMETRIC_REPRESENTATION_CONTEXT(2) 
PARAMETRIC_REPRESENTATION_CONTEXT() REPRESENTATION_CONTEXT('2D SPACE',''
  ) );
#10082 = PCURVE('',#1286,#10083);
#10083 = DEFINITIONAL_REPRESENTATION('',(#10084),#10088);
#10084 = LINE('',#10085,#10086);
#10085 = CARTESIAN_POINT('',(-0.,-0.));
#10086 = VECTOR('',#10087,1.);
#10087 = DIRECTION('',(-0.,-1.));
#10088 = ( GEOMETRIC_REPRESENTATION_CONTEXT(2) 
PARAMETRIC_REPRESENTATION_CONTEXT() REPRESENTATION_CONTEXT('2D SPACE',''
  ) );
#10089 = ORIENTED_EDGE('',*,*,#9849,.T.);
#10090 = ORIENTED_EDGE('',*,*,#10042,.T.);
#10091 = ADVANCED_FACE('',(#10092),#1286,.F.);
#10092 = FACE_BOUND('',#10093,.T.);
#10093 = EDGE_LOOP('',(#10094,#10095,#10096,#10097,#10098,#10099));
#10094 = ORIENTED_EDGE('',*,*,#10017,.F.);
#10095 = ORIENTED_EDGE('',*,*,#10069,.T.);
#10096 = ORIENTED_EDGE('',*,*,#1266,.F.);
#10097 = ORIENTED_EDGE('',*,*,#1298,.F.);
#10098 = ORIENTED_EDGE('',*,*,#1325,.F.);
#10099 = ORIENTED_EDGE('',*,*,#10100,.F.);
#10100 = EDGE_CURVE('',#9995,#1326,#10101,.T.);
#10101 = SURFACE_CURVE('',#10102,(#10106,#10113),.PCURVE_S1.);
#10102 = LINE('',#10103,#10104);
#10103 = CARTESIAN_POINT('',(347.04488194983,13.6,0.));
#10104 = VECTOR('',#10105,1.);
#10105 = DIRECTION('',(0.,1.,0.));
#10106 = PCURVE('',#1286,#10107);
#10107 = DEFINITIONAL_REPRESENTATION('',(#10108),#10112);
#10108 = LINE('',#10109,#10110);
#10109 = CARTESIAN_POINT('',(-3.098559340745,-0.));
#10110 = VECTOR('',#10111,1.);
#10111 = DIRECTION('',(-0.,-1.));
#10112 = ( GEOMETRIC_REPRESENTATION_CONTEXT(2) 
PARAMETRIC_REPRESENTATION_CONTEXT() REPRESENTATION_CONTEXT('2D SPACE',''
  ) );
#10113 = PCURVE('',#1372,#10114);
#10114 = DEFINITIONAL_REPRESENTATION('',(#10115),#10119);
#10115 = LINE('',#10116,#10117);
#10116 = CARTESIAN_POINT('',(-0.,-0.));
#10117 = VECTOR('',#10118,1.);
#10118 = DIRECTION('',(-0.,-1.));
#10119 = ( GEOMETRIC_REPRESENTATION_CONTEXT(2) 
PARAMETRIC_REPRESENTATION_CONTEXT() REPRESENTATION_CONTEXT('2D SPACE',''
  ) );
#10120 = ADVANCED_FACE('',(#10121),#1372,.F.);
#10121 = FACE_BOUND('',#10122,.T.);
#10122 = EDGE_LOOP('',(#10123,#10124,#10125,#10126,#10127,#10128));
#10123 = ORIENTED_EDGE('',*,*,#9994,.F.);
#10124 = ORIENTED_EDGE('',*,*,#10100,.T.);
#10125 = ORIENTED_EDGE('',*,*,#1352,.F.);
#10126 = ORIENTED_EDGE('',*,*,#1384,.F.);
#10127 = ORIENTED_EDGE('',*,*,#1411,.F.);
#10128 = ORIENTED_EDGE('',*,*,#10129,.F.);
#10129 = EDGE_CURVE('',#9967,#1412,#10130,.T.);
#10130 = SURFACE_CURVE('',#10131,(#10135,#10142),.PCURVE_S1.);
#10131 = LINE('',#10132,#10133);
#10132 = CARTESIAN_POINT('',(344.67124778518,13.6,1.991715552109));
#10133 = VECTOR('',#10134,1.);
#10134 = DIRECTION('',(0.,1.,0.));
#10135 = PCURVE('',#1372,#10136);
#10136 = DEFINITIONAL_REPRESENTATION('',(#10137),#10141);
#10137 = LINE('',#10138,#10139);
#10138 = CARTESIAN_POINT('',(-3.098559340745,0.));
#10139 = VECTOR('',#10140,1.);
#10140 = DIRECTION('',(-0.,-1.));
#10141 = ( GEOMETRIC_REPRESENTATION_CONTEXT(2) 
PARAMETRIC_REPRESENTATION_CONTEXT() REPRESENTATION_CONTEXT('2D SPACE',''
  ) );
#10142 = PCURVE('',#1487,#10143);
#10143 = DEFINITIONAL_REPRESENTATION('',(#10144),#10147);
#10144 = B_SPLINE_CURVE_WITH_KNOTS('',1,(#10145,#10146),.UNSPECIFIED.,
  .F.,.F.,(2,2),(0.,3.886939959852),.PIECEWISE_BEZIER_KNOTS.);
#10145 = CARTESIAN_POINT('',(6.981317007977,0.));
#10146 = CARTESIAN_POINT('',(6.981317007977,3.886939959852));
#10147 = ( GEOMETRIC_REPRESENTATION_CONTEXT(2) 
PARAMETRIC_REPRESENTATION_CONTEXT() REPRESENTATION_CONTEXT('2D SPACE',''
  ) );
#10148 = ADVANCED_FACE('',(#10149),#1487,.T.);
#10149 = FACE_BOUND('',#10150,.T.);
#10150 = EDGE_LOOP('',(#10151,#10152,#10153,#10154));
#10151 = ORIENTED_EDGE('',*,*,#9966,.F.);
#10152 = ORIENTED_EDGE('',*,*,#10129,.T.);
#10153 = ORIENTED_EDGE('',*,*,#1438,.F.);
#10154 = ORIENTED_EDGE('',*,*,#10155,.F.);
#10155 = EDGE_CURVE('',#9944,#1439,#10156,.T.);
#10156 = SURFACE_CURVE('',#10157,(#10161,#10167),.PCURVE_S1.);
#10157 = LINE('',#10158,#10159);
#10158 = CARTESIAN_POINT('',(341.32875221481,13.6,1.991715552109));
#10159 = VECTOR('',#10160,1.);
#10160 = DIRECTION('',(0.,1.,0.));
#10161 = PCURVE('',#1487,#10162);
#10162 = DEFINITIONAL_REPRESENTATION('',(#10163),#10166);
#10163 = B_SPLINE_CURVE_WITH_KNOTS('',1,(#10164,#10165),.UNSPECIFIED.,
  .F.,.F.,(2,2),(0.,3.886939959852),.PIECEWISE_BEZIER_KNOTS.);
#10164 = CARTESIAN_POINT('',(5.585053606382,0.));
#10165 = CARTESIAN_POINT('',(5.585053606382,3.886939959852));
#10166 = ( GEOMETRIC_REPRESENTATION_CONTEXT(2) 
PARAMETRIC_REPRESENTATION_CONTEXT() REPRESENTATION_CONTEXT('2D SPACE',''
  ) );
#10167 = PCURVE('',#1541,#10168);
#10168 = DEFINITIONAL_REPRESENTATION('',(#10169),#10173);
#10169 = LINE('',#10170,#10171);
#10170 = CARTESIAN_POINT('',(3.098559340745,0.));
#10171 = VECTOR('',#10172,1.);
#10172 = DIRECTION('',(0.,-1.));
#10173 = ( GEOMETRIC_REPRESENTATION_CONTEXT(2) 
PARAMETRIC_REPRESENTATION_CONTEXT() REPRESENTATION_CONTEXT('2D SPACE',''
  ) );
#10174 = ADVANCED_FACE('',(#10175),#1541,.F.);
#10175 = FACE_BOUND('',#10176,.F.);
#10176 = EDGE_LOOP('',(#10177,#10178,#10197,#10198));
#10177 = ORIENTED_EDGE('',*,*,#9943,.F.);
#10178 = ORIENTED_EDGE('',*,*,#10179,.F.);
#10179 = EDGE_CURVE('',#1522,#9921,#10180,.T.);
#10180 = SURFACE_CURVE('',#10181,(#10185,#10191),.PCURVE_S1.);
#10181 = LINE('',#10182,#10183);
#10182 = CARTESIAN_POINT('',(339.90852092423,13.6,0.8));
#10183 = VECTOR('',#10184,1.);
#10184 = DIRECTION('',(0.,-1.,0.));
#10185 = PCURVE('',#1541,#10186);
#10186 = DEFINITIONAL_REPRESENTATION('',(#10187),#10190);
#10187 = B_SPLINE_CURVE_WITH_KNOTS('',1,(#10188,#10189),.UNSPECIFIED.,
  .F.,.F.,(2,2),(-4.4,0.),.PIECEWISE_BEZIER_KNOTS.);
#10188 = CARTESIAN_POINT('',(1.244579061488,-4.4));
#10189 = CARTESIAN_POINT('',(1.244579061488,0.));
#10190 = ( GEOMETRIC_REPRESENTATION_CONTEXT(2) 
PARAMETRIC_REPRESENTATION_CONTEXT() REPRESENTATION_CONTEXT('2D SPACE',''
  ) );
#10191 = PCURVE('',#1568,#10192);
#10192 = DEFINITIONAL_REPRESENTATION('',(#10193),#10196);
#10193 = B_SPLINE_CURVE_WITH_KNOTS('',1,(#10194,#10195),.UNSPECIFIED.,
  .F.,.F.,(2,2),(-4.4,0.),.PIECEWISE_BEZIER_KNOTS.);
#10194 = CARTESIAN_POINT('',(1.408520924238,4.4));
#10195 = CARTESIAN_POINT('',(1.408520924238,0.));
#10196 = ( GEOMETRIC_REPRESENTATION_CONTEXT(2) 
PARAMETRIC_REPRESENTATION_CONTEXT() REPRESENTATION_CONTEXT('2D SPACE',''
  ) );
#10197 = ORIENTED_EDGE('',*,*,#1521,.T.);
#10198 = ORIENTED_EDGE('',*,*,#10155,.F.);
#10199 = ADVANCED_FACE('',(#10200),#1568,.T.);
#10200 = FACE_BOUND('',#10201,.T.);
#10201 = EDGE_LOOP('',(#10202,#10203,#10224,#10225));
#10202 = ORIENTED_EDGE('',*,*,#1553,.F.);
#10203 = ORIENTED_EDGE('',*,*,#10204,.F.);
#10204 = EDGE_CURVE('',#9898,#1554,#10205,.T.);
#10205 = SURFACE_CURVE('',#10206,(#10210,#10217),.PCURVE_S1.);
#10206 = LINE('',#10207,#10208);
#10207 = CARTESIAN_POINT('',(338.5,13.6,0.8));
#10208 = VECTOR('',#10209,1.);
#10209 = DIRECTION('',(0.,1.,0.));
#10210 = PCURVE('',#1568,#10211);
#10211 = DEFINITIONAL_REPRESENTATION('',(#10212),#10216);
#10212 = LINE('',#10213,#10214);
#10213 = CARTESIAN_POINT('',(0.,0.));
#10214 = VECTOR('',#10215,1.);
#10215 = DIRECTION('',(0.,1.));
#10216 = ( GEOMETRIC_REPRESENTATION_CONTEXT(2) 
PARAMETRIC_REPRESENTATION_CONTEXT() REPRESENTATION_CONTEXT('2D SPACE',''
  ) );
#10217 = PCURVE('',#43,#10218);
#10218 = DEFINITIONAL_REPRESENTATION('',(#10219),#10223);
#10219 = LINE('',#10220,#10221);
#10220 = CARTESIAN_POINT('',(0.8,-13.6));
#10221 = VECTOR('',#10222,1.);
#10222 = DIRECTION('',(0.,-1.));
#10223 = ( GEOMETRIC_REPRESENTATION_CONTEXT(2) 
PARAMETRIC_REPRESENTATION_CONTEXT() REPRESENTATION_CONTEXT('2D SPACE',''
  ) );
#10224 = ORIENTED_EDGE('',*,*,#9920,.T.);
#10225 = ORIENTED_EDGE('',*,*,#10179,.F.);
#10226 = ADVANCED_FACE('',(#10227),#617,.F.);
#10227 = FACE_BOUND('',#10228,.T.);
#10228 = EDGE_LOOP('',(#10229,#10230,#10231,#10232,#10233,#10234));
#10229 = ORIENTED_EDGE('',*,*,#601,.F.);
#10230 = ORIENTED_EDGE('',*,*,#768,.T.);
#10231 = ORIENTED_EDGE('',*,*,#795,.F.);
#10232 = ORIENTED_EDGE('',*,*,#822,.F.);
#10233 = ORIENTED_EDGE('',*,*,#849,.F.);
#10234 = ORIENTED_EDGE('',*,*,#10235,.F.);
#10235 = EDGE_CURVE('',#569,#850,#10236,.T.);
#10236 = SURFACE_CURVE('',#10237,(#10241,#10248),.PCURVE_S1.);
#10237 = LINE('',#10238,#10239);
#10238 = CARTESIAN_POINT('',(344.67124778518,-13.6,-1.991715552109));
#10239 = VECTOR('',#10240,1.);
#10240 = DIRECTION('',(0.,-1.,1.224646799147E-16));
#10241 = PCURVE('',#617,#10242);
#10242 = DEFINITIONAL_REPRESENTATION('',(#10243),#10247);
#10243 = LINE('',#10244,#10245);
#10244 = CARTESIAN_POINT('',(-3.098559340745,2.439148075703E-16));
#10245 = VECTOR('',#10246,1.);
#10246 = DIRECTION('',(-0.,-1.));
#10247 = ( GEOMETRIC_REPRESENTATION_CONTEXT(2) 
PARAMETRIC_REPRESENTATION_CONTEXT() REPRESENTATION_CONTEXT('2D SPACE',''
  ) );
#10248 = PCURVE('',#589,#10249);
#10249 = DEFINITIONAL_REPRESENTATION('',(#10250),#10253);
#10250 = B_SPLINE_CURVE_WITH_KNOTS('',1,(#10251,#10252),.UNSPECIFIED.,
  .F.,.F.,(2,2),(0.,3.886939959852),.PIECEWISE_BEZIER_KNOTS.);
#10251 = CARTESIAN_POINT('',(6.981317007977,0.));
#10252 = CARTESIAN_POINT('',(6.981317007977,3.886939959852));
#10253 = ( GEOMETRIC_REPRESENTATION_CONTEXT(2) 
PARAMETRIC_REPRESENTATION_CONTEXT() REPRESENTATION_CONTEXT('2D SPACE',''
  ) );
#10254 = ADVANCED_FACE('',(#10255),#589,.T.);
#10255 = FACE_BOUND('',#10256,.T.);
#10256 = EDGE_LOOP('',(#10257,#10258,#10259,#10260));
#10257 = ORIENTED_EDGE('',*,*,#568,.F.);
#10258 = ORIENTED_EDGE('',*,*,#10235,.T.);
#10259 = ORIENTED_EDGE('',*,*,#876,.F.);
#10260 = ORIENTED_EDGE('',*,*,#10261,.F.);
#10261 = EDGE_CURVE('',#541,#877,#10262,.T.);
#10262 = SURFACE_CURVE('',#10263,(#10267,#10273),.PCURVE_S1.);
#10263 = LINE('',#10264,#10265);
#10264 = CARTESIAN_POINT('',(341.32875221481,-13.6,-1.991715552109));
#10265 = VECTOR('',#10266,1.);
#10266 = DIRECTION('',(0.,-1.,1.224646799147E-16));
#10267 = PCURVE('',#589,#10268);
#10268 = DEFINITIONAL_REPRESENTATION('',(#10269),#10272);
#10269 = B_SPLINE_CURVE_WITH_KNOTS('',1,(#10270,#10271),.UNSPECIFIED.,
  .F.,.F.,(2,2),(0.,3.886939959852),.PIECEWISE_BEZIER_KNOTS.);
#10270 = CARTESIAN_POINT('',(5.585053606382,0.));
#10271 = CARTESIAN_POINT('',(5.585053606382,3.886939959852));
#10272 = ( GEOMETRIC_REPRESENTATION_CONTEXT(2) 
PARAMETRIC_REPRESENTATION_CONTEXT() REPRESENTATION_CONTEXT('2D SPACE',''
  ) );
#10273 = PCURVE('',#556,#10274);
#10274 = DEFINITIONAL_REPRESENTATION('',(#10275),#10279);
#10275 = LINE('',#10276,#10277);
#10276 = CARTESIAN_POINT('',(3.098559340745,2.439148075703E-16));
#10277 = VECTOR('',#10278,1.);
#10278 = DIRECTION('',(0.,-1.));
#10279 = ( GEOMETRIC_REPRESENTATION_CONTEXT(2) 
PARAMETRIC_REPRESENTATION_CONTEXT() REPRESENTATION_CONTEXT('2D SPACE',''
  ) );
#10280 = ADVANCED_FACE('',(#10281),#556,.F.);
#10281 = FACE_BOUND('',#10282,.F.);
#10282 = EDGE_LOOP('',(#10283,#10284,#10303,#10304));
#10283 = ORIENTED_EDGE('',*,*,#540,.F.);
#10284 = ORIENTED_EDGE('',*,*,#10285,.F.);
#10285 = EDGE_CURVE('',#955,#513,#10286,.T.);
#10286 = SURFACE_CURVE('',#10287,(#10291,#10297),.PCURVE_S1.);
#10287 = LINE('',#10288,#10289);
#10288 = CARTESIAN_POINT('',(339.90852092423,-13.6,-0.8));
#10289 = VECTOR('',#10290,1.);
#10290 = DIRECTION('',(0.,1.,-1.224646799147E-16));
#10291 = PCURVE('',#556,#10292);
#10292 = DEFINITIONAL_REPRESENTATION('',(#10293),#10296);
#10293 = B_SPLINE_CURVE_WITH_KNOTS('',1,(#10294,#10295),.UNSPECIFIED.,
  .F.,.F.,(2,2),(-4.4,-1.359631073447E-32),.PIECEWISE_BEZIER_KNOTS.);
#10294 = CARTESIAN_POINT('',(1.244579061488,-4.4));
#10295 = CARTESIAN_POINT('',(1.244579061488,9.797174393179E-17));
#10296 = ( GEOMETRIC_REPRESENTATION_CONTEXT(2) 
PARAMETRIC_REPRESENTATION_CONTEXT() REPRESENTATION_CONTEXT('2D SPACE',''
  ) );
#10297 = PCURVE('',#528,#10298);
#10298 = DEFINITIONAL_REPRESENTATION('',(#10299),#10302);
#10299 = B_SPLINE_CURVE_WITH_KNOTS('',1,(#10300,#10301),.UNSPECIFIED.,
  .F.,.F.,(2,2),(-4.4,-1.359631073447E-32),.PIECEWISE_BEZIER_KNOTS.);
#10300 = CARTESIAN_POINT('',(1.408521024238,4.4));
#10301 = CARTESIAN_POINT('',(1.408521024238,0.));
#10302 = ( GEOMETRIC_REPRESENTATION_CONTEXT(2) 
PARAMETRIC_REPRESENTATION_CONTEXT() REPRESENTATION_CONTEXT('2D SPACE',''
  ) );
#10303 = ORIENTED_EDGE('',*,*,#954,.T.);
#10304 = ORIENTED_EDGE('',*,*,#10261,.F.);
#10305 = ADVANCED_FACE('',(#10306),#528,.T.);
#10306 = FACE_BOUND('',#10307,.T.);
#10307 = EDGE_LOOP('',(#10308,#10309,#10330,#10331));
#10308 = ORIENTED_EDGE('',*,*,#981,.F.);
#10309 = ORIENTED_EDGE('',*,*,#10310,.F.);
#10310 = EDGE_CURVE('',#485,#982,#10311,.T.);
#10311 = SURFACE_CURVE('',#10312,(#10316,#10323),.PCURVE_S1.);
#10312 = LINE('',#10313,#10314);
#10313 = CARTESIAN_POINT('',(338.4999999,-13.6,-0.8));
#10314 = VECTOR('',#10315,1.);
#10315 = DIRECTION('',(0.,-1.,1.224646799147E-16));
#10316 = PCURVE('',#528,#10317);
#10317 = DEFINITIONAL_REPRESENTATION('',(#10318),#10322);
#10318 = LINE('',#10319,#10320);
#10319 = CARTESIAN_POINT('',(0.,0.));
#10320 = VECTOR('',#10321,1.);
#10321 = DIRECTION('',(0.,1.));
#10322 = ( GEOMETRIC_REPRESENTATION_CONTEXT(2) 
PARAMETRIC_REPRESENTATION_CONTEXT() REPRESENTATION_CONTEXT('2D SPACE',''
  ) );
#10323 = PCURVE('',#500,#10324);
#10324 = DEFINITIONAL_REPRESENTATION('',(#10325),#10329);
#10325 = LINE('',#10326,#10327);
#10326 = CARTESIAN_POINT('',(1.6,1.959434878636E-16));
#10327 = VECTOR('',#10328,1.);
#10328 = DIRECTION('',(0.,-1.));
#10329 = ( GEOMETRIC_REPRESENTATION_CONTEXT(2) 
PARAMETRIC_REPRESENTATION_CONTEXT() REPRESENTATION_CONTEXT('2D SPACE',''
  ) );
#10330 = ORIENTED_EDGE('',*,*,#512,.T.);
#10331 = ORIENTED_EDGE('',*,*,#10285,.F.);
#10332 = ADVANCED_FACE('',(#10333),#500,.F.);
#10333 = FACE_BOUND('',#10334,.F.);
#10334 = EDGE_LOOP('',(#10335,#10336,#10337,#10358));
#10335 = ORIENTED_EDGE('',*,*,#10310,.F.);
#10336 = ORIENTED_EDGE('',*,*,#484,.F.);
#10337 = ORIENTED_EDGE('',*,*,#10338,.T.);
#10338 = EDGE_CURVE('',#457,#1580,#10339,.T.);
#10339 = SURFACE_CURVE('',#10340,(#10344,#10351),.PCURVE_S1.);
#10340 = LINE('',#10341,#10342);
#10341 = CARTESIAN_POINT('',(338.4999999,-13.6,0.8));
#10342 = VECTOR('',#10343,1.);
#10343 = DIRECTION('',(0.,-1.,1.224646799147E-16));
#10344 = PCURVE('',#500,#10345);
#10345 = DEFINITIONAL_REPRESENTATION('',(#10346),#10350);
#10346 = LINE('',#10347,#10348);
#10347 = CARTESIAN_POINT('',(0.,0.));
#10348 = VECTOR('',#10349,1.);
#10349 = DIRECTION('',(0.,-1.));
#10350 = ( GEOMETRIC_REPRESENTATION_CONTEXT(2) 
PARAMETRIC_REPRESENTATION_CONTEXT() REPRESENTATION_CONTEXT('2D SPACE',''
  ) );
#10351 = PCURVE('',#472,#10352);
#10352 = DEFINITIONAL_REPRESENTATION('',(#10353),#10357);
#10353 = LINE('',#10354,#10355);
#10354 = CARTESIAN_POINT('',(0.,0.));
#10355 = VECTOR('',#10356,1.);
#10356 = DIRECTION('',(0.,1.));
#10357 = ( GEOMETRIC_REPRESENTATION_CONTEXT(2) 
PARAMETRIC_REPRESENTATION_CONTEXT() REPRESENTATION_CONTEXT('2D SPACE',''
  ) );
#10358 = ORIENTED_EDGE('',*,*,#10359,.T.);
#10359 = EDGE_CURVE('',#1580,#982,#10360,.T.);
#10360 = SURFACE_CURVE('',#10361,(#10366,#10373),.PCURVE_S1.);
#10361 = CIRCLE('',#10362,17.6);
#10362 = AXIS2_PLACEMENT_3D('',#10363,#10364,#10365);
#10363 = CARTESIAN_POINT('',(338.5,0.,0.));
#10364 = DIRECTION('',(1.,0.,0.));
#10365 = DIRECTION('',(-0.,0.,1.));
#10366 = PCURVE('',#500,#10367);
#10367 = DEFINITIONAL_REPRESENTATION('',(#10368),#10372);
#10368 = CIRCLE('',#10369,17.6);
#10369 = AXIS2_PLACEMENT_2D('',#10370,#10371);
#10370 = CARTESIAN_POINT('',(0.8,13.6));
#10371 = DIRECTION('',(-1.,-1.224646799147E-16));
#10372 = ( GEOMETRIC_REPRESENTATION_CONTEXT(2) 
PARAMETRIC_REPRESENTATION_CONTEXT() REPRESENTATION_CONTEXT('2D SPACE',''
  ) );
#10373 = PCURVE('',#43,#10374);
#10374 = DEFINITIONAL_REPRESENTATION('',(#10375),#10379);
#10375 = CIRCLE('',#10376,17.6);
#10376 = AXIS2_PLACEMENT_2D('',#10377,#10378);
#10377 = CARTESIAN_POINT('',(0.,0.));
#10378 = DIRECTION('',(1.,0.));
#10379 = ( GEOMETRIC_REPRESENTATION_CONTEXT(2) 
PARAMETRIC_REPRESENTATION_CONTEXT() REPRESENTATION_CONTEXT('2D SPACE',''
  ) );
#10380 = ADVANCED_FACE('',(#10381),#472,.F.);
#10381 = FACE_BOUND('',#10382,.F.);
#10382 = EDGE_LOOP('',(#10383,#10384,#10385,#10386));
#10383 = ORIENTED_EDGE('',*,*,#1603,.F.);
#10384 = ORIENTED_EDGE('',*,*,#10338,.F.);
#10385 = ORIENTED_EDGE('',*,*,#456,.T.);
#10386 = ORIENTED_EDGE('',*,*,#10387,.F.);
#10387 = EDGE_CURVE('',#1604,#429,#10388,.T.);
#10388 = SURFACE_CURVE('',#10389,(#10393,#10399),.PCURVE_S1.);
#10389 = LINE('',#10390,#10391);
#10390 = CARTESIAN_POINT('',(339.90852092423,-13.6,0.8));
#10391 = VECTOR('',#10392,1.);
#10392 = DIRECTION('',(0.,1.,-1.224646799147E-16));
#10393 = PCURVE('',#472,#10394);
#10394 = DEFINITIONAL_REPRESENTATION('',(#10395),#10398);
#10395 = B_SPLINE_CURVE_WITH_KNOTS('',1,(#10396,#10397),.UNSPECIFIED.,
  .F.,.F.,(2,2),(-4.4,-1.359631073447E-32),.PIECEWISE_BEZIER_KNOTS.);
#10396 = CARTESIAN_POINT('',(1.408521024238,4.4));
#10397 = CARTESIAN_POINT('',(1.408521024238,0.));
#10398 = ( GEOMETRIC_REPRESENTATION_CONTEXT(2) 
PARAMETRIC_REPRESENTATION_CONTEXT() REPRESENTATION_CONTEXT('2D SPACE',''
  ) );
#10399 = PCURVE('',#444,#10400);
#10400 = DEFINITIONAL_REPRESENTATION('',(#10401),#10404);
#10401 = B_SPLINE_CURVE_WITH_KNOTS('',1,(#10402,#10403),.UNSPECIFIED.,
  .F.,.F.,(2,2),(-4.4,-1.359631073447E-32),.PIECEWISE_BEZIER_KNOTS.);
#10402 = CARTESIAN_POINT('',(1.853980279257,-4.4));
#10403 = CARTESIAN_POINT('',(1.853980279257,1.459430636385E-16));
#10404 = ( GEOMETRIC_REPRESENTATION_CONTEXT(2) 
PARAMETRIC_REPRESENTATION_CONTEXT() REPRESENTATION_CONTEXT('2D SPACE',''
  ) );
#10405 = ADVANCED_FACE('',(#10406),#444,.F.);
#10406 = FACE_BOUND('',#10407,.F.);
#10407 = EDGE_LOOP('',(#10408,#10409,#10430,#10431));
#10408 = ORIENTED_EDGE('',*,*,#428,.F.);
#10409 = ORIENTED_EDGE('',*,*,#10410,.T.);
#10410 = EDGE_CURVE('',#400,#1625,#10411,.T.);
#10411 = SURFACE_CURVE('',#10412,(#10416,#10423),.PCURVE_S1.);
#10412 = LINE('',#10413,#10414);
#10413 = CARTESIAN_POINT('',(341.32875221481,-13.6,1.991715552109));
#10414 = VECTOR('',#10415,1.);
#10415 = DIRECTION('',(0.,-1.,1.224646799147E-16));
#10416 = PCURVE('',#444,#10417);
#10417 = DEFINITIONAL_REPRESENTATION('',(#10418),#10422);
#10418 = LINE('',#10419,#10420);
#10419 = CARTESIAN_POINT('',(-0.,0.));
#10420 = VECTOR('',#10421,1.);
#10421 = DIRECTION('',(0.,-1.));
#10422 = ( GEOMETRIC_REPRESENTATION_CONTEXT(2) 
PARAMETRIC_REPRESENTATION_CONTEXT() REPRESENTATION_CONTEXT('2D SPACE',''
  ) );
#10423 = PCURVE('',#416,#10424);
#10424 = DEFINITIONAL_REPRESENTATION('',(#10425),#10429);
#10425 = LINE('',#10426,#10427);
#10426 = CARTESIAN_POINT('',(3.839724354388,0.));
#10427 = VECTOR('',#10428,1.);
#10428 = DIRECTION('',(0.,1.));
#10429 = ( GEOMETRIC_REPRESENTATION_CONTEXT(2) 
PARAMETRIC_REPRESENTATION_CONTEXT() REPRESENTATION_CONTEXT('2D SPACE',''
  ) );
#10430 = ORIENTED_EDGE('',*,*,#1624,.T.);
#10431 = ORIENTED_EDGE('',*,*,#10387,.T.);
#10432 = ADVANCED_FACE('',(#10433),#416,.T.);
#10433 = FACE_BOUND('',#10434,.T.);
#10434 = EDGE_LOOP('',(#10435,#10436,#10437,#10438));
#10435 = ORIENTED_EDGE('',*,*,#1651,.F.);
#10436 = ORIENTED_EDGE('',*,*,#659,.F.);
#10437 = ORIENTED_EDGE('',*,*,#397,.T.);
#10438 = ORIENTED_EDGE('',*,*,#10410,.T.);
#10439 = ADVANCED_FACE('',(#10440),#182,.F.);
#10440 = FACE_BOUND('',#10441,.F.);
#10441 = EDGE_LOOP('',(#10442,#10443,#10464,#10465));
#10442 = ORIENTED_EDGE('',*,*,#9819,.F.);
#10443 = ORIENTED_EDGE('',*,*,#10444,.F.);
#10444 = EDGE_CURVE('',#113,#9820,#10445,.T.);
#10445 = SEAM_CURVE('',#10446,(#10450,#10457),.PCURVE_S1.);
#10446 = LINE('',#10447,#10448);
#10447 = CARTESIAN_POINT('',(343.,21.,-0.8));
#10448 = VECTOR('',#10449,1.);
#10449 = DIRECTION('',(0.,-1.,0.));
#10450 = PCURVE('',#182,#10451);
#10451 = DEFINITIONAL_REPRESENTATION('',(#10452),#10456);
#10452 = LINE('',#10453,#10454);
#10453 = CARTESIAN_POINT('',(0.,-0.));
#10454 = VECTOR('',#10455,1.);
#10455 = DIRECTION('',(0.,1.));
#10456 = ( GEOMETRIC_REPRESENTATION_CONTEXT(2) 
PARAMETRIC_REPRESENTATION_CONTEXT() REPRESENTATION_CONTEXT('2D SPACE',''
  ) );
#10457 = PCURVE('',#182,#10458);
#10458 = DEFINITIONAL_REPRESENTATION('',(#10459),#10463);
#10459 = LINE('',#10460,#10461);
#10460 = CARTESIAN_POINT('',(6.28318530718,-0.));
#10461 = VECTOR('',#10462,1.);
#10462 = DIRECTION('',(0.,1.));
#10463 = ( GEOMETRIC_REPRESENTATION_CONTEXT(2) 
PARAMETRIC_REPRESENTATION_CONTEXT() REPRESENTATION_CONTEXT('2D SPACE',''
  ) );
#10464 = ORIENTED_EDGE('',*,*,#112,.T.);
#10465 = ORIENTED_EDGE('',*,*,#10444,.T.);
#10466 = ADVANCED_FACE('',(#10467,#10470),#93,.T.);
#10467 = FACE_BOUND('',#10468,.T.);
#10468 = EDGE_LOOP('',(#10469));
#10469 = ORIENTED_EDGE('',*,*,#78,.F.);
#10470 = FACE_BOUND('',#10471,.T.);
#10471 = EDGE_LOOP('',(#10472));
#10472 = ORIENTED_EDGE('',*,*,#3884,.F.);
#10473 = ADVANCED_FACE('',(#10474,#10477),#43,.F.);
#10474 = FACE_BOUND('',#10475,.F.);
#10475 = EDGE_LOOP('',(#10476));
#10476 = ORIENTED_EDGE('',*,*,#21,.T.);
#10477 = FACE_BOUND('',#10478,.F.);
#10478 = EDGE_LOOP('',(#10479,#10480,#10481,#10482,#10483,#10484,#10485,
    #10486,#10487,#10488));
#10479 = ORIENTED_EDGE('',*,*,#1579,.F.);
#10480 = ORIENTED_EDGE('',*,*,#10204,.F.);
#10481 = ORIENTED_EDGE('',*,*,#9897,.F.);
#10482 = ORIENTED_EDGE('',*,*,#9746,.T.);
#10483 = ORIENTED_EDGE('',*,*,#1106,.F.);
#10484 = ORIENTED_EDGE('',*,*,#2685,.F.);
#10485 = ORIENTED_EDGE('',*,*,#9343,.F.);
#10486 = ORIENTED_EDGE('',*,*,#1941,.F.);
#10487 = ORIENTED_EDGE('',*,*,#1002,.F.);
#10488 = ORIENTED_EDGE('',*,*,#10359,.F.);
#10489 = ( GEOMETRIC_REPRESENTATION_CONTEXT(3) 
GLOBAL_UNCERTAINTY_ASSIGNED_CONTEXT((#10493)) 
GLOBAL_UNIT_ASSIGNED_CONTEXT((#10490,#10491,#10492)) 
REPRESENTATION_CONTEXT('Context #1',
  '3D Context with UNIT and UNCERTAINTY') );
#10490 = ( LENGTH_UNIT() NAMED_UNIT(*) SI_UNIT(.MILLI.,.METRE.) );
#10491 = ( NAMED_UNIT(*) PLANE_ANGLE_UNIT() SI_UNIT($,.RADIAN.) );
#10492 = ( NAMED_UNIT(*) SI_UNIT($,.STERADIAN.) SOLID_ANGLE_UNIT() );
#10493 = UNCERTAINTY_MEASURE_WITH_UNIT(LENGTH_MEASURE(1.E-07),#10490,
  'distance_accuracy_value','confusion accuracy');
#10494 = PRODUCT_RELATED_PRODUCT_CATEGORY('part',$,(#7));
ENDSEC;
END-ISO-10303-21;
