ISO-10303-21;
HEADER;
FILE_DESCRIPTION(('Open CASCADE Model'),'2;1');
FILE_NAME('Open CASCADE Shape Model','2026-10-04T21:26:29',('Author'),(
    'Open CASCADE'),'Open CASCADE STEP processor 7.9','Open CASCADE 7.9'
  ,'Unknown');
FILE_SCHEMA(('AUTOMOTIVE_DESIGN { 1 0 10303 214 1 1 1 1 }'));
ENDSEC;
DATA;
#1 = APPLICATION_PROTOCOL_DEFINITION('international standard',
  'automotive_design',2000,#2);
#2 = APPLICATION_CONTEXT(
  'core data for automotive mechanical design processes');
#3 = SHAPE_DEFINITION_REPRESENTATION(#4,#10);
#4 = PRODUCT_DEFINITION_SHAPE('','',#5);
#5 = PRODUCT_DEFINITION('design','',#6,#9);
#6 = PRODUCT_DEFINITION_FORMATION('','',#7);
#7 = PRODUCT('Open CASCADE STEP translator 7.9 19',
  'Open CASCADE STEP translator 7.9 19','',(#8));
#8 = PRODUCT_CONTEXT('',#2,'mechanical');
#9 = PRODUCT_DEFINITION_CONTEXT('part definition',#2,'design');
#10 = ADVANCED_BREP_SHAPE_REPRESENTATION('',(#11,#15),#8527);
#11 = AXIS2_PLACEMENT_3D('',#12,#13,#14);
#12 = CARTESIAN_POINT('',(0.,0.,0.));
#13 = DIRECTION('',(0.,0.,1.));
#14 = DIRECTION('',(1.,0.,-0.));
#15 = MANIFOLD_SOLID_BREP('',#16);
#16 = CLOSED_SHELL('',(#17,#1570,#2512,#2635,#2750,#2785,#2890,#2929,
    #2988,#3350,#3495,#3790,#4620,#5088,#5249,#5332,#5406,#5542,#5939,
    #5993,#6138,#6342,#6393,#6582,#6979,#7135,#7279,#7311,#7380,#7415,
    #7538,#7653,#8107,#8131,#8170,#8202,#8229,#8310,#8425,#8455,#8488,
    #8520));
#17 = ADVANCED_FACE('',(#18),#31,.T.);
#18 = FACE_BOUND('',#19,.T.);
#19 = EDGE_LOOP('',(#20,#329,#669,#766,#809,#852,#895,#992,#1062,#1135,
    #1232));
#20 = ORIENTED_EDGE('',*,*,#21,.F.);
#21 = EDGE_CURVE('',#22,#24,#26,.T.);
#22 = VERTEX_POINT('',#23);
#23 = CARTESIAN_POINT('',(320.13751572349,-70.4,18.302602885795));
#24 = VERTEX_POINT('',#25);
#25 = CARTESIAN_POINT('',(300.73152659119,-209.5610285868,
    18.980274959044));
#26 = SURFACE_CURVE('',#27,(#30,#318),.PCURVE_S1.);
#27 = B_SPLINE_CURVE_WITH_KNOTS('',1,(#28,#29),.UNSPECIFIED.,.F.,.F.,(2,
    2),(0.,1.),.PIECEWISE_BEZIER_KNOTS.);
#28 = CARTESIAN_POINT('',(329.95478747542,0.,17.959776201908));
#29 = CARTESIAN_POINT('',(299.97306266485,-215.,19.006761102984));
#30 = PCURVE('',#31,#312);
#31 = B_SPLINE_SURFACE_WITH_KNOTS('',3,1,(
    (#32,#33)
    ,(#34,#35)
    ,(#36,#37)
    ,(#38,#39)
    ,(#40,#41)
    ,(#42,#43)
    ,(#44,#45)
    ,(#46,#47)
    ,(#48,#49)
    ,(#50,#51)
    ,(#52,#53)
    ,(#54,#55)
    ,(#56,#57)
    ,(#58,#59)
    ,(#60,#61)
    ,(#62,#63)
    ,(#64,#65)
    ,(#66,#67)
    ,(#68,#69)
    ,(#70,#71)
    ,(#72,#73)
    ,(#74,#75)
    ,(#76,#77)
    ,(#78,#79)
    ,(#80,#81)
    ,(#82,#83)
    ,(#84,#85)
    ,(#86,#87)
    ,(#88,#89)
    ,(#90,#91)
    ,(#92,#93)
    ,(#94,#95)
    ,(#96,#97)
    ,(#98,#99)
    ,(#100,#101)
    ,(#102,#103)
    ,(#104,#105)
    ,(#106,#107)
    ,(#108,#109)
    ,(#110,#111)
    ,(#112,#113)
    ,(#114,#115)
    ,(#116,#117)
    ,(#118,#119)
    ,(#120,#121)
    ,(#122,#123)
    ,(#124,#125)
    ,(#126,#127)
    ,(#128,#129)
    ,(#130,#131)
    ,(#132,#133)
    ,(#134,#135)
    ,(#136,#137)
    ,(#138,#139)
    ,(#140,#141)
    ,(#142,#143)
    ,(#144,#145)
    ,(#146,#147)
    ,(#148,#149)
    ,(#150,#151)
    ,(#152,#153)
    ,(#154,#155)
    ,(#156,#157)
    ,(#158,#159)
    ,(#160,#161)
    ,(#162,#163)
    ,(#164,#165)
    ,(#166,#167)
    ,(#168,#169)
    ,(#170,#171)
    ,(#172,#173)
    ,(#174,#175)
    ,(#176,#177)
    ,(#178,#179)
    ,(#180,#181)
    ,(#182,#183)
    ,(#184,#185)
    ,(#186,#187)
    ,(#188,#189)
    ,(#190,#191)
    ,(#192,#193)
    ,(#194,#195)
    ,(#196,#197)
    ,(#198,#199)
    ,(#200,#201)
    ,(#202,#203)
    ,(#204,#205)
    ,(#206,#207)
    ,(#208,#209)
    ,(#210,#211)
    ,(#212,#213)
    ,(#214,#215)
    ,(#216,#217)
    ,(#218,#219)
    ,(#220,#221)
    ,(#222,#223)
    ,(#224,#225)
    ,(#226,#227)
    ,(#228,#229)
    ,(#230,#231)
    ,(#232,#233)
    ,(#234,#235)
    ,(#236,#237)
    ,(#238,#239)
    ,(#240,#241)
    ,(#242,#243)
    ,(#244,#245)
    ,(#246,#247)
    ,(#248,#249)
    ,(#250,#251)
    ,(#252,#253)
    ,(#254,#255)
    ,(#256,#257)
    ,(#258,#259)
    ,(#260,#261)
    ,(#262,#263)
    ,(#264,#265)
    ,(#266,#267)
    ,(#268,#269)
    ,(#270,#271)
    ,(#272,#273)
    ,(#274,#275)
    ,(#276,#277)
    ,(#278,#279)
    ,(#280,#281)
    ,(#282,#283)
    ,(#284,#285)
    ,(#286,#287)
    ,(#288,#289)
    ,(#290,#291)
    ,(#292,#293)
    ,(#294,#295)
    ,(#296,#297)
    ,(#298,#299)
    ,(#300,#301)
    ,(#302,#303)
    ,(#304,#305)
    ,(#306,#307)
    ,(#308,#309)
    ,(#310,#311
    )),.UNSPECIFIED.,.F.,.F.,.F.,(4,1,1,1,1,1,1,1,1,1,1,1,1,1,1,1,1,1,1,
    1,1,1,1,1,1,1,1,1,1,1,1,1,1,1,1,1,1,1,1,1,1,1,1,1,1,1,1,1,1,1,1,1,1,
    1,1,1,1,1,1,1,1,1,1,1,1,1,1,1,1,1,1,1,1,1,1,1,1,1,1,1,1,1,1,1,1,1,1,
    1,1,1,1,1,1,1,1,1,1,1,1,1,1,1,1,1,1,1,1,1,1,1,1,1,1,1,1,1,1,1,1,1,1,
    1,1,1,1,1,1,1,1,1,1,1,1,1,1,1,1,4),(2,2),(0.,5.293963652008E-02,
    5.29439535121E-02,0.211647560825,0.211664514562,0.475788017463,
    0.475823275911,0.844809800162,0.844863133803,1.317938243953,
    1.318003156065,1.894156121788,1.894220031214,2.572278168256,
    2.572323247986,3.350885403292,3.350890690889,4.228275993203,
    4.228333442322,5.202677952843,5.202823023371,6.272064538445,
    6.272322623504,7.434217761372,7.434615719385,8.686724657907,
    8.687290661668,10.026981926413,10.027745272308,11.452213504686,
    11.453204734871,12.959455650329,12.96070630721,14.545574684386,
    14.547118170401,16.207274286594,16.209145959645,17.941111024579,
    17.943347008602,19.743486865036,19.746122690992,21.610659841087,
    21.613729200003,23.538784489763,23.542316983256,25.523870590372,
    25.527890586839,27.561816576493,27.566343596737,29.648416935053,
    29.653465574785,31.779361481874,31.784940558613,33.950252526182,
    33.956364209074,36.156614009981,36.163253754245,38.393882527084,
    38.401040045619,40.657443254973,40.665102647998,42.942611753662,
    42.950752125257,45.244668556982,45.253264320045,47.558849443074,
    47.56787099975,49.880364171637,49.889778488611,52.204410350245,
    52.214181886159,54.526171964919,54.536263662707,56.840837953107,
    56.851211269339,59.143615751822,59.154230487589,61.429739868145,
    61.440554155764,63.694470270265,63.705440185333,65.933127143194,
    65.944206930958,68.141071074249,68.152213187888,70.313743700099,
    70.324898923431,72.4466280614,72.457744350489,74.535338833448,
    74.546361731531,76.575532154266,76.586405747055,78.56300036366,
    78.573668298542,80.493603694329,80.504009651506,82.363365264928,
    82.373453829354,84.168381403209,84.17809813971,85.904942903184,
    85.914235187443,87.569408475527,87.578225447183,89.158371446193,
    89.166664991895,90.668483234198,90.676207743968,92.096688786491,
    92.103802308318,93.439927238,93.446390097754,94.695580340041,
    94.701357370596,95.860787052103,95.865849171368,96.933283736561,
    96.937611689951,97.9108855537,97.914470617382,98.791877381618,
    98.794727369483,99.573045206704,99.575189383591,100.25344673043,
    100.25494104356,100.83370467943,100.83463361087,101.31084319404,
    101.31132472417,101.6801290205,101.68031669289,101.94492511602,
    101.94496595895,102.1034850514,102.10349189034,102.15647631661),(0.,
    1.),.UNSPECIFIED.);
#32 = CARTESIAN_POINT('',(329.95478747542,0.,17.959776201908));
#33 = CARTESIAN_POINT('',(299.97306266485,-215.,19.006761102984));
#34 = CARTESIAN_POINT('',(329.93714095425,0.,17.959759252195));
#35 = CARTESIAN_POINT('',(299.96071027792,-215.,19.006725448188));
#36 = CARTESIAN_POINT('',(329.9194929679,0.,17.959742974525));
#37 = CARTESIAN_POINT('',(299.94835686449,-215.,19.006690261609));
#38 = CARTESIAN_POINT('',(329.84894377637,0.,17.959685750912));
#39 = CARTESIAN_POINT('',(299.89897312744,-215.,19.006555092324));
#40 = CARTESIAN_POINT('',(329.79603548643,0.,17.959660480819));
#41 = CARTESIAN_POINT('',(299.86193782343,-215.,19.006466068967));
#42 = CARTESIAN_POINT('',(329.65508746918,0.,17.959885162391));
#43 = CARTESIAN_POINT('',(299.76327514697,-215.,19.006433246109));
#44 = CARTESIAN_POINT('',(329.56702889692,0.,17.960329139614));
#45 = CARTESIAN_POINT('',(299.7016343215,-215.,19.006625209927));
#46 = CARTESIAN_POINT('',(329.35598992487,0.,17.962389838509));
#47 = CARTESIAN_POINT('',(299.55390611433,-215.,19.007782791239));
#48 = CARTESIAN_POINT('',(329.23297810099,0.,17.964402634632));
#49 = CARTESIAN_POINT('',(299.46779620116,-215.,19.009025589331));
#50 = CARTESIAN_POINT('',(328.95233838065,0.,17.970555558027));
#51 = CARTESIAN_POINT('',(299.27134255251,-215.,19.012953479581));
#52 = CARTESIAN_POINT('',(328.79466923645,0.,17.97513700609));
#53 = CARTESIAN_POINT('',(299.16096934769,-215.,19.015947408802));
#54 = CARTESIAN_POINT('',(328.44511914515,0.,17.987452063221));
#55 = CARTESIAN_POINT('',(298.91627071719,-215.,19.024095539868));
#56 = CARTESIAN_POINT('',(328.25319425474,0.,17.995657529065));
#57 = CARTESIAN_POINT('',(298.78191389453,-215.,19.029579978106));
#58 = CARTESIAN_POINT('',(327.83560164919,0.,18.016143561638));
#59 = CARTESIAN_POINT('',(298.48957507028,-215.,19.043355967442));
#60 = CARTESIAN_POINT('',(327.60989923048,0.,18.028891496436));
#61 = CARTESIAN_POINT('',(298.33156814757,-215.,19.051974656734));
#62 = CARTESIAN_POINT('',(327.12527456168,0.,18.058988486333));
#63 = CARTESIAN_POINT('',(297.99229451972,-215.,19.072388243253));
#64 = CARTESIAN_POINT('',(326.86633972021,0.,18.076742203096));
#65 = CARTESIAN_POINT('',(297.81101845762,-215.,19.084466421743));
#66 = CARTESIAN_POINT('',(326.31583623309,0.,18.117186793686));
#67 = CARTESIAN_POINT('',(297.42561632796,-215.,19.11203512449));
#68 = CARTESIAN_POINT('',(326.02425700785,0.,18.14022126402));
#69 = CARTESIAN_POINT('',(297.22148239513,-215.,19.127766198172));
#70 = CARTESIAN_POINT('',(325.40914084632,0.,18.191675371261));
#71 = CARTESIAN_POINT('',(296.79083720123,-215.,19.162955365063));
#72 = CARTESIAN_POINT('',(325.08556137724,0.,18.220415014269));
#73 = CARTESIAN_POINT('',(296.56429574057,-215.,19.182637455069));
#74 = CARTESIAN_POINT('',(324.40721895668,0.,18.283247145687));
#75 = CARTESIAN_POINT('',(296.08937749897,-215.,19.225707095308));
#76 = CARTESIAN_POINT('',(324.05232641314,0.,18.317603505108));
#77 = CARTESIAN_POINT('',(295.84090965687,-215.,19.24927926478));
#78 = CARTESIAN_POINT('',(323.31225714389,0.,18.392005802147));
#79 = CARTESIAN_POINT('',(295.32276772936,-215.,19.300366190531));
#80 = CARTESIAN_POINT('',(322.92683858393,0.,18.43231539624));
#81 = CARTESIAN_POINT('',(295.05292401281,-215.,19.328065233839));
#82 = CARTESIAN_POINT('',(322.12669682625,0.,18.518804115768));
#83 = CARTESIAN_POINT('',(294.49271578834,-215.,19.38753328949));
#84 = CARTESIAN_POINT('',(321.71159202252,0.,18.565242621399));
#85 = CARTESIAN_POINT('',(294.202083818,-215.,19.419483424135));
#86 = CARTESIAN_POINT('',(320.85314591488,0.,18.664137870493));
#87 = CARTESIAN_POINT('',(293.60104659723,-215.,19.487559315488));
#88 = CARTESIAN_POINT('',(320.40925544661,0.,18.716858279948));
#89 = CARTESIAN_POINT('',(293.29025659194,-215.,19.523868984003));
#90 = CARTESIAN_POINT('',(319.49440209897,0.,18.82852014856));
#91 = CARTESIAN_POINT('',(292.64971791609,-215.,19.600807664124));
#92 = CARTESIAN_POINT('',(319.0226943634,0.,18.8877431923));
#93 = CARTESIAN_POINT('',(292.31944748082,-215.,19.641632835524));
#94 = CARTESIAN_POINT('',(318.05344773686,0.,19.012468197227));
#95 = CARTESIAN_POINT('',(291.64081675659,-215.,19.727644758764));
#96 = CARTESIAN_POINT('',(317.55493744142,0.,19.078269906538));
#97 = CARTESIAN_POINT('',(291.29177610889,-215.,19.773040169765));
#98 = CARTESIAN_POINT('',(316.53344865266,0.,19.216445402787));
#99 = CARTESIAN_POINT('',(290.57655869002,-215.,19.868399989795));
#100 = CARTESIAN_POINT('',(316.00924301576,0.,19.289160300166));
#101 = CARTESIAN_POINT('',(290.20952248447,-215.,19.918601612615));
#102 = CARTESIAN_POINT('',(314.9378221468,0.,19.441460939062));
#103 = CARTESIAN_POINT('',(289.45933462145,-215.,20.023785234114));
#104 = CARTESIAN_POINT('',(314.38909160029,0.,19.521437643958));
#105 = CARTESIAN_POINT('',(289.07512173601,-215.,20.079038886778));
#106 = CARTESIAN_POINT('',(313.27013280487,0.,19.688307798695));
#107 = CARTESIAN_POINT('',(288.29163878918,-215.,20.194360729596));
#108 = CARTESIAN_POINT('',(312.69806546793,0.,19.775639879986));
#109 = CARTESIAN_POINT('',(287.89108079723,-215.,20.254733517519));
#110 = CARTESIAN_POINT('',(311.53399431178,0.,19.957009020967));
#111 = CARTESIAN_POINT('',(287.07600076036,-215.,20.380147350667));
#112 = CARTESIAN_POINT('',(310.93979151726,0.,20.051533381959));
#113 = CARTESIAN_POINT('',(286.65993880918,-215.,20.44552663314));
#114 = CARTESIAN_POINT('',(309.73306912396,0.,20.2469261365));
#115 = CARTESIAN_POINT('',(285.81498509144,-215.,20.580702834599));
#116 = CARTESIAN_POINT('',(309.11795599119,0.,20.348337629344));
#117 = CARTESIAN_POINT('',(285.38427712695,-215.,20.650876348171));
#118 = CARTESIAN_POINT('',(307.87101271715,0.,20.556637553944));
#119 = CARTESIAN_POINT('',(284.51115225036,-215.,20.795035357611));
#120 = CARTESIAN_POINT('',(307.23615982292,0.,20.664119099111));
#121 = CARTESIAN_POINT('',(284.06661864662,-215.,20.869432036904));
#122 = CARTESIAN_POINT('',(305.95136991553,0.,20.88347481236));
#123 = CARTESIAN_POINT('',(283.16698682105,-215.,21.021279867051));
#124 = CARTESIAN_POINT('',(305.29795168167,0.,20.995996755526));
#125 = CARTESIAN_POINT('',(282.70945094768,-215.,21.099180053436));
#126 = CARTESIAN_POINT('',(303.97774565794,0.,21.224490812894));
#127 = CARTESIAN_POINT('',(281.78501598203,-215.,21.257377330366));
#128 = CARTESIAN_POINT('',(303.30699536802,0.,21.341178520918));
#129 = CARTESIAN_POINT('',(281.31534223593,-215.,21.338170151686));
#130 = CARTESIAN_POINT('',(301.95388832937,0.,21.577034086325));
#131 = CARTESIAN_POINT('',(280.36786689056,-215.,21.501475632233));
#132 = CARTESIAN_POINT('',(301.26706873599,0.,21.696990014929));
#133 = CARTESIAN_POINT('',(279.8869402823,-215.,21.584533955229));
#134 = CARTESIAN_POINT('',(299.8836052733,0.,21.938232300141));
#135 = CARTESIAN_POINT('',(278.91820811439,-215.,21.7515672447));
#136 = CARTESIAN_POINT('',(299.18198334116,0.,22.060377412954));
#137 = CARTESIAN_POINT('',(278.42691680201,-215.,21.836136646281));
#138 = CARTESIAN_POINT('',(297.77070950905,0.,22.304677083366));
#139 = CARTESIAN_POINT('',(277.4387128297,-215.,22.005268923037));
#140 = CARTESIAN_POINT('',(297.05555495531,0.,22.427756763086));
#141 = CARTESIAN_POINT('',(276.93794713744,-215.,22.090472069557));
#142 = CARTESIAN_POINT('',(295.61904062615,0.,22.672565702581));
#143 = CARTESIAN_POINT('',(275.93207342056,-215.,22.259921711443));
#144 = CARTESIAN_POINT('',(294.8916507195,0.,22.795281591566));
#145 = CARTESIAN_POINT('',(275.42274310054,-215.,22.344851105212));
#146 = CARTESIAN_POINT('',(293.43257572669,0.,23.038295561554));
#147 = CARTESIAN_POINT('',(274.40107862022,-215.,22.513008825553));
#148 = CARTESIAN_POINT('',(292.69433718307,0.,23.159640027115));
#149 = CARTESIAN_POINT('',(273.8841556924,-215.,22.596960760058));
#150 = CARTESIAN_POINT('',(291.21548127209,0.,23.398770199872));
#151 = CARTESIAN_POINT('',(272.84864888519,-215.,22.762366867462));
#152 = CARTESIAN_POINT('',(290.46779588155,0.,23.51765109789));
#153 = CARTESIAN_POINT('',(272.32511602468,-215.,22.844578379105));
#154 = CARTESIAN_POINT('',(288.972014908,0.,23.750910781656));
#155 = CARTESIAN_POINT('',(271.27776870501,-215.,23.005846085984));
#156 = CARTESIAN_POINT('',(288.21635150749,0.,23.866425121));
#157 = CARTESIAN_POINT('',(270.74865531728,-215.,23.085686935241));
#158 = CARTESIAN_POINT('',(286.70658758338,0.,24.092015014097));
#159 = CARTESIAN_POINT('',(269.69152933521,-215.,23.241560020965));
#160 = CARTESIAN_POINT('',(285.94443875714,0.,24.203253639338));
#161 = CARTESIAN_POINT('',(269.15788146575,-215.,23.318395693603));
#162 = CARTESIAN_POINT('',(284.42370561146,0.,24.419533559316));
#163 = CARTESIAN_POINT('',(268.09308875688,-215.,23.46773040799));
#164 = CARTESIAN_POINT('',(283.65661669316,0.,24.525753657331));
#165 = CARTESIAN_POINT('',(267.5559891922,-215.,23.541043115001));
#166 = CARTESIAN_POINT('',(282.12800643106,0.,24.731319970871));
#167 = CARTESIAN_POINT('',(266.48569619912,-215.,23.682861090916));
#168 = CARTESIAN_POINT('',(281.35755233262,0.,24.831847354643));
#169 = CARTESIAN_POINT('',(265.94624834897,-215.,23.752181195991));
#170 = CARTESIAN_POINT('',(279.82421964949,0.,25.025534349415));
#171 = CARTESIAN_POINT('',(264.87266510661,-215.,23.885671409763));
#172 = CARTESIAN_POINT('',(279.05201187158,0.,25.119864961468));
#173 = CARTESIAN_POINT('',(264.33199780195,-215.,23.950648746683));
#174 = CARTESIAN_POINT('',(277.51718292717,0.,25.300902310425));
#175 = CARTESIAN_POINT('',(263.25738388056,-215.,24.075277593101));
#176 = CARTESIAN_POINT('',(276.74487057669,0.,25.388758414936));
#177 = CARTESIAN_POINT('',(262.71665193923,-215.,24.135720283484));
#178 = CARTESIAN_POINT('',(275.21180366209,0.,25.556564233903));
#179 = CARTESIAN_POINT('',(261.64328896123,-215.,24.25108468681));
#180 = CARTESIAN_POINT('',(274.44103232909,0.,25.637630276448));
#181 = CARTESIAN_POINT('',(261.10364473973,-215.,24.30677395871));
#182 = CARTESIAN_POINT('',(272.91297478604,0.,25.791538600202));
#183 = CARTESIAN_POINT('',(260.03380678302,-215.,24.412411881567));
#184 = CARTESIAN_POINT('',(272.14538435427,0.,25.865453289748));
#185 = CARTESIAN_POINT('',(259.49639872102,-215.,24.463097049543));
#186 = CARTESIAN_POINT('',(270.62557697389,0.,26.004794821493));
#187 = CARTESIAN_POINT('',(258.43235533926,-215.,24.558544660342));
#188 = CARTESIAN_POINT('',(269.86280820136,0.,26.071239389559));
#189 = CARTESIAN_POINT('',(257.89833242485,-215.,24.604004664024));
#190 = CARTESIAN_POINT('',(268.35447835177,0.,26.195248547512));
#191 = CARTESIAN_POINT('',(256.8423438173,-215.,24.688729538695));
#192 = CARTESIAN_POINT('',(267.59815964585,0.,26.253765878985));
#193 = CARTESIAN_POINT('',(256.31284659267,-215.,24.728646541271));
#194 = CARTESIAN_POINT('',(266.10451941093,0.,26.361645357032));
#195 = CARTESIAN_POINT('',(255.26716245055,-215.,24.802095629086));
#196 = CARTESIAN_POINT('',(265.35627813682,0.,26.411884050114));
#197 = CARTESIAN_POINT('',(254.7433306083,-215.,24.836225962914));
#198 = CARTESIAN_POINT('',(263.88053078759,0.,26.502888101034));
#199 = CARTESIAN_POINT('',(253.7101943159,-215.,24.89788128869));
#200 = CARTESIAN_POINT('',(263.14198867586,0.,26.544444042897));
#201 = CARTESIAN_POINT('',(253.19316367686,-215.,24.925944466927));
#202 = CARTESIAN_POINT('',(261.68732214979,0.,26.617914900127));
#203 = CARTESIAN_POINT('',(252.17480784273,-215.,24.97535100148));
#204 = CARTESIAN_POINT('',(260.96009310214,0.,26.650523948125));
#205 = CARTESIAN_POINT('',(251.66570854309,-215.,24.997163931989));
#206 = CARTESIAN_POINT('',(259.52967052539,0.,26.705559860226));
#207 = CARTESIAN_POINT('',(250.66434859784,-215.,25.033692181401));
#208 = CARTESIAN_POINT('',(258.81535395012,0.,26.728579811593));
#209 = CARTESIAN_POINT('',(250.16430116312,-215.,25.048807164241));
#210 = CARTESIAN_POINT('',(257.41231149809,0.,26.764065285434));
#211 = CARTESIAN_POINT('',(249.18213419318,-215.,25.071681838254));
#212 = CARTESIAN_POINT('',(256.71249639203,0.,26.777011464439));
#213 = CARTESIAN_POINT('',(248.69225169676,-215.,25.079762433391));
#214 = CARTESIAN_POINT('',(255.33997136803,0.,26.792129952345));
#215 = CARTESIAN_POINT('',(247.73147512906,-215.,25.088417587758));
#216 = CARTESIAN_POINT('',(254.65626082064,0.,26.794660988014));
#217 = CARTESIAN_POINT('',(247.25288028714,-215.,25.089227905538));
#218 = CARTESIAN_POINT('',(253.31737919075,0.,26.788961633038));
#219 = CARTESIAN_POINT('',(246.31568305293,-215.,25.08335431213));
#220 = CARTESIAN_POINT('',(252.65135263212,0.,26.780959824192));
#221 = CARTESIAN_POINT('',(245.84948169165,-215.,25.076814747492));
#222 = CARTESIAN_POINT('',(251.34921328306,0.,26.754196699287));
#223 = CARTESIAN_POINT('',(244.93803344649,-215.,25.056244961171));
#224 = CARTESIAN_POINT('',(250.70244751318,0.,26.735533886798));
#225 = CARTESIAN_POINT('',(244.4853295237,-215.,25.042268743654));
#226 = CARTESIAN_POINT('',(249.44010348679,0.,26.687705786641));
#227 = CARTESIAN_POINT('',(243.6017673867,-215.,25.007008633774));
#228 = CARTESIAN_POINT('',(248.81413213314,0.,26.658505967325));
#229 = CARTESIAN_POINT('',(243.16363428926,-215.,24.985685155047));
#230 = CARTESIAN_POINT('',(247.59459552347,0.,26.589712543386));
#231 = CARTESIAN_POINT('',(242.31006663338,-215.,24.935808255206));
#232 = CARTESIAN_POINT('',(246.99095328151,0.,26.549962327489));
#233 = CARTESIAN_POINT('',(241.887578624,-215.,24.907130964059));
#234 = CARTESIAN_POINT('',(245.81717591357,0.,26.460461986769));
#235 = CARTESIAN_POINT('',(241.06607116834,-215.,24.842825167733));
#236 = CARTESIAN_POINT('',(245.2373352808,0.,26.410435043747));
#237 = CARTESIAN_POINT('',(240.66025859356,-215.,24.8069880891));
#238 = CARTESIAN_POINT('',(244.11223101139,0.,26.300535916216));
#239 = CARTESIAN_POINT('',(239.87285062965,-215.,24.728472281456));
#240 = CARTESIAN_POINT('',(243.55768529143,0.,26.240289568516));
#241 = CARTESIAN_POINT('',(239.48475858191,-215.,24.685518464493));
#242 = CARTESIAN_POINT('',(242.4840981616,0.,26.110478734321));
#243 = CARTESIAN_POINT('',(238.73343973693,-215.,24.593141307665));
#244 = CARTESIAN_POINT('',(241.95624919158,0.,26.04044794951));
#245 = CARTESIAN_POINT('',(238.36404883857,-215.,24.543377455756));
#246 = CARTESIAN_POINT('',(240.93700742124,0.,25.891181318247));
#247 = CARTESIAN_POINT('',(237.65079829545,-215.,24.437460217243));
#248 = CARTESIAN_POINT('',(240.43732488346,0.,25.811428825455));
#249 = CARTESIAN_POINT('',(237.30113691522,-215.,24.380933441442));
#250 = CARTESIAN_POINT('',(239.475173512,0.,25.643402239078));
#251 = CARTESIAN_POINT('',(236.62787407109,-215.,24.2619724157));
#252 = CARTESIAN_POINT('',(239.00497754249,0.,25.554565472308));
#253 = CARTESIAN_POINT('',(236.29886543015,-215.,24.199130334334));
#254 = CARTESIAN_POINT('',(238.10276707795,0.,25.368093127956));
#255 = CARTESIAN_POINT('',(235.66758572989,-215.,24.067344481299));
#256 = CARTESIAN_POINT('',(237.66361236785,0.,25.269936237254));
#257 = CARTESIAN_POINT('',(235.36031793007,-215.,23.998025336644));
#258 = CARTESIAN_POINT('',(236.8242064255,0.,25.065325532938));
#259 = CARTESIAN_POINT('',(234.77302333143,-215.,23.853641355895));
#260 = CARTESIAN_POINT('',(236.41743478748,0.,24.958395600079));
#261 = CARTESIAN_POINT('',(234.48843442171,-215.,23.778231148437));
#262 = CARTESIAN_POINT('',(235.64383856206,0.,24.736265300233));
#263 = CARTESIAN_POINT('',(233.94722701536,-215.,23.621685584915));
#264 = CARTESIAN_POINT('',(235.27111350789,0.,24.620730893798));
#265 = CARTESIAN_POINT('',(233.6864795873,-215.,23.540307767023));
#266 = CARTESIAN_POINT('',(234.5661468142,0.,24.382706430604));
#267 = CARTESIAN_POINT('',(233.1933262365,-215.,23.37275252479));
#268 = CARTESIAN_POINT('',(234.22864651141,0.,24.260007606959));
#269 = CARTESIAN_POINT('',(232.95724246352,-215.,23.286416656601));
#270 = CARTESIAN_POINT('',(233.59532576573,0.,24.007606250473));
#271 = CARTESIAN_POINT('',(232.51425211391,-215.,23.108912504158));
#272 = CARTESIAN_POINT('',(233.29481264614,0.,23.878017589746));
#273 = CARTESIAN_POINT('',(232.30406227637,-215.,23.017816570336));
#274 = CARTESIAN_POINT('',(232.73589976382,0.,23.613767049369));
#275 = CARTESIAN_POINT('',(231.91315601587,-215.,22.83214898846));
#276 = CARTESIAN_POINT('',(232.47336632641,0.,23.479487207429));
#277 = CARTESIAN_POINT('',(231.72955013605,-215.,22.737833670969));
#278 = CARTESIAN_POINT('',(231.99219184811,0.,23.206982325683));
#279 = CARTESIAN_POINT('',(231.39305140746,-215.,22.546518233858));
#280 = CARTESIAN_POINT('',(231.76976111294,0.,23.069675915674));
#281 = CARTESIAN_POINT('',(231.23750805327,-215.,22.450153834122));
#282 = CARTESIAN_POINT('',(231.36862595378,0.,22.794427791088));
#283 = CARTESIAN_POINT('',(230.95700763785,-215.,22.257057778101));
#284 = CARTESIAN_POINT('',(231.18644788473,0.,22.657788631359));
#285 = CARTESIAN_POINT('',(230.82962466167,-215.,22.16122797812));
#286 = CARTESIAN_POINT('',(230.86635038237,0.,22.386501758951));
#287 = CARTESIAN_POINT('',(230.60580918495,-215.,21.971034463284));
#288 = CARTESIAN_POINT('',(230.7248932985,0.,22.253685696841));
#289 = CARTESIAN_POINT('',(230.50690329566,-215.,21.877945600313));
#290 = CARTESIAN_POINT('',(230.48407614418,0.,21.996248446545));
#291 = CARTESIAN_POINT('',(230.33851982779,-215.,21.697566432024));
#292 = CARTESIAN_POINT('',(230.38117414166,0.,21.873791617741));
#293 = CARTESIAN_POINT('',(230.26657520696,-215.,21.611779862772));
#294 = CARTESIAN_POINT('',(230.22318611468,0.,21.640357909288));
#295 = CARTESIAN_POINT('',(230.1561084726,-215.,21.448294293563));
#296 = CARTESIAN_POINT('',(230.16233434425,0.,21.532708469796));
#297 = CARTESIAN_POINT('',(230.11355552898,-215.,21.372918201102));
#298 = CARTESIAN_POINT('',(230.07518360597,0.,21.339605888473));
#299 = CARTESIAN_POINT('',(230.0525996257,-215.,21.237726187043));
#300 = CARTESIAN_POINT('',(230.04391614041,0.,21.256342790177));
#301 = CARTESIAN_POINT('',(230.03072879052,-215.,21.179438260338));
#302 = CARTESIAN_POINT('',(230.01308234515,0.,21.118666406116));
#303 = CARTESIAN_POINT('',(230.00915655087,-215.,21.083063163488));
#304 = CARTESIAN_POINT('',(230.00582290454,0.,21.066036686464));
#305 = CARTESIAN_POINT('',(230.00407553866,-215.,21.046222908816));
#306 = CARTESIAN_POINT('',(230.00111104201,0.,20.995653571111));
#307 = CARTESIAN_POINT('',(230.00077758265,-215.,20.996955337336));
#308 = CARTESIAN_POINT('',(230.00034688984,0.,20.978004815056));
#309 = CARTESIAN_POINT('',(230.00024273158,-215.,20.984601347622));
#310 = CARTESIAN_POINT('',(230.00004211951,0.,20.960345956879));
#311 = CARTESIAN_POINT('',(230.00002941647,-215.,20.972240245888));
#312 = DEFINITIONAL_REPRESENTATION('',(#313),#317);
#313 = LINE('',#314,#315);
#314 = CARTESIAN_POINT('',(0.,0.));
#315 = VECTOR('',#316,1.);
#316 = DIRECTION('',(0.,1.));
#317 = ( GEOMETRIC_REPRESENTATION_CONTEXT(2) 
PARAMETRIC_REPRESENTATION_CONTEXT() REPRESENTATION_CONTEXT('2D SPACE',''
  ) );
#318 = PCURVE('',#319,#324);
#319 = PLANE('',#320);
#320 = AXIS2_PLACEMENT_3D('',#321,#322,#323);
#321 = CARTESIAN_POINT('',(299.94165311782,-215.,18.107309358666));
#322 = DIRECTION('',(-0.989801567463,0.138196031911,3.456463237994E-02)
  );
#323 = DIRECTION('',(-3.489949670249E-02,-8.673617379884E-19,
    -0.999390827019));
#324 = DEFINITIONAL_REPRESENTATION('',(#325),#328);
#325 = B_SPLINE_CURVE_WITH_KNOTS('',1,(#326,#327),.UNSPECIFIED.,.F.,.F.,
  (2,2),(0.,1.),.PIECEWISE_BEZIER_KNOTS.);
#326 = CARTESIAN_POINT('',(-0.9,-217.0829334609));
#327 = CARTESIAN_POINT('',(-0.9,0.));
#328 = ( GEOMETRIC_REPRESENTATION_CONTEXT(2) 
PARAMETRIC_REPRESENTATION_CONTEXT() REPRESENTATION_CONTEXT('2D SPACE',''
  ) );
#329 = ORIENTED_EDGE('',*,*,#330,.F.);
#330 = EDGE_CURVE('',#331,#22,#333,.T.);
#331 = VERTEX_POINT('',#332);
#332 = CARTESIAN_POINT('',(298.03612872396,-70.4,21.006835552608));
#333 = SURFACE_CURVE('',#334,(#442,#553),.PCURVE_S1.);
#334 = B_SPLINE_CURVE_WITH_KNOTS('',8,(#335,#336,#337,#338,#339,#340,
    #341,#342,#343,#344,#345,#346,#347,#348,#349,#350,#351,#352,#353,
    #354,#355,#356,#357,#358,#359,#360,#361,#362,#363,#364,#365,#366,
    #367,#368,#369,#370,#371,#372,#373,#374,#375,#376,#377,#378,#379,
    #380,#381,#382,#383,#384,#385,#386,#387,#388,#389,#390,#391,#392,
    #393,#394,#395,#396,#397,#398,#399,#400,#401,#402,#403,#404,#405,
    #406,#407,#408,#409,#410,#411,#412,#413,#414,#415,#416,#417,#418,
    #419,#420,#421,#422,#423,#424,#425,#426,#427,#428,#429,#430,#431,
    #432,#433,#434,#435,#436,#437,#438,#439,#440,#441),.UNSPECIFIED.,.F.
  ,.F.,(9,7,7,7,7,7,7,7,7,7,7,7,7,7,7,9),(0.,0.100540665095,
    0.201831056974,0.351740893485,0.408463545681,0.505702377248,
    0.578631503063,0.635354155695,0.720438147577,0.765005962124,
    0.809573794735,0.854141642185,0.890606262746,0.943277408008,
    0.971638791516,1.),.UNSPECIFIED.);
#335 = CARTESIAN_POINT('',(297.59135821248,-70.4,21.083352106237));
#336 = CARTESIAN_POINT('',(297.87295700723,-70.4,21.034834954602));
#337 = CARTESIAN_POINT('',(298.15457216923,-70.4,20.986414747224));
#338 = CARTESIAN_POINT('',(298.4362062728,-70.4,20.938099957538));
#339 = CARTESIAN_POINT('',(298.71786162168,-70.4,20.889912925945));
#340 = CARTESIAN_POINT('',(298.99953954779,-70.4,20.841858597086));
#341 = CARTESIAN_POINT('',(299.28124204488,-70.4,20.793944516825));
#342 = CARTESIAN_POINT('',(299.56297282287,-70.4,20.746199633042));
#343 = CARTESIAN_POINT('',(300.12859800081,-70.4,20.650724601615));
#344 = CARTESIAN_POINT('',(300.41249281125,-70.4,20.602997567791));
#345 = CARTESIAN_POINT('',(300.69642241745,-70.4,20.555477405333));
#346 = CARTESIAN_POINT('',(300.98038984735,-70.4,20.508183151841));
#347 = CARTESIAN_POINT('',(301.26439803966,-70.4,20.461133820026));
#348 = CARTESIAN_POINT('',(301.54844984391,-70.4,20.41434839771));
#349 = CARTESIAN_POINT('',(301.83254802038,-70.4,20.36784584783));
#350 = CARTESIAN_POINT('',(302.53723328402,-70.4,20.253267988335));
#351 = CARTESIAN_POINT('',(302.95787849232,-70.4,20.185550640408));
#352 = CARTESIAN_POINT('',(303.37864356915,-70.4,20.118573292595));
#353 = CARTESIAN_POINT('',(303.7995210332,-70.4,20.05231369437));
#354 = CARTESIAN_POINT('',(304.22052786923,-70.4,19.986870155773));
#355 = CARTESIAN_POINT('',(304.64165926294,-70.4,19.922237282626));
#356 = CARTESIAN_POINT('',(305.06292215472,-70.4,19.858470779483));
#357 = CARTESIAN_POINT('',(305.64376650124,-70.4,19.771813679369));
#358 = CARTESIAN_POINT('',(305.80323323525,-70.4,19.748154335381));
#359 = CARTESIAN_POINT('',(305.96271928197,-70.4,19.724625219469));
#360 = CARTESIAN_POINT('',(306.12222470335,-70.4,19.701227646267));
#361 = CARTESIAN_POINT('',(306.28174955382,-70.4,19.677962900004));
#362 = CARTESIAN_POINT('',(306.44129388027,-70.4,19.654832234495));
#363 = CARTESIAN_POINT('',(306.60085772204,-70.4,19.631836873148));
#364 = CARTESIAN_POINT('',(307.03401263262,-70.4,19.569791384943));
#365 = CARTESIAN_POINT('',(307.30764151526,-70.4,19.531005378211));
#366 = CARTESIAN_POINT('',(307.58132873107,-70.4,19.492631354098));
#367 = CARTESIAN_POINT('',(307.85507261376,-70.4,19.454663006529));
#368 = CARTESIAN_POINT('',(308.12887263804,-70.4,19.417101736372));
#369 = CARTESIAN_POINT('',(308.40272861357,-70.4,19.379951214588));
#370 = CARTESIAN_POINT('',(308.67663931914,-70.4,19.343208219321));
#371 = CARTESIAN_POINT('',(309.15607857185,-70.4,19.279628297885));
#372 = CARTESIAN_POINT('',(309.36158329152,-70.4,19.252611898613));
#373 = CARTESIAN_POINT('',(309.56711785449,-70.4,19.225822282504));
#374 = CARTESIAN_POINT('',(309.77268432036,-70.4,19.199279319602));
#375 = CARTESIAN_POINT('',(309.97827848552,-70.4,19.172949976836));
#376 = CARTESIAN_POINT('',(310.18390365759,-70.4,19.146865123551));
#377 = CARTESIAN_POINT('',(310.38955938071,-70.4,19.121022852075));
#378 = CARTESIAN_POINT('',(310.75522475512,-70.4,19.075524849692));
#379 = CARTESIAN_POINT('',(310.91522213182,-70.4,19.055770461089));
#380 = CARTESIAN_POINT('',(311.07523848759,-70.4,19.036169947324));
#381 = CARTESIAN_POINT('',(311.23527399399,-70.4,19.016726074401));
#382 = CARTESIAN_POINT('',(311.39532879177,-70.4,18.997441486773));
#383 = CARTESIAN_POINT('',(311.55540299079,-70.4,18.978318707341));
#384 = CARTESIAN_POINT('',(311.71549667007,-70.4,18.959360137459));
#385 = CARTESIAN_POINT('',(312.1157797258,-70.4,18.912379931848));
#386 = CARTESIAN_POINT('',(312.35599354749,-70.4,18.884566608406));
#387 = CARTESIAN_POINT('',(312.59625184977,-70.4,18.857138435787));
#388 = CARTESIAN_POINT('',(312.83655344691,-70.4,18.830088154575));
#389 = CARTESIAN_POINT('',(313.07690268909,-70.4,18.803467867893));
#390 = CARTESIAN_POINT('',(313.3172975633,-70.4,18.77726234191));
#391 = CARTESIAN_POINT('',(313.5577399588,-70.4,18.75149688219));
#392 = CARTESIAN_POINT('',(313.9242025452,-70.4,18.712940508731));
#393 = CARTESIAN_POINT('',(314.05018739664,-70.4,18.699813648934));
#394 = CARTESIAN_POINT('',(314.17618575356,-70.4,18.686816774423));
#395 = CARTESIAN_POINT('',(314.30219778545,-70.4,18.673952964181));
#396 = CARTESIAN_POINT('',(314.42822364598,-70.4,18.661225286281));
#397 = CARTESIAN_POINT('',(314.55426347304,-70.4,18.64863679788));
#398 = CARTESIAN_POINT('',(314.68031738869,-70.4,18.636190545228));
#399 = CARTESIAN_POINT('',(314.93245366077,-70.4,18.611588577105));
#400 = CARTESIAN_POINT('',(315.05853604872,-70.4,18.599433791644));
#401 = CARTESIAN_POINT('',(315.18463235235,-70.4,18.587422840979));
#402 = CARTESIAN_POINT('',(315.31074366486,-70.4,18.575571174327));
#403 = CARTESIAN_POINT('',(315.43686918033,-70.4,18.563870479231));
#404 = CARTESIAN_POINT('',(315.5630084484,-70.4,18.552317307771));
#405 = CARTESIAN_POINT('',(315.68916338523,-70.4,18.540938354099));
#406 = CARTESIAN_POINT('',(315.94150513622,-70.4,18.51853930457));
#407 = CARTESIAN_POINT('',(316.06769195746,-70.4,18.507520309939));
#408 = CARTESIAN_POINT('',(316.1938951944,-70.4,18.496691226637));
#409 = CARTESIAN_POINT('',(316.32011582513,-70.4,18.486064899196));
#410 = CARTESIAN_POINT('',(316.44635454865,-70.4,18.475652748617));
#411 = CARTESIAN_POINT('',(316.57261152084,-70.4,18.465463100664));
#412 = CARTESIAN_POINT('',(316.69888659259,-70.4,18.455502731208));
#413 = CARTESIAN_POINT('',(316.92851111227,-70.4,18.437827995234));
#414 = CARTESIAN_POINT('',(317.03185456252,-70.4,18.430035869427));
#415 = CARTESIAN_POINT('',(317.13521026801,-70.4,18.42240540635));
#416 = CARTESIAN_POINT('',(317.23857837514,-70.4,18.41494276947));
#417 = CARTESIAN_POINT('',(317.34195920625,-70.4,18.407658065895));
#418 = CARTESIAN_POINT('',(317.44535315609,-70.4,18.400563281741));
#419 = CARTESIAN_POINT('',(317.5487605884,-70.4,18.393670217484));
#420 = CARTESIAN_POINT('',(317.80156790502,-70.4,18.377336937981));
#421 = CARTESIAN_POINT('',(317.95098267687,-70.4,18.368129134625));
#422 = CARTESIAN_POINT('',(318.10042669344,-70.4,18.359378344428));
#423 = CARTESIAN_POINT('',(318.24990132793,-70.4,18.351170488405));
#424 = CARTESIAN_POINT('',(318.39940478789,-70.4,18.343523519789));
#425 = CARTESIAN_POINT('',(318.54894210584,-70.4,18.336512546326));
#426 = CARTESIAN_POINT('',(318.69850693007,-70.4,18.330167277669));
#427 = CARTESIAN_POINT('',(318.92864860157,-70.4,18.321508651977));
#428 = CARTESIAN_POINT('',(319.00920597972,-70.4,18.318686393165));
#429 = CARTESIAN_POINT('',(319.08977083204,-70.4,18.31607893301));
#430 = CARTESIAN_POINT('',(319.17034274952,-70.4,18.313693766022));
#431 = CARTESIAN_POINT('',(319.25092123755,-70.4,18.311539342581));
#432 = CARTESIAN_POINT('',(319.33150571593,-70.4,18.309625068932));
#433 = CARTESIAN_POINT('',(319.41209551883,-70.4,18.30796130719));
#434 = CARTESIAN_POINT('',(319.57328377345,-70.4,18.305157452131));
#435 = CARTESIAN_POINT('',(319.65388301238,-70.4,18.30400227941));
#436 = CARTESIAN_POINT('',(319.73448587428,-70.4,18.303148627083));
#437 = CARTESIAN_POINT('',(319.81509093612,-70.4,18.302612447456));
#438 = CARTESIAN_POINT('',(319.89569708918,-70.4,18.302370875227));
#439 = CARTESIAN_POINT('',(319.97630353909,-70.4,18.302362227485));
#440 = CARTESIAN_POINT('',(320.05690980577,-70.4,18.302486003716));
#441 = CARTESIAN_POINT('',(320.13751572349,-70.4,18.302602885795));
#442 = PCURVE('',#31,#443);
#443 = DEFINITIONAL_REPRESENTATION('',(#444),#552);
#444 = B_SPLINE_CURVE_WITH_KNOTS('',8,(#445,#446,#447,#448,#449,#450,
    #451,#452,#453,#454,#455,#456,#457,#458,#459,#460,#461,#462,#463,
    #464,#465,#466,#467,#468,#469,#470,#471,#472,#473,#474,#475,#476,
    #477,#478,#479,#480,#481,#482,#483,#484,#485,#486,#487,#488,#489,
    #490,#491,#492,#493,#494,#495,#496,#497,#498,#499,#500,#501,#502,
    #503,#504,#505,#506,#507,#508,#509,#510,#511,#512,#513,#514,#515,
    #516,#517,#518,#519,#520,#521,#522,#523,#524,#525,#526,#527,#528,
    #529,#530,#531,#532,#533,#534,#535,#536,#537,#538,#539,#540,#541,
    #542,#543,#544,#545,#546,#547,#548,#549,#550,#551),.UNSPECIFIED.,.F.
  ,.F.,(9,7,7,7,7,7,7,7,7,7,7,7,7,7,7,9),(0.,0.100540665095,
    0.201831056974,0.351740893485,0.408463545681,0.505702377248,
    0.578631503063,0.635354155695,0.720438147577,0.765005962124,
    0.809573794735,0.854141642185,0.890606262746,0.943277408008,
    0.971638791516,1.),.UNSPECIFIED.);
#445 = CARTESIAN_POINT('',(25.213746853955,0.327441860465));
#446 = CARTESIAN_POINT('',(24.896870697096,0.327441860465));
#447 = CARTESIAN_POINT('',(24.579994265564,0.327441860465));
#448 = CARTESIAN_POINT('',(24.263118549591,0.327441860465));
#449 = CARTESIAN_POINT('',(23.946242247422,0.327441860465));
#450 = CARTESIAN_POINT('',(23.629365834964,0.327441860465));
#451 = CARTESIAN_POINT('',(23.312490019816,0.327441860465));
#452 = CARTESIAN_POINT('',(22.995613849312,0.327441860465));
#453 = CARTESIAN_POINT('',(22.359498705762,0.327441860465));
#454 = CARTESIAN_POINT('',(22.040259660088,0.327441860465));
#455 = CARTESIAN_POINT('',(21.721020632678,0.327441860465));
#456 = CARTESIAN_POINT('',(21.401781638162,0.327441860465));
#457 = CARTESIAN_POINT('',(21.082542678392,0.327441860465));
#458 = CARTESIAN_POINT('',(20.763303742439,0.327441860465));
#459 = CARTESIAN_POINT('',(20.444064806596,0.327441860465));
#460 = CARTESIAN_POINT('',(19.652351977316,0.327441860465));
#461 = CARTESIAN_POINT('',(19.179878123917,0.327441860465));
#462 = CARTESIAN_POINT('',(18.707404981121,0.327441860465));
#463 = CARTESIAN_POINT('',(18.234930502551,0.327441860465));
#464 = CARTESIAN_POINT('',(17.76245722237,0.327441860465));
#465 = CARTESIAN_POINT('',(17.289983593595,0.327441860465));
#466 = CARTESIAN_POINT('',(16.81750986114,0.327441860465));
#467 = CARTESIAN_POINT('',(16.166262361183,0.327441860465));
#468 = CARTESIAN_POINT('',(15.987488526238,0.327441860465));
#469 = CARTESIAN_POINT('',(15.808714698725,0.327441860465));
#470 = CARTESIAN_POINT('',(15.629940873228,0.327441860465));
#471 = CARTESIAN_POINT('',(15.451167046024,0.327441860465));
#472 = CARTESIAN_POINT('',(15.272393215074,0.327441860465));
#473 = CARTESIAN_POINT('',(15.093619380029,0.327441860465));
#474 = CARTESIAN_POINT('',(14.608376108419,0.327441860465));
#475 = CARTESIAN_POINT('',(14.30190667689,0.327441860465));
#476 = CARTESIAN_POINT('',(13.99543727847,0.327441860465));
#477 = CARTESIAN_POINT('',(13.688967866836,0.327441860465));
#478 = CARTESIAN_POINT('',(13.382498436939,0.327441860465));
#479 = CARTESIAN_POINT('',(13.076029002985,0.327441860465));
#480 = CARTESIAN_POINT('',(12.769559554708,0.327441860465));
#481 = CARTESIAN_POINT('',(12.233238020825,0.327441860465));
#482 = CARTESIAN_POINT('',(12.003385945708,0.327441860465));
#483 = CARTESIAN_POINT('',(11.773533884564,0.327441860465));
#484 = CARTESIAN_POINT('',(11.543681771457,0.327441860465));
#485 = CARTESIAN_POINT('',(11.313829722075,0.327441860465));
#486 = CARTESIAN_POINT('',(11.083977692454,0.327441860465));
#487 = CARTESIAN_POINT('',(10.854125622191,0.327441860465));
#488 = CARTESIAN_POINT('',(10.445499695295,0.327441860465));
#489 = CARTESIAN_POINT('',(10.266725845503,0.327441860465));
#490 = CARTESIAN_POINT('',(10.087951998051,0.327441860465));
#491 = CARTESIAN_POINT('',(9.909178159224,0.327441860465));
#492 = CARTESIAN_POINT('',(9.730404331096,0.327441860465));
#493 = CARTESIAN_POINT('',(9.551630511533,0.327441860465));
#494 = CARTESIAN_POINT('',(9.372856694185,0.327441860465));
#495 = CARTESIAN_POINT('',(8.925922089203,0.327441860465));
#496 = CARTESIAN_POINT('',(8.657761332305,0.327441860465));
#497 = CARTESIAN_POINT('',(8.38960048242,0.327441860465));
#498 = CARTESIAN_POINT('',(8.121439970461,0.327441860465));
#499 = CARTESIAN_POINT('',(7.853279016628,0.327441860465));
#500 = CARTESIAN_POINT('',(7.585118216689,0.327441860465));
#501 = CARTESIAN_POINT('',(7.316957571047,0.327441860465));
#502 = CARTESIAN_POINT('',(6.90833170532,0.327441860465));
#503 = CARTESIAN_POINT('',(6.767866549293,0.327441860465));
#504 = CARTESIAN_POINT('',(6.627401396578,0.327441860465));
#505 = CARTESIAN_POINT('',(6.486936245775,0.327441860465));
#506 = CARTESIAN_POINT('',(6.346471095277,0.327441860465));
#507 = CARTESIAN_POINT('',(6.206005943263,0.327441860465));
#508 = CARTESIAN_POINT('',(6.065540787706,0.327441860465));
#509 = CARTESIAN_POINT('',(5.784610408094,0.327441860465));
#510 = CARTESIAN_POINT('',(5.644145207875,0.327441860465));
#511 = CARTESIAN_POINT('',(5.503680065872,0.327441860465));
#512 = CARTESIAN_POINT('',(5.363214832306,0.327441860465));
#513 = CARTESIAN_POINT('',(5.222749640288,0.327441860465));
#514 = CARTESIAN_POINT('',(5.082284601801,0.327441860465));
#515 = CARTESIAN_POINT('',(4.941819516986,0.327441860465));
#516 = CARTESIAN_POINT('',(4.660889210012,0.327441860465));
#517 = CARTESIAN_POINT('',(4.520424117062,0.327441860465));
#518 = CARTESIAN_POINT('',(4.379958922077,0.327441860465));
#519 = CARTESIAN_POINT('',(4.239493729594,0.327441860465));
#520 = CARTESIAN_POINT('',(4.099028611081,0.327441860465));
#521 = CARTESIAN_POINT('',(3.958563496525,0.327441860465));
#522 = CARTESIAN_POINT('',(3.818098281168,0.327441860465));
#523 = CARTESIAN_POINT('',(3.562707071809,0.327441860465));
#524 = CARTESIAN_POINT('',(3.447780979288,0.327441860465));
#525 = CARTESIAN_POINT('',(3.332854942462,0.327441860465));
#526 = CARTESIAN_POINT('',(3.217928960295,0.327441860465));
#527 = CARTESIAN_POINT('',(3.103002991685,0.327441860465));
#528 = CARTESIAN_POINT('',(2.988076989051,0.327441860465));
#529 = CARTESIAN_POINT('',(2.873150931926,0.327441860465));
#530 = CARTESIAN_POINT('',(2.592220451164,0.327441860465));
#531 = CARTESIAN_POINT('',(2.426215916372,0.327441860465));
#532 = CARTESIAN_POINT('',(2.260212341453,0.327441860465));
#533 = CARTESIAN_POINT('',(2.094207927636,0.327441860465));
#534 = CARTESIAN_POINT('',(1.928202467788,0.327441860465));
#535 = CARTESIAN_POINT('',(1.762199413642,0.327441860465));
#536 = CARTESIAN_POINT('',(1.596195022063,0.327441860465));
#537 = CARTESIAN_POINT('',(1.340803716359,0.327441860465));
#538 = CARTESIAN_POINT('',(1.25141681344,0.327441860465));
#539 = CARTESIAN_POINT('',(1.162029923995,0.327441860465));
#540 = CARTESIAN_POINT('',(1.07264302526,0.327441860465));
#541 = CARTESIAN_POINT('',(0.983256107387,0.327441860465));
#542 = CARTESIAN_POINT('',(0.893869173446,0.327441860465));
#543 = CARTESIAN_POINT('',(0.804482239422,0.327441860465));
#544 = CARTESIAN_POINT('',(0.625708980642,0.327441860465));
#545 = CARTESIAN_POINT('',(0.536322061119,0.327441860465));
#546 = CARTESIAN_POINT('',(0.44693491807,0.327441860465));
#547 = CARTESIAN_POINT('',(0.35754778199,0.327441860465));
#548 = CARTESIAN_POINT('',(0.268160771454,0.327441860465));
#549 = CARTESIAN_POINT('',(0.178773893112,0.327441860465));
#550 = CARTESIAN_POINT('',(8.938704169305E-02,0.327441860465));
#551 = CARTESIAN_POINT('',(0.,0.327441860465));
#552 = ( GEOMETRIC_REPRESENTATION_CONTEXT(2) 
PARAMETRIC_REPRESENTATION_CONTEXT() REPRESENTATION_CONTEXT('2D SPACE',''
  ) );
#553 = PCURVE('',#554,#559);
#554 = PLANE('',#555);
#555 = AXIS2_PLACEMENT_3D('',#556,#557,#558);
#556 = CARTESIAN_POINT('',(380.,-70.4,-40.));
#557 = DIRECTION('',(-0.,1.,-0.));
#558 = DIRECTION('',(1.,0.,0.));
#559 = DEFINITIONAL_REPRESENTATION('',(#560),#668);
#560 = B_SPLINE_CURVE_WITH_KNOTS('',8,(#561,#562,#563,#564,#565,#566,
    #567,#568,#569,#570,#571,#572,#573,#574,#575,#576,#577,#578,#579,
    #580,#581,#582,#583,#584,#585,#586,#587,#588,#589,#590,#591,#592,
    #593,#594,#595,#596,#597,#598,#599,#600,#601,#602,#603,#604,#605,
    #606,#607,#608,#609,#610,#611,#612,#613,#614,#615,#616,#617,#618,
    #619,#620,#621,#622,#623,#624,#625,#626,#627,#628,#629,#630,#631,
    #632,#633,#634,#635,#636,#637,#638,#639,#640,#641,#642,#643,#644,
    #645,#646,#647,#648,#649,#650,#651,#652,#653,#654,#655,#656,#657,
    #658,#659,#660,#661,#662,#663,#664,#665,#666,#667),.UNSPECIFIED.,.F.
  ,.F.,(9,7,7,7,7,7,7,7,7,7,7,7,7,7,7,9),(0.,0.100540665095,
    0.201831056974,0.351740893485,0.408463545681,0.505702377248,
    0.578631503063,0.635354155695,0.720438147577,0.765005962124,
    0.809573794735,0.854141642185,0.890606262746,0.943277408008,
    0.971638791516,1.),.UNSPECIFIED.);
#561 = CARTESIAN_POINT('',(-82.40864178751,-61.08335210623));
#562 = CARTESIAN_POINT('',(-82.12704299276,-61.0348349546));
#563 = CARTESIAN_POINT('',(-81.84542783077,-60.98641474722));
#564 = CARTESIAN_POINT('',(-81.56379372719,-60.93809995753));
#565 = CARTESIAN_POINT('',(-81.28213837831,-60.88991292594));
#566 = CARTESIAN_POINT('',(-81.0004604522,-60.84185859708));
#567 = CARTESIAN_POINT('',(-80.71875795511,-60.79394451682));
#568 = CARTESIAN_POINT('',(-80.43702717712,-60.74619963304));
#569 = CARTESIAN_POINT('',(-79.87140199918,-60.65072460161));
#570 = CARTESIAN_POINT('',(-79.58750718874,-60.60299756779));
#571 = CARTESIAN_POINT('',(-79.30357758254,-60.55547740533));
#572 = CARTESIAN_POINT('',(-79.01961015264,-60.50818315184));
#573 = CARTESIAN_POINT('',(-78.73560196033,-60.46113382002));
#574 = CARTESIAN_POINT('',(-78.45155015608,-60.41434839771));
#575 = CARTESIAN_POINT('',(-78.16745197962,-60.36784584783));
#576 = CARTESIAN_POINT('',(-77.46276671597,-60.25326798833));
#577 = CARTESIAN_POINT('',(-77.04212150767,-60.1855506404));
#578 = CARTESIAN_POINT('',(-76.62135643085,-60.11857329259));
#579 = CARTESIAN_POINT('',(-76.20047896679,-60.05231369437));
#580 = CARTESIAN_POINT('',(-75.77947213076,-59.98687015577));
#581 = CARTESIAN_POINT('',(-75.35834073705,-59.92223728262));
#582 = CARTESIAN_POINT('',(-74.93707784527,-59.85847077948));
#583 = CARTESIAN_POINT('',(-74.35623349875,-59.77181367936));
#584 = CARTESIAN_POINT('',(-74.19676676474,-59.74815433538));
#585 = CARTESIAN_POINT('',(-74.03728071802,-59.72462521946));
#586 = CARTESIAN_POINT('',(-73.87777529664,-59.70122764626));
#587 = CARTESIAN_POINT('',(-73.71825044617,-59.6779629));
#588 = CARTESIAN_POINT('',(-73.55870611972,-59.65483223449));
#589 = CARTESIAN_POINT('',(-73.39914227795,-59.63183687314));
#590 = CARTESIAN_POINT('',(-72.96598736737,-59.56979138494));
#591 = CARTESIAN_POINT('',(-72.69235848473,-59.53100537821));
#592 = CARTESIAN_POINT('',(-72.41867126892,-59.49263135409));
#593 = CARTESIAN_POINT('',(-72.14492738623,-59.45466300652));
#594 = CARTESIAN_POINT('',(-71.87112736195,-59.41710173637));
#595 = CARTESIAN_POINT('',(-71.59727138642,-59.37995121458));
#596 = CARTESIAN_POINT('',(-71.32336068085,-59.34320821932));
#597 = CARTESIAN_POINT('',(-70.84392142814,-59.27962829788));
#598 = CARTESIAN_POINT('',(-70.63841670847,-59.25261189861));
#599 = CARTESIAN_POINT('',(-70.4328821455,-59.2258222825));
#600 = CARTESIAN_POINT('',(-70.22731567963,-59.1992793196));
#601 = CARTESIAN_POINT('',(-70.02172151447,-59.17294997683));
#602 = CARTESIAN_POINT('',(-69.8160963424,-59.14686512355));
#603 = CARTESIAN_POINT('',(-69.61044061928,-59.12102285207));
#604 = CARTESIAN_POINT('',(-69.24477524487,-59.07552484969));
#605 = CARTESIAN_POINT('',(-69.08477786817,-59.05577046108));
#606 = CARTESIAN_POINT('',(-68.92476151241,-59.03616994732));
#607 = CARTESIAN_POINT('',(-68.764726006,-59.0167260744));
#608 = CARTESIAN_POINT('',(-68.60467120822,-58.99744148677));
#609 = CARTESIAN_POINT('',(-68.4445970092,-58.97831870734));
#610 = CARTESIAN_POINT('',(-68.28450332993,-58.95936013745));
#611 = CARTESIAN_POINT('',(-67.88422027419,-58.91237993184));
#612 = CARTESIAN_POINT('',(-67.6440064525,-58.8845666084));
#613 = CARTESIAN_POINT('',(-67.40374815022,-58.85713843578));
#614 = CARTESIAN_POINT('',(-67.16344655308,-58.83008815457));
#615 = CARTESIAN_POINT('',(-66.9230973109,-58.80346786789));
#616 = CARTESIAN_POINT('',(-66.68270243669,-58.77726234191));
#617 = CARTESIAN_POINT('',(-66.44226004119,-58.75149688219));
#618 = CARTESIAN_POINT('',(-66.07579745479,-58.71294050873));
#619 = CARTESIAN_POINT('',(-65.94981260335,-58.69981364893));
#620 = CARTESIAN_POINT('',(-65.82381424643,-58.68681677442));
#621 = CARTESIAN_POINT('',(-65.69780221454,-58.67395296418));
#622 = CARTESIAN_POINT('',(-65.57177635401,-58.66122528628));
#623 = CARTESIAN_POINT('',(-65.44573652695,-58.64863679788));
#624 = CARTESIAN_POINT('',(-65.3196826113,-58.63619054522));
#625 = CARTESIAN_POINT('',(-65.06754633922,-58.6115885771));
#626 = CARTESIAN_POINT('',(-64.94146395128,-58.59943379164));
#627 = CARTESIAN_POINT('',(-64.81536764764,-58.58742284097));
#628 = CARTESIAN_POINT('',(-64.68925633513,-58.57557117432));
#629 = CARTESIAN_POINT('',(-64.56313081966,-58.56387047923));
#630 = CARTESIAN_POINT('',(-64.43699155159,-58.55231730777));
#631 = CARTESIAN_POINT('',(-64.31083661477,-58.54093835409));
#632 = CARTESIAN_POINT('',(-64.05849486377,-58.51853930457));
#633 = CARTESIAN_POINT('',(-63.93230804253,-58.50752030993));
#634 = CARTESIAN_POINT('',(-63.80610480559,-58.49669122663));
#635 = CARTESIAN_POINT('',(-63.67988417486,-58.48606489919));
#636 = CARTESIAN_POINT('',(-63.55364545134,-58.47565274861));
#637 = CARTESIAN_POINT('',(-63.42738847915,-58.46546310066));
#638 = CARTESIAN_POINT('',(-63.3011134074,-58.4555027312));
#639 = CARTESIAN_POINT('',(-63.07148888772,-58.43782799523));
#640 = CARTESIAN_POINT('',(-62.96814543747,-58.43003586942));
#641 = CARTESIAN_POINT('',(-62.86478973199,-58.42240540635));
#642 = CARTESIAN_POINT('',(-62.76142162485,-58.41494276947));
#643 = CARTESIAN_POINT('',(-62.65804079374,-58.40765806589));
#644 = CARTESIAN_POINT('',(-62.5546468439,-58.40056328174));
#645 = CARTESIAN_POINT('',(-62.45123941159,-58.39367021748));
#646 = CARTESIAN_POINT('',(-62.19843209497,-58.37733693798));
#647 = CARTESIAN_POINT('',(-62.04901732312,-58.36812913462));
#648 = CARTESIAN_POINT('',(-61.89957330655,-58.35937834442));
#649 = CARTESIAN_POINT('',(-61.75009867206,-58.3511704884));
#650 = CARTESIAN_POINT('',(-61.6005952121,-58.34352351978));
#651 = CARTESIAN_POINT('',(-61.45105789415,-58.33651254632));
#652 = CARTESIAN_POINT('',(-61.30149306992,-58.33016727766));
#653 = CARTESIAN_POINT('',(-61.07135139842,-58.32150865197));
#654 = CARTESIAN_POINT('',(-60.99079402027,-58.31868639316));
#655 = CARTESIAN_POINT('',(-60.91022916795,-58.31607893301));
#656 = CARTESIAN_POINT('',(-60.82965725047,-58.31369376602));
#657 = CARTESIAN_POINT('',(-60.74907876244,-58.31153934258));
#658 = CARTESIAN_POINT('',(-60.66849428406,-58.30962506893));
#659 = CARTESIAN_POINT('',(-60.58790448116,-58.30796130719));
#660 = CARTESIAN_POINT('',(-60.42671622654,-58.30515745213));
#661 = CARTESIAN_POINT('',(-60.34611698761,-58.30400227941));
#662 = CARTESIAN_POINT('',(-60.26551412571,-58.30314862708));
#663 = CARTESIAN_POINT('',(-60.18490906388,-58.30261244745));
#664 = CARTESIAN_POINT('',(-60.10430291081,-58.30237087522));
#665 = CARTESIAN_POINT('',(-60.0236964609,-58.30236222748));
#666 = CARTESIAN_POINT('',(-59.94309019422,-58.30248600371));
#667 = CARTESIAN_POINT('',(-59.8624842765,-58.30260288579));
#668 = ( GEOMETRIC_REPRESENTATION_CONTEXT(2) 
PARAMETRIC_REPRESENTATION_CONTEXT() REPRESENTATION_CONTEXT('2D SPACE',''
  ) );
#669 = ORIENTED_EDGE('',*,*,#670,.T.);
#670 = EDGE_CURVE('',#331,#671,#673,.T.);
#671 = VERTEX_POINT('',#672);
#672 = CARTESIAN_POINT('',(298.03185474496,-70.44049459342,
    21.006858362353));
#673 = SURFACE_CURVE('',#674,(#701,#731),.PCURVE_S1.);
#674 = B_SPLINE_CURVE_WITH_KNOTS('',4,(#675,#676,#677,#678,#679,#680,
    #681,#682,#683,#684,#685,#686,#687,#688,#689,#690,#691,#692,#693,
    #694,#695,#696,#697,#698,#699,#700),.UNSPECIFIED.,.F.,.F.,(5,3,3,3,3
    ,3,3,3,5),(0.,0.201300337591,0.389149916128,0.497958015695,
    0.598197463334,0.69884155493,0.799095234443,0.89973932821,1.),
  .UNSPECIFIED.);
#675 = CARTESIAN_POINT('',(298.0361423368,-70.399871,21.00683547403));
#676 = CARTESIAN_POINT('',(297.39557115102,-76.46908289973,
    21.010255016522));
#677 = CARTESIAN_POINT('',(296.75499989034,-82.53829477673,
    21.013674367685));
#678 = CARTESIAN_POINT('',(296.11442855061,-88.60750662919,
    21.017093516758));
#679 = CARTESIAN_POINT('',(294.87608827379,-100.3403894509,
    21.02370293463));
#680 = CARTESIAN_POINT('',(294.27831934754,-106.0040604236,
    21.026893231139));
#681 = CARTESIAN_POINT('',(293.6805503443,-111.6677313712,
    21.030083330525));
#682 = CARTESIAN_POINT('',(292.73653551014,-120.6119700425,
    21.035120900987));
#683 = CARTESIAN_POINT('',(292.39028973339,-123.8925377845,
    21.036968510909));
#684 = CARTESIAN_POINT('',(292.0440439284,-127.1731055168,
    21.038816048418));
#685 = CARTESIAN_POINT('',(291.37881916428,-133.4758958283,
    21.042365485657));
#686 = CARTESIAN_POINT('',(291.05984020957,-136.4981184091,
    21.044067396723));
#687 = CARTESIAN_POINT('',(290.74086122932,-139.5203409809,
    21.045769242226));
#688 = CARTESIAN_POINT('',(290.10161557006,-145.576986134,
    21.049179667515));
#689 = CARTESIAN_POINT('',(289.78134889084,-148.6114087152,
    21.050888246754));
#690 = CARTESIAN_POINT('',(289.46108218421,-151.6458312866,
    21.052596755574));
#691 = CARTESIAN_POINT('',(288.82179107245,-157.7029054718,
    21.056007000405));
#692 = CARTESIAN_POINT('',(288.50276666755,-160.7255570856,
    21.057708736977));
#693 = CARTESIAN_POINT('',(288.18374223366,-163.7482086887,
    21.059410399003));
#694 = CARTESIAN_POINT('',(287.54445094064,-169.8052828743,
    21.06282019529));
#695 = CARTESIAN_POINT('',(287.22418408128,-172.8397054566,
    21.06452832895));
#696 = CARTESIAN_POINT('',(286.90391719075,-175.874128027,21.06623638234
    ));
#697 = CARTESIAN_POINT('',(286.2646034603,-181.931412958,21.069645816131
    ));
#698 = CARTESIAN_POINT('',(285.94555662063,-184.9542753187,
    21.071347197162));
#699 = CARTESIAN_POINT('',(285.62650974791,-187.9771376662,
    21.073048492956));
#700 = CARTESIAN_POINT('',(285.30746284099,-191.,21.074749700466));
#701 = PCURVE('',#31,#702);
#702 = DEFINITIONAL_REPRESENTATION('',(#703),#730);
#703 = B_SPLINE_CURVE_WITH_KNOTS('',4,(#704,#705,#706,#707,#708,#709,
    #710,#711,#712,#713,#714,#715,#716,#717,#718,#719,#720,#721,#722,
    #723,#724,#725,#726,#727,#728,#729),.UNSPECIFIED.,.F.,.F.,(5,3,3,3,3
    ,3,3,3,5),(0.,0.201300337591,0.389149916128,0.497958015695,
    0.598197463334,0.69884155493,0.799095234443,0.89973932821,1.),
  .UNSPECIFIED.);
#704 = CARTESIAN_POINT('',(24.713278833221,0.327441260465));
#705 = CARTESIAN_POINT('',(24.715146409685,0.355670153022));
#706 = CARTESIAN_POINT('',(24.717060808189,0.383899045473));
#707 = CARTESIAN_POINT('',(24.719024660917,0.41212793781));
#708 = CARTESIAN_POINT('',(24.722922680356,0.466699485818));
#709 = CARTESIAN_POINT('',(24.724850066124,0.493042141505));
#710 = CARTESIAN_POINT('',(24.726825688291,0.519384797076));
#711 = CARTESIAN_POINT('',(24.730026397277,0.560985907175));
#712 = CARTESIAN_POINT('',(24.731217508881,0.576244361788));
#713 = CARTESIAN_POINT('',(24.732426339422,0.591502816357));
#714 = CARTESIAN_POINT('',(24.734784030431,0.620818120132));
#715 = CARTESIAN_POINT('',(24.735930117115,0.634874969345));
#716 = CARTESIAN_POINT('',(24.737092246128,0.648931818516));
#717 = CARTESIAN_POINT('',(24.739454393671,0.677102261089));
#718 = CARTESIAN_POINT('',(24.74065454645,0.69121585449));
#719 = CARTESIAN_POINT('',(24.741871928857,0.705329447845));
#720 = CARTESIAN_POINT('',(24.74433751552,0.733501885915));
#721 = CARTESIAN_POINT('',(24.745585582163,0.747560730631));
#722 = CARTESIAN_POINT('',(24.746851888143,0.761619575297));
#723 = CARTESIAN_POINT('',(24.749427228015,0.789792013369));
#724 = CARTESIAN_POINT('',(24.750736409402,0.803905606775));
#725 = CARTESIAN_POINT('',(24.752065229308,0.818019200126));
#726 = CARTESIAN_POINT('',(24.754758383049,0.846192618409));
#727 = CARTESIAN_POINT('',(24.756122562649,0.860252443343));
#728 = CARTESIAN_POINT('',(24.75750759534,0.874312268215));
#729 = CARTESIAN_POINT('',(24.758914226509,0.888372093023));
#730 = ( GEOMETRIC_REPRESENTATION_CONTEXT(2) 
PARAMETRIC_REPRESENTATION_CONTEXT() REPRESENTATION_CONTEXT('2D SPACE',''
  ) );
#731 = PCURVE('',#732,#737);
#732 = B_SPLINE_SURFACE_WITH_KNOTS('',1,1,(
    (#733,#734)
    ,(#735,#736
    )),.UNSPECIFIED.,.F.,.F.,.F.,(2,2),(2,2),(0.,6.471208456066),(0.,1.)
  ,.PIECEWISE_BEZIER_KNOTS.);
#733 = CARTESIAN_POINT('',(299.83837752167,-69.,25.101044965951));
#734 = CARTESIAN_POINT('',(287.07871324182,-191.,25.45874828168));
#735 = CARTESIAN_POINT('',(297.41422016666,-69.,19.101044965951));
#736 = CARTESIAN_POINT('',(284.65455588681,-191.,19.45874828168));
#737 = DEFINITIONAL_REPRESENTATION('',(#738),#765);
#738 = B_SPLINE_CURVE_WITH_KNOTS('',4,(#739,#740,#741,#742,#743,#744,
    #745,#746,#747,#748,#749,#750,#751,#752,#753,#754,#755,#756,#757,
    #758,#759,#760,#761,#762,#763,#764),.UNSPECIFIED.,.F.,.F.,(5,3,3,3,3
    ,3,3,3,5),(0.,0.201300337591,0.389149916128,0.497958015695,
    0.598197463334,0.69884155493,0.799095234443,0.89973932821,1.),
  .UNSPECIFIED.);
#739 = CARTESIAN_POINT('',(4.420173933862,1.147435250022E-02));
#740 = CARTESIAN_POINT('',(4.435678251212,6.122199090418E-02));
#741 = CARTESIAN_POINT('',(4.451182774927,0.110969629386));
#742 = CARTESIAN_POINT('',(4.466687516451,0.160717267427));
#743 = CARTESIAN_POINT('',(4.496661430065,0.256888438122));
#744 = CARTESIAN_POINT('',(4.511130572243,0.303311970686));
#745 = CARTESIAN_POINT('',(4.525599926946,0.349735503043));
#746 = CARTESIAN_POINT('',(4.548450720833,0.423048934775));
#747 = CARTESIAN_POINT('',(4.556832010325,0.449938834299));
#748 = CARTESIAN_POINT('',(4.565213377886,0.476828733745));
#749 = CARTESIAN_POINT('',(4.581316234434,0.528490949413));
#750 = CARTESIAN_POINT('',(4.589037711199,0.553263265649));
#751 = CARTESIAN_POINT('',(4.596759258648,0.578035581811));
#752 = CARTESIAN_POINT('',(4.612233669961,0.627680214213));
#753 = CARTESIAN_POINT('',(4.619986534418,0.652552530453));
#754 = CARTESIAN_POINT('',(4.627739474791,0.677424846612));
#755 = CARTESIAN_POINT('',(4.643215437446,0.727072995671));
#756 = CARTESIAN_POINT('',(4.650938459121,0.751848828571));
#757 = CARTESIAN_POINT('',(4.658661561164,0.776624661383));
#758 = CARTESIAN_POINT('',(4.67413800759,0.826272810445));
#759 = CARTESIAN_POINT('',(4.681891352622,0.851145126694));
#760 = CARTESIAN_POINT('',(4.689644784189,0.876017442845));
#761 = CARTESIAN_POINT('',(4.705122288011,0.925667319328));
#762 = CARTESIAN_POINT('',(4.712846359587,0.950444879662));
#763 = CARTESIAN_POINT('',(4.720570523051,0.975222439888));
#764 = CARTESIAN_POINT('',(4.728294781689,1.));
#765 = ( GEOMETRIC_REPRESENTATION_CONTEXT(2) 
PARAMETRIC_REPRESENTATION_CONTEXT() REPRESENTATION_CONTEXT('2D SPACE',''
  ) );
#766 = ORIENTED_EDGE('',*,*,#767,.T.);
#767 = EDGE_CURVE('',#671,#768,#770,.T.);
#768 = VERTEX_POINT('',#769);
#769 = CARTESIAN_POINT('',(298.6868286662,-70.50932915496,
    20.893442692966));
#770 = SURFACE_CURVE('',#771,(#780,#792),.PCURVE_S1.);
#771 = B_SPLINE_CURVE_WITH_KNOTS('',7,(#772,#773,#774,#775,#776,#777,
    #778,#779),.UNSPECIFIED.,.F.,.F.,(8,8),(0.,1.),
  .PIECEWISE_BEZIER_KNOTS.);
#772 = CARTESIAN_POINT('',(297.99201252407,-70.43630731462,
    21.013776526347));
#773 = CARTESIAN_POINT('',(298.23320472286,-70.46165579364,
    20.971889980355));
#774 = CARTESIAN_POINT('',(298.47439915998,-70.48700425229,
    20.930090223541));
#775 = CARTESIAN_POINT('',(298.71559691541,-70.51235278505,
    20.888383559674));
#776 = CARTESIAN_POINT('',(298.9568008063,-70.53770163555,
    20.846787380459));
#777 = CARTESIAN_POINT('',(299.19800986664,-70.56305072209,
    20.805295101422));
#778 = CARTESIAN_POINT('',(299.43922800422,-70.58840038152,
    20.763931219843));
#779 = CARTESIAN_POINT('',(299.68045678998,-70.61375074971,
    20.722705441428));
#780 = PCURVE('',#31,#781);
#781 = DEFINITIONAL_REPRESENTATION('',(#782),#791);
#782 = B_SPLINE_CURVE_WITH_KNOTS('',7,(#783,#784,#785,#786,#787,#788,
    #789,#790),.UNSPECIFIED.,.F.,.F.,(8,8),(0.,1.),
  .PIECEWISE_BEZIER_KNOTS.);
#783 = CARTESIAN_POINT('',(24.758619585588,0.327610731696));
#784 = CARTESIAN_POINT('',(24.48421731296,0.327728631598));
#785 = CARTESIAN_POINT('',(24.209803766777,0.327846531403));
#786 = CARTESIAN_POINT('',(23.935378962468,0.327964431568));
#787 = CARTESIAN_POINT('',(23.660942798271,0.328082333176));
#788 = CARTESIAN_POINT('',(23.386495461722,0.328200235926));
#789 = CARTESIAN_POINT('',(23.112036793831,0.328318141308));
#790 = CARTESIAN_POINT('',(22.837566799773,0.328436049997));
#791 = ( GEOMETRIC_REPRESENTATION_CONTEXT(2) 
PARAMETRIC_REPRESENTATION_CONTEXT() REPRESENTATION_CONTEXT('2D SPACE',''
  ) );
#792 = PCURVE('',#793,#798);
#793 = PLANE('',#794);
#794 = AXIS2_PLACEMENT_3D('',#795,#796,#797);
#795 = CARTESIAN_POINT('',(297.59135821248,-70.4,19.105149758099));
#796 = DIRECTION('',(-0.104019604147,-0.994570972053,2.916076511734E-03)
  );
#797 = DIRECTION('',(-0.994575200748,0.104020046415,0.));
#798 = DEFINITIONAL_REPRESENTATION('',(#799),#808);
#799 = B_SPLINE_CURVE_WITH_KNOTS('',7,(#800,#801,#802,#803,#804,#805,
    #806,#807),.UNSPECIFIED.,.F.,.F.,(8,8),(0.,1.),
  .PIECEWISE_BEZIER_KNOTS.);
#800 = CARTESIAN_POINT('',(-0.402257530932,-1.908634883305));
#801 = CARTESIAN_POINT('',(-0.644778060421,-1.866748159222));
#802 = CARTESIAN_POINT('',(-0.88730081399,-1.824948224684));
#803 = CARTESIAN_POINT('',(-1.129826875569,-1.78324138349));
#804 = CARTESIAN_POINT('',(-1.372359072375,-1.741645027417));
#805 = CARTESIAN_POINT('',(-1.614896435143,-1.700152571964));
#806 = CARTESIAN_POINT('',(-1.857442885505,-1.658788514515));
#807 = CARTESIAN_POINT('',(-2.1,-1.617562560817));
#808 = ( GEOMETRIC_REPRESENTATION_CONTEXT(2) 
PARAMETRIC_REPRESENTATION_CONTEXT() REPRESENTATION_CONTEXT('2D SPACE',''
  ) );
#809 = ORIENTED_EDGE('',*,*,#810,.T.);
#810 = EDGE_CURVE('',#768,#811,#813,.T.);
#811 = VERTEX_POINT('',#812);
#812 = CARTESIAN_POINT('',(297.45142334051,-82.96415011108,
    20.887023034012));
#813 = SURFACE_CURVE('',#814,(#823,#835),.PCURVE_S1.);
#814 = B_SPLINE_CURVE_WITH_KNOTS('',4,(#815,#816,#817,#818,#819,#820,
    #821,#822),.UNSPECIFIED.,.F.,.F.,(5,3,5),(0.,0.672920767582,1.),
  .UNSPECIFIED.);
#815 = CARTESIAN_POINT('',(298.68682872524,-70.50932855786,
    20.893442693308));
#816 = CARTESIAN_POINT('',(298.47966728957,-72.60467190294,
    20.892244408118));
#817 = CARTESIAN_POINT('',(298.2721757742,-74.69998277447,
    20.891104250713));
#818 = CARTESIAN_POINT('',(298.0643868251,-76.79526427583,
    20.890016536763));
#819 = CARTESIAN_POINT('',(297.75519320574,-79.90893602573,
    20.888471965898));
#820 = CARTESIAN_POINT('',(297.65399771099,-80.9273469865,
    20.887978186417));
#821 = CARTESIAN_POINT('',(297.55274027646,-81.94575180502,
    20.887495347012));
#822 = CARTESIAN_POINT('',(297.45142328111,-82.96415070815,
    20.887023033735));
#823 = PCURVE('',#31,#824);
#824 = DEFINITIONAL_REPRESENTATION('',(#825),#834);
#825 = B_SPLINE_CURVE_WITH_KNOTS('',4,(#826,#827,#828,#829,#830,#831,
    #832,#833),.UNSPECIFIED.,.F.,.F.,(5,3,5),(0.,0.672920767582,1.),
  .UNSPECIFIED.);
#826 = CARTESIAN_POINT('',(23.968106209278,0.327950365354));
#827 = CARTESIAN_POINT('',(23.950594929182,0.337696148355));
#828 = CARTESIAN_POINT('',(23.933307592196,0.347441780385));
#829 = CARTESIAN_POINT('',(23.916211751495,0.357187275702));
#830 = CARTESIAN_POINT('',(23.891054923723,0.371669469887));
#831 = CARTESIAN_POINT('',(23.882866113026,0.376406265103));
#832 = CARTESIAN_POINT('',(23.874714208984,0.381143031611));
#833 = CARTESIAN_POINT('',(23.866596513704,0.385879770696));
#834 = ( GEOMETRIC_REPRESENTATION_CONTEXT(2) 
PARAMETRIC_REPRESENTATION_CONTEXT() REPRESENTATION_CONTEXT('2D SPACE',''
  ) );
#835 = PCURVE('',#836,#841);
#836 = CYLINDRICAL_SURFACE('',#837,2.1);
#837 = AXIS2_PLACEMENT_3D('',#838,#839,#840);
#838 = CARTESIAN_POINT('',(297.59135821248,-70.4,19.105149758099));
#839 = DIRECTION('',(-0.104019604147,-0.994570972053,2.916076511734E-03)
  );
#840 = DIRECTION('',(0.994575200748,-0.104020046415,-0.));
#841 = DEFINITIONAL_REPRESENTATION('',(#842),#851);
#842 = B_SPLINE_CURVE_WITH_KNOTS('',4,(#843,#844,#845,#846,#847,#848,
    #849,#850),.UNSPECIFIED.,.F.,.F.,(5,3,5),(0.,0.672920767582,1.),
  .UNSPECIFIED.);
#843 = CARTESIAN_POINT('',(-5.264209235957,-6.E-07));
#844 = CARTESIAN_POINT('',(-5.270874830015,2.105512423744));
#845 = CARTESIAN_POINT('',(-5.277391422479,4.211027654498));
#846 = CARTESIAN_POINT('',(-5.283774506215,6.316544766405));
#847 = CARTESIAN_POINT('',(-5.293078321261,9.445469999167));
#848 = CARTESIAN_POINT('',(-5.29609250767,10.468876853773));
#849 = CARTESIAN_POINT('',(-5.299079094187,11.49228407433));
#850 = CARTESIAN_POINT('',(-5.302039205088,12.515691637802));
#851 = ( GEOMETRIC_REPRESENTATION_CONTEXT(2) 
PARAMETRIC_REPRESENTATION_CONTEXT() REPRESENTATION_CONTEXT('2D SPACE',''
  ) );
#852 = ORIENTED_EDGE('',*,*,#853,.F.);
#853 = EDGE_CURVE('',#854,#811,#856,.T.);
#854 = VERTEX_POINT('',#855);
#855 = CARTESIAN_POINT('',(296.7181863797,-82.88709083802,
    21.013870769551));
#856 = SURFACE_CURVE('',#857,(#866,#878),.PCURVE_S1.);
#857 = B_SPLINE_CURVE_WITH_KNOTS('',7,(#858,#859,#860,#861,#862,#863,
    #864,#865),.UNSPECIFIED.,.F.,.F.,(8,8),(0.,1.),
  .PIECEWISE_BEZIER_KNOTS.);
#858 = CARTESIAN_POINT('',(296.68247791915,-82.88333801329,
    21.020067661059));
#859 = CARTESIAN_POINT('',(296.9247627449,-82.90880125267,20.9780155834)
  );
#860 = CARTESIAN_POINT('',(297.16704963786,-82.93426444648,
    20.936052786449));
#861 = CARTESIAN_POINT('',(297.40933978577,-82.95972769849,
    20.894186249551));
#862 = CARTESIAN_POINT('',(297.65163605466,-82.98519125668,
    20.852433625368));
#863 = CARTESIAN_POINT('',(297.89393747675,-83.01065503914,
    20.810788331694));
#864 = CARTESIAN_POINT('',(298.13624829234,-83.0361194114,
    20.769276956359));
#865 = CARTESIAN_POINT('',(298.37857007046,-83.06158450906,
    20.727909214499));
#866 = PCURVE('',#31,#867);
#867 = DEFINITIONAL_REPRESENTATION('',(#868),#877);
#868 = B_SPLINE_CURVE_WITH_KNOTS('',7,(#869,#870,#871,#872,#873,#874,
    #875,#876),.UNSPECIFIED.,.F.,.F.,(8,8),(0.,1.),
  .PIECEWISE_BEZIER_KNOTS.);
#869 = CARTESIAN_POINT('',(24.758619585588,0.385503897736));
#870 = CARTESIAN_POINT('',(24.477565252775,0.385622331408));
#871 = CARTESIAN_POINT('',(24.196499348198,0.385740764864));
#872 = CARTESIAN_POINT('',(23.915421884262,0.385859198607));
#873 = CARTESIAN_POINT('',(23.634332761993,0.385977633739));
#874 = CARTESIAN_POINT('',(23.353232174821,0.386096069959));
#875 = CARTESIAN_POINT('',(23.072119947531,0.386214508889));
#876 = CARTESIAN_POINT('',(22.790996092647,0.386332951203));
#877 = ( GEOMETRIC_REPRESENTATION_CONTEXT(2) 
PARAMETRIC_REPRESENTATION_CONTEXT() REPRESENTATION_CONTEXT('2D SPACE',''
  ) );
#878 = PCURVE('',#879,#884);
#879 = PLANE('',#880);
#880 = AXIS2_PLACEMENT_3D('',#881,#882,#883);
#881 = CARTESIAN_POINT('',(296.28948098511,-82.84774300138,
    19.141646470762));
#882 = DIRECTION('',(-0.104019604147,-0.994570972053,2.916076511734E-03)
  );
#883 = DIRECTION('',(-0.994575200748,0.104020046415,0.));
#884 = DEFINITIONAL_REPRESENTATION('',(#885),#894);
#885 = B_SPLINE_CURVE_WITH_KNOTS('',7,(#886,#887,#888,#889,#890,#891,
    #892,#893),.UNSPECIFIED.,.F.,.F.,(8,8),(0.,1.),
  .PIECEWISE_BEZIER_KNOTS.);
#886 = CARTESIAN_POINT('',(-0.394567599357,-1.878429176927));
#887 = CARTESIAN_POINT('',(-0.638186765913,-1.836376920472));
#888 = CARTESIAN_POINT('',(-0.881807983712,-1.794413945104));
#889 = CARTESIAN_POINT('',(-1.125432444869,-1.752547230199));
#890 = CARTESIAN_POINT('',(-1.369063025645,-1.710794428493));
#891 = CARTESIAN_POINT('',(-1.612698754995,-1.669148957753));
#892 = CARTESIAN_POINT('',(-1.856343888237,-1.627637405921));
#893 = CARTESIAN_POINT('',(-2.1,-1.586269488174));
#894 = ( GEOMETRIC_REPRESENTATION_CONTEXT(2) 
PARAMETRIC_REPRESENTATION_CONTEXT() REPRESENTATION_CONTEXT('2D SPACE',''
  ) );
#895 = ORIENTED_EDGE('',*,*,#896,.T.);
#896 = EDGE_CURVE('',#854,#897,#899,.T.);
#897 = VERTEX_POINT('',#898);
#898 = CARTESIAN_POINT('',(294.26554828187,-106.125061834,
    21.026961289324));
#899 = SURFACE_CURVE('',#900,(#927,#957),.PCURVE_S1.);
#900 = B_SPLINE_CURVE_WITH_KNOTS('',4,(#901,#902,#903,#904,#905,#906,
    #907,#908,#909,#910,#911,#912,#913,#914,#915,#916,#917,#918,#919,
    #920,#921,#922,#923,#924,#925,#926),.UNSPECIFIED.,.F.,.F.,(5,3,3,3,3
    ,3,3,3,5),(0.,0.201300337591,0.389149916128,0.497958015695,
    0.598197463334,0.69884155493,0.799095234443,0.89973932821,1.),
  .UNSPECIFIED.);
#901 = CARTESIAN_POINT('',(298.0361423368,-70.399871,21.00683547403));
#902 = CARTESIAN_POINT('',(297.39557115102,-76.46908289973,
    21.010255016522));
#903 = CARTESIAN_POINT('',(296.75499989034,-82.53829477673,
    21.013674367685));
#904 = CARTESIAN_POINT('',(296.11442855061,-88.60750662919,
    21.017093516758));
#905 = CARTESIAN_POINT('',(294.87608827379,-100.3403894509,
    21.02370293463));
#906 = CARTESIAN_POINT('',(294.27831934754,-106.0040604236,
    21.026893231139));
#907 = CARTESIAN_POINT('',(293.6805503443,-111.6677313712,
    21.030083330525));
#908 = CARTESIAN_POINT('',(292.73653551014,-120.6119700425,
    21.035120900987));
#909 = CARTESIAN_POINT('',(292.39028973339,-123.8925377845,
    21.036968510909));
#910 = CARTESIAN_POINT('',(292.0440439284,-127.1731055168,
    21.038816048418));
#911 = CARTESIAN_POINT('',(291.37881916428,-133.4758958283,
    21.042365485657));
#912 = CARTESIAN_POINT('',(291.05984020957,-136.4981184091,
    21.044067396723));
#913 = CARTESIAN_POINT('',(290.74086122932,-139.5203409809,
    21.045769242226));
#914 = CARTESIAN_POINT('',(290.10161557006,-145.576986134,
    21.049179667515));
#915 = CARTESIAN_POINT('',(289.78134889084,-148.6114087152,
    21.050888246754));
#916 = CARTESIAN_POINT('',(289.46108218421,-151.6458312866,
    21.052596755574));
#917 = CARTESIAN_POINT('',(288.82179107245,-157.7029054718,
    21.056007000405));
#918 = CARTESIAN_POINT('',(288.50276666755,-160.7255570856,
    21.057708736977));
#919 = CARTESIAN_POINT('',(288.18374223366,-163.7482086887,
    21.059410399003));
#920 = CARTESIAN_POINT('',(287.54445094064,-169.8052828743,
    21.06282019529));
#921 = CARTESIAN_POINT('',(287.22418408128,-172.8397054566,
    21.06452832895));
#922 = CARTESIAN_POINT('',(286.90391719075,-175.874128027,21.06623638234
    ));
#923 = CARTESIAN_POINT('',(286.2646034603,-181.931412958,21.069645816131
    ));
#924 = CARTESIAN_POINT('',(285.94555662063,-184.9542753187,
    21.071347197162));
#925 = CARTESIAN_POINT('',(285.62650974791,-187.9771376662,
    21.073048492956));
#926 = CARTESIAN_POINT('',(285.30746284099,-191.,21.074749700466));
#927 = PCURVE('',#31,#928);
#928 = DEFINITIONAL_REPRESENTATION('',(#929),#956);
#929 = B_SPLINE_CURVE_WITH_KNOTS('',4,(#930,#931,#932,#933,#934,#935,
    #936,#937,#938,#939,#940,#941,#942,#943,#944,#945,#946,#947,#948,
    #949,#950,#951,#952,#953,#954,#955),.UNSPECIFIED.,.F.,.F.,(5,3,3,3,3
    ,3,3,3,5),(0.,0.201300337591,0.389149916128,0.497958015695,
    0.598197463334,0.69884155493,0.799095234443,0.89973932821,1.),
  .UNSPECIFIED.);
#930 = CARTESIAN_POINT('',(24.713278833221,0.327441260465));
#931 = CARTESIAN_POINT('',(24.715146409685,0.355670153022));
#932 = CARTESIAN_POINT('',(24.717060808189,0.383899045473));
#933 = CARTESIAN_POINT('',(24.719024660917,0.41212793781));
#934 = CARTESIAN_POINT('',(24.722922680356,0.466699485818));
#935 = CARTESIAN_POINT('',(24.724850066124,0.493042141505));
#936 = CARTESIAN_POINT('',(24.726825688291,0.519384797076));
#937 = CARTESIAN_POINT('',(24.730026397277,0.560985907175));
#938 = CARTESIAN_POINT('',(24.731217508881,0.576244361788));
#939 = CARTESIAN_POINT('',(24.732426339422,0.591502816357));
#940 = CARTESIAN_POINT('',(24.734784030431,0.620818120132));
#941 = CARTESIAN_POINT('',(24.735930117115,0.634874969345));
#942 = CARTESIAN_POINT('',(24.737092246128,0.648931818516));
#943 = CARTESIAN_POINT('',(24.739454393671,0.677102261089));
#944 = CARTESIAN_POINT('',(24.74065454645,0.69121585449));
#945 = CARTESIAN_POINT('',(24.741871928857,0.705329447845));
#946 = CARTESIAN_POINT('',(24.74433751552,0.733501885915));
#947 = CARTESIAN_POINT('',(24.745585582163,0.747560730631));
#948 = CARTESIAN_POINT('',(24.746851888143,0.761619575297));
#949 = CARTESIAN_POINT('',(24.749427228015,0.789792013369));
#950 = CARTESIAN_POINT('',(24.750736409402,0.803905606775));
#951 = CARTESIAN_POINT('',(24.752065229308,0.818019200126));
#952 = CARTESIAN_POINT('',(24.754758383049,0.846192618409));
#953 = CARTESIAN_POINT('',(24.756122562649,0.860252443343));
#954 = CARTESIAN_POINT('',(24.75750759534,0.874312268215));
#955 = CARTESIAN_POINT('',(24.758914226509,0.888372093023));
#956 = ( GEOMETRIC_REPRESENTATION_CONTEXT(2) 
PARAMETRIC_REPRESENTATION_CONTEXT() REPRESENTATION_CONTEXT('2D SPACE',''
  ) );
#957 = PCURVE('',#958,#963);
#958 = B_SPLINE_SURFACE_WITH_KNOTS('',1,1,(
    (#959,#960)
    ,(#961,#962
    )),.UNSPECIFIED.,.F.,.F.,.F.,(2,2),(2,2),(0.,6.471208456066),(0.,1.)
  ,.PIECEWISE_BEZIER_KNOTS.);
#959 = CARTESIAN_POINT('',(299.83837752167,-69.,25.101044965951));
#960 = CARTESIAN_POINT('',(287.07871324182,-191.,25.45874828168));
#961 = CARTESIAN_POINT('',(297.41422016666,-69.,19.101044965951));
#962 = CARTESIAN_POINT('',(284.65455588681,-191.,19.45874828168));
#963 = DEFINITIONAL_REPRESENTATION('',(#964),#991);
#964 = B_SPLINE_CURVE_WITH_KNOTS('',4,(#965,#966,#967,#968,#969,#970,
    #971,#972,#973,#974,#975,#976,#977,#978,#979,#980,#981,#982,#983,
    #984,#985,#986,#987,#988,#989,#990),.UNSPECIFIED.,.F.,.F.,(5,3,3,3,3
    ,3,3,3,5),(0.,0.201300337591,0.389149916128,0.497958015695,
    0.598197463334,0.69884155493,0.799095234443,0.89973932821,1.),
  .UNSPECIFIED.);
#965 = CARTESIAN_POINT('',(4.420173933862,1.147435250022E-02));
#966 = CARTESIAN_POINT('',(4.435678251212,6.122199090418E-02));
#967 = CARTESIAN_POINT('',(4.451182774927,0.110969629386));
#968 = CARTESIAN_POINT('',(4.466687516451,0.160717267427));
#969 = CARTESIAN_POINT('',(4.496661430065,0.256888438122));
#970 = CARTESIAN_POINT('',(4.511130572243,0.303311970686));
#971 = CARTESIAN_POINT('',(4.525599926946,0.349735503043));
#972 = CARTESIAN_POINT('',(4.548450720833,0.423048934775));
#973 = CARTESIAN_POINT('',(4.556832010325,0.449938834299));
#974 = CARTESIAN_POINT('',(4.565213377886,0.476828733745));
#975 = CARTESIAN_POINT('',(4.581316234434,0.528490949413));
#976 = CARTESIAN_POINT('',(4.589037711199,0.553263265649));
#977 = CARTESIAN_POINT('',(4.596759258648,0.578035581811));
#978 = CARTESIAN_POINT('',(4.612233669961,0.627680214213));
#979 = CARTESIAN_POINT('',(4.619986534418,0.652552530453));
#980 = CARTESIAN_POINT('',(4.627739474791,0.677424846612));
#981 = CARTESIAN_POINT('',(4.643215437446,0.727072995671));
#982 = CARTESIAN_POINT('',(4.650938459121,0.751848828571));
#983 = CARTESIAN_POINT('',(4.658661561164,0.776624661383));
#984 = CARTESIAN_POINT('',(4.67413800759,0.826272810445));
#985 = CARTESIAN_POINT('',(4.681891352622,0.851145126694));
#986 = CARTESIAN_POINT('',(4.689644784189,0.876017442845));
#987 = CARTESIAN_POINT('',(4.705122288011,0.925667319328));
#988 = CARTESIAN_POINT('',(4.712846359587,0.950444879662));
#989 = CARTESIAN_POINT('',(4.720570523051,0.975222439888));
#990 = CARTESIAN_POINT('',(4.728294781689,1.));
#991 = ( GEOMETRIC_REPRESENTATION_CONTEXT(2) 
PARAMETRIC_REPRESENTATION_CONTEXT() REPRESENTATION_CONTEXT('2D SPACE',''
  ) );
#992 = ORIENTED_EDGE('',*,*,#993,.T.);
#993 = EDGE_CURVE('',#897,#994,#996,.T.);
#994 = VERTEX_POINT('',#995);
#995 = CARTESIAN_POINT('',(294.23395954499,-106.6392226902,
    21.023362367761));
#996 = SURFACE_CURVE('',#997,(#1015,#1036),.PCURVE_S1.);
#997 = B_SPLINE_CURVE_WITH_KNOTS('',6,(#998,#999,#1000,#1001,#1002,#1003
    ,#1004,#1005,#1006,#1007,#1008,#1009,#1010,#1011,#1012,#1013,#1014),
  .UNSPECIFIED.,.F.,.F.,(7,5,5,7),(0.,0.257237016794,0.539992957284,1.),
  .UNSPECIFIED.);
#998 = CARTESIAN_POINT('',(294.28878309273,-105.63523237,21.031567209491
    ));
#999 = CARTESIAN_POINT('',(294.28204299144,-105.8283824965,
    21.029335321122));
#1000 = CARTESIAN_POINT('',(294.27231374122,-106.0214970481,
    21.02761708919));
#1001 = CARTESIAN_POINT('',(294.26103707068,-106.2145577498,
    21.026165400413));
#1002 = CARTESIAN_POINT('',(294.24907702006,-106.4075640584,
    21.024831974335));
#1003 = CARTESIAN_POINT('',(294.23671994121,-106.6005331635,
    21.023567363322));
#1004 = CARTESIAN_POINT('',(294.20933489472,-107.0056098772,
    21.021160813351));
#1005 = CARTESIAN_POINT('',(294.19437427822,-107.2176860884,
    21.020007871076));
#1006 = CARTESIAN_POINT('',(294.17896574063,-107.4297360055,
    21.018932287854));
#1007 = CARTESIAN_POINT('',(294.16319957203,-107.6417632733,
    21.017918502591));
#1008 = CARTESIAN_POINT('',(294.14712472529,-107.8537702432,
    21.01695807155));
#1009 = CARTESIAN_POINT('',(294.10421627103,-108.4106407952,
    21.014553007927));
#1010 = CARTESIAN_POINT('',(294.0769520018,-108.7554749339,
    21.013182837855));
#1011 = CARTESIAN_POINT('',(294.04918055847,-109.1002735306,
    21.011900385694));
#1012 = CARTESIAN_POINT('',(294.02098572622,-109.4450411504,
    21.010691189152));
#1013 = CARTESIAN_POINT('',(293.99243662924,-109.7897821583,
    21.009543306088));
#1014 = CARTESIAN_POINT('',(293.96357984008,-110.1345002187,
    21.008448677416));
#1015 = PCURVE('',#31,#1016);
#1016 = DEFINITIONAL_REPRESENTATION('',(#1017),#1035);
#1017 = B_SPLINE_CURVE_WITH_KNOTS('',6,(#1018,#1019,#1020,#1021,#1022,
    #1023,#1024,#1025,#1026,#1027,#1028,#1029,#1030,#1031,#1032,#1033,
    #1034),.UNSPECIFIED.,.F.,.F.,(7,5,5,7),(0.,0.257237016794,
    0.539992957284,1.),.UNSPECIFIED.);
#1018 = CARTESIAN_POINT('',(24.758619585588,0.491326662186));
#1019 = CARTESIAN_POINT('',(24.742458053459,0.492225034868));
#1020 = CARTESIAN_POINT('',(24.729846531049,0.493123242085));
#1021 = CARTESIAN_POINT('',(24.719074746102,0.494021198836));
#1022 = CARTESIAN_POINT('',(24.709116567028,0.494918902598));
#1023 = CARTESIAN_POINT('',(24.699630002907,0.495816433319));
#1024 = CARTESIAN_POINT('',(24.681424028253,0.497700511057));
#1025 = CARTESIAN_POINT('',(24.672627568669,0.498686912039));
#1026 = CARTESIAN_POINT('',(24.664361631143,0.499673190724));
#1027 = CARTESIAN_POINT('',(24.656518773774,0.500659364062));
#1028 = CARTESIAN_POINT('',(24.649040767389,0.501645442992));
#1029 = CARTESIAN_POINT('',(24.630201618341,0.504235538582));
#1030 = CARTESIAN_POINT('',(24.619348857519,0.505839418297));
#1031 = CARTESIAN_POINT('',(24.609092745169,0.507443132701));
#1032 = CARTESIAN_POINT('',(24.599333748526,0.509046703025));
#1033 = CARTESIAN_POINT('',(24.589989677983,0.510650149574));
#1034 = CARTESIAN_POINT('',(24.581005139704,0.512253489389));
#1035 = ( GEOMETRIC_REPRESENTATION_CONTEXT(2) 
PARAMETRIC_REPRESENTATION_CONTEXT() REPRESENTATION_CONTEXT('2D SPACE',''
  ) );
#1036 = PCURVE('',#1037,#1042);
#1037 = CYLINDRICAL_SURFACE('',#1038,1.8625);
#1038 = AXIS2_PLACEMENT_3D('',#1039,#1040,#1041);
#1039 = CARTESIAN_POINT('',(294.1452029828,-103.35,19.20175897329));
#1040 = DIRECTION('',(-0.104019604147,-0.994570972053,2.916076511734E-03
    ));
#1041 = DIRECTION('',(0.994575200748,-0.104020046415,5.421010862428E-20)
  );
#1042 = DEFINITIONAL_REPRESENTATION('',(#1043),#1061);
#1043 = B_SPLINE_CURVE_WITH_KNOTS('',6,(#1044,#1045,#1046,#1047,#1048,
    #1049,#1050,#1051,#1052,#1053,#1054,#1055,#1056,#1057,#1058,#1059,
    #1060),.UNSPECIFIED.,.F.,.F.,(7,5,5,7),(0.,0.257237016794,
    0.539992957284,1.),.UNSPECIFIED.);
#1044 = CARTESIAN_POINT('',(-4.918138892343,2.263226494235));
#1045 = CARTESIAN_POINT('',(-4.925481931084,2.456022597615));
#1046 = CARTESIAN_POINT('',(-4.931204334452,2.649095747244));
#1047 = CARTESIAN_POINT('',(-4.936086053228,2.8422770785));
#1048 = CARTESIAN_POINT('',(-4.940595092084,3.035475741878));
#1049 = CARTESIAN_POINT('',(-4.94488750958,3.22867890299));
#1050 = CARTESIAN_POINT('',(-4.953116197089,3.634398007909));
#1051 = CARTESIAN_POINT('',(-4.957087283437,3.846875686822));
#1052 = CARTESIAN_POINT('',(-4.960814820073,4.059374032509));
#1053 = CARTESIAN_POINT('',(-4.964347891606,4.271887232663));
#1054 = CARTESIAN_POINT('',(-4.967713122891,4.484412509332));
#1055 = CARTESIAN_POINT('',(-4.976182556676,5.042716102558));
#1056 = CARTESIAN_POINT('',(-4.981052622102,5.388510150072));
#1057 = CARTESIAN_POINT('',(-4.985647160876,5.734321860333));
#1058 = CARTESIAN_POINT('',(-4.990011748058,6.080147016314));
#1059 = CARTESIAN_POINT('',(-4.994184017517,6.425982734071));
#1060 = CARTESIAN_POINT('',(-4.998189356913,6.771827790229));
#1061 = ( GEOMETRIC_REPRESENTATION_CONTEXT(2) 
PARAMETRIC_REPRESENTATION_CONTEXT() REPRESENTATION_CONTEXT('2D SPACE',''
  ) );
#1062 = ORIENTED_EDGE('',*,*,#1063,.F.);
#1063 = EDGE_CURVE('',#1064,#994,#1066,.T.);
#1064 = VERTEX_POINT('',#1065);
#1065 = CARTESIAN_POINT('',(294.20801852472,-106.6701379943,
    21.027268315234));
#1066 = SURFACE_CURVE('',#1067,(#1086,#1108),.PCURVE_S1.);
#1067 = B_SPLINE_CURVE_WITH_KNOTS('',5,(#1068,#1069,#1070,#1071,#1072,
    #1073,#1074,#1075,#1076,#1077,#1078,#1079,#1080,#1081,#1082,#1083,
    #1084,#1085),.UNSPECIFIED.,.F.,.F.,(6,4,4,4,6),(0.,0.49236128123,
    0.738987448045,0.862375319119,1.),.UNSPECIFIED.);
#1068 = CARTESIAN_POINT('',(294.17587143734,-106.7084494011,
    21.032109648333));
#1069 = CARTESIAN_POINT('',(294.34704880405,-106.5044481594,
    21.006327690569));
#1070 = CARTESIAN_POINT('',(294.51827393702,-106.300389992,
    20.980574948998));
#1071 = CARTESIAN_POINT('',(294.68954707117,-106.0962746191,
    20.954854411686));
#1072 = CARTESIAN_POINT('',(294.86086843865,-105.8921017639,
    20.929169054756));
#1073 = CARTESIAN_POINT('',(295.11807825239,-105.5855710443,
    20.890675028643));
#1074 = CARTESIAN_POINT('',(295.20393039753,-105.4832564419,
    20.877837807006));
#1075 = CARTESIAN_POINT('',(295.28979472687,-105.380927319,
    20.865010484003));
#1076 = CARTESIAN_POINT('',(295.37567127182,-105.278583638,
    20.852193460999));
#1077 = CARTESIAN_POINT('',(295.504530518,-105.1250151684,
    20.832980237402));
#1078 = CARTESIAN_POINT('',(295.54751056026,-105.0737935487,
    20.8265749756));
#1079 = CARTESIAN_POINT('',(295.59050021589,-105.0225604721,
    20.820171516492));
#1080 = CARTESIAN_POINT('',(295.63349950153,-104.971315919,
    20.81376992783));
#1081 = CARTESIAN_POINT('',(295.72447984735,-104.862889765,
    20.800232218897));
#1082 = CARTESIAN_POINT('',(295.75483145508,-104.8267181274,
    20.795719987901));
#1083 = CARTESIAN_POINT('',(295.80318557874,-104.7690919268,
    20.788528117622));
#1084 = CARTESIAN_POINT('',(295.86302393011,-104.6977793566,
    20.779642737047));
#1085 = CARTESIAN_POINT('',(295.87887698957,-104.6788864161,
    20.777288643288));
#1086 = PCURVE('',#31,#1087);
#1087 = DEFINITIONAL_REPRESENTATION('',(#1088),#1107);
#1088 = B_SPLINE_CURVE_WITH_KNOTS('',5,(#1089,#1090,#1091,#1092,#1093,
    #1094,#1095,#1096,#1097,#1098,#1099,#1100,#1101,#1102,#1103,#1104,
    #1105,#1106),.UNSPECIFIED.,.F.,.F.,(6,4,4,4,6),(0.,0.49236128123,
    0.738987448045,0.862375319119,1.),.UNSPECIFIED.);
#1089 = CARTESIAN_POINT('',(24.758619585588,0.496318369308));
#1090 = CARTESIAN_POINT('',(24.58014371022,0.495369526323));
#1091 = CARTESIAN_POINT('',(24.401774495805,0.494420418568));
#1092 = CARTESIAN_POINT('',(24.223512188506,0.49347104474));
#1093 = CARTESIAN_POINT('',(24.045357034853,0.492521403553));
#1094 = CARTESIAN_POINT('',(23.778124293945,0.491095679276));
#1095 = CARTESIAN_POINT('',(23.68896625518,0.490619797405));
#1096 = CARTESIAN_POINT('',(23.599835191524,0.490143847995));
#1097 = CARTESIAN_POINT('',(23.510731136251,0.489667830875));
#1098 = CARTESIAN_POINT('',(23.377088614641,0.488953558923));
#1099 = CARTESIAN_POINT('',(23.33252309945,0.488715318831));
#1100 = CARTESIAN_POINT('',(23.28795758426,0.488477025452));
#1101 = CARTESIAN_POINT('',(23.243392069069,0.488238678693));
#1102 = CARTESIAN_POINT('',(23.149118954963,0.487734371));
#1103 = CARTESIAN_POINT('',(23.117681134274,0.487566130825));
#1104 = CARTESIAN_POINT('',(23.067585312476,0.487298101986));
#1105 = CARTESIAN_POINT('',(23.005635686384,0.486966415612));
#1106 = CARTESIAN_POINT('',(22.989222756929,0.48687854147));
#1107 = ( GEOMETRIC_REPRESENTATION_CONTEXT(2) 
PARAMETRIC_REPRESENTATION_CONTEXT() REPRESENTATION_CONTEXT('2D SPACE',''
  ) );
#1108 = PCURVE('',#1109,#1114);
#1109 = PLANE('',#1110);
#1110 = AXIS2_PLACEMENT_3D('',#1111,#1112,#1113);
#1111 = CARTESIAN_POINT('',(295.90311557067,-104.65,16.329436792079));
#1112 = DIRECTION('',(-0.766044443119,0.642787609687,0.));
#1113 = DIRECTION('',(0.642787609687,0.766044443119,0.));
#1114 = DEFINITIONAL_REPRESENTATION('',(#1115),#1134);
#1115 = B_SPLINE_CURVE_WITH_KNOTS('',5,(#1116,#1117,#1118,#1119,#1120,
    #1121,#1122,#1123,#1124,#1125,#1126,#1127,#1128,#1129,#1130,#1131,
    #1132,#1133),.UNSPECIFIED.,.F.,.F.,(6,4,4,4,6),(0.,0.49236128123,
    0.738987448045,0.862375319119,1.),.UNSPECIFIED.);
#1116 = CARTESIAN_POINT('',(-2.687114853031,-4.702672856254));
#1117 = CARTESIAN_POINT('',(-2.420810145018,-4.676890898489));
#1118 = CARTESIAN_POINT('',(-2.154431125908,-4.651138156919));
#1119 = CARTESIAN_POINT('',(-1.887977430201,-4.625417619607));
#1120 = CARTESIAN_POINT('',(-1.621448696765,-4.599732262677));
#1121 = CARTESIAN_POINT('',(-1.221301261032,-4.561238236563));
#1122 = CARTESIAN_POINT('',(-1.087739033249,-4.548401014926));
#1123 = CARTESIAN_POINT('',(-0.954157850207,-4.535573691923));
#1124 = CARTESIAN_POINT('',(-0.820557663064,-4.52275666892));
#1125 = CARTESIAN_POINT('',(-0.620088263475,-4.503543445323));
#1126 = CARTESIAN_POINT('',(-0.553223187649,-4.497138183521));
#1127 = CARTESIAN_POINT('',(-0.486343156079,-4.490734724413));
#1128 = CARTESIAN_POINT('',(-0.419448142874,-4.484333135751));
#1129 = CARTESIAN_POINT('',(-0.277907851104,-4.470795426818));
#1130 = CARTESIAN_POINT('',(-0.230689131771,-4.466283195822));
#1131 = CARTESIAN_POINT('',(-0.155463469471,-4.459091325543));
#1132 = CARTESIAN_POINT('',(-6.237152048276E-02,-4.450205944968));
#1133 = CARTESIAN_POINT('',(-3.770853814498E-02,-4.447851851209));
#1134 = ( GEOMETRIC_REPRESENTATION_CONTEXT(2) 
PARAMETRIC_REPRESENTATION_CONTEXT() REPRESENTATION_CONTEXT('2D SPACE',''
  ) );
#1135 = ORIENTED_EDGE('',*,*,#1136,.T.);
#1136 = EDGE_CURVE('',#1064,#1137,#1139,.T.);
#1137 = VERTEX_POINT('',#1138);
#1138 = CARTESIAN_POINT('',(285.37450933593,-190.3647570177,
    21.07439221092));
#1139 = SURFACE_CURVE('',#1140,(#1167,#1197),.PCURVE_S1.);
#1140 = B_SPLINE_CURVE_WITH_KNOTS('',4,(#1141,#1142,#1143,#1144,#1145,
    #1146,#1147,#1148,#1149,#1150,#1151,#1152,#1153,#1154,#1155,#1156,
    #1157,#1158,#1159,#1160,#1161,#1162,#1163,#1164,#1165,#1166),
  .UNSPECIFIED.,.F.,.F.,(5,3,3,3,3,3,3,3,5),(0.,0.201300337591,
    0.389149916128,0.497958015695,0.598197463334,0.69884155493,
    0.799095234443,0.89973932821,1.),.UNSPECIFIED.);
#1141 = CARTESIAN_POINT('',(298.0361423368,-70.399871,21.00683547403));
#1142 = CARTESIAN_POINT('',(297.39557115102,-76.46908289973,
    21.010255016522));
#1143 = CARTESIAN_POINT('',(296.75499989034,-82.53829477673,
    21.013674367685));
#1144 = CARTESIAN_POINT('',(296.11442855061,-88.60750662919,
    21.017093516758));
#1145 = CARTESIAN_POINT('',(294.87608827379,-100.3403894509,
    21.02370293463));
#1146 = CARTESIAN_POINT('',(294.27831934754,-106.0040604236,
    21.026893231139));
#1147 = CARTESIAN_POINT('',(293.6805503443,-111.6677313712,
    21.030083330525));
#1148 = CARTESIAN_POINT('',(292.73653551014,-120.6119700425,
    21.035120900987));
#1149 = CARTESIAN_POINT('',(292.39028973339,-123.8925377845,
    21.036968510909));
#1150 = CARTESIAN_POINT('',(292.0440439284,-127.1731055168,
    21.038816048418));
#1151 = CARTESIAN_POINT('',(291.37881916428,-133.4758958283,
    21.042365485657));
#1152 = CARTESIAN_POINT('',(291.05984020957,-136.4981184091,
    21.044067396723));
#1153 = CARTESIAN_POINT('',(290.74086122932,-139.5203409809,
    21.045769242226));
#1154 = CARTESIAN_POINT('',(290.10161557006,-145.576986134,
    21.049179667515));
#1155 = CARTESIAN_POINT('',(289.78134889084,-148.6114087152,
    21.050888246754));
#1156 = CARTESIAN_POINT('',(289.46108218421,-151.6458312866,
    21.052596755574));
#1157 = CARTESIAN_POINT('',(288.82179107245,-157.7029054718,
    21.056007000405));
#1158 = CARTESIAN_POINT('',(288.50276666755,-160.7255570856,
    21.057708736977));
#1159 = CARTESIAN_POINT('',(288.18374223366,-163.7482086887,
    21.059410399003));
#1160 = CARTESIAN_POINT('',(287.54445094064,-169.8052828743,
    21.06282019529));
#1161 = CARTESIAN_POINT('',(287.22418408128,-172.8397054566,
    21.06452832895));
#1162 = CARTESIAN_POINT('',(286.90391719075,-175.874128027,
    21.06623638234));
#1163 = CARTESIAN_POINT('',(286.2646034603,-181.931412958,
    21.069645816131));
#1164 = CARTESIAN_POINT('',(285.94555662063,-184.9542753187,
    21.071347197162));
#1165 = CARTESIAN_POINT('',(285.62650974791,-187.9771376662,
    21.073048492956));
#1166 = CARTESIAN_POINT('',(285.30746284099,-191.,21.074749700466));
#1167 = PCURVE('',#31,#1168);
#1168 = DEFINITIONAL_REPRESENTATION('',(#1169),#1196);
#1169 = B_SPLINE_CURVE_WITH_KNOTS('',4,(#1170,#1171,#1172,#1173,#1174,
    #1175,#1176,#1177,#1178,#1179,#1180,#1181,#1182,#1183,#1184,#1185,
    #1186,#1187,#1188,#1189,#1190,#1191,#1192,#1193,#1194,#1195),
  .UNSPECIFIED.,.F.,.F.,(5,3,3,3,3,3,3,3,5),(0.,0.201300337591,
    0.389149916128,0.497958015695,0.598197463334,0.69884155493,
    0.799095234443,0.89973932821,1.),.UNSPECIFIED.);
#1170 = CARTESIAN_POINT('',(24.713278833221,0.327441260465));
#1171 = CARTESIAN_POINT('',(24.715146409685,0.355670153022));
#1172 = CARTESIAN_POINT('',(24.717060808189,0.383899045473));
#1173 = CARTESIAN_POINT('',(24.719024660917,0.41212793781));
#1174 = CARTESIAN_POINT('',(24.722922680356,0.466699485818));
#1175 = CARTESIAN_POINT('',(24.724850066124,0.493042141505));
#1176 = CARTESIAN_POINT('',(24.726825688291,0.519384797076));
#1177 = CARTESIAN_POINT('',(24.730026397277,0.560985907175));
#1178 = CARTESIAN_POINT('',(24.731217508881,0.576244361788));
#1179 = CARTESIAN_POINT('',(24.732426339422,0.591502816357));
#1180 = CARTESIAN_POINT('',(24.734784030431,0.620818120132));
#1181 = CARTESIAN_POINT('',(24.735930117115,0.634874969345));
#1182 = CARTESIAN_POINT('',(24.737092246128,0.648931818516));
#1183 = CARTESIAN_POINT('',(24.739454393671,0.677102261089));
#1184 = CARTESIAN_POINT('',(24.74065454645,0.69121585449));
#1185 = CARTESIAN_POINT('',(24.741871928857,0.705329447845));
#1186 = CARTESIAN_POINT('',(24.74433751552,0.733501885915));
#1187 = CARTESIAN_POINT('',(24.745585582163,0.747560730631));
#1188 = CARTESIAN_POINT('',(24.746851888143,0.761619575297));
#1189 = CARTESIAN_POINT('',(24.749427228015,0.789792013369));
#1190 = CARTESIAN_POINT('',(24.750736409402,0.803905606775));
#1191 = CARTESIAN_POINT('',(24.752065229308,0.818019200126));
#1192 = CARTESIAN_POINT('',(24.754758383049,0.846192618409));
#1193 = CARTESIAN_POINT('',(24.756122562649,0.860252443343));
#1194 = CARTESIAN_POINT('',(24.75750759534,0.874312268215));
#1195 = CARTESIAN_POINT('',(24.758914226509,0.888372093023));
#1196 = ( GEOMETRIC_REPRESENTATION_CONTEXT(2) 
PARAMETRIC_REPRESENTATION_CONTEXT() REPRESENTATION_CONTEXT('2D SPACE',''
  ) );
#1197 = PCURVE('',#1198,#1203);
#1198 = B_SPLINE_SURFACE_WITH_KNOTS('',1,1,(
    (#1199,#1200)
    ,(#1201,#1202
    )),.UNSPECIFIED.,.F.,.F.,.F.,(2,2),(2,2),(0.,6.471208456066),(0.,1.)
  ,.PIECEWISE_BEZIER_KNOTS.);
#1199 = CARTESIAN_POINT('',(299.83837752167,-69.,25.101044965951));
#1200 = CARTESIAN_POINT('',(287.07871324182,-191.,25.45874828168));
#1201 = CARTESIAN_POINT('',(297.41422016666,-69.,19.101044965951));
#1202 = CARTESIAN_POINT('',(284.65455588681,-191.,19.45874828168));
#1203 = DEFINITIONAL_REPRESENTATION('',(#1204),#1231);
#1204 = B_SPLINE_CURVE_WITH_KNOTS('',4,(#1205,#1206,#1207,#1208,#1209,
    #1210,#1211,#1212,#1213,#1214,#1215,#1216,#1217,#1218,#1219,#1220,
    #1221,#1222,#1223,#1224,#1225,#1226,#1227,#1228,#1229,#1230),
  .UNSPECIFIED.,.F.,.F.,(5,3,3,3,3,3,3,3,5),(0.,0.201300337591,
    0.389149916128,0.497958015695,0.598197463334,0.69884155493,
    0.799095234443,0.89973932821,1.),.UNSPECIFIED.);
#1205 = CARTESIAN_POINT('',(4.420173933862,1.147435250022E-02));
#1206 = CARTESIAN_POINT('',(4.435678251212,6.122199090418E-02));
#1207 = CARTESIAN_POINT('',(4.451182774927,0.110969629386));
#1208 = CARTESIAN_POINT('',(4.466687516451,0.160717267427));
#1209 = CARTESIAN_POINT('',(4.496661430065,0.256888438122));
#1210 = CARTESIAN_POINT('',(4.511130572243,0.303311970686));
#1211 = CARTESIAN_POINT('',(4.525599926946,0.349735503043));
#1212 = CARTESIAN_POINT('',(4.548450720833,0.423048934775));
#1213 = CARTESIAN_POINT('',(4.556832010325,0.449938834299));
#1214 = CARTESIAN_POINT('',(4.565213377886,0.476828733745));
#1215 = CARTESIAN_POINT('',(4.581316234434,0.528490949413));
#1216 = CARTESIAN_POINT('',(4.589037711199,0.553263265649));
#1217 = CARTESIAN_POINT('',(4.596759258648,0.578035581811));
#1218 = CARTESIAN_POINT('',(4.612233669961,0.627680214213));
#1219 = CARTESIAN_POINT('',(4.619986534418,0.652552530453));
#1220 = CARTESIAN_POINT('',(4.627739474791,0.677424846612));
#1221 = CARTESIAN_POINT('',(4.643215437446,0.727072995671));
#1222 = CARTESIAN_POINT('',(4.650938459121,0.751848828571));
#1223 = CARTESIAN_POINT('',(4.658661561164,0.776624661383));
#1224 = CARTESIAN_POINT('',(4.67413800759,0.826272810445));
#1225 = CARTESIAN_POINT('',(4.681891352622,0.851145126694));
#1226 = CARTESIAN_POINT('',(4.689644784189,0.876017442845));
#1227 = CARTESIAN_POINT('',(4.705122288011,0.925667319328));
#1228 = CARTESIAN_POINT('',(4.712846359587,0.950444879662));
#1229 = CARTESIAN_POINT('',(4.720570523051,0.975222439888));
#1230 = CARTESIAN_POINT('',(4.728294781689,1.));
#1231 = ( GEOMETRIC_REPRESENTATION_CONTEXT(2) 
PARAMETRIC_REPRESENTATION_CONTEXT() REPRESENTATION_CONTEXT('2D SPACE',''
  ) );
#1232 = ORIENTED_EDGE('',*,*,#1233,.T.);
#1233 = EDGE_CURVE('',#1137,#24,#1234,.T.);
#1234 = SURFACE_CURVE('',#1235,(#1343,#1454),.PCURVE_S1.);
#1235 = B_SPLINE_CURVE_WITH_KNOTS('',8,(#1236,#1237,#1238,#1239,#1240,
    #1241,#1242,#1243,#1244,#1245,#1246,#1247,#1248,#1249,#1250,#1251,
    #1252,#1253,#1254,#1255,#1256,#1257,#1258,#1259,#1260,#1261,#1262,
    #1263,#1264,#1265,#1266,#1267,#1268,#1269,#1270,#1271,#1272,#1273,
    #1274,#1275,#1276,#1277,#1278,#1279,#1280,#1281,#1282,#1283,#1284,
    #1285,#1286,#1287,#1288,#1289,#1290,#1291,#1292,#1293,#1294,#1295,
    #1296,#1297,#1298,#1299,#1300,#1301,#1302,#1303,#1304,#1305,#1306,
    #1307,#1308,#1309,#1310,#1311,#1312,#1313,#1314,#1315,#1316,#1317,
    #1318,#1319,#1320,#1321,#1322,#1323,#1324,#1325,#1326,#1327,#1328,
    #1329,#1330,#1331,#1332,#1333,#1334,#1335,#1336,#1337,#1338,#1339,
    #1340,#1341,#1342),.UNSPECIFIED.,.F.,.F.,(9,7,7,7,7,7,7,7,7,7,7,7,7,
    7,7,9),(0.,9.741058483571E-02,0.183455454734,0.261078063412,
    0.395398419435,0.49674468629,0.573533168384,0.62998559069,
    0.718479463056,0.762660821341,0.806842174568,0.855040043711,
    0.891188446386,0.947371526579,0.975439203242,1.),.UNSPECIFIED.);
#1236 = CARTESIAN_POINT('',(285.08270372175,-190.,21.130641606716));
#1237 = CARTESIAN_POINT('',(285.27616843188,-190.2418308876,
    21.093297097852));
#1238 = CARTESIAN_POINT('',(285.46954312433,-190.4835492532,
    21.056045153068));
#1239 = CARTESIAN_POINT('',(285.66282844605,-190.7251559053,
    21.018892075572));
#1240 = CARTESIAN_POINT('',(285.85602591371,-190.9666527399,
    20.981852945703));
#1241 = CARTESIAN_POINT('',(286.04913601574,-191.2080403674,
    20.944932584065));
#1242 = CARTESIAN_POINT('',(286.24215929771,-191.4493194699,
    20.90813643913));
#1243 = CARTESIAN_POINT('',(286.4350975202,-191.690492248,
    20.871482185115));
#1244 = CARTESIAN_POINT('',(286.79830448012,-192.1445009479,
    20.802742136148));
#1245 = CARTESIAN_POINT('',(286.96859159494,-192.3573598414,
    20.770622198256));
#1246 = CARTESIAN_POINT('',(287.13881426693,-192.5701381814,
    20.738632219478));
#1247 = CARTESIAN_POINT('',(287.30897341207,-192.7828371129,
    20.706781411316));
#1248 = CARTESIAN_POINT('',(287.47906991865,-192.9954577461,
    20.675078979548));
#1249 = CARTESIAN_POINT('',(287.64910464718,-193.2080011567,
    20.643534124228));
#1250 = CARTESIAN_POINT('',(287.81907843045,-193.4204683858,
    20.612156039688));
#1251 = CARTESIAN_POINT('',(288.14227419525,-193.8244630918,
    20.552805922055));
#1252 = CARTESIAN_POINT('',(288.29550740656,-194.016004606,
    20.524801342001));
#1253 = CARTESIAN_POINT('',(288.44869216454,-194.2074855534,
    20.4969457273));
#1254 = CARTESIAN_POINT('',(288.60182933338,-194.3989070145,
    20.469248039926));
#1255 = CARTESIAN_POINT('',(288.75491952678,-194.5902697562,
    20.441715183494));
#1256 = CARTESIAN_POINT('',(288.90796290901,-194.781573984,
    20.414350353962));
#1257 = CARTESIAN_POINT('',(289.06095945457,-194.972819666,
    20.387155208417));
#1258 = CARTESIAN_POINT('',(289.47857903629,-195.4948441431,
    20.313380793868));
#1259 = CARTESIAN_POINT('',(289.74310958552,-195.8255073297,
    20.267151440556));
#1260 = CARTESIAN_POINT('',(290.0075020959,-196.1559979676,
    20.221463785821));
#1261 = CARTESIAN_POINT('',(290.27176024681,-196.4863206563,
    20.176357822987));
#1262 = CARTESIAN_POINT('',(290.5358801569,-196.8164705439,
    20.131816953855));
#1263 = CARTESIAN_POINT('',(290.79986874065,-197.1464562736,
    20.087907813307));
#1264 = CARTESIAN_POINT('',(291.06372317363,-197.4762743148,
    20.044620483635));
#1265 = CARTESIAN_POINT('',(291.52642463882,-198.0546511463,
    19.969794183055));
#1266 = CARTESIAN_POINT('',(291.72532922349,-198.3032818771,
    19.937980500768));
#1267 = CARTESIAN_POINT('',(291.92415725473,-198.5518169162,
    19.906530392044));
#1268 = CARTESIAN_POINT('',(292.12291096465,-198.8002590536,
    19.875472349611));
#1269 = CARTESIAN_POINT('',(292.321586796,-199.0486038428,19.84477467042
    ));
#1270 = CARTESIAN_POINT('',(292.520186378,-199.2968533203,
    19.814459966904));
#1271 = CARTESIAN_POINT('',(292.71870824609,-199.5450056554,
    19.784518297726));
#1272 = CARTESIAN_POINT('',(293.06751012628,-199.9810080056,
    19.732552668533));
#1273 = CARTESIAN_POINT('',(293.21782327906,-200.1688994466,
    19.710367834643));
#1274 = CARTESIAN_POINT('',(293.36809167489,-200.3567349414,
    19.68840154442));
#1275 = CARTESIAN_POINT('',(293.51831453869,-200.5445135211,
    19.666646716513));
#1276 = CARTESIAN_POINT('',(293.66849314365,-200.7322367773,
    19.645122417423));
#1277 = CARTESIAN_POINT('',(293.81862508873,-200.9199017087,
    19.623800638887));
#1278 = CARTESIAN_POINT('',(293.96871221444,-201.1075106158,
    19.602708091814));
#1279 = CARTESIAN_POINT('',(294.22906030159,-201.4329457248,
    19.566505358759));
#1280 = CARTESIAN_POINT('',(294.3393420126,-201.5707978635,
    19.551290568127));
#1281 = CARTESIAN_POINT('',(294.44959946718,-201.7086196817,
    19.536201967341));
#1282 = CARTESIAN_POINT('',(294.55983274845,-201.8464112833,
    19.521241815623));
#1283 = CARTESIAN_POINT('',(294.67004192282,-201.9841727513,
    19.506412273741));
#1284 = CARTESIAN_POINT('',(294.78022703998,-202.1219041477,
    19.491715404013));
#1285 = CARTESIAN_POINT('',(294.89038813292,-202.2596055139,
    19.477153170308));
#1286 = CARTESIAN_POINT('',(295.17317426896,-202.613088184,
    19.440113901581));
#1287 = CARTESIAN_POINT('',(295.34576430454,-202.8288257284,
    19.41783549225));
#1288 = CARTESIAN_POINT('',(295.51829563988,-203.0444898976,
    19.395903155704));
#1289 = CARTESIAN_POINT('',(295.69076768962,-203.2600799598,
    19.374312095038));
#1290 = CARTESIAN_POINT('',(295.86318138556,-203.4755970797,
    19.353085136158));
#1291 = CARTESIAN_POINT('',(296.03553766791,-203.6910424327,
    19.332244624744));
#1292 = CARTESIAN_POINT('',(296.20783610714,-203.9064154817,
    19.311788049054));
#1293 = CARTESIAN_POINT('',(296.46607087889,-204.2292089464,
    19.281734704233));
#1294 = CARTESIAN_POINT('',(296.55203177173,-204.3366600624,
    19.271831147937));
#1295 = CARTESIAN_POINT('',(296.63796052655,-204.444071006,
    19.262034273844));
#1296 = CARTESIAN_POINT('',(296.72385727159,-204.5514419373,
    19.252346433639));
#1297 = CARTESIAN_POINT('',(296.80972212947,-204.6587730096,
    19.242769970738));
#1298 = CARTESIAN_POINT('',(296.89555521713,-204.7660643692,
    19.233307220294));
#1299 = CARTESIAN_POINT('',(296.98135664589,-204.8733161551,
    19.223960509193));
#1300 = CARTESIAN_POINT('',(297.15289638709,-205.0877408316,
    19.205503803976));
#1301 = CARTESIAN_POINT('',(297.23863471332,-205.1949137394,
    19.196394301289));
#1302 = CARTESIAN_POINT('',(297.32434145061,-205.302047161,
    19.187403414818));
#1303 = CARTESIAN_POINT('',(297.41001689241,-205.4091414633,
    19.178538122744));
#1304 = CARTESIAN_POINT('',(297.49566101605,-205.5161966178,
    19.16979837919));
#1305 = CARTESIAN_POINT('',(297.58127372424,-205.6232125031,
    19.16118250846));
#1306 = CARTESIAN_POINT('',(297.66685529389,-205.7301894651,
    19.152696751866));
#1307 = CARTESIAN_POINT('',(297.8457348093,-205.9537888594,
    19.135251744415));
#1308 = CARTESIAN_POINT('',(297.93902689936,-206.070403972,
    19.126318885344));
#1309 = CARTESIAN_POINT('',(298.03228310882,-206.1869742338,
    19.117564202049));
#1310 = CARTESIAN_POINT('',(298.12550425907,-206.3035006716,
    19.109000567298));
#1311 = CARTESIAN_POINT('',(298.21869099005,-206.4199840853,
    19.100639826721));
#1312 = CARTESIAN_POINT('',(298.31184356286,-206.5364248013,
    19.092491004205));
#1313 = CARTESIAN_POINT('',(298.40496196865,-206.6528228086,
    19.084561323396));
#1314 = CARTESIAN_POINT('',(298.56785962644,-206.8564448808,
    19.071084086613));
#1315 = CARTESIAN_POINT('',(298.63765382652,-206.9436876309,
    19.065437829813));
#1316 = CARTESIAN_POINT('',(298.70742890215,-207.0309064755,
    19.059921284269));
#1317 = CARTESIAN_POINT('',(298.77718494503,-207.1181015291,
    19.054539049893));
#1318 = CARTESIAN_POINT('',(298.84692213684,-207.2052730188,
    19.049298786133));
#1319 = CARTESIAN_POINT('',(298.91664070576,-207.29242123,
    19.044209680961));
#1320 = CARTESIAN_POINT('',(298.98634088297,-207.3795464515,
    19.039280919857));
#1321 = CARTESIAN_POINT('',(299.16432496301,-207.6020265515,
    19.027120811387));
#1322 = CARTESIAN_POINT('',(299.27260957336,-207.7373823145,
    19.020127797839));
#1323 = CARTESIAN_POINT('',(299.38087773351,-207.8727175147,
    19.01355559371));
#1324 = CARTESIAN_POINT('',(299.48912825382,-208.008030665,
    19.007484080154));
#1325 = CARTESIAN_POINT('',(299.59736286106,-208.1433239241,
    19.001939124025));
#1326 = CARTESIAN_POINT('',(299.70558196242,-208.2785978008,
    18.996985483269));
#1327 = CARTESIAN_POINT('',(299.81378219539,-208.413848092,
    18.992656274221));
#1328 = CARTESIAN_POINT('',(299.97600759358,-208.6166298397,
    18.987175041028));
#1329 = CARTESIAN_POINT('',(300.03004048419,-208.684170953,
    18.985518594394));
#1330 = CARTESIAN_POINT('',(300.08406155135,-208.751697287,
    18.984035957312));
#1331 = CARTESIAN_POINT('',(300.13807050521,-208.8192084793,
    18.982732726028));
#1332 = CARTESIAN_POINT('',(300.19206698017,-208.886704073,
    18.98161587956));
#1333 = CARTESIAN_POINT('',(300.24605053494,-208.9541835164,
    18.980693779701));
#1334 = CARTESIAN_POINT('',(300.30002065249,-209.0216461634,
    18.97997617102));
#1335 = CARTESIAN_POINT('',(300.40119135336,-209.1481095395,
    18.979034911212));
#1336 = CARTESIAN_POINT('',(300.44840092426,-209.2071215031,
    18.978756826197));
#1337 = CARTESIAN_POINT('',(300.49560478504,-209.2661263291,
    18.978660881824));
#1338 = CARTESIAN_POINT('',(300.54280243261,-209.3251233885,
    18.978748437374));
#1339 = CARTESIAN_POINT('',(300.58999352854,-209.3841122584,
    18.979001255404));
#1340 = CARTESIAN_POINT('',(300.63717789897,-209.4430927215,
    18.979381501745));
#1341 = CARTESIAN_POINT('',(300.68435553472,-209.5020647662,
    18.979831745499));
#1342 = CARTESIAN_POINT('',(300.73152659119,-209.5610285868,
    18.980274959044));
#1343 = PCURVE('',#31,#1344);
#1344 = DEFINITIONAL_REPRESENTATION('',(#1345),#1453);
#1345 = B_SPLINE_CURVE_WITH_KNOTS('',8,(#1346,#1347,#1348,#1349,#1350,
    #1351,#1352,#1353,#1354,#1355,#1356,#1357,#1358,#1359,#1360,#1361,
    #1362,#1363,#1364,#1365,#1366,#1367,#1368,#1369,#1370,#1371,#1372,
    #1373,#1374,#1375,#1376,#1377,#1378,#1379,#1380,#1381,#1382,#1383,
    #1384,#1385,#1386,#1387,#1388,#1389,#1390,#1391,#1392,#1393,#1394,
    #1395,#1396,#1397,#1398,#1399,#1400,#1401,#1402,#1403,#1404,#1405,
    #1406,#1407,#1408,#1409,#1410,#1411,#1412,#1413,#1414,#1415,#1416,
    #1417,#1418,#1419,#1420,#1421,#1422,#1423,#1424,#1425,#1426,#1427,
    #1428,#1429,#1430,#1431,#1432,#1433,#1434,#1435,#1436,#1437,#1438,
    #1439,#1440,#1441,#1442,#1443,#1444,#1445,#1446,#1447,#1448,#1449,
    #1450,#1451,#1452),.UNSPECIFIED.,.F.,.F.,(9,7,7,7,7,7,7,7,7,7,7,7,7,
    7,7,9),(0.,9.741058483571E-02,0.183455454734,0.261078063412,
    0.395398419435,0.49674468629,0.573533168384,0.62998559069,
    0.718479463056,0.762660821341,0.806842174568,0.855040043711,
    0.891188446386,0.947371526579,0.975439203242,1.),.UNSPECIFIED.);
#1346 = CARTESIAN_POINT('',(25.214435667427,0.883720930233));
#1347 = CARTESIAN_POINT('',(24.912430434284,0.884845725059));
#1348 = CARTESIAN_POINT('',(24.610265998042,0.885969996527));
#1349 = CARTESIAN_POINT('',(24.307942831498,0.887093748397));
#1350 = CARTESIAN_POINT('',(24.005461792644,0.888216989488));
#1351 = CARTESIAN_POINT('',(23.702823302194,0.889339722639));
#1352 = CARTESIAN_POINT('',(23.400027815066,0.890461951023));
#1353 = CARTESIAN_POINT('',(23.097076318527,0.891583684875));
#1354 = CARTESIAN_POINT('',(22.526228880663,0.893695353246));
#1355 = CARTESIAN_POINT('',(22.258367027069,0.894685394612));
#1356 = CARTESIAN_POINT('',(21.990384627927,0.895675061309));
#1357 = CARTESIAN_POINT('',(21.722282256099,0.896664358665));
#1358 = CARTESIAN_POINT('',(21.454060458273,0.897653291842));
#1359 = CARTESIAN_POINT('',(21.185719754961,0.898641865846));
#1360 = CARTESIAN_POINT('',(20.917260640504,0.899630085516));
#1361 = CARTESIAN_POINT('',(20.406395439053,0.90150913066));
#1362 = CARTESIAN_POINT('',(20.164011333167,0.902400021423));
#1363 = CARTESIAN_POINT('',(19.921531546541,0.903290630481));
#1364 = CARTESIAN_POINT('',(19.678956629115,0.904180962858));
#1365 = CARTESIAN_POINT('',(19.43628697263,0.905071022122));
#1366 = CARTESIAN_POINT('',(19.193522683037,0.905960809228));
#1367 = CARTESIAN_POINT('',(18.950663752308,0.906850324028));
#1368 = CARTESIAN_POINT('',(18.287297406265,0.909278344852));
#1369 = CARTESIAN_POINT('',(17.866601854808,0.910816313161));
#1370 = CARTESIAN_POINT('',(17.445624419776,0.91235347892));
#1371 = CARTESIAN_POINT('',(17.024368041008,0.913889863518));
#1372 = CARTESIAN_POINT('',(16.602829291738,0.91542544439));
#1373 = CARTESIAN_POINT('',(16.181013826389,0.916960261738));
#1374 = CARTESIAN_POINT('',(15.758919375543,0.918494299139));
#1375 = CARTESIAN_POINT('',(15.017861801738,0.921184423936));
#1376 = CARTESIAN_POINT('',(14.699018480543,0.92234084594));
#1377 = CARTESIAN_POINT('',(14.380016600808,0.923496822866));
#1378 = CARTESIAN_POINT('',(14.060857576947,0.924652367691));
#1379 = CARTESIAN_POINT('',(13.741539430247,0.925807459734));
#1380 = CARTESIAN_POINT('',(13.422063291165,0.926962108467));
#1381 = CARTESIAN_POINT('',(13.102428423553,0.928116305374));
#1382 = CARTESIAN_POINT('',(12.540332335126,0.930144223282));
#1383 = CARTESIAN_POINT('',(12.297938678182,0.931018136961));
#1384 = CARTESIAN_POINT('',(12.055453933641,0.931891790425));
#1385 = CARTESIAN_POINT('',(11.812877816376,0.932765179168));
#1386 = CARTESIAN_POINT('',(11.570210888129,0.933638310593));
#1387 = CARTESIAN_POINT('',(11.327452164285,0.934511170738));
#1388 = CARTESIAN_POINT('',(11.084602507175,0.935383770306));
#1389 = CARTESIAN_POINT('',(10.663059675903,0.936897421976));
#1390 = CARTESIAN_POINT('',(10.484408328078,0.937538594714));
#1391 = CARTESIAN_POINT('',(10.305707879587,0.938179626427));
#1392 = CARTESIAN_POINT('',(10.126958400921,0.938820517597));
#1393 = CARTESIAN_POINT('',(9.948159950441,0.939461268611));
#1394 = CARTESIAN_POINT('',(9.769312574375,0.940101879757));
#1395 = CARTESIAN_POINT('',(9.59041630682,0.940742351228));
#1396 = CARTESIAN_POINT('',(9.130959767852,0.94238645667));
#1397 = CARTESIAN_POINT('',(8.850328309708,0.943389887109));
#1398 = CARTESIAN_POINT('',(8.569576888575,0.944392976268));
#1399 = CARTESIAN_POINT('',(8.288705591044,0.945395720743));
#1400 = CARTESIAN_POINT('',(8.007714752691,0.946398125952));
#1401 = CARTESIAN_POINT('',(7.726604786979,0.947400197361));
#1402 = CARTESIAN_POINT('',(7.445375985456,0.948401932473));
#1403 = CARTESIAN_POINT('',(7.023563529099,0.949903297425));
#1404 = CARTESIAN_POINT('',(6.883098371472,0.950403070058));
#1405 = CARTESIAN_POINT('',(6.742633216409,0.950902655842));
#1406 = CARTESIAN_POINT('',(6.602168064427,0.951402055522));
#1407 = CARTESIAN_POINT('',(6.461702914571,0.951901269812));
#1408 = CARTESIAN_POINT('',(6.321237764415,0.952400299392));
#1409 = CARTESIAN_POINT('',(6.180772610061,0.952899144908));
#1410 = CARTESIAN_POINT('',(5.899842298308,0.953896468985));
#1411 = CARTESIAN_POINT('',(5.759377141101,0.954394947625));
#1412 = CARTESIAN_POINT('',(5.618911949071,0.95489324261));
#1413 = CARTESIAN_POINT('',(5.478446822244,0.955391355643));
#1414 = CARTESIAN_POINT('',(5.337981709067,0.955889286595));
#1415 = CARTESIAN_POINT('',(5.197516525234,0.956387034898));
#1416 = CARTESIAN_POINT('',(5.057051327926,0.956884602164));
#1417 = CARTESIAN_POINT('',(4.763351432461,0.957924599346));
#1418 = CARTESIAN_POINT('',(4.610116855547,0.958466995219));
#1419 = CARTESIAN_POINT('',(4.456882085684,0.959009182483));
#1420 = CARTESIAN_POINT('',(4.30364728507,0.959551165915));
#1421 = CARTESIAN_POINT('',(4.15041260413,0.960092949234));
#1422 = CARTESIAN_POINT('',(3.997177965179,0.96063453396));
#1423 = CARTESIAN_POINT('',(3.843943192316,0.96117592004));
#1424 = CARTESIAN_POINT('',(3.575782456368,0.962122999446));
#1425 = CARTESIAN_POINT('',(3.460856418306,0.962528779679));
#1426 = CARTESIAN_POINT('',(3.345930377193,0.962934448723));
#1427 = CARTESIAN_POINT('',(3.231004337682,0.963340007112));
#1428 = CARTESIAN_POINT('',(3.116078303139,0.963745455902));
#1429 = CARTESIAN_POINT('',(3.00115227354,0.964150796419));
#1430 = CARTESIAN_POINT('',(2.886226243367,0.964556030007));
#1431 = CARTESIAN_POINT('',(2.592678222842,0.96559082117));
#1432 = CARTESIAN_POINT('',(2.414012176788,0.966220382858));
#1433 = CARTESIAN_POINT('',(2.235304127925,0.966849848906));
#1434 = CARTESIAN_POINT('',(2.056550363063,0.967479212396));
#1435 = CARTESIAN_POINT('',(1.877754708973,0.968108483368));
#1436 = CARTESIAN_POINT('',(1.698917530982,0.96873766419));
#1437 = CARTESIAN_POINT('',(1.520035493832,0.969366735312));
#1438 = CARTESIAN_POINT('',(1.25172254476,0.970309906232));
#1439 = CARTESIAN_POINT('',(1.162335628005,0.970624050944));
#1440 = CARTESIAN_POINT('',(1.072948745976,0.970938126916));
#1441 = CARTESIAN_POINT('',(0.983561872686,0.971252132462));
#1442 = CARTESIAN_POINT('',(0.8941749892,0.971566065456));
#1443 = CARTESIAN_POINT('',(0.804788083638,0.971879923333));
#1444 = CARTESIAN_POINT('',(0.715401151175,0.972193703086));
#1445 = CARTESIAN_POINT('',(0.547795575755,0.972781904835));
#1446 = CARTESIAN_POINT('',(0.469567779369,0.973056379084));
#1447 = CARTESIAN_POINT('',(0.391330676192,0.973330820135));
#1448 = CARTESIAN_POINT('',(0.313084122473,0.973605225063));
#1449 = CARTESIAN_POINT('',(0.234827959399,0.9738795919));
#1450 = CARTESIAN_POINT('',(0.156562013096,0.974153919635));
#1451 = CARTESIAN_POINT('',(7.828609462844E-02,0.974428208215));
#1452 = CARTESIAN_POINT('',(0.,0.974702458543));
#1453 = ( GEOMETRIC_REPRESENTATION_CONTEXT(2) 
PARAMETRIC_REPRESENTATION_CONTEXT() REPRESENTATION_CONTEXT('2D SPACE',''
  ) );
#1454 = PCURVE('',#1455,#1460);
#1455 = PLANE('',#1456);
#1456 = AXIS2_PLACEMENT_3D('',#1457,#1458,#1459);
#1457 = CARTESIAN_POINT('',(285.08270372175,-190.,-40.));
#1458 = DIRECTION('',(-0.780868809443,-0.624695047554,-0.));
#1459 = DIRECTION('',(-0.624695047554,0.780868809443,0.));
#1460 = DEFINITIONAL_REPRESENTATION('',(#1461),#1569);
#1461 = B_SPLINE_CURVE_WITH_KNOTS('',8,(#1462,#1463,#1464,#1465,#1466,
    #1467,#1468,#1469,#1470,#1471,#1472,#1473,#1474,#1475,#1476,#1477,
    #1478,#1479,#1480,#1481,#1482,#1483,#1484,#1485,#1486,#1487,#1488,
    #1489,#1490,#1491,#1492,#1493,#1494,#1495,#1496,#1497,#1498,#1499,
    #1500,#1501,#1502,#1503,#1504,#1505,#1506,#1507,#1508,#1509,#1510,
    #1511,#1512,#1513,#1514,#1515,#1516,#1517,#1518,#1519,#1520,#1521,
    #1522,#1523,#1524,#1525,#1526,#1527,#1528,#1529,#1530,#1531,#1532,
    #1533,#1534,#1535,#1536,#1537,#1538,#1539,#1540,#1541,#1542,#1543,
    #1544,#1545,#1546,#1547,#1548,#1549,#1550,#1551,#1552,#1553,#1554,
    #1555,#1556,#1557,#1558,#1559,#1560,#1561,#1562,#1563,#1564,#1565,
    #1566,#1567,#1568),.UNSPECIFIED.,.F.,.F.,(9,7,7,7,7,7,7,7,7,7,7,7,7,
    7,7,9),(0.,9.741058483571E-02,0.183455454734,0.261078063412,
    0.395398419435,0.49674468629,0.573533168384,0.62998559069,
    0.718479463056,0.762660821341,0.806842174568,0.855040043711,
    0.891188446386,0.947371526579,0.975439203242,1.),.UNSPECIFIED.);
#1462 = CARTESIAN_POINT('',(0.,-61.13064160671));
#1463 = CARTESIAN_POINT('',(-0.30969464363,-61.09329709785));
#1464 = CARTESIAN_POINT('',(-0.619245188671,-61.05604515306));
#1465 = CARTESIAN_POINT('',(-0.928652670739,-61.01889207557));
#1466 = CARTESIAN_POINT('',(-1.237919517673,-60.9818529457));
#1467 = CARTESIAN_POINT('',(-1.547046511377,-60.94493258406));
#1468 = CARTESIAN_POINT('',(-1.856034525172,-60.90813643913));
#1469 = CARTESIAN_POINT('',(-2.164886377364,-60.87148218511));
#1470 = CARTESIAN_POINT('',(-2.746301199422,-60.80274213614));
#1471 = CARTESIAN_POINT('',(-3.018893587488,-60.77062219825));
#1472 = CARTESIAN_POINT('',(-3.291382816673,-60.73863221947));
#1473 = CARTESIAN_POINT('',(-3.563770353302,-60.70678141131));
#1474 = CARTESIAN_POINT('',(-3.836057619293,-60.67507897954));
#1475 = CARTESIAN_POINT('',(-4.108245992158,-60.64353412422));
#1476 = CARTESIAN_POINT('',(-4.380336805003,-60.61215603968));
#1477 = CARTESIAN_POINT('',(-4.897702463761,-60.55280592205));
#1478 = CARTESIAN_POINT('',(-5.14299528608,-60.524801342));
#1479 = CARTESIAN_POINT('',(-5.388210545243,-60.4969457273));
#1480 = CARTESIAN_POINT('',(-5.633349624612,-60.46924803992));
#1481 = CARTESIAN_POINT('',(-5.878413506578,-60.44171518349));
#1482 = CARTESIAN_POINT('',(-6.123402454101,-60.41435035396));
#1483 = CARTESIAN_POINT('',(-6.368316426387,-60.38715520841));
#1484 = CARTESIAN_POINT('',(-7.036833942831,-60.31338079386));
#1485 = CARTESIAN_POINT('',(-7.460289435651,-60.26715144055));
#1486 = CARTESIAN_POINT('',(-7.883523958506,-60.22146378582));
#1487 = CARTESIAN_POINT('',(-8.306543401257,-60.17635782298));
#1488 = CARTESIAN_POINT('',(-8.729341550737,-60.13181695385));
#1489 = CARTESIAN_POINT('',(-9.151929475488,-60.0879078133));
#1490 = CARTESIAN_POINT('',(-9.574302654224,-60.04462048363));
#1491 = CARTESIAN_POINT('',(-10.31498639583,-59.96979418305));
#1492 = CARTESIAN_POINT('',(-10.6333890876,-59.93798050076));
#1493 = CARTESIAN_POINT('',(-10.95166923407,-59.90653039204));
#1494 = CARTESIAN_POINT('',(-11.2698304084,-59.87547234961));
#1495 = CARTESIAN_POINT('',(-11.58786691618,-59.84477467042));
#1496 = CARTESIAN_POINT('',(-11.90578136543,-59.8144599669));
#1497 = CARTESIAN_POINT('',(-12.22357141175,-59.78451829772));
#1498 = CARTESIAN_POINT('',(-12.78192685502,-59.73255266853));
#1499 = CARTESIAN_POINT('',(-13.02254530296,-59.71036783464));
#1500 = CARTESIAN_POINT('',(-13.26309210482,-59.68840154442));
#1501 = CARTESIAN_POINT('',(-13.50356601987,-59.66664671651));
#1502 = CARTESIAN_POINT('',(-13.74396908622,-59.64512241742));
#1503 = CARTESIAN_POINT('',(-13.98429746031,-59.62380063888));
#1504 = CARTESIAN_POINT('',(-14.22455408839,-59.60270809181));
#1505 = CARTESIAN_POINT('',(-14.64131437515,-59.56650535875));
#1506 = CARTESIAN_POINT('',(-14.81785124933,-59.55129056812));
#1507 = CARTESIAN_POINT('',(-14.99434929427,-59.53620196734));
#1508 = CARTESIAN_POINT('',(-15.17080864304,-59.52124181562));
#1509 = CARTESIAN_POINT('',(-15.34722940194,-59.50641227374));
#1510 = CARTESIAN_POINT('',(-15.52361165051,-59.49171540401));
#1511 = CARTESIAN_POINT('',(-15.69995544156,-59.4771531703));
#1512 = CARTESIAN_POINT('',(-16.15263413199,-59.44011390158));
#1513 = CARTESIAN_POINT('',(-16.42891299198,-59.41783549225));
#1514 = CARTESIAN_POINT('',(-16.70509788574,-59.3959031557));
#1515 = CARTESIAN_POINT('',(-16.98118787622,-59.37431209503));
#1516 = CARTESIAN_POINT('',(-17.25718445507,-59.35308513615));
#1517 = CARTESIAN_POINT('',(-17.53308912731,-59.33224462474));
#1518 = CARTESIAN_POINT('',(-17.80890120538,-59.31178804905));
#1519 = CARTESIAN_POINT('',(-18.22227853687,-59.28173470423));
#1520 = CARTESIAN_POINT('',(-18.35988310598,-59.27183114793));
#1521 = CARTESIAN_POINT('',(-18.49743622915,-59.26203427384));
#1522 = CARTESIAN_POINT('',(-18.63493811167,-59.25234643363));
#1523 = CARTESIAN_POINT('',(-18.77238894982,-59.24276997073));
#1524 = CARTESIAN_POINT('',(-18.90978893083,-59.23330722029));
#1525 = CARTESIAN_POINT('',(-19.04713823285,-59.22396050919));
#1526 = CARTESIAN_POINT('',(-19.32173580149,-59.20550380397));
#1527 = CARTESIAN_POINT('',(-19.45898409018,-59.19639430128));
#1528 = CARTESIAN_POINT('',(-19.59618181189,-59.18740341481));
#1529 = CARTESIAN_POINT('',(-19.73332943637,-59.17853812274));
#1530 = CARTESIAN_POINT('',(-19.87042692735,-59.16979837919));
#1531 = CARTESIAN_POINT('',(-20.00747412905,-59.16118250846));
#1532 = CARTESIAN_POINT('',(-20.14447148477,-59.15269675186));
#1533 = CARTESIAN_POINT('',(-20.43081842495,-59.13525174441));
#1534 = CARTESIAN_POINT('',(-20.58015863571,-59.12631888534));
#1535 = CARTESIAN_POINT('',(-20.72944140948,-59.11756420204));
#1536 = CARTESIAN_POINT('',(-20.87866806113,-59.10900056729));
#1537 = CARTESIAN_POINT('',(-21.02783961506,-59.10063982672));
#1538 = CARTESIAN_POINT('',(-21.17695648926,-59.0924910042));
#1539 = CARTESIAN_POINT('',(-21.32601866952,-59.08456132339));
#1540 = CARTESIAN_POINT('',(-21.58678215472,-59.07108408661));
#1541 = CARTESIAN_POINT('',(-21.69850738827,-59.06543782981));
#1542 = CARTESIAN_POINT('',(-21.81020200775,-59.05992128426));
#1543 = CARTESIAN_POINT('',(-21.92186615997,-59.05453904989));
#1544 = CARTESIAN_POINT('',(-22.03350013575,-59.04929878613));
#1545 = CARTESIAN_POINT('',(-22.14510430036,-59.04420968096));
#1546 = CARTESIAN_POINT('',(-22.25667902388,-59.03928091985));
#1547 = CARTESIAN_POINT('',(-22.54159256807,-59.02712081138));
#1548 = CARTESIAN_POINT('',(-22.71493252133,-59.02012779783));
#1549 = CARTESIAN_POINT('',(-22.88824614144,-59.01355559371));
#1550 = CARTESIAN_POINT('',(-23.06153152402,-59.00748408015));
#1551 = CARTESIAN_POINT('',(-23.23479143325,-59.00193912402));
#1552 = CARTESIAN_POINT('',(-23.40802652096,-58.99698548326));
#1553 = CARTESIAN_POINT('',(-23.58123140452,-58.99265627422));
#1554 = CARTESIAN_POINT('',(-23.8409187493,-58.98717504102));
#1555 = CARTESIAN_POINT('',(-23.92741357717,-58.98551859439));
#1556 = CARTESIAN_POINT('',(-24.01388947829,-58.98403595731));
#1557 = CARTESIAN_POINT('',(-24.10034598865,-58.98273272602));
#1558 = CARTESIAN_POINT('',(-24.18678252305,-58.98161587956));
#1559 = CARTESIAN_POINT('',(-24.27319837504,-58.9806937797));
#1560 = CARTESIAN_POINT('',(-24.35959271698,-58.97997617102));
#1561 = CARTESIAN_POINT('',(-24.5215448587,-58.97903491121));
#1562 = CARTESIAN_POINT('',(-24.59711704561,-58.97875682619));
#1563 = CARTESIAN_POINT('',(-24.67268009187,-58.97866088182));
#1564 = CARTESIAN_POINT('',(-24.74823319216,-58.97874843737));
#1565 = CARTESIAN_POINT('',(-24.82377580468,-58.9790012554));
#1566 = CARTESIAN_POINT('',(-24.89930765118,-58.97938150174));
#1567 = CARTESIAN_POINT('',(-24.97482871691,-58.97983174549));
#1568 = CARTESIAN_POINT('',(-25.05033925065,-58.98027495904));
#1569 = ( GEOMETRIC_REPRESENTATION_CONTEXT(2) 
PARAMETRIC_REPRESENTATION_CONTEXT() REPRESENTATION_CONTEXT('2D SPACE',''
  ) );
#1570 = ADVANCED_FACE('',(#1571),#554,.T.);
#1571 = FACE_BOUND('',#1572,.F.);
#1572 = EDGE_LOOP('',(#1573,#1593,#1646,#1669,#1697,#1734,#1773,#1796,
    #1849,#1874,#2490,#2511));
#1573 = ORIENTED_EDGE('',*,*,#1574,.F.);
#1574 = EDGE_CURVE('',#1575,#331,#1577,.T.);
#1575 = VERTEX_POINT('',#1576);
#1576 = CARTESIAN_POINT('',(297.86331400064,-70.4,20.579104102846));
#1577 = SURFACE_CURVE('',#1578,(#1581,#1587),.PCURVE_S1.);
#1578 = B_SPLINE_CURVE_WITH_KNOTS('',1,(#1579,#1580),.UNSPECIFIED.,.F.,
  .F.,(2,2),(0.,1.),.PIECEWISE_BEZIER_KNOTS.);
#1579 = CARTESIAN_POINT('',(297.59135821248,-70.4,19.905989906865));
#1580 = CARTESIAN_POINT('',(298.06704341834,-70.4,21.083352106237));
#1581 = PCURVE('',#554,#1582);
#1582 = DEFINITIONAL_REPRESENTATION('',(#1583),#1586);
#1583 = B_SPLINE_CURVE_WITH_KNOTS('',1,(#1584,#1585),.UNSPECIFIED.,.F.,
  .F.,(2,2),(0.,1.),.PIECEWISE_BEZIER_KNOTS.);
#1584 = CARTESIAN_POINT('',(-82.40864178751,-59.90598990686));
#1585 = CARTESIAN_POINT('',(-81.93295658166,-61.08335210623));
#1586 = ( GEOMETRIC_REPRESENTATION_CONTEXT(2) 
PARAMETRIC_REPRESENTATION_CONTEXT() REPRESENTATION_CONTEXT('2D SPACE',''
  ) );
#1587 = PCURVE('',#732,#1588);
#1588 = DEFINITIONAL_REPRESENTATION('',(#1589),#1592);
#1589 = B_SPLINE_CURVE_WITH_KNOTS('',1,(#1590,#1591),.UNSPECIFIED.,.F.,
  .F.,(2,2),(0.,1.),.PIECEWISE_BEZIER_KNOTS.);
#1590 = CARTESIAN_POINT('',(5.60747453229,1.147540983607E-02));
#1591 = CARTESIAN_POINT('',(4.337648495552,1.147540983607E-02));
#1592 = ( GEOMETRIC_REPRESENTATION_CONTEXT(2) 
PARAMETRIC_REPRESENTATION_CONTEXT() REPRESENTATION_CONTEXT('2D SPACE',''
  ) );
#1593 = ORIENTED_EDGE('',*,*,#1594,.F.);
#1594 = EDGE_CURVE('',#1595,#1575,#1597,.T.);
#1595 = VERTEX_POINT('',#1596);
#1596 = CARTESIAN_POINT('',(297.63335987413,-70.4,20.603394471599));
#1597 = SURFACE_CURVE('',#1598,(#1603,#1610),.PCURVE_S1.);
#1598 = CIRCLE('',#1599,1.498833333333);
#1599 = AXIS2_PLACEMENT_3D('',#1600,#1601,#1602);
#1600 = CARTESIAN_POINT('',(297.59135821248,-70.4,19.105149758099));
#1601 = DIRECTION('',(0.,1.,0.));
#1602 = DIRECTION('',(-0.,-0.,1.));
#1603 = PCURVE('',#554,#1604);
#1604 = DEFINITIONAL_REPRESENTATION('',(#1605),#1609);
#1605 = CIRCLE('',#1606,1.498833333333);
#1606 = AXIS2_PLACEMENT_2D('',#1607,#1608);
#1607 = CARTESIAN_POINT('',(-82.40864178751,-59.10514975809));
#1608 = DIRECTION('',(-0.,-1.));
#1609 = ( GEOMETRIC_REPRESENTATION_CONTEXT(2) 
PARAMETRIC_REPRESENTATION_CONTEXT() REPRESENTATION_CONTEXT('2D SPACE',''
  ) );
#1610 = PCURVE('',#1611,#1640);
#1611 = B_SPLINE_SURFACE_WITH_KNOTS('',13,1,(
    (#1612,#1613)
    ,(#1614,#1615)
    ,(#1616,#1617)
    ,(#1618,#1619)
    ,(#1620,#1621)
    ,(#1622,#1623)
    ,(#1624,#1625)
    ,(#1626,#1627)
    ,(#1628,#1629)
    ,(#1630,#1631)
    ,(#1632,#1633)
    ,(#1634,#1635)
    ,(#1636,#1637)
    ,(#1638,#1639
    )),.UNSPECIFIED.,.T.,.F.,.F.,(14,14),(2,2),(0.,6.28318530718),(0.,1.
    ),.PIECEWISE_BEZIER_KNOTS.);
#1612 = CARTESIAN_POINT('',(297.59135821248,-70.4,20.603983091432));
#1613 = CARTESIAN_POINT('',(285.08270372175,-190.,20.605816287289));
#1614 = CARTESIAN_POINT('',(298.31577725692,-70.39999999999,
    20.60398309143));
#1615 = CARTESIAN_POINT('',(285.63852396041,-189.9999999999,
    20.605816287288));
#1616 = CARTESIAN_POINT('',(299.04019659116,-70.40000000002,
    20.224676085388));
#1617 = CARTESIAN_POINT('',(286.19434442163,-190.0000000001,
    20.314787893904));
#1618 = CARTESIAN_POINT('',(299.54795412979,-70.39999999992,
    19.466084655182));
#1619 = CARTESIAN_POINT('',(286.58392821036,-189.9999999996,
    19.732748433391));
#1620 = CARTESIAN_POINT('',(299.62241466442,-70.40000000014,
    18.464216879548));
#1621 = CARTESIAN_POINT('',(286.64105905644,-190.0000000007,
    18.964051930342));
#1622 = CARTESIAN_POINT('',(299.14185434531,-70.39999999979,
    17.491773718957));
#1623 = CARTESIAN_POINT('',(286.27234269725,-189.9999999989,
    18.217931858281));
#1624 = CARTESIAN_POINT('',(298.1750753663,-70.40000000021,
    16.881330772054));
#1625 = CARTESIAN_POINT('',(285.53056854691,-190.0000000012,
    17.749561310786));
#1626 = CARTESIAN_POINT('',(297.00764105872,-70.39999999982,
    16.881330771919));
#1627 = CARTESIAN_POINT('',(284.63483889673,-189.9999999987,
    17.749561310676));
#1628 = CARTESIAN_POINT('',(296.04086207955,-70.40000000011,
    17.491773719065));
#1629 = CARTESIAN_POINT('',(283.89306474591,-190.0000000009,
    18.217931858368));
#1630 = CARTESIAN_POINT('',(295.56030176064,-70.39999999994,
    18.46421687948));
#1631 = CARTESIAN_POINT('',(283.52434838738,-189.9999999994,
    18.964051930288));
#1632 = CARTESIAN_POINT('',(295.63476229512,-70.40000000002,
    19.466084655215));
#1633 = CARTESIAN_POINT('',(283.58147923292,-190.0000000002,
    19.732748433416));
#1634 = CARTESIAN_POINT('',(296.14251983383,-70.39999999999,
    20.224676085376));
#1635 = CARTESIAN_POINT('',(283.97106302195,-189.9999999999,
    20.314787893895));
#1636 = CARTESIAN_POINT('',(296.86693916804,-70.4,20.603983091433));
#1637 = CARTESIAN_POINT('',(284.52688348306,-190.,20.60581628729));
#1638 = CARTESIAN_POINT('',(297.59135821248,-70.4,20.603983091432));
#1639 = CARTESIAN_POINT('',(285.08270372175,-190.,20.605816287289));
#1640 = DEFINITIONAL_REPRESENTATION('',(#1641),#1645);
#1641 = LINE('',#1642,#1643);
#1642 = CARTESIAN_POINT('',(0.,0.));
#1643 = VECTOR('',#1644,1.);
#1644 = DIRECTION('',(1.,0.));
#1645 = ( GEOMETRIC_REPRESENTATION_CONTEXT(2) 
PARAMETRIC_REPRESENTATION_CONTEXT() REPRESENTATION_CONTEXT('2D SPACE',''
  ) );
#1646 = ORIENTED_EDGE('',*,*,#1647,.T.);
#1647 = EDGE_CURVE('',#1595,#1648,#1650,.T.);
#1648 = VERTEX_POINT('',#1649);
#1649 = CARTESIAN_POINT('',(297.61852382373,-70.4,20.074176502572));
#1650 = SURFACE_CURVE('',#1651,(#1655,#1662),.PCURVE_S1.);
#1651 = LINE('',#1652,#1653);
#1652 = CARTESIAN_POINT('',(296.79589154966,-70.4,-9.270006739133));
#1653 = VECTOR('',#1654,1.);
#1654 = DIRECTION('',(-2.802290335518E-02,0.,-0.99960728133));
#1655 = PCURVE('',#554,#1656);
#1656 = DEFINITIONAL_REPRESENTATION('',(#1657),#1661);
#1657 = LINE('',#1658,#1659);
#1658 = CARTESIAN_POINT('',(-83.20410845033,-30.72999326086));
#1659 = VECTOR('',#1660,1.);
#1660 = DIRECTION('',(-2.802290335518E-02,0.99960728133));
#1661 = ( GEOMETRIC_REPRESENTATION_CONTEXT(2) 
PARAMETRIC_REPRESENTATION_CONTEXT() REPRESENTATION_CONTEXT('2D SPACE',''
  ) );
#1662 = PCURVE('',#793,#1663);
#1663 = DEFINITIONAL_REPRESENTATION('',(#1664),#1668);
#1664 = LINE('',#1665,#1666);
#1665 = CARTESIAN_POINT('',(0.791151415863,28.375277142105));
#1666 = VECTOR('',#1667,1.);
#1667 = DIRECTION('',(2.787088473003E-02,0.999611531438));
#1668 = ( GEOMETRIC_REPRESENTATION_CONTEXT(2) 
PARAMETRIC_REPRESENTATION_CONTEXT() REPRESENTATION_CONTEXT('2D SPACE',''
  ) );
#1669 = ORIENTED_EDGE('',*,*,#1670,.F.);
#1670 = EDGE_CURVE('',#1671,#1648,#1673,.T.);
#1671 = VERTEX_POINT('',#1672);
#1672 = CARTESIAN_POINT('',(298.36897039894,-70.4,20.074176502572));
#1673 = SURFACE_CURVE('',#1674,(#1678,#1685),.PCURVE_S1.);
#1674 = LINE('',#1675,#1676);
#1675 = CARTESIAN_POINT('',(336.2779714162,-70.4,20.074176502572));
#1676 = VECTOR('',#1677,1.);
#1677 = DIRECTION('',(-1.,-0.,-0.));
#1678 = PCURVE('',#554,#1679);
#1679 = DEFINITIONAL_REPRESENTATION('',(#1680),#1684);
#1680 = LINE('',#1681,#1682);
#1681 = CARTESIAN_POINT('',(-43.7220285838,-60.07417650257));
#1682 = VECTOR('',#1683,1.);
#1683 = DIRECTION('',(-1.,0.));
#1684 = ( GEOMETRIC_REPRESENTATION_CONTEXT(2) 
PARAMETRIC_REPRESENTATION_CONTEXT() REPRESENTATION_CONTEXT('2D SPACE',''
  ) );
#1685 = PCURVE('',#1686,#1691);
#1686 = PLANE('',#1687);
#1687 = AXIS2_PLACEMENT_3D('',#1688,#1689,#1690);
#1688 = CARTESIAN_POINT('',(292.5559428324,-69.4,20.074176502572));
#1689 = DIRECTION('',(-0.,-0.,1.));
#1690 = DIRECTION('',(-1.,0.,0.));
#1691 = DEFINITIONAL_REPRESENTATION('',(#1692),#1696);
#1692 = LINE('',#1693,#1694);
#1693 = CARTESIAN_POINT('',(-43.7220285838,1.));
#1694 = VECTOR('',#1695,1.);
#1695 = DIRECTION('',(1.,-0.));
#1696 = ( GEOMETRIC_REPRESENTATION_CONTEXT(2) 
PARAMETRIC_REPRESENTATION_CONTEXT() REPRESENTATION_CONTEXT('2D SPACE',''
  ) );
#1697 = ORIENTED_EDGE('',*,*,#1698,.F.);
#1698 = EDGE_CURVE('',#1699,#1671,#1701,.T.);
#1699 = VERTEX_POINT('',#1700);
#1700 = CARTESIAN_POINT('',(298.83812165387,-70.4,19.10477157522));
#1701 = SURFACE_CURVE('',#1702,(#1707,#1718),.PCURVE_S1.);
#1702 = ELLIPSE('',#1703,1.246768742345,1.24);
#1703 = AXIS2_PLACEMENT_3D('',#1704,#1705,#1706);
#1704 = CARTESIAN_POINT('',(297.59135821248,-70.4,19.105149758099));
#1705 = DIRECTION('',(0.,-1.,-0.));
#1706 = DIRECTION('',(-0.99960728133,-0.,2.802290335518E-02));
#1707 = PCURVE('',#554,#1708);
#1708 = DEFINITIONAL_REPRESENTATION('',(#1709),#1717);
#1709 = ( BOUNDED_CURVE() B_SPLINE_CURVE(2,(#1710,#1711,#1712,#1713,
#1714,#1715,#1716),.UNSPECIFIED.,.T.,.F.) B_SPLINE_CURVE_WITH_KNOTS((1,2
    ,2,2,2,1),(-2.094395102393,0.,2.094395102393,4.188790204786,
6.28318530718,8.377580409573),.UNSPECIFIED.) CURVE() 
GEOMETRIC_REPRESENTATION_ITEM() RATIONAL_B_SPLINE_CURVE((1.,0.5,1.,0.5,
1.,0.5,1.)) REPRESENTATION_ITEM('') );
#1710 = CARTESIAN_POINT('',(-83.65492090049,-59.14008783807));
#1711 = CARTESIAN_POINT('',(-83.71510689505,-56.99318829546));
#1712 = CARTESIAN_POINT('',(-81.8155952283,-58.0142309468));
#1713 = CARTESIAN_POINT('',(-79.91608356154,-59.03527359815));
#1714 = CARTESIAN_POINT('',(-81.75540923374,-60.16113048941));
#1715 = CARTESIAN_POINT('',(-83.59473490593,-61.28698738068));
#1716 = CARTESIAN_POINT('',(-83.65492090049,-59.14008783807));
#1717 = ( GEOMETRIC_REPRESENTATION_CONTEXT(2) 
PARAMETRIC_REPRESENTATION_CONTEXT() REPRESENTATION_CONTEXT('2D SPACE',''
  ) );
#1718 = PCURVE('',#1719,#1724);
#1719 = CYLINDRICAL_SURFACE('',#1720,1.24);
#1720 = AXIS2_PLACEMENT_3D('',#1721,#1722,#1723);
#1721 = CARTESIAN_POINT('',(297.64365191855,-69.9,19.103683760903));
#1722 = DIRECTION('',(-0.104019604147,-0.994570972053,2.916076511733E-03
    ));
#1723 = DIRECTION('',(0.994575200748,-0.104020046415,-5.421010862428E-20
    ));
#1724 = DEFINITIONAL_REPRESENTATION('',(#1725),#1733);
#1725 = B_SPLINE_CURVE_WITH_KNOTS('',6,(#1726,#1727,#1728,#1729,#1730,
    #1731,#1732),.UNSPECIFIED.,.F.,.F.,(7,7),(3.169467147868,
    4.068393012326),.PIECEWISE_BEZIER_KNOTS.);
#1726 = CARTESIAN_POINT('',(-6.28318530718,0.373040389144));
#1727 = CARTESIAN_POINT('',(-6.13336432977,0.373582134344));
#1728 = CARTESIAN_POINT('',(-5.98354335236,0.3776170981));
#1729 = CARTESIAN_POINT('',(-5.833722374951,0.385123601237));
#1730 = CARTESIAN_POINT('',(-5.683901397541,0.395843821566));
#1731 = CARTESIAN_POINT('',(-5.534080420132,0.409290006908));
#1732 = CARTESIAN_POINT('',(-5.384259442722,0.42483437369));
#1733 = ( GEOMETRIC_REPRESENTATION_CONTEXT(2) 
PARAMETRIC_REPRESENTATION_CONTEXT() REPRESENTATION_CONTEXT('2D SPACE',''
  ) );
#1734 = ORIENTED_EDGE('',*,*,#1735,.F.);
#1735 = EDGE_CURVE('',#1736,#1699,#1738,.T.);
#1736 = VERTEX_POINT('',#1737);
#1737 = CARTESIAN_POINT('',(297.55660981232,-70.4,17.865636729265));
#1738 = SURFACE_CURVE('',#1739,(#1744,#1755),.PCURVE_S1.);
#1739 = ELLIPSE('',#1740,1.246768742345,1.24);
#1740 = AXIS2_PLACEMENT_3D('',#1741,#1742,#1743);
#1741 = CARTESIAN_POINT('',(297.59135821248,-70.4,19.105149758099));
#1742 = DIRECTION('',(0.,-1.,-0.));
#1743 = DIRECTION('',(-0.99960728133,-0.,2.802290335518E-02));
#1744 = PCURVE('',#554,#1745);
#1745 = DEFINITIONAL_REPRESENTATION('',(#1746),#1754);
#1746 = ( BOUNDED_CURVE() B_SPLINE_CURVE(2,(#1747,#1748,#1749,#1750,
#1751,#1752,#1753),.UNSPECIFIED.,.T.,.F.) B_SPLINE_CURVE_WITH_KNOTS((1,2
    ,2,2,2,1),(-2.094395102393,0.,2.094395102393,4.188790204786,
6.28318530718,8.377580409573),.UNSPECIFIED.) CURVE() 
GEOMETRIC_REPRESENTATION_ITEM() RATIONAL_B_SPLINE_CURVE((1.,0.5,1.,0.5,
1.,0.5,1.)) REPRESENTATION_ITEM('') );
#1747 = CARTESIAN_POINT('',(-83.65492090049,-59.14008783807));
#1748 = CARTESIAN_POINT('',(-83.71510689505,-56.99318829546));
#1749 = CARTESIAN_POINT('',(-81.8155952283,-58.0142309468));
#1750 = CARTESIAN_POINT('',(-79.91608356154,-59.03527359815));
#1751 = CARTESIAN_POINT('',(-81.75540923374,-60.16113048941));
#1752 = CARTESIAN_POINT('',(-83.59473490593,-61.28698738068));
#1753 = CARTESIAN_POINT('',(-83.65492090049,-59.14008783807));
#1754 = ( GEOMETRIC_REPRESENTATION_CONTEXT(2) 
PARAMETRIC_REPRESENTATION_CONTEXT() REPRESENTATION_CONTEXT('2D SPACE',''
  ) );
#1755 = PCURVE('',#1719,#1756);
#1756 = DEFINITIONAL_REPRESENTATION('',(#1757),#1772);
#1757 = B_SPLINE_CURVE_WITH_KNOTS('',7,(#1758,#1759,#1760,#1761,#1762,
    #1763,#1764,#1765,#1766,#1767,#1768,#1769,#1770,#1771),
  .UNSPECIFIED.,.F.,.F.,(8,6,8),(5.412133937001,7.432393196024,
    9.452652455048),.UNSPECIFIED.);
#1758 = CARTESIAN_POINT('',(-10.32370382522,0.5862843998));
#1759 = CARTESIAN_POINT('',(-10.03509535965,0.614929204331));
#1760 = CARTESIAN_POINT('',(-9.746486894077,0.635453038777));
#1761 = CARTESIAN_POINT('',(-9.457878428502,0.643969529442));
#1762 = CARTESIAN_POINT('',(-9.16926996293,0.638196664596));
#1763 = CARTESIAN_POINT('',(-8.880661497352,0.61899009593));
#1764 = CARTESIAN_POINT('',(-8.592053031778,0.589985299915));
#1765 = CARTESIAN_POINT('',(-8.014836100628,0.521654719483));
#1766 = CARTESIAN_POINT('',(-7.726227635054,0.482330863012));
#1767 = CARTESIAN_POINT('',(-7.437619169478,0.442491576326));
#1768 = CARTESIAN_POINT('',(-7.149010703904,0.407855660672));
#1769 = CARTESIAN_POINT('',(-6.860402238329,0.383556837441));
#1770 = CARTESIAN_POINT('',(-6.571793772754,0.371996795291));
#1771 = CARTESIAN_POINT('',(-6.28318530718,0.373040389144));
#1772 = ( GEOMETRIC_REPRESENTATION_CONTEXT(2) 
PARAMETRIC_REPRESENTATION_CONTEXT() REPRESENTATION_CONTEXT('2D SPACE',''
  ) );
#1773 = ORIENTED_EDGE('',*,*,#1774,.T.);
#1774 = EDGE_CURVE('',#1736,#1775,#1777,.T.);
#1775 = VERTEX_POINT('',#1776);
#1776 = CARTESIAN_POINT('',(297.54935655084,-70.4,17.606905044599));
#1777 = SURFACE_CURVE('',#1778,(#1782,#1789),.PCURVE_S1.);
#1778 = LINE('',#1779,#1780);
#1779 = CARTESIAN_POINT('',(296.79589154966,-70.4,-9.270006739133));
#1780 = VECTOR('',#1781,1.);
#1781 = DIRECTION('',(-2.802290335518E-02,0.,-0.99960728133));
#1782 = PCURVE('',#554,#1783);
#1783 = DEFINITIONAL_REPRESENTATION('',(#1784),#1788);
#1784 = LINE('',#1785,#1786);
#1785 = CARTESIAN_POINT('',(-83.20410845033,-30.72999326086));
#1786 = VECTOR('',#1787,1.);
#1787 = DIRECTION('',(-2.802290335518E-02,0.99960728133));
#1788 = ( GEOMETRIC_REPRESENTATION_CONTEXT(2) 
PARAMETRIC_REPRESENTATION_CONTEXT() REPRESENTATION_CONTEXT('2D SPACE',''
  ) );
#1789 = PCURVE('',#793,#1790);
#1790 = DEFINITIONAL_REPRESENTATION('',(#1791),#1795);
#1791 = LINE('',#1792,#1793);
#1792 = CARTESIAN_POINT('',(0.791151415863,28.375277142105));
#1793 = VECTOR('',#1794,1.);
#1794 = DIRECTION('',(2.787088473003E-02,0.999611531438));
#1795 = ( GEOMETRIC_REPRESENTATION_CONTEXT(2) 
PARAMETRIC_REPRESENTATION_CONTEXT() REPRESENTATION_CONTEXT('2D SPACE',''
  ) );
#1796 = ORIENTED_EDGE('',*,*,#1797,.F.);
#1797 = EDGE_CURVE('',#1798,#1775,#1800,.T.);
#1798 = VERTEX_POINT('',#1799);
#1799 = CARTESIAN_POINT('',(297.86331400064,-70.4,17.631195413352));
#1800 = SURFACE_CURVE('',#1801,(#1806,#1813),.PCURVE_S1.);
#1801 = CIRCLE('',#1802,1.498833333333);
#1802 = AXIS2_PLACEMENT_3D('',#1803,#1804,#1805);
#1803 = CARTESIAN_POINT('',(297.59135821248,-70.4,19.105149758099));
#1804 = DIRECTION('',(0.,1.,0.));
#1805 = DIRECTION('',(-0.,-0.,1.));
#1806 = PCURVE('',#554,#1807);
#1807 = DEFINITIONAL_REPRESENTATION('',(#1808),#1812);
#1808 = CIRCLE('',#1809,1.498833333333);
#1809 = AXIS2_PLACEMENT_2D('',#1810,#1811);
#1810 = CARTESIAN_POINT('',(-82.40864178751,-59.10514975809));
#1811 = DIRECTION('',(-0.,-1.));
#1812 = ( GEOMETRIC_REPRESENTATION_CONTEXT(2) 
PARAMETRIC_REPRESENTATION_CONTEXT() REPRESENTATION_CONTEXT('2D SPACE',''
  ) );
#1813 = PCURVE('',#1814,#1843);
#1814 = B_SPLINE_SURFACE_WITH_KNOTS('',13,1,(
    (#1815,#1816)
    ,(#1817,#1818)
    ,(#1819,#1820)
    ,(#1821,#1822)
    ,(#1823,#1824)
    ,(#1825,#1826)
    ,(#1827,#1828)
    ,(#1829,#1830)
    ,(#1831,#1832)
    ,(#1833,#1834)
    ,(#1835,#1836)
    ,(#1837,#1838)
    ,(#1839,#1840)
    ,(#1841,#1842
    )),.UNSPECIFIED.,.T.,.F.,.F.,(14,14),(2,2),(0.,6.28318530718),(0.,1.
    ),.PIECEWISE_BEZIER_KNOTS.);
#1815 = CARTESIAN_POINT('',(297.59135821248,-70.4,20.603983091432));
#1816 = CARTESIAN_POINT('',(285.08270372175,-190.,20.605816287289));
#1817 = CARTESIAN_POINT('',(298.31577725692,-70.39999999999,
    20.60398309143));
#1818 = CARTESIAN_POINT('',(285.63852396041,-189.9999999999,
    20.605816287288));
#1819 = CARTESIAN_POINT('',(299.04019659116,-70.40000000002,
    20.224676085388));
#1820 = CARTESIAN_POINT('',(286.19434442163,-190.0000000001,
    20.314787893904));
#1821 = CARTESIAN_POINT('',(299.54795412979,-70.39999999992,
    19.466084655182));
#1822 = CARTESIAN_POINT('',(286.58392821036,-189.9999999996,
    19.732748433391));
#1823 = CARTESIAN_POINT('',(299.62241466442,-70.40000000014,
    18.464216879548));
#1824 = CARTESIAN_POINT('',(286.64105905644,-190.0000000007,
    18.964051930342));
#1825 = CARTESIAN_POINT('',(299.14185434531,-70.39999999979,
    17.491773718957));
#1826 = CARTESIAN_POINT('',(286.27234269725,-189.9999999989,
    18.217931858281));
#1827 = CARTESIAN_POINT('',(298.1750753663,-70.40000000021,
    16.881330772054));
#1828 = CARTESIAN_POINT('',(285.53056854691,-190.0000000012,
    17.749561310786));
#1829 = CARTESIAN_POINT('',(297.00764105872,-70.39999999982,
    16.881330771919));
#1830 = CARTESIAN_POINT('',(284.63483889673,-189.9999999987,
    17.749561310676));
#1831 = CARTESIAN_POINT('',(296.04086207955,-70.40000000011,
    17.491773719065));
#1832 = CARTESIAN_POINT('',(283.89306474591,-190.0000000009,
    18.217931858368));
#1833 = CARTESIAN_POINT('',(295.56030176064,-70.39999999994,
    18.46421687948));
#1834 = CARTESIAN_POINT('',(283.52434838738,-189.9999999994,
    18.964051930288));
#1835 = CARTESIAN_POINT('',(295.63476229512,-70.40000000002,
    19.466084655215));
#1836 = CARTESIAN_POINT('',(283.58147923292,-190.0000000002,
    19.732748433416));
#1837 = CARTESIAN_POINT('',(296.14251983383,-70.39999999999,
    20.224676085376));
#1838 = CARTESIAN_POINT('',(283.97106302195,-189.9999999999,
    20.314787893895));
#1839 = CARTESIAN_POINT('',(296.86693916804,-70.4,20.603983091433));
#1840 = CARTESIAN_POINT('',(284.52688348306,-190.,20.60581628729));
#1841 = CARTESIAN_POINT('',(297.59135821248,-70.4,20.603983091432));
#1842 = CARTESIAN_POINT('',(285.08270372175,-190.,20.605816287289));
#1843 = DEFINITIONAL_REPRESENTATION('',(#1844),#1848);
#1844 = LINE('',#1845,#1846);
#1845 = CARTESIAN_POINT('',(0.,0.));
#1846 = VECTOR('',#1847,1.);
#1847 = DIRECTION('',(1.,0.));
#1848 = ( GEOMETRIC_REPRESENTATION_CONTEXT(2) 
PARAMETRIC_REPRESENTATION_CONTEXT() REPRESENTATION_CONTEXT('2D SPACE',''
  ) );
#1849 = ORIENTED_EDGE('',*,*,#1850,.F.);
#1850 = EDGE_CURVE('',#1851,#1798,#1853,.T.);
#1851 = VERTEX_POINT('',#1852);
#1852 = CARTESIAN_POINT('',(298.05976113297,-70.4,17.144971698733));
#1853 = SURFACE_CURVE('',#1854,(#1857,#1863),.PCURVE_S1.);
#1854 = B_SPLINE_CURVE_WITH_KNOTS('',1,(#1855,#1856),.UNSPECIFIED.,.F.,
  .F.,(2,2),(0.,1.),.PIECEWISE_BEZIER_KNOTS.);
#1855 = CARTESIAN_POINT('',(298.06111718453,-70.4,17.141615353346));
#1856 = CARTESIAN_POINT('',(297.59135821248,-70.4,18.304309609333));
#1857 = PCURVE('',#554,#1858);
#1858 = DEFINITIONAL_REPRESENTATION('',(#1859),#1862);
#1859 = B_SPLINE_CURVE_WITH_KNOTS('',1,(#1860,#1861),.UNSPECIFIED.,.F.,
  .F.,(2,2),(0.,1.),.PIECEWISE_BEZIER_KNOTS.);
#1860 = CARTESIAN_POINT('',(-81.93888281546,-57.14161535334));
#1861 = CARTESIAN_POINT('',(-82.40864178751,-58.30430960933));
#1862 = ( GEOMETRIC_REPRESENTATION_CONTEXT(2) 
PARAMETRIC_REPRESENTATION_CONTEXT() REPRESENTATION_CONTEXT('2D SPACE',''
  ) );
#1863 = PCURVE('',#1864,#1869);
#1864 = B_SPLINE_SURFACE_WITH_KNOTS('',1,1,(
    (#1865,#1866)
    ,(#1867,#1868
    )),.UNSPECIFIED.,.F.,.F.,.F.,(2,2),(2,2),(0.,6.471208456066),(0.,1.)
  ,.PIECEWISE_BEZIER_KNOTS.);
#1865 = CARTESIAN_POINT('',(297.41422016666,-69.,19.101044965951));
#1866 = CARTESIAN_POINT('',(284.65455588681,-191.,19.45874828168));
#1867 = CARTESIAN_POINT('',(299.83837752167,-69.,13.101044965951));
#1868 = CARTESIAN_POINT('',(287.07871324182,-191.,13.45874828168));
#1869 = DEFINITIONAL_REPRESENTATION('',(#1870),#1873);
#1870 = B_SPLINE_CURVE_WITH_KNOTS('',1,(#1871,#1872),.UNSPECIFIED.,.F.,
  .F.,(2,2),(0.,1.),.PIECEWISE_BEZIER_KNOTS.);
#1871 = CARTESIAN_POINT('',(2.117740073969,1.147540983607E-02));
#1872 = CARTESIAN_POINT('',(0.863733923775,1.147540983607E-02));
#1873 = ( GEOMETRIC_REPRESENTATION_CONTEXT(2) 
PARAMETRIC_REPRESENTATION_CONTEXT() REPRESENTATION_CONTEXT('2D SPACE',''
  ) );
#1874 = ORIENTED_EDGE('',*,*,#1875,.F.);
#1875 = EDGE_CURVE('',#1876,#1851,#1878,.T.);
#1876 = VERTEX_POINT('',#1877);
#1877 = CARTESIAN_POINT('',(320.10610617646,-70.4,17.403151141478));
#1878 = SURFACE_CURVE('',#1879,(#1987,#2098),.PCURVE_S1.);
#1879 = B_SPLINE_CURVE_WITH_KNOTS('',8,(#1880,#1881,#1882,#1883,#1884,
    #1885,#1886,#1887,#1888,#1889,#1890,#1891,#1892,#1893,#1894,#1895,
    #1896,#1897,#1898,#1899,#1900,#1901,#1902,#1903,#1904,#1905,#1906,
    #1907,#1908,#1909,#1910,#1911,#1912,#1913,#1914,#1915,#1916,#1917,
    #1918,#1919,#1920,#1921,#1922,#1923,#1924,#1925,#1926,#1927,#1928,
    #1929,#1930,#1931,#1932,#1933,#1934,#1935,#1936,#1937,#1938,#1939,
    #1940,#1941,#1942,#1943,#1944,#1945,#1946,#1947,#1948,#1949,#1950,
    #1951,#1952,#1953,#1954,#1955,#1956,#1957,#1958,#1959,#1960,#1961,
    #1962,#1963,#1964,#1965,#1966,#1967,#1968,#1969,#1970,#1971,#1972,
    #1973,#1974,#1975,#1976,#1977,#1978,#1979,#1980,#1981,#1982,#1983,
    #1984,#1985,#1986),.UNSPECIFIED.,.F.,.F.,(9,7,7,7,7,7,7,7,7,7,7,7,7,
    7,7,9),(0.,3.225778316847E-02,8.0644534674E-02,0.104837981169,
    0.133063672253,0.16128936349,0.201611781626,0.245966440612,
    0.366933694002,0.415320593778,0.512094393282,0.641126125939,
    0.709674233949,0.778222341986,0.8588671749,1.),.UNSPECIFIED.);
#1880 = CARTESIAN_POINT('',(320.10610617646,-70.4,17.403151141478));
#1881 = CARTESIAN_POINT('',(320.01545384954,-70.4,17.398037067664));
#1882 = CARTESIAN_POINT('',(319.92480148363,-70.4,17.392924295469));
#1883 = CARTESIAN_POINT('',(319.83414695884,-70.4,17.387849314711));
#1884 = CARTESIAN_POINT('',(319.74348852303,-70.4,17.382843604545));
#1885 = CARTESIAN_POINT('',(319.65282479182,-70.4,17.377933633455));
#1886 = CARTESIAN_POINT('',(319.56215474857,-70.4,17.373140859257));
#1887 = CARTESIAN_POINT('',(319.4714777444,-70.4,17.368481729102));
#1888 = CARTESIAN_POINT('',(319.24476691309,-70.4,17.357196594284));
#1889 = CARTESIAN_POINT('',(319.1087230954,-70.4,17.3507711767));
#1890 = CARTESIAN_POINT('',(318.97266197216,-70.4,17.344690803826));
#1891 = CARTESIAN_POINT('',(318.83658259402,-70.4,17.339090109773));
#1892 = CARTESIAN_POINT('',(318.70047669255,-70.4,17.33408792705));
#1893 = CARTESIAN_POINT('',(318.56436357471,-70.4,17.329332536737));
#1894 = CARTESIAN_POINT('',(318.4282364553,-70.4,17.324996594449));
#1895 = CARTESIAN_POINT('',(318.22403372124,-70.4,17.318954763983));
#1896 = CARTESIAN_POINT('',(318.15596366479,-70.4,17.317020878128));
#1897 = CARTESIAN_POINT('',(318.08789148388,-70.4,17.315162042254));
#1898 = CARTESIAN_POINT('',(318.01981739213,-70.4,17.313373428743));
#1899 = CARTESIAN_POINT('',(317.95174159553,-70.4,17.311650393942));
#1900 = CARTESIAN_POINT('',(317.88366429241,-70.4,17.309988478163));
#1901 = CARTESIAN_POINT('',(317.81558567348,-70.4,17.30838340568));
#1902 = CARTESIAN_POINT('',(317.66807953492,-70.4,17.305020043402));
#1903 = CARTESIAN_POINT('',(317.58865152195,-70.4,17.303282078427));
#1904 = CARTESIAN_POINT('',(317.50922201599,-70.4,17.301613362347));
#1905 = CARTESIAN_POINT('',(317.42979115,-70.4,17.30001007043));
#1906 = CARTESIAN_POINT('',(317.35035905679,-70.4,17.298468380666));
#1907 = CARTESIAN_POINT('',(317.27092586896,-70.4,17.296984473772));
#1908 = CARTESIAN_POINT('',(317.191491719,-70.4,17.295554533188));
#1909 = CARTESIAN_POINT('',(317.03262175892,-70.4,17.292794956963));
#1910 = CARTESIAN_POINT('',(316.9531859384,-70.4,17.291465414216));
#1911 = CARTESIAN_POINT('',(316.87374934773,-70.4,17.290182884883));
#1912 = CARTESIAN_POINT('',(316.79431205703,-70.4,17.288944137009));
#1913 = CARTESIAN_POINT('',(316.71487413639,-70.4,17.287745938639));
#1914 = CARTESIAN_POINT('',(316.63543565595,-70.4,17.286585057819));
#1915 = CARTESIAN_POINT('',(316.55599668581,-70.4,17.285458262592));
#1916 = CARTESIAN_POINT('',(316.36307244775,-70.4,17.282796690086));
#1917 = CARTESIAN_POINT('',(316.2495867667,-70.4,17.281293884079));
#1918 = CARTESIAN_POINT('',(316.13610044821,-70.4,17.279843785235));
#1919 = CARTESIAN_POINT('',(316.02261355267,-70.4,17.278441252952));
#1920 = CARTESIAN_POINT('',(315.90912612811,-70.4,17.277081563568));
#1921 = CARTESIAN_POINT('',(315.79563826289,-70.4,17.275758435771));
#1922 = CARTESIAN_POINT('',(315.68215006878,-70.4,17.274464641618));
#1923 = CARTESIAN_POINT('',(315.44382427527,-70.4,17.271798820886));
#1924 = CARTESIAN_POINT('',(315.31898663822,-70.4,17.270431016231));
#1925 = CARTESIAN_POINT('',(315.19414878685,-70.4,17.269084022532));
#1926 = CARTESIAN_POINT('',(315.06931063935,-70.4,17.267764726897));
#1927 = CARTESIAN_POINT('',(314.94447221748,-70.4,17.266471885105));
#1928 = CARTESIAN_POINT('',(314.81963356766,-70.4,17.265202206237));
#1929 = CARTESIAN_POINT('',(314.69479464235,-70.4,17.263959698788));
#1930 = CARTESIAN_POINT('',(314.22948499427,-70.4,17.259423500388));
#1931 = CARTESIAN_POINT('',(313.8890126516,-70.4,17.256297189198));
#1932 = CARTESIAN_POINT('',(313.54853867206,-70.4,17.253345469288));
#1933 = CARTESIAN_POINT('',(313.20806359062,-70.4,17.250532042491));
#1934 = CARTESIAN_POINT('',(312.86758757312,-70.4,17.24783925062));
#1935 = CARTESIAN_POINT('',(312.5271106721,-70.4,17.245256722072));
#1936 = CARTESIAN_POINT('',(312.18663317719,-70.4,17.242761185429));
#1937 = CARTESIAN_POINT('',(311.70996404857,-70.4,17.239352823894));
#1938 = CARTESIAN_POINT('',(311.5737728024,-70.4,17.238388646977));
#1939 = CARTESIAN_POINT('',(311.43758149311,-70.4,17.237433305542));
#1940 = CARTESIAN_POINT('',(311.30139013788,-70.4,17.236484532209));
#1941 = CARTESIAN_POINT('',(311.16519875147,-70.4,17.235540362697));
#1942 = CARTESIAN_POINT('',(311.02900734052,-70.4,17.234599903939));
#1943 = CARTESIAN_POINT('',(310.89281590519,-70.4,17.233663105001));
#1944 = CARTESIAN_POINT('',(310.48424153362,-70.4,17.230862382432));
#1945 = CARTESIAN_POINT('',(310.21185853781,-70.4,17.229007243631));
#1946 = CARTESIAN_POINT('',(309.93947545985,-70.4,17.227164233275));
#1947 = CARTESIAN_POINT('',(309.66709239386,-70.4,17.225319346217));
#1948 = CARTESIAN_POINT('',(309.39470931676,-70.4,17.223476076365));
#1949 = CARTESIAN_POINT('',(309.12232618019,-70.4,17.221641665023));
#1950 = CARTESIAN_POINT('',(308.84994302359,-70.4,17.219810206651));
#1951 = CARTESIAN_POINT('',(308.21438222924,-70.4,17.215551027521));
#1952 = CARTESIAN_POINT('',(307.85120456363,-70.4,17.213127517029));
#1953 = CARTESIAN_POINT('',(307.48802685292,-70.4,17.210710745712));
#1954 = CARTESIAN_POINT('',(307.12484909536,-70.4,17.208301049005));
#1955 = CARTESIAN_POINT('',(306.76167130243,-70.4,17.20589672893));
#1956 = CARTESIAN_POINT('',(306.3984935112,-70.4,17.20349216742));
#1957 = CARTESIAN_POINT('',(306.03531577018,-70.4,17.201079988813));
#1958 = CARTESIAN_POINT('',(305.47919996084,-70.4,17.197370202928));
#1959 = CARTESIAN_POINT('',(305.28626184337,-70.4,17.196080038118));
#1960 = CARTESIAN_POINT('',(305.09332375193,-70.4,17.194785979782));
#1961 = CARTESIAN_POINT('',(304.900385692,-70.4,17.193487233459));
#1962 = CARTESIAN_POINT('',(304.70744766912,-70.4,17.19218300751));
#1963 = CARTESIAN_POINT('',(304.51450968884,-70.4,17.19087251312));
#1964 = CARTESIAN_POINT('',(304.32157175672,-70.4,17.189554964297));
#1965 = CARTESIAN_POINT('',(303.93569599993,-70.4,17.186904191452));
#1966 = CARTESIAN_POINT('',(303.74275817434,-70.4,17.185571104423));
#1967 = CARTESIAN_POINT('',(303.54982039874,-70.4,17.184230776852));
#1968 = CARTESIAN_POINT('',(303.35688267022,-70.4,17.182883668807));
#1969 = CARTESIAN_POINT('',(303.16394498586,-70.4,17.181530240351));
#1970 = CARTESIAN_POINT('',(302.97100734272,-70.4,17.180170951551));
#1971 = CARTESIAN_POINT('',(302.77806973782,-70.4,17.178806262472));
#1972 = CARTESIAN_POINT('',(302.35814679223,-70.4,17.175825304597));
#1973 = CARTESIAN_POINT('',(302.13116146565,-70.4,17.174207069372));
#1974 = CARTESIAN_POINT('',(301.90417617938,-70.4,17.172583198966));
#1975 = CARTESIAN_POINT('',(301.67719092454,-70.4,17.170954944685));
#1976 = CARTESIAN_POINT('',(301.45020569232,-70.4,17.169323537688));
#1977 = CARTESIAN_POINT('',(301.22322047408,-70.4,17.167690188973));
#1978 = CARTESIAN_POINT('',(300.99623526125,-70.4,17.166056089391));
#1979 = CARTESIAN_POINT('',(300.37201362475,-70.4,17.161563381587));
#1980 = CARTESIAN_POINT('',(299.97477720857,-70.4,17.158703726046));
#1981 = CARTESIAN_POINT('',(299.5775407698,-70.4,17.15584722155));
#1982 = CARTESIAN_POINT('',(299.18030429453,-70.4,17.152995805775));
#1983 = CARTESIAN_POINT('',(298.78306778208,-70.4,17.150149575538));
#1984 = CARTESIAN_POINT('',(298.38583124493,-70.4,17.147306786798));
#1985 = CARTESIAN_POINT('',(297.98859470878,-70.4,17.144463854654));
#1986 = CARTESIAN_POINT('',(297.59135821248,-70.4,17.141615353346));
#1987 = PCURVE('',#554,#1988);
#1988 = DEFINITIONAL_REPRESENTATION('',(#1989),#2097);
#1989 = B_SPLINE_CURVE_WITH_KNOTS('',8,(#1990,#1991,#1992,#1993,#1994,
    #1995,#1996,#1997,#1998,#1999,#2000,#2001,#2002,#2003,#2004,#2005,
    #2006,#2007,#2008,#2009,#2010,#2011,#2012,#2013,#2014,#2015,#2016,
    #2017,#2018,#2019,#2020,#2021,#2022,#2023,#2024,#2025,#2026,#2027,
    #2028,#2029,#2030,#2031,#2032,#2033,#2034,#2035,#2036,#2037,#2038,
    #2039,#2040,#2041,#2042,#2043,#2044,#2045,#2046,#2047,#2048,#2049,
    #2050,#2051,#2052,#2053,#2054,#2055,#2056,#2057,#2058,#2059,#2060,
    #2061,#2062,#2063,#2064,#2065,#2066,#2067,#2068,#2069,#2070,#2071,
    #2072,#2073,#2074,#2075,#2076,#2077,#2078,#2079,#2080,#2081,#2082,
    #2083,#2084,#2085,#2086,#2087,#2088,#2089,#2090,#2091,#2092,#2093,
    #2094,#2095,#2096),.UNSPECIFIED.,.F.,.F.,(9,7,7,7,7,7,7,7,7,7,7,7,7,
    7,7,9),(0.,3.225778316847E-02,8.0644534674E-02,0.104837981169,
    0.133063672253,0.16128936349,0.201611781626,0.245966440612,
    0.366933694002,0.415320593778,0.512094393282,0.641126125939,
    0.709674233949,0.778222341986,0.8588671749,1.),.UNSPECIFIED.);
#1990 = CARTESIAN_POINT('',(-59.89389382353,-57.40315114147));
#1991 = CARTESIAN_POINT('',(-59.98454615045,-57.39803706766));
#1992 = CARTESIAN_POINT('',(-60.07519851636,-57.39292429546));
#1993 = CARTESIAN_POINT('',(-60.16585304115,-57.38784931471));
#1994 = CARTESIAN_POINT('',(-60.25651147696,-57.38284360454));
#1995 = CARTESIAN_POINT('',(-60.34717520817,-57.37793363345));
#1996 = CARTESIAN_POINT('',(-60.43784525142,-57.37314085925));
#1997 = CARTESIAN_POINT('',(-60.52852225559,-57.3684817291));
#1998 = CARTESIAN_POINT('',(-60.7552330869,-57.35719659428));
#1999 = CARTESIAN_POINT('',(-60.89127690459,-57.3507711767));
#2000 = CARTESIAN_POINT('',(-61.02733802784,-57.34469080382));
#2001 = CARTESIAN_POINT('',(-61.16341740597,-57.33909010977));
#2002 = CARTESIAN_POINT('',(-61.29952330744,-57.33408792705));
#2003 = CARTESIAN_POINT('',(-61.43563642528,-57.32933253673));
#2004 = CARTESIAN_POINT('',(-61.57176354469,-57.32499659444));
#2005 = CARTESIAN_POINT('',(-61.77596627875,-57.31895476398));
#2006 = CARTESIAN_POINT('',(-61.8440363352,-57.31702087812));
#2007 = CARTESIAN_POINT('',(-61.91210851611,-57.31516204225));
#2008 = CARTESIAN_POINT('',(-61.98018260786,-57.31337342874));
#2009 = CARTESIAN_POINT('',(-62.04825840446,-57.31165039394));
#2010 = CARTESIAN_POINT('',(-62.11633570758,-57.30998847816));
#2011 = CARTESIAN_POINT('',(-62.18441432651,-57.30838340568));
#2012 = CARTESIAN_POINT('',(-62.33192046507,-57.3050200434));
#2013 = CARTESIAN_POINT('',(-62.41134847804,-57.30328207842));
#2014 = CARTESIAN_POINT('',(-62.490777984,-57.30161336234));
#2015 = CARTESIAN_POINT('',(-62.57020884999,-57.30001007043));
#2016 = CARTESIAN_POINT('',(-62.64964094321,-57.29846838066));
#2017 = CARTESIAN_POINT('',(-62.72907413103,-57.29698447377));
#2018 = CARTESIAN_POINT('',(-62.80850828099,-57.29555453318));
#2019 = CARTESIAN_POINT('',(-62.96737824107,-57.29279495696));
#2020 = CARTESIAN_POINT('',(-63.04681406159,-57.29146541421));
#2021 = CARTESIAN_POINT('',(-63.12625065226,-57.29018288488));
#2022 = CARTESIAN_POINT('',(-63.20568794297,-57.288944137));
#2023 = CARTESIAN_POINT('',(-63.2851258636,-57.28774593863));
#2024 = CARTESIAN_POINT('',(-63.36456434404,-57.28658505781));
#2025 = CARTESIAN_POINT('',(-63.44400331418,-57.28545826259));
#2026 = CARTESIAN_POINT('',(-63.63692755224,-57.28279669008));
#2027 = CARTESIAN_POINT('',(-63.75041323329,-57.28129388407));
#2028 = CARTESIAN_POINT('',(-63.86389955179,-57.27984378523));
#2029 = CARTESIAN_POINT('',(-63.97738644732,-57.27844125295));
#2030 = CARTESIAN_POINT('',(-64.09087387188,-57.27708156356));
#2031 = CARTESIAN_POINT('',(-64.2043617371,-57.27575843577));
#2032 = CARTESIAN_POINT('',(-64.31784993121,-57.27446464161));
#2033 = CARTESIAN_POINT('',(-64.55617572472,-57.27179882088));
#2034 = CARTESIAN_POINT('',(-64.68101336177,-57.27043101623));
#2035 = CARTESIAN_POINT('',(-64.80585121314,-57.26908402253));
#2036 = CARTESIAN_POINT('',(-64.93068936064,-57.26776472689));
#2037 = CARTESIAN_POINT('',(-65.05552778251,-57.2664718851));
#2038 = CARTESIAN_POINT('',(-65.18036643233,-57.26520220623));
#2039 = CARTESIAN_POINT('',(-65.30520535764,-57.26395969878));
#2040 = CARTESIAN_POINT('',(-65.77051500572,-57.25942350038));
#2041 = CARTESIAN_POINT('',(-66.11098734839,-57.25629718919));
#2042 = CARTESIAN_POINT('',(-66.45146132793,-57.25334546928));
#2043 = CARTESIAN_POINT('',(-66.79193640937,-57.25053204249));
#2044 = CARTESIAN_POINT('',(-67.13241242687,-57.24783925062));
#2045 = CARTESIAN_POINT('',(-67.47288932789,-57.24525672207));
#2046 = CARTESIAN_POINT('',(-67.8133668228,-57.24276118542));
#2047 = CARTESIAN_POINT('',(-68.29003595142,-57.23935282389));
#2048 = CARTESIAN_POINT('',(-68.42622719759,-57.23838864697));
#2049 = CARTESIAN_POINT('',(-68.56241850688,-57.23743330554));
#2050 = CARTESIAN_POINT('',(-68.69860986211,-57.2364845322));
#2051 = CARTESIAN_POINT('',(-68.83480124853,-57.23554036269));
#2052 = CARTESIAN_POINT('',(-68.97099265947,-57.23459990393));
#2053 = CARTESIAN_POINT('',(-69.1071840948,-57.233663105));
#2054 = CARTESIAN_POINT('',(-69.51575846637,-57.23086238243));
#2055 = CARTESIAN_POINT('',(-69.78814146218,-57.22900724363));
#2056 = CARTESIAN_POINT('',(-70.06052454014,-57.22716423327));
#2057 = CARTESIAN_POINT('',(-70.33290760613,-57.22531934621));
#2058 = CARTESIAN_POINT('',(-70.60529068323,-57.22347607636));
#2059 = CARTESIAN_POINT('',(-70.8776738198,-57.22164166502));
#2060 = CARTESIAN_POINT('',(-71.1500569764,-57.21981020665));
#2061 = CARTESIAN_POINT('',(-71.78561777075,-57.21555102752));
#2062 = CARTESIAN_POINT('',(-72.14879543636,-57.21312751702));
#2063 = CARTESIAN_POINT('',(-72.51197314707,-57.21071074571));
#2064 = CARTESIAN_POINT('',(-72.87515090463,-57.208301049));
#2065 = CARTESIAN_POINT('',(-73.23832869756,-57.20589672893));
#2066 = CARTESIAN_POINT('',(-73.60150648879,-57.20349216742));
#2067 = CARTESIAN_POINT('',(-73.96468422982,-57.20107998881));
#2068 = CARTESIAN_POINT('',(-74.52080003915,-57.19737020292));
#2069 = CARTESIAN_POINT('',(-74.71373815662,-57.19608003811));
#2070 = CARTESIAN_POINT('',(-74.90667624806,-57.19478597978));
#2071 = CARTESIAN_POINT('',(-75.09961430799,-57.19348723345));
#2072 = CARTESIAN_POINT('',(-75.29255233087,-57.19218300751));
#2073 = CARTESIAN_POINT('',(-75.48549031115,-57.19087251312));
#2074 = CARTESIAN_POINT('',(-75.67842824327,-57.18955496429));
#2075 = CARTESIAN_POINT('',(-76.06430400006,-57.18690419145));
#2076 = CARTESIAN_POINT('',(-76.25724182565,-57.18557110442));
#2077 = CARTESIAN_POINT('',(-76.45017960126,-57.18423077685));
#2078 = CARTESIAN_POINT('',(-76.64311732977,-57.1828836688));
#2079 = CARTESIAN_POINT('',(-76.83605501413,-57.18153024035));
#2080 = CARTESIAN_POINT('',(-77.02899265727,-57.18017095155));
#2081 = CARTESIAN_POINT('',(-77.22193026218,-57.17880626247));
#2082 = CARTESIAN_POINT('',(-77.64185320776,-57.17582530459));
#2083 = CARTESIAN_POINT('',(-77.86883853434,-57.17420706937));
#2084 = CARTESIAN_POINT('',(-78.09582382061,-57.17258319896));
#2085 = CARTESIAN_POINT('',(-78.32280907546,-57.17095494468));
#2086 = CARTESIAN_POINT('',(-78.54979430767,-57.16932353768));
#2087 = CARTESIAN_POINT('',(-78.77677952591,-57.16769018897));
#2088 = CARTESIAN_POINT('',(-79.00376473874,-57.16605608939));
#2089 = CARTESIAN_POINT('',(-79.62798637524,-57.16156338158));
#2090 = CARTESIAN_POINT('',(-80.02522279142,-57.15870372604));
#2091 = CARTESIAN_POINT('',(-80.42245923019,-57.15584722155));
#2092 = CARTESIAN_POINT('',(-80.81969570546,-57.15299580577));
#2093 = CARTESIAN_POINT('',(-81.21693221791,-57.15014957553));
#2094 = CARTESIAN_POINT('',(-81.61416875506,-57.14730678679));
#2095 = CARTESIAN_POINT('',(-82.01140529121,-57.14446385465));
#2096 = CARTESIAN_POINT('',(-82.40864178751,-57.14161535334));
#2097 = ( GEOMETRIC_REPRESENTATION_CONTEXT(2) 
PARAMETRIC_REPRESENTATION_CONTEXT() REPRESENTATION_CONTEXT('2D SPACE',''
  ) );
#2098 = PCURVE('',#2099,#2380);
#2099 = B_SPLINE_SURFACE_WITH_KNOTS('',3,1,(
    (#2100,#2101)
    ,(#2102,#2103)
    ,(#2104,#2105)
    ,(#2106,#2107)
    ,(#2108,#2109)
    ,(#2110,#2111)
    ,(#2112,#2113)
    ,(#2114,#2115)
    ,(#2116,#2117)
    ,(#2118,#2119)
    ,(#2120,#2121)
    ,(#2122,#2123)
    ,(#2124,#2125)
    ,(#2126,#2127)
    ,(#2128,#2129)
    ,(#2130,#2131)
    ,(#2132,#2133)
    ,(#2134,#2135)
    ,(#2136,#2137)
    ,(#2138,#2139)
    ,(#2140,#2141)
    ,(#2142,#2143)
    ,(#2144,#2145)
    ,(#2146,#2147)
    ,(#2148,#2149)
    ,(#2150,#2151)
    ,(#2152,#2153)
    ,(#2154,#2155)
    ,(#2156,#2157)
    ,(#2158,#2159)
    ,(#2160,#2161)
    ,(#2162,#2163)
    ,(#2164,#2165)
    ,(#2166,#2167)
    ,(#2168,#2169)
    ,(#2170,#2171)
    ,(#2172,#2173)
    ,(#2174,#2175)
    ,(#2176,#2177)
    ,(#2178,#2179)
    ,(#2180,#2181)
    ,(#2182,#2183)
    ,(#2184,#2185)
    ,(#2186,#2187)
    ,(#2188,#2189)
    ,(#2190,#2191)
    ,(#2192,#2193)
    ,(#2194,#2195)
    ,(#2196,#2197)
    ,(#2198,#2199)
    ,(#2200,#2201)
    ,(#2202,#2203)
    ,(#2204,#2205)
    ,(#2206,#2207)
    ,(#2208,#2209)
    ,(#2210,#2211)
    ,(#2212,#2213)
    ,(#2214,#2215)
    ,(#2216,#2217)
    ,(#2218,#2219)
    ,(#2220,#2221)
    ,(#2222,#2223)
    ,(#2224,#2225)
    ,(#2226,#2227)
    ,(#2228,#2229)
    ,(#2230,#2231)
    ,(#2232,#2233)
    ,(#2234,#2235)
    ,(#2236,#2237)
    ,(#2238,#2239)
    ,(#2240,#2241)
    ,(#2242,#2243)
    ,(#2244,#2245)
    ,(#2246,#2247)
    ,(#2248,#2249)
    ,(#2250,#2251)
    ,(#2252,#2253)
    ,(#2254,#2255)
    ,(#2256,#2257)
    ,(#2258,#2259)
    ,(#2260,#2261)
    ,(#2262,#2263)
    ,(#2264,#2265)
    ,(#2266,#2267)
    ,(#2268,#2269)
    ,(#2270,#2271)
    ,(#2272,#2273)
    ,(#2274,#2275)
    ,(#2276,#2277)
    ,(#2278,#2279)
    ,(#2280,#2281)
    ,(#2282,#2283)
    ,(#2284,#2285)
    ,(#2286,#2287)
    ,(#2288,#2289)
    ,(#2290,#2291)
    ,(#2292,#2293)
    ,(#2294,#2295)
    ,(#2296,#2297)
    ,(#2298,#2299)
    ,(#2300,#2301)
    ,(#2302,#2303)
    ,(#2304,#2305)
    ,(#2306,#2307)
    ,(#2308,#2309)
    ,(#2310,#2311)
    ,(#2312,#2313)
    ,(#2314,#2315)
    ,(#2316,#2317)
    ,(#2318,#2319)
    ,(#2320,#2321)
    ,(#2322,#2323)
    ,(#2324,#2325)
    ,(#2326,#2327)
    ,(#2328,#2329)
    ,(#2330,#2331)
    ,(#2332,#2333)
    ,(#2334,#2335)
    ,(#2336,#2337)
    ,(#2338,#2339)
    ,(#2340,#2341)
    ,(#2342,#2343)
    ,(#2344,#2345)
    ,(#2346,#2347)
    ,(#2348,#2349)
    ,(#2350,#2351)
    ,(#2352,#2353)
    ,(#2354,#2355)
    ,(#2356,#2357)
    ,(#2358,#2359)
    ,(#2360,#2361)
    ,(#2362,#2363)
    ,(#2364,#2365)
    ,(#2366,#2367)
    ,(#2368,#2369)
    ,(#2370,#2371)
    ,(#2372,#2373)
    ,(#2374,#2375)
    ,(#2376,#2377)
    ,(#2378,#2379
    )),.UNSPECIFIED.,.F.,.F.,.F.,(4,1,1,1,1,1,1,1,1,1,1,1,1,1,1,1,1,1,1,
    1,1,1,1,1,1,1,1,1,1,1,1,1,1,1,1,1,1,1,1,1,1,1,1,1,1,1,1,1,1,1,1,1,1,
    1,1,1,1,1,1,1,1,1,1,1,1,1,1,1,1,1,1,1,1,1,1,1,1,1,1,1,1,1,1,1,1,1,1,
    1,1,1,1,1,1,1,1,1,1,1,1,1,1,1,1,1,1,1,1,1,1,1,1,1,1,1,1,1,1,1,1,1,1,
    1,1,1,1,1,1,1,1,1,1,1,1,1,1,1,1,4),(2,2),(0.,5.227199283708E-02,
    5.228163034791E-02,0.208571669093,0.208690805024,0.469033501114,
    0.469402401401,0.833374956258,0.83407891605,1.300243574032,
    1.301334553178,1.870375085619,1.871877048132,2.541877062609,
    2.543800356151,3.310528476366,3.312879827205,4.175976265618,
    4.178751734952,5.137672611048,5.140861373769,6.193511244512,
    6.197095922781,7.340538837512,7.344498512069,8.576453044924,
    8.580759699683,9.898904326015,9.903523836875,11.305231790644,
    11.310126191648,12.792362750159,12.797492998245,14.357215320878,
    14.362542440214,15.996589969934,16.00207669866,17.707090017834,
    17.712700723791,19.48518376093,19.490883996243,21.327173335585,
    21.332930698437,23.229269998317,23.235054477556,25.187520787197,
    25.193305219365,27.19788152467,27.203640362143,29.256186085355,
    29.261895608188,31.358177058773,31.363815267867,33.499500392447,
    33.505047206127,35.67572009809,35.681157211548,37.882330733519,
    37.887641477619,40.114761662872,40.119931350926,42.368393889953,
    42.373410200478,44.638558562445,44.643411565772,46.920554096082,
    46.925235475281,49.209653658285,49.214156565372,51.50111639354,
    51.505435672748,53.790196425522,53.794328758493,56.072151265617,
    56.076094832319,58.34225269558,58.346006583587,60.595796965598,
    60.599361179719,62.828115175562,62.831490912697,65.034582308016,
    65.037771958161,67.210625699985,67.213632289389,69.351734877801,
    69.354561677063,71.453471925436,71.456122518352,73.511480852888,
    73.513959273154,75.521496212461,75.523806887908,77.479351408696,
    77.481498876883,79.380987853877,79.382976715017,81.222464486354,
    81.224299841714,82.999965716978,83.001653492871,84.70980787288,
    84.711354475404,86.348445936095,86.34985759532,87.912482486433,
    87.913765273628,89.398675571692,89.399835680981,90.803944895126,
    90.804988748612,92.125376425403,92.126310165354,93.360229087845,
    93.361058138546,94.505942655466,94.506672117562,95.560141612172,
    95.560776684053,96.520640880951,96.521186953044,97.385445259387,
    97.385905926497,98.152771007859,98.153148308237,98.821019147599,
    98.821314897727,99.388782650431,99.388999367286,99.85490979693,
    99.855053404694,100.21845400433,100.21853633587,100.47866322344,
    100.47870012757,100.63500268761,100.635011935,100.68715174192),(0.,
    1.),.UNSPECIFIED.);
#2100 = CARTESIAN_POINT('',(230.00004211951,0.,20.960345956879));
#2101 = CARTESIAN_POINT('',(230.00002941647,-215.,20.972240245888));
#2102 = CARTESIAN_POINT('',(229.99951208495,0.,20.942703000043));
#2103 = CARTESIAN_POINT('',(229.99965950116,-215.,20.959890314476));
#2104 = CARTESIAN_POINT('',(230.00065280957,0.,20.92532409036));
#2105 = CARTESIAN_POINT('',(230.0004574692,-215.,20.947724972728));
#2106 = CARTESIAN_POINT('',(230.01134794702,0.,20.856895035363));
#2107 = CARTESIAN_POINT('',(230.00793669356,-215.,20.899823490848));
#2108 = CARTESIAN_POINT('',(230.03314412779,0.,20.807599289316));
#2109 = CARTESIAN_POINT('',(230.02317699066,-215.,20.865313840257));
#2110 = CARTESIAN_POINT('',(230.10601989297,0.,20.68775423841));
#2111 = CARTESIAN_POINT('',(230.07412855831,-215.,20.781382159091));
#2112 = CARTESIAN_POINT('',(230.16705335237,0.,20.624724359318));
#2113 = CARTESIAN_POINT('',(230.11678846739,-215.,20.737207500004));
#2114 = CARTESIAN_POINT('',(230.32090219721,0.,20.483372797399));
#2115 = CARTESIAN_POINT('',(230.22435463107,-215.,20.638124610907));
#2116 = CARTESIAN_POINT('',(230.4170714748,0.,20.408611342183));
#2117 = CARTESIAN_POINT('',(230.29159631606,-215.,20.585691711438));
#2118 = CARTESIAN_POINT('',(230.64388852468,0.,20.249682095891));
#2119 = CARTESIAN_POINT('',(230.45019713153,-215.,20.474195234876));
#2120 = CARTESIAN_POINT('',(230.77735886986,0.,20.168260033102));
#2121 = CARTESIAN_POINT('',(230.54352916527,-215.,20.417043514142));
#2122 = CARTESIAN_POINT('',(231.07998504225,0.,20.001303728599));
#2123 = CARTESIAN_POINT('',(230.75516503972,-215.,20.299806013105));
#2124 = CARTESIAN_POINT('',(231.25166184459,0.,19.918188790536));
#2125 = CARTESIAN_POINT('',(230.87523287257,-215.,20.241407617839));
#2126 = CARTESIAN_POINT('',(231.62921606042,0.,19.749314789797));
#2127 = CARTESIAN_POINT('',(231.13930721571,-215.,20.122715997901));
#2128 = CARTESIAN_POINT('',(231.83735240844,0.,19.664981931395));
#2129 = CARTESIAN_POINT('',(231.28489339525,-215.,20.063413812782));
#2130 = CARTESIAN_POINT('',(232.28530628717,0.,19.493605781681));
#2131 = CARTESIAN_POINT('',(231.59824132847,-215.,19.942874425032));
#2132 = CARTESIAN_POINT('',(232.52740109594,0.,19.407146860306));
#2133 = CARTESIAN_POINT('',(231.76759466034,-215.,19.882036201679));
#2134 = CARTESIAN_POINT('',(233.04336107295,0.,19.234491096581));
#2135 = CARTESIAN_POINT('',(232.1285382135,-215.,19.760492684989));
#2136 = CARTESIAN_POINT('',(233.31988917827,0.,19.14885335333));
#2137 = CARTESIAN_POINT('',(232.3219932374,-215.,19.700175917498));
#2138 = CARTESIAN_POINT('',(233.90384608256,0.,18.978459642757));
#2139 = CARTESIAN_POINT('',(232.73053522445,-215.,19.580116998488));
#2140 = CARTESIAN_POINT('',(234.2142427328,0.,18.893994344612));
#2141 = CARTESIAN_POINT('',(232.9476988718,-215.,19.520571520838));
#2142 = CARTESIAN_POINT('',(234.86487539217,0.,18.727458095228));
#2143 = CARTESIAN_POINT('',(233.40291630778,-215.,19.403112636431));
#2144 = CARTESIAN_POINT('',(235.20843884477,0.,18.645558794931));
#2145 = CARTESIAN_POINT('',(233.64329932238,-215.,19.345314919867));
#2146 = CARTESIAN_POINT('',(235.92375388309,0.,18.484355508223));
#2147 = CARTESIAN_POINT('',(234.1438010596,-215.,19.231498405858));
#2148 = CARTESIAN_POINT('',(236.29916619345,0.,18.40502957401));
#2149 = CARTESIAN_POINT('',(234.40648138133,-215.,19.175456257561));
#2150 = CARTESIAN_POINT('',(237.07711901156,0.,18.250576159252));
#2151 = CARTESIAN_POINT('',(234.95083684866,-215.,19.06626981405));
#2152 = CARTESIAN_POINT('',(237.48368026886,0.,18.175417959587));
#2153 = CARTESIAN_POINT('',(235.23532641292,-215.,19.013098527219));
#2154 = CARTESIAN_POINT('',(238.32270669099,0.,18.030261866807));
#2155 = CARTESIAN_POINT('',(235.82244528133,-215.,18.910330678323));
#2156 = CARTESIAN_POINT('',(238.75952001339,0.,17.960206566472));
#2157 = CARTESIAN_POINT('',(236.12811801834,-215.,18.860687517306));
#2158 = CARTESIAN_POINT('',(239.65771779583,0.,17.825959807722));
#2159 = CARTESIAN_POINT('',(236.75667144063,-215.,18.765471106841));
#2160 = CARTESIAN_POINT('',(240.12374826683,0.,17.76169358945));
#2161 = CARTESIAN_POINT('',(237.08280412056,-215.,18.719839168402));
#2162 = CARTESIAN_POINT('',(241.07887734018,0.,17.639115412486));
#2163 = CARTESIAN_POINT('',(237.75122572185,-215.,18.63271247379));
#2164 = CARTESIAN_POINT('',(241.57288296311,0.,17.580696963221));
#2165 = CARTESIAN_POINT('',(238.09694921526,-215.,18.591135761757));
#2166 = CARTESIAN_POINT('',(242.58252929837,0.,17.469890200459));
#2167 = CARTESIAN_POINT('',(238.80354935409,-215.,18.512174699382));
#2168 = CARTESIAN_POINT('',(243.1033046481,0.,17.417385306357));
#2169 = CARTESIAN_POINT('',(239.16801999346,-215.,18.474701647638));
#2170 = CARTESIAN_POINT('',(244.16504390151,0.,17.318049105198));
#2171 = CARTESIAN_POINT('',(239.91110142299,-215.,18.403701519261));
#2172 = CARTESIAN_POINT('',(244.71133287248,0.,17.271085304157));
#2173 = CARTESIAN_POINT('',(240.29343944547,-215.,18.370073789051));
#2174 = CARTESIAN_POINT('',(245.8226712533,0.,17.182577343518));
#2175 = CARTESIAN_POINT('',(241.0712554941,-215.,18.306588214088));
#2176 = CARTESIAN_POINT('',(246.39320203958,0.,17.140900818684));
#2177 = CARTESIAN_POINT('',(241.47057021624,-215.,18.27662968082));
#2178 = CARTESIAN_POINT('',(247.55161802972,0.,17.062857060859));
#2179 = CARTESIAN_POINT('',(242.2813552148,-215.,18.220406801204));
#2180 = CARTESIAN_POINT('',(248.14510693054,0.,17.026371026629));
#2181 = CARTESIAN_POINT('',(242.69674788248,-215.,18.194051647397));
#2182 = CARTESIAN_POINT('',(249.34801399316,0.,16.958335207381));
#2183 = CARTESIAN_POINT('',(243.53869064615,-215.,18.144776953511));
#2184 = CARTESIAN_POINT('',(249.96312427536,0.,16.926675089574));
#2185 = CARTESIAN_POINT('',(243.96922502999,-215.,18.121772117813));
#2186 = CARTESIAN_POINT('',(251.20787243213,0.,16.867954911934));
#2187 = CARTESIAN_POINT('',(244.84046954099,-215.,18.07896447542));
#2188 = CARTESIAN_POINT('',(251.84325931347,0.,16.840796973968));
#2189 = CARTESIAN_POINT('',(245.28520381865,-215.,18.05908535552));
#2190 = CARTESIAN_POINT('',(253.12714205518,0.,16.790523116036));
#2191 = CARTESIAN_POINT('',(246.18385430522,-215.,18.0221408461));
#2192 = CARTESIAN_POINT('',(253.78141412895,0.,16.767316422976));
#2193 = CARTESIAN_POINT('',(246.64181370212,-215.,18.005003452034));
#2194 = CARTESIAN_POINT('',(255.10167432773,0.,16.724801163446));
#2195 = CARTESIAN_POINT('',(247.56593910806,-215.,17.973442562462));
#2196 = CARTESIAN_POINT('',(255.77343899544,0.,16.705420705026));
#2197 = CARTESIAN_POINT('',(248.03614859663,-215.,17.958960969058));
#2198 = CARTESIAN_POINT('',(257.12727740515,0.,16.670230520778));
#2199 = CARTESIAN_POINT('',(248.98378884984,-215.,17.932484733872));
#2200 = CARTESIAN_POINT('',(257.81510247588,0.,16.654363084604));
#2201 = CARTESIAN_POINT('',(249.46524545598,-215.,17.920441690268));
#2202 = CARTESIAN_POINT('',(259.19965842659,0.,16.625969403681));
#2203 = CARTESIAN_POINT('',(250.43439731946,-215.,17.898683501707));
#2204 = CARTESIAN_POINT('',(259.9020917992,0.,16.613400957049));
#2205 = CARTESIAN_POINT('',(250.92608426284,-215.,17.888931085402));
#2206 = CARTESIAN_POINT('',(261.31445494315,0.,16.591291212381));
#2207 = CARTESIAN_POINT('',(251.91470977518,-215.,17.871536316537));
#2208 = CARTESIAN_POINT('',(262.03001643498,0.,16.581720481484));
#2209 = CARTESIAN_POINT('',(252.41559050585,-215.,17.863865617917));
#2210 = CARTESIAN_POINT('',(263.46722569826,0.,16.56534147721));
#2211 = CARTESIAN_POINT('',(253.4216161342,-215.,17.850450735172));
#2212 = CARTESIAN_POINT('',(264.19441433045,0.,16.558516071846));
#2213 = CARTESIAN_POINT('',(253.93063961137,-215.,17.844686963988));
#2214 = CARTESIAN_POINT('',(265.65346732774,0.,16.547409232923));
#2215 = CARTESIAN_POINT('',(254.95196304264,-215.,17.834934752685));
#2216 = CARTESIAN_POINT('',(266.39076335255,0.,16.543122186569));
#2217 = CARTESIAN_POINT('',(255.4680651531,-215.,17.830935064686));
#2218 = CARTESIAN_POINT('',(267.86861853537,0.,16.536791644892));
#2219 = CARTESIAN_POINT('',(256.50255661712,-215.,17.824502700116));
#2220 = CARTESIAN_POINT('',(268.61448359583,0.,16.534751442711));
#2221 = CARTESIAN_POINT('',(257.02466010886,-215.,17.822065173107));
#2222 = CARTESIAN_POINT('',(270.10806650458,0.,16.532549666952));
#2223 = CARTESIAN_POINT('',(258.07016659269,-215.,17.818503603078));
#2224 = CARTESIAN_POINT('',(270.86094994799,0.,16.53239789555));
#2225 = CARTESIAN_POINT('',(258.59718551682,-215.,17.817379445572));
#2226 = CARTESIAN_POINT('',(272.3671588553,0.,16.533567510857));
#2227 = CARTESIAN_POINT('',(259.65153477365,-215.,17.816162648671));
#2228 = CARTESIAN_POINT('',(273.12549730702,0.,16.534903388001));
#2229 = CARTESIAN_POINT('',(260.18237422047,-215.,17.816073195338));
#2230 = CARTESIAN_POINT('',(274.64120695461,0.,16.538857472776));
#2231 = CARTESIAN_POINT('',(261.24337776646,-215.,17.816793734595));
#2232 = CARTESIAN_POINT('',(275.40342834632,0.,16.541494823819));
#2233 = CARTESIAN_POINT('',(261.77693703254,-215.,17.817610570041));
#2234 = CARTESIAN_POINT('',(276.92549588063,0.,16.547856839245));
#2235 = CARTESIAN_POINT('',(262.84239435569,-215.,17.820009028867));
#2236 = CARTESIAN_POINT('',(277.69002106458,0.,16.551604236032));
#2237 = CARTESIAN_POINT('',(263.37756777611,-215.,17.82160027299));
#2238 = CARTESIAN_POINT('',(279.21529197256,0.,16.559946230025));
#2239 = CARTESIAN_POINT('',(264.44527013357,-215.,17.82538136852));
#2240 = CARTESIAN_POINT('',(279.98053881391,0.,16.564566073937));
#2241 = CARTESIAN_POINT('',(264.98094989046,-215.,17.827582841839));
#2242 = CARTESIAN_POINT('',(281.50585395955,0.,16.574371954918));
#2243 = CARTESIAN_POINT('',(266.04868518535,-215.,17.832389565245));
#2244 = CARTESIAN_POINT('',(282.27024035291,0.,16.579584937259));
#2245 = CARTESIAN_POINT('',(266.58376342604,-215.,17.835007808561));
#2246 = CARTESIAN_POINT('',(283.79244077647,0.,16.59035927479));
#2247 = CARTESIAN_POINT('',(267.6493197151,-215.,17.84049734208));
#2248 = CARTESIAN_POINT('',(284.5543864385,0.,16.595948595998));
#2249 = CARTESIAN_POINT('',(268.18268994781,-215.,17.843382545113));
#2250 = CARTESIAN_POINT('',(286.07031782621,0.,16.607402207082));
#2251 = CARTESIAN_POINT('',(269.24385882014,-215.,17.849356287563));
#2252 = CARTESIAN_POINT('',(286.82824671549,0.,16.613294486197));
#2253 = CARTESIAN_POINT('',(269.77441771571,-215.,17.852459116251));
#2254 = CARTESIAN_POINT('',(288.33476660084,0.,16.625257635625));
#2255 = CARTESIAN_POINT('',(270.82899921261,-215.,17.858802510085));
#2256 = CARTESIAN_POINT('',(289.08711138377,0.,16.631356361631));
#2257 = CARTESIAN_POINT('',(271.35564950561,-215.,17.862057550391));
#2258 = CARTESIAN_POINT('',(290.58109762596,0.,16.643574158734));
#2259 = CARTESIAN_POINT('',(272.4014577811,-215.,17.868596473177));
#2260 = CARTESIAN_POINT('',(291.32630358852,0.,16.649721239318));
#2261 = CARTESIAN_POINT('',(272.92311095697,-215.,17.871895171167));
#2262 = CARTESIAN_POINT('',(292.80466080602,0.,16.661858879471));
#2263 = CARTESIAN_POINT('',(273.9579787898,-215.,17.878399409355));
#2264 = CARTESIAN_POINT('',(293.54118847573,0.,16.667877792928));
#2265 = CARTESIAN_POINT('',(274.47355697898,-215.,17.881620181622));
#2266 = CARTESIAN_POINT('',(295.00085209542,0.,16.679712517279));
#2267 = CARTESIAN_POINT('',(275.49533886682,-215.,17.887937621815));
#2268 = CARTESIAN_POINT('',(295.72717858872,0.,16.685555517781));
#2269 = CARTESIAN_POINT('',(276.00377598575,-215.,17.891048984681));
#2270 = CARTESIAN_POINT('',(297.16512013097,0.,16.697069666977));
#2271 = CARTESIAN_POINT('',(277.01035196707,-215.,17.89717119255));
#2272 = CARTESIAN_POINT('',(297.87974275619,0.,16.702765764366));
#2273 = CARTESIAN_POINT('',(277.51059616929,-215.,17.900195463268));
#2274 = CARTESIAN_POINT('',(299.2929780899,0.,16.713986625535));
#2275 = CARTESIAN_POINT('',(278.4998773858,-215.,17.906145630551));
#2276 = CARTESIAN_POINT('',(299.99441869685,0.,16.719534631748));
#2277 = CARTESIAN_POINT('',(278.99089396297,-215.,17.909084000913));
#2278 = CARTESIAN_POINT('',(301.38001559635,0.,16.730428774436));
#2279 = CARTESIAN_POINT('',(279.96082780847,-215.,17.914842733636));
#2280 = CARTESIAN_POINT('',(302.06682373384,0.,16.735797103935));
#2281 = CARTESIAN_POINT('',(280.44160140073,-215.,17.917675057586));
#2282 = CARTESIAN_POINT('',(303.42190756189,0.,16.746304486761));
#2283 = CARTESIAN_POINT('',(281.39017554555,-215.,17.923204189579));
#2284 = CARTESIAN_POINT('',(304.09266305862,0.,16.751464766838));
#2285 = CARTESIAN_POINT('',(281.85971199359,-215.,17.9259124867));
#2286 = CARTESIAN_POINT('',(305.41442160935,0.,16.761596147938));
#2287 = CARTESIAN_POINT('',(282.78495790602,-215.,17.931223232506));
#2288 = CARTESIAN_POINT('',(306.06773677569,0.,16.76658597881));
#2289 = CARTESIAN_POINT('',(283.24228587658,-215.,17.933835665833));
#2290 = CARTESIAN_POINT('',(307.35342601984,0.,16.776437683582));
#2291 = CARTESIAN_POINT('',(284.14228286337,-215.,17.938999137963));
#2292 = CARTESIAN_POINT('',(307.98794904332,0.,16.781315087226));
#2293 = CARTESIAN_POINT('',(284.58645616435,-215.,17.941558189615));
#2294 = CARTESIAN_POINT('',(309.23490074131,0.,16.790900181891));
#2295 = CARTESIAN_POINT('',(285.4593364719,-215.,17.946587292084));
#2296 = CARTESIAN_POINT('',(309.84931991908,0.,16.795623106355));
#2297 = CARTESIAN_POINT('',(285.88943685301,-215.,17.949065356976));
#2298 = CARTESIAN_POINT('',(311.05494818304,0.,16.804775513229));
#2299 = CARTESIAN_POINT('',(286.73339013296,-215.,17.953847415529));
#2300 = CARTESIAN_POINT('',(311.6479945167,0.,16.809222910368));
#2301 = CARTESIAN_POINT('',(287.14852913105,-215.,17.956161456625));
#2302 = CARTESIAN_POINT('',(312.80979911874,0.,16.817765834221));
#2303 = CARTESIAN_POINT('',(287.96180498391,-215.,17.960575970782));
#2304 = CARTESIAN_POINT('',(313.38024720486,0.,16.821880301883));
#2305 = CARTESIAN_POINT('',(288.36112473853,-215.,17.962687371397));
#2306 = CARTESIAN_POINT('',(314.49581610824,0.,16.829865702806));
#2307 = CARTESIAN_POINT('',(289.14203480736,-215.,17.966773758123));
#2308 = CARTESIAN_POINT('',(315.04248554684,0.,16.833750295231));
#2309 = CARTESIAN_POINT('',(289.52470917637,-215.,17.968756224119));
#2310 = CARTESIAN_POINT('',(316.10950112803,0.,16.841353532205));
#2311 = CARTESIAN_POINT('',(290.27163135838,-215.,17.972640425807));
#2312 = CARTESIAN_POINT('',(316.63126092442,0.,16.845081301644));
#2313 = CARTESIAN_POINT('',(290.63686874264,-215.,17.974546657989));
#2314 = CARTESIAN_POINT('',(317.64750730403,0.,16.852389800576));
#2315 = CARTESIAN_POINT('',(291.34825203753,-215.,17.978292943772));
#2316 = CARTESIAN_POINT('',(318.14327872306,0.,16.855977381297));
#2317 = CARTESIAN_POINT('',(291.69529734363,-215.,17.980136074443));
#2318 = CARTESIAN_POINT('',(319.10664650597,0.,16.862976196346));
#2319 = CARTESIAN_POINT('',(292.36966515236,-215.,17.983736879418));
#2320 = CARTESIAN_POINT('',(319.57540509998,0.,16.866394413449));
#2321 = CARTESIAN_POINT('',(292.69780122677,-215.,17.985497842671));
#2322 = CARTESIAN_POINT('',(320.48389366872,0.,16.873137587165));
#2323 = CARTESIAN_POINT('',(293.33375318857,-215.,17.988993582645));
#2324 = CARTESIAN_POINT('',(320.9246695658,0.,16.876463334669));
#2325 = CARTESIAN_POINT('',(293.64230122398,-215.,17.99072745856));
#2326 = CARTESIAN_POINT('',(321.77638944722,0.,16.88323420013));
#2327 = CARTESIAN_POINT('',(294.23851508834,-215.,17.994318922434));
#2328 = CARTESIAN_POINT('',(322.18826912602,0.,16.886664231826));
#2329 = CARTESIAN_POINT('',(294.52683588399,-215.,17.996164703101));
#2330 = CARTESIAN_POINT('',(322.98144857861,0.,16.893726369415));
#2331 = CARTESIAN_POINT('',(295.08207178461,-215.,18.000038946693));
#2332 = CARTESIAN_POINT('',(323.3635793573,0.,16.897332938735));
#2333 = CARTESIAN_POINT('',(295.3495685596,-215.,18.002048404656));
#2334 = CARTESIAN_POINT('',(324.09656916231,0.,16.904800204195));
#2335 = CARTESIAN_POINT('',(295.86267219504,-215.,18.006287395559));
#2336 = CARTESIAN_POINT('',(324.4481597936,0.,16.908624443582));
#2337 = CARTESIAN_POINT('',(296.10879113027,-215.,18.008490454334));
#2338 = CARTESIAN_POINT('',(325.1194380883,0.,16.916376435554));
#2339 = CARTESIAN_POINT('',(296.5786970311,-215.,18.013012122204));
#2340 = CARTESIAN_POINT('',(325.43976302712,0.,16.920271690342));
#2341 = CARTESIAN_POINT('',(296.8029300481,-215.,18.015306963797));
#2342 = CARTESIAN_POINT('',(326.04792847728,0.,16.928654273337));
#2343 = CARTESIAN_POINT('',(297.22865774957,-215.,18.020354837227));
#2344 = CARTESIAN_POINT('',(326.33631747577,0.,16.93305098298));
#2345 = CARTESIAN_POINT('',(297.43053625548,-215.,18.023043642598));
#2346 = CARTESIAN_POINT('',(326.88009139953,0.,16.942835544085));
#2347 = CARTESIAN_POINT('',(297.81119171829,-215.,18.02915961224));
#2348 = CARTESIAN_POINT('',(327.13594050055,0.,16.948063378426));
#2349 = CARTESIAN_POINT('',(297.99029338522,-215.,18.032474112728));
#2350 = CARTESIAN_POINT('',(327.61417421096,0.,16.959574680605));
#2351 = CARTESIAN_POINT('',(298.32507295922,-215.,18.03988739051));
#2352 = CARTESIAN_POINT('',(327.83694181651,0.,16.965642834349));
#2353 = CARTESIAN_POINT('',(298.48101867851,-215.,18.04383482936));
#2354 = CARTESIAN_POINT('',(328.24860857811,0.,16.978887418838));
#2355 = CARTESIAN_POINT('',(298.76920365051,-215.,18.052551466704));
#2356 = CARTESIAN_POINT('',(328.43781361451,0.,16.985768218027));
#2357 = CARTESIAN_POINT('',(298.90165662635,-215.,18.057113258697));
#2358 = CARTESIAN_POINT('',(328.78204373016,0.,17.00019523383));
#2359 = CARTESIAN_POINT('',(299.14263744827,-215.,18.066749123078));
#2360 = CARTESIAN_POINT('',(328.93730164741,0.,17.007409232769));
#2361 = CARTESIAN_POINT('',(299.25132783367,-215.,18.071590350165));
#2362 = CARTESIAN_POINT('',(329.21344380399,0.,17.021183157272));
#2363 = CARTESIAN_POINT('',(299.44464609794,-215.,18.080861522262));
#2364 = CARTESIAN_POINT('',(329.33448598586,0.,17.027543239694));
#2365 = CARTESIAN_POINT('',(299.52938427168,-215.,18.085151284614));
#2366 = CARTESIAN_POINT('',(329.54204975964,0.,17.038822339854));
#2367 = CARTESIAN_POINT('',(299.67469423141,-215.,18.092768512106));
#2368 = CARTESIAN_POINT('',(329.62866462165,0.,17.043640395908));
#2369 = CARTESIAN_POINT('',(299.73533117345,-215.,18.096025135214));
#2370 = CARTESIAN_POINT('',(329.76726689453,0.,17.05145020551));
#2371 = CARTESIAN_POINT('',(299.83236335905,-215.,18.101306395783));
#2372 = CARTESIAN_POINT('',(329.81929932306,0.,17.054404603985));
#2373 = CARTESIAN_POINT('',(299.86879006587,-215.,18.103304807875));
#2374 = CARTESIAN_POINT('',(329.88867111257,0.,17.058349649283));
#2375 = CARTESIAN_POINT('',(299.91735566863,-215.,18.105973460091));
#2376 = CARTESIAN_POINT('',(329.90602606202,0.,17.059337103768));
#2377 = CARTESIAN_POINT('',(299.92950547237,-215.,18.106641442529));
#2378 = CARTESIAN_POINT('',(329.92337792839,0.,17.060324457591));
#2379 = CARTESIAN_POINT('',(299.94165311782,-215.,18.107309358666));
#2380 = DEFINITIONAL_REPRESENTATION('',(#2381),#2489);
#2381 = B_SPLINE_CURVE_WITH_KNOTS('',8,(#2382,#2383,#2384,#2385,#2386,
    #2387,#2388,#2389,#2390,#2391,#2392,#2393,#2394,#2395,#2396,#2397,
    #2398,#2399,#2400,#2401,#2402,#2403,#2404,#2405,#2406,#2407,#2408,
    #2409,#2410,#2411,#2412,#2413,#2414,#2415,#2416,#2417,#2418,#2419,
    #2420,#2421,#2422,#2423,#2424,#2425,#2426,#2427,#2428,#2429,#2430,
    #2431,#2432,#2433,#2434,#2435,#2436,#2437,#2438,#2439,#2440,#2441,
    #2442,#2443,#2444,#2445,#2446,#2447,#2448,#2449,#2450,#2451,#2452,
    #2453,#2454,#2455,#2456,#2457,#2458,#2459,#2460,#2461,#2462,#2463,
    #2464,#2465,#2466,#2467,#2468,#2469,#2470,#2471,#2472,#2473,#2474,
    #2475,#2476,#2477,#2478,#2479,#2480,#2481,#2482,#2483,#2484,#2485,
    #2486,#2487,#2488),.UNSPECIFIED.,.F.,.F.,(9,7,7,7,7,7,7,7,7,7,7,7,7,
    7,7,9),(0.,3.225778316847E-02,8.0644534674E-02,0.104837981169,
    0.133063672253,0.16128936349,0.201611781626,0.245966440612,
    0.366933694002,0.415320593778,0.512094393282,0.641126125939,
    0.709674233949,0.778222341986,0.8588671749,1.),.UNSPECIFIED.);
#2382 = CARTESIAN_POINT('',(100.68715174192,0.327441860465));
#2383 = CARTESIAN_POINT('',(100.58646455533,0.327441860465));
#2384 = CARTESIAN_POINT('',(100.48577740579,0.327441860465));
#2385 = CARTESIAN_POINT('',(100.3850902605,0.327441860465));
#2386 = CARTESIAN_POINT('',(100.28440310209,0.327441860465));
#2387 = CARTESIAN_POINT('',(100.18371592853,0.327441860465));
#2388 = CARTESIAN_POINT('',(100.08302875324,0.327441860465));
#2389 = CARTESIAN_POINT('',(99.982341605007,0.327441860465));
#2390 = CARTESIAN_POINT('',(99.730623672901,0.327441860465));
#2391 = CARTESIAN_POINT('',(99.579593211047,0.327441860465));
#2392 = CARTESIAN_POINT('',(99.428561564055,0.327441860465));
#2393 = CARTESIAN_POINT('',(99.277532802111,0.327441860465));
#2394 = CARTESIAN_POINT('',(99.126500403347,0.327441860465));
#2395 = CARTESIAN_POINT('',(98.975470501527,0.327441860465));
#2396 = CARTESIAN_POINT('',(98.824438995303,0.327441860465));
#2397 = CARTESIAN_POINT('',(98.597893342174,0.327441860465));
#2398 = CARTESIAN_POINT('',(98.522377981951,0.327441860465));
#2399 = CARTESIAN_POINT('',(98.446862620869,0.327441860465));
#2400 = CARTESIAN_POINT('',(98.371347256067,0.327441860465));
#2401 = CARTESIAN_POINT('',(98.295831887375,0.327441860465));
#2402 = CARTESIAN_POINT('',(98.220316517315,0.327441860465));
#2403 = CARTESIAN_POINT('',(98.144801151101,0.327441860465));
#2404 = CARTESIAN_POINT('',(97.981184538823,0.327441860465));
#2405 = CARTESIAN_POINT('',(97.89308328123,0.327441860465));
#2406 = CARTESIAN_POINT('',(97.804982023586,0.327441860465));
#2407 = CARTESIAN_POINT('',(97.716880765753,0.327441860465));
#2408 = CARTESIAN_POINT('',(97.628779507725,0.327441860465));
#2409 = CARTESIAN_POINT('',(97.540678249633,0.327441860465));
#2410 = CARTESIAN_POINT('',(97.45257699174,0.327441860465));
#2411 = CARTESIAN_POINT('',(97.276374476671,0.327441860465));
#2412 = CARTESIAN_POINT('',(97.188273218897,0.327441860465));
#2413 = CARTESIAN_POINT('',(97.100171961122,0.327441860465));
#2414 = CARTESIAN_POINT('',(97.012070703348,0.327441860465));
#2415 = CARTESIAN_POINT('',(96.923969445574,0.327441860465));
#2416 = CARTESIAN_POINT('',(96.8358681878,0.327441860465));
#2417 = CARTESIAN_POINT('',(96.747766930026,0.327441860465));
#2418 = CARTESIAN_POINT('',(96.533806726072,0.327441860465));
#2419 = CARTESIAN_POINT('',(96.407947800351,0.327441860465));
#2420 = CARTESIAN_POINT('',(96.282088857066,0.327441860465));
#2421 = CARTESIAN_POINT('',(96.156229908316,0.327441860465));
#2422 = CARTESIAN_POINT('',(96.030370969167,0.327441860465));
#2423 = CARTESIAN_POINT('',(95.904512036949,0.327441860465));
#2424 = CARTESIAN_POINT('',(95.778653096995,0.327441860465));
#2425 = CARTESIAN_POINT('',(95.51434932146,0.327441860465));
#2426 = CARTESIAN_POINT('',(95.375904488119,0.327441860465));
#2427 = CARTESIAN_POINT('',(95.23745965359,0.327441860465));
#2428 = CARTESIAN_POINT('',(95.099014819432,0.327441860465));
#2429 = CARTESIAN_POINT('',(94.960569986418,0.327441860465));
#2430 = CARTESIAN_POINT('',(94.822125153573,0.327441860465));
#2431 = CARTESIAN_POINT('',(94.683680319495,0.327441860465));
#2432 = CARTESIAN_POINT('',(94.167658661126,0.327441860465));
#2433 = CARTESIAN_POINT('',(93.790081836974,0.327441860465));
#2434 = CARTESIAN_POINT('',(93.412505066686,0.327441860465));
#2435 = CARTESIAN_POINT('',(93.034928229157,0.327441860465));
#2436 = CARTESIAN_POINT('',(92.657351381829,0.327441860465));
#2437 = CARTESIAN_POINT('',(92.279774593805,0.327441860465));
#2438 = CARTESIAN_POINT('',(91.902197764499,0.327441860465));
#2439 = CARTESIAN_POINT('',(91.373590205914,0.327441860465));
#2440 = CARTESIAN_POINT('',(91.222559477977,0.327441860465));
#2441 = CARTESIAN_POINT('',(91.071528750518,0.327441860465));
#2442 = CARTESIAN_POINT('',(90.920498023135,0.327441860465));
#2443 = CARTESIAN_POINT('',(90.769467295448,0.327441860465));
#2444 = CARTESIAN_POINT('',(90.618436567624,0.327441860465));
#2445 = CARTESIAN_POINT('',(90.467405840102,0.327441860465));
#2446 = CARTESIAN_POINT('',(90.014313657471,0.327441860465));
#2447 = CARTESIAN_POINT('',(89.712252202001,0.327441860465));
#2448 = CARTESIAN_POINT('',(89.41019074603,0.327441860465));
#2449 = CARTESIAN_POINT('',(89.108129290655,0.327441860465));
#2450 = CARTESIAN_POINT('',(88.806067835776,0.327441860465));
#2451 = CARTESIAN_POINT('',(88.504006380833,0.327441860465));
#2452 = CARTESIAN_POINT('',(88.201944925927,0.327441860465));
#2453 = CARTESIAN_POINT('',(87.497134863789,0.327441860465));
#2454 = CARTESIAN_POINT('',(87.094386256825,0.327441860465));
#2455 = CARTESIAN_POINT('',(86.691637649948,0.327441860465));
#2456 = CARTESIAN_POINT('',(86.288889042952,0.327441860465));
#2457 = CARTESIAN_POINT('',(85.886140435751,0.327441860465));
#2458 = CARTESIAN_POINT('',(85.483391828535,0.327441860465));
#2459 = CARTESIAN_POINT('',(85.080643221615,0.327441860465));
#2460 = CARTESIAN_POINT('',(84.463934417564,0.327441860465));
#2461 = CARTESIAN_POINT('',(84.249974220293,0.327441860465));
#2462 = CARTESIAN_POINT('',(84.036014023022,0.327441860465));
#2463 = CARTESIAN_POINT('',(83.822053825666,0.327441860465));
#2464 = CARTESIAN_POINT('',(83.60809362819,0.327441860465));
#2465 = CARTESIAN_POINT('',(83.394133430601,0.327441860465));
#2466 = CARTESIAN_POINT('',(83.180173232954,0.327441860465));
#2467 = CARTESIAN_POINT('',(82.752252837666,0.327441860465));
#2468 = CARTESIAN_POINT('',(82.538292640038,0.327441860465));
#2469 = CARTESIAN_POINT('',(82.324332442512,0.327441860465));
#2470 = CARTESIAN_POINT('',(82.110372245099,0.327441860465));
#2471 = CARTESIAN_POINT('',(81.896412047782,0.327441860465));
#2472 = CARTESIAN_POINT('',(81.68245185051,0.327441860465));
#2473 = CARTESIAN_POINT('',(81.4684916532,0.327441860465));
#2474 = CARTESIAN_POINT('',(81.002813576587,0.327441860465));
#2475 = CARTESIAN_POINT('',(80.751095697243,0.327441860465));
#2476 = CARTESIAN_POINT('',(80.499377817816,0.327441860465));
#2477 = CARTESIAN_POINT('',(80.247659938382,0.327441860465));
#2478 = CARTESIAN_POINT('',(79.995942058982,0.327441860465));
#2479 = CARTESIAN_POINT('',(79.744224179625,0.327441860465));
#2480 = CARTESIAN_POINT('',(79.492506300284,0.327441860465));
#2481 = CARTESIAN_POINT('',(78.800268499637,0.327441860465));
#2482 = CARTESIAN_POINT('',(78.359748578295,0.327441860465));
#2483 = CARTESIAN_POINT('',(77.919228656906,0.327441860465));
#2484 = CARTESIAN_POINT('',(77.478708735495,0.327441860465));
#2485 = CARTESIAN_POINT('',(77.038188814089,0.327441860465));
#2486 = CARTESIAN_POINT('',(76.597668892707,0.327441860465));
#2487 = CARTESIAN_POINT('',(76.157148971366,0.327441860465));
#2488 = CARTESIAN_POINT('',(75.716629050081,0.327441860465));
#2489 = ( GEOMETRIC_REPRESENTATION_CONTEXT(2) 
PARAMETRIC_REPRESENTATION_CONTEXT() REPRESENTATION_CONTEXT('2D SPACE',''
  ) );
#2490 = ORIENTED_EDGE('',*,*,#2491,.T.);
#2491 = EDGE_CURVE('',#1876,#22,#2492,.T.);
#2492 = SURFACE_CURVE('',#2493,(#2497,#2504),.PCURVE_S1.);
#2493 = LINE('',#2494,#2495);
#2494 = CARTESIAN_POINT('',(319.14152045388,-70.4,-10.2189699235));
#2495 = VECTOR('',#2496,1.);
#2496 = DIRECTION('',(3.489949670249E-02,-0.,0.999390827019));
#2497 = PCURVE('',#554,#2498);
#2498 = DEFINITIONAL_REPRESENTATION('',(#2499),#2503);
#2499 = LINE('',#2500,#2501);
#2500 = CARTESIAN_POINT('',(-60.85847954611,-29.7810300765));
#2501 = VECTOR('',#2502,1.);
#2502 = DIRECTION('',(3.489949670249E-02,-0.999390827019));
#2503 = ( GEOMETRIC_REPRESENTATION_CONTEXT(2) 
PARAMETRIC_REPRESENTATION_CONTEXT() REPRESENTATION_CONTEXT('2D SPACE',''
  ) );
#2504 = PCURVE('',#319,#2505);
#2505 = DEFINITIONAL_REPRESENTATION('',(#2506),#2510);
#2506 = LINE('',#2507,#2508);
#2507 = CARTESIAN_POINT('',(27.638957971395,-146.0008938532));
#2508 = VECTOR('',#2509,1.);
#2509 = DIRECTION('',(-1.,0.));
#2510 = ( GEOMETRIC_REPRESENTATION_CONTEXT(2) 
PARAMETRIC_REPRESENTATION_CONTEXT() REPRESENTATION_CONTEXT('2D SPACE',''
  ) );
#2511 = ORIENTED_EDGE('',*,*,#330,.F.);
#2512 = ADVANCED_FACE('',(#2513),#1611,.F.);
#2513 = FACE_BOUND('',#2514,.F.);
#2514 = EDGE_LOOP('',(#2515,#2544,#2545));
#2515 = ORIENTED_EDGE('',*,*,#2516,.F.);
#2516 = EDGE_CURVE('',#1595,#2517,#2519,.T.);
#2517 = VERTEX_POINT('',#2518);
#2518 = CARTESIAN_POINT('',(297.86079216024,-70.42385776154,
    20.579108169682));
#2519 = SURFACE_CURVE('',#2520,(#2526,#2535),.PCURVE_S1.);
#2520 = B_SPLINE_CURVE_WITH_KNOTS('',4,(#2521,#2522,#2523,#2524,#2525),
  .UNSPECIFIED.,.F.,.F.,(5,5),(0.,1.),.PIECEWISE_BEZIER_KNOTS.);
#2521 = CARTESIAN_POINT('',(297.63335987405,-70.4,20.603394468915));
#2522 = CARTESIAN_POINT('',(297.69057716064,-70.40598896217,
    20.601772963119));
#2523 = CARTESIAN_POINT('',(297.74770993371,-70.41197781574,
    20.597173812887));
#2524 = CARTESIAN_POINT('',(297.80452841555,-70.41794250941,
    20.589603645497));
#2525 = CARTESIAN_POINT('',(297.86080687888,-70.42385930897,
    20.579105424134));
#2526 = PCURVE('',#1611,#2527);
#2527 = DEFINITIONAL_REPRESENTATION('',(#2528),#2534);
#2528 = B_SPLINE_CURVE_WITH_KNOTS('',4,(#2529,#2530,#2531,#2532,#2533),
  .UNSPECIFIED.,.F.,.F.,(5,5),(0.,1.),.PIECEWISE_BEZIER_KNOTS.);
#2529 = CARTESIAN_POINT('',(2.802657200846E-02,0.));
#2530 = CARTESIAN_POINT('',(6.663451417251E-02,5.00749346139E-05));
#2531 = CARTESIAN_POINT('',(0.105242889768,1.001489610828E-04));
#2532 = CARTESIAN_POINT('',(0.143850507431,1.500209816953E-04));
#2533 = CARTESIAN_POINT('',(0.182456225268,1.994925499648E-04));
#2534 = ( GEOMETRIC_REPRESENTATION_CONTEXT(2) 
PARAMETRIC_REPRESENTATION_CONTEXT() REPRESENTATION_CONTEXT('2D SPACE',''
  ) );
#2535 = PCURVE('',#793,#2536);
#2536 = DEFINITIONAL_REPRESENTATION('',(#2537),#2543);
#2537 = B_SPLINE_CURVE_WITH_KNOTS('',4,(#2538,#2539,#2540,#2541,#2542),
  .UNSPECIFIED.,.F.,.F.,(5,5),(0.,1.),.PIECEWISE_BEZIER_KNOTS.);
#2538 = CARTESIAN_POINT('',(-4.177381098458E-02,-1.49825108102));
#2539 = CARTESIAN_POINT('',(-9.930367740515E-02,-1.49662956833));
#2540 = CARTESIAN_POINT('',(-0.156749477473,-1.492030398543));
#2541 = CARTESIAN_POINT('',(-0.213880178169,-1.484460198967));
#2542 = CARTESIAN_POINT('',(-0.270468807904,-1.473961932967));
#2543 = ( GEOMETRIC_REPRESENTATION_CONTEXT(2) 
PARAMETRIC_REPRESENTATION_CONTEXT() REPRESENTATION_CONTEXT('2D SPACE',''
  ) );
#2544 = ORIENTED_EDGE('',*,*,#1594,.T.);
#2545 = ORIENTED_EDGE('',*,*,#2546,.T.);
#2546 = EDGE_CURVE('',#1575,#2517,#2547,.T.);
#2547 = SURFACE_CURVE('',#2548,(#2575,#2605),.PCURVE_S1.);
#2548 = B_SPLINE_CURVE_WITH_KNOTS('',4,(#2549,#2550,#2551,#2552,#2553,
    #2554,#2555,#2556,#2557,#2558,#2559,#2560,#2561,#2562,#2563,#2564,
    #2565,#2566,#2567,#2568,#2569,#2570,#2571,#2572,#2573,#2574),
  .UNSPECIFIED.,.F.,.F.,(5,3,3,3,3,3,3,3,5),(0.,0.217029845078,
    0.348589785396,0.457269758131,0.565949752863,0.674629771792,
    0.783309817429,0.891989892651,1.),.UNSPECIFIED.);
#2549 = CARTESIAN_POINT('',(297.86331398724,-70.39999999999,
    20.579104069685));
#2550 = CARTESIAN_POINT('',(297.17738901386,-76.88919795869,
    20.580219266779));
#2551 = CARTESIAN_POINT('',(296.49145901874,-83.37839531313,
    20.581321876443));
#2552 = CARTESIAN_POINT('',(295.80552360854,-89.86759201419,
    20.582410912246));
#2553 = CARTESIAN_POINT('',(294.70377589372,-100.2904324086,
    20.584136327989));
#2554 = CARTESIAN_POINT('',(294.28796732392,-104.2240765544,
    20.584782070327));
#2555 = CARTESIAN_POINT('',(293.87215647448,-108.1577204235,
    20.585422097935));
#2556 = CARTESIAN_POINT('',(293.11284524368,-115.3408963089,
    20.586579832072));
#2557 = CARTESIAN_POINT('',(292.76934562616,-118.5904284181,
    20.587099453534));
#2558 = CARTESIAN_POINT('',(292.42584429605,-121.8399603185,
    20.587614781499));
#2559 = CARTESIAN_POINT('',(291.73883798122,-128.3390243391,
    20.588636449504));
#2560 = CARTESIAN_POINT('',(291.39533299644,-131.5885564592,
    20.589142789355));
#2561 = CARTESIAN_POINT('',(291.05182613914,-134.83808835,
    20.589644434537));
#2562 = CARTESIAN_POINT('',(290.36480842231,-141.3371523734,
    20.590637882349));
#2563 = CARTESIAN_POINT('',(290.0212975627,-144.5866845059,
    20.591129684751));
#2564 = CARTESIAN_POINT('',(289.67778464982,-147.8362163859,
    20.591616338999));
#2565 = CARTESIAN_POINT('',(288.99075442801,-154.3352804126,
    20.592578836753));
#2566 = CARTESIAN_POINT('',(288.64723711897,-157.5848125593,
    20.593054679986));
#2567 = CARTESIAN_POINT('',(288.3037175515,-160.8343444269,
    20.593524860322));
#2568 = CARTESIAN_POINT('',(287.61667357243,-167.3334084576,
    20.5944533087));
#2569 = CARTESIAN_POINT('',(287.27314916068,-170.5829406207,
    20.594911576405));
#2570 = CARTESIAN_POINT('',(286.92962225664,-173.8324724741,
    20.595363594352));
#2571 = CARTESIAN_POINT('',(286.24468091416,-180.3115035032,
    20.596251712818));
#2572 = CARTESIAN_POINT('',(285.90326650785,-183.541002683,
    20.596687893881));
#2573 = CARTESIAN_POINT('',(285.56184937609,-186.770501522,
    20.59711724002));
#2574 = CARTESIAN_POINT('',(285.22042936772,-189.9999999999,
    20.597539371776));
#2575 = PCURVE('',#1611,#2576);
#2576 = DEFINITIONAL_REPRESENTATION('',(#2577),#2604);
#2577 = B_SPLINE_CURVE_WITH_KNOTS('',4,(#2578,#2579,#2580,#2581,#2582,
    #2583,#2584,#2585,#2586,#2587,#2588,#2589,#2590,#2591,#2592,#2593,
    #2594,#2595,#2596,#2597,#2598,#2599,#2600,#2601,#2602,#2603),
  .UNSPECIFIED.,.F.,.F.,(5,3,3,3,3,3,3,3,5),(0.,0.217029845078,
    0.348589785396,0.457269758131,0.565949752863,0.674629771792,
    0.783309817429,0.891989892651,1.),.UNSPECIFIED.);
#2578 = CARTESIAN_POINT('',(0.182455613475,0.));
#2579 = CARTESIAN_POINT('',(0.179875905494,5.425750801582E-02));
#2580 = CARTESIAN_POINT('',(0.177207505325,0.108515010979));
#2581 = CARTESIAN_POINT('',(0.174443551589,0.16277250848));
#2582 = CARTESIAN_POINT('',(0.169836980339,0.249920003417));
#2583 = CARTESIAN_POINT('',(0.16806018493,0.282810004636));
#2584 = CARTESIAN_POINT('',(0.166243240462,0.315700003542));
#2585 = CARTESIAN_POINT('',(0.162848041573,0.375760002583));
#2586 = CARTESIAN_POINT('',(0.161283229269,0.402930003496));
#2587 = CARTESIAN_POINT('',(0.159688297642,0.430100002664));
#2588 = CARTESIAN_POINT('',(0.156435429826,0.484440002836));
#2589 = CARTESIAN_POINT('',(0.154777492395,0.51161000384));
#2590 = CARTESIAN_POINT('',(0.153086669148,0.538780002927));
#2591 = CARTESIAN_POINT('',(0.149636132171,0.593120003122));
#2592 = CARTESIAN_POINT('',(0.14787641695,0.62029000423));
#2593 = CARTESIAN_POINT('',(0.14608069637,0.647460003227));
#2594 = CARTESIAN_POINT('',(0.142413713931,0.70180000345));
#2595 = CARTESIAN_POINT('',(0.140542450267,0.728970004677));
#2596 = CARTESIAN_POINT('',(0.13863164985,0.75614000357));
#2597 = CARTESIAN_POINT('',(0.134726962157,0.810480003827));
#2598 = CARTESIAN_POINT('',(0.132733072685,0.837650005191));
#2599 = CARTESIAN_POINT('',(0.130695632102,0.864820003964));
#2600 = CARTESIAN_POINT('',(0.126541909268,0.918992504208));
#2601 = CARTESIAN_POINT('',(0.124426187864,0.945995005711));
#2602 = CARTESIAN_POINT('',(0.122262937031,0.972997504365));
#2603 = CARTESIAN_POINT('',(0.12004957858,1.));
#2604 = ( GEOMETRIC_REPRESENTATION_CONTEXT(2) 
PARAMETRIC_REPRESENTATION_CONTEXT() REPRESENTATION_CONTEXT('2D SPACE',''
  ) );
#2605 = PCURVE('',#732,#2606);
#2606 = DEFINITIONAL_REPRESENTATION('',(#2607),#2634);
#2607 = B_SPLINE_CURVE_WITH_KNOTS('',4,(#2608,#2609,#2610,#2611,#2612,
    #2613,#2614,#2615,#2616,#2617,#2618,#2619,#2620,#2621,#2622,#2623,
    #2624,#2625,#2626,#2627,#2628,#2629,#2630,#2631,#2632,#2633),
  .UNSPECIFIED.,.F.,.F.,(5,3,3,3,3,3,3,3,5),(0.,0.217029845078,
    0.348589785396,0.457269758131,0.565949752863,0.674629771792,
    0.783309817429,0.891989892651,1.),.UNSPECIFIED.);
#2608 = CARTESIAN_POINT('',(4.881497521901,1.147540983606E-02));
#2609 = CARTESIAN_POINT('',(4.900815260056,6.466555703845E-02));
#2610 = CARTESIAN_POINT('',(4.920146572281,0.117855699288));
#2611 = CARTESIAN_POINT('',(4.939492522321,0.171045836182));
#2612 = CARTESIAN_POINT('',(4.970591310001,0.256478954169));
#2613 = CARTESIAN_POINT('',(4.982334051402,0.288721938971));
#2614 = CARTESIAN_POINT('',(4.994082955462,0.320964921505));
#2615 = CARTESIAN_POINT('',(5.015549353061,0.379843412369));
#2616 = CARTESIAN_POINT('',(5.025264781573,0.40647892146));
#2617 = CARTESIAN_POINT('',(5.03498484011,0.433114428841));
#2618 = CARTESIAN_POINT('',(5.054434651669,0.486385445403));
#2619 = CARTESIAN_POINT('',(5.064164404894,0.513020954584));
#2620 = CARTESIAN_POINT('',(5.073899220757,0.539656461886));
#2621 = CARTESIAN_POINT('',(5.093379468784,0.592927478471));
#2622 = CARTESIAN_POINT('',(5.103124901191,0.619562987754));
#2623 = CARTESIAN_POINT('',(5.112875885265,0.646198494966));
#2624 = CARTESIAN_POINT('',(5.132389514013,0.699469511579));
#2625 = CARTESIAN_POINT('',(5.142152158986,0.726105020979));
#2626 = CARTESIAN_POINT('',(5.151920910705,0.75274052809));
#2627 = CARTESIAN_POINT('',(5.171471262902,0.806011544735));
#2628 = CARTESIAN_POINT('',(5.181252863743,0.832647054269));
#2629 = CARTESIAN_POINT('',(5.191041204185,0.859282561263));
#2630 = CARTESIAN_POINT('',(5.210571704078,0.912389372977));
#2631 = CARTESIAN_POINT('',(5.220313776671,0.93886067773));
#2632 = CARTESIAN_POINT('',(5.23006321989,0.965331979689));
#2633 = CARTESIAN_POINT('',(5.239820442929,0.991803278688));
#2634 = ( GEOMETRIC_REPRESENTATION_CONTEXT(2) 
PARAMETRIC_REPRESENTATION_CONTEXT() REPRESENTATION_CONTEXT('2D SPACE',''
  ) );
#2635 = ADVANCED_FACE('',(#2636),#1686,.F.);
#2636 = FACE_BOUND('',#2637,.T.);
#2637 = EDGE_LOOP('',(#2638,#2668,#2699,#2720,#2721));
#2638 = ORIENTED_EDGE('',*,*,#2639,.F.);
#2639 = EDGE_CURVE('',#2640,#2642,#2644,.T.);
#2640 = VERTEX_POINT('',#2641);
#2641 = CARTESIAN_POINT('',(295.75191696942,-80.21315294097,
    20.074176502572));
#2642 = VERTEX_POINT('',#2643);
#2643 = CARTESIAN_POINT('',(297.36053895898,-80.38139455196,
    20.074176502572));
#2644 = SURFACE_CURVE('',#2645,(#2649,#2656),.PCURVE_S1.);
#2645 = LINE('',#2646,#2647);
#2646 = CARTESIAN_POINT('',(294.01403442024,-80.03139230257,
    20.074176502572));
#2647 = VECTOR('',#2648,1.);
#2648 = DIRECTION('',(0.994575200748,-0.104020046415,-0.));
#2649 = PCURVE('',#1686,#2650);
#2650 = DEFINITIONAL_REPRESENTATION('',(#2651),#2655);
#2651 = LINE('',#2652,#2653);
#2652 = CARTESIAN_POINT('',(-1.458091587844,10.631392302574));
#2653 = VECTOR('',#2654,1.);
#2654 = DIRECTION('',(-0.994575200748,0.104020046415));
#2655 = ( GEOMETRIC_REPRESENTATION_CONTEXT(2) 
PARAMETRIC_REPRESENTATION_CONTEXT() REPRESENTATION_CONTEXT('2D SPACE',''
  ) );
#2656 = PCURVE('',#2657,#2662);
#2657 = PLANE('',#2658);
#2658 = AXIS2_PLACEMENT_3D('',#2659,#2660,#2661);
#2659 = CARTESIAN_POINT('',(296.5559428324,-80.3,19.134176502572));
#2660 = DIRECTION('',(-0.104019604147,-0.994570972053,2.916076511732E-03
    ));
#2661 = DIRECTION('',(-0.994575200748,0.104020046415,0.));
#2662 = DEFINITIONAL_REPRESENTATION('',(#2663),#2667);
#2663 = LINE('',#2664,#2665);
#2664 = CARTESIAN_POINT('',(2.556059654458,-0.940003996672));
#2665 = VECTOR('',#2666,1.);
#2666 = DIRECTION('',(-1.,4.435349682182E-17));
#2667 = ( GEOMETRIC_REPRESENTATION_CONTEXT(2) 
PARAMETRIC_REPRESENTATION_CONTEXT() REPRESENTATION_CONTEXT('2D SPACE',''
  ) );
#2668 = ORIENTED_EDGE('',*,*,#2669,.T.);
#2669 = EDGE_CURVE('',#2640,#2670,#2672,.T.);
#2670 = VERTEX_POINT('',#2671);
#2671 = CARTESIAN_POINT('',(296.82217020967,-70.31671143636,
    20.074176502572));
#2672 = SURFACE_CURVE('',#2673,(#2678,#2689),.PCURVE_S1.);
#2673 = ELLIPSE('',#2674,425.22889746225,1.24);
#2674 = AXIS2_PLACEMENT_3D('',#2675,#2676,#2677);
#2675 = CARTESIAN_POINT('',(263.02512582388,-400.9008861455,
    20.074176502572));
#2676 = DIRECTION('',(0.,0.,-1.));
#2677 = DIRECTION('',(-0.104020046415,-0.994575200748,-0.));
#2678 = PCURVE('',#1686,#2679);
#2679 = DEFINITIONAL_REPRESENTATION('',(#2680),#2688);
#2680 = ( BOUNDED_CURVE() B_SPLINE_CURVE(2,(#2681,#2682,#2683,#2684,
#2685,#2686,#2687),.UNSPECIFIED.,.T.,.F.) B_SPLINE_CURVE_WITH_KNOTS((1,2
    ,2,2,2,1),(-2.094395102393,0.,2.094395102393,4.188790204786,
6.28318530718,8.377580409573),.UNSPECIFIED.) CURVE() 
GEOMETRIC_REPRESENTATION_ITEM() RATIONAL_B_SPLINE_CURVE((1.,0.5,1.,0.5,
1.,0.5,1.)) REPRESENTATION_ITEM('') );
#2681 = CARTESIAN_POINT('',(73.763146659485,754.42300220315));
#2682 = CARTESIAN_POINT('',(75.899238586244,754.19959387646));
#2683 = CARTESIAN_POINT('',(8.482698146418,119.92812395345));
#2684 = CARTESIAN_POINT('',(-58.9338422934,-514.3433459695));
#2685 = CARTESIAN_POINT('',(6.346606219659,120.15153228014));
#2686 = CARTESIAN_POINT('',(71.627054732726,754.64641052984));
#2687 = CARTESIAN_POINT('',(73.763146659485,754.42300220315));
#2688 = ( GEOMETRIC_REPRESENTATION_CONTEXT(2) 
PARAMETRIC_REPRESENTATION_CONTEXT() REPRESENTATION_CONTEXT('2D SPACE',''
  ) );
#2689 = PCURVE('',#1719,#2690);
#2690 = DEFINITIONAL_REPRESENTATION('',(#2691),#2698);
#2691 = B_SPLINE_CURVE_WITH_KNOTS('',5,(#2692,#2693,#2694,#2695,#2696,
    #2697),.UNSPECIFIED.,.F.,.F.,(6,6),(2.431141524784,2.469722193519),
  .PIECEWISE_BEZIER_KNOTS.);
#2692 = CARTESIAN_POINT('',(-10.28512315875,10.456770697095));
#2693 = CARTESIAN_POINT('',(-10.2928392925,8.316910670627));
#2694 = CARTESIAN_POINT('',(-10.30055542625,6.20104109691));
#2695 = CARTESIAN_POINT('',(-10.30827156,4.109427402259));
#2696 = CARTESIAN_POINT('',(-10.31598769374,2.04232906052));
#2697 = CARTESIAN_POINT('',(-10.32370382749,-5.999952605862E-07));
#2698 = ( GEOMETRIC_REPRESENTATION_CONTEXT(2) 
PARAMETRIC_REPRESENTATION_CONTEXT() REPRESENTATION_CONTEXT('2D SPACE',''
  ) );
#2699 = ORIENTED_EDGE('',*,*,#2700,.T.);
#2700 = EDGE_CURVE('',#2670,#1648,#2701,.T.);
#2701 = SURFACE_CURVE('',#2702,(#2706,#2713),.PCURVE_S1.);
#2702 = LINE('',#2703,#2704);
#2703 = CARTESIAN_POINT('',(295.04945860506,-70.13130811718,
    20.074176502572));
#2704 = VECTOR('',#2705,1.);
#2705 = DIRECTION('',(0.994575200748,-0.104020046415,-0.));
#2706 = PCURVE('',#1686,#2707);
#2707 = DEFINITIONAL_REPRESENTATION('',(#2708),#2712);
#2708 = LINE('',#2709,#2710);
#2709 = CARTESIAN_POINT('',(-2.493515772662,0.731308117186));
#2710 = VECTOR('',#2711,1.);
#2711 = DIRECTION('',(-0.994575200748,0.104020046415));
#2712 = ( GEOMETRIC_REPRESENTATION_CONTEXT(2) 
PARAMETRIC_REPRESENTATION_CONTEXT() REPRESENTATION_CONTEXT('2D SPACE',''
  ) );
#2713 = PCURVE('',#793,#2714);
#2714 = DEFINITIONAL_REPRESENTATION('',(#2715),#2719);
#2715 = LINE('',#2716,#2717);
#2716 = CARTESIAN_POINT('',(2.556059654458,-0.96903086456));
#2717 = VECTOR('',#2718,1.);
#2718 = DIRECTION('',(-1.,0.));
#2719 = ( GEOMETRIC_REPRESENTATION_CONTEXT(2) 
PARAMETRIC_REPRESENTATION_CONTEXT() REPRESENTATION_CONTEXT('2D SPACE',''
  ) );
#2720 = ORIENTED_EDGE('',*,*,#1670,.F.);
#2721 = ORIENTED_EDGE('',*,*,#2722,.T.);
#2722 = EDGE_CURVE('',#1671,#2642,#2723,.T.);
#2723 = SURFACE_CURVE('',#2724,(#2729,#2740),.PCURVE_S1.);
#2724 = ELLIPSE('',#2725,425.22889746225,1.24);
#2725 = AXIS2_PLACEMENT_3D('',#2726,#2727,#2728);
#2726 = CARTESIAN_POINT('',(263.02512582388,-400.9008861455,
    20.074176502572));
#2727 = DIRECTION('',(0.,0.,-1.));
#2728 = DIRECTION('',(-0.104020046415,-0.994575200748,-0.));
#2729 = PCURVE('',#1686,#2730);
#2730 = DEFINITIONAL_REPRESENTATION('',(#2731),#2739);
#2731 = ( BOUNDED_CURVE() B_SPLINE_CURVE(2,(#2732,#2733,#2734,#2735,
#2736,#2737,#2738),.UNSPECIFIED.,.T.,.F.) B_SPLINE_CURVE_WITH_KNOTS((1,2
    ,2,2,2,1),(-2.094395102393,0.,2.094395102393,4.188790204786,
6.28318530718,8.377580409573),.UNSPECIFIED.) CURVE() 
GEOMETRIC_REPRESENTATION_ITEM() RATIONAL_B_SPLINE_CURVE((1.,0.5,1.,0.5,
1.,0.5,1.)) REPRESENTATION_ITEM('') );
#2732 = CARTESIAN_POINT('',(73.763146659485,754.42300220315));
#2733 = CARTESIAN_POINT('',(75.899238586244,754.19959387646));
#2734 = CARTESIAN_POINT('',(8.482698146418,119.92812395345));
#2735 = CARTESIAN_POINT('',(-58.9338422934,-514.3433459695));
#2736 = CARTESIAN_POINT('',(6.346606219659,120.15153228014));
#2737 = CARTESIAN_POINT('',(71.627054732726,754.64641052984));
#2738 = CARTESIAN_POINT('',(73.763146659485,754.42300220315));
#2739 = ( GEOMETRIC_REPRESENTATION_CONTEXT(2) 
PARAMETRIC_REPRESENTATION_CONTEXT() REPRESENTATION_CONTEXT('2D SPACE',''
  ) );
#2740 = PCURVE('',#1719,#2741);
#2741 = DEFINITIONAL_REPRESENTATION('',(#2742),#2749);
#2742 = B_SPLINE_CURVE_WITH_KNOTS('',5,(#2743,#2744,#2745,#2746,#2747,
    #2748),.UNSPECIFIED.,.F.,.F.,(6,6),(3.81346311366,3.852043782395),
  .PIECEWISE_BEZIER_KNOTS.);
#2743 = CARTESIAN_POINT('',(-5.384259440455,-6.000023518027E-07));
#2744 = CARTESIAN_POINT('',(-5.391975574202,2.042329060512));
#2745 = CARTESIAN_POINT('',(-5.399691707949,4.109427402251));
#2746 = CARTESIAN_POINT('',(-5.407407841696,6.201041096902));
#2747 = CARTESIAN_POINT('',(-5.415123975443,8.316910670618));
#2748 = CARTESIAN_POINT('',(-5.42284010919,10.456770697085));
#2749 = ( GEOMETRIC_REPRESENTATION_CONTEXT(2) 
PARAMETRIC_REPRESENTATION_CONTEXT() REPRESENTATION_CONTEXT('2D SPACE',''
  ) );
#2750 = ADVANCED_FACE('',(#2751),#2657,.T.);
#2751 = FACE_BOUND('',#2752,.F.);
#2752 = EDGE_LOOP('',(#2753,#2754));
#2753 = ORIENTED_EDGE('',*,*,#2639,.F.);
#2754 = ORIENTED_EDGE('',*,*,#2755,.T.);
#2755 = EDGE_CURVE('',#2640,#2642,#2756,.T.);
#2756 = SURFACE_CURVE('',#2757,(#2762,#2773),.PCURVE_S1.);
#2757 = CIRCLE('',#2758,1.24);
#2758 = AXIS2_PLACEMENT_3D('',#2759,#2760,#2761);
#2759 = CARTESIAN_POINT('',(296.5559428324,-80.3,19.134176502572));
#2760 = DIRECTION('',(0.104019604147,0.994570972053,-2.916076511732E-03)
  );
#2761 = DIRECTION('',(0.994575200748,-0.104020046415,5.421010862428E-20)
  );
#2762 = PCURVE('',#2657,#2763);
#2763 = DEFINITIONAL_REPRESENTATION('',(#2764),#2772);
#2764 = ( BOUNDED_CURVE() B_SPLINE_CURVE(2,(#2765,#2766,#2767,#2768,
#2769,#2770,#2771),.UNSPECIFIED.,.T.,.F.) B_SPLINE_CURVE_WITH_KNOTS((1,2
    ,2,2,2,1),(-2.094395102393,0.,2.094395102393,4.188790204786,
6.28318530718,8.377580409573),.UNSPECIFIED.) CURVE() 
GEOMETRIC_REPRESENTATION_ITEM() RATIONAL_B_SPLINE_CURVE((1.,0.5,1.,0.5,
1.,0.5,1.)) REPRESENTATION_ITEM('') );
#2765 = CARTESIAN_POINT('',(-1.24,-1.344407835826E-19));
#2766 = CARTESIAN_POINT('',(-1.24,2.147743001385));
#2767 = CARTESIAN_POINT('',(0.62,1.073871500693));
#2768 = CARTESIAN_POINT('',(2.48,3.039812877557E-16));
#2769 = CARTESIAN_POINT('',(0.62,-1.073871500693));
#2770 = CARTESIAN_POINT('',(-1.24,-2.147743001385));
#2771 = CARTESIAN_POINT('',(-1.24,-1.344407835826E-19));
#2772 = ( GEOMETRIC_REPRESENTATION_CONTEXT(2) 
PARAMETRIC_REPRESENTATION_CONTEXT() REPRESENTATION_CONTEXT('2D SPACE',''
  ) );
#2773 = PCURVE('',#2774,#2779);
#2774 = CONICAL_SURFACE('',#2775,1.24,0.505962612379);
#2775 = AXIS2_PLACEMENT_3D('',#2776,#2777,#2778);
#2776 = CARTESIAN_POINT('',(296.5559428324,-80.3,19.134176502572));
#2777 = DIRECTION('',(0.104019604147,0.994570972053,-2.916076511732E-03)
  );
#2778 = DIRECTION('',(0.994575200748,-0.104020046415,-0.));
#2779 = DEFINITIONAL_REPRESENTATION('',(#2780),#2784);
#2780 = LINE('',#2781,#2782);
#2781 = CARTESIAN_POINT('',(0.,-0.));
#2782 = VECTOR('',#2783,1.);
#2783 = DIRECTION('',(1.,-0.));
#2784 = ( GEOMETRIC_REPRESENTATION_CONTEXT(2) 
PARAMETRIC_REPRESENTATION_CONTEXT() REPRESENTATION_CONTEXT('2D SPACE',''
  ) );
#2785 = ADVANCED_FACE('',(#2786),#2774,.F.);
#2786 = FACE_BOUND('',#2787,.T.);
#2787 = EDGE_LOOP('',(#2788,#2812,#2835,#2866,#2867,#2889));
#2788 = ORIENTED_EDGE('',*,*,#2789,.T.);
#2789 = EDGE_CURVE('',#2642,#2790,#2792,.T.);
#2790 = VERTEX_POINT('',#2791);
#2791 = CARTESIAN_POINT('',(297.78921608132,-80.42898485755,
    19.134176502572));
#2792 = SURFACE_CURVE('',#2793,(#2798,#2805),.PCURVE_S1.);
#2793 = CIRCLE('',#2794,1.24);
#2794 = AXIS2_PLACEMENT_3D('',#2795,#2796,#2797);
#2795 = CARTESIAN_POINT('',(296.5559428324,-80.3,19.134176502572));
#2796 = DIRECTION('',(0.104019604147,0.994570972053,-2.916076511733E-03)
  );
#2797 = DIRECTION('',(0.994575200748,-0.104020046415,-5.421010862428E-20
    ));
#2798 = PCURVE('',#2774,#2799);
#2799 = DEFINITIONAL_REPRESENTATION('',(#2800),#2804);
#2800 = LINE('',#2801,#2802);
#2801 = CARTESIAN_POINT('',(0.,-0.));
#2802 = VECTOR('',#2803,1.);
#2803 = DIRECTION('',(1.,-0.));
#2804 = ( GEOMETRIC_REPRESENTATION_CONTEXT(2) 
PARAMETRIC_REPRESENTATION_CONTEXT() REPRESENTATION_CONTEXT('2D SPACE',''
  ) );
#2805 = PCURVE('',#1719,#2806);
#2806 = DEFINITIONAL_REPRESENTATION('',(#2807),#2811);
#2807 = LINE('',#2808,#2809);
#2808 = CARTESIAN_POINT('',(-0.,10.45677009709));
#2809 = VECTOR('',#2810,1.);
#2810 = DIRECTION('',(-1.,0.));
#2811 = ( GEOMETRIC_REPRESENTATION_CONTEXT(2) 
PARAMETRIC_REPRESENTATION_CONTEXT() REPRESENTATION_CONTEXT('2D SPACE',''
  ) );
#2812 = ORIENTED_EDGE('',*,*,#2813,.T.);
#2813 = EDGE_CURVE('',#2790,#2814,#2816,.T.);
#2814 = VERTEX_POINT('',#2815);
#2815 = CARTESIAN_POINT('',(296.66949444799,-82.03047156513,
    19.139160893037));
#2816 = SEAM_CURVE('',#2817,(#2821,#2828),.PCURVE_S1.);
#2817 = LINE('',#2818,#2819);
#2818 = CARTESIAN_POINT('',(297.78921608132,-80.42898485755,
    19.134176502572));
#2819 = VECTOR('',#2820,1.);
#2820 = DIRECTION('',(-0.573007358967,-0.819546252762,2.550716474019E-03
    ));
#2821 = PCURVE('',#2774,#2822);
#2822 = DEFINITIONAL_REPRESENTATION('',(#2823),#2827);
#2823 = LINE('',#2824,#2825);
#2824 = CARTESIAN_POINT('',(-0.,0.));
#2825 = VECTOR('',#2826,1.);
#2826 = DIRECTION('',(0.,-1.));
#2827 = ( GEOMETRIC_REPRESENTATION_CONTEXT(2) 
PARAMETRIC_REPRESENTATION_CONTEXT() REPRESENTATION_CONTEXT('2D SPACE',''
  ) );
#2828 = PCURVE('',#2774,#2829);
#2829 = DEFINITIONAL_REPRESENTATION('',(#2830),#2834);
#2830 = LINE('',#2831,#2832);
#2831 = CARTESIAN_POINT('',(6.28318530718,0.));
#2832 = VECTOR('',#2833,1.);
#2833 = DIRECTION('',(0.,-1.));
#2834 = ( GEOMETRIC_REPRESENTATION_CONTEXT(2) 
PARAMETRIC_REPRESENTATION_CONTEXT() REPRESENTATION_CONTEXT('2D SPACE',''
  ) );
#2835 = ORIENTED_EDGE('',*,*,#2836,.F.);
#2836 = EDGE_CURVE('',#2814,#2814,#2837,.T.);
#2837 = SURFACE_CURVE('',#2838,(#2843,#2850),.PCURVE_S1.);
#2838 = CIRCLE('',#2839,0.292939353403);
#2839 = AXIS2_PLACEMENT_3D('',#2840,#2841,#2842);
#2840 = CARTESIAN_POINT('',(296.37814423178,-82.,19.139160893037));
#2841 = DIRECTION('',(0.104019604147,0.994570972053,-2.916076511732E-03)
  );
#2842 = DIRECTION('',(0.994575200748,-0.104020046415,5.421010862428E-20)
  );
#2843 = PCURVE('',#2774,#2844);
#2844 = DEFINITIONAL_REPRESENTATION('',(#2845),#2849);
#2845 = LINE('',#2846,#2847);
#2846 = CARTESIAN_POINT('',(0.,-1.709279727409));
#2847 = VECTOR('',#2848,1.);
#2848 = DIRECTION('',(1.,-0.));
#2849 = ( GEOMETRIC_REPRESENTATION_CONTEXT(2) 
PARAMETRIC_REPRESENTATION_CONTEXT() REPRESENTATION_CONTEXT('2D SPACE',''
  ) );
#2850 = PCURVE('',#2851,#2856);
#2851 = PLANE('',#2852);
#2852 = AXIS2_PLACEMENT_3D('',#2853,#2854,#2855);
#2853 = CARTESIAN_POINT('',(296.37814423178,-82.,19.139160893037));
#2854 = DIRECTION('',(-0.104019604147,-0.994570972053,2.916076511733E-03
    ));
#2855 = DIRECTION('',(-0.994575200748,0.104020046415,0.));
#2856 = DEFINITIONAL_REPRESENTATION('',(#2857),#2865);
#2857 = ( BOUNDED_CURVE() B_SPLINE_CURVE(2,(#2858,#2859,#2860,#2861,
#2862,#2863,#2864),.UNSPECIFIED.,.T.,.F.) B_SPLINE_CURVE_WITH_KNOTS((1,2
    ,2,2,2,1),(-2.094395102393,0.,2.094395102393,4.188790204786,
6.28318530718,8.377580409573),.UNSPECIFIED.) CURVE() 
GEOMETRIC_REPRESENTATION_ITEM() RATIONAL_B_SPLINE_CURVE((1.,0.5,1.,0.5,
1.,0.5,1.)) REPRESENTATION_ITEM('') );
#2858 = CARTESIAN_POINT('',(-0.292939353403,3.537707658437E-15));
#2859 = CARTESIAN_POINT('',(-0.292939353403,0.50738584363));
#2860 = CARTESIAN_POINT('',(0.146469676701,0.253692921815));
#2861 = CARTESIAN_POINT('',(0.585878706806,3.654429851966E-15));
#2862 = CARTESIAN_POINT('',(0.146469676701,-0.253692921815));
#2863 = CARTESIAN_POINT('',(-0.292939353403,-0.50738584363));
#2864 = CARTESIAN_POINT('',(-0.292939353403,3.537707658437E-15));
#2865 = ( GEOMETRIC_REPRESENTATION_CONTEXT(2) 
PARAMETRIC_REPRESENTATION_CONTEXT() REPRESENTATION_CONTEXT('2D SPACE',''
  ) );
#2866 = ORIENTED_EDGE('',*,*,#2813,.F.);
#2867 = ORIENTED_EDGE('',*,*,#2868,.T.);
#2868 = EDGE_CURVE('',#2790,#2640,#2869,.T.);
#2869 = SURFACE_CURVE('',#2870,(#2875,#2882),.PCURVE_S1.);
#2870 = CIRCLE('',#2871,1.24);
#2871 = AXIS2_PLACEMENT_3D('',#2872,#2873,#2874);
#2872 = CARTESIAN_POINT('',(296.5559428324,-80.3,19.134176502572));
#2873 = DIRECTION('',(0.104019604147,0.994570972053,-2.916076511733E-03)
  );
#2874 = DIRECTION('',(0.994575200748,-0.104020046415,-5.421010862428E-20
    ));
#2875 = PCURVE('',#2774,#2876);
#2876 = DEFINITIONAL_REPRESENTATION('',(#2877),#2881);
#2877 = LINE('',#2878,#2879);
#2878 = CARTESIAN_POINT('',(0.,-0.));
#2879 = VECTOR('',#2880,1.);
#2880 = DIRECTION('',(1.,-0.));
#2881 = ( GEOMETRIC_REPRESENTATION_CONTEXT(2) 
PARAMETRIC_REPRESENTATION_CONTEXT() REPRESENTATION_CONTEXT('2D SPACE',''
  ) );
#2882 = PCURVE('',#1719,#2883);
#2883 = DEFINITIONAL_REPRESENTATION('',(#2884),#2888);
#2884 = LINE('',#2885,#2886);
#2885 = CARTESIAN_POINT('',(-6.28318530718,10.45677009709));
#2886 = VECTOR('',#2887,1.);
#2887 = DIRECTION('',(-1.,0.));
#2888 = ( GEOMETRIC_REPRESENTATION_CONTEXT(2) 
PARAMETRIC_REPRESENTATION_CONTEXT() REPRESENTATION_CONTEXT('2D SPACE',''
  ) );
#2889 = ORIENTED_EDGE('',*,*,#2755,.T.);
#2890 = ADVANCED_FACE('',(#2891,#2926),#2851,.T.);
#2891 = FACE_BOUND('',#2892,.F.);
#2892 = EDGE_LOOP('',(#2893));
#2893 = ORIENTED_EDGE('',*,*,#2894,.T.);
#2894 = EDGE_CURVE('',#2895,#2895,#2897,.T.);
#2895 = VERTEX_POINT('',#2896);
#2896 = CARTESIAN_POINT('',(297.17380439237,-82.08321603713,
    19.139160893037));
#2897 = SURFACE_CURVE('',#2898,(#2903,#2914),.PCURVE_S1.);
#2898 = CIRCLE('',#2899,0.8);
#2899 = AXIS2_PLACEMENT_3D('',#2900,#2901,#2902);
#2900 = CARTESIAN_POINT('',(296.37814423178,-82.,19.139160893037));
#2901 = DIRECTION('',(0.104019604147,0.994570972053,-2.916076511733E-03)
  );
#2902 = DIRECTION('',(0.994575200748,-0.104020046415,5.421010862428E-20)
  );
#2903 = PCURVE('',#2851,#2904);
#2904 = DEFINITIONAL_REPRESENTATION('',(#2905),#2913);
#2905 = ( BOUNDED_CURVE() B_SPLINE_CURVE(2,(#2906,#2907,#2908,#2909,
#2910,#2911,#2912),.UNSPECIFIED.,.T.,.F.) B_SPLINE_CURVE_WITH_KNOTS((1,2
    ,2,2,2,1),(-2.094395102393,0.,2.094395102393,4.188790204786,
6.28318530718,8.377580409573),.UNSPECIFIED.) CURVE() 
GEOMETRIC_REPRESENTATION_ITEM() RATIONAL_B_SPLINE_CURVE((1.,0.5,1.,0.5,
1.,0.5,1.)) REPRESENTATION_ITEM('') );
#2906 = CARTESIAN_POINT('',(-0.8,-8.673580501744E-20));
#2907 = CARTESIAN_POINT('',(-0.8,1.385640646055));
#2908 = CARTESIAN_POINT('',(0.4,0.692820323028));
#2909 = CARTESIAN_POINT('',(1.6,1.961169594736E-16));
#2910 = CARTESIAN_POINT('',(0.4,-0.692820323028));
#2911 = CARTESIAN_POINT('',(-0.8,-1.385640646055));
#2912 = CARTESIAN_POINT('',(-0.8,-8.673580501744E-20));
#2913 = ( GEOMETRIC_REPRESENTATION_CONTEXT(2) 
PARAMETRIC_REPRESENTATION_CONTEXT() REPRESENTATION_CONTEXT('2D SPACE',''
  ) );
#2914 = PCURVE('',#2915,#2920);
#2915 = CYLINDRICAL_SURFACE('',#2916,0.8);
#2916 = AXIS2_PLACEMENT_3D('',#2917,#2918,#2919);
#2917 = CARTESIAN_POINT('',(296.37814423178,-82.,19.139160893037));
#2918 = DIRECTION('',(-0.104019604147,-0.994570972053,2.916076511733E-03
    ));
#2919 = DIRECTION('',(0.994575200748,-0.104020046415,-0.));
#2920 = DEFINITIONAL_REPRESENTATION('',(#2921),#2925);
#2921 = LINE('',#2922,#2923);
#2922 = CARTESIAN_POINT('',(-0.,0.));
#2923 = VECTOR('',#2924,1.);
#2924 = DIRECTION('',(-1.,0.));
#2925 = ( GEOMETRIC_REPRESENTATION_CONTEXT(2) 
PARAMETRIC_REPRESENTATION_CONTEXT() REPRESENTATION_CONTEXT('2D SPACE',''
  ) );
#2926 = FACE_BOUND('',#2927,.F.);
#2927 = EDGE_LOOP('',(#2928));
#2928 = ORIENTED_EDGE('',*,*,#2836,.F.);
#2929 = ADVANCED_FACE('',(#2930),#2915,.F.);
#2930 = FACE_BOUND('',#2931,.T.);
#2931 = EDGE_LOOP('',(#2932,#2965,#2986,#2987));
#2932 = ORIENTED_EDGE('',*,*,#2933,.F.);
#2933 = EDGE_CURVE('',#2934,#2934,#2936,.T.);
#2934 = VERTEX_POINT('',#2935);
#2935 = CARTESIAN_POINT('',(296.2587781861,-90.83212938758,
    19.16481265791));
#2936 = SURFACE_CURVE('',#2937,(#2942,#2949),.PCURVE_S1.);
#2937 = CIRCLE('',#2938,0.8);
#2938 = AXIS2_PLACEMENT_3D('',#2939,#2940,#2941);
#2939 = CARTESIAN_POINT('',(295.4631180255,-90.74891335045,
    19.16481265791));
#2940 = DIRECTION('',(0.104019604147,0.994570972053,-2.916076511733E-03)
  );
#2941 = DIRECTION('',(0.994575200748,-0.104020046415,5.421010862428E-20)
  );
#2942 = PCURVE('',#2915,#2943);
#2943 = DEFINITIONAL_REPRESENTATION('',(#2944),#2948);
#2944 = LINE('',#2945,#2946);
#2945 = CARTESIAN_POINT('',(-0.,8.796670721642));
#2946 = VECTOR('',#2947,1.);
#2947 = DIRECTION('',(-1.,0.));
#2948 = ( GEOMETRIC_REPRESENTATION_CONTEXT(2) 
PARAMETRIC_REPRESENTATION_CONTEXT() REPRESENTATION_CONTEXT('2D SPACE',''
  ) );
#2949 = PCURVE('',#2950,#2955);
#2950 = PLANE('',#2951);
#2951 = AXIS2_PLACEMENT_3D('',#2952,#2953,#2954);
#2952 = CARTESIAN_POINT('',(295.4631180255,-90.74891335045,
    19.16481265791));
#2953 = DIRECTION('',(-0.104019604147,-0.994570972053,2.916076511733E-03
    ));
#2954 = DIRECTION('',(-0.994575200748,0.104020046415,0.));
#2955 = DEFINITIONAL_REPRESENTATION('',(#2956),#2964);
#2956 = ( BOUNDED_CURVE() B_SPLINE_CURVE(2,(#2957,#2958,#2959,#2960,
#2961,#2962,#2963),.UNSPECIFIED.,.T.,.F.) B_SPLINE_CURVE_WITH_KNOTS((1,2
    ,2,2,2,1),(-2.094395102393,0.,2.094395102393,4.188790204786,
6.28318530718,8.377580409573),.UNSPECIFIED.) CURVE() 
GEOMETRIC_REPRESENTATION_ITEM() RATIONAL_B_SPLINE_CURVE((1.,0.5,1.,0.5,
1.,0.5,1.)) REPRESENTATION_ITEM('') );
#2957 = CARTESIAN_POINT('',(-0.8,-3.557078731667E-15));
#2958 = CARTESIAN_POINT('',(-0.8,1.385640646055));
#2959 = CARTESIAN_POINT('',(0.4,0.692820323028));
#2960 = CARTESIAN_POINT('',(1.6,-3.347994769344E-15));
#2961 = CARTESIAN_POINT('',(0.4,-0.692820323028));
#2962 = CARTESIAN_POINT('',(-0.8,-1.385640646055));
#2963 = CARTESIAN_POINT('',(-0.8,-3.557078731667E-15));
#2964 = ( GEOMETRIC_REPRESENTATION_CONTEXT(2) 
PARAMETRIC_REPRESENTATION_CONTEXT() REPRESENTATION_CONTEXT('2D SPACE',''
  ) );
#2965 = ORIENTED_EDGE('',*,*,#2966,.F.);
#2966 = EDGE_CURVE('',#2895,#2934,#2967,.T.);
#2967 = SEAM_CURVE('',#2968,(#2972,#2979),.PCURVE_S1.);
#2968 = LINE('',#2969,#2970);
#2969 = CARTESIAN_POINT('',(297.17380439237,-82.08321603713,
    19.139160893037));
#2970 = VECTOR('',#2971,1.);
#2971 = DIRECTION('',(-0.104019604147,-0.994570972053,2.916076511733E-03
    ));
#2972 = PCURVE('',#2915,#2973);
#2973 = DEFINITIONAL_REPRESENTATION('',(#2974),#2978);
#2974 = LINE('',#2975,#2976);
#2975 = CARTESIAN_POINT('',(-6.28318530718,-0.));
#2976 = VECTOR('',#2977,1.);
#2977 = DIRECTION('',(-0.,1.));
#2978 = ( GEOMETRIC_REPRESENTATION_CONTEXT(2) 
PARAMETRIC_REPRESENTATION_CONTEXT() REPRESENTATION_CONTEXT('2D SPACE',''
  ) );
#2979 = PCURVE('',#2915,#2980);
#2980 = DEFINITIONAL_REPRESENTATION('',(#2981),#2985);
#2981 = LINE('',#2982,#2983);
#2982 = CARTESIAN_POINT('',(-0.,-0.));
#2983 = VECTOR('',#2984,1.);
#2984 = DIRECTION('',(-0.,1.));
#2985 = ( GEOMETRIC_REPRESENTATION_CONTEXT(2) 
PARAMETRIC_REPRESENTATION_CONTEXT() REPRESENTATION_CONTEXT('2D SPACE',''
  ) );
#2986 = ORIENTED_EDGE('',*,*,#2894,.T.);
#2987 = ORIENTED_EDGE('',*,*,#2966,.T.);
#2988 = ADVANCED_FACE('',(#2989,#3347),#2950,.T.);
#2989 = FACE_BOUND('',#2990,.F.);
#2990 = EDGE_LOOP('',(#2991,#3013,#3037,#3062,#3291));
#2991 = ORIENTED_EDGE('',*,*,#2992,.T.);
#2992 = EDGE_CURVE('',#2993,#2995,#2997,.T.);
#2993 = VERTEX_POINT('',#2994);
#2994 = CARTESIAN_POINT('',(295.71007100477,-90.77058470698,
    20.582556330188));
#2995 = VERTEX_POINT('',#2996);
#2996 = CARTESIAN_POINT('',(295.86980850179,-90.78612010817,
    20.981987598217));
#2997 = SURFACE_CURVE('',#2998,(#3001,#3007),.PCURVE_S1.);
#2998 = B_SPLINE_CURVE_WITH_KNOTS('',1,(#2999,#3000),.UNSPECIFIED.,.F.,
  .F.,(2,2),(0.,1.),.PIECEWISE_BEZIER_KNOTS.);
#2999 = CARTESIAN_POINT('',(295.46336049864,-90.74659067449,
    19.965644883982));
#3000 = CARTESIAN_POINT('',(295.88793138605,-90.78788266413,
    21.027304739007));
#3001 = PCURVE('',#2950,#3002);
#3002 = DEFINITIONAL_REPRESENTATION('',(#3003),#3006);
#3003 = B_SPLINE_CURVE_WITH_KNOTS('',1,(#3004,#3005),.UNSPECIFIED.,.F.,
  .F.,(2,2),(0.,1.),.PIECEWISE_BEZIER_KNOTS.);
#3004 = CARTESIAN_POINT('',(4.470894054975E-07,-0.800835631034));
#3005 = CARTESIAN_POINT('',(-0.426562423166,-1.8625));
#3006 = ( GEOMETRIC_REPRESENTATION_CONTEXT(2) 
PARAMETRIC_REPRESENTATION_CONTEXT() REPRESENTATION_CONTEXT('2D SPACE',''
  ) );
#3007 = PCURVE('',#958,#3008);
#3008 = DEFINITIONAL_REPRESENTATION('',(#3009),#3012);
#3009 = B_SPLINE_CURVE_WITH_KNOTS('',1,(#3010,#3011),.UNSPECIFIED.,.F.,
  .F.,(2,2),(0.,1.),.PIECEWISE_BEZIER_KNOTS.);
#3010 = CARTESIAN_POINT('',(5.60747573229,0.178250743234));
#3011 = CARTESIAN_POINT('',(4.462569269658,0.178589202165));
#3012 = ( GEOMETRIC_REPRESENTATION_CONTEXT(2) 
PARAMETRIC_REPRESENTATION_CONTEXT() REPRESENTATION_CONTEXT('2D SPACE',''
  ) );
#3013 = ORIENTED_EDGE('',*,*,#3014,.F.);
#3014 = EDGE_CURVE('',#3015,#2995,#3017,.T.);
#3015 = VERTEX_POINT('',#3016);
#3016 = CARTESIAN_POINT('',(295.86879740714,-90.79667019337,
    17.347658351511));
#3017 = SURFACE_CURVE('',#3018,(#3023,#3030),.PCURVE_S1.);
#3018 = CIRCLE('',#3019,1.8625);
#3019 = AXIS2_PLACEMENT_3D('',#3020,#3021,#3022);
#3020 = CARTESIAN_POINT('',(295.4631180255,-90.74891335045,
    19.16481265791));
#3021 = DIRECTION('',(-0.104019604147,-0.994570972053,2.916076511735E-03
    ));
#3022 = DIRECTION('',(0.217814433096,-2.564125794075E-02,-0.975653318872
    ));
#3023 = PCURVE('',#2950,#3024);
#3024 = DEFINITIONAL_REPRESENTATION('',(#3025),#3029);
#3025 = CIRCLE('',#3026,1.8625);
#3026 = AXIS2_PLACEMENT_2D('',#3027,#3028);
#3027 = CARTESIAN_POINT('',(0.,0.));
#3028 = DIRECTION('',(-0.219300038363,0.975657467134));
#3029 = ( GEOMETRIC_REPRESENTATION_CONTEXT(2) 
PARAMETRIC_REPRESENTATION_CONTEXT() REPRESENTATION_CONTEXT('2D SPACE',''
  ) );
#3030 = PCURVE('',#1037,#3031);
#3031 = DEFINITIONAL_REPRESENTATION('',(#3032),#3036);
#3032 = LINE('',#3033,#3034);
#3033 = CARTESIAN_POINT('',(-7.632884646986,-12.66987173728));
#3034 = VECTOR('',#3035,1.);
#3035 = DIRECTION('',(1.,-0.));
#3036 = ( GEOMETRIC_REPRESENTATION_CONTEXT(2) 
PARAMETRIC_REPRESENTATION_CONTEXT() REPRESENTATION_CONTEXT('2D SPACE',''
  ) );
#3037 = ORIENTED_EDGE('',*,*,#3038,.T.);
#3038 = EDGE_CURVE('',#3015,#3039,#3041,.T.);
#3039 = VERTEX_POINT('',#3040);
#3040 = CARTESIAN_POINT('',(295.70920188554,-90.77880693115,
    17.747242890297));
#3041 = SURFACE_CURVE('',#3042,(#3045,#3051),.PCURVE_S1.);
#3042 = B_SPLINE_CURVE_WITH_KNOTS('',1,(#3043,#3044),.UNSPECIFIED.,.F.,
  .F.,(2,2),(0.,1.),.PIECEWISE_BEZIER_KNOTS.);
#3043 = CARTESIAN_POINT('',(295.88690547965,-90.79869699991,
    17.302320576813));
#3044 = CARTESIAN_POINT('',(295.46287466303,-90.7512359334,
    18.363980431565));
#3045 = PCURVE('',#2950,#3046);
#3046 = DEFINITIONAL_REPRESENTATION('',(#3047),#3050);
#3047 = B_SPLINE_CURVE_WITH_KNOTS('',1,(#3048,#3049),.UNSPECIFIED.,.F.,
  .F.,(2,2),(0.,1.),.PIECEWISE_BEZIER_KNOTS.);
#3048 = CARTESIAN_POINT('',(-0.426666989812,1.8625));
#3049 = CARTESIAN_POINT('',(4.470894054975E-07,0.800835631306));
#3050 = ( GEOMETRIC_REPRESENTATION_CONTEXT(2) 
PARAMETRIC_REPRESENTATION_CONTEXT() REPRESENTATION_CONTEXT('2D SPACE',''
  ) );
#3051 = PCURVE('',#3052,#3057);
#3052 = B_SPLINE_SURFACE_WITH_KNOTS('',1,1,(
    (#3053,#3054)
    ,(#3055,#3056
    )),.UNSPECIFIED.,.F.,.F.,.F.,(2,2),(2,2),(0.,6.471208456066),(0.,1.)
  ,.PIECEWISE_BEZIER_KNOTS.);
#3053 = CARTESIAN_POINT('',(297.41422016666,-69.,19.101044965951));
#3054 = CARTESIAN_POINT('',(284.65455588681,-191.,19.45874828168));
#3055 = CARTESIAN_POINT('',(299.83837752167,-69.,13.101044965951));
#3056 = CARTESIAN_POINT('',(287.07871324182,-191.,13.45874828168));
#3057 = DEFINITIONAL_REPRESENTATION('',(#3058),#3061);
#3058 = B_SPLINE_CURVE_WITH_KNOTS('',1,(#3059,#3060),.UNSPECIFIED.,.F.,
  .F.,(2,2),(0.,1.),.PIECEWISE_BEZIER_KNOTS.);
#3059 = CARTESIAN_POINT('',(2.008919846159,0.178677844262));
#3060 = CARTESIAN_POINT('',(0.863732723775,0.178288819126));
#3061 = ( GEOMETRIC_REPRESENTATION_CONTEXT(2) 
PARAMETRIC_REPRESENTATION_CONTEXT() REPRESENTATION_CONTEXT('2D SPACE',''
  ) );
#3062 = ORIENTED_EDGE('',*,*,#3063,.F.);
#3063 = EDGE_CURVE('',#3064,#3039,#3066,.T.);
#3064 = VERTEX_POINT('',#3065);
#3065 = CARTESIAN_POINT('',(295.46355466611,-90.74473846362,
    20.60429492998));
#3066 = SURFACE_CURVE('',#3067,(#3130,#3196),.PCURVE_S1.);
#3067 = B_SPLINE_CURVE_WITH_KNOTS('',7,(#3068,#3069,#3070,#3071,#3072,
    #3073,#3074,#3075,#3076,#3077,#3078,#3079,#3080,#3081,#3082,#3083,
    #3084,#3085,#3086,#3087,#3088,#3089,#3090,#3091,#3092,#3093,#3094,
    #3095,#3096,#3097,#3098,#3099,#3100,#3101,#3102,#3103,#3104,#3105,
    #3106,#3107,#3108,#3109,#3110,#3111,#3112,#3113,#3114,#3115,#3116,
    #3117,#3118,#3119,#3120,#3121,#3122,#3123,#3124,#3125,#3126,#3127,
    #3128,#3129),.UNSPECIFIED.,.F.,.F.,(8,6,6,6,6,6,6,6,6,6,8),(0.,
    0.228723582867,0.306774513518,0.355841127513,0.466049205292,
    0.57410907791,0.623175605124,0.701226360338,0.779201790395,
    0.935970864885,1.),.UNSPECIFIED.);
#3068 = CARTESIAN_POINT('',(295.46355466611,-90.74473846362,
    20.60429492998));
#3069 = CARTESIAN_POINT('',(295.30885354287,-90.72855867421,
    20.60429468198));
#3070 = CARTESIAN_POINT('',(295.15406917098,-90.71242830037,
    20.584470954273));
#3071 = CARTESIAN_POINT('',(295.00234307543,-90.69667599726,
    20.544792646803));
#3072 = CARTESIAN_POINT('',(294.85664724364,-90.68161067179,
    20.485916500827));
#3073 = CARTESIAN_POINT('',(294.71974748815,-90.6675182346,
    20.408987991377));
#3074 = CARTESIAN_POINT('',(294.59420348958,-90.65466161848,
    20.315636583365));
#3075 = CARTESIAN_POINT('',(294.44400723174,-90.63937597725,
    20.171367314176));
#3076 = CARTESIAN_POINT('',(294.4073659943,-90.63565625762,
    20.133000063334));
#3077 = CARTESIAN_POINT('',(294.37238220214,-90.63211451238,
    20.09305488065));
#3078 = CARTESIAN_POINT('',(294.3391349049,-90.62875875021,
    20.05162007654));
#3079 = CARTESIAN_POINT('',(294.30769711646,-90.62559633499,
    20.008788579376));
#3080 = CARTESIAN_POINT('',(294.27813581485,-90.62263398575,
    19.964657935483));
#3081 = CARTESIAN_POINT('',(294.23314623153,-90.61814508963,
    19.890835156987));
#3082 = CARTESIAN_POINT('',(294.21654608149,-90.61649385805,
    19.861866770433));
#3083 = CARTESIAN_POINT('',(294.20072656047,-90.61492558385,
    19.832450420713));
#3084 = CARTESIAN_POINT('',(294.18570168332,-90.61344165726,
    19.802611883841));
#3085 = CARTESIAN_POINT('',(294.17148441145,-90.6120433568,
    19.772377440613));
#3086 = CARTESIAN_POINT('',(294.1580866529,-90.61073184939,
    19.741773876605));
#3087 = CARTESIAN_POINT('',(294.11729175987,-90.60675974052,
    19.641322311722));
#3088 = CARTESIAN_POINT('',(294.0932528641,-90.60445442755,
    19.570089934715));
#3089 = CARTESIAN_POINT('',(294.07352612513,-90.60260426123,
    19.49744237013));
#3090 = CARTESIAN_POINT('',(294.05820647202,-90.60121823569,
    19.423698253828));
#3091 = CARTESIAN_POINT('',(294.04736008315,-90.60030231948,
    19.349182580009));
#3092 = CARTESIAN_POINT('',(294.0410242568,-90.59985944571,
    19.274225442651));
#3093 = CARTESIAN_POINT('',(294.03742572332,-90.59991897272,
    19.125559291696));
#3094 = CARTESIAN_POINT('',(294.03998848584,-90.60040311643,
    19.051851439729));
#3095 = CARTESIAN_POINT('',(294.04690305382,-90.60134179338,
    18.978351921362));
#3096 = CARTESIAN_POINT('',(294.05814995467,-90.60273205069,
    18.905373248682));
#3097 = CARTESIAN_POINT('',(294.07368281317,-90.60456813159,
    18.833224603934));
#3098 = CARTESIAN_POINT('',(294.09342840614,-90.60684148443,
    18.762210697917));
#3099 = CARTESIAN_POINT('',(294.12812001202,-90.61076643175,
    18.66103654729));
#3100 = CARTESIAN_POINT('',(294.13980134168,-90.61207991964,
    18.62973776628));
#3101 = CARTESIAN_POINT('',(294.1523213807,-90.6134801785,18.59876213539
    ));
#3102 = CARTESIAN_POINT('',(294.16566972384,-90.61496603972,
    18.568137059043));
#3103 = CARTESIAN_POINT('',(294.17983488605,-90.61653622306,
    18.53788949603));
#3104 = CARTESIAN_POINT('',(294.19480430246,-90.61818933667,
    18.508045959506));
#3105 = CARTESIAN_POINT('',(294.23563400417,-90.62268303271,
    18.431844176109));
#3106 = CARTESIAN_POINT('',(294.262704463,-90.62564825566,
    18.386143640787));
#3107 = CARTESIAN_POINT('',(294.29172051785,-90.62881346503,
    18.341636295832));
#3108 = CARTESIAN_POINT('',(294.32262069893,-90.63217193541,
    18.298423249394));
#3109 = CARTESIAN_POINT('',(294.35533725369,-90.63571629683,
    18.256601332969));
#3110 = CARTESIAN_POINT('',(294.38979614685,-90.63943853476,
    18.2162631014));
#3111 = CARTESIAN_POINT('',(294.46200311442,-90.64721768991,
    18.138767976877));
#3112 = CARTESIAN_POINT('',(294.49974853643,-90.65127434063,
    18.101607363087));
#3113 = CARTESIAN_POINT('',(294.53907309836,-90.65549129338,
    18.066103000166));
#3114 = CARTESIAN_POINT('',(294.57989150935,-90.65985938693,
    18.032337050235));
#3115 = CARTESIAN_POINT('',(294.62211341573,-90.66436894766,
    18.000385828878));
#3116 = CARTESIAN_POINT('',(294.66564340103,-90.66900978958,
    17.970319805144));
#3117 = CARTESIAN_POINT('',(294.80032559785,-90.68334402669,
    17.885676164466));
#3118 = CARTESIAN_POINT('',(294.89516305579,-90.69340548337,
    17.837022461689));
#3119 = CARTESIAN_POINT('',(294.99406567723,-90.70386745025,
    17.796777621391));
#3120 = CARTESIAN_POINT('',(295.09615183685,-90.71463652986,
    17.765347696785));
#3121 = CARTESIAN_POINT('',(295.20049836165,-90.72561531923,
    17.743022833621));
#3122 = CARTESIAN_POINT('',(295.30614814648,-90.73670321651,
    17.729973798187));
#3123 = CARTESIAN_POINT('',(295.45539217185,-90.75232771524,
    17.724703549802));
#3124 = CARTESIAN_POINT('',(295.49872604316,-90.7568598218,
    17.724727729148));
#3125 = CARTESIAN_POINT('',(295.54204839118,-90.76138616451,
    17.726306708104));
#3126 = CARTESIAN_POINT('',(295.58529328397,-90.76589985155,
    17.729439180077));
#3127 = CARTESIAN_POINT('',(295.62839507032,-90.77039403103,
    17.734120227653));
#3128 = CARTESIAN_POINT('',(295.67128837983,-90.77486189106,
    17.7403413226));
#3129 = CARTESIAN_POINT('',(295.71390812289,-90.77929665966,
    17.748090325869));
#3130 = PCURVE('',#2950,#3131);
#3131 = DEFINITIONAL_REPRESENTATION('',(#3132),#3195);
#3132 = B_SPLINE_CURVE_WITH_KNOTS('',7,(#3133,#3134,#3135,#3136,#3137,
    #3138,#3139,#3140,#3141,#3142,#3143,#3144,#3145,#3146,#3147,#3148,
    #3149,#3150,#3151,#3152,#3153,#3154,#3155,#3156,#3157,#3158,#3159,
    #3160,#3161,#3162,#3163,#3164,#3165,#3166,#3167,#3168,#3169,#3170,
    #3171,#3172,#3173,#3174,#3175,#3176,#3177,#3178,#3179,#3180,#3181,
    #3182,#3183,#3184,#3185,#3186,#3187,#3188,#3189,#3190,#3191,#3192,
    #3193,#3194),.UNSPECIFIED.,.F.,.F.,(8,6,6,6,6,6,6,6,6,6,8),(0.,
    0.228723582867,0.306774513518,0.355841127513,0.466049205292,
    0.57410907791,0.623175605124,0.701226360338,0.779201790395,
    0.935970864885,1.),.UNSPECIFIED.);
#3133 = CARTESIAN_POINT('',(-5.684341886081E-14,-1.439488392429));
#3134 = CARTESIAN_POINT('',(0.155544923151,-1.439488144429));
#3135 = CARTESIAN_POINT('',(0.311167503134,-1.419664332436));
#3136 = CARTESIAN_POINT('',(0.463709070369,-1.379985856262));
#3137 = CARTESIAN_POINT('',(0.610181627375,-1.321109459958));
#3138 = CARTESIAN_POINT('',(0.747804625147,-1.244180623424));
#3139 = CARTESIAN_POINT('',(0.874004918535,-1.150828818503));
#3140 = CARTESIAN_POINT('',(1.02497640494,-1.006558935913));
#3141 = CARTESIAN_POINT('',(1.061805796426,-0.968191521942));
#3142 = CARTESIAN_POINT('',(1.096968221044,-0.92824616942));
#3143 = CARTESIAN_POINT('',(1.1303842249,-0.886811189138));
#3144 = CARTESIAN_POINT('',(1.161980424235,-0.843979509864));
#3145 = CARTESIAN_POINT('',(1.191689505419,-0.799848678338));
#3146 = CARTESIAN_POINT('',(1.236901964462,-0.726025585964));
#3147 = CARTESIAN_POINT('',(1.253583823207,-0.697057076242));
#3148 = CARTESIAN_POINT('',(1.269480658456,-0.667640601451));
#3149 = CARTESIAN_POINT('',(1.284578386784,-0.637801937712));
#3150 = CARTESIAN_POINT('',(1.29886398408,-0.607567365934));
#3151 = CARTESIAN_POINT('',(1.312325485542,-0.576963671806));
#3152 = CARTESIAN_POINT('',(1.353312253414,-0.476511679826));
#3153 = CARTESIAN_POINT('',(1.377460541764,-0.405278999954));
#3154 = CARTESIAN_POINT('',(1.397272721519,-0.332631126487));
#3155 = CARTESIAN_POINT('',(1.412653443037,-0.258886696642));
#3156 = CARTESIAN_POINT('',(1.423536266066,-0.184370705999));
#3157 = CARTESIAN_POINT('',(1.42988378958,-0.109413249939));
#3158 = CARTESIAN_POINT('',(1.433456609732,3.925353311014E-02));
#3159 = CARTESIAN_POINT('',(1.430857389039,0.112961698467));
#3160 = CARTESIAN_POINT('',(1.423882689979,0.186461529337));
#3161 = CARTESIAN_POINT('',(1.412552186676,0.259440512307));
#3162 = CARTESIAN_POINT('',(1.396912601597,0.331589463815));
#3163 = CARTESIAN_POINT('',(1.377037650237,0.402603671768));
#3164 = CARTESIAN_POINT('',(1.342125966155,0.503778252564));
#3165 = CARTESIAN_POINT('',(1.330371376286,0.53507716665));
#3166 = CARTESIAN_POINT('',(1.317773600973,0.566052929242));
#3167 = CARTESIAN_POINT('',(1.304343110565,0.596678135799));
#3168 = CARTESIAN_POINT('',(1.290091460976,0.626925827419));
#3169 = CARTESIAN_POINT('',(1.275031293686,0.65676949083));
#3170 = CARTESIAN_POINT('',(1.233955650442,0.73297159822));
#3171 = CARTESIAN_POINT('',(1.206723600787,0.778672327851));
#3172 = CARTESIAN_POINT('',(1.177535706983,0.823179862041));
#3173 = CARTESIAN_POINT('',(1.146453804944,0.866393092212));
#3174 = CARTESIAN_POINT('',(1.113546046287,0.908215186454));
#3175 = CARTESIAN_POINT('',(1.078886898336,0.948553589532));
#3176 = CARTESIAN_POINT('',(1.006262450993,1.026049043548));
#3177 = CARTESIAN_POINT('',(0.968299817326,1.063209815336));
#3178 = CARTESIAN_POINT('',(0.928749935626,1.098714329214));
#3179 = CARTESIAN_POINT('',(0.887698587028,1.13248042271));
#3180 = CARTESIAN_POINT('',(0.845236641299,1.164431779916));
#3181 = CARTESIAN_POINT('',(0.801460056833,1.194497931484));
#3182 = CARTESIAN_POINT('',(0.66601743589,1.279141932049));
#3183 = CARTESIAN_POINT('',(0.570647858923,1.32779584169));
#3184 = CARTESIAN_POINT('',(0.471193510072,1.368040853101));
#3185 = CARTESIAN_POINT('',(0.368540947217,1.399470911339));
#3186 = CARTESIAN_POINT('',(0.263618467184,1.421795869424));
#3187 = CARTESIAN_POINT('',(0.157388447636,1.43484496034));
#3188 = CARTESIAN_POINT('',(7.328780067212E-03,1.440115231133));
#3189 = CARTESIAN_POINT('',(-3.62414436255E-02,1.440091051684));
#3190 = CARTESIAN_POINT('',(-7.979960699112E-02,1.438512066014));
#3191 = CARTESIAN_POINT('',(-0.123279418845,1.435379580722));
#3192 = CARTESIAN_POINT('',(-0.166614871415,1.430698513244));
#3193 = CARTESIAN_POINT('',(-0.209740240344,1.424477391846));
#3194 = CARTESIAN_POINT('',(-0.252590084684,1.41672835563));
#3195 = ( GEOMETRIC_REPRESENTATION_CONTEXT(2) 
PARAMETRIC_REPRESENTATION_CONTEXT() REPRESENTATION_CONTEXT('2D SPACE',''
  ) );
#3196 = PCURVE('',#3197,#3226);
#3197 = B_SPLINE_SURFACE_WITH_KNOTS('',13,1,(
    (#3198,#3199)
    ,(#3200,#3201)
    ,(#3202,#3203)
    ,(#3204,#3205)
    ,(#3206,#3207)
    ,(#3208,#3209)
    ,(#3210,#3211)
    ,(#3212,#3213)
    ,(#3214,#3215)
    ,(#3216,#3217)
    ,(#3218,#3219)
    ,(#3220,#3221)
    ,(#3222,#3223)
    ,(#3224,#3225
    )),.UNSPECIFIED.,.T.,.F.,.F.,(14,14),(2,2),(0.,6.28318530718),(0.,1.
    ),.PIECEWISE_BEZIER_KNOTS.);
#3198 = CARTESIAN_POINT('',(297.59135821248,-70.4,20.603983091432));
#3199 = CARTESIAN_POINT('',(285.08270372175,-190.,20.605816287289));
#3200 = CARTESIAN_POINT('',(298.31577725692,-70.39999999999,
    20.60398309143));
#3201 = CARTESIAN_POINT('',(285.63852396041,-189.9999999999,
    20.605816287288));
#3202 = CARTESIAN_POINT('',(299.04019659116,-70.40000000002,
    20.224676085388));
#3203 = CARTESIAN_POINT('',(286.19434442163,-190.0000000001,
    20.314787893904));
#3204 = CARTESIAN_POINT('',(299.54795412979,-70.39999999992,
    19.466084655182));
#3205 = CARTESIAN_POINT('',(286.58392821036,-189.9999999996,
    19.732748433391));
#3206 = CARTESIAN_POINT('',(299.62241466442,-70.40000000014,
    18.464216879548));
#3207 = CARTESIAN_POINT('',(286.64105905644,-190.0000000007,
    18.964051930342));
#3208 = CARTESIAN_POINT('',(299.14185434531,-70.39999999979,
    17.491773718957));
#3209 = CARTESIAN_POINT('',(286.27234269725,-189.9999999989,
    18.217931858281));
#3210 = CARTESIAN_POINT('',(298.1750753663,-70.40000000021,
    16.881330772054));
#3211 = CARTESIAN_POINT('',(285.53056854691,-190.0000000012,
    17.749561310786));
#3212 = CARTESIAN_POINT('',(297.00764105872,-70.39999999982,
    16.881330771919));
#3213 = CARTESIAN_POINT('',(284.63483889673,-189.9999999987,
    17.749561310676));
#3214 = CARTESIAN_POINT('',(296.04086207955,-70.40000000011,
    17.491773719065));
#3215 = CARTESIAN_POINT('',(283.89306474591,-190.0000000009,
    18.217931858368));
#3216 = CARTESIAN_POINT('',(295.56030176064,-70.39999999994,
    18.46421687948));
#3217 = CARTESIAN_POINT('',(283.52434838738,-189.9999999994,
    18.964051930288));
#3218 = CARTESIAN_POINT('',(295.63476229512,-70.40000000002,
    19.466084655215));
#3219 = CARTESIAN_POINT('',(283.58147923292,-190.0000000002,
    19.732748433416));
#3220 = CARTESIAN_POINT('',(296.14251983383,-70.39999999999,
    20.224676085376));
#3221 = CARTESIAN_POINT('',(283.97106302195,-189.9999999999,
    20.314787893895));
#3222 = CARTESIAN_POINT('',(296.86693916804,-70.4,20.603983091433));
#3223 = CARTESIAN_POINT('',(284.52688348306,-190.,20.60581628729));
#3224 = CARTESIAN_POINT('',(297.59135821248,-70.4,20.603983091432));
#3225 = CARTESIAN_POINT('',(285.08270372175,-190.,20.605816287289));
#3226 = DEFINITIONAL_REPRESENTATION('',(#3227),#3290);
#3227 = B_SPLINE_CURVE_WITH_KNOTS('',7,(#3228,#3229,#3230,#3231,#3232,
    #3233,#3234,#3235,#3236,#3237,#3238,#3239,#3240,#3241,#3242,#3243,
    #3244,#3245,#3246,#3247,#3248,#3249,#3250,#3251,#3252,#3253,#3254,
    #3255,#3256,#3257,#3258,#3259,#3260,#3261,#3262,#3263,#3264,#3265,
    #3266,#3267,#3268,#3269,#3270,#3271,#3272,#3273,#3274,#3275,#3276,
    #3277,#3278,#3279,#3280,#3281,#3282,#3283,#3284,#3285,#3286,#3287,
    #3288,#3289),.UNSPECIFIED.,.F.,.F.,(8,6,6,6,6,6,6,6,6,6,8),(0.,
    0.228723582867,0.306774513518,0.355841127513,0.466049205292,
    0.57410907791,0.623175605124,0.701226360338,0.779201790395,
    0.935970864885,1.),.UNSPECIFIED.);
#3228 = CARTESIAN_POINT('',(6.28318530718,0.170106508893));
#3229 = CARTESIAN_POINT('',(6.174540693284,0.169971226373));
#3230 = CARTESIAN_POINT('',(6.065850152565,0.169836357027));
#3231 = CARTESIAN_POINT('',(5.957225256161,0.169704648807));
#3232 = CARTESIAN_POINT('',(5.848650032103,0.169578684547));
#3233 = CARTESIAN_POINT('',(5.74010497676,0.169460854804));
#3234 = CARTESIAN_POINT('',(5.631570514211,0.169353358014));
#3235 = CARTESIAN_POINT('',(5.486142587234,0.169225551649));
#3236 = CARTESIAN_POINT('',(5.449148194338,0.169194450315));
#3237 = CARTESIAN_POINT('',(5.412159819925,0.16916483706));
#3238 = CARTESIAN_POINT('',(5.375177388847,0.169136778848));
#3239 = CARTESIAN_POINT('',(5.33820075681,0.169110337249));
#3240 = CARTESIAN_POINT('',(5.301229710377,0.169085568443));
#3241 = CARTESIAN_POINT('',(5.241025501418,0.169048035867));
#3242 = CARTESIAN_POINT('',(5.217789091711,0.169034229582));
#3243 = CARTESIAN_POINT('',(5.194554659643,0.169021116922));
#3244 = CARTESIAN_POINT('',(5.171322117993,0.169008709509));
#3245 = CARTESIAN_POINT('',(5.148091370513,0.168997018034));
#3246 = CARTESIAN_POINT('',(5.124862311935,0.168986052252));
#3247 = CARTESIAN_POINT('',(5.049463786373,0.16895284064));
#3248 = CARTESIAN_POINT('',(4.997299558684,0.168933565448));
#3249 = CARTESIAN_POINT('',(4.945142734501,0.16891809583));
#3250 = CARTESIAN_POINT('',(4.892991480404,0.168906506987));
#3251 = CARTESIAN_POINT('',(4.840843089801,0.168898848825));
#3252 = CARTESIAN_POINT('',(4.788695532773,0.168895145867));
#3253 = CARTESIAN_POINT('',(4.68541893305,0.168895643585));
#3254 = CARTESIAN_POINT('',(4.634287752533,0.168899691609));
#3255 = CARTESIAN_POINT('',(4.583155583297,0.168907540078));
#3256 = CARTESIAN_POINT('',(4.532020526211,0.168919164303));
#3257 = CARTESIAN_POINT('',(4.480880071409,0.16893451615));
#3258 = CARTESIAN_POINT('',(4.429732505607,0.168953524117));
#3259 = CARTESIAN_POINT('',(4.355350841833,0.168986341403));
#3260 = CARTESIAN_POINT('',(4.332121787334,0.168997323743));
#3261 = CARTESIAN_POINT('',(4.308891041727,0.169009031593));
#3262 = CARTESIAN_POINT('',(4.285658499858,0.169021455182));
#3263 = CARTESIAN_POINT('',(4.262424065614,0.169034583805));
#3264 = CARTESIAN_POINT('',(4.239187651919,0.169048405825));
#3265 = CARTESIAN_POINT('',(4.178983446082,0.169085978534));
#3266 = CARTESIAN_POINT('',(4.142012404211,0.169110771368));
#3267 = CARTESIAN_POINT('',(4.105035773269,0.16913723633));
#3268 = CARTESIAN_POINT('',(4.068053340601,0.169165317186));
#3269 = CARTESIAN_POINT('',(4.031064962755,0.169194952315));
#3270 = CARTESIAN_POINT('',(3.99407056548,0.169226074705));
#3271 = CARTESIAN_POINT('',(3.920105430306,0.169291117809));
#3272 = CARTESIAN_POINT('',(3.883134549546,0.169325036293));
#3273 = CARTESIAN_POINT('',(3.846157530131,0.169360295095));
#3274 = CARTESIAN_POINT('',(3.809174471236,0.169396817617));
#3275 = CARTESIAN_POINT('',(3.772185542521,0.169434522974));
#3276 = CARTESIAN_POINT('',(3.735190984134,0.169473326));
#3277 = CARTESIAN_POINT('',(3.623803103518,0.169593177481));
#3278 = CARTESIAN_POINT('',(3.549384942447,0.169677303373));
#3279 = CARTESIAN_POINT('',(3.474953307024,0.169764778012));
#3280 = CARTESIAN_POINT('',(3.40050972689,0.169854820484));
#3281 = CARTESIAN_POINT('',(3.3260508849,0.169946616382));
#3282 = CARTESIAN_POINT('',(3.251579254924,0.170039324553));
#3283 = CARTESIAN_POINT('',(3.146700282558,0.170169964174));
#3284 = CARTESIAN_POINT('',(3.116286184728,0.170207858042));
#3285 = CARTESIAN_POINT('',(3.085872132924,0.170245703717));
#3286 = CARTESIAN_POINT('',(3.055458477004,0.170283443575));
#3287 = CARTESIAN_POINT('',(3.025045560621,0.170321020326));
#3288 = CARTESIAN_POINT('',(2.994633721228,0.170358377016));
#3289 = CARTESIAN_POINT('',(2.964223290075,0.170395457021));
#3290 = ( GEOMETRIC_REPRESENTATION_CONTEXT(2) 
PARAMETRIC_REPRESENTATION_CONTEXT() REPRESENTATION_CONTEXT('2D SPACE',''
  ) );
#3291 = ORIENTED_EDGE('',*,*,#3292,.F.);
#3292 = EDGE_CURVE('',#2993,#3064,#3293,.T.);
#3293 = SURFACE_CURVE('',#3294,(#3300,#3309),.PCURVE_S1.);
#3294 = B_SPLINE_CURVE_WITH_KNOTS('',4,(#3295,#3296,#3297,#3298,#3299),
  .UNSPECIFIED.,.F.,.F.,(5,5),(0.,1.),.PIECEWISE_BEZIER_KNOTS.);
#3295 = CARTESIAN_POINT('',(295.7147767162,-90.77107934146,
    20.581711750762));
#3296 = CARTESIAN_POINT('',(295.6526388378,-90.7645474835,20.59297304705
    ));
#3297 = CARTESIAN_POINT('',(295.58983556085,-90.75795692052,
    20.600521072868));
#3298 = CARTESIAN_POINT('',(295.52669592523,-90.75134224421,
    20.6042950312));
#3299 = CARTESIAN_POINT('',(295.46355466611,-90.74473846362,
    20.60429492998));
#3300 = PCURVE('',#2950,#3301);
#3301 = DEFINITIONAL_REPRESENTATION('',(#3302),#3308);
#3302 = B_SPLINE_CURVE_WITH_KNOTS('',4,(#3303,#3304,#3305,#3306,#3307),
  .UNSPECIFIED.,.F.,.F.,(5,5),(0.,1.),.PIECEWISE_BEZIER_KNOTS.);
#3303 = CARTESIAN_POINT('',(-0.252599200231,-1.416905117193));
#3304 = CARTESIAN_POINT('',(-0.190118963183,-1.428166461361));
#3305 = CARTESIAN_POINT('',(-0.126970830732,-1.435714519272));
#3306 = CARTESIAN_POINT('',(-6.348565602525E-02,-1.43948849365));
#3307 = CARTESIAN_POINT('',(-5.684341886081E-14,-1.439488392429));
#3308 = ( GEOMETRIC_REPRESENTATION_CONTEXT(2) 
PARAMETRIC_REPRESENTATION_CONTEXT() REPRESENTATION_CONTEXT('2D SPACE',''
  ) );
#3309 = PCURVE('',#3310,#3339);
#3310 = B_SPLINE_SURFACE_WITH_KNOTS('',13,1,(
    (#3311,#3312)
    ,(#3313,#3314)
    ,(#3315,#3316)
    ,(#3317,#3318)
    ,(#3319,#3320)
    ,(#3321,#3322)
    ,(#3323,#3324)
    ,(#3325,#3326)
    ,(#3327,#3328)
    ,(#3329,#3330)
    ,(#3331,#3332)
    ,(#3333,#3334)
    ,(#3335,#3336)
    ,(#3337,#3338
    )),.UNSPECIFIED.,.T.,.F.,.F.,(14,14),(2,2),(0.,6.28318530718),(0.,1.
    ),.PIECEWISE_BEZIER_KNOTS.);
#3311 = CARTESIAN_POINT('',(297.59135821248,-70.4,20.603983091432));
#3312 = CARTESIAN_POINT('',(285.08270372175,-190.,20.605816287289));
#3313 = CARTESIAN_POINT('',(298.31577725692,-70.39999999999,
    20.60398309143));
#3314 = CARTESIAN_POINT('',(285.63852396041,-189.9999999999,
    20.605816287288));
#3315 = CARTESIAN_POINT('',(299.04019659116,-70.40000000002,
    20.224676085388));
#3316 = CARTESIAN_POINT('',(286.19434442163,-190.0000000001,
    20.314787893904));
#3317 = CARTESIAN_POINT('',(299.54795412979,-70.39999999992,
    19.466084655182));
#3318 = CARTESIAN_POINT('',(286.58392821036,-189.9999999996,
    19.732748433391));
#3319 = CARTESIAN_POINT('',(299.62241466442,-70.40000000014,
    18.464216879548));
#3320 = CARTESIAN_POINT('',(286.64105905644,-190.0000000007,
    18.964051930342));
#3321 = CARTESIAN_POINT('',(299.14185434531,-70.39999999979,
    17.491773718957));
#3322 = CARTESIAN_POINT('',(286.27234269725,-189.9999999989,
    18.217931858281));
#3323 = CARTESIAN_POINT('',(298.1750753663,-70.40000000021,
    16.881330772054));
#3324 = CARTESIAN_POINT('',(285.53056854691,-190.0000000012,
    17.749561310786));
#3325 = CARTESIAN_POINT('',(297.00764105872,-70.39999999982,
    16.881330771919));
#3326 = CARTESIAN_POINT('',(284.63483889673,-189.9999999987,
    17.749561310676));
#3327 = CARTESIAN_POINT('',(296.04086207955,-70.40000000011,
    17.491773719065));
#3328 = CARTESIAN_POINT('',(283.89306474591,-190.0000000009,
    18.217931858368));
#3329 = CARTESIAN_POINT('',(295.56030176064,-70.39999999994,
    18.46421687948));
#3330 = CARTESIAN_POINT('',(283.52434838738,-189.9999999994,
    18.964051930288));
#3331 = CARTESIAN_POINT('',(295.63476229512,-70.40000000002,
    19.466084655215));
#3332 = CARTESIAN_POINT('',(283.58147923292,-190.0000000002,
    19.732748433416));
#3333 = CARTESIAN_POINT('',(296.14251983383,-70.39999999999,
    20.224676085376));
#3334 = CARTESIAN_POINT('',(283.97106302195,-189.9999999999,
    20.314787893895));
#3335 = CARTESIAN_POINT('',(296.86693916804,-70.4,20.603983091433));
#3336 = CARTESIAN_POINT('',(284.52688348306,-190.,20.60581628729));
#3337 = CARTESIAN_POINT('',(297.59135821248,-70.4,20.603983091432));
#3338 = CARTESIAN_POINT('',(285.08270372175,-190.,20.605816287289));
#3339 = DEFINITIONAL_REPRESENTATION('',(#3340),#3346);
#3340 = B_SPLINE_CURVE_WITH_KNOTS('',4,(#3341,#3342,#3343,#3344,#3345),
  .UNSPECIFIED.,.F.,.F.,(5,5),(0.,1.),.PIECEWISE_BEZIER_KNOTS.);
#3341 = CARTESIAN_POINT('',(0.177372843929,0.170326750347));
#3342 = CARTESIAN_POINT('',(0.133031457594,0.17027213615));
#3343 = CARTESIAN_POINT('',(8.868770584831E-02,0.170217031108));
#3344 = CARTESIAN_POINT('',(4.434329611757E-02,0.17016172445));
#3345 = CARTESIAN_POINT('',(0.,0.170106508893));
#3346 = ( GEOMETRIC_REPRESENTATION_CONTEXT(2) 
PARAMETRIC_REPRESENTATION_CONTEXT() REPRESENTATION_CONTEXT('2D SPACE',''
  ) );
#3347 = FACE_BOUND('',#3348,.F.);
#3348 = EDGE_LOOP('',(#3349));
#3349 = ORIENTED_EDGE('',*,*,#2933,.F.);
#3350 = ADVANCED_FACE('',(#3351),#3310,.F.);
#3351 = FACE_BOUND('',#3352,.F.);
#3352 = EDGE_LOOP('',(#3353,#3354,#3376,#3405));
#3353 = ORIENTED_EDGE('',*,*,#3292,.T.);
#3354 = ORIENTED_EDGE('',*,*,#3355,.F.);
#3355 = EDGE_CURVE('',#3356,#3064,#3358,.T.);
#3356 = VERTEX_POINT('',#3357);
#3357 = CARTESIAN_POINT('',(296.28992461602,-82.8435012776,
    20.604173821992));
#3358 = SURFACE_CURVE('',#3359,(#3362,#3369),.PCURVE_S1.);
#3359 = B_SPLINE_CURVE_WITH_KNOTS('',1,(#3360,#3361),.UNSPECIFIED.,.F.,
  .F.,(2,2),(0.,1.),.PIECEWISE_BEZIER_KNOTS.);
#3360 = CARTESIAN_POINT('',(297.59135821248,-70.4,20.603983091432));
#3361 = CARTESIAN_POINT('',(285.08270372175,-190.,20.605816287289));
#3362 = PCURVE('',#3310,#3363);
#3363 = DEFINITIONAL_REPRESENTATION('',(#3364),#3368);
#3364 = LINE('',#3365,#3366);
#3365 = CARTESIAN_POINT('',(0.,0.));
#3366 = VECTOR('',#3367,1.);
#3367 = DIRECTION('',(0.,1.));
#3368 = ( GEOMETRIC_REPRESENTATION_CONTEXT(2) 
PARAMETRIC_REPRESENTATION_CONTEXT() REPRESENTATION_CONTEXT('2D SPACE',''
  ) );
#3369 = PCURVE('',#3197,#3370);
#3370 = DEFINITIONAL_REPRESENTATION('',(#3371),#3375);
#3371 = LINE('',#3372,#3373);
#3372 = CARTESIAN_POINT('',(6.28318530718,0.));
#3373 = VECTOR('',#3374,1.);
#3374 = DIRECTION('',(0.,1.));
#3375 = ( GEOMETRIC_REPRESENTATION_CONTEXT(2) 
PARAMETRIC_REPRESENTATION_CONTEXT() REPRESENTATION_CONTEXT('2D SPACE',''
  ) );
#3376 = ORIENTED_EDGE('',*,*,#3377,.F.);
#3377 = EDGE_CURVE('',#3378,#3356,#3380,.T.);
#3378 = VERTEX_POINT('',#3379);
#3379 = CARTESIAN_POINT('',(296.54516769585,-82.87026376412,
    20.581229257237));
#3380 = SURFACE_CURVE('',#3381,(#3387,#3396),.PCURVE_S1.);
#3381 = B_SPLINE_CURVE_WITH_KNOTS('',4,(#3382,#3383,#3384,#3385,#3386),
  .UNSPECIFIED.,.F.,.F.,(5,5),(0.,1.),.PIECEWISE_BEZIER_KNOTS.);
#3382 = CARTESIAN_POINT('',(296.55240285448,-82.87102437145,
    20.579898826088));
#3383 = CARTESIAN_POINT('',(296.48752142695,-82.86420310485,
    20.59200185002));
#3384 = CARTESIAN_POINT('',(296.4219043861,-82.85731659594,
    20.600116606139));
#3385 = CARTESIAN_POINT('',(296.35591535272,-82.85040307766,
    20.604173927781));
#3386 = CARTESIAN_POINT('',(296.28992461602,-82.8435012776,
    20.604173821992));
#3387 = PCURVE('',#3310,#3388);
#3388 = DEFINITIONAL_REPRESENTATION('',(#3389),#3395);
#3389 = B_SPLINE_CURVE_WITH_KNOTS('',4,(#3390,#3391,#3392,#3393,#3394),
  .UNSPECIFIED.,.F.,.F.,(5,5),(0.,1.),.PIECEWISE_BEZIER_KNOTS.);
#3390 = CARTESIAN_POINT('',(0.182456225268,0.104272779026));
#3391 = CARTESIAN_POINT('',(0.136844224259,0.104215745024));
#3392 = CARTESIAN_POINT('',(9.122958929309E-02,0.104158165518));
#3393 = CARTESIAN_POINT('',(4.561419706869E-02,0.104100360181));
#3394 = CARTESIAN_POINT('',(0.,0.104042652823));
#3395 = ( GEOMETRIC_REPRESENTATION_CONTEXT(2) 
PARAMETRIC_REPRESENTATION_CONTEXT() REPRESENTATION_CONTEXT('2D SPACE',''
  ) );
#3396 = PCURVE('',#879,#3397);
#3397 = DEFINITIONAL_REPRESENTATION('',(#3398),#3404);
#3398 = B_SPLINE_CURVE_WITH_KNOTS('',4,(#3399,#3400,#3401,#3402,#3403),
  .UNSPECIFIED.,.F.,.F.,(5,5),(0.,1.),.PIECEWISE_BEZIER_KNOTS.);
#3399 = CARTESIAN_POINT('',(-0.26391730021,-1.438258470456));
#3400 = CARTESIAN_POINT('',(-0.198678292926,-1.450361545847));
#3401 = CARTESIAN_POINT('',(-0.132700876376,-1.458476336468));
#3402 = CARTESIAN_POINT('',(-6.635067576218E-02,-1.462533675361));
#3403 = CARTESIAN_POINT('',(-1.136868377216E-13,-1.462533569572));
#3404 = ( GEOMETRIC_REPRESENTATION_CONTEXT(2) 
PARAMETRIC_REPRESENTATION_CONTEXT() REPRESENTATION_CONTEXT('2D SPACE',''
  ) );
#3405 = ORIENTED_EDGE('',*,*,#3406,.T.);
#3406 = EDGE_CURVE('',#3378,#2993,#3407,.T.);
#3407 = SURFACE_CURVE('',#3408,(#3435,#3465),.PCURVE_S1.);
#3408 = B_SPLINE_CURVE_WITH_KNOTS('',4,(#3409,#3410,#3411,#3412,#3413,
    #3414,#3415,#3416,#3417,#3418,#3419,#3420,#3421,#3422,#3423,#3424,
    #3425,#3426,#3427,#3428,#3429,#3430,#3431,#3432,#3433,#3434),
  .UNSPECIFIED.,.F.,.F.,(5,3,3,3,3,3,3,3,5),(0.,0.217029845078,
    0.348589785396,0.457269758131,0.565949752863,0.674629771792,
    0.783309817429,0.891989892651,1.),.UNSPECIFIED.);
#3409 = CARTESIAN_POINT('',(297.86331398724,-70.39999999999,
    20.579104069685));
#3410 = CARTESIAN_POINT('',(297.17738901386,-76.88919795869,
    20.580219266779));
#3411 = CARTESIAN_POINT('',(296.49145901874,-83.37839531313,
    20.581321876443));
#3412 = CARTESIAN_POINT('',(295.80552360854,-89.86759201419,
    20.582410912246));
#3413 = CARTESIAN_POINT('',(294.70377589372,-100.2904324086,
    20.584136327989));
#3414 = CARTESIAN_POINT('',(294.28796732392,-104.2240765544,
    20.584782070327));
#3415 = CARTESIAN_POINT('',(293.87215647448,-108.1577204235,
    20.585422097935));
#3416 = CARTESIAN_POINT('',(293.11284524368,-115.3408963089,
    20.586579832072));
#3417 = CARTESIAN_POINT('',(292.76934562616,-118.5904284181,
    20.587099453534));
#3418 = CARTESIAN_POINT('',(292.42584429605,-121.8399603185,
    20.587614781499));
#3419 = CARTESIAN_POINT('',(291.73883798122,-128.3390243391,
    20.588636449504));
#3420 = CARTESIAN_POINT('',(291.39533299644,-131.5885564592,
    20.589142789355));
#3421 = CARTESIAN_POINT('',(291.05182613914,-134.83808835,
    20.589644434537));
#3422 = CARTESIAN_POINT('',(290.36480842231,-141.3371523734,
    20.590637882349));
#3423 = CARTESIAN_POINT('',(290.0212975627,-144.5866845059,
    20.591129684751));
#3424 = CARTESIAN_POINT('',(289.67778464982,-147.8362163859,
    20.591616338999));
#3425 = CARTESIAN_POINT('',(288.99075442801,-154.3352804126,
    20.592578836753));
#3426 = CARTESIAN_POINT('',(288.64723711897,-157.5848125593,
    20.593054679986));
#3427 = CARTESIAN_POINT('',(288.3037175515,-160.8343444269,
    20.593524860322));
#3428 = CARTESIAN_POINT('',(287.61667357243,-167.3334084576,
    20.5944533087));
#3429 = CARTESIAN_POINT('',(287.27314916068,-170.5829406207,
    20.594911576405));
#3430 = CARTESIAN_POINT('',(286.92962225664,-173.8324724741,
    20.595363594352));
#3431 = CARTESIAN_POINT('',(286.24468091416,-180.3115035032,
    20.596251712818));
#3432 = CARTESIAN_POINT('',(285.90326650785,-183.541002683,
    20.596687893881));
#3433 = CARTESIAN_POINT('',(285.56184937609,-186.770501522,
    20.59711724002));
#3434 = CARTESIAN_POINT('',(285.22042936772,-189.9999999999,
    20.597539371776));
#3435 = PCURVE('',#3310,#3436);
#3436 = DEFINITIONAL_REPRESENTATION('',(#3437),#3464);
#3437 = B_SPLINE_CURVE_WITH_KNOTS('',4,(#3438,#3439,#3440,#3441,#3442,
    #3443,#3444,#3445,#3446,#3447,#3448,#3449,#3450,#3451,#3452,#3453,
    #3454,#3455,#3456,#3457,#3458,#3459,#3460,#3461,#3462,#3463),
  .UNSPECIFIED.,.F.,.F.,(5,3,3,3,3,3,3,3,5),(0.,0.217029845078,
    0.348589785396,0.457269758131,0.565949752863,0.674629771792,
    0.783309817429,0.891989892651,1.),.UNSPECIFIED.);
#3438 = CARTESIAN_POINT('',(0.182455613475,0.));
#3439 = CARTESIAN_POINT('',(0.179875905494,5.425750801582E-02));
#3440 = CARTESIAN_POINT('',(0.177207505325,0.108515010979));
#3441 = CARTESIAN_POINT('',(0.174443551589,0.16277250848));
#3442 = CARTESIAN_POINT('',(0.169836980339,0.249920003417));
#3443 = CARTESIAN_POINT('',(0.16806018493,0.282810004636));
#3444 = CARTESIAN_POINT('',(0.166243240462,0.315700003542));
#3445 = CARTESIAN_POINT('',(0.162848041573,0.375760002583));
#3446 = CARTESIAN_POINT('',(0.161283229269,0.402930003496));
#3447 = CARTESIAN_POINT('',(0.159688297642,0.430100002664));
#3448 = CARTESIAN_POINT('',(0.156435429826,0.484440002836));
#3449 = CARTESIAN_POINT('',(0.154777492395,0.51161000384));
#3450 = CARTESIAN_POINT('',(0.153086669148,0.538780002927));
#3451 = CARTESIAN_POINT('',(0.149636132171,0.593120003122));
#3452 = CARTESIAN_POINT('',(0.14787641695,0.62029000423));
#3453 = CARTESIAN_POINT('',(0.14608069637,0.647460003227));
#3454 = CARTESIAN_POINT('',(0.142413713931,0.70180000345));
#3455 = CARTESIAN_POINT('',(0.140542450267,0.728970004677));
#3456 = CARTESIAN_POINT('',(0.13863164985,0.75614000357));
#3457 = CARTESIAN_POINT('',(0.134726962157,0.810480003827));
#3458 = CARTESIAN_POINT('',(0.132733072685,0.837650005191));
#3459 = CARTESIAN_POINT('',(0.130695632102,0.864820003964));
#3460 = CARTESIAN_POINT('',(0.126541909268,0.918992504208));
#3461 = CARTESIAN_POINT('',(0.124426187864,0.945995005711));
#3462 = CARTESIAN_POINT('',(0.122262937031,0.972997504365));
#3463 = CARTESIAN_POINT('',(0.12004957858,1.));
#3464 = ( GEOMETRIC_REPRESENTATION_CONTEXT(2) 
PARAMETRIC_REPRESENTATION_CONTEXT() REPRESENTATION_CONTEXT('2D SPACE',''
  ) );
#3465 = PCURVE('',#958,#3466);
#3466 = DEFINITIONAL_REPRESENTATION('',(#3467),#3494);
#3467 = B_SPLINE_CURVE_WITH_KNOTS('',4,(#3468,#3469,#3470,#3471,#3472,
    #3473,#3474,#3475,#3476,#3477,#3478,#3479,#3480,#3481,#3482,#3483,
    #3484,#3485,#3486,#3487,#3488,#3489,#3490,#3491,#3492,#3493),
  .UNSPECIFIED.,.F.,.F.,(5,3,3,3,3,3,3,3,5),(0.,0.217029845078,
    0.348589785396,0.457269758131,0.565949752863,0.674629771792,
    0.783309817429,0.891989892651,1.),.UNSPECIFIED.);
#3468 = CARTESIAN_POINT('',(4.881497521901,1.147540983606E-02));
#3469 = CARTESIAN_POINT('',(4.900815260056,6.466555703845E-02));
#3470 = CARTESIAN_POINT('',(4.920146572281,0.117855699288));
#3471 = CARTESIAN_POINT('',(4.939492522321,0.171045836182));
#3472 = CARTESIAN_POINT('',(4.970591310001,0.256478954169));
#3473 = CARTESIAN_POINT('',(4.982334051402,0.288721938971));
#3474 = CARTESIAN_POINT('',(4.994082955462,0.320964921505));
#3475 = CARTESIAN_POINT('',(5.015549353061,0.379843412369));
#3476 = CARTESIAN_POINT('',(5.025264781573,0.40647892146));
#3477 = CARTESIAN_POINT('',(5.03498484011,0.433114428841));
#3478 = CARTESIAN_POINT('',(5.054434651669,0.486385445403));
#3479 = CARTESIAN_POINT('',(5.064164404894,0.513020954584));
#3480 = CARTESIAN_POINT('',(5.073899220757,0.539656461886));
#3481 = CARTESIAN_POINT('',(5.093379468784,0.592927478471));
#3482 = CARTESIAN_POINT('',(5.103124901191,0.619562987754));
#3483 = CARTESIAN_POINT('',(5.112875885265,0.646198494966));
#3484 = CARTESIAN_POINT('',(5.132389514013,0.699469511579));
#3485 = CARTESIAN_POINT('',(5.142152158986,0.726105020979));
#3486 = CARTESIAN_POINT('',(5.151920910705,0.75274052809));
#3487 = CARTESIAN_POINT('',(5.171471262902,0.806011544735));
#3488 = CARTESIAN_POINT('',(5.181252863743,0.832647054269));
#3489 = CARTESIAN_POINT('',(5.191041204185,0.859282561263));
#3490 = CARTESIAN_POINT('',(5.210571704078,0.912389372977));
#3491 = CARTESIAN_POINT('',(5.220313776671,0.93886067773));
#3492 = CARTESIAN_POINT('',(5.23006321989,0.965331979689));
#3493 = CARTESIAN_POINT('',(5.239820442929,0.991803278688));
#3494 = ( GEOMETRIC_REPRESENTATION_CONTEXT(2) 
PARAMETRIC_REPRESENTATION_CONTEXT() REPRESENTATION_CONTEXT('2D SPACE',''
  ) );
#3495 = ADVANCED_FACE('',(#3496),#3197,.F.);
#3496 = FACE_BOUND('',#3497,.F.);
#3497 = EDGE_LOOP('',(#3498,#3698,#3699,#3700));
#3498 = ORIENTED_EDGE('',*,*,#3499,.F.);
#3499 = EDGE_CURVE('',#3356,#3500,#3502,.T.);
#3500 = VERTEX_POINT('',#3501);
#3501 = CARTESIAN_POINT('',(296.54428519624,-82.87861263652,
    17.702243274256));
#3502 = SURFACE_CURVE('',#3503,(#3566,#3632),.PCURVE_S1.);
#3503 = B_SPLINE_CURVE_WITH_KNOTS('',7,(#3504,#3505,#3506,#3507,#3508,
    #3509,#3510,#3511,#3512,#3513,#3514,#3515,#3516,#3517,#3518,#3519,
    #3520,#3521,#3522,#3523,#3524,#3525,#3526,#3527,#3528,#3529,#3530,
    #3531,#3532,#3533,#3534,#3535,#3536,#3537,#3538,#3539,#3540,#3541,
    #3542,#3543,#3544,#3545,#3546,#3547,#3548,#3549,#3550,#3551,#3552,
    #3553,#3554,#3555,#3556,#3557,#3558,#3559,#3560,#3561,#3562,#3563,
    #3564,#3565),.UNSPECIFIED.,.F.,.F.,(8,6,6,6,6,6,6,6,6,6,8),(0.,
    0.227722007977,0.306774172246,0.355841813664,0.465050493826,
    0.572613233206,0.62168082224,0.700732877942,0.778707597851,
    0.934475756855,1.),.UNSPECIFIED.);
#3504 = CARTESIAN_POINT('',(296.28992461602,-82.8435012776,
    20.604173821992));
#3505 = CARTESIAN_POINT('',(296.13319264065,-82.82710908663,
    20.604173570738));
#3506 = CARTESIAN_POINT('',(295.97637650474,-82.81076681187,
    20.584146565545));
#3507 = CARTESIAN_POINT('',(295.82264184935,-82.79480563136,
    20.544061476704));
#3508 = CARTESIAN_POINT('',(295.67498252857,-82.77953672893,
    20.484578481039));
#3509 = CARTESIAN_POINT('',(295.53618565386,-82.7652482267,
    20.406848554494));
#3510 = CARTESIAN_POINT('',(295.40883196651,-82.7522052375,
    20.312508883956));
#3511 = CARTESIAN_POINT('',(295.25568378069,-82.73661731484,
    20.166038698233));
#3512 = CARTESIAN_POINT('',(295.21785942191,-82.73277713095,
    20.126554340131));
#3513 = CARTESIAN_POINT('',(295.18176565175,-82.72912278877,
    20.085417892316));
#3514 = CARTESIAN_POINT('',(295.1474864048,-82.72566279248,
    20.042722913735));
#3515 = CARTESIAN_POINT('',(295.1150991231,-82.72240495267,
    19.99856793061));
#3516 = CARTESIAN_POINT('',(295.08467475616,-82.71935638631,
    19.953056436442));
#3517 = CARTESIAN_POINT('',(295.0386517593,-82.714765156,19.877273264621
    ));
#3518 = CARTESIAN_POINT('',(295.0218067229,-82.71308988474,
    19.84776860424));
#3519 = CARTESIAN_POINT('',(295.00575798894,-82.71149923137,
    19.817808729308));
#3520 = CARTESIAN_POINT('',(294.9905198171,-82.70999461008,
    19.787419972072));
#3521 = CARTESIAN_POINT('',(294.97610538952,-82.70857732083,
    19.756629178583));
#3522 = CARTESIAN_POINT('',(294.96252681079,-82.70724854941,
    19.725463708696));
#3523 = CARTESIAN_POINT('',(294.92145846042,-82.70325134942,
    19.623815321849));
#3524 = CARTESIAN_POINT('',(294.89731639747,-82.70093707413,
    19.551959592452));
#3525 = CARTESIAN_POINT('',(294.87749103461,-82.69907840705,
    19.478693313334));
#3526 = CARTESIAN_POINT('',(294.86207627306,-82.69768424108,
    19.404332991791));
#3527 = CARTESIAN_POINT('',(294.85113767938,-82.69676048737,
    19.329201368659));
#3528 = CARTESIAN_POINT('',(294.84471236519,-82.69631006633,
    19.253626210017));
#3529 = CARTESIAN_POINT('',(294.84093405701,-82.69635538664,
    19.103392707553));
#3530 = CARTESIAN_POINT('',(294.84344570603,-82.69683697033,
    19.028734713967));
#3531 = CARTESIAN_POINT('',(294.85035163879,-82.69777753929,
    18.954281870532));
#3532 = CARTESIAN_POINT('',(294.86163263911,-82.69917416144,
    18.880348740474));
#3533 = CARTESIAN_POINT('',(294.87724249949,-82.70102109147,
    18.807246576422));
#3534 = CARTESIAN_POINT('',(294.89710807093,-82.70330977933,
    18.735282198993));
#3535 = CARTESIAN_POINT('',(294.93208723754,-82.7072692678,
    18.632584883331));
#3536 = CARTESIAN_POINT('',(294.94391002963,-82.70859923408,
    18.60071202247));
#3537 = CARTESIAN_POINT('',(294.95658823065,-82.71001770491,
    18.569166737124));
#3538 = CARTESIAN_POINT('',(294.9701112778,-82.7115234935,
    18.537977018593));
#3539 = CARTESIAN_POINT('',(294.98446750381,-82.71311529884,
    18.507170405151));
#3540 = CARTESIAN_POINT('',(294.9996441369,-82.71479170576,
    18.476773982041));
#3541 = CARTESIAN_POINT('',(295.0413775361,-82.7193858553,18.398546919)
  );
#3542 = CARTESIAN_POINT('',(295.0692214705,-82.72243617749,
    18.351412737589));
#3543 = CARTESIAN_POINT('',(295.09910078435,-82.72569572395,
    18.305523718028));
#3544 = CARTESIAN_POINT('',(295.13095039876,-82.72915737369,
    18.260987142709));
#3545 = CARTESIAN_POINT('',(295.16469847569,-82.73281331228,
    18.217905695634));
#3546 = CARTESIAN_POINT('',(295.20026641791,-82.73665503186,
    18.176377462414));
#3547 = CARTESIAN_POINT('',(295.2743629555,-82.74463686826,
    18.097157910898));
#3548 = CARTESIAN_POINT('',(295.31284517519,-82.74877226757,
    18.059421295886));
#3549 = CARTESIAN_POINT('',(295.35293347822,-82.75307068472,
    18.023375770655));
#3550 = CARTESIAN_POINT('',(295.39454064886,-82.75752275263,
    17.989105033287));
#3551 = CARTESIAN_POINT('',(295.4375743055,-82.76211858151,
    17.956686794529));
#3552 = CARTESIAN_POINT('',(295.48193690063,-82.76684775882,
    17.926192777789));
#3553 = CARTESIAN_POINT('',(295.6185973735,-82.78139125093,
    17.840746869959));
#3554 = CARTESIAN_POINT('',(295.7145742174,-82.79157291219,
    17.79173875302));
#3555 = CARTESIAN_POINT('',(295.81462623843,-82.80215595836,
    17.751198357873));
#3556 = CARTESIAN_POINT('',(295.91787002465,-82.81304680777,
    17.719530837523));
#3557 = CARTESIAN_POINT('',(296.02338095333,-82.82414790748,
    17.697025770049));
#3558 = CARTESIAN_POINT('',(296.13020060416,-82.83535851859,
    17.683853758274));
#3559 = CARTESIAN_POINT('',(296.28240758496,-82.85129331192,
    17.678444779556));
#3560 = CARTESIAN_POINT('',(296.32753452698,-82.85601285958,
    17.678500175922));
#3561 = CARTESIAN_POINT('',(296.37264776883,-82.86072610867,
    17.680215093242));
#3562 = CARTESIAN_POINT('',(296.41767517998,-82.86542551967,
    17.68358801943));
#3563 = CARTESIAN_POINT('',(296.46254495519,-82.87010359898,
    17.688613393639));
#3564 = CARTESIAN_POINT('',(296.50718561452,-82.87475289885,
    17.695281606266));
#3565 = CARTESIAN_POINT('',(296.55152600334,-82.87936601746,
    17.703578998945));
#3566 = PCURVE('',#3197,#3567);
#3567 = DEFINITIONAL_REPRESENTATION('',(#3568),#3631);
#3568 = B_SPLINE_CURVE_WITH_KNOTS('',7,(#3569,#3570,#3571,#3572,#3573,
    #3574,#3575,#3576,#3577,#3578,#3579,#3580,#3581,#3582,#3583,#3584,
    #3585,#3586,#3587,#3588,#3589,#3590,#3591,#3592,#3593,#3594,#3595,
    #3596,#3597,#3598,#3599,#3600,#3601,#3602,#3603,#3604,#3605,#3606,
    #3607,#3608,#3609,#3610,#3611,#3612,#3613,#3614,#3615,#3616,#3617,
    #3618,#3619,#3620,#3621,#3622,#3623,#3624,#3625,#3626,#3627,#3628,
    #3629,#3630),.UNSPECIFIED.,.F.,.F.,(8,6,6,6,6,6,6,6,6,6,8),(0.,
    0.227722007977,0.306774172246,0.355841813664,0.465050493826,
    0.572613233206,0.62168082224,0.700732877942,0.778707597851,
    0.934475756855,1.),.UNSPECIFIED.);
#3569 = CARTESIAN_POINT('',(6.28318530718,0.104042652823));
#3570 = CARTESIAN_POINT('',(6.174848841043,0.10390559437));
#3571 = CARTESIAN_POINT('',(6.066466667512,0.103768953277));
#3572 = CARTESIAN_POINT('',(5.958150039258,0.10363549859));
#3573 = CARTESIAN_POINT('',(5.849883065816,0.103507832182));
#3574 = CARTESIAN_POINT('',(5.741646479924,0.1033883631));
#3575 = CARTESIAN_POINT('',(5.633420815929,0.103279308006));
#3576 = CARTESIAN_POINT('',(5.487769498272,0.103148974204));
#3577 = CARTESIAN_POINT('',(5.450243095674,0.103116865643));
#3578 = CARTESIAN_POINT('',(5.412722950869,0.103086310943));
#3579 = CARTESIAN_POINT('',(5.375208986675,0.103057381208));
#3580 = CARTESIAN_POINT('',(5.337701052206,0.103030141745));
#3581 = CARTESIAN_POINT('',(5.300198922871,0.103004652059));
#3582 = CARTESIAN_POINT('',(5.239428164313,0.102966263846));
#3583 = CARTESIAN_POINT('',(5.216156107778,0.102952256561));
#3584 = CARTESIAN_POINT('',(5.192886050971,0.102938956784));
#3585 = CARTESIAN_POINT('',(5.169617904951,0.102926376338));
#3586 = CARTESIAN_POINT('',(5.146351571642,0.102914526094));
#3587 = CARTESIAN_POINT('',(5.123086943826,0.102903415965));
#3588 = CARTESIAN_POINT('',(5.048047914337,0.10286999456));
#3589 = CARTESIAN_POINT('',(4.996278696475,0.102850644433));
#3590 = CARTESIAN_POINT('',(4.944516799669,0.102835103738));
#3591 = CARTESIAN_POINT('',(4.892760416656,0.102823446832));
#3592 = CARTESIAN_POINT('',(4.841006890994,0.102815723139));
#3593 = CARTESIAN_POINT('',(4.789254223249,0.102811957076));
#3594 = CARTESIAN_POINT('',(4.686530907077,0.102812336009));
#3595 = CARTESIAN_POINT('',(4.635558156676,0.102816362628));
#3596 = CARTESIAN_POINT('',(4.584584432528,0.102824226917));
#3597 = CARTESIAN_POINT('',(4.533607835513,0.10283590436));
#3598 = CARTESIAN_POINT('',(4.482625859072,0.102851346919));
#3599 = CARTESIAN_POINT('',(4.431636787437,0.102870483105));
#3600 = CARTESIAN_POINT('',(4.357378059193,0.102903589196));
#3601 = CARTESIAN_POINT('',(4.334113433968,0.102914709315));
#3602 = CARTESIAN_POINT('',(4.310847101873,0.102926569439));
#3603 = CARTESIAN_POINT('',(4.287578955752,0.102939159645));
#3604 = CARTESIAN_POINT('',(4.264308897602,0.102952469054));
#3605 = CARTESIAN_POINT('',(4.241036838572,0.102966485834));
#3606 = CARTESIAN_POINT('',(4.180266082213,0.103004898456));
#3607 = CARTESIAN_POINT('',(4.142763955869,0.103030402822));
#3608 = CARTESIAN_POINT('',(4.105256022107,0.103057656555));
#3609 = CARTESIAN_POINT('',(4.06774205686,0.103086600115));
#3610 = CARTESIAN_POINT('',(4.030221909816,0.103117168163));
#3611 = CARTESIAN_POINT('',(3.992695504418,0.103149289564));
#3612 = CARTESIAN_POINT('',(3.918141673323,0.103216027327));
#3613 = CARTESIAN_POINT('',(3.88111425754,0.103250604244));
#3614 = CARTESIAN_POINT('',(3.844080622317,0.103286544187));
#3615 = CARTESIAN_POINT('',(3.807040870959,0.103323768835));
#3616 = CARTESIAN_POINT('',(3.769995178271,0.103362195498));
#3617 = CARTESIAN_POINT('',(3.732943790562,0.103401737114));
#3618 = CARTESIAN_POINT('',(3.621859647848,0.103523338219));
#3619 = CARTESIAN_POINT('',(3.547802263143,0.103608469165));
#3620 = CARTESIAN_POINT('',(3.473731373615,0.103696956174));
#3621 = CARTESIAN_POINT('',(3.399648532042,0.103788016787));
#3622 = CARTESIAN_POINT('',(3.325550509932,0.103880835347));
#3623 = CARTESIAN_POINT('',(3.251439792538,0.103974569553));
#3624 = CARTESIAN_POINT('',(3.146163213908,0.104107803611));
#3625 = CARTESIAN_POINT('',(3.114990693451,0.104147264712));
#3626 = CARTESIAN_POINT('',(3.083818227577,0.104186673149));
#3627 = CARTESIAN_POINT('',(3.052646197408,0.104225965884));
#3628 = CARTESIAN_POINT('',(3.021474977133,0.104265080259));
#3629 = CARTESIAN_POINT('',(2.990304934001,0.104303954004));
#3630 = CARTESIAN_POINT('',(2.959136428321,0.10434252523));
#3631 = ( GEOMETRIC_REPRESENTATION_CONTEXT(2) 
PARAMETRIC_REPRESENTATION_CONTEXT() REPRESENTATION_CONTEXT('2D SPACE',''
  ) );
#3632 = PCURVE('',#879,#3633);
#3633 = DEFINITIONAL_REPRESENTATION('',(#3634),#3697);
#3634 = B_SPLINE_CURVE_WITH_KNOTS('',7,(#3635,#3636,#3637,#3638,#3639,
    #3640,#3641,#3642,#3643,#3644,#3645,#3646,#3647,#3648,#3649,#3650,
    #3651,#3652,#3653,#3654,#3655,#3656,#3657,#3658,#3659,#3660,#3661,
    #3662,#3663,#3664,#3665,#3666,#3667,#3668,#3669,#3670,#3671,#3672,
    #3673,#3674,#3675,#3676,#3677,#3678,#3679,#3680,#3681,#3682,#3683,
    #3684,#3685,#3686,#3687,#3688,#3689,#3690,#3691,#3692,#3693,#3694,
    #3695,#3696),.UNSPECIFIED.,.F.,.F.,(8,6,6,6,6,6,6,6,6,6,8),(0.,
    0.227722007977,0.306774172246,0.355841813664,0.465050493826,
    0.572613233206,0.62168082224,0.700732877942,0.778707597851,
    0.934475756855,1.),.UNSPECIFIED.);
#3635 = CARTESIAN_POINT('',(-1.136868377216E-13,-1.462533569572));
#3636 = CARTESIAN_POINT('',(0.157586852337,-1.462533318316));
#3637 = CARTESIAN_POINT('',(0.31525221637,-1.442506227973));
#3638 = CARTESIAN_POINT('',(0.469813174855,-1.402420968699));
#3639 = CARTESIAN_POINT('',(0.618259745402,-1.342937720125));
#3640 = CARTESIAN_POINT('',(0.757789965593,-1.26520746309));
#3641 = CARTESIAN_POINT('',(0.885809517092,-1.170867391441));
#3642 = CARTESIAN_POINT('',(1.039748361194,-1.024396582959));
#3643 = CARTESIAN_POINT('',(1.077766986524,-0.984912056978));
#3644 = CARTESIAN_POINT('',(1.114045080065,-0.94377543426));
#3645 = CARTESIAN_POINT('',(1.148498277959,-0.901080274149));
#3646 = CARTESIAN_POINT('',(1.181048745809,-0.856925103288));
#3647 = CARTESIAN_POINT('',(1.211625178681,-0.811413415614));
#3648 = CARTESIAN_POINT('',(1.257876090005,-0.73562992158));
#3649 = CARTESIAN_POINT('',(1.274804007267,-0.706125135753));
#3650 = CARTESIAN_POINT('',(1.290931139901,-0.676165133437));
#3651 = CARTESIAN_POINT('',(1.306243158492,-0.645776246995));
#3652 = CARTESIAN_POINT('',(1.320726817191,-0.614985322591));
#3653 = CARTESIAN_POINT('',(1.334369953723,-0.583819720195));
#3654 = CARTESIAN_POINT('',(1.375631305466,-0.482170901162));
#3655 = CARTESIAN_POINT('',(1.399883133595,-0.41031486625));
#3656 = CARTESIAN_POINT('',(1.419794286472,-0.33704827562));
#3657 = CARTESIAN_POINT('',(1.43527044725,-0.262687637913));
#3658 = CARTESIAN_POINT('',(1.446245790158,-0.187555695339));
#3659 = CARTESIAN_POINT('',(1.452683101129,-0.111980215368));
#3660 = CARTESIAN_POINT('',(1.456436198522,3.825392585639E-02));
#3661 = CARTESIAN_POINT('',(1.45388808033,0.112912236872));
#3662 = CARTESIAN_POINT('',(1.446921772844,0.187365396863));
#3663 = CARTESIAN_POINT('',(1.435556692989,0.261298841268));
#3664 = CARTESIAN_POINT('',(1.419839395215,0.334401316135));
#3665 = CARTESIAN_POINT('',(1.399843521098,0.40636599954));
#3666 = CARTESIAN_POINT('',(1.364642243269,0.509063751848));
#3667 = CARTESIAN_POINT('',(1.352745244298,0.540936748225));
#3668 = CARTESIAN_POINT('',(1.339988270577,0.572482167695));
#3669 = CARTESIAN_POINT('',(1.326381951043,0.603672018838));
#3670 = CARTESIAN_POINT('',(1.311938025012,0.634478763263));
#3671 = CARTESIAN_POINT('',(1.296669342184,0.664875315612));
#3672 = CARTESIAN_POINT('',(1.25468445465,0.743102711257));
#3673 = CARTESIAN_POINT('',(1.22667427334,0.790237093072));
#3674 = CARTESIAN_POINT('',(1.196617990605,0.836126307743));
#3675 = CARTESIAN_POINT('',(1.164581072992,0.880663072421));
#3676 = CARTESIAN_POINT('',(1.1306357817,0.923744702669));
#3677 = CARTESIAN_POINT('',(1.094861172577,0.965273112458));
#3678 = CARTESIAN_POINT('',(1.020336322838,1.044493000798));
#3679 = CARTESIAN_POINT('',(0.981632697034,1.082229776258));
#3680 = CARTESIAN_POINT('',(0.941314743446,1.118275454747));
#3681 = CARTESIAN_POINT('',(0.899470179044,1.152546337826));
#3682 = CARTESIAN_POINT('',(0.856191913025,1.184964714419));
#3683 = CARTESIAN_POINT('',(0.81157804682,1.215458860813));
#3684 = CARTESIAN_POINT('',(0.674146114861,1.30090513194));
#3685 = CARTESIAN_POINT('',(0.577630829194,1.349913457251));
#3686 = CARTESIAN_POINT('',(0.477020721333,1.390454024766));
#3687 = CARTESIAN_POINT('',(0.373204145269,1.42212167976));
#3688 = CARTESIAN_POINT('',(0.26711085529,1.44462684292));
#3689 = CARTESIAN_POINT('',(0.159704551329,1.4577989107));
#3690 = CARTESIAN_POINT('',(6.665724904565E-03,1.463207912416));
#3691 = CARTESIAN_POINT('',(-3.870734007967E-02,1.463152515813));
#3692 = CARTESIAN_POINT('',(-8.406612403985E-02,1.461437591202));
#3693 = CARTESIAN_POINT('',(-0.129338103474,1.458064650674));
#3694 = CARTESIAN_POINT('',(-0.174451083187,1.453039255098));
#3695 = CARTESIAN_POINT('',(-0.219333196293,1.446371014119));
#3696 = CARTESIAN_POINT('',(-0.263912904215,1.438073586161));
#3697 = ( GEOMETRIC_REPRESENTATION_CONTEXT(2) 
PARAMETRIC_REPRESENTATION_CONTEXT() REPRESENTATION_CONTEXT('2D SPACE',''
  ) );
#3698 = ORIENTED_EDGE('',*,*,#3355,.T.);
#3699 = ORIENTED_EDGE('',*,*,#3063,.T.);
#3700 = ORIENTED_EDGE('',*,*,#3701,.T.);
#3701 = EDGE_CURVE('',#3039,#3500,#3702,.T.);
#3702 = SURFACE_CURVE('',#3703,(#3730,#3760),.PCURVE_S1.);
#3703 = B_SPLINE_CURVE_WITH_KNOTS('',4,(#3704,#3705,#3706,#3707,#3708,
    #3709,#3710,#3711,#3712,#3713,#3714,#3715,#3716,#3717,#3718,#3719,
    #3720,#3721,#3722,#3723,#3724,#3725,#3726,#3727,#3728,#3729),
  .UNSPECIFIED.,.F.,.F.,(5,3,3,3,3,3,3,3,5),(0.,9.320225421259E-02,
    0.186802332858,0.280402386281,0.374002416625,0.467602425792,
    0.626402397591,0.813602301883,1.),.UNSPECIFIED.);
#3704 = CARTESIAN_POINT('',(285.22042937005,-190.,18.314093197031));
#3705 = CARTESIAN_POINT('',(285.51504170673,-187.2132561976,
    18.298116020944));
#3706 = CARTESIAN_POINT('',(285.80965190473,-184.4265120954,
    18.282144215006));
#3707 = CARTESIAN_POINT('',(286.10426006112,-181.6397677076,
    18.266177535338));
#3708 = CARTESIAN_POINT('',(286.69472995945,-176.0543834473,
    18.23418586539));
#3709 = CARTESIAN_POINT('',(286.99059168474,-173.2557435725,
    18.218160916918));
#3710 = CARTESIAN_POINT('',(287.28645152479,-170.4571034352,
    18.202140701749));
#3711 = CARTESIAN_POINT('',(287.87816750944,-164.8598234126,
    18.170109353499));
#3712 = CARTESIAN_POINT('',(288.17402365411,-162.0611835272,
    18.154098220248));
#3713 = CARTESIAN_POINT('',(288.46987806839,-159.2625434019,
    18.138091431253));
#3714 = CARTESIAN_POINT('',(289.06158350128,-153.6652633818,
    18.106086198884));
#3715 = CARTESIAN_POINT('',(289.35743451994,-150.866623487,
    18.090087755368));
#3716 = CARTESIAN_POINT('',(289.65328394634,-148.0679833724,
    18.074093309094));
#3717 = CARTESIAN_POINT('',(290.24497967126,-142.4707033545,
    18.042112104224));
#3718 = CARTESIAN_POINT('',(290.54082596982,-139.6720634513,
    18.02612534551));
#3719 = CARTESIAN_POINT('',(290.83667079976,-136.8734233461,
    18.010142273465));
#3720 = CARTESIAN_POINT('',(291.6344364563,-129.3266638474,
    17.967052195082));
#3721 = CARTESIAN_POINT('',(292.13635462876,-124.5785440895,
    17.939951851236));
#3722 = CARTESIAN_POINT('',(292.63826900427,-119.8304238119,
    17.912861038169));
#3723 = CARTESIAN_POINT('',(293.7318528028,-109.4850240126,
    17.853853992754));
#3724 = CARTESIAN_POINT('',(294.32352083532,-103.887744301,
    17.82194125059));
#3725 = CARTESIAN_POINT('',(294.91518427785,-98.29046396486,
    17.79004002889));
#3726 = CARTESIAN_POINT('',(296.09596715949,-87.11988810972,
    17.726395758244));
#3727 = CARTESIAN_POINT('',(296.68508663596,-81.54659259587,
    17.694652615514));
#3728 = CARTESIAN_POINT('',(297.27420216478,-75.97329654769,
    17.662919380307));
#3729 = CARTESIAN_POINT('',(297.86331399525,-70.4,17.631195426684));
#3730 = PCURVE('',#3197,#3731);
#3731 = DEFINITIONAL_REPRESENTATION('',(#3732),#3759);
#3732 = B_SPLINE_CURVE_WITH_KNOTS('',4,(#3733,#3734,#3735,#3736,#3737,
    #3738,#3739,#3740,#3741,#3742,#3743,#3744,#3745,#3746,#3747,#3748,
    #3749,#3750,#3751,#3752,#3753,#3754,#3755,#3756,#3757,#3758),
  .UNSPECIFIED.,.F.,.F.,(5,3,3,3,3,3,3,3,5),(0.,9.320225421259E-02,
    0.186802332858,0.280402386281,0.374002416625,0.467602425792,
    0.626402397591,0.813602301883,1.),.UNSPECIFIED.);
#3733 = CARTESIAN_POINT('',(3.021543070101,1.));
#3734 = CARTESIAN_POINT('',(3.019633156269,0.976699466536));
#3735 = CARTESIAN_POINT('',(3.01776055301,0.953398930564));
#3736 = CARTESIAN_POINT('',(3.015923602779,0.930098392204));
#3737 = CARTESIAN_POINT('',(3.012310368639,0.883397854911));
#3738 = CARTESIAN_POINT('',(3.010534375858,0.859997855957));
#3739 = CARTESIAN_POINT('',(3.008791363174,0.83659785481));
#3740 = CARTESIAN_POINT('',(3.005368640071,0.78979785462));
#3741 = CARTESIAN_POINT('',(3.003688928548,0.766397855579));
#3742 = CARTESIAN_POINT('',(3.00203953734,0.742997854531));
#3743 = CARTESIAN_POINT('',(2.998799018491,0.696197854364));
#3744 = CARTESIAN_POINT('',(2.997207889921,0.672797855243));
#3745 = CARTESIAN_POINT('',(2.995644703039,0.649397854284));
#3746 = CARTESIAN_POINT('',(2.992572079989,0.602597854135));
#3747 = CARTESIAN_POINT('',(2.991062643034,0.579197854944));
#3748 = CARTESIAN_POINT('',(2.989579013778,0.555797854064));
#3749 = CARTESIAN_POINT('',(2.985645292777,0.492697858256));
#3750 = CARTESIAN_POINT('',(2.983241870312,0.45299786028));
#3751 = CARTESIAN_POINT('',(2.98090528844,0.41329785796));
#3752 = CARTESIAN_POINT('',(2.975951316648,0.326797859637));
#3753 = CARTESIAN_POINT('',(2.973358427134,0.279997862049));
#3754 = CARTESIAN_POINT('',(2.970846508123,0.233197859238));
#3755 = CARTESIAN_POINT('',(2.965984451789,0.139798395566));
#3756 = CARTESIAN_POINT('',(2.96363365534,9.319893474815E-02));
#3757 = CARTESIAN_POINT('',(2.961352633358,4.659946946232E-02));
#3758 = CARTESIAN_POINT('',(2.959137030898,0.));
#3759 = ( GEOMETRIC_REPRESENTATION_CONTEXT(2) 
PARAMETRIC_REPRESENTATION_CONTEXT() REPRESENTATION_CONTEXT('2D SPACE',''
  ) );
#3760 = PCURVE('',#3052,#3761);
#3761 = DEFINITIONAL_REPRESENTATION('',(#3762),#3789);
#3762 = B_SPLINE_CURVE_WITH_KNOTS('',4,(#3763,#3764,#3765,#3766,#3767,
    #3768,#3769,#3770,#3771,#3772,#3773,#3774,#3775,#3776,#3777,#3778,
    #3779,#3780,#3781,#3782,#3783,#3784,#3785,#3786,#3787,#3788),
  .UNSPECIFIED.,.F.,.F.,(5,3,3,3,3,3,3,3,5),(0.,9.320225421259E-02,
    0.186802332858,0.280402386281,0.374002416625,0.467602425792,
    0.626402397591,0.813602301883,1.),.UNSPECIFIED.);
#3763 = CARTESIAN_POINT('',(1.231388019361,0.991803278689));
#3764 = CARTESIAN_POINT('',(1.23980755649,0.968961116374));
#3765 = CARTESIAN_POINT('',(1.248221300777,0.946118951602));
#3766 = CARTESIAN_POINT('',(1.256629515303,0.923276784489));
#3767 = CARTESIAN_POINT('',(1.273471217784,0.877494946289));
#3768 = CARTESIAN_POINT('',(1.281904660641,0.854555275185));
#3769 = CARTESIAN_POINT('',(1.290332997638,0.831615601928));
#3770 = CARTESIAN_POINT('',(1.307179877079,0.78573625748));
#3771 = CARTESIAN_POINT('',(1.315598419706,0.762796586289));
#3772 = CARTESIAN_POINT('',(1.324012276146,0.739856913131));
#3773 = CARTESIAN_POINT('',(1.34083098871,0.693977568704));
#3774 = CARTESIAN_POINT('',(1.349235844988,0.671037897435));
#3775 = CARTESIAN_POINT('',(1.357636389407,0.648098224364));
#3776 = CARTESIAN_POINT('',(1.374429187485,0.602218879955));
#3777 = CARTESIAN_POINT('',(1.382821441273,0.579279208617));
#3778 = CARTESIAN_POINT('',(1.39120971822,0.556339535624));
#3779 = CARTESIAN_POINT('',(1.413819065608,0.494480851208));
#3780 = CARTESIAN_POINT('',(1.428032949168,0.455561836799));
#3781 = CARTESIAN_POINT('',(1.442236551808,0.416642818131));
#3782 = CARTESIAN_POINT('',(1.473162878973,0.33184445912));
#3783 = CARTESIAN_POINT('',(1.489881838613,0.285965117222));
#3784 = CARTESIAN_POINT('',(1.506588371058,0.240085770204));
#3785 = CARTESIAN_POINT('',(1.539906687312,0.148523673031));
#3786 = CARTESIAN_POINT('',(1.556518572286,0.102840922917));
#3787 = CARTESIAN_POINT('',(1.573119769965,5.715816842371E-02));
#3788 = CARTESIAN_POINT('',(1.589710955551,1.147540983607E-02));
#3789 = ( GEOMETRIC_REPRESENTATION_CONTEXT(2) 
PARAMETRIC_REPRESENTATION_CONTEXT() REPRESENTATION_CONTEXT('2D SPACE',''
  ) );
#3790 = ADVANCED_FACE('',(#3791),#3052,.T.);
#3791 = FACE_BOUND('',#3792,.T.);
#3792 = EDGE_LOOP('',(#3793,#3887,#3907,#3932,#4053,#4078,#4108,#4133,
    #4254,#4279,#4360,#4385,#4506,#4526,#4600,#4601,#4602));
#3793 = ORIENTED_EDGE('',*,*,#3794,.F.);
#3794 = EDGE_CURVE('',#3795,#3797,#3799,.T.);
#3795 = VERTEX_POINT('',#3796);
#3796 = CARTESIAN_POINT('',(285.38953406569,-190.3835379299,
    17.797385167215));
#3797 = VERTEX_POINT('',#3798);
#3798 = CARTESIAN_POINT('',(296.73971459292,-82.90048672499,
    17.212940287873));
#3799 = SURFACE_CURVE('',#3800,(#3827,#3857),.PCURVE_S1.);
#3800 = B_SPLINE_CURVE_WITH_KNOTS('',4,(#3801,#3802,#3803,#3804,#3805,
    #3806,#3807,#3808,#3809,#3810,#3811,#3812,#3813,#3814,#3815,#3816,
    #3817,#3818,#3819,#3820,#3821,#3822,#3823,#3824,#3825,#3826),
  .UNSPECIFIED.,.F.,.F.,(5,3,3,3,3,3,3,3,5),(0.,9.477218639578E-02,
    0.188912228919,0.283442711302,0.37756854976,0.472113232597,
    0.62369139536,0.811943066302,1.),.UNSPECIFIED.);
#3801 = CARTESIAN_POINT('',(285.32443575784,-191.,17.800737419538));
#3802 = CARTESIAN_POINT('',(285.62617514274,-188.1426156656,
    17.785199277427));
#3803 = CARTESIAN_POINT('',(285.9279144961,-185.2852313194,
    17.769661216481));
#3804 = CARTESIAN_POINT('',(286.2296538189,-182.4278469617,
    17.754123234049));
#3805 = CARTESIAN_POINT('',(286.83111976158,-176.732137382,
    17.723151061382));
#3806 = CARTESIAN_POINT('',(287.13084638185,-173.8938121601,
    17.707716870134));
#3807 = CARTESIAN_POINT('',(287.43057297381,-171.0554869279,
    17.692282751574));
#3808 = CARTESIAN_POINT('',(288.03126919972,-165.3670646698,
    17.661350643713));
#3809 = CARTESIAN_POINT('',(288.33223883345,-162.5169676439,
    17.645852654996));
#3810 = CARTESIAN_POINT('',(288.63320844033,-159.6668706084,
    17.630354735142));
#3811 = CARTESIAN_POINT('',(289.23385928197,-153.9788765465,
    17.599425368649));
#3812 = CARTESIAN_POINT('',(289.53354051695,-151.1409795201,
    17.58399392144));
#3813 = CARTESIAN_POINT('',(289.83322172687,-148.3030824851,
    17.568562538461));
#3814 = CARTESIAN_POINT('',(290.43391762962,-142.6146602272,
    17.537631230426));
#3815 = CARTESIAN_POINT('',(290.73493232223,-139.7641350043,
    17.522131305926));
#3816 = CARTESIAN_POINT('',(291.035946991,-136.9136097733,
    17.506631442465));
#3817 = CARTESIAN_POINT('',(291.8195614569,-129.4929980356,
    17.46628167564));
#3818 = CARTESIAN_POINT('',(292.30216121765,-124.9229115169,
    17.441431865392));
#3819 = CARTESIAN_POINT('',(292.78476092162,-120.3528249798,
    17.416582200385));
#3820 = CARTESIAN_POINT('',(293.86672256896,-110.1069444024,
    17.36087094113));
#3821 = CARTESIAN_POINT('',(294.46608448286,-104.4311503527,
    17.330009422214));
#3822 = CARTESIAN_POINT('',(295.06544631765,-98.75535627849,
    17.299148105406));
#3823 = CARTESIAN_POINT('',(296.26354982634,-87.40963941861,
    17.237457779442));
#3824 = CARTESIAN_POINT('',(296.86229150041,-81.73971663302,
    17.206628769875));
#3825 = CARTESIAN_POINT('',(297.4610331036,-76.06979382635,
    17.17579994113));
#3826 = CARTESIAN_POINT('',(298.05977463942,-70.399871,17.144971284174)
  );
#3827 = PCURVE('',#3052,#3828);
#3828 = DEFINITIONAL_REPRESENTATION('',(#3829),#3856);
#3829 = B_SPLINE_CURVE_WITH_KNOTS('',4,(#3830,#3831,#3832,#3833,#3834,
    #3835,#3836,#3837,#3838,#3839,#3840,#3841,#3842,#3843,#3844,#3845,
    #3846,#3847,#3848,#3849,#3850,#3851,#3852,#3853,#3854,#3855),
  .UNSPECIFIED.,.F.,.F.,(5,3,3,3,3,3,3,3,5),(0.,9.477218639578E-02,
    0.188912228919,0.283442711302,0.37756854976,0.472113232597,
    0.62369139536,0.811943066302,1.),.UNSPECIFIED.);
#3830 = CARTESIAN_POINT('',(1.788222318558,1.));
#3831 = CARTESIAN_POINT('',(1.795944958715,0.976578816932));
#3832 = CARTESIAN_POINT('',(1.803667511297,0.953157633766));
#3833 = CARTESIAN_POINT('',(1.811389979162,0.929736450506));
#3834 = CARTESIAN_POINT('',(1.826783241302,0.88305030641));
#3835 = CARTESIAN_POINT('',(1.834454036669,0.859785345575));
#3836 = CARTESIAN_POINT('',(1.842124753608,0.836520384655));
#3837 = CARTESIAN_POINT('',(1.857497848853,0.789893972704));
#3838 = CARTESIAN_POINT('',(1.865200226529,0.766532521671));
#3839 = CARTESIAN_POINT('',(1.872902529903,0.743171070561));
#3840 = CARTESIAN_POINT('',(1.888274022553,0.696548168414));
#3841 = CARTESIAN_POINT('',(1.895943212445,0.673286717379));
#3842 = CARTESIAN_POINT('',(1.903612333034,0.650025266272));
#3843 = CARTESIAN_POINT('',(1.918984565639,0.603398854322));
#3844 = CARTESIAN_POINT('',(1.926687677055,0.580033893478));
#3845 = CARTESIAN_POINT('',(1.934390722612,0.556668932568));
#3846 = CARTESIAN_POINT('',(1.954443460522,0.495844246194));
#3847 = CARTESIAN_POINT('',(1.966793052409,0.458384520631));
#3848 = CARTESIAN_POINT('',(1.97914248759,0.420924794917));
#3849 = CARTESIAN_POINT('',(2.006828900314,0.336942167233));
#3850 = CARTESIAN_POINT('',(2.02216579658,0.290419265186));
#3851 = CARTESIAN_POINT('',(2.037502474787,0.243896362939));
#3852 = CARTESIAN_POINT('',(2.068159552809,0.150898683747));
#3853 = CARTESIAN_POINT('',(2.083479953048,0.10442390686));
#3854 = CARTESIAN_POINT('',(2.098800158236,5.794912968793E-02));
#3855 = CARTESIAN_POINT('',(2.114120178039,1.147435247836E-02));
#3856 = ( GEOMETRIC_REPRESENTATION_CONTEXT(2) 
PARAMETRIC_REPRESENTATION_CONTEXT() REPRESENTATION_CONTEXT('2D SPACE',''
  ) );
#3857 = PCURVE('',#2099,#3858);
#3858 = DEFINITIONAL_REPRESENTATION('',(#3859),#3886);
#3859 = B_SPLINE_CURVE_WITH_KNOTS('',4,(#3860,#3861,#3862,#3863,#3864,
    #3865,#3866,#3867,#3868,#3869,#3870,#3871,#3872,#3873,#3874,#3875,
    #3876,#3877,#3878,#3879,#3880,#3881,#3882,#3883,#3884,#3885),
  .UNSPECIFIED.,.F.,.F.,(5,3,3,3,3,3,3,3,5),(0.,9.477218639578E-02,
    0.188912228919,0.283442711302,0.37756854976,0.472113232597,
    0.62369139536,0.811943066302,1.),.UNSPECIFIED.);
#3860 = CARTESIAN_POINT('',(76.193151480684,0.888372093023));
#3861 = CARTESIAN_POINT('',(76.194402199165,0.875081933329));
#3862 = CARTESIAN_POINT('',(76.195634744441,0.861791773579));
#3863 = CARTESIAN_POINT('',(76.196849710072,0.848501613776));
#3864 = CARTESIAN_POINT('',(76.199237580657,0.822009941312));
#3865 = CARTESIAN_POINT('',(76.200410712349,0.808808428652));
#3866 = CARTESIAN_POINT('',(76.201567569342,0.795606915944));
#3867 = CARTESIAN_POINT('',(76.20385444798,0.769149137999));
#3868 = CARTESIAN_POINT('',(76.204984338642,0.755892872762));
#3869 = CARTESIAN_POINT('',(76.206098811313,0.742636607481));
#3870 = CARTESIAN_POINT('',(76.208293129272,0.716180821147));
#3871 = CARTESIAN_POINT('',(76.209373102552,0.702981300094));
#3872 = CARTESIAN_POINT('',(76.210438695156,0.689781779001));
#3873 = CARTESIAN_POINT('',(76.212546632198,0.663324001057));
#3874 = CARTESIAN_POINT('',(76.213588852254,0.650065744206));
#3875 = CARTESIAN_POINT('',(76.214617406485,0.636807487318));
#3876 = CARTESIAN_POINT('',(76.217260424063,0.602293014119));
#3877 = CARTESIAN_POINT('',(76.218854040435,0.581036797753));
#3878 = CARTESIAN_POINT('',(76.220415140661,0.559780581301));
#3879 = CARTESIAN_POINT('',(76.223845322283,0.512125322802));
#3880 = CARTESIAN_POINT('',(76.225697538647,0.48572628071));
#3881 = CARTESIAN_POINT('',(76.227504508993,0.459327238505));
#3882 = CARTESIAN_POINT('',(76.231030813756,0.406556462412));
#3883 = CARTESIAN_POINT('',(76.232750240026,0.380184728526));
#3884 = CARTESIAN_POINT('',(76.234429186874,0.353812994541));
#3885 = CARTESIAN_POINT('',(76.236069676706,0.327441260465));
#3886 = ( GEOMETRIC_REPRESENTATION_CONTEXT(2) 
PARAMETRIC_REPRESENTATION_CONTEXT() REPRESENTATION_CONTEXT('2D SPACE',''
  ) );
#3887 = ORIENTED_EDGE('',*,*,#3888,.T.);
#3888 = EDGE_CURVE('',#3795,#3889,#3891,.T.);
#3889 = VERTEX_POINT('',#3890);
#3890 = CARTESIAN_POINT('',(285.08270372175,-190.,18.654976138523));
#3891 = SURFACE_CURVE('',#3892,(#3895,#3901),.PCURVE_S1.);
#3892 = B_SPLINE_CURVE_WITH_KNOTS('',1,(#3893,#3894),.UNSPECIFIED.,.F.,
  .F.,(2,2),(0.,1.),.PIECEWISE_BEZIER_KNOTS.);
#3893 = CARTESIAN_POINT('',(285.39103024174,-190.3854081499,
    17.793203354372));
#3894 = CARTESIAN_POINT('',(285.08270372175,-190.,18.654976138523));
#3895 = PCURVE('',#3052,#3896);
#3896 = DEFINITIONAL_REPRESENTATION('',(#3897),#3900);
#3897 = B_SPLINE_CURVE_WITH_KNOTS('',1,(#3898,#3899),.UNSPECIFIED.,.F.,
  .F.,(2,2),(0.,1.),.PIECEWISE_BEZIER_KNOTS.);
#3898 = CARTESIAN_POINT('',(1.794404571712,0.994962361885));
#3899 = CARTESIAN_POINT('',(0.863733923775,0.991803278689));
#3900 = ( GEOMETRIC_REPRESENTATION_CONTEXT(2) 
PARAMETRIC_REPRESENTATION_CONTEXT() REPRESENTATION_CONTEXT('2D SPACE',''
  ) );
#3901 = PCURVE('',#1455,#3902);
#3902 = DEFINITIONAL_REPRESENTATION('',(#3903),#3906);
#3903 = B_SPLINE_CURVE_WITH_KNOTS('',1,(#3904,#3905),.UNSPECIFIED.,.F.,
  .F.,(2,2),(0.,1.),.PIECEWISE_BEZIER_KNOTS.);
#3904 = CARTESIAN_POINT('',(-0.493563253305,-57.79320335437));
#3905 = CARTESIAN_POINT('',(0.,-58.65497613852));
#3906 = ( GEOMETRIC_REPRESENTATION_CONTEXT(2) 
PARAMETRIC_REPRESENTATION_CONTEXT() REPRESENTATION_CONTEXT('2D SPACE',''
  ) );
#3907 = ORIENTED_EDGE('',*,*,#3908,.F.);
#3908 = EDGE_CURVE('',#3909,#3889,#3911,.T.);
#3909 = VERTEX_POINT('',#3910);
#3910 = CARTESIAN_POINT('',(285.22042937527,-190.,18.314093184098));
#3911 = SURFACE_CURVE('',#3912,(#3915,#3921),.PCURVE_S1.);
#3912 = B_SPLINE_CURVE_WITH_KNOTS('',1,(#3913,#3914),.UNSPECIFIED.,.F.,
  .F.,(2,2),(0.,1.),.PIECEWISE_BEZIER_KNOTS.);
#3913 = CARTESIAN_POINT('',(285.22377345865,-190.,18.305816287289));
#3914 = CARTESIAN_POINT('',(285.08270349698,-190.,18.654976694834));
#3915 = PCURVE('',#3052,#3916);
#3916 = DEFINITIONAL_REPRESENTATION('',(#3917),#3920);
#3917 = B_SPLINE_CURVE_WITH_KNOTS('',1,(#3918,#3919),.UNSPECIFIED.,.F.,
  .F.,(2,2),(0.,1.),.PIECEWISE_BEZIER_KNOTS.);
#3918 = CARTESIAN_POINT('',(1.240314954079,0.991803278689));
#3919 = CARTESIAN_POINT('',(0.863733323775,0.991803278689));
#3920 = ( GEOMETRIC_REPRESENTATION_CONTEXT(2) 
PARAMETRIC_REPRESENTATION_CONTEXT() REPRESENTATION_CONTEXT('2D SPACE',''
  ) );
#3921 = PCURVE('',#3922,#3927);
#3922 = PLANE('',#3923);
#3923 = AXIS2_PLACEMENT_3D('',#3924,#3925,#3926);
#3924 = CARTESIAN_POINT('',(285.08270372175,-190.,19.455816287289));
#3925 = DIRECTION('',(-0.,-1.,-0.));
#3926 = DIRECTION('',(0.,0.,-1.));
#3927 = DEFINITIONAL_REPRESENTATION('',(#3928),#3931);
#3928 = B_SPLINE_CURVE_WITH_KNOTS('',1,(#3929,#3930),.UNSPECIFIED.,.F.,
  .F.,(2,2),(0.,1.),.PIECEWISE_BEZIER_KNOTS.);
#3929 = CARTESIAN_POINT('',(1.15,0.141069736907));
#3930 = CARTESIAN_POINT('',(0.800839592456,-2.247639940833E-07));
#3931 = ( GEOMETRIC_REPRESENTATION_CONTEXT(2) 
PARAMETRIC_REPRESENTATION_CONTEXT() REPRESENTATION_CONTEXT('2D SPACE',''
  ) );
#3932 = ORIENTED_EDGE('',*,*,#3933,.T.);
#3933 = EDGE_CURVE('',#3909,#3934,#3936,.T.);
#3934 = VERTEX_POINT('',#3935);
#3935 = CARTESIAN_POINT('',(286.62197959384,-176.742541095,
    18.238128509104));
#3936 = SURFACE_CURVE('',#3937,(#3964,#3994),.PCURVE_S1.);
#3937 = B_SPLINE_CURVE_WITH_KNOTS('',4,(#3938,#3939,#3940,#3941,#3942,
    #3943,#3944,#3945,#3946,#3947,#3948,#3949,#3950,#3951,#3952,#3953,
    #3954,#3955,#3956,#3957,#3958,#3959,#3960,#3961,#3962,#3963),
  .UNSPECIFIED.,.F.,.F.,(5,3,3,3,3,3,3,3,5),(0.,9.320225421259E-02,
    0.186802332858,0.280402386281,0.374002416625,0.467602425792,
    0.626402397591,0.813602301883,1.),.UNSPECIFIED.);
#3938 = CARTESIAN_POINT('',(285.22042937005,-190.,18.314093197031));
#3939 = CARTESIAN_POINT('',(285.51504170673,-187.2132561976,
    18.298116020944));
#3940 = CARTESIAN_POINT('',(285.80965190473,-184.4265120954,
    18.282144215006));
#3941 = CARTESIAN_POINT('',(286.10426006112,-181.6397677076,
    18.266177535338));
#3942 = CARTESIAN_POINT('',(286.69472995945,-176.0543834473,
    18.23418586539));
#3943 = CARTESIAN_POINT('',(286.99059168474,-173.2557435725,
    18.218160916918));
#3944 = CARTESIAN_POINT('',(287.28645152479,-170.4571034352,
    18.202140701749));
#3945 = CARTESIAN_POINT('',(287.87816750944,-164.8598234126,
    18.170109353499));
#3946 = CARTESIAN_POINT('',(288.17402365411,-162.0611835272,
    18.154098220248));
#3947 = CARTESIAN_POINT('',(288.46987806839,-159.2625434019,
    18.138091431253));
#3948 = CARTESIAN_POINT('',(289.06158350128,-153.6652633818,
    18.106086198884));
#3949 = CARTESIAN_POINT('',(289.35743451994,-150.866623487,
    18.090087755368));
#3950 = CARTESIAN_POINT('',(289.65328394634,-148.0679833724,
    18.074093309094));
#3951 = CARTESIAN_POINT('',(290.24497967126,-142.4707033545,
    18.042112104224));
#3952 = CARTESIAN_POINT('',(290.54082596982,-139.6720634513,
    18.02612534551));
#3953 = CARTESIAN_POINT('',(290.83667079976,-136.8734233461,
    18.010142273465));
#3954 = CARTESIAN_POINT('',(291.6344364563,-129.3266638474,
    17.967052195082));
#3955 = CARTESIAN_POINT('',(292.13635462876,-124.5785440895,
    17.939951851236));
#3956 = CARTESIAN_POINT('',(292.63826900427,-119.8304238119,
    17.912861038169));
#3957 = CARTESIAN_POINT('',(293.7318528028,-109.4850240126,
    17.853853992754));
#3958 = CARTESIAN_POINT('',(294.32352083532,-103.887744301,
    17.82194125059));
#3959 = CARTESIAN_POINT('',(294.91518427785,-98.29046396486,
    17.79004002889));
#3960 = CARTESIAN_POINT('',(296.09596715949,-87.11988810972,
    17.726395758244));
#3961 = CARTESIAN_POINT('',(296.68508663596,-81.54659259587,
    17.694652615514));
#3962 = CARTESIAN_POINT('',(297.27420216478,-75.97329654769,
    17.662919380307));
#3963 = CARTESIAN_POINT('',(297.86331399525,-70.4,17.631195426684));
#3964 = PCURVE('',#3052,#3965);
#3965 = DEFINITIONAL_REPRESENTATION('',(#3966),#3993);
#3966 = B_SPLINE_CURVE_WITH_KNOTS('',4,(#3967,#3968,#3969,#3970,#3971,
    #3972,#3973,#3974,#3975,#3976,#3977,#3978,#3979,#3980,#3981,#3982,
    #3983,#3984,#3985,#3986,#3987,#3988,#3989,#3990,#3991,#3992),
  .UNSPECIFIED.,.F.,.F.,(5,3,3,3,3,3,3,3,5),(0.,9.320225421259E-02,
    0.186802332858,0.280402386281,0.374002416625,0.467602425792,
    0.626402397591,0.813602301883,1.),.UNSPECIFIED.);
#3967 = CARTESIAN_POINT('',(1.231388019361,0.991803278689));
#3968 = CARTESIAN_POINT('',(1.23980755649,0.968961116374));
#3969 = CARTESIAN_POINT('',(1.248221300777,0.946118951602));
#3970 = CARTESIAN_POINT('',(1.256629515303,0.923276784489));
#3971 = CARTESIAN_POINT('',(1.273471217784,0.877494946289));
#3972 = CARTESIAN_POINT('',(1.281904660641,0.854555275185));
#3973 = CARTESIAN_POINT('',(1.290332997638,0.831615601928));
#3974 = CARTESIAN_POINT('',(1.307179877079,0.78573625748));
#3975 = CARTESIAN_POINT('',(1.315598419706,0.762796586289));
#3976 = CARTESIAN_POINT('',(1.324012276146,0.739856913131));
#3977 = CARTESIAN_POINT('',(1.34083098871,0.693977568704));
#3978 = CARTESIAN_POINT('',(1.349235844988,0.671037897435));
#3979 = CARTESIAN_POINT('',(1.357636389407,0.648098224364));
#3980 = CARTESIAN_POINT('',(1.374429187485,0.602218879955));
#3981 = CARTESIAN_POINT('',(1.382821441273,0.579279208617));
#3982 = CARTESIAN_POINT('',(1.39120971822,0.556339535624));
#3983 = CARTESIAN_POINT('',(1.413819065608,0.494480851208));
#3984 = CARTESIAN_POINT('',(1.428032949168,0.455561836799));
#3985 = CARTESIAN_POINT('',(1.442236551808,0.416642818131));
#3986 = CARTESIAN_POINT('',(1.473162878973,0.33184445912));
#3987 = CARTESIAN_POINT('',(1.489881838613,0.285965117222));
#3988 = CARTESIAN_POINT('',(1.506588371058,0.240085770204));
#3989 = CARTESIAN_POINT('',(1.539906687312,0.148523673031));
#3990 = CARTESIAN_POINT('',(1.556518572286,0.102840922917));
#3991 = CARTESIAN_POINT('',(1.573119769965,5.715816842371E-02));
#3992 = CARTESIAN_POINT('',(1.589710955551,1.147540983607E-02));
#3993 = ( GEOMETRIC_REPRESENTATION_CONTEXT(2) 
PARAMETRIC_REPRESENTATION_CONTEXT() REPRESENTATION_CONTEXT('2D SPACE',''
  ) );
#3994 = PCURVE('',#3995,#4024);
#3995 = B_SPLINE_SURFACE_WITH_KNOTS('',13,1,(
    (#3996,#3997)
    ,(#3998,#3999)
    ,(#4000,#4001)
    ,(#4002,#4003)
    ,(#4004,#4005)
    ,(#4006,#4007)
    ,(#4008,#4009)
    ,(#4010,#4011)
    ,(#4012,#4013)
    ,(#4014,#4015)
    ,(#4016,#4017)
    ,(#4018,#4019)
    ,(#4020,#4021)
    ,(#4022,#4023
    )),.UNSPECIFIED.,.T.,.F.,.F.,(14,14),(2,2),(0.,6.28318530718),(0.,1.
    ),.PIECEWISE_BEZIER_KNOTS.);
#3996 = CARTESIAN_POINT('',(297.59135821248,-70.4,20.603983091432));
#3997 = CARTESIAN_POINT('',(285.08270372175,-190.,20.605816287289));
#3998 = CARTESIAN_POINT('',(298.31577725692,-70.39999999999,
    20.60398309143));
#3999 = CARTESIAN_POINT('',(285.63852396041,-189.9999999999,
    20.605816287288));
#4000 = CARTESIAN_POINT('',(299.04019659116,-70.40000000002,
    20.224676085388));
#4001 = CARTESIAN_POINT('',(286.19434442163,-190.0000000001,
    20.314787893904));
#4002 = CARTESIAN_POINT('',(299.54795412979,-70.39999999992,
    19.466084655182));
#4003 = CARTESIAN_POINT('',(286.58392821036,-189.9999999996,
    19.732748433391));
#4004 = CARTESIAN_POINT('',(299.62241466442,-70.40000000014,
    18.464216879548));
#4005 = CARTESIAN_POINT('',(286.64105905644,-190.0000000007,
    18.964051930342));
#4006 = CARTESIAN_POINT('',(299.14185434531,-70.39999999979,
    17.491773718957));
#4007 = CARTESIAN_POINT('',(286.27234269725,-189.9999999989,
    18.217931858281));
#4008 = CARTESIAN_POINT('',(298.1750753663,-70.40000000021,
    16.881330772054));
#4009 = CARTESIAN_POINT('',(285.53056854691,-190.0000000012,
    17.749561310786));
#4010 = CARTESIAN_POINT('',(297.00764105872,-70.39999999982,
    16.881330771919));
#4011 = CARTESIAN_POINT('',(284.63483889673,-189.9999999987,
    17.749561310676));
#4012 = CARTESIAN_POINT('',(296.04086207955,-70.40000000011,
    17.491773719065));
#4013 = CARTESIAN_POINT('',(283.89306474591,-190.0000000009,
    18.217931858368));
#4014 = CARTESIAN_POINT('',(295.56030176064,-70.39999999994,
    18.46421687948));
#4015 = CARTESIAN_POINT('',(283.52434838738,-189.9999999994,
    18.964051930288));
#4016 = CARTESIAN_POINT('',(295.63476229512,-70.40000000002,
    19.466084655215));
#4017 = CARTESIAN_POINT('',(283.58147923292,-190.0000000002,
    19.732748433416));
#4018 = CARTESIAN_POINT('',(296.14251983383,-70.39999999999,
    20.224676085376));
#4019 = CARTESIAN_POINT('',(283.97106302195,-189.9999999999,
    20.314787893895));
#4020 = CARTESIAN_POINT('',(296.86693916804,-70.4,20.603983091433));
#4021 = CARTESIAN_POINT('',(284.52688348306,-190.,20.60581628729));
#4022 = CARTESIAN_POINT('',(297.59135821248,-70.4,20.603983091432));
#4023 = CARTESIAN_POINT('',(285.08270372175,-190.,20.605816287289));
#4024 = DEFINITIONAL_REPRESENTATION('',(#4025),#4052);
#4025 = B_SPLINE_CURVE_WITH_KNOTS('',4,(#4026,#4027,#4028,#4029,#4030,
    #4031,#4032,#4033,#4034,#4035,#4036,#4037,#4038,#4039,#4040,#4041,
    #4042,#4043,#4044,#4045,#4046,#4047,#4048,#4049,#4050,#4051),
  .UNSPECIFIED.,.F.,.F.,(5,3,3,3,3,3,3,3,5),(0.,9.320225421259E-02,
    0.186802332858,0.280402386281,0.374002416625,0.467602425792,
    0.626402397591,0.813602301883,1.),.UNSPECIFIED.);
#4026 = CARTESIAN_POINT('',(3.021543070101,1.));
#4027 = CARTESIAN_POINT('',(3.019633156269,0.976699466536));
#4028 = CARTESIAN_POINT('',(3.01776055301,0.953398930564));
#4029 = CARTESIAN_POINT('',(3.015923602779,0.930098392204));
#4030 = CARTESIAN_POINT('',(3.012310368639,0.883397854911));
#4031 = CARTESIAN_POINT('',(3.010534375858,0.859997855957));
#4032 = CARTESIAN_POINT('',(3.008791363174,0.83659785481));
#4033 = CARTESIAN_POINT('',(3.005368640071,0.78979785462));
#4034 = CARTESIAN_POINT('',(3.003688928548,0.766397855579));
#4035 = CARTESIAN_POINT('',(3.00203953734,0.742997854531));
#4036 = CARTESIAN_POINT('',(2.998799018491,0.696197854364));
#4037 = CARTESIAN_POINT('',(2.997207889921,0.672797855243));
#4038 = CARTESIAN_POINT('',(2.995644703039,0.649397854284));
#4039 = CARTESIAN_POINT('',(2.992572079989,0.602597854135));
#4040 = CARTESIAN_POINT('',(2.991062643034,0.579197854944));
#4041 = CARTESIAN_POINT('',(2.989579013778,0.555797854064));
#4042 = CARTESIAN_POINT('',(2.985645292777,0.492697858256));
#4043 = CARTESIAN_POINT('',(2.983241870312,0.45299786028));
#4044 = CARTESIAN_POINT('',(2.98090528844,0.41329785796));
#4045 = CARTESIAN_POINT('',(2.975951316648,0.326797859637));
#4046 = CARTESIAN_POINT('',(2.973358427134,0.279997862049));
#4047 = CARTESIAN_POINT('',(2.970846508123,0.233197859238));
#4048 = CARTESIAN_POINT('',(2.965984451789,0.139798395566));
#4049 = CARTESIAN_POINT('',(2.96363365534,9.319893474815E-02));
#4050 = CARTESIAN_POINT('',(2.961352633358,4.659946946232E-02));
#4051 = CARTESIAN_POINT('',(2.959137030898,0.));
#4052 = ( GEOMETRIC_REPRESENTATION_CONTEXT(2) 
PARAMETRIC_REPRESENTATION_CONTEXT() REPRESENTATION_CONTEXT('2D SPACE',''
  ) );
#4053 = ORIENTED_EDGE('',*,*,#4054,.F.);
#4054 = EDGE_CURVE('',#4055,#3934,#4057,.T.);
#4055 = VERTEX_POINT('',#4056);
#4056 = CARTESIAN_POINT('',(286.8279333366,-176.4970949822,
    17.791192360986));
#4057 = SURFACE_CURVE('',#4058,(#4061,#4067),.PCURVE_S1.);
#4058 = B_SPLINE_CURVE_WITH_KNOTS('',1,(#4059,#4060),.UNSPECIFIED.,.F.,
  .F.,(2,2),(0.,1.),.PIECEWISE_BEZIER_KNOTS.);
#4059 = CARTESIAN_POINT('',(286.84267616705,-176.479525161,
    17.759199235893));
#4060 = CARTESIAN_POINT('',(286.44752174079,-176.9504518681,
    18.616716049213));
#4061 = PCURVE('',#3052,#4062);
#4062 = DEFINITIONAL_REPRESENTATION('',(#4063),#4066);
#4063 = B_SPLINE_CURVE_WITH_KNOTS('',1,(#4064,#4065),.UNSPECIFIED.,.F.,
  .F.,(2,2),(0.,1.),.PIECEWISE_BEZIER_KNOTS.);
#4064 = CARTESIAN_POINT('',(1.78710520771,0.880979714435));
#4065 = CARTESIAN_POINT('',(0.863732723775,0.884839769411));
#4066 = ( GEOMETRIC_REPRESENTATION_CONTEXT(2) 
PARAMETRIC_REPRESENTATION_CONTEXT() REPRESENTATION_CONTEXT('2D SPACE',''
  ) );
#4067 = PCURVE('',#4068,#4073);
#4068 = PLANE('',#4069);
#4069 = AXIS2_PLACEMENT_3D('',#4070,#4071,#4072);
#4070 = CARTESIAN_POINT('',(288.37783005491,-174.65,16.738843066131));
#4071 = DIRECTION('',(-0.766044443119,0.642787609687,0.));
#4072 = DIRECTION('',(0.642787609687,0.766044443119,0.));
#4073 = DEFINITIONAL_REPRESENTATION('',(#4074),#4077);
#4074 = B_SPLINE_CURVE_WITH_KNOTS('',1,(#4075,#4076),.UNSPECIFIED.,.F.,
  .F.,(2,2),(0.,1.),.PIECEWISE_BEZIER_KNOTS.);
#4075 = CARTESIAN_POINT('',(-2.38827548124,-1.020356169762));
#4076 = CARTESIAN_POINT('',(-3.003026637466,-1.877872983082));
#4077 = ( GEOMETRIC_REPRESENTATION_CONTEXT(2) 
PARAMETRIC_REPRESENTATION_CONTEXT() REPRESENTATION_CONTEXT('2D SPACE',''
  ) );
#4078 = ORIENTED_EDGE('',*,*,#4079,.F.);
#4079 = EDGE_CURVE('',#4080,#4055,#4082,.T.);
#4080 = VERTEX_POINT('',#4081);
#4081 = CARTESIAN_POINT('',(288.44545111126,-161.0313927364,
    17.745847008745));
#4082 = SURFACE_CURVE('',#4083,(#4091,#4097),.PCURVE_S1.);
#4083 = B_SPLINE_CURVE_WITH_KNOTS('',4,(#4084,#4085,#4086,#4087,#4088,
    #4089,#4090),.UNSPECIFIED.,.F.,.F.,(5,2,5),(4.467381249958E-08,
    1.046506429181,1.157805616036),.UNSPECIFIED.);
#4084 = CARTESIAN_POINT('',(288.44545111126,-161.0313927364,
    17.745847008745));
#4085 = CARTESIAN_POINT('',(288.07994443205,-164.5261410217,
    17.756093591117));
#4086 = CARTESIAN_POINT('',(287.71443775283,-168.020889307,
    17.766340173487));
#4087 = CARTESIAN_POINT('',(287.31005830918,-171.8873148685,
    17.777676511548));
#4088 = CARTESIAN_POINT('',(286.90567886551,-175.7537404299,
    17.789012849609));
#4089 = CARTESIAN_POINT('',(286.86680610105,-176.125417706,
    17.790102605297));
#4090 = CARTESIAN_POINT('',(286.8279333366,-176.4970949822,
    17.791192360986));
#4091 = PCURVE('',#3052,#4092);
#4092 = DEFINITIONAL_REPRESENTATION('',(#4093),#4096);
#4093 = B_SPLINE_CURVE_WITH_KNOTS('',1,(#4094,#4095),.UNSPECIFIED.,.F.,
  .F.,(2,2),(4.467381249958E-08,1.157805616036),
  .PIECEWISE_BEZIER_KNOTS.);
#4094 = CARTESIAN_POINT('',(1.752655071075,0.754355678167));
#4095 = CARTESIAN_POINT('',(1.752655071075,0.881123729362));
#4096 = ( GEOMETRIC_REPRESENTATION_CONTEXT(2) 
PARAMETRIC_REPRESENTATION_CONTEXT() REPRESENTATION_CONTEXT('2D SPACE',''
  ) );
#4097 = PCURVE('',#4098,#4103);
#4098 = CYLINDRICAL_SURFACE('',#4099,1.658333333333);
#4099 = AXIS2_PLACEMENT_3D('',#4100,#4101,#4102);
#4100 = CARTESIAN_POINT('',(286.82408413371,-173.35,19.406998580675));
#4101 = DIRECTION('',(-0.104019604147,-0.994570972053,2.916076511733E-03
    ));
#4102 = DIRECTION('',(0.994575200748,-0.104020046415,-5.421010862428E-20
    ));
#4103 = DEFINITIONAL_REPRESENTATION('',(#4104),#4107);
#4104 = B_SPLINE_CURVE_WITH_KNOTS('',1,(#4105,#4106),.UNSPECIFIED.,.F.,
  .F.,(2,2),(4.467381249958E-08,1.157805616036),
  .PIECEWISE_BEZIER_KNOTS.);
#4105 = CARTESIAN_POINT('',(-7.652917507016,-12.42522719675));
#4106 = CARTESIAN_POINT('',(-7.652917507016,3.124897108465));
#4107 = ( GEOMETRIC_REPRESENTATION_CONTEXT(2) 
PARAMETRIC_REPRESENTATION_CONTEXT() REPRESENTATION_CONTEXT('2D SPACE',''
  ) );
#4108 = ORIENTED_EDGE('',*,*,#4109,.T.);
#4109 = EDGE_CURVE('',#4080,#4110,#4112,.T.);
#4110 = VERTEX_POINT('',#4111);
#4111 = CARTESIAN_POINT('',(288.28478697912,-161.0134098663,
    18.14810706275));
#4112 = SURFACE_CURVE('',#4113,(#4116,#4122),.PCURVE_S1.);
#4113 = B_SPLINE_CURVE_WITH_KNOTS('',1,(#4114,#4115),.UNSPECIFIED.,.F.,
  .F.,(2,2),(0.,1.),.PIECEWISE_BEZIER_KNOTS.);
#4114 = CARTESIAN_POINT('',(288.45879423798,-161.0328862104,
    17.712439384996));
#4115 = CARTESIAN_POINT('',(288.11630798568,-160.9945522918,
    18.569933441149));
#4116 = PCURVE('',#3052,#4117);
#4117 = DEFINITIONAL_REPRESENTATION('',(#4118),#4121);
#4118 = B_SPLINE_CURVE_WITH_KNOTS('',1,(#4119,#4120),.UNSPECIFIED.,.F.,
  .F.,(2,2),(0.,1.),.PIECEWISE_BEZIER_KNOTS.);
#4119 = CARTESIAN_POINT('',(1.788691076709,0.754367919758));
#4120 = CARTESIAN_POINT('',(0.863732723775,0.754053707311));
#4121 = ( GEOMETRIC_REPRESENTATION_CONTEXT(2) 
PARAMETRIC_REPRESENTATION_CONTEXT() REPRESENTATION_CONTEXT('2D SPACE',''
  ) );
#4122 = PCURVE('',#4123,#4128);
#4123 = PLANE('',#4124);
#4124 = AXIS2_PLACEMENT_3D('',#4125,#4126,#4127);
#4125 = CARTESIAN_POINT('',(288.11655134815,-160.9922297089,
    19.370765667494));
#4126 = DIRECTION('',(-0.104019604147,-0.994570972053,2.916076511734E-03
    ));
#4127 = DIRECTION('',(-0.994575200748,0.104020046415,0.));
#4128 = DEFINITIONAL_REPRESENTATION('',(#4129),#4132);
#4129 = B_SPLINE_CURVE_WITH_KNOTS('',1,(#4130,#4131),.UNSPECIFIED.,.F.,
  .F.,(2,2),(0.,1.),.PIECEWISE_BEZIER_KNOTS.);
#4130 = CARTESIAN_POINT('',(-0.344615382038,1.658333333333));
#4131 = CARTESIAN_POINT('',(4.470894054975E-07,0.800835631306));
#4132 = ( GEOMETRIC_REPRESENTATION_CONTEXT(2) 
PARAMETRIC_REPRESENTATION_CONTEXT() REPRESENTATION_CONTEXT('2D SPACE',''
  ) );
#4133 = ORIENTED_EDGE('',*,*,#4134,.T.);
#4134 = EDGE_CURVE('',#4110,#4135,#4137,.T.);
#4135 = VERTEX_POINT('',#4136);
#4136 = CARTESIAN_POINT('',(290.31292066556,-141.8279918371,
    18.038442001643));
#4137 = SURFACE_CURVE('',#4138,(#4165,#4195),.PCURVE_S1.);
#4138 = B_SPLINE_CURVE_WITH_KNOTS('',4,(#4139,#4140,#4141,#4142,#4143,
    #4144,#4145,#4146,#4147,#4148,#4149,#4150,#4151,#4152,#4153,#4154,
    #4155,#4156,#4157,#4158,#4159,#4160,#4161,#4162,#4163,#4164),
  .UNSPECIFIED.,.F.,.F.,(5,3,3,3,3,3,3,3,5),(0.,9.320225421259E-02,
    0.186802332858,0.280402386281,0.374002416625,0.467602425792,
    0.626402397591,0.813602301883,1.),.UNSPECIFIED.);
#4139 = CARTESIAN_POINT('',(285.22042937005,-190.,18.314093197031));
#4140 = CARTESIAN_POINT('',(285.51504170673,-187.2132561976,
    18.298116020944));
#4141 = CARTESIAN_POINT('',(285.80965190473,-184.4265120954,
    18.282144215006));
#4142 = CARTESIAN_POINT('',(286.10426006112,-181.6397677076,
    18.266177535338));
#4143 = CARTESIAN_POINT('',(286.69472995945,-176.0543834473,
    18.23418586539));
#4144 = CARTESIAN_POINT('',(286.99059168474,-173.2557435725,
    18.218160916918));
#4145 = CARTESIAN_POINT('',(287.28645152479,-170.4571034352,
    18.202140701749));
#4146 = CARTESIAN_POINT('',(287.87816750944,-164.8598234126,
    18.170109353499));
#4147 = CARTESIAN_POINT('',(288.17402365411,-162.0611835272,
    18.154098220248));
#4148 = CARTESIAN_POINT('',(288.46987806839,-159.2625434019,
    18.138091431253));
#4149 = CARTESIAN_POINT('',(289.06158350128,-153.6652633818,
    18.106086198884));
#4150 = CARTESIAN_POINT('',(289.35743451994,-150.866623487,
    18.090087755368));
#4151 = CARTESIAN_POINT('',(289.65328394634,-148.0679833724,
    18.074093309094));
#4152 = CARTESIAN_POINT('',(290.24497967126,-142.4707033545,
    18.042112104224));
#4153 = CARTESIAN_POINT('',(290.54082596982,-139.6720634513,
    18.02612534551));
#4154 = CARTESIAN_POINT('',(290.83667079976,-136.8734233461,
    18.010142273465));
#4155 = CARTESIAN_POINT('',(291.6344364563,-129.3266638474,
    17.967052195082));
#4156 = CARTESIAN_POINT('',(292.13635462876,-124.5785440895,
    17.939951851236));
#4157 = CARTESIAN_POINT('',(292.63826900427,-119.8304238119,
    17.912861038169));
#4158 = CARTESIAN_POINT('',(293.7318528028,-109.4850240126,
    17.853853992754));
#4159 = CARTESIAN_POINT('',(294.32352083532,-103.887744301,
    17.82194125059));
#4160 = CARTESIAN_POINT('',(294.91518427785,-98.29046396486,
    17.79004002889));
#4161 = CARTESIAN_POINT('',(296.09596715949,-87.11988810972,
    17.726395758244));
#4162 = CARTESIAN_POINT('',(296.68508663596,-81.54659259587,
    17.694652615514));
#4163 = CARTESIAN_POINT('',(297.27420216478,-75.97329654769,
    17.662919380307));
#4164 = CARTESIAN_POINT('',(297.86331399525,-70.4,17.631195426684));
#4165 = PCURVE('',#3052,#4166);
#4166 = DEFINITIONAL_REPRESENTATION('',(#4167),#4194);
#4167 = B_SPLINE_CURVE_WITH_KNOTS('',4,(#4168,#4169,#4170,#4171,#4172,
    #4173,#4174,#4175,#4176,#4177,#4178,#4179,#4180,#4181,#4182,#4183,
    #4184,#4185,#4186,#4187,#4188,#4189,#4190,#4191,#4192,#4193),
  .UNSPECIFIED.,.F.,.F.,(5,3,3,3,3,3,3,3,5),(0.,9.320225421259E-02,
    0.186802332858,0.280402386281,0.374002416625,0.467602425792,
    0.626402397591,0.813602301883,1.),.UNSPECIFIED.);
#4168 = CARTESIAN_POINT('',(1.231388019361,0.991803278689));
#4169 = CARTESIAN_POINT('',(1.23980755649,0.968961116374));
#4170 = CARTESIAN_POINT('',(1.248221300777,0.946118951602));
#4171 = CARTESIAN_POINT('',(1.256629515303,0.923276784489));
#4172 = CARTESIAN_POINT('',(1.273471217784,0.877494946289));
#4173 = CARTESIAN_POINT('',(1.281904660641,0.854555275185));
#4174 = CARTESIAN_POINT('',(1.290332997638,0.831615601928));
#4175 = CARTESIAN_POINT('',(1.307179877079,0.78573625748));
#4176 = CARTESIAN_POINT('',(1.315598419706,0.762796586289));
#4177 = CARTESIAN_POINT('',(1.324012276146,0.739856913131));
#4178 = CARTESIAN_POINT('',(1.34083098871,0.693977568704));
#4179 = CARTESIAN_POINT('',(1.349235844988,0.671037897435));
#4180 = CARTESIAN_POINT('',(1.357636389407,0.648098224364));
#4181 = CARTESIAN_POINT('',(1.374429187485,0.602218879955));
#4182 = CARTESIAN_POINT('',(1.382821441273,0.579279208617));
#4183 = CARTESIAN_POINT('',(1.39120971822,0.556339535624));
#4184 = CARTESIAN_POINT('',(1.413819065608,0.494480851208));
#4185 = CARTESIAN_POINT('',(1.428032949168,0.455561836799));
#4186 = CARTESIAN_POINT('',(1.442236551808,0.416642818131));
#4187 = CARTESIAN_POINT('',(1.473162878973,0.33184445912));
#4188 = CARTESIAN_POINT('',(1.489881838613,0.285965117222));
#4189 = CARTESIAN_POINT('',(1.506588371058,0.240085770204));
#4190 = CARTESIAN_POINT('',(1.539906687312,0.148523673031));
#4191 = CARTESIAN_POINT('',(1.556518572286,0.102840922917));
#4192 = CARTESIAN_POINT('',(1.573119769965,5.715816842371E-02));
#4193 = CARTESIAN_POINT('',(1.589710955551,1.147540983607E-02));
#4194 = ( GEOMETRIC_REPRESENTATION_CONTEXT(2) 
PARAMETRIC_REPRESENTATION_CONTEXT() REPRESENTATION_CONTEXT('2D SPACE',''
  ) );
#4195 = PCURVE('',#4196,#4225);
#4196 = B_SPLINE_SURFACE_WITH_KNOTS('',13,1,(
    (#4197,#4198)
    ,(#4199,#4200)
    ,(#4201,#4202)
    ,(#4203,#4204)
    ,(#4205,#4206)
    ,(#4207,#4208)
    ,(#4209,#4210)
    ,(#4211,#4212)
    ,(#4213,#4214)
    ,(#4215,#4216)
    ,(#4217,#4218)
    ,(#4219,#4220)
    ,(#4221,#4222)
    ,(#4223,#4224
    )),.UNSPECIFIED.,.T.,.F.,.F.,(14,14),(2,2),(0.,6.28318530718),(0.,1.
    ),.PIECEWISE_BEZIER_KNOTS.);
#4197 = CARTESIAN_POINT('',(297.59135821248,-70.4,20.603983091432));
#4198 = CARTESIAN_POINT('',(285.08270372175,-190.,20.605816287289));
#4199 = CARTESIAN_POINT('',(298.31577725692,-70.39999999999,
    20.60398309143));
#4200 = CARTESIAN_POINT('',(285.63852396041,-189.9999999999,
    20.605816287288));
#4201 = CARTESIAN_POINT('',(299.04019659116,-70.40000000002,
    20.224676085388));
#4202 = CARTESIAN_POINT('',(286.19434442163,-190.0000000001,
    20.314787893904));
#4203 = CARTESIAN_POINT('',(299.54795412979,-70.39999999992,
    19.466084655182));
#4204 = CARTESIAN_POINT('',(286.58392821036,-189.9999999996,
    19.732748433391));
#4205 = CARTESIAN_POINT('',(299.62241466442,-70.40000000014,
    18.464216879548));
#4206 = CARTESIAN_POINT('',(286.64105905644,-190.0000000007,
    18.964051930342));
#4207 = CARTESIAN_POINT('',(299.14185434531,-70.39999999979,
    17.491773718957));
#4208 = CARTESIAN_POINT('',(286.27234269725,-189.9999999989,
    18.217931858281));
#4209 = CARTESIAN_POINT('',(298.1750753663,-70.40000000021,
    16.881330772054));
#4210 = CARTESIAN_POINT('',(285.53056854691,-190.0000000012,
    17.749561310786));
#4211 = CARTESIAN_POINT('',(297.00764105872,-70.39999999982,
    16.881330771919));
#4212 = CARTESIAN_POINT('',(284.63483889673,-189.9999999987,
    17.749561310676));
#4213 = CARTESIAN_POINT('',(296.04086207955,-70.40000000011,
    17.491773719065));
#4214 = CARTESIAN_POINT('',(283.89306474591,-190.0000000009,
    18.217931858368));
#4215 = CARTESIAN_POINT('',(295.56030176064,-70.39999999994,
    18.46421687948));
#4216 = CARTESIAN_POINT('',(283.52434838738,-189.9999999994,
    18.964051930288));
#4217 = CARTESIAN_POINT('',(295.63476229512,-70.40000000002,
    19.466084655215));
#4218 = CARTESIAN_POINT('',(283.58147923292,-190.0000000002,
    19.732748433416));
#4219 = CARTESIAN_POINT('',(296.14251983383,-70.39999999999,
    20.224676085376));
#4220 = CARTESIAN_POINT('',(283.97106302195,-189.9999999999,
    20.314787893895));
#4221 = CARTESIAN_POINT('',(296.86693916804,-70.4,20.603983091433));
#4222 = CARTESIAN_POINT('',(284.52688348306,-190.,20.60581628729));
#4223 = CARTESIAN_POINT('',(297.59135821248,-70.4,20.603983091432));
#4224 = CARTESIAN_POINT('',(285.08270372175,-190.,20.605816287289));
#4225 = DEFINITIONAL_REPRESENTATION('',(#4226),#4253);
#4226 = B_SPLINE_CURVE_WITH_KNOTS('',4,(#4227,#4228,#4229,#4230,#4231,
    #4232,#4233,#4234,#4235,#4236,#4237,#4238,#4239,#4240,#4241,#4242,
    #4243,#4244,#4245,#4246,#4247,#4248,#4249,#4250,#4251,#4252),
  .UNSPECIFIED.,.F.,.F.,(5,3,3,3,3,3,3,3,5),(0.,9.320225421259E-02,
    0.186802332858,0.280402386281,0.374002416625,0.467602425792,
    0.626402397591,0.813602301883,1.),.UNSPECIFIED.);
#4227 = CARTESIAN_POINT('',(3.021543070101,1.));
#4228 = CARTESIAN_POINT('',(3.019633156269,0.976699466536));
#4229 = CARTESIAN_POINT('',(3.01776055301,0.953398930564));
#4230 = CARTESIAN_POINT('',(3.015923602779,0.930098392204));
#4231 = CARTESIAN_POINT('',(3.012310368639,0.883397854911));
#4232 = CARTESIAN_POINT('',(3.010534375858,0.859997855957));
#4233 = CARTESIAN_POINT('',(3.008791363174,0.83659785481));
#4234 = CARTESIAN_POINT('',(3.005368640071,0.78979785462));
#4235 = CARTESIAN_POINT('',(3.003688928548,0.766397855579));
#4236 = CARTESIAN_POINT('',(3.00203953734,0.742997854531));
#4237 = CARTESIAN_POINT('',(2.998799018491,0.696197854364));
#4238 = CARTESIAN_POINT('',(2.997207889921,0.672797855243));
#4239 = CARTESIAN_POINT('',(2.995644703039,0.649397854284));
#4240 = CARTESIAN_POINT('',(2.992572079989,0.602597854135));
#4241 = CARTESIAN_POINT('',(2.991062643034,0.579197854944));
#4242 = CARTESIAN_POINT('',(2.989579013778,0.555797854064));
#4243 = CARTESIAN_POINT('',(2.985645292777,0.492697858256));
#4244 = CARTESIAN_POINT('',(2.983241870312,0.45299786028));
#4245 = CARTESIAN_POINT('',(2.98090528844,0.41329785796));
#4246 = CARTESIAN_POINT('',(2.975951316648,0.326797859637));
#4247 = CARTESIAN_POINT('',(2.973358427134,0.279997862049));
#4248 = CARTESIAN_POINT('',(2.970846508123,0.233197859238));
#4249 = CARTESIAN_POINT('',(2.965984451789,0.139798395566));
#4250 = CARTESIAN_POINT('',(2.96363365534,9.319893474815E-02));
#4251 = CARTESIAN_POINT('',(2.961352633358,4.659946946232E-02));
#4252 = CARTESIAN_POINT('',(2.959137030898,0.));
#4253 = ( GEOMETRIC_REPRESENTATION_CONTEXT(2) 
PARAMETRIC_REPRESENTATION_CONTEXT() REPRESENTATION_CONTEXT('2D SPACE',''
  ) );
#4254 = ORIENTED_EDGE('',*,*,#4255,.F.);
#4255 = EDGE_CURVE('',#4256,#4135,#4258,.T.);
#4256 = VERTEX_POINT('',#4257);
#4257 = CARTESIAN_POINT('',(290.51836487558,-141.5831529617,
    17.592611580455));
#4258 = SURFACE_CURVE('',#4259,(#4262,#4268),.PCURVE_S1.);
#4259 = B_SPLINE_CURVE_WITH_KNOTS('',1,(#4260,#4261),.UNSPECIFIED.,.F.,
  .F.,(2,2),(0.,1.),.PIECEWISE_BEZIER_KNOTS.);
#4260 = CARTESIAN_POINT('',(290.53574182547,-141.5624439192,
    17.554902204809));
#4261 = CARTESIAN_POINT('',(290.09354548931,-142.0894329915,
    18.514503737395));
#4262 = PCURVE('',#3052,#4263);
#4263 = DEFINITIONAL_REPRESENTATION('',(#4264),#4267);
#4264 = B_SPLINE_CURVE_WITH_KNOTS('',1,(#4265,#4266),.UNSPECIFIED.,.F.,
  .F.,(2,2),(0.,1.),.PIECEWISE_BEZIER_KNOTS.);
#4265 = CARTESIAN_POINT('',(1.897029840483,0.594774130486));
#4266 = CARTESIAN_POINT('',(0.863732723775,0.599093713045));
#4267 = ( GEOMETRIC_REPRESENTATION_CONTEXT(2) 
PARAMETRIC_REPRESENTATION_CONTEXT() REPRESENTATION_CONTEXT('2D SPACE',''
  ) );
#4268 = PCURVE('',#4269,#4274);
#4269 = PLANE('',#4270);
#4270 = AXIS2_PLACEMENT_3D('',#4271,#4272,#4273);
#4271 = CARTESIAN_POINT('',(292.14047281279,-139.65,16.534139929105));
#4272 = DIRECTION('',(-0.766044443119,0.642787609687,0.));
#4273 = DIRECTION('',(0.642787609687,0.766044443119,0.));
#4274 = DEFINITIONAL_REPRESENTATION('',(#4275),#4278);
#4275 = B_SPLINE_CURVE_WITH_KNOTS('',1,(#4276,#4277),.UNSPECIFIED.,.F.,
  .F.,(2,2),(0.,1.),.PIECEWISE_BEZIER_KNOTS.);
#4276 = CARTESIAN_POINT('',(-2.496518232673,-1.020762275703));
#4277 = CARTESIAN_POINT('',(-3.184453608994,-1.980363808289));
#4278 = ( GEOMETRIC_REPRESENTATION_CONTEXT(2) 
PARAMETRIC_REPRESENTATION_CONTEXT() REPRESENTATION_CONTEXT('2D SPACE',''
  ) );
#4279 = ORIENTED_EDGE('',*,*,#4280,.F.);
#4280 = EDGE_CURVE('',#4281,#4256,#4283,.T.);
#4281 = VERTEX_POINT('',#4282);
#4282 = CARTESIAN_POINT('',(292.15715735585,-125.9140351693,
    17.546669814972));
#4283 = SURFACE_CURVE('',#4284,(#4297,#4326),.PCURVE_S1.);
#4284 = B_SPLINE_CURVE_WITH_KNOTS('',6,(#4285,#4286,#4287,#4288,#4289,
    #4290,#4291,#4292,#4293,#4294,#4295,#4296),.UNSPECIFIED.,.F.,.F.,(7,
    5,7),(4.632337609603E-08,0.999999766552,1.856612595457),
  .UNSPECIFIED.);
#4285 = CARTESIAN_POINT('',(292.15715735585,-125.9140351693,
    17.546669814972));
#4286 = CARTESIAN_POINT('',(291.93260642115,-128.0610520055,
    17.552964856294));
#4287 = CARTESIAN_POINT('',(291.71042124405,-130.1854489341,
    17.559193576173));
#4288 = CARTESIAN_POINT('',(291.43918027726,-132.7788869135,
    17.566797521782));
#4289 = CARTESIAN_POINT('',(291.10499235372,-135.974184672,
    17.576166116889));
#4290 = CARTESIAN_POINT('',(290.79193684412,-138.9674273885,
    17.584942287745));
#4291 = CARTESIAN_POINT('',(290.70920982522,-139.7584118599,
    17.587261449779));
#4292 = CARTESIAN_POINT('',(290.67104083529,-140.1233600803,
    17.588331475914));
#4293 = CARTESIAN_POINT('',(290.63287184536,-140.4883083006,
    17.58940150205));
#4294 = CARTESIAN_POINT('',(290.59470285544,-140.853256521,
    17.590471528185));
#4295 = CARTESIAN_POINT('',(290.55653386551,-141.2182047413,
    17.59154155432));
#4296 = CARTESIAN_POINT('',(290.51836487558,-141.5831529617,
    17.592611580455));
#4297 = PCURVE('',#3052,#4298);
#4298 = DEFINITIONAL_REPRESENTATION('',(#4299),#4325);
#4299 = B_SPLINE_CURVE_WITH_KNOTS('',3,(#4300,#4301,#4302,#4303,#4304,
    #4305,#4306,#4307,#4308,#4309,#4310,#4311,#4312,#4313,#4314,#4315,
    #4316,#4317,#4318,#4319,#4320,#4321,#4322,#4323,#4324),
  .UNSPECIFIED.,.F.,.F.,(4,1,1,1,1,1,1,1,1,1,1,1,1,1,1,1,1,1,1,1,1,1,4),
  (4.632337609603E-08,8.439152582946E-02,0.168783005336,0.253174484842,
    0.337565964348,0.421957443854,0.50634892336,0.590740402866,
    0.675131882372,0.759523361878,0.843914841384,0.92830632089,
    1.012697800396,1.097089279902,1.181480759409,1.265872238915,
    1.350263718421,1.434655197927,1.519046677433,1.603438156939,
    1.687829636445,1.772221115951,1.856612595457),
  .QUASI_UNIFORM_KNOTS.);
#4300 = CARTESIAN_POINT('',(1.856424456055,0.466508484995));
#4301 = CARTESIAN_POINT('',(1.856424456055,0.46947287005));
#4302 = CARTESIAN_POINT('',(1.856424456055,0.475410606465));
#4303 = CARTESIAN_POINT('',(1.856424456055,0.484528036007));
#4304 = CARTESIAN_POINT('',(1.856424456055,0.494071606302));
#4305 = CARTESIAN_POINT('',(1.856424456054,0.504146768774));
#4306 = CARTESIAN_POINT('',(1.856424456054,0.514768317562));
#4307 = CARTESIAN_POINT('',(1.856424456054,0.52583573283));
#4308 = CARTESIAN_POINT('',(1.856424456054,0.537122921762));
#4309 = CARTESIAN_POINT('',(1.856424456055,0.548253636414));
#4310 = CARTESIAN_POINT('',(1.856424456055,0.558719190192));
#4311 = CARTESIAN_POINT('',(1.856424456055,0.567740706782));
#4312 = CARTESIAN_POINT('',(1.856424456055,0.574710344392));
#4313 = CARTESIAN_POINT('',(1.856424456055,0.577471490078));
#4314 = CARTESIAN_POINT('',(1.856424456055,0.578973658497));
#4315 = CARTESIAN_POINT('',(1.856424456055,0.580813168858));
#4316 = CARTESIAN_POINT('',(1.856424456055,0.582562288717));
#4317 = CARTESIAN_POINT('',(1.856424456055,0.584335628639));
#4318 = CARTESIAN_POINT('',(1.856424456055,0.586102478814));
#4319 = CARTESIAN_POINT('',(1.856424456055,0.587871067914));
#4320 = CARTESIAN_POINT('',(1.856424456055,0.589639191059));
#4321 = CARTESIAN_POINT('',(1.856424456055,0.5914074391));
#4322 = CARTESIAN_POINT('',(1.856424456055,0.593175653514));
#4323 = CARTESIAN_POINT('',(1.856424456055,0.594354469529));
#4324 = CARTESIAN_POINT('',(1.856424456055,0.594943876736));
#4325 = ( GEOMETRIC_REPRESENTATION_CONTEXT(2) 
PARAMETRIC_REPRESENTATION_CONTEXT() REPRESENTATION_CONTEXT('2D SPACE',''
  ) );
#4326 = PCURVE('',#4327,#4332);
#4327 = CYLINDRICAL_SURFACE('',#4328,1.760416666667);
#4328 = AXIS2_PLACEMENT_3D('',#4329,#4330,#4331);
#4329 = CARTESIAN_POINT('',(290.48464355826,-138.35,19.304378776983));
#4330 = DIRECTION('',(-0.104019604147,-0.994570972053,2.916076511733E-03
    ));
#4331 = DIRECTION('',(0.994575200748,-0.104020046415,-0.));
#4332 = DEFINITIONAL_REPRESENTATION('',(#4333),#4359);
#4333 = B_SPLINE_CURVE_WITH_KNOTS('',3,(#4334,#4335,#4336,#4337,#4338,
    #4339,#4340,#4341,#4342,#4343,#4344,#4345,#4346,#4347,#4348,#4349,
    #4350,#4351,#4352,#4353,#4354,#4355,#4356,#4357,#4358),
  .UNSPECIFIED.,.F.,.F.,(4,1,1,1,1,1,1,1,1,1,1,1,1,1,1,1,1,1,1,1,1,1,4),
  (4.632337609603E-08,8.439152582946E-02,0.168783005336,0.253174484842,
    0.337565964348,0.421957443854,0.50634892336,0.590740402866,
    0.675131882372,0.759523361878,0.843914841384,0.92830632089,
    1.012697800396,1.097089279902,1.181480759409,1.265872238915,
    1.350263718421,1.434655197927,1.519046677433,1.603438156939,
    1.687829636445,1.772221115951,1.856612595457),
  .QUASI_UNIFORM_KNOTS.);
#4334 = CARTESIAN_POINT('',(-7.64231161705,-12.54754946701));
#4335 = CARTESIAN_POINT('',(-7.64231161705,-12.18392033759));
#4336 = CARTESIAN_POINT('',(-7.64231161705,-11.45556221834));
#4337 = CARTESIAN_POINT('',(-7.64231161705,-10.33716399906));
#4338 = CARTESIAN_POINT('',(-7.642311617051,-9.166492816442));
#4339 = CARTESIAN_POINT('',(-7.642311617051,-7.930613370827));
#4340 = CARTESIAN_POINT('',(-7.642311617052,-6.627710924961));
#4341 = CARTESIAN_POINT('',(-7.642311617052,-5.270115840534));
#4342 = CARTESIAN_POINT('',(-7.642311617052,-3.885562009474));
#4343 = CARTESIAN_POINT('',(-7.642311617051,-2.520202245603));
#4344 = CARTESIAN_POINT('',(-7.642311617051,-1.236435076862));
#4345 = CARTESIAN_POINT('',(-7.64231161705,-0.129802111581));
#4346 = CARTESIAN_POINT('',(-7.64231161705,0.725135155252));
#4347 = CARTESIAN_POINT('',(-7.64231161705,1.063833732999));
#4348 = CARTESIAN_POINT('',(-7.64231161705,1.248098659499));
#4349 = CARTESIAN_POINT('',(-7.64231161705,1.473743958137));
#4350 = CARTESIAN_POINT('',(-7.64231161705,1.688301419471));
#4351 = CARTESIAN_POINT('',(-7.64231161705,1.905829857884));
#4352 = CARTESIAN_POINT('',(-7.64231161705,2.122562225286));
#4353 = CARTESIAN_POINT('',(-7.64231161705,2.339507899651));
#4354 = CARTESIAN_POINT('',(-7.64231161705,2.556396417177));
#4355 = CARTESIAN_POINT('',(-7.64231161705,2.773300255093));
#4356 = CARTESIAN_POINT('',(-7.64231161705,2.990199968289));
#4357 = CARTESIAN_POINT('',(-7.64231161705,3.134800562747));
#4358 = CARTESIAN_POINT('',(-7.64231161705,3.207100761769));
#4359 = ( GEOMETRIC_REPRESENTATION_CONTEXT(2) 
PARAMETRIC_REPRESENTATION_CONTEXT() REPRESENTATION_CONTEXT('2D SPACE',''
  ) );
#4360 = ORIENTED_EDGE('',*,*,#4361,.T.);
#4361 = EDGE_CURVE('',#4281,#4362,#4364,.T.);
#4362 = VERTEX_POINT('',#4363);
#4363 = CARTESIAN_POINT('',(291.99707398554,-125.896117303,
    17.947475796528));
#4364 = SURFACE_CURVE('',#4365,(#4368,#4374),.PCURVE_S1.);
#4365 = B_SPLINE_CURVE_WITH_KNOTS('',1,(#4366,#4367),.UNSPECIFIED.,.F.,
  .F.,(2,2),(0.,1.),.PIECEWISE_BEZIER_KNOTS.);
#4366 = CARTESIAN_POINT('',(292.17284985882,-125.9157916051,
    17.507379980905));
#4367 = CARTESIAN_POINT('',(291.78959132436,-125.8728941126,
    18.466956936357));
#4368 = PCURVE('',#3052,#4369);
#4369 = DEFINITIONAL_REPRESENTATION('',(#4370),#4373);
#4370 = B_SPLINE_CURVE_WITH_KNOTS('',1,(#4371,#4372),.UNSPECIFIED.,.F.,
  .F.,(2,2),(0.,1.),.PIECEWISE_BEZIER_KNOTS.);
#4371 = CARTESIAN_POINT('',(1.898805461434,0.46652288201));
#4372 = CARTESIAN_POINT('',(0.863732723775,0.466171263218));
#4373 = ( GEOMETRIC_REPRESENTATION_CONTEXT(2) 
PARAMETRIC_REPRESENTATION_CONTEXT() REPRESENTATION_CONTEXT('2D SPACE',''
  ) );
#4374 = PCURVE('',#4375,#4380);
#4375 = PLANE('',#4376);
#4376 = AXIS2_PLACEMENT_3D('',#4377,#4378,#4379);
#4377 = CARTESIAN_POINT('',(291.78983468682,-125.8705715297,
    19.267789162702));
#4378 = DIRECTION('',(-0.104019604147,-0.994570972053,2.916076511733E-03
    ));
#4379 = DIRECTION('',(-0.994575200748,0.104020046415,0.));
#4380 = DEFINITIONAL_REPRESENTATION('',(#4381),#4384);
#4381 = B_SPLINE_CURVE_WITH_KNOTS('',1,(#4382,#4383),.UNSPECIFIED.,.F.,
  .F.,(2,2),(0.,1.),.PIECEWISE_BEZIER_KNOTS.);
#4382 = CARTESIAN_POINT('',(-0.385641185925,1.760416666667));
#4383 = CARTESIAN_POINT('',(4.470893486541E-07,0.800835631306));
#4384 = ( GEOMETRIC_REPRESENTATION_CONTEXT(2) 
PARAMETRIC_REPRESENTATION_CONTEXT() REPRESENTATION_CONTEXT('2D SPACE',''
  ) );
#4385 = ORIENTED_EDGE('',*,*,#4386,.T.);
#4386 = EDGE_CURVE('',#4362,#4387,#4389,.T.);
#4387 = VERTEX_POINT('',#4388);
#4388 = CARTESIAN_POINT('',(294.00365799939,-106.9136853845,
    17.839197621744));
#4389 = SURFACE_CURVE('',#4390,(#4417,#4447),.PCURVE_S1.);
#4390 = B_SPLINE_CURVE_WITH_KNOTS('',4,(#4391,#4392,#4393,#4394,#4395,
    #4396,#4397,#4398,#4399,#4400,#4401,#4402,#4403,#4404,#4405,#4406,
    #4407,#4408,#4409,#4410,#4411,#4412,#4413,#4414,#4415,#4416),
  .UNSPECIFIED.,.F.,.F.,(5,3,3,3,3,3,3,3,5),(0.,9.320225421259E-02,
    0.186802332858,0.280402386281,0.374002416625,0.467602425792,
    0.626402397591,0.813602301883,1.),.UNSPECIFIED.);
#4391 = CARTESIAN_POINT('',(285.22042937005,-190.,18.314093197031));
#4392 = CARTESIAN_POINT('',(285.51504170673,-187.2132561976,
    18.298116020944));
#4393 = CARTESIAN_POINT('',(285.80965190473,-184.4265120954,
    18.282144215006));
#4394 = CARTESIAN_POINT('',(286.10426006112,-181.6397677076,
    18.266177535338));
#4395 = CARTESIAN_POINT('',(286.69472995945,-176.0543834473,
    18.23418586539));
#4396 = CARTESIAN_POINT('',(286.99059168474,-173.2557435725,
    18.218160916918));
#4397 = CARTESIAN_POINT('',(287.28645152479,-170.4571034352,
    18.202140701749));
#4398 = CARTESIAN_POINT('',(287.87816750944,-164.8598234126,
    18.170109353499));
#4399 = CARTESIAN_POINT('',(288.17402365411,-162.0611835272,
    18.154098220248));
#4400 = CARTESIAN_POINT('',(288.46987806839,-159.2625434019,
    18.138091431253));
#4401 = CARTESIAN_POINT('',(289.06158350128,-153.6652633818,
    18.106086198884));
#4402 = CARTESIAN_POINT('',(289.35743451994,-150.866623487,
    18.090087755368));
#4403 = CARTESIAN_POINT('',(289.65328394634,-148.0679833724,
    18.074093309094));
#4404 = CARTESIAN_POINT('',(290.24497967126,-142.4707033545,
    18.042112104224));
#4405 = CARTESIAN_POINT('',(290.54082596982,-139.6720634513,
    18.02612534551));
#4406 = CARTESIAN_POINT('',(290.83667079976,-136.8734233461,
    18.010142273465));
#4407 = CARTESIAN_POINT('',(291.6344364563,-129.3266638474,
    17.967052195082));
#4408 = CARTESIAN_POINT('',(292.13635462876,-124.5785440895,
    17.939951851236));
#4409 = CARTESIAN_POINT('',(292.63826900427,-119.8304238119,
    17.912861038169));
#4410 = CARTESIAN_POINT('',(293.7318528028,-109.4850240126,
    17.853853992754));
#4411 = CARTESIAN_POINT('',(294.32352083532,-103.887744301,
    17.82194125059));
#4412 = CARTESIAN_POINT('',(294.91518427785,-98.29046396486,
    17.79004002889));
#4413 = CARTESIAN_POINT('',(296.09596715949,-87.11988810972,
    17.726395758244));
#4414 = CARTESIAN_POINT('',(296.68508663596,-81.54659259587,
    17.694652615514));
#4415 = CARTESIAN_POINT('',(297.27420216478,-75.97329654769,
    17.662919380307));
#4416 = CARTESIAN_POINT('',(297.86331399525,-70.4,17.631195426684));
#4417 = PCURVE('',#3052,#4418);
#4418 = DEFINITIONAL_REPRESENTATION('',(#4419),#4446);
#4419 = B_SPLINE_CURVE_WITH_KNOTS('',4,(#4420,#4421,#4422,#4423,#4424,
    #4425,#4426,#4427,#4428,#4429,#4430,#4431,#4432,#4433,#4434,#4435,
    #4436,#4437,#4438,#4439,#4440,#4441,#4442,#4443,#4444,#4445),
  .UNSPECIFIED.,.F.,.F.,(5,3,3,3,3,3,3,3,5),(0.,9.320225421259E-02,
    0.186802332858,0.280402386281,0.374002416625,0.467602425792,
    0.626402397591,0.813602301883,1.),.UNSPECIFIED.);
#4420 = CARTESIAN_POINT('',(1.231388019361,0.991803278689));
#4421 = CARTESIAN_POINT('',(1.23980755649,0.968961116374));
#4422 = CARTESIAN_POINT('',(1.248221300777,0.946118951602));
#4423 = CARTESIAN_POINT('',(1.256629515303,0.923276784489));
#4424 = CARTESIAN_POINT('',(1.273471217784,0.877494946289));
#4425 = CARTESIAN_POINT('',(1.281904660641,0.854555275185));
#4426 = CARTESIAN_POINT('',(1.290332997638,0.831615601928));
#4427 = CARTESIAN_POINT('',(1.307179877079,0.78573625748));
#4428 = CARTESIAN_POINT('',(1.315598419706,0.762796586289));
#4429 = CARTESIAN_POINT('',(1.324012276146,0.739856913131));
#4430 = CARTESIAN_POINT('',(1.34083098871,0.693977568704));
#4431 = CARTESIAN_POINT('',(1.349235844988,0.671037897435));
#4432 = CARTESIAN_POINT('',(1.357636389407,0.648098224364));
#4433 = CARTESIAN_POINT('',(1.374429187485,0.602218879955));
#4434 = CARTESIAN_POINT('',(1.382821441273,0.579279208617));
#4435 = CARTESIAN_POINT('',(1.39120971822,0.556339535624));
#4436 = CARTESIAN_POINT('',(1.413819065608,0.494480851208));
#4437 = CARTESIAN_POINT('',(1.428032949168,0.455561836799));
#4438 = CARTESIAN_POINT('',(1.442236551808,0.416642818131));
#4439 = CARTESIAN_POINT('',(1.473162878973,0.33184445912));
#4440 = CARTESIAN_POINT('',(1.489881838613,0.285965117222));
#4441 = CARTESIAN_POINT('',(1.506588371058,0.240085770204));
#4442 = CARTESIAN_POINT('',(1.539906687312,0.148523673031));
#4443 = CARTESIAN_POINT('',(1.556518572286,0.102840922917));
#4444 = CARTESIAN_POINT('',(1.573119769965,5.715816842371E-02));
#4445 = CARTESIAN_POINT('',(1.589710955551,1.147540983607E-02));
#4446 = ( GEOMETRIC_REPRESENTATION_CONTEXT(2) 
PARAMETRIC_REPRESENTATION_CONTEXT() REPRESENTATION_CONTEXT('2D SPACE',''
  ) );
#4447 = PCURVE('',#4448,#4477);
#4448 = B_SPLINE_SURFACE_WITH_KNOTS('',13,1,(
    (#4449,#4450)
    ,(#4451,#4452)
    ,(#4453,#4454)
    ,(#4455,#4456)
    ,(#4457,#4458)
    ,(#4459,#4460)
    ,(#4461,#4462)
    ,(#4463,#4464)
    ,(#4465,#4466)
    ,(#4467,#4468)
    ,(#4469,#4470)
    ,(#4471,#4472)
    ,(#4473,#4474)
    ,(#4475,#4476
    )),.UNSPECIFIED.,.T.,.F.,.F.,(14,14),(2,2),(0.,6.28318530718),(0.,1.
    ),.PIECEWISE_BEZIER_KNOTS.);
#4449 = CARTESIAN_POINT('',(297.59135821248,-70.4,20.603983091432));
#4450 = CARTESIAN_POINT('',(285.08270372175,-190.,20.605816287289));
#4451 = CARTESIAN_POINT('',(298.31577725692,-70.39999999999,
    20.60398309143));
#4452 = CARTESIAN_POINT('',(285.63852396041,-189.9999999999,
    20.605816287288));
#4453 = CARTESIAN_POINT('',(299.04019659116,-70.40000000002,
    20.224676085388));
#4454 = CARTESIAN_POINT('',(286.19434442163,-190.0000000001,
    20.314787893904));
#4455 = CARTESIAN_POINT('',(299.54795412979,-70.39999999992,
    19.466084655182));
#4456 = CARTESIAN_POINT('',(286.58392821036,-189.9999999996,
    19.732748433391));
#4457 = CARTESIAN_POINT('',(299.62241466442,-70.40000000014,
    18.464216879548));
#4458 = CARTESIAN_POINT('',(286.64105905644,-190.0000000007,
    18.964051930342));
#4459 = CARTESIAN_POINT('',(299.14185434531,-70.39999999979,
    17.491773718957));
#4460 = CARTESIAN_POINT('',(286.27234269725,-189.9999999989,
    18.217931858281));
#4461 = CARTESIAN_POINT('',(298.1750753663,-70.40000000021,
    16.881330772054));
#4462 = CARTESIAN_POINT('',(285.53056854691,-190.0000000012,
    17.749561310786));
#4463 = CARTESIAN_POINT('',(297.00764105872,-70.39999999982,
    16.881330771919));
#4464 = CARTESIAN_POINT('',(284.63483889673,-189.9999999987,
    17.749561310676));
#4465 = CARTESIAN_POINT('',(296.04086207955,-70.40000000011,
    17.491773719065));
#4466 = CARTESIAN_POINT('',(283.89306474591,-190.0000000009,
    18.217931858368));
#4467 = CARTESIAN_POINT('',(295.56030176064,-70.39999999994,
    18.46421687948));
#4468 = CARTESIAN_POINT('',(283.52434838738,-189.9999999994,
    18.964051930288));
#4469 = CARTESIAN_POINT('',(295.63476229512,-70.40000000002,
    19.466084655215));
#4470 = CARTESIAN_POINT('',(283.58147923292,-190.0000000002,
    19.732748433416));
#4471 = CARTESIAN_POINT('',(296.14251983383,-70.39999999999,
    20.224676085376));
#4472 = CARTESIAN_POINT('',(283.97106302195,-189.9999999999,
    20.314787893895));
#4473 = CARTESIAN_POINT('',(296.86693916804,-70.4,20.603983091433));
#4474 = CARTESIAN_POINT('',(284.52688348306,-190.,20.60581628729));
#4475 = CARTESIAN_POINT('',(297.59135821248,-70.4,20.603983091432));
#4476 = CARTESIAN_POINT('',(285.08270372175,-190.,20.605816287289));
#4477 = DEFINITIONAL_REPRESENTATION('',(#4478),#4505);
#4478 = B_SPLINE_CURVE_WITH_KNOTS('',4,(#4479,#4480,#4481,#4482,#4483,
    #4484,#4485,#4486,#4487,#4488,#4489,#4490,#4491,#4492,#4493,#4494,
    #4495,#4496,#4497,#4498,#4499,#4500,#4501,#4502,#4503,#4504),
  .UNSPECIFIED.,.F.,.F.,(5,3,3,3,3,3,3,3,5),(0.,9.320225421259E-02,
    0.186802332858,0.280402386281,0.374002416625,0.467602425792,
    0.626402397591,0.813602301883,1.),.UNSPECIFIED.);
#4479 = CARTESIAN_POINT('',(3.021543070101,1.));
#4480 = CARTESIAN_POINT('',(3.019633156269,0.976699466536));
#4481 = CARTESIAN_POINT('',(3.01776055301,0.953398930564));
#4482 = CARTESIAN_POINT('',(3.015923602779,0.930098392204));
#4483 = CARTESIAN_POINT('',(3.012310368639,0.883397854911));
#4484 = CARTESIAN_POINT('',(3.010534375858,0.859997855957));
#4485 = CARTESIAN_POINT('',(3.008791363174,0.83659785481));
#4486 = CARTESIAN_POINT('',(3.005368640071,0.78979785462));
#4487 = CARTESIAN_POINT('',(3.003688928548,0.766397855579));
#4488 = CARTESIAN_POINT('',(3.00203953734,0.742997854531));
#4489 = CARTESIAN_POINT('',(2.998799018491,0.696197854364));
#4490 = CARTESIAN_POINT('',(2.997207889921,0.672797855243));
#4491 = CARTESIAN_POINT('',(2.995644703039,0.649397854284));
#4492 = CARTESIAN_POINT('',(2.992572079989,0.602597854135));
#4493 = CARTESIAN_POINT('',(2.991062643034,0.579197854944));
#4494 = CARTESIAN_POINT('',(2.989579013778,0.555797854064));
#4495 = CARTESIAN_POINT('',(2.985645292777,0.492697858256));
#4496 = CARTESIAN_POINT('',(2.983241870312,0.45299786028));
#4497 = CARTESIAN_POINT('',(2.98090528844,0.41329785796));
#4498 = CARTESIAN_POINT('',(2.975951316648,0.326797859637));
#4499 = CARTESIAN_POINT('',(2.973358427134,0.279997862049));
#4500 = CARTESIAN_POINT('',(2.970846508123,0.233197859238));
#4501 = CARTESIAN_POINT('',(2.965984451789,0.139798395566));
#4502 = CARTESIAN_POINT('',(2.96363365534,9.319893474815E-02));
#4503 = CARTESIAN_POINT('',(2.961352633358,4.659946946232E-02));
#4504 = CARTESIAN_POINT('',(2.959137030898,0.));
#4505 = ( GEOMETRIC_REPRESENTATION_CONTEXT(2) 
PARAMETRIC_REPRESENTATION_CONTEXT() REPRESENTATION_CONTEXT('2D SPACE',''
  ) );
#4506 = ORIENTED_EDGE('',*,*,#4507,.F.);
#4507 = EDGE_CURVE('',#4508,#4387,#4510,.T.);
#4508 = VERTEX_POINT('',#4509);
#4509 = CARTESIAN_POINT('',(294.20871991077,-106.6693021149,
    17.394196819279));
#4510 = SURFACE_CURVE('',#4511,(#4514,#4520),.PCURVE_S1.);
#4511 = B_SPLINE_CURVE_WITH_KNOTS('',1,(#4512,#4513),.UNSPECIFIED.,.F.,
  .F.,(2,2),(0.,1.),.PIECEWISE_BEZIER_KNOTS.);
#4512 = CARTESIAN_POINT('',(294.22880748389,-106.6453626775,
    17.350605173724));
#4513 = CARTESIAN_POINT('',(293.73956923783,-107.2284141149,
    18.412291425576));
#4514 = PCURVE('',#3052,#4515);
#4515 = DEFINITIONAL_REPRESENTATION('',(#4516),#4519);
#4516 = B_SPLINE_CURVE_WITH_KNOTS('',1,(#4517,#4518),.UNSPECIFIED.,.F.,
  .F.,(2,2),(0.,1.),.PIECEWISE_BEZIER_KNOTS.);
#4517 = CARTESIAN_POINT('',(2.006954473256,0.308568546537));
#4518 = CARTESIAN_POINT('',(0.863732723775,0.31334765668));
#4519 = ( GEOMETRIC_REPRESENTATION_CONTEXT(2) 
PARAMETRIC_REPRESENTATION_CONTEXT() REPRESENTATION_CONTEXT('2D SPACE',''
  ) );
#4520 = PCURVE('',#1109,#4521);
#4521 = DEFINITIONAL_REPRESENTATION('',(#4522),#4525);
#4522 = B_SPLINE_CURVE_WITH_KNOTS('',1,(#4523,#4524),.UNSPECIFIED.,.F.,
  .F.,(2,2),(0.,1.),.PIECEWISE_BEZIER_KNOTS.);
#4523 = CARTESIAN_POINT('',(-2.604760984106,-1.021168381645));
#4524 = CARTESIAN_POINT('',(-3.365880580523,-2.082854633497));
#4525 = ( GEOMETRIC_REPRESENTATION_CONTEXT(2) 
PARAMETRIC_REPRESENTATION_CONTEXT() REPRESENTATION_CONTEXT('2D SPACE',''
  ) );
#4526 = ORIENTED_EDGE('',*,*,#4527,.T.);
#4527 = EDGE_CURVE('',#4508,#3015,#4528,.T.);
#4528 = SURFACE_CURVE('',#4529,(#4542,#4571),.PCURVE_S1.);
#4529 = B_SPLINE_CURVE_WITH_KNOTS('',6,(#4530,#4531,#4532,#4533,#4534,
    #4535,#4536,#4537,#4538,#4539,#4540,#4541),.UNSPECIFIED.,.F.,.F.,(7,
    5,7),(0.120760011021,0.469009597608,1.918976648592),.UNSPECIFIED.);
#4530 = CARTESIAN_POINT('',(294.20871991077,-106.6693021149,
    17.394196819279));
#4531 = CARTESIAN_POINT('',(294.24831575103,-106.2907112362,
    17.393086792946));
#4532 = CARTESIAN_POINT('',(294.28791159129,-105.9121203576,
    17.391976766613));
#4533 = CARTESIAN_POINT('',(294.32750743154,-105.5335294789,
    17.39086674028));
#4534 = CARTESIAN_POINT('',(294.3671032718,-105.1549386002,
    17.389756713947));
#4535 = CARTESIAN_POINT('',(294.40669911206,-104.7763477215,
    17.388646687614));
#4536 = CARTESIAN_POINT('',(294.61115563252,-102.8214612175,
    17.382914971349));
#4537 = CARTESIAN_POINT('',(294.931008954,-99.76322203793,
    17.373948231228));
#4538 = CARTESIAN_POINT('',(295.29626709625,-96.2708501092,
    17.363708616306));
#4539 = CARTESIAN_POINT('',(295.61851722196,-93.18969413501,
    17.354674684289));
#4540 = CARTESIAN_POINT('',(295.82761170656,-91.19046339359,
    17.34881295593));
#4541 = CARTESIAN_POINT('',(295.86879740714,-90.79667019337,
    17.347658351511));
#4542 = PCURVE('',#3052,#4543);
#4543 = DEFINITIONAL_REPRESENTATION('',(#4544),#4570);
#4544 = B_SPLINE_CURVE_WITH_KNOTS('',3,(#4545,#4546,#4547,#4548,#4549,
    #4550,#4551,#4552,#4553,#4554,#4555,#4556,#4557,#4558,#4559,#4560,
    #4561,#4562,#4563,#4564,#4565,#4566,#4567,#4568,#4569),
  .UNSPECIFIED.,.F.,.F.,(4,1,1,1,1,1,1,1,1,1,1,1,1,1,1,1,1,1,1,1,1,1,4),
  (0.120760011021,0.202497130911,0.2842342508,0.36597137069,
    0.447708490579,0.529445610469,0.611182730359,0.692919850248,
    0.774656970138,0.856394090027,0.938131209917,1.019868329807,
    1.101605449696,1.183342569586,1.265079689475,1.346816809365,
    1.428553929255,1.510291049144,1.592028169034,1.673765288923,
    1.755502408813,1.837239528702,1.918976648592),
  .QUASI_UNIFORM_KNOTS.);
#4545 = CARTESIAN_POINT('',(1.960015071708,0.308764771434));
#4546 = CARTESIAN_POINT('',(1.960015071708,0.307308075082));
#4547 = CARTESIAN_POINT('',(1.960015071708,0.304394143263));
#4548 = CARTESIAN_POINT('',(1.960015071708,0.300026480229));
#4549 = CARTESIAN_POINT('',(1.960015071708,0.29564749576));
#4550 = CARTESIAN_POINT('',(1.960015071708,0.291310562338));
#4551 = CARTESIAN_POINT('',(1.960015071708,0.286816746164));
#4552 = CARTESIAN_POINT('',(1.960015071708,0.281083307844));
#4553 = CARTESIAN_POINT('',(1.960015071712,0.274562566069));
#4554 = CARTESIAN_POINT('',(1.960015071744,0.26735215093));
#4555 = CARTESIAN_POINT('',(1.960015071848,0.259637380863));
#4556 = CARTESIAN_POINT('',(1.960015072092,0.251572846338));
#4557 = CARTESIAN_POINT('',(1.960015072564,0.24331425757));
#4558 = CARTESIAN_POINT('',(1.960015073353,0.235010029001));
#4559 = CARTESIAN_POINT('',(1.960015074542,0.226803652214));
#4560 = CARTESIAN_POINT('',(1.960015076178,0.218833177932));
#4561 = CARTESIAN_POINT('',(1.960015078249,0.211231472797));
#4562 = CARTESIAN_POINT('',(1.960015080646,0.204126267531));
#4563 = CARTESIAN_POINT('',(1.960015083129,0.197640264355));
#4564 = CARTESIAN_POINT('',(1.960015085276,0.191891215537));
#4565 = CARTESIAN_POINT('',(1.960015086442,0.186992057766));
#4566 = CARTESIAN_POINT('',(1.960015085681,0.183050851649));
#4567 = CARTESIAN_POINT('',(1.960015081751,0.180171444448));
#4568 = CARTESIAN_POINT('',(1.960015075796,0.179024771025));
#4569 = CARTESIAN_POINT('',(1.960015071708,0.178661231093));
#4570 = ( GEOMETRIC_REPRESENTATION_CONTEXT(2) 
PARAMETRIC_REPRESENTATION_CONTEXT() REPRESENTATION_CONTEXT('2D SPACE',''
  ) );
#4571 = PCURVE('',#1037,#4572);
#4572 = DEFINITIONAL_REPRESENTATION('',(#4573),#4599);
#4573 = B_SPLINE_CURVE_WITH_KNOTS('',3,(#4574,#4575,#4576,#4577,#4578,
    #4579,#4580,#4581,#4582,#4583,#4584,#4585,#4586,#4587,#4588,#4589,
    #4590,#4591,#4592,#4593,#4594,#4595,#4596,#4597,#4598),
  .UNSPECIFIED.,.F.,.F.,(4,1,1,1,1,1,1,1,1,1,1,1,1,1,1,1,1,1,1,1,1,1,4),
  (0.120760011021,0.202497130911,0.2842342508,0.36597137069,
    0.447708490579,0.529445610469,0.611182730359,0.692919850248,
    0.774656970138,0.856394090027,0.938131209917,1.019868329807,
    1.101605449696,1.183342569586,1.265079689475,1.346816809365,
    1.428553929255,1.510291049144,1.592028169034,1.673765288923,
    1.755502408813,1.837239528702,1.918976648592),
  .QUASI_UNIFORM_KNOTS.);
#4574 = CARTESIAN_POINT('',(-7.632884646986,3.289403535769));
#4575 = CARTESIAN_POINT('',(-7.632884646986,3.110716483855));
#4576 = CARTESIAN_POINT('',(-7.632884646986,2.75327624885));
#4577 = CARTESIAN_POINT('',(-7.632884646986,2.217512683414));
#4578 = CARTESIAN_POINT('',(-7.632884646986,1.680360363225));
#4579 = CARTESIAN_POINT('',(-7.632884646986,1.148366274974));
#4580 = CARTESIAN_POINT('',(-7.632884646986,0.597128013726));
#4581 = CARTESIAN_POINT('',(-7.632884646986,-0.10616968416));
#4582 = CARTESIAN_POINT('',(-7.632884646979,-0.906042713727));
#4583 = CARTESIAN_POINT('',(-7.632884646926,-1.790515186384));
#4584 = CARTESIAN_POINT('',(-7.632884646755,-2.736854839084));
#4585 = CARTESIAN_POINT('',(-7.632884646356,-3.726098683601));
#4586 = CARTESIAN_POINT('',(-7.632884645591,-4.739146377566));
#4587 = CARTESIAN_POINT('',(-7.632884644315,-5.757792521351));
#4588 = CARTESIAN_POINT('',(-7.6328846424,-6.764435582777));
#4589 = CARTESIAN_POINT('',(-7.632884639771,-7.742141437681));
#4590 = CARTESIAN_POINT('',(-7.632884636451,-8.674611872189));
#4591 = CARTESIAN_POINT('',(-7.632884632616,-9.546178675319));
#4592 = CARTESIAN_POINT('',(-7.632884628651,-10.34179046151));
#4593 = CARTESIAN_POINT('',(-7.632884625231,-11.04700303612));
#4594 = CARTESIAN_POINT('',(-7.632884623388,-11.64796291221));
#4595 = CARTESIAN_POINT('',(-7.632884624628,-12.13141473193));
#4596 = CARTESIAN_POINT('',(-7.632884630932,-12.48461997145));
#4597 = CARTESIAN_POINT('',(-7.632884640454,-12.62527776387));
#4598 = CARTESIAN_POINT('',(-7.632884646986,-12.66987173728));
#4599 = ( GEOMETRIC_REPRESENTATION_CONTEXT(2) 
PARAMETRIC_REPRESENTATION_CONTEXT() REPRESENTATION_CONTEXT('2D SPACE',''
  ) );
#4600 = ORIENTED_EDGE('',*,*,#3038,.T.);
#4601 = ORIENTED_EDGE('',*,*,#3701,.T.);
#4602 = ORIENTED_EDGE('',*,*,#4603,.F.);
#4603 = EDGE_CURVE('',#3797,#3500,#4604,.T.);
#4604 = SURFACE_CURVE('',#4605,(#4608,#4614),.PCURVE_S1.);
#4605 = B_SPLINE_CURVE_WITH_KNOTS('',1,(#4606,#4607),.UNSPECIFIED.,.F.,
  .F.,(2,2),(0.,1.),.PIECEWISE_BEZIER_KNOTS.);
#4606 = CARTESIAN_POINT('',(296.75222139251,-82.90188659034,
    17.181626603786));
#4607 = CARTESIAN_POINT('',(296.28923762264,-82.85006558433,
    18.340814244417));
#4608 = PCURVE('',#3052,#4609);
#4609 = DEFINITIONAL_REPRESENTATION('',(#4610),#4613);
#4610 = B_SPLINE_CURVE_WITH_KNOTS('',1,(#4611,#4612),.UNSPECIFIED.,.F.,
  .F.,(2,2),(0.,1.),.PIECEWISE_BEZIER_KNOTS.);
#4611 = CARTESIAN_POINT('',(2.11412073886,0.113949890085));
#4612 = CARTESIAN_POINT('',(0.863732723775,0.11352512774));
#4613 = ( GEOMETRIC_REPRESENTATION_CONTEXT(2) 
PARAMETRIC_REPRESENTATION_CONTEXT() REPRESENTATION_CONTEXT('2D SPACE',''
  ) );
#4614 = PCURVE('',#879,#4615);
#4615 = DEFINITIONAL_REPRESENTATION('',(#4616),#4619);
#4616 = B_SPLINE_CURVE_WITH_KNOTS('',1,(#4617,#4618),.UNSPECIFIED.,.F.,
  .F.,(2,2),(0.,1.),.PIECEWISE_BEZIER_KNOTS.);
#4617 = CARTESIAN_POINT('',(-0.465862152219,1.960028200547));
#4618 = CARTESIAN_POINT('',(4.470892918107E-07,0.800835631306));
#4619 = ( GEOMETRIC_REPRESENTATION_CONTEXT(2) 
PARAMETRIC_REPRESENTATION_CONTEXT() REPRESENTATION_CONTEXT('2D SPACE',''
  ) );
#4620 = ADVANCED_FACE('',(#4621),#4448,.F.);
#4621 = FACE_BOUND('',#4622,.F.);
#4622 = EDGE_LOOP('',(#4623,#4838,#4889,#5087));
#4623 = ORIENTED_EDGE('',*,*,#4624,.F.);
#4624 = EDGE_CURVE('',#4625,#4387,#4627,.T.);
#4625 = VERTEX_POINT('',#4626);
#4626 = CARTESIAN_POINT('',(293.73956975136,-107.2284135029,
    20.60454758721));
#4627 = SURFACE_CURVE('',#4628,(#4696,#4767),.PCURVE_S1.);
#4628 = B_SPLINE_CURVE_WITH_KNOTS('',6,(#4629,#4630,#4631,#4632,#4633,
    #4634,#4635,#4636,#4637,#4638,#4639,#4640,#4641,#4642,#4643,#4644,
    #4645,#4646,#4647,#4648,#4649,#4650,#4651,#4652,#4653,#4654,#4655,
    #4656,#4657,#4658,#4659,#4660,#4661,#4662,#4663,#4664,#4665,#4666,
    #4667,#4668,#4669,#4670,#4671,#4672,#4673,#4674,#4675,#4676,#4677,
    #4678,#4679,#4680,#4681,#4682,#4683,#4684,#4685,#4686,#4687,#4688,
    #4689,#4690,#4691,#4692,#4693,#4694,#4695),.UNSPECIFIED.,.F.,.F.,(7,
    5,5,5,5,5,5,5,5,5,5,5,5,7),(0.,0.139793642945,0.267545351452,
    0.341165795913,0.392306785551,0.41801208937,0.469055526833,
    0.520471709797,0.546186849404,0.59735284284,0.671010825107,
    0.798810127046,0.939815759693,1.),.UNSPECIFIED.);
#4629 = CARTESIAN_POINT('',(293.73956975136,-107.2284135029,
    20.60454758721));
#4630 = CARTESIAN_POINT('',(293.6369180806,-107.3507490003,
    20.604549462335));
#4631 = CARTESIAN_POINT('',(293.53429107784,-107.4730550995,
    20.597587689394));
#4632 = CARTESIAN_POINT('',(293.43197425039,-107.5949915462,
    20.583661318227));
#4633 = CARTESIAN_POINT('',(293.33030181934,-107.7161600312,
    20.562634257981));
#4634 = CARTESIAN_POINT('',(293.22966295203,-107.8360967628,
    20.53428325857));
#4635 = CARTESIAN_POINT('',(293.03994491874,-108.0621939106,
    20.465221470615));
#4636 = CARTESIAN_POINT('',(292.95066707532,-108.1685911012,
    20.425803407427));
#4637 = CARTESIAN_POINT('',(292.86301604716,-108.2730495289,
    20.379629430081));
#4638 = CARTESIAN_POINT('',(292.77751983534,-108.3749399465,
    20.32627135226));
#4639 = CARTESIAN_POINT('',(292.69490532144,-108.4733960903,
    20.265261914748));
#4640 = CARTESIAN_POINT('',(292.57084114304,-108.6212500206,
    20.15598773546));
#4641 = CARTESIAN_POINT('',(292.52679979466,-108.6737364557,
    20.113292145375));
#4642 = CARTESIAN_POINT('',(292.48427153865,-108.7244196576,
    20.067729596709));
#4643 = CARTESIAN_POINT('',(292.44352574524,-108.7729786033,
    20.019190948447));
#4644 = CARTESIAN_POINT('',(292.4048991589,-108.8190119764,
    19.96759389491));
#4645 = CARTESIAN_POINT('',(292.34370858494,-108.8919360627,
    19.87490239945));
#4646 = CARTESIAN_POINT('',(292.31984527745,-108.9203752451,
    19.835417414665));
#4647 = CARTESIAN_POINT('',(292.29733668387,-108.9471999424,
    19.79443435511));
#4648 = CARTESIAN_POINT('',(292.2763426616,-108.9722196439,
    19.751969004192));
#4649 = CARTESIAN_POINT('',(292.25703647641,-108.9952278594,
    19.708071707048));
#4650 = CARTESIAN_POINT('',(292.2308263799,-109.0264638361,
    19.640101707202));
#4651 = CARTESIAN_POINT('',(292.22253002022,-109.0363510526,
    19.61702851857));
#4652 = CARTESIAN_POINT('',(292.2147270636,-109.0456502541,
    19.593631200291));
#4653 = CARTESIAN_POINT('',(292.2074399734,-109.0543346701,
    19.569925890964));
#4654 = CARTESIAN_POINT('',(292.20069048232,-109.0623784003,
    19.545932371035));
#4655 = CARTESIAN_POINT('',(292.18220390403,-109.0844098464,
    19.473505153738));
#4656 = CARTESIAN_POINT('',(292.17210599064,-109.096444071,
    19.424283117337));
#4657 = CARTESIAN_POINT('',(292.16436905138,-109.1056645961,
    19.374212098841));
#4658 = CARTESIAN_POINT('',(292.15912182755,-109.111917994,
    19.323534519309));
#4659 = CARTESIAN_POINT('',(292.15643837425,-109.1151160091,
    19.272531394073));
#4660 = CARTESIAN_POINT('',(292.1561979815,-109.115402498,
    19.170140605466));
#4661 = CARTESIAN_POINT('',(292.15867858514,-109.1124462297,
    19.118736103921));
#4662 = CARTESIAN_POINT('',(292.16376229976,-109.1063876945,
    19.067635520254));
#4663 = CARTESIAN_POINT('',(292.17137444003,-109.097315899,
    19.017126749461));
#4664 = CARTESIAN_POINT('',(292.18138394506,-109.0853870355,
    18.967458484669));
#4665 = CARTESIAN_POINT('',(292.19974504787,-109.0635051252,
    18.894523939802));
#4666 = CARTESIAN_POINT('',(292.20642501358,-109.0555442521,
    18.870467886619));
#4667 = CARTESIAN_POINT('',(292.21364326552,-109.0469418744,
    18.846695672617));
#4668 = CARTESIAN_POINT('',(292.22137809795,-109.0377238601,
    18.823227199616));
#4669 = CARTESIAN_POINT('',(292.22960707651,-109.0279169453,
    18.800078734786));
#4670 = CARTESIAN_POINT('',(292.25561989148,-108.9969160796,
    18.73186694005));
#4671 = CARTESIAN_POINT('',(292.2747988654,-108.9740594685,
    18.687791619321));
#4672 = CARTESIAN_POINT('',(292.29566932016,-108.9491870291,
    18.645133781841));
#4673 = CARTESIAN_POINT('',(292.31805816939,-108.9225050376,
    18.603944922146));
#4674 = CARTESIAN_POINT('',(292.34180571409,-108.8942038159,
    18.564241959661));
#4675 = CARTESIAN_POINT('',(292.40272462997,-108.821603479,
    18.470990257761));
#4676 = CARTESIAN_POINT('',(292.44119985009,-108.7757504972,
    18.419039193474));
#4677 = CARTESIAN_POINT('',(292.48180313268,-108.7273613893,
    18.370126605813));
#4678 = CARTESIAN_POINT('',(292.52419788324,-108.676837293,
    18.324173015191));
#4679 = CARTESIAN_POINT('',(292.56811475618,-108.6244992019,
    18.281071719884));
#4680 = CARTESIAN_POINT('',(292.69185197713,-108.4770349243,
    18.170662466846));
#4681 = CARTESIAN_POINT('',(292.77428106312,-108.378799765,
    18.108896067433));
#4682 = CARTESIAN_POINT('',(292.85961723446,-108.2771000762,
    18.054750929445));
#4683 = CARTESIAN_POINT('',(292.94713318283,-108.1728026303,
    18.007767499106));
#4684 = CARTESIAN_POINT('',(293.03630009926,-108.0665376373,
    17.967523595346));
#4685 = CARTESIAN_POINT('',(293.22665577929,-107.8396805718,
    17.896399421383));
#4686 = CARTESIAN_POINT('',(293.32807330292,-107.7188158736,
    17.866938636439));
#4687 = CARTESIAN_POINT('',(293.43056513782,-107.5966708612,
    17.844911544924));
#4688 = CARTESIAN_POINT('',(293.5337325211,-107.4737207615,
    17.830095904589));
#4689 = CARTESIAN_POINT('',(293.63723293315,-107.3503737736,
    17.822358399839));
#4690 = CARTESIAN_POINT('',(293.78496729435,-107.1743108179,
    17.821426625994));
#4691 = CARTESIAN_POINT('',(293.82916492152,-107.1216381369,
    17.822438535105));
#4692 = CARTESIAN_POINT('',(293.87334184885,-107.0689901251,
    17.824741142678));
#4693 = CARTESIAN_POINT('',(293.91747244631,-107.016397327,
    17.828338622595));
#4694 = CARTESIAN_POINT('',(293.9615303025,-106.9638912186,
    17.833239265488));
#4695 = CARTESIAN_POINT('',(294.00548822461,-106.911504207,
    17.839455478741));
#4696 = PCURVE('',#4448,#4697);
#4697 = DEFINITIONAL_REPRESENTATION('',(#4698),#4766);
#4698 = B_SPLINE_CURVE_WITH_KNOTS('',6,(#4699,#4700,#4701,#4702,#4703,
    #4704,#4705,#4706,#4707,#4708,#4709,#4710,#4711,#4712,#4713,#4714,
    #4715,#4716,#4717,#4718,#4719,#4720,#4721,#4722,#4723,#4724,#4725,
    #4726,#4727,#4728,#4729,#4730,#4731,#4732,#4733,#4734,#4735,#4736,
    #4737,#4738,#4739,#4740,#4741,#4742,#4743,#4744,#4745,#4746,#4747,
    #4748,#4749,#4750,#4751,#4752,#4753,#4754,#4755,#4756,#4757,#4758,
    #4759,#4760,#4761,#4762,#4763,#4764,#4765),.UNSPECIFIED.,.F.,.F.,(7,
    5,5,5,5,5,5,5,5,5,5,5,5,7),(0.,0.139793642945,0.267545351452,
    0.341165795913,0.392306785551,0.41801208937,0.469055526833,
    0.520471709797,0.546186849404,0.59735284284,0.671010825107,
    0.798810127046,0.939815759693,1.),.UNSPECIFIED.);
#4699 = CARTESIAN_POINT('',(6.28318530718,0.307929878787));
#4700 = CARTESIAN_POINT('',(6.218605882418,0.308952750839));
#4701 = CARTESIAN_POINT('',(6.154002024225,0.309975377087));
#4702 = CARTESIAN_POINT('',(6.08906996085,0.310994912594));
#4703 = CARTESIAN_POINT('',(6.023529298431,0.312008027017));
#4704 = CARTESIAN_POINT('',(5.957086351385,0.313010842499));
#4705 = CARTESIAN_POINT('',(5.827443324183,0.314901286878));
#4706 = CARTESIAN_POINT('',(5.764490591041,0.315790895496));
#4707 = CARTESIAN_POINT('',(5.700161229565,0.316664293721));
#4708 = CARTESIAN_POINT('',(5.634137748912,0.317516220289));
#4709 = CARTESIAN_POINT('',(5.566090483767,0.318339432193));
#4710 = CARTESIAN_POINT('',(5.454834836762,0.319575669069));
#4711 = CARTESIAN_POINT('',(5.413334909216,0.320014518861));
#4712 = CARTESIAN_POINT('',(5.370914758015,0.320438291452));
#4713 = CARTESIAN_POINT('',(5.327493562497,0.320844302704));
#4714 = CARTESIAN_POINT('',(5.282999232988,0.321229197127));
#4715 = CARTESIAN_POINT('',(5.205661913596,0.321838930291));
#4716 = CARTESIAN_POINT('',(5.173414431159,0.322076716097));
#4717 = CARTESIAN_POINT('',(5.140602096698,0.322301002863));
#4718 = CARTESIAN_POINT('',(5.107218187607,0.322510197692));
#4719 = CARTESIAN_POINT('',(5.073271434511,0.322702574076));
#4720 = CARTESIAN_POINT('',(5.02145758968,0.322963744449));
#4721 = CARTESIAN_POINT('',(5.003990987049,0.323046413483));
#4722 = CARTESIAN_POINT('',(4.986393786894,0.323124166005));
#4723 = CARTESIAN_POINT('',(4.968671585413,0.323196778178));
#4724 = CARTESIAN_POINT('',(4.950831703865,0.323264033448));
#4725 = CARTESIAN_POINT('',(4.897243294191,0.323448242863));
#4726 = CARTESIAN_POINT('',(4.861168117706,0.32354886347));
#4727 = CARTESIAN_POINT('',(4.824744364218,0.323625958162));
#4728 = CARTESIAN_POINT('',(4.788069206074,0.323678244097));
#4729 = CARTESIAN_POINT('',(4.751258088957,0.323704983354));
#4730 = CARTESIAN_POINT('',(4.677377701139,0.323707378746));
#4731 = CARTESIAN_POINT('',(4.640296675743,0.323682660784));
#4732 = CARTESIAN_POINT('',(4.603353732973,0.323632004135));
#4733 = CARTESIAN_POINT('',(4.566666783896,0.323556153002));
#4734 = CARTESIAN_POINT('',(4.530334917518,0.32345641334));
#4735 = CARTESIAN_POINT('',(4.476496913041,0.323273454225));
#4736 = CARTESIAN_POINT('',(4.458656487153,0.32320689174));
#4737 = CARTESIAN_POINT('',(4.440934167802,0.323134965505));
#4738 = CARTESIAN_POINT('',(4.423337226187,0.323057891807));
#4739 = CARTESIAN_POINT('',(4.405871208764,0.322975894192));
#4740 = CARTESIAN_POINT('',(4.354056278383,0.322716689629));
#4741 = CARTESIAN_POINT('',(4.320108799273,0.322525580841));
#4742 = CARTESIAN_POINT('',(4.286724997756,0.3223176173));
#4743 = CARTESIAN_POINT('',(4.253913305407,0.322094523726));
#4744 = CARTESIAN_POINT('',(4.22166676429,0.321857891437));
#4745 = CARTESIAN_POINT('',(4.144331034315,0.32125086521));
#4746 = CARTESIAN_POINT('',(4.099837516223,0.320867479074));
#4747 = CARTESIAN_POINT('',(4.056416905644,0.320462887871));
#4748 = CARTESIAN_POINT('',(4.013996826013,0.320040445594));
#4749 = CARTESIAN_POINT('',(3.972496309291,0.319602836137));
#4750 = CARTESIAN_POINT('',(3.861246731421,0.318369857227));
#4751 = CARTESIAN_POINT('',(3.7932038434,0.317548493018));
#4752 = CARTESIAN_POINT('',(3.727181763202,0.316698161173));
#4753 = CARTESIAN_POINT('',(3.662850842265,0.315826108949));
#4754 = CARTESIAN_POINT('',(3.599893700559,0.314937605664));
#4755 = CARTESIAN_POINT('',(3.469673993566,0.313040807457));
#4756 = CARTESIAN_POINT('',(3.402679903755,0.312030233057));
#4757 = CARTESIAN_POINT('',(3.336596512849,0.311008953689));
#4758 = CARTESIAN_POINT('',(3.271123438041,0.309980942822));
#4759 = CARTESIAN_POINT('',(3.205973630205,0.308949613492));
#4760 = CARTESIAN_POINT('',(3.113032663945,0.3074775152));
#4761 = CARTESIAN_POINT('',(3.085234037555,0.307037108169));
#4762 = CARTESIAN_POINT('',(3.057416771629,0.306596907401));
#4763 = CARTESIAN_POINT('',(3.02955797936,0.306157168286));
#4764 = CARTESIAN_POINT('',(3.00163440031,0.305718154002));
#4765 = CARTESIAN_POINT('',(2.973622400406,0.305280135511));
#4766 = ( GEOMETRIC_REPRESENTATION_CONTEXT(2) 
PARAMETRIC_REPRESENTATION_CONTEXT() REPRESENTATION_CONTEXT('2D SPACE',''
  ) );
#4767 = PCURVE('',#1109,#4768);
#4768 = DEFINITIONAL_REPRESENTATION('',(#4769),#4837);
#4769 = B_SPLINE_CURVE_WITH_KNOTS('',6,(#4770,#4771,#4772,#4773,#4774,
    #4775,#4776,#4777,#4778,#4779,#4780,#4781,#4782,#4783,#4784,#4785,
    #4786,#4787,#4788,#4789,#4790,#4791,#4792,#4793,#4794,#4795,#4796,
    #4797,#4798,#4799,#4800,#4801,#4802,#4803,#4804,#4805,#4806,#4807,
    #4808,#4809,#4810,#4811,#4812,#4813,#4814,#4815,#4816,#4817,#4818,
    #4819,#4820,#4821,#4822,#4823,#4824,#4825,#4826,#4827,#4828,#4829,
    #4830,#4831,#4832,#4833,#4834,#4835,#4836),.UNSPECIFIED.,.F.,.F.,(7,
    5,5,5,5,5,5,5,5,5,5,5,5,7),(0.,0.139793642945,0.267545351452,
    0.341165795913,0.392306785551,0.41801208937,0.469055526833,
    0.520471709797,0.546186849404,0.59735284284,0.671010825107,
    0.798810127046,0.939815759693,1.),.UNSPECIFIED.);
#4770 = CARTESIAN_POINT('',(-3.365879781602,-4.275110795131));
#4771 = CARTESIAN_POINT('',(-3.525577431683,-4.275112670256));
#4772 = CARTESIAN_POINT('',(-3.685236705154,-4.268150897315));
#4773 = CARTESIAN_POINT('',(-3.844413431496,-4.254224526147));
#4774 = CARTESIAN_POINT('',(-4.002587655023,-4.233197465902));
#4775 = CARTESIAN_POINT('',(-4.159153938797,-4.204846466491));
#4776 = CARTESIAN_POINT('',(-4.454302803583,-4.135784678536));
#4777 = CARTESIAN_POINT('',(-4.593194471799,-4.096366615348));
#4778 = CARTESIAN_POINT('',(-4.729555264753,-4.050192638002));
#4779 = CARTESIAN_POINT('',(-4.862563758585,-3.996834560181));
#4780 = CARTESIAN_POINT('',(-4.991089126302,-3.935825122669));
#4781 = CARTESIAN_POINT('',(-5.184098724704,-3.826550943381));
#4782 = CARTESIAN_POINT('',(-5.252614899741,-3.783855353296));
#4783 = CARTESIAN_POINT('',(-5.318777120929,-3.73829280463));
#4784 = CARTESIAN_POINT('',(-5.382166322595,-3.689754156368));
#4785 = CARTESIAN_POINT('',(-5.442258623311,-3.638157102831));
#4786 = CARTESIAN_POINT('',(-5.537454257201,-3.545465607371));
#4787 = CARTESIAN_POINT('',(-5.574578973241,-3.505980622586));
#4788 = CARTESIAN_POINT('',(-5.609596128591,-3.464997563031));
#4789 = CARTESIAN_POINT('',(-5.642257029257,-3.422532212113));
#4790 = CARTESIAN_POINT('',(-5.672292121559,-3.378634914968));
#4791 = CARTESIAN_POINT('',(-5.713067793204,-3.310664915122));
#4792 = CARTESIAN_POINT('',(-5.725974637639,-3.287591726491));
#4793 = CARTESIAN_POINT('',(-5.738113883175,-3.264194408212));
#4794 = CARTESIAN_POINT('',(-5.749450583029,-3.240489098885));
#4795 = CARTESIAN_POINT('',(-5.759950927116,-3.216495578955));
#4796 = CARTESIAN_POINT('',(-5.788710937433,-3.144068361659));
#4797 = CARTESIAN_POINT('',(-5.804420501899,-3.094846325258));
#4798 = CARTESIAN_POINT('',(-5.816457042656,-3.044775306762));
#4799 = CARTESIAN_POINT('',(-5.824620273794,-2.99409772723));
#4800 = CARTESIAN_POINT('',(-5.828794986027,-2.943094601994));
#4801 = CARTESIAN_POINT('',(-5.82916897076,-2.840703813387));
#4802 = CARTESIAN_POINT('',(-5.825309836563,-2.789299311842));
#4803 = CARTESIAN_POINT('',(-5.817400980608,-2.738198728175));
#4804 = CARTESIAN_POINT('',(-5.805558592614,-2.687689957382));
#4805 = CARTESIAN_POINT('',(-5.789986567152,-2.63802169259));
#4806 = CARTESIAN_POINT('',(-5.761421762015,-2.565087147722));
#4807 = CARTESIAN_POINT('',(-5.751029580205,-2.54103109454));
#4808 = CARTESIAN_POINT('',(-5.739799973674,-2.517258880538));
#4809 = CARTESIAN_POINT('',(-5.727766710559,-2.493790407537));
#4810 = CARTESIAN_POINT('',(-5.714964692549,-2.470641942707));
#4811 = CARTESIAN_POINT('',(-5.674495936494,-2.40243014797));
#4812 = CARTESIAN_POINT('',(-5.644658749795,-2.358354827242));
#4813 = CARTESIAN_POINT('',(-5.612190086037,-2.315696989762));
#4814 = CARTESIAN_POINT('',(-5.577359219832,-2.274508130066));
#4815 = CARTESIAN_POINT('',(-5.540414598711,-2.234805167582));
#4816 = CARTESIAN_POINT('',(-5.445641589784,-2.141553465682));
#4817 = CARTESIAN_POINT('',(-5.38578477309,-2.089602401395));
#4818 = CARTESIAN_POINT('',(-5.322617278925,-2.040689813734));
#4819 = CARTESIAN_POINT('',(-5.256662755339,-1.994736223112));
#4820 = CARTESIAN_POINT('',(-5.188340229703,-1.951634927804));
#4821 = CARTESIAN_POINT('',(-4.995839286806,-1.841225674767));
#4822 = CARTESIAN_POINT('',(-4.867602393703,-1.779459275353));
#4823 = CARTESIAN_POINT('',(-4.73484287866,-1.725314137366));
#4824 = CARTESIAN_POINT('',(-4.598692232539,-1.678330707027));
#4825 = CARTESIAN_POINT('',(-4.45997313609,-1.638086803267));
#4826 = CARTESIAN_POINT('',(-4.163832269087,-1.566962629304));
#4827 = CARTESIAN_POINT('',(-4.00605461111,-1.53750184436));
#4828 = CARTESIAN_POINT('',(-3.846605621508,-1.515474752845));
#4829 = CARTESIAN_POINT('',(-3.686105665174,-1.50065911251));
#4830 = CARTESIAN_POINT('',(-3.525087608066,-1.49292160776));
#4831 = CARTESIAN_POINT('',(-3.295253742299,-1.491989833915));
#4832 = CARTESIAN_POINT('',(-3.226494440625,-1.493001743025));
#4833 = CARTESIAN_POINT('',(-3.157767342178,-1.495304350599));
#4834 = CARTESIAN_POINT('',(-3.089112320206,-1.498901830516));
#4835 = CARTESIAN_POINT('',(-3.020570463573,-1.503802473409));
#4836 = CARTESIAN_POINT('',(-2.952184076764,-1.510018686662));
#4837 = ( GEOMETRIC_REPRESENTATION_CONTEXT(2) 
PARAMETRIC_REPRESENTATION_CONTEXT() REPRESENTATION_CONTEXT('2D SPACE',''
  ) );
#4838 = ORIENTED_EDGE('',*,*,#4839,.T.);
#4839 = EDGE_CURVE('',#4625,#4840,#4842,.T.);
#4840 = VERTEX_POINT('',#4841);
#4841 = CARTESIAN_POINT('',(291.79024025469,-125.8666937411,
    20.604833269636));
#4842 = SURFACE_CURVE('',#4843,(#4846,#4853),.PCURVE_S1.);
#4843 = B_SPLINE_CURVE_WITH_KNOTS('',1,(#4844,#4845),.UNSPECIFIED.,.F.,
  .F.,(2,2),(0.,1.),.PIECEWISE_BEZIER_KNOTS.);
#4844 = CARTESIAN_POINT('',(297.59135821248,-70.4,20.603983091432));
#4845 = CARTESIAN_POINT('',(285.08270372175,-190.,20.605816287289));
#4846 = PCURVE('',#4448,#4847);
#4847 = DEFINITIONAL_REPRESENTATION('',(#4848),#4852);
#4848 = LINE('',#4849,#4850);
#4849 = CARTESIAN_POINT('',(6.28318530718,0.));
#4850 = VECTOR('',#4851,1.);
#4851 = DIRECTION('',(0.,1.));
#4852 = ( GEOMETRIC_REPRESENTATION_CONTEXT(2) 
PARAMETRIC_REPRESENTATION_CONTEXT() REPRESENTATION_CONTEXT('2D SPACE',''
  ) );
#4853 = PCURVE('',#4854,#4883);
#4854 = B_SPLINE_SURFACE_WITH_KNOTS('',13,1,(
    (#4855,#4856)
    ,(#4857,#4858)
    ,(#4859,#4860)
    ,(#4861,#4862)
    ,(#4863,#4864)
    ,(#4865,#4866)
    ,(#4867,#4868)
    ,(#4869,#4870)
    ,(#4871,#4872)
    ,(#4873,#4874)
    ,(#4875,#4876)
    ,(#4877,#4878)
    ,(#4879,#4880)
    ,(#4881,#4882
    )),.UNSPECIFIED.,.T.,.F.,.F.,(14,14),(2,2),(0.,6.28318530718),(0.,1.
    ),.PIECEWISE_BEZIER_KNOTS.);
#4855 = CARTESIAN_POINT('',(297.59135821248,-70.4,20.603983091432));
#4856 = CARTESIAN_POINT('',(285.08270372175,-190.,20.605816287289));
#4857 = CARTESIAN_POINT('',(298.31577725692,-70.39999999999,
    20.60398309143));
#4858 = CARTESIAN_POINT('',(285.63852396041,-189.9999999999,
    20.605816287288));
#4859 = CARTESIAN_POINT('',(299.04019659116,-70.40000000002,
    20.224676085388));
#4860 = CARTESIAN_POINT('',(286.19434442163,-190.0000000001,
    20.314787893904));
#4861 = CARTESIAN_POINT('',(299.54795412979,-70.39999999992,
    19.466084655182));
#4862 = CARTESIAN_POINT('',(286.58392821036,-189.9999999996,
    19.732748433391));
#4863 = CARTESIAN_POINT('',(299.62241466442,-70.40000000014,
    18.464216879548));
#4864 = CARTESIAN_POINT('',(286.64105905644,-190.0000000007,
    18.964051930342));
#4865 = CARTESIAN_POINT('',(299.14185434531,-70.39999999979,
    17.491773718957));
#4866 = CARTESIAN_POINT('',(286.27234269725,-189.9999999989,
    18.217931858281));
#4867 = CARTESIAN_POINT('',(298.1750753663,-70.40000000021,
    16.881330772054));
#4868 = CARTESIAN_POINT('',(285.53056854691,-190.0000000012,
    17.749561310786));
#4869 = CARTESIAN_POINT('',(297.00764105872,-70.39999999982,
    16.881330771919));
#4870 = CARTESIAN_POINT('',(284.63483889673,-189.9999999987,
    17.749561310676));
#4871 = CARTESIAN_POINT('',(296.04086207955,-70.40000000011,
    17.491773719065));
#4872 = CARTESIAN_POINT('',(283.89306474591,-190.0000000009,
    18.217931858368));
#4873 = CARTESIAN_POINT('',(295.56030176064,-70.39999999994,
    18.46421687948));
#4874 = CARTESIAN_POINT('',(283.52434838738,-189.9999999994,
    18.964051930288));
#4875 = CARTESIAN_POINT('',(295.63476229512,-70.40000000002,
    19.466084655215));
#4876 = CARTESIAN_POINT('',(283.58147923292,-190.0000000002,
    19.732748433416));
#4877 = CARTESIAN_POINT('',(296.14251983383,-70.39999999999,
    20.224676085376));
#4878 = CARTESIAN_POINT('',(283.97106302195,-189.9999999999,
    20.314787893895));
#4879 = CARTESIAN_POINT('',(296.86693916804,-70.4,20.603983091433));
#4880 = CARTESIAN_POINT('',(284.52688348306,-190.,20.60581628729));
#4881 = CARTESIAN_POINT('',(297.59135821248,-70.4,20.603983091432));
#4882 = CARTESIAN_POINT('',(285.08270372175,-190.,20.605816287289));
#4883 = DEFINITIONAL_REPRESENTATION('',(#4884),#4888);
#4884 = LINE('',#4885,#4886);
#4885 = CARTESIAN_POINT('',(0.,0.));
#4886 = VECTOR('',#4887,1.);
#4887 = DIRECTION('',(0.,1.));
#4888 = ( GEOMETRIC_REPRESENTATION_CONTEXT(2) 
PARAMETRIC_REPRESENTATION_CONTEXT() REPRESENTATION_CONTEXT('2D SPACE',''
  ) );
#4889 = ORIENTED_EDGE('',*,*,#4890,.T.);
#4890 = EDGE_CURVE('',#4840,#4362,#4891,.T.);
#4891 = SURFACE_CURVE('',#4892,(#4955,#5021),.PCURVE_S1.);
#4892 = B_SPLINE_CURVE_WITH_KNOTS('',7,(#4893,#4894,#4895,#4896,#4897,
    #4898,#4899,#4900,#4901,#4902,#4903,#4904,#4905,#4906,#4907,#4908,
    #4909,#4910,#4911,#4912,#4913,#4914,#4915,#4916,#4917,#4918,#4919,
    #4920,#4921,#4922,#4923,#4924,#4925,#4926,#4927,#4928,#4929,#4930,
    #4931,#4932,#4933,#4934,#4935,#4936,#4937,#4938,#4939,#4940,#4941,
    #4942,#4943,#4944,#4945,#4946,#4947,#4948,#4949,#4950,#4951,#4952,
    #4953,#4954),.UNSPECIFIED.,.F.,.F.,(8,6,6,6,6,6,6,6,6,6,8),(0.,
    0.228735546191,0.30778375838,0.356846755008,0.467442609386,
    0.575534006114,0.62459715714,0.703645676204,0.782621006786,
    0.938401770163,1.),.UNSPECIFIED.);
#4893 = CARTESIAN_POINT('',(291.79024025469,-125.8666937411,
    20.604833269636));
#4894 = CARTESIAN_POINT('',(291.64701027103,-125.8517136885,
    20.604833040026));
#4895 = CARTESIAN_POINT('',(291.50370694934,-125.836779605,
    20.58653830257));
#4896 = CARTESIAN_POINT('',(291.36321207021,-125.8221929684,
    20.549921838838));
#4897 = CARTESIAN_POINT('',(291.22826119265,-125.8082381297,
    20.495581906064));
#4898 = CARTESIAN_POINT('',(291.10140237135,-125.795178504,
    20.424568768049));
#4899 = CARTESIAN_POINT('',(290.98499305686,-125.7832562634,
    20.338378861754));
#4900 = CARTESIAN_POINT('',(290.84514842083,-125.7690222153,
    20.204701780236));
#4901 = CARTESIAN_POINT('',(290.81071657377,-125.7655263635,
    20.168792440178));
#4902 = CARTESIAN_POINT('',(290.77785079991,-125.7621986931,
    20.131385852727));
#4903 = CARTESIAN_POINT('',(290.74662685778,-125.7590468807,
    20.092566252952));
#4904 = CARTESIAN_POINT('',(290.71711469184,-125.7560779813,
    20.052422350737));
#4905 = CARTESIAN_POINT('',(290.68937843242,-125.7532984291,
    20.011047330782));
#4906 = CARTESIAN_POINT('',(290.64739973192,-125.7491099772,
    19.94215503868));
#4907 = CARTESIAN_POINT('',(290.63202956929,-125.7475810896,
    19.915334404203));
#4908 = CARTESIAN_POINT('',(290.61737978246,-125.7461287569,
    19.888100195736));
#4909 = CARTESIAN_POINT('',(290.60346327985,-125.7447542595,
    19.860476124747));
#4910 = CARTESIAN_POINT('',(290.59029200362,-125.7434587756,
    19.83248636761));
#4911 = CARTESIAN_POINT('',(290.57787692978,-125.7422433809,
    19.804155565605));
#4912 = CARTESIAN_POINT('',(290.53996966774,-125.7385520822,
    19.710934482142));
#4913 = CARTESIAN_POINT('',(290.51760409055,-125.7364069673,
    19.644753263046));
#4914 = CARTESIAN_POINT('',(290.49924647605,-125.7346848985,
    19.577254293103));
#4915 = CARTESIAN_POINT('',(290.48498534461,-125.7333942649,
    19.508733962808));
#4916 = CARTESIAN_POINT('',(290.47488245069,-125.7325406386,
    19.439494660176));
#4917 = CARTESIAN_POINT('',(290.46897263613,-125.7321267632,
    19.369843503227));
#4918 = CARTESIAN_POINT('',(290.46559343022,-125.7321777371,
    19.231918194694));
#4919 = CARTESIAN_POINT('',(290.46793586064,-125.7326228997,
    19.163645941881));
#4920 = CARTESIAN_POINT('',(290.47429796561,-125.7334879111,
    19.095564180168));
#4921 = CARTESIAN_POINT('',(290.48466191729,-125.7347700625,
    19.027960888974));
#4922 = CARTESIAN_POINT('',(290.49898513753,-125.7364640651,
    18.961121029022));
#4923 = CARTESIAN_POINT('',(290.5172003663,-125.7385620611,
    18.89532541035));
#4924 = CARTESIAN_POINT('',(290.54920859873,-125.7421845695,
    18.801583693994));
#4925 = CARTESIAN_POINT('',(290.55998447993,-125.743396602,
    18.772589452406));
#4926 = CARTESIAN_POINT('',(290.57153481462,-125.744688761,
    18.743892472576));
#4927 = CARTESIAN_POINT('',(290.58385005254,-125.7460599737,
    18.71551798258));
#4928 = CARTESIAN_POINT('',(290.59691965232,-125.7475090648,
    18.687490801552));
#4929 = CARTESIAN_POINT('',(290.61073208144,-125.7490347567,
    18.659835339684));
#4930 = CARTESIAN_POINT('',(290.64870546904,-125.753214993,
    18.588655830598));
#4931 = CARTESIAN_POINT('',(290.67403211341,-125.7559896032,
    18.545762819377));
#4932 = CARTESIAN_POINT('',(290.70120210859,-125.7589536987,
    18.503997396299));
#4933 = CARTESIAN_POINT('',(290.73015675387,-125.7621008565,
    18.463456258027));
#4934 = CARTESIAN_POINT('',(290.76083128863,-125.7654240321,
    18.424231966149));
#4935 = CARTESIAN_POINT('',(290.79315489233,-125.7689155593,
    18.38641294718));
#4936 = CARTESIAN_POINT('',(290.86091509377,-125.7762153603,
    18.313787674214));
#4937 = CARTESIAN_POINT('',(290.89634931674,-125.7800233958,
    18.27897800312));
#4938 = CARTESIAN_POINT('',(290.93327654893,-125.7839829774,
    18.24573851682));
#4939 = CARTESIAN_POINT('',(290.97161512215,-125.788085334,
    18.214147594979));
#4940 = CARTESIAN_POINT('',(291.01127850457,-125.7923212021,
    18.184277959387));
#4941 = CARTESIAN_POINT('',(291.05217530071,-125.7966808264,
    18.156196673961));
#4942 = CARTESIAN_POINT('',(291.17712224317,-125.8099773227,
    18.078222814368));
#4943 = CARTESIAN_POINT('',(291.26446964027,-125.8192433861,
    18.033671159791));
#4944 = CARTESIAN_POINT('',(291.35550369875,-125.8288725397,
    17.996789435929));
#4945 = CARTESIAN_POINT('',(291.44942815364,-125.8387804342,
    17.967942573155));
#4946 = CARTESIAN_POINT('',(291.54540942364,-125.8488791221,
    17.947391609024));
#4947 = CARTESIAN_POINT('',(291.64258393301,-125.859077833,
    17.935290492114));
#4948 = CARTESIAN_POINT('',(291.77860577504,-125.8733188212,
    17.930237363498));
#4949 = CARTESIAN_POINT('',(291.81719906509,-125.8773555046,
    17.930131275686));
#4950 = CARTESIAN_POINT('',(291.8557872447,-125.8813877604,
    17.931352981813));
#4951 = CARTESIAN_POINT('',(291.89431633861,-125.885409946,
    17.933901636115));
#4952 = CARTESIAN_POINT('',(291.93273257246,-125.889416448,
    17.937773559783));
#4953 = CARTESIAN_POINT('',(291.9709823727,-125.8934016824,
    17.942962240965));
#4954 = CARTESIAN_POINT('',(292.00901236667,-125.8973600946,
    17.949458334761));
#4955 = PCURVE('',#4448,#4956);
#4956 = DEFINITIONAL_REPRESENTATION('',(#4957),#5020);
#4957 = B_SPLINE_CURVE_WITH_KNOTS('',7,(#4958,#4959,#4960,#4961,#4962,
    #4963,#4964,#4965,#4966,#4967,#4968,#4969,#4970,#4971,#4972,#4973,
    #4974,#4975,#4976,#4977,#4978,#4979,#4980,#4981,#4982,#4983,#4984,
    #4985,#4986,#4987,#4988,#4989,#4990,#4991,#4992,#4993,#4994,#4995,
    #4996,#4997,#4998,#4999,#5000,#5001,#5002,#5003,#5004,#5005,#5006,
    #5007,#5008,#5009,#5010,#5011,#5012,#5013,#5014,#5015,#5016,#5017,
    #5018,#5019),.UNSPECIFIED.,.F.,.F.,(8,6,6,6,6,6,6,6,6,6,8),(0.,
    0.228735546191,0.30778375838,0.356846755008,0.467442609386,
    0.575534006114,0.62459715714,0.703645676204,0.782621006786,
    0.938401770163,1.),.UNSPECIFIED.);
#4958 = CARTESIAN_POINT('',(6.28318530718,0.463768342317));
#4959 = CARTESIAN_POINT('',(6.174890093446,0.463643091041));
#4960 = CARTESIAN_POINT('',(6.06655188921,0.463518224122));
#4961 = CARTESIAN_POINT('',(5.958275039263,0.463396262278));
#4962 = CARTESIAN_POINT('',(5.850045419348,0.463279583025));
#4963 = CARTESIAN_POINT('',(5.741843938629,0.46317038883));
#4964 = CARTESIAN_POINT('',(5.633652891599,0.463070704544));
#4965 = CARTESIAN_POINT('',(5.488207540641,0.462951690764));
#4966 = CARTESIAN_POINT('',(5.450858594953,0.462922461234));
#4967 = CARTESIAN_POINT('',(5.413515482902,0.462894637903));
#4968 = CARTESIAN_POINT('',(5.376178134033,0.462868284956));
#4969 = CARTESIAN_POINT('',(5.338846409349,0.462843461383));
#4970 = CARTESIAN_POINT('',(5.301520101316,0.462820220979));
#4971 = CARTESIAN_POINT('',(5.241034737447,0.462785200479));
#4972 = CARTESIAN_POINT('',(5.217872482893,0.462772417138));
#4973 = CARTESIAN_POINT('',(5.194712096616,0.462760273887));
#4974 = CARTESIAN_POINT('',(5.171553496542,0.462748781435));
#4975 = CARTESIAN_POINT('',(5.148396592102,0.462737949629));
#4976 = CARTESIAN_POINT('',(5.125241284231,0.462727787467));
#4977 = CARTESIAN_POINT('',(5.049895048373,0.462696923765));
#4978 = CARTESIAN_POINT('',(4.997709113465,0.462678988022));
#4979 = CARTESIAN_POINT('',(4.945530238195,0.462664589453));
#4980 = CARTESIAN_POINT('',(4.893356675913,0.462653798202));
#4981 = CARTESIAN_POINT('',(4.841185842569,0.462646660859));
#4982 = CARTESIAN_POINT('',(4.789015803508,0.462643200362));
#4983 = CARTESIAN_POINT('',(4.68585909188,0.462643626564));
#4984 = CARTESIAN_POINT('',(4.634870383486,0.46264734866));
#4985 = CARTESIAN_POINT('',(4.583880749906,0.462654581197));
#4986 = CARTESIAN_POINT('',(4.532888400066,0.462665301526));
#4987 = CARTESIAN_POINT('',(4.48189096565,0.462679465428));
#4988 = CARTESIAN_POINT('',(4.430886829737,0.4626970072));
#4989 = CARTESIAN_POINT('',(4.356722626623,0.462727295732));
#4990 = CARTESIAN_POINT('',(4.333567312533,0.462737429783));
#4991 = CARTESIAN_POINT('',(4.310410405384,0.462748233788));
#4992 = CARTESIAN_POINT('',(4.287251805863,0.462759698777));
#4993 = CARTESIAN_POINT('',(4.264091423144,0.462771814924));
#4994 = CARTESIAN_POINT('',(4.240929174887,0.462784571545));
#4995 = CARTESIAN_POINT('',(4.180443806459,0.462819523353));
#4996 = CARTESIAN_POINT('',(4.143117491526,0.462842722436));
#4997 = CARTESIAN_POINT('',(4.105785765206,0.462867505842));
#4998 = CARTESIAN_POINT('',(4.068448418791,0.462893819871));
#4999 = CARTESIAN_POINT('',(4.031105312097,0.46292160562));
#5000 = CARTESIAN_POINT('',(3.993756373466,0.462950798992));
#5001 = CARTESIAN_POINT('',(3.919081411646,0.463011834117));
#5002 = CARTESIAN_POINT('',(3.881755245256,0.463043673878));
#5003 = CARTESIAN_POINT('',(3.844423130115,0.463076780748));
#5004 = CARTESIAN_POINT('',(3.807085165453,0.463111081388));
#5005 = CARTESIAN_POINT('',(3.769741520209,0.463146498346));
#5006 = CARTESIAN_POINT('',(3.732392433035,0.463182950054));
#5007 = CARTESIAN_POINT('',(3.621356101942,0.463294124772));
#5008 = CARTESIAN_POINT('',(3.547646169454,0.463371600218));
#5009 = CARTESIAN_POINT('',(3.473923588116,0.463452111536));
#5010 = CARTESIAN_POINT('',(3.400189807612,0.463534953463));
#5011 = CARTESIAN_POINT('',(3.326441903203,0.463619390654));
#5012 = CARTESIAN_POINT('',(3.252682208484,0.463704664156));
#5013 = CARTESIAN_POINT('',(3.149764718082,0.463823735964));
#5014 = CARTESIAN_POINT('',(3.120600924637,0.463857487497));
#5015 = CARTESIAN_POINT('',(3.09143714831,0.46389120201));
#5016 = CARTESIAN_POINT('',(3.062273681502,0.463924832325));
#5017 = CARTESIAN_POINT('',(3.033110812057,0.463958331505));
#5018 = CARTESIAN_POINT('',(3.003948823272,0.463991652864));
#5019 = CARTESIAN_POINT('',(2.974787993888,0.464024749955));
#5020 = ( GEOMETRIC_REPRESENTATION_CONTEXT(2) 
PARAMETRIC_REPRESENTATION_CONTEXT() REPRESENTATION_CONTEXT('2D SPACE',''
  ) );
#5021 = PCURVE('',#4375,#5022);
#5022 = DEFINITIONAL_REPRESENTATION('',(#5023),#5086);
#5023 = B_SPLINE_CURVE_WITH_KNOTS('',7,(#5024,#5025,#5026,#5027,#5028,
    #5029,#5030,#5031,#5032,#5033,#5034,#5035,#5036,#5037,#5038,#5039,
    #5040,#5041,#5042,#5043,#5044,#5045,#5046,#5047,#5048,#5049,#5050,
    #5051,#5052,#5053,#5054,#5055,#5056,#5057,#5058,#5059,#5060,#5061,
    #5062,#5063,#5064,#5065,#5066,#5067,#5068,#5069,#5070,#5071,#5072,
    #5073,#5074,#5075,#5076,#5077,#5078,#5079,#5080,#5081,#5082,#5083,
    #5084,#5085),.UNSPECIFIED.,.F.,.F.,(8,6,6,6,6,6,6,6,6,6,8),(0.,
    0.228735546191,0.30778375838,0.356846755008,0.467442609386,
    0.575534006114,0.62459715714,0.703645676204,0.782621006786,
    0.938401770163,1.),.UNSPECIFIED.);
#5024 = CARTESIAN_POINT('',(0.,-1.337049791749));
#5025 = CARTESIAN_POINT('',(0.14401121553,-1.337049562138));
#5026 = CARTESIAN_POINT('',(0.28809058952,-1.318754746897));
#5027 = CARTESIAN_POINT('',(0.429340614749,-1.28213812748));
#5028 = CARTESIAN_POINT('',(0.565010993851,-1.227797963664));
#5029 = CARTESIAN_POINT('',(0.692540094388,-1.156784523717));
#5030 = CARTESIAN_POINT('',(0.809558063745,-1.070594250962));
#5031 = CARTESIAN_POINT('',(0.950124697038,-0.936916601078));
#5032 = CARTESIAN_POINT('',(0.984733396908,-0.901007108342));
#5033 = CARTESIAN_POINT('',(1.017767024966,-0.863600361847));
#5034 = CARTESIAN_POINT('',(1.049149435151,-0.82478059702));
#5035 = CARTESIAN_POINT('',(1.07881032857,-0.784636524122));
#5036 = CARTESIAN_POINT('',(1.106685253505,-0.743261328249));
#5037 = CARTESIAN_POINT('',(1.148871910936,-0.674368743232));
#5038 = CARTESIAN_POINT('',(1.164317728483,-0.647547994719));
#5039 = CARTESIAN_POINT('',(1.179039114871,-0.620313670459));
#5040 = CARTESIAN_POINT('',(1.193023098535,-0.592689482019));
#5041 = CARTESIAN_POINT('',(1.206257679524,-0.564699605876));
#5042 = CARTESIAN_POINT('',(1.218731829494,-0.536368683414));
#5043 = CARTESIAN_POINT('',(1.256817421315,-0.443147203596));
#5044 = CARTESIAN_POINT('',(1.279284804692,-0.376965703112));
#5045 = CARTESIAN_POINT('',(1.297721962491,-0.309466446178));
#5046 = CARTESIAN_POINT('',(1.312039981926,-0.24094582455));
#5047 = CARTESIAN_POINT('',(1.32217686392,-0.171706227528));
#5048 = CARTESIAN_POINT('',(1.328097670255,-0.102054774438));
#5049 = CARTESIAN_POINT('',(1.331453242354,3.587112052375E-02));
#5050 = CARTESIAN_POINT('',(1.329077213318,0.104143663615));
#5051 = CARTESIAN_POINT('',(1.322659642958,0.172225714796));
#5052 = CARTESIAN_POINT('',(1.312218544188,0.239829293425));
#5053 = CARTESIAN_POINT('',(1.297796814313,0.306669437565));
#5054 = CARTESIAN_POINT('',(1.279462165863,0.372465335985));
#5055 = CARTESIAN_POINT('',(1.247250758177,0.466207450911));
#5056 = CARTESIAN_POINT('',(1.236407258292,0.495201815775));
#5057 = CARTESIAN_POINT('',(1.224785171408,0.523898917618));
#5058 = CARTESIAN_POINT('',(1.21239410757,0.552273528257));
#5059 = CARTESIAN_POINT('',(1.199244673221,0.58030082845));
#5060 = CARTESIAN_POINT('',(1.18534847121,0.607956407903));
#5061 = CARTESIAN_POINT('',(1.147146253251,0.679136219628));
#5062 = CARTESIAN_POINT('',(1.121668385756,0.722029413221));
#5063 = CARTESIAN_POINT('',(1.094337456994,0.763795013876));
#5064 = CARTESIAN_POINT('',(1.065212517349,0.80433632452));
#5065 = CARTESIAN_POINT('',(1.034358708905,0.843560783171));
#5066 = CARTESIAN_POINT('',(1.001847265437,0.881379962938));
#5067 = CARTESIAN_POINT('',(0.933695323855,0.95400554469));
#5068 = CARTESIAN_POINT('',(0.898057212409,0.988815363787));
#5069 = CARTESIAN_POINT('',(0.860918427174,1.022054991415));
#5070 = CARTESIAN_POINT('',(0.822361105693,1.053646047574));
#5071 = CARTESIAN_POINT('',(0.782472273961,1.083515810164));
#5072 = CARTESIAN_POINT('',(0.741343846416,1.111597214985));
#5073 = CARTESIAN_POINT('',(0.615691613873,1.189571406106));
#5074 = CARTESIAN_POINT('',(0.527854202516,1.234123250108));
#5075 = CARTESIAN_POINT('',(0.436312360526,1.271005130782));
#5076 = CARTESIAN_POINT('',(0.341866807309,1.299852116207));
#5077 = CARTESIAN_POINT('',(0.245355750441,1.320403167716));
#5078 = CARTESIAN_POINT('',(0.147647522893,1.332504336077));
#5079 = CARTESIAN_POINT('',(1.088222379275E-02,1.337557486178));
#5080 = CARTESIAN_POINT('',(-2.792160139398E-02,1.337663574441));
#5081 = CARTESIAN_POINT('',(-6.671988330851E-02,1.336441863119));
#5082 = CARTESIAN_POINT('',(-0.105458352557,1.333893197981));
#5083 = CARTESIAN_POINT('',(-0.144082942569,1.33002125785));
#5084 = CARTESIAN_POINT('',(-0.182539789594,1.324832554607));
#5085 = CARTESIAN_POINT('',(-0.220775232702,1.318336433192));
#5086 = ( GEOMETRIC_REPRESENTATION_CONTEXT(2) 
PARAMETRIC_REPRESENTATION_CONTEXT() REPRESENTATION_CONTEXT('2D SPACE',''
  ) );
#5087 = ORIENTED_EDGE('',*,*,#4386,.T.);
#5088 = ADVANCED_FACE('',(#5089),#4854,.F.);
#5089 = FACE_BOUND('',#5090,.F.);
#5090 = EDGE_LOOP('',(#5091,#5120,#5121,#5159));
#5091 = ORIENTED_EDGE('',*,*,#5092,.T.);
#5092 = EDGE_CURVE('',#5093,#4840,#5095,.T.);
#5093 = VERTEX_POINT('',#5094);
#5094 = CARTESIAN_POINT('',(291.99788350401,-125.88845923,
    20.588251112891));
#5095 = SURFACE_CURVE('',#5096,(#5102,#5111),.PCURVE_S1.);
#5096 = B_SPLINE_CURVE_WITH_KNOTS('',4,(#5097,#5098,#5099,#5100,#5101),
  .UNSPECIFIED.,.F.,.F.,(5,5),(0.,1.),.PIECEWISE_BEZIER_KNOTS.);
#5097 = CARTESIAN_POINT('',(292.00981585401,-125.8897129928,
    20.586276636081));
#5098 = CARTESIAN_POINT('',(291.95543794843,-125.8839986088,
    20.595532973728));
#5099 = CARTESIAN_POINT('',(291.90054573536,-125.8782393951,
    20.601733259021));
#5100 = CARTESIAN_POINT('',(291.84539371175,-125.8724620982,
    20.604833358052));
#5101 = CARTESIAN_POINT('',(291.79024025469,-125.8666937411,
    20.604833269636));
#5102 = PCURVE('',#4854,#5103);
#5103 = DEFINITIONAL_REPRESENTATION('',(#5104),#5110);
#5104 = B_SPLINE_CURVE_WITH_KNOTS('',4,(#5105,#5106,#5107,#5108,#5109),
  .UNSPECIFIED.,.F.,.F.,(5,5),(0.,1.),.PIECEWISE_BEZIER_KNOTS.);
#5105 = CARTESIAN_POINT('',(0.166804651171,0.463960810977));
#5106 = CARTESIAN_POINT('',(0.125104850986,0.463913031847));
#5107 = CARTESIAN_POINT('',(8.340323449888E-02,0.463864877886));
#5108 = CARTESIAN_POINT('',(4.170115269953E-02,0.463816572728));
#5109 = CARTESIAN_POINT('',(0.,0.463768342317));
#5110 = ( GEOMETRIC_REPRESENTATION_CONTEXT(2) 
PARAMETRIC_REPRESENTATION_CONTEXT() REPRESENTATION_CONTEXT('2D SPACE',''
  ) );
#5111 = PCURVE('',#4375,#5112);
#5112 = DEFINITIONAL_REPRESENTATION('',(#5113),#5119);
#5113 = B_SPLINE_CURVE_WITH_KNOTS('',4,(#5114,#5115,#5116,#5117,#5118),
  .UNSPECIFIED.,.F.,.F.,(5,5),(0.,1.),.PIECEWISE_BEZIER_KNOTS.);
#5114 = CARTESIAN_POINT('',(-0.220778909399,-1.318493079296));
#5115 = CARTESIAN_POINT('',(-0.166101582553,-1.327749456298));
#5116 = CARTESIAN_POINT('',(-0.110908075046,-1.333949767954));
#5117 = CARTESIAN_POINT('',(-5.545428539364E-02,-1.337049880165));
#5118 = CARTESIAN_POINT('',(0.,-1.337049791749));
#5119 = ( GEOMETRIC_REPRESENTATION_CONTEXT(2) 
PARAMETRIC_REPRESENTATION_CONTEXT() REPRESENTATION_CONTEXT('2D SPACE',''
  ) );
#5120 = ORIENTED_EDGE('',*,*,#4839,.F.);
#5121 = ORIENTED_EDGE('',*,*,#5122,.F.);
#5122 = EDGE_CURVE('',#5123,#4625,#5125,.T.);
#5123 = VERTEX_POINT('',#5124);
#5124 = CARTESIAN_POINT('',(294.00365799185,-106.9136853935,
    20.585217719656));
#5125 = SURFACE_CURVE('',#5126,(#5135,#5147),.PCURVE_S1.);
#5126 = B_SPLINE_CURVE_WITH_KNOTS('',4,(#5127,#5128,#5129,#5130,#5131,
    #5132,#5133,#5134),.UNSPECIFIED.,.F.,.F.,(5,3,5),(0.,0.790542706692,
    1.),.UNSPECIFIED.);
#5127 = CARTESIAN_POINT('',(294.00549395759,-106.9114973747,
    20.584946220174));
#5128 = CARTESIAN_POINT('',(293.95313979555,-106.9738906354,
    20.592715820399));
#5129 = CARTESIAN_POINT('',(293.90062292216,-107.036477808,
    20.598413777257));
#5130 = CARTESIAN_POINT('',(293.84801180782,-107.0991772925,
    20.602069830102));
#5131 = CARTESIAN_POINT('',(293.78142156388,-107.1785364549,
    20.604118122974));
#5132 = CARTESIAN_POINT('',(293.7674715663,-107.1951614147,
    20.604404170351));
#5133 = CARTESIAN_POINT('',(293.75352056827,-107.2117875667,
    20.604547332373));
#5134 = CARTESIAN_POINT('',(293.73956975136,-107.2284135029,
    20.60454758721));
#5135 = PCURVE('',#4854,#5136);
#5136 = DEFINITIONAL_REPRESENTATION('',(#5137),#5146);
#5137 = B_SPLINE_CURVE_WITH_KNOTS('',4,(#5138,#5139,#5140,#5141,#5142,
    #5143,#5144,#5145),.UNSPECIFIED.,.F.,.F.,(5,3,5),(0.,0.790542706692,
    1.),.UNSPECIFIED.);
#5138 = CARTESIAN_POINT('',(0.16797390284,0.305280078384));
#5139 = CARTESIAN_POINT('',(0.13461141519,0.305801761166));
#5140 = CARTESIAN_POINT('',(0.101385121963,0.306325065284));
#5141 = CARTESIAN_POINT('',(6.823572684185E-02,0.306849308466));
#5142 = CARTESIAN_POINT('',(2.632884362396E-02,0.307512846614));
#5143 = CARTESIAN_POINT('',(1.755255833383E-02,0.307651851294));
#5144 = CARTESIAN_POINT('',(8.776629974377E-03,0.307790865943));
#5145 = CARTESIAN_POINT('',(0.,0.307929878787));
#5146 = ( GEOMETRIC_REPRESENTATION_CONTEXT(2) 
PARAMETRIC_REPRESENTATION_CONTEXT() REPRESENTATION_CONTEXT('2D SPACE',''
  ) );
#5147 = PCURVE('',#1109,#5148);
#5148 = DEFINITIONAL_REPRESENTATION('',(#5149),#5158);
#5149 = B_SPLINE_CURVE_WITH_KNOTS('',4,(#5150,#5151,#5152,#5153,#5154,
    #5155,#5156,#5157),.UNSPECIFIED.,.F.,.F.,(5,3,5),(0.,0.790542706692,
    1.),.UNSPECIFIED.);
#5150 = CARTESIAN_POINT('',(-2.952175157837,-4.255509428095));
#5151 = CARTESIAN_POINT('',(-3.033623775164,-4.26327902832));
#5152 = CARTESIAN_POINT('',(-3.115325526397,-4.268976985178));
#5153 = CARTESIAN_POINT('',(-3.197173890535,-4.272633038023));
#5154 = CARTESIAN_POINT('',(-3.300769919678,-4.274681330895));
#5155 = CARTESIAN_POINT('',(-3.3224722633,-4.274967378272));
#5156 = CARTESIAN_POINT('',(-3.344176163342,-4.275110540293));
#5157 = CARTESIAN_POINT('',(-3.365879781602,-4.275110795131));
#5158 = ( GEOMETRIC_REPRESENTATION_CONTEXT(2) 
PARAMETRIC_REPRESENTATION_CONTEXT() REPRESENTATION_CONTEXT('2D SPACE',''
  ) );
#5159 = ORIENTED_EDGE('',*,*,#5160,.T.);
#5160 = EDGE_CURVE('',#5123,#5093,#5161,.T.);
#5161 = SURFACE_CURVE('',#5162,(#5189,#5219),.PCURVE_S1.);
#5162 = B_SPLINE_CURVE_WITH_KNOTS('',4,(#5163,#5164,#5165,#5166,#5167,
    #5168,#5169,#5170,#5171,#5172,#5173,#5174,#5175,#5176,#5177,#5178,
    #5179,#5180,#5181,#5182,#5183,#5184,#5185,#5186,#5187,#5188),
  .UNSPECIFIED.,.F.,.F.,(5,3,3,3,3,3,3,3,5),(0.,0.217029845078,
    0.348589785396,0.457269758131,0.565949752863,0.674629771792,
    0.783309817429,0.891989892651,1.),.UNSPECIFIED.);
#5163 = CARTESIAN_POINT('',(297.86331398724,-70.39999999999,
    20.579104069685));
#5164 = CARTESIAN_POINT('',(297.17738901386,-76.88919795869,
    20.580219266779));
#5165 = CARTESIAN_POINT('',(296.49145901874,-83.37839531313,
    20.581321876443));
#5166 = CARTESIAN_POINT('',(295.80552360854,-89.86759201419,
    20.582410912246));
#5167 = CARTESIAN_POINT('',(294.70377589372,-100.2904324086,
    20.584136327989));
#5168 = CARTESIAN_POINT('',(294.28796732392,-104.2240765544,
    20.584782070327));
#5169 = CARTESIAN_POINT('',(293.87215647448,-108.1577204235,
    20.585422097935));
#5170 = CARTESIAN_POINT('',(293.11284524368,-115.3408963089,
    20.586579832072));
#5171 = CARTESIAN_POINT('',(292.76934562616,-118.5904284181,
    20.587099453534));
#5172 = CARTESIAN_POINT('',(292.42584429605,-121.8399603185,
    20.587614781499));
#5173 = CARTESIAN_POINT('',(291.73883798122,-128.3390243391,
    20.588636449504));
#5174 = CARTESIAN_POINT('',(291.39533299644,-131.5885564592,
    20.589142789355));
#5175 = CARTESIAN_POINT('',(291.05182613914,-134.83808835,
    20.589644434537));
#5176 = CARTESIAN_POINT('',(290.36480842231,-141.3371523734,
    20.590637882349));
#5177 = CARTESIAN_POINT('',(290.0212975627,-144.5866845059,
    20.591129684751));
#5178 = CARTESIAN_POINT('',(289.67778464982,-147.8362163859,
    20.591616338999));
#5179 = CARTESIAN_POINT('',(288.99075442801,-154.3352804126,
    20.592578836753));
#5180 = CARTESIAN_POINT('',(288.64723711897,-157.5848125593,
    20.593054679986));
#5181 = CARTESIAN_POINT('',(288.3037175515,-160.8343444269,
    20.593524860322));
#5182 = CARTESIAN_POINT('',(287.61667357243,-167.3334084576,
    20.5944533087));
#5183 = CARTESIAN_POINT('',(287.27314916068,-170.5829406207,
    20.594911576405));
#5184 = CARTESIAN_POINT('',(286.92962225664,-173.8324724741,
    20.595363594352));
#5185 = CARTESIAN_POINT('',(286.24468091416,-180.3115035032,
    20.596251712818));
#5186 = CARTESIAN_POINT('',(285.90326650785,-183.541002683,
    20.596687893881));
#5187 = CARTESIAN_POINT('',(285.56184937609,-186.770501522,
    20.59711724002));
#5188 = CARTESIAN_POINT('',(285.22042936772,-189.9999999999,
    20.597539371776));
#5189 = PCURVE('',#4854,#5190);
#5190 = DEFINITIONAL_REPRESENTATION('',(#5191),#5218);
#5191 = B_SPLINE_CURVE_WITH_KNOTS('',4,(#5192,#5193,#5194,#5195,#5196,
    #5197,#5198,#5199,#5200,#5201,#5202,#5203,#5204,#5205,#5206,#5207,
    #5208,#5209,#5210,#5211,#5212,#5213,#5214,#5215,#5216,#5217),
  .UNSPECIFIED.,.F.,.F.,(5,3,3,3,3,3,3,3,5),(0.,0.217029845078,
    0.348589785396,0.457269758131,0.565949752863,0.674629771792,
    0.783309817429,0.891989892651,1.),.UNSPECIFIED.);
#5192 = CARTESIAN_POINT('',(0.182455613475,0.));
#5193 = CARTESIAN_POINT('',(0.179875905494,5.425750801582E-02));
#5194 = CARTESIAN_POINT('',(0.177207505325,0.108515010979));
#5195 = CARTESIAN_POINT('',(0.174443551589,0.16277250848));
#5196 = CARTESIAN_POINT('',(0.169836980339,0.249920003417));
#5197 = CARTESIAN_POINT('',(0.16806018493,0.282810004636));
#5198 = CARTESIAN_POINT('',(0.166243240462,0.315700003542));
#5199 = CARTESIAN_POINT('',(0.162848041573,0.375760002583));
#5200 = CARTESIAN_POINT('',(0.161283229269,0.402930003496));
#5201 = CARTESIAN_POINT('',(0.159688297642,0.430100002664));
#5202 = CARTESIAN_POINT('',(0.156435429826,0.484440002836));
#5203 = CARTESIAN_POINT('',(0.154777492395,0.51161000384));
#5204 = CARTESIAN_POINT('',(0.153086669148,0.538780002927));
#5205 = CARTESIAN_POINT('',(0.149636132171,0.593120003122));
#5206 = CARTESIAN_POINT('',(0.14787641695,0.62029000423));
#5207 = CARTESIAN_POINT('',(0.14608069637,0.647460003227));
#5208 = CARTESIAN_POINT('',(0.142413713931,0.70180000345));
#5209 = CARTESIAN_POINT('',(0.140542450267,0.728970004677));
#5210 = CARTESIAN_POINT('',(0.13863164985,0.75614000357));
#5211 = CARTESIAN_POINT('',(0.134726962157,0.810480003827));
#5212 = CARTESIAN_POINT('',(0.132733072685,0.837650005191));
#5213 = CARTESIAN_POINT('',(0.130695632102,0.864820003964));
#5214 = CARTESIAN_POINT('',(0.126541909268,0.918992504208));
#5215 = CARTESIAN_POINT('',(0.124426187864,0.945995005711));
#5216 = CARTESIAN_POINT('',(0.122262937031,0.972997504365));
#5217 = CARTESIAN_POINT('',(0.12004957858,1.));
#5218 = ( GEOMETRIC_REPRESENTATION_CONTEXT(2) 
PARAMETRIC_REPRESENTATION_CONTEXT() REPRESENTATION_CONTEXT('2D SPACE',''
  ) );
#5219 = PCURVE('',#1198,#5220);
#5220 = DEFINITIONAL_REPRESENTATION('',(#5221),#5248);
#5221 = B_SPLINE_CURVE_WITH_KNOTS('',4,(#5222,#5223,#5224,#5225,#5226,
    #5227,#5228,#5229,#5230,#5231,#5232,#5233,#5234,#5235,#5236,#5237,
    #5238,#5239,#5240,#5241,#5242,#5243,#5244,#5245,#5246,#5247),
  .UNSPECIFIED.,.F.,.F.,(5,3,3,3,3,3,3,3,5),(0.,0.217029845078,
    0.348589785396,0.457269758131,0.565949752863,0.674629771792,
    0.783309817429,0.891989892651,1.),.UNSPECIFIED.);
#5222 = CARTESIAN_POINT('',(4.881497521901,1.147540983606E-02));
#5223 = CARTESIAN_POINT('',(4.900815260056,6.466555703845E-02));
#5224 = CARTESIAN_POINT('',(4.920146572281,0.117855699288));
#5225 = CARTESIAN_POINT('',(4.939492522321,0.171045836182));
#5226 = CARTESIAN_POINT('',(4.970591310001,0.256478954169));
#5227 = CARTESIAN_POINT('',(4.982334051402,0.288721938971));
#5228 = CARTESIAN_POINT('',(4.994082955462,0.320964921505));
#5229 = CARTESIAN_POINT('',(5.015549353061,0.379843412369));
#5230 = CARTESIAN_POINT('',(5.025264781573,0.40647892146));
#5231 = CARTESIAN_POINT('',(5.03498484011,0.433114428841));
#5232 = CARTESIAN_POINT('',(5.054434651669,0.486385445403));
#5233 = CARTESIAN_POINT('',(5.064164404894,0.513020954584));
#5234 = CARTESIAN_POINT('',(5.073899220757,0.539656461886));
#5235 = CARTESIAN_POINT('',(5.093379468784,0.592927478471));
#5236 = CARTESIAN_POINT('',(5.103124901191,0.619562987754));
#5237 = CARTESIAN_POINT('',(5.112875885265,0.646198494966));
#5238 = CARTESIAN_POINT('',(5.132389514013,0.699469511579));
#5239 = CARTESIAN_POINT('',(5.142152158986,0.726105020979));
#5240 = CARTESIAN_POINT('',(5.151920910705,0.75274052809));
#5241 = CARTESIAN_POINT('',(5.171471262902,0.806011544735));
#5242 = CARTESIAN_POINT('',(5.181252863743,0.832647054269));
#5243 = CARTESIAN_POINT('',(5.191041204185,0.859282561263));
#5244 = CARTESIAN_POINT('',(5.210571704078,0.912389372977));
#5245 = CARTESIAN_POINT('',(5.220313776671,0.93886067773));
#5246 = CARTESIAN_POINT('',(5.23006321989,0.965331979689));
#5247 = CARTESIAN_POINT('',(5.239820442929,0.991803278688));
#5248 = ( GEOMETRIC_REPRESENTATION_CONTEXT(2) 
PARAMETRIC_REPRESENTATION_CONTEXT() REPRESENTATION_CONTEXT('2D SPACE',''
  ) );
#5249 = ADVANCED_FACE('',(#5250,#5297),#4375,.T.);
#5250 = FACE_BOUND('',#5251,.F.);
#5251 = EDGE_LOOP('',(#5252,#5272,#5294,#5295,#5296));
#5252 = ORIENTED_EDGE('',*,*,#5253,.T.);
#5253 = EDGE_CURVE('',#5093,#5254,#5256,.T.);
#5254 = VERTEX_POINT('',#5255);
#5255 = CARTESIAN_POINT('',(292.15811851497,-125.9040430173,
    20.988926438377));
#5256 = SURFACE_CURVE('',#5257,(#5260,#5266),.PCURVE_S1.);
#5257 = B_SPLINE_CURVE_WITH_KNOTS('',1,(#5258,#5259),.UNSPECIFIED.,.F.,
  .F.,(2,2),(0.,1.),.PIECEWISE_BEZIER_KNOTS.);
#5258 = CARTESIAN_POINT('',(291.79007715996,-125.8682488537,
    20.068621388774));
#5259 = CARTESIAN_POINT('',(292.17382383523,-125.9055704511,
    21.028198344499));
#5260 = PCURVE('',#4375,#5261);
#5261 = DEFINITIONAL_REPRESENTATION('',(#5262),#5265);
#5262 = B_SPLINE_CURVE_WITH_KNOTS('',1,(#5263,#5264),.UNSPECIFIED.,.F.,
  .F.,(2,2),(0.,1.),.PIECEWISE_BEZIER_KNOTS.);
#5263 = CARTESIAN_POINT('',(4.470893486541E-07,-0.800835631033));
#5264 = CARTESIAN_POINT('',(-0.385546673797,-1.760416666667));
#5265 = ( GEOMETRIC_REPRESENTATION_CONTEXT(2) 
PARAMETRIC_REPRESENTATION_CONTEXT() REPRESENTATION_CONTEXT('2D SPACE',''
  ) );
#5266 = PCURVE('',#1198,#5267);
#5267 = DEFINITIONAL_REPRESENTATION('',(#5268),#5271);
#5268 = B_SPLINE_CURVE_WITH_KNOTS('',1,(#5269,#5270),.UNSPECIFIED.,.F.,
  .F.,(2,2),(0.,1.),.PIECEWISE_BEZIER_KNOTS.);
#5269 = CARTESIAN_POINT('',(5.60747573229,0.466133187326));
#5270 = CARTESIAN_POINT('',(4.572656667782,0.466439102059));
#5271 = ( GEOMETRIC_REPRESENTATION_CONTEXT(2) 
PARAMETRIC_REPRESENTATION_CONTEXT() REPRESENTATION_CONTEXT('2D SPACE',''
  ) );
#5272 = ORIENTED_EDGE('',*,*,#5273,.F.);
#5273 = EDGE_CURVE('',#4281,#5254,#5274,.T.);
#5274 = SURFACE_CURVE('',#5275,(#5280,#5287),.PCURVE_S1.);
#5275 = CIRCLE('',#5276,1.760416666667);
#5276 = AXIS2_PLACEMENT_3D('',#5277,#5278,#5279);
#5277 = CARTESIAN_POINT('',(291.78983468682,-125.8705715297,
    19.267789162702));
#5278 = DIRECTION('',(-0.104019604147,-0.994570972053,2.916076511732E-03
    ));
#5279 = DIRECTION('',(0.20865666406,-2.468940476806E-02,-0.977677262616)
  );
#5280 = PCURVE('',#4375,#5281);
#5281 = DEFINITIONAL_REPRESENTATION('',(#5282),#5286);
#5282 = CIRCLE('',#5283,1.760416666667);
#5283 = AXIS2_PLACEMENT_2D('',#5284,#5285);
#5284 = CARTESIAN_POINT('',(0.,0.));
#5285 = DIRECTION('',(-0.210092936574,0.977681419483));
#5286 = ( GEOMETRIC_REPRESENTATION_CONTEXT(2) 
PARAMETRIC_REPRESENTATION_CONTEXT() REPRESENTATION_CONTEXT('2D SPACE',''
  ) );
#5287 = PCURVE('',#4327,#5288);
#5288 = DEFINITIONAL_REPRESENTATION('',(#5289),#5293);
#5289 = LINE('',#5290,#5291);
#5290 = CARTESIAN_POINT('',(-7.64231161705,-12.54754946701));
#5291 = VECTOR('',#5292,1.);
#5292 = DIRECTION('',(1.,-0.));
#5293 = ( GEOMETRIC_REPRESENTATION_CONTEXT(2) 
PARAMETRIC_REPRESENTATION_CONTEXT() REPRESENTATION_CONTEXT('2D SPACE',''
  ) );
#5294 = ORIENTED_EDGE('',*,*,#4361,.T.);
#5295 = ORIENTED_EDGE('',*,*,#4890,.F.);
#5296 = ORIENTED_EDGE('',*,*,#5092,.F.);
#5297 = FACE_BOUND('',#5298,.F.);
#5298 = EDGE_LOOP('',(#5299));
#5299 = ORIENTED_EDGE('',*,*,#5300,.F.);
#5300 = EDGE_CURVE('',#5301,#5301,#5303,.T.);
#5301 = VERTEX_POINT('',#5302);
#5302 = CARTESIAN_POINT('',(292.58549484742,-125.9537875668,
    19.267789162702));
#5303 = SURFACE_CURVE('',#5304,(#5309,#5320),.PCURVE_S1.);
#5304 = CIRCLE('',#5305,0.8);
#5305 = AXIS2_PLACEMENT_3D('',#5306,#5307,#5308);
#5306 = CARTESIAN_POINT('',(291.78983468682,-125.8705715297,
    19.267789162702));
#5307 = DIRECTION('',(0.104019604147,0.994570972053,-2.916076511733E-03)
  );
#5308 = DIRECTION('',(0.994575200748,-0.104020046415,5.421010862428E-20)
  );
#5309 = PCURVE('',#4375,#5310);
#5310 = DEFINITIONAL_REPRESENTATION('',(#5311),#5319);
#5311 = ( BOUNDED_CURVE() B_SPLINE_CURVE(2,(#5312,#5313,#5314,#5315,
#5316,#5317,#5318),.UNSPECIFIED.,.T.,.F.) B_SPLINE_CURVE_WITH_KNOTS((1,2
    ,2,2,2,1),(-2.094395102393,0.,2.094395102393,4.188790204786,
6.28318530718,8.377580409573),.UNSPECIFIED.) CURVE() 
GEOMETRIC_REPRESENTATION_ITEM() RATIONAL_B_SPLINE_CURVE((1.,0.5,1.,0.5,
1.,0.5,1.)) REPRESENTATION_ITEM('') );
#5312 = CARTESIAN_POINT('',(-0.8,-1.214301270244E-18));
#5313 = CARTESIAN_POINT('',(-0.8,1.385640646055));
#5314 = CARTESIAN_POINT('',(0.4,0.692820323028));
#5315 = CARTESIAN_POINT('',(1.6,1.983720904041E-16));
#5316 = CARTESIAN_POINT('',(0.4,-0.692820323028));
#5317 = CARTESIAN_POINT('',(-0.8,-1.385640646055));
#5318 = CARTESIAN_POINT('',(-0.8,-1.214301270244E-18));
#5319 = ( GEOMETRIC_REPRESENTATION_CONTEXT(2) 
PARAMETRIC_REPRESENTATION_CONTEXT() REPRESENTATION_CONTEXT('2D SPACE',''
  ) );
#5320 = PCURVE('',#5321,#5326);
#5321 = CYLINDRICAL_SURFACE('',#5322,0.8);
#5322 = AXIS2_PLACEMENT_3D('',#5323,#5324,#5325);
#5323 = CARTESIAN_POINT('',(296.37814423178,-82.,19.139160893037));
#5324 = DIRECTION('',(-0.104019604147,-0.994570972053,2.916076511733E-03
    ));
#5325 = DIRECTION('',(0.994575200748,-0.104020046415,-0.));
#5326 = DEFINITIONAL_REPRESENTATION('',(#5327),#5331);
#5327 = LINE('',#5328,#5329);
#5328 = CARTESIAN_POINT('',(-0.,44.11004620327));
#5329 = VECTOR('',#5330,1.);
#5330 = DIRECTION('',(-1.,0.));
#5331 = ( GEOMETRIC_REPRESENTATION_CONTEXT(2) 
PARAMETRIC_REPRESENTATION_CONTEXT() REPRESENTATION_CONTEXT('2D SPACE',''
  ) );
#5332 = ADVANCED_FACE('',(#5333),#5321,.F.);
#5333 = FACE_BOUND('',#5334,.T.);
#5334 = EDGE_LOOP('',(#5335,#5336,#5359,#5405));
#5335 = ORIENTED_EDGE('',*,*,#5300,.F.);
#5336 = ORIENTED_EDGE('',*,*,#5337,.F.);
#5337 = EDGE_CURVE('',#5338,#5301,#5340,.T.);
#5338 = VERTEX_POINT('',#5339);
#5339 = CARTESIAN_POINT('',(294.65846682012,-106.1333146199,
    19.20967564719));
#5340 = SEAM_CURVE('',#5341,(#5345,#5352),.PCURVE_S1.);
#5341 = LINE('',#5342,#5343);
#5342 = CARTESIAN_POINT('',(297.17380439237,-82.08321603713,
    19.139160893037));
#5343 = VECTOR('',#5344,1.);
#5344 = DIRECTION('',(-0.104019604147,-0.994570972053,2.916076511733E-03
    ));
#5345 = PCURVE('',#5321,#5346);
#5346 = DEFINITIONAL_REPRESENTATION('',(#5347),#5351);
#5347 = LINE('',#5348,#5349);
#5348 = CARTESIAN_POINT('',(-6.28318530718,-0.));
#5349 = VECTOR('',#5350,1.);
#5350 = DIRECTION('',(-0.,1.));
#5351 = ( GEOMETRIC_REPRESENTATION_CONTEXT(2) 
PARAMETRIC_REPRESENTATION_CONTEXT() REPRESENTATION_CONTEXT('2D SPACE',''
  ) );
#5352 = PCURVE('',#5321,#5353);
#5353 = DEFINITIONAL_REPRESENTATION('',(#5354),#5358);
#5354 = LINE('',#5355,#5356);
#5355 = CARTESIAN_POINT('',(-0.,-0.));
#5356 = VECTOR('',#5357,1.);
#5357 = DIRECTION('',(-0.,1.));
#5358 = ( GEOMETRIC_REPRESENTATION_CONTEXT(2) 
PARAMETRIC_REPRESENTATION_CONTEXT() REPRESENTATION_CONTEXT('2D SPACE',''
  ) );
#5359 = ORIENTED_EDGE('',*,*,#5360,.F.);
#5360 = EDGE_CURVE('',#5338,#5338,#5361,.T.);
#5361 = SURFACE_CURVE('',#5362,(#5367,#5394),.PCURVE_S1.);
#5362 = ELLIPSE('',#5363,1.429556142434,0.8);
#5363 = AXIS2_PLACEMENT_3D('',#5364,#5365,#5366);
#5364 = CARTESIAN_POINT('',(293.73956975136,-107.2284135029,
    19.213130459927));
#5365 = DIRECTION('',(0.766044443119,-0.642787609687,-2.168404344971E-19
    ));
#5366 = DIRECTION('',(-0.642783630574,-0.766039700997,3.518630731649E-03
    ));
#5367 = PCURVE('',#5321,#5368);
#5368 = DEFINITIONAL_REPRESENTATION('',(#5369),#5393);
#5369 = B_SPLINE_CURVE_WITH_KNOTS('',8,(#5370,#5371,#5372,#5373,#5374,
    #5375,#5376,#5377,#5378,#5379,#5380,#5381,#5382,#5383,#5384,#5385,
    #5386,#5387,#5388,#5389,#5390,#5391,#5392),.UNSPECIFIED.,.F.,.F.,(9,
    7,7,9),(3.143561739161,4.714358065955,7.070552556148,9.42674704634),
  .UNSPECIFIED.);
#5370 = CARTESIAN_POINT('',(-6.28318530718,24.181379970501));
#5371 = CARTESIAN_POINT('',(-6.08683576633,24.181838028676));
#5372 = CARTESIAN_POINT('',(-5.890486225482,24.234497818025));
#5373 = CARTESIAN_POINT('',(-5.69413668463,24.339326128682));
#5374 = CARTESIAN_POINT('',(-5.497787143782,24.49202179502));
#5375 = CARTESIAN_POINT('',(-5.301437602934,24.683941076098));
#5376 = CARTESIAN_POINT('',(-5.105088062082,24.903108768708));
#5377 = CARTESIAN_POINT('',(-4.908738521234,25.135835267412));
#5378 = CARTESIAN_POINT('',(-4.417864669111,25.717396563763));
#5379 = CARTESIAN_POINT('',(-4.123340357836,26.066103328038));
#5380 = CARTESIAN_POINT('',(-3.828816046553,26.368444929933));
#5381 = CARTESIAN_POINT('',(-3.534291735285,26.578395779245));
#5382 = CARTESIAN_POINT('',(-3.239767424006,26.662548137596));
#5383 = CARTESIAN_POINT('',(-2.94524311274,26.613774413912));
#5384 = CARTESIAN_POINT('',(-2.650718801466,26.449441330008));
#5385 = CARTESIAN_POINT('',(-2.061670178918,25.954998518293));
#5386 = CARTESIAN_POINT('',(-1.767145867645,25.624886998809));
#5387 = CARTESIAN_POINT('',(-1.472621556365,25.244587815803));
#5388 = CARTESIAN_POINT('',(-1.178097245095,24.862012812606));
#5389 = CARTESIAN_POINT('',(-0.883572933818,24.531750291892));
#5390 = CARTESIAN_POINT('',(-0.589048622549,24.297460127331));
#5391 = CARTESIAN_POINT('',(-0.294524311274,24.180692883239));
#5392 = CARTESIAN_POINT('',(-8.881784197E-15,24.181379970501));
#5393 = ( GEOMETRIC_REPRESENTATION_CONTEXT(2) 
PARAMETRIC_REPRESENTATION_CONTEXT() REPRESENTATION_CONTEXT('2D SPACE',''
  ) );
#5394 = PCURVE('',#1109,#5395);
#5395 = DEFINITIONAL_REPRESENTATION('',(#5396),#5404);
#5396 = ( BOUNDED_CURVE() B_SPLINE_CURVE(2,(#5397,#5398,#5399,#5400,
#5401,#5402,#5403),.UNSPECIFIED.,.T.,.F.) B_SPLINE_CURVE_WITH_KNOTS((1,2
    ,2,2,2,1),(-2.094395102393,0.,2.094395102393,4.188790204786,
6.28318530718,8.377580409573),.UNSPECIFIED.) CURVE() 
GEOMETRIC_REPRESENTATION_ITEM() RATIONAL_B_SPLINE_CURVE((1.,0.5,1.,0.5,
1.,0.5,1.)) REPRESENTATION_ITEM('') );
#5397 = CARTESIAN_POINT('',(-4.795427074511,-2.888723748023));
#5398 = CARTESIAN_POINT('',(-4.800302632271,-1.503091679638));
#5399 = CARTESIAN_POINT('',(-2.653543914028,-2.188362593568));
#5400 = CARTESIAN_POINT('',(-0.506785195784,-2.873633507497));
#5401 = CARTESIAN_POINT('',(-2.648668356268,-3.573994661953));
#5402 = CARTESIAN_POINT('',(-4.790551516751,-4.274355816408));
#5403 = CARTESIAN_POINT('',(-4.795427074511,-2.888723748023));
#5404 = ( GEOMETRIC_REPRESENTATION_CONTEXT(2) 
PARAMETRIC_REPRESENTATION_CONTEXT() REPRESENTATION_CONTEXT('2D SPACE',''
  ) );
#5405 = ORIENTED_EDGE('',*,*,#5337,.T.);
#5406 = ADVANCED_FACE('',(#5407),#4327,.F.);
#5407 = FACE_BOUND('',#5408,.T.);
#5408 = EDGE_LOOP('',(#5409,#5432,#5433,#5434,#5489));
#5409 = ORIENTED_EDGE('',*,*,#5410,.T.);
#5410 = EDGE_CURVE('',#5411,#5254,#5413,.T.);
#5411 = VERTEX_POINT('',#5412);
#5412 = CARTESIAN_POINT('',(290.51826903567,-141.5832671793,
    21.034897835679));
#5413 = SURFACE_CURVE('',#5414,(#5420,#5426),.PCURVE_S1.);
#5414 = B_SPLINE_CURVE_WITH_KNOTS('',4,(#5415,#5416,#5417,#5418,#5419),
  .UNSPECIFIED.,.F.,.F.,(5,5),(0.125000814098,2.647159807618),
  .PIECEWISE_BEZIER_KNOTS.);
#5415 = CARTESIAN_POINT('',(290.51826903567,-141.5832671793,
    21.034897835679));
#5416 = CARTESIAN_POINT('',(290.92823140549,-137.6634611388,
    21.023404986353));
#5417 = CARTESIAN_POINT('',(291.33819377532,-133.7436550983,
    21.011912137028));
#5418 = CARTESIAN_POINT('',(291.74815614509,-129.8238490578,
    21.000419287701));
#5419 = CARTESIAN_POINT('',(292.15811851497,-125.9040430173,
    20.988926438377));
#5420 = PCURVE('',#4327,#5421);
#5421 = DEFINITIONAL_REPRESENTATION('',(#5422),#5425);
#5422 = B_SPLINE_CURVE_WITH_KNOTS('',1,(#5423,#5424),.UNSPECIFIED.,.F.,
  .F.,(2,2),(0.125000814098,2.647159807618),.PIECEWISE_BEZIER_KNOTS.);
#5423 = CARTESIAN_POINT('',(-4.924010518222,3.217262298564));
#5424 = CARTESIAN_POINT('',(-4.924010518222,-12.54754946701));
#5425 = ( GEOMETRIC_REPRESENTATION_CONTEXT(2) 
PARAMETRIC_REPRESENTATION_CONTEXT() REPRESENTATION_CONTEXT('2D SPACE',''
  ) );
#5426 = PCURVE('',#1198,#5427);
#5427 = DEFINITIONAL_REPRESENTATION('',(#5428),#5431);
#5428 = B_SPLINE_CURVE_WITH_KNOTS('',1,(#5429,#5430),.UNSPECIFIED.,.F.,
  .F.,(2,2),(0.125000814098,2.647159807618),.PIECEWISE_BEZIER_KNOTS.);
#5429 = CARTESIAN_POINT('',(4.615007952806,0.594944812945));
#5430 = CARTESIAN_POINT('',(4.615007952806,0.46642658211));
#5431 = ( GEOMETRIC_REPRESENTATION_CONTEXT(2) 
PARAMETRIC_REPRESENTATION_CONTEXT() REPRESENTATION_CONTEXT('2D SPACE',''
  ) );
#5432 = ORIENTED_EDGE('',*,*,#5273,.F.);
#5433 = ORIENTED_EDGE('',*,*,#4280,.T.);
#5434 = ORIENTED_EDGE('',*,*,#5435,.T.);
#5435 = EDGE_CURVE('',#4256,#5436,#5438,.T.);
#5436 = VERTEX_POINT('',#5437);
#5437 = CARTESIAN_POINT('',(292.11559814634,-139.6796444731,
    19.307740384343));
#5438 = SURFACE_CURVE('',#5439,(#5444,#5478),.PCURVE_S1.);
#5439 = ELLIPSE('',#5440,3.145768073845,1.760416666667);
#5440 = AXIS2_PLACEMENT_3D('',#5441,#5442,#5443);
#5441 = CARTESIAN_POINT('',(290.09354600285,-142.0894323795,
    19.315342771746));
#5442 = DIRECTION('',(0.766044443119,-0.642787609687,-2.168404344971E-19
    ));
#5443 = DIRECTION('',(-0.642783630574,-0.766039700997,3.518630731649E-03
    ));
#5444 = PCURVE('',#4327,#5445);
#5445 = DEFINITIONAL_REPRESENTATION('',(#5446),#5477);
#5446 = B_SPLINE_CURVE_WITH_KNOTS('',8,(#5447,#5448,#5449,#5450,#5451,
    #5452,#5453,#5454,#5455,#5456,#5457,#5458,#5459,#5460,#5461,#5462,
    #5463,#5464,#5465,#5466,#5467,#5468,#5469,#5470,#5471,#5472,#5473,
    #5474,#5475,#5476),.UNSPECIFIED.,.F.,.F.,(9,7,7,7,9),(3.143561739161
    ,4.714358065955,5.892455311052,7.659601178696,9.42674704634),
  .UNSPECIFIED.);
#5447 = CARTESIAN_POINT('',(-12.56637061435,1.152784348172));
#5448 = CARTESIAN_POINT('',(-12.37002107351,1.153792314729));
#5449 = CARTESIAN_POINT('',(-12.17367153266,1.269669382847));
#5450 = CARTESIAN_POINT('',(-11.97732199181,1.500355358862));
#5451 = CARTESIAN_POINT('',(-11.78097245096,1.836347524857));
#5452 = CARTESIAN_POINT('',(-11.58462291011,2.258687737479));
#5453 = CARTESIAN_POINT('',(-11.38827336926,2.740961705191));
#5454 = CARTESIAN_POINT('',(-11.19192382841,3.253083113509));
#5455 = CARTESIAN_POINT('',(-10.84831213192,4.148899537445));
#5456 = CARTESIAN_POINT('',(-10.70104997629,4.532693490746));
#5457 = CARTESIAN_POINT('',(-10.55378782065,4.903674114393));
#5458 = CARTESIAN_POINT('',(-10.40652566501,5.249157795851));
#5459 = CARTESIAN_POINT('',(-10.25926350937,5.557353606059));
#5460 = CARTESIAN_POINT('',(-10.11200135374,5.818230855097));
#5461 = CARTESIAN_POINT('',(-9.964739198105,6.024196980238));
#5462 = CARTESIAN_POINT('',(-9.596583809013,6.389751731441));
#5463 = CARTESIAN_POINT('',(-9.375690575559,6.474660241242));
#5464 = CARTESIAN_POINT('',(-9.154797342093,6.408838193169));
#5465 = CARTESIAN_POINT('',(-8.933904108652,6.189963357421));
#5466 = CARTESIAN_POINT('',(-8.71301087519,5.832276898265));
#5467 = CARTESIAN_POINT('',(-8.492117641737,5.365416205436));
#5468 = CARTESIAN_POINT('',(-8.271224408279,4.828459830157));
#5469 = CARTESIAN_POINT('',(-7.829437941368,3.698384228149));
#5470 = CARTESIAN_POINT('',(-7.608544707916,3.105264375943));
#5471 = CARTESIAN_POINT('',(-7.387651474447,2.526077918371));
#5472 = CARTESIAN_POINT('',(-7.166758241025,2.005744661174));
#5473 = CARTESIAN_POINT('',(-6.945865007531,1.585607939185));
#5474 = CARTESIAN_POINT('',(-6.724971774095,1.295897835899));
#5475 = CARTESIAN_POINT('',(-6.504078540635,1.151650385796));
#5476 = CARTESIAN_POINT('',(-6.28318530718,1.152784348172));
#5477 = ( GEOMETRIC_REPRESENTATION_CONTEXT(2) 
PARAMETRIC_REPRESENTATION_CONTEXT() REPRESENTATION_CONTEXT('2D SPACE',''
  ) );
#5478 = PCURVE('',#4269,#5479);
#5479 = DEFINITIONAL_REPRESENTATION('',(#5480),#5488);
#5480 = ( BOUNDED_CURVE() B_SPLINE_CURVE(2,(#5481,#5482,#5483,#5484,
#5485,#5486,#5487),.UNSPECIFIED.,.T.,.F.) B_SPLINE_CURVE_WITH_KNOTS((1,2
    ,2,2,2,1),(-2.094395102393,0.,2.094395102393,4.188790204786,
6.28318530718,8.377580409573),.UNSPECIFIED.) CURVE() 
GEOMETRIC_REPRESENTATION_ITEM() RATIONAL_B_SPLINE_CURVE((1.,0.5,1.,0.5,
1.,0.5,1.)) REPRESENTATION_ITEM('') );
#5481 = CARTESIAN_POINT('',(-6.330201410355,-2.79227163886));
#5482 = CARTESIAN_POINT('',(-6.34093017678,0.256840594956));
#5483 = CARTESIAN_POINT('',(-1.616942893146,-1.251112327623));
#5484 = CARTESIAN_POINT('',(3.107044390489,-2.759065250202));
#5485 = CARTESIAN_POINT('',(-1.60621412672,-4.300224561439));
#5486 = CARTESIAN_POINT('',(-6.319472643929,-5.841383872675));
#5487 = CARTESIAN_POINT('',(-6.330201410355,-2.79227163886));
#5488 = ( GEOMETRIC_REPRESENTATION_CONTEXT(2) 
PARAMETRIC_REPRESENTATION_CONTEXT() REPRESENTATION_CONTEXT('2D SPACE',''
  ) );
#5489 = ORIENTED_EDGE('',*,*,#5490,.T.);
#5490 = EDGE_CURVE('',#5436,#5411,#5491,.T.);
#5491 = SURFACE_CURVE('',#5492,(#5497,#5531),.PCURVE_S1.);
#5492 = ELLIPSE('',#5493,3.145768073845,1.760416666667);
#5493 = AXIS2_PLACEMENT_3D('',#5494,#5495,#5496);
#5494 = CARTESIAN_POINT('',(290.09354600285,-142.0894323795,
    19.315342771746));
#5495 = DIRECTION('',(0.766044443119,-0.642787609687,-2.168404344971E-19
    ));
#5496 = DIRECTION('',(-0.642783630574,-0.766039700997,3.518630731649E-03
    ));
#5497 = PCURVE('',#4327,#5498);
#5498 = DEFINITIONAL_REPRESENTATION('',(#5499),#5530);
#5499 = B_SPLINE_CURVE_WITH_KNOTS('',8,(#5500,#5501,#5502,#5503,#5504,
    #5505,#5506,#5507,#5508,#5509,#5510,#5511,#5512,#5513,#5514,#5515,
    #5516,#5517,#5518,#5519,#5520,#5521,#5522,#5523,#5524,#5525,#5526,
    #5527,#5528,#5529),.UNSPECIFIED.,.F.,.F.,(9,7,7,7,9),(3.143561739161
    ,4.714358065955,5.892455311052,7.659601178696,9.42674704634),
  .UNSPECIFIED.);
#5500 = CARTESIAN_POINT('',(-6.28318530718,1.152784348172));
#5501 = CARTESIAN_POINT('',(-6.08683576633,1.153792314729));
#5502 = CARTESIAN_POINT('',(-5.890486225481,1.269669382847));
#5503 = CARTESIAN_POINT('',(-5.694136684632,1.500355358862));
#5504 = CARTESIAN_POINT('',(-5.497787143784,1.836347524857));
#5505 = CARTESIAN_POINT('',(-5.301437602935,2.258687737479));
#5506 = CARTESIAN_POINT('',(-5.105088062083,2.740961705191));
#5507 = CARTESIAN_POINT('',(-4.908738521234,3.253083113509));
#5508 = CARTESIAN_POINT('',(-4.565126824748,4.148899537445));
#5509 = CARTESIAN_POINT('',(-4.417864669111,4.532693490746));
#5510 = CARTESIAN_POINT('',(-4.270602513474,4.903674114393));
#5511 = CARTESIAN_POINT('',(-4.123340357836,5.249157795851));
#5512 = CARTESIAN_POINT('',(-3.976078202199,5.557353606059));
#5513 = CARTESIAN_POINT('',(-3.828816046563,5.818230855097));
#5514 = CARTESIAN_POINT('',(-3.681553890926,6.024196980238));
#5515 = CARTESIAN_POINT('',(-3.313398501833,6.389751731441));
#5516 = CARTESIAN_POINT('',(-3.092505268379,6.474660241242));
#5517 = CARTESIAN_POINT('',(-2.871612034914,6.408838193169));
#5518 = CARTESIAN_POINT('',(-2.650718801472,6.189963357421));
#5519 = CARTESIAN_POINT('',(-2.429825568011,5.832276898265));
#5520 = CARTESIAN_POINT('',(-2.208932334557,5.365416205436));
#5521 = CARTESIAN_POINT('',(-1.9880391011,4.828459830157));
#5522 = CARTESIAN_POINT('',(-1.546252634189,3.698384228149));
#5523 = CARTESIAN_POINT('',(-1.325359400737,3.105264375943));
#5524 = CARTESIAN_POINT('',(-1.104466167267,2.526077918371));
#5525 = CARTESIAN_POINT('',(-0.883572933845,2.005744661174));
#5526 = CARTESIAN_POINT('',(-0.662679700351,1.585607939185));
#5527 = CARTESIAN_POINT('',(-0.441786466915,1.295897835899));
#5528 = CARTESIAN_POINT('',(-0.220893233456,1.151650385796));
#5529 = CARTESIAN_POINT('',(-1.7763568394E-15,1.152784348172));
#5530 = ( GEOMETRIC_REPRESENTATION_CONTEXT(2) 
PARAMETRIC_REPRESENTATION_CONTEXT() REPRESENTATION_CONTEXT('2D SPACE',''
  ) );
#5531 = PCURVE('',#4269,#5532);
#5532 = DEFINITIONAL_REPRESENTATION('',(#5533),#5541);
#5533 = ( BOUNDED_CURVE() B_SPLINE_CURVE(2,(#5534,#5535,#5536,#5537,
#5538,#5539,#5540),.UNSPECIFIED.,.T.,.F.) B_SPLINE_CURVE_WITH_KNOTS((1,2
    ,2,2,2,1),(-2.094395102393,0.,2.094395102393,4.188790204786,
6.28318530718,8.377580409573),.UNSPECIFIED.) CURVE() 
GEOMETRIC_REPRESENTATION_ITEM() RATIONAL_B_SPLINE_CURVE((1.,0.5,1.,0.5,
1.,0.5,1.)) REPRESENTATION_ITEM('') );
#5534 = CARTESIAN_POINT('',(-6.330201410355,-2.79227163886));
#5535 = CARTESIAN_POINT('',(-6.34093017678,0.256840594956));
#5536 = CARTESIAN_POINT('',(-1.616942893146,-1.251112327623));
#5537 = CARTESIAN_POINT('',(3.107044390489,-2.759065250202));
#5538 = CARTESIAN_POINT('',(-1.60621412672,-4.300224561439));
#5539 = CARTESIAN_POINT('',(-6.319472643929,-5.841383872675));
#5540 = CARTESIAN_POINT('',(-6.330201410355,-2.79227163886));
#5541 = ( GEOMETRIC_REPRESENTATION_CONTEXT(2) 
PARAMETRIC_REPRESENTATION_CONTEXT() REPRESENTATION_CONTEXT('2D SPACE',''
  ) );
#5542 = ADVANCED_FACE('',(#5543,#5884),#4269,.T.);
#5543 = FACE_BOUND('',#5544,.F.);
#5544 = EDGE_LOOP('',(#5545,#5546,#5547,#5567,#5634,#5883));
#5545 = ORIENTED_EDGE('',*,*,#5435,.T.);
#5546 = ORIENTED_EDGE('',*,*,#5490,.T.);
#5547 = ORIENTED_EDGE('',*,*,#5548,.F.);
#5548 = EDGE_CURVE('',#5549,#5411,#5551,.T.);
#5549 = VERTEX_POINT('',#5550);
#5550 = CARTESIAN_POINT('',(290.31292065985,-141.8279918439,
    20.590710445106));
#5551 = SURFACE_CURVE('',#5552,(#5555,#5561),.PCURVE_S1.);
#5552 = B_SPLINE_CURVE_WITH_KNOTS('',1,(#5553,#5554),.UNSPECIFIED.,.F.,
  .F.,(2,2),(0.,1.),.PIECEWISE_BEZIER_KNOTS.);
#5553 = CARTESIAN_POINT('',(290.09354548931,-142.0894329915,
    20.116181809685));
#5554 = CARTESIAN_POINT('',(290.53717045388,-141.5607413462,
    21.075783338683));
#5555 = PCURVE('',#4269,#5556);
#5556 = DEFINITIONAL_REPRESENTATION('',(#5557),#5560);
#5557 = B_SPLINE_CURVE_WITH_KNOTS('',1,(#5558,#5559),.UNSPECIFIED.,.F.,
  .F.,(2,2),(0.,1.),.PIECEWISE_BEZIER_KNOTS.);
#5558 = CARTESIAN_POINT('',(-3.184453608994,-3.58204188058));
#5559 = CARTESIAN_POINT('',(-2.494295681415,-4.541643409578));
#5560 = ( GEOMETRIC_REPRESENTATION_CONTEXT(2) 
PARAMETRIC_REPRESENTATION_CONTEXT() REPRESENTATION_CONTEXT('2D SPACE',''
  ) );
#5561 = PCURVE('',#1198,#5562);
#5562 = DEFINITIONAL_REPRESENTATION('',(#5563),#5566);
#5563 = B_SPLINE_CURVE_WITH_KNOTS('',1,(#5564,#5565),.UNSPECIFIED.,.F.,
  .F.,(2,2),(0.,1.),.PIECEWISE_BEZIER_KNOTS.);
#5564 = CARTESIAN_POINT('',(5.60747573229,0.599093713045));
#5565 = CARTESIAN_POINT('',(4.570840284852,0.594760174969));
#5566 = ( GEOMETRIC_REPRESENTATION_CONTEXT(2) 
PARAMETRIC_REPRESENTATION_CONTEXT() REPRESENTATION_CONTEXT('2D SPACE',''
  ) );
#5567 = ORIENTED_EDGE('',*,*,#5568,.T.);
#5568 = EDGE_CURVE('',#5549,#5569,#5571,.T.);
#5569 = VERTEX_POINT('',#5570);
#5570 = CARTESIAN_POINT('',(290.09354600285,-142.0894323795,
    20.605081927305));
#5571 = SURFACE_CURVE('',#5572,(#5581,#5593),.PCURVE_S1.);
#5572 = B_SPLINE_CURVE_WITH_KNOTS('',4,(#5573,#5574,#5575,#5576,#5577,
    #5578,#5579,#5580),.UNSPECIFIED.,.F.,.F.,(5,3,5),(0.,0.759600299507,
    1.),.UNSPECIFIED.);
#5573 = CARTESIAN_POINT('',(290.31485001404,-141.8256925291,
    20.590455203436));
#5574 = CARTESIAN_POINT('',(290.27295731013,-141.8756183095,
    20.596022145624));
#5575 = CARTESIAN_POINT('',(290.23096172333,-141.9256667009,
    20.600166775469));
#5576 = CARTESIAN_POINT('',(290.18890461433,-141.9757884117,
    20.602904226588));
#5577 = CARTESIAN_POINT('',(290.13350722671,-142.0418084474,
    20.604659541013));
#5578 = CARTESIAN_POINT('',(290.12018743957,-142.0576823516,
    20.604940881568));
#5579 = CARTESIAN_POINT('',(290.10686661981,-142.0735574864,
    20.605081683979));
#5580 = CARTESIAN_POINT('',(290.09354600285,-142.0894323795,
    20.605081927305));
#5581 = PCURVE('',#4269,#5582);
#5582 = DEFINITIONAL_REPRESENTATION('',(#5583),#5592);
#5583 = B_SPLINE_CURVE_WITH_KNOTS('',4,(#5584,#5585,#5586,#5587,#5588,
    #5589,#5590,#5591),.UNSPECIFIED.,.F.,.F.,(5,3,5),(0.,0.759600299507,
    1.),.UNSPECIFIED.);
#5584 = CARTESIAN_POINT('',(-2.840164886883,-4.056315274331));
#5585 = CARTESIAN_POINT('',(-2.905338364521,-4.061882216519));
#5586 = CARTESIAN_POINT('',(-2.970671899535,-4.066026846364));
#5587 = CARTESIAN_POINT('',(-3.036101146096,-4.068764297483));
#5588 = CARTESIAN_POINT('',(-3.122284181951,-4.070519611908));
#5589 = CARTESIAN_POINT('',(-3.143006092186,-4.070800952462));
#5590 = CARTESIAN_POINT('',(-3.16372960887,-4.070941754874));
#5591 = CARTESIAN_POINT('',(-3.184452810073,-4.0709419982));
#5592 = ( GEOMETRIC_REPRESENTATION_CONTEXT(2) 
PARAMETRIC_REPRESENTATION_CONTEXT() REPRESENTATION_CONTEXT('2D SPACE',''
  ) );
#5593 = PCURVE('',#5594,#5623);
#5594 = B_SPLINE_SURFACE_WITH_KNOTS('',13,1,(
    (#5595,#5596)
    ,(#5597,#5598)
    ,(#5599,#5600)
    ,(#5601,#5602)
    ,(#5603,#5604)
    ,(#5605,#5606)
    ,(#5607,#5608)
    ,(#5609,#5610)
    ,(#5611,#5612)
    ,(#5613,#5614)
    ,(#5615,#5616)
    ,(#5617,#5618)
    ,(#5619,#5620)
    ,(#5621,#5622
    )),.UNSPECIFIED.,.T.,.F.,.F.,(14,14),(2,2),(0.,6.28318530718),(0.,1.
    ),.PIECEWISE_BEZIER_KNOTS.);
#5595 = CARTESIAN_POINT('',(297.59135821248,-70.4,20.603983091432));
#5596 = CARTESIAN_POINT('',(285.08270372175,-190.,20.605816287289));
#5597 = CARTESIAN_POINT('',(298.31577725692,-70.39999999999,
    20.60398309143));
#5598 = CARTESIAN_POINT('',(285.63852396041,-189.9999999999,
    20.605816287288));
#5599 = CARTESIAN_POINT('',(299.04019659116,-70.40000000002,
    20.224676085388));
#5600 = CARTESIAN_POINT('',(286.19434442163,-190.0000000001,
    20.314787893904));
#5601 = CARTESIAN_POINT('',(299.54795412979,-70.39999999992,
    19.466084655182));
#5602 = CARTESIAN_POINT('',(286.58392821036,-189.9999999996,
    19.732748433391));
#5603 = CARTESIAN_POINT('',(299.62241466442,-70.40000000014,
    18.464216879548));
#5604 = CARTESIAN_POINT('',(286.64105905644,-190.0000000007,
    18.964051930342));
#5605 = CARTESIAN_POINT('',(299.14185434531,-70.39999999979,
    17.491773718957));
#5606 = CARTESIAN_POINT('',(286.27234269725,-189.9999999989,
    18.217931858281));
#5607 = CARTESIAN_POINT('',(298.1750753663,-70.40000000021,
    16.881330772054));
#5608 = CARTESIAN_POINT('',(285.53056854691,-190.0000000012,
    17.749561310786));
#5609 = CARTESIAN_POINT('',(297.00764105872,-70.39999999982,
    16.881330771919));
#5610 = CARTESIAN_POINT('',(284.63483889673,-189.9999999987,
    17.749561310676));
#5611 = CARTESIAN_POINT('',(296.04086207955,-70.40000000011,
    17.491773719065));
#5612 = CARTESIAN_POINT('',(283.89306474591,-190.0000000009,
    18.217931858368));
#5613 = CARTESIAN_POINT('',(295.56030176064,-70.39999999994,
    18.46421687948));
#5614 = CARTESIAN_POINT('',(283.52434838738,-189.9999999994,
    18.964051930288));
#5615 = CARTESIAN_POINT('',(295.63476229512,-70.40000000002,
    19.466084655215));
#5616 = CARTESIAN_POINT('',(283.58147923292,-190.0000000002,
    19.732748433416));
#5617 = CARTESIAN_POINT('',(296.14251983383,-70.39999999999,
    20.224676085376));
#5618 = CARTESIAN_POINT('',(283.97106302195,-189.9999999999,
    20.314787893895));
#5619 = CARTESIAN_POINT('',(296.86693916804,-70.4,20.603983091433));
#5620 = CARTESIAN_POINT('',(284.52688348306,-190.,20.60581628729));
#5621 = CARTESIAN_POINT('',(297.59135821248,-70.4,20.603983091432));
#5622 = CARTESIAN_POINT('',(285.08270372175,-190.,20.605816287289));
#5623 = DEFINITIONAL_REPRESENTATION('',(#5624),#5633);
#5624 = B_SPLINE_CURVE_WITH_KNOTS('',4,(#5625,#5626,#5627,#5628,#5629,
    #5630,#5631,#5632),.UNSPECIFIED.,.F.,.F.,(5,3,5),(0.,0.759600299507,
    1.),.UNSPECIFIED.);
#5625 = CARTESIAN_POINT('',(0.150681040556,0.597204787033));
#5626 = CARTESIAN_POINT('',(0.121956496193,0.597622226668));
#5627 = CARTESIAN_POINT('',(9.331973284157E-02,0.59804069148));
#5628 = CARTESIAN_POINT('',(6.473391748937E-02,0.598459769329));
#5629 = CARTESIAN_POINT('',(2.712141573485E-02,0.599011776316));
#5630 = CARTESIAN_POINT('',(1.808091755479E-02,0.599144501268));
#5631 = CARTESIAN_POINT('',(9.040822655778E-03,0.599277236508));
#5632 = CARTESIAN_POINT('',(0.,0.599409969729));
#5633 = ( GEOMETRIC_REPRESENTATION_CONTEXT(2) 
PARAMETRIC_REPRESENTATION_CONTEXT() REPRESENTATION_CONTEXT('2D SPACE',''
  ) );
#5634 = ORIENTED_EDGE('',*,*,#5635,.T.);
#5635 = EDGE_CURVE('',#5569,#4135,#5636,.T.);
#5636 = SURFACE_CURVE('',#5637,(#5717,#5800),.PCURVE_S1.);
#5637 = B_SPLINE_CURVE_WITH_KNOTS('',8,(#5638,#5639,#5640,#5641,#5642,
    #5643,#5644,#5645,#5646,#5647,#5648,#5649,#5650,#5651,#5652,#5653,
    #5654,#5655,#5656,#5657,#5658,#5659,#5660,#5661,#5662,#5663,#5664,
    #5665,#5666,#5667,#5668,#5669,#5670,#5671,#5672,#5673,#5674,#5675,
    #5676,#5677,#5678,#5679,#5680,#5681,#5682,#5683,#5684,#5685,#5686,
    #5687,#5688,#5689,#5690,#5691,#5692,#5693,#5694,#5695,#5696,#5697,
    #5698,#5699,#5700,#5701,#5702,#5703,#5704,#5705,#5706,#5707,#5708,
    #5709,#5710,#5711,#5712,#5713,#5714,#5715,#5716),.UNSPECIFIED.,.F.,
  .F.,(9,7,7,7,7,7,7,7,7,7,7,9),(0.,0.265054551717,0.340092252373,
    0.392570290395,0.419358825681,0.472532401764,0.525234860348,
    0.552031080816,0.604528354271,0.678591787294,0.947085063054,1.),
  .UNSPECIFIED.);
#5638 = CARTESIAN_POINT('',(290.09354600285,-142.0894323795,
    20.605081927305));
#5639 = CARTESIAN_POINT('',(289.95828629187,-142.250628626,
    20.605084398077));
#5640 = CARTESIAN_POINT('',(289.82337973306,-142.4114040021,
    20.592663862279));
#5641 = CARTESIAN_POINT('',(289.68914809947,-142.5713750337,
    20.567921333413));
#5642 = CARTESIAN_POINT('',(289.55624022571,-142.7297684697,
    20.530429324554));
#5643 = CARTESIAN_POINT('',(289.42559907463,-142.8854605308,
    20.479593815526));
#5644 = CARTESIAN_POINT('',(289.29861950954,-143.0367888837,
    20.414438845963));
#5645 = CARTESIAN_POINT('',(289.17701032241,-143.1817170694,
    20.333979437693));
#5646 = CARTESIAN_POINT('',(289.03121717069,-143.3554665817,
    20.208288850393));
#5647 = CARTESIAN_POINT('',(288.9997168922,-143.3930071518,
    20.179177665888));
#5648 = CARTESIAN_POINT('',(288.96895052116,-143.429673085,
    20.148649511181));
#5649 = CARTESIAN_POINT('',(288.93899856244,-143.4653684394,
    20.116668769594));
#5650 = CARTESIAN_POINT('',(288.90995504722,-143.499981153,
    20.083203787116));
#5651 = CARTESIAN_POINT('',(288.88192704816,-143.5333836216,
    20.048228388708));
#5652 = CARTESIAN_POINT('',(288.85503419466,-143.5654332764,
    20.011723394617));
#5653 = CARTESIAN_POINT('',(288.81148649616,-143.6173314025,
    19.947070971545));
#5654 = CARTESIAN_POINT('',(288.79418630635,-143.6379489658,
    19.919713160519));
#5655 = CARTESIAN_POINT('',(288.77755313846,-143.6577716034,
    19.891602771232));
#5656 = CARTESIAN_POINT('',(288.7616372895,-143.6767393736,
    19.862742634946));
#5657 = CARTESIAN_POINT('',(288.74649274066,-143.6947879441,
    19.833141372346));
#5658 = CARTESIAN_POINT('',(288.73217606421,-143.7118498947,
    19.802814419342));
#5659 = CARTESIAN_POINT('',(288.71874533048,-143.7278560199,
    19.771785052864));
#5660 = CARTESIAN_POINT('',(288.69988510825,-143.7503327575,
    19.723903660345));
#5661 = CARTESIAN_POINT('',(288.69375739935,-143.7576354766,
    19.707547548505));
#5662 = CARTESIAN_POINT('',(288.68788370318,-143.7646354751,
    19.691021613646));
#5663 = CARTESIAN_POINT('',(288.68227184158,-143.7713234313,
    19.674331060109));
#5664 = CARTESIAN_POINT('',(288.67692956078,-143.7776901136,
    19.657481805197));
#5665 = CARTESIAN_POINT('',(288.67186444897,-143.7837264788,
    19.640480520308));
#5666 = CARTESIAN_POINT('',(288.66708385394,-143.7894237701,
    19.623334672066));
#5667 = CARTESIAN_POINT('',(288.65368430923,-143.8053927257,
    19.571748652937));
#5668 = CARTESIAN_POINT('',(288.64592117479,-143.8146444691,
    19.536902665893));
#5669 = CARTESIAN_POINT('',(288.63936231075,-143.8224610188,
    19.501585356907));
#5670 = CARTESIAN_POINT('',(288.63405715778,-143.8287834539,
    19.465875514601));
#5671 = CARTESIAN_POINT('',(288.63004566959,-143.8335641594,
    19.429859883276));
#5672 = CARTESIAN_POINT('',(288.62735629869,-143.8367692268,
    19.393633084569));
#5673 = CARTESIAN_POINT('',(288.62600398214,-143.8383808549,
    19.35729753909));
#5674 = CARTESIAN_POINT('',(288.62597241295,-143.8384184776,
    19.284951157387));
#5675 = CARTESIAN_POINT('',(288.62726957863,-143.8368725758,
    19.248932192286));
#5676 = CARTESIAN_POINT('',(288.62987969809,-143.8337619565,
    19.213013549315));
#5677 = CARTESIAN_POINT('',(288.63378788902,-143.829104356,
    19.177294845358));
#5678 = CARTESIAN_POINT('',(288.63896626588,-143.8229330067,
    19.141868177595));
#5679 = CARTESIAN_POINT('',(288.64537589274,-143.8152943109,
    19.10681804346));
#5680 = CARTESIAN_POINT('',(288.65296873607,-143.8062455126,
    19.072221260592));
#5681 = CARTESIAN_POINT('',(288.66612369277,-143.7905680457,
    19.02082199422));
#5682 = CARTESIAN_POINT('',(288.67084970032,-143.7849358092,
    19.003630868272));
#5683 = CARTESIAN_POINT('',(288.67586063015,-143.7789640156,
    18.986581857721));
#5684 = CARTESIAN_POINT('',(288.6811491488,-143.7726614045,18.9696824779
    ));
#5685 = CARTESIAN_POINT('',(288.68670768197,-143.7660370026,
    18.952939451152));
#5686 = CARTESIAN_POINT('',(288.69252849691,-143.7591000255,
    18.93635874728));
#5687 = CARTESIAN_POINT('',(288.69860378499,-143.7518597791,18.919945624
    ));
#5688 = CARTESIAN_POINT('',(288.71731128247,-143.7295650517,
    18.871886525687));
#5689 = CARTESIAN_POINT('',(288.73064320757,-143.7136766821,
    18.840730368556));
#5690 = CARTESIAN_POINT('',(288.74486312281,-143.696730047,
    18.810268745111));
#5691 = CARTESIAN_POINT('',(288.75991302812,-143.6787942683,
    18.780525354139));
#5692 = CARTESIAN_POINT('',(288.7757364124,-143.6599366933,
    18.751516057666));
#5693 = CARTESIAN_POINT('',(288.792279346,-143.6402215927,
    18.723249894522));
#5694 = CARTESIAN_POINT('',(288.80949157327,-143.619708859,
    18.695730093896));
#5695 = CARTESIAN_POINT('',(288.8524907735,-143.5684644077,
    18.631180769243));
#5696 = CARTESIAN_POINT('',(288.87889190532,-143.537000764,
    18.594894112806));
#5697 = CARTESIAN_POINT('',(288.9064044764,-143.5042125585,
    18.560086080968));
#5698 = CARTESIAN_POINT('',(288.93491340497,-143.4702369405,
    18.52673941665));
#5699 = CARTESIAN_POINT('',(288.96431551859,-143.435196866,
    18.49483006959));
#5700 = CARTESIAN_POINT('',(288.99452002118,-143.3992005415,
    18.464328621607));
#5701 = CARTESIAN_POINT('',(289.02544896011,-143.3623408674,
    18.435201711863));
#5702 = CARTESIAN_POINT('',(289.17155253678,-143.188221405,
    18.306676055135));
#5703 = CARTESIAN_POINT('',(289.29437866042,-143.0418429309,
    18.223845407194));
#5704 = CARTESIAN_POINT('',(289.4227796211,-142.8888206247,
    18.156649401882));
#5705 = CARTESIAN_POINT('',(289.55498259747,-142.7312672527,
    18.104096399927));
#5706 = CARTESIAN_POINT('',(289.68953594823,-142.5709128135,
    18.065186489462));
#5707 = CARTESIAN_POINT('',(289.82546568207,-142.4089180649,
    18.03932290089));
#5708 = CARTESIAN_POINT('',(289.96210235059,-142.2460808243,
    18.026075322711));
#5709 = CARTESIAN_POINT('',(290.12612336898,-142.0506081864,
    18.025475213125));
#5710 = CARTESIAN_POINT('',(290.15312786208,-142.0184254847,
    18.025871514457));
#5711 = CARTESIAN_POINT('',(290.18012750572,-141.9862485624,
    18.02676298611));
#5712 = CARTESIAN_POINT('',(290.20711642005,-141.9540844268,
    18.028150165035));
#5713 = CARTESIAN_POINT('',(290.23408864069,-141.9219401859,
    18.030034054996));
#5714 = CARTESIAN_POINT('',(290.26103811875,-141.8898230486,
    18.032416126566));
#5715 = CARTESIAN_POINT('',(290.28795872083,-141.8577403244,
    18.035298317132));
#5716 = CARTESIAN_POINT('',(290.31484422903,-141.8256994234,
    18.038683030891));
#5717 = PCURVE('',#4269,#5718);
#5718 = DEFINITIONAL_REPRESENTATION('',(#5719),#5799);
#5719 = B_SPLINE_CURVE_WITH_KNOTS('',8,(#5720,#5721,#5722,#5723,#5724,
    #5725,#5726,#5727,#5728,#5729,#5730,#5731,#5732,#5733,#5734,#5735,
    #5736,#5737,#5738,#5739,#5740,#5741,#5742,#5743,#5744,#5745,#5746,
    #5747,#5748,#5749,#5750,#5751,#5752,#5753,#5754,#5755,#5756,#5757,
    #5758,#5759,#5760,#5761,#5762,#5763,#5764,#5765,#5766,#5767,#5768,
    #5769,#5770,#5771,#5772,#5773,#5774,#5775,#5776,#5777,#5778,#5779,
    #5780,#5781,#5782,#5783,#5784,#5785,#5786,#5787,#5788,#5789,#5790,
    #5791,#5792,#5793,#5794,#5795,#5796,#5797,#5798),.UNSPECIFIED.,.F.,
  .F.,(9,7,7,7,7,7,7,7,7,7,7,9),(0.,0.265054551717,0.340092252373,
    0.392570290395,0.419358825681,0.472532401764,0.525234860348,
    0.552031080816,0.604528354271,0.678591787294,0.947085063054,1.),
  .UNSPECIFIED.);
#5720 = CARTESIAN_POINT('',(-3.184452810073,-4.0709419982));
#5721 = CARTESIAN_POINT('',(-3.394879565256,-4.070944468972));
#5722 = CARTESIAN_POINT('',(-3.604756913199,-4.058523933174));
#5723 = CARTESIAN_POINT('',(-3.813584263894,-4.033781404308));
#5724 = CARTESIAN_POINT('',(-4.020352209873,-3.996289395449));
#5725 = CARTESIAN_POINT('',(-4.223593761378,-3.945453886421));
#5726 = CARTESIAN_POINT('',(-4.421138896312,-3.880298916857));
#5727 = CARTESIAN_POINT('',(-4.610329206289,-3.799839508588));
#5728 = CARTESIAN_POINT('',(-4.837143086215,-3.674148921288));
#5729 = CARTESIAN_POINT('',(-4.886148820015,-3.645037736782));
#5730 = CARTESIAN_POINT('',(-4.934012796512,-3.614509582076));
#5731 = CARTESIAN_POINT('',(-4.980609772352,-3.582528840489));
#5732 = CARTESIAN_POINT('',(-5.025793461003,-3.549063858011));
#5733 = CARTESIAN_POINT('',(-5.069397286953,-3.514088459603));
#5734 = CARTESIAN_POINT('',(-5.111235139913,-3.477583465512));
#5735 = CARTESIAN_POINT('',(-5.178983332082,-3.41293104244));
#5736 = CARTESIAN_POINT('',(-5.205897649566,-3.385573231414));
#5737 = CARTESIAN_POINT('',(-5.231774265179,-3.357462842127));
#5738 = CARTESIAN_POINT('',(-5.256534930629,-3.32860270584));
#5739 = CARTESIAN_POINT('',(-5.280095666107,-3.299001443241));
#5740 = CARTESIAN_POINT('',(-5.302368460774,-3.268674490237));
#5741 = CARTESIAN_POINT('',(-5.323262973251,-3.237645123759));
#5742 = CARTESIAN_POINT('',(-5.352604270353,-3.189763731239));
#5743 = CARTESIAN_POINT('',(-5.362137293095,-3.173407619399));
#5744 = CARTESIAN_POINT('',(-5.371275142189,-3.156881684541));
#5745 = CARTESIAN_POINT('',(-5.380005648989,-3.140191131004));
#5746 = CARTESIAN_POINT('',(-5.388316762519,-3.123341876092));
#5747 = CARTESIAN_POINT('',(-5.396196677644,-3.106340591203));
#5748 = CARTESIAN_POINT('',(-5.403633963235,-3.08919474296));
#5749 = CARTESIAN_POINT('',(-5.424479954221,-3.037608723832));
#5750 = CARTESIAN_POINT('',(-5.43655724744,-3.002762736788));
#5751 = CARTESIAN_POINT('',(-5.4467610285,-2.967445427802));
#5752 = CARTESIAN_POINT('',(-5.455014381376,-2.931735585495));
#5753 = CARTESIAN_POINT('',(-5.461255149129,-2.895719954171));
#5754 = CARTESIAN_POINT('',(-5.465439067518,-2.859493155463));
#5755 = CARTESIAN_POINT('',(-5.467542898601,-2.823157609985));
#5756 = CARTESIAN_POINT('',(-5.467592011548,-2.750811228281));
#5757 = CARTESIAN_POINT('',(-5.465573979992,-2.71479226318));
#5758 = CARTESIAN_POINT('',(-5.461513354959,-2.67887362021));
#5759 = CARTESIAN_POINT('',(-5.455433289211,-2.643154916252));
#5760 = CARTESIAN_POINT('',(-5.447377164941,-2.60772824849));
#5761 = CARTESIAN_POINT('',(-5.437405555718,-2.572678114355));
#5762 = CARTESIAN_POINT('',(-5.425593188436,-2.538081331486));
#5763 = CARTESIAN_POINT('',(-5.40512770885,-2.486682065115));
#5764 = CARTESIAN_POINT('',(-5.397775346297,-2.469490939167));
#5765 = CARTESIAN_POINT('',(-5.389979723371,-2.452441928615));
#5766 = CARTESIAN_POINT('',(-5.381752248889,-2.435542548795));
#5767 = CARTESIAN_POINT('',(-5.373104706404,-2.418799522047));
#5768 = CARTESIAN_POINT('',(-5.364049125901,-2.402218818175));
#5769 = CARTESIAN_POINT('',(-5.354597655479,-2.385805694894));
#5770 = CARTESIAN_POINT('',(-5.325493955907,-2.337746596582));
#5771 = CARTESIAN_POINT('',(-5.304753162385,-2.306590439451));
#5772 = CARTESIAN_POINT('',(-5.282630901425,-2.276128816006));
#5773 = CARTESIAN_POINT('',(-5.259217405139,-2.246385425033));
#5774 = CARTESIAN_POINT('',(-5.2346005892,-2.217376128561));
#5775 = CARTESIAN_POINT('',(-5.208864353222,-2.189109965416));
#5776 = CARTESIAN_POINT('',(-5.182086881152,-2.161590164791));
#5777 = CARTESIAN_POINT('',(-5.11519200081,-2.097040840137));
#5778 = CARTESIAN_POINT('',(-5.074119130986,-2.060754183701));
#5779 = CARTESIAN_POINT('',(-5.031317168621,-2.025946151862));
#5780 = CARTESIAN_POINT('',(-4.986965149161,-1.992599487545));
#5781 = CARTESIAN_POINT('',(-4.941223580448,-1.960690140485));
#5782 = CARTESIAN_POINT('',(-4.894233716093,-1.930188692501));
#5783 = CARTESIAN_POINT('',(-4.846116828854,-1.901061782758));
#5784 = CARTESIAN_POINT('',(-4.618820013446,-1.772536126029));
#5785 = CARTESIAN_POINT('',(-4.427736486329,-1.689705478089));
#5786 = CARTESIAN_POINT('',(-4.227980052417,-1.622509472777));
#5787 = CARTESIAN_POINT('',(-4.022308732098,-1.569956470822));
#5788 = CARTESIAN_POINT('',(-3.812980878331,-1.531046560356));
#5789 = CARTESIAN_POINT('',(-3.601511752618,-1.505182971784));
#5790 = CARTESIAN_POINT('',(-3.388942831782,-1.491935393606));
#5791 = CARTESIAN_POINT('',(-3.13377142536,-1.49133528402));
#5792 = CARTESIAN_POINT('',(-3.091759892012,-1.491731585352));
#5793 = CARTESIAN_POINT('',(-3.049755903081,-1.492623057005));
#5794 = CARTESIAN_POINT('',(-3.007768606003,-1.49401023593));
#5795 = CARTESIAN_POINT('',(-2.965807279694,-1.49589412589));
#5796 = CARTESIAN_POINT('',(-2.923881334552,-1.498276197461));
#5797 = CARTESIAN_POINT('',(-2.882000312453,-1.501158388027));
#5798 = CARTESIAN_POINT('',(-2.840173886755,-1.504543101786));
#5799 = ( GEOMETRIC_REPRESENTATION_CONTEXT(2) 
PARAMETRIC_REPRESENTATION_CONTEXT() REPRESENTATION_CONTEXT('2D SPACE',''
  ) );
#5800 = PCURVE('',#4196,#5801);
#5801 = DEFINITIONAL_REPRESENTATION('',(#5802),#5882);
#5802 = B_SPLINE_CURVE_WITH_KNOTS('',8,(#5803,#5804,#5805,#5806,#5807,
    #5808,#5809,#5810,#5811,#5812,#5813,#5814,#5815,#5816,#5817,#5818,
    #5819,#5820,#5821,#5822,#5823,#5824,#5825,#5826,#5827,#5828,#5829,
    #5830,#5831,#5832,#5833,#5834,#5835,#5836,#5837,#5838,#5839,#5840,
    #5841,#5842,#5843,#5844,#5845,#5846,#5847,#5848,#5849,#5850,#5851,
    #5852,#5853,#5854,#5855,#5856,#5857,#5858,#5859,#5860,#5861,#5862,
    #5863,#5864,#5865,#5866,#5867,#5868,#5869,#5870,#5871,#5872,#5873,
    #5874,#5875,#5876,#5877,#5878,#5879,#5880,#5881),.UNSPECIFIED.,.F.,
  .F.,(9,7,7,7,7,7,7,7,7,7,7,9),(0.,0.265054551717,0.340092252373,
    0.392570290395,0.419358825681,0.472532401764,0.525234860348,
    0.552031080816,0.604528354271,0.678591787294,0.947085063054,1.),
  .UNSPECIFIED.);
#5803 = CARTESIAN_POINT('',(6.28318530718,0.599409969729));
#5804 = CARTESIAN_POINT('',(6.19138332365,0.600757764432));
#5805 = CARTESIAN_POINT('',(6.099743514433,0.602102040152));
#5806 = CARTESIAN_POINT('',(6.007313763201,0.603439590583));
#5807 = CARTESIAN_POINT('',(5.913345894139,0.604763950416));
#5808 = CARTESIAN_POINT('',(5.817183158982,0.606065723502));
#5809 = CARTESIAN_POINT('',(5.718000789932,0.607331010734));
#5810 = CARTESIAN_POINT('',(5.614967748092,0.608542784861));
#5811 = CARTESIAN_POINT('',(5.475419809745,0.609995539981));
#5812 = CARTESIAN_POINT('',(5.444197402888,0.610309424346));
#5813 = CARTESIAN_POINT('',(5.412509618714,0.610615995694));
#5814 = CARTESIAN_POINT('',(5.380326624308,0.610914451835));
#5815 = CARTESIAN_POINT('',(5.347620997901,0.611203855795));
#5816 = CARTESIAN_POINT('',(5.314367249535,0.611483140649));
#5817 = CARTESIAN_POINT('',(5.280541341727,0.611751114351));
#5818 = CARTESIAN_POINT('',(5.222047598154,0.612185045172));
#5819 = CARTESIAN_POINT('',(5.19768628667,0.612357432825));
#5820 = CARTESIAN_POINT('',(5.173029843687,0.612523173942));
#5821 = CARTESIAN_POINT('',(5.148074353111,0.612681767338));
#5822 = CARTESIAN_POINT('',(5.122818773329,0.612832675118));
#5823 = CARTESIAN_POINT('',(5.097265295789,0.612975333568));
#5824 = CARTESIAN_POINT('',(5.071419703583,0.613109164046));
#5825 = CARTESIAN_POINT('',(5.031954147898,0.613297096635));
#5826 = CARTESIAN_POINT('',(5.018543237142,0.613358156159));
#5827 = CARTESIAN_POINT('',(5.005060511556,0.613416684575));
#5828 = CARTESIAN_POINT('',(4.99150780783,0.613472603941));
#5829 = CARTESIAN_POINT('',(4.977887313624,0.613525837071));
#5830 = CARTESIAN_POINT('',(4.964201595645,0.613576308352));
#5831 = CARTESIAN_POINT('',(4.950453627732,0.613623944567));
#5832 = CARTESIAN_POINT('',(4.909241162361,0.613757464262));
#5833 = CARTESIAN_POINT('',(4.881599446565,0.613834819976));
#5834 = CARTESIAN_POINT('',(4.853753327035,0.613900175743));
#5835 = CARTESIAN_POINT('',(4.825736770236,0.613953038913));
#5836 = CARTESIAN_POINT('',(4.797586876551,0.613993011367));
#5837 = CARTESIAN_POINT('',(4.769344703233,0.614019809589));
#5838 = CARTESIAN_POINT('',(4.741056087346,0.614033284741));
#5839 = CARTESIAN_POINT('',(4.684739442739,0.614033599312));
#5840 = CARTESIAN_POINT('',(4.656705153466,0.614020673711));
#5841 = CARTESIAN_POINT('',(4.628719547761,0.613994665189));
#5842 = CARTESIAN_POINT('',(4.600827119843,0.61395572204));
#5843 = CARTESIAN_POINT('',(4.573067699901,0.61390412213));
#5844 = CARTESIAN_POINT('',(4.545477242708,0.613840253436));
#5845 = CARTESIAN_POINT('',(4.518088616235,0.613764594587));
#5846 = CARTESIAN_POINT('',(4.477124984741,0.613633512088));
#5847 = CARTESIAN_POINT('',(4.4633766195,0.61358641981));
#5848 = CARTESIAN_POINT('',(4.449690689416,0.613536488425));
#5849 = CARTESIAN_POINT('',(4.436070154227,0.613483791008));
#5850 = CARTESIAN_POINT('',(4.422517566603,0.613428403032));
#5851 = CARTESIAN_POINT('',(4.40903510021,0.613370401551));
#5852 = CARTESIAN_POINT('',(4.395624577772,0.613309864374));
#5853 = CARTESIAN_POINT('',(4.356158431242,0.61312345361));
#5854 = CARTESIAN_POINT('',(4.330312236316,0.61299060771));
#5855 = CARTESIAN_POINT('',(4.304758543501,0.612848913437));
#5856 = CARTESIAN_POINT('',(4.279503045829,0.612698948732));
#5857 = CARTESIAN_POINT('',(4.254547856806,0.6125412767));
#5858 = CARTESIAN_POINT('',(4.229891867002,0.612376434722));
#5859 = CARTESIAN_POINT('',(4.205531100634,0.612204923571));
#5860 = CARTESIAN_POINT('',(4.147498126155,0.611776458258));
#5861 = CARTESIAN_POINT('',(4.114116559931,0.611513384315));
#5862 = CARTESIAN_POINT('',(4.081292234099,0.61123923544));
#5863 = CARTESIAN_POINT('',(4.049002048245,0.610955158366));
#5864 = CARTESIAN_POINT('',(4.017221494784,0.610662181154));
#5865 = CARTESIAN_POINT('',(3.985924212827,0.610361208541));
#5866 = CARTESIAN_POINT('',(3.955081542039,0.610053017286));
#5867 = CARTESIAN_POINT('',(3.8143860386,0.608597168939));
#5868 = CARTESIAN_POINT('',(3.710015905857,0.607373268653));
#5869 = CARTESIAN_POINT('',(3.609586486582,0.606093817933));
#5870 = CARTESIAN_POINT('',(3.512244960816,0.604776482046));
#5871 = CARTESIAN_POINT('',(3.417134695789,0.603435725866));
#5872 = CARTESIAN_POINT('',(3.323579220505,0.602081254723));
#5873 = CARTESIAN_POINT('',(3.230802563644,0.600719739334));
#5874 = CARTESIAN_POINT('',(3.11948256905,0.599085352729));
#5875 = CARTESIAN_POINT('',(3.101156343309,0.598816266595));
#5876 = CARTESIAN_POINT('',(3.082825673451,0.598547228783));
#5877 = CARTESIAN_POINT('',(3.064485169151,0.598278297883));
#5878 = CARTESIAN_POINT('',(3.046129399375,0.598009533328));
#5879 = CARTESIAN_POINT('',(3.027752892379,0.59774099539));
#5880 = CARTESIAN_POINT('',(3.009350135707,0.597472745187));
#5881 = CARTESIAN_POINT('',(2.990915576194,0.597204844678));
#5882 = ( GEOMETRIC_REPRESENTATION_CONTEXT(2) 
PARAMETRIC_REPRESENTATION_CONTEXT() REPRESENTATION_CONTEXT('2D SPACE',''
  ) );
#5883 = ORIENTED_EDGE('',*,*,#4255,.F.);
#5884 = FACE_BOUND('',#5885,.F.);
#5885 = EDGE_LOOP('',(#5886));
#5886 = ORIENTED_EDGE('',*,*,#5887,.F.);
#5887 = EDGE_CURVE('',#5888,#5888,#5890,.T.);
#5888 = VERTEX_POINT('',#5889);
#5889 = CARTESIAN_POINT('',(291.01244307161,-140.9943334966,
    19.311887959009));
#5890 = SURFACE_CURVE('',#5891,(#5896,#5907),.PCURVE_S1.);
#5891 = ELLIPSE('',#5892,1.429556142434,0.8);
#5892 = AXIS2_PLACEMENT_3D('',#5893,#5894,#5895);
#5893 = CARTESIAN_POINT('',(290.09354600285,-142.0894323795,
    19.315342771746));
#5894 = DIRECTION('',(0.766044443119,-0.642787609687,0.));
#5895 = DIRECTION('',(-0.642783630574,-0.766039700997,3.518630731649E-03
    ));
#5896 = PCURVE('',#4269,#5897);
#5897 = DEFINITIONAL_REPRESENTATION('',(#5898),#5906);
#5898 = ( BOUNDED_CURVE() B_SPLINE_CURVE(2,(#5899,#5900,#5901,#5902,
#5903,#5904,#5905),.UNSPECIFIED.,.T.,.F.) B_SPLINE_CURVE_WITH_KNOTS((1,2
    ,2,2,2,1),(-2.094395102393,0.,2.094395102393,4.188790204786,
6.28318530718,8.377580409573),.UNSPECIFIED.) CURVE() 
GEOMETRIC_REPRESENTATION_ITEM() RATIONAL_B_SPLINE_CURVE((1.,0.5,1.,0.5,
1.,0.5,1.)) REPRESENTATION_ITEM('') );
#5899 = CARTESIAN_POINT('',(-4.614000102982,-2.786232922816));
#5900 = CARTESIAN_POINT('',(-4.618875660743,-1.400600854431));
#5901 = CARTESIAN_POINT('',(-2.472116942499,-2.08587176836));
#5902 = CARTESIAN_POINT('',(-0.325358224256,-2.77114268229));
#5903 = CARTESIAN_POINT('',(-2.467241384739,-3.471503836745));
#5904 = CARTESIAN_POINT('',(-4.609124545222,-4.171864991201));
#5905 = CARTESIAN_POINT('',(-4.614000102982,-2.786232922816));
#5906 = ( GEOMETRIC_REPRESENTATION_CONTEXT(2) 
PARAMETRIC_REPRESENTATION_CONTEXT() REPRESENTATION_CONTEXT('2D SPACE',''
  ) );
#5907 = PCURVE('',#5908,#5913);
#5908 = CYLINDRICAL_SURFACE('',#5909,0.8);
#5909 = AXIS2_PLACEMENT_3D('',#5910,#5911,#5912);
#5910 = CARTESIAN_POINT('',(296.37814423178,-82.,19.139160893037));
#5911 = DIRECTION('',(-0.104019604147,-0.994570972053,2.916076511733E-03
    ));
#5912 = DIRECTION('',(0.994575200748,-0.104020046415,-0.));
#5913 = DEFINITIONAL_REPRESENTATION('',(#5914),#5938);
#5914 = B_SPLINE_CURVE_WITH_KNOTS('',8,(#5915,#5916,#5917,#5918,#5919,
    #5920,#5921,#5922,#5923,#5924,#5925,#5926,#5927,#5928,#5929,#5930,
    #5931,#5932,#5933,#5934,#5935,#5936,#5937),.UNSPECIFIED.,.F.,.F.,(9,
    7,7,9),(3.143561739161,4.714358065955,7.070552556148,9.42674704634),
  .UNSPECIFIED.);
#5915 = CARTESIAN_POINT('',(-6.28318530718,59.232693407348));
#5916 = CARTESIAN_POINT('',(-6.08683576633,59.233151465523));
#5917 = CARTESIAN_POINT('',(-5.890486225481,59.285811254878));
#5918 = CARTESIAN_POINT('',(-5.694136684631,59.390639565526));
#5919 = CARTESIAN_POINT('',(-5.497787143782,59.543335231869));
#5920 = CARTESIAN_POINT('',(-5.301437602933,59.735254512953));
#5921 = CARTESIAN_POINT('',(-5.105088062083,59.954422205555));
#5922 = CARTESIAN_POINT('',(-4.908738521234,60.187148704259));
#5923 = CARTESIAN_POINT('',(-4.417864669111,60.76871000061));
#5924 = CARTESIAN_POINT('',(-4.123340357841,61.11741676485));
#5925 = CARTESIAN_POINT('',(-3.82881604655,61.419758366974));
#5926 = CARTESIAN_POINT('',(-3.534291735317,61.629709215835));
#5927 = CARTESIAN_POINT('',(-3.239767424005,61.713861574593));
#5928 = CARTESIAN_POINT('',(-2.945243112746,61.665087850728));
#5929 = CARTESIAN_POINT('',(-2.650718801466,61.500754766855));
#5930 = CARTESIAN_POINT('',(-2.061670178918,61.00631195514));
#5931 = CARTESIAN_POINT('',(-1.767145867655,60.676200435708));
#5932 = CARTESIAN_POINT('',(-1.472621556353,60.295901252364));
#5933 = CARTESIAN_POINT('',(-1.178097245141,59.913326249749));
#5934 = CARTESIAN_POINT('',(-0.883572933791,59.583063728234));
#5935 = CARTESIAN_POINT('',(-0.589048622557,59.348773564285));
#5936 = CARTESIAN_POINT('',(-0.294524311274,59.232006320086));
#5937 = CARTESIAN_POINT('',(-1.7763568394E-14,59.232693407348));
#5938 = ( GEOMETRIC_REPRESENTATION_CONTEXT(2) 
PARAMETRIC_REPRESENTATION_CONTEXT() REPRESENTATION_CONTEXT('2D SPACE',''
  ) );
#5939 = ADVANCED_FACE('',(#5940),#5908,.F.);
#5940 = FACE_BOUND('',#5941,.T.);
#5941 = EDGE_LOOP('',(#5942,#5970,#5991,#5992));
#5942 = ORIENTED_EDGE('',*,*,#5943,.F.);
#5943 = EDGE_CURVE('',#5944,#5944,#5946,.T.);
#5944 = VERTEX_POINT('',#5945);
#5945 = CARTESIAN_POINT('',(288.91221150874,-161.075445746,
    19.370765667494));
#5946 = SURFACE_CURVE('',#5947,(#5952,#5959),.PCURVE_S1.);
#5947 = CIRCLE('',#5948,0.8);
#5948 = AXIS2_PLACEMENT_3D('',#5949,#5950,#5951);
#5949 = CARTESIAN_POINT('',(288.11655134815,-160.9922297089,
    19.370765667494));
#5950 = DIRECTION('',(0.104019604147,0.994570972053,-2.916076511733E-03)
  );
#5951 = DIRECTION('',(0.994575200748,-0.104020046415,5.421010862428E-20)
  );
#5952 = PCURVE('',#5908,#5953);
#5953 = DEFINITIONAL_REPRESENTATION('',(#5954),#5958);
#5954 = LINE('',#5955,#5956);
#5955 = CARTESIAN_POINT('',(-0.,79.423421684897));
#5956 = VECTOR('',#5957,1.);
#5957 = DIRECTION('',(-1.,0.));
#5958 = ( GEOMETRIC_REPRESENTATION_CONTEXT(2) 
PARAMETRIC_REPRESENTATION_CONTEXT() REPRESENTATION_CONTEXT('2D SPACE',''
  ) );
#5959 = PCURVE('',#4123,#5960);
#5960 = DEFINITIONAL_REPRESENTATION('',(#5961),#5969);
#5961 = ( BOUNDED_CURVE() B_SPLINE_CURVE(2,(#5962,#5963,#5964,#5965,
#5966,#5967,#5968),.UNSPECIFIED.,.T.,.F.) B_SPLINE_CURVE_WITH_KNOTS((1,2
    ,2,2,2,1),(-2.094395102393,0.,2.094395102393,4.188790204786,
6.28318530718,8.377580409573),.UNSPECIFIED.) CURVE() 
GEOMETRIC_REPRESENTATION_ITEM() RATIONAL_B_SPLINE_CURVE((1.,0.5,1.,0.5,
1.,0.5,1.)) REPRESENTATION_ITEM('') );
#5962 = CARTESIAN_POINT('',(-0.8,-3.550747017901E-15));
#5963 = CARTESIAN_POINT('',(-0.8,1.385640646055));
#5964 = CARTESIAN_POINT('',(0.4,0.692820323028));
#5965 = CARTESIAN_POINT('',(1.6,-3.360658196876E-15));
#5966 = CARTESIAN_POINT('',(0.4,-0.692820323028));
#5967 = CARTESIAN_POINT('',(-0.8,-1.385640646055));
#5968 = CARTESIAN_POINT('',(-0.8,-3.550747017901E-15));
#5969 = ( GEOMETRIC_REPRESENTATION_CONTEXT(2) 
PARAMETRIC_REPRESENTATION_CONTEXT() REPRESENTATION_CONTEXT('2D SPACE',''
  ) );
#5970 = ORIENTED_EDGE('',*,*,#5971,.F.);
#5971 = EDGE_CURVE('',#5888,#5944,#5972,.T.);
#5972 = SEAM_CURVE('',#5973,(#5977,#5984),.PCURVE_S1.);
#5973 = LINE('',#5974,#5975);
#5974 = CARTESIAN_POINT('',(297.17380439237,-82.08321603713,
    19.139160893037));
#5975 = VECTOR('',#5976,1.);
#5976 = DIRECTION('',(-0.104019604147,-0.994570972053,2.916076511733E-03
    ));
#5977 = PCURVE('',#5908,#5978);
#5978 = DEFINITIONAL_REPRESENTATION('',(#5979),#5983);
#5979 = LINE('',#5980,#5981);
#5980 = CARTESIAN_POINT('',(-6.28318530718,-0.));
#5981 = VECTOR('',#5982,1.);
#5982 = DIRECTION('',(-0.,1.));
#5983 = ( GEOMETRIC_REPRESENTATION_CONTEXT(2) 
PARAMETRIC_REPRESENTATION_CONTEXT() REPRESENTATION_CONTEXT('2D SPACE',''
  ) );
#5984 = PCURVE('',#5908,#5985);
#5985 = DEFINITIONAL_REPRESENTATION('',(#5986),#5990);
#5986 = LINE('',#5987,#5988);
#5987 = CARTESIAN_POINT('',(-0.,-0.));
#5988 = VECTOR('',#5989,1.);
#5989 = DIRECTION('',(-0.,1.));
#5990 = ( GEOMETRIC_REPRESENTATION_CONTEXT(2) 
PARAMETRIC_REPRESENTATION_CONTEXT() REPRESENTATION_CONTEXT('2D SPACE',''
  ) );
#5991 = ORIENTED_EDGE('',*,*,#5887,.F.);
#5992 = ORIENTED_EDGE('',*,*,#5971,.T.);
#5993 = ADVANCED_FACE('',(#5994),#5594,.F.);
#5994 = FACE_BOUND('',#5995,.F.);
#5995 = EDGE_LOOP('',(#5996,#6027,#6047,#6048));
#5996 = ORIENTED_EDGE('',*,*,#5997,.T.);
#5997 = EDGE_CURVE('',#5998,#6000,#6002,.T.);
#5998 = VERTEX_POINT('',#5999);
#5999 = CARTESIAN_POINT('',(288.28553665607,-161.0063182556,
    20.593547440347));
#6000 = VERTEX_POINT('',#6001);
#6001 = CARTESIAN_POINT('',(288.11692584327,-160.9886490187,
    20.605371609292));
#6002 = SURFACE_CURVE('',#6003,(#6009,#6018),.PCURVE_S1.);
#6003 = B_SPLINE_CURVE_WITH_KNOTS('',4,(#6004,#6005,#6006,#6007,#6008),
  .UNSPECIFIED.,.F.,.F.,(5,5),(0.,1.),.PIECEWISE_BEZIER_KNOTS.);
#6004 = CARTESIAN_POINT('',(288.29864173376,-161.0076945122,
    20.591627118857));
#6005 = CARTESIAN_POINT('',(288.2535551392,-161.0029589107,
    20.598486345576));
#6006 = CARTESIAN_POINT('',(288.20812725577,-160.9981942674,
    20.60307659292));
#6007 = CARTESIAN_POINT('',(288.16252712461,-160.9934183385,
    20.605371682395));
#6008 = CARTESIAN_POINT('',(288.11692584327,-160.9886490187,
    20.605371609292));
#6009 = PCURVE('',#5594,#6010);
#6010 = DEFINITIONAL_REPRESENTATION('',(#6011),#6017);
#6011 = B_SPLINE_CURVE_WITH_KNOTS('',4,(#6012,#6013,#6014,#6015,#6016),
  .UNSPECIFIED.,.F.,.F.,(5,5),(0.,1.),.PIECEWISE_BEZIER_KNOTS.);
#6012 = CARTESIAN_POINT('',(0.149358867031,0.757589418999));
#6013 = CARTESIAN_POINT('',(0.112019965266,0.757549823669));
#6014 = CARTESIAN_POINT('',(7.467990703856E-02,0.757509985514));
#6015 = CARTESIAN_POINT('',(3.7339606576E-02,0.757470052998));
#6016 = CARTESIAN_POINT('',(0.,0.757430175742));
#6017 = ( GEOMETRIC_REPRESENTATION_CONTEXT(2) 
PARAMETRIC_REPRESENTATION_CONTEXT() REPRESENTATION_CONTEXT('2D SPACE',''
  ) );
#6018 = PCURVE('',#4123,#6019);
#6019 = DEFINITIONAL_REPRESENTATION('',(#6020),#6026);
#6020 = B_SPLINE_CURVE_WITH_KNOTS('',4,(#6021,#6022,#6023,#6024,#6025),
  .UNSPECIFIED.,.F.,.F.,(5,5),(0.,1.),.PIECEWISE_BEZIER_KNOTS.);
#6021 = CARTESIAN_POINT('',(-0.182711231384,-1.220866642195));
#6022 = CARTESIAN_POINT('',(-0.137376625058,-1.227725898079));
#6023 = CARTESIAN_POINT('',(-9.169956035771E-02,-1.232316164938));
#6024 = CARTESIAN_POINT('',(-4.585000840683E-02,-1.234611264172));
#6025 = CARTESIAN_POINT('',(1.136868377216E-13,-1.234611191069));
#6026 = ( GEOMETRIC_REPRESENTATION_CONTEXT(2) 
PARAMETRIC_REPRESENTATION_CONTEXT() REPRESENTATION_CONTEXT('2D SPACE',''
  ) );
#6027 = ORIENTED_EDGE('',*,*,#6028,.F.);
#6028 = EDGE_CURVE('',#5569,#6000,#6029,.T.);
#6029 = SURFACE_CURVE('',#6030,(#6033,#6040),.PCURVE_S1.);
#6030 = B_SPLINE_CURVE_WITH_KNOTS('',1,(#6031,#6032),.UNSPECIFIED.,.F.,
  .F.,(2,2),(0.,1.),.PIECEWISE_BEZIER_KNOTS.);
#6031 = CARTESIAN_POINT('',(297.59135821248,-70.4,20.603983091432));
#6032 = CARTESIAN_POINT('',(285.08270372175,-190.,20.605816287289));
#6033 = PCURVE('',#5594,#6034);
#6034 = DEFINITIONAL_REPRESENTATION('',(#6035),#6039);
#6035 = LINE('',#6036,#6037);
#6036 = CARTESIAN_POINT('',(0.,0.));
#6037 = VECTOR('',#6038,1.);
#6038 = DIRECTION('',(0.,1.));
#6039 = ( GEOMETRIC_REPRESENTATION_CONTEXT(2) 
PARAMETRIC_REPRESENTATION_CONTEXT() REPRESENTATION_CONTEXT('2D SPACE',''
  ) );
#6040 = PCURVE('',#4196,#6041);
#6041 = DEFINITIONAL_REPRESENTATION('',(#6042),#6046);
#6042 = LINE('',#6043,#6044);
#6043 = CARTESIAN_POINT('',(6.28318530718,0.));
#6044 = VECTOR('',#6045,1.);
#6045 = DIRECTION('',(0.,1.));
#6046 = ( GEOMETRIC_REPRESENTATION_CONTEXT(2) 
PARAMETRIC_REPRESENTATION_CONTEXT() REPRESENTATION_CONTEXT('2D SPACE',''
  ) );
#6047 = ORIENTED_EDGE('',*,*,#5568,.F.);
#6048 = ORIENTED_EDGE('',*,*,#6049,.T.);
#6049 = EDGE_CURVE('',#5549,#5998,#6050,.T.);
#6050 = SURFACE_CURVE('',#6051,(#6078,#6108),.PCURVE_S1.);
#6051 = B_SPLINE_CURVE_WITH_KNOTS('',4,(#6052,#6053,#6054,#6055,#6056,
    #6057,#6058,#6059,#6060,#6061,#6062,#6063,#6064,#6065,#6066,#6067,
    #6068,#6069,#6070,#6071,#6072,#6073,#6074,#6075,#6076,#6077),
  .UNSPECIFIED.,.F.,.F.,(5,3,3,3,3,3,3,3,5),(0.,0.217029845078,
    0.348589785396,0.457269758131,0.565949752863,0.674629771792,
    0.783309817429,0.891989892651,1.),.UNSPECIFIED.);
#6052 = CARTESIAN_POINT('',(297.86331398724,-70.39999999999,
    20.579104069685));
#6053 = CARTESIAN_POINT('',(297.17738901386,-76.88919795869,
    20.580219266779));
#6054 = CARTESIAN_POINT('',(296.49145901874,-83.37839531313,
    20.581321876443));
#6055 = CARTESIAN_POINT('',(295.80552360854,-89.86759201419,
    20.582410912246));
#6056 = CARTESIAN_POINT('',(294.70377589372,-100.2904324086,
    20.584136327989));
#6057 = CARTESIAN_POINT('',(294.28796732392,-104.2240765544,
    20.584782070327));
#6058 = CARTESIAN_POINT('',(293.87215647448,-108.1577204235,
    20.585422097935));
#6059 = CARTESIAN_POINT('',(293.11284524368,-115.3408963089,
    20.586579832072));
#6060 = CARTESIAN_POINT('',(292.76934562616,-118.5904284181,
    20.587099453534));
#6061 = CARTESIAN_POINT('',(292.42584429605,-121.8399603185,
    20.587614781499));
#6062 = CARTESIAN_POINT('',(291.73883798122,-128.3390243391,
    20.588636449504));
#6063 = CARTESIAN_POINT('',(291.39533299644,-131.5885564592,
    20.589142789355));
#6064 = CARTESIAN_POINT('',(291.05182613914,-134.83808835,
    20.589644434537));
#6065 = CARTESIAN_POINT('',(290.36480842231,-141.3371523734,
    20.590637882349));
#6066 = CARTESIAN_POINT('',(290.0212975627,-144.5866845059,
    20.591129684751));
#6067 = CARTESIAN_POINT('',(289.67778464982,-147.8362163859,
    20.591616338999));
#6068 = CARTESIAN_POINT('',(288.99075442801,-154.3352804126,
    20.592578836753));
#6069 = CARTESIAN_POINT('',(288.64723711897,-157.5848125593,
    20.593054679986));
#6070 = CARTESIAN_POINT('',(288.3037175515,-160.8343444269,
    20.593524860322));
#6071 = CARTESIAN_POINT('',(287.61667357243,-167.3334084576,
    20.5944533087));
#6072 = CARTESIAN_POINT('',(287.27314916068,-170.5829406207,
    20.594911576405));
#6073 = CARTESIAN_POINT('',(286.92962225664,-173.8324724741,
    20.595363594352));
#6074 = CARTESIAN_POINT('',(286.24468091416,-180.3115035032,
    20.596251712818));
#6075 = CARTESIAN_POINT('',(285.90326650785,-183.541002683,
    20.596687893881));
#6076 = CARTESIAN_POINT('',(285.56184937609,-186.770501522,
    20.59711724002));
#6077 = CARTESIAN_POINT('',(285.22042936772,-189.9999999999,
    20.597539371776));
#6078 = PCURVE('',#5594,#6079);
#6079 = DEFINITIONAL_REPRESENTATION('',(#6080),#6107);
#6080 = B_SPLINE_CURVE_WITH_KNOTS('',4,(#6081,#6082,#6083,#6084,#6085,
    #6086,#6087,#6088,#6089,#6090,#6091,#6092,#6093,#6094,#6095,#6096,
    #6097,#6098,#6099,#6100,#6101,#6102,#6103,#6104,#6105,#6106),
  .UNSPECIFIED.,.F.,.F.,(5,3,3,3,3,3,3,3,5),(0.,0.217029845078,
    0.348589785396,0.457269758131,0.565949752863,0.674629771792,
    0.783309817429,0.891989892651,1.),.UNSPECIFIED.);
#6081 = CARTESIAN_POINT('',(0.182455613475,0.));
#6082 = CARTESIAN_POINT('',(0.179875905494,5.425750801582E-02));
#6083 = CARTESIAN_POINT('',(0.177207505325,0.108515010979));
#6084 = CARTESIAN_POINT('',(0.174443551589,0.16277250848));
#6085 = CARTESIAN_POINT('',(0.169836980339,0.249920003417));
#6086 = CARTESIAN_POINT('',(0.16806018493,0.282810004636));
#6087 = CARTESIAN_POINT('',(0.166243240462,0.315700003542));
#6088 = CARTESIAN_POINT('',(0.162848041573,0.375760002583));
#6089 = CARTESIAN_POINT('',(0.161283229269,0.402930003496));
#6090 = CARTESIAN_POINT('',(0.159688297642,0.430100002664));
#6091 = CARTESIAN_POINT('',(0.156435429826,0.484440002836));
#6092 = CARTESIAN_POINT('',(0.154777492395,0.51161000384));
#6093 = CARTESIAN_POINT('',(0.153086669148,0.538780002927));
#6094 = CARTESIAN_POINT('',(0.149636132171,0.593120003122));
#6095 = CARTESIAN_POINT('',(0.14787641695,0.62029000423));
#6096 = CARTESIAN_POINT('',(0.14608069637,0.647460003227));
#6097 = CARTESIAN_POINT('',(0.142413713931,0.70180000345));
#6098 = CARTESIAN_POINT('',(0.140542450267,0.728970004677));
#6099 = CARTESIAN_POINT('',(0.13863164985,0.75614000357));
#6100 = CARTESIAN_POINT('',(0.134726962157,0.810480003827));
#6101 = CARTESIAN_POINT('',(0.132733072685,0.837650005191));
#6102 = CARTESIAN_POINT('',(0.130695632102,0.864820003964));
#6103 = CARTESIAN_POINT('',(0.126541909268,0.918992504208));
#6104 = CARTESIAN_POINT('',(0.124426187864,0.945995005711));
#6105 = CARTESIAN_POINT('',(0.122262937031,0.972997504365));
#6106 = CARTESIAN_POINT('',(0.12004957858,1.));
#6107 = ( GEOMETRIC_REPRESENTATION_CONTEXT(2) 
PARAMETRIC_REPRESENTATION_CONTEXT() REPRESENTATION_CONTEXT('2D SPACE',''
  ) );
#6108 = PCURVE('',#1198,#6109);
#6109 = DEFINITIONAL_REPRESENTATION('',(#6110),#6137);
#6110 = B_SPLINE_CURVE_WITH_KNOTS('',4,(#6111,#6112,#6113,#6114,#6115,
    #6116,#6117,#6118,#6119,#6120,#6121,#6122,#6123,#6124,#6125,#6126,
    #6127,#6128,#6129,#6130,#6131,#6132,#6133,#6134,#6135,#6136),
  .UNSPECIFIED.,.F.,.F.,(5,3,3,3,3,3,3,3,5),(0.,0.217029845078,
    0.348589785396,0.457269758131,0.565949752863,0.674629771792,
    0.783309817429,0.891989892651,1.),.UNSPECIFIED.);
#6111 = CARTESIAN_POINT('',(4.881497521901,1.147540983606E-02));
#6112 = CARTESIAN_POINT('',(4.900815260056,6.466555703845E-02));
#6113 = CARTESIAN_POINT('',(4.920146572281,0.117855699288));
#6114 = CARTESIAN_POINT('',(4.939492522321,0.171045836182));
#6115 = CARTESIAN_POINT('',(4.970591310001,0.256478954169));
#6116 = CARTESIAN_POINT('',(4.982334051402,0.288721938971));
#6117 = CARTESIAN_POINT('',(4.994082955462,0.320964921505));
#6118 = CARTESIAN_POINT('',(5.015549353061,0.379843412369));
#6119 = CARTESIAN_POINT('',(5.025264781573,0.40647892146));
#6120 = CARTESIAN_POINT('',(5.03498484011,0.433114428841));
#6121 = CARTESIAN_POINT('',(5.054434651669,0.486385445403));
#6122 = CARTESIAN_POINT('',(5.064164404894,0.513020954584));
#6123 = CARTESIAN_POINT('',(5.073899220757,0.539656461886));
#6124 = CARTESIAN_POINT('',(5.093379468784,0.592927478471));
#6125 = CARTESIAN_POINT('',(5.103124901191,0.619562987754));
#6126 = CARTESIAN_POINT('',(5.112875885265,0.646198494966));
#6127 = CARTESIAN_POINT('',(5.132389514013,0.699469511579));
#6128 = CARTESIAN_POINT('',(5.142152158986,0.726105020979));
#6129 = CARTESIAN_POINT('',(5.151920910705,0.75274052809));
#6130 = CARTESIAN_POINT('',(5.171471262902,0.806011544735));
#6131 = CARTESIAN_POINT('',(5.181252863743,0.832647054269));
#6132 = CARTESIAN_POINT('',(5.191041204185,0.859282561263));
#6133 = CARTESIAN_POINT('',(5.210571704078,0.912389372977));
#6134 = CARTESIAN_POINT('',(5.220313776671,0.93886067773));
#6135 = CARTESIAN_POINT('',(5.23006321989,0.965331979689));
#6136 = CARTESIAN_POINT('',(5.239820442929,0.991803278688));
#6137 = ( GEOMETRIC_REPRESENTATION_CONTEXT(2) 
PARAMETRIC_REPRESENTATION_CONTEXT() REPRESENTATION_CONTEXT('2D SPACE',''
  ) );
#6138 = ADVANCED_FACE('',(#6139),#4196,.F.);
#6139 = FACE_BOUND('',#6140,.F.);
#6140 = EDGE_LOOP('',(#6141,#6142,#6143,#6341));
#6141 = ORIENTED_EDGE('',*,*,#5635,.F.);
#6142 = ORIENTED_EDGE('',*,*,#6028,.T.);
#6143 = ORIENTED_EDGE('',*,*,#6144,.T.);
#6144 = EDGE_CURVE('',#6000,#4110,#6145,.T.);
#6145 = SURFACE_CURVE('',#6146,(#6209,#6275),.PCURVE_S1.);
#6146 = B_SPLINE_CURVE_WITH_KNOTS('',7,(#6147,#6148,#6149,#6150,#6151,
    #6152,#6153,#6154,#6155,#6156,#6157,#6158,#6159,#6160,#6161,#6162,
    #6163,#6164,#6165,#6166,#6167,#6168,#6169,#6170,#6171,#6172,#6173,
    #6174,#6175,#6176,#6177,#6178,#6179,#6180,#6181,#6182,#6183,#6184,
    #6185,#6186,#6187,#6188,#6189,#6190,#6191,#6192,#6193,#6194,#6195,
    #6196,#6197,#6198,#6199,#6200,#6201,#6202,#6203,#6204,#6205,#6206,
    #6207,#6208),.UNSPECIFIED.,.F.,.F.,(8,6,6,6,6,6,6,6,6,6,8),(0.,
    0.230747574475,0.309792839161,0.358851866265,0.470038253088,
    0.579100159377,0.628159063075,0.70720407696,0.786180540318,
    0.942972067155,1.),.UNSPECIFIED.);
#6147 = CARTESIAN_POINT('',(288.11692584327,-160.9886490187,
    20.605371609292));
#6148 = CARTESIAN_POINT('',(287.9842222493,-160.9747698938,
    20.605371396557));
#6149 = CARTESIAN_POINT('',(287.85145294424,-160.9609337617,
    20.588363898878));
#6150 = CARTESIAN_POINT('',(287.72129903103,-160.9474211035,
    20.554324687708));
#6151 = CARTESIAN_POINT('',(287.5963133655,-160.9344972843,
    20.503810228572));
#6152 = CARTESIAN_POINT('',(287.47887392496,-160.92240813,
    20.437802977253));
#6153 = CARTESIAN_POINT('',(287.37117782356,-160.9113793218,
    20.357704489819));
#6154 = CARTESIAN_POINT('',(287.24220535983,-160.8982537717,
    20.23377994382));
#6155 = CARTESIAN_POINT('',(287.21065701594,-160.8950511364,
    20.200722434807));
#6156 = CARTESIAN_POINT('',(287.18054231455,-160.892002444,
    20.166300034008));
#6157 = CARTESIAN_POINT('',(287.15192998525,-160.8891146579,
    20.130589408463));
#6158 = CARTESIAN_POINT('',(287.12488350019,-160.8863941798,
    20.093671271684));
#6159 = CARTESIAN_POINT('',(287.09946107402,-160.8838468497,
    20.055630383659));
#6160 = CARTESIAN_POINT('',(287.06097820018,-160.8800076982,
    19.992303961717));
#6161 = CARTESIAN_POINT('',(287.04688663148,-160.8786061713,
    19.967653942977));
#6162 = CARTESIAN_POINT('',(287.03345355613,-160.8772746206,
    19.942626633256));
#6163 = CARTESIAN_POINT('',(287.02069069849,-160.8760142093,
    19.917243592647));
#6164 = CARTESIAN_POINT('',(287.00860890886,-160.8748260077,
    19.891526802707));
#6165 = CARTESIAN_POINT('',(286.99721816355,-160.8737109934,
    19.865498666457));
#6166 = CARTESIAN_POINT('',(286.96229860815,-160.8703108823,
    19.779538466771));
#6167 = CARTESIAN_POINT('',(286.94166551041,-160.8683321436,
    19.71841160505));
#6168 = CARTESIAN_POINT('',(286.92473465628,-160.8667441791,
    19.656068469748));
#6169 = CARTESIAN_POINT('',(286.91158784268,-160.8655547406,
    19.592782987506));
#6170 = CARTESIAN_POINT('',(286.90228211638,-160.8647689748,
    19.528834692409));
#6171 = CARTESIAN_POINT('',(286.89684961163,-160.8643894103,
    19.464507453317));
#6172 = CARTESIAN_POINT('',(286.89377482278,-160.8644419709,
    19.336899832205));
#6173 = CARTESIAN_POINT('',(286.89598560788,-160.8648587256,
    19.2736205955));
#6174 = CARTESIAN_POINT('',(286.90193617625,-160.8656660872,
    19.210521219919));
#6175 = CARTESIAN_POINT('',(286.91160963695,-160.8668615001,
    19.147870768161));
#6176 = CARTESIAN_POINT('',(286.92496585989,-160.8684399869,
    19.085935477306));
#6177 = CARTESIAN_POINT('',(286.94194156081,-160.8703941597,
    19.024977599332));
#6178 = CARTESIAN_POINT('',(286.97167579335,-160.873757863,
    18.93838911014));
#6179 = CARTESIAN_POINT('',(286.98161617177,-160.8748755383,
    18.911773524719));
#6180 = CARTESIAN_POINT('',(286.99226368998,-160.8760663714,
    18.885430776539));
#6181 = CARTESIAN_POINT('',(287.00360962053,-160.8773293826,
    18.85938378406));
#6182 = CARTESIAN_POINT('',(287.01564434003,-160.8786634991,
    18.833655093037));
#6183 = CARTESIAN_POINT('',(287.02835732914,-160.8800675559,
    18.808266876523));
#6184 = CARTESIAN_POINT('',(287.06329513307,-160.8839132115,
    18.742918470294));
#6185 = CARTESIAN_POINT('',(287.0865844965,-160.8864644547,
    18.703536077008));
#6186 = CARTESIAN_POINT('',(287.11155727597,-160.8891887372,
    18.665185342973));
#6187 = CARTESIAN_POINT('',(287.13816001195,-160.8920802103,
    18.627954105003));
#6188 = CARTESIAN_POINT('',(287.16633377224,-160.8951324639,
    18.591926448748));
#6189 = CARTESIAN_POINT('',(287.19601415196,-160.8983385264,
    18.557182708701));
#6190 = CARTESIAN_POINT('',(287.25822140937,-160.9050402966,
    18.490445178773));
#6191 = CARTESIAN_POINT('',(287.29074627185,-160.908535802,
    18.458448446383));
#6192 = CARTESIAN_POINT('',(287.3246360446,-160.9121698556,
    18.42788563177));
#6193 = CARTESIAN_POINT('',(287.35981652012,-160.9159344874,
    18.398827980572));
#6194 = CARTESIAN_POINT('',(287.39620909983,-160.919821283,
    18.371341623322));
#6195 = CARTESIAN_POINT('',(287.43373079407,-160.9238213838,
    18.345487575451));
#6196 = CARTESIAN_POINT('',(287.548853978,-160.93607334,18.273345435193)
  );
#6197 = CARTESIAN_POINT('',(287.62952827921,-160.9446320301,
    18.232017363543));
#6198 = CARTESIAN_POINT('',(287.71362578269,-160.953527949,
    18.197781747742));
#6199 = CARTESIAN_POINT('',(287.80040939582,-160.9626830114,
    18.170977860601));
#6200 = CARTESIAN_POINT('',(287.88910699286,-160.9720157505,
    18.151848542754));
#6201 = CARTESIAN_POINT('',(287.97891882008,-160.9814421023,
    18.140537084222));
#6202 = CARTESIAN_POINT('',(288.10179360707,-160.9943071112,
    18.135812322825));
#6203 = CARTESIAN_POINT('',(288.13460533218,-160.9977394559,
    18.135590200211));
#6204 = CARTESIAN_POINT('',(288.16741775069,-161.0011688253,
    18.136407583161));
#6205 = CARTESIAN_POINT('',(288.20019196308,-161.0045911521,
    18.138264076285));
#6206 = CARTESIAN_POINT('',(288.23288918437,-161.0080023866,
    18.141157404935));
#6207 = CARTESIAN_POINT('',(288.26547074415,-161.0113984966,
    18.145083415208));
#6208 = CARTESIAN_POINT('',(288.29789808656,-161.0147754673,
    18.150036073939));
#6209 = PCURVE('',#4196,#6210);
#6210 = DEFINITIONAL_REPRESENTATION('',(#6211),#6274);
#6211 = B_SPLINE_CURVE_WITH_KNOTS('',7,(#6212,#6213,#6214,#6215,#6216,
    #6217,#6218,#6219,#6220,#6221,#6222,#6223,#6224,#6225,#6226,#6227,
    #6228,#6229,#6230,#6231,#6232,#6233,#6234,#6235,#6236,#6237,#6238,
    #6239,#6240,#6241,#6242,#6243,#6244,#6245,#6246,#6247,#6248,#6249,
    #6250,#6251,#6252,#6253,#6254,#6255,#6256,#6257,#6258,#6259,#6260,
    #6261,#6262,#6263,#6264,#6265,#6266,#6267,#6268,#6269,#6270,#6271,
    #6272,#6273),.UNSPECIFIED.,.F.,.F.,(8,6,6,6,6,6,6,6,6,6,8),(0.,
    0.230747574475,0.309792839161,0.358851866265,0.470038253088,
    0.579100159377,0.628159063075,0.70720407696,0.786180540318,
    0.942972067155,1.),.UNSPECIFIED.);
#6212 = CARTESIAN_POINT('',(6.28318530718,0.757430175742));
#6213 = CARTESIAN_POINT('',(6.174523887051,0.757314129547));
#6214 = CARTESIAN_POINT('',(6.06582120783,0.757198442824));
#6215 = CARTESIAN_POINT('',(5.957176950841,0.757085460732));
#6216 = CARTESIAN_POINT('',(5.848578134697,0.756977402043));
#6217 = CARTESIAN_POINT('',(5.740005587707,0.756876322158));
#6218 = CARTESIAN_POINT('',(5.631442723926,0.756784108042));
#6219 = CARTESIAN_POINT('',(5.485818796261,0.75667436264));
#6220 = CARTESIAN_POINT('',(5.448667524023,0.756647584753));
#6221 = CARTESIAN_POINT('',(5.411521683139,0.756622094014));
#6222 = CARTESIAN_POINT('',(5.374381206216,0.756597948645));
#6223 = CARTESIAN_POINT('',(5.337245962362,0.756575202173));
#6224 = CARTESIAN_POINT('',(5.300115757188,0.756553903426));
#6225 = CARTESIAN_POINT('',(5.239948633751,0.756521803497));
#6226 = CARTESIAN_POINT('',(5.216908741201,0.756510085044));
#6227 = CARTESIAN_POINT('',(5.193870586768,0.756498951678));
#6228 = CARTESIAN_POINT('',(5.170834094218,0.756488413121));
#6229 = CARTESIAN_POINT('',(5.147799179469,0.756478478325));
#6230 = CARTESIAN_POINT('',(5.124765750595,0.756469155464));
#6231 = CARTESIAN_POINT('',(5.049534351898,0.756440726441));
#6232 = CARTESIAN_POINT('',(4.997341085951,0.756424181803));
#6233 = CARTESIAN_POINT('',(4.945154469178,0.756410904508));
#6234 = CARTESIAN_POINT('',(4.892972853949,0.75640095937));
#6235 = CARTESIAN_POINT('',(4.840793797678,0.756394389422));
#6236 = CARTESIAN_POINT('',(4.788615474693,0.756391215806));
#6237 = CARTESIAN_POINT('',(4.685257674659,0.756391655276));
#6238 = CARTESIAN_POINT('',(4.634076250567,0.756395139847));
#6239 = CARTESIAN_POINT('',(4.582893947731,0.756401890361));
#6240 = CARTESIAN_POINT('',(4.531709056231,0.756411885453));
#6241 = CARTESIAN_POINT('',(4.480519308498,0.756425083503));
#6242 = CARTESIAN_POINT('',(4.429323163508,0.75644142274));
#6243 = CARTESIAN_POINT('',(4.355089056853,0.75646954735));
#6244 = CARTESIAN_POINT('',(4.332055633482,0.756478892461));
#6245 = CARTESIAN_POINT('',(4.30902072123,0.75648884926));
#6246 = CARTESIAN_POINT('',(4.285984228338,0.756499409554));
#6247 = CARTESIAN_POINT('',(4.262946070912,0.756510564374));
#6248 = CARTESIAN_POINT('',(4.239906172925,0.756522303979));
#6249 = CARTESIAN_POINT('',(4.179739053906,0.756554458291));
#6250 = CARTESIAN_POINT('',(4.142608855011,0.756575789756));
#6251 = CARTESIAN_POINT('',(4.10547361265,0.756598568037));
#6252 = CARTESIAN_POINT('',(4.068333133509,0.756622744234));
#6253 = CARTESIAN_POINT('',(4.031187287839,0.756648264749));
#6254 = CARTESIAN_POINT('',(3.994036009455,0.756675071292));
#6255 = CARTESIAN_POINT('',(3.919754805586,0.756731106159));
#6256 = CARTESIAN_POINT('',(3.882624748405,0.756760332793));
#6257 = CARTESIAN_POINT('',(3.845489150076,0.756790717857));
#6258 = CARTESIAN_POINT('',(3.808348101119,0.756822194711));
#6259 = CARTESIAN_POINT('',(3.771201756693,0.756854693002));
#6260 = CARTESIAN_POINT('',(3.734050336596,0.756888138661));
#6261 = CARTESIAN_POINT('',(3.62312810867,0.756990579767));
#6262 = CARTESIAN_POINT('',(3.549335799632,0.75706214072));
#6263 = CARTESIAN_POINT('',(3.475531522734,0.757136521313));
#6264 = CARTESIAN_POINT('',(3.401716626992,0.757213068657));
#6265 = CARTESIAN_POINT('',(3.327888336593,0.757291101594));
#6266 = CARTESIAN_POINT('',(3.254048856884,0.757369917243));
#6267 = CARTESIAN_POINT('',(3.153359921483,0.757477484208));
#6268 = CARTESIAN_POINT('',(3.126504881057,0.757506182742));
#6269 = CARTESIAN_POINT('',(3.099649831516,0.757534856399));
#6270 = CARTESIAN_POINT('',(3.072794986996,0.757563471172));
#6271 = CARTESIAN_POINT('',(3.045940558588,0.7575919932));
#6272 = CARTESIAN_POINT('',(3.01908675433,0.757620388768));
#6273 = CARTESIAN_POINT('',(2.992233779217,0.757648624309));
#6274 = ( GEOMETRIC_REPRESENTATION_CONTEXT(2) 
PARAMETRIC_REPRESENTATION_CONTEXT() REPRESENTATION_CONTEXT('2D SPACE',''
  ) );
#6275 = PCURVE('',#4123,#6276);
#6276 = DEFINITIONAL_REPRESENTATION('',(#6277),#6340);
#6277 = B_SPLINE_CURVE_WITH_KNOTS('',7,(#6278,#6279,#6280,#6281,#6282,
    #6283,#6284,#6285,#6286,#6287,#6288,#6289,#6290,#6291,#6292,#6293,
    #6294,#6295,#6296,#6297,#6298,#6299,#6300,#6301,#6302,#6303,#6304,
    #6305,#6306,#6307,#6308,#6309,#6310,#6311,#6312,#6313,#6314,#6315,
    #6316,#6317,#6318,#6319,#6320,#6321,#6322,#6323,#6324,#6325,#6326,
    #6327,#6328,#6329,#6330,#6331,#6332,#6333,#6334,#6335,#6336,#6337,
    #6338,#6339),.UNSPECIFIED.,.F.,.F.,(8,6,6,6,6,6,6,6,6,6,8),(0.,
    0.230747574475,0.309792839161,0.358851866265,0.470038253088,
    0.579100159377,0.628159063075,0.70720407696,0.786180540318,
    0.942972067155,1.),.UNSPECIFIED.);
#6278 = CARTESIAN_POINT('',(1.136868377216E-13,-1.234611191069));
#6279 = CARTESIAN_POINT('',(0.133427410822,-1.234610978333));
#6280 = CARTESIAN_POINT('',(0.266915704165,-1.217603408342));
#6281 = CARTESIAN_POINT('',(0.397769145856,-1.183564052445));
#6282 = CARTESIAN_POINT('',(0.523421125516,-1.133049378532));
#6283 = CARTESIAN_POINT('',(0.641480995056,-1.067041846565));
#6284 = CARTESIAN_POINT('',(0.749740083866,-0.98694301857));
#6285 = CARTESIAN_POINT('',(0.879378218202,-0.863017945671));
#6286 = CARTESIAN_POINT('',(0.911088556925,-0.829960296105));
#6287 = CARTESIAN_POINT('',(0.941357017238,-0.79553774895));
#6288 = CARTESIAN_POINT('',(0.970114518034,-0.759826971571));
#6289 = CARTESIAN_POINT('',(0.997297265601,-0.722908677825));
#6290 = CARTESIAN_POINT('',(1.022846753615,-0.684867628058));
#6291 = CARTESIAN_POINT('',(1.061520214298,-0.621540936866));
#6292 = CARTESIAN_POINT('',(1.075681125972,-0.59689081332));
#6293 = CARTESIAN_POINT('',(1.08917983754,-0.571863397188));
#6294 = CARTESIAN_POINT('',(1.102004567291,-0.546480248656));
#6295 = CARTESIAN_POINT('',(1.114144412425,-0.520763349374));
#6296 = CARTESIAN_POINT('',(1.125589349058,-0.494735102458));
#6297 = CARTESIAN_POINT('',(1.160673152592,-0.408774537288));
#6298 = CARTESIAN_POINT('',(1.18140014841,-0.34764741567));
#6299 = CARTESIAN_POINT('',(1.198404336194,-0.285304015299));
#6300 = CARTESIAN_POINT('',(1.211603556421,-0.222018263981));
#6301 = CARTESIAN_POINT('',(1.220940536416,-0.158069696989));
#6302 = CARTESIAN_POINT('',(1.226383053241,-9.374218439225E-02));
#6303 = CARTESIAN_POINT('',(1.229435694624,3.386597927934E-02));
#6304 = CARTESIAN_POINT('',(1.227193551746,9.714548503373E-02));
#6305 = CARTESIAN_POINT('',(1.221191282231,0.160245128899));
#6306 = CARTESIAN_POINT('',(1.211445951199,0.222895847033));
#6307 = CARTESIAN_POINT('',(1.197997988819,0.284831401223));
#6308 = CARTESIAN_POINT('',(1.180911104528,0.345789538376));
#6309 = CARTESIAN_POINT('',(1.150988281647,0.432378395724));
#6310 = CARTESIAN_POINT('',(1.140985567155,0.458994094308));
#6311 = CARTESIAN_POINT('',(1.130271939077,0.485336954492));
#6312 = CARTESIAN_POINT('',(1.118856179444,0.511384057717));
#6313 = CARTESIAN_POINT('',(1.106747971016,0.537112858132));
#6314 = CARTESIAN_POINT('',(1.093957897276,0.562501182591));
#6315 = CARTESIAN_POINT('',(1.058809598636,0.627849866667));
#6316 = CARTESIAN_POINT('',(1.035381194891,0.667232427399));
#6317 = CARTESIAN_POINT('',(1.010260507739,0.705583324492));
#6318 = CARTESIAN_POINT('',(0.983501315092,0.742814720761));
#6319 = CARTESIAN_POINT('',(0.955162896241,0.778842530198));
#6320 = CARTESIAN_POINT('',(0.925310031845,0.813586417967));
#6321 = CARTESIAN_POINT('',(0.862743117884,0.880324231649));
#6322 = CARTESIAN_POINT('',(0.830031093615,0.912321100081));
#6323 = CARTESIAN_POINT('',(0.79594715165,0.942884044641));
#6324 = CARTESIAN_POINT('',(0.760565925975,0.971941819386));
#6325 = CARTESIAN_POINT('',(0.723966464047,0.999428293501));
#6326 = CARTESIAN_POINT('',(0.686232226798,1.025282451298));
#6327 = CARTESIAN_POINT('',(0.570459113967,1.097424898288));
#6328 = CARTESIAN_POINT('',(0.489332179315,1.138753145656));
#6329 = CARTESIAN_POINT('',(0.404765534012,1.17298890702));
#6330 = CARTESIAN_POINT('',(0.317500394547,1.199792908125));
#6331 = CARTESIAN_POINT('',(0.228313172199,1.218922307306));
#6332 = CARTESIAN_POINT('',(0.138008026575,1.230233813931));
#6333 = CARTESIAN_POINT('',(1.446159180421E-02,1.234958595417));
#6334 = CARTESIAN_POINT('',(-1.852916893455E-02,1.235180718975));
#6335 = CARTESIAN_POINT('',(-5.152030982356E-02,1.23436333255));
#6336 = CARTESIAN_POINT('',(-8.447271928418E-02,1.232506831533));
#6337 = CARTESIAN_POINT('',(-0.11734740149,1.22961349058));
#6338 = CARTESIAN_POINT('',(-0.150105476368,1.225687463615));
#6339 = CARTESIAN_POINT('',(-0.182708179597,1.220734783826));
#6340 = ( GEOMETRIC_REPRESENTATION_CONTEXT(2) 
PARAMETRIC_REPRESENTATION_CONTEXT() REPRESENTATION_CONTEXT('2D SPACE',''
  ) );
#6341 = ORIENTED_EDGE('',*,*,#4134,.T.);
#6342 = ADVANCED_FACE('',(#6343,#6390),#4123,.T.);
#6343 = FACE_BOUND('',#6344,.F.);
#6344 = EDGE_LOOP('',(#6345,#6365,#6387,#6388,#6389));
#6345 = ORIENTED_EDGE('',*,*,#6346,.T.);
#6346 = EDGE_CURVE('',#5998,#6347,#6349,.T.);
#6347 = VERTEX_POINT('',#6348);
#6348 = CARTESIAN_POINT('',(288.44636227751,-161.0219594833,
    20.995699615639));
#6349 = SURFACE_CURVE('',#6350,(#6353,#6359),.PCURVE_S1.);
#6350 = B_SPLINE_CURVE_WITH_KNOTS('',1,(#6351,#6352),.UNSPECIFIED.,.F.,
  .F.,(2,2),(0.,1.),.PIECEWISE_BEZIER_KNOTS.);
#6351 = CARTESIAN_POINT('',(288.11679382129,-160.9899070329,
    20.171597893566));
#6352 = CARTESIAN_POINT('',(288.45971628441,-161.0232582382,
    21.029091949992));
#6353 = PCURVE('',#4123,#6354);
#6354 = DEFINITIONAL_REPRESENTATION('',(#6355),#6358);
#6355 = B_SPLINE_CURVE_WITH_KNOTS('',1,(#6356,#6357),.UNSPECIFIED.,.F.,
  .F.,(2,2),(0.,1.),.PIECEWISE_BEZIER_KNOTS.);
#6356 = CARTESIAN_POINT('',(4.470894054975E-07,-0.800835631034));
#6357 = CARTESIAN_POINT('',(-0.344530924427,-1.658333333333));
#6358 = ( GEOMETRIC_REPRESENTATION_CONTEXT(2) 
PARAMETRIC_REPRESENTATION_CONTEXT() REPRESENTATION_CONTEXT('2D SPACE',''
  ) );
#6359 = PCURVE('',#1198,#6360);
#6360 = DEFINITIONAL_REPRESENTATION('',(#6361),#6364);
#6361 = B_SPLINE_CURVE_WITH_KNOTS('',1,(#6362,#6363),.UNSPECIFIED.,.F.,
  .F.,(2,2),(0.,1.),.PIECEWISE_BEZIER_KNOTS.);
#6362 = CARTESIAN_POINT('',(5.60747573229,0.754015631418));
#6363 = CARTESIAN_POINT('',(4.682744065905,0.754289001952));
#6364 = ( GEOMETRIC_REPRESENTATION_CONTEXT(2) 
PARAMETRIC_REPRESENTATION_CONTEXT() REPRESENTATION_CONTEXT('2D SPACE',''
  ) );
#6365 = ORIENTED_EDGE('',*,*,#6366,.F.);
#6366 = EDGE_CURVE('',#4080,#6347,#6367,.T.);
#6367 = SURFACE_CURVE('',#6368,(#6373,#6380),.PCURVE_S1.);
#6368 = CIRCLE('',#6369,1.658333333333);
#6369 = AXIS2_PLACEMENT_3D('',#6370,#6371,#6372);
#6370 = CARTESIAN_POINT('',(288.11655134815,-160.9922297089,
    19.370765667494));
#6371 = DIRECTION('',(-0.104019604147,-0.994570972053,2.916076511731E-03
    ));
#6372 = DIRECTION('',(0.198331515444,-2.361589596036E-02,-0.979850447487
    ));
#6373 = PCURVE('',#4123,#6374);
#6374 = DEFINITIONAL_REPRESENTATION('',(#6375),#6379);
#6375 = CIRCLE('',#6376,1.658333333333);
#6376 = AXIS2_PLACEMENT_2D('',#6377,#6378);
#6377 = CARTESIAN_POINT('',(0.,0.));
#6378 = DIRECTION('',(-0.199712133381,0.979854613593));
#6379 = ( GEOMETRIC_REPRESENTATION_CONTEXT(2) 
PARAMETRIC_REPRESENTATION_CONTEXT() REPRESENTATION_CONTEXT('2D SPACE',''
  ) );
#6380 = PCURVE('',#4098,#6381);
#6381 = DEFINITIONAL_REPRESENTATION('',(#6382),#6386);
#6382 = LINE('',#6383,#6384);
#6383 = CARTESIAN_POINT('',(-7.652917507016,-12.42522719675));
#6384 = VECTOR('',#6385,1.);
#6385 = DIRECTION('',(1.,-0.));
#6386 = ( GEOMETRIC_REPRESENTATION_CONTEXT(2) 
PARAMETRIC_REPRESENTATION_CONTEXT() REPRESENTATION_CONTEXT('2D SPACE',''
  ) );
#6387 = ORIENTED_EDGE('',*,*,#4109,.T.);
#6388 = ORIENTED_EDGE('',*,*,#6144,.F.);
#6389 = ORIENTED_EDGE('',*,*,#5997,.F.);
#6390 = FACE_BOUND('',#6391,.F.);
#6391 = EDGE_LOOP('',(#6392));
#6392 = ORIENTED_EDGE('',*,*,#5943,.F.);
#6393 = ADVANCED_FACE('',(#6394),#4098,.F.);
#6394 = FACE_BOUND('',#6395,.T.);
#6395 = EDGE_LOOP('',(#6396,#6472,#6473,#6474,#6529));
#6396 = ORIENTED_EDGE('',*,*,#6397,.T.);
#6397 = EDGE_CURVE('',#6398,#6347,#6400,.T.);
#6398 = VERTEX_POINT('',#6399);
#6399 = CARTESIAN_POINT('',(286.82784716235,-176.4971976806,
    21.041072927236));
#6400 = SURFACE_CURVE('',#6401,(#6414,#6443),.PCURVE_S1.);
#6401 = B_SPLINE_CURVE_WITH_KNOTS('',6,(#6402,#6403,#6404,#6405,#6406,
    #6407,#6408,#6409,#6410,#6411,#6412,#6413),.UNSPECIFIED.,.F.,.F.,(7,
    5,7),(0.129680827455,0.487940672286,1.424726910028),.UNSPECIFIED.);
#6402 = CARTESIAN_POINT('',(286.82784716235,-176.4971976806,
    21.041072927236));
#6403 = CARTESIAN_POINT('',(286.86475724379,-176.1442863629,
    21.040038193232));
#6404 = CARTESIAN_POINT('',(286.90166732522,-175.7913750452,
    21.039003459228));
#6405 = CARTESIAN_POINT('',(286.93857740665,-175.4384637275,
    21.037968725224));
#6406 = CARTESIAN_POINT('',(286.97548748808,-175.0855524098,
    21.036933991219));
#6407 = CARTESIAN_POINT('',(287.01239756951,-174.732641092,
    21.035899257215));
#6408 = CARTESIAN_POINT('',(287.14582099682,-173.4569289906,
    21.032158876489));
#6409 = CARTESIAN_POINT('',(287.43182617666,-170.7223247584,
    21.024141032217));
#6410 = CARTESIAN_POINT('',(287.74594029645,-167.7189602691,
    21.015335184401));
#6411 = CARTESIAN_POINT('',(288.02006019258,-165.0979957192,
    21.007650530752));
#6412 = CARTESIAN_POINT('',(288.24633988222,-162.9344500211,
    21.001307028995));
#6413 = CARTESIAN_POINT('',(288.44636227751,-161.0219594833,
    20.995699615639));
#6414 = PCURVE('',#4098,#6415);
#6415 = DEFINITIONAL_REPRESENTATION('',(#6416),#6442);
#6416 = B_SPLINE_CURVE_WITH_KNOTS('',3,(#6417,#6418,#6419,#6420,#6421,
    #6422,#6423,#6424,#6425,#6426,#6427,#6428,#6429,#6430,#6431,#6432,
    #6433,#6434,#6435,#6436,#6437,#6438,#6439,#6440,#6441),
  .UNSPECIFIED.,.F.,.F.,(4,1,1,1,1,1,1,1,1,1,1,1,1,1,1,1,1,1,1,1,1,1,4),
  (0.129680827455,0.188546558481,0.247412289507,0.306278020533,
    0.365143751559,0.424009482585,0.482875213611,0.541740944637,
    0.600606675663,0.659472406689,0.718338137715,0.777203868742,
    0.836069599768,0.894935330794,0.95380106182,1.012666792846,
    1.071532523872,1.130398254898,1.189263985924,1.24812971695,
    1.306995447976,1.365861179002,1.424726910028),
  .QUASI_UNIFORM_KNOTS.);
#6417 = CARTESIAN_POINT('',(-4.913406936789,3.134485113573));
#6418 = CARTESIAN_POINT('',(-4.913406936789,3.01787822411));
#6419 = CARTESIAN_POINT('',(-4.913406936789,2.784644955663));
#6420 = CARTESIAN_POINT('',(-4.913406936789,2.434911990114));
#6421 = CARTESIAN_POINT('',(-4.913406936789,2.084769744645));
#6422 = CARTESIAN_POINT('',(-4.913406936789,1.736147681735));
#6423 = CARTESIAN_POINT('',(-4.913406936789,1.381854168507));
#6424 = CARTESIAN_POINT('',(-4.913406936789,1.048726273993));
#6425 = CARTESIAN_POINT('',(-4.913406936789,0.636607354941));
#6426 = CARTESIAN_POINT('',(-4.913406936789,1.292050898928E-02));
#6427 = CARTESIAN_POINT('',(-4.913406936792,-0.73698907542));
#6428 = CARTESIAN_POINT('',(-4.913406936825,-1.590776347834));
#6429 = CARTESIAN_POINT('',(-4.913406936934,-2.514834557488));
#6430 = CARTESIAN_POINT('',(-4.913406937194,-3.483913502766));
#6431 = CARTESIAN_POINT('',(-4.913406937687,-4.475583865415));
#6432 = CARTESIAN_POINT('',(-4.913406938497,-5.47144272908));
#6433 = CARTESIAN_POINT('',(-4.913406939673,-6.456513886889));
#6434 = CARTESIAN_POINT('',(-4.913406941206,-7.419133419618));
#6435 = CARTESIAN_POINT('',(-4.913406942984,-8.350705013589));
#6436 = CARTESIAN_POINT('',(-4.913406944743,-9.245496660148));
#6437 = CARTESIAN_POINT('',(-4.913406946017,-10.10040770018));
#6438 = CARTESIAN_POINT('',(-4.913406946058,-10.91481871801));
#6439 = CARTESIAN_POINT('',(-4.913406943828,-11.69014530384));
#6440 = CARTESIAN_POINT('',(-4.913406939733,-12.18371450374));
#6441 = CARTESIAN_POINT('',(-4.913406936789,-12.42522719675));
#6442 = ( GEOMETRIC_REPRESENTATION_CONTEXT(2) 
PARAMETRIC_REPRESENTATION_CONTEXT() REPRESENTATION_CONTEXT('2D SPACE',''
  ) );
#6443 = PCURVE('',#1198,#6444);
#6444 = DEFINITIONAL_REPRESENTATION('',(#6445),#6471);
#6445 = B_SPLINE_CURVE_WITH_KNOTS('',3,(#6446,#6447,#6448,#6449,#6450,
    #6451,#6452,#6453,#6454,#6455,#6456,#6457,#6458,#6459,#6460,#6461,
    #6462,#6463,#6464,#6465,#6466,#6467,#6468,#6469,#6470),
  .UNSPECIFIED.,.F.,.F.,(4,1,1,1,1,1,1,1,1,1,1,1,1,1,1,1,1,1,1,1,1,1,4),
  (0.129680827455,0.188546558481,0.247412289507,0.306278020533,
    0.365143751559,0.424009482585,0.482875213611,0.541740944637,
    0.600606675663,0.659472406689,0.718338137715,0.777203868742,
    0.836069599768,0.894935330794,0.95380106182,1.012666792846,
    1.071532523872,1.130398254898,1.189263985924,1.24812971695,
    1.306995447976,1.365861179002,1.424726910028),
  .QUASI_UNIFORM_KNOTS.);
#6446 = CARTESIAN_POINT('',(4.718754751647,0.881124571153));
#6447 = CARTESIAN_POINT('',(4.718754751647,0.88017396601));
#6448 = CARTESIAN_POINT('',(4.718754751647,0.878272596842));
#6449 = CARTESIAN_POINT('',(4.718754751647,0.875421496387));
#6450 = CARTESIAN_POINT('',(4.718754751647,0.872567059392));
#6451 = CARTESIAN_POINT('',(4.718754751647,0.869725015261));
#6452 = CARTESIAN_POINT('',(4.718754751647,0.866836736213));
#6453 = CARTESIAN_POINT('',(4.718754751647,0.864121003968));
#6454 = CARTESIAN_POINT('',(4.718754751647,0.860761319428));
#6455 = CARTESIAN_POINT('',(4.718754751647,0.855676886373));
#6456 = CARTESIAN_POINT('',(4.718754751645,0.849563457649));
#6457 = CARTESIAN_POINT('',(4.718754751623,0.842603195047));
#6458 = CARTESIAN_POINT('',(4.718754751549,0.835070068229));
#6459 = CARTESIAN_POINT('',(4.71875475137,0.827169922421));
#6460 = CARTESIAN_POINT('',(4.718754751027,0.819085606384));
#6461 = CARTESIAN_POINT('',(4.718754750461,0.810967144761));
#6462 = CARTESIAN_POINT('',(4.718754749634,0.802936626901));
#6463 = CARTESIAN_POINT('',(4.718754748551,0.795089139652));
#6464 = CARTESIAN_POINT('',(4.718754747292,0.787494762064));
#6465 = CARTESIAN_POINT('',(4.718754746042,0.780200222739));
#6466 = CARTESIAN_POINT('',(4.718754745131,0.773230798935));
#6467 = CARTESIAN_POINT('',(4.71875474509,0.766591540266));
#6468 = CARTESIAN_POINT('',(4.71875474666,0.760270906527));
#6469 = CARTESIAN_POINT('',(4.718754749559,0.756247221289));
#6470 = CARTESIAN_POINT('',(4.718754751647,0.754278356421));
#6471 = ( GEOMETRIC_REPRESENTATION_CONTEXT(2) 
PARAMETRIC_REPRESENTATION_CONTEXT() REPRESENTATION_CONTEXT('2D SPACE',''
  ) );
#6472 = ORIENTED_EDGE('',*,*,#6366,.F.);
#6473 = ORIENTED_EDGE('',*,*,#4079,.T.);
#6474 = ORIENTED_EDGE('',*,*,#6475,.T.);
#6475 = EDGE_CURVE('',#4055,#6476,#6478,.T.);
#6476 = VERTEX_POINT('',#6477);
#6477 = CARTESIAN_POINT('',(288.35231930311,-174.6804025301,
    19.410393544662));
#6478 = SURFACE_CURVE('',#6479,(#6484,#6518),.PCURVE_S1.);
#6479 = ELLIPSE('',#6480,2.963350753586,1.658333333333);
#6480 = AXIS2_PLACEMENT_3D('',#6481,#6482,#6483);
#6481 = CARTESIAN_POINT('',(286.44752225433,-176.9504512561,
    19.417555083564));
#6482 = DIRECTION('',(0.766044443119,-0.642787609687,6.505213034913E-19)
  );
#6483 = DIRECTION('',(-0.642783630574,-0.766039700997,3.518630731648E-03
    ));
#6484 = PCURVE('',#4098,#6485);
#6485 = DEFINITIONAL_REPRESENTATION('',(#6486),#6517);
#6486 = B_SPLINE_CURVE_WITH_KNOTS('',8,(#6487,#6488,#6489,#6490,#6491,
    #6492,#6493,#6494,#6495,#6496,#6497,#6498,#6499,#6500,#6501,#6502,
    #6503,#6504,#6505,#6506,#6507,#6508,#6509,#6510,#6511,#6512,#6513,
    #6514,#6515,#6516),.UNSPECIFIED.,.F.,.F.,(9,7,7,7,9),(3.143561739161
    ,4.714358065955,5.892455311052,7.659601178696,9.42674704634),
  .UNSPECIFIED.);
#6487 = CARTESIAN_POINT('',(-12.56637061435,1.1642232202));
#6488 = CARTESIAN_POINT('',(-12.37002107351,1.165172736625));
#6489 = CARTESIAN_POINT('',(-12.17367153266,1.274330306121));
#6490 = CARTESIAN_POINT('',(-11.9773219918,1.491639225525));
#6491 = CARTESIAN_POINT('',(-11.78097245096,1.808147822148));
#6492 = CARTESIAN_POINT('',(-11.58462291011,2.205997300532));
#6493 = CARTESIAN_POINT('',(-11.38827336926,2.660305085513));
#6494 = CARTESIAN_POINT('',(-11.19192382841,3.142729512754));
#6495 = CARTESIAN_POINT('',(-10.84831213192,3.986599185481));
#6496 = CARTESIAN_POINT('',(-10.70104997629,4.34813763143));
#6497 = CARTESIAN_POINT('',(-10.55378782065,4.697605769209));
#6498 = CARTESIAN_POINT('',(-10.40652566501,5.023055485706));
#6499 = CARTESIAN_POINT('',(-10.25926350937,5.31337958621));
#6500 = CARTESIAN_POINT('',(-10.11200135374,5.559129042109));
#6501 = CARTESIAN_POINT('',(-9.964739198105,5.75315156946));
#6502 = CARTESIAN_POINT('',(-9.596583809013,6.097508471185));
#6503 = CARTESIAN_POINT('',(-9.375690575562,6.177493292253));
#6504 = CARTESIAN_POINT('',(-9.154797342093,6.115488144012));
#6505 = CARTESIAN_POINT('',(-8.933904108674,5.909305458477));
#6506 = CARTESIAN_POINT('',(-8.713010875176,5.572360580994));
#6507 = CARTESIAN_POINT('',(-8.492117641742,5.132572283371));
#6508 = CARTESIAN_POINT('',(-8.271224408279,4.626753023349));
#6509 = CARTESIAN_POINT('',(-7.829437941368,3.562208432581));
#6510 = CARTESIAN_POINT('',(-7.608544707918,3.003482512633));
#6511 = CARTESIAN_POINT('',(-7.387651474465,2.457882015317));
#6512 = CARTESIAN_POINT('',(-7.16675824104,1.967721929253));
#6513 = CARTESIAN_POINT('',(-6.945865007553,1.571948165099));
#6514 = CARTESIAN_POINT('',(-6.724971774096,1.299037819291));
#6515 = CARTESIAN_POINT('',(-6.504078540635,1.163155014222));
#6516 = CARTESIAN_POINT('',(-6.28318530718,1.1642232202));
#6517 = ( GEOMETRIC_REPRESENTATION_CONTEXT(2) 
PARAMETRIC_REPRESENTATION_CONTEXT() REPRESENTATION_CONTEXT('2D SPACE',''
  ) );
#6518 = PCURVE('',#4068,#6519);
#6519 = DEFINITIONAL_REPRESENTATION('',(#6520),#6528);
#6520 = ( BOUNDED_CURVE() B_SPLINE_CURVE(2,(#6521,#6522,#6523,#6524,
#6525,#6526,#6527),.UNSPECIFIED.,.T.,.F.) B_SPLINE_CURVE_WITH_KNOTS((1,2
    ,2,2,2,1),(-2.094395102393,0.,2.094395102393,4.188790204786,
6.28318530718,8.377580409573),.UNSPECIFIED.) CURVE() 
GEOMETRIC_REPRESENTATION_ITEM() RATIONAL_B_SPLINE_CURVE((1.,0.5,1.,0.5,
1.,0.5,1.)) REPRESENTATION_ITEM('') );
#6521 = CARTESIAN_POINT('',(-5.966358247804,-2.689138954463));
#6522 = CARTESIAN_POINT('',(-5.976464872744,0.18316085396));
#6523 = CARTESIAN_POINT('',(-1.526412946385,-1.237348644706));
#6524 = CARTESIAN_POINT('',(2.923638979973,-2.657858143372));
#6525 = CARTESIAN_POINT('',(-1.516306321445,-4.109648453129));
#6526 = CARTESIAN_POINT('',(-5.956251622863,-5.561438762886));
#6527 = CARTESIAN_POINT('',(-5.966358247804,-2.689138954463));
#6528 = ( GEOMETRIC_REPRESENTATION_CONTEXT(2) 
PARAMETRIC_REPRESENTATION_CONTEXT() REPRESENTATION_CONTEXT('2D SPACE',''
  ) );
#6529 = ORIENTED_EDGE('',*,*,#6530,.T.);
#6530 = EDGE_CURVE('',#6476,#6398,#6531,.T.);
#6531 = SURFACE_CURVE('',#6532,(#6537,#6571),.PCURVE_S1.);
#6532 = ELLIPSE('',#6533,2.963350753586,1.658333333333);
#6533 = AXIS2_PLACEMENT_3D('',#6534,#6535,#6536);
#6534 = CARTESIAN_POINT('',(286.44752225433,-176.9504512561,
    19.417555083564));
#6535 = DIRECTION('',(0.766044443119,-0.642787609687,6.505213034913E-19)
  );
#6536 = DIRECTION('',(-0.642783630574,-0.766039700997,3.518630731648E-03
    ));
#6537 = PCURVE('',#4098,#6538);
#6538 = DEFINITIONAL_REPRESENTATION('',(#6539),#6570);
#6539 = B_SPLINE_CURVE_WITH_KNOTS('',8,(#6540,#6541,#6542,#6543,#6544,
    #6545,#6546,#6547,#6548,#6549,#6550,#6551,#6552,#6553,#6554,#6555,
    #6556,#6557,#6558,#6559,#6560,#6561,#6562,#6563,#6564,#6565,#6566,
    #6567,#6568,#6569),.UNSPECIFIED.,.F.,.F.,(9,7,7,7,9),(3.143561739161
    ,4.714358065955,5.892455311052,7.659601178696,9.42674704634),
  .UNSPECIFIED.);
#6540 = CARTESIAN_POINT('',(-6.28318530718,1.1642232202));
#6541 = CARTESIAN_POINT('',(-6.08683576633,1.165172736625));
#6542 = CARTESIAN_POINT('',(-5.890486225482,1.274330306121));
#6543 = CARTESIAN_POINT('',(-5.694136684629,1.491639225525));
#6544 = CARTESIAN_POINT('',(-5.497787143786,1.808147822148));
#6545 = CARTESIAN_POINT('',(-5.301437602932,2.205997300532));
#6546 = CARTESIAN_POINT('',(-5.105088062084,2.660305085513));
#6547 = CARTESIAN_POINT('',(-4.908738521234,3.142729512754));
#6548 = CARTESIAN_POINT('',(-4.565126824748,3.986599185481));
#6549 = CARTESIAN_POINT('',(-4.41786466911,4.34813763143));
#6550 = CARTESIAN_POINT('',(-4.270602513474,4.697605769209));
#6551 = CARTESIAN_POINT('',(-4.123340357836,5.023055485706));
#6552 = CARTESIAN_POINT('',(-3.976078202199,5.31337958621));
#6553 = CARTESIAN_POINT('',(-3.828816046563,5.559129042109));
#6554 = CARTESIAN_POINT('',(-3.681553890926,5.75315156946));
#6555 = CARTESIAN_POINT('',(-3.313398501833,6.097508471185));
#6556 = CARTESIAN_POINT('',(-3.092505268383,6.177493292253));
#6557 = CARTESIAN_POINT('',(-2.871612034914,6.115488144012));
#6558 = CARTESIAN_POINT('',(-2.650718801494,5.909305458477));
#6559 = CARTESIAN_POINT('',(-2.429825567996,5.572360580994));
#6560 = CARTESIAN_POINT('',(-2.208932334562,5.132572283371));
#6561 = CARTESIAN_POINT('',(-1.9880391011,4.626753023349));
#6562 = CARTESIAN_POINT('',(-1.546252634189,3.562208432581));
#6563 = CARTESIAN_POINT('',(-1.325359400739,3.003482512633));
#6564 = CARTESIAN_POINT('',(-1.104466167285,2.457882015317));
#6565 = CARTESIAN_POINT('',(-0.88357293386,1.967721929253));
#6566 = CARTESIAN_POINT('',(-0.662679700373,1.571948165099));
#6567 = CARTESIAN_POINT('',(-0.441786466916,1.299037819291));
#6568 = CARTESIAN_POINT('',(-0.220893233456,1.163155014222));
#6569 = CARTESIAN_POINT('',(-8.881784197001E-15,1.1642232202));
#6570 = ( GEOMETRIC_REPRESENTATION_CONTEXT(2) 
PARAMETRIC_REPRESENTATION_CONTEXT() REPRESENTATION_CONTEXT('2D SPACE',''
  ) );
#6571 = PCURVE('',#4068,#6572);
#6572 = DEFINITIONAL_REPRESENTATION('',(#6573),#6581);
#6573 = ( BOUNDED_CURVE() B_SPLINE_CURVE(2,(#6574,#6575,#6576,#6577,
#6578,#6579,#6580),.UNSPECIFIED.,.T.,.F.) B_SPLINE_CURVE_WITH_KNOTS((1,2
    ,2,2,2,1),(-2.094395102393,0.,2.094395102393,4.188790204786,
6.28318530718,8.377580409573),.UNSPECIFIED.) CURVE() 
GEOMETRIC_REPRESENTATION_ITEM() RATIONAL_B_SPLINE_CURVE((1.,0.5,1.,0.5,
1.,0.5,1.)) REPRESENTATION_ITEM('') );
#6574 = CARTESIAN_POINT('',(-5.966358247804,-2.689138954463));
#6575 = CARTESIAN_POINT('',(-5.976464872744,0.18316085396));
#6576 = CARTESIAN_POINT('',(-1.526412946385,-1.237348644706));
#6577 = CARTESIAN_POINT('',(2.923638979973,-2.657858143372));
#6578 = CARTESIAN_POINT('',(-1.516306321445,-4.109648453129));
#6579 = CARTESIAN_POINT('',(-5.956251622863,-5.561438762886));
#6580 = CARTESIAN_POINT('',(-5.966358247804,-2.689138954463));
#6581 = ( GEOMETRIC_REPRESENTATION_CONTEXT(2) 
PARAMETRIC_REPRESENTATION_CONTEXT() REPRESENTATION_CONTEXT('2D SPACE',''
  ) );
#6582 = ADVANCED_FACE('',(#6583,#6924),#4068,.T.);
#6583 = FACE_BOUND('',#6584,.F.);
#6584 = EDGE_LOOP('',(#6585,#6586,#6587,#6607,#6674,#6923));
#6585 = ORIENTED_EDGE('',*,*,#6475,.T.);
#6586 = ORIENTED_EDGE('',*,*,#6530,.T.);
#6587 = ORIENTED_EDGE('',*,*,#6588,.F.);
#6588 = EDGE_CURVE('',#6589,#6398,#6591,.T.);
#6589 = VERTEX_POINT('',#6590);
#6590 = CARTESIAN_POINT('',(286.62197959027,-176.7425410992,
    20.595762467456));
#6591 = SURFACE_CURVE('',#6592,(#6595,#6601),.PCURVE_S1.);
#6592 = B_SPLINE_CURVE_WITH_KNOTS('',1,(#6593,#6594),.UNSPECIFIED.,.F.,
  .F.,(2,2),(0.,1.),.PIECEWISE_BEZIER_KNOTS.);
#6593 = CARTESIAN_POINT('',(286.44752174079,-176.9504518681,
    20.218394121504));
#6594 = CARTESIAN_POINT('',(286.84395281436,-176.478003712,
    21.075910931235));
#6595 = PCURVE('',#4068,#6596);
#6596 = DEFINITIONAL_REPRESENTATION('',(#6597),#6600);
#6597 = B_SPLINE_CURVE_WITH_KNOTS('',1,(#6598,#6599),.UNSPECIFIED.,.F.,
  .F.,(2,2),(0.,1.),.PIECEWISE_BEZIER_KNOTS.);
#6598 = CARTESIAN_POINT('',(-3.003026637466,-3.479551055373));
#6599 = CARTESIAN_POINT('',(-2.386289370605,-4.337067865104));
#6600 = ( GEOMETRIC_REPRESENTATION_CONTEXT(2) 
PARAMETRIC_REPRESENTATION_CONTEXT() REPRESENTATION_CONTEXT('2D SPACE',''
  ) );
#6601 = PCURVE('',#1198,#6602);
#6602 = DEFINITIONAL_REPRESENTATION('',(#6603),#6606);
#6603 = B_SPLINE_CURVE_WITH_KNOTS('',1,(#6604,#6605),.UNSPECIFIED.,.F.,
  .F.,(2,2),(0.,1.),.PIECEWISE_BEZIER_KNOTS.);
#6604 = CARTESIAN_POINT('',(5.60747573229,0.884839769411));
#6605 = CARTESIAN_POINT('',(4.681120057691,0.880967243541));
#6606 = ( GEOMETRIC_REPRESENTATION_CONTEXT(2) 
PARAMETRIC_REPRESENTATION_CONTEXT() REPRESENTATION_CONTEXT('2D SPACE',''
  ) );
#6607 = ORIENTED_EDGE('',*,*,#6608,.T.);
#6608 = EDGE_CURVE('',#6589,#6609,#6611,.T.);
#6609 = VERTEX_POINT('',#6610);
#6610 = CARTESIAN_POINT('',(286.44752225433,-176.9504512561,
    20.605616267401));
#6611 = SURFACE_CURVE('',#6612,(#6621,#6633),.PCURVE_S1.);
#6612 = B_SPLINE_CURVE_WITH_KNOTS('',4,(#6613,#6614,#6615,#6616,#6617,
    #6618,#6619,#6620),.UNSPECIFIED.,.F.,.F.,(5,3,5),(0.,0.699657278674,
    1.),.UNSPECIFIED.);
#6613 = CARTESIAN_POINT('',(286.62402010238,-176.7401093116,
    20.595529719903));
#6614 = CARTESIAN_POINT('',(286.59322304091,-176.7768118203,
    20.599063288083));
#6615 = CARTESIAN_POINT('',(286.56237252985,-176.8135780277,
    20.601767551993));
#6616 = CARTESIAN_POINT('',(286.53148828377,-176.8503844389,
    20.603648270877));
#6617 = CARTESIAN_POINT('',(286.48732503624,-176.9030161478,
    20.605161417476));
#6618 = CARTESIAN_POINT('',(286.47405818676,-176.9188269633,
    20.605464400815));
#6619 = CARTESIAN_POINT('',(286.46079009536,-176.9346392589,
    20.605616025039));
#6620 = CARTESIAN_POINT('',(286.44752225433,-176.9504512561,
    20.605616267401));
#6621 = PCURVE('',#4068,#6622);
#6622 = DEFINITIONAL_REPRESENTATION('',(#6623),#6632);
#6623 = B_SPLINE_CURVE_WITH_KNOTS('',4,(#6624,#6625,#6626,#6627,#6628,
    #6629,#6630,#6631),.UNSPECIFIED.,.F.,.F.,(5,3,5),(0.,0.699657278674,
    1.),.UNSPECIFIED.);
#6624 = CARTESIAN_POINT('',(-2.728443930942,-3.856686653772));
#6625 = CARTESIAN_POINT('',(-2.776355653265,-3.860220221952));
#6626 = CARTESIAN_POINT('',(-2.824350528398,-3.862924485862));
#6627 = CARTESIAN_POINT('',(-2.872397885895,-3.864805204745));
#6628 = CARTESIAN_POINT('',(-2.941103702347,-3.866318351345));
#6629 = CARTESIAN_POINT('',(-2.961743256185,-3.866621334683));
#6630 = CARTESIAN_POINT('',(-2.982384742126,-3.866772958907));
#6631 = CARTESIAN_POINT('',(-3.003025838545,-3.866773201269));
#6632 = ( GEOMETRIC_REPRESENTATION_CONTEXT(2) 
PARAMETRIC_REPRESENTATION_CONTEXT() REPRESENTATION_CONTEXT('2D SPACE',''
  ) );
#6633 = PCURVE('',#6634,#6663);
#6634 = B_SPLINE_SURFACE_WITH_KNOTS('',13,1,(
    (#6635,#6636)
    ,(#6637,#6638)
    ,(#6639,#6640)
    ,(#6641,#6642)
    ,(#6643,#6644)
    ,(#6645,#6646)
    ,(#6647,#6648)
    ,(#6649,#6650)
    ,(#6651,#6652)
    ,(#6653,#6654)
    ,(#6655,#6656)
    ,(#6657,#6658)
    ,(#6659,#6660)
    ,(#6661,#6662
    )),.UNSPECIFIED.,.T.,.F.,.F.,(14,14),(2,2),(0.,6.28318530718),(0.,1.
    ),.PIECEWISE_BEZIER_KNOTS.);
#6635 = CARTESIAN_POINT('',(297.59135821248,-70.4,20.603983091432));
#6636 = CARTESIAN_POINT('',(285.08270372175,-190.,20.605816287289));
#6637 = CARTESIAN_POINT('',(298.31577725692,-70.39999999999,
    20.60398309143));
#6638 = CARTESIAN_POINT('',(285.63852396041,-189.9999999999,
    20.605816287288));
#6639 = CARTESIAN_POINT('',(299.04019659116,-70.40000000002,
    20.224676085388));
#6640 = CARTESIAN_POINT('',(286.19434442163,-190.0000000001,
    20.314787893904));
#6641 = CARTESIAN_POINT('',(299.54795412979,-70.39999999992,
    19.466084655182));
#6642 = CARTESIAN_POINT('',(286.58392821036,-189.9999999996,
    19.732748433391));
#6643 = CARTESIAN_POINT('',(299.62241466442,-70.40000000014,
    18.464216879548));
#6644 = CARTESIAN_POINT('',(286.64105905644,-190.0000000007,
    18.964051930342));
#6645 = CARTESIAN_POINT('',(299.14185434531,-70.39999999979,
    17.491773718957));
#6646 = CARTESIAN_POINT('',(286.27234269725,-189.9999999989,
    18.217931858281));
#6647 = CARTESIAN_POINT('',(298.1750753663,-70.40000000021,
    16.881330772054));
#6648 = CARTESIAN_POINT('',(285.53056854691,-190.0000000012,
    17.749561310786));
#6649 = CARTESIAN_POINT('',(297.00764105872,-70.39999999982,
    16.881330771919));
#6650 = CARTESIAN_POINT('',(284.63483889673,-189.9999999987,
    17.749561310676));
#6651 = CARTESIAN_POINT('',(296.04086207955,-70.40000000011,
    17.491773719065));
#6652 = CARTESIAN_POINT('',(283.89306474591,-190.0000000009,
    18.217931858368));
#6653 = CARTESIAN_POINT('',(295.56030176064,-70.39999999994,
    18.46421687948));
#6654 = CARTESIAN_POINT('',(283.52434838738,-189.9999999994,
    18.964051930288));
#6655 = CARTESIAN_POINT('',(295.63476229512,-70.40000000002,
    19.466084655215));
#6656 = CARTESIAN_POINT('',(283.58147923292,-190.0000000002,
    19.732748433416));
#6657 = CARTESIAN_POINT('',(296.14251983383,-70.39999999999,
    20.224676085376));
#6658 = CARTESIAN_POINT('',(283.97106302195,-189.9999999999,
    20.314787893895));
#6659 = CARTESIAN_POINT('',(296.86693916804,-70.4,20.603983091433));
#6660 = CARTESIAN_POINT('',(284.52688348306,-190.,20.60581628729));
#6661 = CARTESIAN_POINT('',(297.59135821248,-70.4,20.603983091432));
#6662 = CARTESIAN_POINT('',(285.08270372175,-190.,20.605816287289));
#6663 = DEFINITIONAL_REPRESENTATION('',(#6664),#6673);
#6664 = B_SPLINE_CURVE_WITH_KNOTS('',4,(#6665,#6666,#6667,#6668,#6669,
    #6670,#6671,#6672),.UNSPECIFIED.,.F.,.F.,(5,3,5),(0.,0.699657278674,
    1.),.UNSPECIFIED.);
#6665 = CARTESIAN_POINT('',(0.1303443886,0.88913134876));
#6666 = CARTESIAN_POINT('',(0.107482752765,0.889438225922));
#6667 = CARTESIAN_POINT('',(8.466728004246E-02,0.889745635683));
#6668 = CARTESIAN_POINT('',(6.187999085061E-02,0.890053381596));
#6669 = CARTESIAN_POINT('',(2.932594634671E-02,0.890493446052));
#6670 = CARTESIAN_POINT('',(1.955053140707E-02,0.890625643506));
#6671 = CARTESIAN_POINT('',(9.775679332111E-03,0.890757853336));
#6672 = CARTESIAN_POINT('',(0.,0.89089006067));
#6673 = ( GEOMETRIC_REPRESENTATION_CONTEXT(2) 
PARAMETRIC_REPRESENTATION_CONTEXT() REPRESENTATION_CONTEXT('2D SPACE',''
  ) );
#6674 = ORIENTED_EDGE('',*,*,#6675,.T.);
#6675 = EDGE_CURVE('',#6609,#3934,#6676,.T.);
#6676 = SURFACE_CURVE('',#6677,(#6757,#6840),.PCURVE_S1.);
#6677 = B_SPLINE_CURVE_WITH_KNOTS('',8,(#6678,#6679,#6680,#6681,#6682,
    #6683,#6684,#6685,#6686,#6687,#6688,#6689,#6690,#6691,#6692,#6693,
    #6694,#6695,#6696,#6697,#6698,#6699,#6700,#6701,#6702,#6703,#6704,
    #6705,#6706,#6707,#6708,#6709,#6710,#6711,#6712,#6713,#6714,#6715,
    #6716,#6717,#6718,#6719,#6720,#6721,#6722,#6723,#6724,#6725,#6726,
    #6727,#6728,#6729,#6730,#6731,#6732,#6733,#6734,#6735,#6736,#6737,
    #6738,#6739,#6740,#6741,#6742,#6743,#6744,#6745,#6746,#6747,#6748,
    #6749,#6750,#6751,#6752,#6753,#6754,#6755,#6756),.UNSPECIFIED.,.F.,
  .F.,(9,7,7,7,7,7,7,7,7,7,7,9),(0.,0.262321803456,0.3388512814,
    0.393607536012,0.421528894513,0.476190689383,0.530462750434,
    0.558396744106,0.613184813483,0.68976061226,0.953344155712,1.),
  .UNSPECIFIED.);
#6678 = CARTESIAN_POINT('',(286.44752225433,-176.9504512561,
    20.6056162674));
#6679 = CARTESIAN_POINT('',(286.32436735635,-177.0972215482,
    20.605618517055));
#6680 = CARTESIAN_POINT('',(286.20149826277,-177.2436512319,
    20.594440589876));
#6681 = CARTESIAN_POINT('',(286.07926130666,-177.3893275635,
    20.572160798453));
#6682 = CARTESIAN_POINT('',(285.95826714101,-177.5335227951,
    20.538429105883));
#6683 = CARTESIAN_POINT('',(285.83937904194,-177.6752081143,
    20.492742267921));
#6684 = CARTESIAN_POINT('',(285.72383042639,-177.812913592,
    20.434310330801));
#6685 = CARTESIAN_POINT('',(285.61313682778,-177.9448330858,
    20.36230314169));
#6686 = CARTESIAN_POINT('',(285.47933325249,-178.1042939774,
    20.249540597909));
#6687 = CARTESIAN_POINT('',(285.44974254121,-178.1395588138,
    20.222791860443));
#6688 = CARTESIAN_POINT('',(285.42084287762,-178.1740000917,
    20.194729318604));
#6689 = CARTESIAN_POINT('',(285.39270898604,-178.2075287581,
    20.165322810602));
#6690 = CARTESIAN_POINT('',(285.36542758896,-178.2400414611,
    20.134545920477));
#6691 = CARTESIAN_POINT('',(285.33909693552,-178.2714211119,
    20.102377426239));
#6692 = CARTESIAN_POINT('',(285.31382632996,-178.3015374469,
    20.068802748009));
#6693 = CARTESIAN_POINT('',(285.27249897061,-178.3507894759,
    20.008782214213));
#6694 = CARTESIAN_POINT('',(285.25586801676,-178.3706094749,
    19.983028205694));
#6695 = CARTESIAN_POINT('',(285.23988711836,-178.3896547679,
    19.956552539609));
#6696 = CARTESIAN_POINT('',(285.22460512603,-178.4078671372,
    19.929358994505));
#6697 = CARTESIAN_POINT('',(285.21007434562,-178.425184247,
    19.901456946356));
#6698 = CARTESIAN_POINT('',(285.19634946266,-178.4415409255,
    19.872862356444));
#6699 = CARTESIAN_POINT('',(285.18348646681,-178.456870447,
    19.843598759245));
#6700 = CARTESIAN_POINT('',(285.165450627,-178.4783647239,
    19.798451355951));
#6701 = CARTESIAN_POINT('',(285.15959840588,-178.4853391295,
    19.783039139342));
#6702 = CARTESIAN_POINT('',(285.15399256301,-178.4920199129,
    19.767466032788));
#6703 = CARTESIAN_POINT('',(285.14864058044,-178.4983981573,
    19.751737171984));
#6704 = CARTESIAN_POINT('',(285.14354977208,-178.5044651465,
    19.735858396013));
#6705 = CARTESIAN_POINT('',(285.13872728379,-178.5102123642,
    19.719836247343));
#6706 = CARTESIAN_POINT('',(285.13418009333,-178.5156314948,
    19.703677971831));
#6707 = CARTESIAN_POINT('',(285.12156523438,-178.5306652983,
    19.655507441196));
#6708 = CARTESIAN_POINT('',(285.11429525352,-178.5393293241,
    19.623127864349));
#6709 = CARTESIAN_POINT('',(285.10815673568,-178.5466449248,
    19.590318092643));
#6710 = CARTESIAN_POINT('',(285.10319441706,-178.5525587858,
    19.557150608983));
#6711 = CARTESIAN_POINT('',(285.09944434466,-178.5570279481,
    19.523704932531));
#6712 = CARTESIAN_POINT('',(285.09693211882,-178.5600219022,
    19.490067476514));
#6713 = CARTESIAN_POINT('',(285.09567113572,-178.5615246834,
    19.456331406042));
#6714 = CARTESIAN_POINT('',(285.09565059742,-178.56154916,
    19.389102112737));
#6715 = CARTESIAN_POINT('',(285.09687326902,-178.5600920367,
    19.355601814925));
#6716 = CARTESIAN_POINT('',(285.09932888747,-178.5571655446,
    19.322193114471));
#6717 = CARTESIAN_POINT('',(285.10300395588,-178.5527857686,
    19.28896708924));
#6718 = CARTESIAN_POINT('',(285.10787316034,-178.5469828767,
    19.256008244084));
#6719 = CARTESIAN_POINT('',(285.1139010926,-178.5397990668,
    19.223394371968));
#6720 = CARTESIAN_POINT('',(285.12104397277,-178.5312865137,
    19.191196415102));
#6721 = CARTESIAN_POINT('',(285.13347574519,-178.5164709042,
    19.14315292987));
#6722 = CARTESIAN_POINT('',(285.1379824873,-178.5110999781,
    19.126953582041));
#6723 = CARTESIAN_POINT('',(285.14276479069,-178.5054006509,
    19.110888262013));
#6724 = CARTESIAN_POINT('',(285.14781568095,-178.4993812343,
    19.094964247326));
#6725 = CARTESIAN_POINT('',(285.15312801694,-178.4930502387,
    19.079188113612));
#6726 = CARTESIAN_POINT('',(285.15869449079,-178.4864163735,
    19.063565734602));
#6727 = CARTESIAN_POINT('',(285.16450762785,-178.4794885466,
    19.048102282118));
#6728 = CARTESIAN_POINT('',(285.18243013038,-178.4581293398,
    19.002793608571));
#6729 = CARTESIAN_POINT('',(285.19521994357,-178.442887034,
    18.973414667846));
#6730 = CARTESIAN_POINT('',(285.20887304988,-178.4266158955,
    18.944697780802));
#6731 = CARTESIAN_POINT('',(285.22333351072,-178.4093825893,
    18.916666791112));
#6732 = CARTESIAN_POINT('',(285.23854669759,-178.3912522192,
    18.889337984851));
#6733 = CARTESIAN_POINT('',(285.25446036427,-178.3722870498,
    18.862721066124));
#6734 = CARTESIAN_POINT('',(285.27102571896,-178.3525452288,
    18.836820132687));
#6735 = CARTESIAN_POINT('',(285.31220042193,-178.3034751286,
    18.776433587635));
#6736 = CARTESIAN_POINT('',(285.33738564309,-178.2734605508,
    18.74263480181));
#6737 = CARTESIAN_POINT('',(285.36363438487,-178.2421785185,
    18.710232645151));
#6738 = CARTESIAN_POINT('',(285.39083744544,-178.2097591733,
    18.679213361358));
#6739 = CARTESIAN_POINT('',(285.41889666168,-178.1763195016,
    18.649556517124));
#6740 = CARTESIAN_POINT('',(285.44772537468,-178.1419627793,
    18.621236432468));
#6741 = CARTESIAN_POINT('',(285.47724889518,-178.1067780177,
    18.594223611072));
#6742 = CARTESIAN_POINT('',(285.61120597329,-177.9471341886,
    18.479894659192));
#6743 = CARTESIAN_POINT('',(285.7222203432,-177.8148324144,
    18.406652708638));
#6744 = CARTESIAN_POINT('',(285.83816486154,-177.6766551181,
    18.347045989582));
#6745 = CARTESIAN_POINT('',(285.95750878302,-177.534426571,18.3002537684
    ));
#6746 = CARTESIAN_POINT('',(286.07900466859,-177.3896334128,
    18.265491867964));
#6747 = CARTESIAN_POINT('',(286.20178006916,-177.2433153881,
    18.24226538418));
#6748 = CARTESIAN_POINT('',(286.32521684522,-177.0962091668,
    18.230232001305));
#6749 = CARTESIAN_POINT('',(286.47086806278,-176.922628805,
    18.22935223087));
#6750 = CARTESIAN_POINT('',(286.49277325491,-176.8965232136,
    18.229573562935));
#6751 = CARTESIAN_POINT('',(286.51467585203,-176.8704207148,
    18.230148555788));
#6752 = CARTESIAN_POINT('',(286.53657201771,-176.8443258807,
    18.231077477153));
#6753 = CARTESIAN_POINT('',(286.55845787604,-176.8182433304,
    18.23236083943));
#6754 = CARTESIAN_POINT('',(286.58032951152,-176.7921777302,
    18.233999399697));
#6755 = CARTESIAN_POINT('',(286.60218296917,-176.7661337936,
    18.235994159708));
#6756 = CARTESIAN_POINT('',(286.62401425444,-176.7401162809,
    18.238346365895));
#6757 = PCURVE('',#4068,#6758);
#6758 = DEFINITIONAL_REPRESENTATION('',(#6759),#6839);
#6759 = B_SPLINE_CURVE_WITH_KNOTS('',8,(#6760,#6761,#6762,#6763,#6764,
    #6765,#6766,#6767,#6768,#6769,#6770,#6771,#6772,#6773,#6774,#6775,
    #6776,#6777,#6778,#6779,#6780,#6781,#6782,#6783,#6784,#6785,#6786,
    #6787,#6788,#6789,#6790,#6791,#6792,#6793,#6794,#6795,#6796,#6797,
    #6798,#6799,#6800,#6801,#6802,#6803,#6804,#6805,#6806,#6807,#6808,
    #6809,#6810,#6811,#6812,#6813,#6814,#6815,#6816,#6817,#6818,#6819,
    #6820,#6821,#6822,#6823,#6824,#6825,#6826,#6827,#6828,#6829,#6830,
    #6831,#6832,#6833,#6834,#6835,#6836,#6837,#6838),.UNSPECIFIED.,.F.,
  .F.,(9,7,7,7,7,7,7,7,7,7,7,9),(0.,0.262321803456,0.3388512814,
    0.393607536012,0.421528894513,0.476190689383,0.530462750434,
    0.558396744106,0.613184813483,0.68976061226,0.953344155712,1.),
  .UNSPECIFIED.);
#6760 = CARTESIAN_POINT('',(-3.003025838545,-3.866773201269));
#6761 = CARTESIAN_POINT('',(-3.194620847725,-3.866775450924));
#6762 = CARTESIAN_POINT('',(-3.385771224186,-3.855597523745));
#6763 = CARTESIAN_POINT('',(-3.575938169336,-3.833317732322));
#6764 = CARTESIAN_POINT('',(-3.764171675738,-3.799586039751));
#6765 = CARTESIAN_POINT('',(-3.949128724202,-3.753899201789));
#6766 = CARTESIAN_POINT('',(-4.12889045857,-3.695467264669));
#6767 = CARTESIAN_POINT('',(-4.301099127405,-3.623460075559));
#6768 = CARTESIAN_POINT('',(-4.509260537608,-3.510697531777));
#6769 = CARTESIAN_POINT('',(-4.555295512192,-3.483948794312));
#6770 = CARTESIAN_POINT('',(-4.600255407428,-3.455886252473));
#6771 = CARTESIAN_POINT('',(-4.644023972901,-3.426479744471));
#6772 = CARTESIAN_POINT('',(-4.686466292367,-3.395702854346));
#6773 = CARTESIAN_POINT('',(-4.727429517307,-3.363534360107));
#6774 = CARTESIAN_POINT('',(-4.766743600493,-3.329959681878));
#6775 = CARTESIAN_POINT('',(-4.831037558141,-3.269939148082));
#6776 = CARTESIAN_POINT('',(-4.856910729313,-3.244185139562));
#6777 = CARTESIAN_POINT('',(-4.881772593718,-3.217709473477));
#6778 = CARTESIAN_POINT('',(-4.905547153307,-3.190515928373));
#6779 = CARTESIAN_POINT('',(-4.928153034621,-3.162613880224));
#6780 = CARTESIAN_POINT('',(-4.949505162063,-3.134019290313));
#6781 = CARTESIAN_POINT('',(-4.969516431185,-3.104755693114));
#6782 = CARTESIAN_POINT('',(-4.997575216913,-3.05960828982));
#6783 = CARTESIAN_POINT('',(-5.006679656762,-3.04419607321));
#6784 = CARTESIAN_POINT('',(-5.015400800072,-3.028622966657));
#6785 = CARTESIAN_POINT('',(-5.023727006888,-3.012894105853));
#6786 = CARTESIAN_POINT('',(-5.03164689875,-2.997015329882));
#6787 = CARTESIAN_POINT('',(-5.03914935869,-2.980993181212));
#6788 = CARTESIAN_POINT('',(-5.046223531234,-2.9648349057));
#6789 = CARTESIAN_POINT('',(-5.065848767875,-2.916664375064));
#6790 = CARTESIAN_POINT('',(-5.077158850313,-2.884284798218));
#6791 = CARTESIAN_POINT('',(-5.086708688776,-2.851475026512));
#6792 = CARTESIAN_POINT('',(-5.094428686099,-2.818307542852));
#6793 = CARTESIAN_POINT('',(-5.100262763083,-2.784861866399));
#6794 = CARTESIAN_POINT('',(-5.104171092671,-2.751224410383));
#6795 = CARTESIAN_POINT('',(-5.106132834133,-2.717488339911));
#6796 = CARTESIAN_POINT('',(-5.106164786057,-2.650259046606));
#6797 = CARTESIAN_POINT('',(-5.104262646709,-2.616758748793));
#6798 = CARTESIAN_POINT('',(-5.100442382575,-2.58335004834));
#6799 = CARTESIAN_POINT('',(-5.094724991086,-2.550124023109));
#6800 = CARTESIAN_POINT('',(-5.087149853695,-2.517165177952));
#6801 = CARTESIAN_POINT('',(-5.077772055854,-2.484551305837));
#6802 = CARTESIAN_POINT('',(-5.066659706976,-2.45235334897));
#6803 = CARTESIAN_POINT('',(-5.047319302407,-2.404309863739));
#6804 = CARTESIAN_POINT('',(-5.040308056328,-2.388110515909));
#6805 = CARTESIAN_POINT('',(-5.032868113005,-2.372045195882));
#6806 = CARTESIAN_POINT('',(-5.02501032268,-2.356121181195));
#6807 = CARTESIAN_POINT('',(-5.016745794997,-2.340345047481));
#6808 = CARTESIAN_POINT('',(-5.008085899006,-2.32472266847));
#6809 = CARTESIAN_POINT('',(-4.999042263161,-2.309259215986));
#6810 = CARTESIAN_POINT('',(-4.971159798948,-2.263950542439));
#6811 = CARTESIAN_POINT('',(-4.951262381819,-2.234571601714));
#6812 = CARTESIAN_POINT('',(-4.930021919025,-2.20585471467));
#6813 = CARTESIAN_POINT('',(-4.90752543555,-2.17782372498));
#6814 = CARTESIAN_POINT('',(-4.883857918246,-2.15049491872));
#6815 = CARTESIAN_POINT('',(-4.859100647825,-2.123877999992));
#6816 = CARTESIAN_POINT('',(-4.833329530839,-2.097977066556));
#6817 = CARTESIAN_POINT('',(-4.76927306436,-2.037590521504));
#6818 = CARTESIAN_POINT('',(-4.730091815717,-2.003791735678));
#6819 = CARTESIAN_POINT('',(-4.689256022702,-1.971389579019));
#6820 = CARTESIAN_POINT('',(-4.646935573216,-1.940370295227));
#6821 = CARTESIAN_POINT('',(-4.603283181947,-1.910713450993));
#6822 = CARTESIAN_POINT('',(-4.558433666237,-1.882393366336));
#6823 = CARTESIAN_POINT('',(-4.512503221936,-1.85538054494));
#6824 = CARTESIAN_POINT('',(-4.304103003745,-1.74105159306));
#6825 = CARTESIAN_POINT('',(-4.131395303353,-1.667809642507));
#6826 = CARTESIAN_POINT('',(-3.951017653575,-1.60820292345));
#6827 = CARTESIAN_POINT('',(-3.765351471334,-1.561410702268));
#6828 = CARTESIAN_POINT('',(-3.57633742729,-1.526648801833));
#6829 = CARTESIAN_POINT('',(-3.385332811281,-1.503422318049));
#6830 = CARTESIAN_POINT('',(-3.193299277639,-1.491388935174));
#6831 = CARTESIAN_POINT('',(-2.966706208071,-1.490509164738));
#6832 = CARTESIAN_POINT('',(-2.932627778747,-1.490730496803));
#6833 = CARTESIAN_POINT('',(-2.898553386546,-1.491305489657));
#6834 = CARTESIAN_POINT('',(-2.864488999867,-1.492234411022));
#6835 = CARTESIAN_POINT('',(-2.830440648602,-1.493517773299));
#6836 = CARTESIAN_POINT('',(-2.796414424146,-1.495156333566));
#6837 = CARTESIAN_POINT('',(-2.762416479388,-1.497151093577));
#6838 = CARTESIAN_POINT('',(-2.728453028715,-1.499503299764));
#6839 = ( GEOMETRIC_REPRESENTATION_CONTEXT(2) 
PARAMETRIC_REPRESENTATION_CONTEXT() REPRESENTATION_CONTEXT('2D SPACE',''
  ) );
#6840 = PCURVE('',#3995,#6841);
#6841 = DEFINITIONAL_REPRESENTATION('',(#6842),#6922);
#6842 = B_SPLINE_CURVE_WITH_KNOTS('',8,(#6843,#6844,#6845,#6846,#6847,
    #6848,#6849,#6850,#6851,#6852,#6853,#6854,#6855,#6856,#6857,#6858,
    #6859,#6860,#6861,#6862,#6863,#6864,#6865,#6866,#6867,#6868,#6869,
    #6870,#6871,#6872,#6873,#6874,#6875,#6876,#6877,#6878,#6879,#6880,
    #6881,#6882,#6883,#6884,#6885,#6886,#6887,#6888,#6889,#6890,#6891,
    #6892,#6893,#6894,#6895,#6896,#6897,#6898,#6899,#6900,#6901,#6902,
    #6903,#6904,#6905,#6906,#6907,#6908,#6909,#6910,#6911,#6912,#6913,
    #6914,#6915,#6916,#6917,#6918,#6919,#6920,#6921),.UNSPECIFIED.,.F.,
  .F.,(9,7,7,7,7,7,7,7,7,7,7,9),(0.,0.262321803456,0.3388512814,
    0.393607536012,0.421528894513,0.476190689383,0.530462750434,
    0.558396744106,0.613184813483,0.68976061226,0.953344155712,1.),
  .UNSPECIFIED.);
#6843 = CARTESIAN_POINT('',(6.28318530718,0.89089006067));
#6844 = CARTESIAN_POINT('',(6.192445390397,0.892117237026));
#6845 = CARTESIAN_POINT('',(6.101840572979,0.893341565485));
#6846 = CARTESIAN_POINT('',(6.01049380655,0.894559595013));
#6847 = CARTESIAN_POINT('',(5.917711247969,0.895765240762));
#6848 = CARTESIAN_POINT('',(5.822872643006,0.896949900622));
#6849 = CARTESIAN_POINT('',(5.725228858915,0.898101284214));
#6850 = CARTESIAN_POINT('',(5.623997877333,0.899204290015));
#6851 = CARTESIAN_POINT('',(5.486498863731,0.900537575062));
#6852 = CARTESIAN_POINT('',(5.455025185226,0.900832431554));
#6853 = CARTESIAN_POINT('',(5.423100750474,0.901120402105));
#6854 = CARTESIAN_POINT('',(5.390697147958,0.901400742125));
#6855 = CARTESIAN_POINT('',(5.35778835849,0.901672587468));
#6856 = CARTESIAN_POINT('',(5.32435036315,0.90193495913));
#6857 = CARTESIAN_POINT('',(5.290360751234,0.902186767951));
#6858 = CARTESIAN_POINT('',(5.231069179548,0.902598574213));
#6859 = CARTESIAN_POINT('',(5.206049109463,0.902764293269));
#6860 = CARTESIAN_POINT('',(5.180731791736,0.902923534849));
#6861 = CARTESIAN_POINT('',(5.155113480476,0.903075812184));
#6862 = CARTESIAN_POINT('',(5.129193382451,0.903220604072));
#6863 = CARTESIAN_POINT('',(5.102974029434,0.903357365599));
#6864 = CARTESIAN_POINT('',(5.076461650546,0.903485538855));
#6865 = CARTESIAN_POINT('',(5.036003160126,0.90366525689));
#6866 = CARTESIAN_POINT('',(5.022266517933,0.903723571317));
#6867 = CARTESIAN_POINT('',(5.00845816092,0.90377943071));
#6868 = CARTESIAN_POINT('',(4.994580005828,0.903832760513));
#6869 = CARTESIAN_POINT('',(4.98063434324,0.903883487847));
#6870 = CARTESIAN_POINT('',(4.966623837582,0.903931541507));
#6871 = CARTESIAN_POINT('',(4.952551527122,0.903976851964));
#6872 = CARTESIAN_POINT('',(4.910757069821,0.904102552661));
#6873 = CARTESIAN_POINT('',(4.882865762364,0.904174994349));
#6874 = CARTESIAN_POINT('',(4.854777682891,0.904236161579));
#6875 = CARTESIAN_POINT('',(4.826525783978,0.904285608577));
#6876 = CARTESIAN_POINT('',(4.798145946981,0.904322976155));
#6877 = CARTESIAN_POINT('',(4.769677739528,0.904348009216));
#6878 = CARTESIAN_POINT('',(4.741165173014,0.904360574276));
#6879 = CARTESIAN_POINT('',(4.684353004668,0.90436077893));
#6880 = CARTESIAN_POINT('',(4.656047499516,0.904348595625));
#6881 = CARTESIAN_POINT('',(4.627788993511,0.904324126627));
#6882 = CARTESIAN_POINT('',(4.599620425157,0.904287506427));
#6883 = CARTESIAN_POINT('',(4.571580355254,0.904238987264));
#6884 = CARTESIAN_POINT('',(4.543703699567,0.904178921963));
#6885 = CARTESIAN_POINT('',(4.516022461498,0.90410774677));
#6886 = CARTESIAN_POINT('',(4.474434780341,0.903983870437));
#6887 = CARTESIAN_POINT('',(4.460361814966,0.903938963028));
#6888 = CARTESIAN_POINT('',(4.446350958062,0.90389130979));
#6889 = CARTESIAN_POINT('',(4.432405225216,0.90384098022));
#6890 = CARTESIAN_POINT('',(4.418527258169,0.903788045475));
#6891 = CARTESIAN_POINT('',(4.404719324815,0.903732578375));
#6892 = CARTESIAN_POINT('',(4.390983319206,0.9036746534));
#6893 = CARTESIAN_POINT('',(4.350523835697,0.903496064714));
#6894 = CARTESIAN_POINT('',(4.324010449094,0.903368620686));
#6895 = CARTESIAN_POINT('',(4.297790730251,0.903232574377));
#6896 = CARTESIAN_POINT('',(4.271870760545,0.903088483189));
#6897 = CARTESIAN_POINT('',(4.246252943386,0.902936891465));
#6898 = CARTESIAN_POINT('',(4.220936373395,0.902778319815));
#6899 = CARTESIAN_POINT('',(4.195917205577,0.902613254422));
#6900 = CARTESIAN_POINT('',(4.136627116411,0.902202969303));
#6901 = CARTESIAN_POINT('',(4.102638180131,0.901952011295));
#6902 = CARTESIAN_POINT('',(4.069200814412,0.901690455841));
#6903 = CARTESIAN_POINT('',(4.036292451378,0.901419391082));
#6904 = CARTESIAN_POINT('',(4.003888956685,0.901139795164));
#6905 = CARTESIAN_POINT('',(3.97196422969,0.9008525316));
#6906 = CARTESIAN_POINT('',(3.940489803607,0.90055834463));
#6907 = CARTESIAN_POINT('',(3.802537992503,0.899223530005));
#6908 = CARTESIAN_POINT('',(3.700894750236,0.89811732788));
#6909 = CARTESIAN_POINT('',(3.602854948754,0.896961999316));
#6910 = CARTESIAN_POINT('',(3.507629134368,0.895772797416));
#6911 = CARTESIAN_POINT('',(3.414459369131,0.894562152282));
#6912 = CARTESIAN_POINT('',(3.322718983044,0.893338757426));
#6913 = CARTESIAN_POINT('',(3.231705958283,0.892108772298));
#6914 = CARTESIAN_POINT('',(3.124391709161,0.89065743148));
#6915 = CARTESIAN_POINT('',(3.10825422231,0.890439157305));
#6916 = CARTESIAN_POINT('',(3.092114314721,0.890220908987));
#6917 = CARTESIAN_POINT('',(3.075968409303,0.890002724755));
#6918 = CARTESIAN_POINT('',(3.059812909979,0.889784643231));
#6919 = CARTESIAN_POINT('',(3.043644201686,0.88956670343));
#6920 = CARTESIAN_POINT('',(3.027458650375,0.889348944763));
#6921 = CARTESIAN_POINT('',(3.011252603012,0.889131407031));
#6922 = ( GEOMETRIC_REPRESENTATION_CONTEXT(2) 
PARAMETRIC_REPRESENTATION_CONTEXT() REPRESENTATION_CONTEXT('2D SPACE',''
  ) );
#6923 = ORIENTED_EDGE('',*,*,#4054,.F.);
#6924 = FACE_BOUND('',#6925,.F.);
#6925 = EDGE_LOOP('',(#6926));
#6926 = ORIENTED_EDGE('',*,*,#6927,.F.);
#6927 = EDGE_CURVE('',#6928,#6928,#6930,.T.);
#6928 = VERTEX_POINT('',#6929);
#6929 = CARTESIAN_POINT('',(287.36641932309,-175.8553523732,
    19.414100270828));
#6930 = SURFACE_CURVE('',#6931,(#6936,#6947),.PCURVE_S1.);
#6931 = ELLIPSE('',#6932,1.429556142434,0.8);
#6932 = AXIS2_PLACEMENT_3D('',#6933,#6934,#6935);
#6933 = CARTESIAN_POINT('',(286.44752225433,-176.9504512561,
    19.417555083564));
#6934 = DIRECTION('',(0.766044443119,-0.642787609687,-2.168404344971E-19
    ));
#6935 = DIRECTION('',(-0.642783630574,-0.766039700997,3.518630731649E-03
    ));
#6936 = PCURVE('',#4068,#6937);
#6937 = DEFINITIONAL_REPRESENTATION('',(#6938),#6946);
#6938 = ( BOUNDED_CURVE() B_SPLINE_CURVE(2,(#6939,#6940,#6941,#6942,
#6943,#6944,#6945),.UNSPECIFIED.,.T.,.F.) B_SPLINE_CURVE_WITH_KNOTS((1,2
    ,2,2,2,1),(-2.094395102393,0.,2.094395102393,4.188790204786,
6.28318530718,8.377580409573),.UNSPECIFIED.) CURVE() 
GEOMETRIC_REPRESENTATION_ITEM() RATIONAL_B_SPLINE_CURVE((1.,0.5,1.,0.5,
1.,0.5,1.)) REPRESENTATION_ITEM('') );
#6939 = CARTESIAN_POINT('',(-4.432573131454,-2.683742097608));
#6940 = CARTESIAN_POINT('',(-4.437448689214,-1.298110029223));
#6941 = CARTESIAN_POINT('',(-2.29068997097,-1.983380943153));
#6942 = CARTESIAN_POINT('',(-0.143931252727,-2.668651857082));
#6943 = CARTESIAN_POINT('',(-2.28581441321,-3.369013011538));
#6944 = CARTESIAN_POINT('',(-4.427697573693,-4.069374165993));
#6945 = CARTESIAN_POINT('',(-4.432573131454,-2.683742097608));
#6946 = ( GEOMETRIC_REPRESENTATION_CONTEXT(2) 
PARAMETRIC_REPRESENTATION_CONTEXT() REPRESENTATION_CONTEXT('2D SPACE',''
  ) );
#6947 = PCURVE('',#6948,#6953);
#6948 = CYLINDRICAL_SURFACE('',#6949,0.8);
#6949 = AXIS2_PLACEMENT_3D('',#6950,#6951,#6952);
#6950 = CARTESIAN_POINT('',(296.37814423178,-82.,19.139160893037));
#6951 = DIRECTION('',(-0.104019604147,-0.994570972053,2.916076511733E-03
    ));
#6952 = DIRECTION('',(0.994575200748,-0.104020046415,-0.));
#6953 = DEFINITIONAL_REPRESENTATION('',(#6954),#6978);
#6954 = B_SPLINE_CURVE_WITH_KNOTS('',8,(#6955,#6956,#6957,#6958,#6959,
    #6960,#6961,#6962,#6963,#6964,#6965,#6966,#6967,#6968,#6969,#6970,
    #6971,#6972,#6973,#6974,#6975,#6976,#6977),.UNSPECIFIED.,.F.,.F.,(9,
    7,7,9),(3.143561739161,4.714358065956,7.070552556148,9.42674704634),
  .UNSPECIFIED.);
#6955 = CARTESIAN_POINT('',(-6.28318530718,94.284006844195));
#6956 = CARTESIAN_POINT('',(-6.08683576633,94.28446490237));
#6957 = CARTESIAN_POINT('',(-5.890486225481,94.337124691734));
#6958 = CARTESIAN_POINT('',(-5.694136684631,94.441953002367));
#6959 = CARTESIAN_POINT('',(-5.497787143782,94.594648668713));
#6960 = CARTESIAN_POINT('',(-5.301437602933,94.786567949804));
#6961 = CARTESIAN_POINT('',(-5.105088062083,95.005735642395));
#6962 = CARTESIAN_POINT('',(-4.908738521234,95.238462141106));
#6963 = CARTESIAN_POINT('',(-4.417864669111,95.820023437457));
#6964 = CARTESIAN_POINT('',(-4.123340357843,96.168730201622));
#6965 = CARTESIAN_POINT('',(-3.828816046556,96.471071804059));
#6966 = CARTESIAN_POINT('',(-3.534291735306,96.681022652599));
#6967 = CARTESIAN_POINT('',(-3.239767424009,96.765175011416));
#6968 = CARTESIAN_POINT('',(-2.945243112747,96.716401287529));
#6969 = CARTESIAN_POINT('',(-2.650718801466,96.552068203702));
#6970 = CARTESIAN_POINT('',(-2.061670178918,96.057625391987));
#6971 = CARTESIAN_POINT('',(-1.767145867639,95.727513872363));
#6972 = CARTESIAN_POINT('',(-1.472621556394,95.347214689944));
#6973 = CARTESIAN_POINT('',(-1.178097245061,94.964639685524));
#6974 = CARTESIAN_POINT('',(-0.883572933853,94.63437716593));
#6975 = CARTESIAN_POINT('',(-0.589048622546,94.400087000889));
#6976 = CARTESIAN_POINT('',(-0.294524311274,94.283319756933));
#6977 = CARTESIAN_POINT('',(-1.33226762955E-14,94.284006844195));
#6978 = ( GEOMETRIC_REPRESENTATION_CONTEXT(2) 
PARAMETRIC_REPRESENTATION_CONTEXT() REPRESENTATION_CONTEXT('2D SPACE',''
  ) );
#6979 = ADVANCED_FACE('',(#6980),#6948,.F.);
#6980 = FACE_BOUND('',#6981,.T.);
#6981 = EDGE_LOOP('',(#6982,#7032,#7053,#7054,#7055,#7103));
#6982 = ORIENTED_EDGE('',*,*,#6983,.F.);
#6983 = EDGE_CURVE('',#6984,#6986,#6988,.T.);
#6984 = VERTEX_POINT('',#6985);
#6985 = CARTESIAN_POINT('',(285.79406759861,-190.889204846,
    19.458179441956));
#6986 = VERTEX_POINT('',#6987);
#6987 = CARTESIAN_POINT('',(285.08270372175,-190.,18.655812885871));
#6988 = SURFACE_CURVE('',#6989,(#6994,#7021),.PCURVE_S1.);
#6989 = ELLIPSE('',#6990,1.138742662058,0.8);
#6990 = AXIS2_PLACEMENT_3D('',#6991,#6992,#6993);
#6991 = CARTESIAN_POINT('',(285.08270372175,-190.,19.455816287289));
#6992 = DIRECTION('',(0.780868809443,0.624695047554,0.));
#6993 = DIRECTION('',(0.624689803118,-0.780862253897,4.097599183587E-03)
  );
#6994 = PCURVE('',#6948,#6995);
#6995 = DEFINITIONAL_REPRESENTATION('',(#6996),#7020);
#6996 = B_SPLINE_CURVE_WITH_KNOTS('',8,(#6997,#6998,#6999,#7000,#7001,
    #7002,#7003,#7004,#7005,#7006,#7007,#7008,#7009,#7010,#7011,#7012,
    #7013,#7014,#7015,#7016,#7017,#7018,#7019),.UNSPECIFIED.,.F.,.F.,(9,
    7,7,9),(2.878699394786E-03,1.57367502619,3.929869516382,
    6.286064006574),.UNSPECIFIED.);
#6997 = CARTESIAN_POINT('',(0.,109.39992405401));
#6998 = CARTESIAN_POINT('',(-0.196349540849,109.39946599583));
#6999 = CARTESIAN_POINT('',(-0.392699081699,109.36330100582));
#7000 = CARTESIAN_POINT('',(-0.589048622548,109.29146029977));
#7001 = CARTESIAN_POINT('',(-0.785398163397,109.18689446555));
#7002 = CARTESIAN_POINT('',(-0.981747704247,109.05552341929));
#7003 = CARTESIAN_POINT('',(-1.178097245096,108.90554378091));
#7004 = CARTESIAN_POINT('',(-1.374446785946,108.74632214871));
#7005 = CARTESIAN_POINT('',(-1.865320638069,108.34852365817));
#7006 = CARTESIAN_POINT('',(-2.15984494934,108.11007497691));
#7007 = CARTESIAN_POINT('',(-2.454369260617,107.9034139738));
#7008 = CARTESIAN_POINT('',(-2.748893571894,107.76000952691));
#7009 = CARTESIAN_POINT('',(-3.043417883158,107.70268592442));
#7010 = CARTESIAN_POINT('',(-3.337942194439,107.73628459997));
#7011 = CARTESIAN_POINT('',(-3.632466505713,107.84889660791));
#7012 = CARTESIAN_POINT('',(-4.221515128261,108.18741150828));
#7013 = CARTESIAN_POINT('',(-4.516039439541,108.41331562712));
#7014 = CARTESIAN_POINT('',(-4.810563750776,108.67347705806));
#7015 = CARTESIAN_POINT('',(-5.105088062119,108.93511247972));
#7016 = CARTESIAN_POINT('',(-5.399612373334,109.16088700876));
#7017 = CARTESIAN_POINT('',(-5.694136684636,109.32095733301));
#7018 = CARTESIAN_POINT('',(-5.988660995906,109.40061114127));
#7019 = CARTESIAN_POINT('',(-6.28318530718,109.39992405401));
#7020 = ( GEOMETRIC_REPRESENTATION_CONTEXT(2) 
PARAMETRIC_REPRESENTATION_CONTEXT() REPRESENTATION_CONTEXT('2D SPACE',''
  ) );
#7021 = PCURVE('',#1455,#7022);
#7022 = DEFINITIONAL_REPRESENTATION('',(#7023),#7031);
#7023 = ( BOUNDED_CURVE() B_SPLINE_CURVE(2,(#7024,#7025,#7026,#7027,
#7028,#7029,#7030),.UNSPECIFIED.,.T.,.F.) B_SPLINE_CURVE_WITH_KNOTS((1,2
    ,2,2,2,1),(-2.094395102393,0.,2.094395102393,4.188790204786,
6.28318530718,8.377580409573),.UNSPECIFIED.) CURVE() 
GEOMETRIC_REPRESENTATION_ITEM() RATIONAL_B_SPLINE_CURVE((1.,0.5,1.,0.5,
1.,0.5,1.)) REPRESENTATION_ITEM('') );
#7024 = CARTESIAN_POINT('',(-1.138733102092,-59.46048239829));
#7025 = CARTESIAN_POINT('',(-1.144410902072,-58.07485338496));
#7026 = CARTESIAN_POINT('',(0.566527651056,-58.76066872512));
#7027 = CARTESIAN_POINT('',(2.277466204183,-59.44648406528));
#7028 = CARTESIAN_POINT('',(0.572205451036,-60.14629773845));
#7029 = CARTESIAN_POINT('',(-1.133055302112,-60.84611141162));
#7030 = CARTESIAN_POINT('',(-1.138733102092,-59.46048239829));
#7031 = ( GEOMETRIC_REPRESENTATION_CONTEXT(2) 
PARAMETRIC_REPRESENTATION_CONTEXT() REPRESENTATION_CONTEXT('2D SPACE',''
  ) );
#7032 = ORIENTED_EDGE('',*,*,#7033,.F.);
#7033 = EDGE_CURVE('',#6928,#6984,#7034,.T.);
#7034 = SEAM_CURVE('',#7035,(#7039,#7046),.PCURVE_S1.);
#7035 = LINE('',#7036,#7037);
#7036 = CARTESIAN_POINT('',(297.17380439237,-82.08321603713,
    19.139160893037));
#7037 = VECTOR('',#7038,1.);
#7038 = DIRECTION('',(-0.104019604147,-0.994570972053,2.916076511733E-03
    ));
#7039 = PCURVE('',#6948,#7040);
#7040 = DEFINITIONAL_REPRESENTATION('',(#7041),#7045);
#7041 = LINE('',#7042,#7043);
#7042 = CARTESIAN_POINT('',(-6.28318530718,-0.));
#7043 = VECTOR('',#7044,1.);
#7044 = DIRECTION('',(-0.,1.));
#7045 = ( GEOMETRIC_REPRESENTATION_CONTEXT(2) 
PARAMETRIC_REPRESENTATION_CONTEXT() REPRESENTATION_CONTEXT('2D SPACE',''
  ) );
#7046 = PCURVE('',#6948,#7047);
#7047 = DEFINITIONAL_REPRESENTATION('',(#7048),#7052);
#7048 = LINE('',#7049,#7050);
#7049 = CARTESIAN_POINT('',(-0.,-0.));
#7050 = VECTOR('',#7051,1.);
#7051 = DIRECTION('',(-0.,1.));
#7052 = ( GEOMETRIC_REPRESENTATION_CONTEXT(2) 
PARAMETRIC_REPRESENTATION_CONTEXT() REPRESENTATION_CONTEXT('2D SPACE',''
  ) );
#7053 = ORIENTED_EDGE('',*,*,#6927,.F.);
#7054 = ORIENTED_EDGE('',*,*,#7033,.T.);
#7055 = ORIENTED_EDGE('',*,*,#7056,.F.);
#7056 = EDGE_CURVE('',#7057,#6984,#7059,.T.);
#7057 = VERTEX_POINT('',#7058);
#7058 = CARTESIAN_POINT('',(285.08270372175,-190.,20.255819688708));
#7059 = SURFACE_CURVE('',#7060,(#7065,#7092),.PCURVE_S1.);
#7060 = ELLIPSE('',#7061,1.138742662058,0.8);
#7061 = AXIS2_PLACEMENT_3D('',#7062,#7063,#7064);
#7062 = CARTESIAN_POINT('',(285.08270372175,-190.,19.455816287289));
#7063 = DIRECTION('',(0.780868809443,0.624695047554,0.));
#7064 = DIRECTION('',(0.624689803118,-0.780862253897,4.097599183587E-03)
  );
#7065 = PCURVE('',#6948,#7066);
#7066 = DEFINITIONAL_REPRESENTATION('',(#7067),#7091);
#7067 = B_SPLINE_CURVE_WITH_KNOTS('',8,(#7068,#7069,#7070,#7071,#7072,
    #7073,#7074,#7075,#7076,#7077,#7078,#7079,#7080,#7081,#7082,#7083,
    #7084,#7085,#7086,#7087,#7088,#7089,#7090),.UNSPECIFIED.,.F.,.F.,(9,
    7,7,9),(2.878699394786E-03,1.57367502619,3.929869516382,
    6.286064006574),.UNSPECIFIED.);
#7068 = CARTESIAN_POINT('',(0.,109.39992405401));
#7069 = CARTESIAN_POINT('',(-0.196349540849,109.39946599583));
#7070 = CARTESIAN_POINT('',(-0.392699081699,109.36330100582));
#7071 = CARTESIAN_POINT('',(-0.589048622548,109.29146029977));
#7072 = CARTESIAN_POINT('',(-0.785398163397,109.18689446555));
#7073 = CARTESIAN_POINT('',(-0.981747704247,109.05552341929));
#7074 = CARTESIAN_POINT('',(-1.178097245096,108.90554378091));
#7075 = CARTESIAN_POINT('',(-1.374446785946,108.74632214871));
#7076 = CARTESIAN_POINT('',(-1.865320638069,108.34852365817));
#7077 = CARTESIAN_POINT('',(-2.15984494934,108.11007497691));
#7078 = CARTESIAN_POINT('',(-2.454369260617,107.9034139738));
#7079 = CARTESIAN_POINT('',(-2.748893571894,107.76000952691));
#7080 = CARTESIAN_POINT('',(-3.043417883158,107.70268592442));
#7081 = CARTESIAN_POINT('',(-3.337942194439,107.73628459997));
#7082 = CARTESIAN_POINT('',(-3.632466505713,107.84889660791));
#7083 = CARTESIAN_POINT('',(-4.221515128261,108.18741150828));
#7084 = CARTESIAN_POINT('',(-4.516039439541,108.41331562712));
#7085 = CARTESIAN_POINT('',(-4.810563750776,108.67347705806));
#7086 = CARTESIAN_POINT('',(-5.105088062119,108.93511247972));
#7087 = CARTESIAN_POINT('',(-5.399612373334,109.16088700876));
#7088 = CARTESIAN_POINT('',(-5.694136684636,109.32095733301));
#7089 = CARTESIAN_POINT('',(-5.988660995906,109.40061114127));
#7090 = CARTESIAN_POINT('',(-6.28318530718,109.39992405401));
#7091 = ( GEOMETRIC_REPRESENTATION_CONTEXT(2) 
PARAMETRIC_REPRESENTATION_CONTEXT() REPRESENTATION_CONTEXT('2D SPACE',''
  ) );
#7092 = PCURVE('',#1455,#7093);
#7093 = DEFINITIONAL_REPRESENTATION('',(#7094),#7102);
#7094 = ( BOUNDED_CURVE() B_SPLINE_CURVE(2,(#7095,#7096,#7097,#7098,
#7099,#7100,#7101),.UNSPECIFIED.,.T.,.F.) B_SPLINE_CURVE_WITH_KNOTS((1,2
    ,2,2,2,1),(-2.094395102393,0.,2.094395102393,4.188790204786,
6.28318530718,8.377580409573),.UNSPECIFIED.) CURVE() 
GEOMETRIC_REPRESENTATION_ITEM() RATIONAL_B_SPLINE_CURVE((1.,0.5,1.,0.5,
1.,0.5,1.)) REPRESENTATION_ITEM('') );
#7095 = CARTESIAN_POINT('',(-1.138733102092,-59.46048239829));
#7096 = CARTESIAN_POINT('',(-1.144410902072,-58.07485338496));
#7097 = CARTESIAN_POINT('',(0.566527651056,-58.76066872512));
#7098 = CARTESIAN_POINT('',(2.277466204183,-59.44648406528));
#7099 = CARTESIAN_POINT('',(0.572205451036,-60.14629773845));
#7100 = CARTESIAN_POINT('',(-1.133055302112,-60.84611141162));
#7101 = CARTESIAN_POINT('',(-1.138733102092,-59.46048239829));
#7102 = ( GEOMETRIC_REPRESENTATION_CONTEXT(2) 
PARAMETRIC_REPRESENTATION_CONTEXT() REPRESENTATION_CONTEXT('2D SPACE',''
  ) );
#7103 = ORIENTED_EDGE('',*,*,#7104,.F.);
#7104 = EDGE_CURVE('',#6986,#7057,#7105,.T.);
#7105 = SURFACE_CURVE('',#7106,(#7111,#7124),.PCURVE_S1.);
#7106 = ELLIPSE('',#7107,0.804366930545,0.8);
#7107 = AXIS2_PLACEMENT_3D('',#7108,#7109,#7110);
#7108 = CARTESIAN_POINT('',(285.08270372175,-190.,19.455816287289));
#7109 = DIRECTION('',(0.,1.,0.));
#7110 = DIRECTION('',(-0.99960728133,-0.,2.802290335518E-02));
#7111 = PCURVE('',#6948,#7112);
#7112 = DEFINITIONAL_REPRESENTATION('',(#7113),#7123);
#7113 = B_SPLINE_CURVE_WITH_KNOTS('',8,(#7114,#7115,#7116,#7117,#7118,
    #7119,#7120,#7121,#7122),.UNSPECIFIED.,.F.,.F.,(9,9),(4.346816846222
    ,8.16380477958),.PIECEWISE_BEZIER_KNOTS.);
#7114 = CARTESIAN_POINT('',(-1.233098686911,108.55961323815));
#7115 = CARTESIAN_POINT('',(-1.71022217858,108.59691077772));
#7116 = CARTESIAN_POINT('',(-2.187345670249,108.64199532287));
#7117 = CARTESIAN_POINT('',(-2.664469161913,108.68190444295));
#7118 = CARTESIAN_POINT('',(-3.141592653592,108.70005580689));
#7119 = CARTESIAN_POINT('',(-3.618716145254,108.68483219802));
#7120 = CARTESIAN_POINT('',(-4.09583963693,108.64672655341));
#7121 = CARTESIAN_POINT('',(-4.572963128599,108.60205055217));
#7122 = CARTESIAN_POINT('',(-5.050086620269,108.56401545916));
#7123 = ( GEOMETRIC_REPRESENTATION_CONTEXT(2) 
PARAMETRIC_REPRESENTATION_CONTEXT() REPRESENTATION_CONTEXT('2D SPACE',''
  ) );
#7124 = PCURVE('',#3922,#7125);
#7125 = DEFINITIONAL_REPRESENTATION('',(#7126),#7134);
#7126 = ( BOUNDED_CURVE() B_SPLINE_CURVE(2,(#7127,#7128,#7129,#7130,
#7131,#7132,#7133),.UNSPECIFIED.,.T.,.F.) B_SPLINE_CURVE_WITH_KNOTS((1,2
    ,2,2,2,1),(-2.094395102393,0.,2.094395102393,4.188790204786,
6.28318530718,8.377580409573),.UNSPECIFIED.) CURVE() 
GEOMETRIC_REPRESENTATION_ITEM() RATIONAL_B_SPLINE_CURVE((1.,0.5,1.,0.5,
1.,0.5,1.)) REPRESENTATION_ITEM('') );
#7127 = CARTESIAN_POINT('',(-2.254069675678E-02,-0.804051040634));
#7128 = CARTESIAN_POINT('',(-1.40763717586,-0.765221366725));
#7129 = CARTESIAN_POINT('',(-0.681277891173,0.421440357272));
#7130 = CARTESIAN_POINT('',(4.508139351354E-02,1.608102081268));
#7131 = CARTESIAN_POINT('',(0.70381858793,0.382610683362));
#7132 = CARTESIAN_POINT('',(1.362555782346,-0.842880714543));
#7133 = CARTESIAN_POINT('',(-2.254069675678E-02,-0.804051040634));
#7134 = ( GEOMETRIC_REPRESENTATION_CONTEXT(2) 
PARAMETRIC_REPRESENTATION_CONTEXT() REPRESENTATION_CONTEXT('2D SPACE',''
  ) );
#7135 = ADVANCED_FACE('',(#7136),#6634,.F.);
#7136 = FACE_BOUND('',#7137,.F.);
#7137 = EDGE_LOOP('',(#7138,#7168,#7188,#7189));
#7138 = ORIENTED_EDGE('',*,*,#7139,.F.);
#7139 = EDGE_CURVE('',#7140,#7142,#7144,.T.);
#7140 = VERTEX_POINT('',#7141);
#7141 = CARTESIAN_POINT('',(285.08270372175,-190.,20.605816287289));
#7142 = VERTEX_POINT('',#7143);
#7143 = CARTESIAN_POINT('',(285.22042937527,-190.,20.59753939048));
#7144 = SURFACE_CURVE('',#7145,(#7150,#7157),.PCURVE_S1.);
#7145 = CIRCLE('',#7146,1.15);
#7146 = AXIS2_PLACEMENT_3D('',#7147,#7148,#7149);
#7147 = CARTESIAN_POINT('',(285.08270372175,-190.,19.455816287289));
#7148 = DIRECTION('',(0.,1.,0.));
#7149 = DIRECTION('',(-0.,-0.,1.));
#7150 = PCURVE('',#6634,#7151);
#7151 = DEFINITIONAL_REPRESENTATION('',(#7152),#7156);
#7152 = LINE('',#7153,#7154);
#7153 = CARTESIAN_POINT('',(0.,1.));
#7154 = VECTOR('',#7155,1.);
#7155 = DIRECTION('',(1.,0.));
#7156 = ( GEOMETRIC_REPRESENTATION_CONTEXT(2) 
PARAMETRIC_REPRESENTATION_CONTEXT() REPRESENTATION_CONTEXT('2D SPACE',''
  ) );
#7157 = PCURVE('',#3922,#7158);
#7158 = DEFINITIONAL_REPRESENTATION('',(#7159),#7167);
#7159 = ( BOUNDED_CURVE() B_SPLINE_CURVE(2,(#7160,#7161,#7162,#7163,
#7164,#7165,#7166),.UNSPECIFIED.,.T.,.F.) B_SPLINE_CURVE_WITH_KNOTS((1,2
    ,2,2,2,1),(-2.094395102393,0.,2.094395102393,4.188790204786,
6.28318530718,8.377580409573),.UNSPECIFIED.) CURVE() 
GEOMETRIC_REPRESENTATION_ITEM() RATIONAL_B_SPLINE_CURVE((1.,0.5,1.,0.5,
1.,0.5,1.)) REPRESENTATION_ITEM('') );
#7160 = CARTESIAN_POINT('',(-1.15,0.));
#7161 = CARTESIAN_POINT('',(-1.15,1.991858428704));
#7162 = CARTESIAN_POINT('',(0.575,0.995929214352));
#7163 = CARTESIAN_POINT('',(2.3,2.816687638039E-16));
#7164 = CARTESIAN_POINT('',(0.575,-0.995929214352));
#7165 = CARTESIAN_POINT('',(-1.15,-1.991858428704));
#7166 = CARTESIAN_POINT('',(-1.15,0.));
#7167 = ( GEOMETRIC_REPRESENTATION_CONTEXT(2) 
PARAMETRIC_REPRESENTATION_CONTEXT() REPRESENTATION_CONTEXT('2D SPACE',''
  ) );
#7168 = ORIENTED_EDGE('',*,*,#7169,.F.);
#7169 = EDGE_CURVE('',#6609,#7140,#7170,.T.);
#7170 = SURFACE_CURVE('',#7171,(#7174,#7181),.PCURVE_S1.);
#7171 = B_SPLINE_CURVE_WITH_KNOTS('',1,(#7172,#7173),.UNSPECIFIED.,.F.,
  .F.,(2,2),(0.,1.),.PIECEWISE_BEZIER_KNOTS.);
#7172 = CARTESIAN_POINT('',(297.59135821248,-70.4,20.603983091432));
#7173 = CARTESIAN_POINT('',(285.08270372175,-190.,20.605816287289));
#7174 = PCURVE('',#6634,#7175);
#7175 = DEFINITIONAL_REPRESENTATION('',(#7176),#7180);
#7176 = LINE('',#7177,#7178);
#7177 = CARTESIAN_POINT('',(0.,0.));
#7178 = VECTOR('',#7179,1.);
#7179 = DIRECTION('',(0.,1.));
#7180 = ( GEOMETRIC_REPRESENTATION_CONTEXT(2) 
PARAMETRIC_REPRESENTATION_CONTEXT() REPRESENTATION_CONTEXT('2D SPACE',''
  ) );
#7181 = PCURVE('',#3995,#7182);
#7182 = DEFINITIONAL_REPRESENTATION('',(#7183),#7187);
#7183 = LINE('',#7184,#7185);
#7184 = CARTESIAN_POINT('',(6.28318530718,0.));
#7185 = VECTOR('',#7186,1.);
#7186 = DIRECTION('',(0.,1.));
#7187 = ( GEOMETRIC_REPRESENTATION_CONTEXT(2) 
PARAMETRIC_REPRESENTATION_CONTEXT() REPRESENTATION_CONTEXT('2D SPACE',''
  ) );
#7188 = ORIENTED_EDGE('',*,*,#6608,.F.);
#7189 = ORIENTED_EDGE('',*,*,#7190,.T.);
#7190 = EDGE_CURVE('',#6589,#7142,#7191,.T.);
#7191 = SURFACE_CURVE('',#7192,(#7219,#7249),.PCURVE_S1.);
#7192 = B_SPLINE_CURVE_WITH_KNOTS('',4,(#7193,#7194,#7195,#7196,#7197,
    #7198,#7199,#7200,#7201,#7202,#7203,#7204,#7205,#7206,#7207,#7208,
    #7209,#7210,#7211,#7212,#7213,#7214,#7215,#7216,#7217,#7218),
  .UNSPECIFIED.,.F.,.F.,(5,3,3,3,3,3,3,3,5),(0.,0.217029845078,
    0.348589785396,0.457269758131,0.565949752863,0.674629771792,
    0.783309817429,0.891989892651,1.),.UNSPECIFIED.);
#7193 = CARTESIAN_POINT('',(297.86331398724,-70.39999999999,
    20.579104069685));
#7194 = CARTESIAN_POINT('',(297.17738901386,-76.88919795869,
    20.580219266779));
#7195 = CARTESIAN_POINT('',(296.49145901874,-83.37839531313,
    20.581321876443));
#7196 = CARTESIAN_POINT('',(295.80552360854,-89.86759201419,
    20.582410912246));
#7197 = CARTESIAN_POINT('',(294.70377589372,-100.2904324086,
    20.584136327989));
#7198 = CARTESIAN_POINT('',(294.28796732392,-104.2240765544,
    20.584782070327));
#7199 = CARTESIAN_POINT('',(293.87215647448,-108.1577204235,
    20.585422097935));
#7200 = CARTESIAN_POINT('',(293.11284524368,-115.3408963089,
    20.586579832072));
#7201 = CARTESIAN_POINT('',(292.76934562616,-118.5904284181,
    20.587099453534));
#7202 = CARTESIAN_POINT('',(292.42584429605,-121.8399603185,
    20.587614781499));
#7203 = CARTESIAN_POINT('',(291.73883798122,-128.3390243391,
    20.588636449504));
#7204 = CARTESIAN_POINT('',(291.39533299644,-131.5885564592,
    20.589142789355));
#7205 = CARTESIAN_POINT('',(291.05182613914,-134.83808835,
    20.589644434537));
#7206 = CARTESIAN_POINT('',(290.36480842231,-141.3371523734,
    20.590637882349));
#7207 = CARTESIAN_POINT('',(290.0212975627,-144.5866845059,
    20.591129684751));
#7208 = CARTESIAN_POINT('',(289.67778464982,-147.8362163859,
    20.591616338999));
#7209 = CARTESIAN_POINT('',(288.99075442801,-154.3352804126,
    20.592578836753));
#7210 = CARTESIAN_POINT('',(288.64723711897,-157.5848125593,
    20.593054679986));
#7211 = CARTESIAN_POINT('',(288.3037175515,-160.8343444269,
    20.593524860322));
#7212 = CARTESIAN_POINT('',(287.61667357243,-167.3334084576,
    20.5944533087));
#7213 = CARTESIAN_POINT('',(287.27314916068,-170.5829406207,
    20.594911576405));
#7214 = CARTESIAN_POINT('',(286.92962225664,-173.8324724741,
    20.595363594352));
#7215 = CARTESIAN_POINT('',(286.24468091416,-180.3115035032,
    20.596251712818));
#7216 = CARTESIAN_POINT('',(285.90326650785,-183.541002683,
    20.596687893881));
#7217 = CARTESIAN_POINT('',(285.56184937609,-186.770501522,
    20.59711724002));
#7218 = CARTESIAN_POINT('',(285.22042936772,-189.9999999999,
    20.597539371776));
#7219 = PCURVE('',#6634,#7220);
#7220 = DEFINITIONAL_REPRESENTATION('',(#7221),#7248);
#7221 = B_SPLINE_CURVE_WITH_KNOTS('',4,(#7222,#7223,#7224,#7225,#7226,
    #7227,#7228,#7229,#7230,#7231,#7232,#7233,#7234,#7235,#7236,#7237,
    #7238,#7239,#7240,#7241,#7242,#7243,#7244,#7245,#7246,#7247),
  .UNSPECIFIED.,.F.,.F.,(5,3,3,3,3,3,3,3,5),(0.,0.217029845078,
    0.348589785396,0.457269758131,0.565949752863,0.674629771792,
    0.783309817429,0.891989892651,1.),.UNSPECIFIED.);
#7222 = CARTESIAN_POINT('',(0.182455613475,0.));
#7223 = CARTESIAN_POINT('',(0.179875905494,5.425750801582E-02));
#7224 = CARTESIAN_POINT('',(0.177207505325,0.108515010979));
#7225 = CARTESIAN_POINT('',(0.174443551589,0.16277250848));
#7226 = CARTESIAN_POINT('',(0.169836980339,0.249920003417));
#7227 = CARTESIAN_POINT('',(0.16806018493,0.282810004636));
#7228 = CARTESIAN_POINT('',(0.166243240462,0.315700003542));
#7229 = CARTESIAN_POINT('',(0.162848041573,0.375760002583));
#7230 = CARTESIAN_POINT('',(0.161283229269,0.402930003496));
#7231 = CARTESIAN_POINT('',(0.159688297642,0.430100002664));
#7232 = CARTESIAN_POINT('',(0.156435429826,0.484440002836));
#7233 = CARTESIAN_POINT('',(0.154777492395,0.51161000384));
#7234 = CARTESIAN_POINT('',(0.153086669148,0.538780002927));
#7235 = CARTESIAN_POINT('',(0.149636132171,0.593120003122));
#7236 = CARTESIAN_POINT('',(0.14787641695,0.62029000423));
#7237 = CARTESIAN_POINT('',(0.14608069637,0.647460003227));
#7238 = CARTESIAN_POINT('',(0.142413713931,0.70180000345));
#7239 = CARTESIAN_POINT('',(0.140542450267,0.728970004677));
#7240 = CARTESIAN_POINT('',(0.13863164985,0.75614000357));
#7241 = CARTESIAN_POINT('',(0.134726962157,0.810480003827));
#7242 = CARTESIAN_POINT('',(0.132733072685,0.837650005191));
#7243 = CARTESIAN_POINT('',(0.130695632102,0.864820003964));
#7244 = CARTESIAN_POINT('',(0.126541909268,0.918992504208));
#7245 = CARTESIAN_POINT('',(0.124426187864,0.945995005711));
#7246 = CARTESIAN_POINT('',(0.122262937031,0.972997504365));
#7247 = CARTESIAN_POINT('',(0.12004957858,1.));
#7248 = ( GEOMETRIC_REPRESENTATION_CONTEXT(2) 
PARAMETRIC_REPRESENTATION_CONTEXT() REPRESENTATION_CONTEXT('2D SPACE',''
  ) );
#7249 = PCURVE('',#1198,#7250);
#7250 = DEFINITIONAL_REPRESENTATION('',(#7251),#7278);
#7251 = B_SPLINE_CURVE_WITH_KNOTS('',4,(#7252,#7253,#7254,#7255,#7256,
    #7257,#7258,#7259,#7260,#7261,#7262,#7263,#7264,#7265,#7266,#7267,
    #7268,#7269,#7270,#7271,#7272,#7273,#7274,#7275,#7276,#7277),
  .UNSPECIFIED.,.F.,.F.,(5,3,3,3,3,3,3,3,5),(0.,0.217029845078,
    0.348589785396,0.457269758131,0.565949752863,0.674629771792,
    0.783309817429,0.891989892651,1.),.UNSPECIFIED.);
#7252 = CARTESIAN_POINT('',(4.881497521901,1.147540983606E-02));
#7253 = CARTESIAN_POINT('',(4.900815260056,6.466555703845E-02));
#7254 = CARTESIAN_POINT('',(4.920146572281,0.117855699288));
#7255 = CARTESIAN_POINT('',(4.939492522321,0.171045836182));
#7256 = CARTESIAN_POINT('',(4.970591310001,0.256478954169));
#7257 = CARTESIAN_POINT('',(4.982334051402,0.288721938971));
#7258 = CARTESIAN_POINT('',(4.994082955462,0.320964921505));
#7259 = CARTESIAN_POINT('',(5.015549353061,0.379843412369));
#7260 = CARTESIAN_POINT('',(5.025264781573,0.40647892146));
#7261 = CARTESIAN_POINT('',(5.03498484011,0.433114428841));
#7262 = CARTESIAN_POINT('',(5.054434651669,0.486385445403));
#7263 = CARTESIAN_POINT('',(5.064164404894,0.513020954584));
#7264 = CARTESIAN_POINT('',(5.073899220757,0.539656461886));
#7265 = CARTESIAN_POINT('',(5.093379468784,0.592927478471));
#7266 = CARTESIAN_POINT('',(5.103124901191,0.619562987754));
#7267 = CARTESIAN_POINT('',(5.112875885265,0.646198494966));
#7268 = CARTESIAN_POINT('',(5.132389514013,0.699469511579));
#7269 = CARTESIAN_POINT('',(5.142152158986,0.726105020979));
#7270 = CARTESIAN_POINT('',(5.151920910705,0.75274052809));
#7271 = CARTESIAN_POINT('',(5.171471262902,0.806011544735));
#7272 = CARTESIAN_POINT('',(5.181252863743,0.832647054269));
#7273 = CARTESIAN_POINT('',(5.191041204185,0.859282561263));
#7274 = CARTESIAN_POINT('',(5.210571704078,0.912389372977));
#7275 = CARTESIAN_POINT('',(5.220313776671,0.93886067773));
#7276 = CARTESIAN_POINT('',(5.23006321989,0.965331979689));
#7277 = CARTESIAN_POINT('',(5.239820442929,0.991803278688));
#7278 = ( GEOMETRIC_REPRESENTATION_CONTEXT(2) 
PARAMETRIC_REPRESENTATION_CONTEXT() REPRESENTATION_CONTEXT('2D SPACE',''
  ) );
#7279 = ADVANCED_FACE('',(#7280),#3995,.F.);
#7280 = FACE_BOUND('',#7281,.F.);
#7281 = EDGE_LOOP('',(#7282,#7308,#7309,#7310));
#7282 = ORIENTED_EDGE('',*,*,#7283,.F.);
#7283 = EDGE_CURVE('',#3909,#7140,#7284,.T.);
#7284 = SURFACE_CURVE('',#7285,(#7290,#7297),.PCURVE_S1.);
#7285 = CIRCLE('',#7286,1.15);
#7286 = AXIS2_PLACEMENT_3D('',#7287,#7288,#7289);
#7287 = CARTESIAN_POINT('',(285.08270372175,-190.,19.455816287289));
#7288 = DIRECTION('',(0.,1.,0.));
#7289 = DIRECTION('',(-0.,-0.,1.));
#7290 = PCURVE('',#3995,#7291);
#7291 = DEFINITIONAL_REPRESENTATION('',(#7292),#7296);
#7292 = LINE('',#7293,#7294);
#7293 = CARTESIAN_POINT('',(0.,1.));
#7294 = VECTOR('',#7295,1.);
#7295 = DIRECTION('',(1.,0.));
#7296 = ( GEOMETRIC_REPRESENTATION_CONTEXT(2) 
PARAMETRIC_REPRESENTATION_CONTEXT() REPRESENTATION_CONTEXT('2D SPACE',''
  ) );
#7297 = PCURVE('',#3922,#7298);
#7298 = DEFINITIONAL_REPRESENTATION('',(#7299),#7307);
#7299 = ( BOUNDED_CURVE() B_SPLINE_CURVE(2,(#7300,#7301,#7302,#7303,
#7304,#7305,#7306),.UNSPECIFIED.,.T.,.F.) B_SPLINE_CURVE_WITH_KNOTS((1,2
    ,2,2,2,1),(-2.094395102393,0.,2.094395102393,4.188790204786,
6.28318530718,8.377580409573),.UNSPECIFIED.) CURVE() 
GEOMETRIC_REPRESENTATION_ITEM() RATIONAL_B_SPLINE_CURVE((1.,0.5,1.,0.5,
1.,0.5,1.)) REPRESENTATION_ITEM('') );
#7300 = CARTESIAN_POINT('',(-1.15,0.));
#7301 = CARTESIAN_POINT('',(-1.15,1.991858428704));
#7302 = CARTESIAN_POINT('',(0.575,0.995929214352));
#7303 = CARTESIAN_POINT('',(2.3,2.816687638039E-16));
#7304 = CARTESIAN_POINT('',(0.575,-0.995929214352));
#7305 = CARTESIAN_POINT('',(-1.15,-1.991858428704));
#7306 = CARTESIAN_POINT('',(-1.15,0.));
#7307 = ( GEOMETRIC_REPRESENTATION_CONTEXT(2) 
PARAMETRIC_REPRESENTATION_CONTEXT() REPRESENTATION_CONTEXT('2D SPACE',''
  ) );
#7308 = ORIENTED_EDGE('',*,*,#3933,.T.);
#7309 = ORIENTED_EDGE('',*,*,#6675,.F.);
#7310 = ORIENTED_EDGE('',*,*,#7169,.T.);
#7311 = ADVANCED_FACE('',(#7312),#3922,.T.);
#7312 = FACE_BOUND('',#7313,.F.);
#7313 = EDGE_LOOP('',(#7314,#7315,#7316,#7317,#7337,#7358,#7359));
#7314 = ORIENTED_EDGE('',*,*,#3908,.F.);
#7315 = ORIENTED_EDGE('',*,*,#7283,.T.);
#7316 = ORIENTED_EDGE('',*,*,#7139,.T.);
#7317 = ORIENTED_EDGE('',*,*,#7318,.F.);
#7318 = EDGE_CURVE('',#7319,#7142,#7321,.T.);
#7319 = VERTEX_POINT('',#7320);
#7320 = CARTESIAN_POINT('',(285.08270372175,-190.,20.256656436055));
#7321 = SURFACE_CURVE('',#7322,(#7325,#7331),.PCURVE_S1.);
#7322 = B_SPLINE_CURVE_WITH_KNOTS('',1,(#7323,#7324),.UNSPECIFIED.,.F.,
  .F.,(2,2),(0.,1.),.PIECEWISE_BEZIER_KNOTS.);
#7323 = CARTESIAN_POINT('',(285.08270349698,-190.,20.256655879745));
#7324 = CARTESIAN_POINT('',(285.22377345865,-190.,20.605816287289));
#7325 = PCURVE('',#3922,#7326);
#7326 = DEFINITIONAL_REPRESENTATION('',(#7327),#7330);
#7327 = B_SPLINE_CURVE_WITH_KNOTS('',1,(#7328,#7329),.UNSPECIFIED.,.F.,
  .F.,(2,2),(0.,1.),.PIECEWISE_BEZIER_KNOTS.);
#7328 = CARTESIAN_POINT('',(-0.800839592456,-2.247639940833E-07));
#7329 = CARTESIAN_POINT('',(-1.15,0.141069736907));
#7330 = ( GEOMETRIC_REPRESENTATION_CONTEXT(2) 
PARAMETRIC_REPRESENTATION_CONTEXT() REPRESENTATION_CONTEXT('2D SPACE',''
  ) );
#7331 = PCURVE('',#1198,#7332);
#7332 = DEFINITIONAL_REPRESENTATION('',(#7333),#7336);
#7333 = B_SPLINE_CURVE_WITH_KNOTS('',1,(#7334,#7335),.UNSPECIFIED.,.F.,
  .F.,(2,2),(0.,1.),.PIECEWISE_BEZIER_KNOTS.);
#7334 = CARTESIAN_POINT('',(5.60747513229,0.991803278689));
#7335 = CARTESIAN_POINT('',(5.230893501986,0.991803278689));
#7336 = ( GEOMETRIC_REPRESENTATION_CONTEXT(2) 
PARAMETRIC_REPRESENTATION_CONTEXT() REPRESENTATION_CONTEXT('2D SPACE',''
  ) );
#7337 = ORIENTED_EDGE('',*,*,#7338,.F.);
#7338 = EDGE_CURVE('',#7057,#7319,#7339,.T.);
#7339 = SURFACE_CURVE('',#7340,(#7344,#7351),.PCURVE_S1.);
#7340 = LINE('',#7341,#7342);
#7341 = CARTESIAN_POINT('',(285.08270372175,-190.,-40.));
#7342 = VECTOR('',#7343,1.);
#7343 = DIRECTION('',(-0.,-0.,1.));
#7344 = PCURVE('',#3922,#7345);
#7345 = DEFINITIONAL_REPRESENTATION('',(#7346),#7350);
#7346 = LINE('',#7347,#7348);
#7347 = CARTESIAN_POINT('',(59.455816287289,-0.));
#7348 = VECTOR('',#7349,1.);
#7349 = DIRECTION('',(-1.,0.));
#7350 = ( GEOMETRIC_REPRESENTATION_CONTEXT(2) 
PARAMETRIC_REPRESENTATION_CONTEXT() REPRESENTATION_CONTEXT('2D SPACE',''
  ) );
#7351 = PCURVE('',#1455,#7352);
#7352 = DEFINITIONAL_REPRESENTATION('',(#7353),#7357);
#7353 = LINE('',#7354,#7355);
#7354 = CARTESIAN_POINT('',(-0.,-0.));
#7355 = VECTOR('',#7356,1.);
#7356 = DIRECTION('',(-0.,-1.));
#7357 = ( GEOMETRIC_REPRESENTATION_CONTEXT(2) 
PARAMETRIC_REPRESENTATION_CONTEXT() REPRESENTATION_CONTEXT('2D SPACE',''
  ) );
#7358 = ORIENTED_EDGE('',*,*,#7104,.F.);
#7359 = ORIENTED_EDGE('',*,*,#7360,.F.);
#7360 = EDGE_CURVE('',#3889,#6986,#7361,.T.);
#7361 = SURFACE_CURVE('',#7362,(#7366,#7373),.PCURVE_S1.);
#7362 = LINE('',#7363,#7364);
#7363 = CARTESIAN_POINT('',(285.08270372175,-190.,-40.));
#7364 = VECTOR('',#7365,1.);
#7365 = DIRECTION('',(-0.,-0.,1.));
#7366 = PCURVE('',#3922,#7367);
#7367 = DEFINITIONAL_REPRESENTATION('',(#7368),#7372);
#7368 = LINE('',#7369,#7370);
#7369 = CARTESIAN_POINT('',(59.455816287289,-0.));
#7370 = VECTOR('',#7371,1.);
#7371 = DIRECTION('',(-1.,0.));
#7372 = ( GEOMETRIC_REPRESENTATION_CONTEXT(2) 
PARAMETRIC_REPRESENTATION_CONTEXT() REPRESENTATION_CONTEXT('2D SPACE',''
  ) );
#7373 = PCURVE('',#1455,#7374);
#7374 = DEFINITIONAL_REPRESENTATION('',(#7375),#7379);
#7375 = LINE('',#7376,#7377);
#7376 = CARTESIAN_POINT('',(-0.,-0.));
#7377 = VECTOR('',#7378,1.);
#7378 = DIRECTION('',(-0.,-1.));
#7379 = ( GEOMETRIC_REPRESENTATION_CONTEXT(2) 
PARAMETRIC_REPRESENTATION_CONTEXT() REPRESENTATION_CONTEXT('2D SPACE',''
  ) );
#7380 = ADVANCED_FACE('',(#7381),#1719,.F.);
#7381 = FACE_BOUND('',#7382,.T.);
#7382 = EDGE_LOOP('',(#7383,#7384,#7385,#7386,#7387,#7388,#7414));
#7383 = ORIENTED_EDGE('',*,*,#2868,.F.);
#7384 = ORIENTED_EDGE('',*,*,#2789,.F.);
#7385 = ORIENTED_EDGE('',*,*,#2722,.F.);
#7386 = ORIENTED_EDGE('',*,*,#1698,.F.);
#7387 = ORIENTED_EDGE('',*,*,#1735,.F.);
#7388 = ORIENTED_EDGE('',*,*,#7389,.T.);
#7389 = EDGE_CURVE('',#1736,#2670,#7390,.T.);
#7390 = SURFACE_CURVE('',#7391,(#7396,#7403),.PCURVE_S1.);
#7391 = CIRCLE('',#7392,1.24);
#7392 = AXIS2_PLACEMENT_3D('',#7393,#7394,#7395);
#7393 = CARTESIAN_POINT('',(297.59135821248,-70.4,19.105149758099));
#7394 = DIRECTION('',(0.104019604147,0.994570972053,-2.916076511733E-03)
  );
#7395 = DIRECTION('',(0.994575200748,-0.104020046415,-5.421010862428E-20
    ));
#7396 = PCURVE('',#1719,#7397);
#7397 = DEFINITIONAL_REPRESENTATION('',(#7398),#7402);
#7398 = LINE('',#7399,#7400);
#7399 = CARTESIAN_POINT('',(-6.28318530718,0.502729331591));
#7400 = VECTOR('',#7401,1.);
#7401 = DIRECTION('',(-1.,0.));
#7402 = ( GEOMETRIC_REPRESENTATION_CONTEXT(2) 
PARAMETRIC_REPRESENTATION_CONTEXT() REPRESENTATION_CONTEXT('2D SPACE',''
  ) );
#7403 = PCURVE('',#793,#7404);
#7404 = DEFINITIONAL_REPRESENTATION('',(#7405),#7413);
#7405 = ( BOUNDED_CURVE() B_SPLINE_CURVE(2,(#7406,#7407,#7408,#7409,
#7410,#7411,#7412),.UNSPECIFIED.,.T.,.F.) B_SPLINE_CURVE_WITH_KNOTS((1,2
    ,2,2,2,1),(-2.094395102393,0.,2.094395102393,4.188790204786,
6.28318530718,8.377580409573),.UNSPECIFIED.) CURVE() 
GEOMETRIC_REPRESENTATION_ITEM() RATIONAL_B_SPLINE_CURVE((1.,0.5,1.,0.5,
1.,0.5,1.)) REPRESENTATION_ITEM('') );
#7406 = CARTESIAN_POINT('',(-1.24,1.004977086502E-17));
#7407 = CARTESIAN_POINT('',(-1.24,2.147743001385));
#7408 = CARTESIAN_POINT('',(0.62,1.073871500693));
#7409 = CARTESIAN_POINT('',(2.48,3.353398778042E-16));
#7410 = CARTESIAN_POINT('',(0.62,-1.073871500693));
#7411 = CARTESIAN_POINT('',(-1.24,-2.147743001385));
#7412 = CARTESIAN_POINT('',(-1.24,1.004977086502E-17));
#7413 = ( GEOMETRIC_REPRESENTATION_CONTEXT(2) 
PARAMETRIC_REPRESENTATION_CONTEXT() REPRESENTATION_CONTEXT('2D SPACE',''
  ) );
#7414 = ORIENTED_EDGE('',*,*,#2669,.F.);
#7415 = ADVANCED_FACE('',(#7416),#1814,.F.);
#7416 = FACE_BOUND('',#7417,.F.);
#7417 = EDGE_LOOP('',(#7418,#7447,#7537));
#7418 = ORIENTED_EDGE('',*,*,#7419,.T.);
#7419 = EDGE_CURVE('',#1775,#7420,#7422,.T.);
#7420 = VERTEX_POINT('',#7421);
#7421 = CARTESIAN_POINT('',(297.85988859914,-70.43240598321,
    17.631379886017));
#7422 = SURFACE_CURVE('',#7423,(#7429,#7438),.PCURVE_S1.);
#7423 = B_SPLINE_CURVE_WITH_KNOTS('',4,(#7424,#7425,#7426,#7427,#7428),
  .UNSPECIFIED.,.F.,.F.,(5,5),(0.,1.),.PIECEWISE_BEZIER_KNOTS.);
#7424 = CARTESIAN_POINT('',(297.5493565514,-70.4,17.606905064803));
#7425 = CARTESIAN_POINT('',(297.62734473559,-70.40816292278,
    17.604742569318));
#7426 = CARTESIAN_POINT('',(297.70548644624,-70.41632568316,
    17.6081119199));
#7427 = CARTESIAN_POINT('',(297.78319847822,-70.42442723892,
    17.617028905546));
#7428 = CARTESIAN_POINT('',(297.85990826071,-70.43240802878,
    17.631383565138));
#7429 = PCURVE('',#1814,#7430);
#7430 = DEFINITIONAL_REPRESENTATION('',(#7431),#7437);
#7431 = B_SPLINE_CURVE_WITH_KNOTS('',4,(#7432,#7433,#7434,#7435,#7436),
  .UNSPECIFIED.,.F.,.F.,(5,5),(0.,1.),.PIECEWISE_BEZIER_KNOTS.);
#7432 = CARTESIAN_POINT('',(3.169619225701,0.));
#7433 = CARTESIAN_POINT('',(3.116996809761,6.825186275862E-05));
#7434 = CARTESIAN_POINT('',(3.064373518766,1.365023675999E-04));
#7435 = CARTESIAN_POINT('',(3.011752437969,2.042411281665E-04));
#7436 = CARTESIAN_POINT('',(2.959136428321,2.70970140325E-04));
#7437 = ( GEOMETRIC_REPRESENTATION_CONTEXT(2) 
PARAMETRIC_REPRESENTATION_CONTEXT() REPRESENTATION_CONTEXT('2D SPACE',''
  ) );
#7438 = PCURVE('',#793,#7439);
#7439 = DEFINITIONAL_REPRESENTATION('',(#7440),#7446);
#7440 = B_SPLINE_CURVE_WITH_KNOTS('',4,(#7441,#7442,#7443,#7444,#7445),
  .UNSPECIFIED.,.F.,.F.,(5,5),(0.,1.),.PIECEWISE_BEZIER_KNOTS.);
#7441 = CARTESIAN_POINT('',(4.177381049976E-02,1.4982510635));
#7442 = CARTESIAN_POINT('',(-3.664041105554E-02,1.500413568179));
#7443 = CARTESIAN_POINT('',(-0.115207309323,1.497044203272));
#7444 = CARTESIAN_POINT('',(-0.193340493332,1.488127179713));
#7445 = CARTESIAN_POINT('',(-0.270464302781,1.473772459088));
#7446 = ( GEOMETRIC_REPRESENTATION_CONTEXT(2) 
PARAMETRIC_REPRESENTATION_CONTEXT() REPRESENTATION_CONTEXT('2D SPACE',''
  ) );
#7447 = ORIENTED_EDGE('',*,*,#7448,.T.);
#7448 = EDGE_CURVE('',#7420,#1798,#7449,.T.);
#7449 = SURFACE_CURVE('',#7450,(#7477,#7507),.PCURVE_S1.);
#7450 = B_SPLINE_CURVE_WITH_KNOTS('',4,(#7451,#7452,#7453,#7454,#7455,
    #7456,#7457,#7458,#7459,#7460,#7461,#7462,#7463,#7464,#7465,#7466,
    #7467,#7468,#7469,#7470,#7471,#7472,#7473,#7474,#7475,#7476),
  .UNSPECIFIED.,.F.,.F.,(5,3,3,3,3,3,3,3,5),(0.,9.320225421259E-02,
    0.186802332858,0.280402386281,0.374002416625,0.467602425792,
    0.626402397591,0.813602301883,1.),.UNSPECIFIED.);
#7451 = CARTESIAN_POINT('',(285.22042937005,-190.,18.314093197031));
#7452 = CARTESIAN_POINT('',(285.51504170673,-187.2132561976,
    18.298116020944));
#7453 = CARTESIAN_POINT('',(285.80965190473,-184.4265120954,
    18.282144215006));
#7454 = CARTESIAN_POINT('',(286.10426006112,-181.6397677076,
    18.266177535338));
#7455 = CARTESIAN_POINT('',(286.69472995945,-176.0543834473,
    18.23418586539));
#7456 = CARTESIAN_POINT('',(286.99059168474,-173.2557435725,
    18.218160916918));
#7457 = CARTESIAN_POINT('',(287.28645152479,-170.4571034352,
    18.202140701749));
#7458 = CARTESIAN_POINT('',(287.87816750944,-164.8598234126,
    18.170109353499));
#7459 = CARTESIAN_POINT('',(288.17402365411,-162.0611835272,
    18.154098220248));
#7460 = CARTESIAN_POINT('',(288.46987806839,-159.2625434019,
    18.138091431253));
#7461 = CARTESIAN_POINT('',(289.06158350128,-153.6652633818,
    18.106086198884));
#7462 = CARTESIAN_POINT('',(289.35743451994,-150.866623487,
    18.090087755368));
#7463 = CARTESIAN_POINT('',(289.65328394634,-148.0679833724,
    18.074093309094));
#7464 = CARTESIAN_POINT('',(290.24497967126,-142.4707033545,
    18.042112104224));
#7465 = CARTESIAN_POINT('',(290.54082596982,-139.6720634513,
    18.02612534551));
#7466 = CARTESIAN_POINT('',(290.83667079976,-136.8734233461,
    18.010142273465));
#7467 = CARTESIAN_POINT('',(291.6344364563,-129.3266638474,
    17.967052195082));
#7468 = CARTESIAN_POINT('',(292.13635462876,-124.5785440895,
    17.939951851236));
#7469 = CARTESIAN_POINT('',(292.63826900427,-119.8304238119,
    17.912861038169));
#7470 = CARTESIAN_POINT('',(293.7318528028,-109.4850240126,
    17.853853992754));
#7471 = CARTESIAN_POINT('',(294.32352083532,-103.887744301,
    17.82194125059));
#7472 = CARTESIAN_POINT('',(294.91518427785,-98.29046396486,
    17.79004002889));
#7473 = CARTESIAN_POINT('',(296.09596715949,-87.11988810972,
    17.726395758244));
#7474 = CARTESIAN_POINT('',(296.68508663596,-81.54659259587,
    17.694652615514));
#7475 = CARTESIAN_POINT('',(297.27420216478,-75.97329654769,
    17.662919380307));
#7476 = CARTESIAN_POINT('',(297.86331399525,-70.4,17.631195426684));
#7477 = PCURVE('',#1814,#7478);
#7478 = DEFINITIONAL_REPRESENTATION('',(#7479),#7506);
#7479 = B_SPLINE_CURVE_WITH_KNOTS('',4,(#7480,#7481,#7482,#7483,#7484,
    #7485,#7486,#7487,#7488,#7489,#7490,#7491,#7492,#7493,#7494,#7495,
    #7496,#7497,#7498,#7499,#7500,#7501,#7502,#7503,#7504,#7505),
  .UNSPECIFIED.,.F.,.F.,(5,3,3,3,3,3,3,3,5),(0.,9.320225421259E-02,
    0.186802332858,0.280402386281,0.374002416625,0.467602425792,
    0.626402397591,0.813602301883,1.),.UNSPECIFIED.);
#7480 = CARTESIAN_POINT('',(3.021543070101,1.));
#7481 = CARTESIAN_POINT('',(3.019633156269,0.976699466536));
#7482 = CARTESIAN_POINT('',(3.01776055301,0.953398930564));
#7483 = CARTESIAN_POINT('',(3.015923602779,0.930098392204));
#7484 = CARTESIAN_POINT('',(3.012310368639,0.883397854911));
#7485 = CARTESIAN_POINT('',(3.010534375858,0.859997855957));
#7486 = CARTESIAN_POINT('',(3.008791363174,0.83659785481));
#7487 = CARTESIAN_POINT('',(3.005368640071,0.78979785462));
#7488 = CARTESIAN_POINT('',(3.003688928548,0.766397855579));
#7489 = CARTESIAN_POINT('',(3.00203953734,0.742997854531));
#7490 = CARTESIAN_POINT('',(2.998799018491,0.696197854364));
#7491 = CARTESIAN_POINT('',(2.997207889921,0.672797855243));
#7492 = CARTESIAN_POINT('',(2.995644703039,0.649397854284));
#7493 = CARTESIAN_POINT('',(2.992572079989,0.602597854135));
#7494 = CARTESIAN_POINT('',(2.991062643034,0.579197854944));
#7495 = CARTESIAN_POINT('',(2.989579013778,0.555797854064));
#7496 = CARTESIAN_POINT('',(2.985645292777,0.492697858256));
#7497 = CARTESIAN_POINT('',(2.983241870312,0.45299786028));
#7498 = CARTESIAN_POINT('',(2.98090528844,0.41329785796));
#7499 = CARTESIAN_POINT('',(2.975951316648,0.326797859637));
#7500 = CARTESIAN_POINT('',(2.973358427134,0.279997862049));
#7501 = CARTESIAN_POINT('',(2.970846508123,0.233197859238));
#7502 = CARTESIAN_POINT('',(2.965984451789,0.139798395566));
#7503 = CARTESIAN_POINT('',(2.96363365534,9.319893474815E-02));
#7504 = CARTESIAN_POINT('',(2.961352633358,4.659946946232E-02));
#7505 = CARTESIAN_POINT('',(2.959137030898,0.));
#7506 = ( GEOMETRIC_REPRESENTATION_CONTEXT(2) 
PARAMETRIC_REPRESENTATION_CONTEXT() REPRESENTATION_CONTEXT('2D SPACE',''
  ) );
#7507 = PCURVE('',#1864,#7508);
#7508 = DEFINITIONAL_REPRESENTATION('',(#7509),#7536);
#7509 = B_SPLINE_CURVE_WITH_KNOTS('',4,(#7510,#7511,#7512,#7513,#7514,
    #7515,#7516,#7517,#7518,#7519,#7520,#7521,#7522,#7523,#7524,#7525,
    #7526,#7527,#7528,#7529,#7530,#7531,#7532,#7533,#7534,#7535),
  .UNSPECIFIED.,.F.,.F.,(5,3,3,3,3,3,3,3,5),(0.,9.320225421259E-02,
    0.186802332858,0.280402386281,0.374002416625,0.467602425792,
    0.626402397591,0.813602301883,1.),.UNSPECIFIED.);
#7510 = CARTESIAN_POINT('',(1.231388019361,0.991803278689));
#7511 = CARTESIAN_POINT('',(1.23980755649,0.968961116374));
#7512 = CARTESIAN_POINT('',(1.248221300777,0.946118951602));
#7513 = CARTESIAN_POINT('',(1.256629515303,0.923276784489));
#7514 = CARTESIAN_POINT('',(1.273471217784,0.877494946289));
#7515 = CARTESIAN_POINT('',(1.281904660641,0.854555275185));
#7516 = CARTESIAN_POINT('',(1.290332997638,0.831615601928));
#7517 = CARTESIAN_POINT('',(1.307179877079,0.78573625748));
#7518 = CARTESIAN_POINT('',(1.315598419706,0.762796586289));
#7519 = CARTESIAN_POINT('',(1.324012276146,0.739856913131));
#7520 = CARTESIAN_POINT('',(1.34083098871,0.693977568704));
#7521 = CARTESIAN_POINT('',(1.349235844988,0.671037897435));
#7522 = CARTESIAN_POINT('',(1.357636389407,0.648098224364));
#7523 = CARTESIAN_POINT('',(1.374429187485,0.602218879955));
#7524 = CARTESIAN_POINT('',(1.382821441273,0.579279208617));
#7525 = CARTESIAN_POINT('',(1.39120971822,0.556339535624));
#7526 = CARTESIAN_POINT('',(1.413819065608,0.494480851208));
#7527 = CARTESIAN_POINT('',(1.428032949168,0.455561836799));
#7528 = CARTESIAN_POINT('',(1.442236551808,0.416642818131));
#7529 = CARTESIAN_POINT('',(1.473162878973,0.33184445912));
#7530 = CARTESIAN_POINT('',(1.489881838613,0.285965117222));
#7531 = CARTESIAN_POINT('',(1.506588371058,0.240085770204));
#7532 = CARTESIAN_POINT('',(1.539906687312,0.148523673031));
#7533 = CARTESIAN_POINT('',(1.556518572286,0.102840922917));
#7534 = CARTESIAN_POINT('',(1.573119769965,5.715816842371E-02));
#7535 = CARTESIAN_POINT('',(1.589710955551,1.147540983607E-02));
#7536 = ( GEOMETRIC_REPRESENTATION_CONTEXT(2) 
PARAMETRIC_REPRESENTATION_CONTEXT() REPRESENTATION_CONTEXT('2D SPACE',''
  ) );
#7537 = ORIENTED_EDGE('',*,*,#1797,.T.);
#7538 = ADVANCED_FACE('',(#7539),#1864,.T.);
#7539 = FACE_BOUND('',#7540,.T.);
#7540 = EDGE_LOOP('',(#7541,#7633,#7651,#7652));
#7541 = ORIENTED_EDGE('',*,*,#7542,.F.);
#7542 = EDGE_CURVE('',#7543,#1851,#7545,.T.);
#7543 = VERTEX_POINT('',#7544);
#7544 = CARTESIAN_POINT('',(298.05404412035,-70.45413748891,
    17.145266343394));
#7545 = SURFACE_CURVE('',#7546,(#7573,#7603),.PCURVE_S1.);
#7546 = B_SPLINE_CURVE_WITH_KNOTS('',4,(#7547,#7548,#7549,#7550,#7551,
    #7552,#7553,#7554,#7555,#7556,#7557,#7558,#7559,#7560,#7561,#7562,
    #7563,#7564,#7565,#7566,#7567,#7568,#7569,#7570,#7571,#7572),
  .UNSPECIFIED.,.F.,.F.,(5,3,3,3,3,3,3,3,5),(0.,9.477218639578E-02,
    0.188912228919,0.283442711302,0.37756854976,0.472113232597,
    0.62369139536,0.811943066302,1.),.UNSPECIFIED.);
#7547 = CARTESIAN_POINT('',(285.32443575784,-191.,17.800737419538));
#7548 = CARTESIAN_POINT('',(285.62617514274,-188.1426156656,
    17.785199277427));
#7549 = CARTESIAN_POINT('',(285.9279144961,-185.2852313194,
    17.769661216481));
#7550 = CARTESIAN_POINT('',(286.2296538189,-182.4278469617,
    17.754123234049));
#7551 = CARTESIAN_POINT('',(286.83111976158,-176.732137382,
    17.723151061382));
#7552 = CARTESIAN_POINT('',(287.13084638185,-173.8938121601,
    17.707716870134));
#7553 = CARTESIAN_POINT('',(287.43057297381,-171.0554869279,
    17.692282751574));
#7554 = CARTESIAN_POINT('',(288.03126919972,-165.3670646698,
    17.661350643713));
#7555 = CARTESIAN_POINT('',(288.33223883345,-162.5169676439,
    17.645852654996));
#7556 = CARTESIAN_POINT('',(288.63320844033,-159.6668706084,
    17.630354735142));
#7557 = CARTESIAN_POINT('',(289.23385928197,-153.9788765465,
    17.599425368649));
#7558 = CARTESIAN_POINT('',(289.53354051695,-151.1409795201,
    17.58399392144));
#7559 = CARTESIAN_POINT('',(289.83322172687,-148.3030824851,
    17.568562538461));
#7560 = CARTESIAN_POINT('',(290.43391762962,-142.6146602272,
    17.537631230426));
#7561 = CARTESIAN_POINT('',(290.73493232223,-139.7641350043,
    17.522131305926));
#7562 = CARTESIAN_POINT('',(291.035946991,-136.9136097733,
    17.506631442465));
#7563 = CARTESIAN_POINT('',(291.8195614569,-129.4929980356,
    17.46628167564));
#7564 = CARTESIAN_POINT('',(292.30216121765,-124.9229115169,
    17.441431865392));
#7565 = CARTESIAN_POINT('',(292.78476092162,-120.3528249798,
    17.416582200385));
#7566 = CARTESIAN_POINT('',(293.86672256896,-110.1069444024,
    17.36087094113));
#7567 = CARTESIAN_POINT('',(294.46608448286,-104.4311503527,
    17.330009422214));
#7568 = CARTESIAN_POINT('',(295.06544631765,-98.75535627849,
    17.299148105406));
#7569 = CARTESIAN_POINT('',(296.26354982634,-87.40963941861,
    17.237457779442));
#7570 = CARTESIAN_POINT('',(296.86229150041,-81.73971663302,
    17.206628769875));
#7571 = CARTESIAN_POINT('',(297.4610331036,-76.06979382635,
    17.17579994113));
#7572 = CARTESIAN_POINT('',(298.05977463942,-70.399871,17.144971284174)
  );
#7573 = PCURVE('',#1864,#7574);
#7574 = DEFINITIONAL_REPRESENTATION('',(#7575),#7602);
#7575 = B_SPLINE_CURVE_WITH_KNOTS('',4,(#7576,#7577,#7578,#7579,#7580,
    #7581,#7582,#7583,#7584,#7585,#7586,#7587,#7588,#7589,#7590,#7591,
    #7592,#7593,#7594,#7595,#7596,#7597,#7598,#7599,#7600,#7601),
  .UNSPECIFIED.,.F.,.F.,(5,3,3,3,3,3,3,3,5),(0.,9.477218639578E-02,
    0.188912228919,0.283442711302,0.37756854976,0.472113232597,
    0.62369139536,0.811943066302,1.),.UNSPECIFIED.);
#7576 = CARTESIAN_POINT('',(1.788222318558,1.));
#7577 = CARTESIAN_POINT('',(1.795944958715,0.976578816932));
#7578 = CARTESIAN_POINT('',(1.803667511297,0.953157633766));
#7579 = CARTESIAN_POINT('',(1.811389979162,0.929736450506));
#7580 = CARTESIAN_POINT('',(1.826783241302,0.88305030641));
#7581 = CARTESIAN_POINT('',(1.834454036669,0.859785345575));
#7582 = CARTESIAN_POINT('',(1.842124753608,0.836520384655));
#7583 = CARTESIAN_POINT('',(1.857497848853,0.789893972704));
#7584 = CARTESIAN_POINT('',(1.865200226529,0.766532521671));
#7585 = CARTESIAN_POINT('',(1.872902529903,0.743171070561));
#7586 = CARTESIAN_POINT('',(1.888274022553,0.696548168414));
#7587 = CARTESIAN_POINT('',(1.895943212445,0.673286717379));
#7588 = CARTESIAN_POINT('',(1.903612333034,0.650025266272));
#7589 = CARTESIAN_POINT('',(1.918984565639,0.603398854322));
#7590 = CARTESIAN_POINT('',(1.926687677055,0.580033893478));
#7591 = CARTESIAN_POINT('',(1.934390722612,0.556668932568));
#7592 = CARTESIAN_POINT('',(1.954443460522,0.495844246194));
#7593 = CARTESIAN_POINT('',(1.966793052409,0.458384520631));
#7594 = CARTESIAN_POINT('',(1.97914248759,0.420924794917));
#7595 = CARTESIAN_POINT('',(2.006828900314,0.336942167233));
#7596 = CARTESIAN_POINT('',(2.02216579658,0.290419265186));
#7597 = CARTESIAN_POINT('',(2.037502474787,0.243896362939));
#7598 = CARTESIAN_POINT('',(2.068159552809,0.150898683747));
#7599 = CARTESIAN_POINT('',(2.083479953048,0.10442390686));
#7600 = CARTESIAN_POINT('',(2.098800158236,5.794912968793E-02));
#7601 = CARTESIAN_POINT('',(2.114120178039,1.147435247836E-02));
#7602 = ( GEOMETRIC_REPRESENTATION_CONTEXT(2) 
PARAMETRIC_REPRESENTATION_CONTEXT() REPRESENTATION_CONTEXT('2D SPACE',''
  ) );
#7603 = PCURVE('',#2099,#7604);
#7604 = DEFINITIONAL_REPRESENTATION('',(#7605),#7632);
#7605 = B_SPLINE_CURVE_WITH_KNOTS('',4,(#7606,#7607,#7608,#7609,#7610,
    #7611,#7612,#7613,#7614,#7615,#7616,#7617,#7618,#7619,#7620,#7621,
    #7622,#7623,#7624,#7625,#7626,#7627,#7628,#7629,#7630,#7631),
  .UNSPECIFIED.,.F.,.F.,(5,3,3,3,3,3,3,3,5),(0.,9.477218639578E-02,
    0.188912228919,0.283442711302,0.37756854976,0.472113232597,
    0.62369139536,0.811943066302,1.),.UNSPECIFIED.);
#7606 = CARTESIAN_POINT('',(76.193151480684,0.888372093023));
#7607 = CARTESIAN_POINT('',(76.194402199165,0.875081933329));
#7608 = CARTESIAN_POINT('',(76.195634744441,0.861791773579));
#7609 = CARTESIAN_POINT('',(76.196849710072,0.848501613776));
#7610 = CARTESIAN_POINT('',(76.199237580657,0.822009941312));
#7611 = CARTESIAN_POINT('',(76.200410712349,0.808808428652));
#7612 = CARTESIAN_POINT('',(76.201567569342,0.795606915944));
#7613 = CARTESIAN_POINT('',(76.20385444798,0.769149137999));
#7614 = CARTESIAN_POINT('',(76.204984338642,0.755892872762));
#7615 = CARTESIAN_POINT('',(76.206098811313,0.742636607481));
#7616 = CARTESIAN_POINT('',(76.208293129272,0.716180821147));
#7617 = CARTESIAN_POINT('',(76.209373102552,0.702981300094));
#7618 = CARTESIAN_POINT('',(76.210438695156,0.689781779001));
#7619 = CARTESIAN_POINT('',(76.212546632198,0.663324001057));
#7620 = CARTESIAN_POINT('',(76.213588852254,0.650065744206));
#7621 = CARTESIAN_POINT('',(76.214617406485,0.636807487318));
#7622 = CARTESIAN_POINT('',(76.217260424063,0.602293014119));
#7623 = CARTESIAN_POINT('',(76.218854040435,0.581036797753));
#7624 = CARTESIAN_POINT('',(76.220415140661,0.559780581301));
#7625 = CARTESIAN_POINT('',(76.223845322283,0.512125322802));
#7626 = CARTESIAN_POINT('',(76.225697538647,0.48572628071));
#7627 = CARTESIAN_POINT('',(76.227504508993,0.459327238505));
#7628 = CARTESIAN_POINT('',(76.231030813756,0.406556462412));
#7629 = CARTESIAN_POINT('',(76.232750240026,0.380184728526));
#7630 = CARTESIAN_POINT('',(76.234429186874,0.353812994541));
#7631 = CARTESIAN_POINT('',(76.236069676706,0.327441260465));
#7632 = ( GEOMETRIC_REPRESENTATION_CONTEXT(2) 
PARAMETRIC_REPRESENTATION_CONTEXT() REPRESENTATION_CONTEXT('2D SPACE',''
  ) );
#7633 = ORIENTED_EDGE('',*,*,#7634,.T.);
#7634 = EDGE_CURVE('',#7543,#7420,#7635,.T.);
#7635 = SURFACE_CURVE('',#7636,(#7639,#7645),.PCURVE_S1.);
#7636 = B_SPLINE_CURVE_WITH_KNOTS('',1,(#7637,#7638),.UNSPECIFIED.,.F.,
  .F.,(2,2),(0.,1.),.PIECEWISE_BEZIER_KNOTS.);
#7637 = CARTESIAN_POINT('',(298.05409861988,-70.45414358895,
    17.145129891122));
#7638 = CARTESIAN_POINT('',(297.59111485001,-70.40232258294,
    18.304317531754));
#7639 = PCURVE('',#1864,#7640);
#7640 = DEFINITIONAL_REPRESENTATION('',(#7641),#7644);
#7641 = B_SPLINE_CURVE_WITH_KNOTS('',1,(#7642,#7643),.UNSPECIFIED.,.F.,
  .F.,(2,2),(0.,1.),.PIECEWISE_BEZIER_KNOTS.);
#7642 = CARTESIAN_POINT('',(2.11412073886,1.191920974553E-02));
#7643 = CARTESIAN_POINT('',(0.863732723775,1.149444740119E-02));
#7644 = ( GEOMETRIC_REPRESENTATION_CONTEXT(2) 
PARAMETRIC_REPRESENTATION_CONTEXT() REPRESENTATION_CONTEXT('2D SPACE',''
  ) );
#7645 = PCURVE('',#793,#7646);
#7646 = DEFINITIONAL_REPRESENTATION('',(#7647),#7650);
#7647 = B_SPLINE_CURVE_WITH_KNOTS('',1,(#7648,#7649),.UNSPECIFIED.,.F.,
  .F.,(2,2),(0.,1.),.PIECEWISE_BEZIER_KNOTS.);
#7648 = CARTESIAN_POINT('',(-0.465862152219,1.960028200547));
#7649 = CARTESIAN_POINT('',(4.470894054975E-07,0.800835631306));
#7650 = ( GEOMETRIC_REPRESENTATION_CONTEXT(2) 
PARAMETRIC_REPRESENTATION_CONTEXT() REPRESENTATION_CONTEXT('2D SPACE',''
  ) );
#7651 = ORIENTED_EDGE('',*,*,#7448,.T.);
#7652 = ORIENTED_EDGE('',*,*,#1850,.F.);
#7653 = ADVANCED_FACE('',(#7654),#2099,.T.);
#7654 = FACE_BOUND('',#7655,.T.);
#7655 = EDGE_LOOP('',(#7656,#7657,#7678,#7990,#7991,#8023,#8070,#8106));
#7656 = ORIENTED_EDGE('',*,*,#1875,.F.);
#7657 = ORIENTED_EDGE('',*,*,#7658,.T.);
#7658 = EDGE_CURVE('',#1876,#7659,#7661,.T.);
#7659 = VERTEX_POINT('',#7660);
#7660 = CARTESIAN_POINT('',(300.70477940852,-209.5275946084,
    18.080660401376));
#7661 = SURFACE_CURVE('',#7662,(#7665,#7672),.PCURVE_S1.);
#7662 = B_SPLINE_CURVE_WITH_KNOTS('',1,(#7663,#7664),.UNSPECIFIED.,.F.,
  .F.,(2,2),(0.,1.),.PIECEWISE_BEZIER_KNOTS.);
#7663 = CARTESIAN_POINT('',(329.92337792839,0.,17.060324457591));
#7664 = CARTESIAN_POINT('',(299.94165311782,-215.,18.107309358666));
#7665 = PCURVE('',#2099,#7666);
#7666 = DEFINITIONAL_REPRESENTATION('',(#7667),#7671);
#7667 = LINE('',#7668,#7669);
#7668 = CARTESIAN_POINT('',(100.68715174192,0.));
#7669 = VECTOR('',#7670,1.);
#7670 = DIRECTION('',(0.,1.));
#7671 = ( GEOMETRIC_REPRESENTATION_CONTEXT(2) 
PARAMETRIC_REPRESENTATION_CONTEXT() REPRESENTATION_CONTEXT('2D SPACE',''
  ) );
#7672 = PCURVE('',#319,#7673);
#7673 = DEFINITIONAL_REPRESENTATION('',(#7674),#7677);
#7674 = B_SPLINE_CURVE_WITH_KNOTS('',1,(#7675,#7676),.UNSPECIFIED.,.F.,
  .F.,(2,2),(0.,1.),.PIECEWISE_BEZIER_KNOTS.);
#7675 = CARTESIAN_POINT('',(3.623767952377E-13,-217.0829334609));
#7676 = CARTESIAN_POINT('',(0.,0.));
#7677 = ( GEOMETRIC_REPRESENTATION_CONTEXT(2) 
PARAMETRIC_REPRESENTATION_CONTEXT() REPRESENTATION_CONTEXT('2D SPACE',''
  ) );
#7678 = ORIENTED_EDGE('',*,*,#7679,.T.);
#7679 = EDGE_CURVE('',#7659,#3795,#7680,.T.);
#7680 = SURFACE_CURVE('',#7681,(#7782,#7886),.PCURVE_S1.);
#7681 = B_SPLINE_CURVE_WITH_KNOTS('',8,(#7682,#7683,#7684,#7685,#7686,
    #7687,#7688,#7689,#7690,#7691,#7692,#7693,#7694,#7695,#7696,#7697,
    #7698,#7699,#7700,#7701,#7702,#7703,#7704,#7705,#7706,#7707,#7708,
    #7709,#7710,#7711,#7712,#7713,#7714,#7715,#7716,#7717,#7718,#7719,
    #7720,#7721,#7722,#7723,#7724,#7725,#7726,#7727,#7728,#7729,#7730,
    #7731,#7732,#7733,#7734,#7735,#7736,#7737,#7738,#7739,#7740,#7741,
    #7742,#7743,#7744,#7745,#7746,#7747,#7748,#7749,#7750,#7751,#7752,
    #7753,#7754,#7755,#7756,#7757,#7758,#7759,#7760,#7761,#7762,#7763,
    #7764,#7765,#7766,#7767,#7768,#7769,#7770,#7771,#7772,#7773,#7774,
    #7775,#7776,#7777,#7778,#7779,#7780,#7781),.UNSPECIFIED.,.F.,.F.,(9,
    7,7,7,7,7,7,7,7,7,7,7,7,7,9),(0.,3.183686327544E-02,
    5.572592199572E-02,9.556004333797E-02,0.139377554552,0.191211554712,
    0.215157869684,0.243095236965,0.34706369336,0.399199907346,
    0.451438512376,0.576425508735,0.706071802361,0.852701322353,1.),
  .UNSPECIFIED.);
#7682 = CARTESIAN_POINT('',(300.70477940852,-209.5275946084,
    18.080660401376));
#7683 = CARTESIAN_POINT('',(300.6441972986,-209.451866971,
    18.076375090647));
#7684 = CARTESIAN_POINT('',(300.58359446997,-209.3761134352,
    18.072089179682));
#7685 = CARTESIAN_POINT('',(300.52296953774,-209.3003322699,
    18.067831321524));
#7686 = CARTESIAN_POINT('',(300.46232135281,-209.2245220388,
    18.063626251759));
#7687 = CARTESIAN_POINT('',(300.40164900186,-209.1486816001,
    18.059494788514));
#7688 = CARTESIAN_POINT('',(300.34095180738,-209.072810107,
    18.055453832465));
#7689 = CARTESIAN_POINT('',(300.28022932762,-208.9969070073,
    18.051516366827));
#7690 = CARTESIAN_POINT('',(300.17389860457,-208.8639936035,
    18.044821404302));
#7691 = CARTESIAN_POINT('',(300.12830759969,-208.8070048474,
    18.042015667929));
#7692 = CARTESIAN_POINT('',(300.08270822492,-208.7500056289,
    18.039281253736));
#7693 = CARTESIAN_POINT('',(300.03710039909,-208.6929958466,
    18.036624002567));
#7694 = CARTESIAN_POINT('',(299.99148407694,-208.6359754439,
    18.034048590613));
#7695 = CARTESIAN_POINT('',(299.94585924915,-208.5789444092,
    18.03155852941));
#7696 = CARTESIAN_POINT('',(299.90022594235,-208.5219027757,
    18.029156165846));
#7697 = CARTESIAN_POINT('',(299.77847833456,-208.369718266,
    18.022985033706));
#7698 = CARTESIAN_POINT('',(299.702332024,-208.2745353778,
    18.019363705442));
#7699 = CARTESIAN_POINT('',(299.62614642073,-208.1793033737,
    18.015961243915));
#7700 = CARTESIAN_POINT('',(299.54992286695,-208.0840239315,
    18.012759055713));
#7701 = CARTESIAN_POINT('',(299.47366237876,-207.9886983212,
    18.009739314882));
#7702 = CARTESIAN_POINT('',(299.39736549193,-207.8933272127,
    18.006885509077));
#7703 = CARTESIAN_POINT('',(299.32103248837,-207.7979109582,
    18.004181624458));
#7704 = CARTESIAN_POINT('',(299.16065871256,-207.5974437385,
    17.998781150095));
#7705 = CARTESIAN_POINT('',(299.07661066971,-207.4923836849,
    17.996112451873));
#7706 = CARTESIAN_POINT('',(298.99252064077,-207.3872711487,
    17.993577589315));
#7707 = CARTESIAN_POINT('',(298.90838859439,-207.2821060908,
    17.991176544715));
#7708 = CARTESIAN_POINT('',(298.82421486462,-207.1768889285,
    17.988896211336));
#7709 = CARTESIAN_POINT('',(298.73999993471,-207.0716202661,
    17.986718759426));
#7710 = CARTESIAN_POINT('',(298.65574395284,-206.9663002888,17.984637812
    ));
#7711 = CARTESIAN_POINT('',(298.4717279728,-206.7362803138,
    17.980282180388));
#7712 = CARTESIAN_POINT('',(298.37197894124,-206.6115940243,
    17.978043202779));
#7713 = CARTESIAN_POINT('',(298.27220034546,-206.4868707796,
    17.975904296982));
#7714 = CARTESIAN_POINT('',(298.1723920571,-206.3621104191,17.9738678701
    ));
#7715 = CARTESIAN_POINT('',(298.0725551087,-206.2373142336,
    17.971876480153));
#7716 = CARTESIAN_POINT('',(297.97268878686,-206.1124813313,
    17.969962880032));
#7717 = CARTESIAN_POINT('',(297.87279360401,-205.9876123528,
    17.96809516044));
#7718 = CARTESIAN_POINT('',(297.72670653777,-205.80500352,
    17.965425377211));
#7719 = CARTESIAN_POINT('',(297.68053153472,-205.7472847662,
    17.964590525208));
#7720 = CARTESIAN_POINT('',(297.63434454144,-205.6895510246,
    17.963762990504));
#7721 = CARTESIAN_POINT('',(297.58814556387,-205.6318023026,
    17.962941697297));
#7722 = CARTESIAN_POINT('',(297.54193460391,-205.5740386027,
    17.962125966856));
#7723 = CARTESIAN_POINT('',(297.49571165938,-205.516259922,
    17.961315517525));
#7724 = CARTESIAN_POINT('',(297.44947672406,-205.4584662528,
    17.96051046472));
#7725 = CARTESIAN_POINT('',(297.3492750289,-205.3332141339,
    17.958778986512));
#7726 = CARTESIAN_POINT('',(297.29530393911,-205.2657502717,
    17.95785437527));
#7727 = CARTESIAN_POINT('',(297.24131651027,-205.1982659856,
    17.956937515877));
#7728 = CARTESIAN_POINT('',(297.18731273435,-205.1307612657,
    17.956028437033));
#7729 = CARTESIAN_POINT('',(297.13329260333,-205.0632361019,
    17.95512716746));
#7730 = CARTESIAN_POINT('',(297.07925610915,-204.9956904842,
    17.954233735908));
#7731 = CARTESIAN_POINT('',(297.02520324376,-204.9281244025,
    17.953348171147));
#7732 = CARTESIAN_POINT('',(296.76991618764,-204.6090155823,
    17.949204270475));
#7733 = CARTESIAN_POINT('',(296.56858259606,-204.3573485928,
    17.94605001456));
#7734 = CARTESIAN_POINT('',(296.36713339405,-204.1055370903,
    17.942996759761));
#7735 = CARTESIAN_POINT('',(296.16556879399,-203.8535813403,
    17.940029468591));
#7736 = CARTESIAN_POINT('',(295.96388897632,-203.6014815682,
    17.937135482822));
#7737 = CARTESIAN_POINT('',(295.76209406761,-203.3492379323,
    17.934306336483));
#7738 = CARTESIAN_POINT('',(295.56018417151,-203.0968505622,
    17.931534939606));
#7739 = CARTESIAN_POINT('',(295.25685176405,-202.7176850528,
    17.927440743069));
#7740 = CARTESIAN_POINT('',(295.15551520134,-202.5910143494,
    17.926084489584));
#7741 = CARTESIAN_POINT('',(295.05414978045,-202.4643075733,
    17.924738094364));
#7742 = CARTESIAN_POINT('',(294.95275551929,-202.3375647469,
    17.923399932813));
#7743 = CARTESIAN_POINT('',(294.85133243643,-202.2107858933,
    17.922068252181));
#7744 = CARTESIAN_POINT('',(294.74988054991,-202.0839710352,
    17.920741390133));
#7745 = CARTESIAN_POINT('',(294.64839987604,-201.9571201928,
    17.919417993318));
#7746 = CARTESIAN_POINT('',(294.44518162471,-201.7030973787,
    17.916773884699));
#7747 = CARTESIAN_POINT('',(294.34344393285,-201.5759252638,
    17.915453416411));
#7748 = CARTESIAN_POINT('',(294.24167736455,-201.4487170535,
    17.914135302892));
#7749 = CARTESIAN_POINT('',(294.13988193165,-201.3214727623,
    17.912819029465));
#7750 = CARTESIAN_POINT('',(294.0380576459,-201.1941924051,
    17.911504094958));
#7751 = CARTESIAN_POINT('',(293.93620451904,-201.0668759966,
    17.910190011701));
#7752 = CARTESIAN_POINT('',(293.83432256277,-200.9395235512,
    17.908876305529));
#7753 = CARTESIAN_POINT('',(293.48857829554,-200.5073432172,
    17.90441911954));
#7754 = CARTESIAN_POINT('',(293.24457982434,-200.2023451282,
    17.90127675532));
#7755 = CARTESIAN_POINT('',(293.00041651294,-199.8971409889,
    17.898133600531));
#7756 = CARTESIAN_POINT('',(292.75608846109,-199.5917309241,
    17.894995939814));
#7757 = CARTESIAN_POINT('',(292.51159580561,-199.2861151048,
    17.891862486498));
#7758 = CARTESIAN_POINT('',(292.26693869869,-198.9802937211,
    17.888728949456));
#7759 = CARTESIAN_POINT('',(292.02211727213,-198.6742669379,
    17.885595507872));
#7760 = CARTESIAN_POINT('',(291.52301343243,-198.0503871383,
    17.879207313394));
#7761 = CARTESIAN_POINT('',(291.26871855284,-197.7325185388,
    17.875952010381));
#7762 = CARTESIAN_POINT('',(291.01424719791,-197.4144293452,
    17.872690186636));
#7763 = CARTESIAN_POINT('',(290.75959953618,-197.096119768,
    17.869417954281));
#7764 = CARTESIAN_POINT('',(290.50477573828,-196.7775900206,
    17.866131298327));
#7765 = CARTESIAN_POINT('',(290.249775977,-196.458840319,17.862826076677
    ));
#7766 = CARTESIAN_POINT('',(289.99460042728,-196.1398708819,
    17.859498020123));
#7767 = CARTESIAN_POINT('',(289.4504479658,-195.459680305,
    17.852347913214));
#7768 = CARTESIAN_POINT('',(289.16142202954,-195.0983978847,
    17.848518675901));
#7769 = CARTESIAN_POINT('',(288.87217165647,-194.7368349184,
    17.844659827757));
#7770 = CARTESIAN_POINT('',(288.58269706589,-194.3749916801,
    17.840772888423));
#7771 = CARTESIAN_POINT('',(288.29299846825,-194.0128684331,
    17.836861102208));
#7772 = CARTESIAN_POINT('',(288.00307605605,-193.6504654178,
    17.832931010159));
#7773 = CARTESIAN_POINT('',(287.71293001473,-193.2877828662,
    17.8289905818));
#7774 = CARTESIAN_POINT('',(287.13086596361,-192.5602028023,
    17.821079220325));
#7775 = CARTESIAN_POINT('',(286.83894591233,-192.1953027382,
    17.817107751467));
#7776 = CARTESIAN_POINT('',(286.54680060152,-191.8301210997,
    17.813135372062));
#7777 = CARTESIAN_POINT('',(286.25443034127,-191.4646582744,
    17.809147879205));
#7778 = CARTESIAN_POINT('',(285.96183519653,-191.0989143434,
    17.805177530204));
#7779 = CARTESIAN_POINT('',(285.6690155735,-190.7328898146,
    17.801192573825));
#7780 = CARTESIAN_POINT('',(285.37597165733,-190.3665849194,
    17.797203238534));
#7781 = CARTESIAN_POINT('',(285.08270372175,-190.,17.793203354372));
#7782 = PCURVE('',#2099,#7783);
#7783 = DEFINITIONAL_REPRESENTATION('',(#7784),#7885);
#7784 = B_SPLINE_CURVE_WITH_KNOTS('',8,(#7785,#7786,#7787,#7788,#7789,
    #7790,#7791,#7792,#7793,#7794,#7795,#7796,#7797,#7798,#7799,#7800,
    #7801,#7802,#7803,#7804,#7805,#7806,#7807,#7808,#7809,#7810,#7811,
    #7812,#7813,#7814,#7815,#7816,#7817,#7818,#7819,#7820,#7821,#7822,
    #7823,#7824,#7825,#7826,#7827,#7828,#7829,#7830,#7831,#7832,#7833,
    #7834,#7835,#7836,#7837,#7838,#7839,#7840,#7841,#7842,#7843,#7844,
    #7845,#7846,#7847,#7848,#7849,#7850,#7851,#7852,#7853,#7854,#7855,
    #7856,#7857,#7858,#7859,#7860,#7861,#7862,#7863,#7864,#7865,#7866,
    #7867,#7868,#7869,#7870,#7871,#7872,#7873,#7874,#7875,#7876,#7877,
    #7878,#7879,#7880,#7881,#7882,#7883,#7884),.UNSPECIFIED.,.F.,.F.,(9,
    7,7,7,7,7,7,7,7,7,7,7,7,7,9),(0.,3.183686327544E-02,
    5.572592199572E-02,9.556004333797E-02,0.139377554552,0.191211554712,
    0.215157869684,0.243095236965,0.34706369336,0.399199907346,
    0.451438512376,0.576425508735,0.706071802361,0.852701322353,1.),
  .UNSPECIFIED.);
#7785 = CARTESIAN_POINT('',(100.68715174192,0.974546951667));
#7786 = CARTESIAN_POINT('',(100.58646460862,0.974194730098));
#7787 = CARTESIAN_POINT('',(100.48577747131,0.973842388071));
#7788 = CARTESIAN_POINT('',(100.38509031893,0.973489917535));
#7789 = CARTESIAN_POINT('',(100.28440314879,0.973137311808));
#7790 = CARTESIAN_POINT('',(100.18371596655,0.972784565582));
#7791 = CARTESIAN_POINT('',(100.08302878628,0.972431674916));
#7792 = CARTESIAN_POINT('',(99.982341630389,0.972078637243));
#7793 = CARTESIAN_POINT('',(99.806103114935,0.971460435365));
#7794 = CARTESIAN_POINT('',(99.730561970748,0.971195371383));
#7795 = CARTESIAN_POINT('',(99.655031122895,0.970930258739));
#7796 = CARTESIAN_POINT('',(99.57951058844,0.970665096961));
#7797 = CARTESIAN_POINT('',(99.504000375725,0.970399885786));
#7798 = CARTESIAN_POINT('',(99.428500484369,0.970134625159));
#7799 = CARTESIAN_POINT('',(99.353010905274,0.969869315236));
#7800 = CARTESIAN_POINT('',(99.151672706755,0.969161480307));
#7801 = CARTESIAN_POINT('',(99.025813662525,0.968718769199));
#7802 = CARTESIAN_POINT('',(98.899954836479,0.968275829645));
#7803 = CARTESIAN_POINT('',(98.774095956358,0.967832669449));
#7804 = CARTESIAN_POINT('',(98.64823689046,0.967389294518));
#7805 = CARTESIAN_POINT('',(98.522377864268,0.966945707966));
#7806 = CARTESIAN_POINT('',(98.396519132324,0.966501911434));
#7807 = CARTESIAN_POINT('',(98.132215246028,0.965569505761));
#7808 = CARTESIAN_POINT('',(97.993770510336,0.965080854349));
#7809 = CARTESIAN_POINT('',(97.855325563364,0.964591958832));
#7810 = CARTESIAN_POINT('',(97.716880725308,0.964102819027));
#7811 = CARTESIAN_POINT('',(97.578435978257,0.963613436877));
#7812 = CARTESIAN_POINT('',(97.439991130651,0.963123815192));
#7813 = CARTESIAN_POINT('',(97.301546245496,0.962633954832));
#7814 = CARTESIAN_POINT('',(96.999327915973,0.961564094483));
#7815 = CARTESIAN_POINT('',(96.835599341789,0.960984158253));
#7816 = CARTESIAN_POINT('',(96.671915585337,0.960404050138));
#7817 = CARTESIAN_POINT('',(96.508276891868,0.959823769392));
#7818 = CARTESIAN_POINT('',(96.34468247863,0.959243322017));
#7819 = CARTESIAN_POINT('',(96.181133114979,0.958662703867));
#7820 = CARTESIAN_POINT('',(96.01762841426,0.95808191792));
#7821 = CARTESIAN_POINT('',(95.778653104962,0.957232574512));
#7822 = CARTESIAN_POINT('',(95.70313774104,0.956964115192));
#7823 = CARTESIAN_POINT('',(95.627622377026,0.956695586161));
#7824 = CARTESIAN_POINT('',(95.552107013244,0.956426987454));
#7825 = CARTESIAN_POINT('',(95.476591649789,0.956158319082));
#7826 = CARTESIAN_POINT('',(95.401076286531,0.955889581033));
#7827 = CARTESIAN_POINT('',(95.325560923112,0.955620773269));
#7828 = CARTESIAN_POINT('',(95.161944301346,0.955038205274));
#7829 = CARTESIAN_POINT('',(95.073843043741,0.954724419868));
#7830 = CARTESIAN_POINT('',(94.985741786136,0.954410539468));
#7831 = CARTESIAN_POINT('',(94.897640528531,0.954096564027));
#7832 = CARTESIAN_POINT('',(94.809539270926,0.953782493498));
#7833 = CARTESIAN_POINT('',(94.721438013322,0.953468327834));
#7834 = CARTESIAN_POINT('',(94.633336755717,0.953154066988));
#7835 = CARTESIAN_POINT('',(94.217368105769,0.951669839918));
#7836 = CARTESIAN_POINT('',(93.889681689794,0.950499295781));
#7837 = CARTESIAN_POINT('',(93.562176364784,0.94932807949));
#7838 = CARTESIAN_POINT('',(93.234852209532,0.94815619228));
#7839 = CARTESIAN_POINT('',(92.907709321271,0.946983635201));
#7840 = CARTESIAN_POINT('',(92.580747831037,0.945810408988));
#7841 = CARTESIAN_POINT('',(92.253967880167,0.944636514243));
#7842 = CARTESIAN_POINT('',(91.763592960601,0.942872953734));
#7843 = CARTESIAN_POINT('',(91.599862039415,0.942283787672));
#7844 = CARTESIAN_POINT('',(91.436176810447,0.94169445383));
#7845 = CARTESIAN_POINT('',(91.272537289301,0.941104952311));
#7846 = CARTESIAN_POINT('',(91.10894349127,0.940515283225));
#7847 = CARTESIAN_POINT('',(90.945395431515,0.939925446675));
#7848 = CARTESIAN_POINT('',(90.781893125236,0.939335442758));
#7849 = CARTESIAN_POINT('',(90.454659035868,0.938153941296));
#7850 = CARTESIAN_POINT('',(90.290927432842,0.937562443088));
#7851 = CARTESIAN_POINT('',(90.127241794474,0.936970776993));
#7852 = CARTESIAN_POINT('',(89.963602136406,0.936378943081));
#7853 = CARTESIAN_POINT('',(89.800008474219,0.935786941419));
#7854 = CARTESIAN_POINT('',(89.63646082343,0.935194772077));
#7855 = CARTESIAN_POINT('',(89.472959199495,0.934602435122));
#7856 = CARTESIAN_POINT('',(88.918416945768,0.932592294034));
#7857 = CARTESIAN_POINT('',(88.527593847545,0.931173698271));
#7858 = CARTESIAN_POINT('',(88.137034532806,0.929754144135));
#7859 = CARTESIAN_POINT('',(87.746739207479,0.928333632205));
#7860 = CARTESIAN_POINT('',(87.356708078391,0.926912163278));
#7861 = CARTESIAN_POINT('',(86.966941351877,0.925489738238));
#7862 = CARTESIAN_POINT('',(86.577439231508,0.924066357851));
#7863 = CARTESIAN_POINT('',(85.784454520534,0.921164591341));
#7864 = CARTESIAN_POINT('',(85.380992041255,0.919686132739));
#7865 = CARTESIAN_POINT('',(84.977814709357,0.918206648117));
#7866 = CARTESIAN_POINT('',(84.574922749956,0.916726138456));
#7867 = CARTESIAN_POINT('',(84.172316386207,0.915244604747));
#7868 = CARTESIAN_POINT('',(83.769995839307,0.913762047996));
#7869 = CARTESIAN_POINT('',(83.367961328496,0.912278469218));
#7870 = CARTESIAN_POINT('',(82.511837149473,0.909114792117));
#7871 = CARTESIAN_POINT('',(82.057827390064,0.907434408766));
#7872 = CARTESIAN_POINT('',(81.60418410776,0.905752720551));
#7873 = CARTESIAN_POINT('',(81.150907611232,0.904069728745));
#7874 = CARTESIAN_POINT('',(80.697998207675,0.902385434573));
#7875 = CARTESIAN_POINT('',(80.245456204417,0.900699839153));
#7876 = CARTESIAN_POINT('',(79.793281907328,0.899012943564));
#7877 = CARTESIAN_POINT('',(78.887607464119,0.895628850243));
#7878 = CARTESIAN_POINT('',(78.4341106849,0.893931640643));
#7879 = CARTESIAN_POINT('',(77.980985583905,0.892233121394));
#7880 = CARTESIAN_POINT('',(77.528232463735,0.8905332943));
#7881 = CARTESIAN_POINT('',(77.075851624466,0.888832159737));
#7882 = CARTESIAN_POINT('',(76.623843363602,0.887129720068));
#7883 = CARTESIAN_POINT('',(76.172207975167,0.88542597637));
#7884 = CARTESIAN_POINT('',(75.720945750641,0.883720930233));
#7885 = ( GEOMETRIC_REPRESENTATION_CONTEXT(2) 
PARAMETRIC_REPRESENTATION_CONTEXT() REPRESENTATION_CONTEXT('2D SPACE',''
  ) );
#7886 = PCURVE('',#1455,#7887);
#7887 = DEFINITIONAL_REPRESENTATION('',(#7888),#7989);
#7888 = B_SPLINE_CURVE_WITH_KNOTS('',8,(#7889,#7890,#7891,#7892,#7893,
    #7894,#7895,#7896,#7897,#7898,#7899,#7900,#7901,#7902,#7903,#7904,
    #7905,#7906,#7907,#7908,#7909,#7910,#7911,#7912,#7913,#7914,#7915,
    #7916,#7917,#7918,#7919,#7920,#7921,#7922,#7923,#7924,#7925,#7926,
    #7927,#7928,#7929,#7930,#7931,#7932,#7933,#7934,#7935,#7936,#7937,
    #7938,#7939,#7940,#7941,#7942,#7943,#7944,#7945,#7946,#7947,#7948,
    #7949,#7950,#7951,#7952,#7953,#7954,#7955,#7956,#7957,#7958,#7959,
    #7960,#7961,#7962,#7963,#7964,#7965,#7966,#7967,#7968,#7969,#7970,
    #7971,#7972,#7973,#7974,#7975,#7976,#7977,#7978,#7979,#7980,#7981,
    #7982,#7983,#7984,#7985,#7986,#7987,#7988),.UNSPECIFIED.,.F.,.F.,(9,
    7,7,7,7,7,7,7,7,7,7,7,7,7,9),(0.,3.183686327544E-02,
    5.572592199572E-02,9.556004333797E-02,0.139377554552,0.191211554712,
    0.215157869684,0.243095236965,0.34706369336,0.399199907346,
    0.451438512376,0.576425508735,0.706071802361,0.852701322353,1.),
  .UNSPECIFIED.);
#7889 = CARTESIAN_POINT('',(-25.00752286724,-58.08066040137));
#7890 = CARTESIAN_POINT('',(-24.91054417314,-58.07637509064));
#7891 = CARTESIAN_POINT('',(-24.81353231293,-58.07208917968));
#7892 = CARTESIAN_POINT('',(-24.71648506969,-58.06783132152));
#7893 = CARTESIAN_POINT('',(-24.61940060397,-58.06362625175));
#7894 = CARTESIAN_POINT('',(-24.52227745375,-58.05949478851));
#7895 = CARTESIAN_POINT('',(-24.42511453446,-58.05545383246));
#7896 = CARTESIAN_POINT('',(-24.32791113899,-58.05151636682));
#7897 = CARTESIAN_POINT('',(-24.1576989315,-58.0448214043));
#7898 = CARTESIAN_POINT('',(-24.08471771442,-58.04201566792));
#7899 = CARTESIAN_POINT('',(-24.01172309897,-58.03928125373));
#7900 = CARTESIAN_POINT('',(-23.93871495521,-58.03662400256));
#7901 = CARTESIAN_POINT('',(-23.86569321071,-58.03404859061));
#7902 = CARTESIAN_POINT('',(-23.79265785056,-58.03155852941));
#7903 = CARTESIAN_POINT('',(-23.71960891736,-58.02915616584));
#7904 = CARTESIAN_POINT('',(-23.52471765279,-58.0229850337));
#7905 = CARTESIAN_POINT('',(-23.4028240811,-58.01936370544));
#7906 = CARTESIAN_POINT('',(-23.28086761039,-58.01596124391));
#7907 = CARTESIAN_POINT('',(-23.15885038923,-58.01275905571));
#7908 = CARTESIAN_POINT('',(-23.03677404416,-58.00973931488));
#7909 = CARTESIAN_POINT('',(-22.91463943283,-58.00688550907));
#7910 = CARTESIAN_POINT('',(-22.79244700653,-58.00418162445));
#7911 = CARTESIAN_POINT('',(-22.5357237038,-57.99878115009));
#7912 = CARTESIAN_POINT('',(-22.40118118872,-57.99611245187));
#7913 = CARTESIAN_POINT('',(-22.26657146311,-57.99357758931));
#7914 = CARTESIAN_POINT('',(-22.13189447679,-57.99117654471));
#7915 = CARTESIAN_POINT('',(-21.99715076447,-57.98889621133));
#7916 = CARTESIAN_POINT('',(-21.86234109975,-57.98671875942));
#7917 = CARTESIAN_POINT('',(-21.72746571984,-57.984637812));
#7918 = CARTESIAN_POINT('',(-21.43289642437,-57.98028218038));
#7919 = CARTESIAN_POINT('',(-21.27322006395,-57.97804320277));
#7920 = CARTESIAN_POINT('',(-21.11349637771,-57.97590429698));
#7921 = CARTESIAN_POINT('',(-20.95372516013,-57.9738678701));
#7922 = CARTESIAN_POINT('',(-20.79390806411,-57.97187648015));
#7923 = CARTESIAN_POINT('',(-20.63404394764,-57.96996288003));
#7924 = CARTESIAN_POINT('',(-20.47413363102,-57.96809516044));
#7925 = CARTESIAN_POINT('',(-20.24028022236,-57.96542537721));
#7926 = CARTESIAN_POINT('',(-20.16636415206,-57.9645905252));
#7927 = CARTESIAN_POINT('',(-20.09242888803,-57.9637629905));
#7928 = CARTESIAN_POINT('',(-20.01847443978,-57.96294169729));
#7929 = CARTESIAN_POINT('',(-19.94450081034,-57.96212596685));
#7930 = CARTESIAN_POINT('',(-19.87050799623,-57.96131551752));
#7931 = CARTESIAN_POINT('',(-19.79649598749,-57.96051046472));
#7932 = CARTESIAN_POINT('',(-19.63609501176,-57.95877898651));
#7933 = CARTESIAN_POINT('',(-19.54969911347,-57.95785437527));
#7934 = CARTESIAN_POINT('',(-19.46327705994,-57.95693751587));
#7935 = CARTESIAN_POINT('',(-19.37682883831,-57.95602843703));
#7936 = CARTESIAN_POINT('',(-19.29035443574,-57.95512716746));
#7937 = CARTESIAN_POINT('',(-19.20385383934,-57.9542337359));
#7938 = CARTESIAN_POINT('',(-19.11732703624,-57.95334817114));
#7939 = CARTESIAN_POINT('',(-18.70866835209,-57.94920427047));
#7940 = CARTESIAN_POINT('',(-18.38637735208,-57.94605001456));
#7941 = CARTESIAN_POINT('',(-18.06390128508,-57.94299675976));
#7942 = CARTESIAN_POINT('',(-17.74124049107,-57.94002946859));
#7943 = CARTESIAN_POINT('',(-17.41839525888,-57.93713548282));
#7944 = CARTESIAN_POINT('',(-17.09536579115,-57.93430633648));
#7945 = CARTESIAN_POINT('',(-16.77215225377,-57.9315349396));
#7946 = CARTESIAN_POINT('',(-16.28658348123,-57.92744074306));
#7947 = CARTESIAN_POINT('',(-16.12436583102,-57.92608448958));
#7948 = CARTESIAN_POINT('',(-15.96210198518,-57.92473809436));
#7949 = CARTESIAN_POINT('',(-15.79979197239,-57.92339993281));
#7950 = CARTESIAN_POINT('',(-15.63743582237,-57.92206825218));
#7951 = CARTESIAN_POINT('',(-15.47503356398,-57.92074139013));
#7952 = CARTESIAN_POINT('',(-15.31258522337,-57.91941799331));
#7953 = CARTESIAN_POINT('',(-14.98727729572,-57.91677388469));
#7954 = CARTESIAN_POINT('',(-14.82441752556,-57.91545341641));
#7955 = CARTESIAN_POINT('',(-14.66151153056,-57.91413530289));
#7956 = CARTESIAN_POINT('',(-14.49855932964,-57.91281902946));
#7957 = CARTESIAN_POINT('',(-14.33556094163,-57.91150409495));
#7958 = CARTESIAN_POINT('',(-14.17251638532,-57.9101900117));
#7959 = CARTESIAN_POINT('',(-14.00942567942,-57.90887630552));
#7960 = CARTESIAN_POINT('',(-13.45596480507,-57.90441911954));
#7961 = CARTESIAN_POINT('',(-13.06537667386,-57.90127675532));
#7962 = CARTESIAN_POINT('',(-12.67452466958,-57.89813360053));
#7963 = CARTESIAN_POINT('',(-12.28340895191,-57.89499593981));
#7964 = CARTESIAN_POINT('',(-11.89202973986,-57.89186248649));
#7965 = CARTESIAN_POINT('',(-11.50038727706,-57.88872894945));
#7966 = CARTESIAN_POINT('',(-11.1084817745,-57.88559550787));
#7967 = CARTESIAN_POINT('',(-10.30952580125,-57.87920731339));
#7968 = CARTESIAN_POINT('',(-9.902455374522,-57.87595201038));
#7969 = CARTESIAN_POINT('',(-9.495102449411,-57.87269018663));
#7970 = CARTESIAN_POINT('',(-9.087467295689,-57.86941795428));
#7971 = CARTESIAN_POINT('',(-8.679550186537,-57.86613129832));
#7972 = CARTESIAN_POINT('',(-8.27135139855,-57.86282607667));
#7973 = CARTESIAN_POINT('',(-7.862871211738,-57.85949802012));
#7974 = CARTESIAN_POINT('',(-6.991802258008,-57.85234791321));
#7975 = CARTESIAN_POINT('',(-6.529135013568,-57.8485186759));
#7976 = CARTESIAN_POINT('',(-6.066108494954,-57.84465982775));
#7977 = CARTESIAN_POINT('',(-5.602723053193,-57.84077288842));
#7978 = CARTESIAN_POINT('',(-5.13897902516,-57.8368611022));
#7979 = CARTESIAN_POINT('',(-4.674876719033,-57.83293101015));
#7980 = CARTESIAN_POINT('',(-4.21041643164,-57.8289905818));
#7981 = CARTESIAN_POINT('',(-3.278659323267,-57.82107922032));
#7982 = CARTESIAN_POINT('',(-2.811359234336,-57.81710775146));
#7983 = CARTESIAN_POINT('',(-2.343698554201,-57.81313537206));
#7984 = CARTESIAN_POINT('',(-1.875677779286,-57.8091478792));
#7985 = CARTESIAN_POINT('',(-1.407297013519,-57.8051775302));
#7986 = CARTESIAN_POINT('',(-0.938556907171,-57.80119257382));
#7987 = CARTESIAN_POINT('',(-0.469457756607,-57.79720323853));
#7988 = CARTESIAN_POINT('',(0.,-57.79320335437));
#7989 = ( GEOMETRIC_REPRESENTATION_CONTEXT(2) 
PARAMETRIC_REPRESENTATION_CONTEXT() REPRESENTATION_CONTEXT('2D SPACE',''
  ) );
#7990 = ORIENTED_EDGE('',*,*,#3794,.T.);
#7991 = ORIENTED_EDGE('',*,*,#7992,.F.);
#7992 = EDGE_CURVE('',#7993,#3797,#7995,.T.);
#7993 = VERTEX_POINT('',#7994);
#7994 = CARTESIAN_POINT('',(297.1218599421,-82.94044567985,
    17.215886494711));
#7995 = SURFACE_CURVE('',#7996,(#8003,#8013),.PCURVE_S1.);
#7996 = B_SPLINE_CURVE_WITH_KNOTS('',5,(#7997,#7998,#7999,#8000,#8001,
    #8002),.UNSPECIFIED.,.F.,.F.,(6,6),(0.,1.),
  .PIECEWISE_BEZIER_KNOTS.);
#7997 = CARTESIAN_POINT('',(298.37750770255,-83.07174221244,
    17.225578610347));
#7998 = CARTESIAN_POINT('',(298.04318551145,-83.03678389904,
    17.222993547234));
#7999 = CARTESIAN_POINT('',(297.70883729973,-83.00182285875,
    17.220410350563));
#8000 = CARTESIAN_POINT('',(297.3744630094,-82.96685907242,
    17.217833476562));
#8001 = CARTESIAN_POINT('',(297.04006272047,-82.93189256754,
    17.215256406401));
#8002 = CARTESIAN_POINT('',(296.70563642743,-82.89692334833,
    17.212677504002));
#8003 = PCURVE('',#2099,#8004);
#8004 = DEFINITIONAL_REPRESENTATION('',(#8005),#8012);
#8005 = B_SPLINE_CURVE_WITH_KNOTS('',5,(#8006,#8007,#8008,#8009,#8010,
    #8011),.UNSPECIFIED.,.F.,.F.,(6,6),(0.,1.),
  .PIECEWISE_BEZIER_KNOTS.);
#8006 = CARTESIAN_POINT('',(78.105358169985,0.386380196337));
#8007 = CARTESIAN_POINT('',(77.722924626705,0.38621759953));
#8008 = CARTESIAN_POINT('',(77.340514067183,0.386054990041));
#8009 = CARTESIAN_POINT('',(76.958126518091,0.385892367779));
#8010 = CARTESIAN_POINT('',(76.575761955215,0.385729732872));
#8011 = CARTESIAN_POINT('',(76.193420398223,0.385567085341));
#8012 = ( GEOMETRIC_REPRESENTATION_CONTEXT(2) 
PARAMETRIC_REPRESENTATION_CONTEXT() REPRESENTATION_CONTEXT('2D SPACE',''
  ) );
#8013 = PCURVE('',#879,#8014);
#8014 = DEFINITIONAL_REPRESENTATION('',(#8015),#8022);
#8015 = B_SPLINE_CURVE_WITH_KNOTS('',5,(#8016,#8017,#8018,#8019,#8020,
    #8021),.UNSPECIFIED.,.F.,.F.,(6,6),(0.,1.),
  .PIECEWISE_BEZIER_KNOTS.);
#8016 = CARTESIAN_POINT('',(-2.1,1.916076007111));
#8017 = CARTESIAN_POINT('',(-1.763855074287,1.918661081215));
#8018 = CARTESIAN_POINT('',(-1.427683985459,1.92124428887));
#8019 = CARTESIAN_POINT('',(-1.091486673852,1.923821173827));
#8020 = CARTESIAN_POINT('',(-0.755263221903,1.926398254945));
#8021 = CARTESIAN_POINT('',(-0.419013624565,1.928977168308));
#8022 = ( GEOMETRIC_REPRESENTATION_CONTEXT(2) 
PARAMETRIC_REPRESENTATION_CONTEXT() REPRESENTATION_CONTEXT('2D SPACE',''
  ) );
#8023 = ORIENTED_EDGE('',*,*,#8024,.F.);
#8024 = EDGE_CURVE('',#8025,#7993,#8027,.T.);
#8025 = VERTEX_POINT('',#8026);
#8026 = CARTESIAN_POINT('',(298.34675848724,-70.48474502529,
    17.147552070732));
#8027 = SURFACE_CURVE('',#8028,(#8040,#8055),.PCURVE_S1.);
#8028 = B_SPLINE_CURVE_WITH_KNOTS('',4,(#8029,#8030,#8031,#8032,#8033,
    #8034,#8035,#8036,#8037,#8038,#8039),.UNSPECIFIED.,.F.,.F.,(5,3,3,5)
  ,(0.,7.139542359856E-02,0.674715800494,1.),.UNSPECIFIED.);
#8029 = CARTESIAN_POINT('',(298.34675854574,-70.48474442815,
    17.147552067454));
#8030 = CARTESIAN_POINT('',(298.32497942651,-70.70707265349,
    17.148772572755));
#8031 = CARTESIAN_POINT('',(298.30319588271,-70.92940044701,
    17.149993035736));
#8032 = CARTESIAN_POINT('',(298.28140796711,-71.15172781648,
    17.151213456853));
#8033 = CARTESIAN_POINT('',(298.07546246031,-73.25280792791,
    17.162746541125));
#8034 = CARTESIAN_POINT('',(297.89100066097,-75.13153103169,
    17.173056285901));
#8035 = CARTESIAN_POINT('',(297.70626037558,-77.01022690204,
    17.183363320598));
#8036 = CARTESIAN_POINT('',(297.42152108906,-79.90179542853,
    17.19922356902));
#8037 = CARTESIAN_POINT('',(297.32170416112,-80.91468593699,
    17.204778576816));
#8038 = CARTESIAN_POINT('',(297.22181610463,-81.92756945957,
    17.210332878298));
#8039 = CARTESIAN_POINT('',(297.12185988318,-82.94044627696,
    17.215886497985));
#8040 = PCURVE('',#2099,#8041);
#8041 = DEFINITIONAL_REPRESENTATION('',(#8042),#8054);
#8042 = B_SPLINE_CURVE_WITH_KNOTS('',4,(#8043,#8044,#8045,#8046,#8047,
    #8048,#8049,#8050,#8051,#8052,#8053),.UNSPECIFIED.,.F.,.F.,(5,3,3,5)
  ,(0.,7.139542359856E-02,0.674715800494,1.),.UNSPECIFIED.);
#8043 = CARTESIAN_POINT('',(76.564281260496,0.327836020546));
#8044 = CARTESIAN_POINT('',(76.566213831393,0.328870105315));
#8045 = CARTESIAN_POINT('',(76.568143467647,0.329904188188));
#8046 = CARTESIAN_POINT('',(76.570069582725,0.330938268914));
#8047 = CARTESIAN_POINT('',(76.588244337369,0.340710734548));
#8048 = CARTESIAN_POINT('',(76.604275887184,0.349448981543));
#8049 = CARTESIAN_POINT('',(76.620117302244,0.35818710187));
#8050 = CARTESIAN_POINT('',(76.644240686122,0.371636257807));
#8051 = CARTESIAN_POINT('',(76.652642086793,0.376347376481));
#8052 = CARTESIAN_POINT('',(76.660997941878,0.381058462579));
#8053 = CARTESIAN_POINT('',(76.669311405597,0.385769517543));
#8054 = ( GEOMETRIC_REPRESENTATION_CONTEXT(2) 
PARAMETRIC_REPRESENTATION_CONTEXT() REPRESENTATION_CONTEXT('2D SPACE',''
  ) );
#8055 = PCURVE('',#836,#8056);
#8056 = DEFINITIONAL_REPRESENTATION('',(#8057),#8069);
#8057 = B_SPLINE_CURVE_WITH_KNOTS('',4,(#8058,#8059,#8060,#8061,#8062,
    #8063,#8064,#8065,#8066,#8067,#8068),.UNSPECIFIED.,.F.,.F.,(5,3,3,5)
  ,(0.,7.139542359856E-02,0.674715800494,1.),.UNSPECIFIED.);
#8058 = CARTESIAN_POINT('',(-1.200425926325,-6.E-07));
#8059 = CARTESIAN_POINT('',(-1.199677246343,0.223389613642));
#8060 = CARTESIAN_POINT('',(-1.198930547032,0.446779857929));
#8061 = CARTESIAN_POINT('',(-1.198185803538,0.670170135094));
#8062 = CARTESIAN_POINT('',(-1.191165936065,2.781299425329));
#8063 = CARTESIAN_POINT('',(-1.185026835062,4.669040596224));
#8064 = CARTESIAN_POINT('',(-1.179011617885,6.556783641645));
#8065 = CARTESIAN_POINT('',(-1.169928242781,9.462318479368));
#8066 = CARTESIAN_POINT('',(-1.166779434542,10.480109093101));
#8067 = CARTESIAN_POINT('',(-1.16366204827,11.497900155593));
#8068 = CARTESIAN_POINT('',(-1.160574701291,12.515691637802));
#8069 = ( GEOMETRIC_REPRESENTATION_CONTEXT(2) 
PARAMETRIC_REPRESENTATION_CONTEXT() REPRESENTATION_CONTEXT('2D SPACE',''
  ) );
#8070 = ORIENTED_EDGE('',*,*,#8071,.T.);
#8071 = EDGE_CURVE('',#8025,#7543,#8072,.T.);
#8072 = SURFACE_CURVE('',#8073,(#8082,#8094),.PCURVE_S1.);
#8073 = B_SPLINE_CURVE_WITH_KNOTS('',7,(#8074,#8075,#8076,#8077,#8078,
    #8079,#8080,#8081),.UNSPECIFIED.,.F.,.F.,(8,8),(0.,1.),
  .PIECEWISE_BEZIER_KNOTS.);
#8074 = CARTESIAN_POINT('',(299.67937549231,-70.62408944766,
    17.157968720744));
#8075 = CARTESIAN_POINT('',(299.64406873232,-70.6203976156,
    17.157692251834));
#8076 = CARTESIAN_POINT('',(299.47178357199,-70.60238270971,
    17.156343962589));
#8077 = CARTESIAN_POINT('',(299.18162150837,-70.57204208071,
    17.154068946433));
#8078 = CARTESIAN_POINT('',(298.80556307621,-70.53271971161,
    17.151132677582));
#8079 = CARTESIAN_POINT('',(298.40441762588,-70.4907741219,
    17.148003466217));
#8080 = CARTESIAN_POINT('',(298.08472204628,-70.45734531124,
    17.145505957343));
#8081 = CARTESIAN_POINT('',(298.0160213108,-70.45016165235,
    17.144969380995));
#8082 = PCURVE('',#2099,#8083);
#8083 = DEFINITIONAL_REPRESENTATION('',(#8084),#8093);
#8084 = B_SPLINE_CURVE_WITH_KNOTS('',7,(#8085,#8086,#8087,#8088,#8089,
    #8090,#8091,#8092),.UNSPECIFIED.,.F.,.F.,(8,8),(0.,1.),
  .PIECEWISE_BEZIER_KNOTS.);
#8085 = CARTESIAN_POINT('',(78.058968894414,0.328484136966));
#8086 = CARTESIAN_POINT('',(78.019359644225,0.328466965654));
#8087 = CARTESIAN_POINT('',(77.826079246628,0.328383175394));
#8088 = CARTESIAN_POINT('',(77.500571767544,0.328242056189));
#8089 = CARTESIAN_POINT('',(77.078737511484,0.328059161449));
#8090 = CARTESIAN_POINT('',(76.628912797713,0.327864065683));
#8091 = CARTESIAN_POINT('',(76.270451529158,0.327708582843));
#8092 = CARTESIAN_POINT('',(76.193420398223,0.327675170476));
#8093 = ( GEOMETRIC_REPRESENTATION_CONTEXT(2) 
PARAMETRIC_REPRESENTATION_CONTEXT() REPRESENTATION_CONTEXT('2D SPACE',''
  ) );
#8094 = PCURVE('',#793,#8095);
#8095 = DEFINITIONAL_REPRESENTATION('',(#8096),#8105);
#8096 = B_SPLINE_CURVE_WITH_KNOTS('',7,(#8097,#8098,#8099,#8100,#8101,
    #8102,#8103,#8104),.UNSPECIFIED.,.F.,.F.,(8,8),(0.,1.),
  .PIECEWISE_BEZIER_KNOTS.);
#8097 = CARTESIAN_POINT('',(-2.1,1.947189316337));
#8098 = CARTESIAN_POINT('',(-2.064500747552,1.947465786422));
#8099 = CARTESIAN_POINT('',(-1.891276288287,1.9488140814));
#8100 = CARTESIAN_POINT('',(-1.599532261976,1.951089107228));
#8101 = CARTESIAN_POINT('',(-1.221423556657,1.954025388564));
#8102 = CARTESIAN_POINT('',(-0.818091057678,1.957154613234));
#8103 = CARTESIAN_POINT('',(-0.496652495982,1.959652132727));
#8104 = CARTESIAN_POINT('',(-0.427577203663,1.960188711356));
#8105 = ( GEOMETRIC_REPRESENTATION_CONTEXT(2) 
PARAMETRIC_REPRESENTATION_CONTEXT() REPRESENTATION_CONTEXT('2D SPACE',''
  ) );
#8106 = ORIENTED_EDGE('',*,*,#7542,.T.);
#8107 = ADVANCED_FACE('',(#8108),#732,.T.);
#8108 = FACE_BOUND('',#8109,.T.);
#8109 = EDGE_LOOP('',(#8110,#8111,#8112,#8113));
#8110 = ORIENTED_EDGE('',*,*,#670,.F.);
#8111 = ORIENTED_EDGE('',*,*,#1574,.F.);
#8112 = ORIENTED_EDGE('',*,*,#2546,.T.);
#8113 = ORIENTED_EDGE('',*,*,#8114,.T.);
#8114 = EDGE_CURVE('',#2517,#671,#8115,.T.);
#8115 = SURFACE_CURVE('',#8116,(#8119,#8125),.PCURVE_S1.);
#8116 = B_SPLINE_CURVE_WITH_KNOTS('',1,(#8117,#8118),.UNSPECIFIED.,.F.,
  .F.,(2,2),(0.,1.),.PIECEWISE_BEZIER_KNOTS.);
#8117 = CARTESIAN_POINT('',(297.61473015967,-70.39992679999,
    19.96381834271));
#8118 = CARTESIAN_POINT('',(298.0318933315,-70.44049834618,
    21.006954849842));
#8119 = PCURVE('',#732,#8120);
#8120 = DEFINITIONAL_REPRESENTATION('',(#8121),#8124);
#8121 = B_SPLINE_CURVE_WITH_KNOTS('',1,(#8122,#8123),.UNSPECIFIED.,.F.,
  .F.,(2,2),(0.,1.),.PIECEWISE_BEZIER_KNOTS.);
#8122 = CARTESIAN_POINT('',(5.545104323639,1.147480983606E-02));
#8123 = CARTESIAN_POINT('',(4.420173657031,1.180736349335E-02));
#8124 = ( GEOMETRIC_REPRESENTATION_CONTEXT(2) 
PARAMETRIC_REPRESENTATION_CONTEXT() REPRESENTATION_CONTEXT('2D SPACE',''
  ) );
#8125 = PCURVE('',#793,#8126);
#8126 = DEFINITIONAL_REPRESENTATION('',(#8127),#8130);
#8127 = B_SPLINE_CURVE_WITH_KNOTS('',1,(#8128,#8129),.UNSPECIFIED.,.F.,
  .F.,(2,2),(0.,1.),.PIECEWISE_BEZIER_KNOTS.);
#8128 = CARTESIAN_POINT('',(-2.323754480284E-02,-0.85867223548));
#8129 = CARTESIAN_POINT('',(-0.442357944283,-1.901813177797));
#8130 = ( GEOMETRIC_REPRESENTATION_CONTEXT(2) 
PARAMETRIC_REPRESENTATION_CONTEXT() REPRESENTATION_CONTEXT('2D SPACE',''
  ) );
#8131 = ADVANCED_FACE('',(#8132),#793,.F.);
#8132 = FACE_BOUND('',#8133,.T.);
#8133 = EDGE_LOOP('',(#8134,#8135,#8161,#8162,#8163,#8164,#8165,#8166,
    #8167,#8168,#8169));
#8134 = ORIENTED_EDGE('',*,*,#8071,.F.);
#8135 = ORIENTED_EDGE('',*,*,#8136,.T.);
#8136 = EDGE_CURVE('',#8025,#768,#8137,.T.);
#8137 = SURFACE_CURVE('',#8138,(#8143,#8154),.PCURVE_S1.);
#8138 = CIRCLE('',#8139,2.1);
#8139 = AXIS2_PLACEMENT_3D('',#8140,#8141,#8142);
#8140 = CARTESIAN_POINT('',(297.59135821248,-70.4,19.105149758099));
#8141 = DIRECTION('',(0.104019604147,0.994570972053,-2.916076511734E-03)
  );
#8142 = DIRECTION('',(0.994575200748,-0.104020046415,-0.));
#8143 = PCURVE('',#793,#8144);
#8144 = DEFINITIONAL_REPRESENTATION('',(#8145),#8153);
#8145 = ( BOUNDED_CURVE() B_SPLINE_CURVE(2,(#8146,#8147,#8148,#8149,
#8150,#8151,#8152),.UNSPECIFIED.,.T.,.F.) B_SPLINE_CURVE_WITH_KNOTS((1,2
    ,2,2,2,1),(-2.094395102393,0.,2.094395102393,4.188790204786,
6.28318530718,8.377580409573),.UNSPECIFIED.) CURVE() 
GEOMETRIC_REPRESENTATION_ITEM() RATIONAL_B_SPLINE_CURVE((1.,0.5,1.,0.5,
1.,0.5,1.)) REPRESENTATION_ITEM('') );
#8146 = CARTESIAN_POINT('',(-2.1,-1.13841228111E-19));
#8147 = CARTESIAN_POINT('',(-2.1,3.637306695895));
#8148 = CARTESIAN_POINT('',(1.05,1.818653347947));
#8149 = CARTESIAN_POINT('',(4.2,5.145793380981E-16));
#8150 = CARTESIAN_POINT('',(1.05,-1.818653347947));
#8151 = CARTESIAN_POINT('',(-2.1,-3.637306695895));
#8152 = CARTESIAN_POINT('',(-2.1,-1.13841228111E-19));
#8153 = ( GEOMETRIC_REPRESENTATION_CONTEXT(2) 
PARAMETRIC_REPRESENTATION_CONTEXT() REPRESENTATION_CONTEXT('2D SPACE',''
  ) );
#8154 = PCURVE('',#836,#8155);
#8155 = DEFINITIONAL_REPRESENTATION('',(#8156),#8160);
#8156 = LINE('',#8157,#8158);
#8157 = CARTESIAN_POINT('',(-0.,0.));
#8158 = VECTOR('',#8159,1.);
#8159 = DIRECTION('',(-1.,0.));
#8160 = ( GEOMETRIC_REPRESENTATION_CONTEXT(2) 
PARAMETRIC_REPRESENTATION_CONTEXT() REPRESENTATION_CONTEXT('2D SPACE',''
  ) );
#8161 = ORIENTED_EDGE('',*,*,#767,.F.);
#8162 = ORIENTED_EDGE('',*,*,#8114,.F.);
#8163 = ORIENTED_EDGE('',*,*,#2516,.F.);
#8164 = ORIENTED_EDGE('',*,*,#1647,.T.);
#8165 = ORIENTED_EDGE('',*,*,#2700,.F.);
#8166 = ORIENTED_EDGE('',*,*,#7389,.F.);
#8167 = ORIENTED_EDGE('',*,*,#1774,.T.);
#8168 = ORIENTED_EDGE('',*,*,#7419,.T.);
#8169 = ORIENTED_EDGE('',*,*,#7634,.F.);
#8170 = ADVANCED_FACE('',(#8171),#836,.T.);
#8171 = FACE_BOUND('',#8172,.F.);
#8172 = EDGE_LOOP('',(#8173,#8199,#8200,#8201));
#8173 = ORIENTED_EDGE('',*,*,#8174,.F.);
#8174 = EDGE_CURVE('',#7993,#811,#8175,.T.);
#8175 = SURFACE_CURVE('',#8176,(#8181,#8188),.PCURVE_S1.);
#8176 = CIRCLE('',#8177,2.1);
#8177 = AXIS2_PLACEMENT_3D('',#8178,#8179,#8180);
#8178 = CARTESIAN_POINT('',(296.28948098511,-82.84774300138,
    19.141646470762));
#8179 = DIRECTION('',(0.104019604147,0.994570972053,-2.916076511734E-03)
  );
#8180 = DIRECTION('',(0.994575200748,-0.104020046415,-0.));
#8181 = PCURVE('',#836,#8182);
#8182 = DEFINITIONAL_REPRESENTATION('',(#8183),#8187);
#8183 = LINE('',#8184,#8185);
#8184 = CARTESIAN_POINT('',(-0.,12.515691037802));
#8185 = VECTOR('',#8186,1.);
#8186 = DIRECTION('',(-1.,0.));
#8187 = ( GEOMETRIC_REPRESENTATION_CONTEXT(2) 
PARAMETRIC_REPRESENTATION_CONTEXT() REPRESENTATION_CONTEXT('2D SPACE',''
  ) );
#8188 = PCURVE('',#879,#8189);
#8189 = DEFINITIONAL_REPRESENTATION('',(#8190),#8198);
#8190 = ( BOUNDED_CURVE() B_SPLINE_CURVE(2,(#8191,#8192,#8193,#8194,
#8195,#8196,#8197),.UNSPECIFIED.,.T.,.F.) B_SPLINE_CURVE_WITH_KNOTS((1,2
    ,2,2,2,1),(-2.094395102393,0.,2.094395102393,4.188790204786,
6.28318530718,8.377580409573),.UNSPECIFIED.) CURVE() 
GEOMETRIC_REPRESENTATION_ITEM() RATIONAL_B_SPLINE_CURVE((1.,0.5,1.,0.5,
1.,0.5,1.)) REPRESENTATION_ITEM('') );
#8191 = CARTESIAN_POINT('',(-2.1,-1.13841228111E-19));
#8192 = CARTESIAN_POINT('',(-2.1,3.637306695895));
#8193 = CARTESIAN_POINT('',(1.05,1.818653347947));
#8194 = CARTESIAN_POINT('',(4.2,5.145793380981E-16));
#8195 = CARTESIAN_POINT('',(1.05,-1.818653347947));
#8196 = CARTESIAN_POINT('',(-2.1,-3.637306695895));
#8197 = CARTESIAN_POINT('',(-2.1,-1.13841228111E-19));
#8198 = ( GEOMETRIC_REPRESENTATION_CONTEXT(2) 
PARAMETRIC_REPRESENTATION_CONTEXT() REPRESENTATION_CONTEXT('2D SPACE',''
  ) );
#8199 = ORIENTED_EDGE('',*,*,#8024,.F.);
#8200 = ORIENTED_EDGE('',*,*,#8136,.T.);
#8201 = ORIENTED_EDGE('',*,*,#810,.T.);
#8202 = ADVANCED_FACE('',(#8203),#879,.T.);
#8203 = FACE_BOUND('',#8204,.F.);
#8204 = EDGE_LOOP('',(#8205,#8206,#8207,#8208,#8226,#8227,#8228));
#8205 = ORIENTED_EDGE('',*,*,#7992,.F.);
#8206 = ORIENTED_EDGE('',*,*,#8174,.T.);
#8207 = ORIENTED_EDGE('',*,*,#853,.F.);
#8208 = ORIENTED_EDGE('',*,*,#8209,.F.);
#8209 = EDGE_CURVE('',#3378,#854,#8210,.T.);
#8210 = SURFACE_CURVE('',#8211,(#8214,#8220),.PCURVE_S1.);
#8211 = B_SPLINE_CURVE_WITH_KNOTS('',1,(#8212,#8213),.UNSPECIFIED.,.F.,
  .F.,(2,2),(0.,1.),.PIECEWISE_BEZIER_KNOTS.);
#8212 = CARTESIAN_POINT('',(296.28972345825,-82.84542032542,
    19.942478696835));
#8213 = CARTESIAN_POINT('',(296.73001610413,-82.88824134757,
    21.043451562506));
#8214 = PCURVE('',#879,#8215);
#8215 = DEFINITIONAL_REPRESENTATION('',(#8216),#8219);
#8216 = B_SPLINE_CURVE_WITH_KNOTS('',1,(#8217,#8218),.UNSPECIFIED.,.F.,
  .F.,(2,2),(0.,1.),.PIECEWISE_BEZIER_KNOTS.);
#8217 = CARTESIAN_POINT('',(4.470892918107E-07,-0.800835631033));
#8218 = CARTESIAN_POINT('',(-0.442357944284,-1.901813177797));
#8219 = ( GEOMETRIC_REPRESENTATION_CONTEXT(2) 
PARAMETRIC_REPRESENTATION_CONTEXT() REPRESENTATION_CONTEXT('2D SPACE',''
  ) );
#8220 = PCURVE('',#958,#8221);
#8221 = DEFINITIONAL_REPRESENTATION('',(#8222),#8225);
#8222 = B_SPLINE_CURVE_WITH_KNOTS('',1,(#8223,#8224),.UNSPECIFIED.,.F.,
  .F.,(2,2),(0.,1.),.PIECEWISE_BEZIER_KNOTS.);
#8223 = CARTESIAN_POINT('',(5.60747573229,0.113487051848));
#8224 = CARTESIAN_POINT('',(4.420173657031,0.113838043833));
#8225 = ( GEOMETRIC_REPRESENTATION_CONTEXT(2) 
PARAMETRIC_REPRESENTATION_CONTEXT() REPRESENTATION_CONTEXT('2D SPACE',''
  ) );
#8226 = ORIENTED_EDGE('',*,*,#3377,.T.);
#8227 = ORIENTED_EDGE('',*,*,#3499,.T.);
#8228 = ORIENTED_EDGE('',*,*,#4603,.F.);
#8229 = ADVANCED_FACE('',(#8230),#958,.T.);
#8230 = FACE_BOUND('',#8231,.T.);
#8231 = EDGE_LOOP('',(#8232,#8233,#8234,#8235,#8236));
#8232 = ORIENTED_EDGE('',*,*,#896,.F.);
#8233 = ORIENTED_EDGE('',*,*,#8209,.F.);
#8234 = ORIENTED_EDGE('',*,*,#3406,.T.);
#8235 = ORIENTED_EDGE('',*,*,#2992,.T.);
#8236 = ORIENTED_EDGE('',*,*,#8237,.T.);
#8237 = EDGE_CURVE('',#2995,#897,#8238,.T.);
#8238 = SURFACE_CURVE('',#8239,(#8252,#8281),.PCURVE_S1.);
#8239 = B_SPLINE_CURVE_WITH_KNOTS('',6,(#8240,#8241,#8242,#8243,#8244,
    #8245,#8246,#8247,#8248,#8249,#8250,#8251),.UNSPECIFIED.,.F.,.F.,(7,
    5,7),(8.979029178684E-08,0.999999941644,1.169945087145),
  .UNSPECIFIED.);
#8240 = CARTESIAN_POINT('',(295.86980850179,-90.78612010817,
    20.981987598217));
#8241 = CARTESIAN_POINT('',(295.75396120604,-91.89378013521,
    20.985235251204));
#8242 = CARTESIAN_POINT('',(295.47002447773,-94.60860711608,
    20.993195108685));
#8243 = CARTESIAN_POINT('',(295.15246161399,-97.64494635907,
    21.00209763831));
#8244 = CARTESIAN_POINT('',(294.86391260533,-100.403873105,
    21.01018679606));
#8245 = CARTESIAN_POINT('',(294.6255574249,-102.6828775816,
    21.016868824403));
#8246 = CARTESIAN_POINT('',(294.41701308611,-104.6768492704,
    21.022715138211));
#8247 = CARTESIAN_POINT('',(294.38672012526,-104.9664917831,
    21.023564368433));
#8248 = CARTESIAN_POINT('',(294.35642716441,-105.2561342958,
    21.024413598656));
#8249 = CARTESIAN_POINT('',(294.32613420356,-105.5457768086,
    21.025262828879));
#8250 = CARTESIAN_POINT('',(294.29584124272,-105.8354193213,
    21.026112059102));
#8251 = CARTESIAN_POINT('',(294.26554828187,-106.125061834,
    21.026961289324));
#8252 = PCURVE('',#958,#8253);
#8253 = DEFINITIONAL_REPRESENTATION('',(#8254),#8280);
#8254 = B_SPLINE_CURVE_WITH_KNOTS('',3,(#8255,#8256,#8257,#8258,#8259,
    #8260,#8261,#8262,#8263,#8264,#8265,#8266,#8267,#8268,#8269,#8270,
    #8271,#8272,#8273,#8274,#8275,#8276,#8277,#8278,#8279),
  .UNSPECIFIED.,.F.,.F.,(4,1,1,1,1,1,1,1,1,1,1,1,1,1,1,1,1,1,1,1,1,1,4),
  (8.979029178684E-08,5.317940785189E-02,0.106358725913,0.159538043975,
    0.212717362037,0.265896680098,0.31907599816,0.372255316221,
    0.425434634283,0.478613952345,0.531793270406,0.584972588468,
    0.638151906529,0.691331224591,0.744510542653,0.797689860714,
    0.850869178776,0.904048496837,0.957227814899,1.010407132961,
    1.063586451022,1.116765769084,1.169945087145),
  .QUASI_UNIFORM_KNOTS.);
#8255 = CARTESIAN_POINT('',(4.511439806782,0.178574754985));
#8256 = CARTESIAN_POINT('',(4.511439806782,0.179541682108));
#8257 = CARTESIAN_POINT('',(4.511439806782,0.181843216619));
#8258 = CARTESIAN_POINT('',(4.511439806782,0.186233236408));
#8259 = CARTESIAN_POINT('',(4.511439806781,0.191389804593));
#8260 = CARTESIAN_POINT('',(4.511439806781,0.197162215521));
#8261 = CARTESIAN_POINT('',(4.511439806781,0.203412254222));
#8262 = CARTESIAN_POINT('',(4.51143980678,0.210015409797));
#8263 = CARTESIAN_POINT('',(4.51143980678,0.216859627509));
#8264 = CARTESIAN_POINT('',(4.511439806779,0.223844720742));
#8265 = CARTESIAN_POINT('',(4.511439806779,0.230881606092));
#8266 = CARTESIAN_POINT('',(4.511439806779,0.237891587389));
#8267 = CARTESIAN_POINT('',(4.51143980678,0.244805622202));
#8268 = CARTESIAN_POINT('',(4.51143980678,0.2515636108));
#8269 = CARTESIAN_POINT('',(4.511439806781,0.258113614125));
#8270 = CARTESIAN_POINT('',(4.511439806781,0.264411334605));
#8271 = CARTESIAN_POINT('',(4.511439806782,0.270418617912));
#8272 = CARTESIAN_POINT('',(4.511439806782,0.276105609421));
#8273 = CARTESIAN_POINT('',(4.511439806782,0.281439272261));
#8274 = CARTESIAN_POINT('',(4.511439806782,0.286422805615));
#8275 = CARTESIAN_POINT('',(4.511439806782,0.290945101761));
#8276 = CARTESIAN_POINT('',(4.511439806782,0.295385170239));
#8277 = CARTESIAN_POINT('',(4.511439806782,0.299847376934));
#8278 = CARTESIAN_POINT('',(4.511439806782,0.302817964594));
#8279 = CARTESIAN_POINT('',(4.511439806782,0.304303785525));
#8280 = ( GEOMETRIC_REPRESENTATION_CONTEXT(2) 
PARAMETRIC_REPRESENTATION_CONTEXT() REPRESENTATION_CONTEXT('2D SPACE',''
  ) );
#8281 = PCURVE('',#1037,#8282);
#8282 = DEFINITIONAL_REPRESENTATION('',(#8283),#8309);
#8283 = B_SPLINE_CURVE_WITH_KNOTS('',3,(#8284,#8285,#8286,#8287,#8288,
    #8289,#8290,#8291,#8292,#8293,#8294,#8295,#8296,#8297,#8298,#8299,
    #8300,#8301,#8302,#8303,#8304,#8305,#8306,#8307,#8308),
  .UNSPECIFIED.,.F.,.F.,(4,1,1,1,1,1,1,1,1,1,1,1,1,1,1,1,1,1,1,1,1,1,4),
  (8.979029178684E-08,5.317940785189E-02,0.106358725913,0.159538043975,
    0.212717362037,0.265896680098,0.31907599816,0.372255316221,
    0.425434634283,0.478613952345,0.531793270406,0.584972588468,
    0.638151906529,0.691331224591,0.744510542653,0.797689860714,
    0.850869178776,0.904048496837,0.957227814899,1.010407132961,
    1.063586451022,1.116765769084,1.169945087145),
  .QUASI_UNIFORM_KNOTS.);
#8284 = CARTESIAN_POINT('',(-4.93343544344,-12.66987173728));
#8285 = CARTESIAN_POINT('',(-4.93343544344,-12.55126269653));
#8286 = CARTESIAN_POINT('',(-4.93343544344,-12.26894276335));
#8287 = CARTESIAN_POINT('',(-4.93343544344,-11.73043678508));
#8288 = CARTESIAN_POINT('',(-4.933435443441,-11.09790141432));
#8289 = CARTESIAN_POINT('',(-4.933435443442,-10.38982310409));
#8290 = CARTESIAN_POINT('',(-4.933435443443,-9.623156126183));
#8291 = CARTESIAN_POINT('',(-4.933435443444,-8.813173728953));
#8292 = CARTESIAN_POINT('',(-4.933435443445,-7.973621214013));
#8293 = CARTESIAN_POINT('',(-4.933435443446,-7.116788068538));
#8294 = CARTESIAN_POINT('',(-4.933435443446,-6.253601793422));
#8295 = CARTESIAN_POINT('',(-4.933435443446,-5.39371572967));
#8296 = CARTESIAN_POINT('',(-4.933435443445,-4.545599033266));
#8297 = CARTESIAN_POINT('',(-4.933435443444,-3.716623895106));
#8298 = CARTESIAN_POINT('',(-4.933435443443,-2.913161469457));
#8299 = CARTESIAN_POINT('',(-4.933435443442,-2.140645560472));
#8300 = CARTESIAN_POINT('',(-4.933435443441,-1.4037564052));
#8301 = CARTESIAN_POINT('',(-4.933435443441,-0.706156149808));
#8302 = CARTESIAN_POINT('',(-4.93343544344,-5.189729367835E-02));
#8303 = CARTESIAN_POINT('',(-4.93343544344,0.559412593944));
#8304 = CARTESIAN_POINT('',(-4.93343544344,1.114144378149));
#8305 = CARTESIAN_POINT('',(-4.93343544344,1.65878962662));
#8306 = CARTESIAN_POINT('',(-4.93343544344,2.206150480865));
#8307 = CARTESIAN_POINT('',(-4.93343544344,2.570540458786));
#8308 = CARTESIAN_POINT('',(-4.93343544344,2.752800105027));
#8309 = ( GEOMETRIC_REPRESENTATION_CONTEXT(2) 
PARAMETRIC_REPRESENTATION_CONTEXT() REPRESENTATION_CONTEXT('2D SPACE',''
  ) );
#8310 = ADVANCED_FACE('',(#8311),#1037,.F.);
#8311 = FACE_BOUND('',#8312,.T.);
#8312 = EDGE_LOOP('',(#8313,#8314,#8315,#8316,#8371,#8424));
#8313 = ORIENTED_EDGE('',*,*,#8237,.F.);
#8314 = ORIENTED_EDGE('',*,*,#3014,.F.);
#8315 = ORIENTED_EDGE('',*,*,#4527,.F.);
#8316 = ORIENTED_EDGE('',*,*,#8317,.T.);
#8317 = EDGE_CURVE('',#4508,#8318,#8320,.T.);
#8318 = VERTEX_POINT('',#8319);
#8319 = CARTESIAN_POINT('',(295.87887698957,-104.6788864161,
    19.205087224025));
#8320 = SURFACE_CURVE('',#8321,(#8326,#8360),.PCURVE_S1.);
#8321 = ELLIPSE('',#8322,3.328185394103,1.8625);
#8322 = AXIS2_PLACEMENT_3D('',#8323,#8324,#8325);
#8323 = CARTESIAN_POINT('',(293.73956975136,-107.2284135029,
    19.213130459927));
#8324 = DIRECTION('',(0.766044443119,-0.642787609687,4.336808689942E-19)
  );
#8325 = DIRECTION('',(-0.642783630574,-0.766039700997,3.518630731649E-03
    ));
#8326 = PCURVE('',#1037,#8327);
#8327 = DEFINITIONAL_REPRESENTATION('',(#8328),#8359);
#8328 = B_SPLINE_CURVE_WITH_KNOTS('',8,(#8329,#8330,#8331,#8332,#8333,
    #8334,#8335,#8336,#8337,#8338,#8339,#8340,#8341,#8342,#8343,#8344,
    #8345,#8346,#8347,#8348,#8349,#8350,#8351,#8352,#8353,#8354,#8355,
    #8356,#8357,#8358),.UNSPECIFIED.,.F.,.F.,(9,7,7,7,9),(3.143561739161
    ,4.714358065955,5.892455311052,7.659601178696,9.42674704634),
  .UNSPECIFIED.);
#8329 = CARTESIAN_POINT('',(-12.56637061435,1.141345476143));
#8330 = CARTESIAN_POINT('',(-12.37002107351,1.142411892832));
#8331 = CARTESIAN_POINT('',(-12.17367153265,1.265008459573));
#8332 = CARTESIAN_POINT('',(-11.97732199181,1.509071492187));
#8333 = CARTESIAN_POINT('',(-11.78097245094,1.864547227569));
#8334 = CARTESIAN_POINT('',(-11.5846229101,2.311378174413));
#8335 = CARTESIAN_POINT('',(-11.38827336926,2.821618324871));
#8336 = CARTESIAN_POINT('',(-11.19192382841,3.363436714263));
#8337 = CARTESIAN_POINT('',(-10.84831213192,4.31119988941));
#8338 = CARTESIAN_POINT('',(-10.70104997629,4.717249350063));
#8339 = CARTESIAN_POINT('',(-10.55378782065,5.109742459575));
#8340 = CARTESIAN_POINT('',(-10.40652566501,5.475260105994));
#8341 = CARTESIAN_POINT('',(-10.25926350938,5.801327625909));
#8342 = CARTESIAN_POINT('',(-10.11200135374,6.077332668085));
#8343 = CARTESIAN_POINT('',(-9.964739198105,6.295242391015));
#8344 = CARTESIAN_POINT('',(-9.596583809013,6.681994991697));
#8345 = CARTESIAN_POINT('',(-9.375690575554,6.771827190229));
#8346 = CARTESIAN_POINT('',(-9.154797342107,6.702188242343));
#8347 = CARTESIAN_POINT('',(-8.933904108629,6.470621256311));
#8348 = CARTESIAN_POINT('',(-8.713010875193,6.092193215562));
#8349 = CARTESIAN_POINT('',(-8.492117641732,5.598260127489));
#8350 = CARTESIAN_POINT('',(-8.271224408279,5.030166636966));
#8351 = CARTESIAN_POINT('',(-7.829437941368,3.834560023717));
#8352 = CARTESIAN_POINT('',(-7.608544707912,3.207046239252));
#8353 = CARTESIAN_POINT('',(-7.387651474461,2.594273821421));
#8354 = CARTESIAN_POINT('',(-7.166758240997,2.043767393088));
#8355 = CARTESIAN_POINT('',(-6.945865007548,1.599267713262));
#8356 = CARTESIAN_POINT('',(-6.72497177409,1.292757852507));
#8357 = CARTESIAN_POINT('',(-6.504078540635,1.140145757369));
#8358 = CARTESIAN_POINT('',(-6.28318530718,1.141345476143));
#8359 = ( GEOMETRIC_REPRESENTATION_CONTEXT(2) 
PARAMETRIC_REPRESENTATION_CONTEXT() REPRESENTATION_CONTEXT('2D SPACE',''
  ) );
#8360 = PCURVE('',#1109,#8361);
#8361 = DEFINITIONAL_REPRESENTATION('',(#8362),#8370);
#8362 = ( BOUNDED_CURVE() B_SPLINE_CURVE(2,(#8363,#8364,#8365,#8366,
#8367,#8368,#8369),.UNSPECIFIED.,.T.,.F.) B_SPLINE_CURVE_WITH_KNOTS((1,2
    ,2,2,2,1),(-2.094395102393,0.,2.094395102393,4.188790204786,
6.28318530718,8.377580409573),.UNSPECIFIED.) CURVE() 
GEOMETRIC_REPRESENTATION_ITEM() RATIONAL_B_SPLINE_CURVE((1.,0.5,1.,0.5,
1.,0.5,1.)) REPRESENTATION_ITEM('') );
#8363 = CARTESIAN_POINT('',(-6.694044572906,-2.895404323256));
#8364 = CARTESIAN_POINT('',(-6.705395480816,0.330520335952));
#8365 = CARTESIAN_POINT('',(-1.707472839906,-1.26487601054));
#8366 = CARTESIAN_POINT('',(3.290449801005,-2.860272357031));
#8367 = CARTESIAN_POINT('',(-1.696121931995,-4.490800669748));
#8368 = CARTESIAN_POINT('',(-6.682693664995,-6.121328982465));
#8369 = CARTESIAN_POINT('',(-6.694044572906,-2.895404323256));
#8370 = ( GEOMETRIC_REPRESENTATION_CONTEXT(2) 
PARAMETRIC_REPRESENTATION_CONTEXT() REPRESENTATION_CONTEXT('2D SPACE',''
  ) );
#8371 = ORIENTED_EDGE('',*,*,#8372,.T.);
#8372 = EDGE_CURVE('',#8318,#994,#8373,.T.);
#8373 = SURFACE_CURVE('',#8374,(#8379,#8413),.PCURVE_S1.);
#8374 = ELLIPSE('',#8375,3.328185394103,1.8625);
#8375 = AXIS2_PLACEMENT_3D('',#8376,#8377,#8378);
#8376 = CARTESIAN_POINT('',(293.73956975136,-107.2284135029,
    19.213130459927));
#8377 = DIRECTION('',(0.766044443119,-0.642787609687,4.336808689942E-19)
  );
#8378 = DIRECTION('',(-0.642783630574,-0.766039700997,3.518630731649E-03
    ));
#8379 = PCURVE('',#1037,#8380);
#8380 = DEFINITIONAL_REPRESENTATION('',(#8381),#8412);
#8381 = B_SPLINE_CURVE_WITH_KNOTS('',8,(#8382,#8383,#8384,#8385,#8386,
    #8387,#8388,#8389,#8390,#8391,#8392,#8393,#8394,#8395,#8396,#8397,
    #8398,#8399,#8400,#8401,#8402,#8403,#8404,#8405,#8406,#8407,#8408,
    #8409,#8410,#8411),.UNSPECIFIED.,.F.,.F.,(9,7,7,7,9),(3.143561739161
    ,4.714358065955,5.892455311052,7.659601178696,9.42674704634),
  .UNSPECIFIED.);
#8382 = CARTESIAN_POINT('',(-6.28318530718,1.141345476143));
#8383 = CARTESIAN_POINT('',(-6.08683576633,1.142411892832));
#8384 = CARTESIAN_POINT('',(-5.890486225478,1.265008459573));
#8385 = CARTESIAN_POINT('',(-5.694136684633,1.509071492187));
#8386 = CARTESIAN_POINT('',(-5.49778714377,1.864547227569));
#8387 = CARTESIAN_POINT('',(-5.30143760292,2.311378174413));
#8388 = CARTESIAN_POINT('',(-5.105088062081,2.821618324871));
#8389 = CARTESIAN_POINT('',(-4.908738521234,3.363436714263));
#8390 = CARTESIAN_POINT('',(-4.565126824748,4.31119988941));
#8391 = CARTESIAN_POINT('',(-4.417864669111,4.717249350063));
#8392 = CARTESIAN_POINT('',(-4.270602513473,5.109742459575));
#8393 = CARTESIAN_POINT('',(-4.123340357838,5.475260105994));
#8394 = CARTESIAN_POINT('',(-3.976078202201,5.801327625909));
#8395 = CARTESIAN_POINT('',(-3.828816046562,6.077332668085));
#8396 = CARTESIAN_POINT('',(-3.681553890926,6.295242391015));
#8397 = CARTESIAN_POINT('',(-3.313398501833,6.681994991697));
#8398 = CARTESIAN_POINT('',(-3.092505268374,6.771827190229));
#8399 = CARTESIAN_POINT('',(-2.871612034927,6.702188242343));
#8400 = CARTESIAN_POINT('',(-2.650718801449,6.470621256311));
#8401 = CARTESIAN_POINT('',(-2.429825568013,6.092193215562));
#8402 = CARTESIAN_POINT('',(-2.208932334552,5.598260127489));
#8403 = CARTESIAN_POINT('',(-1.9880391011,5.030166636966));
#8404 = CARTESIAN_POINT('',(-1.546252634189,3.834560023717));
#8405 = CARTESIAN_POINT('',(-1.325359400732,3.207046239252));
#8406 = CARTESIAN_POINT('',(-1.104466167281,2.594273821421));
#8407 = CARTESIAN_POINT('',(-0.883572933818,2.043767393088));
#8408 = CARTESIAN_POINT('',(-0.662679700369,1.599267713262));
#8409 = CARTESIAN_POINT('',(-0.44178646691,1.292757852507));
#8410 = CARTESIAN_POINT('',(-0.220893233456,1.140145757369));
#8411 = CARTESIAN_POINT('',(-7.629989108833E-15,1.141345476143));
#8412 = ( GEOMETRIC_REPRESENTATION_CONTEXT(2) 
PARAMETRIC_REPRESENTATION_CONTEXT() REPRESENTATION_CONTEXT('2D SPACE',''
  ) );
#8413 = PCURVE('',#1109,#8414);
#8414 = DEFINITIONAL_REPRESENTATION('',(#8415),#8423);
#8415 = ( BOUNDED_CURVE() B_SPLINE_CURVE(2,(#8416,#8417,#8418,#8419,
#8420,#8421,#8422),.UNSPECIFIED.,.T.,.F.) B_SPLINE_CURVE_WITH_KNOTS((1,2
    ,2,2,2,1),(-2.094395102393,0.,2.094395102393,4.188790204786,
6.28318530718,8.377580409573),.UNSPECIFIED.) CURVE() 
GEOMETRIC_REPRESENTATION_ITEM() RATIONAL_B_SPLINE_CURVE((1.,0.5,1.,0.5,
1.,0.5,1.)) REPRESENTATION_ITEM('') );
#8416 = CARTESIAN_POINT('',(-6.694044572906,-2.895404323256));
#8417 = CARTESIAN_POINT('',(-6.705395480816,0.330520335952));
#8418 = CARTESIAN_POINT('',(-1.707472839906,-1.26487601054));
#8419 = CARTESIAN_POINT('',(3.290449801005,-2.860272357031));
#8420 = CARTESIAN_POINT('',(-1.696121931995,-4.490800669748));
#8421 = CARTESIAN_POINT('',(-6.682693664995,-6.121328982465));
#8422 = CARTESIAN_POINT('',(-6.694044572906,-2.895404323256));
#8423 = ( GEOMETRIC_REPRESENTATION_CONTEXT(2) 
PARAMETRIC_REPRESENTATION_CONTEXT() REPRESENTATION_CONTEXT('2D SPACE',''
  ) );
#8424 = ORIENTED_EDGE('',*,*,#993,.F.);
#8425 = ADVANCED_FACE('',(#8426,#8452),#1109,.T.);
#8426 = FACE_BOUND('',#8427,.F.);
#8427 = EDGE_LOOP('',(#8428,#8429,#8430,#8431,#8449,#8450,#8451));
#8428 = ORIENTED_EDGE('',*,*,#8317,.T.);
#8429 = ORIENTED_EDGE('',*,*,#8372,.T.);
#8430 = ORIENTED_EDGE('',*,*,#1063,.F.);
#8431 = ORIENTED_EDGE('',*,*,#8432,.F.);
#8432 = EDGE_CURVE('',#5123,#1064,#8433,.T.);
#8433 = SURFACE_CURVE('',#8434,(#8437,#8443),.PCURVE_S1.);
#8434 = B_SPLINE_CURVE_WITH_KNOTS('',1,(#8435,#8436),.UNSPECIFIED.,.F.,
  .F.,(2,2),(0.,1.),.PIECEWISE_BEZIER_KNOTS.);
#8435 = CARTESIAN_POINT('',(293.73956923783,-107.2284141149,
    20.013969497867));
#8436 = CARTESIAN_POINT('',(294.23038809341,-106.6434789804,
    21.07565574613));
#8437 = PCURVE('',#1109,#8438);
#8438 = DEFINITIONAL_REPRESENTATION('',(#8439),#8442);
#8439 = B_SPLINE_CURVE_WITH_KNOTS('',1,(#8440,#8441),.UNSPECIFIED.,.F.,
  .F.,(2,2),(0.,1.),.PIECEWISE_BEZIER_KNOTS.);
#8440 = CARTESIAN_POINT('',(-3.365880580523,-3.684532705788));
#8441 = CARTESIAN_POINT('',(-2.602301992224,-4.746218954051));
#8442 = ( GEOMETRIC_REPRESENTATION_CONTEXT(2) 
PARAMETRIC_REPRESENTATION_CONTEXT() REPRESENTATION_CONTEXT('2D SPACE',''
  ) );
#8443 = PCURVE('',#1198,#8444);
#8444 = DEFINITIONAL_REPRESENTATION('',(#8445),#8448);
#8445 = B_SPLINE_CURVE_WITH_KNOTS('',1,(#8446,#8447),.UNSPECIFIED.,.F.,
  .F.,(2,2),(0.,1.),.PIECEWISE_BEZIER_KNOTS.);
#8446 = CARTESIAN_POINT('',(5.60747573229,0.31334765668));
#8447 = CARTESIAN_POINT('',(4.460560512014,0.308553106397));
#8448 = ( GEOMETRIC_REPRESENTATION_CONTEXT(2) 
PARAMETRIC_REPRESENTATION_CONTEXT() REPRESENTATION_CONTEXT('2D SPACE',''
  ) );
#8449 = ORIENTED_EDGE('',*,*,#5122,.T.);
#8450 = ORIENTED_EDGE('',*,*,#4624,.T.);
#8451 = ORIENTED_EDGE('',*,*,#4507,.F.);
#8452 = FACE_BOUND('',#8453,.F.);
#8453 = EDGE_LOOP('',(#8454));
#8454 = ORIENTED_EDGE('',*,*,#5360,.F.);
#8455 = ADVANCED_FACE('',(#8456),#1198,.T.);
#8456 = FACE_BOUND('',#8457,.T.);
#8457 = EDGE_LOOP('',(#8458,#8459,#8460,#8461,#8462,#8463,#8464,#8465,
    #8466,#8467,#8468,#8469,#8470));
#8458 = ORIENTED_EDGE('',*,*,#1136,.F.);
#8459 = ORIENTED_EDGE('',*,*,#8432,.F.);
#8460 = ORIENTED_EDGE('',*,*,#5160,.T.);
#8461 = ORIENTED_EDGE('',*,*,#5253,.T.);
#8462 = ORIENTED_EDGE('',*,*,#5410,.F.);
#8463 = ORIENTED_EDGE('',*,*,#5548,.F.);
#8464 = ORIENTED_EDGE('',*,*,#6049,.T.);
#8465 = ORIENTED_EDGE('',*,*,#6346,.T.);
#8466 = ORIENTED_EDGE('',*,*,#6397,.F.);
#8467 = ORIENTED_EDGE('',*,*,#6588,.F.);
#8468 = ORIENTED_EDGE('',*,*,#7190,.T.);
#8469 = ORIENTED_EDGE('',*,*,#7318,.F.);
#8470 = ORIENTED_EDGE('',*,*,#8471,.T.);
#8471 = EDGE_CURVE('',#7319,#1137,#8472,.T.);
#8472 = SURFACE_CURVE('',#8473,(#8476,#8482),.PCURVE_S1.);
#8473 = B_SPLINE_CURVE_WITH_KNOTS('',1,(#8474,#8475),.UNSPECIFIED.,.F.,
  .F.,(2,2),(0.,1.),.PIECEWISE_BEZIER_KNOTS.);
#8474 = CARTESIAN_POINT('',(285.08270372175,-190.,20.256656436055));
#8475 = CARTESIAN_POINT('',(285.39458169915,-190.3898474717,
    21.130641606716));
#8476 = PCURVE('',#1198,#8477);
#8477 = DEFINITIONAL_REPRESENTATION('',(#8478),#8481);
#8478 = B_SPLINE_CURVE_WITH_KNOTS('',1,(#8479,#8480),.UNSPECIFIED.,.F.,
  .F.,(2,2),(0.,1.),.PIECEWISE_BEZIER_KNOTS.);
#8479 = CARTESIAN_POINT('',(5.60747453229,0.991803278689));
#8480 = CARTESIAN_POINT('',(4.666083959363,0.994998749768));
#8481 = ( GEOMETRIC_REPRESENTATION_CONTEXT(2) 
PARAMETRIC_REPRESENTATION_CONTEXT() REPRESENTATION_CONTEXT('2D SPACE',''
  ) );
#8482 = PCURVE('',#1455,#8483);
#8483 = DEFINITIONAL_REPRESENTATION('',(#8484),#8487);
#8484 = B_SPLINE_CURVE_WITH_KNOTS('',1,(#8485,#8486),.UNSPECIFIED.,.F.,
  .F.,(2,2),(0.,1.),.PIECEWISE_BEZIER_KNOTS.);
#8485 = CARTESIAN_POINT('',(0.,-60.25665643605));
#8486 = CARTESIAN_POINT('',(-0.499248359057,-61.13064160671));
#8487 = ( GEOMETRIC_REPRESENTATION_CONTEXT(2) 
PARAMETRIC_REPRESENTATION_CONTEXT() REPRESENTATION_CONTEXT('2D SPACE',''
  ) );
#8488 = ADVANCED_FACE('',(#8489),#1455,.T.);
#8489 = FACE_BOUND('',#8490,.F.);
#8490 = EDGE_LOOP('',(#8491,#8492,#8513,#8514,#8515,#8516,#8517,#8518,
    #8519));
#8491 = ORIENTED_EDGE('',*,*,#1233,.T.);
#8492 = ORIENTED_EDGE('',*,*,#8493,.T.);
#8493 = EDGE_CURVE('',#24,#7659,#8494,.T.);
#8494 = SURFACE_CURVE('',#8495,(#8499,#8506),.PCURVE_S1.);
#8495 = LINE('',#8496,#8497);
#8496 = CARTESIAN_POINT('',(299.82873054378,-208.4325335275,
    -11.38436108004));
#8497 = VECTOR('',#8498,1.);
#8498 = DIRECTION('',(-2.969820788325E-02,3.712275985406E-02,
    -0.998869319355));
#8499 = PCURVE('',#1455,#8500);
#8500 = DEFINITIONAL_REPRESENTATION('',(#8501),#8505);
#8501 = LINE('',#8502,#8503);
#8502 = CARTESIAN_POINT('',(-23.6051604375,-28.61563891995));
#8503 = VECTOR('',#8504,1.);
#8504 = DIRECTION('',(4.754032867638E-02,0.998869319355));
#8505 = ( GEOMETRIC_REPRESENTATION_CONTEXT(2) 
PARAMETRIC_REPRESENTATION_CONTEXT() REPRESENTATION_CONTEXT('2D SPACE',''
  ) );
#8506 = PCURVE('',#319,#8507);
#8507 = DEFINITIONAL_REPRESENTATION('',(#8508),#8512);
#8508 = LINE('',#8509,#8510);
#8509 = CARTESIAN_POINT('',(29.477645850918,-6.63109249882));
#8510 = VECTOR('',#8511,1.);
#8511 = DIRECTION('',(0.999297287663,-3.748240747574E-02));
#8512 = ( GEOMETRIC_REPRESENTATION_CONTEXT(2) 
PARAMETRIC_REPRESENTATION_CONTEXT() REPRESENTATION_CONTEXT('2D SPACE',''
  ) );
#8513 = ORIENTED_EDGE('',*,*,#7679,.T.);
#8514 = ORIENTED_EDGE('',*,*,#3888,.T.);
#8515 = ORIENTED_EDGE('',*,*,#7360,.T.);
#8516 = ORIENTED_EDGE('',*,*,#6983,.F.);
#8517 = ORIENTED_EDGE('',*,*,#7056,.F.);
#8518 = ORIENTED_EDGE('',*,*,#7338,.T.);
#8519 = ORIENTED_EDGE('',*,*,#8471,.T.);
#8520 = ADVANCED_FACE('',(#8521),#319,.F.);
#8521 = FACE_BOUND('',#8522,.T.);
#8522 = EDGE_LOOP('',(#8523,#8524,#8525,#8526));
#8523 = ORIENTED_EDGE('',*,*,#7658,.F.);
#8524 = ORIENTED_EDGE('',*,*,#2491,.T.);
#8525 = ORIENTED_EDGE('',*,*,#21,.T.);
#8526 = ORIENTED_EDGE('',*,*,#8493,.T.);
#8527 = ( GEOMETRIC_REPRESENTATION_CONTEXT(3) 
GLOBAL_UNCERTAINTY_ASSIGNED_CONTEXT((#8531)) 
GLOBAL_UNIT_ASSIGNED_CONTEXT((#8528,#8529,#8530)) REPRESENTATION_CONTEXT
('Context #1','3D Context with UNIT and UNCERTAINTY') );
#8528 = ( LENGTH_UNIT() NAMED_UNIT(*) SI_UNIT(.MILLI.,.METRE.) );
#8529 = ( NAMED_UNIT(*) PLANE_ANGLE_UNIT() SI_UNIT($,.RADIAN.) );
#8530 = ( NAMED_UNIT(*) SI_UNIT($,.STERADIAN.) SOLID_ANGLE_UNIT() );
#8531 = UNCERTAINTY_MEASURE_WITH_UNIT(LENGTH_MEASURE(5.E-06),#8528,
  'distance_accuracy_value','confusion accuracy');
#8532 = PRODUCT_RELATED_PRODUCT_CATEGORY('part',$,(#7));
ENDSEC;
END-ISO-10303-21;
