ISO-10303-21;
HEADER;
FILE_DESCRIPTION(('SkyG Speed 90 - revision C6-9 - 2026-10-07','AR-aileron-right'),'2;1');
FILE_NAME('AR-aileron-right_C6-9','2026-10-07T14:03:26',('Author'),(
    'Open CASCADE'),'Open CASCADE STEP processor 7.9','Open CASCADE 7.9'
  ,'Unknown');
FILE_SCHEMA(('AUTOMOTIVE_DESIGN { 1 0 10303 214 1 1 1 1 }'));
ENDSEC;
DATA;
#1 = APPLICATION_PROTOCOL_DEFINITION('international standard',
  'automotive_design',2000,#2);
#2 = APPLICATION_CONTEXT(
  'core data for automotive mechanical design processes');
#3 = SHAPE_DEFINITION_REPRESENTATION(#4,#10);
#4 = PRODUCT_DEFINITION_SHAPE('','',#5);
#5 = PRODUCT_DEFINITION('design','',#6,#9);
#6 = PRODUCT_DEFINITION_FORMATION('','',#7);
#7 = PRODUCT('AR-aileron-right C6-9','AR-aileron-right C6-9','',(#8));
#8 = PRODUCT_CONTEXT('',#2,'mechanical');
#9 = PRODUCT_DEFINITION_CONTEXT('part definition',#2,'design');
#10 = ADVANCED_BREP_SHAPE_REPRESENTATION('',(#11,#15),#8327);
#11 = AXIS2_PLACEMENT_3D('',#12,#13,#14);
#12 = CARTESIAN_POINT('',(0.,0.,0.));
#13 = DIRECTION('',(0.,0.,1.));
#14 = DIRECTION('',(1.,0.,-0.));
#15 = MANIFOLD_SOLID_BREP('',#16);
#16 = CLOSED_SHELL('',(#17,#1561,#2538,#2621,#2652,#2749,#2784,#2839,
    #3230,#3546,#4372,#4840,#5001,#5084,#5154,#5240,#5633,#5683,#5828,
    #6032,#6087,#6226,#6619,#6763,#6903,#6931,#7000,#7124,#7180,#7189,
    #7312,#7427,#7493,#7910,#8033,#8057,#8086,#8116,#8143,#8171,#8227,
    #8257,#8290,#8320));
#17 = ADVANCED_FACE('',(#18),#31,.F.);
#18 = FACE_BOUND('',#19,.F.);
#19 = EDGE_LOOP('',(#20,#329,#669,#766,#809,#843,#886,#983,#1053,#1126,
    #1223));
#20 = ORIENTED_EDGE('',*,*,#21,.F.);
#21 = EDGE_CURVE('',#22,#24,#26,.T.);
#22 = VERTEX_POINT('',#23);
#23 = CARTESIAN_POINT('',(326.13751572349,70.4,18.302602885795));
#24 = VERTEX_POINT('',#25);
#25 = CARTESIAN_POINT('',(306.73152659119,209.5610285868,18.980274959044
    ));
#26 = SURFACE_CURVE('',#27,(#30,#318),.PCURVE_S1.);
#27 = B_SPLINE_CURVE_WITH_KNOTS('',1,(#28,#29),.UNSPECIFIED.,.F.,.F.,(2,
    2),(0.,1.),.PIECEWISE_BEZIER_KNOTS.);
#28 = CARTESIAN_POINT('',(335.95478747542,0.,17.959776201908));
#29 = CARTESIAN_POINT('',(305.97306266485,215.,19.006761102984));
#30 = PCURVE('',#31,#312);
#31 = B_SPLINE_SURFACE_WITH_KNOTS('',3,1,(
    (#32,#33)
    ,(#34,#35)
    ,(#36,#37)
    ,(#38,#39)
    ,(#40,#41)
    ,(#42,#43)
    ,(#44,#45)
    ,(#46,#47)
    ,(#48,#49)
    ,(#50,#51)
    ,(#52,#53)
    ,(#54,#55)
    ,(#56,#57)
    ,(#58,#59)
    ,(#60,#61)
    ,(#62,#63)
    ,(#64,#65)
    ,(#66,#67)
    ,(#68,#69)
    ,(#70,#71)
    ,(#72,#73)
    ,(#74,#75)
    ,(#76,#77)
    ,(#78,#79)
    ,(#80,#81)
    ,(#82,#83)
    ,(#84,#85)
    ,(#86,#87)
    ,(#88,#89)
    ,(#90,#91)
    ,(#92,#93)
    ,(#94,#95)
    ,(#96,#97)
    ,(#98,#99)
    ,(#100,#101)
    ,(#102,#103)
    ,(#104,#105)
    ,(#106,#107)
    ,(#108,#109)
    ,(#110,#111)
    ,(#112,#113)
    ,(#114,#115)
    ,(#116,#117)
    ,(#118,#119)
    ,(#120,#121)
    ,(#122,#123)
    ,(#124,#125)
    ,(#126,#127)
    ,(#128,#129)
    ,(#130,#131)
    ,(#132,#133)
    ,(#134,#135)
    ,(#136,#137)
    ,(#138,#139)
    ,(#140,#141)
    ,(#142,#143)
    ,(#144,#145)
    ,(#146,#147)
    ,(#148,#149)
    ,(#150,#151)
    ,(#152,#153)
    ,(#154,#155)
    ,(#156,#157)
    ,(#158,#159)
    ,(#160,#161)
    ,(#162,#163)
    ,(#164,#165)
    ,(#166,#167)
    ,(#168,#169)
    ,(#170,#171)
    ,(#172,#173)
    ,(#174,#175)
    ,(#176,#177)
    ,(#178,#179)
    ,(#180,#181)
    ,(#182,#183)
    ,(#184,#185)
    ,(#186,#187)
    ,(#188,#189)
    ,(#190,#191)
    ,(#192,#193)
    ,(#194,#195)
    ,(#196,#197)
    ,(#198,#199)
    ,(#200,#201)
    ,(#202,#203)
    ,(#204,#205)
    ,(#206,#207)
    ,(#208,#209)
    ,(#210,#211)
    ,(#212,#213)
    ,(#214,#215)
    ,(#216,#217)
    ,(#218,#219)
    ,(#220,#221)
    ,(#222,#223)
    ,(#224,#225)
    ,(#226,#227)
    ,(#228,#229)
    ,(#230,#231)
    ,(#232,#233)
    ,(#234,#235)
    ,(#236,#237)
    ,(#238,#239)
    ,(#240,#241)
    ,(#242,#243)
    ,(#244,#245)
    ,(#246,#247)
    ,(#248,#249)
    ,(#250,#251)
    ,(#252,#253)
    ,(#254,#255)
    ,(#256,#257)
    ,(#258,#259)
    ,(#260,#261)
    ,(#262,#263)
    ,(#264,#265)
    ,(#266,#267)
    ,(#268,#269)
    ,(#270,#271)
    ,(#272,#273)
    ,(#274,#275)
    ,(#276,#277)
    ,(#278,#279)
    ,(#280,#281)
    ,(#282,#283)
    ,(#284,#285)
    ,(#286,#287)
    ,(#288,#289)
    ,(#290,#291)
    ,(#292,#293)
    ,(#294,#295)
    ,(#296,#297)
    ,(#298,#299)
    ,(#300,#301)
    ,(#302,#303)
    ,(#304,#305)
    ,(#306,#307)
    ,(#308,#309)
    ,(#310,#311
    )),.UNSPECIFIED.,.F.,.F.,.F.,(4,1,1,1,1,1,1,1,1,1,1,1,1,1,1,1,1,1,1,
    1,1,1,1,1,1,1,1,1,1,1,1,1,1,1,1,1,1,1,1,1,1,1,1,1,1,1,1,1,1,1,1,1,1,
    1,1,1,1,1,1,1,1,1,1,1,1,1,1,1,1,1,1,1,1,1,1,1,1,1,1,1,1,1,1,1,1,1,1,
    1,1,1,1,1,1,1,1,1,1,1,1,1,1,1,1,1,1,1,1,1,1,1,1,1,1,1,1,1,1,1,1,1,1,
    1,1,1,1,1,1,1,1,1,1,1,1,1,1,1,1,4),(2,2),(0.,5.293963652008E-02,
    5.29439535121E-02,0.211647560825,0.211664514562,0.475788017463,
    0.475823275911,0.844809800162,0.844863133803,1.317938243953,
    1.318003156065,1.894156121788,1.894220031214,2.572278168256,
    2.572323247986,3.350885403292,3.350890690889,4.228275993203,
    4.228333442322,5.202677952843,5.202823023371,6.272064538445,
    6.272322623504,7.434217761372,7.434615719385,8.686724657907,
    8.687290661668,10.026981926413,10.027745272308,11.452213504686,
    11.453204734871,12.959455650329,12.96070630721,14.545574684386,
    14.547118170401,16.207274286594,16.209145959645,17.941111024579,
    17.943347008602,19.743486865036,19.746122690992,21.610659841087,
    21.613729200003,23.538784489763,23.542316983256,25.523870590372,
    25.527890586839,27.561816576493,27.566343596737,29.648416935053,
    29.653465574785,31.779361481874,31.784940558613,33.950252526182,
    33.956364209074,36.156614009981,36.163253754245,38.393882527084,
    38.401040045619,40.657443254973,40.665102647998,42.942611753662,
    42.950752125257,45.244668556982,45.253264320045,47.558849443074,
    47.56787099975,49.880364171637,49.889778488611,52.204410350245,
    52.214181886159,54.526171964919,54.536263662707,56.840837953107,
    56.851211269339,59.143615751822,59.154230487589,61.429739868145,
    61.440554155764,63.694470270265,63.705440185333,65.933127143194,
    65.944206930958,68.141071074249,68.152213187888,70.313743700099,
    70.324898923431,72.4466280614,72.457744350489,74.535338833448,
    74.546361731531,76.575532154266,76.586405747055,78.56300036366,
    78.573668298542,80.493603694329,80.504009651506,82.363365264928,
    82.373453829354,84.168381403209,84.17809813971,85.904942903184,
    85.914235187443,87.569408475527,87.578225447183,89.158371446193,
    89.166664991895,90.668483234198,90.676207743968,92.096688786491,
    92.103802308318,93.439927238,93.446390097754,94.695580340041,
    94.701357370596,95.860787052103,95.865849171368,96.933283736561,
    96.937611689951,97.9108855537,97.914470617382,98.791877381618,
    98.794727369483,99.573045206704,99.575189383591,100.25344673043,
    100.25494104356,100.83370467943,100.83463361087,101.31084319404,
    101.31132472417,101.6801290205,101.68031669289,101.94492511602,
    101.94496595895,102.1034850514,102.10349189034,102.15647631661),(0.,
    1.),.UNSPECIFIED.);
#32 = CARTESIAN_POINT('',(335.95478747542,0.,17.959776201908));
#33 = CARTESIAN_POINT('',(305.97306266485,215.,19.006761102984));
#34 = CARTESIAN_POINT('',(335.93714095425,0.,17.959759252195));
#35 = CARTESIAN_POINT('',(305.96071027792,215.,19.006725448188));
#36 = CARTESIAN_POINT('',(335.9194929679,0.,17.959742974525));
#37 = CARTESIAN_POINT('',(305.94835686449,215.,19.006690261609));
#38 = CARTESIAN_POINT('',(335.84894377637,0.,17.959685750912));
#39 = CARTESIAN_POINT('',(305.89897312744,215.,19.006555092324));
#40 = CARTESIAN_POINT('',(335.79603548643,0.,17.959660480819));
#41 = CARTESIAN_POINT('',(305.86193782343,215.,19.006466068967));
#42 = CARTESIAN_POINT('',(335.65508746918,0.,17.959885162391));
#43 = CARTESIAN_POINT('',(305.76327514697,215.,19.006433246109));
#44 = CARTESIAN_POINT('',(335.56702889692,0.,17.960329139614));
#45 = CARTESIAN_POINT('',(305.7016343215,215.,19.006625209927));
#46 = CARTESIAN_POINT('',(335.35598992487,0.,17.962389838509));
#47 = CARTESIAN_POINT('',(305.55390611433,215.,19.007782791239));
#48 = CARTESIAN_POINT('',(335.23297810099,0.,17.964402634632));
#49 = CARTESIAN_POINT('',(305.46779620116,215.,19.009025589331));
#50 = CARTESIAN_POINT('',(334.95233838065,0.,17.970555558027));
#51 = CARTESIAN_POINT('',(305.27134255251,215.,19.012953479581));
#52 = CARTESIAN_POINT('',(334.79466923645,0.,17.97513700609));
#53 = CARTESIAN_POINT('',(305.16096934769,215.,19.015947408802));
#54 = CARTESIAN_POINT('',(334.44511914515,0.,17.987452063221));
#55 = CARTESIAN_POINT('',(304.91627071719,215.,19.024095539868));
#56 = CARTESIAN_POINT('',(334.25319425474,0.,17.995657529065));
#57 = CARTESIAN_POINT('',(304.78191389453,215.,19.029579978106));
#58 = CARTESIAN_POINT('',(333.83560164919,0.,18.016143561638));
#59 = CARTESIAN_POINT('',(304.48957507028,215.,19.043355967442));
#60 = CARTESIAN_POINT('',(333.60989923048,0.,18.028891496436));
#61 = CARTESIAN_POINT('',(304.33156814757,215.,19.051974656734));
#62 = CARTESIAN_POINT('',(333.12527456168,0.,18.058988486333));
#63 = CARTESIAN_POINT('',(303.99229451972,215.,19.072388243253));
#64 = CARTESIAN_POINT('',(332.86633972021,0.,18.076742203096));
#65 = CARTESIAN_POINT('',(303.81101845762,215.,19.084466421743));
#66 = CARTESIAN_POINT('',(332.31583623309,0.,18.117186793686));
#67 = CARTESIAN_POINT('',(303.42561632796,215.,19.11203512449));
#68 = CARTESIAN_POINT('',(332.02425700785,0.,18.14022126402));
#69 = CARTESIAN_POINT('',(303.22148239513,215.,19.127766198172));
#70 = CARTESIAN_POINT('',(331.40914084632,0.,18.191675371261));
#71 = CARTESIAN_POINT('',(302.79083720123,215.,19.162955365063));
#72 = CARTESIAN_POINT('',(331.08556137724,0.,18.220415014269));
#73 = CARTESIAN_POINT('',(302.56429574057,215.,19.182637455069));
#74 = CARTESIAN_POINT('',(330.40721895668,0.,18.283247145687));
#75 = CARTESIAN_POINT('',(302.08937749896,215.,19.225707095308));
#76 = CARTESIAN_POINT('',(330.05232641314,0.,18.317603505108));
#77 = CARTESIAN_POINT('',(301.84090965687,215.,19.24927926478));
#78 = CARTESIAN_POINT('',(329.31225714389,0.,18.392005802147));
#79 = CARTESIAN_POINT('',(301.32276772937,215.,19.300366190531));
#80 = CARTESIAN_POINT('',(328.92683858393,0.,18.43231539624));
#81 = CARTESIAN_POINT('',(301.05292401281,215.,19.328065233839));
#82 = CARTESIAN_POINT('',(328.12669682625,0.,18.518804115768));
#83 = CARTESIAN_POINT('',(300.49271578834,215.,19.38753328949));
#84 = CARTESIAN_POINT('',(327.71159202252,0.,18.565242621399));
#85 = CARTESIAN_POINT('',(300.202083818,215.,19.419483424135));
#86 = CARTESIAN_POINT('',(326.85314591488,0.,18.664137870493));
#87 = CARTESIAN_POINT('',(299.60104659723,215.,19.487559315488));
#88 = CARTESIAN_POINT('',(326.40925544661,0.,18.716858279948));
#89 = CARTESIAN_POINT('',(299.29025659194,215.,19.523868984003));
#90 = CARTESIAN_POINT('',(325.49440209897,0.,18.82852014856));
#91 = CARTESIAN_POINT('',(298.64971791609,215.,19.600807664124));
#92 = CARTESIAN_POINT('',(325.0226943634,0.,18.8877431923));
#93 = CARTESIAN_POINT('',(298.31944748082,215.,19.641632835524));
#94 = CARTESIAN_POINT('',(324.05344773686,0.,19.012468197227));
#95 = CARTESIAN_POINT('',(297.64081675659,215.,19.727644758764));
#96 = CARTESIAN_POINT('',(323.55493744142,0.,19.078269906538));
#97 = CARTESIAN_POINT('',(297.29177610889,215.,19.773040169765));
#98 = CARTESIAN_POINT('',(322.53344865266,0.,19.216445402787));
#99 = CARTESIAN_POINT('',(296.57655869002,215.,19.868399989795));
#100 = CARTESIAN_POINT('',(322.00924301576,0.,19.289160300166));
#101 = CARTESIAN_POINT('',(296.20952248447,215.,19.918601612615));
#102 = CARTESIAN_POINT('',(320.9378221468,0.,19.441460939062));
#103 = CARTESIAN_POINT('',(295.45933462145,215.,20.023785234114));
#104 = CARTESIAN_POINT('',(320.38909160029,0.,19.521437643958));
#105 = CARTESIAN_POINT('',(295.07512173601,215.,20.079038886778));
#106 = CARTESIAN_POINT('',(319.27013280487,0.,19.688307798695));
#107 = CARTESIAN_POINT('',(294.29163878918,215.,20.194360729596));
#108 = CARTESIAN_POINT('',(318.69806546793,0.,19.775639879986));
#109 = CARTESIAN_POINT('',(293.89108079723,215.,20.254733517519));
#110 = CARTESIAN_POINT('',(317.53399431178,0.,19.957009020967));
#111 = CARTESIAN_POINT('',(293.07600076036,215.,20.380147350667));
#112 = CARTESIAN_POINT('',(316.93979151726,0.,20.051533381959));
#113 = CARTESIAN_POINT('',(292.65993880918,215.,20.44552663314));
#114 = CARTESIAN_POINT('',(315.73306912396,0.,20.2469261365));
#115 = CARTESIAN_POINT('',(291.81498509144,215.,20.580702834599));
#116 = CARTESIAN_POINT('',(315.11795599119,0.,20.348337629344));
#117 = CARTESIAN_POINT('',(291.38427712695,215.,20.650876348171));
#118 = CARTESIAN_POINT('',(313.87101271715,0.,20.556637553944));
#119 = CARTESIAN_POINT('',(290.51115225036,215.,20.795035357611));
#120 = CARTESIAN_POINT('',(313.23615982292,0.,20.664119099111));
#121 = CARTESIAN_POINT('',(290.06661864662,215.,20.869432036904));
#122 = CARTESIAN_POINT('',(311.95136991553,0.,20.88347481236));
#123 = CARTESIAN_POINT('',(289.16698682105,215.,21.021279867051));
#124 = CARTESIAN_POINT('',(311.29795168167,0.,20.995996755526));
#125 = CARTESIAN_POINT('',(288.70945094768,215.,21.099180053436));
#126 = CARTESIAN_POINT('',(309.97774565794,0.,21.224490812894));
#127 = CARTESIAN_POINT('',(287.78501598203,215.,21.257377330366));
#128 = CARTESIAN_POINT('',(309.30699536802,0.,21.341178520918));
#129 = CARTESIAN_POINT('',(287.31534223593,215.,21.338170151686));
#130 = CARTESIAN_POINT('',(307.95388832937,0.,21.577034086325));
#131 = CARTESIAN_POINT('',(286.36786689056,215.,21.501475632233));
#132 = CARTESIAN_POINT('',(307.26706873599,0.,21.696990014929));
#133 = CARTESIAN_POINT('',(285.8869402823,215.,21.584533955229));
#134 = CARTESIAN_POINT('',(305.8836052733,0.,21.938232300141));
#135 = CARTESIAN_POINT('',(284.91820811439,215.,21.7515672447));
#136 = CARTESIAN_POINT('',(305.18198334116,0.,22.060377412954));
#137 = CARTESIAN_POINT('',(284.42691680201,215.,21.836136646281));
#138 = CARTESIAN_POINT('',(303.77070950905,0.,22.304677083366));
#139 = CARTESIAN_POINT('',(283.4387128297,215.,22.005268923037));
#140 = CARTESIAN_POINT('',(303.05555495531,0.,22.427756763086));
#141 = CARTESIAN_POINT('',(282.93794713744,215.,22.090472069557));
#142 = CARTESIAN_POINT('',(301.61904062615,0.,22.672565702581));
#143 = CARTESIAN_POINT('',(281.93207342056,215.,22.259921711443));
#144 = CARTESIAN_POINT('',(300.8916507195,0.,22.795281591566));
#145 = CARTESIAN_POINT('',(281.42274310054,215.,22.344851105212));
#146 = CARTESIAN_POINT('',(299.43257572669,0.,23.038295561554));
#147 = CARTESIAN_POINT('',(280.40107862022,215.,22.513008825553));
#148 = CARTESIAN_POINT('',(298.69433718307,0.,23.159640027115));
#149 = CARTESIAN_POINT('',(279.8841556924,215.,22.596960760058));
#150 = CARTESIAN_POINT('',(297.21548127209,0.,23.398770199872));
#151 = CARTESIAN_POINT('',(278.84864888519,215.,22.762366867462));
#152 = CARTESIAN_POINT('',(296.46779588155,0.,23.51765109789));
#153 = CARTESIAN_POINT('',(278.32511602468,215.,22.844578379105));
#154 = CARTESIAN_POINT('',(294.972014908,0.,23.750910781656));
#155 = CARTESIAN_POINT('',(277.27776870501,215.,23.005846085984));
#156 = CARTESIAN_POINT('',(294.21635150749,0.,23.866425121));
#157 = CARTESIAN_POINT('',(276.74865531728,215.,23.085686935241));
#158 = CARTESIAN_POINT('',(292.70658758338,0.,24.092015014097));
#159 = CARTESIAN_POINT('',(275.69152933521,215.,23.241560020965));
#160 = CARTESIAN_POINT('',(291.94443875714,0.,24.203253639338));
#161 = CARTESIAN_POINT('',(275.15788146575,215.,23.318395693603));
#162 = CARTESIAN_POINT('',(290.42370561146,0.,24.419533559316));
#163 = CARTESIAN_POINT('',(274.09308875688,215.,23.46773040799));
#164 = CARTESIAN_POINT('',(289.65661669316,0.,24.525753657331));
#165 = CARTESIAN_POINT('',(273.5559891922,215.,23.541043115001));
#166 = CARTESIAN_POINT('',(288.12800643106,0.,24.731319970871));
#167 = CARTESIAN_POINT('',(272.48569619912,215.,23.682861090916));
#168 = CARTESIAN_POINT('',(287.35755233262,0.,24.831847354643));
#169 = CARTESIAN_POINT('',(271.94624834897,215.,23.752181195991));
#170 = CARTESIAN_POINT('',(285.82421964949,0.,25.025534349415));
#171 = CARTESIAN_POINT('',(270.87266510661,215.,23.885671409763));
#172 = CARTESIAN_POINT('',(285.05201187158,0.,25.119864961468));
#173 = CARTESIAN_POINT('',(270.33199780195,215.,23.950648746683));
#174 = CARTESIAN_POINT('',(283.51718292717,0.,25.300902310425));
#175 = CARTESIAN_POINT('',(269.25738388056,215.,24.075277593101));
#176 = CARTESIAN_POINT('',(282.74487057669,0.,25.388758414936));
#177 = CARTESIAN_POINT('',(268.71665193923,215.,24.135720283484));
#178 = CARTESIAN_POINT('',(281.21180366209,0.,25.556564233903));
#179 = CARTESIAN_POINT('',(267.64328896123,215.,24.25108468681));
#180 = CARTESIAN_POINT('',(280.44103232909,0.,25.637630276448));
#181 = CARTESIAN_POINT('',(267.10364473973,215.,24.30677395871));
#182 = CARTESIAN_POINT('',(278.91297478604,0.,25.791538600202));
#183 = CARTESIAN_POINT('',(266.03380678302,215.,24.412411881567));
#184 = CARTESIAN_POINT('',(278.14538435427,0.,25.865453289748));
#185 = CARTESIAN_POINT('',(265.49639872102,215.,24.463097049543));
#186 = CARTESIAN_POINT('',(276.62557697389,0.,26.004794821493));
#187 = CARTESIAN_POINT('',(264.43235533926,215.,24.558544660342));
#188 = CARTESIAN_POINT('',(275.86280820136,0.,26.071239389559));
#189 = CARTESIAN_POINT('',(263.89833242485,215.,24.604004664024));
#190 = CARTESIAN_POINT('',(274.35447835177,0.,26.195248547512));
#191 = CARTESIAN_POINT('',(262.8423438173,215.,24.688729538695));
#192 = CARTESIAN_POINT('',(273.59815964585,0.,26.253765878985));
#193 = CARTESIAN_POINT('',(262.31284659267,215.,24.728646541271));
#194 = CARTESIAN_POINT('',(272.10451941093,0.,26.361645357032));
#195 = CARTESIAN_POINT('',(261.26716245055,215.,24.802095629086));
#196 = CARTESIAN_POINT('',(271.35627813682,0.,26.411884050114));
#197 = CARTESIAN_POINT('',(260.7433306083,215.,24.836225962914));
#198 = CARTESIAN_POINT('',(269.88053078759,0.,26.502888101034));
#199 = CARTESIAN_POINT('',(259.7101943159,215.,24.89788128869));
#200 = CARTESIAN_POINT('',(269.14198867586,0.,26.544444042897));
#201 = CARTESIAN_POINT('',(259.19316367686,215.,24.925944466927));
#202 = CARTESIAN_POINT('',(267.68732214979,0.,26.617914900127));
#203 = CARTESIAN_POINT('',(258.17480784273,215.,24.97535100148));
#204 = CARTESIAN_POINT('',(266.96009310214,0.,26.650523948125));
#205 = CARTESIAN_POINT('',(257.66570854309,215.,24.997163931989));
#206 = CARTESIAN_POINT('',(265.52967052539,0.,26.705559860226));
#207 = CARTESIAN_POINT('',(256.66434859784,215.,25.033692181401));
#208 = CARTESIAN_POINT('',(264.81535395012,0.,26.728579811593));
#209 = CARTESIAN_POINT('',(256.16430116312,215.,25.048807164241));
#210 = CARTESIAN_POINT('',(263.41231149809,0.,26.764065285434));
#211 = CARTESIAN_POINT('',(255.18213419318,215.,25.071681838254));
#212 = CARTESIAN_POINT('',(262.71249639203,0.,26.777011464439));
#213 = CARTESIAN_POINT('',(254.69225169676,215.,25.079762433391));
#214 = CARTESIAN_POINT('',(261.33997136803,0.,26.792129952345));
#215 = CARTESIAN_POINT('',(253.73147512906,215.,25.088417587758));
#216 = CARTESIAN_POINT('',(260.65626082064,0.,26.794660988014));
#217 = CARTESIAN_POINT('',(253.25288028714,215.,25.089227905538));
#218 = CARTESIAN_POINT('',(259.31737919075,0.,26.788961633038));
#219 = CARTESIAN_POINT('',(252.31568305293,215.,25.08335431213));
#220 = CARTESIAN_POINT('',(258.65135263212,0.,26.780959824192));
#221 = CARTESIAN_POINT('',(251.84948169165,215.,25.076814747492));
#222 = CARTESIAN_POINT('',(257.34921328306,0.,26.754196699287));
#223 = CARTESIAN_POINT('',(250.93803344649,215.,25.056244961171));
#224 = CARTESIAN_POINT('',(256.70244751318,0.,26.735533886798));
#225 = CARTESIAN_POINT('',(250.4853295237,215.,25.042268743654));
#226 = CARTESIAN_POINT('',(255.44010348679,0.,26.687705786641));
#227 = CARTESIAN_POINT('',(249.6017673867,215.,25.007008633774));
#228 = CARTESIAN_POINT('',(254.81413213314,0.,26.658505967325));
#229 = CARTESIAN_POINT('',(249.16363428926,215.,24.985685155047));
#230 = CARTESIAN_POINT('',(253.59459552347,0.,26.589712543386));
#231 = CARTESIAN_POINT('',(248.31006663338,215.,24.935808255206));
#232 = CARTESIAN_POINT('',(252.99095328151,0.,26.549962327489));
#233 = CARTESIAN_POINT('',(247.887578624,215.,24.907130964059));
#234 = CARTESIAN_POINT('',(251.81717591357,0.,26.460461986769));
#235 = CARTESIAN_POINT('',(247.06607116834,215.,24.842825167733));
#236 = CARTESIAN_POINT('',(251.2373352808,0.,26.410435043747));
#237 = CARTESIAN_POINT('',(246.66025859356,215.,24.8069880891));
#238 = CARTESIAN_POINT('',(250.11223101139,0.,26.300535916216));
#239 = CARTESIAN_POINT('',(245.87285062965,215.,24.728472281456));
#240 = CARTESIAN_POINT('',(249.55768529143,0.,26.240289568516));
#241 = CARTESIAN_POINT('',(245.48475858191,215.,24.685518464493));
#242 = CARTESIAN_POINT('',(248.4840981616,0.,26.110478734321));
#243 = CARTESIAN_POINT('',(244.73343973693,215.,24.593141307665));
#244 = CARTESIAN_POINT('',(247.95624919158,0.,26.04044794951));
#245 = CARTESIAN_POINT('',(244.36404883857,215.,24.543377455756));
#246 = CARTESIAN_POINT('',(246.93700742124,0.,25.891181318247));
#247 = CARTESIAN_POINT('',(243.65079829545,215.,24.437460217243));
#248 = CARTESIAN_POINT('',(246.43732488346,0.,25.811428825455));
#249 = CARTESIAN_POINT('',(243.30113691522,215.,24.380933441442));
#250 = CARTESIAN_POINT('',(245.475173512,0.,25.643402239078));
#251 = CARTESIAN_POINT('',(242.62787407109,215.,24.2619724157));
#252 = CARTESIAN_POINT('',(245.00497754249,0.,25.554565472308));
#253 = CARTESIAN_POINT('',(242.29886543015,215.,24.199130334334));
#254 = CARTESIAN_POINT('',(244.10276707795,0.,25.368093127956));
#255 = CARTESIAN_POINT('',(241.66758572989,215.,24.067344481299));
#256 = CARTESIAN_POINT('',(243.66361236785,0.,25.269936237254));
#257 = CARTESIAN_POINT('',(241.36031793007,215.,23.998025336644));
#258 = CARTESIAN_POINT('',(242.8242064255,0.,25.065325532938));
#259 = CARTESIAN_POINT('',(240.77302333143,215.,23.853641355895));
#260 = CARTESIAN_POINT('',(242.41743478748,0.,24.958395600079));
#261 = CARTESIAN_POINT('',(240.48843442171,215.,23.778231148437));
#262 = CARTESIAN_POINT('',(241.64383856206,0.,24.736265300233));
#263 = CARTESIAN_POINT('',(239.94722701536,215.,23.621685584915));
#264 = CARTESIAN_POINT('',(241.27111350789,0.,24.620730893798));
#265 = CARTESIAN_POINT('',(239.6864795873,215.,23.540307767023));
#266 = CARTESIAN_POINT('',(240.5661468142,0.,24.382706430604));
#267 = CARTESIAN_POINT('',(239.1933262365,215.,23.37275252479));
#268 = CARTESIAN_POINT('',(240.22864651141,0.,24.260007606959));
#269 = CARTESIAN_POINT('',(238.95724246352,215.,23.286416656601));
#270 = CARTESIAN_POINT('',(239.59532576573,0.,24.007606250473));
#271 = CARTESIAN_POINT('',(238.51425211391,215.,23.108912504158));
#272 = CARTESIAN_POINT('',(239.29481264614,0.,23.878017589746));
#273 = CARTESIAN_POINT('',(238.30406227637,215.,23.017816570336));
#274 = CARTESIAN_POINT('',(238.73589976382,0.,23.613767049369));
#275 = CARTESIAN_POINT('',(237.91315601587,215.,22.83214898846));
#276 = CARTESIAN_POINT('',(238.47336632641,0.,23.479487207429));
#277 = CARTESIAN_POINT('',(237.72955013605,215.,22.737833670969));
#278 = CARTESIAN_POINT('',(237.99219184811,0.,23.206982325683));
#279 = CARTESIAN_POINT('',(237.39305140746,215.,22.546518233858));
#280 = CARTESIAN_POINT('',(237.76976111294,0.,23.069675915674));
#281 = CARTESIAN_POINT('',(237.23750805327,215.,22.450153834122));
#282 = CARTESIAN_POINT('',(237.36862595378,0.,22.794427791088));
#283 = CARTESIAN_POINT('',(236.95700763785,215.,22.257057778101));
#284 = CARTESIAN_POINT('',(237.18644788473,0.,22.657788631359));
#285 = CARTESIAN_POINT('',(236.82962466167,215.,22.16122797812));
#286 = CARTESIAN_POINT('',(236.86635038237,0.,22.386501758951));
#287 = CARTESIAN_POINT('',(236.60580918495,215.,21.971034463284));
#288 = CARTESIAN_POINT('',(236.7248932985,0.,22.253685696841));
#289 = CARTESIAN_POINT('',(236.50690329566,215.,21.877945600313));
#290 = CARTESIAN_POINT('',(236.48407614418,0.,21.996248446545));
#291 = CARTESIAN_POINT('',(236.33851982779,215.,21.697566432024));
#292 = CARTESIAN_POINT('',(236.38117414166,0.,21.873791617741));
#293 = CARTESIAN_POINT('',(236.26657520696,215.,21.611779862772));
#294 = CARTESIAN_POINT('',(236.22318611468,0.,21.640357909288));
#295 = CARTESIAN_POINT('',(236.1561084726,215.,21.448294293563));
#296 = CARTESIAN_POINT('',(236.16233434425,0.,21.532708469796));
#297 = CARTESIAN_POINT('',(236.11355552898,215.,21.372918201102));
#298 = CARTESIAN_POINT('',(236.07518360597,0.,21.339605888473));
#299 = CARTESIAN_POINT('',(236.0525996257,215.,21.237726187043));
#300 = CARTESIAN_POINT('',(236.04391614041,0.,21.256342790177));
#301 = CARTESIAN_POINT('',(236.03072879052,215.,21.179438260338));
#302 = CARTESIAN_POINT('',(236.01308234515,0.,21.118666406116));
#303 = CARTESIAN_POINT('',(236.00915655087,215.,21.083063163488));
#304 = CARTESIAN_POINT('',(236.00582290454,0.,21.066036686464));
#305 = CARTESIAN_POINT('',(236.00407553866,215.,21.046222908816));
#306 = CARTESIAN_POINT('',(236.00111104201,0.,20.995653571111));
#307 = CARTESIAN_POINT('',(236.00077758265,215.,20.996955337336));
#308 = CARTESIAN_POINT('',(236.00034688984,-0.,20.978004815056));
#309 = CARTESIAN_POINT('',(236.00024273158,215.,20.984601347622));
#310 = CARTESIAN_POINT('',(236.00004211951,0.,20.960345956879));
#311 = CARTESIAN_POINT('',(236.00002941647,215.,20.972240245888));
#312 = DEFINITIONAL_REPRESENTATION('',(#313),#317);
#313 = LINE('',#314,#315);
#314 = CARTESIAN_POINT('',(0.,0.));
#315 = VECTOR('',#316,1.);
#316 = DIRECTION('',(0.,1.));
#317 = ( GEOMETRIC_REPRESENTATION_CONTEXT(2) 
PARAMETRIC_REPRESENTATION_CONTEXT() REPRESENTATION_CONTEXT('2D SPACE',''
  ) );
#318 = PCURVE('',#319,#324);
#319 = PLANE('',#320);
#320 = AXIS2_PLACEMENT_3D('',#321,#322,#323);
#321 = CARTESIAN_POINT('',(305.94165311782,215.,18.107309358666));
#322 = DIRECTION('',(-0.989801567463,-0.138196031911,3.456463237994E-02)
  );
#323 = DIRECTION('',(3.489949670249E-02,-8.673617379884E-19,
    0.999390827019));
#324 = DEFINITIONAL_REPRESENTATION('',(#325),#328);
#325 = B_SPLINE_CURVE_WITH_KNOTS('',1,(#326,#327),.UNSPECIFIED.,.F.,.F.,
  (2,2),(0.,1.),.PIECEWISE_BEZIER_KNOTS.);
#326 = CARTESIAN_POINT('',(0.9,-217.0829334609));
#327 = CARTESIAN_POINT('',(0.9,0.));
#328 = ( GEOMETRIC_REPRESENTATION_CONTEXT(2) 
PARAMETRIC_REPRESENTATION_CONTEXT() REPRESENTATION_CONTEXT('2D SPACE',''
  ) );
#329 = ORIENTED_EDGE('',*,*,#330,.F.);
#330 = EDGE_CURVE('',#331,#22,#333,.T.);
#331 = VERTEX_POINT('',#332);
#332 = CARTESIAN_POINT('',(304.03612872396,70.4,21.006835552608));
#333 = SURFACE_CURVE('',#334,(#442,#553),.PCURVE_S1.);
#334 = B_SPLINE_CURVE_WITH_KNOTS('',8,(#335,#336,#337,#338,#339,#340,
    #341,#342,#343,#344,#345,#346,#347,#348,#349,#350,#351,#352,#353,
    #354,#355,#356,#357,#358,#359,#360,#361,#362,#363,#364,#365,#366,
    #367,#368,#369,#370,#371,#372,#373,#374,#375,#376,#377,#378,#379,
    #380,#381,#382,#383,#384,#385,#386,#387,#388,#389,#390,#391,#392,
    #393,#394,#395,#396,#397,#398,#399,#400,#401,#402,#403,#404,#405,
    #406,#407,#408,#409,#410,#411,#412,#413,#414,#415,#416,#417,#418,
    #419,#420,#421,#422,#423,#424,#425,#426,#427,#428,#429,#430,#431,
    #432,#433,#434,#435,#436,#437,#438,#439,#440,#441),.UNSPECIFIED.,.F.
  ,.F.,(9,7,7,7,7,7,7,7,7,7,7,7,7,7,7,9),(0.,0.100540665097,
    0.201831056978,0.351740893492,0.408463545688,0.505702377255,
    0.57863150307,0.635354155701,0.720438147581,0.765005962128,
    0.809573794738,0.854141642187,0.890606262748,0.943277408009,
    0.971638791517,1.),.UNSPECIFIED.);
#335 = CARTESIAN_POINT('',(303.59135821248,70.4,21.083352106237));
#336 = CARTESIAN_POINT('',(303.87295700723,70.4,21.034834954602));
#337 = CARTESIAN_POINT('',(304.15457216923,70.4,20.986414747224));
#338 = CARTESIAN_POINT('',(304.4362062728,70.4,20.938099957538));
#339 = CARTESIAN_POINT('',(304.71786162168,70.4,20.889912925945));
#340 = CARTESIAN_POINT('',(304.9995395478,70.4,20.841858597086));
#341 = CARTESIAN_POINT('',(305.28124204488,70.4,20.793944516825));
#342 = CARTESIAN_POINT('',(305.56297282287,70.4,20.746199633042));
#343 = CARTESIAN_POINT('',(306.12859800081,70.4,20.650724601615));
#344 = CARTESIAN_POINT('',(306.41249281125,70.4,20.602997567791));
#345 = CARTESIAN_POINT('',(306.69642241745,70.4,20.555477405333));
#346 = CARTESIAN_POINT('',(306.98038984735,70.4,20.508183151841));
#347 = CARTESIAN_POINT('',(307.26439803966,70.4,20.461133820026));
#348 = CARTESIAN_POINT('',(307.54844984391,70.4,20.41434839771));
#349 = CARTESIAN_POINT('',(307.83254802038,70.4,20.36784584783));
#350 = CARTESIAN_POINT('',(308.53723328402,70.4,20.253267988335));
#351 = CARTESIAN_POINT('',(308.95787849234,70.4,20.185550640406));
#352 = CARTESIAN_POINT('',(309.3786435691,70.4,20.118573292601));
#353 = CARTESIAN_POINT('',(309.79952103326,70.4,20.052313694362));
#354 = CARTESIAN_POINT('',(310.22052786918,70.4,19.98687015578));
#355 = CARTESIAN_POINT('',(310.64165926296,70.4,19.922237282623));
#356 = CARTESIAN_POINT('',(311.06292215472,70.4,19.858470779483));
#357 = CARTESIAN_POINT('',(311.64376650124,70.4,19.771813679369));
#358 = CARTESIAN_POINT('',(311.80323323526,70.4,19.748154335381));
#359 = CARTESIAN_POINT('',(311.96271928197,70.4,19.724625219469));
#360 = CARTESIAN_POINT('',(312.12222470335,70.4,19.701227646267));
#361 = CARTESIAN_POINT('',(312.28174955382,70.4,19.677962900004));
#362 = CARTESIAN_POINT('',(312.44129388027,70.4,19.654832234495));
#363 = CARTESIAN_POINT('',(312.60085772204,70.4,19.631836873148));
#364 = CARTESIAN_POINT('',(313.03401263262,70.4,19.569791384944));
#365 = CARTESIAN_POINT('',(313.30764151526,70.4,19.531005378211));
#366 = CARTESIAN_POINT('',(313.58132873107,70.4,19.492631354099));
#367 = CARTESIAN_POINT('',(313.85507261376,70.4,19.454663006529));
#368 = CARTESIAN_POINT('',(314.12887263805,70.4,19.417101736372));
#369 = CARTESIAN_POINT('',(314.40272861357,70.4,19.379951214588));
#370 = CARTESIAN_POINT('',(314.67663931915,70.4,19.343208219321));
#371 = CARTESIAN_POINT('',(315.15607857185,70.4,19.279628297885));
#372 = CARTESIAN_POINT('',(315.36158329153,70.4,19.252611898612));
#373 = CARTESIAN_POINT('',(315.56711785447,70.4,19.225822282507));
#374 = CARTESIAN_POINT('',(315.77268432039,70.4,19.199279319598));
#375 = CARTESIAN_POINT('',(315.97827848549,70.4,19.17294997684));
#376 = CARTESIAN_POINT('',(316.18390365761,70.4,19.146865123549));
#377 = CARTESIAN_POINT('',(316.38955938071,70.4,19.121022852076));
#378 = CARTESIAN_POINT('',(316.75522475512,70.4,19.075524849692));
#379 = CARTESIAN_POINT('',(316.91522213182,70.4,19.055770461089));
#380 = CARTESIAN_POINT('',(317.07523848759,70.4,19.036169947324));
#381 = CARTESIAN_POINT('',(317.23527399399,70.4,19.016726074401));
#382 = CARTESIAN_POINT('',(317.39532879177,70.4,18.997441486773));
#383 = CARTESIAN_POINT('',(317.55540299079,70.4,18.978318707341));
#384 = CARTESIAN_POINT('',(317.71549667007,70.4,18.959360137459));
#385 = CARTESIAN_POINT('',(318.1157797258,70.4,18.912379931848));
#386 = CARTESIAN_POINT('',(318.35599354749,70.4,18.884566608406));
#387 = CARTESIAN_POINT('',(318.59625184978,70.4,18.857138435787));
#388 = CARTESIAN_POINT('',(318.83655344691,70.4,18.830088154575));
#389 = CARTESIAN_POINT('',(319.07690268909,70.4,18.803467867893));
#390 = CARTESIAN_POINT('',(319.31729756329,70.4,18.77726234191));
#391 = CARTESIAN_POINT('',(319.5577399588,70.4,18.75149688219));
#392 = CARTESIAN_POINT('',(319.9242025452,70.4,18.712940508731));
#393 = CARTESIAN_POINT('',(320.05018739664,70.4,18.699813648934));
#394 = CARTESIAN_POINT('',(320.17618575356,70.4,18.686816774423));
#395 = CARTESIAN_POINT('',(320.30219778545,70.4,18.673952964181));
#396 = CARTESIAN_POINT('',(320.42822364598,70.4,18.661225286281));
#397 = CARTESIAN_POINT('',(320.55426347304,70.4,18.64863679788));
#398 = CARTESIAN_POINT('',(320.68031738869,70.4,18.636190545228));
#399 = CARTESIAN_POINT('',(320.93245366077,70.4,18.611588577105));
#400 = CARTESIAN_POINT('',(321.05853604872,70.4,18.599433791644));
#401 = CARTESIAN_POINT('',(321.18463235235,70.4,18.587422840979));
#402 = CARTESIAN_POINT('',(321.31074366486,70.4,18.575571174327));
#403 = CARTESIAN_POINT('',(321.43686918033,70.4,18.563870479231));
#404 = CARTESIAN_POINT('',(321.5630084484,70.4,18.552317307771));
#405 = CARTESIAN_POINT('',(321.68916338523,70.4,18.540938354099));
#406 = CARTESIAN_POINT('',(321.94150513622,70.4,18.51853930457));
#407 = CARTESIAN_POINT('',(322.06769195746,70.4,18.507520309939));
#408 = CARTESIAN_POINT('',(322.1938951944,70.4,18.496691226637));
#409 = CARTESIAN_POINT('',(322.32011582513,70.4,18.486064899196));
#410 = CARTESIAN_POINT('',(322.44635454865,70.4,18.475652748617));
#411 = CARTESIAN_POINT('',(322.57261152084,70.4,18.465463100664));
#412 = CARTESIAN_POINT('',(322.69888659259,70.4,18.455502731208));
#413 = CARTESIAN_POINT('',(322.92851111227,70.4,18.437827995234));
#414 = CARTESIAN_POINT('',(323.03185456252,70.4,18.430035869427));
#415 = CARTESIAN_POINT('',(323.13521026801,70.4,18.42240540635));
#416 = CARTESIAN_POINT('',(323.23857837514,70.4,18.41494276947));
#417 = CARTESIAN_POINT('',(323.34195920625,70.4,18.407658065895));
#418 = CARTESIAN_POINT('',(323.44535315609,70.4,18.400563281741));
#419 = CARTESIAN_POINT('',(323.5487605884,70.4,18.393670217484));
#420 = CARTESIAN_POINT('',(323.80156790502,70.4,18.377336937981));
#421 = CARTESIAN_POINT('',(323.95098267687,70.4,18.368129134625));
#422 = CARTESIAN_POINT('',(324.10042669344,70.4,18.359378344429));
#423 = CARTESIAN_POINT('',(324.24990132793,70.4,18.351170488404));
#424 = CARTESIAN_POINT('',(324.39940478789,70.4,18.34352351979));
#425 = CARTESIAN_POINT('',(324.54894210584,70.4,18.336512546326));
#426 = CARTESIAN_POINT('',(324.69850693007,70.4,18.330167277669));
#427 = CARTESIAN_POINT('',(324.92864860157,70.4,18.321508651977));
#428 = CARTESIAN_POINT('',(325.00920597972,70.4,18.318686393165));
#429 = CARTESIAN_POINT('',(325.08977083204,70.4,18.31607893301));
#430 = CARTESIAN_POINT('',(325.17034274952,70.4,18.313693766022));
#431 = CARTESIAN_POINT('',(325.25092123755,70.4,18.311539342581));
#432 = CARTESIAN_POINT('',(325.33150571593,70.4,18.309625068932));
#433 = CARTESIAN_POINT('',(325.41209551883,70.4,18.30796130719));
#434 = CARTESIAN_POINT('',(325.57328377345,70.4,18.305157452131));
#435 = CARTESIAN_POINT('',(325.65388301238,70.4,18.30400227941));
#436 = CARTESIAN_POINT('',(325.73448587428,70.4,18.303148627083));
#437 = CARTESIAN_POINT('',(325.81509093612,70.4,18.302612447456));
#438 = CARTESIAN_POINT('',(325.89569708918,70.4,18.302370875227));
#439 = CARTESIAN_POINT('',(325.97630353909,70.4,18.302362227485));
#440 = CARTESIAN_POINT('',(326.05690980577,70.4,18.302486003716));
#441 = CARTESIAN_POINT('',(326.13751572349,70.4,18.302602885795));
#442 = PCURVE('',#31,#443);
#443 = DEFINITIONAL_REPRESENTATION('',(#444),#552);
#444 = B_SPLINE_CURVE_WITH_KNOTS('',8,(#445,#446,#447,#448,#449,#450,
    #451,#452,#453,#454,#455,#456,#457,#458,#459,#460,#461,#462,#463,
    #464,#465,#466,#467,#468,#469,#470,#471,#472,#473,#474,#475,#476,
    #477,#478,#479,#480,#481,#482,#483,#484,#485,#486,#487,#488,#489,
    #490,#491,#492,#493,#494,#495,#496,#497,#498,#499,#500,#501,#502,
    #503,#504,#505,#506,#507,#508,#509,#510,#511,#512,#513,#514,#515,
    #516,#517,#518,#519,#520,#521,#522,#523,#524,#525,#526,#527,#528,
    #529,#530,#531,#532,#533,#534,#535,#536,#537,#538,#539,#540,#541,
    #542,#543,#544,#545,#546,#547,#548,#549,#550,#551),.UNSPECIFIED.,.F.
  ,.F.,(9,7,7,7,7,7,7,7,7,7,7,7,7,7,7,9),(0.,0.100540665097,
    0.201831056978,0.351740893492,0.408463545688,0.505702377255,
    0.57863150307,0.635354155701,0.720438147581,0.765005962128,
    0.809573794738,0.854141642187,0.890606262748,0.943277408009,
    0.971638791517,1.),.UNSPECIFIED.);
#445 = CARTESIAN_POINT('',(25.213746853955,0.327441860465));
#446 = CARTESIAN_POINT('',(24.896870697097,0.327441860465));
#447 = CARTESIAN_POINT('',(24.579994265561,0.327441860465));
#448 = CARTESIAN_POINT('',(24.263118549594,0.327441860465));
#449 = CARTESIAN_POINT('',(23.946242247422,0.327441860465));
#450 = CARTESIAN_POINT('',(23.629365834962,0.327441860465));
#451 = CARTESIAN_POINT('',(23.312490019818,0.327441860465));
#452 = CARTESIAN_POINT('',(22.995613849312,0.327441860465));
#453 = CARTESIAN_POINT('',(22.359498705762,0.327441860465));
#454 = CARTESIAN_POINT('',(22.040259660088,0.327441860465));
#455 = CARTESIAN_POINT('',(21.721020632678,0.327441860465));
#456 = CARTESIAN_POINT('',(21.401781638162,0.327441860465));
#457 = CARTESIAN_POINT('',(21.082542678392,0.327441860465));
#458 = CARTESIAN_POINT('',(20.763303742439,0.327441860465));
#459 = CARTESIAN_POINT('',(20.444064806596,0.327441860465));
#460 = CARTESIAN_POINT('',(19.652351977319,0.327441860465));
#461 = CARTESIAN_POINT('',(19.179878123902,0.327441860465));
#462 = CARTESIAN_POINT('',(18.70740498116,0.327441860465));
#463 = CARTESIAN_POINT('',(18.234930502495,0.327441860465));
#464 = CARTESIAN_POINT('',(17.762457222418,0.327441860465));
#465 = CARTESIAN_POINT('',(17.289983593572,0.327441860465));
#466 = CARTESIAN_POINT('',(16.817509861146,0.327441860465));
#467 = CARTESIAN_POINT('',(16.166262361183,0.327441860465));
#468 = CARTESIAN_POINT('',(15.987488526238,0.327441860465));
#469 = CARTESIAN_POINT('',(15.808714698725,0.327441860465));
#470 = CARTESIAN_POINT('',(15.629940873228,0.327441860465));
#471 = CARTESIAN_POINT('',(15.451167046024,0.327441860465));
#472 = CARTESIAN_POINT('',(15.272393215074,0.327441860465));
#473 = CARTESIAN_POINT('',(15.093619380029,0.327441860465));
#474 = CARTESIAN_POINT('',(14.608376108421,0.327441860465));
#475 = CARTESIAN_POINT('',(14.301906676887,0.327441860465));
#476 = CARTESIAN_POINT('',(13.995437278473,0.327441860465));
#477 = CARTESIAN_POINT('',(13.688967866836,0.327441860465));
#478 = CARTESIAN_POINT('',(13.382498436936,0.327441860465));
#479 = CARTESIAN_POINT('',(13.076029002989,0.327441860465));
#480 = CARTESIAN_POINT('',(12.769559554707,0.327441860465));
#481 = CARTESIAN_POINT('',(12.233238020827,0.327441860465));
#482 = CARTESIAN_POINT('',(12.003385945698,0.327441860465));
#483 = CARTESIAN_POINT('',(11.773533884589,0.327441860465));
#484 = CARTESIAN_POINT('',(11.543681771421,0.327441860465));
#485 = CARTESIAN_POINT('',(11.313829722106,0.327441860465));
#486 = CARTESIAN_POINT('',(11.083977692438,0.327441860465));
#487 = CARTESIAN_POINT('',(10.854125622195,0.327441860465));
#488 = CARTESIAN_POINT('',(10.445499695295,0.327441860465));
#489 = CARTESIAN_POINT('',(10.266725845503,0.327441860465));
#490 = CARTESIAN_POINT('',(10.087951998051,0.327441860465));
#491 = CARTESIAN_POINT('',(9.909178159224,0.327441860465));
#492 = CARTESIAN_POINT('',(9.730404331096,0.327441860465));
#493 = CARTESIAN_POINT('',(9.551630511533,0.327441860465));
#494 = CARTESIAN_POINT('',(9.372856694185,0.327441860465));
#495 = CARTESIAN_POINT('',(8.925922089202,0.327441860465));
#496 = CARTESIAN_POINT('',(8.657761332309,0.327441860465));
#497 = CARTESIAN_POINT('',(8.389600482412,0.327441860465));
#498 = CARTESIAN_POINT('',(8.12143997047,0.327441860465));
#499 = CARTESIAN_POINT('',(7.853279016622,0.327441860465));
#500 = CARTESIAN_POINT('',(7.585118216692,0.327441860465));
#501 = CARTESIAN_POINT('',(7.316957571047,0.327441860465));
#502 = CARTESIAN_POINT('',(6.90833170532,0.327441860465));
#503 = CARTESIAN_POINT('',(6.767866549293,0.327441860465));
#504 = CARTESIAN_POINT('',(6.627401396578,0.327441860465));
#505 = CARTESIAN_POINT('',(6.486936245775,0.327441860465));
#506 = CARTESIAN_POINT('',(6.346471095277,0.327441860465));
#507 = CARTESIAN_POINT('',(6.206005943263,0.327441860465));
#508 = CARTESIAN_POINT('',(6.065540787705,0.327441860465));
#509 = CARTESIAN_POINT('',(5.784610408094,0.327441860465));
#510 = CARTESIAN_POINT('',(5.644145207875,0.327441860465));
#511 = CARTESIAN_POINT('',(5.503680065872,0.327441860465));
#512 = CARTESIAN_POINT('',(5.363214832306,0.327441860465));
#513 = CARTESIAN_POINT('',(5.222749640288,0.327441860465));
#514 = CARTESIAN_POINT('',(5.082284601801,0.327441860465));
#515 = CARTESIAN_POINT('',(4.941819516986,0.327441860465));
#516 = CARTESIAN_POINT('',(4.660889210012,0.327441860465));
#517 = CARTESIAN_POINT('',(4.520424117062,0.327441860465));
#518 = CARTESIAN_POINT('',(4.379958922077,0.327441860465));
#519 = CARTESIAN_POINT('',(4.239493729594,0.327441860465));
#520 = CARTESIAN_POINT('',(4.099028611081,0.327441860465));
#521 = CARTESIAN_POINT('',(3.958563496525,0.327441860465));
#522 = CARTESIAN_POINT('',(3.818098281168,0.327441860465));
#523 = CARTESIAN_POINT('',(3.562707071809,0.327441860465));
#524 = CARTESIAN_POINT('',(3.447780979288,0.327441860465));
#525 = CARTESIAN_POINT('',(3.332854942462,0.327441860465));
#526 = CARTESIAN_POINT('',(3.217928960295,0.327441860465));
#527 = CARTESIAN_POINT('',(3.103002991686,0.327441860465));
#528 = CARTESIAN_POINT('',(2.988076989051,0.327441860465));
#529 = CARTESIAN_POINT('',(2.873150931926,0.327441860465));
#530 = CARTESIAN_POINT('',(2.592220451165,0.327441860465));
#531 = CARTESIAN_POINT('',(2.426215916371,0.327441860465));
#532 = CARTESIAN_POINT('',(2.260212341455,0.327441860465));
#533 = CARTESIAN_POINT('',(2.094207927633,0.327441860465));
#534 = CARTESIAN_POINT('',(1.92820246779,0.327441860465));
#535 = CARTESIAN_POINT('',(1.762199413641,0.327441860465));
#536 = CARTESIAN_POINT('',(1.596195022063,0.327441860465));
#537 = CARTESIAN_POINT('',(1.340803716359,0.327441860465));
#538 = CARTESIAN_POINT('',(1.25141681344,0.327441860465));
#539 = CARTESIAN_POINT('',(1.162029923995,0.327441860465));
#540 = CARTESIAN_POINT('',(1.07264302526,0.327441860465));
#541 = CARTESIAN_POINT('',(0.983256107387,0.327441860465));
#542 = CARTESIAN_POINT('',(0.893869173446,0.327441860465));
#543 = CARTESIAN_POINT('',(0.804482239422,0.327441860465));
#544 = CARTESIAN_POINT('',(0.625708980642,0.327441860465));
#545 = CARTESIAN_POINT('',(0.536322061119,0.327441860465));
#546 = CARTESIAN_POINT('',(0.44693491807,0.327441860465));
#547 = CARTESIAN_POINT('',(0.35754778199,0.327441860465));
#548 = CARTESIAN_POINT('',(0.268160771454,0.327441860465));
#549 = CARTESIAN_POINT('',(0.178773893112,0.327441860465));
#550 = CARTESIAN_POINT('',(8.93870416929E-02,0.327441860465));
#551 = CARTESIAN_POINT('',(0.,0.327441860465));
#552 = ( GEOMETRIC_REPRESENTATION_CONTEXT(2) 
PARAMETRIC_REPRESENTATION_CONTEXT() REPRESENTATION_CONTEXT('2D SPACE',''
  ) );
#553 = PCURVE('',#554,#559);
#554 = PLANE('',#555);
#555 = AXIS2_PLACEMENT_3D('',#556,#557,#558);
#556 = CARTESIAN_POINT('',(386.,70.4,-40.));
#557 = DIRECTION('',(0.,-1.,0.));
#558 = DIRECTION('',(-1.,0.,0.));
#559 = DEFINITIONAL_REPRESENTATION('',(#560),#668);
#560 = B_SPLINE_CURVE_WITH_KNOTS('',8,(#561,#562,#563,#564,#565,#566,
    #567,#568,#569,#570,#571,#572,#573,#574,#575,#576,#577,#578,#579,
    #580,#581,#582,#583,#584,#585,#586,#587,#588,#589,#590,#591,#592,
    #593,#594,#595,#596,#597,#598,#599,#600,#601,#602,#603,#604,#605,
    #606,#607,#608,#609,#610,#611,#612,#613,#614,#615,#616,#617,#618,
    #619,#620,#621,#622,#623,#624,#625,#626,#627,#628,#629,#630,#631,
    #632,#633,#634,#635,#636,#637,#638,#639,#640,#641,#642,#643,#644,
    #645,#646,#647,#648,#649,#650,#651,#652,#653,#654,#655,#656,#657,
    #658,#659,#660,#661,#662,#663,#664,#665,#666,#667),.UNSPECIFIED.,.F.
  ,.F.,(9,7,7,7,7,7,7,7,7,7,7,7,7,7,7,9),(0.,0.100540665097,
    0.201831056978,0.351740893492,0.408463545688,0.505702377255,
    0.57863150307,0.635354155701,0.720438147581,0.765005962128,
    0.809573794738,0.854141642187,0.890606262748,0.943277408009,
    0.971638791517,1.),.UNSPECIFIED.);
#561 = CARTESIAN_POINT('',(82.408641787513,-61.08335210623));
#562 = CARTESIAN_POINT('',(82.127042992769,-61.0348349546));
#563 = CARTESIAN_POINT('',(81.845427830768,-60.98641474722));
#564 = CARTESIAN_POINT('',(81.5637937272,-60.93809995753));
#565 = CARTESIAN_POINT('',(81.282138378318,-60.88991292594));
#566 = CARTESIAN_POINT('',(81.0004604522,-60.84185859708));
#567 = CARTESIAN_POINT('',(80.718757955119,-60.79394451682));
#568 = CARTESIAN_POINT('',(80.437027177127,-60.74619963304));
#569 = CARTESIAN_POINT('',(79.871401999181,-60.65072460161));
#570 = CARTESIAN_POINT('',(79.587507188744,-60.60299756779));
#571 = CARTESIAN_POINT('',(79.303577582543,-60.55547740533));
#572 = CARTESIAN_POINT('',(79.019610152646,-60.50818315184));
#573 = CARTESIAN_POINT('',(78.735601960331,-60.46113382002));
#574 = CARTESIAN_POINT('',(78.451550156089,-60.41434839771));
#575 = CARTESIAN_POINT('',(78.16745197962,-60.36784584783));
#576 = CARTESIAN_POINT('',(77.462766715973,-60.25326798833));
#577 = CARTESIAN_POINT('',(77.042121507658,-60.1855506404));
#578 = CARTESIAN_POINT('',(76.621356430892,-60.1185732926));
#579 = CARTESIAN_POINT('',(76.200478966739,-60.05231369436));
#580 = CARTESIAN_POINT('',(75.779472130813,-59.98687015578));
#581 = CARTESIAN_POINT('',(75.358340737032,-59.92223728262));
#582 = CARTESIAN_POINT('',(74.937077845279,-59.85847077948));
#583 = CARTESIAN_POINT('',(74.356233498758,-59.77181367936));
#584 = CARTESIAN_POINT('',(74.19676676474,-59.74815433538));
#585 = CARTESIAN_POINT('',(74.037280718024,-59.72462521946));
#586 = CARTESIAN_POINT('',(73.877775296644,-59.70122764626));
#587 = CARTESIAN_POINT('',(73.718250446173,-59.6779629));
#588 = CARTESIAN_POINT('',(73.558706119725,-59.65483223449));
#589 = CARTESIAN_POINT('',(73.399142277952,-59.63183687314));
#590 = CARTESIAN_POINT('',(72.965987367375,-59.56979138494));
#591 = CARTESIAN_POINT('',(72.692358484733,-59.53100537821));
#592 = CARTESIAN_POINT('',(72.418671268927,-59.49263135409));
#593 = CARTESIAN_POINT('',(72.144927386234,-59.45466300652));
#594 = CARTESIAN_POINT('',(71.87112736195,-59.41710173637));
#595 = CARTESIAN_POINT('',(71.597271386425,-59.37995121458));
#596 = CARTESIAN_POINT('',(71.323360680849,-59.34320821932));
#597 = CARTESIAN_POINT('',(70.843921428149,-59.27962829788));
#598 = CARTESIAN_POINT('',(70.638416708469,-59.25261189861));
#599 = CARTESIAN_POINT('',(70.432882145526,-59.2258222825));
#600 = CARTESIAN_POINT('',(70.227315679608,-59.19927931959));
#601 = CARTESIAN_POINT('',(70.021721514504,-59.17294997684));
#602 = CARTESIAN_POINT('',(69.816096342389,-59.14686512354));
#603 = CARTESIAN_POINT('',(69.61044061929,-59.12102285207));
#604 = CARTESIAN_POINT('',(69.244775244872,-59.07552484969));
#605 = CARTESIAN_POINT('',(69.084777868173,-59.05577046108));
#606 = CARTESIAN_POINT('',(68.92476151241,-59.03616994732));
#607 = CARTESIAN_POINT('',(68.764726006002,-59.0167260744));
#608 = CARTESIAN_POINT('',(68.604671208224,-58.99744148677));
#609 = CARTESIAN_POINT('',(68.444597009205,-58.97831870734));
#610 = CARTESIAN_POINT('',(68.28450332993,-58.95936013745));
#611 = CARTESIAN_POINT('',(67.884220274192,-58.91237993184));
#612 = CARTESIAN_POINT('',(67.644006452505,-58.8845666084));
#613 = CARTESIAN_POINT('',(67.403748150215,-58.85713843578));
#614 = CARTESIAN_POINT('',(67.16344655309,-58.83008815457));
#615 = CARTESIAN_POINT('',(66.923097310902,-58.80346786789));
#616 = CARTESIAN_POINT('',(66.682702436701,-58.77726234191));
#617 = CARTESIAN_POINT('',(66.442260041198,-58.75149688219));
#618 = CARTESIAN_POINT('',(66.075797454799,-58.71294050873));
#619 = CARTESIAN_POINT('',(65.949812603351,-58.69981364893));
#620 = CARTESIAN_POINT('',(65.823814246432,-58.68681677442));
#621 = CARTESIAN_POINT('',(65.697802214546,-58.67395296418));
#622 = CARTESIAN_POINT('',(65.571776354011,-58.66122528628));
#623 = CARTESIAN_POINT('',(65.445736526951,-58.64863679788));
#624 = CARTESIAN_POINT('',(65.319682611302,-58.63619054522));
#625 = CARTESIAN_POINT('',(65.067546339223,-58.6115885771));
#626 = CARTESIAN_POINT('',(64.94146395128,-58.59943379164));
#627 = CARTESIAN_POINT('',(64.815367647641,-58.58742284097));
#628 = CARTESIAN_POINT('',(64.689256335136,-58.57557117432));
#629 = CARTESIAN_POINT('',(64.563130819665,-58.56387047923));
#630 = CARTESIAN_POINT('',(64.436991551594,-58.55231730777));
#631 = CARTESIAN_POINT('',(64.31083661477,-58.54093835409));
#632 = CARTESIAN_POINT('',(64.058494863777,-58.51853930457));
#633 = CARTESIAN_POINT('',(63.932308042531,-58.50752030993));
#634 = CARTESIAN_POINT('',(63.806104805591,-58.49669122663));
#635 = CARTESIAN_POINT('',(63.679884174862,-58.48606489919));
#636 = CARTESIAN_POINT('',(63.553645451341,-58.47565274861));
#637 = CARTESIAN_POINT('',(63.427388479158,-58.46546310066));
#638 = CARTESIAN_POINT('',(63.301113407408,-58.4555027312));
#639 = CARTESIAN_POINT('',(63.071488887722,-58.43782799523));
#640 = CARTESIAN_POINT('',(62.968145437472,-58.43003586942));
#641 = CARTESIAN_POINT('',(62.86478973199,-58.42240540635));
#642 = CARTESIAN_POINT('',(62.761421624855,-58.41494276947));
#643 = CARTESIAN_POINT('',(62.658040793747,-58.40765806589));
#644 = CARTESIAN_POINT('',(62.554646843904,-58.40056328174));
#645 = CARTESIAN_POINT('',(62.451239411592,-58.39367021748));
#646 = CARTESIAN_POINT('',(62.198432094977,-58.37733693798));
#647 = CARTESIAN_POINT('',(62.049017323121,-58.36812913462));
#648 = CARTESIAN_POINT('',(61.899573306557,-58.35937834442));
#649 = CARTESIAN_POINT('',(61.750098672066,-58.3511704884));
#650 = CARTESIAN_POINT('',(61.600595212107,-58.34352351979));
#651 = CARTESIAN_POINT('',(61.451057894155,-58.33651254632));
#652 = CARTESIAN_POINT('',(61.301493069925,-58.33016727766));
#653 = CARTESIAN_POINT('',(61.071351398423,-58.32150865197));
#654 = CARTESIAN_POINT('',(60.990794020273,-58.31868639316));
#655 = CARTESIAN_POINT('',(60.910229167958,-58.31607893301));
#656 = CARTESIAN_POINT('',(60.829657250479,-58.31369376602));
#657 = CARTESIAN_POINT('',(60.749078762443,-58.31153934258));
#658 = CARTESIAN_POINT('',(60.668494284065,-58.30962506893));
#659 = CARTESIAN_POINT('',(60.587904481166,-58.30796130719));
#660 = CARTESIAN_POINT('',(60.426716226548,-58.30515745213));
#661 = CARTESIAN_POINT('',(60.346116987613,-58.30400227941));
#662 = CARTESIAN_POINT('',(60.265514125714,-58.30314862708));
#663 = CARTESIAN_POINT('',(60.18490906388,-58.30261244745));
#664 = CARTESIAN_POINT('',(60.104302910816,-58.30237087522));
#665 = CARTESIAN_POINT('',(60.023696460908,-58.30236222748));
#666 = CARTESIAN_POINT('',(59.943090194221,-58.30248600371));
#667 = CARTESIAN_POINT('',(59.862484276502,-58.30260288579));
#668 = ( GEOMETRIC_REPRESENTATION_CONTEXT(2) 
PARAMETRIC_REPRESENTATION_CONTEXT() REPRESENTATION_CONTEXT('2D SPACE',''
  ) );
#669 = ORIENTED_EDGE('',*,*,#670,.T.);
#670 = EDGE_CURVE('',#331,#671,#673,.T.);
#671 = VERTEX_POINT('',#672);
#672 = CARTESIAN_POINT('',(304.03185474496,70.440494593423,
    21.006858362353));
#673 = SURFACE_CURVE('',#674,(#701,#731),.PCURVE_S1.);
#674 = B_SPLINE_CURVE_WITH_KNOTS('',4,(#675,#676,#677,#678,#679,#680,
    #681,#682,#683,#684,#685,#686,#687,#688,#689,#690,#691,#692,#693,
    #694,#695,#696,#697,#698,#699,#700),.UNSPECIFIED.,.F.,.F.,(5,3,3,3,3
    ,3,3,3,5),(0.,0.201300337591,0.389149916128,0.497958015695,
    0.598197463334,0.69884155493,0.799095234443,0.89973932821,1.),
  .UNSPECIFIED.);
#675 = CARTESIAN_POINT('',(304.0361423368,70.399871,21.00683547403));
#676 = CARTESIAN_POINT('',(303.39557115102,76.469082899733,
    21.010255016522));
#677 = CARTESIAN_POINT('',(302.75499989034,82.53829477673,
    21.013674367685));
#678 = CARTESIAN_POINT('',(302.11442855061,88.607506629193,
    21.017093516758));
#679 = CARTESIAN_POINT('',(300.87608827379,100.34038945092,
    21.02370293463));
#680 = CARTESIAN_POINT('',(300.27831934754,106.00406042364,
    21.026893231139));
#681 = CARTESIAN_POINT('',(299.6805503443,111.66773137124,
    21.030083330525));
#682 = CARTESIAN_POINT('',(298.73653551014,120.61197004259,
    21.035120900987));
#683 = CARTESIAN_POINT('',(298.39028973339,123.89253778452,
    21.036968510909));
#684 = CARTESIAN_POINT('',(298.0440439284,127.17310551683,
    21.038816048418));
#685 = CARTESIAN_POINT('',(297.37881916428,133.47589582837,
    21.042365485657));
#686 = CARTESIAN_POINT('',(297.05984020957,136.49811840912,
    21.044067396723));
#687 = CARTESIAN_POINT('',(296.74086122932,139.52034098092,
    21.045769242226));
#688 = CARTESIAN_POINT('',(296.10161557006,145.57698613404,
    21.049179667515));
#689 = CARTESIAN_POINT('',(295.78134889084,148.61140871528,
    21.050888246754));
#690 = CARTESIAN_POINT('',(295.46108218421,151.64583128664,
    21.052596755574));
#691 = CARTESIAN_POINT('',(294.82179107245,157.7029054718,
    21.056007000405));
#692 = CARTESIAN_POINT('',(294.50276666755,160.72555708569,
    21.057708736977));
#693 = CARTESIAN_POINT('',(294.18374223366,163.74820868878,
    21.059410399003));
#694 = CARTESIAN_POINT('',(293.54445094064,169.80528287432,
    21.06282019529));
#695 = CARTESIAN_POINT('',(293.22418408128,172.83970545668,
    21.06452832895));
#696 = CARTESIAN_POINT('',(292.90391719075,175.87412802705,
    21.06623638234));
#697 = CARTESIAN_POINT('',(292.2646034603,181.93141295803,
    21.069645816131));
#698 = CARTESIAN_POINT('',(291.94555662063,184.95427531873,
    21.071347197162));
#699 = CARTESIAN_POINT('',(291.62650974791,187.97713766629,
    21.073048492956));
#700 = CARTESIAN_POINT('',(291.30746284099,191.,21.074749700466));
#701 = PCURVE('',#31,#702);
#702 = DEFINITIONAL_REPRESENTATION('',(#703),#730);
#703 = B_SPLINE_CURVE_WITH_KNOTS('',4,(#704,#705,#706,#707,#708,#709,
    #710,#711,#712,#713,#714,#715,#716,#717,#718,#719,#720,#721,#722,
    #723,#724,#725,#726,#727,#728,#729),.UNSPECIFIED.,.F.,.F.,(5,3,3,3,3
    ,3,3,3,5),(0.,0.201300337591,0.389149916128,0.497958015695,
    0.598197463334,0.69884155493,0.799095234443,0.89973932821,1.),
  .UNSPECIFIED.);
#704 = CARTESIAN_POINT('',(24.713278833221,0.327441260465));
#705 = CARTESIAN_POINT('',(24.715146409685,0.355670153022));
#706 = CARTESIAN_POINT('',(24.717060808189,0.383899045473));
#707 = CARTESIAN_POINT('',(24.719024660917,0.41212793781));
#708 = CARTESIAN_POINT('',(24.722922680356,0.466699485818));
#709 = CARTESIAN_POINT('',(24.724850066124,0.493042141505));
#710 = CARTESIAN_POINT('',(24.726825688291,0.519384797076));
#711 = CARTESIAN_POINT('',(24.730026397277,0.560985907175));
#712 = CARTESIAN_POINT('',(24.731217508881,0.576244361788));
#713 = CARTESIAN_POINT('',(24.732426339422,0.591502816357));
#714 = CARTESIAN_POINT('',(24.734784030431,0.620818120132));
#715 = CARTESIAN_POINT('',(24.735930117115,0.634874969345));
#716 = CARTESIAN_POINT('',(24.737092246128,0.648931818516));
#717 = CARTESIAN_POINT('',(24.739454393671,0.677102261089));
#718 = CARTESIAN_POINT('',(24.74065454645,0.69121585449));
#719 = CARTESIAN_POINT('',(24.741871928857,0.705329447845));
#720 = CARTESIAN_POINT('',(24.74433751552,0.733501885915));
#721 = CARTESIAN_POINT('',(24.745585582163,0.747560730631));
#722 = CARTESIAN_POINT('',(24.746851888143,0.761619575297));
#723 = CARTESIAN_POINT('',(24.749427228015,0.789792013369));
#724 = CARTESIAN_POINT('',(24.750736409402,0.803905606775));
#725 = CARTESIAN_POINT('',(24.752065229308,0.818019200126));
#726 = CARTESIAN_POINT('',(24.754758383049,0.846192618409));
#727 = CARTESIAN_POINT('',(24.756122562649,0.860252443343));
#728 = CARTESIAN_POINT('',(24.75750759534,0.874312268215));
#729 = CARTESIAN_POINT('',(24.758914226509,0.888372093023));
#730 = ( GEOMETRIC_REPRESENTATION_CONTEXT(2) 
PARAMETRIC_REPRESENTATION_CONTEXT() REPRESENTATION_CONTEXT('2D SPACE',''
  ) );
#731 = PCURVE('',#732,#737);
#732 = B_SPLINE_SURFACE_WITH_KNOTS('',1,1,(
    (#733,#734)
    ,(#735,#736
    )),.UNSPECIFIED.,.F.,.F.,.F.,(2,2),(2,2),(0.,6.471208456066),(0.,1.)
  ,.PIECEWISE_BEZIER_KNOTS.);
#733 = CARTESIAN_POINT('',(305.83837752167,69.,25.101044965951));
#734 = CARTESIAN_POINT('',(293.07871324182,191.,25.45874828168));
#735 = CARTESIAN_POINT('',(303.41422016666,69.,19.101044965951));
#736 = CARTESIAN_POINT('',(290.65455588681,191.,19.45874828168));
#737 = DEFINITIONAL_REPRESENTATION('',(#738),#765);
#738 = B_SPLINE_CURVE_WITH_KNOTS('',4,(#739,#740,#741,#742,#743,#744,
    #745,#746,#747,#748,#749,#750,#751,#752,#753,#754,#755,#756,#757,
    #758,#759,#760,#761,#762,#763,#764),.UNSPECIFIED.,.F.,.F.,(5,3,3,3,3
    ,3,3,3,5),(0.,0.201300337591,0.389149916128,0.497958015695,
    0.598197463334,0.69884155493,0.799095234443,0.89973932821,1.),
  .UNSPECIFIED.);
#739 = CARTESIAN_POINT('',(4.420173933862,1.147435250022E-02));
#740 = CARTESIAN_POINT('',(4.435678251212,6.122199090417E-02));
#741 = CARTESIAN_POINT('',(4.451182774927,0.110969629386));
#742 = CARTESIAN_POINT('',(4.466687516451,0.160717267427));
#743 = CARTESIAN_POINT('',(4.496661430065,0.256888438122));
#744 = CARTESIAN_POINT('',(4.511130572243,0.303311970686));
#745 = CARTESIAN_POINT('',(4.525599926946,0.349735503043));
#746 = CARTESIAN_POINT('',(4.548450720833,0.423048934775));
#747 = CARTESIAN_POINT('',(4.556832010325,0.449938834299));
#748 = CARTESIAN_POINT('',(4.565213377886,0.476828733745));
#749 = CARTESIAN_POINT('',(4.581316234434,0.528490949413));
#750 = CARTESIAN_POINT('',(4.589037711199,0.553263265649));
#751 = CARTESIAN_POINT('',(4.596759258648,0.578035581811));
#752 = CARTESIAN_POINT('',(4.612233669961,0.627680214213));
#753 = CARTESIAN_POINT('',(4.619986534418,0.652552530453));
#754 = CARTESIAN_POINT('',(4.627739474791,0.677424846612));
#755 = CARTESIAN_POINT('',(4.643215437446,0.727072995671));
#756 = CARTESIAN_POINT('',(4.650938459121,0.751848828571));
#757 = CARTESIAN_POINT('',(4.658661561164,0.776624661383));
#758 = CARTESIAN_POINT('',(4.67413800759,0.826272810445));
#759 = CARTESIAN_POINT('',(4.681891352622,0.851145126694));
#760 = CARTESIAN_POINT('',(4.689644784189,0.876017442845));
#761 = CARTESIAN_POINT('',(4.705122288011,0.925667319328));
#762 = CARTESIAN_POINT('',(4.712846359587,0.950444879662));
#763 = CARTESIAN_POINT('',(4.720570523051,0.975222439888));
#764 = CARTESIAN_POINT('',(4.728294781689,1.));
#765 = ( GEOMETRIC_REPRESENTATION_CONTEXT(2) 
PARAMETRIC_REPRESENTATION_CONTEXT() REPRESENTATION_CONTEXT('2D SPACE',''
  ) );
#766 = ORIENTED_EDGE('',*,*,#767,.T.);
#767 = EDGE_CURVE('',#671,#768,#770,.T.);
#768 = VERTEX_POINT('',#769);
#769 = CARTESIAN_POINT('',(304.6868286662,70.509329154965,
    20.893442692966));
#770 = SURFACE_CURVE('',#771,(#780,#792),.PCURVE_S1.);
#771 = B_SPLINE_CURVE_WITH_KNOTS('',7,(#772,#773,#774,#775,#776,#777,
    #778,#779),.UNSPECIFIED.,.F.,.F.,(8,8),(0.,1.),
  .PIECEWISE_BEZIER_KNOTS.);
#772 = CARTESIAN_POINT('',(303.99201252407,70.436307314628,
    21.013776526347));
#773 = CARTESIAN_POINT('',(304.23320472286,70.461655793643,
    20.971889980355));
#774 = CARTESIAN_POINT('',(304.47439915998,70.487004252295,
    20.930090223541));
#775 = CARTESIAN_POINT('',(304.71559691541,70.512352785051,
    20.888383559674));
#776 = CARTESIAN_POINT('',(304.9568008063,70.537701635559,
    20.846787380459));
#777 = CARTESIAN_POINT('',(305.19800986664,70.563050722091,
    20.805295101422));
#778 = CARTESIAN_POINT('',(305.43922800422,70.588400381529,
    20.763931219843));
#779 = CARTESIAN_POINT('',(305.68045678998,70.613750749713,
    20.722705441428));
#780 = PCURVE('',#31,#781);
#781 = DEFINITIONAL_REPRESENTATION('',(#782),#791);
#782 = B_SPLINE_CURVE_WITH_KNOTS('',7,(#783,#784,#785,#786,#787,#788,
    #789,#790),.UNSPECIFIED.,.F.,.F.,(8,8),(0.,1.),
  .PIECEWISE_BEZIER_KNOTS.);
#783 = CARTESIAN_POINT('',(24.758619585588,0.327610731696));
#784 = CARTESIAN_POINT('',(24.48421731296,0.327728631598));
#785 = CARTESIAN_POINT('',(24.209803766777,0.327846531403));
#786 = CARTESIAN_POINT('',(23.935378962469,0.327964431568));
#787 = CARTESIAN_POINT('',(23.660942798271,0.328082333176));
#788 = CARTESIAN_POINT('',(23.386495461723,0.328200235926));
#789 = CARTESIAN_POINT('',(23.112036793831,0.328318141308));
#790 = CARTESIAN_POINT('',(22.837566799774,0.328436049997));
#791 = ( GEOMETRIC_REPRESENTATION_CONTEXT(2) 
PARAMETRIC_REPRESENTATION_CONTEXT() REPRESENTATION_CONTEXT('2D SPACE',''
  ) );
#792 = PCURVE('',#793,#798);
#793 = PLANE('',#794);
#794 = AXIS2_PLACEMENT_3D('',#795,#796,#797);
#795 = CARTESIAN_POINT('',(303.59135821248,70.4,19.105149758099));
#796 = DIRECTION('',(-0.104019604147,0.994570972053,2.916076511733E-03)
  );
#797 = DIRECTION('',(0.994575200748,0.104020046415,0.));
#798 = DEFINITIONAL_REPRESENTATION('',(#799),#808);
#799 = B_SPLINE_CURVE_WITH_KNOTS('',7,(#800,#801,#802,#803,#804,#805,
    #806,#807),.UNSPECIFIED.,.F.,.F.,(8,8),(0.,1.),
  .PIECEWISE_BEZIER_KNOTS.);
#800 = CARTESIAN_POINT('',(0.402257530932,-1.908634883305));
#801 = CARTESIAN_POINT('',(0.644778060421,-1.866748159222));
#802 = CARTESIAN_POINT('',(0.88730081399,-1.824948224684));
#803 = CARTESIAN_POINT('',(1.129826875569,-1.78324138349));
#804 = CARTESIAN_POINT('',(1.372359072375,-1.741645027417));
#805 = CARTESIAN_POINT('',(1.614896435143,-1.700152571964));
#806 = CARTESIAN_POINT('',(1.857442885505,-1.658788514515));
#807 = CARTESIAN_POINT('',(2.1,-1.617562560817));
#808 = ( GEOMETRIC_REPRESENTATION_CONTEXT(2) 
PARAMETRIC_REPRESENTATION_CONTEXT() REPRESENTATION_CONTEXT('2D SPACE',''
  ) );
#809 = ORIENTED_EDGE('',*,*,#810,.T.);
#810 = EDGE_CURVE('',#768,#811,#813,.T.);
#811 = VERTEX_POINT('',#812);
#812 = CARTESIAN_POINT('',(303.48417860603,82.634883212119,
    20.887176154879));
#813 = SURFACE_CURVE('',#814,(#820,#829),.PCURVE_S1.);
#814 = B_SPLINE_CURVE_WITH_KNOTS('',4,(#815,#816,#817,#818,#819),
  .UNSPECIFIED.,.F.,.F.,(5,5),(0.,1.),.PIECEWISE_BEZIER_KNOTS.);
#815 = CARTESIAN_POINT('',(304.68682872524,70.509328557862,
    20.893442693308));
#816 = CARTESIAN_POINT('',(304.38711353706,73.540810855475,
    20.891709048868));
#817 = CARTESIAN_POINT('',(304.08670770386,76.57222520554,
    20.890097029079));
#818 = CARTESIAN_POINT('',(303.78570886737,79.603580890363,
    20.888589632639));
#819 = CARTESIAN_POINT('',(303.48417854664,82.634883809183,20.8871761546
    ));
#820 = PCURVE('',#31,#821);
#821 = DEFINITIONAL_REPRESENTATION('',(#822),#828);
#822 = B_SPLINE_CURVE_WITH_KNOTS('',4,(#823,#824,#825,#826,#827),
  .UNSPECIFIED.,.F.,.F.,(5,5),(0.,1.),.PIECEWISE_BEZIER_KNOTS.);
#823 = CARTESIAN_POINT('',(23.968106209278,0.327950365354));
#824 = CARTESIAN_POINT('',(23.942771394464,0.342050283018));
#825 = CARTESIAN_POINT('',(23.917905191485,0.356149884738));
#826 = CARTESIAN_POINT('',(23.893409937728,0.370249213425));
#827 = CARTESIAN_POINT('',(23.869222435151,0.384348296769));
#828 = ( GEOMETRIC_REPRESENTATION_CONTEXT(2) 
PARAMETRIC_REPRESENTATION_CONTEXT() REPRESENTATION_CONTEXT('2D SPACE',''
  ) );
#829 = PCURVE('',#830,#835);
#830 = CYLINDRICAL_SURFACE('',#831,2.1);
#831 = AXIS2_PLACEMENT_3D('',#832,#833,#834);
#832 = CARTESIAN_POINT('',(303.59135821248,70.4,19.105149758099));
#833 = DIRECTION('',(-0.104019604147,0.994570972053,2.916076511733E-03)
  );
#834 = DIRECTION('',(0.994575200748,0.104020046415,0.));
#835 = DEFINITIONAL_REPRESENTATION('',(#836),#842);
#836 = B_SPLINE_CURVE_WITH_KNOTS('',4,(#837,#838,#839,#840,#841),
  .UNSPECIFIED.,.F.,.F.,(5,5),(0.,1.),.PIECEWISE_BEZIER_KNOTS.);
#837 = CARTESIAN_POINT('',(5.264209235957,-6.000003311336E-07));
#838 = CARTESIAN_POINT('',(5.273852825127,3.046194895289));
#839 = CARTESIAN_POINT('',(5.283184656999,6.09239500721));
#840 = CARTESIAN_POINT('',(5.29225106296,9.13859876144));
#841 = CARTESIAN_POINT('',(5.30108110783,12.18480559479));
#842 = ( GEOMETRIC_REPRESENTATION_CONTEXT(2) 
PARAMETRIC_REPRESENTATION_CONTEXT() REPRESENTATION_CONTEXT('2D SPACE',''
  ) );
#843 = ORIENTED_EDGE('',*,*,#844,.F.);
#844 = EDGE_CURVE('',#845,#811,#847,.T.);
#845 = VERTEX_POINT('',#846);
#846 = CARTESIAN_POINT('',(302.75291674867,82.558031502513,
    21.013685385728));
#847 = SURFACE_CURVE('',#848,(#857,#869),.PCURVE_S1.);
#848 = B_SPLINE_CURVE_WITH_KNOTS('',7,(#849,#850,#851,#852,#853,#854,
    #855,#856),.UNSPECIFIED.,.F.,.F.,(8,8),(0.,1.),
  .PIECEWISE_BEZIER_KNOTS.);
#849 = CARTESIAN_POINT('',(302.71709899779,82.554267191502,
    21.019901337948));
#850 = CARTESIAN_POINT('',(302.95935493684,82.579727396909,
    20.977853621558));
#851 = CARTESIAN_POINT('',(303.20161294782,82.60518755744,
    20.935895118951));
#852 = CARTESIAN_POINT('',(303.44387421539,82.63064777659,
    20.894032789403));
#853 = CARTESIAN_POINT('',(303.68614160472,82.65610830227,
    20.852284283051));
#854 = CARTESIAN_POINT('',(303.92841414736,82.681569052511,
    20.810643010723));
#855 = CARTESIAN_POINT('',(304.17069607497,82.707030392091,
    20.769135508187));
#856 = CARTESIAN_POINT('',(304.41298895658,82.732492456629,
    20.727771488661));
#857 = PCURVE('',#31,#858);
#858 = DEFINITIONAL_REPRESENTATION('',(#859),#868);
#859 = B_SPLINE_CURVE_WITH_KNOTS('',7,(#860,#861,#862,#863,#864,#865,
    #866,#867),.UNSPECIFIED.,.F.,.F.,(8,8),(0.,1.),
  .PIECEWISE_BEZIER_KNOTS.);
#860 = CARTESIAN_POINT('',(24.758619585588,0.383973335774));
#861 = CARTESIAN_POINT('',(24.477744476138,0.384091755334));
#862 = CARTESIAN_POINT('',(24.19685780288,0.384210174683));
#863 = CARTESIAN_POINT('',(23.915959578397,0.384328594319));
#864 = CARTESIAN_POINT('',(23.63504970338,0.384447015346));
#865 = CARTESIAN_POINT('',(23.3541283715,0.384565437462));
#866 = CARTESIAN_POINT('',(23.073195407616,0.384683862287));
#867 = CARTESIAN_POINT('',(22.792250824239,0.384802290494));
#868 = ( GEOMETRIC_REPRESENTATION_CONTEXT(2) 
PARAMETRIC_REPRESENTATION_CONTEXT() REPRESENTATION_CONTEXT('2D SPACE',''
  ) );
#869 = PCURVE('',#870,#875);
#870 = PLANE('',#871);
#871 = AXIS2_PLACEMENT_3D('',#872,#873,#874);
#872 = CARTESIAN_POINT('',(302.32389962032,82.518653347947,
    19.140681581744));
#873 = DIRECTION('',(-0.104019604147,0.994570972053,2.916076511733E-03)
  );
#874 = DIRECTION('',(0.994575200748,0.104020046415,0.));
#875 = DEFINITIONAL_REPRESENTATION('',(#876),#885);
#876 = B_SPLINE_CURVE_WITH_KNOTS('',7,(#877,#878,#879,#880,#881,#882,
    #883,#884),.UNSPECIFIED.,.F.,.F.,(8,8),(0.,1.),
  .PIECEWISE_BEZIER_KNOTS.);
#877 = CARTESIAN_POINT('',(0.394770903436,-1.879227746229));
#878 = CARTESIAN_POINT('',(0.638361024397,-1.837179851062));
#879 = CARTESIAN_POINT('',(0.881953201385,-1.795221170056));
#880 = CARTESIAN_POINT('',(1.125548623392,-1.753358662519));
#881 = CARTESIAN_POINT('',(1.369150165826,-1.711609978662));
#882 = CARTESIAN_POINT('',(1.61275685698,-1.669968529284));
#883 = CARTESIAN_POINT('',(1.856372943498,-1.628460850267));
#884 = CARTESIAN_POINT('',(2.1,-1.587096654871));
#885 = ( GEOMETRIC_REPRESENTATION_CONTEXT(2) 
PARAMETRIC_REPRESENTATION_CONTEXT() REPRESENTATION_CONTEXT('2D SPACE',''
  ) );
#886 = ORIENTED_EDGE('',*,*,#887,.T.);
#887 = EDGE_CURVE('',#845,#888,#890,.T.);
#888 = VERTEX_POINT('',#889);
#889 = CARTESIAN_POINT('',(300.26554828187,106.12506183404,
    21.026961289324));
#890 = SURFACE_CURVE('',#891,(#918,#948),.PCURVE_S1.);
#891 = B_SPLINE_CURVE_WITH_KNOTS('',4,(#892,#893,#894,#895,#896,#897,
    #898,#899,#900,#901,#902,#903,#904,#905,#906,#907,#908,#909,#910,
    #911,#912,#913,#914,#915,#916,#917),.UNSPECIFIED.,.F.,.F.,(5,3,3,3,3
    ,3,3,3,5),(0.,0.201300337591,0.389149916128,0.497958015695,
    0.598197463334,0.69884155493,0.799095234443,0.89973932821,1.),
  .UNSPECIFIED.);
#892 = CARTESIAN_POINT('',(304.0361423368,70.399871,21.00683547403));
#893 = CARTESIAN_POINT('',(303.39557115102,76.469082899733,
    21.010255016522));
#894 = CARTESIAN_POINT('',(302.75499989034,82.53829477673,
    21.013674367685));
#895 = CARTESIAN_POINT('',(302.11442855061,88.607506629193,
    21.017093516758));
#896 = CARTESIAN_POINT('',(300.87608827379,100.34038945092,
    21.02370293463));
#897 = CARTESIAN_POINT('',(300.27831934754,106.00406042364,
    21.026893231139));
#898 = CARTESIAN_POINT('',(299.6805503443,111.66773137124,
    21.030083330525));
#899 = CARTESIAN_POINT('',(298.73653551014,120.61197004259,
    21.035120900987));
#900 = CARTESIAN_POINT('',(298.39028973339,123.89253778452,
    21.036968510909));
#901 = CARTESIAN_POINT('',(298.0440439284,127.17310551683,
    21.038816048418));
#902 = CARTESIAN_POINT('',(297.37881916428,133.47589582837,
    21.042365485657));
#903 = CARTESIAN_POINT('',(297.05984020957,136.49811840912,
    21.044067396723));
#904 = CARTESIAN_POINT('',(296.74086122932,139.52034098092,
    21.045769242226));
#905 = CARTESIAN_POINT('',(296.10161557006,145.57698613404,
    21.049179667515));
#906 = CARTESIAN_POINT('',(295.78134889084,148.61140871528,
    21.050888246754));
#907 = CARTESIAN_POINT('',(295.46108218421,151.64583128664,
    21.052596755574));
#908 = CARTESIAN_POINT('',(294.82179107245,157.7029054718,
    21.056007000405));
#909 = CARTESIAN_POINT('',(294.50276666755,160.72555708569,
    21.057708736977));
#910 = CARTESIAN_POINT('',(294.18374223366,163.74820868878,
    21.059410399003));
#911 = CARTESIAN_POINT('',(293.54445094064,169.80528287432,
    21.06282019529));
#912 = CARTESIAN_POINT('',(293.22418408128,172.83970545668,
    21.06452832895));
#913 = CARTESIAN_POINT('',(292.90391719075,175.87412802705,
    21.06623638234));
#914 = CARTESIAN_POINT('',(292.2646034603,181.93141295803,
    21.069645816131));
#915 = CARTESIAN_POINT('',(291.94555662063,184.95427531873,
    21.071347197162));
#916 = CARTESIAN_POINT('',(291.62650974791,187.97713766629,
    21.073048492956));
#917 = CARTESIAN_POINT('',(291.30746284099,191.,21.074749700466));
#918 = PCURVE('',#31,#919);
#919 = DEFINITIONAL_REPRESENTATION('',(#920),#947);
#920 = B_SPLINE_CURVE_WITH_KNOTS('',4,(#921,#922,#923,#924,#925,#926,
    #927,#928,#929,#930,#931,#932,#933,#934,#935,#936,#937,#938,#939,
    #940,#941,#942,#943,#944,#945,#946),.UNSPECIFIED.,.F.,.F.,(5,3,3,3,3
    ,3,3,3,5),(0.,0.201300337591,0.389149916128,0.497958015695,
    0.598197463334,0.69884155493,0.799095234443,0.89973932821,1.),
  .UNSPECIFIED.);
#921 = CARTESIAN_POINT('',(24.713278833221,0.327441260465));
#922 = CARTESIAN_POINT('',(24.715146409685,0.355670153022));
#923 = CARTESIAN_POINT('',(24.717060808189,0.383899045473));
#924 = CARTESIAN_POINT('',(24.719024660917,0.41212793781));
#925 = CARTESIAN_POINT('',(24.722922680356,0.466699485818));
#926 = CARTESIAN_POINT('',(24.724850066124,0.493042141505));
#927 = CARTESIAN_POINT('',(24.726825688291,0.519384797076));
#928 = CARTESIAN_POINT('',(24.730026397277,0.560985907175));
#929 = CARTESIAN_POINT('',(24.731217508881,0.576244361788));
#930 = CARTESIAN_POINT('',(24.732426339422,0.591502816357));
#931 = CARTESIAN_POINT('',(24.734784030431,0.620818120132));
#932 = CARTESIAN_POINT('',(24.735930117115,0.634874969345));
#933 = CARTESIAN_POINT('',(24.737092246128,0.648931818516));
#934 = CARTESIAN_POINT('',(24.739454393671,0.677102261089));
#935 = CARTESIAN_POINT('',(24.74065454645,0.69121585449));
#936 = CARTESIAN_POINT('',(24.741871928857,0.705329447845));
#937 = CARTESIAN_POINT('',(24.74433751552,0.733501885915));
#938 = CARTESIAN_POINT('',(24.745585582163,0.747560730631));
#939 = CARTESIAN_POINT('',(24.746851888143,0.761619575297));
#940 = CARTESIAN_POINT('',(24.749427228015,0.789792013369));
#941 = CARTESIAN_POINT('',(24.750736409402,0.803905606775));
#942 = CARTESIAN_POINT('',(24.752065229308,0.818019200126));
#943 = CARTESIAN_POINT('',(24.754758383049,0.846192618409));
#944 = CARTESIAN_POINT('',(24.756122562649,0.860252443343));
#945 = CARTESIAN_POINT('',(24.75750759534,0.874312268215));
#946 = CARTESIAN_POINT('',(24.758914226509,0.888372093023));
#947 = ( GEOMETRIC_REPRESENTATION_CONTEXT(2) 
PARAMETRIC_REPRESENTATION_CONTEXT() REPRESENTATION_CONTEXT('2D SPACE',''
  ) );
#948 = PCURVE('',#949,#954);
#949 = B_SPLINE_SURFACE_WITH_KNOTS('',1,1,(
    (#950,#951)
    ,(#952,#953
    )),.UNSPECIFIED.,.F.,.F.,.F.,(2,2),(2,2),(0.,6.471208456066),(0.,1.)
  ,.PIECEWISE_BEZIER_KNOTS.);
#950 = CARTESIAN_POINT('',(305.83837752167,69.,25.101044965951));
#951 = CARTESIAN_POINT('',(293.07871324182,191.,25.45874828168));
#952 = CARTESIAN_POINT('',(303.41422016666,69.,19.101044965951));
#953 = CARTESIAN_POINT('',(290.65455588681,191.,19.45874828168));
#954 = DEFINITIONAL_REPRESENTATION('',(#955),#982);
#955 = B_SPLINE_CURVE_WITH_KNOTS('',4,(#956,#957,#958,#959,#960,#961,
    #962,#963,#964,#965,#966,#967,#968,#969,#970,#971,#972,#973,#974,
    #975,#976,#977,#978,#979,#980,#981),.UNSPECIFIED.,.F.,.F.,(5,3,3,3,3
    ,3,3,3,5),(0.,0.201300337591,0.389149916128,0.497958015695,
    0.598197463334,0.69884155493,0.799095234443,0.89973932821,1.),
  .UNSPECIFIED.);
#956 = CARTESIAN_POINT('',(4.420173933862,1.147435250022E-02));
#957 = CARTESIAN_POINT('',(4.435678251212,6.122199090417E-02));
#958 = CARTESIAN_POINT('',(4.451182774927,0.110969629386));
#959 = CARTESIAN_POINT('',(4.466687516451,0.160717267427));
#960 = CARTESIAN_POINT('',(4.496661430065,0.256888438122));
#961 = CARTESIAN_POINT('',(4.511130572243,0.303311970686));
#962 = CARTESIAN_POINT('',(4.525599926946,0.349735503043));
#963 = CARTESIAN_POINT('',(4.548450720833,0.423048934775));
#964 = CARTESIAN_POINT('',(4.556832010325,0.449938834299));
#965 = CARTESIAN_POINT('',(4.565213377886,0.476828733745));
#966 = CARTESIAN_POINT('',(4.581316234434,0.528490949413));
#967 = CARTESIAN_POINT('',(4.589037711199,0.553263265649));
#968 = CARTESIAN_POINT('',(4.596759258648,0.578035581811));
#969 = CARTESIAN_POINT('',(4.612233669961,0.627680214213));
#970 = CARTESIAN_POINT('',(4.619986534418,0.652552530453));
#971 = CARTESIAN_POINT('',(4.627739474791,0.677424846612));
#972 = CARTESIAN_POINT('',(4.643215437446,0.727072995671));
#973 = CARTESIAN_POINT('',(4.650938459121,0.751848828571));
#974 = CARTESIAN_POINT('',(4.658661561164,0.776624661383));
#975 = CARTESIAN_POINT('',(4.67413800759,0.826272810445));
#976 = CARTESIAN_POINT('',(4.681891352622,0.851145126694));
#977 = CARTESIAN_POINT('',(4.689644784189,0.876017442845));
#978 = CARTESIAN_POINT('',(4.705122288011,0.925667319328));
#979 = CARTESIAN_POINT('',(4.712846359587,0.950444879662));
#980 = CARTESIAN_POINT('',(4.720570523051,0.975222439888));
#981 = CARTESIAN_POINT('',(4.728294781689,1.));
#982 = ( GEOMETRIC_REPRESENTATION_CONTEXT(2) 
PARAMETRIC_REPRESENTATION_CONTEXT() REPRESENTATION_CONTEXT('2D SPACE',''
  ) );
#983 = ORIENTED_EDGE('',*,*,#984,.T.);
#984 = EDGE_CURVE('',#888,#985,#987,.T.);
#985 = VERTEX_POINT('',#986);
#986 = CARTESIAN_POINT('',(300.23395954499,106.6392226902,
    21.023362367761));
#987 = SURFACE_CURVE('',#988,(#1006,#1027),.PCURVE_S1.);
#988 = B_SPLINE_CURVE_WITH_KNOTS('',6,(#989,#990,#991,#992,#993,#994,
    #995,#996,#997,#998,#999,#1000,#1001,#1002,#1003,#1004,#1005),
  .UNSPECIFIED.,.F.,.F.,(7,5,5,7),(0.,0.257237016794,0.539992957283,1.),
  .UNSPECIFIED.);
#989 = CARTESIAN_POINT('',(300.28878309273,105.63523237001,
    21.031567209491));
#990 = CARTESIAN_POINT('',(300.28204299144,105.82838249652,
    21.029335321122));
#991 = CARTESIAN_POINT('',(300.27231374122,106.02149704818,
    21.02761708919));
#992 = CARTESIAN_POINT('',(300.26103707068,106.21455774981,
    21.026165400413));
#993 = CARTESIAN_POINT('',(300.24907702006,106.40756405847,
    21.024831974335));
#994 = CARTESIAN_POINT('',(300.23671994121,106.6005331635,
    21.023567363322));
#995 = CARTESIAN_POINT('',(300.20933489472,107.00560987721,
    21.021160813351));
#996 = CARTESIAN_POINT('',(300.19437427822,107.21768608846,
    21.020007871076));
#997 = CARTESIAN_POINT('',(300.17896574063,107.42973600558,
    21.018932287854));
#998 = CARTESIAN_POINT('',(300.16319957203,107.64176327335,
    21.017918502591));
#999 = CARTESIAN_POINT('',(300.14712472529,107.85377024328,
    21.01695807155));
#1000 = CARTESIAN_POINT('',(300.10421627103,108.41064079522,
    21.014553007927));
#1001 = CARTESIAN_POINT('',(300.0769520018,108.75547493394,
    21.013182837855));
#1002 = CARTESIAN_POINT('',(300.04918055847,109.10027353061,
    21.011900385694));
#1003 = CARTESIAN_POINT('',(300.02098572622,109.44504115045,
    21.010691189152));
#1004 = CARTESIAN_POINT('',(299.99243662924,109.78978215833,
    21.009543306088));
#1005 = CARTESIAN_POINT('',(299.96357984008,110.1345002187,
    21.008448677416));
#1006 = PCURVE('',#31,#1007);
#1007 = DEFINITIONAL_REPRESENTATION('',(#1008),#1026);
#1008 = B_SPLINE_CURVE_WITH_KNOTS('',6,(#1009,#1010,#1011,#1012,#1013,
    #1014,#1015,#1016,#1017,#1018,#1019,#1020,#1021,#1022,#1023,#1024,
    #1025),.UNSPECIFIED.,.F.,.F.,(7,5,5,7),(0.,0.257237016794,
    0.539992957283,1.),.UNSPECIFIED.);
#1009 = CARTESIAN_POINT('',(24.758619585588,0.491326662186));
#1010 = CARTESIAN_POINT('',(24.742458053459,0.492225034868));
#1011 = CARTESIAN_POINT('',(24.729846531049,0.493123242085));
#1012 = CARTESIAN_POINT('',(24.719074746102,0.494021198836));
#1013 = CARTESIAN_POINT('',(24.709116567028,0.494918902598));
#1014 = CARTESIAN_POINT('',(24.699630002907,0.495816433319));
#1015 = CARTESIAN_POINT('',(24.681424028253,0.497700511057));
#1016 = CARTESIAN_POINT('',(24.672627568668,0.498686912039));
#1017 = CARTESIAN_POINT('',(24.664361631143,0.499673190724));
#1018 = CARTESIAN_POINT('',(24.656518773774,0.500659364062));
#1019 = CARTESIAN_POINT('',(24.649040767389,0.501645442992));
#1020 = CARTESIAN_POINT('',(24.630201618341,0.504235538582));
#1021 = CARTESIAN_POINT('',(24.619348857519,0.505839418297));
#1022 = CARTESIAN_POINT('',(24.609092745168,0.507443132701));
#1023 = CARTESIAN_POINT('',(24.599333748526,0.509046703025));
#1024 = CARTESIAN_POINT('',(24.589989677983,0.510650149574));
#1025 = CARTESIAN_POINT('',(24.581005139704,0.512253489389));
#1026 = ( GEOMETRIC_REPRESENTATION_CONTEXT(2) 
PARAMETRIC_REPRESENTATION_CONTEXT() REPRESENTATION_CONTEXT('2D SPACE',''
  ) );
#1027 = PCURVE('',#1028,#1033);
#1028 = CYLINDRICAL_SURFACE('',#1029,1.8625);
#1029 = AXIS2_PLACEMENT_3D('',#1030,#1031,#1032);
#1030 = CARTESIAN_POINT('',(300.1452029828,103.35,19.20175897329));
#1031 = DIRECTION('',(-0.104019604147,0.994570972053,2.916076511734E-03)
  );
#1032 = DIRECTION('',(0.994575200748,0.104020046415,5.421010862428E-20)
  );
#1033 = DEFINITIONAL_REPRESENTATION('',(#1034),#1052);
#1034 = B_SPLINE_CURVE_WITH_KNOTS('',6,(#1035,#1036,#1037,#1038,#1039,
    #1040,#1041,#1042,#1043,#1044,#1045,#1046,#1047,#1048,#1049,#1050,
    #1051),.UNSPECIFIED.,.F.,.F.,(7,5,5,7),(0.,0.257237016794,
    0.539992957283,1.),.UNSPECIFIED.);
#1035 = CARTESIAN_POINT('',(4.918138892343,2.263226494235));
#1036 = CARTESIAN_POINT('',(4.925481931084,2.456022597615));
#1037 = CARTESIAN_POINT('',(4.931204334452,2.649095747244));
#1038 = CARTESIAN_POINT('',(4.936086053228,2.8422770785));
#1039 = CARTESIAN_POINT('',(4.940595092084,3.035475741878));
#1040 = CARTESIAN_POINT('',(4.94488750958,3.22867890299));
#1041 = CARTESIAN_POINT('',(4.953116197089,3.634398007908));
#1042 = CARTESIAN_POINT('',(4.957087283437,3.846875686821));
#1043 = CARTESIAN_POINT('',(4.960814820073,4.059374032508));
#1044 = CARTESIAN_POINT('',(4.964347891606,4.271887232662));
#1045 = CARTESIAN_POINT('',(4.967713122891,4.48441250933));
#1046 = CARTESIAN_POINT('',(4.976182556676,5.042716102558));
#1047 = CARTESIAN_POINT('',(4.981052622102,5.388510150074));
#1048 = CARTESIAN_POINT('',(4.985647160876,5.734321860337));
#1049 = CARTESIAN_POINT('',(4.990011748058,6.080147016319));
#1050 = CARTESIAN_POINT('',(4.994184017517,6.425982734078));
#1051 = CARTESIAN_POINT('',(4.998189356913,6.771827790237));
#1052 = ( GEOMETRIC_REPRESENTATION_CONTEXT(2) 
PARAMETRIC_REPRESENTATION_CONTEXT() REPRESENTATION_CONTEXT('2D SPACE',''
  ) );
#1053 = ORIENTED_EDGE('',*,*,#1054,.F.);
#1054 = EDGE_CURVE('',#1055,#985,#1057,.T.);
#1055 = VERTEX_POINT('',#1056);
#1056 = CARTESIAN_POINT('',(300.20801852472,106.67013799431,
    21.027268315234));
#1057 = SURFACE_CURVE('',#1058,(#1077,#1099),.PCURVE_S1.);
#1058 = B_SPLINE_CURVE_WITH_KNOTS('',5,(#1059,#1060,#1061,#1062,#1063,
    #1064,#1065,#1066,#1067,#1068,#1069,#1070,#1071,#1072,#1073,#1074,
    #1075,#1076),.UNSPECIFIED.,.F.,.F.,(6,4,4,4,6),(0.,0.492361281231,
    0.738987448045,0.862375319119,1.),.UNSPECIFIED.);
#1059 = CARTESIAN_POINT('',(300.17587143734,106.70844940118,
    21.032109648333));
#1060 = CARTESIAN_POINT('',(300.34704880405,106.50444815943,
    21.006327690569));
#1061 = CARTESIAN_POINT('',(300.51827393702,106.30038999208,
    20.980574948998));
#1062 = CARTESIAN_POINT('',(300.68954707117,106.09627461914,
    20.954854411686));
#1063 = CARTESIAN_POINT('',(300.86086843865,105.89210176395,
    20.929169054756));
#1064 = CARTESIAN_POINT('',(301.11807825239,105.58557104438,
    20.890675028643));
#1065 = CARTESIAN_POINT('',(301.20393039753,105.48325644198,
    20.877837807006));
#1066 = CARTESIAN_POINT('',(301.28979472687,105.380927319,
    20.865010484003));
#1067 = CARTESIAN_POINT('',(301.37567127182,105.27858363804,
    20.852193460999));
#1068 = CARTESIAN_POINT('',(301.504530518,105.12501516847,
    20.832980237402));
#1069 = CARTESIAN_POINT('',(301.54751056026,105.0737935487,20.8265749756
    ));
#1070 = CARTESIAN_POINT('',(301.59050021589,105.02256047216,
    20.820171516492));
#1071 = CARTESIAN_POINT('',(301.63349950153,104.97131591902,
    20.81376992783));
#1072 = CARTESIAN_POINT('',(301.72447984735,104.86288976503,
    20.800232218897));
#1073 = CARTESIAN_POINT('',(301.75483145508,104.82671812748,
    20.795719987901));
#1074 = CARTESIAN_POINT('',(301.80318557874,104.76909192689,
    20.788528117622));
#1075 = CARTESIAN_POINT('',(301.86302393011,104.69777935667,
    20.779642737047));
#1076 = CARTESIAN_POINT('',(301.87887698957,104.6788864161,
    20.777288643288));
#1077 = PCURVE('',#31,#1078);
#1078 = DEFINITIONAL_REPRESENTATION('',(#1079),#1098);
#1079 = B_SPLINE_CURVE_WITH_KNOTS('',5,(#1080,#1081,#1082,#1083,#1084,
    #1085,#1086,#1087,#1088,#1089,#1090,#1091,#1092,#1093,#1094,#1095,
    #1096,#1097),.UNSPECIFIED.,.F.,.F.,(6,4,4,4,6),(0.,0.492361281231,
    0.738987448045,0.862375319119,1.),.UNSPECIFIED.);
#1080 = CARTESIAN_POINT('',(24.758619585588,0.496318369308));
#1081 = CARTESIAN_POINT('',(24.58014371022,0.495369526323));
#1082 = CARTESIAN_POINT('',(24.401774495805,0.494420418568));
#1083 = CARTESIAN_POINT('',(24.223512188506,0.49347104474));
#1084 = CARTESIAN_POINT('',(24.045357034853,0.492521403553));
#1085 = CARTESIAN_POINT('',(23.778124293945,0.491095679276));
#1086 = CARTESIAN_POINT('',(23.68896625518,0.490619797405));
#1087 = CARTESIAN_POINT('',(23.599835191524,0.490143847995));
#1088 = CARTESIAN_POINT('',(23.510731136251,0.489667830875));
#1089 = CARTESIAN_POINT('',(23.377088614641,0.488953558923));
#1090 = CARTESIAN_POINT('',(23.33252309945,0.488715318831));
#1091 = CARTESIAN_POINT('',(23.28795758426,0.488477025452));
#1092 = CARTESIAN_POINT('',(23.243392069069,0.488238678693));
#1093 = CARTESIAN_POINT('',(23.149118954963,0.487734371));
#1094 = CARTESIAN_POINT('',(23.117681134274,0.487566130825));
#1095 = CARTESIAN_POINT('',(23.067585312476,0.487298101986));
#1096 = CARTESIAN_POINT('',(23.005635686384,0.486966415612));
#1097 = CARTESIAN_POINT('',(22.98922275693,0.48687854147));
#1098 = ( GEOMETRIC_REPRESENTATION_CONTEXT(2) 
PARAMETRIC_REPRESENTATION_CONTEXT() REPRESENTATION_CONTEXT('2D SPACE',''
  ) );
#1099 = PCURVE('',#1100,#1105);
#1100 = PLANE('',#1101);
#1101 = AXIS2_PLACEMENT_3D('',#1102,#1103,#1104);
#1102 = CARTESIAN_POINT('',(301.90311557067,104.65,16.329436792079));
#1103 = DIRECTION('',(-0.766044443119,-0.642787609687,0.));
#1104 = DIRECTION('',(-0.642787609687,0.766044443119,0.));
#1105 = DEFINITIONAL_REPRESENTATION('',(#1106),#1125);
#1106 = B_SPLINE_CURVE_WITH_KNOTS('',5,(#1107,#1108,#1109,#1110,#1111,
    #1112,#1113,#1114,#1115,#1116,#1117,#1118,#1119,#1120,#1121,#1122,
    #1123,#1124),.UNSPECIFIED.,.F.,.F.,(6,4,4,4,6),(0.,0.492361281231,
    0.738987448045,0.862375319119,1.),.UNSPECIFIED.);
#1107 = CARTESIAN_POINT('',(2.687114853031,-4.702672856254));
#1108 = CARTESIAN_POINT('',(2.420810145018,-4.676890898489));
#1109 = CARTESIAN_POINT('',(2.154431125908,-4.651138156919));
#1110 = CARTESIAN_POINT('',(1.887977430201,-4.625417619607));
#1111 = CARTESIAN_POINT('',(1.621448696765,-4.599732262677));
#1112 = CARTESIAN_POINT('',(1.221301261032,-4.561238236563));
#1113 = CARTESIAN_POINT('',(1.087739033249,-4.548401014926));
#1114 = CARTESIAN_POINT('',(0.954157850207,-4.535573691923));
#1115 = CARTESIAN_POINT('',(0.820557663063,-4.52275666892));
#1116 = CARTESIAN_POINT('',(0.620088263474,-4.503543445323));
#1117 = CARTESIAN_POINT('',(0.553223187648,-4.497138183521));
#1118 = CARTESIAN_POINT('',(0.486343156079,-4.490734724413));
#1119 = CARTESIAN_POINT('',(0.419448142874,-4.484333135751));
#1120 = CARTESIAN_POINT('',(0.277907851104,-4.470795426818));
#1121 = CARTESIAN_POINT('',(0.230689131771,-4.466283195822));
#1122 = CARTESIAN_POINT('',(0.155463469471,-4.459091325543));
#1123 = CARTESIAN_POINT('',(6.237152048238E-02,-4.450205944968));
#1124 = CARTESIAN_POINT('',(3.770853814497E-02,-4.447851851209));
#1125 = ( GEOMETRIC_REPRESENTATION_CONTEXT(2) 
PARAMETRIC_REPRESENTATION_CONTEXT() REPRESENTATION_CONTEXT('2D SPACE',''
  ) );
#1126 = ORIENTED_EDGE('',*,*,#1127,.T.);
#1127 = EDGE_CURVE('',#1055,#1128,#1130,.T.);
#1128 = VERTEX_POINT('',#1129);
#1129 = CARTESIAN_POINT('',(291.37450933593,190.36475701773,
    21.07439221092));
#1130 = SURFACE_CURVE('',#1131,(#1158,#1188),.PCURVE_S1.);
#1131 = B_SPLINE_CURVE_WITH_KNOTS('',4,(#1132,#1133,#1134,#1135,#1136,
    #1137,#1138,#1139,#1140,#1141,#1142,#1143,#1144,#1145,#1146,#1147,
    #1148,#1149,#1150,#1151,#1152,#1153,#1154,#1155,#1156,#1157),
  .UNSPECIFIED.,.F.,.F.,(5,3,3,3,3,3,3,3,5),(0.,0.201300337591,
    0.389149916128,0.497958015695,0.598197463334,0.69884155493,
    0.799095234443,0.89973932821,1.),.UNSPECIFIED.);
#1132 = CARTESIAN_POINT('',(304.0361423368,70.399871,21.00683547403));
#1133 = CARTESIAN_POINT('',(303.39557115102,76.469082899733,
    21.010255016522));
#1134 = CARTESIAN_POINT('',(302.75499989034,82.53829477673,
    21.013674367685));
#1135 = CARTESIAN_POINT('',(302.11442855061,88.607506629193,
    21.017093516758));
#1136 = CARTESIAN_POINT('',(300.87608827379,100.34038945092,
    21.02370293463));
#1137 = CARTESIAN_POINT('',(300.27831934754,106.00406042364,
    21.026893231139));
#1138 = CARTESIAN_POINT('',(299.6805503443,111.66773137124,
    21.030083330525));
#1139 = CARTESIAN_POINT('',(298.73653551014,120.61197004259,
    21.035120900987));
#1140 = CARTESIAN_POINT('',(298.39028973339,123.89253778452,
    21.036968510909));
#1141 = CARTESIAN_POINT('',(298.0440439284,127.17310551683,
    21.038816048418));
#1142 = CARTESIAN_POINT('',(297.37881916428,133.47589582837,
    21.042365485657));
#1143 = CARTESIAN_POINT('',(297.05984020957,136.49811840912,
    21.044067396723));
#1144 = CARTESIAN_POINT('',(296.74086122932,139.52034098092,
    21.045769242226));
#1145 = CARTESIAN_POINT('',(296.10161557006,145.57698613404,
    21.049179667515));
#1146 = CARTESIAN_POINT('',(295.78134889084,148.61140871528,
    21.050888246754));
#1147 = CARTESIAN_POINT('',(295.46108218421,151.64583128664,
    21.052596755574));
#1148 = CARTESIAN_POINT('',(294.82179107245,157.7029054718,
    21.056007000405));
#1149 = CARTESIAN_POINT('',(294.50276666755,160.72555708569,
    21.057708736977));
#1150 = CARTESIAN_POINT('',(294.18374223366,163.74820868878,
    21.059410399003));
#1151 = CARTESIAN_POINT('',(293.54445094064,169.80528287432,
    21.06282019529));
#1152 = CARTESIAN_POINT('',(293.22418408128,172.83970545668,
    21.06452832895));
#1153 = CARTESIAN_POINT('',(292.90391719075,175.87412802705,
    21.06623638234));
#1154 = CARTESIAN_POINT('',(292.2646034603,181.93141295803,
    21.069645816131));
#1155 = CARTESIAN_POINT('',(291.94555662063,184.95427531873,
    21.071347197162));
#1156 = CARTESIAN_POINT('',(291.62650974791,187.97713766629,
    21.073048492956));
#1157 = CARTESIAN_POINT('',(291.30746284099,191.,21.074749700466));
#1158 = PCURVE('',#31,#1159);
#1159 = DEFINITIONAL_REPRESENTATION('',(#1160),#1187);
#1160 = B_SPLINE_CURVE_WITH_KNOTS('',4,(#1161,#1162,#1163,#1164,#1165,
    #1166,#1167,#1168,#1169,#1170,#1171,#1172,#1173,#1174,#1175,#1176,
    #1177,#1178,#1179,#1180,#1181,#1182,#1183,#1184,#1185,#1186),
  .UNSPECIFIED.,.F.,.F.,(5,3,3,3,3,3,3,3,5),(0.,0.201300337591,
    0.389149916128,0.497958015695,0.598197463334,0.69884155493,
    0.799095234443,0.89973932821,1.),.UNSPECIFIED.);
#1161 = CARTESIAN_POINT('',(24.713278833221,0.327441260465));
#1162 = CARTESIAN_POINT('',(24.715146409685,0.355670153022));
#1163 = CARTESIAN_POINT('',(24.717060808189,0.383899045473));
#1164 = CARTESIAN_POINT('',(24.719024660917,0.41212793781));
#1165 = CARTESIAN_POINT('',(24.722922680356,0.466699485818));
#1166 = CARTESIAN_POINT('',(24.724850066124,0.493042141505));
#1167 = CARTESIAN_POINT('',(24.726825688291,0.519384797076));
#1168 = CARTESIAN_POINT('',(24.730026397277,0.560985907175));
#1169 = CARTESIAN_POINT('',(24.731217508881,0.576244361788));
#1170 = CARTESIAN_POINT('',(24.732426339422,0.591502816357));
#1171 = CARTESIAN_POINT('',(24.734784030431,0.620818120132));
#1172 = CARTESIAN_POINT('',(24.735930117115,0.634874969345));
#1173 = CARTESIAN_POINT('',(24.737092246128,0.648931818516));
#1174 = CARTESIAN_POINT('',(24.739454393671,0.677102261089));
#1175 = CARTESIAN_POINT('',(24.74065454645,0.69121585449));
#1176 = CARTESIAN_POINT('',(24.741871928857,0.705329447845));
#1177 = CARTESIAN_POINT('',(24.74433751552,0.733501885915));
#1178 = CARTESIAN_POINT('',(24.745585582163,0.747560730631));
#1179 = CARTESIAN_POINT('',(24.746851888143,0.761619575297));
#1180 = CARTESIAN_POINT('',(24.749427228015,0.789792013369));
#1181 = CARTESIAN_POINT('',(24.750736409402,0.803905606775));
#1182 = CARTESIAN_POINT('',(24.752065229308,0.818019200126));
#1183 = CARTESIAN_POINT('',(24.754758383049,0.846192618409));
#1184 = CARTESIAN_POINT('',(24.756122562649,0.860252443343));
#1185 = CARTESIAN_POINT('',(24.75750759534,0.874312268215));
#1186 = CARTESIAN_POINT('',(24.758914226509,0.888372093023));
#1187 = ( GEOMETRIC_REPRESENTATION_CONTEXT(2) 
PARAMETRIC_REPRESENTATION_CONTEXT() REPRESENTATION_CONTEXT('2D SPACE',''
  ) );
#1188 = PCURVE('',#1189,#1194);
#1189 = B_SPLINE_SURFACE_WITH_KNOTS('',1,1,(
    (#1190,#1191)
    ,(#1192,#1193
    )),.UNSPECIFIED.,.F.,.F.,.F.,(2,2),(2,2),(0.,6.471208456066),(0.,1.)
  ,.PIECEWISE_BEZIER_KNOTS.);
#1190 = CARTESIAN_POINT('',(305.83837752167,69.,25.101044965951));
#1191 = CARTESIAN_POINT('',(293.07871324182,191.,25.45874828168));
#1192 = CARTESIAN_POINT('',(303.41422016666,69.,19.101044965951));
#1193 = CARTESIAN_POINT('',(290.65455588681,191.,19.45874828168));
#1194 = DEFINITIONAL_REPRESENTATION('',(#1195),#1222);
#1195 = B_SPLINE_CURVE_WITH_KNOTS('',4,(#1196,#1197,#1198,#1199,#1200,
    #1201,#1202,#1203,#1204,#1205,#1206,#1207,#1208,#1209,#1210,#1211,
    #1212,#1213,#1214,#1215,#1216,#1217,#1218,#1219,#1220,#1221),
  .UNSPECIFIED.,.F.,.F.,(5,3,3,3,3,3,3,3,5),(0.,0.201300337591,
    0.389149916128,0.497958015695,0.598197463334,0.69884155493,
    0.799095234443,0.89973932821,1.),.UNSPECIFIED.);
#1196 = CARTESIAN_POINT('',(4.420173933862,1.147435250022E-02));
#1197 = CARTESIAN_POINT('',(4.435678251212,6.122199090417E-02));
#1198 = CARTESIAN_POINT('',(4.451182774927,0.110969629386));
#1199 = CARTESIAN_POINT('',(4.466687516451,0.160717267427));
#1200 = CARTESIAN_POINT('',(4.496661430065,0.256888438122));
#1201 = CARTESIAN_POINT('',(4.511130572243,0.303311970686));
#1202 = CARTESIAN_POINT('',(4.525599926946,0.349735503043));
#1203 = CARTESIAN_POINT('',(4.548450720833,0.423048934775));
#1204 = CARTESIAN_POINT('',(4.556832010325,0.449938834299));
#1205 = CARTESIAN_POINT('',(4.565213377886,0.476828733745));
#1206 = CARTESIAN_POINT('',(4.581316234434,0.528490949413));
#1207 = CARTESIAN_POINT('',(4.589037711199,0.553263265649));
#1208 = CARTESIAN_POINT('',(4.596759258648,0.578035581811));
#1209 = CARTESIAN_POINT('',(4.612233669961,0.627680214213));
#1210 = CARTESIAN_POINT('',(4.619986534418,0.652552530453));
#1211 = CARTESIAN_POINT('',(4.627739474791,0.677424846612));
#1212 = CARTESIAN_POINT('',(4.643215437446,0.727072995671));
#1213 = CARTESIAN_POINT('',(4.650938459121,0.751848828571));
#1214 = CARTESIAN_POINT('',(4.658661561164,0.776624661383));
#1215 = CARTESIAN_POINT('',(4.67413800759,0.826272810445));
#1216 = CARTESIAN_POINT('',(4.681891352622,0.851145126694));
#1217 = CARTESIAN_POINT('',(4.689644784189,0.876017442845));
#1218 = CARTESIAN_POINT('',(4.705122288011,0.925667319328));
#1219 = CARTESIAN_POINT('',(4.712846359587,0.950444879662));
#1220 = CARTESIAN_POINT('',(4.720570523051,0.975222439888));
#1221 = CARTESIAN_POINT('',(4.728294781689,1.));
#1222 = ( GEOMETRIC_REPRESENTATION_CONTEXT(2) 
PARAMETRIC_REPRESENTATION_CONTEXT() REPRESENTATION_CONTEXT('2D SPACE',''
  ) );
#1223 = ORIENTED_EDGE('',*,*,#1224,.T.);
#1224 = EDGE_CURVE('',#1128,#24,#1225,.T.);
#1225 = SURFACE_CURVE('',#1226,(#1334,#1445),.PCURVE_S1.);
#1226 = B_SPLINE_CURVE_WITH_KNOTS('',8,(#1227,#1228,#1229,#1230,#1231,
    #1232,#1233,#1234,#1235,#1236,#1237,#1238,#1239,#1240,#1241,#1242,
    #1243,#1244,#1245,#1246,#1247,#1248,#1249,#1250,#1251,#1252,#1253,
    #1254,#1255,#1256,#1257,#1258,#1259,#1260,#1261,#1262,#1263,#1264,
    #1265,#1266,#1267,#1268,#1269,#1270,#1271,#1272,#1273,#1274,#1275,
    #1276,#1277,#1278,#1279,#1280,#1281,#1282,#1283,#1284,#1285,#1286,
    #1287,#1288,#1289,#1290,#1291,#1292,#1293,#1294,#1295,#1296,#1297,
    #1298,#1299,#1300,#1301,#1302,#1303,#1304,#1305,#1306,#1307,#1308,
    #1309,#1310,#1311,#1312,#1313,#1314,#1315,#1316,#1317,#1318,#1319,
    #1320,#1321,#1322,#1323,#1324,#1325,#1326,#1327,#1328,#1329,#1330,
    #1331,#1332,#1333),.UNSPECIFIED.,.F.,.F.,(9,7,7,7,7,7,7,7,7,7,7,7,7,
    7,7,9),(0.,9.741058483553E-02,0.183455454733,0.261078063411,
    0.395398419434,0.496744686289,0.573533168384,0.62998559069,
    0.718479463058,0.762660821343,0.80684217457,0.855040043713,
    0.891188446388,0.94737152658,0.975439203242,1.),.UNSPECIFIED.);
#1227 = CARTESIAN_POINT('',(291.08270372175,190.,21.130641606716));
#1228 = CARTESIAN_POINT('',(291.27616843188,190.24183088766,
    21.093297097852));
#1229 = CARTESIAN_POINT('',(291.46954312433,190.48354925323,
    21.056045153068));
#1230 = CARTESIAN_POINT('',(291.66282844606,190.72515590538,
    21.018892075572));
#1231 = CARTESIAN_POINT('',(291.85602591371,190.96665273995,
    20.981852945703));
#1232 = CARTESIAN_POINT('',(292.04913601574,191.20804036749,
    20.944932584065));
#1233 = CARTESIAN_POINT('',(292.24215929771,191.44931946995,
    20.90813643913));
#1234 = CARTESIAN_POINT('',(292.4350975202,191.69049224807,
    20.871482185115));
#1235 = CARTESIAN_POINT('',(292.79830448012,192.14450094796,
    20.802742136149));
#1236 = CARTESIAN_POINT('',(292.96859159494,192.35735984149,
    20.770622198256));
#1237 = CARTESIAN_POINT('',(293.13881426693,192.57013818147,
    20.738632219478));
#1238 = CARTESIAN_POINT('',(293.30897341207,192.78283711291,
    20.706781411316));
#1239 = CARTESIAN_POINT('',(293.47906991865,192.99545774613,
    20.675078979548));
#1240 = CARTESIAN_POINT('',(293.64910464718,193.20800115679,
    20.643534124228));
#1241 = CARTESIAN_POINT('',(293.81907843045,193.42046838588,
    20.612156039688));
#1242 = CARTESIAN_POINT('',(294.14227419525,193.82446309188,
    20.552805922055));
#1243 = CARTESIAN_POINT('',(294.29550740656,194.01600460601,
    20.524801342001));
#1244 = CARTESIAN_POINT('',(294.44869216454,194.20748555349,
    20.4969457273));
#1245 = CARTESIAN_POINT('',(294.60182933338,194.39890701454,
    20.469248039926));
#1246 = CARTESIAN_POINT('',(294.75491952678,194.59026975629,
    20.441715183494));
#1247 = CARTESIAN_POINT('',(294.90796290901,194.78157398407,
    20.414350353962));
#1248 = CARTESIAN_POINT('',(295.06095945457,194.97281966602,
    20.387155208417));
#1249 = CARTESIAN_POINT('',(295.4785790363,195.49484414318,
    20.313380793867));
#1250 = CARTESIAN_POINT('',(295.74310958551,195.82550732971,
    20.267151440557));
#1251 = CARTESIAN_POINT('',(296.00750209591,196.1559979677,
    20.22146378582));
#1252 = CARTESIAN_POINT('',(296.2717602468,196.48632065631,
    20.176357822988));
#1253 = CARTESIAN_POINT('',(296.53588015691,196.81647054395,
    20.131816953854));
#1254 = CARTESIAN_POINT('',(296.79986874065,197.14645627362,
    20.087907813307));
#1255 = CARTESIAN_POINT('',(297.06372317363,197.47627431485,
    20.044620483635));
#1256 = CARTESIAN_POINT('',(297.52642463882,198.05465114634,
    19.969794183055));
#1257 = CARTESIAN_POINT('',(297.72532922349,198.30328187718,
    19.937980500768));
#1258 = CARTESIAN_POINT('',(297.92415725473,198.55181691622,
    19.906530392043));
#1259 = CARTESIAN_POINT('',(298.12291096465,198.80025905363,
    19.875472349612));
#1260 = CARTESIAN_POINT('',(298.32158679601,199.04860384282,
    19.844774670419));
#1261 = CARTESIAN_POINT('',(298.520186378,199.29685332031,
    19.814459966904));
#1262 = CARTESIAN_POINT('',(298.71870824609,199.54500565543,
    19.784518297726));
#1263 = CARTESIAN_POINT('',(299.06751012628,199.98100800567,
    19.732552668533));
#1264 = CARTESIAN_POINT('',(299.21782327906,200.16889944664,
    19.710367834643));
#1265 = CARTESIAN_POINT('',(299.36809167489,200.35673494142,
    19.688401544419));
#1266 = CARTESIAN_POINT('',(299.51831453869,200.54451352118,
    19.666646716513));
#1267 = CARTESIAN_POINT('',(299.66849314365,200.73223677737,
    19.645122417423));
#1268 = CARTESIAN_POINT('',(299.81862508874,200.91990170873,
    19.623800638887));
#1269 = CARTESIAN_POINT('',(299.96871221444,201.10751061586,
    19.602708091814));
#1270 = CARTESIAN_POINT('',(300.22906030159,201.4329457248,
    19.566505358759));
#1271 = CARTESIAN_POINT('',(300.3393420126,201.57079786356,
    19.551290568127));
#1272 = CARTESIAN_POINT('',(300.44959946718,201.70861968179,
    19.536201967341));
#1273 = CARTESIAN_POINT('',(300.55983274845,201.84641128338,
    19.521241815623));
#1274 = CARTESIAN_POINT('',(300.67004192282,201.98417275134,
    19.506412273741));
#1275 = CARTESIAN_POINT('',(300.78022703998,202.12190414779,
    19.491715404013));
#1276 = CARTESIAN_POINT('',(300.89038813292,202.25960551396,
    19.477153170308));
#1277 = CARTESIAN_POINT('',(301.17317426896,202.61308818402,
    19.44011390158));
#1278 = CARTESIAN_POINT('',(301.34576430454,202.82882572849,
    19.41783549225));
#1279 = CARTESIAN_POINT('',(301.51829563988,203.04448989767,
    19.395903155704));
#1280 = CARTESIAN_POINT('',(301.69076768962,203.26007995984,
    19.374312095038));
#1281 = CARTESIAN_POINT('',(301.86318138556,203.47559707976,
    19.353085136158));
#1282 = CARTESIAN_POINT('',(302.03553766791,203.6910424327,
    19.332244624744));
#1283 = CARTESIAN_POINT('',(302.20783610714,203.90641548174,
    19.311788049055));
#1284 = CARTESIAN_POINT('',(302.46607087889,204.22920894642,
    19.281734704233));
#1285 = CARTESIAN_POINT('',(302.55203177173,204.33666006248,
    19.271831147937));
#1286 = CARTESIAN_POINT('',(302.63796052655,204.444071006,
    19.262034273844));
#1287 = CARTESIAN_POINT('',(302.72385727159,204.55144193731,
    19.252346433639));
#1288 = CARTESIAN_POINT('',(302.80972212947,204.65877300965,
    19.242769970738));
#1289 = CARTESIAN_POINT('',(302.89555521713,204.76606436923,
    19.233307220294));
#1290 = CARTESIAN_POINT('',(302.98135664589,204.87331615518,
    19.223960509193));
#1291 = CARTESIAN_POINT('',(303.15289638709,205.08774083168,
    19.205503803976));
#1292 = CARTESIAN_POINT('',(303.23863471332,205.19491373947,
    19.196394301289));
#1293 = CARTESIAN_POINT('',(303.32434145061,205.30204716108,
    19.187403414818));
#1294 = CARTESIAN_POINT('',(303.41001689241,205.40914146332,
    19.178538122744));
#1295 = CARTESIAN_POINT('',(303.49566101605,205.51619661788,
    19.16979837919));
#1296 = CARTESIAN_POINT('',(303.58127372424,205.62321250311,
    19.16118250846));
#1297 = CARTESIAN_POINT('',(303.66685529388,205.73018946517,
    19.152696751866));
#1298 = CARTESIAN_POINT('',(303.8457348093,205.95378885943,
    19.135251744415));
#1299 = CARTESIAN_POINT('',(303.93902689936,206.07040397201,
    19.126318885344));
#1300 = CARTESIAN_POINT('',(304.03228310882,206.18697423384,
    19.117564202049));
#1301 = CARTESIAN_POINT('',(304.12550425907,206.30350067165,
    19.109000567298));
#1302 = CARTESIAN_POINT('',(304.21869099005,206.41998408537,
    19.100639826721));
#1303 = CARTESIAN_POINT('',(304.31184356286,206.53642480139,
    19.092491004205));
#1304 = CARTESIAN_POINT('',(304.40496196865,206.65282280862,
    19.084561323396));
#1305 = CARTESIAN_POINT('',(304.56785962644,206.85644488086,
    19.071084086613));
#1306 = CARTESIAN_POINT('',(304.63765382652,206.94368763097,
    19.065437829813));
#1307 = CARTESIAN_POINT('',(304.70742890215,207.0309064755,
    19.059921284269));
#1308 = CARTESIAN_POINT('',(304.77718494503,207.1181015291,
    19.054539049893));
#1309 = CARTESIAN_POINT('',(304.84692213684,207.20527301886,
    19.049298786133));
#1310 = CARTESIAN_POINT('',(304.91664070576,207.29242123001,
    19.044209680961));
#1311 = CARTESIAN_POINT('',(304.98634088297,207.37954645153,
    19.039280919857));
#1312 = CARTESIAN_POINT('',(305.16432496301,207.60202655158,
    19.027120811388));
#1313 = CARTESIAN_POINT('',(305.27260957336,207.73738231452,
    19.020127797839));
#1314 = CARTESIAN_POINT('',(305.3808777335,207.87271751469,
    19.013555593711));
#1315 = CARTESIAN_POINT('',(305.48912825384,208.00803066511,
    19.007484080153));
#1316 = CARTESIAN_POINT('',(305.59736286105,208.14332392412,
    19.001939124026));
#1317 = CARTESIAN_POINT('',(305.70558196242,208.27859780084,
    18.996985483268));
#1318 = CARTESIAN_POINT('',(305.81378219539,208.41384809205,
    18.992656274221));
#1319 = CARTESIAN_POINT('',(305.97600759358,208.61662983979,
    18.987175041028));
#1320 = CARTESIAN_POINT('',(306.03004048419,208.68417095305,
    18.985518594394));
#1321 = CARTESIAN_POINT('',(306.08406155135,208.751697287,
    18.984035957312));
#1322 = CARTESIAN_POINT('',(306.13807050521,208.81920847932,
    18.982732726028));
#1323 = CARTESIAN_POINT('',(306.19206698017,208.88670407303,
    18.98161587956));
#1324 = CARTESIAN_POINT('',(306.24605053494,208.95418351649,
    18.980693779701));
#1325 = CARTESIAN_POINT('',(306.30002065249,209.02164616342,
    18.97997617102));
#1326 = CARTESIAN_POINT('',(306.40119135336,209.14810953952,
    18.979034911212));
#1327 = CARTESIAN_POINT('',(306.44840092426,209.20712150314,
    18.978756826197));
#1328 = CARTESIAN_POINT('',(306.49560478504,209.26612632911,
    18.978660881824));
#1329 = CARTESIAN_POINT('',(306.54280243261,209.32512338858,
    18.978748437374));
#1330 = CARTESIAN_POINT('',(306.58999352854,209.38411225848,
    18.979001255404));
#1331 = CARTESIAN_POINT('',(306.63717789897,209.44309272153,
    18.979381501745));
#1332 = CARTESIAN_POINT('',(306.68435553472,209.50206476621,
    18.979831745499));
#1333 = CARTESIAN_POINT('',(306.73152659119,209.5610285868,
    18.980274959044));
#1334 = PCURVE('',#31,#1335);
#1335 = DEFINITIONAL_REPRESENTATION('',(#1336),#1444);
#1336 = B_SPLINE_CURVE_WITH_KNOTS('',8,(#1337,#1338,#1339,#1340,#1341,
    #1342,#1343,#1344,#1345,#1346,#1347,#1348,#1349,#1350,#1351,#1352,
    #1353,#1354,#1355,#1356,#1357,#1358,#1359,#1360,#1361,#1362,#1363,
    #1364,#1365,#1366,#1367,#1368,#1369,#1370,#1371,#1372,#1373,#1374,
    #1375,#1376,#1377,#1378,#1379,#1380,#1381,#1382,#1383,#1384,#1385,
    #1386,#1387,#1388,#1389,#1390,#1391,#1392,#1393,#1394,#1395,#1396,
    #1397,#1398,#1399,#1400,#1401,#1402,#1403,#1404,#1405,#1406,#1407,
    #1408,#1409,#1410,#1411,#1412,#1413,#1414,#1415,#1416,#1417,#1418,
    #1419,#1420,#1421,#1422,#1423,#1424,#1425,#1426,#1427,#1428,#1429,
    #1430,#1431,#1432,#1433,#1434,#1435,#1436,#1437,#1438,#1439,#1440,
    #1441,#1442,#1443),.UNSPECIFIED.,.F.,.F.,(9,7,7,7,7,7,7,7,7,7,7,7,7,
    7,7,9),(0.,9.741058483553E-02,0.183455454733,0.261078063411,
    0.395398419434,0.496744686289,0.573533168384,0.62998559069,
    0.718479463058,0.762660821343,0.80684217457,0.855040043713,
    0.891188446388,0.94737152658,0.975439203242,1.),.UNSPECIFIED.);
#1337 = CARTESIAN_POINT('',(25.214435667427,0.883720930233));
#1338 = CARTESIAN_POINT('',(24.912430434283,0.884845725059));
#1339 = CARTESIAN_POINT('',(24.610265998044,0.885969996527));
#1340 = CARTESIAN_POINT('',(24.307942831496,0.887093748397));
#1341 = CARTESIAN_POINT('',(24.005461792645,0.888216989488));
#1342 = CARTESIAN_POINT('',(23.702823302196,0.889339722639));
#1343 = CARTESIAN_POINT('',(23.400027815064,0.890461951023));
#1344 = CARTESIAN_POINT('',(23.097076318528,0.891583684875));
#1345 = CARTESIAN_POINT('',(22.526228880664,0.893695353246));
#1346 = CARTESIAN_POINT('',(22.258367027069,0.894685394612));
#1347 = CARTESIAN_POINT('',(21.990384627927,0.895675061309));
#1348 = CARTESIAN_POINT('',(21.7222822561,0.896664358665));
#1349 = CARTESIAN_POINT('',(21.454060458273,0.897653291842));
#1350 = CARTESIAN_POINT('',(21.185719754962,0.898641865846));
#1351 = CARTESIAN_POINT('',(20.917260640504,0.899630085516));
#1352 = CARTESIAN_POINT('',(20.406395439053,0.90150913066));
#1353 = CARTESIAN_POINT('',(20.164011333167,0.902400021423));
#1354 = CARTESIAN_POINT('',(19.921531546542,0.903290630481));
#1355 = CARTESIAN_POINT('',(19.678956629116,0.904180962858));
#1356 = CARTESIAN_POINT('',(19.436286972631,0.905071022122));
#1357 = CARTESIAN_POINT('',(19.193522683037,0.905960809228));
#1358 = CARTESIAN_POINT('',(18.950663752309,0.906850324028));
#1359 = CARTESIAN_POINT('',(18.287297406263,0.909278344852));
#1360 = CARTESIAN_POINT('',(17.866601854816,0.910816313161));
#1361 = CARTESIAN_POINT('',(17.445624419758,0.91235347892));
#1362 = CARTESIAN_POINT('',(17.024368041028,0.913889863518));
#1363 = CARTESIAN_POINT('',(16.602829291725,0.91542544439));
#1364 = CARTESIAN_POINT('',(16.181013826394,0.916960261738));
#1365 = CARTESIAN_POINT('',(15.758919375542,0.918494299139));
#1366 = CARTESIAN_POINT('',(15.017861801738,0.921184423936));
#1367 = CARTESIAN_POINT('',(14.699018480547,0.92234084594));
#1368 = CARTESIAN_POINT('',(14.380016600799,0.923496822866));
#1369 = CARTESIAN_POINT('',(14.06085757696,0.924652367691));
#1370 = CARTESIAN_POINT('',(13.741539430236,0.925807459734));
#1371 = CARTESIAN_POINT('',(13.42206329117,0.926962108467));
#1372 = CARTESIAN_POINT('',(13.102428423552,0.928116305374));
#1373 = CARTESIAN_POINT('',(12.540332335126,0.930144223282));
#1374 = CARTESIAN_POINT('',(12.297938678185,0.931018136961));
#1375 = CARTESIAN_POINT('',(12.055453933639,0.931891790425));
#1376 = CARTESIAN_POINT('',(11.812877816377,0.932765179168));
#1377 = CARTESIAN_POINT('',(11.570210888131,0.933638310592));
#1378 = CARTESIAN_POINT('',(11.327452164284,0.934511170738));
#1379 = CARTESIAN_POINT('',(11.084602507176,0.935383770306));
#1380 = CARTESIAN_POINT('',(10.663059675903,0.936897421976));
#1381 = CARTESIAN_POINT('',(10.484408328078,0.937538594714));
#1382 = CARTESIAN_POINT('',(10.305707879587,0.938179626427));
#1383 = CARTESIAN_POINT('',(10.126958400922,0.938820517597));
#1384 = CARTESIAN_POINT('',(9.948159950441,0.939461268611));
#1385 = CARTESIAN_POINT('',(9.769312574375,0.940101879757));
#1386 = CARTESIAN_POINT('',(9.59041630682,0.940742351228));
#1387 = CARTESIAN_POINT('',(9.130959767851,0.94238645667));
#1388 = CARTESIAN_POINT('',(8.85032830971,0.943389887109));
#1389 = CARTESIAN_POINT('',(8.569576888573,0.944392976268));
#1390 = CARTESIAN_POINT('',(8.288705591044,0.945395720743));
#1391 = CARTESIAN_POINT('',(8.007714752694,0.946398125952));
#1392 = CARTESIAN_POINT('',(7.726604786977,0.947400197361));
#1393 = CARTESIAN_POINT('',(7.445375985457,0.948401932473));
#1394 = CARTESIAN_POINT('',(7.0235635291,0.949903297425));
#1395 = CARTESIAN_POINT('',(6.883098371472,0.950403070058));
#1396 = CARTESIAN_POINT('',(6.742633216409,0.950902655842));
#1397 = CARTESIAN_POINT('',(6.602168064427,0.951402055522));
#1398 = CARTESIAN_POINT('',(6.461702914571,0.951901269812));
#1399 = CARTESIAN_POINT('',(6.321237764415,0.952400299392));
#1400 = CARTESIAN_POINT('',(6.180772610062,0.952899144908));
#1401 = CARTESIAN_POINT('',(5.899842298308,0.953896468985));
#1402 = CARTESIAN_POINT('',(5.759377141101,0.954394947625));
#1403 = CARTESIAN_POINT('',(5.61891194907,0.95489324261));
#1404 = CARTESIAN_POINT('',(5.478446822245,0.955391355643));
#1405 = CARTESIAN_POINT('',(5.337981709069,0.955889286595));
#1406 = CARTESIAN_POINT('',(5.197516525233,0.956387034898));
#1407 = CARTESIAN_POINT('',(5.057051327927,0.956884602164));
#1408 = CARTESIAN_POINT('',(4.763351432461,0.957924599346));
#1409 = CARTESIAN_POINT('',(4.610116855547,0.958466995219));
#1410 = CARTESIAN_POINT('',(4.456882085684,0.959009182483));
#1411 = CARTESIAN_POINT('',(4.303647285071,0.959551165915));
#1412 = CARTESIAN_POINT('',(4.150412604131,0.960092949234));
#1413 = CARTESIAN_POINT('',(3.997177965179,0.96063453396));
#1414 = CARTESIAN_POINT('',(3.843943192316,0.96117592004));
#1415 = CARTESIAN_POINT('',(3.575782456368,0.962122999446));
#1416 = CARTESIAN_POINT('',(3.460856418306,0.962528779679));
#1417 = CARTESIAN_POINT('',(3.345930377193,0.962934448723));
#1418 = CARTESIAN_POINT('',(3.231004337682,0.963340007112));
#1419 = CARTESIAN_POINT('',(3.116078303139,0.963745455902));
#1420 = CARTESIAN_POINT('',(3.001152273541,0.964150796419));
#1421 = CARTESIAN_POINT('',(2.886226243367,0.964556030007));
#1422 = CARTESIAN_POINT('',(2.592678222844,0.96559082117));
#1423 = CARTESIAN_POINT('',(2.414012176782,0.966220382858));
#1424 = CARTESIAN_POINT('',(2.235304127939,0.966849848906));
#1425 = CARTESIAN_POINT('',(2.056550363045,0.967479212396));
#1426 = CARTESIAN_POINT('',(1.87775470899,0.968108483368));
#1427 = CARTESIAN_POINT('',(1.698917530972,0.96873766419));
#1428 = CARTESIAN_POINT('',(1.520035493835,0.969366735312));
#1429 = CARTESIAN_POINT('',(1.25172254476,0.970309906232));
#1430 = CARTESIAN_POINT('',(1.162335628005,0.970624050944));
#1431 = CARTESIAN_POINT('',(1.072948745977,0.970938126916));
#1432 = CARTESIAN_POINT('',(0.983561872686,0.971252132462));
#1433 = CARTESIAN_POINT('',(0.8941749892,0.971566065456));
#1434 = CARTESIAN_POINT('',(0.804788083638,0.971879923333));
#1435 = CARTESIAN_POINT('',(0.715401151175,0.972193703086));
#1436 = CARTESIAN_POINT('',(0.547795575755,0.972781904835));
#1437 = CARTESIAN_POINT('',(0.469567779369,0.973056379084));
#1438 = CARTESIAN_POINT('',(0.391330676193,0.973330820135));
#1439 = CARTESIAN_POINT('',(0.313084122474,0.973605225063));
#1440 = CARTESIAN_POINT('',(0.234827959399,0.9738795919));
#1441 = CARTESIAN_POINT('',(0.156562013096,0.974153919635));
#1442 = CARTESIAN_POINT('',(7.828609462847E-02,0.974428208215));
#1443 = CARTESIAN_POINT('',(0.,0.974702458543));
#1444 = ( GEOMETRIC_REPRESENTATION_CONTEXT(2) 
PARAMETRIC_REPRESENTATION_CONTEXT() REPRESENTATION_CONTEXT('2D SPACE',''
  ) );
#1445 = PCURVE('',#1446,#1451);
#1446 = PLANE('',#1447);
#1447 = AXIS2_PLACEMENT_3D('',#1448,#1449,#1450);
#1448 = CARTESIAN_POINT('',(291.08270372175,190.,-40.));
#1449 = DIRECTION('',(-0.780868809443,0.624695047554,0.));
#1450 = DIRECTION('',(0.624695047554,0.780868809443,0.));
#1451 = DEFINITIONAL_REPRESENTATION('',(#1452),#1560);
#1452 = B_SPLINE_CURVE_WITH_KNOTS('',8,(#1453,#1454,#1455,#1456,#1457,
    #1458,#1459,#1460,#1461,#1462,#1463,#1464,#1465,#1466,#1467,#1468,
    #1469,#1470,#1471,#1472,#1473,#1474,#1475,#1476,#1477,#1478,#1479,
    #1480,#1481,#1482,#1483,#1484,#1485,#1486,#1487,#1488,#1489,#1490,
    #1491,#1492,#1493,#1494,#1495,#1496,#1497,#1498,#1499,#1500,#1501,
    #1502,#1503,#1504,#1505,#1506,#1507,#1508,#1509,#1510,#1511,#1512,
    #1513,#1514,#1515,#1516,#1517,#1518,#1519,#1520,#1521,#1522,#1523,
    #1524,#1525,#1526,#1527,#1528,#1529,#1530,#1531,#1532,#1533,#1534,
    #1535,#1536,#1537,#1538,#1539,#1540,#1541,#1542,#1543,#1544,#1545,
    #1546,#1547,#1548,#1549,#1550,#1551,#1552,#1553,#1554,#1555,#1556,
    #1557,#1558,#1559),.UNSPECIFIED.,.F.,.F.,(9,7,7,7,7,7,7,7,7,7,7,7,7,
    7,7,9),(0.,9.741058483553E-02,0.183455454733,0.261078063411,
    0.395398419434,0.496744686289,0.573533168384,0.62998559069,
    0.718479463058,0.762660821343,0.80684217457,0.855040043713,
    0.891188446388,0.94737152658,0.975439203242,1.),.UNSPECIFIED.);
#1453 = CARTESIAN_POINT('',(0.,-61.13064160671));
#1454 = CARTESIAN_POINT('',(0.30969464363,-61.09329709785));
#1455 = CARTESIAN_POINT('',(0.619245188669,-61.05604515306));
#1456 = CARTESIAN_POINT('',(0.928652670741,-61.01889207557));
#1457 = CARTESIAN_POINT('',(1.237919517672,-60.9818529457));
#1458 = CARTESIAN_POINT('',(1.547046511374,-60.94493258406));
#1459 = CARTESIAN_POINT('',(1.856034525174,-60.90813643913));
#1460 = CARTESIAN_POINT('',(2.164886377363,-60.87148218511));
#1461 = CARTESIAN_POINT('',(2.746301199422,-60.80274213614));
#1462 = CARTESIAN_POINT('',(3.018893587488,-60.77062219825));
#1463 = CARTESIAN_POINT('',(3.291382816673,-60.73863221947));
#1464 = CARTESIAN_POINT('',(3.563770353302,-60.70678141131));
#1465 = CARTESIAN_POINT('',(3.836057619293,-60.67507897954));
#1466 = CARTESIAN_POINT('',(4.108245992158,-60.64353412422));
#1467 = CARTESIAN_POINT('',(4.380336805002,-60.61215603968));
#1468 = CARTESIAN_POINT('',(4.897702463761,-60.55280592205));
#1469 = CARTESIAN_POINT('',(5.142995286079,-60.524801342));
#1470 = CARTESIAN_POINT('',(5.388210545242,-60.4969457273));
#1471 = CARTESIAN_POINT('',(5.633349624612,-60.46924803992));
#1472 = CARTESIAN_POINT('',(5.878413506578,-60.44171518349));
#1473 = CARTESIAN_POINT('',(6.123402454101,-60.41435035396));
#1474 = CARTESIAN_POINT('',(6.368316426386,-60.38715520841));
#1475 = CARTESIAN_POINT('',(7.036833942832,-60.31338079386));
#1476 = CARTESIAN_POINT('',(7.460289435644,-60.26715144055));
#1477 = CARTESIAN_POINT('',(7.88352395852,-60.22146378582));
#1478 = CARTESIAN_POINT('',(8.306543401241,-60.17635782298));
#1479 = CARTESIAN_POINT('',(8.729341550747,-60.13181695385));
#1480 = CARTESIAN_POINT('',(9.151929475484,-60.0879078133));
#1481 = CARTESIAN_POINT('',(9.574302654224,-60.04462048363));
#1482 = CARTESIAN_POINT('',(10.314986395839,-59.96979418305));
#1483 = CARTESIAN_POINT('',(10.633389087604,-59.93798050076));
#1484 = CARTESIAN_POINT('',(10.951669234078,-59.90653039204));
#1485 = CARTESIAN_POINT('',(11.269830408404,-59.87547234961));
#1486 = CARTESIAN_POINT('',(11.587866916183,-59.84477467041));
#1487 = CARTESIAN_POINT('',(11.905781365435,-59.8144599669));
#1488 = CARTESIAN_POINT('',(12.223571411752,-59.78451829772));
#1489 = CARTESIAN_POINT('',(12.781926855027,-59.73255266853));
#1490 = CARTESIAN_POINT('',(13.022545302961,-59.71036783464));
#1491 = CARTESIAN_POINT('',(13.263092104822,-59.68840154441));
#1492 = CARTESIAN_POINT('',(13.503566019884,-59.66664671651));
#1493 = CARTESIAN_POINT('',(13.743969086221,-59.64512241742));
#1494 = CARTESIAN_POINT('',(13.98429746032,-59.62380063888));
#1495 = CARTESIAN_POINT('',(14.224554088396,-59.60270809181));
#1496 = CARTESIAN_POINT('',(14.641314375155,-59.56650535875));
#1497 = CARTESIAN_POINT('',(14.817851249329,-59.55129056812));
#1498 = CARTESIAN_POINT('',(14.994349294276,-59.53620196734));
#1499 = CARTESIAN_POINT('',(15.170808643047,-59.52124181562));
#1500 = CARTESIAN_POINT('',(15.347229401944,-59.50641227374));
#1501 = CARTESIAN_POINT('',(15.523611650516,-59.49171540401));
#1502 = CARTESIAN_POINT('',(15.699955441565,-59.4771531703));
#1503 = CARTESIAN_POINT('',(16.152634131999,-59.44011390158));
#1504 = CARTESIAN_POINT('',(16.428912991979,-59.41783549225));
#1505 = CARTESIAN_POINT('',(16.705097885749,-59.3959031557));
#1506 = CARTESIAN_POINT('',(16.98118787623,-59.37431209503));
#1507 = CARTESIAN_POINT('',(17.257184455069,-59.35308513615));
#1508 = CARTESIAN_POINT('',(17.533089127314,-59.33224462474));
#1509 = CARTESIAN_POINT('',(17.808901205388,-59.31178804905));
#1510 = CARTESIAN_POINT('',(18.222278536874,-59.28173470423));
#1511 = CARTESIAN_POINT('',(18.359883105988,-59.27183114793));
#1512 = CARTESIAN_POINT('',(18.497436229152,-59.26203427384));
#1513 = CARTESIAN_POINT('',(18.634938111677,-59.25234643363));
#1514 = CARTESIAN_POINT('',(18.772388949829,-59.24276997073));
#1515 = CARTESIAN_POINT('',(18.909788930829,-59.23330722029));
#1516 = CARTESIAN_POINT('',(19.047138232854,-59.22396050919));
#1517 = CARTESIAN_POINT('',(19.321735801492,-59.20550380397));
#1518 = CARTESIAN_POINT('',(19.458984090183,-59.19639430128));
#1519 = CARTESIAN_POINT('',(19.596181811893,-59.18740341481));
#1520 = CARTESIAN_POINT('',(19.733329436373,-59.17853812274));
#1521 = CARTESIAN_POINT('',(19.870426927349,-59.16979837919));
#1522 = CARTESIAN_POINT('',(20.007474129052,-59.16118250846));
#1523 = CARTESIAN_POINT('',(20.144471484773,-59.15269675186));
#1524 = CARTESIAN_POINT('',(20.430818424951,-59.13525174441));
#1525 = CARTESIAN_POINT('',(20.580158635713,-59.12631888534));
#1526 = CARTESIAN_POINT('',(20.729441409485,-59.11756420204));
#1527 = CARTESIAN_POINT('',(20.878668061136,-59.10900056729));
#1528 = CARTESIAN_POINT('',(21.027839615068,-59.10063982672));
#1529 = CARTESIAN_POINT('',(21.176956489263,-59.0924910042));
#1530 = CARTESIAN_POINT('',(21.326018669521,-59.08456132339));
#1531 = CARTESIAN_POINT('',(21.58678215472,-59.07108408661));
#1532 = CARTESIAN_POINT('',(21.698507388275,-59.06543782981));
#1533 = CARTESIAN_POINT('',(21.810202007756,-59.05992128426));
#1534 = CARTESIAN_POINT('',(21.92186615997,-59.05453904989));
#1535 = CARTESIAN_POINT('',(22.033500135752,-59.04929878613));
#1536 = CARTESIAN_POINT('',(22.145104300361,-59.04420968096));
#1537 = CARTESIAN_POINT('',(22.256679023879,-59.03928091985));
#1538 = CARTESIAN_POINT('',(22.541592568075,-59.02712081138));
#1539 = CARTESIAN_POINT('',(22.714932521343,-59.02012779783));
#1540 = CARTESIAN_POINT('',(22.888246141422,-59.01355559371));
#1541 = CARTESIAN_POINT('',(23.061531524049,-59.00748408015));
#1542 = CARTESIAN_POINT('',(23.234791433232,-59.00193912402));
#1543 = CARTESIAN_POINT('',(23.408026520979,-58.99698548326));
#1544 = CARTESIAN_POINT('',(23.581231404524,-58.99265627422));
#1545 = CARTESIAN_POINT('',(23.840918749301,-58.98717504102));
#1546 = CARTESIAN_POINT('',(23.927413577173,-58.98551859439));
#1547 = CARTESIAN_POINT('',(24.01388947829,-58.98403595731));
#1548 = CARTESIAN_POINT('',(24.100345988655,-58.98273272602));
#1549 = CARTESIAN_POINT('',(24.186782523052,-58.98161587956));
#1550 = CARTESIAN_POINT('',(24.273198375046,-58.9806937797));
#1551 = CARTESIAN_POINT('',(24.35959271698,-58.97997617102));
#1552 = CARTESIAN_POINT('',(24.521544858703,-58.97903491121));
#1553 = CARTESIAN_POINT('',(24.597117045617,-58.97875682619));
#1554 = CARTESIAN_POINT('',(24.672680091876,-58.97866088182));
#1555 = CARTESIAN_POINT('',(24.748233192164,-58.97874843737));
#1556 = CARTESIAN_POINT('',(24.823775804689,-58.9790012554));
#1557 = CARTESIAN_POINT('',(24.899307651185,-58.97938150174));
#1558 = CARTESIAN_POINT('',(24.974828716911,-58.97983174549));
#1559 = CARTESIAN_POINT('',(25.050339250655,-58.98027495904));
#1560 = ( GEOMETRIC_REPRESENTATION_CONTEXT(2) 
PARAMETRIC_REPRESENTATION_CONTEXT() REPRESENTATION_CONTEXT('2D SPACE',''
  ) );
#1561 = ADVANCED_FACE('',(#1562,#2443),#554,.T.);
#1562 = FACE_BOUND('',#1563,.T.);
#1563 = EDGE_LOOP('',(#1564,#1584,#1641,#1663,#1697,#1724,#1781,#1806,
    #2422,#2442));
#1564 = ORIENTED_EDGE('',*,*,#1565,.F.);
#1565 = EDGE_CURVE('',#1566,#331,#1568,.T.);
#1566 = VERTEX_POINT('',#1567);
#1567 = CARTESIAN_POINT('',(303.86331400064,70.4,20.579104102846));
#1568 = SURFACE_CURVE('',#1569,(#1572,#1578),.PCURVE_S1.);
#1569 = B_SPLINE_CURVE_WITH_KNOTS('',1,(#1570,#1571),.UNSPECIFIED.,.F.,
  .F.,(2,2),(0.,1.),.PIECEWISE_BEZIER_KNOTS.);
#1570 = CARTESIAN_POINT('',(303.59135821248,70.4,19.905989906865));
#1571 = CARTESIAN_POINT('',(304.06704341834,70.4,21.083352106237));
#1572 = PCURVE('',#554,#1573);
#1573 = DEFINITIONAL_REPRESENTATION('',(#1574),#1577);
#1574 = B_SPLINE_CURVE_WITH_KNOTS('',1,(#1575,#1576),.UNSPECIFIED.,.F.,
  .F.,(2,2),(0.,1.),.PIECEWISE_BEZIER_KNOTS.);
#1575 = CARTESIAN_POINT('',(82.408641787513,-59.90598990686));
#1576 = CARTESIAN_POINT('',(81.93295658166,-61.08335210623));
#1577 = ( GEOMETRIC_REPRESENTATION_CONTEXT(2) 
PARAMETRIC_REPRESENTATION_CONTEXT() REPRESENTATION_CONTEXT('2D SPACE',''
  ) );
#1578 = PCURVE('',#732,#1579);
#1579 = DEFINITIONAL_REPRESENTATION('',(#1580),#1583);
#1580 = B_SPLINE_CURVE_WITH_KNOTS('',1,(#1581,#1582),.UNSPECIFIED.,.F.,
  .F.,(2,2),(0.,1.),.PIECEWISE_BEZIER_KNOTS.);
#1581 = CARTESIAN_POINT('',(5.60747453229,1.147540983607E-02));
#1582 = CARTESIAN_POINT('',(4.337648495552,1.147540983607E-02));
#1583 = ( GEOMETRIC_REPRESENTATION_CONTEXT(2) 
PARAMETRIC_REPRESENTATION_CONTEXT() REPRESENTATION_CONTEXT('2D SPACE',''
  ) );
#1584 = ORIENTED_EDGE('',*,*,#1585,.F.);
#1585 = EDGE_CURVE('',#1586,#1566,#1588,.T.);
#1586 = VERTEX_POINT('',#1587);
#1587 = CARTESIAN_POINT('',(303.63335987413,70.4,20.603394471599));
#1588 = SURFACE_CURVE('',#1589,(#1594,#1605),.PCURVE_S1.);
#1589 = CIRCLE('',#1590,1.498833333333);
#1590 = AXIS2_PLACEMENT_3D('',#1591,#1592,#1593);
#1591 = CARTESIAN_POINT('',(303.59135821248,70.4,19.105149758099));
#1592 = DIRECTION('',(0.,1.,0.));
#1593 = DIRECTION('',(0.,-0.,1.));
#1594 = PCURVE('',#554,#1595);
#1595 = DEFINITIONAL_REPRESENTATION('',(#1596),#1604);
#1596 = ( BOUNDED_CURVE() B_SPLINE_CURVE(2,(#1597,#1598,#1599,#1600,
#1601,#1602,#1603),.UNSPECIFIED.,.T.,.F.) B_SPLINE_CURVE_WITH_KNOTS((1,2
    ,2,2,2,1),(-2.094395102393,0.,2.094395102393,4.188790204786,
6.28318530718,8.377580409573),.UNSPECIFIED.) CURVE() 
GEOMETRIC_REPRESENTATION_ITEM() RATIONAL_B_SPLINE_CURVE((1.,0.5,1.,0.5,
1.,0.5,1.)) REPRESENTATION_ITEM('') );
#1597 = CARTESIAN_POINT('',(82.408641787513,-60.60398309143));
#1598 = CARTESIAN_POINT('',(79.812586302102,-60.60398309143));
#1599 = CARTESIAN_POINT('',(81.110614044808,-58.35573309143));
#1600 = CARTESIAN_POINT('',(82.408641787513,-56.10748309143));
#1601 = CARTESIAN_POINT('',(83.706669530219,-58.35573309143));
#1602 = CARTESIAN_POINT('',(85.004697272924,-60.60398309143));
#1603 = CARTESIAN_POINT('',(82.408641787513,-60.60398309143));
#1604 = ( GEOMETRIC_REPRESENTATION_CONTEXT(2) 
PARAMETRIC_REPRESENTATION_CONTEXT() REPRESENTATION_CONTEXT('2D SPACE',''
  ) );
#1605 = PCURVE('',#1606,#1635);
#1606 = B_SPLINE_SURFACE_WITH_KNOTS('',13,1,(
    (#1607,#1608)
    ,(#1609,#1610)
    ,(#1611,#1612)
    ,(#1613,#1614)
    ,(#1615,#1616)
    ,(#1617,#1618)
    ,(#1619,#1620)
    ,(#1621,#1622)
    ,(#1623,#1624)
    ,(#1625,#1626)
    ,(#1627,#1628)
    ,(#1629,#1630)
    ,(#1631,#1632)
    ,(#1633,#1634
    )),.UNSPECIFIED.,.T.,.F.,.F.,(14,14),(2,2),(0.,6.28318530718),(0.,1.
    ),.PIECEWISE_BEZIER_KNOTS.);
#1607 = CARTESIAN_POINT('',(303.59135821248,70.4,20.603983091432));
#1608 = CARTESIAN_POINT('',(291.08270372175,190.,20.605816287289));
#1609 = CARTESIAN_POINT('',(304.31577725692,70.399999999993,
    20.60398309143));
#1610 = CARTESIAN_POINT('',(291.63852396047,189.99999999997,
    20.605816287288));
#1611 = CARTESIAN_POINT('',(305.04019659114,70.400000000029,
    20.224676085388));
#1612 = CARTESIAN_POINT('',(292.19434442136,190.00000000013,
    20.314787893904));
#1613 = CARTESIAN_POINT('',(305.54795412984,70.399999999924,
    19.466084655182));
#1614 = CARTESIAN_POINT('',(292.58392821112,189.99999999963,
    19.732748433391));
#1615 = CARTESIAN_POINT('',(305.62241466433,70.400000000145,
    18.464216879548));
#1616 = CARTESIAN_POINT('',(292.64105905491,190.00000000072,
    18.964051930342));
#1617 = CARTESIAN_POINT('',(305.14185434545,70.399999999796,
    17.491773718957));
#1618 = CARTESIAN_POINT('',(292.27234269965,189.99999999891,
    18.217931858281));
#1619 = CARTESIAN_POINT('',(304.17507536609,70.400000000217,
    16.881330772054));
#1620 = CARTESIAN_POINT('',(291.5305685439,190.00000000127,
    17.749561310786));
#1621 = CARTESIAN_POINT('',(303.00764105896,70.399999999821,
    16.881330771919));
#1622 = CARTESIAN_POINT('',(290.63483889976,189.99999999879,
    17.749561310676));
#1623 = CARTESIAN_POINT('',(302.04086207931,70.400000000115,
    17.491773719065));
#1624 = CARTESIAN_POINT('',(289.89306474344,190.00000000091,
    18.217931858368));
#1625 = CARTESIAN_POINT('',(301.56030176083,70.399999999944,
    18.46421687948));
#1626 = CARTESIAN_POINT('',(289.52434838897,189.99999999943,
    18.964051930288));
#1627 = CARTESIAN_POINT('',(301.63476229501,70.400000000021,
    19.466084655215));
#1628 = CARTESIAN_POINT('',(289.58147923213,190.00000000027,
    19.732748433416));
#1629 = CARTESIAN_POINT('',(302.14251983387,70.399999999994,
    20.224676085376));
#1630 = CARTESIAN_POINT('',(289.97106302223,189.9999999999,
    20.314787893895));
#1631 = CARTESIAN_POINT('',(302.86693916803,70.400000000001,
    20.603983091433));
#1632 = CARTESIAN_POINT('',(290.52688348299,190.00000000002,
    20.60581628729));
#1633 = CARTESIAN_POINT('',(303.59135821248,70.4,20.603983091432));
#1634 = CARTESIAN_POINT('',(291.08270372175,190.,20.605816287289));
#1635 = DEFINITIONAL_REPRESENTATION('',(#1636),#1640);
#1636 = LINE('',#1637,#1638);
#1637 = CARTESIAN_POINT('',(0.,0.));
#1638 = VECTOR('',#1639,1.);
#1639 = DIRECTION('',(1.,0.));
#1640 = ( GEOMETRIC_REPRESENTATION_CONTEXT(2) 
PARAMETRIC_REPRESENTATION_CONTEXT() REPRESENTATION_CONTEXT('2D SPACE',''
  ) );
#1641 = ORIENTED_EDGE('',*,*,#1642,.F.);
#1642 = EDGE_CURVE('',#1643,#1586,#1645,.T.);
#1643 = VERTEX_POINT('',#1644);
#1644 = CARTESIAN_POINT('',(303.65020630953,70.4,21.204325048891));
#1645 = SURFACE_CURVE('',#1646,(#1650,#1657),.PCURVE_S1.);
#1646 = LINE('',#1647,#1648);
#1647 = CARTESIAN_POINT('',(288.80597919857,70.4,-508.3053163239));
#1648 = VECTOR('',#1649,1.);
#1649 = DIRECTION('',(-2.802290335518E-02,0.,-0.99960728133));
#1650 = PCURVE('',#554,#1651);
#1651 = DEFINITIONAL_REPRESENTATION('',(#1652),#1656);
#1652 = LINE('',#1653,#1654);
#1653 = CARTESIAN_POINT('',(97.194020801422,468.30531632397));
#1654 = VECTOR('',#1655,1.);
#1655 = DIRECTION('',(2.802290335518E-02,0.99960728133));
#1656 = ( GEOMETRIC_REPRESENTATION_CONTEXT(2) 
PARAMETRIC_REPRESENTATION_CONTEXT() REPRESENTATION_CONTEXT('2D SPACE',''
  ) );
#1657 = PCURVE('',#793,#1658);
#1658 = DEFINITIONAL_REPRESENTATION('',(#1659),#1662);
#1659 = B_SPLINE_CURVE_WITH_KNOTS('',1,(#1660,#1661),.UNSPECIFIED.,.F.,
  .F.,(2,2),(-529.7184874933,-525.5168552913),.PIECEWISE_BEZIER_KNOTS.);
#1660 = CARTESIAN_POINT('',(5.855160339378E-02,-2.1));
#1661 = CARTESIAN_POINT('',(-5.855160338666E-02,2.1));
#1662 = ( GEOMETRIC_REPRESENTATION_CONTEXT(2) 
PARAMETRIC_REPRESENTATION_CONTEXT() REPRESENTATION_CONTEXT('2D SPACE',''
  ) );
#1663 = ORIENTED_EDGE('',*,*,#1664,.F.);
#1664 = EDGE_CURVE('',#1665,#1643,#1667,.T.);
#1665 = VERTEX_POINT('',#1666);
#1666 = CARTESIAN_POINT('',(303.53251011544,70.4,17.005974467306));
#1667 = SURFACE_CURVE('',#1668,(#1673,#1684),.PCURVE_S1.);
#1668 = ELLIPSE('',#1669,2.111463192682,2.1);
#1669 = AXIS2_PLACEMENT_3D('',#1670,#1671,#1672);
#1670 = CARTESIAN_POINT('',(303.59135821248,70.4,19.105149758099));
#1671 = DIRECTION('',(-0.,1.,0.));
#1672 = DIRECTION('',(-0.99960728133,-0.,2.802290335518E-02));
#1673 = PCURVE('',#554,#1674);
#1674 = DEFINITIONAL_REPRESENTATION('',(#1675),#1683);
#1675 = ( BOUNDED_CURVE() B_SPLINE_CURVE(2,(#1676,#1677,#1678,#1679,
#1680,#1681,#1682),.UNSPECIFIED.,.T.,.F.) B_SPLINE_CURVE_WITH_KNOTS((1,2
    ,2,2,2,1),(-2.094395102393,0.,2.094395102393,4.188790204786,
6.28318530718,8.377580409573),.UNSPECIFIED.) CURVE() 
GEOMETRIC_REPRESENTATION_ITEM() RATIONAL_B_SPLINE_CURVE((1.,0.5,1.,0.5,
1.,0.5,1.)) REPRESENTATION_ITEM('') );
#1676 = CARTESIAN_POINT('',(84.519275769178,-59.16431908708));
#1677 = CARTESIAN_POINT('',(84.417347875165,-62.80019734473));
#1678 = CARTESIAN_POINT('',(81.302360849675,-60.89350422242));
#1679 = CARTESIAN_POINT('',(78.187373824184,-58.98681110012));
#1680 = CARTESIAN_POINT('',(81.404288743687,-57.25762596478));
#1681 = CARTESIAN_POINT('',(84.62120366319,-55.52844082944));
#1682 = CARTESIAN_POINT('',(84.519275769178,-59.16431908708));
#1683 = ( GEOMETRIC_REPRESENTATION_CONTEXT(2) 
PARAMETRIC_REPRESENTATION_CONTEXT() REPRESENTATION_CONTEXT('2D SPACE',''
  ) );
#1684 = PCURVE('',#830,#1685);
#1685 = DEFINITIONAL_REPRESENTATION('',(#1686),#1696);
#1686 = B_SPLINE_CURVE_WITH_KNOTS('',8,(#1687,#1688,#1689,#1690,#1691,
    #1692,#1693,#1694,#1695),.UNSPECIFIED.,.F.,.F.,(9,9),(4.712386249633
    ,7.853984364726),.PIECEWISE_BEZIER_KNOTS.);
#1687 = CARTESIAN_POINT('',(1.598668090322,-6.000003480722E-07));
#1688 = CARTESIAN_POINT('',(1.991367854708,8.6283334724E-02));
#1689 = CARTESIAN_POINT('',(2.384067619094,0.172568063191));
#1690 = CARTESIAN_POINT('',(2.776767383477,0.238569533293));
#1691 = CARTESIAN_POINT('',(3.169467147862,0.264059177772));
#1692 = CARTESIAN_POINT('',(3.562166912252,0.238569533294));
#1693 = CARTESIAN_POINT('',(3.95486667664,0.172568063191));
#1694 = CARTESIAN_POINT('',(4.347566441028,8.6283334724E-02));
#1695 = CARTESIAN_POINT('',(4.740266205415,-6.000003480722E-07));
#1696 = ( GEOMETRIC_REPRESENTATION_CONTEXT(2) 
PARAMETRIC_REPRESENTATION_CONTEXT() REPRESENTATION_CONTEXT('2D SPACE',''
  ) );
#1697 = ORIENTED_EDGE('',*,*,#1698,.F.);
#1698 = EDGE_CURVE('',#1699,#1665,#1701,.T.);
#1699 = VERTEX_POINT('',#1700);
#1700 = CARTESIAN_POINT('',(303.54935655084,70.4,17.606905044599));
#1701 = SURFACE_CURVE('',#1702,(#1706,#1713),.PCURVE_S1.);
#1702 = LINE('',#1703,#1704);
#1703 = CARTESIAN_POINT('',(288.80597919857,70.4,-508.3053163239));
#1704 = VECTOR('',#1705,1.);
#1705 = DIRECTION('',(-2.802290335518E-02,0.,-0.99960728133));
#1706 = PCURVE('',#554,#1707);
#1707 = DEFINITIONAL_REPRESENTATION('',(#1708),#1712);
#1708 = LINE('',#1709,#1710);
#1709 = CARTESIAN_POINT('',(97.194020801422,468.30531632397));
#1710 = VECTOR('',#1711,1.);
#1711 = DIRECTION('',(2.802290335518E-02,0.99960728133));
#1712 = ( GEOMETRIC_REPRESENTATION_CONTEXT(2) 
PARAMETRIC_REPRESENTATION_CONTEXT() REPRESENTATION_CONTEXT('2D SPACE',''
  ) );
#1713 = PCURVE('',#1714,#1719);
#1714 = PLANE('',#1715);
#1715 = AXIS2_PLACEMENT_3D('',#1716,#1717,#1718);
#1716 = CARTESIAN_POINT('',(303.59135821248,70.4,19.105149758099));
#1717 = DIRECTION('',(-0.104019604147,0.994570972053,2.916076511733E-03)
  );
#1718 = DIRECTION('',(0.994575200748,0.104020046415,0.));
#1719 = DEFINITIONAL_REPRESENTATION('',(#1720),#1723);
#1720 = B_SPLINE_CURVE_WITH_KNOTS('',1,(#1721,#1722),.UNSPECIFIED.,.F.,
  .F.,(2,2),(-529.7184874933,-525.5168552913),.PIECEWISE_BEZIER_KNOTS.);
#1721 = CARTESIAN_POINT('',(5.855160339378E-02,-2.1));
#1722 = CARTESIAN_POINT('',(-5.855160338666E-02,2.1));
#1723 = ( GEOMETRIC_REPRESENTATION_CONTEXT(2) 
PARAMETRIC_REPRESENTATION_CONTEXT() REPRESENTATION_CONTEXT('2D SPACE',''
  ) );
#1724 = ORIENTED_EDGE('',*,*,#1725,.F.);
#1725 = EDGE_CURVE('',#1726,#1699,#1728,.T.);
#1726 = VERTEX_POINT('',#1727);
#1727 = CARTESIAN_POINT('',(303.86331400064,70.4,17.631195413352));
#1728 = SURFACE_CURVE('',#1729,(#1734,#1745),.PCURVE_S1.);
#1729 = CIRCLE('',#1730,1.498833333333);
#1730 = AXIS2_PLACEMENT_3D('',#1731,#1732,#1733);
#1731 = CARTESIAN_POINT('',(303.59135821248,70.4,19.105149758099));
#1732 = DIRECTION('',(0.,1.,0.));
#1733 = DIRECTION('',(0.,-0.,1.));
#1734 = PCURVE('',#554,#1735);
#1735 = DEFINITIONAL_REPRESENTATION('',(#1736),#1744);
#1736 = ( BOUNDED_CURVE() B_SPLINE_CURVE(2,(#1737,#1738,#1739,#1740,
#1741,#1742,#1743),.UNSPECIFIED.,.T.,.F.) B_SPLINE_CURVE_WITH_KNOTS((1,2
    ,2,2,2,1),(-2.094395102393,0.,2.094395102393,4.188790204786,
6.28318530718,8.377580409573),.UNSPECIFIED.) CURVE() 
GEOMETRIC_REPRESENTATION_ITEM() RATIONAL_B_SPLINE_CURVE((1.,0.5,1.,0.5,
1.,0.5,1.)) REPRESENTATION_ITEM('') );
#1737 = CARTESIAN_POINT('',(82.408641787513,-60.60398309143));
#1738 = CARTESIAN_POINT('',(79.812586302102,-60.60398309143));
#1739 = CARTESIAN_POINT('',(81.110614044808,-58.35573309143));
#1740 = CARTESIAN_POINT('',(82.408641787513,-56.10748309143));
#1741 = CARTESIAN_POINT('',(83.706669530219,-58.35573309143));
#1742 = CARTESIAN_POINT('',(85.004697272924,-60.60398309143));
#1743 = CARTESIAN_POINT('',(82.408641787513,-60.60398309143));
#1744 = ( GEOMETRIC_REPRESENTATION_CONTEXT(2) 
PARAMETRIC_REPRESENTATION_CONTEXT() REPRESENTATION_CONTEXT('2D SPACE',''
  ) );
#1745 = PCURVE('',#1746,#1775);
#1746 = B_SPLINE_SURFACE_WITH_KNOTS('',13,1,(
    (#1747,#1748)
    ,(#1749,#1750)
    ,(#1751,#1752)
    ,(#1753,#1754)
    ,(#1755,#1756)
    ,(#1757,#1758)
    ,(#1759,#1760)
    ,(#1761,#1762)
    ,(#1763,#1764)
    ,(#1765,#1766)
    ,(#1767,#1768)
    ,(#1769,#1770)
    ,(#1771,#1772)
    ,(#1773,#1774
    )),.UNSPECIFIED.,.T.,.F.,.F.,(14,14),(2,2),(0.,6.28318530718),(0.,1.
    ),.PIECEWISE_BEZIER_KNOTS.);
#1747 = CARTESIAN_POINT('',(303.59135821248,70.4,20.603983091432));
#1748 = CARTESIAN_POINT('',(291.08270372175,190.,20.605816287289));
#1749 = CARTESIAN_POINT('',(304.31577725692,70.399999999993,
    20.60398309143));
#1750 = CARTESIAN_POINT('',(291.63852396047,189.99999999997,
    20.605816287288));
#1751 = CARTESIAN_POINT('',(305.04019659114,70.400000000029,
    20.224676085388));
#1752 = CARTESIAN_POINT('',(292.19434442136,190.00000000013,
    20.314787893904));
#1753 = CARTESIAN_POINT('',(305.54795412984,70.399999999924,
    19.466084655182));
#1754 = CARTESIAN_POINT('',(292.58392821112,189.99999999963,
    19.732748433391));
#1755 = CARTESIAN_POINT('',(305.62241466433,70.400000000145,
    18.464216879548));
#1756 = CARTESIAN_POINT('',(292.64105905491,190.00000000072,
    18.964051930342));
#1757 = CARTESIAN_POINT('',(305.14185434545,70.399999999796,
    17.491773718957));
#1758 = CARTESIAN_POINT('',(292.27234269965,189.99999999891,
    18.217931858281));
#1759 = CARTESIAN_POINT('',(304.17507536609,70.400000000217,
    16.881330772054));
#1760 = CARTESIAN_POINT('',(291.5305685439,190.00000000127,
    17.749561310786));
#1761 = CARTESIAN_POINT('',(303.00764105896,70.399999999821,
    16.881330771919));
#1762 = CARTESIAN_POINT('',(290.63483889976,189.99999999879,
    17.749561310676));
#1763 = CARTESIAN_POINT('',(302.04086207931,70.400000000115,
    17.491773719065));
#1764 = CARTESIAN_POINT('',(289.89306474344,190.00000000091,
    18.217931858368));
#1765 = CARTESIAN_POINT('',(301.56030176083,70.399999999944,
    18.46421687948));
#1766 = CARTESIAN_POINT('',(289.52434838897,189.99999999943,
    18.964051930288));
#1767 = CARTESIAN_POINT('',(301.63476229501,70.400000000021,
    19.466084655215));
#1768 = CARTESIAN_POINT('',(289.58147923213,190.00000000027,
    19.732748433416));
#1769 = CARTESIAN_POINT('',(302.14251983387,70.399999999994,
    20.224676085376));
#1770 = CARTESIAN_POINT('',(289.97106302223,189.9999999999,
    20.314787893895));
#1771 = CARTESIAN_POINT('',(302.86693916803,70.400000000001,
    20.603983091433));
#1772 = CARTESIAN_POINT('',(290.52688348299,190.00000000002,
    20.60581628729));
#1773 = CARTESIAN_POINT('',(303.59135821248,70.4,20.603983091432));
#1774 = CARTESIAN_POINT('',(291.08270372175,190.,20.605816287289));
#1775 = DEFINITIONAL_REPRESENTATION('',(#1776),#1780);
#1776 = LINE('',#1777,#1778);
#1777 = CARTESIAN_POINT('',(0.,0.));
#1778 = VECTOR('',#1779,1.);
#1779 = DIRECTION('',(1.,0.));
#1780 = ( GEOMETRIC_REPRESENTATION_CONTEXT(2) 
PARAMETRIC_REPRESENTATION_CONTEXT() REPRESENTATION_CONTEXT('2D SPACE',''
  ) );
#1781 = ORIENTED_EDGE('',*,*,#1782,.F.);
#1782 = EDGE_CURVE('',#1783,#1726,#1785,.T.);
#1783 = VERTEX_POINT('',#1784);
#1784 = CARTESIAN_POINT('',(304.05976113297,70.4,17.144971698733));
#1785 = SURFACE_CURVE('',#1786,(#1789,#1795),.PCURVE_S1.);
#1786 = B_SPLINE_CURVE_WITH_KNOTS('',1,(#1787,#1788),.UNSPECIFIED.,.F.,
  .F.,(2,2),(0.,1.),.PIECEWISE_BEZIER_KNOTS.);
#1787 = CARTESIAN_POINT('',(304.06111718453,70.4,17.141615353346));
#1788 = CARTESIAN_POINT('',(303.59135821248,70.4,18.304309609333));
#1789 = PCURVE('',#554,#1790);
#1790 = DEFINITIONAL_REPRESENTATION('',(#1791),#1794);
#1791 = B_SPLINE_CURVE_WITH_KNOTS('',1,(#1792,#1793),.UNSPECIFIED.,.F.,
  .F.,(2,2),(0.,1.),.PIECEWISE_BEZIER_KNOTS.);
#1792 = CARTESIAN_POINT('',(81.938882815467,-57.14161535334));
#1793 = CARTESIAN_POINT('',(82.408641787513,-58.30430960933));
#1794 = ( GEOMETRIC_REPRESENTATION_CONTEXT(2) 
PARAMETRIC_REPRESENTATION_CONTEXT() REPRESENTATION_CONTEXT('2D SPACE',''
  ) );
#1795 = PCURVE('',#1796,#1801);
#1796 = B_SPLINE_SURFACE_WITH_KNOTS('',1,1,(
    (#1797,#1798)
    ,(#1799,#1800
    )),.UNSPECIFIED.,.F.,.F.,.F.,(2,2),(2,2),(0.,6.471208456066),(0.,1.)
  ,.PIECEWISE_BEZIER_KNOTS.);
#1797 = CARTESIAN_POINT('',(303.41422016666,69.,19.101044965951));
#1798 = CARTESIAN_POINT('',(290.65455588681,191.,19.45874828168));
#1799 = CARTESIAN_POINT('',(305.83837752167,69.,13.101044965951));
#1800 = CARTESIAN_POINT('',(293.07871324182,191.,13.45874828168));
#1801 = DEFINITIONAL_REPRESENTATION('',(#1802),#1805);
#1802 = B_SPLINE_CURVE_WITH_KNOTS('',1,(#1803,#1804),.UNSPECIFIED.,.F.,
  .F.,(2,2),(0.,1.),.PIECEWISE_BEZIER_KNOTS.);
#1803 = CARTESIAN_POINT('',(2.117740073969,1.147540983607E-02));
#1804 = CARTESIAN_POINT('',(0.863733923775,1.147540983607E-02));
#1805 = ( GEOMETRIC_REPRESENTATION_CONTEXT(2) 
PARAMETRIC_REPRESENTATION_CONTEXT() REPRESENTATION_CONTEXT('2D SPACE',''
  ) );
#1806 = ORIENTED_EDGE('',*,*,#1807,.F.);
#1807 = EDGE_CURVE('',#1808,#1783,#1810,.T.);
#1808 = VERTEX_POINT('',#1809);
#1809 = CARTESIAN_POINT('',(326.10610617646,70.4,17.403151141478));
#1810 = SURFACE_CURVE('',#1811,(#1919,#2030),.PCURVE_S1.);
#1811 = B_SPLINE_CURVE_WITH_KNOTS('',8,(#1812,#1813,#1814,#1815,#1816,
    #1817,#1818,#1819,#1820,#1821,#1822,#1823,#1824,#1825,#1826,#1827,
    #1828,#1829,#1830,#1831,#1832,#1833,#1834,#1835,#1836,#1837,#1838,
    #1839,#1840,#1841,#1842,#1843,#1844,#1845,#1846,#1847,#1848,#1849,
    #1850,#1851,#1852,#1853,#1854,#1855,#1856,#1857,#1858,#1859,#1860,
    #1861,#1862,#1863,#1864,#1865,#1866,#1867,#1868,#1869,#1870,#1871,
    #1872,#1873,#1874,#1875,#1876,#1877,#1878,#1879,#1880,#1881,#1882,
    #1883,#1884,#1885,#1886,#1887,#1888,#1889,#1890,#1891,#1892,#1893,
    #1894,#1895,#1896,#1897,#1898,#1899,#1900,#1901,#1902,#1903,#1904,
    #1905,#1906,#1907,#1908,#1909,#1910,#1911,#1912,#1913,#1914,#1915,
    #1916,#1917,#1918),.UNSPECIFIED.,.F.,.F.,(9,7,7,7,7,7,7,7,7,7,7,7,7,
    7,7,9),(0.,3.225778316823E-02,8.064453467366E-02,0.104837981169,
    0.133063672252,0.161289363489,0.201611781625,0.245966440612,
    0.366933694002,0.415320593778,0.512094393282,0.641126125939,
    0.70967423395,0.778222341986,0.8588671749,1.),.UNSPECIFIED.);
#1812 = CARTESIAN_POINT('',(326.10610617646,70.4,17.403151141478));
#1813 = CARTESIAN_POINT('',(326.01545384954,70.4,17.398037067664));
#1814 = CARTESIAN_POINT('',(325.92480148363,70.4,17.392924295469));
#1815 = CARTESIAN_POINT('',(325.83414695884,70.4,17.387849314711));
#1816 = CARTESIAN_POINT('',(325.74348852303,70.4,17.382843604545));
#1817 = CARTESIAN_POINT('',(325.65282479182,70.4,17.377933633455));
#1818 = CARTESIAN_POINT('',(325.56215474857,70.4,17.373140859257));
#1819 = CARTESIAN_POINT('',(325.4714777444,70.4,17.368481729102));
#1820 = CARTESIAN_POINT('',(325.24476691309,70.4,17.357196594284));
#1821 = CARTESIAN_POINT('',(325.1087230954,70.4,17.3507711767));
#1822 = CARTESIAN_POINT('',(324.97266197215,70.4,17.344690803825));
#1823 = CARTESIAN_POINT('',(324.83658259402,70.4,17.339090109773));
#1824 = CARTESIAN_POINT('',(324.70047669255,70.4,17.33408792705));
#1825 = CARTESIAN_POINT('',(324.56436357472,70.4,17.329332536737));
#1826 = CARTESIAN_POINT('',(324.4282364553,70.4,17.324996594449));
#1827 = CARTESIAN_POINT('',(324.22403372124,70.4,17.318954763983));
#1828 = CARTESIAN_POINT('',(324.15596366479,70.4,17.317020878128));
#1829 = CARTESIAN_POINT('',(324.08789148388,70.4,17.315162042254));
#1830 = CARTESIAN_POINT('',(324.01981739213,70.4,17.313373428743));
#1831 = CARTESIAN_POINT('',(323.95174159553,70.4,17.311650393942));
#1832 = CARTESIAN_POINT('',(323.88366429241,70.4,17.309988478163));
#1833 = CARTESIAN_POINT('',(323.81558567348,70.4,17.30838340568));
#1834 = CARTESIAN_POINT('',(323.66807953492,70.4,17.305020043402));
#1835 = CARTESIAN_POINT('',(323.58865152195,70.4,17.303282078427));
#1836 = CARTESIAN_POINT('',(323.50922201599,70.4,17.301613362347));
#1837 = CARTESIAN_POINT('',(323.42979115,70.4,17.30001007043));
#1838 = CARTESIAN_POINT('',(323.35035905679,70.4,17.298468380666));
#1839 = CARTESIAN_POINT('',(323.27092586896,70.4,17.296984473772));
#1840 = CARTESIAN_POINT('',(323.191491719,70.4,17.295554533188));
#1841 = CARTESIAN_POINT('',(323.03262175892,70.4,17.292794956963));
#1842 = CARTESIAN_POINT('',(322.9531859384,70.4,17.291465414216));
#1843 = CARTESIAN_POINT('',(322.87374934773,70.4,17.290182884883));
#1844 = CARTESIAN_POINT('',(322.79431205703,70.4,17.288944137009));
#1845 = CARTESIAN_POINT('',(322.71487413639,70.4,17.287745938639));
#1846 = CARTESIAN_POINT('',(322.63543565595,70.4,17.286585057819));
#1847 = CARTESIAN_POINT('',(322.55599668581,70.4,17.285458262592));
#1848 = CARTESIAN_POINT('',(322.36307244775,70.4,17.282796690086));
#1849 = CARTESIAN_POINT('',(322.2495867667,70.4,17.281293884079));
#1850 = CARTESIAN_POINT('',(322.13610044821,70.4,17.279843785235));
#1851 = CARTESIAN_POINT('',(322.02261355267,70.4,17.278441252952));
#1852 = CARTESIAN_POINT('',(321.90912612811,70.4,17.277081563568));
#1853 = CARTESIAN_POINT('',(321.79563826289,70.4,17.275758435771));
#1854 = CARTESIAN_POINT('',(321.68215006878,70.4,17.274464641618));
#1855 = CARTESIAN_POINT('',(321.44382427527,70.4,17.271798820886));
#1856 = CARTESIAN_POINT('',(321.31898663823,70.4,17.270431016231));
#1857 = CARTESIAN_POINT('',(321.19414878685,70.4,17.269084022532));
#1858 = CARTESIAN_POINT('',(321.06931063935,70.4,17.267764726897));
#1859 = CARTESIAN_POINT('',(320.94447221748,70.4,17.266471885105));
#1860 = CARTESIAN_POINT('',(320.81963356766,70.4,17.265202206237));
#1861 = CARTESIAN_POINT('',(320.69479464235,70.4,17.263959698788));
#1862 = CARTESIAN_POINT('',(320.22948499427,70.4,17.259423500388));
#1863 = CARTESIAN_POINT('',(319.8890126516,70.4,17.256297189198));
#1864 = CARTESIAN_POINT('',(319.54853867206,70.4,17.253345469288));
#1865 = CARTESIAN_POINT('',(319.20806359062,70.4,17.250532042491));
#1866 = CARTESIAN_POINT('',(318.86758757312,70.4,17.24783925062));
#1867 = CARTESIAN_POINT('',(318.5271106721,70.4,17.245256722072));
#1868 = CARTESIAN_POINT('',(318.18663317719,70.4,17.242761185429));
#1869 = CARTESIAN_POINT('',(317.70996404857,70.4,17.239352823894));
#1870 = CARTESIAN_POINT('',(317.5737728024,70.4,17.238388646977));
#1871 = CARTESIAN_POINT('',(317.43758149311,70.4,17.237433305542));
#1872 = CARTESIAN_POINT('',(317.30139013788,70.4,17.236484532209));
#1873 = CARTESIAN_POINT('',(317.16519875146,70.4,17.235540362697));
#1874 = CARTESIAN_POINT('',(317.02900734052,70.4,17.234599903939));
#1875 = CARTESIAN_POINT('',(316.89281590519,70.4,17.233663105001));
#1876 = CARTESIAN_POINT('',(316.48424153362,70.4,17.230862382432));
#1877 = CARTESIAN_POINT('',(316.21185853781,70.4,17.229007243631));
#1878 = CARTESIAN_POINT('',(315.93947545985,70.4,17.227164233275));
#1879 = CARTESIAN_POINT('',(315.66709239386,70.4,17.225319346217));
#1880 = CARTESIAN_POINT('',(315.39470931677,70.4,17.223476076365));
#1881 = CARTESIAN_POINT('',(315.12232618018,70.4,17.221641665023));
#1882 = CARTESIAN_POINT('',(314.84994302359,70.4,17.219810206651));
#1883 = CARTESIAN_POINT('',(314.21438222924,70.4,17.215551027521));
#1884 = CARTESIAN_POINT('',(313.85120456363,70.4,17.213127517029));
#1885 = CARTESIAN_POINT('',(313.48802685292,70.4,17.210710745712));
#1886 = CARTESIAN_POINT('',(313.12484909536,70.4,17.208301049005));
#1887 = CARTESIAN_POINT('',(312.76167130243,70.4,17.20589672893));
#1888 = CARTESIAN_POINT('',(312.3984935112,70.4,17.20349216742));
#1889 = CARTESIAN_POINT('',(312.03531577018,70.4,17.201079988813));
#1890 = CARTESIAN_POINT('',(311.47919996084,70.4,17.197370202928));
#1891 = CARTESIAN_POINT('',(311.28626184337,70.4,17.196080038118));
#1892 = CARTESIAN_POINT('',(311.09332375193,70.4,17.194785979782));
#1893 = CARTESIAN_POINT('',(310.900385692,70.4,17.193487233459));
#1894 = CARTESIAN_POINT('',(310.70744766912,70.4,17.19218300751));
#1895 = CARTESIAN_POINT('',(310.51450968884,70.4,17.19087251312));
#1896 = CARTESIAN_POINT('',(310.32157175672,70.4,17.189554964297));
#1897 = CARTESIAN_POINT('',(309.93569599993,70.4,17.186904191452));
#1898 = CARTESIAN_POINT('',(309.74275817434,70.4,17.185571104423));
#1899 = CARTESIAN_POINT('',(309.54982039874,70.4,17.184230776852));
#1900 = CARTESIAN_POINT('',(309.35688267022,70.4,17.182883668807));
#1901 = CARTESIAN_POINT('',(309.16394498586,70.4,17.181530240351));
#1902 = CARTESIAN_POINT('',(308.97100734272,70.4,17.180170951551));
#1903 = CARTESIAN_POINT('',(308.77806973782,70.4,17.178806262472));
#1904 = CARTESIAN_POINT('',(308.35814679223,70.4,17.175825304597));
#1905 = CARTESIAN_POINT('',(308.13116146565,70.4,17.174207069372));
#1906 = CARTESIAN_POINT('',(307.90417617938,70.4,17.172583198966));
#1907 = CARTESIAN_POINT('',(307.67719092454,70.4,17.170954944685));
#1908 = CARTESIAN_POINT('',(307.45020569232,70.4,17.169323537688));
#1909 = CARTESIAN_POINT('',(307.22322047408,70.4,17.167690188973));
#1910 = CARTESIAN_POINT('',(306.99623526125,70.4,17.166056089391));
#1911 = CARTESIAN_POINT('',(306.37201362475,70.4,17.161563381587));
#1912 = CARTESIAN_POINT('',(305.97477720857,70.4,17.158703726046));
#1913 = CARTESIAN_POINT('',(305.5775407698,70.4,17.15584722155));
#1914 = CARTESIAN_POINT('',(305.18030429453,70.4,17.152995805775));
#1915 = CARTESIAN_POINT('',(304.78306778208,70.4,17.150149575538));
#1916 = CARTESIAN_POINT('',(304.38583124493,70.4,17.147306786798));
#1917 = CARTESIAN_POINT('',(303.98859470878,70.4,17.144463854654));
#1918 = CARTESIAN_POINT('',(303.59135821248,70.4,17.141615353346));
#1919 = PCURVE('',#554,#1920);
#1920 = DEFINITIONAL_REPRESENTATION('',(#1921),#2029);
#1921 = B_SPLINE_CURVE_WITH_KNOTS('',8,(#1922,#1923,#1924,#1925,#1926,
    #1927,#1928,#1929,#1930,#1931,#1932,#1933,#1934,#1935,#1936,#1937,
    #1938,#1939,#1940,#1941,#1942,#1943,#1944,#1945,#1946,#1947,#1948,
    #1949,#1950,#1951,#1952,#1953,#1954,#1955,#1956,#1957,#1958,#1959,
    #1960,#1961,#1962,#1963,#1964,#1965,#1966,#1967,#1968,#1969,#1970,
    #1971,#1972,#1973,#1974,#1975,#1976,#1977,#1978,#1979,#1980,#1981,
    #1982,#1983,#1984,#1985,#1986,#1987,#1988,#1989,#1990,#1991,#1992,
    #1993,#1994,#1995,#1996,#1997,#1998,#1999,#2000,#2001,#2002,#2003,
    #2004,#2005,#2006,#2007,#2008,#2009,#2010,#2011,#2012,#2013,#2014,
    #2015,#2016,#2017,#2018,#2019,#2020,#2021,#2022,#2023,#2024,#2025,
    #2026,#2027,#2028),.UNSPECIFIED.,.F.,.F.,(9,7,7,7,7,7,7,7,7,7,7,7,7,
    7,7,9),(0.,3.225778316823E-02,8.064453467366E-02,0.104837981169,
    0.133063672252,0.161289363489,0.201611781625,0.245966440612,
    0.366933694002,0.415320593778,0.512094393282,0.641126125939,
    0.70967423395,0.778222341986,0.8588671749,1.),.UNSPECIFIED.);
#1922 = CARTESIAN_POINT('',(59.893893823534,-57.40315114147));
#1923 = CARTESIAN_POINT('',(59.984546150455,-57.39803706766));
#1924 = CARTESIAN_POINT('',(60.075198516366,-57.39292429546));
#1925 = CARTESIAN_POINT('',(60.165853041158,-57.38784931471));
#1926 = CARTESIAN_POINT('',(60.256511476967,-57.38284360454));
#1927 = CARTESIAN_POINT('',(60.347175208179,-57.37793363345));
#1928 = CARTESIAN_POINT('',(60.437845251428,-57.37314085925));
#1929 = CARTESIAN_POINT('',(60.528522255596,-57.3684817291));
#1930 = CARTESIAN_POINT('',(60.755233086907,-57.35719659428));
#1931 = CARTESIAN_POINT('',(60.891276904591,-57.3507711767));
#1932 = CARTESIAN_POINT('',(61.027338027846,-57.34469080382));
#1933 = CARTESIAN_POINT('',(61.163417405972,-57.33909010977));
#1934 = CARTESIAN_POINT('',(61.299523307447,-57.33408792705));
#1935 = CARTESIAN_POINT('',(61.435636425279,-57.32933253673));
#1936 = CARTESIAN_POINT('',(61.571763544692,-57.32499659444));
#1937 = CARTESIAN_POINT('',(61.775966278754,-57.31895476398));
#1938 = CARTESIAN_POINT('',(61.844036335202,-57.31702087812));
#1939 = CARTESIAN_POINT('',(61.912108516115,-57.31516204225));
#1940 = CARTESIAN_POINT('',(61.980182607865,-57.31337342874));
#1941 = CARTESIAN_POINT('',(62.048258404467,-57.31165039394));
#1942 = CARTESIAN_POINT('',(62.116335707581,-57.30998847816));
#1943 = CARTESIAN_POINT('',(62.184414326515,-57.30838340568));
#1944 = CARTESIAN_POINT('',(62.331920465074,-57.3050200434));
#1945 = CARTESIAN_POINT('',(62.411348478046,-57.30328207842));
#1946 = CARTESIAN_POINT('',(62.490777984007,-57.30161336234));
#1947 = CARTESIAN_POINT('',(62.570208849993,-57.30001007043));
#1948 = CARTESIAN_POINT('',(62.64964094321,-57.29846838066));
#1949 = CARTESIAN_POINT('',(62.729074131031,-57.29698447377));
#1950 = CARTESIAN_POINT('',(62.808508280998,-57.29555453318));
#1951 = CARTESIAN_POINT('',(62.967378241075,-57.29279495696));
#1952 = CARTESIAN_POINT('',(63.046814061594,-57.29146541421));
#1953 = CARTESIAN_POINT('',(63.126250652263,-57.29018288488));
#1954 = CARTESIAN_POINT('',(63.20568794297,-57.288944137));
#1955 = CARTESIAN_POINT('',(63.285125863602,-57.28774593863));
#1956 = CARTESIAN_POINT('',(63.364564344045,-57.28658505781));
#1957 = CARTESIAN_POINT('',(63.444003314187,-57.28545826259));
#1958 = CARTESIAN_POINT('',(63.636927552245,-57.28279669008));
#1959 = CARTESIAN_POINT('',(63.750413233292,-57.28129388407));
#1960 = CARTESIAN_POINT('',(63.86389955179,-57.27984378523));
#1961 = CARTESIAN_POINT('',(63.977386447323,-57.27844125295));
#1962 = CARTESIAN_POINT('',(64.090873871882,-57.27708156356));
#1963 = CARTESIAN_POINT('',(64.204361737109,-57.27575843577));
#1964 = CARTESIAN_POINT('',(64.317849931219,-57.27446464161));
#1965 = CARTESIAN_POINT('',(64.556175724724,-57.27179882088));
#1966 = CARTESIAN_POINT('',(64.681013361769,-57.27043101623));
#1967 = CARTESIAN_POINT('',(64.805851213148,-57.26908402253));
#1968 = CARTESIAN_POINT('',(64.930689360645,-57.26776472689));
#1969 = CARTESIAN_POINT('',(65.055527782514,-57.2664718851));
#1970 = CARTESIAN_POINT('',(65.180366432335,-57.26520220623));
#1971 = CARTESIAN_POINT('',(65.305205357643,-57.26395969878));
#1972 = CARTESIAN_POINT('',(65.770515005729,-57.25942350038));
#1973 = CARTESIAN_POINT('',(66.110987348394,-57.25629718919));
#1974 = CARTESIAN_POINT('',(66.451461327937,-57.25334546928));
#1975 = CARTESIAN_POINT('',(66.791936409379,-57.25053204249));
#1976 = CARTESIAN_POINT('',(67.132412426877,-57.24783925062));
#1977 = CARTESIAN_POINT('',(67.472889327892,-57.24525672207));
#1978 = CARTESIAN_POINT('',(67.813366822801,-57.24276118542));
#1979 = CARTESIAN_POINT('',(68.290035951429,-57.23935282389));
#1980 = CARTESIAN_POINT('',(68.426227197597,-57.23838864697));
#1981 = CARTESIAN_POINT('',(68.562418506884,-57.23743330554));
#1982 = CARTESIAN_POINT('',(68.698609862115,-57.2364845322));
#1983 = CARTESIAN_POINT('',(68.834801248531,-57.23554036269));
#1984 = CARTESIAN_POINT('',(68.970992659475,-57.23459990393));
#1985 = CARTESIAN_POINT('',(69.107184094809,-57.233663105));
#1986 = CARTESIAN_POINT('',(69.515758466377,-57.23086238243));
#1987 = CARTESIAN_POINT('',(69.788141462187,-57.22900724363));
#1988 = CARTESIAN_POINT('',(70.060524540147,-57.22716423327));
#1989 = CARTESIAN_POINT('',(70.332907606133,-57.22531934621));
#1990 = CARTESIAN_POINT('',(70.605290683229,-57.22347607636));
#1991 = CARTESIAN_POINT('',(70.877673819811,-57.22164166502));
#1992 = CARTESIAN_POINT('',(71.150056976403,-57.21981020665));
#1993 = CARTESIAN_POINT('',(71.785617770751,-57.21555102752));
#1994 = CARTESIAN_POINT('',(72.148795436362,-57.21312751702));
#1995 = CARTESIAN_POINT('',(72.511973147075,-57.21071074571));
#1996 = CARTESIAN_POINT('',(72.875150904638,-57.208301049));
#1997 = CARTESIAN_POINT('',(73.238328697564,-57.20589672893));
#1998 = CARTESIAN_POINT('',(73.601506488798,-57.20349216742));
#1999 = CARTESIAN_POINT('',(73.96468422982,-57.20107998881));
#2000 = CARTESIAN_POINT('',(74.520800039158,-57.19737020292));
#2001 = CARTESIAN_POINT('',(74.713738156623,-57.19608003811));
#2002 = CARTESIAN_POINT('',(74.906676248069,-57.19478597978));
#2003 = CARTESIAN_POINT('',(75.099614307995,-57.19348723345));
#2004 = CARTESIAN_POINT('',(75.292552330873,-57.19218300751));
#2005 = CARTESIAN_POINT('',(75.485490311157,-57.19087251312));
#2006 = CARTESIAN_POINT('',(75.678428243276,-57.18955496429));
#2007 = CARTESIAN_POINT('',(76.064304000069,-57.18690419145));
#2008 = CARTESIAN_POINT('',(76.257241825655,-57.18557110442));
#2009 = CARTESIAN_POINT('',(76.45017960126,-57.18423077685));
#2010 = CARTESIAN_POINT('',(76.643117329779,-57.1828836688));
#2011 = CARTESIAN_POINT('',(76.836055014132,-57.18153024035));
#2012 = CARTESIAN_POINT('',(77.028992657273,-57.18017095155));
#2013 = CARTESIAN_POINT('',(77.22193026218,-57.17880626247));
#2014 = CARTESIAN_POINT('',(77.641853207763,-57.17582530459));
#2015 = CARTESIAN_POINT('',(77.868838534344,-57.17420706937));
#2016 = CARTESIAN_POINT('',(78.095823820612,-57.17258319896));
#2017 = CARTESIAN_POINT('',(78.32280907546,-57.17095494468));
#2018 = CARTESIAN_POINT('',(78.549794307671,-57.16932353768));
#2019 = CARTESIAN_POINT('',(78.776779525913,-57.16769018897));
#2020 = CARTESIAN_POINT('',(79.003764738743,-57.16605608939));
#2021 = CARTESIAN_POINT('',(79.627986375248,-57.16156338158));
#2022 = CARTESIAN_POINT('',(80.025222791421,-57.15870372604));
#2023 = CARTESIAN_POINT('',(80.422459230198,-57.15584722155));
#2024 = CARTESIAN_POINT('',(80.819695705464,-57.15299580577));
#2025 = CARTESIAN_POINT('',(81.216932217916,-57.15014957553));
#2026 = CARTESIAN_POINT('',(81.614168755061,-57.14730678679));
#2027 = CARTESIAN_POINT('',(82.011405291217,-57.14446385465));
#2028 = CARTESIAN_POINT('',(82.408641787513,-57.14161535334));
#2029 = ( GEOMETRIC_REPRESENTATION_CONTEXT(2) 
PARAMETRIC_REPRESENTATION_CONTEXT() REPRESENTATION_CONTEXT('2D SPACE',''
  ) );
#2030 = PCURVE('',#2031,#2312);
#2031 = B_SPLINE_SURFACE_WITH_KNOTS('',3,1,(
    (#2032,#2033)
    ,(#2034,#2035)
    ,(#2036,#2037)
    ,(#2038,#2039)
    ,(#2040,#2041)
    ,(#2042,#2043)
    ,(#2044,#2045)
    ,(#2046,#2047)
    ,(#2048,#2049)
    ,(#2050,#2051)
    ,(#2052,#2053)
    ,(#2054,#2055)
    ,(#2056,#2057)
    ,(#2058,#2059)
    ,(#2060,#2061)
    ,(#2062,#2063)
    ,(#2064,#2065)
    ,(#2066,#2067)
    ,(#2068,#2069)
    ,(#2070,#2071)
    ,(#2072,#2073)
    ,(#2074,#2075)
    ,(#2076,#2077)
    ,(#2078,#2079)
    ,(#2080,#2081)
    ,(#2082,#2083)
    ,(#2084,#2085)
    ,(#2086,#2087)
    ,(#2088,#2089)
    ,(#2090,#2091)
    ,(#2092,#2093)
    ,(#2094,#2095)
    ,(#2096,#2097)
    ,(#2098,#2099)
    ,(#2100,#2101)
    ,(#2102,#2103)
    ,(#2104,#2105)
    ,(#2106,#2107)
    ,(#2108,#2109)
    ,(#2110,#2111)
    ,(#2112,#2113)
    ,(#2114,#2115)
    ,(#2116,#2117)
    ,(#2118,#2119)
    ,(#2120,#2121)
    ,(#2122,#2123)
    ,(#2124,#2125)
    ,(#2126,#2127)
    ,(#2128,#2129)
    ,(#2130,#2131)
    ,(#2132,#2133)
    ,(#2134,#2135)
    ,(#2136,#2137)
    ,(#2138,#2139)
    ,(#2140,#2141)
    ,(#2142,#2143)
    ,(#2144,#2145)
    ,(#2146,#2147)
    ,(#2148,#2149)
    ,(#2150,#2151)
    ,(#2152,#2153)
    ,(#2154,#2155)
    ,(#2156,#2157)
    ,(#2158,#2159)
    ,(#2160,#2161)
    ,(#2162,#2163)
    ,(#2164,#2165)
    ,(#2166,#2167)
    ,(#2168,#2169)
    ,(#2170,#2171)
    ,(#2172,#2173)
    ,(#2174,#2175)
    ,(#2176,#2177)
    ,(#2178,#2179)
    ,(#2180,#2181)
    ,(#2182,#2183)
    ,(#2184,#2185)
    ,(#2186,#2187)
    ,(#2188,#2189)
    ,(#2190,#2191)
    ,(#2192,#2193)
    ,(#2194,#2195)
    ,(#2196,#2197)
    ,(#2198,#2199)
    ,(#2200,#2201)
    ,(#2202,#2203)
    ,(#2204,#2205)
    ,(#2206,#2207)
    ,(#2208,#2209)
    ,(#2210,#2211)
    ,(#2212,#2213)
    ,(#2214,#2215)
    ,(#2216,#2217)
    ,(#2218,#2219)
    ,(#2220,#2221)
    ,(#2222,#2223)
    ,(#2224,#2225)
    ,(#2226,#2227)
    ,(#2228,#2229)
    ,(#2230,#2231)
    ,(#2232,#2233)
    ,(#2234,#2235)
    ,(#2236,#2237)
    ,(#2238,#2239)
    ,(#2240,#2241)
    ,(#2242,#2243)
    ,(#2244,#2245)
    ,(#2246,#2247)
    ,(#2248,#2249)
    ,(#2250,#2251)
    ,(#2252,#2253)
    ,(#2254,#2255)
    ,(#2256,#2257)
    ,(#2258,#2259)
    ,(#2260,#2261)
    ,(#2262,#2263)
    ,(#2264,#2265)
    ,(#2266,#2267)
    ,(#2268,#2269)
    ,(#2270,#2271)
    ,(#2272,#2273)
    ,(#2274,#2275)
    ,(#2276,#2277)
    ,(#2278,#2279)
    ,(#2280,#2281)
    ,(#2282,#2283)
    ,(#2284,#2285)
    ,(#2286,#2287)
    ,(#2288,#2289)
    ,(#2290,#2291)
    ,(#2292,#2293)
    ,(#2294,#2295)
    ,(#2296,#2297)
    ,(#2298,#2299)
    ,(#2300,#2301)
    ,(#2302,#2303)
    ,(#2304,#2305)
    ,(#2306,#2307)
    ,(#2308,#2309)
    ,(#2310,#2311
    )),.UNSPECIFIED.,.F.,.F.,.F.,(4,1,1,1,1,1,1,1,1,1,1,1,1,1,1,1,1,1,1,
    1,1,1,1,1,1,1,1,1,1,1,1,1,1,1,1,1,1,1,1,1,1,1,1,1,1,1,1,1,1,1,1,1,1,
    1,1,1,1,1,1,1,1,1,1,1,1,1,1,1,1,1,1,1,1,1,1,1,1,1,1,1,1,1,1,1,1,1,1,
    1,1,1,1,1,1,1,1,1,1,1,1,1,1,1,1,1,1,1,1,1,1,1,1,1,1,1,1,1,1,1,1,1,1,
    1,1,1,1,1,1,1,1,1,1,1,1,1,1,1,1,4),(2,2),(0.,5.227199283708E-02,
    5.228163034791E-02,0.208571669093,0.208690805024,0.469033501114,
    0.469402401401,0.833374956258,0.83407891605,1.300243574032,
    1.301334553178,1.870375085619,1.871877048132,2.541877062609,
    2.543800356151,3.310528476366,3.312879827205,4.175976265618,
    4.178751734952,5.137672611048,5.140861373769,6.193511244512,
    6.197095922781,7.340538837512,7.344498512069,8.576453044924,
    8.580759699683,9.898904326015,9.903523836875,11.305231790644,
    11.310126191648,12.792362750159,12.797492998245,14.357215320878,
    14.362542440214,15.996589969934,16.00207669866,17.707090017834,
    17.712700723791,19.48518376093,19.490883996243,21.327173335585,
    21.332930698437,23.229269998317,23.235054477556,25.187520787197,
    25.193305219365,27.19788152467,27.203640362143,29.256186085355,
    29.261895608188,31.358177058773,31.363815267867,33.499500392447,
    33.505047206127,35.67572009809,35.681157211548,37.882330733519,
    37.887641477619,40.114761662872,40.119931350926,42.368393889953,
    42.373410200478,44.638558562445,44.643411565772,46.920554096082,
    46.925235475281,49.209653658285,49.214156565372,51.50111639354,
    51.505435672748,53.790196425522,53.794328758493,56.072151265617,
    56.076094832319,58.34225269558,58.346006583587,60.595796965598,
    60.599361179719,62.828115175562,62.831490912697,65.034582308016,
    65.037771958161,67.210625699985,67.213632289389,69.351734877801,
    69.354561677063,71.453471925436,71.456122518352,73.511480852888,
    73.513959273154,75.521496212461,75.523806887908,77.479351408696,
    77.481498876883,79.380987853877,79.382976715017,81.222464486354,
    81.224299841714,82.999965716978,83.001653492871,84.70980787288,
    84.711354475404,86.348445936095,86.34985759532,87.912482486433,
    87.913765273628,89.398675571692,89.399835680982,90.803944895126,
    90.804988748612,92.125376425403,92.126310165354,93.360229087845,
    93.361058138546,94.505942655466,94.506672117562,95.560141612172,
    95.560776684053,96.520640880951,96.521186953044,97.385445259387,
    97.385905926497,98.152771007859,98.153148308237,98.821019147599,
    98.821314897727,99.388782650431,99.388999367286,99.85490979693,
    99.855053404694,100.21845400433,100.21853633587,100.47866322344,
    100.47870012757,100.63500268761,100.635011935,100.68715174192),(0.,
    1.),.UNSPECIFIED.);
#2032 = CARTESIAN_POINT('',(236.00004211951,0.,20.960345956879));
#2033 = CARTESIAN_POINT('',(236.00002941647,215.,20.972240245888));
#2034 = CARTESIAN_POINT('',(235.99951208495,0.,20.942703000043));
#2035 = CARTESIAN_POINT('',(235.99965950116,215.,20.959890314476));
#2036 = CARTESIAN_POINT('',(236.00065280957,0.,20.92532409036));
#2037 = CARTESIAN_POINT('',(236.0004574692,215.,20.947724972728));
#2038 = CARTESIAN_POINT('',(236.01134794702,0.,20.856895035363));
#2039 = CARTESIAN_POINT('',(236.00793669356,215.,20.899823490848));
#2040 = CARTESIAN_POINT('',(236.03314412779,0.,20.807599289316));
#2041 = CARTESIAN_POINT('',(236.02317699066,215.,20.865313840257));
#2042 = CARTESIAN_POINT('',(236.10601989297,0.,20.68775423841));
#2043 = CARTESIAN_POINT('',(236.07412855831,215.,20.781382159091));
#2044 = CARTESIAN_POINT('',(236.16705335237,0.,20.624724359318));
#2045 = CARTESIAN_POINT('',(236.11678846739,215.,20.737207500004));
#2046 = CARTESIAN_POINT('',(236.32090219721,0.,20.483372797399));
#2047 = CARTESIAN_POINT('',(236.22435463107,215.,20.638124610907));
#2048 = CARTESIAN_POINT('',(236.4170714748,0.,20.408611342183));
#2049 = CARTESIAN_POINT('',(236.29159631606,215.,20.585691711438));
#2050 = CARTESIAN_POINT('',(236.64388852468,0.,20.249682095891));
#2051 = CARTESIAN_POINT('',(236.45019713153,215.,20.474195234876));
#2052 = CARTESIAN_POINT('',(236.77735886986,0.,20.168260033102));
#2053 = CARTESIAN_POINT('',(236.54352916527,215.,20.417043514142));
#2054 = CARTESIAN_POINT('',(237.07998504225,0.,20.001303728599));
#2055 = CARTESIAN_POINT('',(236.75516503972,215.,20.299806013105));
#2056 = CARTESIAN_POINT('',(237.25166184459,0.,19.918188790536));
#2057 = CARTESIAN_POINT('',(236.87523287257,215.,20.241407617839));
#2058 = CARTESIAN_POINT('',(237.62921606042,0.,19.749314789797));
#2059 = CARTESIAN_POINT('',(237.13930721571,215.,20.122715997901));
#2060 = CARTESIAN_POINT('',(237.83735240844,0.,19.664981931395));
#2061 = CARTESIAN_POINT('',(237.28489339525,215.,20.063413812782));
#2062 = CARTESIAN_POINT('',(238.28530628717,0.,19.493605781681));
#2063 = CARTESIAN_POINT('',(237.59824132847,215.,19.942874425032));
#2064 = CARTESIAN_POINT('',(238.52740109594,0.,19.407146860306));
#2065 = CARTESIAN_POINT('',(237.76759466034,215.,19.882036201679));
#2066 = CARTESIAN_POINT('',(239.04336107295,0.,19.234491096581));
#2067 = CARTESIAN_POINT('',(238.1285382135,215.,19.760492684989));
#2068 = CARTESIAN_POINT('',(239.31988917827,0.,19.14885335333));
#2069 = CARTESIAN_POINT('',(238.3219932374,215.,19.700175917498));
#2070 = CARTESIAN_POINT('',(239.90384608256,0.,18.978459642757));
#2071 = CARTESIAN_POINT('',(238.73053522445,215.,19.580116998488));
#2072 = CARTESIAN_POINT('',(240.2142427328,0.,18.893994344612));
#2073 = CARTESIAN_POINT('',(238.9476988718,215.,19.520571520838));
#2074 = CARTESIAN_POINT('',(240.86487539217,0.,18.727458095228));
#2075 = CARTESIAN_POINT('',(239.40291630778,215.,19.403112636431));
#2076 = CARTESIAN_POINT('',(241.20843884477,0.,18.645558794931));
#2077 = CARTESIAN_POINT('',(239.64329932238,215.,19.345314919867));
#2078 = CARTESIAN_POINT('',(241.92375388309,0.,18.484355508223));
#2079 = CARTESIAN_POINT('',(240.1438010596,215.,19.231498405858));
#2080 = CARTESIAN_POINT('',(242.29916619345,0.,18.40502957401));
#2081 = CARTESIAN_POINT('',(240.40648138133,215.,19.175456257561));
#2082 = CARTESIAN_POINT('',(243.07711901156,0.,18.250576159252));
#2083 = CARTESIAN_POINT('',(240.95083684866,215.,19.06626981405));
#2084 = CARTESIAN_POINT('',(243.48368026886,0.,18.175417959587));
#2085 = CARTESIAN_POINT('',(241.23532641292,215.,19.013098527219));
#2086 = CARTESIAN_POINT('',(244.32270669099,0.,18.030261866807));
#2087 = CARTESIAN_POINT('',(241.82244528133,215.,18.910330678323));
#2088 = CARTESIAN_POINT('',(244.75952001339,0.,17.960206566472));
#2089 = CARTESIAN_POINT('',(242.12811801834,215.,18.860687517306));
#2090 = CARTESIAN_POINT('',(245.65771779583,0.,17.825959807722));
#2091 = CARTESIAN_POINT('',(242.75667144063,215.,18.765471106841));
#2092 = CARTESIAN_POINT('',(246.12374826683,0.,17.76169358945));
#2093 = CARTESIAN_POINT('',(243.08280412056,215.,18.719839168402));
#2094 = CARTESIAN_POINT('',(247.07887734018,0.,17.639115412486));
#2095 = CARTESIAN_POINT('',(243.75122572185,215.,18.63271247379));
#2096 = CARTESIAN_POINT('',(247.57288296311,0.,17.580696963221));
#2097 = CARTESIAN_POINT('',(244.09694921526,215.,18.591135761757));
#2098 = CARTESIAN_POINT('',(248.58252929837,0.,17.469890200459));
#2099 = CARTESIAN_POINT('',(244.80354935409,215.,18.512174699382));
#2100 = CARTESIAN_POINT('',(249.1033046481,0.,17.417385306357));
#2101 = CARTESIAN_POINT('',(245.16801999346,215.,18.474701647638));
#2102 = CARTESIAN_POINT('',(250.16504390151,0.,17.318049105198));
#2103 = CARTESIAN_POINT('',(245.91110142299,215.,18.403701519261));
#2104 = CARTESIAN_POINT('',(250.71133287248,0.,17.271085304157));
#2105 = CARTESIAN_POINT('',(246.29343944547,215.,18.370073789051));
#2106 = CARTESIAN_POINT('',(251.8226712533,0.,17.182577343518));
#2107 = CARTESIAN_POINT('',(247.0712554941,215.,18.306588214088));
#2108 = CARTESIAN_POINT('',(252.39320203958,0.,17.140900818684));
#2109 = CARTESIAN_POINT('',(247.47057021624,215.,18.27662968082));
#2110 = CARTESIAN_POINT('',(253.55161802972,0.,17.062857060859));
#2111 = CARTESIAN_POINT('',(248.2813552148,215.,18.220406801204));
#2112 = CARTESIAN_POINT('',(254.14510693054,0.,17.026371026629));
#2113 = CARTESIAN_POINT('',(248.69674788248,215.,18.194051647397));
#2114 = CARTESIAN_POINT('',(255.34801399316,0.,16.958335207381));
#2115 = CARTESIAN_POINT('',(249.53869064615,215.,18.144776953511));
#2116 = CARTESIAN_POINT('',(255.96312427536,0.,16.926675089574));
#2117 = CARTESIAN_POINT('',(249.96922502999,215.,18.121772117813));
#2118 = CARTESIAN_POINT('',(257.20787243213,0.,16.867954911934));
#2119 = CARTESIAN_POINT('',(250.84046954099,215.,18.07896447542));
#2120 = CARTESIAN_POINT('',(257.84325931347,0.,16.840796973968));
#2121 = CARTESIAN_POINT('',(251.28520381865,215.,18.05908535552));
#2122 = CARTESIAN_POINT('',(259.12714205518,0.,16.790523116036));
#2123 = CARTESIAN_POINT('',(252.18385430522,215.,18.0221408461));
#2124 = CARTESIAN_POINT('',(259.78141412895,0.,16.767316422976));
#2125 = CARTESIAN_POINT('',(252.64181370212,215.,18.005003452034));
#2126 = CARTESIAN_POINT('',(261.10167432773,0.,16.724801163446));
#2127 = CARTESIAN_POINT('',(253.56593910806,215.,17.973442562462));
#2128 = CARTESIAN_POINT('',(261.77343899544,0.,16.705420705026));
#2129 = CARTESIAN_POINT('',(254.03614859663,215.,17.958960969058));
#2130 = CARTESIAN_POINT('',(263.12727740515,0.,16.670230520778));
#2131 = CARTESIAN_POINT('',(254.98378884984,215.,17.932484733872));
#2132 = CARTESIAN_POINT('',(263.81510247588,0.,16.654363084604));
#2133 = CARTESIAN_POINT('',(255.46524545598,215.,17.920441690268));
#2134 = CARTESIAN_POINT('',(265.19965842659,0.,16.625969403681));
#2135 = CARTESIAN_POINT('',(256.43439731946,215.,17.898683501707));
#2136 = CARTESIAN_POINT('',(265.9020917992,0.,16.613400957049));
#2137 = CARTESIAN_POINT('',(256.92608426284,215.,17.888931085402));
#2138 = CARTESIAN_POINT('',(267.31445494315,0.,16.591291212381));
#2139 = CARTESIAN_POINT('',(257.91470977518,215.,17.871536316537));
#2140 = CARTESIAN_POINT('',(268.03001643498,0.,16.581720481484));
#2141 = CARTESIAN_POINT('',(258.41559050585,215.,17.863865617917));
#2142 = CARTESIAN_POINT('',(269.46722569826,0.,16.56534147721));
#2143 = CARTESIAN_POINT('',(259.4216161342,215.,17.850450735172));
#2144 = CARTESIAN_POINT('',(270.19441433045,0.,16.558516071846));
#2145 = CARTESIAN_POINT('',(259.93063961137,215.,17.844686963988));
#2146 = CARTESIAN_POINT('',(271.65346732774,0.,16.547409232923));
#2147 = CARTESIAN_POINT('',(260.95196304264,215.,17.834934752685));
#2148 = CARTESIAN_POINT('',(272.39076335255,0.,16.543122186569));
#2149 = CARTESIAN_POINT('',(261.4680651531,215.,17.830935064686));
#2150 = CARTESIAN_POINT('',(273.86861853537,0.,16.536791644892));
#2151 = CARTESIAN_POINT('',(262.50255661712,215.,17.824502700116));
#2152 = CARTESIAN_POINT('',(274.61448359583,0.,16.534751442711));
#2153 = CARTESIAN_POINT('',(263.02466010886,215.,17.822065173107));
#2154 = CARTESIAN_POINT('',(276.10806650458,0.,16.532549666952));
#2155 = CARTESIAN_POINT('',(264.0701665927,215.,17.818503603078));
#2156 = CARTESIAN_POINT('',(276.86094994799,0.,16.53239789555));
#2157 = CARTESIAN_POINT('',(264.59718551682,215.,17.817379445572));
#2158 = CARTESIAN_POINT('',(278.3671588553,0.,16.533567510857));
#2159 = CARTESIAN_POINT('',(265.65153477365,215.,17.816162648671));
#2160 = CARTESIAN_POINT('',(279.12549730702,0.,16.534903388001));
#2161 = CARTESIAN_POINT('',(266.18237422047,215.,17.816073195338));
#2162 = CARTESIAN_POINT('',(280.64120695461,0.,16.538857472776));
#2163 = CARTESIAN_POINT('',(267.24337776646,215.,17.816793734595));
#2164 = CARTESIAN_POINT('',(281.40342834632,0.,16.541494823819));
#2165 = CARTESIAN_POINT('',(267.77693703254,215.,17.817610570041));
#2166 = CARTESIAN_POINT('',(282.92549588063,0.,16.547856839245));
#2167 = CARTESIAN_POINT('',(268.84239435569,215.,17.820009028867));
#2168 = CARTESIAN_POINT('',(283.69002106458,0.,16.551604236032));
#2169 = CARTESIAN_POINT('',(269.37756777611,215.,17.82160027299));
#2170 = CARTESIAN_POINT('',(285.21529197256,0.,16.559946230025));
#2171 = CARTESIAN_POINT('',(270.44527013357,215.,17.82538136852));
#2172 = CARTESIAN_POINT('',(285.98053881391,0.,16.564566073937));
#2173 = CARTESIAN_POINT('',(270.98094989046,215.,17.827582841839));
#2174 = CARTESIAN_POINT('',(287.50585395955,0.,16.574371954918));
#2175 = CARTESIAN_POINT('',(272.04868518535,215.,17.832389565245));
#2176 = CARTESIAN_POINT('',(288.27024035291,0.,16.579584937259));
#2177 = CARTESIAN_POINT('',(272.58376342604,215.,17.835007808561));
#2178 = CARTESIAN_POINT('',(289.79244077647,0.,16.59035927479));
#2179 = CARTESIAN_POINT('',(273.6493197151,215.,17.84049734208));
#2180 = CARTESIAN_POINT('',(290.5543864385,0.,16.595948595998));
#2181 = CARTESIAN_POINT('',(274.18268994781,215.,17.843382545113));
#2182 = CARTESIAN_POINT('',(292.07031782621,0.,16.607402207082));
#2183 = CARTESIAN_POINT('',(275.24385882014,215.,17.849356287563));
#2184 = CARTESIAN_POINT('',(292.82824671549,0.,16.613294486197));
#2185 = CARTESIAN_POINT('',(275.77441771571,215.,17.852459116251));
#2186 = CARTESIAN_POINT('',(294.33476660084,0.,16.625257635625));
#2187 = CARTESIAN_POINT('',(276.82899921261,215.,17.858802510085));
#2188 = CARTESIAN_POINT('',(295.08711138377,0.,16.631356361631));
#2189 = CARTESIAN_POINT('',(277.35564950561,215.,17.862057550391));
#2190 = CARTESIAN_POINT('',(296.58109762596,0.,16.643574158734));
#2191 = CARTESIAN_POINT('',(278.4014577811,215.,17.868596473177));
#2192 = CARTESIAN_POINT('',(297.32630358852,0.,16.649721239318));
#2193 = CARTESIAN_POINT('',(278.92311095697,215.,17.871895171167));
#2194 = CARTESIAN_POINT('',(298.80466080602,0.,16.661858879471));
#2195 = CARTESIAN_POINT('',(279.9579787898,215.,17.878399409355));
#2196 = CARTESIAN_POINT('',(299.54118847573,0.,16.667877792928));
#2197 = CARTESIAN_POINT('',(280.47355697898,215.,17.881620181622));
#2198 = CARTESIAN_POINT('',(301.00085209542,0.,16.679712517279));
#2199 = CARTESIAN_POINT('',(281.49533886682,215.,17.887937621815));
#2200 = CARTESIAN_POINT('',(301.72717858872,0.,16.685555517781));
#2201 = CARTESIAN_POINT('',(282.00377598575,215.,17.891048984681));
#2202 = CARTESIAN_POINT('',(303.16512013097,0.,16.697069666977));
#2203 = CARTESIAN_POINT('',(283.01035196707,215.,17.89717119255));
#2204 = CARTESIAN_POINT('',(303.87974275619,0.,16.702765764366));
#2205 = CARTESIAN_POINT('',(283.51059616929,215.,17.900195463268));
#2206 = CARTESIAN_POINT('',(305.2929780899,0.,16.713986625535));
#2207 = CARTESIAN_POINT('',(284.4998773858,215.,17.906145630551));
#2208 = CARTESIAN_POINT('',(305.99441869685,0.,16.719534631748));
#2209 = CARTESIAN_POINT('',(284.99089396297,215.,17.909084000913));
#2210 = CARTESIAN_POINT('',(307.38001559635,0.,16.730428774436));
#2211 = CARTESIAN_POINT('',(285.96082780847,215.,17.914842733636));
#2212 = CARTESIAN_POINT('',(308.06682373384,0.,16.735797103935));
#2213 = CARTESIAN_POINT('',(286.44160140073,215.,17.917675057586));
#2214 = CARTESIAN_POINT('',(309.42190756189,0.,16.746304486761));
#2215 = CARTESIAN_POINT('',(287.39017554555,215.,17.923204189579));
#2216 = CARTESIAN_POINT('',(310.09266305862,0.,16.751464766838));
#2217 = CARTESIAN_POINT('',(287.85971199359,215.,17.9259124867));
#2218 = CARTESIAN_POINT('',(311.41442160935,0.,16.761596147938));
#2219 = CARTESIAN_POINT('',(288.78495790602,215.,17.931223232506));
#2220 = CARTESIAN_POINT('',(312.06773677569,0.,16.76658597881));
#2221 = CARTESIAN_POINT('',(289.24228587658,215.,17.933835665833));
#2222 = CARTESIAN_POINT('',(313.35342601984,0.,16.776437683582));
#2223 = CARTESIAN_POINT('',(290.14228286337,215.,17.938999137963));
#2224 = CARTESIAN_POINT('',(313.98794904332,0.,16.781315087226));
#2225 = CARTESIAN_POINT('',(290.58645616435,215.,17.941558189615));
#2226 = CARTESIAN_POINT('',(315.23490074131,0.,16.790900181891));
#2227 = CARTESIAN_POINT('',(291.4593364719,215.,17.946587292084));
#2228 = CARTESIAN_POINT('',(315.84931991908,0.,16.795623106355));
#2229 = CARTESIAN_POINT('',(291.88943685301,215.,17.949065356976));
#2230 = CARTESIAN_POINT('',(317.05494818304,0.,16.804775513229));
#2231 = CARTESIAN_POINT('',(292.73339013296,215.,17.953847415529));
#2232 = CARTESIAN_POINT('',(317.6479945167,0.,16.809222910368));
#2233 = CARTESIAN_POINT('',(293.14852913105,215.,17.956161456625));
#2234 = CARTESIAN_POINT('',(318.80979911874,0.,16.817765834221));
#2235 = CARTESIAN_POINT('',(293.96180498391,215.,17.960575970782));
#2236 = CARTESIAN_POINT('',(319.38024720486,0.,16.821880301883));
#2237 = CARTESIAN_POINT('',(294.36112473853,215.,17.962687371397));
#2238 = CARTESIAN_POINT('',(320.49581610824,0.,16.829865702806));
#2239 = CARTESIAN_POINT('',(295.14203480736,215.,17.966773758123));
#2240 = CARTESIAN_POINT('',(321.04248554684,0.,16.833750295231));
#2241 = CARTESIAN_POINT('',(295.52470917637,215.,17.968756224119));
#2242 = CARTESIAN_POINT('',(322.10950112803,0.,16.841353532205));
#2243 = CARTESIAN_POINT('',(296.27163135838,215.,17.972640425807));
#2244 = CARTESIAN_POINT('',(322.63126092442,0.,16.845081301644));
#2245 = CARTESIAN_POINT('',(296.63686874264,215.,17.974546657989));
#2246 = CARTESIAN_POINT('',(323.64750730403,0.,16.852389800576));
#2247 = CARTESIAN_POINT('',(297.34825203753,215.,17.978292943772));
#2248 = CARTESIAN_POINT('',(324.14327872306,0.,16.855977381297));
#2249 = CARTESIAN_POINT('',(297.69529734363,215.,17.980136074443));
#2250 = CARTESIAN_POINT('',(325.10664650597,0.,16.862976196346));
#2251 = CARTESIAN_POINT('',(298.36966515236,215.,17.983736879418));
#2252 = CARTESIAN_POINT('',(325.57540509998,0.,16.866394413449));
#2253 = CARTESIAN_POINT('',(298.69780122677,215.,17.985497842671));
#2254 = CARTESIAN_POINT('',(326.48389366872,0.,16.873137587165));
#2255 = CARTESIAN_POINT('',(299.33375318857,215.,17.988993582645));
#2256 = CARTESIAN_POINT('',(326.9246695658,0.,16.876463334669));
#2257 = CARTESIAN_POINT('',(299.64230122398,215.,17.99072745856));
#2258 = CARTESIAN_POINT('',(327.77638944722,0.,16.88323420013));
#2259 = CARTESIAN_POINT('',(300.23851508834,215.,17.994318922434));
#2260 = CARTESIAN_POINT('',(328.18826912602,0.,16.886664231826));
#2261 = CARTESIAN_POINT('',(300.52683588399,215.,17.996164703101));
#2262 = CARTESIAN_POINT('',(328.98144857861,0.,16.893726369415));
#2263 = CARTESIAN_POINT('',(301.08207178461,215.,18.000038946693));
#2264 = CARTESIAN_POINT('',(329.3635793573,0.,16.897332938735));
#2265 = CARTESIAN_POINT('',(301.3495685596,215.,18.002048404656));
#2266 = CARTESIAN_POINT('',(330.09656916231,0.,16.904800204195));
#2267 = CARTESIAN_POINT('',(301.86267219504,215.,18.006287395559));
#2268 = CARTESIAN_POINT('',(330.4481597936,0.,16.908624443582));
#2269 = CARTESIAN_POINT('',(302.10879113027,215.,18.008490454334));
#2270 = CARTESIAN_POINT('',(331.1194380883,0.,16.916376435554));
#2271 = CARTESIAN_POINT('',(302.5786970311,215.,18.013012122204));
#2272 = CARTESIAN_POINT('',(331.43976302712,0.,16.920271690342));
#2273 = CARTESIAN_POINT('',(302.8029300481,215.,18.015306963797));
#2274 = CARTESIAN_POINT('',(332.04792847728,0.,16.928654273337));
#2275 = CARTESIAN_POINT('',(303.22865774957,215.,18.020354837227));
#2276 = CARTESIAN_POINT('',(332.33631747577,0.,16.93305098298));
#2277 = CARTESIAN_POINT('',(303.43053625548,215.,18.023043642598));
#2278 = CARTESIAN_POINT('',(332.88009139953,0.,16.942835544085));
#2279 = CARTESIAN_POINT('',(303.81119171829,215.,18.02915961224));
#2280 = CARTESIAN_POINT('',(333.13594050055,0.,16.948063378426));
#2281 = CARTESIAN_POINT('',(303.99029338522,215.,18.032474112728));
#2282 = CARTESIAN_POINT('',(333.61417421096,0.,16.959574680605));
#2283 = CARTESIAN_POINT('',(304.32507295922,215.,18.03988739051));
#2284 = CARTESIAN_POINT('',(333.83694181651,0.,16.965642834349));
#2285 = CARTESIAN_POINT('',(304.48101867851,215.,18.04383482936));
#2286 = CARTESIAN_POINT('',(334.24860857811,0.,16.978887418838));
#2287 = CARTESIAN_POINT('',(304.76920365051,215.,18.052551466704));
#2288 = CARTESIAN_POINT('',(334.43781361451,0.,16.985768218027));
#2289 = CARTESIAN_POINT('',(304.90165662635,215.,18.057113258697));
#2290 = CARTESIAN_POINT('',(334.78204373016,0.,17.00019523383));
#2291 = CARTESIAN_POINT('',(305.14263744827,215.,18.066749123078));
#2292 = CARTESIAN_POINT('',(334.93730164741,0.,17.007409232769));
#2293 = CARTESIAN_POINT('',(305.25132783367,215.,18.071590350165));
#2294 = CARTESIAN_POINT('',(335.21344380399,0.,17.021183157272));
#2295 = CARTESIAN_POINT('',(305.44464609794,215.,18.080861522262));
#2296 = CARTESIAN_POINT('',(335.33448598586,0.,17.027543239694));
#2297 = CARTESIAN_POINT('',(305.52938427168,215.,18.085151284614));
#2298 = CARTESIAN_POINT('',(335.54204975964,0.,17.038822339854));
#2299 = CARTESIAN_POINT('',(305.67469423141,215.,18.092768512106));
#2300 = CARTESIAN_POINT('',(335.62866462165,0.,17.043640395908));
#2301 = CARTESIAN_POINT('',(305.73533117345,215.,18.096025135214));
#2302 = CARTESIAN_POINT('',(335.76726689453,0.,17.05145020551));
#2303 = CARTESIAN_POINT('',(305.83236335905,215.,18.101306395783));
#2304 = CARTESIAN_POINT('',(335.81929932306,0.,17.054404603985));
#2305 = CARTESIAN_POINT('',(305.86879006587,215.,18.103304807875));
#2306 = CARTESIAN_POINT('',(335.88867111257,0.,17.058349649283));
#2307 = CARTESIAN_POINT('',(305.91735566863,215.,18.105973460091));
#2308 = CARTESIAN_POINT('',(335.90602606202,0.,17.059337103768));
#2309 = CARTESIAN_POINT('',(305.92950547237,215.,18.106641442529));
#2310 = CARTESIAN_POINT('',(335.92337792839,0.,17.060324457591));
#2311 = CARTESIAN_POINT('',(305.94165311782,215.,18.107309358666));
#2312 = DEFINITIONAL_REPRESENTATION('',(#2313),#2421);
#2313 = B_SPLINE_CURVE_WITH_KNOTS('',8,(#2314,#2315,#2316,#2317,#2318,
    #2319,#2320,#2321,#2322,#2323,#2324,#2325,#2326,#2327,#2328,#2329,
    #2330,#2331,#2332,#2333,#2334,#2335,#2336,#2337,#2338,#2339,#2340,
    #2341,#2342,#2343,#2344,#2345,#2346,#2347,#2348,#2349,#2350,#2351,
    #2352,#2353,#2354,#2355,#2356,#2357,#2358,#2359,#2360,#2361,#2362,
    #2363,#2364,#2365,#2366,#2367,#2368,#2369,#2370,#2371,#2372,#2373,
    #2374,#2375,#2376,#2377,#2378,#2379,#2380,#2381,#2382,#2383,#2384,
    #2385,#2386,#2387,#2388,#2389,#2390,#2391,#2392,#2393,#2394,#2395,
    #2396,#2397,#2398,#2399,#2400,#2401,#2402,#2403,#2404,#2405,#2406,
    #2407,#2408,#2409,#2410,#2411,#2412,#2413,#2414,#2415,#2416,#2417,
    #2418,#2419,#2420),.UNSPECIFIED.,.F.,.F.,(9,7,7,7,7,7,7,7,7,7,7,7,7,
    7,7,9),(0.,3.225778316823E-02,8.064453467366E-02,0.104837981169,
    0.133063672252,0.161289363489,0.201611781625,0.245966440612,
    0.366933694002,0.415320593778,0.512094393282,0.641126125939,
    0.70967423395,0.778222341986,0.8588671749,1.),.UNSPECIFIED.);
#2314 = CARTESIAN_POINT('',(100.68715174192,0.327441860465));
#2315 = CARTESIAN_POINT('',(100.58646455533,0.327441860465));
#2316 = CARTESIAN_POINT('',(100.48577740579,0.327441860465));
#2317 = CARTESIAN_POINT('',(100.3850902605,0.327441860465));
#2318 = CARTESIAN_POINT('',(100.28440310209,0.327441860465));
#2319 = CARTESIAN_POINT('',(100.18371592853,0.327441860465));
#2320 = CARTESIAN_POINT('',(100.08302875324,0.327441860465));
#2321 = CARTESIAN_POINT('',(99.982341605007,0.327441860465));
#2322 = CARTESIAN_POINT('',(99.730623672901,0.327441860465));
#2323 = CARTESIAN_POINT('',(99.579593211051,0.327441860465));
#2324 = CARTESIAN_POINT('',(99.428561564045,0.327441860465));
#2325 = CARTESIAN_POINT('',(99.277532802122,0.327441860465));
#2326 = CARTESIAN_POINT('',(99.126500403339,0.327441860465));
#2327 = CARTESIAN_POINT('',(98.97547050153,0.327441860465));
#2328 = CARTESIAN_POINT('',(98.824438995303,0.327441860465));
#2329 = CARTESIAN_POINT('',(98.597893342174,0.327441860465));
#2330 = CARTESIAN_POINT('',(98.522377981951,0.327441860465));
#2331 = CARTESIAN_POINT('',(98.446862620869,0.327441860465));
#2332 = CARTESIAN_POINT('',(98.371347256067,0.327441860465));
#2333 = CARTESIAN_POINT('',(98.295831887375,0.327441860465));
#2334 = CARTESIAN_POINT('',(98.220316517315,0.327441860465));
#2335 = CARTESIAN_POINT('',(98.144801151101,0.327441860465));
#2336 = CARTESIAN_POINT('',(97.981184538823,0.327441860465));
#2337 = CARTESIAN_POINT('',(97.89308328123,0.327441860465));
#2338 = CARTESIAN_POINT('',(97.804982023586,0.327441860465));
#2339 = CARTESIAN_POINT('',(97.716880765753,0.327441860465));
#2340 = CARTESIAN_POINT('',(97.628779507725,0.327441860465));
#2341 = CARTESIAN_POINT('',(97.540678249633,0.327441860465));
#2342 = CARTESIAN_POINT('',(97.45257699174,0.327441860465));
#2343 = CARTESIAN_POINT('',(97.276374476671,0.327441860465));
#2344 = CARTESIAN_POINT('',(97.188273218897,0.327441860465));
#2345 = CARTESIAN_POINT('',(97.100171961122,0.327441860465));
#2346 = CARTESIAN_POINT('',(97.012070703348,0.327441860465));
#2347 = CARTESIAN_POINT('',(96.923969445574,0.327441860465));
#2348 = CARTESIAN_POINT('',(96.8358681878,0.327441860465));
#2349 = CARTESIAN_POINT('',(96.747766930026,0.327441860465));
#2350 = CARTESIAN_POINT('',(96.533806726071,0.327441860465));
#2351 = CARTESIAN_POINT('',(96.407947800351,0.327441860465));
#2352 = CARTESIAN_POINT('',(96.282088857066,0.327441860465));
#2353 = CARTESIAN_POINT('',(96.156229908315,0.327441860465));
#2354 = CARTESIAN_POINT('',(96.030370969167,0.327441860465));
#2355 = CARTESIAN_POINT('',(95.90451203695,0.327441860465));
#2356 = CARTESIAN_POINT('',(95.778653096995,0.327441860465));
#2357 = CARTESIAN_POINT('',(95.514349321459,0.327441860465));
#2358 = CARTESIAN_POINT('',(95.375904488123,0.327441860465));
#2359 = CARTESIAN_POINT('',(95.237459653585,0.327441860465));
#2360 = CARTESIAN_POINT('',(95.099014819432,0.327441860465));
#2361 = CARTESIAN_POINT('',(94.960569986423,0.327441860465));
#2362 = CARTESIAN_POINT('',(94.822125153567,0.327441860465));
#2363 = CARTESIAN_POINT('',(94.683680319497,0.327441860465));
#2364 = CARTESIAN_POINT('',(94.167658661126,0.327441860465));
#2365 = CARTESIAN_POINT('',(93.790081836974,0.327441860465));
#2366 = CARTESIAN_POINT('',(93.412505066685,0.327441860465));
#2367 = CARTESIAN_POINT('',(93.034928229157,0.327441860465));
#2368 = CARTESIAN_POINT('',(92.65735138183,0.327441860465));
#2369 = CARTESIAN_POINT('',(92.279774593804,0.327441860465));
#2370 = CARTESIAN_POINT('',(91.9021977645,0.327441860465));
#2371 = CARTESIAN_POINT('',(91.373590205913,0.327441860465));
#2372 = CARTESIAN_POINT('',(91.222559477977,0.327441860465));
#2373 = CARTESIAN_POINT('',(91.071528750518,0.327441860465));
#2374 = CARTESIAN_POINT('',(90.920498023134,0.327441860465));
#2375 = CARTESIAN_POINT('',(90.769467295447,0.327441860465));
#2376 = CARTESIAN_POINT('',(90.618436567624,0.327441860465));
#2377 = CARTESIAN_POINT('',(90.467405840102,0.327441860465));
#2378 = CARTESIAN_POINT('',(90.014313657471,0.327441860465));
#2379 = CARTESIAN_POINT('',(89.712252202003,0.327441860465));
#2380 = CARTESIAN_POINT('',(89.410190746028,0.327441860465));
#2381 = CARTESIAN_POINT('',(89.108129290655,0.327441860465));
#2382 = CARTESIAN_POINT('',(88.806067835779,0.327441860465));
#2383 = CARTESIAN_POINT('',(88.50400638083,0.327441860465));
#2384 = CARTESIAN_POINT('',(88.201944925928,0.327441860465));
#2385 = CARTESIAN_POINT('',(87.497134863789,0.327441860465));
#2386 = CARTESIAN_POINT('',(87.094386256825,0.327441860465));
#2387 = CARTESIAN_POINT('',(86.691637649948,0.327441860465));
#2388 = CARTESIAN_POINT('',(86.288889042953,0.327441860465));
#2389 = CARTESIAN_POINT('',(85.886140435751,0.327441860465));
#2390 = CARTESIAN_POINT('',(85.483391828535,0.327441860465));
#2391 = CARTESIAN_POINT('',(85.080643221615,0.327441860465));
#2392 = CARTESIAN_POINT('',(84.463934417564,0.327441860465));
#2393 = CARTESIAN_POINT('',(84.249974220293,0.327441860465));
#2394 = CARTESIAN_POINT('',(84.036014023022,0.327441860465));
#2395 = CARTESIAN_POINT('',(83.822053825666,0.327441860465));
#2396 = CARTESIAN_POINT('',(83.60809362819,0.327441860465));
#2397 = CARTESIAN_POINT('',(83.394133430601,0.327441860465));
#2398 = CARTESIAN_POINT('',(83.180173232954,0.327441860465));
#2399 = CARTESIAN_POINT('',(82.752252837666,0.327441860465));
#2400 = CARTESIAN_POINT('',(82.538292640038,0.327441860465));
#2401 = CARTESIAN_POINT('',(82.324332442512,0.327441860465));
#2402 = CARTESIAN_POINT('',(82.110372245099,0.327441860465));
#2403 = CARTESIAN_POINT('',(81.896412047782,0.327441860465));
#2404 = CARTESIAN_POINT('',(81.68245185051,0.327441860465));
#2405 = CARTESIAN_POINT('',(81.4684916532,0.327441860465));
#2406 = CARTESIAN_POINT('',(81.002813576587,0.327441860465));
#2407 = CARTESIAN_POINT('',(80.751095697243,0.327441860465));
#2408 = CARTESIAN_POINT('',(80.499377817816,0.327441860465));
#2409 = CARTESIAN_POINT('',(80.247659938382,0.327441860465));
#2410 = CARTESIAN_POINT('',(79.995942058982,0.327441860465));
#2411 = CARTESIAN_POINT('',(79.744224179625,0.327441860465));
#2412 = CARTESIAN_POINT('',(79.492506300284,0.327441860465));
#2413 = CARTESIAN_POINT('',(78.800268499637,0.327441860465));
#2414 = CARTESIAN_POINT('',(78.359748578295,0.327441860465));
#2415 = CARTESIAN_POINT('',(77.919228656906,0.327441860465));
#2416 = CARTESIAN_POINT('',(77.478708735495,0.327441860465));
#2417 = CARTESIAN_POINT('',(77.038188814089,0.327441860465));
#2418 = CARTESIAN_POINT('',(76.597668892707,0.327441860465));
#2419 = CARTESIAN_POINT('',(76.157148971366,0.327441860465));
#2420 = CARTESIAN_POINT('',(75.716629050081,0.327441860465));
#2421 = ( GEOMETRIC_REPRESENTATION_CONTEXT(2) 
PARAMETRIC_REPRESENTATION_CONTEXT() REPRESENTATION_CONTEXT('2D SPACE',''
  ) );
#2422 = ORIENTED_EDGE('',*,*,#2423,.T.);
#2423 = EDGE_CURVE('',#1808,#22,#2424,.T.);
#2424 = SURFACE_CURVE('',#2425,(#2429,#2436),.PCURVE_S1.);
#2425 = LINE('',#2426,#2427);
#2426 = CARTESIAN_POINT('',(325.14152045388,70.4,-10.2189699235));
#2427 = VECTOR('',#2428,1.);
#2428 = DIRECTION('',(3.489949670249E-02,0.,0.999390827019));
#2429 = PCURVE('',#554,#2430);
#2430 = DEFINITIONAL_REPRESENTATION('',(#2431),#2435);
#2431 = LINE('',#2432,#2433);
#2432 = CARTESIAN_POINT('',(60.858479546117,-29.7810300765));
#2433 = VECTOR('',#2434,1.);
#2434 = DIRECTION('',(-3.489949670249E-02,-0.999390827019));
#2435 = ( GEOMETRIC_REPRESENTATION_CONTEXT(2) 
PARAMETRIC_REPRESENTATION_CONTEXT() REPRESENTATION_CONTEXT('2D SPACE',''
  ) );
#2436 = PCURVE('',#319,#2437);
#2437 = DEFINITIONAL_REPRESENTATION('',(#2438),#2441);
#2438 = B_SPLINE_CURVE_WITH_KNOTS('',1,(#2439,#2440),.UNSPECIFIED.,.F.,
  .F.,(2,2),(27.638957971395,28.538957971395),.PIECEWISE_BEZIER_KNOTS.);
#2439 = CARTESIAN_POINT('',(-3.623767952377E-13,-146.0008938532));
#2440 = CARTESIAN_POINT('',(0.9,-146.0008938532));
#2441 = ( GEOMETRIC_REPRESENTATION_CONTEXT(2) 
PARAMETRIC_REPRESENTATION_CONTEXT() REPRESENTATION_CONTEXT('2D SPACE',''
  ) );
#2442 = ORIENTED_EDGE('',*,*,#330,.F.);
#2443 = FACE_BOUND('',#2444,.T.);
#2444 = EDGE_LOOP('',(#2445,#2479,#2514));
#2445 = ORIENTED_EDGE('',*,*,#2446,.F.);
#2446 = EDGE_CURVE('',#2447,#2449,#2451,.T.);
#2447 = VERTEX_POINT('',#2448);
#2448 = CARTESIAN_POINT('',(304.64708532011,70.4,19.104829522597));
#2449 = VERTEX_POINT('',#2450);
#2450 = CARTESIAN_POINT('',(304.29896385885,70.4,19.884176502572));
#2451 = SURFACE_CURVE('',#2452,(#2457,#2464),.PCURVE_S1.);
#2452 = ELLIPSE('',#2453,1.055731596341,1.05);
#2453 = AXIS2_PLACEMENT_3D('',#2454,#2455,#2456);
#2454 = CARTESIAN_POINT('',(303.59135821248,70.4,19.105149758099));
#2455 = DIRECTION('',(0.,-1.,0.));
#2456 = DIRECTION('',(-0.99960728133,0.,2.802290335518E-02));
#2457 = PCURVE('',#554,#2458);
#2458 = DEFINITIONAL_REPRESENTATION('',(#2459),#2463);
#2459 = ELLIPSE('',#2460,1.055731596341,1.05);
#2460 = AXIS2_PLACEMENT_2D('',#2461,#2462);
#2461 = CARTESIAN_POINT('',(82.408641787513,-59.10514975809));
#2462 = DIRECTION('',(0.99960728133,-2.802290335518E-02));
#2463 = ( GEOMETRIC_REPRESENTATION_CONTEXT(2) 
PARAMETRIC_REPRESENTATION_CONTEXT() REPRESENTATION_CONTEXT('2D SPACE',''
  ) );
#2464 = PCURVE('',#2465,#2470);
#2465 = CYLINDRICAL_SURFACE('',#2466,1.05);
#2466 = AXIS2_PLACEMENT_3D('',#2467,#2468,#2469);
#2467 = CARTESIAN_POINT('',(303.64365191855,69.9,19.103683760903));
#2468 = DIRECTION('',(-0.104019604147,0.994570972053,2.916076511733E-03)
  );
#2469 = DIRECTION('',(0.994575200748,0.104020046415,-5.421010862428E-20)
  );
#2470 = DEFINITIONAL_REPRESENTATION('',(#2471),#2478);
#2471 = B_SPLINE_CURVE_WITH_KNOTS('',5,(#2472,#2473,#2474,#2475,#2476,
    #2477),.UNSPECIFIED.,.F.,.F.,(6,6),(3.169467147868,4.005712062156),
  .PIECEWISE_BEZIER_KNOTS.);
#2472 = CARTESIAN_POINT('',(6.28318530718,0.392912081938));
#2473 = CARTESIAN_POINT('',(6.115936324322,0.393424180487));
#2474 = CARTESIAN_POINT('',(5.948687341464,0.397775017517));
#2475 = CARTESIAN_POINT('',(5.781438358607,0.40594170783));
#2476 = CARTESIAN_POINT('',(5.614189375749,0.417422331168));
#2477 = CARTESIAN_POINT('',(5.446940392892,0.43139617391));
#2478 = ( GEOMETRIC_REPRESENTATION_CONTEXT(2) 
PARAMETRIC_REPRESENTATION_CONTEXT() REPRESENTATION_CONTEXT('2D SPACE',''
  ) );
#2479 = ORIENTED_EDGE('',*,*,#2480,.F.);
#2480 = EDGE_CURVE('',#2481,#2447,#2483,.T.);
#2481 = VERTEX_POINT('',#2482);
#2482 = CARTESIAN_POINT('',(302.88327479358,70.4,19.884176502572));
#2483 = SURFACE_CURVE('',#2484,(#2489,#2496),.PCURVE_S1.);
#2484 = ELLIPSE('',#2485,1.055731596341,1.05);
#2485 = AXIS2_PLACEMENT_3D('',#2486,#2487,#2488);
#2486 = CARTESIAN_POINT('',(303.59135821248,70.4,19.105149758099));
#2487 = DIRECTION('',(0.,-1.,0.));
#2488 = DIRECTION('',(-0.99960728133,0.,2.802290335518E-02));
#2489 = PCURVE('',#554,#2490);
#2490 = DEFINITIONAL_REPRESENTATION('',(#2491),#2495);
#2491 = ELLIPSE('',#2492,1.055731596341,1.05);
#2492 = AXIS2_PLACEMENT_2D('',#2493,#2494);
#2493 = CARTESIAN_POINT('',(82.408641787513,-59.10514975809));
#2494 = DIRECTION('',(0.99960728133,-2.802290335518E-02));
#2495 = ( GEOMETRIC_REPRESENTATION_CONTEXT(2) 
PARAMETRIC_REPRESENTATION_CONTEXT() REPRESENTATION_CONTEXT('2D SPACE',''
  ) );
#2496 = PCURVE('',#2465,#2497);
#2497 = DEFINITIONAL_REPRESENTATION('',(#2498),#2513);
#2498 = B_SPLINE_CURVE_WITH_KNOTS('',7,(#2499,#2500,#2501,#2502,#2503,
    #2504,#2505,#2506,#2507,#2508,#2509,#2510,#2511,#2512),
  .UNSPECIFIED.,.F.,.F.,(8,6,8),(5.475424856943,7.462839030128,
    9.452652455048),.UNSPECIFIED.);
#2499 = CARTESIAN_POINT('',(10.260412905285,0.57865559009));
#2500 = CARTESIAN_POINT('',(9.976496594829,0.601198621856));
#2501 = CARTESIAN_POINT('',(9.692580284374,0.616600372715));
#2502 = CARTESIAN_POINT('',(9.408663973919,0.621900609542));
#2503 = CARTESIAN_POINT('',(9.124747663465,0.615510525958));
#2504 = CARTESIAN_POINT('',(8.840831353009,0.598343648105));
#2505 = CARTESIAN_POINT('',(8.556915042554,0.573448169554));
#2506 = CARTESIAN_POINT('',(7.988739671396,0.515742772283));
#2507 = CARTESIAN_POINT('',(7.704480610693,0.482924786377));
#2508 = CARTESIAN_POINT('',(7.420221549991,0.44996528732));
#2509 = CARTESIAN_POINT('',(7.135962489288,0.421470039546));
#2510 = CARTESIAN_POINT('',(6.851703428585,0.401524478339));
#2511 = CARTESIAN_POINT('',(6.567444367882,0.392041711009));
#2512 = CARTESIAN_POINT('',(6.28318530718,0.392912081938));
#2513 = ( GEOMETRIC_REPRESENTATION_CONTEXT(2) 
PARAMETRIC_REPRESENTATION_CONTEXT() REPRESENTATION_CONTEXT('2D SPACE',''
  ) );
#2514 = ORIENTED_EDGE('',*,*,#2515,.F.);
#2515 = EDGE_CURVE('',#2449,#2481,#2516,.T.);
#2516 = SURFACE_CURVE('',#2517,(#2521,#2527),.PCURVE_S1.);
#2517 = LINE('',#2518,#2519);
#2518 = CARTESIAN_POINT('',(342.2779714162,70.4,19.884176502572));
#2519 = VECTOR('',#2520,1.);
#2520 = DIRECTION('',(-1.,0.,0.));
#2521 = PCURVE('',#554,#2522);
#2522 = DEFINITIONAL_REPRESENTATION('',(#2523),#2526);
#2523 = B_SPLINE_CURVE_WITH_KNOTS('',1,(#2524,#2525),.UNSPECIFIED.,.F.,
  .F.,(2,2),(37.935521349178,40.452658373871),.PIECEWISE_BEZIER_KNOTS.);
#2524 = CARTESIAN_POINT('',(81.657549932978,-59.88417650257));
#2525 = CARTESIAN_POINT('',(84.174686957671,-59.88417650257));
#2526 = ( GEOMETRIC_REPRESENTATION_CONTEXT(2) 
PARAMETRIC_REPRESENTATION_CONTEXT() REPRESENTATION_CONTEXT('2D SPACE',''
  ) );
#2527 = PCURVE('',#2528,#2533);
#2528 = PLANE('',#2529);
#2529 = AXIS2_PLACEMENT_3D('',#2530,#2531,#2532);
#2530 = CARTESIAN_POINT('',(298.5559428324,69.4,19.884176502572));
#2531 = DIRECTION('',(0.,0.,1.));
#2532 = DIRECTION('',(1.,0.,-0.));
#2533 = DEFINITIONAL_REPRESENTATION('',(#2534),#2537);
#2534 = B_SPLINE_CURVE_WITH_KNOTS('',1,(#2535,#2536),.UNSPECIFIED.,.F.,
  .F.,(2,2),(37.935521349178,40.452658373871),.PIECEWISE_BEZIER_KNOTS.);
#2535 = CARTESIAN_POINT('',(5.786507234621,1.));
#2536 = CARTESIAN_POINT('',(3.269370209928,1.));
#2537 = ( GEOMETRIC_REPRESENTATION_CONTEXT(2) 
PARAMETRIC_REPRESENTATION_CONTEXT() REPRESENTATION_CONTEXT('2D SPACE',''
  ) );
#2538 = ADVANCED_FACE('',(#2539),#2528,.F.);
#2539 = FACE_BOUND('',#2540,.F.);
#2540 = EDGE_LOOP('',(#2541,#2570,#2595,#2596));
#2541 = ORIENTED_EDGE('',*,*,#2542,.F.);
#2542 = EDGE_CURVE('',#2543,#2545,#2547,.T.);
#2543 = VERTEX_POINT('',#2544);
#2544 = CARTESIAN_POINT('',(301.82531304232,80.221386325238,
    19.884176502572));
#2545 = VERTEX_POINT('',#2546);
#2546 = CARTESIAN_POINT('',(303.28702762002,80.374263270192,
    19.884176502572));
#2547 = SURFACE_CURVE('',#2548,(#2552,#2558),.PCURVE_S1.);
#2548 = LINE('',#2549,#2550);
#2549 = CARTESIAN_POINT('',(300.01397678722,80.031943353819,
    19.884176502572));
#2550 = VECTOR('',#2551,1.);
#2551 = DIRECTION('',(0.994575200748,0.104020046415,-0.));
#2552 = PCURVE('',#2528,#2553);
#2553 = DEFINITIONAL_REPRESENTATION('',(#2554),#2557);
#2554 = B_SPLINE_CURVE_WITH_KNOTS('',1,(#2555,#2556),.UNSPECIFIED.,.F.,
  .F.,(2,2),(1.506059654458,3.606059654458),.PIECEWISE_BEZIER_KNOTS.);
#2555 = CARTESIAN_POINT('',(2.955923537992,10.788603748979));
#2556 = CARTESIAN_POINT('',(5.044531459564,11.007045846451));
#2557 = ( GEOMETRIC_REPRESENTATION_CONTEXT(2) 
PARAMETRIC_REPRESENTATION_CONTEXT() REPRESENTATION_CONTEXT('2D SPACE',''
  ) );
#2558 = PCURVE('',#2559,#2564);
#2559 = PLANE('',#2560);
#2560 = AXIS2_PLACEMENT_3D('',#2561,#2562,#2563);
#2561 = CARTESIAN_POINT('',(302.5559428324,80.3,19.134176502572));
#2562 = DIRECTION('',(-0.104019604147,0.994570972053,2.916076511732E-03)
  );
#2563 = DIRECTION('',(0.994575200748,0.104020046415,0.));
#2564 = DEFINITIONAL_REPRESENTATION('',(#2565),#2569);
#2565 = LINE('',#2566,#2567);
#2566 = CARTESIAN_POINT('',(-2.556059654458,-0.750003188834));
#2567 = VECTOR('',#2568,1.);
#2568 = DIRECTION('',(1.,4.435349682182E-17));
#2569 = ( GEOMETRIC_REPRESENTATION_CONTEXT(2) 
PARAMETRIC_REPRESENTATION_CONTEXT() REPRESENTATION_CONTEXT('2D SPACE',''
  ) );
#2570 = ORIENTED_EDGE('',*,*,#2571,.T.);
#2571 = EDGE_CURVE('',#2543,#2481,#2572,.T.);
#2572 = SURFACE_CURVE('',#2573,(#2578,#2585),.PCURVE_S1.);
#2573 = ELLIPSE('',#2574,360.07285672207,1.05);
#2574 = AXIS2_PLACEMENT_3D('',#2575,#2576,#2577);
#2575 = CARTESIAN_POINT('',(275.80263138943,336.09857937147,
    19.884176502572));
#2576 = DIRECTION('',(0.,0.,1.));
#2577 = DIRECTION('',(-0.104020046415,0.994575200748,0.));
#2578 = PCURVE('',#2528,#2579);
#2579 = DEFINITIONAL_REPRESENTATION('',(#2580),#2584);
#2580 = ELLIPSE('',#2581,360.07285672207,1.05);
#2581 = AXIS2_PLACEMENT_2D('',#2582,#2583);
#2582 = CARTESIAN_POINT('',(-22.75331144296,266.69857937147));
#2583 = DIRECTION('',(-0.104020046415,0.994575200748));
#2584 = ( GEOMETRIC_REPRESENTATION_CONTEXT(2) 
PARAMETRIC_REPRESENTATION_CONTEXT() REPRESENTATION_CONTEXT('2D SPACE',''
  ) );
#2585 = PCURVE('',#2465,#2586);
#2586 = DEFINITIONAL_REPRESENTATION('',(#2587),#2594);
#2587 = B_SPLINE_CURVE_WITH_KNOTS('',5,(#2588,#2589,#2590,#2591,#2592,
    #2593),.UNSPECIFIED.,.F.,.F.,(6,6),(2.366403619742,2.40643127131),
  .PIECEWISE_BEZIER_KNOTS.);
#2588 = CARTESIAN_POINT('',(10.220385253717,10.45677009709));
#2589 = CARTESIAN_POINT('',(10.22839078403,8.439405934729));
#2590 = CARTESIAN_POINT('',(10.236396314344,6.442645821342));
#2591 = CARTESIAN_POINT('',(10.244401844657,4.466759111088));
#2592 = CARTESIAN_POINT('',(10.252407374971,2.51200965504));
#2593 = CARTESIAN_POINT('',(10.260412905285,0.578655590119));
#2594 = ( GEOMETRIC_REPRESENTATION_CONTEXT(2) 
PARAMETRIC_REPRESENTATION_CONTEXT() REPRESENTATION_CONTEXT('2D SPACE',''
  ) );
#2595 = ORIENTED_EDGE('',*,*,#2515,.F.);
#2596 = ORIENTED_EDGE('',*,*,#2597,.T.);
#2597 = EDGE_CURVE('',#2449,#2545,#2598,.T.);
#2598 = SURFACE_CURVE('',#2599,(#2604,#2611),.PCURVE_S1.);
#2599 = ELLIPSE('',#2600,360.07285672207,1.05);
#2600 = AXIS2_PLACEMENT_3D('',#2601,#2602,#2603);
#2601 = CARTESIAN_POINT('',(275.80263138943,336.09857937147,
    19.884176502572));
#2602 = DIRECTION('',(0.,0.,1.));
#2603 = DIRECTION('',(-0.104020046415,0.994575200748,0.));
#2604 = PCURVE('',#2528,#2605);
#2605 = DEFINITIONAL_REPRESENTATION('',(#2606),#2610);
#2606 = ELLIPSE('',#2607,360.07285672207,1.05);
#2607 = AXIS2_PLACEMENT_2D('',#2608,#2609);
#2608 = CARTESIAN_POINT('',(-22.75331144296,266.69857937147));
#2609 = DIRECTION('',(-0.104020046415,0.994575200748));
#2610 = ( GEOMETRIC_REPRESENTATION_CONTEXT(2) 
PARAMETRIC_REPRESENTATION_CONTEXT() REPRESENTATION_CONTEXT('2D SPACE',''
  ) );
#2611 = PCURVE('',#2465,#2612);
#2612 = DEFINITIONAL_REPRESENTATION('',(#2613),#2620);
#2613 = B_SPLINE_CURVE_WITH_KNOTS('',5,(#2614,#2615,#2616,#2617,#2618,
    #2619),.UNSPECIFIED.,.F.,.F.,(6,6),(3.876144066097,3.916781687438),
  .PIECEWISE_BEZIER_KNOTS.);
#2614 = CARTESIAN_POINT('',(5.446940392891,0.431396173955));
#2615 = CARTESIAN_POINT('',(5.45506791716,2.39288766943));
#2616 = CARTESIAN_POINT('',(5.463195441428,4.376443760076));
#2617 = CARTESIAN_POINT('',(5.471322965696,6.381794509491));
#2618 = CARTESIAN_POINT('',(5.479450489964,8.408663907359));
#2619 = CARTESIAN_POINT('',(5.487578014232,10.45677009709));
#2620 = ( GEOMETRIC_REPRESENTATION_CONTEXT(2) 
PARAMETRIC_REPRESENTATION_CONTEXT() REPRESENTATION_CONTEXT('2D SPACE',''
  ) );
#2621 = ADVANCED_FACE('',(#2622),#2559,.T.);
#2622 = FACE_BOUND('',#2623,.T.);
#2623 = EDGE_LOOP('',(#2624,#2625));
#2624 = ORIENTED_EDGE('',*,*,#2542,.F.);
#2625 = ORIENTED_EDGE('',*,*,#2626,.T.);
#2626 = EDGE_CURVE('',#2543,#2545,#2627,.T.);
#2627 = SURFACE_CURVE('',#2628,(#2633,#2640),.PCURVE_S1.);
#2628 = CIRCLE('',#2629,1.05);
#2629 = AXIS2_PLACEMENT_3D('',#2630,#2631,#2632);
#2630 = CARTESIAN_POINT('',(302.5559428324,80.3,19.134176502572));
#2631 = DIRECTION('',(-0.104019604147,0.994570972053,2.916076511732E-03)
  );
#2632 = DIRECTION('',(0.994575200748,0.104020046415,5.421010862428E-20)
  );
#2633 = PCURVE('',#2559,#2634);
#2634 = DEFINITIONAL_REPRESENTATION('',(#2635),#2639);
#2635 = CIRCLE('',#2636,1.05);
#2636 = AXIS2_PLACEMENT_2D('',#2637,#2638);
#2637 = CARTESIAN_POINT('',(0.,0.));
#2638 = DIRECTION('',(1.,0.));
#2639 = ( GEOMETRIC_REPRESENTATION_CONTEXT(2) 
PARAMETRIC_REPRESENTATION_CONTEXT() REPRESENTATION_CONTEXT('2D SPACE',''
  ) );
#2640 = PCURVE('',#2641,#2646);
#2641 = CONICAL_SURFACE('',#2642,1.05,0.502733721977);
#2642 = AXIS2_PLACEMENT_3D('',#2643,#2644,#2645);
#2643 = CARTESIAN_POINT('',(302.5559428324,80.3,19.134176502572));
#2644 = DIRECTION('',(0.104019604147,-0.994570972053,-2.916076511732E-03
    ));
#2645 = DIRECTION('',(0.994575200748,0.104020046415,0.));
#2646 = DEFINITIONAL_REPRESENTATION('',(#2647),#2651);
#2647 = LINE('',#2648,#2649);
#2648 = CARTESIAN_POINT('',(-0.,-0.));
#2649 = VECTOR('',#2650,1.);
#2650 = DIRECTION('',(-1.,-0.));
#2651 = ( GEOMETRIC_REPRESENTATION_CONTEXT(2) 
PARAMETRIC_REPRESENTATION_CONTEXT() REPRESENTATION_CONTEXT('2D SPACE',''
  ) );
#2652 = ADVANCED_FACE('',(#2653),#2641,.F.);
#2653 = FACE_BOUND('',#2654,.F.);
#2654 = EDGE_LOOP('',(#2655,#2677,#2700,#2727,#2728,#2748));
#2655 = ORIENTED_EDGE('',*,*,#2656,.T.);
#2656 = EDGE_CURVE('',#2545,#2657,#2659,.T.);
#2657 = VERTEX_POINT('',#2658);
#2658 = CARTESIAN_POINT('',(303.60024679318,80.409221048736,
    19.134176502572));
#2659 = SURFACE_CURVE('',#2660,(#2665,#2671),.PCURVE_S1.);
#2660 = CIRCLE('',#2661,1.05);
#2661 = AXIS2_PLACEMENT_3D('',#2662,#2663,#2664);
#2662 = CARTESIAN_POINT('',(302.5559428324,80.3,19.134176502572));
#2663 = DIRECTION('',(-0.104019604147,0.994570972053,2.916076511733E-03)
  );
#2664 = DIRECTION('',(0.994575200748,0.104020046415,-5.421010862428E-20)
  );
#2665 = PCURVE('',#2641,#2666);
#2666 = DEFINITIONAL_REPRESENTATION('',(#2667),#2670);
#2667 = B_SPLINE_CURVE_WITH_KNOTS('',1,(#2668,#2669),.UNSPECIFIED.,.F.,
  .F.,(2,2),(5.487578014232,6.28318530718),.PIECEWISE_BEZIER_KNOTS.);
#2668 = CARTESIAN_POINT('',(-5.487578014232,0.));
#2669 = CARTESIAN_POINT('',(-6.28318530718,0.));
#2670 = ( GEOMETRIC_REPRESENTATION_CONTEXT(2) 
PARAMETRIC_REPRESENTATION_CONTEXT() REPRESENTATION_CONTEXT('2D SPACE',''
  ) );
#2671 = PCURVE('',#2465,#2672);
#2672 = DEFINITIONAL_REPRESENTATION('',(#2673),#2676);
#2673 = B_SPLINE_CURVE_WITH_KNOTS('',1,(#2674,#2675),.UNSPECIFIED.,.F.,
  .F.,(2,2),(5.487578014232,6.28318530718),.PIECEWISE_BEZIER_KNOTS.);
#2674 = CARTESIAN_POINT('',(5.487578014232,10.45677009709));
#2675 = CARTESIAN_POINT('',(6.28318530718,10.45677009709));
#2676 = ( GEOMETRIC_REPRESENTATION_CONTEXT(2) 
PARAMETRIC_REPRESENTATION_CONTEXT() REPRESENTATION_CONTEXT('2D SPACE',''
  ) );
#2677 = ORIENTED_EDGE('',*,*,#2678,.T.);
#2678 = EDGE_CURVE('',#2657,#2679,#2681,.T.);
#2679 = VERTEX_POINT('',#2680);
#2680 = CARTESIAN_POINT('',(302.48768663949,82.011456756942,
    19.139160893037));
#2681 = SEAM_CURVE('',#2682,(#2686,#2693),.PCURVE_S1.);
#2682 = LINE('',#2683,#2684);
#2683 = CARTESIAN_POINT('',(303.60024679318,80.409221048736,
    19.134176502572));
#2684 = VECTOR('',#2685,1.);
#2685 = DIRECTION('',(-0.570358138892,0.821392149958,2.555266481313E-03)
  );
#2686 = PCURVE('',#2641,#2687);
#2687 = DEFINITIONAL_REPRESENTATION('',(#2688),#2692);
#2688 = LINE('',#2689,#2690);
#2689 = CARTESIAN_POINT('',(0.,-0.));
#2690 = VECTOR('',#2691,1.);
#2691 = DIRECTION('',(-0.,-1.));
#2692 = ( GEOMETRIC_REPRESENTATION_CONTEXT(2) 
PARAMETRIC_REPRESENTATION_CONTEXT() REPRESENTATION_CONTEXT('2D SPACE',''
  ) );
#2693 = PCURVE('',#2641,#2694);
#2694 = DEFINITIONAL_REPRESENTATION('',(#2695),#2699);
#2695 = LINE('',#2696,#2697);
#2696 = CARTESIAN_POINT('',(-6.28318530718,0.));
#2697 = VECTOR('',#2698,1.);
#2698 = DIRECTION('',(-0.,-1.));
#2699 = ( GEOMETRIC_REPRESENTATION_CONTEXT(2) 
PARAMETRIC_REPRESENTATION_CONTEXT() REPRESENTATION_CONTEXT('2D SPACE',''
  ) );
#2700 = ORIENTED_EDGE('',*,*,#2701,.F.);
#2701 = EDGE_CURVE('',#2679,#2679,#2702,.T.);
#2702 = SURFACE_CURVE('',#2703,(#2708,#2715),.PCURVE_S1.);
#2703 = CIRCLE('',#2704,0.110139894533);
#2704 = AXIS2_PLACEMENT_3D('',#2705,#2706,#2707);
#2705 = CARTESIAN_POINT('',(302.37814423178,82.,19.139160893037));
#2706 = DIRECTION('',(-0.104019604147,0.994570972053,2.916076511732E-03)
  );
#2707 = DIRECTION('',(0.994575200748,0.104020046415,5.421010862428E-20)
  );
#2708 = PCURVE('',#2641,#2709);
#2709 = DEFINITIONAL_REPRESENTATION('',(#2710),#2714);
#2710 = LINE('',#2711,#2712);
#2711 = CARTESIAN_POINT('',(-0.,-1.709279727409));
#2712 = VECTOR('',#2713,1.);
#2713 = DIRECTION('',(-1.,-0.));
#2714 = ( GEOMETRIC_REPRESENTATION_CONTEXT(2) 
PARAMETRIC_REPRESENTATION_CONTEXT() REPRESENTATION_CONTEXT('2D SPACE',''
  ) );
#2715 = PCURVE('',#2716,#2721);
#2716 = PLANE('',#2717);
#2717 = AXIS2_PLACEMENT_3D('',#2718,#2719,#2720);
#2718 = CARTESIAN_POINT('',(302.37814423178,82.,19.139160893037));
#2719 = DIRECTION('',(-0.104019604147,0.994570972053,2.916076511733E-03)
  );
#2720 = DIRECTION('',(0.994575200748,0.104020046415,0.));
#2721 = DEFINITIONAL_REPRESENTATION('',(#2722),#2726);
#2722 = CIRCLE('',#2723,0.110139894533);
#2723 = AXIS2_PLACEMENT_2D('',#2724,#2725);
#2724 = CARTESIAN_POINT('',(1.47821376707E-15,3.593913709807E-15));
#2725 = DIRECTION('',(1.,-5.11201322022E-17));
#2726 = ( GEOMETRIC_REPRESENTATION_CONTEXT(2) 
PARAMETRIC_REPRESENTATION_CONTEXT() REPRESENTATION_CONTEXT('2D SPACE',''
  ) );
#2727 = ORIENTED_EDGE('',*,*,#2678,.F.);
#2728 = ORIENTED_EDGE('',*,*,#2729,.T.);
#2729 = EDGE_CURVE('',#2657,#2543,#2730,.T.);
#2730 = SURFACE_CURVE('',#2731,(#2736,#2742),.PCURVE_S1.);
#2731 = CIRCLE('',#2732,1.05);
#2732 = AXIS2_PLACEMENT_3D('',#2733,#2734,#2735);
#2733 = CARTESIAN_POINT('',(302.5559428324,80.3,19.134176502572));
#2734 = DIRECTION('',(-0.104019604147,0.994570972053,2.916076511733E-03)
  );
#2735 = DIRECTION('',(0.994575200748,0.104020046415,-5.421010862428E-20)
  );
#2736 = PCURVE('',#2641,#2737);
#2737 = DEFINITIONAL_REPRESENTATION('',(#2738),#2741);
#2738 = B_SPLINE_CURVE_WITH_KNOTS('',1,(#2739,#2740),.UNSPECIFIED.,.F.,
  .F.,(2,2),(0.,3.937199946537),.PIECEWISE_BEZIER_KNOTS.);
#2739 = CARTESIAN_POINT('',(0.,0.));
#2740 = CARTESIAN_POINT('',(-3.937199946537,0.));
#2741 = ( GEOMETRIC_REPRESENTATION_CONTEXT(2) 
PARAMETRIC_REPRESENTATION_CONTEXT() REPRESENTATION_CONTEXT('2D SPACE',''
  ) );
#2742 = PCURVE('',#2465,#2743);
#2743 = DEFINITIONAL_REPRESENTATION('',(#2744),#2747);
#2744 = B_SPLINE_CURVE_WITH_KNOTS('',1,(#2745,#2746),.UNSPECIFIED.,.F.,
  .F.,(2,2),(0.,3.937199946537),.PIECEWISE_BEZIER_KNOTS.);
#2745 = CARTESIAN_POINT('',(6.28318530718,10.45677009709));
#2746 = CARTESIAN_POINT('',(10.220385253717,10.45677009709));
#2747 = ( GEOMETRIC_REPRESENTATION_CONTEXT(2) 
PARAMETRIC_REPRESENTATION_CONTEXT() REPRESENTATION_CONTEXT('2D SPACE',''
  ) );
#2748 = ORIENTED_EDGE('',*,*,#2626,.T.);
#2749 = ADVANCED_FACE('',(#2750,#2781),#2716,.T.);
#2750 = FACE_BOUND('',#2751,.T.);
#2751 = EDGE_LOOP('',(#2752));
#2752 = ORIENTED_EDGE('',*,*,#2753,.T.);
#2753 = EDGE_CURVE('',#2754,#2754,#2756,.T.);
#2754 = VERTEX_POINT('',#2755);
#2755 = CARTESIAN_POINT('',(303.17380439237,82.083216037132,
    19.139160893037));
#2756 = SURFACE_CURVE('',#2757,(#2762,#2769),.PCURVE_S1.);
#2757 = CIRCLE('',#2758,0.8);
#2758 = AXIS2_PLACEMENT_3D('',#2759,#2760,#2761);
#2759 = CARTESIAN_POINT('',(302.37814423178,82.,19.139160893037));
#2760 = DIRECTION('',(-0.104019604147,0.994570972053,2.916076511733E-03)
  );
#2761 = DIRECTION('',(0.994575200748,0.104020046415,5.421010862428E-20)
  );
#2762 = PCURVE('',#2716,#2763);
#2763 = DEFINITIONAL_REPRESENTATION('',(#2764),#2768);
#2764 = CIRCLE('',#2765,0.8);
#2765 = AXIS2_PLACEMENT_2D('',#2766,#2767);
#2766 = CARTESIAN_POINT('',(0.,0.));
#2767 = DIRECTION('',(1.,0.));
#2768 = ( GEOMETRIC_REPRESENTATION_CONTEXT(2) 
PARAMETRIC_REPRESENTATION_CONTEXT() REPRESENTATION_CONTEXT('2D SPACE',''
  ) );
#2769 = PCURVE('',#2770,#2775);
#2770 = CYLINDRICAL_SURFACE('',#2771,0.8);
#2771 = AXIS2_PLACEMENT_3D('',#2772,#2773,#2774);
#2772 = CARTESIAN_POINT('',(302.37814423178,82.,19.139160893037));
#2773 = DIRECTION('',(-0.104019604147,0.994570972053,2.916076511733E-03)
  );
#2774 = DIRECTION('',(0.994575200748,0.104020046415,0.));
#2775 = DEFINITIONAL_REPRESENTATION('',(#2776),#2780);
#2776 = LINE('',#2777,#2778);
#2777 = CARTESIAN_POINT('',(0.,0.));
#2778 = VECTOR('',#2779,1.);
#2779 = DIRECTION('',(1.,0.));
#2780 = ( GEOMETRIC_REPRESENTATION_CONTEXT(2) 
PARAMETRIC_REPRESENTATION_CONTEXT() REPRESENTATION_CONTEXT('2D SPACE',''
  ) );
#2781 = FACE_BOUND('',#2782,.T.);
#2782 = EDGE_LOOP('',(#2783));
#2783 = ORIENTED_EDGE('',*,*,#2701,.F.);
#2784 = ADVANCED_FACE('',(#2785),#2770,.F.);
#2785 = FACE_BOUND('',#2786,.F.);
#2786 = EDGE_LOOP('',(#2787,#2816,#2837,#2838));
#2787 = ORIENTED_EDGE('',*,*,#2788,.F.);
#2788 = EDGE_CURVE('',#2789,#2789,#2791,.T.);
#2789 = VERTEX_POINT('',#2790);
#2790 = CARTESIAN_POINT('',(302.2587781861,90.832129387588,
    19.16481265791));
#2791 = SURFACE_CURVE('',#2792,(#2797,#2804),.PCURVE_S1.);
#2792 = CIRCLE('',#2793,0.8);
#2793 = AXIS2_PLACEMENT_3D('',#2794,#2795,#2796);
#2794 = CARTESIAN_POINT('',(301.4631180255,90.748913350456,
    19.16481265791));
#2795 = DIRECTION('',(-0.104019604147,0.994570972053,2.916076511733E-03)
  );
#2796 = DIRECTION('',(0.994575200748,0.104020046415,5.421010862428E-20)
  );
#2797 = PCURVE('',#2770,#2798);
#2798 = DEFINITIONAL_REPRESENTATION('',(#2799),#2803);
#2799 = LINE('',#2800,#2801);
#2800 = CARTESIAN_POINT('',(0.,8.796670721642));
#2801 = VECTOR('',#2802,1.);
#2802 = DIRECTION('',(1.,0.));
#2803 = ( GEOMETRIC_REPRESENTATION_CONTEXT(2) 
PARAMETRIC_REPRESENTATION_CONTEXT() REPRESENTATION_CONTEXT('2D SPACE',''
  ) );
#2804 = PCURVE('',#2805,#2810);
#2805 = PLANE('',#2806);
#2806 = AXIS2_PLACEMENT_3D('',#2807,#2808,#2809);
#2807 = CARTESIAN_POINT('',(301.4631180255,90.748913350456,
    19.16481265791));
#2808 = DIRECTION('',(-0.104019604147,0.994570972053,2.916076511733E-03)
  );
#2809 = DIRECTION('',(0.994575200748,0.104020046415,0.));
#2810 = DEFINITIONAL_REPRESENTATION('',(#2811),#2815);
#2811 = CIRCLE('',#2812,0.8);
#2812 = AXIS2_PLACEMENT_2D('',#2813,#2814);
#2813 = CARTESIAN_POINT('',(0.,-3.552698573514E-15));
#2814 = DIRECTION('',(1.,-5.366800523315E-18));
#2815 = ( GEOMETRIC_REPRESENTATION_CONTEXT(2) 
PARAMETRIC_REPRESENTATION_CONTEXT() REPRESENTATION_CONTEXT('2D SPACE',''
  ) );
#2816 = ORIENTED_EDGE('',*,*,#2817,.F.);
#2817 = EDGE_CURVE('',#2754,#2789,#2818,.T.);
#2818 = SEAM_CURVE('',#2819,(#2823,#2830),.PCURVE_S1.);
#2819 = LINE('',#2820,#2821);
#2820 = CARTESIAN_POINT('',(303.17380439237,82.083216037132,
    19.139160893037));
#2821 = VECTOR('',#2822,1.);
#2822 = DIRECTION('',(-0.104019604147,0.994570972053,2.916076511733E-03)
  );
#2823 = PCURVE('',#2770,#2824);
#2824 = DEFINITIONAL_REPRESENTATION('',(#2825),#2829);
#2825 = LINE('',#2826,#2827);
#2826 = CARTESIAN_POINT('',(6.28318530718,-0.));
#2827 = VECTOR('',#2828,1.);
#2828 = DIRECTION('',(0.,1.));
#2829 = ( GEOMETRIC_REPRESENTATION_CONTEXT(2) 
PARAMETRIC_REPRESENTATION_CONTEXT() REPRESENTATION_CONTEXT('2D SPACE',''
  ) );
#2830 = PCURVE('',#2770,#2831);
#2831 = DEFINITIONAL_REPRESENTATION('',(#2832),#2836);
#2832 = LINE('',#2833,#2834);
#2833 = CARTESIAN_POINT('',(0.,-0.));
#2834 = VECTOR('',#2835,1.);
#2835 = DIRECTION('',(0.,1.));
#2836 = ( GEOMETRIC_REPRESENTATION_CONTEXT(2) 
PARAMETRIC_REPRESENTATION_CONTEXT() REPRESENTATION_CONTEXT('2D SPACE',''
  ) );
#2837 = ORIENTED_EDGE('',*,*,#2753,.T.);
#2838 = ORIENTED_EDGE('',*,*,#2817,.T.);
#2839 = ADVANCED_FACE('',(#2840,#3227),#2805,.T.);
#2840 = FACE_BOUND('',#2841,.T.);
#2841 = EDGE_LOOP('',(#2842,#2868,#2897,#2922,#3151,#3209));
#2842 = ORIENTED_EDGE('',*,*,#2843,.T.);
#2843 = EDGE_CURVE('',#2844,#2846,#2848,.T.);
#2844 = VERTEX_POINT('',#2845);
#2845 = CARTESIAN_POINT('',(301.86980850179,90.786120108176,
    20.981987598217));
#2846 = VERTEX_POINT('',#2847);
#2847 = CARTESIAN_POINT('',(303.3155143369,90.942650686904,
    19.16481265791));
#2848 = SURFACE_CURVE('',#2849,(#2854,#2861),.PCURVE_S1.);
#2849 = CIRCLE('',#2850,1.8625);
#2850 = AXIS2_PLACEMENT_3D('',#2851,#2852,#2853);
#2851 = CARTESIAN_POINT('',(301.4631180255,90.748913350456,
    19.16481265791));
#2852 = DIRECTION('',(-0.104019604147,0.994570972053,2.916076511733E-03)
  );
#2853 = DIRECTION('',(0.994575200748,0.104020046415,5.421010862428E-20)
  );
#2854 = PCURVE('',#2805,#2855);
#2855 = DEFINITIONAL_REPRESENTATION('',(#2856),#2860);
#2856 = CIRCLE('',#2857,1.8625);
#2857 = AXIS2_PLACEMENT_2D('',#2858,#2859);
#2858 = CARTESIAN_POINT('',(0.,0.));
#2859 = DIRECTION('',(1.,0.));
#2860 = ( GEOMETRIC_REPRESENTATION_CONTEXT(2) 
PARAMETRIC_REPRESENTATION_CONTEXT() REPRESENTATION_CONTEXT('2D SPACE',''
  ) );
#2861 = PCURVE('',#1028,#2862);
#2862 = DEFINITIONAL_REPRESENTATION('',(#2863),#2867);
#2863 = LINE('',#2864,#2865);
#2864 = CARTESIAN_POINT('',(0.,-12.66987173728));
#2865 = VECTOR('',#2866,1.);
#2866 = DIRECTION('',(1.,0.));
#2867 = ( GEOMETRIC_REPRESENTATION_CONTEXT(2) 
PARAMETRIC_REPRESENTATION_CONTEXT() REPRESENTATION_CONTEXT('2D SPACE',''
  ) );
#2868 = ORIENTED_EDGE('',*,*,#2869,.T.);
#2869 = EDGE_CURVE('',#2846,#2870,#2872,.T.);
#2870 = VERTEX_POINT('',#2871);
#2871 = CARTESIAN_POINT('',(301.86879740714,90.796670193371,
    17.347658351511));
#2872 = SURFACE_CURVE('',#2873,(#2878,#2885),.PCURVE_S1.);
#2873 = CIRCLE('',#2874,1.8625);
#2874 = AXIS2_PLACEMENT_3D('',#2875,#2876,#2877);
#2875 = CARTESIAN_POINT('',(301.4631180255,90.748913350456,
    19.16481265791));
#2876 = DIRECTION('',(-0.104019604147,0.994570972053,2.916076511733E-03)
  );
#2877 = DIRECTION('',(0.994575200748,0.104020046415,5.421010862428E-20)
  );
#2878 = PCURVE('',#2805,#2879);
#2879 = DEFINITIONAL_REPRESENTATION('',(#2880),#2884);
#2880 = CIRCLE('',#2881,1.8625);
#2881 = AXIS2_PLACEMENT_2D('',#2882,#2883);
#2882 = CARTESIAN_POINT('',(0.,0.));
#2883 = DIRECTION('',(1.,0.));
#2884 = ( GEOMETRIC_REPRESENTATION_CONTEXT(2) 
PARAMETRIC_REPRESENTATION_CONTEXT() REPRESENTATION_CONTEXT('2D SPACE',''
  ) );
#2885 = PCURVE('',#2886,#2891);
#2886 = CYLINDRICAL_SURFACE('',#2887,1.8625);
#2887 = AXIS2_PLACEMENT_3D('',#2888,#2889,#2890);
#2888 = CARTESIAN_POINT('',(300.1452029828,103.35,19.20175897329));
#2889 = DIRECTION('',(-0.104019604147,0.994570972053,2.916076511734E-03)
  );
#2890 = DIRECTION('',(0.994575200748,0.104020046415,5.421010862428E-20)
  );
#2891 = DEFINITIONAL_REPRESENTATION('',(#2892),#2896);
#2892 = LINE('',#2893,#2894);
#2893 = CARTESIAN_POINT('',(0.,-12.66987173728));
#2894 = VECTOR('',#2895,1.);
#2895 = DIRECTION('',(1.,0.));
#2896 = ( GEOMETRIC_REPRESENTATION_CONTEXT(2) 
PARAMETRIC_REPRESENTATION_CONTEXT() REPRESENTATION_CONTEXT('2D SPACE',''
  ) );
#2897 = ORIENTED_EDGE('',*,*,#2898,.T.);
#2898 = EDGE_CURVE('',#2870,#2899,#2901,.T.);
#2899 = VERTEX_POINT('',#2900);
#2900 = CARTESIAN_POINT('',(301.70920188554,90.778806931152,
    17.747242890297));
#2901 = SURFACE_CURVE('',#2902,(#2905,#2911),.PCURVE_S1.);
#2902 = B_SPLINE_CURVE_WITH_KNOTS('',1,(#2903,#2904),.UNSPECIFIED.,.F.,
  .F.,(2,2),(0.,1.),.PIECEWISE_BEZIER_KNOTS.);
#2903 = CARTESIAN_POINT('',(301.88690547965,90.798696999914,
    17.302320576813));
#2904 = CARTESIAN_POINT('',(301.46287466303,90.751235933402,
    18.363980431565));
#2905 = PCURVE('',#2805,#2906);
#2906 = DEFINITIONAL_REPRESENTATION('',(#2907),#2910);
#2907 = B_SPLINE_CURVE_WITH_KNOTS('',1,(#2908,#2909),.UNSPECIFIED.,.F.,
  .F.,(2,2),(0.,1.),.PIECEWISE_BEZIER_KNOTS.);
#2908 = CARTESIAN_POINT('',(0.426666989812,1.8625));
#2909 = CARTESIAN_POINT('',(-4.470893486541E-07,0.800835631306));
#2910 = ( GEOMETRIC_REPRESENTATION_CONTEXT(2) 
PARAMETRIC_REPRESENTATION_CONTEXT() REPRESENTATION_CONTEXT('2D SPACE',''
  ) );
#2911 = PCURVE('',#2912,#2917);
#2912 = B_SPLINE_SURFACE_WITH_KNOTS('',1,1,(
    (#2913,#2914)
    ,(#2915,#2916
    )),.UNSPECIFIED.,.F.,.F.,.F.,(2,2),(2,2),(0.,6.471208456066),(0.,1.)
  ,.PIECEWISE_BEZIER_KNOTS.);
#2913 = CARTESIAN_POINT('',(303.41422016666,69.,19.101044965951));
#2914 = CARTESIAN_POINT('',(290.65455588681,191.,19.45874828168));
#2915 = CARTESIAN_POINT('',(305.83837752167,69.,13.101044965951));
#2916 = CARTESIAN_POINT('',(293.07871324182,191.,13.45874828168));
#2917 = DEFINITIONAL_REPRESENTATION('',(#2918),#2921);
#2918 = B_SPLINE_CURVE_WITH_KNOTS('',1,(#2919,#2920),.UNSPECIFIED.,.F.,
  .F.,(2,2),(0.,1.),.PIECEWISE_BEZIER_KNOTS.);
#2919 = CARTESIAN_POINT('',(2.008919846159,0.178677844262));
#2920 = CARTESIAN_POINT('',(0.863732723775,0.178288819126));
#2921 = ( GEOMETRIC_REPRESENTATION_CONTEXT(2) 
PARAMETRIC_REPRESENTATION_CONTEXT() REPRESENTATION_CONTEXT('2D SPACE',''
  ) );
#2922 = ORIENTED_EDGE('',*,*,#2923,.F.);
#2923 = EDGE_CURVE('',#2924,#2899,#2926,.T.);
#2924 = VERTEX_POINT('',#2925);
#2925 = CARTESIAN_POINT('',(301.46355466611,90.74473846362,
    20.60429492998));
#2926 = SURFACE_CURVE('',#2927,(#2990,#3056),.PCURVE_S1.);
#2927 = B_SPLINE_CURVE_WITH_KNOTS('',7,(#2928,#2929,#2930,#2931,#2932,
    #2933,#2934,#2935,#2936,#2937,#2938,#2939,#2940,#2941,#2942,#2943,
    #2944,#2945,#2946,#2947,#2948,#2949,#2950,#2951,#2952,#2953,#2954,
    #2955,#2956,#2957,#2958,#2959,#2960,#2961,#2962,#2963,#2964,#2965,
    #2966,#2967,#2968,#2969,#2970,#2971,#2972,#2973,#2974,#2975,#2976,
    #2977,#2978,#2979,#2980,#2981,#2982,#2983,#2984,#2985,#2986,#2987,
    #2988,#2989),.UNSPECIFIED.,.F.,.F.,(8,6,6,6,6,6,6,6,6,6,8),(0.,
    0.228723601919,0.306774547605,0.355841171023,0.46604926296,
    0.573118056728,0.62218504352,0.701236873097,0.779212268094,
    0.935981303061,1.),.UNSPECIFIED.);
#2928 = CARTESIAN_POINT('',(301.46355466611,90.74473846362,
    20.60429492998));
#2929 = CARTESIAN_POINT('',(301.3088471317,90.728558003685,
    20.60429468197));
#2930 = CARTESIAN_POINT('',(301.15405633305,90.71242696251,
    20.584469311112));
#2931 = CARTESIAN_POINT('',(301.00232419701,90.696674037297,
    20.544787709758));
#2932 = CARTESIAN_POINT('',(300.85662307711,90.681608172915,
    20.485906733204));
#2933 = CARTESIAN_POINT('',(300.71971910964,90.667515313327,
    20.408972042957));
#2934 = CARTESIAN_POINT('',(300.59417226068,90.654658420417,
    20.31561336385));
#2935 = CARTESIAN_POINT('',(300.44397428222,90.639372630732,
    20.171333350948));
#2936 = CARTESIAN_POINT('',(300.40733278596,90.635652892306,
    20.132963275995));
#2937 = CARTESIAN_POINT('',(300.372348925,90.632111148372,
    20.093015194667));
#2938 = CARTESIAN_POINT('',(300.3391017558,90.628755408275,
    20.051577431037));
#2939 = CARTESIAN_POINT('',(300.30766429789,90.625593036432,
    20.008742927671));
#2940 = CARTESIAN_POINT('',(300.27810353382,90.622630752326,
    19.964609245621));
#2941 = CARTESIAN_POINT('',(300.23311516858,90.61814199819,
    19.890781491868));
#2942 = CARTESIAN_POINT('',(300.21651557184,90.616490830121,
    19.861811178266));
#2943 = CARTESIAN_POINT('',(300.20069668806,90.614922628234,
    19.832392898629));
#2944 = CARTESIAN_POINT('',(300.18567253272,90.613438782786,
    19.802552432772));
#2945 = CARTESIAN_POINT('',(300.17145606767,90.612040572357,
    19.772316065332));
#2946 = CARTESIAN_POINT('',(300.15805920118,90.610729163855,
    19.741710585761));
#2947 = CARTESIAN_POINT('',(300.11726748254,90.60675740509,
    19.641252847975));
#2948 = CARTESIAN_POINT('',(300.09323121355,90.604452379182,
    19.570016264288));
#2949 = CARTESIAN_POINT('',(300.07350753162,90.602602544601,
    19.497364600894));
#2950 = CARTESIAN_POINT('',(300.05819136128,90.601216894888,
    19.423616538116));
#2951 = CARTESIAN_POINT('',(300.04734887135,90.600301397458,
    19.34909711415));
#2952 = CARTESIAN_POINT('',(300.04101734548,90.599858983752,
    19.274136466246));
#2953 = CARTESIAN_POINT('',(300.03744438329,90.599919224622,
    19.126139000578));
#2954 = CARTESIAN_POINT('',(300.0399490679,90.600395317479,
    19.053105308319));
#2955 = CARTESIAN_POINT('',(300.04672637181,90.601317680283,
    18.980273611757));
#2956 = CARTESIAN_POINT('',(300.05775757288,90.602683463522,
    18.907947939016));
#2957 = CARTESIAN_POINT('',(300.0729980125,90.604487114376,
    18.83642914127));
#2958 = CARTESIAN_POINT('',(300.09237714663,90.606720385236,
    18.766013804308));
#2959 = CARTESIAN_POINT('',(300.12653206969,90.610587668719,
    18.665362701612));
#2960 = CARTESIAN_POINT('',(300.138114576,90.611890935533,
    18.634024833506));
#2961 = CARTESIAN_POINT('',(300.1505368764,90.613281094614,
    18.603007438193));
#2962 = CARTESIAN_POINT('',(300.16378865032,90.614756986106,
    18.572337955774));
#2963 = CARTESIAN_POINT('',(300.17785849605,90.616317338373,
    18.542043384053));
#2964 = CARTESIAN_POINT('',(300.19273393066,90.617960768001,
    18.512150278529));
#2965 = CARTESIAN_POINT('',(300.23364323622,90.622464946543,
    18.435212838964));
#2966 = CARTESIAN_POINT('',(300.26094116098,90.625455900702,
    18.388850249784));
#2967 = CARTESIAN_POINT('',(300.29023815582,90.628652358252,
    18.343706685619));
#2968 = CARTESIAN_POINT('',(300.32147059389,90.632047356152,
    18.299887356412));
#2969 = CARTESIAN_POINT('',(300.35456822999,90.63563325233,
    18.257492981301));
#2970 = CARTESIAN_POINT('',(300.38945420062,90.639401725689,
    18.216619788614));
#2971 = CARTESIAN_POINT('',(300.46213759654,90.647232148327,
    18.138633843212));
#2972 = CARTESIAN_POINT('',(300.49988947128,90.651289463562,
    18.101476762329));
#2973 = CARTESIAN_POINT('',(300.53922039847,90.655507070662,
    18.065976282391));
#2974 = CARTESIAN_POINT('',(300.58004506557,90.659875806113,
    18.032214564309));
#2975 = CARTESIAN_POINT('',(300.62227309715,90.664385994035,
    18.000267920734));
#2976 = CARTESIAN_POINT('',(300.66580905493,90.669027446184,
    17.970206816059));
#2977 = CARTESIAN_POINT('',(300.80050872392,90.683363464316,
    17.885578981206));
#2978 = CARTESIAN_POINT('',(300.8953571559,90.693426033828,
    17.836937187113));
#2979 = CARTESIAN_POINT('',(300.99426986891,90.70388901741,
    17.796705561461));
#2980 = CARTESIAN_POINT('',(301.0963650657,90.714658999865,
    17.765290074605));
#2981 = CARTESIAN_POINT('',(301.2007194127,90.725638561738,
    17.742980763275));
#2982 = CARTESIAN_POINT('',(301.30637565799,90.736727086236,
    17.729948259552));
#2983 = CARTESIAN_POINT('',(301.45561963747,90.752351507797,
    17.724702692594));
#2984 = CARTESIAN_POINT('',(301.49894822748,90.756883041586,
    17.724733836245));
#2985 = CARTESIAN_POINT('',(301.54226505203,90.761408787307,
    17.726319398638));
#2986 = CARTESIAN_POINT('',(301.58550420345,90.76592185571,
    17.729458062972));
#2987 = CARTESIAN_POINT('',(301.62860005528,90.770415397537,
    17.734144903441));
#2988 = CARTESIAN_POINT('',(301.67148726233,90.774882603526,
    17.740371385235));
#2989 = CARTESIAN_POINT('',(301.71410076059,90.779316704407,
    17.748125364535));
#2990 = PCURVE('',#2805,#2991);
#2991 = DEFINITIONAL_REPRESENTATION('',(#2992),#3055);
#2992 = B_SPLINE_CURVE_WITH_KNOTS('',7,(#2993,#2994,#2995,#2996,#2997,
    #2998,#2999,#3000,#3001,#3002,#3003,#3004,#3005,#3006,#3007,#3008,
    #3009,#3010,#3011,#3012,#3013,#3014,#3015,#3016,#3017,#3018,#3019,
    #3020,#3021,#3022,#3023,#3024,#3025,#3026,#3027,#3028,#3029,#3030,
    #3031,#3032,#3033,#3034,#3035,#3036,#3037,#3038,#3039,#3040,#3041,
    #3042,#3043,#3044,#3045,#3046,#3047,#3048,#3049,#3050,#3051,#3052,
    #3053,#3054),.UNSPECIFIED.,.F.,.F.,(8,6,6,6,6,6,6,6,6,6,8),(0.,
    0.228723601919,0.306774547605,0.355841171023,0.46604926296,
    0.573118056728,0.62218504352,0.701236873097,0.779212268094,
    0.935981303061,1.),.UNSPECIFIED.);
#2993 = CARTESIAN_POINT('',(0.,-1.439488392429));
#2994 = CARTESIAN_POINT('',(-0.155551369294,-1.439488144418));
#2995 = CARTESIAN_POINT('',(-0.311180410579,-1.419662689268));
#2996 = CARTESIAN_POINT('',(-0.463728050254,-1.379980919196));
#2997 = CARTESIAN_POINT('',(-0.610205922743,-1.321099692293));
#2998 = CARTESIAN_POINT('',(-0.747833153584,-1.244164674937));
#2999 = CARTESIAN_POINT('',(-0.87403631069,-1.150805598889));
#3000 = CARTESIAN_POINT('',(-1.025009523814,-1.006524972541));
#3001 = CARTESIAN_POINT('',(-1.061839174675,-0.968154734447));
#3002 = CARTESIAN_POINT('',(-1.097001667586,-0.928206483268));
#3003 = CARTESIAN_POINT('',(-1.130417541805,-0.886768543454));
#3004 = CARTESIAN_POINT('',(-1.162013407886,-0.843933857965));
#3005 = CARTESIAN_POINT('',(-1.191721947671,-0.799799988269));
#3006 = CARTESIAN_POINT('',(-1.236933180472,-0.725971920616));
#3007 = CARTESIAN_POINT('',(-1.253614482314,-0.697001483839));
#3008 = CARTESIAN_POINT('',(-1.269510676259,-0.667583079122));
#3009 = CARTESIAN_POINT('',(-1.284607678251,-0.637742486391));
#3010 = CARTESIAN_POINT('',(-1.298892463742,-0.607505990392));
#3011 = CARTESIAN_POINT('',(-1.31235306769,-0.576900380693));
#3012 = CARTESIAN_POINT('',(-1.353336641976,-0.476442215783));
#3013 = CARTESIAN_POINT('',(-1.377482287938,-0.405205329214));
#3014 = CARTESIAN_POINT('',(-1.397291392727,-0.332553356921));
#3015 = CARTESIAN_POINT('',(-1.41266861127,-0.258804980583));
#3016 = CARTESIAN_POINT('',(-1.423547512954,-0.184285239777));
#3017 = CARTESIAN_POINT('',(-1.42989071146,-0.109324273156));
#3018 = CARTESIAN_POINT('',(-1.433438024786,3.867382176405E-02));
#3019 = CARTESIAN_POINT('',(-1.430897404391,0.111707824546));
#3020 = CARTESIAN_POINT('',(-1.424060921769,0.184539830772));
#3021 = CARTESIAN_POINT('',(-1.412947493912,0.256865811026));
#3022 = CARTESIAN_POINT('',(-1.397602114775,0.328384912854));
#3023 = CARTESIAN_POINT('',(-1.378095803621,0.398800549207));
#3024 = CARTESIAN_POINT('',(-1.343723889159,0.499452079849));
#3025 = CARTESIAN_POINT('',(-1.332068649746,0.530790081196));
#3026 = CARTESIAN_POINT('',(-1.31956913342,0.561807608388));
#3027 = CARTESIAN_POINT('',(-1.306235725402,0.592477221207));
#3028 = CARTESIAN_POINT('',(-1.292079897852,0.622771921734));
#3029 = CARTESIAN_POINT('',(-1.277114209863,0.652665154357));
#3030 = CARTESIAN_POINT('',(-1.235958304212,0.729602921043));
#3031 = CARTESIAN_POINT('',(-1.208497346024,0.775965707346));
#3032 = CARTESIAN_POINT('',(-1.179026785834,0.821109463452));
#3033 = CARTESIAN_POINT('',(-1.147610629634,0.864928978968));
#3034 = CARTESIAN_POINT('',(-1.114319536473,0.907323534331));
#3035 = CARTESIAN_POINT('',(-1.079230818461,0.948196900802));
#3036 = CARTESIAN_POINT('',(-1.006127194449,1.026183177783));
#3037 = CARTESIAN_POINT('',(-0.968158073927,1.06334041665));
#3038 = CARTESIAN_POINT('',(-0.928601793434,1.098841047528));
#3039 = CARTESIAN_POINT('',(-0.887544155899,1.132602909157));
#3040 = CARTESIAN_POINT('',(-0.845076052956,1.164549688562));
#3041 = CARTESIAN_POINT('',(-0.801293464939,1.19461092105));
#3042 = CARTESIAN_POINT('',(-0.665833281335,1.279239115722));
#3043 = CARTESIAN_POINT('',(-0.570452674118,1.327881116629));
#3044 = CARTESIAN_POINT('',(-0.470988182672,1.368112913337));
#3045 = CARTESIAN_POINT('',(-0.368326537755,1.399528533764));
#3046 = CARTESIAN_POINT('',(-0.263396197603,1.421837939949));
#3047 = CARTESIAN_POINT('',(-0.157159687401,1.434870499083));
#3048 = CARTESIAN_POINT('',(-7.100073500413E-03,1.440116088344));
#3049 = CARTESIAN_POINT('',(3.646483796837E-02,1.44008494456));
#3050 = CARTESIAN_POINT('',(8.001744572024E-02,1.438499375426));
#3051 = CARTESIAN_POINT('',(0.123491483004,1.435360697748));
#3052 = CARTESIAN_POINT('',(0.166820966926,1.430673837351));
#3053 = CARTESIAN_POINT('',(0.209940198457,1.424447329084));
#3054 = CARTESIAN_POINT('',(0.252783762422,1.416693316815));
#3055 = ( GEOMETRIC_REPRESENTATION_CONTEXT(2) 
PARAMETRIC_REPRESENTATION_CONTEXT() REPRESENTATION_CONTEXT('2D SPACE',''
  ) );
#3056 = PCURVE('',#3057,#3086);
#3057 = B_SPLINE_SURFACE_WITH_KNOTS('',13,1,(
    (#3058,#3059)
    ,(#3060,#3061)
    ,(#3062,#3063)
    ,(#3064,#3065)
    ,(#3066,#3067)
    ,(#3068,#3069)
    ,(#3070,#3071)
    ,(#3072,#3073)
    ,(#3074,#3075)
    ,(#3076,#3077)
    ,(#3078,#3079)
    ,(#3080,#3081)
    ,(#3082,#3083)
    ,(#3084,#3085
    )),.UNSPECIFIED.,.T.,.F.,.F.,(14,14),(2,2),(0.,6.28318530718),(0.,1.
    ),.PIECEWISE_BEZIER_KNOTS.);
#3058 = CARTESIAN_POINT('',(303.59135821248,70.4,20.603983091432));
#3059 = CARTESIAN_POINT('',(291.08270372175,190.,20.605816287289));
#3060 = CARTESIAN_POINT('',(304.31577725692,70.399999999993,
    20.60398309143));
#3061 = CARTESIAN_POINT('',(291.63852396047,189.99999999997,
    20.605816287288));
#3062 = CARTESIAN_POINT('',(305.04019659114,70.400000000029,
    20.224676085388));
#3063 = CARTESIAN_POINT('',(292.19434442136,190.00000000013,
    20.314787893904));
#3064 = CARTESIAN_POINT('',(305.54795412984,70.399999999924,
    19.466084655182));
#3065 = CARTESIAN_POINT('',(292.58392821112,189.99999999963,
    19.732748433391));
#3066 = CARTESIAN_POINT('',(305.62241466433,70.400000000145,
    18.464216879548));
#3067 = CARTESIAN_POINT('',(292.64105905491,190.00000000072,
    18.964051930342));
#3068 = CARTESIAN_POINT('',(305.14185434545,70.399999999796,
    17.491773718957));
#3069 = CARTESIAN_POINT('',(292.27234269965,189.99999999891,
    18.217931858281));
#3070 = CARTESIAN_POINT('',(304.17507536609,70.400000000217,
    16.881330772054));
#3071 = CARTESIAN_POINT('',(291.5305685439,190.00000000127,
    17.749561310786));
#3072 = CARTESIAN_POINT('',(303.00764105896,70.399999999821,
    16.881330771919));
#3073 = CARTESIAN_POINT('',(290.63483889976,189.99999999879,
    17.749561310676));
#3074 = CARTESIAN_POINT('',(302.04086207931,70.400000000115,
    17.491773719065));
#3075 = CARTESIAN_POINT('',(289.89306474344,190.00000000091,
    18.217931858368));
#3076 = CARTESIAN_POINT('',(301.56030176083,70.399999999944,
    18.46421687948));
#3077 = CARTESIAN_POINT('',(289.52434838897,189.99999999943,
    18.964051930288));
#3078 = CARTESIAN_POINT('',(301.63476229501,70.400000000021,
    19.466084655215));
#3079 = CARTESIAN_POINT('',(289.58147923213,190.00000000027,
    19.732748433416));
#3080 = CARTESIAN_POINT('',(302.14251983387,70.399999999994,
    20.224676085376));
#3081 = CARTESIAN_POINT('',(289.97106302223,189.9999999999,
    20.314787893895));
#3082 = CARTESIAN_POINT('',(302.86693916803,70.400000000001,
    20.603983091433));
#3083 = CARTESIAN_POINT('',(290.52688348299,190.00000000002,
    20.60581628729));
#3084 = CARTESIAN_POINT('',(303.59135821248,70.4,20.603983091432));
#3085 = CARTESIAN_POINT('',(291.08270372175,190.,20.605816287289));
#3086 = DEFINITIONAL_REPRESENTATION('',(#3087),#3150);
#3087 = B_SPLINE_CURVE_WITH_KNOTS('',7,(#3088,#3089,#3090,#3091,#3092,
    #3093,#3094,#3095,#3096,#3097,#3098,#3099,#3100,#3101,#3102,#3103,
    #3104,#3105,#3106,#3107,#3108,#3109,#3110,#3111,#3112,#3113,#3114,
    #3115,#3116,#3117,#3118,#3119,#3120,#3121,#3122,#3123,#3124,#3125,
    #3126,#3127,#3128,#3129,#3130,#3131,#3132,#3133,#3134,#3135,#3136,
    #3137,#3138,#3139,#3140,#3141,#3142,#3143,#3144,#3145,#3146,#3147,
    #3148,#3149),.UNSPECIFIED.,.F.,.F.,(8,6,6,6,6,6,6,6,6,6,8),(0.,
    0.228723601919,0.306774547605,0.355841171023,0.46604926296,
    0.573118056728,0.62218504352,0.701236873097,0.779212268094,
    0.935981303061,1.),.UNSPECIFIED.);
#3088 = CARTESIAN_POINT('',(6.28318530718,0.170106508893));
#3089 = CARTESIAN_POINT('',(6.174536190802,0.169971220767));
#3090 = CARTESIAN_POINT('',(6.065841137695,0.16983634584));
#3091 = CARTESIAN_POINT('',(5.957211740762,0.169704632419));
#3092 = CARTESIAN_POINT('',(5.848632022369,0.169578663653));
#3093 = CARTESIAN_POINT('',(5.740082475167,0.169460830379));
#3094 = CARTESIAN_POINT('',(5.631543517198,0.169353331274));
#3095 = CARTESIAN_POINT('',(5.486109577358,0.169225523668));
#3096 = CARTESIAN_POINT('',(5.449113652109,0.169194422176));
#3097 = CARTESIAN_POINT('',(5.412123745786,0.169164808933));
#3098 = CARTESIAN_POINT('',(5.375139783191,0.169136750905));
#3099 = CARTESIAN_POINT('',(5.338161619972,0.169110309669));
#3100 = CARTESIAN_POINT('',(5.301189042625,0.169085541407));
#3101 = CARTESIAN_POINT('',(5.240982340666,0.169048010018));
#3102 = CARTESIAN_POINT('',(5.217744968752,0.169034204265));
#3103 = CARTESIAN_POINT('',(5.194509574523,0.169021092209));
#3104 = CARTESIAN_POINT('',(5.171276070737,0.169008685475));
#3105 = CARTESIAN_POINT('',(5.148044361124,0.168996994752));
#3106 = CARTESIAN_POINT('',(5.124814340393,0.168986029798));
#3107 = CARTESIAN_POINT('',(5.049412694769,0.168952821113));
#3108 = CARTESIAN_POINT('',(4.997246308764,0.168933548321));
#3109 = CARTESIAN_POINT('',(4.945087325925,0.168918081477));
#3110 = CARTESIAN_POINT('',(4.892933912489,0.168906495777));
#3111 = CARTESIAN_POINT('',(4.840783361378,0.168898841116));
#3112 = CARTESIAN_POINT('',(4.788633642362,0.168895142005));
#3113 = CARTESIAN_POINT('',(4.685821727282,0.168895645691));
#3114 = CARTESIAN_POINT('',(4.635157440126,0.1688996264));
#3115 = CARTESIAN_POINT('',(4.584492176225,0.168907338464));
#3116 = CARTESIAN_POINT('',(4.533824092354,0.168918758056));
#3117 = CARTESIAN_POINT('',(4.483150761696,0.168933838749));
#3118 = CARTESIAN_POINT('',(4.432470518944,0.168952511582));
#3119 = CARTESIAN_POINT('',(4.358555335046,0.168984846728));
#3120 = CARTESIAN_POINT('',(4.335325299137,0.168995743608));
#3121 = CARTESIAN_POINT('',(4.312093582837,0.169007367012));
#3122 = CARTESIAN_POINT('',(4.28886008029,0.169019707242));
#3123 = CARTESIAN_POINT('',(4.26562469463,0.169032753665));
#3124 = CARTESIAN_POINT('',(4.242387337985,0.169046494716));
#3125 = CARTESIAN_POINT('',(4.181706920258,0.169084155071));
#3126 = CARTESIAN_POINT('',(4.14426048116,0.169109163049));
#3127 = CARTESIAN_POINT('',(4.106808318907,0.169135889283));
#3128 = CARTESIAN_POINT('',(4.069350210814,0.169164275553));
#3129 = CARTESIAN_POINT('',(4.031886006791,0.169194257963));
#3130 = CARTESIAN_POINT('',(3.994415629341,0.169225766937));
#3131 = CARTESIAN_POINT('',(3.919972829307,0.169291238698));
#3132 = CARTESIAN_POINT('',(3.88300041715,0.169325162739));
#3133 = CARTESIAN_POINT('',(3.846021865943,0.169360427012));
#3134 = CARTESIAN_POINT('',(3.809037275042,0.169396954901));
#3135 = CARTESIAN_POINT('',(3.772046814292,0.169434665502));
#3136 = CARTESIAN_POINT('',(3.735050724035,0.16947347363));
#3137 = CARTESIAN_POINT('',(3.623658218133,0.169593340003));
#3138 = CARTESIAN_POINT('',(3.549236962885,0.169677475199));
#3139 = CARTESIAN_POINT('',(3.474802237586,0.16976495834));
#3140 = CARTESIAN_POINT('',(3.400355572877,0.16985500836));
#3141 = CARTESIAN_POINT('',(3.325893651304,0.169946810717));
#3142 = CARTESIAN_POINT('',(3.251418947405,0.170039524132));
#3143 = CARTESIAN_POINT('',(3.146540609687,0.170170163109));
#3144 = CARTESIAN_POINT('',(3.116130212299,0.170208052187));
#3145 = CARTESIAN_POINT('',(3.085719862191,0.17024589287));
#3146 = CARTESIAN_POINT('',(3.055309909085,0.170283627556));
#3147 = CARTESIAN_POINT('',(3.024900696486,0.170321198976));
#3148 = CARTESIAN_POINT('',(2.994492561684,0.170358550197));
#3149 = CARTESIAN_POINT('',(2.964085835752,0.170395624619));
#3150 = ( GEOMETRIC_REPRESENTATION_CONTEXT(2) 
PARAMETRIC_REPRESENTATION_CONTEXT() REPRESENTATION_CONTEXT('2D SPACE',''
  ) );
#3151 = ORIENTED_EDGE('',*,*,#3152,.F.);
#3152 = EDGE_CURVE('',#3153,#2924,#3155,.T.);
#3153 = VERTEX_POINT('',#3154);
#3154 = CARTESIAN_POINT('',(301.71007100477,90.77058470698,
    20.582556330188));
#3155 = SURFACE_CURVE('',#3156,(#3162,#3171),.PCURVE_S1.);
#3156 = B_SPLINE_CURVE_WITH_KNOTS('',4,(#3157,#3158,#3159,#3160,#3161),
  .UNSPECIFIED.,.F.,.F.,(5,5),(0.,1.),.PIECEWISE_BEZIER_KNOTS.);
#3157 = CARTESIAN_POINT('',(301.71496933222,90.771099589065,
    20.581676828995));
#3158 = CARTESIAN_POINT('',(301.65278484752,90.764562805759,
    20.592955491969));
#3159 = CARTESIAN_POINT('',(301.58993342305,90.757967172841,
    20.600515221207));
#3160 = CARTESIAN_POINT('',(301.52674485729,90.75134736189,
    20.604295031279));
#3161 = CARTESIAN_POINT('',(301.46355466611,90.74473846362,
    20.60429492998));
#3162 = PCURVE('',#2805,#3163);
#3163 = DEFINITIONAL_REPRESENTATION('',(#3164),#3170);
#3164 = B_SPLINE_CURVE_WITH_KNOTS('',4,(#3165,#3166,#3167,#3168,#3169),
  .UNSPECIFIED.,.F.,.F.,(5,5),(0.,1.),.PIECEWISE_BEZIER_KNOTS.);
#3165 = CARTESIAN_POINT('',(0.252792877508,-1.416870195277));
#3166 = CARTESIAN_POINT('',(0.190265774652,-1.428148906206));
#3167 = CARTESIAN_POINT('',(0.127069228497,-1.435708667586));
#3168 = CARTESIAN_POINT('',(6.353485498394E-02,-1.439488493729));
#3169 = CARTESIAN_POINT('',(5.684341886081E-14,-1.439488392429));
#3170 = ( GEOMETRIC_REPRESENTATION_CONTEXT(2) 
PARAMETRIC_REPRESENTATION_CONTEXT() REPRESENTATION_CONTEXT('2D SPACE',''
  ) );
#3171 = PCURVE('',#3172,#3201);
#3172 = B_SPLINE_SURFACE_WITH_KNOTS('',13,1,(
    (#3173,#3174)
    ,(#3175,#3176)
    ,(#3177,#3178)
    ,(#3179,#3180)
    ,(#3181,#3182)
    ,(#3183,#3184)
    ,(#3185,#3186)
    ,(#3187,#3188)
    ,(#3189,#3190)
    ,(#3191,#3192)
    ,(#3193,#3194)
    ,(#3195,#3196)
    ,(#3197,#3198)
    ,(#3199,#3200
    )),.UNSPECIFIED.,.T.,.F.,.F.,(14,14),(2,2),(0.,6.28318530718),(0.,1.
    ),.PIECEWISE_BEZIER_KNOTS.);
#3173 = CARTESIAN_POINT('',(303.59135821248,70.4,20.603983091432));
#3174 = CARTESIAN_POINT('',(291.08270372175,190.,20.605816287289));
#3175 = CARTESIAN_POINT('',(304.31577725692,70.399999999993,
    20.60398309143));
#3176 = CARTESIAN_POINT('',(291.63852396047,189.99999999997,
    20.605816287288));
#3177 = CARTESIAN_POINT('',(305.04019659114,70.400000000029,
    20.224676085388));
#3178 = CARTESIAN_POINT('',(292.19434442136,190.00000000013,
    20.314787893904));
#3179 = CARTESIAN_POINT('',(305.54795412984,70.399999999924,
    19.466084655182));
#3180 = CARTESIAN_POINT('',(292.58392821112,189.99999999963,
    19.732748433391));
#3181 = CARTESIAN_POINT('',(305.62241466433,70.400000000145,
    18.464216879548));
#3182 = CARTESIAN_POINT('',(292.64105905491,190.00000000072,
    18.964051930342));
#3183 = CARTESIAN_POINT('',(305.14185434545,70.399999999796,
    17.491773718957));
#3184 = CARTESIAN_POINT('',(292.27234269965,189.99999999891,
    18.217931858281));
#3185 = CARTESIAN_POINT('',(304.17507536609,70.400000000217,
    16.881330772054));
#3186 = CARTESIAN_POINT('',(291.5305685439,190.00000000127,
    17.749561310786));
#3187 = CARTESIAN_POINT('',(303.00764105896,70.399999999821,
    16.881330771919));
#3188 = CARTESIAN_POINT('',(290.63483889976,189.99999999879,
    17.749561310676));
#3189 = CARTESIAN_POINT('',(302.04086207931,70.400000000115,
    17.491773719065));
#3190 = CARTESIAN_POINT('',(289.89306474344,190.00000000091,
    18.217931858368));
#3191 = CARTESIAN_POINT('',(301.56030176083,70.399999999944,
    18.46421687948));
#3192 = CARTESIAN_POINT('',(289.52434838897,189.99999999943,
    18.964051930288));
#3193 = CARTESIAN_POINT('',(301.63476229501,70.400000000021,
    19.466084655215));
#3194 = CARTESIAN_POINT('',(289.58147923213,190.00000000027,
    19.732748433416));
#3195 = CARTESIAN_POINT('',(302.14251983387,70.399999999994,
    20.224676085376));
#3196 = CARTESIAN_POINT('',(289.97106302223,189.9999999999,
    20.314787893895));
#3197 = CARTESIAN_POINT('',(302.86693916803,70.400000000001,
    20.603983091433));
#3198 = CARTESIAN_POINT('',(290.52688348299,190.00000000002,
    20.60581628729));
#3199 = CARTESIAN_POINT('',(303.59135821248,70.4,20.603983091432));
#3200 = CARTESIAN_POINT('',(291.08270372175,190.,20.605816287289));
#3201 = DEFINITIONAL_REPRESENTATION('',(#3202),#3208);
#3202 = B_SPLINE_CURVE_WITH_KNOTS('',4,(#3203,#3204,#3205,#3206,#3207),
  .UNSPECIFIED.,.F.,.F.,(5,5),(0.,1.),.PIECEWISE_BEZIER_KNOTS.);
#3203 = CARTESIAN_POINT('',(0.177510295794,0.170326919641));
#3204 = CARTESIAN_POINT('',(0.13313455197,0.170272264262));
#3205 = CARTESIAN_POINT('',(8.875643640757E-02,0.17021711683));
#3206 = CARTESIAN_POINT('',(4.437766047753E-02,0.17016176724));
#3207 = CARTESIAN_POINT('',(0.,0.170106508893));
#3208 = ( GEOMETRIC_REPRESENTATION_CONTEXT(2) 
PARAMETRIC_REPRESENTATION_CONTEXT() REPRESENTATION_CONTEXT('2D SPACE',''
  ) );
#3209 = ORIENTED_EDGE('',*,*,#3210,.T.);
#3210 = EDGE_CURVE('',#3153,#2844,#3211,.T.);
#3211 = SURFACE_CURVE('',#3212,(#3215,#3221),.PCURVE_S1.);
#3212 = B_SPLINE_CURVE_WITH_KNOTS('',1,(#3213,#3214),.UNSPECIFIED.,.F.,
  .F.,(2,2),(0.,1.),.PIECEWISE_BEZIER_KNOTS.);
#3213 = CARTESIAN_POINT('',(301.46336049864,90.746590674499,
    19.965644883983));
#3214 = CARTESIAN_POINT('',(301.88793138605,90.787882664139,
    21.027304739007));
#3215 = PCURVE('',#2805,#3216);
#3216 = DEFINITIONAL_REPRESENTATION('',(#3217),#3220);
#3217 = B_SPLINE_CURVE_WITH_KNOTS('',1,(#3218,#3219),.UNSPECIFIED.,.F.,
  .F.,(2,2),(0.,1.),.PIECEWISE_BEZIER_KNOTS.);
#3218 = CARTESIAN_POINT('',(-4.470892918107E-07,-0.800835631034));
#3219 = CARTESIAN_POINT('',(0.426562423166,-1.8625));
#3220 = ( GEOMETRIC_REPRESENTATION_CONTEXT(2) 
PARAMETRIC_REPRESENTATION_CONTEXT() REPRESENTATION_CONTEXT('2D SPACE',''
  ) );
#3221 = PCURVE('',#949,#3222);
#3222 = DEFINITIONAL_REPRESENTATION('',(#3223),#3226);
#3223 = B_SPLINE_CURVE_WITH_KNOTS('',1,(#3224,#3225),.UNSPECIFIED.,.F.,
  .F.,(2,2),(0.,1.),.PIECEWISE_BEZIER_KNOTS.);
#3224 = CARTESIAN_POINT('',(5.60747573229,0.178250743234));
#3225 = CARTESIAN_POINT('',(4.462569269658,0.178589202165));
#3226 = ( GEOMETRIC_REPRESENTATION_CONTEXT(2) 
PARAMETRIC_REPRESENTATION_CONTEXT() REPRESENTATION_CONTEXT('2D SPACE',''
  ) );
#3227 = FACE_BOUND('',#3228,.T.);
#3228 = EDGE_LOOP('',(#3229));
#3229 = ORIENTED_EDGE('',*,*,#2788,.F.);
#3230 = ADVANCED_FACE('',(#3231),#3057,.T.);
#3231 = FACE_BOUND('',#3232,.T.);
#3232 = EDGE_LOOP('',(#3233,#3435,#3455,#3456));
#3233 = ORIENTED_EDGE('',*,*,#3234,.F.);
#3234 = EDGE_CURVE('',#3235,#3237,#3239,.T.);
#3235 = VERTEX_POINT('',#3236);
#3236 = CARTESIAN_POINT('',(302.32434354239,82.514408840357,
    20.604168777754));
#3237 = VERTEX_POINT('',#3238);
#3238 = CARTESIAN_POINT('',(302.57906690763,82.549563621603,
    17.700369339523));
#3239 = SURFACE_CURVE('',#3240,(#3303,#3369),.PCURVE_S1.);
#3240 = B_SPLINE_CURVE_WITH_KNOTS('',7,(#3241,#3242,#3243,#3244,#3245,
    #3246,#3247,#3248,#3249,#3250,#3251,#3252,#3253,#3254,#3255,#3256,
    #3257,#3258,#3259,#3260,#3261,#3262,#3263,#3264,#3265,#3266,#3267,
    #3268,#3269,#3270,#3271,#3272,#3273,#3274,#3275,#3276,#3277,#3278,
    #3279,#3280,#3281,#3282,#3283,#3284,#3285,#3286,#3287,#3288,#3289,
    #3290,#3291,#3292,#3293,#3294,#3295,#3296,#3297,#3298,#3299,#3300,
    #3301,#3302),.UNSPECIFIED.,.F.,.F.,(8,6,6,6,6,6,6,6,6,6,8),(0.,
    0.227721890696,0.30677407696,0.355841746812,0.465050514657,
    0.572613340268,0.621680957714,0.700733035367,0.778707744773,
    0.934475806487,1.),.UNSPECIFIED.);
#3241 = CARTESIAN_POINT('',(302.32434354239,82.514408840357,
    20.604168777754));
#3242 = CARTESIAN_POINT('',(302.16750866356,82.498005886986,
    20.604168526334));
#3243 = CARTESIAN_POINT('',(302.01058954189,82.481652879772,
    20.584128366712));
#3244 = CARTESIAN_POINT('',(301.85675396756,82.465681221644,
    20.544016938058));
#3245 = CARTESIAN_POINT('',(301.70899774844,82.450402299387,
    20.484494884624));
#3246 = CARTESIAN_POINT('',(301.57010980587,82.436104422185,
    20.406713942063));
#3247 = CARTESIAN_POINT('',(301.4426725721,82.423052876609,
    20.312312358457));
#3248 = CARTESIAN_POINT('',(301.2894239351,82.407454729696,
    20.165746101718));
#3249 = CARTESIAN_POINT('',(301.25157474784,82.40361202506,
    20.126235824515));
#3250 = CARTESIAN_POINT('',(301.21545728804,82.399955284407,
    20.085072375775));
#3251 = CARTESIAN_POINT('',(301.1811555449,82.396493017456,
    20.042349376245));
#3252 = CARTESIAN_POINT('',(301.1487470108,82.393233039864,19.9981654171
    ));
#3253 = CARTESIAN_POINT('',(301.11830268126,82.390182473227,
    19.952624059948));
#3254 = CARTESIAN_POINT('',(301.07224948365,82.385588230111,
    19.876791158444));
#3255 = CARTESIAN_POINT('',(301.05539339097,82.383911859278,
    19.847267132356));
#3256 = CARTESIAN_POINT('',(301.03933412404,82.382320161947,
    19.817287593979));
#3257 = CARTESIAN_POINT('',(301.02408595177,82.38081455321,
    19.786878892857));
#3258 = CARTESIAN_POINT('',(301.0096620648,82.37939633388,
    19.756067892656));
#3259 = CARTESIAN_POINT('',(300.99607457558,82.378066690491,
    19.724881971165));
#3260 = CARTESIAN_POINT('',(300.95497926997,82.374066866941,
    19.623166867329));
#3261 = CARTESIAN_POINT('',(300.93082136187,82.37175107273,
    19.551263974089));
#3262 = CARTESIAN_POINT('',(300.91098298864,82.369891185918,
    19.477949609569));
#3263 = CARTESIAN_POINT('',(300.89555811204,82.36849610512,
    19.403540487984));
#3264 = CARTESIAN_POINT('',(300.8846123408,82.367571745289,
    19.328359560538));
#3265 = CARTESIAN_POINT('',(300.8781828104,82.367121028696,
    19.252734807189));
#3266 = CARTESIAN_POINT('',(300.87440202281,82.367166378748,
    19.102402718107));
#3267 = CARTESIAN_POINT('',(300.87691531977,82.367648278439,
    19.027695731738));
#3268 = CARTESIAN_POINT('',(300.88382578372,82.368589464553,
    18.953194029434));
#3269 = CARTESIAN_POINT('',(300.89511418628,82.369987003146,
    18.879212379675));
#3270 = CARTESIAN_POINT('',(300.91073429042,82.37183514522,
    18.80606223796));
#3271 = CARTESIAN_POINT('',(300.93061290007,82.374125335204,
    18.734050625458));
#3272 = CARTESIAN_POINT('',(300.96561502523,82.37808742248,
    18.631285904477));
#3273 = CARTESIAN_POINT('',(300.97744557562,82.379418261504,
    18.599392127811));
#3274 = CARTESIAN_POINT('',(300.9901320966,82.380837663199,
    18.567826140623));
#3275 = CARTESIAN_POINT('',(301.00366401857,82.382344439995,
    18.536615952555));
#3276 = CARTESIAN_POINT('',(301.01802966671,82.383937290058,
    18.505789119943));
#3277 = CARTESIAN_POINT('',(301.033216261,82.385614797292,
    18.475372745813));
#3278 = CARTESIAN_POINT('',(301.07497704607,82.390211961551,
    18.397094349383));
#3279 = CARTESIAN_POINT('',(301.1028392499,82.39326428518,
    18.349929240282));
#3280 = CARTESIAN_POINT('',(301.13273817032,82.396525970534,
    18.304010106836));
#3281 = CARTESIAN_POINT('',(301.16460868633,82.399989892017,
    18.259444301998));
#3282 = CARTESIAN_POINT('',(301.19837891326,82.403648230129,
    18.216334577424));
#3283 = CARTESIAN_POINT('',(301.23397020276,82.407492471468,
    18.17477908347));
#3284 = CARTESIAN_POINT('',(301.30811536936,82.415479546283,
    18.095507540738));
#3285 = CARTESIAN_POINT('',(301.34662283891,82.419617659016,
    18.05774616416));
#3286 = CARTESIAN_POINT('',(301.38673744825,82.423918896829,
    18.021676984144));
#3287 = CARTESIAN_POINT('',(301.42837192479,82.428373886543,
    17.98738375416));
#3288 = CARTESIAN_POINT('',(301.47143382656,82.432972731894,
    17.954944236458));
#3289 = CARTESIAN_POINT('',(301.5158255422,82.437705013531,
    17.924430202072));
#3290 = CARTESIAN_POINT('',(301.6525756865,82.45225804854,
    17.838928227865));
#3291 = CARTESIAN_POINT('',(301.74861550542,82.462446390484,
    17.789887949476));
#3292 = CARTESIAN_POINT('',(301.8487331835,82.47303638157,
    17.749320945813));
#3293 = CARTESIAN_POINT('',(301.95204472884,82.483934378685,
    17.717632636616));
#3294 = CARTESIAN_POINT('',(302.05762491417,82.495042765098,
    17.695112792239));
#3295 = CARTESIAN_POINT('',(302.16451468931,82.506260735685,
    17.681932132342));
#3296 = CARTESIAN_POINT('',(302.31682157845,82.522205988574,
    17.676519603175));
#3297 = CARTESIAN_POINT('',(302.36197813768,82.526928633716,
    17.67657503591));
#3298 = CARTESIAN_POINT('',(302.40712098772,82.53164497615,
    17.678291078797));
#3299 = CARTESIAN_POINT('',(302.45217795045,82.536347471389,
    17.68166621874));
#3300 = CARTESIAN_POINT('',(302.49707717328,82.541028620872,
    17.686694891179));
#3301 = CARTESIAN_POINT('',(302.54174712917,82.545680971965,
    17.693367480086));
#3302 = CARTESIAN_POINT('',(302.58611661656,82.550297117955,
    17.701670317967));
#3303 = PCURVE('',#3057,#3304);
#3304 = DEFINITIONAL_REPRESENTATION('',(#3305),#3368);
#3305 = B_SPLINE_CURVE_WITH_KNOTS('',7,(#3306,#3307,#3308,#3309,#3310,
    #3311,#3312,#3313,#3314,#3315,#3316,#3317,#3318,#3319,#3320,#3321,
    #3322,#3323,#3324,#3325,#3326,#3327,#3328,#3329,#3330,#3331,#3332,
    #3333,#3334,#3335,#3336,#3337,#3338,#3339,#3340,#3341,#3342,#3343,
    #3344,#3345,#3346,#3347,#3348,#3349,#3350,#3351,#3352,#3353,#3354,
    #3355,#3356,#3357,#3358,#3359,#3360,#3361,#3362,#3363,#3364,#3365,
    #3366,#3367),.UNSPECIFIED.,.F.,.F.,(8,6,6,6,6,6,6,6,6,6,8),(0.,
    0.227721890696,0.30677407696,0.355841746812,0.465050514657,
    0.572613340268,0.621680957714,0.700733035367,0.778707744773,
    0.934475806487,1.),.UNSPECIFIED.);
#3306 = CARTESIAN_POINT('',(6.28318530718,0.101291043816));
#3307 = CARTESIAN_POINT('',(6.174848812356,0.101153895376));
#3308 = CARTESIAN_POINT('',(6.066466591413,0.101017164547));
#3309 = CARTESIAN_POINT('',(5.958149944921,0.100883622255));
#3310 = CARTESIAN_POINT('',(5.84988296989,0.100755872068));
#3311 = CARTESIAN_POINT('',(5.74164639839,0.1006363246));
#3312 = CARTESIAN_POINT('',(5.633420752389,0.100527197965));
#3313 = CARTESIAN_POINT('',(5.487769490555,0.100396778676));
#3314 = CARTESIAN_POINT('',(5.450243082876,0.100364649039));
#3315 = CARTESIAN_POINT('',(5.412722935614,0.100334074284));
#3316 = CARTESIAN_POINT('',(5.37520897155,0.100305125564));
#3317 = CARTESIAN_POINT('',(5.337701039734,0.100277868226));
#3318 = CARTESIAN_POINT('',(5.300198915481,0.100252361816));
#3319 = CARTESIAN_POINT('',(5.239428161887,0.100213948412));
#3320 = CARTESIAN_POINT('',(5.216156103799,0.100199931934));
#3321 = CARTESIAN_POINT('',(5.192886046274,0.100186623428));
#3322 = CARTESIAN_POINT('',(5.169617900338,0.100174034726));
#3323 = CARTESIAN_POINT('',(5.146351567869,0.100162176705));
#3324 = CARTESIAN_POINT('',(5.123086941606,0.100151059285));
#3325 = CARTESIAN_POINT('',(5.048047907705,0.100117615944));
#3326 = CARTESIAN_POINT('',(4.996278686119,0.100098253116));
#3327 = CARTESIAN_POINT('',(4.944516788598,0.100082702223));
#3328 = CARTESIAN_POINT('',(4.892760407142,0.100071037668));
#3329 = CARTESIAN_POINT('',(4.841006884257,0.100063308907));
#3330 = CARTESIAN_POINT('',(4.789254219696,0.100059540374));
#3331 = CARTESIAN_POINT('',(4.686530910635,0.100059919555));
#3332 = CARTESIAN_POINT('',(4.635558163396,0.100063948816));
#3333 = CARTESIAN_POINT('',(4.584584441958,0.100071818265));
#3334 = CARTESIAN_POINT('',(4.533607846429,0.100083503371));
#3335 = CARTESIAN_POINT('',(4.482625869257,0.100098956064));
#3336 = CARTESIAN_POINT('',(4.43163679397,0.100118104809));
#3337 = CARTESIAN_POINT('',(4.357378061459,0.100151232629));
#3338 = CARTESIAN_POINT('',(4.334113437788,0.100162360046));
#3339 = CARTESIAN_POINT('',(4.310847106535,0.100174227953));
#3340 = CARTESIAN_POINT('',(4.287578960497,0.100186826421));
#3341 = CARTESIAN_POINT('',(4.264308901629,0.100200144566));
#3342 = CARTESIAN_POINT('',(4.241036841044,0.100214170546));
#3343 = CARTESIAN_POINT('',(4.180266089651,0.100252608374));
#3344 = CARTESIAN_POINT('',(4.14276396839,0.100278129475));
#3345 = CARTESIAN_POINT('',(4.105256037281,0.100305401091));
#3346 = CARTESIAN_POINT('',(4.067742072164,0.100334363646));
#3347 = CARTESIAN_POINT('',(4.030221922662,0.100364951757));
#3348 = CARTESIAN_POINT('',(3.992695512182,0.100397094243));
#3349 = CARTESIAN_POINT('',(3.918141681024,0.100463875805));
#3350 = CARTESIAN_POINT('',(3.881114270269,0.10049847541));
#3351 = CARTESIAN_POINT('',(3.844080637467,0.100534438937));
#3352 = CARTESIAN_POINT('',(3.807040885965,0.100571688015));
#3353 = CARTESIAN_POINT('',(3.769995190641,0.100610139899));
#3354 = CARTESIAN_POINT('',(3.732943797904,0.100649707471));
#3355 = CARTESIAN_POINT('',(3.621859669588,0.100771388366));
#3356 = CARTESIAN_POINT('',(3.547802293831,0.100856575171));
#3357 = CARTESIAN_POINT('',(3.473731407588,0.100945120247));
#3358 = CARTESIAN_POINT('',(3.399648564348,0.101036240624));
#3359 = CARTESIAN_POINT('',(3.325550534198,0.10112912011));
#3360 = CARTESIAN_POINT('',(3.251439803352,0.10122291585));
#3361 = CARTESIAN_POINT('',(3.146163213568,0.101356237363));
#3362 = CARTESIAN_POINT('',(3.114990692584,0.101395724362));
#3363 = CARTESIAN_POINT('',(3.083818226203,0.101435158663));
#3364 = CARTESIAN_POINT('',(3.052646195712,0.101474477186));
#3365 = CARTESIAN_POINT('',(3.021474975456,0.101513617231));
#3366 = CARTESIAN_POINT('',(2.990304932838,0.101552516488));
#3367 = CARTESIAN_POINT('',(2.959136428321,0.101591113026));
#3368 = ( GEOMETRIC_REPRESENTATION_CONTEXT(2) 
PARAMETRIC_REPRESENTATION_CONTEXT() REPRESENTATION_CONTEXT('2D SPACE',''
  ) );
#3369 = PCURVE('',#870,#3370);
#3370 = DEFINITIONAL_REPRESENTATION('',(#3371),#3434);
#3371 = B_SPLINE_CURVE_WITH_KNOTS('',7,(#3372,#3373,#3374,#3375,#3376,
    #3377,#3378,#3379,#3380,#3381,#3382,#3383,#3384,#3385,#3386,#3387,
    #3388,#3389,#3390,#3391,#3392,#3393,#3394,#3395,#3396,#3397,#3398,
    #3399,#3400,#3401,#3402,#3403,#3404,#3405,#3406,#3407,#3408,#3409,
    #3410,#3411,#3412,#3413,#3414,#3415,#3416,#3417,#3418,#3419,#3420,
    #3421,#3422,#3423,#3424,#3425,#3426,#3427,#3428,#3429,#3430,#3431,
    #3432,#3433),.UNSPECIFIED.,.F.,.F.,(8,6,6,6,6,6,6,6,6,6,8),(0.,
    0.227721890696,0.30677407696,0.355841746812,0.465050514657,
    0.572613340268,0.621680957714,0.700733035367,0.778707744773,
    0.934475806487,1.),.UNSPECIFIED.);
#3372 = CARTESIAN_POINT('',(-5.684341886081E-14,-1.463493418433));
#3373 = CARTESIAN_POINT('',(-0.157690317063,-1.463493167012));
#3374 = CARTESIAN_POINT('',(-0.31545922457,-1.443452922183));
#3375 = CARTESIAN_POINT('',(-0.470121644409,-1.403341322985));
#3376 = CARTESIAN_POINT('',(-0.618665629902,-1.343819016475));
#3377 = CARTESIAN_POINT('',(-0.758287399115,-1.266037743208));
#3378 = CARTESIAN_POINT('',(-0.886390933857,-1.171635758227));
#3379 = CARTESIAN_POINT('',(-1.040430747729,-1.025068878321));
#3380 = CARTESIAN_POINT('',(-1.07847432906,-0.985558433129));
#3381 = CARTESIAN_POINT('',(-1.114776233229,-0.944394809371));
#3382 = CARTESIAN_POINT('',(-1.149252041463,-0.901671628192));
#3383 = CARTESIAN_POINT('',(-1.18182386879,-0.857487481187));
#3384 = CARTESIAN_POINT('',(-1.212420364039,-0.811945930403));
#3385 = CARTESIAN_POINT('',(-1.258701625678,-0.736112706474));
#3386 = CARTESIAN_POINT('',(-1.275640653613,-0.706588554857));
#3387 = CARTESIAN_POINT('',(-1.291778370673,-0.676608889013));
#3388 = CARTESIAN_POINT('',(-1.307100438166,-0.6462000586));
#3389 = CARTESIAN_POINT('',(-1.321593601676,-0.615388927398));
#3390 = CARTESIAN_POINT('',(-1.335245691069,-0.584202873311));
#3391 = CARTESIAN_POINT('',(-1.376534124728,-0.482487337005));
#3392 = CARTESIAN_POINT('',(-1.40080187004,-0.41058413805));
#3393 = CARTESIAN_POINT('',(-1.420726089597,-0.337269461814));
#3394 = CARTESIAN_POINT('',(-1.436212405706,-0.262860023858));
#3395 = CARTESIAN_POINT('',(-1.447194950287,-0.187678776759));
#3396 = CARTESIAN_POINT('',(-1.453636485338,-0.11205370187));
#3397 = CARTESIAN_POINT('',(-1.457392045598,3.827902639006E-02));
#3398 = CARTESIAN_POINT('',(-1.454842255536,0.112986330397));
#3399 = CARTESIAN_POINT('',(-1.447871377244,0.187488349466));
#3400 = CARTESIAN_POINT('',(-1.43649883997,0.261470313778));
#3401 = CARTESIAN_POINT('',(-1.42077122794,0.334620766511));
#3402 = CARTESIAN_POINT('',(-1.400762230087,0.406632685191));
#3403 = CARTESIAN_POINT('',(-1.365537847926,0.509397843104));
#3404 = CARTESIAN_POINT('',(-1.353633041958,0.541291755376));
#3405 = CARTESIAN_POINT('',(-1.340867696579,0.572857876776));
#3406 = CARTESIAN_POINT('',(-1.32725244758,0.604068197543));
#3407 = CARTESIAN_POINT('',(-1.312799041856,0.634895161223));
#3408 = CARTESIAN_POINT('',(-1.297520337412,0.665311664676));
#3409 = CARTESIAN_POINT('',(-1.255507898976,0.74359039393));
#3410 = CARTESIAN_POINT('',(-1.227479339171,0.790755703566));
#3411 = CARTESIAN_POINT('',(-1.19740333373,0.83667503225));
#3412 = CARTESIAN_POINT('',(-1.165345391595,0.881241026572));
#3413 = CARTESIAN_POINT('',(-1.131377820867,0.924350934439));
#3414 = CARTESIAN_POINT('',(-1.095579728805,0.965906605077));
#3415 = CARTESIAN_POINT('',(-1.021005968955,1.045178484855));
#3416 = CARTESIAN_POINT('',(-0.982276948016,1.082940021986));
#3417 = CARTESIAN_POINT('',(-0.94193253742,1.119009355359));
#3418 = CARTESIAN_POINT('',(-0.900060511322,1.153302731151));
#3419 = CARTESIAN_POINT('',(-0.856753839623,1.185742386779));
#3420 = CARTESIAN_POINT('',(-0.812110687965,1.216256550904));
#3421 = CARTESIAN_POINT('',(-0.674588578378,1.301758888646));
#3422 = CARTESIAN_POINT('',(-0.578009964393,1.350799375543));
#3423 = CARTESIAN_POINT('',(-0.477333833247,1.391366551688));
#3424 = CARTESIAN_POINT('',(-0.373449122143,1.423054995617));
#3425 = CARTESIAN_POINT('',(-0.267286193253,1.445574935743));
#3426 = CARTESIAN_POINT('',(-0.159809379855,1.458755651682));
#3427 = CARTESIAN_POINT('',(-6.670099071937E-03,1.464168203862));
#3428 = CARTESIAN_POINT('',(3.87327446593E-02,1.464112770891));
#3429 = CARTESIAN_POINT('',(8.41212979548E-02,1.462396720708));
#3430 = CARTESIAN_POINT('',(0.129422989478,1.459021566414));
#3431 = CARTESIAN_POINT('',(0.17456557643,1.453992872594));
#3432 = CARTESIAN_POINT('',(0.219477144547,1.447320255317));
#3433 = CARTESIAN_POINT('',(0.264086108103,1.439017382134));
#3434 = ( GEOMETRIC_REPRESENTATION_CONTEXT(2) 
PARAMETRIC_REPRESENTATION_CONTEXT() REPRESENTATION_CONTEXT('2D SPACE',''
  ) );
#3435 = ORIENTED_EDGE('',*,*,#3436,.T.);
#3436 = EDGE_CURVE('',#3235,#2924,#3437,.T.);
#3437 = SURFACE_CURVE('',#3438,(#3441,#3448),.PCURVE_S1.);
#3438 = B_SPLINE_CURVE_WITH_KNOTS('',1,(#3439,#3440),.UNSPECIFIED.,.F.,
  .F.,(2,2),(0.,1.),.PIECEWISE_BEZIER_KNOTS.);
#3439 = CARTESIAN_POINT('',(303.59135821248,70.4,20.603983091432));
#3440 = CARTESIAN_POINT('',(291.08270372175,190.,20.605816287289));
#3441 = PCURVE('',#3057,#3442);
#3442 = DEFINITIONAL_REPRESENTATION('',(#3443),#3447);
#3443 = LINE('',#3444,#3445);
#3444 = CARTESIAN_POINT('',(6.28318530718,0.));
#3445 = VECTOR('',#3446,1.);
#3446 = DIRECTION('',(0.,1.));
#3447 = ( GEOMETRIC_REPRESENTATION_CONTEXT(2) 
PARAMETRIC_REPRESENTATION_CONTEXT() REPRESENTATION_CONTEXT('2D SPACE',''
  ) );
#3448 = PCURVE('',#3172,#3449);
#3449 = DEFINITIONAL_REPRESENTATION('',(#3450),#3454);
#3450 = LINE('',#3451,#3452);
#3451 = CARTESIAN_POINT('',(0.,0.));
#3452 = VECTOR('',#3453,1.);
#3453 = DIRECTION('',(0.,1.));
#3454 = ( GEOMETRIC_REPRESENTATION_CONTEXT(2) 
PARAMETRIC_REPRESENTATION_CONTEXT() REPRESENTATION_CONTEXT('2D SPACE',''
  ) );
#3455 = ORIENTED_EDGE('',*,*,#2923,.T.);
#3456 = ORIENTED_EDGE('',*,*,#3457,.T.);
#3457 = EDGE_CURVE('',#2899,#3237,#3458,.T.);
#3458 = SURFACE_CURVE('',#3459,(#3486,#3516),.PCURVE_S1.);
#3459 = B_SPLINE_CURVE_WITH_KNOTS('',4,(#3460,#3461,#3462,#3463,#3464,
    #3465,#3466,#3467,#3468,#3469,#3470,#3471,#3472,#3473,#3474,#3475,
    #3476,#3477,#3478,#3479,#3480,#3481,#3482,#3483,#3484,#3485),
  .UNSPECIFIED.,.F.,.F.,(5,3,3,3,3,3,3,3,5),(0.,9.320225421266E-02,
    0.186802332858,0.280402386281,0.374002416625,0.467602425792,
    0.626402397591,0.813602301883,1.),.UNSPECIFIED.);
#3460 = CARTESIAN_POINT('',(291.22042937005,190.,18.314093197031));
#3461 = CARTESIAN_POINT('',(291.51504170673,187.21325619766,
    18.298116020944));
#3462 = CARTESIAN_POINT('',(291.80965190473,184.4265120954,
    18.282144215006));
#3463 = CARTESIAN_POINT('',(292.10426006112,181.6397677076,
    18.266177535338));
#3464 = CARTESIAN_POINT('',(292.69472995945,176.05438344731,
    18.23418586539));
#3465 = CARTESIAN_POINT('',(292.99059168474,173.25574357251,
    18.218160916918));
#3466 = CARTESIAN_POINT('',(293.28645152479,170.45710343527,
    18.202140701749));
#3467 = CARTESIAN_POINT('',(293.87816750944,164.85982341261,
    18.170109353499));
#3468 = CARTESIAN_POINT('',(294.17402365411,162.0611835272,
    18.154098220248));
#3469 = CARTESIAN_POINT('',(294.46987806839,159.26254340195,
    18.138091431253));
#3470 = CARTESIAN_POINT('',(295.06158350128,153.66526338187,
    18.106086198884));
#3471 = CARTESIAN_POINT('',(295.35743451994,150.86662348704,
    18.090087755368));
#3472 = CARTESIAN_POINT('',(295.65328394634,148.06798337241,
    18.074093309094));
#3473 = CARTESIAN_POINT('',(296.24497967126,142.47070335454,
    18.042112104224));
#3474 = CARTESIAN_POINT('',(296.54082596982,139.67206345132,
    18.02612534551));
#3475 = CARTESIAN_POINT('',(296.83667079976,136.87342334611,
    18.010142273465));
#3476 = CARTESIAN_POINT('',(297.6344364563,129.32666384742,
    17.967052195082));
#3477 = CARTESIAN_POINT('',(298.13635462876,124.57854408953,
    17.939951851236));
#3478 = CARTESIAN_POINT('',(298.63826900427,119.83042381195,
    17.912861038169));
#3479 = CARTESIAN_POINT('',(299.7318528028,109.48502401264,
    17.853853992754));
#3480 = CARTESIAN_POINT('',(300.32352083532,103.88774430106,
    17.82194125059));
#3481 = CARTESIAN_POINT('',(300.91518427785,98.290463964861,
    17.790040028889));
#3482 = CARTESIAN_POINT('',(302.09596715949,87.119888109727,
    17.726395758244));
#3483 = CARTESIAN_POINT('',(302.68508663596,81.546592595879,
    17.694652615514));
#3484 = CARTESIAN_POINT('',(303.27420216478,75.973296547693,
    17.662919380306));
#3485 = CARTESIAN_POINT('',(303.86331399525,70.4,17.631195426684));
#3486 = PCURVE('',#3057,#3487);
#3487 = DEFINITIONAL_REPRESENTATION('',(#3488),#3515);
#3488 = B_SPLINE_CURVE_WITH_KNOTS('',4,(#3489,#3490,#3491,#3492,#3493,
    #3494,#3495,#3496,#3497,#3498,#3499,#3500,#3501,#3502,#3503,#3504,
    #3505,#3506,#3507,#3508,#3509,#3510,#3511,#3512,#3513,#3514),
  .UNSPECIFIED.,.F.,.F.,(5,3,3,3,3,3,3,3,5),(0.,9.320225421266E-02,
    0.186802332858,0.280402386281,0.374002416625,0.467602425792,
    0.626402397591,0.813602301883,1.),.UNSPECIFIED.);
#3489 = CARTESIAN_POINT('',(3.021543070101,1.));
#3490 = CARTESIAN_POINT('',(3.019633156269,0.976699466536));
#3491 = CARTESIAN_POINT('',(3.01776055301,0.953398930564));
#3492 = CARTESIAN_POINT('',(3.015923602779,0.930098392204));
#3493 = CARTESIAN_POINT('',(3.012310368639,0.883397854911));
#3494 = CARTESIAN_POINT('',(3.010534375858,0.859997855957));
#3495 = CARTESIAN_POINT('',(3.008791363174,0.83659785481));
#3496 = CARTESIAN_POINT('',(3.005368640071,0.78979785462));
#3497 = CARTESIAN_POINT('',(3.003688928548,0.766397855579));
#3498 = CARTESIAN_POINT('',(3.00203953734,0.742997854531));
#3499 = CARTESIAN_POINT('',(2.998799018491,0.696197854363));
#3500 = CARTESIAN_POINT('',(2.997207889921,0.672797855243));
#3501 = CARTESIAN_POINT('',(2.995644703039,0.649397854284));
#3502 = CARTESIAN_POINT('',(2.992572079989,0.602597854135));
#3503 = CARTESIAN_POINT('',(2.991062643034,0.579197854944));
#3504 = CARTESIAN_POINT('',(2.989579013778,0.555797854064));
#3505 = CARTESIAN_POINT('',(2.985645292777,0.492697858256));
#3506 = CARTESIAN_POINT('',(2.983241870312,0.45299786028));
#3507 = CARTESIAN_POINT('',(2.98090528844,0.41329785796));
#3508 = CARTESIAN_POINT('',(2.975951316648,0.326797859637));
#3509 = CARTESIAN_POINT('',(2.973358427134,0.279997862049));
#3510 = CARTESIAN_POINT('',(2.970846508124,0.233197859238));
#3511 = CARTESIAN_POINT('',(2.96598445179,0.139798395566));
#3512 = CARTESIAN_POINT('',(2.96363365534,9.319893474815E-02));
#3513 = CARTESIAN_POINT('',(2.961352633358,4.659946946232E-02));
#3514 = CARTESIAN_POINT('',(2.959137030898,0.));
#3515 = ( GEOMETRIC_REPRESENTATION_CONTEXT(2) 
PARAMETRIC_REPRESENTATION_CONTEXT() REPRESENTATION_CONTEXT('2D SPACE',''
  ) );
#3516 = PCURVE('',#2912,#3517);
#3517 = DEFINITIONAL_REPRESENTATION('',(#3518),#3545);
#3518 = B_SPLINE_CURVE_WITH_KNOTS('',4,(#3519,#3520,#3521,#3522,#3523,
    #3524,#3525,#3526,#3527,#3528,#3529,#3530,#3531,#3532,#3533,#3534,
    #3535,#3536,#3537,#3538,#3539,#3540,#3541,#3542,#3543,#3544),
  .UNSPECIFIED.,.F.,.F.,(5,3,3,3,3,3,3,3,5),(0.,9.320225421266E-02,
    0.186802332858,0.280402386281,0.374002416625,0.467602425792,
    0.626402397591,0.813602301883,1.),.UNSPECIFIED.);
#3519 = CARTESIAN_POINT('',(1.231388019361,0.991803278689));
#3520 = CARTESIAN_POINT('',(1.23980755649,0.968961116374));
#3521 = CARTESIAN_POINT('',(1.248221300777,0.946118951602));
#3522 = CARTESIAN_POINT('',(1.256629515303,0.923276784489));
#3523 = CARTESIAN_POINT('',(1.273471217784,0.877494946289));
#3524 = CARTESIAN_POINT('',(1.281904660641,0.854555275185));
#3525 = CARTESIAN_POINT('',(1.290332997638,0.831615601928));
#3526 = CARTESIAN_POINT('',(1.307179877079,0.78573625748));
#3527 = CARTESIAN_POINT('',(1.315598419706,0.762796586289));
#3528 = CARTESIAN_POINT('',(1.324012276146,0.739856913131));
#3529 = CARTESIAN_POINT('',(1.34083098871,0.693977568704));
#3530 = CARTESIAN_POINT('',(1.349235844988,0.671037897435));
#3531 = CARTESIAN_POINT('',(1.357636389407,0.648098224364));
#3532 = CARTESIAN_POINT('',(1.374429187485,0.602218879955));
#3533 = CARTESIAN_POINT('',(1.382821441273,0.579279208617));
#3534 = CARTESIAN_POINT('',(1.39120971822,0.556339535624));
#3535 = CARTESIAN_POINT('',(1.413819065608,0.494480851208));
#3536 = CARTESIAN_POINT('',(1.428032949168,0.455561836799));
#3537 = CARTESIAN_POINT('',(1.442236551808,0.416642818131));
#3538 = CARTESIAN_POINT('',(1.473162878973,0.33184445912));
#3539 = CARTESIAN_POINT('',(1.489881838613,0.285965117222));
#3540 = CARTESIAN_POINT('',(1.506588371058,0.240085770204));
#3541 = CARTESIAN_POINT('',(1.539906687312,0.148523673031));
#3542 = CARTESIAN_POINT('',(1.556518572286,0.102840922917));
#3543 = CARTESIAN_POINT('',(1.573119769965,5.715816842371E-02));
#3544 = CARTESIAN_POINT('',(1.589710955551,1.147540983607E-02));
#3545 = ( GEOMETRIC_REPRESENTATION_CONTEXT(2) 
PARAMETRIC_REPRESENTATION_CONTEXT() REPRESENTATION_CONTEXT('2D SPACE',''
  ) );
#3546 = ADVANCED_FACE('',(#3547),#2912,.F.);
#3547 = FACE_BOUND('',#3548,.F.);
#3548 = EDGE_LOOP('',(#3549,#3643,#3663,#3688,#3809,#3834,#3862,#3887,
    #4008,#4033,#4112,#4137,#4258,#4278,#4352,#4353,#4354));
#3549 = ORIENTED_EDGE('',*,*,#3550,.F.);
#3550 = EDGE_CURVE('',#3551,#3553,#3555,.T.);
#3551 = VERTEX_POINT('',#3552);
#3552 = CARTESIAN_POINT('',(291.38953406569,190.38353792992,
    17.797385167215));
#3553 = VERTEX_POINT('',#3554);
#3554 = CARTESIAN_POINT('',(302.77446244158,82.571433919868,
    17.21115113635));
#3555 = SURFACE_CURVE('',#3556,(#3583,#3613),.PCURVE_S1.);
#3556 = B_SPLINE_CURVE_WITH_KNOTS('',4,(#3557,#3558,#3559,#3560,#3561,
    #3562,#3563,#3564,#3565,#3566,#3567,#3568,#3569,#3570,#3571,#3572,
    #3573,#3574,#3575,#3576,#3577,#3578,#3579,#3580,#3581,#3582),
  .UNSPECIFIED.,.F.,.F.,(5,3,3,3,3,3,3,3,5),(0.,9.477218639567E-02,
    0.188912228919,0.283442711302,0.37756854976,0.472113232597,
    0.62369139536,0.811943066302,1.),.UNSPECIFIED.);
#3557 = CARTESIAN_POINT('',(291.32443575784,191.,17.800737419538));
#3558 = CARTESIAN_POINT('',(291.62617514274,188.14261566569,
    17.785199277427));
#3559 = CARTESIAN_POINT('',(291.9279144961,185.28523131943,
    17.769661216481));
#3560 = CARTESIAN_POINT('',(292.2296538189,182.42784696176,
    17.754123234049));
#3561 = CARTESIAN_POINT('',(292.83111976158,176.73213738204,
    17.723151061382));
#3562 = CARTESIAN_POINT('',(293.13084638185,173.89381216012,
    17.707716870134));
#3563 = CARTESIAN_POINT('',(293.43057297381,171.05548692795,
    17.692282751574));
#3564 = CARTESIAN_POINT('',(294.03126919972,165.36706466988,
    17.661350643713));
#3565 = CARTESIAN_POINT('',(294.33223883345,162.5169676439,
    17.645852654996));
#3566 = CARTESIAN_POINT('',(294.63320844033,159.66687060846,
    17.630354735142));
#3567 = CARTESIAN_POINT('',(295.23385928197,153.97887654656,
    17.599425368649));
#3568 = CARTESIAN_POINT('',(295.53354051695,151.14097952018,
    17.58399392144));
#3569 = CARTESIAN_POINT('',(295.83322172687,148.30308248519,
    17.568562538461));
#3570 = CARTESIAN_POINT('',(296.43391762962,142.61466022729,
    17.537631230426));
#3571 = CARTESIAN_POINT('',(296.73493232223,139.7641350043,
    17.522131305926));
#3572 = CARTESIAN_POINT('',(297.035946991,136.91360977332,
    17.506631442465));
#3573 = CARTESIAN_POINT('',(297.8195614569,129.49299803567,
    17.46628167564));
#3574 = CARTESIAN_POINT('',(298.30216121765,124.92291151695,
    17.441431865392));
#3575 = CARTESIAN_POINT('',(298.78476092162,120.35282497982,
    17.416582200385));
#3576 = CARTESIAN_POINT('',(299.86672256896,110.1069444024,
    17.36087094113));
#3577 = CARTESIAN_POINT('',(300.46608448286,104.43115035274,
    17.330009422214));
#3578 = CARTESIAN_POINT('',(301.06544631765,98.755356278497,
    17.299148105406));
#3579 = CARTESIAN_POINT('',(302.26354982634,87.409639418613,
    17.237457779442));
#3580 = CARTESIAN_POINT('',(302.86229150041,81.739716633028,
    17.206628769875));
#3581 = CARTESIAN_POINT('',(303.4610331036,76.069793826353,
    17.17579994113));
#3582 = CARTESIAN_POINT('',(304.05977463942,70.399871,17.144971284174));
#3583 = PCURVE('',#2912,#3584);
#3584 = DEFINITIONAL_REPRESENTATION('',(#3585),#3612);
#3585 = B_SPLINE_CURVE_WITH_KNOTS('',4,(#3586,#3587,#3588,#3589,#3590,
    #3591,#3592,#3593,#3594,#3595,#3596,#3597,#3598,#3599,#3600,#3601,
    #3602,#3603,#3604,#3605,#3606,#3607,#3608,#3609,#3610,#3611),
  .UNSPECIFIED.,.F.,.F.,(5,3,3,3,3,3,3,3,5),(0.,9.477218639567E-02,
    0.188912228919,0.283442711302,0.37756854976,0.472113232597,
    0.62369139536,0.811943066302,1.),.UNSPECIFIED.);
#3586 = CARTESIAN_POINT('',(1.788222318558,1.));
#3587 = CARTESIAN_POINT('',(1.795944958715,0.976578816932));
#3588 = CARTESIAN_POINT('',(1.803667511297,0.953157633766));
#3589 = CARTESIAN_POINT('',(1.811389979162,0.929736450506));
#3590 = CARTESIAN_POINT('',(1.826783241302,0.88305030641));
#3591 = CARTESIAN_POINT('',(1.834454036669,0.859785345575));
#3592 = CARTESIAN_POINT('',(1.842124753608,0.836520384655));
#3593 = CARTESIAN_POINT('',(1.857497848853,0.789893972704));
#3594 = CARTESIAN_POINT('',(1.865200226529,0.766532521671));
#3595 = CARTESIAN_POINT('',(1.872902529903,0.743171070561));
#3596 = CARTESIAN_POINT('',(1.888274022553,0.696548168414));
#3597 = CARTESIAN_POINT('',(1.895943212445,0.673286717379));
#3598 = CARTESIAN_POINT('',(1.903612333034,0.650025266272));
#3599 = CARTESIAN_POINT('',(1.918984565639,0.603398854322));
#3600 = CARTESIAN_POINT('',(1.926687677055,0.580033893478));
#3601 = CARTESIAN_POINT('',(1.934390722612,0.556668932568));
#3602 = CARTESIAN_POINT('',(1.954443460522,0.495844246194));
#3603 = CARTESIAN_POINT('',(1.966793052409,0.458384520631));
#3604 = CARTESIAN_POINT('',(1.97914248759,0.420924794917));
#3605 = CARTESIAN_POINT('',(2.006828900314,0.336942167233));
#3606 = CARTESIAN_POINT('',(2.02216579658,0.290419265186));
#3607 = CARTESIAN_POINT('',(2.037502474787,0.243896362938));
#3608 = CARTESIAN_POINT('',(2.068159552809,0.150898683747));
#3609 = CARTESIAN_POINT('',(2.083479953048,0.10442390686));
#3610 = CARTESIAN_POINT('',(2.098800158236,5.794912968793E-02));
#3611 = CARTESIAN_POINT('',(2.114120178039,1.147435247836E-02));
#3612 = ( GEOMETRIC_REPRESENTATION_CONTEXT(2) 
PARAMETRIC_REPRESENTATION_CONTEXT() REPRESENTATION_CONTEXT('2D SPACE',''
  ) );
#3613 = PCURVE('',#2031,#3614);
#3614 = DEFINITIONAL_REPRESENTATION('',(#3615),#3642);
#3615 = B_SPLINE_CURVE_WITH_KNOTS('',4,(#3616,#3617,#3618,#3619,#3620,
    #3621,#3622,#3623,#3624,#3625,#3626,#3627,#3628,#3629,#3630,#3631,
    #3632,#3633,#3634,#3635,#3636,#3637,#3638,#3639,#3640,#3641),
  .UNSPECIFIED.,.F.,.F.,(5,3,3,3,3,3,3,3,5),(0.,9.477218639567E-02,
    0.188912228919,0.283442711302,0.37756854976,0.472113232597,
    0.62369139536,0.811943066302,1.),.UNSPECIFIED.);
#3616 = CARTESIAN_POINT('',(76.193151480683,0.888372093023));
#3617 = CARTESIAN_POINT('',(76.194402199165,0.875081933329));
#3618 = CARTESIAN_POINT('',(76.195634744441,0.861791773579));
#3619 = CARTESIAN_POINT('',(76.196849710072,0.848501613776));
#3620 = CARTESIAN_POINT('',(76.199237580657,0.822009941312));
#3621 = CARTESIAN_POINT('',(76.200410712349,0.808808428652));
#3622 = CARTESIAN_POINT('',(76.201567569342,0.795606915944));
#3623 = CARTESIAN_POINT('',(76.20385444798,0.769149137999));
#3624 = CARTESIAN_POINT('',(76.204984338642,0.755892872762));
#3625 = CARTESIAN_POINT('',(76.206098811312,0.742636607481));
#3626 = CARTESIAN_POINT('',(76.208293129272,0.716180821147));
#3627 = CARTESIAN_POINT('',(76.209373102552,0.702981300094));
#3628 = CARTESIAN_POINT('',(76.210438695156,0.689781779001));
#3629 = CARTESIAN_POINT('',(76.212546632198,0.663324001057));
#3630 = CARTESIAN_POINT('',(76.213588852254,0.650065744206));
#3631 = CARTESIAN_POINT('',(76.214617406485,0.636807487318));
#3632 = CARTESIAN_POINT('',(76.217260424063,0.602293014119));
#3633 = CARTESIAN_POINT('',(76.218854040435,0.581036797753));
#3634 = CARTESIAN_POINT('',(76.220415140661,0.559780581301));
#3635 = CARTESIAN_POINT('',(76.223845322283,0.512125322802));
#3636 = CARTESIAN_POINT('',(76.225697538647,0.48572628071));
#3637 = CARTESIAN_POINT('',(76.227504508992,0.459327238505));
#3638 = CARTESIAN_POINT('',(76.231030813755,0.406556462412));
#3639 = CARTESIAN_POINT('',(76.232750240026,0.380184728526));
#3640 = CARTESIAN_POINT('',(76.234429186874,0.353812994541));
#3641 = CARTESIAN_POINT('',(76.236069676706,0.327441260465));
#3642 = ( GEOMETRIC_REPRESENTATION_CONTEXT(2) 
PARAMETRIC_REPRESENTATION_CONTEXT() REPRESENTATION_CONTEXT('2D SPACE',''
  ) );
#3643 = ORIENTED_EDGE('',*,*,#3644,.T.);
#3644 = EDGE_CURVE('',#3551,#3645,#3647,.T.);
#3645 = VERTEX_POINT('',#3646);
#3646 = CARTESIAN_POINT('',(291.08270372175,190.,18.654976138523));
#3647 = SURFACE_CURVE('',#3648,(#3651,#3657),.PCURVE_S1.);
#3648 = B_SPLINE_CURVE_WITH_KNOTS('',1,(#3649,#3650),.UNSPECIFIED.,.F.,
  .F.,(2,2),(0.,1.),.PIECEWISE_BEZIER_KNOTS.);
#3649 = CARTESIAN_POINT('',(291.39103024174,190.38540814999,
    17.793203354372));
#3650 = CARTESIAN_POINT('',(291.08270372175,190.,18.654976138523));
#3651 = PCURVE('',#2912,#3652);
#3652 = DEFINITIONAL_REPRESENTATION('',(#3653),#3656);
#3653 = B_SPLINE_CURVE_WITH_KNOTS('',1,(#3654,#3655),.UNSPECIFIED.,.F.,
  .F.,(2,2),(0.,1.),.PIECEWISE_BEZIER_KNOTS.);
#3654 = CARTESIAN_POINT('',(1.794404571712,0.994962361885));
#3655 = CARTESIAN_POINT('',(0.863733923775,0.991803278689));
#3656 = ( GEOMETRIC_REPRESENTATION_CONTEXT(2) 
PARAMETRIC_REPRESENTATION_CONTEXT() REPRESENTATION_CONTEXT('2D SPACE',''
  ) );
#3657 = PCURVE('',#1446,#3658);
#3658 = DEFINITIONAL_REPRESENTATION('',(#3659),#3662);
#3659 = B_SPLINE_CURVE_WITH_KNOTS('',1,(#3660,#3661),.UNSPECIFIED.,.F.,
  .F.,(2,2),(0.,1.),.PIECEWISE_BEZIER_KNOTS.);
#3660 = CARTESIAN_POINT('',(0.493563253304,-57.79320335437));
#3661 = CARTESIAN_POINT('',(0.,-58.65497613852));
#3662 = ( GEOMETRIC_REPRESENTATION_CONTEXT(2) 
PARAMETRIC_REPRESENTATION_CONTEXT() REPRESENTATION_CONTEXT('2D SPACE',''
  ) );
#3663 = ORIENTED_EDGE('',*,*,#3664,.F.);
#3664 = EDGE_CURVE('',#3665,#3645,#3667,.T.);
#3665 = VERTEX_POINT('',#3666);
#3666 = CARTESIAN_POINT('',(291.22042937527,190.,18.314093184098));
#3667 = SURFACE_CURVE('',#3668,(#3671,#3677),.PCURVE_S1.);
#3668 = B_SPLINE_CURVE_WITH_KNOTS('',1,(#3669,#3670),.UNSPECIFIED.,.F.,
  .F.,(2,2),(0.,1.),.PIECEWISE_BEZIER_KNOTS.);
#3669 = CARTESIAN_POINT('',(291.22377345865,190.,18.305816287289));
#3670 = CARTESIAN_POINT('',(291.08270349698,190.,18.654976694834));
#3671 = PCURVE('',#2912,#3672);
#3672 = DEFINITIONAL_REPRESENTATION('',(#3673),#3676);
#3673 = B_SPLINE_CURVE_WITH_KNOTS('',1,(#3674,#3675),.UNSPECIFIED.,.F.,
  .F.,(2,2),(0.,1.),.PIECEWISE_BEZIER_KNOTS.);
#3674 = CARTESIAN_POINT('',(1.240314954079,0.991803278689));
#3675 = CARTESIAN_POINT('',(0.863733323775,0.991803278689));
#3676 = ( GEOMETRIC_REPRESENTATION_CONTEXT(2) 
PARAMETRIC_REPRESENTATION_CONTEXT() REPRESENTATION_CONTEXT('2D SPACE',''
  ) );
#3677 = PCURVE('',#3678,#3683);
#3678 = PLANE('',#3679);
#3679 = AXIS2_PLACEMENT_3D('',#3680,#3681,#3682);
#3680 = CARTESIAN_POINT('',(291.08270372175,190.,19.455816287289));
#3681 = DIRECTION('',(0.,1.,0.));
#3682 = DIRECTION('',(0.,-0.,1.));
#3683 = DEFINITIONAL_REPRESENTATION('',(#3684),#3687);
#3684 = B_SPLINE_CURVE_WITH_KNOTS('',1,(#3685,#3686),.UNSPECIFIED.,.F.,
  .F.,(2,2),(0.,1.),.PIECEWISE_BEZIER_KNOTS.);
#3685 = CARTESIAN_POINT('',(-1.15,0.141069736907));
#3686 = CARTESIAN_POINT('',(-0.800839592456,-2.247639940833E-07));
#3687 = ( GEOMETRIC_REPRESENTATION_CONTEXT(2) 
PARAMETRIC_REPRESENTATION_CONTEXT() REPRESENTATION_CONTEXT('2D SPACE',''
  ) );
#3688 = ORIENTED_EDGE('',*,*,#3689,.T.);
#3689 = EDGE_CURVE('',#3665,#3690,#3692,.T.);
#3690 = VERTEX_POINT('',#3691);
#3691 = CARTESIAN_POINT('',(292.62197959384,176.74254109504,
    18.238128509104));
#3692 = SURFACE_CURVE('',#3693,(#3720,#3750),.PCURVE_S1.);
#3693 = B_SPLINE_CURVE_WITH_KNOTS('',4,(#3694,#3695,#3696,#3697,#3698,
    #3699,#3700,#3701,#3702,#3703,#3704,#3705,#3706,#3707,#3708,#3709,
    #3710,#3711,#3712,#3713,#3714,#3715,#3716,#3717,#3718,#3719),
  .UNSPECIFIED.,.F.,.F.,(5,3,3,3,3,3,3,3,5),(0.,9.320225421266E-02,
    0.186802332858,0.280402386281,0.374002416625,0.467602425792,
    0.626402397591,0.813602301883,1.),.UNSPECIFIED.);
#3694 = CARTESIAN_POINT('',(291.22042937005,190.,18.314093197031));
#3695 = CARTESIAN_POINT('',(291.51504170673,187.21325619766,
    18.298116020944));
#3696 = CARTESIAN_POINT('',(291.80965190473,184.4265120954,
    18.282144215006));
#3697 = CARTESIAN_POINT('',(292.10426006112,181.6397677076,
    18.266177535338));
#3698 = CARTESIAN_POINT('',(292.69472995945,176.05438344731,
    18.23418586539));
#3699 = CARTESIAN_POINT('',(292.99059168474,173.25574357251,
    18.218160916918));
#3700 = CARTESIAN_POINT('',(293.28645152479,170.45710343527,
    18.202140701749));
#3701 = CARTESIAN_POINT('',(293.87816750944,164.85982341261,
    18.170109353499));
#3702 = CARTESIAN_POINT('',(294.17402365411,162.0611835272,
    18.154098220248));
#3703 = CARTESIAN_POINT('',(294.46987806839,159.26254340195,
    18.138091431253));
#3704 = CARTESIAN_POINT('',(295.06158350128,153.66526338187,
    18.106086198884));
#3705 = CARTESIAN_POINT('',(295.35743451994,150.86662348704,
    18.090087755368));
#3706 = CARTESIAN_POINT('',(295.65328394634,148.06798337241,
    18.074093309094));
#3707 = CARTESIAN_POINT('',(296.24497967126,142.47070335454,
    18.042112104224));
#3708 = CARTESIAN_POINT('',(296.54082596982,139.67206345132,
    18.02612534551));
#3709 = CARTESIAN_POINT('',(296.83667079976,136.87342334611,
    18.010142273465));
#3710 = CARTESIAN_POINT('',(297.6344364563,129.32666384742,
    17.967052195082));
#3711 = CARTESIAN_POINT('',(298.13635462876,124.57854408953,
    17.939951851236));
#3712 = CARTESIAN_POINT('',(298.63826900427,119.83042381195,
    17.912861038169));
#3713 = CARTESIAN_POINT('',(299.7318528028,109.48502401264,
    17.853853992754));
#3714 = CARTESIAN_POINT('',(300.32352083532,103.88774430106,
    17.82194125059));
#3715 = CARTESIAN_POINT('',(300.91518427785,98.290463964861,
    17.790040028889));
#3716 = CARTESIAN_POINT('',(302.09596715949,87.119888109727,
    17.726395758244));
#3717 = CARTESIAN_POINT('',(302.68508663596,81.546592595879,
    17.694652615514));
#3718 = CARTESIAN_POINT('',(303.27420216478,75.973296547693,
    17.662919380306));
#3719 = CARTESIAN_POINT('',(303.86331399525,70.4,17.631195426684));
#3720 = PCURVE('',#2912,#3721);
#3721 = DEFINITIONAL_REPRESENTATION('',(#3722),#3749);
#3722 = B_SPLINE_CURVE_WITH_KNOTS('',4,(#3723,#3724,#3725,#3726,#3727,
    #3728,#3729,#3730,#3731,#3732,#3733,#3734,#3735,#3736,#3737,#3738,
    #3739,#3740,#3741,#3742,#3743,#3744,#3745,#3746,#3747,#3748),
  .UNSPECIFIED.,.F.,.F.,(5,3,3,3,3,3,3,3,5),(0.,9.320225421266E-02,
    0.186802332858,0.280402386281,0.374002416625,0.467602425792,
    0.626402397591,0.813602301883,1.),.UNSPECIFIED.);
#3723 = CARTESIAN_POINT('',(1.231388019361,0.991803278689));
#3724 = CARTESIAN_POINT('',(1.23980755649,0.968961116374));
#3725 = CARTESIAN_POINT('',(1.248221300777,0.946118951602));
#3726 = CARTESIAN_POINT('',(1.256629515303,0.923276784489));
#3727 = CARTESIAN_POINT('',(1.273471217784,0.877494946289));
#3728 = CARTESIAN_POINT('',(1.281904660641,0.854555275185));
#3729 = CARTESIAN_POINT('',(1.290332997638,0.831615601928));
#3730 = CARTESIAN_POINT('',(1.307179877079,0.78573625748));
#3731 = CARTESIAN_POINT('',(1.315598419706,0.762796586289));
#3732 = CARTESIAN_POINT('',(1.324012276146,0.739856913131));
#3733 = CARTESIAN_POINT('',(1.34083098871,0.693977568704));
#3734 = CARTESIAN_POINT('',(1.349235844988,0.671037897435));
#3735 = CARTESIAN_POINT('',(1.357636389407,0.648098224364));
#3736 = CARTESIAN_POINT('',(1.374429187485,0.602218879955));
#3737 = CARTESIAN_POINT('',(1.382821441273,0.579279208617));
#3738 = CARTESIAN_POINT('',(1.39120971822,0.556339535624));
#3739 = CARTESIAN_POINT('',(1.413819065608,0.494480851208));
#3740 = CARTESIAN_POINT('',(1.428032949168,0.455561836799));
#3741 = CARTESIAN_POINT('',(1.442236551808,0.416642818131));
#3742 = CARTESIAN_POINT('',(1.473162878973,0.33184445912));
#3743 = CARTESIAN_POINT('',(1.489881838613,0.285965117222));
#3744 = CARTESIAN_POINT('',(1.506588371058,0.240085770204));
#3745 = CARTESIAN_POINT('',(1.539906687312,0.148523673031));
#3746 = CARTESIAN_POINT('',(1.556518572286,0.102840922917));
#3747 = CARTESIAN_POINT('',(1.573119769965,5.715816842371E-02));
#3748 = CARTESIAN_POINT('',(1.589710955551,1.147540983607E-02));
#3749 = ( GEOMETRIC_REPRESENTATION_CONTEXT(2) 
PARAMETRIC_REPRESENTATION_CONTEXT() REPRESENTATION_CONTEXT('2D SPACE',''
  ) );
#3750 = PCURVE('',#3751,#3780);
#3751 = B_SPLINE_SURFACE_WITH_KNOTS('',13,1,(
    (#3752,#3753)
    ,(#3754,#3755)
    ,(#3756,#3757)
    ,(#3758,#3759)
    ,(#3760,#3761)
    ,(#3762,#3763)
    ,(#3764,#3765)
    ,(#3766,#3767)
    ,(#3768,#3769)
    ,(#3770,#3771)
    ,(#3772,#3773)
    ,(#3774,#3775)
    ,(#3776,#3777)
    ,(#3778,#3779
    )),.UNSPECIFIED.,.T.,.F.,.F.,(14,14),(2,2),(0.,6.28318530718),(0.,1.
    ),.PIECEWISE_BEZIER_KNOTS.);
#3752 = CARTESIAN_POINT('',(303.59135821248,70.4,20.603983091432));
#3753 = CARTESIAN_POINT('',(291.08270372175,190.,20.605816287289));
#3754 = CARTESIAN_POINT('',(304.31577725692,70.399999999993,
    20.60398309143));
#3755 = CARTESIAN_POINT('',(291.63852396047,189.99999999997,
    20.605816287288));
#3756 = CARTESIAN_POINT('',(305.04019659114,70.400000000029,
    20.224676085388));
#3757 = CARTESIAN_POINT('',(292.19434442136,190.00000000013,
    20.314787893904));
#3758 = CARTESIAN_POINT('',(305.54795412984,70.399999999924,
    19.466084655182));
#3759 = CARTESIAN_POINT('',(292.58392821112,189.99999999963,
    19.732748433391));
#3760 = CARTESIAN_POINT('',(305.62241466433,70.400000000145,
    18.464216879548));
#3761 = CARTESIAN_POINT('',(292.64105905491,190.00000000072,
    18.964051930342));
#3762 = CARTESIAN_POINT('',(305.14185434545,70.399999999796,
    17.491773718957));
#3763 = CARTESIAN_POINT('',(292.27234269965,189.99999999891,
    18.217931858281));
#3764 = CARTESIAN_POINT('',(304.17507536609,70.400000000217,
    16.881330772054));
#3765 = CARTESIAN_POINT('',(291.5305685439,190.00000000127,
    17.749561310786));
#3766 = CARTESIAN_POINT('',(303.00764105896,70.399999999821,
    16.881330771919));
#3767 = CARTESIAN_POINT('',(290.63483889976,189.99999999879,
    17.749561310676));
#3768 = CARTESIAN_POINT('',(302.04086207931,70.400000000115,
    17.491773719065));
#3769 = CARTESIAN_POINT('',(289.89306474344,190.00000000091,
    18.217931858368));
#3770 = CARTESIAN_POINT('',(301.56030176083,70.399999999944,
    18.46421687948));
#3771 = CARTESIAN_POINT('',(289.52434838897,189.99999999943,
    18.964051930288));
#3772 = CARTESIAN_POINT('',(301.63476229501,70.400000000021,
    19.466084655215));
#3773 = CARTESIAN_POINT('',(289.58147923213,190.00000000027,
    19.732748433416));
#3774 = CARTESIAN_POINT('',(302.14251983387,70.399999999994,
    20.224676085376));
#3775 = CARTESIAN_POINT('',(289.97106302223,189.9999999999,
    20.314787893895));
#3776 = CARTESIAN_POINT('',(302.86693916803,70.400000000001,
    20.603983091433));
#3777 = CARTESIAN_POINT('',(290.52688348299,190.00000000002,
    20.60581628729));
#3778 = CARTESIAN_POINT('',(303.59135821248,70.4,20.603983091432));
#3779 = CARTESIAN_POINT('',(291.08270372175,190.,20.605816287289));
#3780 = DEFINITIONAL_REPRESENTATION('',(#3781),#3808);
#3781 = B_SPLINE_CURVE_WITH_KNOTS('',4,(#3782,#3783,#3784,#3785,#3786,
    #3787,#3788,#3789,#3790,#3791,#3792,#3793,#3794,#3795,#3796,#3797,
    #3798,#3799,#3800,#3801,#3802,#3803,#3804,#3805,#3806,#3807),
  .UNSPECIFIED.,.F.,.F.,(5,3,3,3,3,3,3,3,5),(0.,9.320225421266E-02,
    0.186802332858,0.280402386281,0.374002416625,0.467602425792,
    0.626402397591,0.813602301883,1.),.UNSPECIFIED.);
#3782 = CARTESIAN_POINT('',(3.021543070101,1.));
#3783 = CARTESIAN_POINT('',(3.019633156269,0.976699466536));
#3784 = CARTESIAN_POINT('',(3.01776055301,0.953398930564));
#3785 = CARTESIAN_POINT('',(3.015923602779,0.930098392204));
#3786 = CARTESIAN_POINT('',(3.012310368639,0.883397854911));
#3787 = CARTESIAN_POINT('',(3.010534375858,0.859997855957));
#3788 = CARTESIAN_POINT('',(3.008791363174,0.83659785481));
#3789 = CARTESIAN_POINT('',(3.005368640071,0.78979785462));
#3790 = CARTESIAN_POINT('',(3.003688928548,0.766397855579));
#3791 = CARTESIAN_POINT('',(3.00203953734,0.742997854531));
#3792 = CARTESIAN_POINT('',(2.998799018491,0.696197854363));
#3793 = CARTESIAN_POINT('',(2.997207889921,0.672797855243));
#3794 = CARTESIAN_POINT('',(2.995644703039,0.649397854284));
#3795 = CARTESIAN_POINT('',(2.992572079989,0.602597854135));
#3796 = CARTESIAN_POINT('',(2.991062643034,0.579197854944));
#3797 = CARTESIAN_POINT('',(2.989579013778,0.555797854064));
#3798 = CARTESIAN_POINT('',(2.985645292777,0.492697858256));
#3799 = CARTESIAN_POINT('',(2.983241870312,0.45299786028));
#3800 = CARTESIAN_POINT('',(2.98090528844,0.41329785796));
#3801 = CARTESIAN_POINT('',(2.975951316648,0.326797859637));
#3802 = CARTESIAN_POINT('',(2.973358427134,0.279997862049));
#3803 = CARTESIAN_POINT('',(2.970846508124,0.233197859238));
#3804 = CARTESIAN_POINT('',(2.96598445179,0.139798395566));
#3805 = CARTESIAN_POINT('',(2.96363365534,9.319893474815E-02));
#3806 = CARTESIAN_POINT('',(2.961352633358,4.659946946232E-02));
#3807 = CARTESIAN_POINT('',(2.959137030898,0.));
#3808 = ( GEOMETRIC_REPRESENTATION_CONTEXT(2) 
PARAMETRIC_REPRESENTATION_CONTEXT() REPRESENTATION_CONTEXT('2D SPACE',''
  ) );
#3809 = ORIENTED_EDGE('',*,*,#3810,.F.);
#3810 = EDGE_CURVE('',#3811,#3690,#3813,.T.);
#3811 = VERTEX_POINT('',#3812);
#3812 = CARTESIAN_POINT('',(292.8279333366,176.4970949822,
    17.791192360986));
#3813 = SURFACE_CURVE('',#3814,(#3817,#3823),.PCURVE_S1.);
#3814 = B_SPLINE_CURVE_WITH_KNOTS('',1,(#3815,#3816),.UNSPECIFIED.,.F.,
  .F.,(2,2),(0.,1.),.PIECEWISE_BEZIER_KNOTS.);
#3815 = CARTESIAN_POINT('',(292.84267616705,176.47952516104,
    17.759199235893));
#3816 = CARTESIAN_POINT('',(292.44752174079,176.95045186816,
    18.616716049213));
#3817 = PCURVE('',#2912,#3818);
#3818 = DEFINITIONAL_REPRESENTATION('',(#3819),#3822);
#3819 = B_SPLINE_CURVE_WITH_KNOTS('',1,(#3820,#3821),.UNSPECIFIED.,.F.,
  .F.,(2,2),(0.,1.),.PIECEWISE_BEZIER_KNOTS.);
#3820 = CARTESIAN_POINT('',(1.78710520771,0.880979714435));
#3821 = CARTESIAN_POINT('',(0.863732723775,0.884839769411));
#3822 = ( GEOMETRIC_REPRESENTATION_CONTEXT(2) 
PARAMETRIC_REPRESENTATION_CONTEXT() REPRESENTATION_CONTEXT('2D SPACE',''
  ) );
#3823 = PCURVE('',#3824,#3829);
#3824 = PLANE('',#3825);
#3825 = AXIS2_PLACEMENT_3D('',#3826,#3827,#3828);
#3826 = CARTESIAN_POINT('',(294.37783005491,174.65,16.738843066131));
#3827 = DIRECTION('',(-0.766044443119,-0.642787609687,0.));
#3828 = DIRECTION('',(-0.642787609687,0.766044443119,0.));
#3829 = DEFINITIONAL_REPRESENTATION('',(#3830),#3833);
#3830 = B_SPLINE_CURVE_WITH_KNOTS('',1,(#3831,#3832),.UNSPECIFIED.,.F.,
  .F.,(2,2),(0.,1.),.PIECEWISE_BEZIER_KNOTS.);
#3831 = CARTESIAN_POINT('',(2.38827548124,-1.020356169762));
#3832 = CARTESIAN_POINT('',(3.003026637466,-1.877872983082));
#3833 = ( GEOMETRIC_REPRESENTATION_CONTEXT(2) 
PARAMETRIC_REPRESENTATION_CONTEXT() REPRESENTATION_CONTEXT('2D SPACE',''
  ) );
#3834 = ORIENTED_EDGE('',*,*,#3835,.F.);
#3835 = EDGE_CURVE('',#3836,#3811,#3838,.T.);
#3836 = VERTEX_POINT('',#3837);
#3837 = CARTESIAN_POINT('',(294.44545111126,161.03139273641,
    17.745847008745));
#3838 = SURFACE_CURVE('',#3839,(#3845,#3851),.PCURVE_S1.);
#3839 = B_SPLINE_CURVE_WITH_KNOTS('',4,(#3840,#3841,#3842,#3843,#3844),
  .UNSPECIFIED.,.F.,.F.,(5,5),(4.467381250035E-08,1.157805616036),
  .PIECEWISE_BEZIER_KNOTS.);
#3840 = CARTESIAN_POINT('',(294.44545111126,161.03139273641,
    17.745847008745));
#3841 = CARTESIAN_POINT('',(294.04107166759,164.89781829785,
    17.757183346806));
#3842 = CARTESIAN_POINT('',(293.63669222394,168.7642438593,
    17.768519684866));
#3843 = CARTESIAN_POINT('',(293.23231278026,172.63066942075,
    17.779856022926));
#3844 = CARTESIAN_POINT('',(292.8279333366,176.4970949822,
    17.791192360986));
#3845 = PCURVE('',#2912,#3846);
#3846 = DEFINITIONAL_REPRESENTATION('',(#3847),#3850);
#3847 = B_SPLINE_CURVE_WITH_KNOTS('',1,(#3848,#3849),.UNSPECIFIED.,.F.,
  .F.,(2,2),(4.467381250035E-08,1.157805616036),
  .PIECEWISE_BEZIER_KNOTS.);
#3848 = CARTESIAN_POINT('',(1.752655071075,0.754355678167));
#3849 = CARTESIAN_POINT('',(1.752655071075,0.881123729362));
#3850 = ( GEOMETRIC_REPRESENTATION_CONTEXT(2) 
PARAMETRIC_REPRESENTATION_CONTEXT() REPRESENTATION_CONTEXT('2D SPACE',''
  ) );
#3851 = PCURVE('',#3852,#3857);
#3852 = CYLINDRICAL_SURFACE('',#3853,1.658333333333);
#3853 = AXIS2_PLACEMENT_3D('',#3854,#3855,#3856);
#3854 = CARTESIAN_POINT('',(292.82408413371,173.35,19.406998580675));
#3855 = DIRECTION('',(-0.104019604147,0.994570972053,2.916076511733E-03)
  );
#3856 = DIRECTION('',(0.994575200748,0.104020046415,-5.421010862428E-20)
  );
#3857 = DEFINITIONAL_REPRESENTATION('',(#3858),#3861);
#3858 = B_SPLINE_CURVE_WITH_KNOTS('',1,(#3859,#3860),.UNSPECIFIED.,.F.,
  .F.,(2,2),(4.467381250035E-08,1.157805616036),
  .PIECEWISE_BEZIER_KNOTS.);
#3859 = CARTESIAN_POINT('',(7.652917507016,-12.42522719675));
#3860 = CARTESIAN_POINT('',(7.652917507016,3.124897108465));
#3861 = ( GEOMETRIC_REPRESENTATION_CONTEXT(2) 
PARAMETRIC_REPRESENTATION_CONTEXT() REPRESENTATION_CONTEXT('2D SPACE',''
  ) );
#3862 = ORIENTED_EDGE('',*,*,#3863,.T.);
#3863 = EDGE_CURVE('',#3836,#3864,#3866,.T.);
#3864 = VERTEX_POINT('',#3865);
#3865 = CARTESIAN_POINT('',(294.28478697912,161.01340986638,
    18.14810706275));
#3866 = SURFACE_CURVE('',#3867,(#3870,#3876),.PCURVE_S1.);
#3867 = B_SPLINE_CURVE_WITH_KNOTS('',1,(#3868,#3869),.UNSPECIFIED.,.F.,
  .F.,(2,2),(0.,1.),.PIECEWISE_BEZIER_KNOTS.);
#3868 = CARTESIAN_POINT('',(294.45879423798,161.03288621047,
    17.712439384996));
#3869 = CARTESIAN_POINT('',(294.11630798568,160.99455229189,
    18.569933441149));
#3870 = PCURVE('',#2912,#3871);
#3871 = DEFINITIONAL_REPRESENTATION('',(#3872),#3875);
#3872 = B_SPLINE_CURVE_WITH_KNOTS('',1,(#3873,#3874),.UNSPECIFIED.,.F.,
  .F.,(2,2),(0.,1.),.PIECEWISE_BEZIER_KNOTS.);
#3873 = CARTESIAN_POINT('',(1.788691076709,0.754367919758));
#3874 = CARTESIAN_POINT('',(0.863732723775,0.754053707311));
#3875 = ( GEOMETRIC_REPRESENTATION_CONTEXT(2) 
PARAMETRIC_REPRESENTATION_CONTEXT() REPRESENTATION_CONTEXT('2D SPACE',''
  ) );
#3876 = PCURVE('',#3877,#3882);
#3877 = PLANE('',#3878);
#3878 = AXIS2_PLACEMENT_3D('',#3879,#3880,#3881);
#3879 = CARTESIAN_POINT('',(294.11655134815,160.99222970894,
    19.370765667494));
#3880 = DIRECTION('',(-0.104019604147,0.994570972053,2.916076511734E-03)
  );
#3881 = DIRECTION('',(0.994575200748,0.104020046415,0.));
#3882 = DEFINITIONAL_REPRESENTATION('',(#3883),#3886);
#3883 = B_SPLINE_CURVE_WITH_KNOTS('',1,(#3884,#3885),.UNSPECIFIED.,.F.,
  .F.,(2,2),(0.,1.),.PIECEWISE_BEZIER_KNOTS.);
#3884 = CARTESIAN_POINT('',(0.344615382038,1.658333333333));
#3885 = CARTESIAN_POINT('',(-4.47089462341E-07,0.800835631306));
#3886 = ( GEOMETRIC_REPRESENTATION_CONTEXT(2) 
PARAMETRIC_REPRESENTATION_CONTEXT() REPRESENTATION_CONTEXT('2D SPACE',''
  ) );
#3887 = ORIENTED_EDGE('',*,*,#3888,.T.);
#3888 = EDGE_CURVE('',#3864,#3889,#3891,.T.);
#3889 = VERTEX_POINT('',#3890);
#3890 = CARTESIAN_POINT('',(296.31292066556,141.82799183712,
    18.038442001643));
#3891 = SURFACE_CURVE('',#3892,(#3919,#3949),.PCURVE_S1.);
#3892 = B_SPLINE_CURVE_WITH_KNOTS('',4,(#3893,#3894,#3895,#3896,#3897,
    #3898,#3899,#3900,#3901,#3902,#3903,#3904,#3905,#3906,#3907,#3908,
    #3909,#3910,#3911,#3912,#3913,#3914,#3915,#3916,#3917,#3918),
  .UNSPECIFIED.,.F.,.F.,(5,3,3,3,3,3,3,3,5),(0.,9.320225421266E-02,
    0.186802332858,0.280402386281,0.374002416625,0.467602425792,
    0.626402397591,0.813602301883,1.),.UNSPECIFIED.);
#3893 = CARTESIAN_POINT('',(291.22042937005,190.,18.314093197031));
#3894 = CARTESIAN_POINT('',(291.51504170673,187.21325619766,
    18.298116020944));
#3895 = CARTESIAN_POINT('',(291.80965190473,184.4265120954,
    18.282144215006));
#3896 = CARTESIAN_POINT('',(292.10426006112,181.6397677076,
    18.266177535338));
#3897 = CARTESIAN_POINT('',(292.69472995945,176.05438344731,
    18.23418586539));
#3898 = CARTESIAN_POINT('',(292.99059168474,173.25574357251,
    18.218160916918));
#3899 = CARTESIAN_POINT('',(293.28645152479,170.45710343527,
    18.202140701749));
#3900 = CARTESIAN_POINT('',(293.87816750944,164.85982341261,
    18.170109353499));
#3901 = CARTESIAN_POINT('',(294.17402365411,162.0611835272,
    18.154098220248));
#3902 = CARTESIAN_POINT('',(294.46987806839,159.26254340195,
    18.138091431253));
#3903 = CARTESIAN_POINT('',(295.06158350128,153.66526338187,
    18.106086198884));
#3904 = CARTESIAN_POINT('',(295.35743451994,150.86662348704,
    18.090087755368));
#3905 = CARTESIAN_POINT('',(295.65328394634,148.06798337241,
    18.074093309094));
#3906 = CARTESIAN_POINT('',(296.24497967126,142.47070335454,
    18.042112104224));
#3907 = CARTESIAN_POINT('',(296.54082596982,139.67206345132,
    18.02612534551));
#3908 = CARTESIAN_POINT('',(296.83667079976,136.87342334611,
    18.010142273465));
#3909 = CARTESIAN_POINT('',(297.6344364563,129.32666384742,
    17.967052195082));
#3910 = CARTESIAN_POINT('',(298.13635462876,124.57854408953,
    17.939951851236));
#3911 = CARTESIAN_POINT('',(298.63826900427,119.83042381195,
    17.912861038169));
#3912 = CARTESIAN_POINT('',(299.7318528028,109.48502401264,
    17.853853992754));
#3913 = CARTESIAN_POINT('',(300.32352083532,103.88774430106,
    17.82194125059));
#3914 = CARTESIAN_POINT('',(300.91518427785,98.290463964861,
    17.790040028889));
#3915 = CARTESIAN_POINT('',(302.09596715949,87.119888109727,
    17.726395758244));
#3916 = CARTESIAN_POINT('',(302.68508663596,81.546592595879,
    17.694652615514));
#3917 = CARTESIAN_POINT('',(303.27420216478,75.973296547693,
    17.662919380306));
#3918 = CARTESIAN_POINT('',(303.86331399525,70.4,17.631195426684));
#3919 = PCURVE('',#2912,#3920);
#3920 = DEFINITIONAL_REPRESENTATION('',(#3921),#3948);
#3921 = B_SPLINE_CURVE_WITH_KNOTS('',4,(#3922,#3923,#3924,#3925,#3926,
    #3927,#3928,#3929,#3930,#3931,#3932,#3933,#3934,#3935,#3936,#3937,
    #3938,#3939,#3940,#3941,#3942,#3943,#3944,#3945,#3946,#3947),
  .UNSPECIFIED.,.F.,.F.,(5,3,3,3,3,3,3,3,5),(0.,9.320225421266E-02,
    0.186802332858,0.280402386281,0.374002416625,0.467602425792,
    0.626402397591,0.813602301883,1.),.UNSPECIFIED.);
#3922 = CARTESIAN_POINT('',(1.231388019361,0.991803278689));
#3923 = CARTESIAN_POINT('',(1.23980755649,0.968961116374));
#3924 = CARTESIAN_POINT('',(1.248221300777,0.946118951602));
#3925 = CARTESIAN_POINT('',(1.256629515303,0.923276784489));
#3926 = CARTESIAN_POINT('',(1.273471217784,0.877494946289));
#3927 = CARTESIAN_POINT('',(1.281904660641,0.854555275185));
#3928 = CARTESIAN_POINT('',(1.290332997638,0.831615601928));
#3929 = CARTESIAN_POINT('',(1.307179877079,0.78573625748));
#3930 = CARTESIAN_POINT('',(1.315598419706,0.762796586289));
#3931 = CARTESIAN_POINT('',(1.324012276146,0.739856913131));
#3932 = CARTESIAN_POINT('',(1.34083098871,0.693977568704));
#3933 = CARTESIAN_POINT('',(1.349235844988,0.671037897435));
#3934 = CARTESIAN_POINT('',(1.357636389407,0.648098224364));
#3935 = CARTESIAN_POINT('',(1.374429187485,0.602218879955));
#3936 = CARTESIAN_POINT('',(1.382821441273,0.579279208617));
#3937 = CARTESIAN_POINT('',(1.39120971822,0.556339535624));
#3938 = CARTESIAN_POINT('',(1.413819065608,0.494480851208));
#3939 = CARTESIAN_POINT('',(1.428032949168,0.455561836799));
#3940 = CARTESIAN_POINT('',(1.442236551808,0.416642818131));
#3941 = CARTESIAN_POINT('',(1.473162878973,0.33184445912));
#3942 = CARTESIAN_POINT('',(1.489881838613,0.285965117222));
#3943 = CARTESIAN_POINT('',(1.506588371058,0.240085770204));
#3944 = CARTESIAN_POINT('',(1.539906687312,0.148523673031));
#3945 = CARTESIAN_POINT('',(1.556518572286,0.102840922917));
#3946 = CARTESIAN_POINT('',(1.573119769965,5.715816842371E-02));
#3947 = CARTESIAN_POINT('',(1.589710955551,1.147540983607E-02));
#3948 = ( GEOMETRIC_REPRESENTATION_CONTEXT(2) 
PARAMETRIC_REPRESENTATION_CONTEXT() REPRESENTATION_CONTEXT('2D SPACE',''
  ) );
#3949 = PCURVE('',#3950,#3979);
#3950 = B_SPLINE_SURFACE_WITH_KNOTS('',13,1,(
    (#3951,#3952)
    ,(#3953,#3954)
    ,(#3955,#3956)
    ,(#3957,#3958)
    ,(#3959,#3960)
    ,(#3961,#3962)
    ,(#3963,#3964)
    ,(#3965,#3966)
    ,(#3967,#3968)
    ,(#3969,#3970)
    ,(#3971,#3972)
    ,(#3973,#3974)
    ,(#3975,#3976)
    ,(#3977,#3978
    )),.UNSPECIFIED.,.T.,.F.,.F.,(14,14),(2,2),(0.,6.28318530718),(0.,1.
    ),.PIECEWISE_BEZIER_KNOTS.);
#3951 = CARTESIAN_POINT('',(303.59135821248,70.4,20.603983091432));
#3952 = CARTESIAN_POINT('',(291.08270372175,190.,20.605816287289));
#3953 = CARTESIAN_POINT('',(304.31577725692,70.399999999993,
    20.60398309143));
#3954 = CARTESIAN_POINT('',(291.63852396047,189.99999999997,
    20.605816287288));
#3955 = CARTESIAN_POINT('',(305.04019659114,70.400000000029,
    20.224676085388));
#3956 = CARTESIAN_POINT('',(292.19434442136,190.00000000013,
    20.314787893904));
#3957 = CARTESIAN_POINT('',(305.54795412984,70.399999999924,
    19.466084655182));
#3958 = CARTESIAN_POINT('',(292.58392821112,189.99999999963,
    19.732748433391));
#3959 = CARTESIAN_POINT('',(305.62241466433,70.400000000145,
    18.464216879548));
#3960 = CARTESIAN_POINT('',(292.64105905491,190.00000000072,
    18.964051930342));
#3961 = CARTESIAN_POINT('',(305.14185434545,70.399999999796,
    17.491773718957));
#3962 = CARTESIAN_POINT('',(292.27234269965,189.99999999891,
    18.217931858281));
#3963 = CARTESIAN_POINT('',(304.17507536609,70.400000000217,
    16.881330772054));
#3964 = CARTESIAN_POINT('',(291.5305685439,190.00000000127,
    17.749561310786));
#3965 = CARTESIAN_POINT('',(303.00764105896,70.399999999821,
    16.881330771919));
#3966 = CARTESIAN_POINT('',(290.63483889976,189.99999999879,
    17.749561310676));
#3967 = CARTESIAN_POINT('',(302.04086207931,70.400000000115,
    17.491773719065));
#3968 = CARTESIAN_POINT('',(289.89306474344,190.00000000091,
    18.217931858368));
#3969 = CARTESIAN_POINT('',(301.56030176083,70.399999999944,
    18.46421687948));
#3970 = CARTESIAN_POINT('',(289.52434838897,189.99999999943,
    18.964051930288));
#3971 = CARTESIAN_POINT('',(301.63476229501,70.400000000021,
    19.466084655215));
#3972 = CARTESIAN_POINT('',(289.58147923213,190.00000000027,
    19.732748433416));
#3973 = CARTESIAN_POINT('',(302.14251983387,70.399999999994,
    20.224676085376));
#3974 = CARTESIAN_POINT('',(289.97106302223,189.9999999999,
    20.314787893895));
#3975 = CARTESIAN_POINT('',(302.86693916803,70.400000000001,
    20.603983091433));
#3976 = CARTESIAN_POINT('',(290.52688348299,190.00000000002,
    20.60581628729));
#3977 = CARTESIAN_POINT('',(303.59135821248,70.4,20.603983091432));
#3978 = CARTESIAN_POINT('',(291.08270372175,190.,20.605816287289));
#3979 = DEFINITIONAL_REPRESENTATION('',(#3980),#4007);
#3980 = B_SPLINE_CURVE_WITH_KNOTS('',4,(#3981,#3982,#3983,#3984,#3985,
    #3986,#3987,#3988,#3989,#3990,#3991,#3992,#3993,#3994,#3995,#3996,
    #3997,#3998,#3999,#4000,#4001,#4002,#4003,#4004,#4005,#4006),
  .UNSPECIFIED.,.F.,.F.,(5,3,3,3,3,3,3,3,5),(0.,9.320225421266E-02,
    0.186802332858,0.280402386281,0.374002416625,0.467602425792,
    0.626402397591,0.813602301883,1.),.UNSPECIFIED.);
#3981 = CARTESIAN_POINT('',(3.021543070101,1.));
#3982 = CARTESIAN_POINT('',(3.019633156269,0.976699466536));
#3983 = CARTESIAN_POINT('',(3.01776055301,0.953398930564));
#3984 = CARTESIAN_POINT('',(3.015923602779,0.930098392204));
#3985 = CARTESIAN_POINT('',(3.012310368639,0.883397854911));
#3986 = CARTESIAN_POINT('',(3.010534375858,0.859997855957));
#3987 = CARTESIAN_POINT('',(3.008791363174,0.83659785481));
#3988 = CARTESIAN_POINT('',(3.005368640071,0.78979785462));
#3989 = CARTESIAN_POINT('',(3.003688928548,0.766397855579));
#3990 = CARTESIAN_POINT('',(3.00203953734,0.742997854531));
#3991 = CARTESIAN_POINT('',(2.998799018491,0.696197854363));
#3992 = CARTESIAN_POINT('',(2.997207889921,0.672797855243));
#3993 = CARTESIAN_POINT('',(2.995644703039,0.649397854284));
#3994 = CARTESIAN_POINT('',(2.992572079989,0.602597854135));
#3995 = CARTESIAN_POINT('',(2.991062643034,0.579197854944));
#3996 = CARTESIAN_POINT('',(2.989579013778,0.555797854064));
#3997 = CARTESIAN_POINT('',(2.985645292777,0.492697858256));
#3998 = CARTESIAN_POINT('',(2.983241870312,0.45299786028));
#3999 = CARTESIAN_POINT('',(2.98090528844,0.41329785796));
#4000 = CARTESIAN_POINT('',(2.975951316648,0.326797859637));
#4001 = CARTESIAN_POINT('',(2.973358427134,0.279997862049));
#4002 = CARTESIAN_POINT('',(2.970846508124,0.233197859238));
#4003 = CARTESIAN_POINT('',(2.96598445179,0.139798395566));
#4004 = CARTESIAN_POINT('',(2.96363365534,9.319893474815E-02));
#4005 = CARTESIAN_POINT('',(2.961352633358,4.659946946232E-02));
#4006 = CARTESIAN_POINT('',(2.959137030898,0.));
#4007 = ( GEOMETRIC_REPRESENTATION_CONTEXT(2) 
PARAMETRIC_REPRESENTATION_CONTEXT() REPRESENTATION_CONTEXT('2D SPACE',''
  ) );
#4008 = ORIENTED_EDGE('',*,*,#4009,.F.);
#4009 = EDGE_CURVE('',#4010,#3889,#4012,.T.);
#4010 = VERTEX_POINT('',#4011);
#4011 = CARTESIAN_POINT('',(296.51836487558,141.58315296174,
    17.592611580455));
#4012 = SURFACE_CURVE('',#4013,(#4016,#4022),.PCURVE_S1.);
#4013 = B_SPLINE_CURVE_WITH_KNOTS('',1,(#4014,#4015),.UNSPECIFIED.,.F.,
  .F.,(2,2),(0.,1.),.PIECEWISE_BEZIER_KNOTS.);
#4014 = CARTESIAN_POINT('',(296.53574182547,141.56244391928,
    17.554902204809));
#4015 = CARTESIAN_POINT('',(296.09354548931,142.08943299154,
    18.514503737395));
#4016 = PCURVE('',#2912,#4017);
#4017 = DEFINITIONAL_REPRESENTATION('',(#4018),#4021);
#4018 = B_SPLINE_CURVE_WITH_KNOTS('',1,(#4019,#4020),.UNSPECIFIED.,.F.,
  .F.,(2,2),(0.,1.),.PIECEWISE_BEZIER_KNOTS.);
#4019 = CARTESIAN_POINT('',(1.897029840483,0.594774130486));
#4020 = CARTESIAN_POINT('',(0.863732723775,0.599093713045));
#4021 = ( GEOMETRIC_REPRESENTATION_CONTEXT(2) 
PARAMETRIC_REPRESENTATION_CONTEXT() REPRESENTATION_CONTEXT('2D SPACE',''
  ) );
#4022 = PCURVE('',#4023,#4028);
#4023 = PLANE('',#4024);
#4024 = AXIS2_PLACEMENT_3D('',#4025,#4026,#4027);
#4025 = CARTESIAN_POINT('',(298.14047281279,139.65,16.534139929105));
#4026 = DIRECTION('',(-0.766044443119,-0.642787609687,0.));
#4027 = DIRECTION('',(-0.642787609687,0.766044443119,0.));
#4028 = DEFINITIONAL_REPRESENTATION('',(#4029),#4032);
#4029 = B_SPLINE_CURVE_WITH_KNOTS('',1,(#4030,#4031),.UNSPECIFIED.,.F.,
  .F.,(2,2),(0.,1.),.PIECEWISE_BEZIER_KNOTS.);
#4030 = CARTESIAN_POINT('',(2.496518232673,-1.020762275703));
#4031 = CARTESIAN_POINT('',(3.184453608994,-1.980363808289));
#4032 = ( GEOMETRIC_REPRESENTATION_CONTEXT(2) 
PARAMETRIC_REPRESENTATION_CONTEXT() REPRESENTATION_CONTEXT('2D SPACE',''
  ) );
#4033 = ORIENTED_EDGE('',*,*,#4034,.F.);
#4034 = EDGE_CURVE('',#4035,#4010,#4037,.T.);
#4035 = VERTEX_POINT('',#4036);
#4036 = CARTESIAN_POINT('',(298.15715735585,125.91403516934,
    17.546669814972));
#4037 = SURFACE_CURVE('',#4038,(#4049,#4078),.PCURVE_S1.);
#4038 = B_SPLINE_CURVE_WITH_KNOTS('',5,(#4039,#4040,#4041,#4042,#4043,
    #4044,#4045,#4046,#4047,#4048),.UNSPECIFIED.,.F.,.F.,(6,4,6),(
    4.74676987274E-08,0.999999946548,1.196135219044),.UNSPECIFIED.);
#4039 = CARTESIAN_POINT('',(298.15715735585,125.91403516934,
    17.546669814972));
#4040 = CARTESIAN_POINT('',(297.89419218834,128.42834508625,
    17.554041757546));
#4041 = CARTESIAN_POINT('',(297.5760775788,131.46995978024,
    17.56295975477));
#4042 = CARTESIAN_POINT('',(297.2607277213,134.48513962905,
    17.571800245175));
#4043 = CARTESIAN_POINT('',(296.980905313,137.16062803259,
    17.579644762168));
#4044 = CARTESIAN_POINT('',(296.70157602723,139.83140150406,
    17.587475455006));
#4045 = CARTESIAN_POINT('',(296.65577323932,140.26933936848,
    17.588759486368));
#4046 = CARTESIAN_POINT('',(296.60997045141,140.7072772329,
    17.590043517731));
#4047 = CARTESIAN_POINT('',(296.56416766349,141.14521509732,
    17.591327549093));
#4048 = CARTESIAN_POINT('',(296.51836487558,141.58315296174,
    17.592611580455));
#4049 = PCURVE('',#2912,#4050);
#4050 = DEFINITIONAL_REPRESENTATION('',(#4051),#4077);
#4051 = B_SPLINE_CURVE_WITH_KNOTS('',3,(#4052,#4053,#4054,#4055,#4056,
    #4057,#4058,#4059,#4060,#4061,#4062,#4063,#4064,#4065,#4066,#4067,
    #4068,#4069,#4070,#4071,#4072,#4073,#4074,#4075,#4076),
  .UNSPECIFIED.,.F.,.F.,(4,1,1,1,1,1,1,1,1,1,1,1,1,1,1,1,1,1,1,1,1,1,4),
  (4.74676987274E-08,5.436982799388E-02,0.10873960852,0.163109389046,
    0.217479169572,0.271848950099,0.326218730625,0.380588511151,
    0.434958291677,0.489328072203,0.54369785273,0.598067633256,
    0.652437413782,0.706807194308,0.761176974834,0.81554675536,
    0.869916535887,0.924286316413,0.978656096939,1.033025877465,
    1.087395657991,1.141765438517,1.196135219044),
  .QUASI_UNIFORM_KNOTS.);
#4052 = CARTESIAN_POINT('',(1.856424456055,0.466508484995));
#4053 = CARTESIAN_POINT('',(1.856424456055,0.468376176217));
#4054 = CARTESIAN_POINT('',(1.856424456055,0.472196087228));
#4055 = CARTESIAN_POINT('',(1.856424456055,0.478139053198));
#4056 = CARTESIAN_POINT('',(1.856424456055,0.484253831389));
#4057 = CARTESIAN_POINT('',(1.856424456055,0.490501938022));
#4058 = CARTESIAN_POINT('',(1.856424456055,0.49684670908));
#4059 = CARTESIAN_POINT('',(1.856424456055,0.503253546001));
#4060 = CARTESIAN_POINT('',(1.856424456055,0.509689831954));
#4061 = CARTESIAN_POINT('',(1.856424456055,0.516124936389));
#4062 = CARTESIAN_POINT('',(1.856424456055,0.522530195922));
#4063 = CARTESIAN_POINT('',(1.856424456055,0.528878901608));
#4064 = CARTESIAN_POINT('',(1.856424456055,0.535146284316));
#4065 = CARTESIAN_POINT('',(1.856424456055,0.541309501314));
#4066 = CARTESIAN_POINT('',(1.856424456055,0.547347619905));
#4067 = CARTESIAN_POINT('',(1.856424456055,0.553241611663));
#4068 = CARTESIAN_POINT('',(1.856424456055,0.558974307206));
#4069 = CARTESIAN_POINT('',(1.856424456055,0.564530498228));
#4070 = CARTESIAN_POINT('',(1.856424456055,0.569896489951));
#4071 = CARTESIAN_POINT('',(1.856424456055,0.575061704645));
#4072 = CARTESIAN_POINT('',(1.856424456055,0.580012630446));
#4073 = CARTESIAN_POINT('',(1.856424456055,0.584994546491));
#4074 = CARTESIAN_POINT('',(1.856424456055,0.589968119009));
#4075 = CARTESIAN_POINT('',(1.856424456055,0.593285423264));
#4076 = CARTESIAN_POINT('',(1.856424456055,0.594943876736));
#4077 = ( GEOMETRIC_REPRESENTATION_CONTEXT(2) 
PARAMETRIC_REPRESENTATION_CONTEXT() REPRESENTATION_CONTEXT('2D SPACE',''
  ) );
#4078 = PCURVE('',#4079,#4084);
#4079 = CYLINDRICAL_SURFACE('',#4080,1.760416666667);
#4080 = AXIS2_PLACEMENT_3D('',#4081,#4082,#4083);
#4081 = CARTESIAN_POINT('',(296.48464355826,138.35,19.304378776983));
#4082 = DIRECTION('',(-0.104019604147,0.994570972053,2.916076511733E-03)
  );
#4083 = DIRECTION('',(0.994575200748,0.104020046415,0.));
#4084 = DEFINITIONAL_REPRESENTATION('',(#4085),#4111);
#4085 = B_SPLINE_CURVE_WITH_KNOTS('',3,(#4086,#4087,#4088,#4089,#4090,
    #4091,#4092,#4093,#4094,#4095,#4096,#4097,#4098,#4099,#4100,#4101,
    #4102,#4103,#4104,#4105,#4106,#4107,#4108,#4109,#4110),
  .UNSPECIFIED.,.F.,.F.,(4,1,1,1,1,1,1,1,1,1,1,1,1,1,1,1,1,1,1,1,1,1,4),
  (4.74676987274E-08,5.436982799388E-02,0.10873960852,0.163109389046,
    0.217479169572,0.271848950099,0.326218730625,0.380588511151,
    0.434958291677,0.489328072203,0.54369785273,0.598067633256,
    0.652437413782,0.706807194308,0.761176974834,0.81554675536,
    0.869916535887,0.924286316413,0.978656096939,1.033025877465,
    1.087395657991,1.141765438517,1.196135219044),
  .QUASI_UNIFORM_KNOTS.);
#4086 = CARTESIAN_POINT('',(7.64231161705,-12.54754946701));
#4087 = CARTESIAN_POINT('',(7.64231161705,-12.31844733603));
#4088 = CARTESIAN_POINT('',(7.64231161705,-11.84987429656));
#4089 = CARTESIAN_POINT('',(7.64231161705,-11.12087468895));
#4090 = CARTESIAN_POINT('',(7.64231161705,-10.37079957093));
#4091 = CARTESIAN_POINT('',(7.64231161705,-9.604369591914));
#4092 = CARTESIAN_POINT('',(7.64231161705,-8.826082178645));
#4093 = CARTESIAN_POINT('',(7.64231161705,-8.040181396987));
#4094 = CARTESIAN_POINT('',(7.642311617051,-7.250668221671));
#4095 = CARTESIAN_POINT('',(7.642311617051,-6.461299978325));
#4096 = CARTESIAN_POINT('',(7.642311617051,-5.675592688444));
#4097 = CARTESIAN_POINT('',(7.642311617051,-4.896822630317));
#4098 = CARTESIAN_POINT('',(7.642311617051,-4.128028133192));
#4099 = CARTESIAN_POINT('',(7.642311617051,-3.372011222516));
#4100 = CARTESIAN_POINT('',(7.642311617051,-2.631339627643));
#4101 = CARTESIAN_POINT('',(7.642311617051,-1.908347488602));
#4102 = CARTESIAN_POINT('',(7.642311617051,-1.205140904139));
#4103 = CARTESIAN_POINT('',(7.64231161705,-0.523585415629));
#4104 = CARTESIAN_POINT('',(7.64231161705,0.134639093784));
#4105 = CARTESIAN_POINT('',(7.64231161705,0.768235096826));
#4106 = CARTESIAN_POINT('',(7.64231161705,1.375545147848));
#4107 = CARTESIAN_POINT('',(7.64231161705,1.986656646701));
#4108 = CARTESIAN_POINT('',(7.64231161705,2.59674467883));
#4109 = CARTESIAN_POINT('',(7.64231161705,3.003664979626));
#4110 = CARTESIAN_POINT('',(7.64231161705,3.207100761769));
#4111 = ( GEOMETRIC_REPRESENTATION_CONTEXT(2) 
PARAMETRIC_REPRESENTATION_CONTEXT() REPRESENTATION_CONTEXT('2D SPACE',''
  ) );
#4112 = ORIENTED_EDGE('',*,*,#4113,.T.);
#4113 = EDGE_CURVE('',#4035,#4114,#4116,.T.);
#4114 = VERTEX_POINT('',#4115);
#4115 = CARTESIAN_POINT('',(297.99707398554,125.89611730302,
    17.947475796528));
#4116 = SURFACE_CURVE('',#4117,(#4120,#4126),.PCURVE_S1.);
#4117 = B_SPLINE_CURVE_WITH_KNOTS('',1,(#4118,#4119),.UNSPECIFIED.,.F.,
  .F.,(2,2),(0.,1.),.PIECEWISE_BEZIER_KNOTS.);
#4118 = CARTESIAN_POINT('',(298.17284985882,125.91579160519,
    17.507379980905));
#4119 = CARTESIAN_POINT('',(297.78959132436,125.87289411264,
    18.466956936357));
#4120 = PCURVE('',#2912,#4121);
#4121 = DEFINITIONAL_REPRESENTATION('',(#4122),#4125);
#4122 = B_SPLINE_CURVE_WITH_KNOTS('',1,(#4123,#4124),.UNSPECIFIED.,.F.,
  .F.,(2,2),(0.,1.),.PIECEWISE_BEZIER_KNOTS.);
#4123 = CARTESIAN_POINT('',(1.898805461434,0.46652288201));
#4124 = CARTESIAN_POINT('',(0.863732723775,0.466171263218));
#4125 = ( GEOMETRIC_REPRESENTATION_CONTEXT(2) 
PARAMETRIC_REPRESENTATION_CONTEXT() REPRESENTATION_CONTEXT('2D SPACE',''
  ) );
#4126 = PCURVE('',#4127,#4132);
#4127 = PLANE('',#4128);
#4128 = AXIS2_PLACEMENT_3D('',#4129,#4130,#4131);
#4129 = CARTESIAN_POINT('',(297.78983468682,125.8705715297,
    19.267789162702));
#4130 = DIRECTION('',(-0.104019604147,0.994570972053,2.916076511733E-03)
  );
#4131 = DIRECTION('',(0.994575200748,0.104020046415,0.));
#4132 = DEFINITIONAL_REPRESENTATION('',(#4133),#4136);
#4133 = B_SPLINE_CURVE_WITH_KNOTS('',1,(#4134,#4135),.UNSPECIFIED.,.F.,
  .F.,(2,2),(0.,1.),.PIECEWISE_BEZIER_KNOTS.);
#4134 = CARTESIAN_POINT('',(0.385641185925,1.760416666667));
#4135 = CARTESIAN_POINT('',(-4.470894054975E-07,0.800835631306));
#4136 = ( GEOMETRIC_REPRESENTATION_CONTEXT(2) 
PARAMETRIC_REPRESENTATION_CONTEXT() REPRESENTATION_CONTEXT('2D SPACE',''
  ) );
#4137 = ORIENTED_EDGE('',*,*,#4138,.T.);
#4138 = EDGE_CURVE('',#4114,#4139,#4141,.T.);
#4139 = VERTEX_POINT('',#4140);
#4140 = CARTESIAN_POINT('',(300.00365799939,106.91368538455,
    17.839197621744));
#4141 = SURFACE_CURVE('',#4142,(#4169,#4199),.PCURVE_S1.);
#4142 = B_SPLINE_CURVE_WITH_KNOTS('',4,(#4143,#4144,#4145,#4146,#4147,
    #4148,#4149,#4150,#4151,#4152,#4153,#4154,#4155,#4156,#4157,#4158,
    #4159,#4160,#4161,#4162,#4163,#4164,#4165,#4166,#4167,#4168),
  .UNSPECIFIED.,.F.,.F.,(5,3,3,3,3,3,3,3,5),(0.,9.320225421266E-02,
    0.186802332858,0.280402386281,0.374002416625,0.467602425792,
    0.626402397591,0.813602301883,1.),.UNSPECIFIED.);
#4143 = CARTESIAN_POINT('',(291.22042937005,190.,18.314093197031));
#4144 = CARTESIAN_POINT('',(291.51504170673,187.21325619766,
    18.298116020944));
#4145 = CARTESIAN_POINT('',(291.80965190473,184.4265120954,
    18.282144215006));
#4146 = CARTESIAN_POINT('',(292.10426006112,181.6397677076,
    18.266177535338));
#4147 = CARTESIAN_POINT('',(292.69472995945,176.05438344731,
    18.23418586539));
#4148 = CARTESIAN_POINT('',(292.99059168474,173.25574357251,
    18.218160916918));
#4149 = CARTESIAN_POINT('',(293.28645152479,170.45710343527,
    18.202140701749));
#4150 = CARTESIAN_POINT('',(293.87816750944,164.85982341261,
    18.170109353499));
#4151 = CARTESIAN_POINT('',(294.17402365411,162.0611835272,
    18.154098220248));
#4152 = CARTESIAN_POINT('',(294.46987806839,159.26254340195,
    18.138091431253));
#4153 = CARTESIAN_POINT('',(295.06158350128,153.66526338187,
    18.106086198884));
#4154 = CARTESIAN_POINT('',(295.35743451994,150.86662348704,
    18.090087755368));
#4155 = CARTESIAN_POINT('',(295.65328394634,148.06798337241,
    18.074093309094));
#4156 = CARTESIAN_POINT('',(296.24497967126,142.47070335454,
    18.042112104224));
#4157 = CARTESIAN_POINT('',(296.54082596982,139.67206345132,
    18.02612534551));
#4158 = CARTESIAN_POINT('',(296.83667079976,136.87342334611,
    18.010142273465));
#4159 = CARTESIAN_POINT('',(297.6344364563,129.32666384742,
    17.967052195082));
#4160 = CARTESIAN_POINT('',(298.13635462876,124.57854408953,
    17.939951851236));
#4161 = CARTESIAN_POINT('',(298.63826900427,119.83042381195,
    17.912861038169));
#4162 = CARTESIAN_POINT('',(299.7318528028,109.48502401264,
    17.853853992754));
#4163 = CARTESIAN_POINT('',(300.32352083532,103.88774430106,
    17.82194125059));
#4164 = CARTESIAN_POINT('',(300.91518427785,98.290463964861,
    17.790040028889));
#4165 = CARTESIAN_POINT('',(302.09596715949,87.119888109727,
    17.726395758244));
#4166 = CARTESIAN_POINT('',(302.68508663596,81.546592595879,
    17.694652615514));
#4167 = CARTESIAN_POINT('',(303.27420216478,75.973296547693,
    17.662919380306));
#4168 = CARTESIAN_POINT('',(303.86331399525,70.4,17.631195426684));
#4169 = PCURVE('',#2912,#4170);
#4170 = DEFINITIONAL_REPRESENTATION('',(#4171),#4198);
#4171 = B_SPLINE_CURVE_WITH_KNOTS('',4,(#4172,#4173,#4174,#4175,#4176,
    #4177,#4178,#4179,#4180,#4181,#4182,#4183,#4184,#4185,#4186,#4187,
    #4188,#4189,#4190,#4191,#4192,#4193,#4194,#4195,#4196,#4197),
  .UNSPECIFIED.,.F.,.F.,(5,3,3,3,3,3,3,3,5),(0.,9.320225421266E-02,
    0.186802332858,0.280402386281,0.374002416625,0.467602425792,
    0.626402397591,0.813602301883,1.),.UNSPECIFIED.);
#4172 = CARTESIAN_POINT('',(1.231388019361,0.991803278689));
#4173 = CARTESIAN_POINT('',(1.23980755649,0.968961116374));
#4174 = CARTESIAN_POINT('',(1.248221300777,0.946118951602));
#4175 = CARTESIAN_POINT('',(1.256629515303,0.923276784489));
#4176 = CARTESIAN_POINT('',(1.273471217784,0.877494946289));
#4177 = CARTESIAN_POINT('',(1.281904660641,0.854555275185));
#4178 = CARTESIAN_POINT('',(1.290332997638,0.831615601928));
#4179 = CARTESIAN_POINT('',(1.307179877079,0.78573625748));
#4180 = CARTESIAN_POINT('',(1.315598419706,0.762796586289));
#4181 = CARTESIAN_POINT('',(1.324012276146,0.739856913131));
#4182 = CARTESIAN_POINT('',(1.34083098871,0.693977568704));
#4183 = CARTESIAN_POINT('',(1.349235844988,0.671037897435));
#4184 = CARTESIAN_POINT('',(1.357636389407,0.648098224364));
#4185 = CARTESIAN_POINT('',(1.374429187485,0.602218879955));
#4186 = CARTESIAN_POINT('',(1.382821441273,0.579279208617));
#4187 = CARTESIAN_POINT('',(1.39120971822,0.556339535624));
#4188 = CARTESIAN_POINT('',(1.413819065608,0.494480851208));
#4189 = CARTESIAN_POINT('',(1.428032949168,0.455561836799));
#4190 = CARTESIAN_POINT('',(1.442236551808,0.416642818131));
#4191 = CARTESIAN_POINT('',(1.473162878973,0.33184445912));
#4192 = CARTESIAN_POINT('',(1.489881838613,0.285965117222));
#4193 = CARTESIAN_POINT('',(1.506588371058,0.240085770204));
#4194 = CARTESIAN_POINT('',(1.539906687312,0.148523673031));
#4195 = CARTESIAN_POINT('',(1.556518572286,0.102840922917));
#4196 = CARTESIAN_POINT('',(1.573119769965,5.715816842371E-02));
#4197 = CARTESIAN_POINT('',(1.589710955551,1.147540983607E-02));
#4198 = ( GEOMETRIC_REPRESENTATION_CONTEXT(2) 
PARAMETRIC_REPRESENTATION_CONTEXT() REPRESENTATION_CONTEXT('2D SPACE',''
  ) );
#4199 = PCURVE('',#4200,#4229);
#4200 = B_SPLINE_SURFACE_WITH_KNOTS('',13,1,(
    (#4201,#4202)
    ,(#4203,#4204)
    ,(#4205,#4206)
    ,(#4207,#4208)
    ,(#4209,#4210)
    ,(#4211,#4212)
    ,(#4213,#4214)
    ,(#4215,#4216)
    ,(#4217,#4218)
    ,(#4219,#4220)
    ,(#4221,#4222)
    ,(#4223,#4224)
    ,(#4225,#4226)
    ,(#4227,#4228
    )),.UNSPECIFIED.,.T.,.F.,.F.,(14,14),(2,2),(0.,6.28318530718),(0.,1.
    ),.PIECEWISE_BEZIER_KNOTS.);
#4201 = CARTESIAN_POINT('',(303.59135821248,70.4,20.603983091432));
#4202 = CARTESIAN_POINT('',(291.08270372175,190.,20.605816287289));
#4203 = CARTESIAN_POINT('',(304.31577725692,70.399999999993,
    20.60398309143));
#4204 = CARTESIAN_POINT('',(291.63852396047,189.99999999997,
    20.605816287288));
#4205 = CARTESIAN_POINT('',(305.04019659114,70.400000000029,
    20.224676085388));
#4206 = CARTESIAN_POINT('',(292.19434442136,190.00000000013,
    20.314787893904));
#4207 = CARTESIAN_POINT('',(305.54795412984,70.399999999924,
    19.466084655182));
#4208 = CARTESIAN_POINT('',(292.58392821112,189.99999999963,
    19.732748433391));
#4209 = CARTESIAN_POINT('',(305.62241466433,70.400000000145,
    18.464216879548));
#4210 = CARTESIAN_POINT('',(292.64105905491,190.00000000072,
    18.964051930342));
#4211 = CARTESIAN_POINT('',(305.14185434545,70.399999999796,
    17.491773718957));
#4212 = CARTESIAN_POINT('',(292.27234269965,189.99999999891,
    18.217931858281));
#4213 = CARTESIAN_POINT('',(304.17507536609,70.400000000217,
    16.881330772054));
#4214 = CARTESIAN_POINT('',(291.5305685439,190.00000000127,
    17.749561310786));
#4215 = CARTESIAN_POINT('',(303.00764105896,70.399999999821,
    16.881330771919));
#4216 = CARTESIAN_POINT('',(290.63483889976,189.99999999879,
    17.749561310676));
#4217 = CARTESIAN_POINT('',(302.04086207931,70.400000000115,
    17.491773719065));
#4218 = CARTESIAN_POINT('',(289.89306474344,190.00000000091,
    18.217931858368));
#4219 = CARTESIAN_POINT('',(301.56030176083,70.399999999944,
    18.46421687948));
#4220 = CARTESIAN_POINT('',(289.52434838897,189.99999999943,
    18.964051930288));
#4221 = CARTESIAN_POINT('',(301.63476229501,70.400000000021,
    19.466084655215));
#4222 = CARTESIAN_POINT('',(289.58147923213,190.00000000027,
    19.732748433416));
#4223 = CARTESIAN_POINT('',(302.14251983387,70.399999999994,
    20.224676085376));
#4224 = CARTESIAN_POINT('',(289.97106302223,189.9999999999,
    20.314787893895));
#4225 = CARTESIAN_POINT('',(302.86693916803,70.400000000001,
    20.603983091433));
#4226 = CARTESIAN_POINT('',(290.52688348299,190.00000000002,
    20.60581628729));
#4227 = CARTESIAN_POINT('',(303.59135821248,70.4,20.603983091432));
#4228 = CARTESIAN_POINT('',(291.08270372175,190.,20.605816287289));
#4229 = DEFINITIONAL_REPRESENTATION('',(#4230),#4257);
#4230 = B_SPLINE_CURVE_WITH_KNOTS('',4,(#4231,#4232,#4233,#4234,#4235,
    #4236,#4237,#4238,#4239,#4240,#4241,#4242,#4243,#4244,#4245,#4246,
    #4247,#4248,#4249,#4250,#4251,#4252,#4253,#4254,#4255,#4256),
  .UNSPECIFIED.,.F.,.F.,(5,3,3,3,3,3,3,3,5),(0.,9.320225421266E-02,
    0.186802332858,0.280402386281,0.374002416625,0.467602425792,
    0.626402397591,0.813602301883,1.),.UNSPECIFIED.);
#4231 = CARTESIAN_POINT('',(3.021543070101,1.));
#4232 = CARTESIAN_POINT('',(3.019633156269,0.976699466536));
#4233 = CARTESIAN_POINT('',(3.01776055301,0.953398930564));
#4234 = CARTESIAN_POINT('',(3.015923602779,0.930098392204));
#4235 = CARTESIAN_POINT('',(3.012310368639,0.883397854911));
#4236 = CARTESIAN_POINT('',(3.010534375858,0.859997855957));
#4237 = CARTESIAN_POINT('',(3.008791363174,0.83659785481));
#4238 = CARTESIAN_POINT('',(3.005368640071,0.78979785462));
#4239 = CARTESIAN_POINT('',(3.003688928548,0.766397855579));
#4240 = CARTESIAN_POINT('',(3.00203953734,0.742997854531));
#4241 = CARTESIAN_POINT('',(2.998799018491,0.696197854363));
#4242 = CARTESIAN_POINT('',(2.997207889921,0.672797855243));
#4243 = CARTESIAN_POINT('',(2.995644703039,0.649397854284));
#4244 = CARTESIAN_POINT('',(2.992572079989,0.602597854135));
#4245 = CARTESIAN_POINT('',(2.991062643034,0.579197854944));
#4246 = CARTESIAN_POINT('',(2.989579013778,0.555797854064));
#4247 = CARTESIAN_POINT('',(2.985645292777,0.492697858256));
#4248 = CARTESIAN_POINT('',(2.983241870312,0.45299786028));
#4249 = CARTESIAN_POINT('',(2.98090528844,0.41329785796));
#4250 = CARTESIAN_POINT('',(2.975951316648,0.326797859637));
#4251 = CARTESIAN_POINT('',(2.973358427134,0.279997862049));
#4252 = CARTESIAN_POINT('',(2.970846508124,0.233197859238));
#4253 = CARTESIAN_POINT('',(2.96598445179,0.139798395566));
#4254 = CARTESIAN_POINT('',(2.96363365534,9.319893474815E-02));
#4255 = CARTESIAN_POINT('',(2.961352633358,4.659946946232E-02));
#4256 = CARTESIAN_POINT('',(2.959137030898,0.));
#4257 = ( GEOMETRIC_REPRESENTATION_CONTEXT(2) 
PARAMETRIC_REPRESENTATION_CONTEXT() REPRESENTATION_CONTEXT('2D SPACE',''
  ) );
#4258 = ORIENTED_EDGE('',*,*,#4259,.F.);
#4259 = EDGE_CURVE('',#4260,#4139,#4262,.T.);
#4260 = VERTEX_POINT('',#4261);
#4261 = CARTESIAN_POINT('',(300.20871991077,106.66930211495,
    17.394196819279));
#4262 = SURFACE_CURVE('',#4263,(#4266,#4272),.PCURVE_S1.);
#4263 = B_SPLINE_CURVE_WITH_KNOTS('',1,(#4264,#4265),.UNSPECIFIED.,.F.,
  .F.,(2,2),(0.,1.),.PIECEWISE_BEZIER_KNOTS.);
#4264 = CARTESIAN_POINT('',(300.22880748389,106.64536267752,
    17.350605173724));
#4265 = CARTESIAN_POINT('',(299.73956923783,107.22841411491,
    18.412291425576));
#4266 = PCURVE('',#2912,#4267);
#4267 = DEFINITIONAL_REPRESENTATION('',(#4268),#4271);
#4268 = B_SPLINE_CURVE_WITH_KNOTS('',1,(#4269,#4270),.UNSPECIFIED.,.F.,
  .F.,(2,2),(0.,1.),.PIECEWISE_BEZIER_KNOTS.);
#4269 = CARTESIAN_POINT('',(2.006954473256,0.308568546537));
#4270 = CARTESIAN_POINT('',(0.863732723775,0.31334765668));
#4271 = ( GEOMETRIC_REPRESENTATION_CONTEXT(2) 
PARAMETRIC_REPRESENTATION_CONTEXT() REPRESENTATION_CONTEXT('2D SPACE',''
  ) );
#4272 = PCURVE('',#1100,#4273);
#4273 = DEFINITIONAL_REPRESENTATION('',(#4274),#4277);
#4274 = B_SPLINE_CURVE_WITH_KNOTS('',1,(#4275,#4276),.UNSPECIFIED.,.F.,
  .F.,(2,2),(0.,1.),.PIECEWISE_BEZIER_KNOTS.);
#4275 = CARTESIAN_POINT('',(2.604760984106,-1.021168381645));
#4276 = CARTESIAN_POINT('',(3.365880580523,-2.082854633497));
#4277 = ( GEOMETRIC_REPRESENTATION_CONTEXT(2) 
PARAMETRIC_REPRESENTATION_CONTEXT() REPRESENTATION_CONTEXT('2D SPACE',''
  ) );
#4278 = ORIENTED_EDGE('',*,*,#4279,.F.);
#4279 = EDGE_CURVE('',#2870,#4260,#4280,.T.);
#4280 = SURFACE_CURVE('',#4281,(#4294,#4323),.PCURVE_S1.);
#4281 = B_SPLINE_CURVE_WITH_KNOTS('',6,(#4282,#4283,#4284,#4285,#4286,
    #4287,#4288,#4289,#4290,#4291,#4292,#4293),.UNSPECIFIED.,.F.,.F.,(7,
    5,7),(5.638239778044E-08,0.999999867819,1.50315627807),
  .UNSPECIFIED.);
#4282 = CARTESIAN_POINT('',(301.86879740714,90.796670193371,
    17.347658351511));
#4283 = CARTESIAN_POINT('',(301.68430793437,92.560644165131,
    17.352830313302));
#4284 = CARTESIAN_POINT('',(301.45254637555,94.77660451925,
    17.359327496631));
#4285 = CARTESIAN_POINT('',(301.16809970449,97.49630725651,
    17.367301649804));
#4286 = CARTESIAN_POINT('',(300.83444683593,100.68648915098,
    17.376655245224));
#4287 = CARTESIAN_POINT('',(300.52498983125,103.64532519428,
    17.385330535908));
#4288 = CARTESIAN_POINT('',(300.40669911206,104.77634772158,
    17.388646687614));
#4289 = CARTESIAN_POINT('',(300.3671032718,105.15493860026,
    17.389756713947));
#4290 = CARTESIAN_POINT('',(300.32750743154,105.53352947893,
    17.39086674028));
#4291 = CARTESIAN_POINT('',(300.28791159129,105.91212035761,
    17.391976766613));
#4292 = CARTESIAN_POINT('',(300.24831575103,106.29071123628,
    17.393086792946));
#4293 = CARTESIAN_POINT('',(300.20871991077,106.66930211495,
    17.394196819279));
#4294 = PCURVE('',#2912,#4295);
#4295 = DEFINITIONAL_REPRESENTATION('',(#4296),#4322);
#4296 = B_SPLINE_CURVE_WITH_KNOTS('',3,(#4297,#4298,#4299,#4300,#4301,
    #4302,#4303,#4304,#4305,#4306,#4307,#4308,#4309,#4310,#4311,#4312,
    #4313,#4314,#4315,#4316,#4317,#4318,#4319,#4320,#4321),
  .UNSPECIFIED.,.F.,.F.,(4,1,1,1,1,1,1,1,1,1,1,1,1,1,1,1,1,1,1,1,1,1,4),
  (5.638239778044E-08,6.832533918637E-02,0.13665062199,0.204975904794,
    0.273301187598,0.341626470402,0.409951753206,0.47827703601,
    0.546602318814,0.614927601618,0.683252884422,0.751578167226,
    0.81990345003,0.888228732834,0.956554015638,1.024879298442,
    1.093204581246,1.16152986405,1.229855146854,1.298180429658,
    1.366505712462,1.434830995266,1.50315627807),.QUASI_UNIFORM_KNOTS.);
#4297 = CARTESIAN_POINT('',(1.960015071708,0.178661231093));
#4298 = CARTESIAN_POINT('',(1.960015071708,0.180636065772));
#4299 = CARTESIAN_POINT('',(1.960015071708,0.184762230851));
#4300 = CARTESIAN_POINT('',(1.960015071708,0.191481144744));
#4301 = CARTESIAN_POINT('',(1.960015071707,0.198735655593));
#4302 = CARTESIAN_POINT('',(1.960015071707,0.20651156357));
#4303 = CARTESIAN_POINT('',(1.960015071706,0.214774932918));
#4304 = CARTESIAN_POINT('',(1.960015071706,0.22346543709));
#4305 = CARTESIAN_POINT('',(1.960015071706,0.232491548846));
#4306 = CARTESIAN_POINT('',(1.960015071706,0.241725323853));
#4307 = CARTESIAN_POINT('',(1.960015071706,0.250996889191));
#4308 = CARTESIAN_POINT('',(1.960015071707,0.260090442612));
#4309 = CARTESIAN_POINT('',(1.960015071707,0.268734427765));
#4310 = CARTESIAN_POINT('',(1.960015071708,0.276613418683));
#4311 = CARTESIAN_POINT('',(1.960015071708,0.283298915134));
#4312 = CARTESIAN_POINT('',(1.960015071708,0.288482709135));
#4313 = CARTESIAN_POINT('',(1.960015071708,0.291080979832));
#4314 = CARTESIAN_POINT('',(1.960015071708,0.293590615312));
#4315 = CARTESIAN_POINT('',(1.960015071708,0.296124000529));
#4316 = CARTESIAN_POINT('',(1.960015071708,0.298651022012));
#4317 = CARTESIAN_POINT('',(1.960015071708,0.301179748695));
#4318 = CARTESIAN_POINT('',(1.960015071708,0.303708018314));
#4319 = CARTESIAN_POINT('',(1.960015071708,0.306236410988));
#4320 = CARTESIAN_POINT('',(1.960015071708,0.307921982666));
#4321 = CARTESIAN_POINT('',(1.960015071708,0.308764771434));
#4322 = ( GEOMETRIC_REPRESENTATION_CONTEXT(2) 
PARAMETRIC_REPRESENTATION_CONTEXT() REPRESENTATION_CONTEXT('2D SPACE',''
  ) );
#4323 = PCURVE('',#2886,#4324);
#4324 = DEFINITIONAL_REPRESENTATION('',(#4325),#4351);
#4325 = B_SPLINE_CURVE_WITH_KNOTS('',3,(#4326,#4327,#4328,#4329,#4330,
    #4331,#4332,#4333,#4334,#4335,#4336,#4337,#4338,#4339,#4340,#4341,
    #4342,#4343,#4344,#4345,#4346,#4347,#4348,#4349,#4350),
  .UNSPECIFIED.,.F.,.F.,(4,1,1,1,1,1,1,1,1,1,1,1,1,1,1,1,1,1,1,1,1,1,4),
  (5.638239778044E-08,6.832533918637E-02,0.13665062199,0.204975904794,
    0.273301187598,0.341626470402,0.409951753206,0.47827703601,
    0.546602318814,0.614927601618,0.683252884422,0.751578167226,
    0.81990345003,0.888228732834,0.956554015638,1.024879298442,
    1.093204581246,1.16152986405,1.229855146854,1.298180429658,
    1.366505712462,1.434830995266,1.50315627807),.QUASI_UNIFORM_KNOTS.);
#4326 = CARTESIAN_POINT('',(1.349699339807,-12.66987173728));
#4327 = CARTESIAN_POINT('',(1.349699339807,-12.42762675173));
#4328 = CARTESIAN_POINT('',(1.349699339807,-11.92148676392));
#4329 = CARTESIAN_POINT('',(1.349699339807,-11.09730476177));
#4330 = CARTESIAN_POINT('',(1.349699339807,-10.20742324663));
#4331 = CARTESIAN_POINT('',(1.349699339808,-9.253584053765));
#4332 = CARTESIAN_POINT('',(1.349699339808,-8.239949945411));
#4333 = CARTESIAN_POINT('',(1.349699339809,-7.173920935128));
#4334 = CARTESIAN_POINT('',(1.349699339809,-6.066724299416));
#4335 = CARTESIAN_POINT('',(1.349699339809,-4.934054452326));
#4336 = CARTESIAN_POINT('',(1.349699339808,-3.79674901811));
#4337 = CARTESIAN_POINT('',(1.349699339808,-2.681279586014));
#4338 = CARTESIAN_POINT('',(1.349699339807,-1.620956875721));
#4339 = CARTESIAN_POINT('',(1.349699339807,-0.654472915327));
#4340 = CARTESIAN_POINT('',(1.349699339807,0.165609904192));
#4341 = CARTESIAN_POINT('',(1.349699339806,0.80148495574));
#4342 = CARTESIAN_POINT('',(1.349699339807,1.120204317164));
#4343 = CARTESIAN_POINT('',(1.349699339806,1.428051154736));
#4344 = CARTESIAN_POINT('',(1.349699339807,1.738811276664));
#4345 = CARTESIAN_POINT('',(1.349699339807,2.048790785019));
#4346 = CARTESIAN_POINT('',(1.349699339806,2.35897946331));
#4347 = CARTESIAN_POINT('',(1.349699339807,2.669112075432));
#4348 = CARTESIAN_POINT('',(1.349699339807,2.979259782292));
#4349 = CARTESIAN_POINT('',(1.349699339807,3.186022045011));
#4350 = CARTESIAN_POINT('',(1.349699339807,3.289403535769));
#4351 = ( GEOMETRIC_REPRESENTATION_CONTEXT(2) 
PARAMETRIC_REPRESENTATION_CONTEXT() REPRESENTATION_CONTEXT('2D SPACE',''
  ) );
#4352 = ORIENTED_EDGE('',*,*,#2898,.T.);
#4353 = ORIENTED_EDGE('',*,*,#3457,.T.);
#4354 = ORIENTED_EDGE('',*,*,#4355,.F.);
#4355 = EDGE_CURVE('',#3553,#3237,#4356,.T.);
#4356 = SURFACE_CURVE('',#4357,(#4360,#4366),.PCURVE_S1.);
#4357 = B_SPLINE_CURVE_WITH_KNOTS('',1,(#4358,#4359),.UNSPECIFIED.,.F.,
  .F.,(2,2),(0.,1.),.PIECEWISE_BEZIER_KNOTS.);
#4358 = CARTESIAN_POINT('',(302.78664002772,82.572796936902,
    17.180661714767));
#4359 = CARTESIAN_POINT('',(302.32365625785,82.520975930893,
    18.339849355399));
#4360 = PCURVE('',#2912,#4361);
#4361 = DEFINITIONAL_REPRESENTATION('',(#4362),#4365);
#4362 = B_SPLINE_CURVE_WITH_KNOTS('',1,(#4363,#4364),.UNSPECIFIED.,.F.,
  .F.,(2,2),(0.,1.),.PIECEWISE_BEZIER_KNOTS.);
#4363 = CARTESIAN_POINT('',(2.11412073886,0.111252433909));
#4364 = CARTESIAN_POINT('',(0.863732723775,0.110827671565));
#4365 = ( GEOMETRIC_REPRESENTATION_CONTEXT(2) 
PARAMETRIC_REPRESENTATION_CONTEXT() REPRESENTATION_CONTEXT('2D SPACE',''
  ) );
#4366 = PCURVE('',#870,#4367);
#4367 = DEFINITIONAL_REPRESENTATION('',(#4368),#4371);
#4368 = B_SPLINE_CURVE_WITH_KNOTS('',1,(#4369,#4370),.UNSPECIFIED.,.F.,
  .F.,(2,2),(0.,1.),.PIECEWISE_BEZIER_KNOTS.);
#4369 = CARTESIAN_POINT('',(0.465862152219,1.960028200547));
#4370 = CARTESIAN_POINT('',(-4.470894054975E-07,0.800835631306));
#4371 = ( GEOMETRIC_REPRESENTATION_CONTEXT(2) 
PARAMETRIC_REPRESENTATION_CONTEXT() REPRESENTATION_CONTEXT('2D SPACE',''
  ) );
#4372 = ADVANCED_FACE('',(#4373),#4200,.T.);
#4373 = FACE_BOUND('',#4374,.T.);
#4374 = EDGE_LOOP('',(#4375,#4590,#4641,#4839));
#4375 = ORIENTED_EDGE('',*,*,#4376,.F.);
#4376 = EDGE_CURVE('',#4377,#4139,#4379,.T.);
#4377 = VERTEX_POINT('',#4378);
#4378 = CARTESIAN_POINT('',(299.73956975136,107.2284135029,
    20.60454758721));
#4379 = SURFACE_CURVE('',#4380,(#4448,#4519),.PCURVE_S1.);
#4380 = B_SPLINE_CURVE_WITH_KNOTS('',6,(#4381,#4382,#4383,#4384,#4385,
    #4386,#4387,#4388,#4389,#4390,#4391,#4392,#4393,#4394,#4395,#4396,
    #4397,#4398,#4399,#4400,#4401,#4402,#4403,#4404,#4405,#4406,#4407,
    #4408,#4409,#4410,#4411,#4412,#4413,#4414,#4415,#4416,#4417,#4418,
    #4419,#4420,#4421,#4422,#4423,#4424,#4425,#4426,#4427,#4428,#4429,
    #4430,#4431,#4432,#4433,#4434,#4435,#4436,#4437,#4438,#4439,#4440,
    #4441,#4442,#4443,#4444,#4445,#4446,#4447),.UNSPECIFIED.,.F.,.F.,(7,
    5,5,5,5,5,5,5,5,5,5,5,5,7),(0.,0.139793642944,0.26754535145,
    0.34116579591,0.392306785547,0.418012089365,0.469055526829,
    0.520471709666,0.546186849269,0.597352842694,0.671010824946,
    0.798810126864,0.939815759503,1.),.UNSPECIFIED.);
#4381 = CARTESIAN_POINT('',(299.73956975136,107.2284135029,
    20.60454758721));
#4382 = CARTESIAN_POINT('',(299.63691808059,107.35074900033,
    20.604549462335));
#4383 = CARTESIAN_POINT('',(299.53429107783,107.47305509956,
    20.597587689395));
#4384 = CARTESIAN_POINT('',(299.43197425039,107.59499154626,
    20.583661318226));
#4385 = CARTESIAN_POINT('',(299.33030181933,107.71616003124,
    20.56263425798));
#4386 = CARTESIAN_POINT('',(299.22966295202,107.8360967629,
    20.534283258567));
#4387 = CARTESIAN_POINT('',(299.03994491872,108.06219391067,
    20.465221470608));
#4388 = CARTESIAN_POINT('',(298.9506670753,108.1685911013,
    20.425803407418));
#4389 = CARTESIAN_POINT('',(298.86301604714,108.27304952901,
    20.37962943007));
#4390 = CARTESIAN_POINT('',(298.77751983532,108.3749399466,
    20.326271352247));
#4391 = CARTESIAN_POINT('',(298.69490532142,108.47339609034,
    20.265261914731));
#4392 = CARTESIAN_POINT('',(298.57084114302,108.62125002066,
    20.155987735439));
#4393 = CARTESIAN_POINT('',(298.52679979464,108.67373645581,
    20.113292145353));
#4394 = CARTESIAN_POINT('',(298.48427153863,108.7244196577,
    20.067729596684));
#4395 = CARTESIAN_POINT('',(298.44352574521,108.77297860339,
    20.01919094842));
#4396 = CARTESIAN_POINT('',(298.40489915888,108.81901197642,
    19.967593894881));
#4397 = CARTESIAN_POINT('',(298.34370858492,108.89193606277,
    19.874902399418));
#4398 = CARTESIAN_POINT('',(298.31984527743,108.9203752452,
    19.835417414631));
#4399 = CARTESIAN_POINT('',(298.29733668385,108.94719994247,
    19.794434355074));
#4400 = CARTESIAN_POINT('',(298.27634266158,108.97221964393,
    19.751969004154));
#4401 = CARTESIAN_POINT('',(298.25703647639,108.99522785948,
    19.708071707008));
#4402 = CARTESIAN_POINT('',(298.23082637989,109.02646383616,
    19.64010170716));
#4403 = CARTESIAN_POINT('',(298.2225300202,109.03635105262,
    19.617028518527));
#4404 = CARTESIAN_POINT('',(298.21472706358,109.0456502542,
    19.593631200248));
#4405 = CARTESIAN_POINT('',(298.20743997338,109.05433467013,
    19.56992589092));
#4406 = CARTESIAN_POINT('',(298.20069048231,109.06237840037,
    19.54593237099));
#4407 = CARTESIAN_POINT('',(298.18220390402,109.08440984645,
    19.473505153691));
#4408 = CARTESIAN_POINT('',(298.17210599063,109.09644407101,
    19.424283117288));
#4409 = CARTESIAN_POINT('',(298.16436905137,109.10566459617,
    19.37421209879));
#4410 = CARTESIAN_POINT('',(298.15912182754,109.11191799402,
    19.323534519257));
#4411 = CARTESIAN_POINT('',(298.15643837425,109.11511600912,
    19.27253139402));
#4412 = CARTESIAN_POINT('',(298.1561979815,109.11540249805,
    19.170140605537));
#4413 = CARTESIAN_POINT('',(298.15867858514,109.11244622975,
    19.118736104116));
#4414 = CARTESIAN_POINT('',(298.16376229973,109.10638769462,
    19.067635520572));
#4415 = CARTESIAN_POINT('',(298.17137443997,109.09731589915,
    19.017126749897));
#4416 = CARTESIAN_POINT('',(298.18138394494,109.08538703563,
    18.967458485217));
#4417 = CARTESIAN_POINT('',(298.19974504769,109.06350512546,
    18.894523940454));
#4418 = CARTESIAN_POINT('',(298.20642501338,109.05554425235,
    18.870467887268));
#4419 = CARTESIAN_POINT('',(298.21364326531,109.04694187469,
    18.846695673262));
#4420 = CARTESIAN_POINT('',(298.22137809773,109.03772386036,
    18.823227200258));
#4421 = CARTESIAN_POINT('',(298.22960707628,109.02791694562,
    18.800078735424));
#4422 = CARTESIAN_POINT('',(298.25561989121,108.99691607997,
    18.731866940675));
#4423 = CARTESIAN_POINT('',(298.27479886511,108.97405946892,
    18.687791619938));
#4424 = CARTESIAN_POINT('',(298.29566931985,108.9491870295,
    18.645133782448));
#4425 = CARTESIAN_POINT('',(298.31805816906,108.92250503802,
    18.603944922742));
#4426 = CARTESIAN_POINT('',(298.34180571374,108.89420381634,
    18.564241960247));
#4427 = CARTESIAN_POINT('',(298.40272462956,108.82160347955,
    18.470990258318));
#4428 = CARTESIAN_POINT('',(298.44119984966,108.77575049777,
    18.419039194013));
#4429 = CARTESIAN_POINT('',(298.48180313222,108.72736138991,
    18.370126606335));
#4430 = CARTESIAN_POINT('',(298.52419788276,108.67683729364,
    18.324173015695));
#4431 = CARTESIAN_POINT('',(298.56811475568,108.62449920257,
    18.281071720368));
#4432 = CARTESIAN_POINT('',(298.69185197657,108.47703492503,
    18.170662467275));
#4433 = CARTESIAN_POINT('',(298.77428106254,108.3787997657,
    18.108896067825));
#4434 = CARTESIAN_POINT('',(298.85961723385,108.27710007696,
    18.054750929802));
#4435 = CARTESIAN_POINT('',(298.9471331822,108.1728026311,
    18.007767499427));
#4436 = CARTESIAN_POINT('',(299.03630009861,108.06653763813,
    17.967523595633));
#4437 = CARTESIAN_POINT('',(299.22665577861,107.83968057262,
    17.896399421591));
#4438 = CARTESIAN_POINT('',(299.32807330223,107.71881587449,
    17.866938636606));
#4439 = CARTESIAN_POINT('',(299.43056513712,107.59667086206,
    17.84491154505));
#4440 = CARTESIAN_POINT('',(299.5337325204,107.47372076239,
    17.830095904674));
#4441 = CARTESIAN_POINT('',(299.63723293244,107.35037377451,
    17.822358399885));
#4442 = CARTESIAN_POINT('',(299.78496729378,107.17431081863,
    17.82142662598));
#4443 = CARTESIAN_POINT('',(299.82916492108,107.12163813751,
    17.822438535081));
#4444 = CARTESIAN_POINT('',(299.87334184856,107.06899012548,
    17.824741142652));
#4445 = CARTESIAN_POINT('',(299.91747244616,107.01639732724,
    17.828338622576));
#4446 = CARTESIAN_POINT('',(299.96153030249,106.96389121868,
    17.833239265483));
#4447 = CARTESIAN_POINT('',(300.00548822474,106.91150420691,
    17.839455478759));
#4448 = PCURVE('',#4200,#4449);
#4449 = DEFINITIONAL_REPRESENTATION('',(#4450),#4518);
#4450 = B_SPLINE_CURVE_WITH_KNOTS('',6,(#4451,#4452,#4453,#4454,#4455,
    #4456,#4457,#4458,#4459,#4460,#4461,#4462,#4463,#4464,#4465,#4466,
    #4467,#4468,#4469,#4470,#4471,#4472,#4473,#4474,#4475,#4476,#4477,
    #4478,#4479,#4480,#4481,#4482,#4483,#4484,#4485,#4486,#4487,#4488,
    #4489,#4490,#4491,#4492,#4493,#4494,#4495,#4496,#4497,#4498,#4499,
    #4500,#4501,#4502,#4503,#4504,#4505,#4506,#4507,#4508,#4509,#4510,
    #4511,#4512,#4513,#4514,#4515,#4516,#4517),.UNSPECIFIED.,.F.,.F.,(7,
    5,5,5,5,5,5,5,5,5,5,5,5,7),(0.,0.139793642944,0.26754535145,
    0.34116579591,0.392306785547,0.418012089365,0.469055526829,
    0.520471709666,0.546186849269,0.597352842694,0.671010824946,
    0.798810126864,0.939815759503,1.),.UNSPECIFIED.);
#4451 = CARTESIAN_POINT('',(6.28318530718,0.307929878787));
#4452 = CARTESIAN_POINT('',(6.218605882419,0.308952750839));
#4453 = CARTESIAN_POINT('',(6.154002024224,0.309975377087));
#4454 = CARTESIAN_POINT('',(6.089069960846,0.310994912594));
#4455 = CARTESIAN_POINT('',(6.023529298426,0.312008027017));
#4456 = CARTESIAN_POINT('',(5.957086351378,0.313010842499));
#4457 = CARTESIAN_POINT('',(5.827443324172,0.314901286879));
#4458 = CARTESIAN_POINT('',(5.764490591028,0.315790895496));
#4459 = CARTESIAN_POINT('',(5.70016122955,0.316664293721));
#4460 = CARTESIAN_POINT('',(5.634137748896,0.317516220289));
#4461 = CARTESIAN_POINT('',(5.566090483749,0.318339432193));
#4462 = CARTESIAN_POINT('',(5.454834836742,0.319575669069));
#4463 = CARTESIAN_POINT('',(5.413334909194,0.320014518861));
#4464 = CARTESIAN_POINT('',(5.370914757993,0.320438291452));
#4465 = CARTESIAN_POINT('',(5.327493562473,0.320844302704));
#4466 = CARTESIAN_POINT('',(5.282999232963,0.321229197127));
#4467 = CARTESIAN_POINT('',(5.205661913569,0.321838930291));
#4468 = CARTESIAN_POINT('',(5.173414431132,0.322076716097));
#4469 = CARTESIAN_POINT('',(5.14060209667,0.322301002863));
#4470 = CARTESIAN_POINT('',(5.107218187578,0.322510197692));
#4471 = CARTESIAN_POINT('',(5.073271434481,0.322702574076));
#4472 = CARTESIAN_POINT('',(5.021457589649,0.32296374445));
#4473 = CARTESIAN_POINT('',(5.003990987017,0.323046413483));
#4474 = CARTESIAN_POINT('',(4.986393786862,0.323124166005));
#4475 = CARTESIAN_POINT('',(4.96867158538,0.323196778178));
#4476 = CARTESIAN_POINT('',(4.950831703832,0.323264033448));
#4477 = CARTESIAN_POINT('',(4.897243294157,0.323448242863));
#4478 = CARTESIAN_POINT('',(4.86116811767,0.32354886347));
#4479 = CARTESIAN_POINT('',(4.824744364181,0.323625958162));
#4480 = CARTESIAN_POINT('',(4.788069206036,0.323678244097));
#4481 = CARTESIAN_POINT('',(4.751258088919,0.323704983354));
#4482 = CARTESIAN_POINT('',(4.677377701189,0.323707378746));
#4483 = CARTESIAN_POINT('',(4.640296675884,0.323682660784));
#4484 = CARTESIAN_POINT('',(4.603353733202,0.323632004136));
#4485 = CARTESIAN_POINT('',(4.566666784212,0.323556153003));
#4486 = CARTESIAN_POINT('',(4.53033491792,0.323456413341));
#4487 = CARTESIAN_POINT('',(4.476496913524,0.323273454226));
#4488 = CARTESIAN_POINT('',(4.458656487636,0.323206891742));
#4489 = CARTESIAN_POINT('',(4.440934168285,0.323134965507));
#4490 = CARTESIAN_POINT('',(4.423337226669,0.323057891809));
#4491 = CARTESIAN_POINT('',(4.405871209246,0.322975894194));
#4492 = CARTESIAN_POINT('',(4.354056278864,0.322716689632));
#4493 = CARTESIAN_POINT('',(4.320108799753,0.322525580844));
#4494 = CARTESIAN_POINT('',(4.286724998235,0.322317617304));
#4495 = CARTESIAN_POINT('',(4.253913305885,0.322094523729));
#4496 = CARTESIAN_POINT('',(4.221666764766,0.321857891441));
#4497 = CARTESIAN_POINT('',(4.144331034789,0.321250865214));
#4498 = CARTESIAN_POINT('',(4.099837516696,0.320867479078));
#4499 = CARTESIAN_POINT('',(4.056416906116,0.320462887876));
#4500 = CARTESIAN_POINT('',(4.013996826483,0.320040445599));
#4501 = CARTESIAN_POINT('',(3.972496309761,0.319602836142));
#4502 = CARTESIAN_POINT('',(3.861246731885,0.318369857233));
#4503 = CARTESIAN_POINT('',(3.793203843861,0.317548493024));
#4504 = CARTESIAN_POINT('',(3.727181763661,0.316698161179));
#4505 = CARTESIAN_POINT('',(3.662850842723,0.315826108956));
#4506 = CARTESIAN_POINT('',(3.599893701017,0.31493760567));
#4507 = CARTESIAN_POINT('',(3.46967399402,0.313040807463));
#4508 = CARTESIAN_POINT('',(3.402679904206,0.312030233064));
#4509 = CARTESIAN_POINT('',(3.336596513297,0.311008953696));
#4510 = CARTESIAN_POINT('',(3.271123438488,0.309980942829));
#4511 = CARTESIAN_POINT('',(3.205973630653,0.308949613499));
#4512 = CARTESIAN_POINT('',(3.113032664306,0.307477515206));
#4513 = CARTESIAN_POINT('',(3.085234037827,0.307037108173));
#4514 = CARTESIAN_POINT('',(3.057416771813,0.306596907404));
#4515 = CARTESIAN_POINT('',(3.029557979455,0.306157168288));
#4516 = CARTESIAN_POINT('',(3.001634400316,0.305718154002));
#4517 = CARTESIAN_POINT('',(2.973622400323,0.305280135509));
#4518 = ( GEOMETRIC_REPRESENTATION_CONTEXT(2) 
PARAMETRIC_REPRESENTATION_CONTEXT() REPRESENTATION_CONTEXT('2D SPACE',''
  ) );
#4519 = PCURVE('',#1100,#4520);
#4520 = DEFINITIONAL_REPRESENTATION('',(#4521),#4589);
#4521 = B_SPLINE_CURVE_WITH_KNOTS('',6,(#4522,#4523,#4524,#4525,#4526,
    #4527,#4528,#4529,#4530,#4531,#4532,#4533,#4534,#4535,#4536,#4537,
    #4538,#4539,#4540,#4541,#4542,#4543,#4544,#4545,#4546,#4547,#4548,
    #4549,#4550,#4551,#4552,#4553,#4554,#4555,#4556,#4557,#4558,#4559,
    #4560,#4561,#4562,#4563,#4564,#4565,#4566,#4567,#4568,#4569,#4570,
    #4571,#4572,#4573,#4574,#4575,#4576,#4577,#4578,#4579,#4580,#4581,
    #4582,#4583,#4584,#4585,#4586,#4587,#4588),.UNSPECIFIED.,.F.,.F.,(7,
    5,5,5,5,5,5,5,5,5,5,5,5,7),(0.,0.139793642944,0.26754535145,
    0.34116579591,0.392306785547,0.418012089365,0.469055526829,
    0.520471709666,0.546186849269,0.597352842694,0.671010824946,
    0.798810126864,0.939815759503,1.),.UNSPECIFIED.);
#4522 = CARTESIAN_POINT('',(3.365879781602,-4.275110795131));
#4523 = CARTESIAN_POINT('',(3.525577431688,-4.275112670256));
#4524 = CARTESIAN_POINT('',(3.685236705162,-4.268150897315));
#4525 = CARTESIAN_POINT('',(3.844413431509,-4.254224526147));
#4526 = CARTESIAN_POINT('',(4.002587655039,-4.233197465901));
#4527 = CARTESIAN_POINT('',(4.159153938817,-4.204846466488));
#4528 = CARTESIAN_POINT('',(4.454302803608,-4.135784678529));
#4529 = CARTESIAN_POINT('',(4.593194471826,-4.096366615339));
#4530 = CARTESIAN_POINT('',(4.729555264782,-4.050192637991));
#4531 = CARTESIAN_POINT('',(4.862563758616,-3.996834560168));
#4532 = CARTESIAN_POINT('',(4.991089126335,-3.935825122652));
#4533 = CARTESIAN_POINT('',(5.184098724738,-3.82655094336));
#4534 = CARTESIAN_POINT('',(5.252614899775,-3.783855353274));
#4535 = CARTESIAN_POINT('',(5.318777120963,-3.738292804605));
#4536 = CARTESIAN_POINT('',(5.382166322629,-3.689754156341));
#4537 = CARTESIAN_POINT('',(5.442258623344,-3.638157102802));
#4538 = CARTESIAN_POINT('',(5.537454257232,-3.545465607338));
#4539 = CARTESIAN_POINT('',(5.574578973272,-3.505980622552));
#4540 = CARTESIAN_POINT('',(5.60959612862,-3.464997562995));
#4541 = CARTESIAN_POINT('',(5.642257029285,-3.422532212075));
#4542 = CARTESIAN_POINT('',(5.672292121586,-3.378634914929));
#4543 = CARTESIAN_POINT('',(5.713067793228,-3.310664915081));
#4544 = CARTESIAN_POINT('',(5.725974637662,-3.287591726448));
#4545 = CARTESIAN_POINT('',(5.738113883197,-3.264194408169));
#4546 = CARTESIAN_POINT('',(5.74945058305,-3.240489098841));
#4547 = CARTESIAN_POINT('',(5.759950927136,-3.216495578911));
#4548 = CARTESIAN_POINT('',(5.788710937449,-3.144068361611));
#4549 = CARTESIAN_POINT('',(5.804420501912,-3.094846325209));
#4550 = CARTESIAN_POINT('',(5.816457042667,-3.044775306711));
#4551 = CARTESIAN_POINT('',(5.824620273801,-2.994097727177));
#4552 = CARTESIAN_POINT('',(5.828794986031,-2.943094601941));
#4553 = CARTESIAN_POINT('',(5.829168970756,-2.840703813457));
#4554 = CARTESIAN_POINT('',(5.825309836575,-2.789299312037));
#4555 = CARTESIAN_POINT('',(5.817400980655,-2.738198728493));
#4556 = CARTESIAN_POINT('',(5.805558592714,-2.687689957818));
#4557 = CARTESIAN_POINT('',(5.789986567324,-2.638021693138));
#4558 = CARTESIAN_POINT('',(5.761421762292,-2.565087148375));
#4559 = CARTESIAN_POINT('',(5.751029580503,-2.541031095189));
#4560 = CARTESIAN_POINT('',(5.739799973991,-2.517258881183));
#4561 = CARTESIAN_POINT('',(5.727766710896,-2.493790408179));
#4562 = CARTESIAN_POINT('',(5.714964692906,-2.470641943344));
#4563 = CARTESIAN_POINT('',(5.674495936908,-2.402430148596));
#4564 = CARTESIAN_POINT('',(5.644658750246,-2.358354827859));
#4565 = CARTESIAN_POINT('',(5.612190086523,-2.315696990369));
#4566 = CARTESIAN_POINT('',(5.577359220352,-2.274508130663));
#4567 = CARTESIAN_POINT('',(5.540414599264,-2.234805168168));
#4568 = CARTESIAN_POINT('',(5.445641590412,-2.141553466239));
#4569 = CARTESIAN_POINT('',(5.385784773759,-2.089602401934));
#4570 = CARTESIAN_POINT('',(5.322617279634,-2.040689814256));
#4571 = CARTESIAN_POINT('',(5.256662756084,-1.994736223616));
#4572 = CARTESIAN_POINT('',(5.188340230482,-1.951634928289));
#4573 = CARTESIAN_POINT('',(4.995839287668,-1.841225675196));
#4574 = CARTESIAN_POINT('',(4.867602394609,-1.779459275746));
#4575 = CARTESIAN_POINT('',(4.734842879606,-1.725314137723));
#4576 = CARTESIAN_POINT('',(4.598692233519,-1.678330707348));
#4577 = CARTESIAN_POINT('',(4.459973137105,-1.638086803553));
#4578 = CARTESIAN_POINT('',(4.16383227015,-1.566962629512));
#4579 = CARTESIAN_POINT('',(4.006054612188,-1.537501844527));
#4580 = CARTESIAN_POINT('',(3.846605622598,-1.515474752971));
#4581 = CARTESIAN_POINT('',(3.686105666273,-1.500659112595));
#4582 = CARTESIAN_POINT('',(3.525087609173,-1.492921607805));
#4583 = CARTESIAN_POINT('',(3.295253743191,-1.491989833901));
#4584 = CARTESIAN_POINT('',(3.226494441297,-1.493001743002));
#4585 = CARTESIAN_POINT('',(3.157767342631,-1.495304350573));
#4586 = CARTESIAN_POINT('',(3.089112320439,-1.498901830497));
#4587 = CARTESIAN_POINT('',(3.020570463588,-1.503802473404));
#4588 = CARTESIAN_POINT('',(2.952184076561,-1.51001868668));
#4589 = ( GEOMETRIC_REPRESENTATION_CONTEXT(2) 
PARAMETRIC_REPRESENTATION_CONTEXT() REPRESENTATION_CONTEXT('2D SPACE',''
  ) );
#4590 = ORIENTED_EDGE('',*,*,#4591,.T.);
#4591 = EDGE_CURVE('',#4377,#4592,#4594,.T.);
#4592 = VERTEX_POINT('',#4593);
#4593 = CARTESIAN_POINT('',(297.79024025469,125.86669374117,
    20.604833269636));
#4594 = SURFACE_CURVE('',#4595,(#4598,#4605),.PCURVE_S1.);
#4595 = B_SPLINE_CURVE_WITH_KNOTS('',1,(#4596,#4597),.UNSPECIFIED.,.F.,
  .F.,(2,2),(0.,1.),.PIECEWISE_BEZIER_KNOTS.);
#4596 = CARTESIAN_POINT('',(303.59135821248,70.4,20.603983091432));
#4597 = CARTESIAN_POINT('',(291.08270372175,190.,20.605816287289));
#4598 = PCURVE('',#4200,#4599);
#4599 = DEFINITIONAL_REPRESENTATION('',(#4600),#4604);
#4600 = LINE('',#4601,#4602);
#4601 = CARTESIAN_POINT('',(6.28318530718,0.));
#4602 = VECTOR('',#4603,1.);
#4603 = DIRECTION('',(0.,1.));
#4604 = ( GEOMETRIC_REPRESENTATION_CONTEXT(2) 
PARAMETRIC_REPRESENTATION_CONTEXT() REPRESENTATION_CONTEXT('2D SPACE',''
  ) );
#4605 = PCURVE('',#4606,#4635);
#4606 = B_SPLINE_SURFACE_WITH_KNOTS('',13,1,(
    (#4607,#4608)
    ,(#4609,#4610)
    ,(#4611,#4612)
    ,(#4613,#4614)
    ,(#4615,#4616)
    ,(#4617,#4618)
    ,(#4619,#4620)
    ,(#4621,#4622)
    ,(#4623,#4624)
    ,(#4625,#4626)
    ,(#4627,#4628)
    ,(#4629,#4630)
    ,(#4631,#4632)
    ,(#4633,#4634
    )),.UNSPECIFIED.,.T.,.F.,.F.,(14,14),(2,2),(0.,6.28318530718),(0.,1.
    ),.PIECEWISE_BEZIER_KNOTS.);
#4607 = CARTESIAN_POINT('',(303.59135821248,70.4,20.603983091432));
#4608 = CARTESIAN_POINT('',(291.08270372175,190.,20.605816287289));
#4609 = CARTESIAN_POINT('',(304.31577725692,70.399999999993,
    20.60398309143));
#4610 = CARTESIAN_POINT('',(291.63852396047,189.99999999997,
    20.605816287288));
#4611 = CARTESIAN_POINT('',(305.04019659114,70.400000000029,
    20.224676085388));
#4612 = CARTESIAN_POINT('',(292.19434442136,190.00000000013,
    20.314787893904));
#4613 = CARTESIAN_POINT('',(305.54795412984,70.399999999924,
    19.466084655182));
#4614 = CARTESIAN_POINT('',(292.58392821112,189.99999999963,
    19.732748433391));
#4615 = CARTESIAN_POINT('',(305.62241466433,70.400000000145,
    18.464216879548));
#4616 = CARTESIAN_POINT('',(292.64105905491,190.00000000072,
    18.964051930342));
#4617 = CARTESIAN_POINT('',(305.14185434545,70.399999999796,
    17.491773718957));
#4618 = CARTESIAN_POINT('',(292.27234269965,189.99999999891,
    18.217931858281));
#4619 = CARTESIAN_POINT('',(304.17507536609,70.400000000217,
    16.881330772054));
#4620 = CARTESIAN_POINT('',(291.5305685439,190.00000000127,
    17.749561310786));
#4621 = CARTESIAN_POINT('',(303.00764105896,70.399999999821,
    16.881330771919));
#4622 = CARTESIAN_POINT('',(290.63483889976,189.99999999879,
    17.749561310676));
#4623 = CARTESIAN_POINT('',(302.04086207931,70.400000000115,
    17.491773719065));
#4624 = CARTESIAN_POINT('',(289.89306474344,190.00000000091,
    18.217931858368));
#4625 = CARTESIAN_POINT('',(301.56030176083,70.399999999944,
    18.46421687948));
#4626 = CARTESIAN_POINT('',(289.52434838897,189.99999999943,
    18.964051930288));
#4627 = CARTESIAN_POINT('',(301.63476229501,70.400000000021,
    19.466084655215));
#4628 = CARTESIAN_POINT('',(289.58147923213,190.00000000027,
    19.732748433416));
#4629 = CARTESIAN_POINT('',(302.14251983387,70.399999999994,
    20.224676085376));
#4630 = CARTESIAN_POINT('',(289.97106302223,189.9999999999,
    20.314787893895));
#4631 = CARTESIAN_POINT('',(302.86693916803,70.400000000001,
    20.603983091433));
#4632 = CARTESIAN_POINT('',(290.52688348299,190.00000000002,
    20.60581628729));
#4633 = CARTESIAN_POINT('',(303.59135821248,70.4,20.603983091432));
#4634 = CARTESIAN_POINT('',(291.08270372175,190.,20.605816287289));
#4635 = DEFINITIONAL_REPRESENTATION('',(#4636),#4640);
#4636 = LINE('',#4637,#4638);
#4637 = CARTESIAN_POINT('',(0.,0.));
#4638 = VECTOR('',#4639,1.);
#4639 = DIRECTION('',(0.,1.));
#4640 = ( GEOMETRIC_REPRESENTATION_CONTEXT(2) 
PARAMETRIC_REPRESENTATION_CONTEXT() REPRESENTATION_CONTEXT('2D SPACE',''
  ) );
#4641 = ORIENTED_EDGE('',*,*,#4642,.T.);
#4642 = EDGE_CURVE('',#4592,#4114,#4643,.T.);
#4643 = SURFACE_CURVE('',#4644,(#4707,#4773),.PCURVE_S1.);
#4644 = B_SPLINE_CURVE_WITH_KNOTS('',7,(#4645,#4646,#4647,#4648,#4649,
    #4650,#4651,#4652,#4653,#4654,#4655,#4656,#4657,#4658,#4659,#4660,
    #4661,#4662,#4663,#4664,#4665,#4666,#4667,#4668,#4669,#4670,#4671,
    #4672,#4673,#4674,#4675,#4676,#4677,#4678,#4679,#4680,#4681,#4682,
    #4683,#4684,#4685,#4686,#4687,#4688,#4689,#4690,#4691,#4692,#4693,
    #4694,#4695,#4696,#4697,#4698,#4699,#4700,#4701,#4702,#4703,#4704,
    #4705,#4706),.UNSPECIFIED.,.F.,.F.,(8,6,6,6,6,6,6,6,6,6,8),(0.,
    0.228735546191,0.30778375838,0.356846755008,0.467442609386,
    0.575534006121,0.624597157146,0.70364567621,0.782621006792,
    0.938401770169,1.),.UNSPECIFIED.);
#4645 = CARTESIAN_POINT('',(297.79024025469,125.86669374117,
    20.604833269636));
#4646 = CARTESIAN_POINT('',(297.64701027102,125.85171368851,
    20.604833040026));
#4647 = CARTESIAN_POINT('',(297.50370694934,125.83677960501,
    20.586538302571));
#4648 = CARTESIAN_POINT('',(297.36321207021,125.82219296845,
    20.549921838838));
#4649 = CARTESIAN_POINT('',(297.22826119266,125.80823812978,
    20.495581906065));
#4650 = CARTESIAN_POINT('',(297.10140237135,125.79517850408,
    20.424568768048));
#4651 = CARTESIAN_POINT('',(296.98499305686,125.78325626345,
    20.338378861754));
#4652 = CARTESIAN_POINT('',(296.84514842083,125.76902221532,
    20.204701780236));
#4653 = CARTESIAN_POINT('',(296.81071657377,125.76552636353,
    20.168792440178));
#4654 = CARTESIAN_POINT('',(296.77785079991,125.76219869319,
    20.131385852727));
#4655 = CARTESIAN_POINT('',(296.74662685778,125.75904688074,
    20.092566252952));
#4656 = CARTESIAN_POINT('',(296.71711469184,125.75607798137,
    20.052422350737));
#4657 = CARTESIAN_POINT('',(296.68937843242,125.75329842911,
    20.011047330782));
#4658 = CARTESIAN_POINT('',(296.64739973192,125.74910997727,
    19.94215503868));
#4659 = CARTESIAN_POINT('',(296.63202956928,125.74758108969,
    19.915334404203));
#4660 = CARTESIAN_POINT('',(296.61737978246,125.74612875694,
    19.888100195736));
#4661 = CARTESIAN_POINT('',(296.60346327985,125.74475425957,
    19.860476124747));
#4662 = CARTESIAN_POINT('',(296.59029200362,125.74345877568,
    19.83248636761));
#4663 = CARTESIAN_POINT('',(296.57787692978,125.74224338099,
    19.804155565605));
#4664 = CARTESIAN_POINT('',(296.53996966774,125.73855208225,
    19.710934482142));
#4665 = CARTESIAN_POINT('',(296.51760409055,125.73640696737,
    19.644753263046));
#4666 = CARTESIAN_POINT('',(296.49924647605,125.73468489858,
    19.577254293103));
#4667 = CARTESIAN_POINT('',(296.48498534461,125.73339426497,
    19.508733962809));
#4668 = CARTESIAN_POINT('',(296.47488245069,125.73254063869,
    19.439494660177));
#4669 = CARTESIAN_POINT('',(296.46897263613,125.73212676328,
    19.369843503228));
#4670 = CARTESIAN_POINT('',(296.46559343022,125.73217773711,
    19.23191819469));
#4671 = CARTESIAN_POINT('',(296.46793586064,125.73262289971,
    19.163645941874));
#4672 = CARTESIAN_POINT('',(296.47429796561,125.73348791115,
    19.095564180157));
#4673 = CARTESIAN_POINT('',(296.4846619173,125.7347700625,
    19.027960888959));
#4674 = CARTESIAN_POINT('',(296.49898513753,125.73646406513,
    18.961121029004));
#4675 = CARTESIAN_POINT('',(296.5172003663,125.73856206116,
    18.895325410328));
#4676 = CARTESIAN_POINT('',(296.54920859874,125.74218456954,
    18.801583693969));
#4677 = CARTESIAN_POINT('',(296.55998447994,125.74339660202,
    18.772589452382));
#4678 = CARTESIAN_POINT('',(296.57153481463,125.74468876102,
    18.743892472552));
#4679 = CARTESIAN_POINT('',(296.58385005255,125.74605997373,
    18.715517982556));
#4680 = CARTESIAN_POINT('',(296.59691965233,125.74750906489,
    18.687490801528));
#4681 = CARTESIAN_POINT('',(296.61073208146,125.74903475676,
    18.659835339661));
#4682 = CARTESIAN_POINT('',(296.64870546905,125.75321499302,
    18.588655830575));
#4683 = CARTESIAN_POINT('',(296.67403211342,125.75598960328,
    18.545762819355));
#4684 = CARTESIAN_POINT('',(296.7012021086,125.75895369875,
    18.503997396278));
#4685 = CARTESIAN_POINT('',(296.73015675389,125.76210085656,
    18.463456258006));
#4686 = CARTESIAN_POINT('',(296.76083128864,125.76542403218,
    18.424231966129));
#4687 = CARTESIAN_POINT('',(296.79315489235,125.76891555939,
    18.38641294716));
#4688 = CARTESIAN_POINT('',(296.86091509378,125.7762153604,
    18.313787674196));
#4689 = CARTESIAN_POINT('',(296.89634931675,125.78002339584,
    18.278978003103));
#4690 = CARTESIAN_POINT('',(296.93327654895,125.78398297748,
    18.245738516803));
#4691 = CARTESIAN_POINT('',(296.97161512217,125.78808533404,
    18.214147594962));
#4692 = CARTESIAN_POINT('',(297.01127850459,125.79232120217,
    18.184277959372));
#4693 = CARTESIAN_POINT('',(297.05217530073,125.79668082641,
    18.156196673947));
#4694 = CARTESIAN_POINT('',(297.17712224319,125.8099773227,
    18.078222814356));
#4695 = CARTESIAN_POINT('',(297.2644696403,125.81924338612,
    18.03367115978));
#4696 = CARTESIAN_POINT('',(297.35550369878,125.82887253972,
    17.99678943592));
#4697 = CARTESIAN_POINT('',(297.44942815366,125.83878043423,
    17.967942573148));
#4698 = CARTESIAN_POINT('',(297.54540942366,125.84887912218,
    17.947391609019));
#4699 = CARTESIAN_POINT('',(297.64258393304,125.85907783305,
    17.935290492111));
#4700 = CARTESIAN_POINT('',(297.77860577507,125.87331882125,
    17.930237363498));
#4701 = CARTESIAN_POINT('',(297.81719906511,125.87735550463,
    17.930131275687));
#4702 = CARTESIAN_POINT('',(297.85578724471,125.88138776044,
    17.931352981814));
#4703 = CARTESIAN_POINT('',(297.89431633862,125.88540994602,
    17.933901636116));
#4704 = CARTESIAN_POINT('',(297.93273257246,125.88941644804,
    17.937773559784));
#4705 = CARTESIAN_POINT('',(297.9709823727,125.89340168248,
    17.942962240966));
#4706 = CARTESIAN_POINT('',(298.00901236667,125.89736009462,
    17.949458334761));
#4707 = PCURVE('',#4200,#4708);
#4708 = DEFINITIONAL_REPRESENTATION('',(#4709),#4772);
#4709 = B_SPLINE_CURVE_WITH_KNOTS('',7,(#4710,#4711,#4712,#4713,#4714,
    #4715,#4716,#4717,#4718,#4719,#4720,#4721,#4722,#4723,#4724,#4725,
    #4726,#4727,#4728,#4729,#4730,#4731,#4732,#4733,#4734,#4735,#4736,
    #4737,#4738,#4739,#4740,#4741,#4742,#4743,#4744,#4745,#4746,#4747,
    #4748,#4749,#4750,#4751,#4752,#4753,#4754,#4755,#4756,#4757,#4758,
    #4759,#4760,#4761,#4762,#4763,#4764,#4765,#4766,#4767,#4768,#4769,
    #4770,#4771),.UNSPECIFIED.,.F.,.F.,(8,6,6,6,6,6,6,6,6,6,8),(0.,
    0.228735546191,0.30778375838,0.356846755008,0.467442609386,
    0.575534006121,0.624597157146,0.70364567621,0.782621006792,
    0.938401770169,1.),.UNSPECIFIED.);
#4710 = CARTESIAN_POINT('',(6.28318530718,0.463768342317));
#4711 = CARTESIAN_POINT('',(6.17489009345,0.463643091041));
#4712 = CARTESIAN_POINT('',(6.066551889213,0.463518224122));
#4713 = CARTESIAN_POINT('',(5.958275039263,0.463396262278));
#4714 = CARTESIAN_POINT('',(5.85004541935,0.463279583025));
#4715 = CARTESIAN_POINT('',(5.741843938628,0.46317038883));
#4716 = CARTESIAN_POINT('',(5.633652891599,0.463070704544));
#4717 = CARTESIAN_POINT('',(5.488207540641,0.462951690764));
#4718 = CARTESIAN_POINT('',(5.450858594953,0.462922461234));
#4719 = CARTESIAN_POINT('',(5.413515482902,0.462894637903));
#4720 = CARTESIAN_POINT('',(5.376178134033,0.462868284956));
#4721 = CARTESIAN_POINT('',(5.338846409349,0.462843461383));
#4722 = CARTESIAN_POINT('',(5.301520101316,0.462820220979));
#4723 = CARTESIAN_POINT('',(5.241034737447,0.462785200479));
#4724 = CARTESIAN_POINT('',(5.217872482893,0.462772417138));
#4725 = CARTESIAN_POINT('',(5.194712096616,0.462760273887));
#4726 = CARTESIAN_POINT('',(5.171553496542,0.462748781435));
#4727 = CARTESIAN_POINT('',(5.148396592102,0.462737949629));
#4728 = CARTESIAN_POINT('',(5.125241284231,0.462727787467));
#4729 = CARTESIAN_POINT('',(5.049895048373,0.462696923765));
#4730 = CARTESIAN_POINT('',(4.997709113465,0.462678988022));
#4731 = CARTESIAN_POINT('',(4.945530238195,0.462664589453));
#4732 = CARTESIAN_POINT('',(4.893356675913,0.462653798202));
#4733 = CARTESIAN_POINT('',(4.841185842569,0.462646660859));
#4734 = CARTESIAN_POINT('',(4.789015803508,0.462643200362));
#4735 = CARTESIAN_POINT('',(4.685859091878,0.462643626564));
#4736 = CARTESIAN_POINT('',(4.634870383481,0.46264734866));
#4737 = CARTESIAN_POINT('',(4.583880749898,0.462654581197));
#4738 = CARTESIAN_POINT('',(4.532888400055,0.462665301526));
#4739 = CARTESIAN_POINT('',(4.481890965636,0.462679465428));
#4740 = CARTESIAN_POINT('',(4.43088682972,0.4626970072));
#4741 = CARTESIAN_POINT('',(4.356722626603,0.462727295732));
#4742 = CARTESIAN_POINT('',(4.333567312514,0.462737429783));
#4743 = CARTESIAN_POINT('',(4.310410405364,0.462748233788));
#4744 = CARTESIAN_POINT('',(4.287251805843,0.462759698777));
#4745 = CARTESIAN_POINT('',(4.264091423124,0.462771814924));
#4746 = CARTESIAN_POINT('',(4.240929174867,0.462784571545));
#4747 = CARTESIAN_POINT('',(4.180443806439,0.462819523353));
#4748 = CARTESIAN_POINT('',(4.143117491506,0.462842722436));
#4749 = CARTESIAN_POINT('',(4.105785765187,0.462867505842));
#4750 = CARTESIAN_POINT('',(4.068448418771,0.462893819871));
#4751 = CARTESIAN_POINT('',(4.031105312077,0.46292160562));
#4752 = CARTESIAN_POINT('',(3.993756373446,0.462950798992));
#4753 = CARTESIAN_POINT('',(3.919081411626,0.463011834117));
#4754 = CARTESIAN_POINT('',(3.881755245237,0.463043673878));
#4755 = CARTESIAN_POINT('',(3.844423130096,0.463076780748));
#4756 = CARTESIAN_POINT('',(3.807085165433,0.463111081388));
#4757 = CARTESIAN_POINT('',(3.76974152019,0.463146498346));
#4758 = CARTESIAN_POINT('',(3.732392433016,0.463182950054));
#4759 = CARTESIAN_POINT('',(3.621356101922,0.463294124772));
#4760 = CARTESIAN_POINT('',(3.547646169434,0.463371600218));
#4761 = CARTESIAN_POINT('',(3.473923588096,0.463452111536));
#4762 = CARTESIAN_POINT('',(3.400189807592,0.463534953464));
#4763 = CARTESIAN_POINT('',(3.326441903184,0.463619390654));
#4764 = CARTESIAN_POINT('',(3.252682208464,0.463704664156));
#4765 = CARTESIAN_POINT('',(3.149764718066,0.463823735964));
#4766 = CARTESIAN_POINT('',(3.120600924623,0.463857487497));
#4767 = CARTESIAN_POINT('',(3.091437148299,0.46389120201));
#4768 = CARTESIAN_POINT('',(3.062273681493,0.463924832325));
#4769 = CARTESIAN_POINT('',(3.033110812052,0.463958331505));
#4770 = CARTESIAN_POINT('',(3.003948823269,0.463991652864));
#4771 = CARTESIAN_POINT('',(2.974787993887,0.464024749955));
#4772 = ( GEOMETRIC_REPRESENTATION_CONTEXT(2) 
PARAMETRIC_REPRESENTATION_CONTEXT() REPRESENTATION_CONTEXT('2D SPACE',''
  ) );
#4773 = PCURVE('',#4127,#4774);
#4774 = DEFINITIONAL_REPRESENTATION('',(#4775),#4838);
#4775 = B_SPLINE_CURVE_WITH_KNOTS('',7,(#4776,#4777,#4778,#4779,#4780,
    #4781,#4782,#4783,#4784,#4785,#4786,#4787,#4788,#4789,#4790,#4791,
    #4792,#4793,#4794,#4795,#4796,#4797,#4798,#4799,#4800,#4801,#4802,
    #4803,#4804,#4805,#4806,#4807,#4808,#4809,#4810,#4811,#4812,#4813,
    #4814,#4815,#4816,#4817,#4818,#4819,#4820,#4821,#4822,#4823,#4824,
    #4825,#4826,#4827,#4828,#4829,#4830,#4831,#4832,#4833,#4834,#4835,
    #4836,#4837),.UNSPECIFIED.,.F.,.F.,(8,6,6,6,6,6,6,6,6,6,8),(0.,
    0.228735546191,0.30778375838,0.356846755008,0.467442609386,
    0.575534006121,0.624597157146,0.70364567621,0.782621006792,
    0.938401770169,1.),.UNSPECIFIED.);
#4776 = CARTESIAN_POINT('',(-5.684341886081E-14,-1.337049791749));
#4777 = CARTESIAN_POINT('',(-0.144011215533,-1.337049562138));
#4778 = CARTESIAN_POINT('',(-0.28809058952,-1.318754746898));
#4779 = CARTESIAN_POINT('',(-0.429340614751,-1.28213812748));
#4780 = CARTESIAN_POINT('',(-0.565010993849,-1.227797963665));
#4781 = CARTESIAN_POINT('',(-0.692540094388,-1.156784523716));
#4782 = CARTESIAN_POINT('',(-0.809558063744,-1.070594250962));
#4783 = CARTESIAN_POINT('',(-0.950124697037,-0.936916601078));
#4784 = CARTESIAN_POINT('',(-0.984733396908,-0.901007108342));
#4785 = CARTESIAN_POINT('',(-1.017767024966,-0.863600361847));
#4786 = CARTESIAN_POINT('',(-1.049149435151,-0.82478059702));
#4787 = CARTESIAN_POINT('',(-1.07881032857,-0.784636524122));
#4788 = CARTESIAN_POINT('',(-1.106685253506,-0.743261328249));
#4789 = CARTESIAN_POINT('',(-1.148871910936,-0.674368743232));
#4790 = CARTESIAN_POINT('',(-1.164317728483,-0.647547994719));
#4791 = CARTESIAN_POINT('',(-1.179039114871,-0.620313670459));
#4792 = CARTESIAN_POINT('',(-1.193023098536,-0.592689482019));
#4793 = CARTESIAN_POINT('',(-1.206257679524,-0.564699605876));
#4794 = CARTESIAN_POINT('',(-1.218731829494,-0.536368683414));
#4795 = CARTESIAN_POINT('',(-1.256817421315,-0.443147203596));
#4796 = CARTESIAN_POINT('',(-1.279284804692,-0.376965703112));
#4797 = CARTESIAN_POINT('',(-1.297721962492,-0.309466446178));
#4798 = CARTESIAN_POINT('',(-1.312039981926,-0.24094582455));
#4799 = CARTESIAN_POINT('',(-1.32217686392,-0.171706227528));
#4800 = CARTESIAN_POINT('',(-1.328097670255,-0.102054774438));
#4801 = CARTESIAN_POINT('',(-1.331453242354,3.587112052725E-02));
#4802 = CARTESIAN_POINT('',(-1.329077213318,0.104143663622));
#4803 = CARTESIAN_POINT('',(-1.322659642956,0.172225714808));
#4804 = CARTESIAN_POINT('',(-1.312218544185,0.23982929344));
#4805 = CARTESIAN_POINT('',(-1.297796814309,0.306669437583));
#4806 = CARTESIAN_POINT('',(-1.279462165857,0.372465336007));
#4807 = CARTESIAN_POINT('',(-1.247250758168,0.466207450935));
#4808 = CARTESIAN_POINT('',(-1.236407258282,0.495201815799));
#4809 = CARTESIAN_POINT('',(-1.224785171398,0.523898917642));
#4810 = CARTESIAN_POINT('',(-1.212394107559,0.552273528281));
#4811 = CARTESIAN_POINT('',(-1.19924467321,0.580300828474));
#4812 = CARTESIAN_POINT('',(-1.185348471198,0.607956407926));
#4813 = CARTESIAN_POINT('',(-1.147146253237,0.679136219651));
#4814 = CARTESIAN_POINT('',(-1.121668385743,0.722029413243));
#4815 = CARTESIAN_POINT('',(-1.094337456979,0.763795013897));
#4816 = CARTESIAN_POINT('',(-1.065212517334,0.804336324541));
#4817 = CARTESIAN_POINT('',(-1.034358708889,0.843560783191));
#4818 = CARTESIAN_POINT('',(-1.00184726542,0.881379962958));
#4819 = CARTESIAN_POINT('',(-0.933695323837,0.954005544709));
#4820 = CARTESIAN_POINT('',(-0.89805721239,0.988815363805));
#4821 = CARTESIAN_POINT('',(-0.860918427154,1.022054991432));
#4822 = CARTESIAN_POINT('',(-0.822361105673,1.05364604759));
#4823 = CARTESIAN_POINT('',(-0.78247227394,1.08351581018));
#4824 = CARTESIAN_POINT('',(-0.741343846395,1.111597215));
#4825 = CARTESIAN_POINT('',(-0.61569161385,1.189571406118));
#4826 = CARTESIAN_POINT('',(-0.527854202492,1.234123250118));
#4827 = CARTESIAN_POINT('',(-0.436312360502,1.271005130791));
#4828 = CARTESIAN_POINT('',(-0.341866807283,1.299852116214));
#4829 = CARTESIAN_POINT('',(-0.245355750415,1.32040316772));
#4830 = CARTESIAN_POINT('',(-0.147647522867,1.33250433608));
#4831 = CARTESIAN_POINT('',(-1.088222377047E-02,1.337557486178));
#4832 = CARTESIAN_POINT('',(2.792160141259E-02,1.33766357444));
#4833 = CARTESIAN_POINT('',(6.671988332332E-02,1.336441863118));
#4834 = CARTESIAN_POINT('',(0.105458352569,1.33389319798));
#4835 = CARTESIAN_POINT('',(0.144082942577,1.330021257849));
#4836 = CARTESIAN_POINT('',(0.182539789597,1.324832554606));
#4837 = CARTESIAN_POINT('',(0.220775232702,1.318336433192));
#4838 = ( GEOMETRIC_REPRESENTATION_CONTEXT(2) 
PARAMETRIC_REPRESENTATION_CONTEXT() REPRESENTATION_CONTEXT('2D SPACE',''
  ) );
#4839 = ORIENTED_EDGE('',*,*,#4138,.T.);
#4840 = ADVANCED_FACE('',(#4841),#4606,.T.);
#4841 = FACE_BOUND('',#4842,.T.);
#4842 = EDGE_LOOP('',(#4843,#4872,#4873,#4911));
#4843 = ORIENTED_EDGE('',*,*,#4844,.T.);
#4844 = EDGE_CURVE('',#4845,#4592,#4847,.T.);
#4845 = VERTEX_POINT('',#4846);
#4846 = CARTESIAN_POINT('',(297.99788350401,125.88845923005,
    20.588251112892));
#4847 = SURFACE_CURVE('',#4848,(#4854,#4863),.PCURVE_S1.);
#4848 = B_SPLINE_CURVE_WITH_KNOTS('',4,(#4849,#4850,#4851,#4852,#4853),
  .UNSPECIFIED.,.F.,.F.,(5,5),(0.,1.),.PIECEWISE_BEZIER_KNOTS.);
#4849 = CARTESIAN_POINT('',(298.00981585401,125.88971299281,
    20.586276636082));
#4850 = CARTESIAN_POINT('',(297.95543794843,125.88399860886,
    20.595532973728));
#4851 = CARTESIAN_POINT('',(297.90054573536,125.87823939515,
    20.601733259021));
#4852 = CARTESIAN_POINT('',(297.84539371175,125.87246209825,
    20.604833358052));
#4853 = CARTESIAN_POINT('',(297.79024025469,125.86669374117,
    20.604833269636));
#4854 = PCURVE('',#4606,#4855);
#4855 = DEFINITIONAL_REPRESENTATION('',(#4856),#4862);
#4856 = B_SPLINE_CURVE_WITH_KNOTS('',4,(#4857,#4858,#4859,#4860,#4861),
  .UNSPECIFIED.,.F.,.F.,(5,5),(0.,1.),.PIECEWISE_BEZIER_KNOTS.);
#4857 = CARTESIAN_POINT('',(0.16680465117,0.463960810977));
#4858 = CARTESIAN_POINT('',(0.125104850985,0.463913031847));
#4859 = CARTESIAN_POINT('',(8.340323449724E-02,0.463864877886));
#4860 = CARTESIAN_POINT('',(4.170115269828E-02,0.463816572728));
#4861 = CARTESIAN_POINT('',(0.,0.463768342317));
#4862 = ( GEOMETRIC_REPRESENTATION_CONTEXT(2) 
PARAMETRIC_REPRESENTATION_CONTEXT() REPRESENTATION_CONTEXT('2D SPACE',''
  ) );
#4863 = PCURVE('',#4127,#4864);
#4864 = DEFINITIONAL_REPRESENTATION('',(#4865),#4871);
#4865 = B_SPLINE_CURVE_WITH_KNOTS('',4,(#4866,#4867,#4868,#4869,#4870),
  .UNSPECIFIED.,.F.,.F.,(5,5),(0.,1.),.PIECEWISE_BEZIER_KNOTS.);
#4866 = CARTESIAN_POINT('',(0.2207789094,-1.318493079296));
#4867 = CARTESIAN_POINT('',(0.166101582554,-1.327749456299));
#4868 = CARTESIAN_POINT('',(0.110908075047,-1.333949767954));
#4869 = CARTESIAN_POINT('',(5.545428539451E-02,-1.337049880165));
#4870 = CARTESIAN_POINT('',(0.,-1.337049791749));
#4871 = ( GEOMETRIC_REPRESENTATION_CONTEXT(2) 
PARAMETRIC_REPRESENTATION_CONTEXT() REPRESENTATION_CONTEXT('2D SPACE',''
  ) );
#4872 = ORIENTED_EDGE('',*,*,#4591,.F.);
#4873 = ORIENTED_EDGE('',*,*,#4874,.F.);
#4874 = EDGE_CURVE('',#4875,#4377,#4877,.T.);
#4875 = VERTEX_POINT('',#4876);
#4876 = CARTESIAN_POINT('',(300.00365799185,106.91368539353,
    20.585217719656));
#4877 = SURFACE_CURVE('',#4878,(#4887,#4899),.PCURVE_S1.);
#4878 = B_SPLINE_CURVE_WITH_KNOTS('',4,(#4879,#4880,#4881,#4882,#4883,
    #4884,#4885,#4886),.UNSPECIFIED.,.F.,.F.,(5,3,5),(0.,0.790542706689,
    1.),.UNSPECIFIED.);
#4879 = CARTESIAN_POINT('',(300.00549395767,106.91149737468,
    20.584946220163));
#4880 = CARTESIAN_POINT('',(299.95313979561,106.9738906354,
    20.592715820392));
#4881 = CARTESIAN_POINT('',(299.90062292221,107.03647780794,
    20.598413777254));
#4882 = CARTESIAN_POINT('',(299.84801180786,107.09917729249,
    20.6020698301));
#4883 = CARTESIAN_POINT('',(299.78142156389,107.17853645496,
    20.604118122974));
#4884 = CARTESIAN_POINT('',(299.7674715663,107.1951614147,
    20.604404170351));
#4885 = CARTESIAN_POINT('',(299.75352056827,107.21178756673,
    20.604547332373));
#4886 = CARTESIAN_POINT('',(299.73956975136,107.2284135029,
    20.60454758721));
#4887 = PCURVE('',#4606,#4888);
#4888 = DEFINITIONAL_REPRESENTATION('',(#4889),#4898);
#4889 = B_SPLINE_CURVE_WITH_KNOTS('',4,(#4890,#4891,#4892,#4893,#4894,
    #4895,#4896,#4897),.UNSPECIFIED.,.F.,.F.,(5,3,5),(0.,0.790542706689,
    1.),.UNSPECIFIED.);
#4890 = CARTESIAN_POINT('',(0.167973902889,0.305280078384));
#4891 = CARTESIAN_POINT('',(0.134611415229,0.305801761166));
#4892 = CARTESIAN_POINT('',(0.101385121992,0.306325065284));
#4893 = CARTESIAN_POINT('',(6.823572686132E-02,0.306849308466));
#4894 = CARTESIAN_POINT('',(2.632884363159E-02,0.307512846613));
#4895 = CARTESIAN_POINT('',(1.755255833886E-02,0.307651851294));
#4896 = CARTESIAN_POINT('',(8.776629976889E-03,0.307790865943));
#4897 = CARTESIAN_POINT('',(0.,0.307929878787));
#4898 = ( GEOMETRIC_REPRESENTATION_CONTEXT(2) 
PARAMETRIC_REPRESENTATION_CONTEXT() REPRESENTATION_CONTEXT('2D SPACE',''
  ) );
#4899 = PCURVE('',#1100,#4900);
#4900 = DEFINITIONAL_REPRESENTATION('',(#4901),#4910);
#4901 = B_SPLINE_CURVE_WITH_KNOTS('',4,(#4902,#4903,#4904,#4905,#4906,
    #4907,#4908,#4909),.UNSPECIFIED.,.F.,.F.,(5,3,5),(0.,0.790542706689,
    1.),.UNSPECIFIED.);
#4902 = CARTESIAN_POINT('',(2.952175157713,-4.255509428084));
#4903 = CARTESIAN_POINT('',(3.033623775064,-4.263279028313));
#4904 = CARTESIAN_POINT('',(3.115325526321,-4.268976985175));
#4905 = CARTESIAN_POINT('',(3.197173890483,-4.272633038021));
#4906 = CARTESIAN_POINT('',(3.300769919657,-4.274681330895));
#4907 = CARTESIAN_POINT('',(3.322472263286,-4.274967378272));
#4908 = CARTESIAN_POINT('',(3.344176163335,-4.275110540293));
#4909 = CARTESIAN_POINT('',(3.365879781602,-4.275110795131));
#4910 = ( GEOMETRIC_REPRESENTATION_CONTEXT(2) 
PARAMETRIC_REPRESENTATION_CONTEXT() REPRESENTATION_CONTEXT('2D SPACE',''
  ) );
#4911 = ORIENTED_EDGE('',*,*,#4912,.T.);
#4912 = EDGE_CURVE('',#4875,#4845,#4913,.T.);
#4913 = SURFACE_CURVE('',#4914,(#4941,#4971),.PCURVE_S1.);
#4914 = B_SPLINE_CURVE_WITH_KNOTS('',4,(#4915,#4916,#4917,#4918,#4919,
    #4920,#4921,#4922,#4923,#4924,#4925,#4926,#4927,#4928,#4929,#4930,
    #4931,#4932,#4933,#4934,#4935,#4936,#4937,#4938,#4939,#4940),
  .UNSPECIFIED.,.F.,.F.,(5,3,3,3,3,3,3,3,5),(0.,0.217029845078,
    0.348589785396,0.457269758131,0.565949752863,0.674629771792,
    0.783309817429,0.891989892651,1.),.UNSPECIFIED.);
#4915 = CARTESIAN_POINT('',(303.86331398724,70.399999999999,
    20.579104069685));
#4916 = CARTESIAN_POINT('',(303.17738901386,76.889197958691,
    20.580219266779));
#4917 = CARTESIAN_POINT('',(302.49145901874,83.378395313138,
    20.581321876444));
#4918 = CARTESIAN_POINT('',(301.80552360854,89.867592014193,
    20.582410912246));
#4919 = CARTESIAN_POINT('',(300.70377589372,100.29043240867,
    20.584136327989));
#4920 = CARTESIAN_POINT('',(300.28796732392,104.22407655448,
    20.584782070327));
#4921 = CARTESIAN_POINT('',(299.87215647448,108.15772042359,
    20.585422097935));
#4922 = CARTESIAN_POINT('',(299.11284524368,115.34089630896,
    20.586579832073));
#4923 = CARTESIAN_POINT('',(298.76934562616,118.59042841817,
    20.587099453534));
#4924 = CARTESIAN_POINT('',(298.42584429605,121.83996031859,
    20.5876147815));
#4925 = CARTESIAN_POINT('',(297.73883798122,128.33902433912,
    20.588636449504));
#4926 = CARTESIAN_POINT('',(297.39533299644,131.58855645922,
    20.589142789356));
#4927 = CARTESIAN_POINT('',(297.05182613914,134.83808835006,
    20.589644434538));
#4928 = CARTESIAN_POINT('',(296.36480842231,141.33715237343,
    20.590637882349));
#4929 = CARTESIAN_POINT('',(296.0212975627,144.58668450594,
    20.591129684752));
#4930 = CARTESIAN_POINT('',(295.67778464982,147.83621638591,
    20.591616338999));
#4931 = CARTESIAN_POINT('',(294.99075442801,154.33528041263,
    20.592578836754));
#4932 = CARTESIAN_POINT('',(294.64723711897,157.58481255938,
    20.593054679986));
#4933 = CARTESIAN_POINT('',(294.30371755151,160.83434442693,
    20.593524860323));
#4934 = CARTESIAN_POINT('',(293.61667357243,167.33340845765,
    20.594453308701));
#4935 = CARTESIAN_POINT('',(293.27314916068,170.58294062079,
    20.594911576406));
#4936 = CARTESIAN_POINT('',(292.92962225664,173.83247247413,
    20.595363594353));
#4937 = CARTESIAN_POINT('',(292.24468091416,180.31150350325,
    20.596251712819));
#4938 = CARTESIAN_POINT('',(291.90326650785,183.54100268303,
    20.596687893882));
#4939 = CARTESIAN_POINT('',(291.56184937609,186.770501522,20.59711724002
    ));
#4940 = CARTESIAN_POINT('',(291.22042936772,189.99999999999,
    20.597539371777));
#4941 = PCURVE('',#4606,#4942);
#4942 = DEFINITIONAL_REPRESENTATION('',(#4943),#4970);
#4943 = B_SPLINE_CURVE_WITH_KNOTS('',4,(#4944,#4945,#4946,#4947,#4948,
    #4949,#4950,#4951,#4952,#4953,#4954,#4955,#4956,#4957,#4958,#4959,
    #4960,#4961,#4962,#4963,#4964,#4965,#4966,#4967,#4968,#4969),
  .UNSPECIFIED.,.F.,.F.,(5,3,3,3,3,3,3,3,5),(0.,0.217029845078,
    0.348589785396,0.457269758131,0.565949752863,0.674629771792,
    0.783309817429,0.891989892651,1.),.UNSPECIFIED.);
#4944 = CARTESIAN_POINT('',(0.182455613474,0.));
#4945 = CARTESIAN_POINT('',(0.179875905494,5.425750801582E-02));
#4946 = CARTESIAN_POINT('',(0.177207505324,0.108515010979));
#4947 = CARTESIAN_POINT('',(0.174443551588,0.16277250848));
#4948 = CARTESIAN_POINT('',(0.169836980337,0.249920003417));
#4949 = CARTESIAN_POINT('',(0.168060184929,0.282810004636));
#4950 = CARTESIAN_POINT('',(0.166243240461,0.315700003542));
#4951 = CARTESIAN_POINT('',(0.162848041571,0.375760002583));
#4952 = CARTESIAN_POINT('',(0.161283229267,0.402930003496));
#4953 = CARTESIAN_POINT('',(0.15968829764,0.430100002664));
#4954 = CARTESIAN_POINT('',(0.156435429823,0.484440002836));
#4955 = CARTESIAN_POINT('',(0.154777492392,0.51161000384));
#4956 = CARTESIAN_POINT('',(0.153086669146,0.538780002927));
#4957 = CARTESIAN_POINT('',(0.149636132168,0.593120003122));
#4958 = CARTESIAN_POINT('',(0.147876416946,0.62029000423));
#4959 = CARTESIAN_POINT('',(0.146080696367,0.647460003227));
#4960 = CARTESIAN_POINT('',(0.142413713927,0.70180000345));
#4961 = CARTESIAN_POINT('',(0.140542450263,0.728970004677));
#4962 = CARTESIAN_POINT('',(0.138631649846,0.75614000357));
#4963 = CARTESIAN_POINT('',(0.134726962153,0.810480003827));
#4964 = CARTESIAN_POINT('',(0.132733072681,0.837650005191));
#4965 = CARTESIAN_POINT('',(0.130695632097,0.864820003964));
#4966 = CARTESIAN_POINT('',(0.126541909263,0.918992504208));
#4967 = CARTESIAN_POINT('',(0.124426187858,0.945995005711));
#4968 = CARTESIAN_POINT('',(0.122262937026,0.972997504365));
#4969 = CARTESIAN_POINT('',(0.120049578574,1.));
#4970 = ( GEOMETRIC_REPRESENTATION_CONTEXT(2) 
PARAMETRIC_REPRESENTATION_CONTEXT() REPRESENTATION_CONTEXT('2D SPACE',''
  ) );
#4971 = PCURVE('',#1189,#4972);
#4972 = DEFINITIONAL_REPRESENTATION('',(#4973),#5000);
#4973 = B_SPLINE_CURVE_WITH_KNOTS('',4,(#4974,#4975,#4976,#4977,#4978,
    #4979,#4980,#4981,#4982,#4983,#4984,#4985,#4986,#4987,#4988,#4989,
    #4990,#4991,#4992,#4993,#4994,#4995,#4996,#4997,#4998,#4999),
  .UNSPECIFIED.,.F.,.F.,(5,3,3,3,3,3,3,3,5),(0.,0.217029845078,
    0.348589785396,0.457269758131,0.565949752863,0.674629771792,
    0.783309817429,0.891989892651,1.),.UNSPECIFIED.);
#4974 = CARTESIAN_POINT('',(4.881497521901,1.147540983606E-02));
#4975 = CARTESIAN_POINT('',(4.900815260056,6.466555703845E-02));
#4976 = CARTESIAN_POINT('',(4.92014657228,0.117855699288));
#4977 = CARTESIAN_POINT('',(4.93949252232,0.171045836182));
#4978 = CARTESIAN_POINT('',(4.970591310001,0.256478954169));
#4979 = CARTESIAN_POINT('',(4.982334051402,0.288721938971));
#4980 = CARTESIAN_POINT('',(4.994082955462,0.320964921505));
#4981 = CARTESIAN_POINT('',(5.015549353061,0.379843412369));
#4982 = CARTESIAN_POINT('',(5.025264781573,0.40647892146));
#4983 = CARTESIAN_POINT('',(5.03498484011,0.433114428841));
#4984 = CARTESIAN_POINT('',(5.054434651669,0.486385445403));
#4985 = CARTESIAN_POINT('',(5.064164404893,0.513020954584));
#4986 = CARTESIAN_POINT('',(5.073899220757,0.539656461886));
#4987 = CARTESIAN_POINT('',(5.093379468783,0.592927478471));
#4988 = CARTESIAN_POINT('',(5.103124901191,0.619562987754));
#4989 = CARTESIAN_POINT('',(5.112875885264,0.646198494966));
#4990 = CARTESIAN_POINT('',(5.132389514013,0.699469511579));
#4991 = CARTESIAN_POINT('',(5.142152158985,0.726105020979));
#4992 = CARTESIAN_POINT('',(5.151920910704,0.75274052809));
#4993 = CARTESIAN_POINT('',(5.171471262901,0.806011544735));
#4994 = CARTESIAN_POINT('',(5.181252863742,0.832647054269));
#4995 = CARTESIAN_POINT('',(5.191041204185,0.859282561263));
#4996 = CARTESIAN_POINT('',(5.210571704077,0.912389372978));
#4997 = CARTESIAN_POINT('',(5.22031377667,0.93886067773));
#4998 = CARTESIAN_POINT('',(5.230063219889,0.965331979689));
#4999 = CARTESIAN_POINT('',(5.239820442929,0.991803278688));
#5000 = ( GEOMETRIC_REPRESENTATION_CONTEXT(2) 
PARAMETRIC_REPRESENTATION_CONTEXT() REPRESENTATION_CONTEXT('2D SPACE',''
  ) );
#5001 = ADVANCED_FACE('',(#5002,#5053),#4127,.T.);
#5002 = FACE_BOUND('',#5003,.T.);
#5003 = EDGE_LOOP('',(#5004,#5024,#5050,#5051,#5052));
#5004 = ORIENTED_EDGE('',*,*,#5005,.T.);
#5005 = EDGE_CURVE('',#4845,#5006,#5008,.T.);
#5006 = VERTEX_POINT('',#5007);
#5007 = CARTESIAN_POINT('',(298.15811851497,125.90404301737,
    20.988926438377));
#5008 = SURFACE_CURVE('',#5009,(#5012,#5018),.PCURVE_S1.);
#5009 = B_SPLINE_CURVE_WITH_KNOTS('',1,(#5010,#5011),.UNSPECIFIED.,.F.,
  .F.,(2,2),(0.,1.),.PIECEWISE_BEZIER_KNOTS.);
#5010 = CARTESIAN_POINT('',(297.79007715996,125.86824885374,
    20.068621388775));
#5011 = CARTESIAN_POINT('',(298.17382383523,125.90557045117,
    21.028198344499));
#5012 = PCURVE('',#4127,#5013);
#5013 = DEFINITIONAL_REPRESENTATION('',(#5014),#5017);
#5014 = B_SPLINE_CURVE_WITH_KNOTS('',1,(#5015,#5016),.UNSPECIFIED.,.F.,
  .F.,(2,2),(0.,1.),.PIECEWISE_BEZIER_KNOTS.);
#5015 = CARTESIAN_POINT('',(-4.470894054975E-07,-0.800835631034));
#5016 = CARTESIAN_POINT('',(0.385546673797,-1.760416666667));
#5017 = ( GEOMETRIC_REPRESENTATION_CONTEXT(2) 
PARAMETRIC_REPRESENTATION_CONTEXT() REPRESENTATION_CONTEXT('2D SPACE',''
  ) );
#5018 = PCURVE('',#1189,#5019);
#5019 = DEFINITIONAL_REPRESENTATION('',(#5020),#5023);
#5020 = B_SPLINE_CURVE_WITH_KNOTS('',1,(#5021,#5022),.UNSPECIFIED.,.F.,
  .F.,(2,2),(0.,1.),.PIECEWISE_BEZIER_KNOTS.);
#5021 = CARTESIAN_POINT('',(5.60747573229,0.466133187326));
#5022 = CARTESIAN_POINT('',(4.572656667782,0.466439102059));
#5023 = ( GEOMETRIC_REPRESENTATION_CONTEXT(2) 
PARAMETRIC_REPRESENTATION_CONTEXT() REPRESENTATION_CONTEXT('2D SPACE',''
  ) );
#5024 = ORIENTED_EDGE('',*,*,#5025,.F.);
#5025 = EDGE_CURVE('',#4035,#5006,#5026,.T.);
#5026 = SURFACE_CURVE('',#5027,(#5032,#5043),.PCURVE_S1.);
#5027 = CIRCLE('',#5028,1.760416666667);
#5028 = AXIS2_PLACEMENT_3D('',#5029,#5030,#5031);
#5029 = CARTESIAN_POINT('',(297.78983468682,125.8705715297,
    19.267789162702));
#5030 = DIRECTION('',(0.104019604147,-0.994570972053,-2.916076511732E-03
    ));
#5031 = DIRECTION('',(0.20865666406,2.468940476806E-02,-0.977677262616)
  );
#5032 = PCURVE('',#4127,#5033);
#5033 = DEFINITIONAL_REPRESENTATION('',(#5034),#5042);
#5034 = ( BOUNDED_CURVE() B_SPLINE_CURVE(2,(#5035,#5036,#5037,#5038,
#5039,#5040,#5041),.UNSPECIFIED.,.T.,.F.) B_SPLINE_CURVE_WITH_KNOTS((1,2
    ,2,2,2,1),(-2.094395102393,0.,2.094395102393,4.188790204786,
6.28318530718,8.377580409573),.UNSPECIFIED.) CURVE() 
GEOMETRIC_REPRESENTATION_ITEM() RATIONAL_B_SPLINE_CURVE((1.,0.5,1.,0.5,
1.,0.5,1.)) REPRESENTATION_ITEM('') );
#5035 = CARTESIAN_POINT('',(0.369851107095,1.721126665547));
#5036 = CARTESIAN_POINT('',(3.350929938085,1.080525756824));
#5037 = CARTESIAN_POINT('',(1.305613861948,-1.180863787136));
#5038 = CARTESIAN_POINT('',(-0.739702214189,-3.442253331095));
#5039 = CARTESIAN_POINT('',(-1.675464969042,-0.540262878412));
#5040 = CARTESIAN_POINT('',(-2.611227723895,2.361727574271));
#5041 = CARTESIAN_POINT('',(0.369851107095,1.721126665547));
#5042 = ( GEOMETRIC_REPRESENTATION_CONTEXT(2) 
PARAMETRIC_REPRESENTATION_CONTEXT() REPRESENTATION_CONTEXT('2D SPACE',''
  ) );
#5043 = PCURVE('',#4079,#5044);
#5044 = DEFINITIONAL_REPRESENTATION('',(#5045),#5049);
#5045 = LINE('',#5046,#5047);
#5046 = CARTESIAN_POINT('',(7.64231161705,-12.54754946701));
#5047 = VECTOR('',#5048,1.);
#5048 = DIRECTION('',(-1.,-0.));
#5049 = ( GEOMETRIC_REPRESENTATION_CONTEXT(2) 
PARAMETRIC_REPRESENTATION_CONTEXT() REPRESENTATION_CONTEXT('2D SPACE',''
  ) );
#5050 = ORIENTED_EDGE('',*,*,#4113,.T.);
#5051 = ORIENTED_EDGE('',*,*,#4642,.F.);
#5052 = ORIENTED_EDGE('',*,*,#4844,.F.);
#5053 = FACE_BOUND('',#5054,.T.);
#5054 = EDGE_LOOP('',(#5055));
#5055 = ORIENTED_EDGE('',*,*,#5056,.F.);
#5056 = EDGE_CURVE('',#5057,#5057,#5059,.T.);
#5057 = VERTEX_POINT('',#5058);
#5058 = CARTESIAN_POINT('',(298.58549484742,125.95378756683,
    19.267789162702));
#5059 = SURFACE_CURVE('',#5060,(#5065,#5072),.PCURVE_S1.);
#5060 = CIRCLE('',#5061,0.8);
#5061 = AXIS2_PLACEMENT_3D('',#5062,#5063,#5064);
#5062 = CARTESIAN_POINT('',(297.78983468682,125.8705715297,
    19.267789162702));
#5063 = DIRECTION('',(-0.104019604147,0.994570972053,2.916076511733E-03)
  );
#5064 = DIRECTION('',(0.994575200748,0.104020046415,5.421010862428E-20)
  );
#5065 = PCURVE('',#4127,#5066);
#5066 = DEFINITIONAL_REPRESENTATION('',(#5067),#5071);
#5067 = CIRCLE('',#5068,0.8);
#5068 = AXIS2_PLACEMENT_2D('',#5069,#5070);
#5069 = CARTESIAN_POINT('',(0.,0.));
#5070 = DIRECTION('',(1.,-1.463672702367E-18));
#5071 = ( GEOMETRIC_REPRESENTATION_CONTEXT(2) 
PARAMETRIC_REPRESENTATION_CONTEXT() REPRESENTATION_CONTEXT('2D SPACE',''
  ) );
#5072 = PCURVE('',#5073,#5078);
#5073 = CYLINDRICAL_SURFACE('',#5074,0.8);
#5074 = AXIS2_PLACEMENT_3D('',#5075,#5076,#5077);
#5075 = CARTESIAN_POINT('',(302.37814423178,82.,19.139160893037));
#5076 = DIRECTION('',(-0.104019604147,0.994570972053,2.916076511733E-03)
  );
#5077 = DIRECTION('',(0.994575200748,0.104020046415,0.));
#5078 = DEFINITIONAL_REPRESENTATION('',(#5079),#5083);
#5079 = LINE('',#5080,#5081);
#5080 = CARTESIAN_POINT('',(0.,44.11004620327));
#5081 = VECTOR('',#5082,1.);
#5082 = DIRECTION('',(1.,0.));
#5083 = ( GEOMETRIC_REPRESENTATION_CONTEXT(2) 
PARAMETRIC_REPRESENTATION_CONTEXT() REPRESENTATION_CONTEXT('2D SPACE',''
  ) );
#5084 = ADVANCED_FACE('',(#5085),#5073,.F.);
#5085 = FACE_BOUND('',#5086,.F.);
#5086 = EDGE_LOOP('',(#5087,#5088,#5111,#5153));
#5087 = ORIENTED_EDGE('',*,*,#5056,.F.);
#5088 = ORIENTED_EDGE('',*,*,#5089,.F.);
#5089 = EDGE_CURVE('',#5090,#5057,#5092,.T.);
#5090 = VERTEX_POINT('',#5091);
#5091 = CARTESIAN_POINT('',(300.65846682012,106.13331461998,
    19.20967564719));
#5092 = SEAM_CURVE('',#5093,(#5097,#5104),.PCURVE_S1.);
#5093 = LINE('',#5094,#5095);
#5094 = CARTESIAN_POINT('',(303.17380439237,82.083216037132,
    19.139160893037));
#5095 = VECTOR('',#5096,1.);
#5096 = DIRECTION('',(-0.104019604147,0.994570972053,2.916076511733E-03)
  );
#5097 = PCURVE('',#5073,#5098);
#5098 = DEFINITIONAL_REPRESENTATION('',(#5099),#5103);
#5099 = LINE('',#5100,#5101);
#5100 = CARTESIAN_POINT('',(6.28318530718,-0.));
#5101 = VECTOR('',#5102,1.);
#5102 = DIRECTION('',(0.,1.));
#5103 = ( GEOMETRIC_REPRESENTATION_CONTEXT(2) 
PARAMETRIC_REPRESENTATION_CONTEXT() REPRESENTATION_CONTEXT('2D SPACE',''
  ) );
#5104 = PCURVE('',#5073,#5105);
#5105 = DEFINITIONAL_REPRESENTATION('',(#5106),#5110);
#5106 = LINE('',#5107,#5108);
#5107 = CARTESIAN_POINT('',(0.,-0.));
#5108 = VECTOR('',#5109,1.);
#5109 = DIRECTION('',(0.,1.));
#5110 = ( GEOMETRIC_REPRESENTATION_CONTEXT(2) 
PARAMETRIC_REPRESENTATION_CONTEXT() REPRESENTATION_CONTEXT('2D SPACE',''
  ) );
#5111 = ORIENTED_EDGE('',*,*,#5112,.F.);
#5112 = EDGE_CURVE('',#5090,#5090,#5113,.T.);
#5113 = SURFACE_CURVE('',#5114,(#5119,#5146),.PCURVE_S1.);
#5114 = ELLIPSE('',#5115,1.429556142434,0.8);
#5115 = AXIS2_PLACEMENT_3D('',#5116,#5117,#5118);
#5116 = CARTESIAN_POINT('',(299.73956975136,107.2284135029,
    19.213130459927));
#5117 = DIRECTION('',(-0.766044443119,-0.642787609687,2.168404344971E-19
    ));
#5118 = DIRECTION('',(-0.642783630574,0.766039700997,3.518630731649E-03)
  );
#5119 = PCURVE('',#5073,#5120);
#5120 = DEFINITIONAL_REPRESENTATION('',(#5121),#5145);
#5121 = B_SPLINE_CURVE_WITH_KNOTS('',8,(#5122,#5123,#5124,#5125,#5126,
    #5127,#5128,#5129,#5130,#5131,#5132,#5133,#5134,#5135,#5136,#5137,
    #5138,#5139,#5140,#5141,#5142,#5143,#5144),.UNSPECIFIED.,.F.,.F.,(9,
    7,7,9),(3.143561739161,4.714358065955,7.070552556148,9.42674704634),
  .UNSPECIFIED.);
#5122 = CARTESIAN_POINT('',(6.28318530718,24.181379970501));
#5123 = CARTESIAN_POINT('',(6.08683576633,24.181838028676));
#5124 = CARTESIAN_POINT('',(5.890486225481,24.234497818028));
#5125 = CARTESIAN_POINT('',(5.694136684632,24.339326128686));
#5126 = CARTESIAN_POINT('',(5.497787143782,24.49202179502));
#5127 = CARTESIAN_POINT('',(5.301437602932,24.683941076096));
#5128 = CARTESIAN_POINT('',(5.105088062084,24.903108768708));
#5129 = CARTESIAN_POINT('',(4.908738521234,25.135835267412));
#5130 = CARTESIAN_POINT('',(4.417864669111,25.717396563763));
#5131 = CARTESIAN_POINT('',(4.123340357838,26.066103328074));
#5132 = CARTESIAN_POINT('',(3.828816046568,26.368444929962));
#5133 = CARTESIAN_POINT('',(3.534291735289,26.57839577939));
#5134 = CARTESIAN_POINT('',(3.239767424023,26.662548137523));
#5135 = CARTESIAN_POINT('',(2.94524311274,26.613774413949));
#5136 = CARTESIAN_POINT('',(2.650718801466,26.449441330008));
#5137 = CARTESIAN_POINT('',(2.061670178918,25.954998518293));
#5138 = CARTESIAN_POINT('',(1.767145867649,25.62488699883));
#5139 = CARTESIAN_POINT('',(1.47262155636,25.244587815832));
#5140 = CARTESIAN_POINT('',(1.178097245115,24.862012812751));
#5141 = CARTESIAN_POINT('',(0.883572933805,24.531750291775));
#5142 = CARTESIAN_POINT('',(0.589048622556,24.297460127382));
#5143 = CARTESIAN_POINT('',(0.294524311274,24.180692883239));
#5144 = CARTESIAN_POINT('',(1.33226762955E-14,24.181379970501));
#5145 = ( GEOMETRIC_REPRESENTATION_CONTEXT(2) 
PARAMETRIC_REPRESENTATION_CONTEXT() REPRESENTATION_CONTEXT('2D SPACE',''
  ) );
#5146 = PCURVE('',#1100,#5147);
#5147 = DEFINITIONAL_REPRESENTATION('',(#5148),#5152);
#5148 = ELLIPSE('',#5149,1.429556142434,0.8);
#5149 = AXIS2_PLACEMENT_2D('',#5150,#5151);
#5150 = CARTESIAN_POINT('',(3.365879781602,-2.883693667848));
#5151 = DIRECTION('',(0.9999938096,-3.518630731649E-03));
#5152 = ( GEOMETRIC_REPRESENTATION_CONTEXT(2) 
PARAMETRIC_REPRESENTATION_CONTEXT() REPRESENTATION_CONTEXT('2D SPACE',''
  ) );
#5153 = ORIENTED_EDGE('',*,*,#5089,.T.);
#5154 = ADVANCED_FACE('',(#5155),#4079,.F.);
#5155 = FACE_BOUND('',#5156,.F.);
#5156 = EDGE_LOOP('',(#5157,#5180,#5181,#5182,#5212));
#5157 = ORIENTED_EDGE('',*,*,#5158,.T.);
#5158 = EDGE_CURVE('',#5159,#5006,#5161,.T.);
#5159 = VERTEX_POINT('',#5160);
#5160 = CARTESIAN_POINT('',(296.51826903567,141.5832671793,
    21.034897835679));
#5161 = SURFACE_CURVE('',#5162,(#5168,#5174),.PCURVE_S1.);
#5162 = B_SPLINE_CURVE_WITH_KNOTS('',4,(#5163,#5164,#5165,#5166,#5167),
  .UNSPECIFIED.,.F.,.F.,(5,5),(0.125000814098,2.647159807619),
  .PIECEWISE_BEZIER_KNOTS.);
#5163 = CARTESIAN_POINT('',(296.51826903567,141.5832671793,
    21.034897835679));
#5164 = CARTESIAN_POINT('',(296.92823140549,137.66346113882,
    21.023404986353));
#5165 = CARTESIAN_POINT('',(297.33819377531,133.74365509835,
    21.011912137028));
#5166 = CARTESIAN_POINT('',(297.74815614518,129.8238490578,
    21.000419287701));
#5167 = CARTESIAN_POINT('',(298.15811851497,125.90404301737,
    20.988926438377));
#5168 = PCURVE('',#4079,#5169);
#5169 = DEFINITIONAL_REPRESENTATION('',(#5170),#5173);
#5170 = B_SPLINE_CURVE_WITH_KNOTS('',1,(#5171,#5172),.UNSPECIFIED.,.F.,
  .F.,(2,2),(0.125000814098,2.647159807619),.PIECEWISE_BEZIER_KNOTS.);
#5171 = CARTESIAN_POINT('',(4.924010518222,3.217262298564));
#5172 = CARTESIAN_POINT('',(4.924010518222,-12.54754946701));
#5173 = ( GEOMETRIC_REPRESENTATION_CONTEXT(2) 
PARAMETRIC_REPRESENTATION_CONTEXT() REPRESENTATION_CONTEXT('2D SPACE',''
  ) );
#5174 = PCURVE('',#1189,#5175);
#5175 = DEFINITIONAL_REPRESENTATION('',(#5176),#5179);
#5176 = B_SPLINE_CURVE_WITH_KNOTS('',1,(#5177,#5178),.UNSPECIFIED.,.F.,
  .F.,(2,2),(0.125000814098,2.647159807619),.PIECEWISE_BEZIER_KNOTS.);
#5177 = CARTESIAN_POINT('',(4.615007952806,0.594944812945));
#5178 = CARTESIAN_POINT('',(4.615007952806,0.46642658211));
#5179 = ( GEOMETRIC_REPRESENTATION_CONTEXT(2) 
PARAMETRIC_REPRESENTATION_CONTEXT() REPRESENTATION_CONTEXT('2D SPACE',''
  ) );
#5180 = ORIENTED_EDGE('',*,*,#5025,.F.);
#5181 = ORIENTED_EDGE('',*,*,#4034,.T.);
#5182 = ORIENTED_EDGE('',*,*,#5183,.T.);
#5183 = EDGE_CURVE('',#4010,#5184,#5186,.T.);
#5184 = VERTEX_POINT('',#5185);
#5185 = CARTESIAN_POINT('',(298.11559814634,139.6796444731,
    19.307740384343));
#5186 = SURFACE_CURVE('',#5187,(#5192,#5205),.PCURVE_S1.);
#5187 = ELLIPSE('',#5188,3.145768073845,1.760416666667);
#5188 = AXIS2_PLACEMENT_3D('',#5189,#5190,#5191);
#5189 = CARTESIAN_POINT('',(296.09354600285,142.08943237953,
    19.315342771746));
#5190 = DIRECTION('',(-0.766044443119,-0.642787609687,2.168404344971E-19
    ));
#5191 = DIRECTION('',(-0.642783630574,0.766039700997,3.518630731649E-03)
  );
#5192 = PCURVE('',#4079,#5193);
#5193 = DEFINITIONAL_REPRESENTATION('',(#5194),#5204);
#5194 = B_SPLINE_CURVE_WITH_KNOTS('',8,(#5195,#5196,#5197,#5198,#5199,
    #5200,#5201,#5202,#5203),.UNSPECIFIED.,.F.,.F.,(9,9),(8.06762073647,
    9.42674704634),.PIECEWISE_BEZIER_KNOTS.);
#5195 = CARTESIAN_POINT('',(7.642311617049,3.207100778446));
#5196 = CARTESIAN_POINT('',(7.472420828316,2.774253705256));
#5197 = CARTESIAN_POINT('',(7.302530039582,2.35963946693));
#5198 = CARTESIAN_POINT('',(7.132639250847,1.982295407388));
#5199 = CARTESIAN_POINT('',(6.962748462111,1.660136528825));
#5200 = CARTESIAN_POINT('',(6.792857673379,1.408196140674));
#5201 = CARTESIAN_POINT('',(6.622966884643,1.237037152511));
#5202 = CARTESIAN_POINT('',(6.453076095913,1.151912208453));
#5203 = CARTESIAN_POINT('',(6.28318530718,1.152784348172));
#5204 = ( GEOMETRIC_REPRESENTATION_CONTEXT(2) 
PARAMETRIC_REPRESENTATION_CONTEXT() REPRESENTATION_CONTEXT('2D SPACE',''
  ) );
#5205 = PCURVE('',#4023,#5206);
#5206 = DEFINITIONAL_REPRESENTATION('',(#5207),#5211);
#5207 = ELLIPSE('',#5208,3.145768073845,1.760416666667);
#5208 = AXIS2_PLACEMENT_2D('',#5209,#5210);
#5209 = CARTESIAN_POINT('',(3.184452810073,-2.78120284264));
#5210 = DIRECTION('',(0.9999938096,-3.518630731649E-03));
#5211 = ( GEOMETRIC_REPRESENTATION_CONTEXT(2) 
PARAMETRIC_REPRESENTATION_CONTEXT() REPRESENTATION_CONTEXT('2D SPACE',''
  ) );
#5212 = ORIENTED_EDGE('',*,*,#5213,.T.);
#5213 = EDGE_CURVE('',#5184,#5159,#5214,.T.);
#5214 = SURFACE_CURVE('',#5215,(#5220,#5233),.PCURVE_S1.);
#5215 = ELLIPSE('',#5216,3.145768073845,1.760416666667);
#5216 = AXIS2_PLACEMENT_3D('',#5217,#5218,#5219);
#5217 = CARTESIAN_POINT('',(296.09354600285,142.08943237953,
    19.315342771746));
#5218 = DIRECTION('',(-0.766044443119,-0.642787609687,2.168404344971E-19
    ));
#5219 = DIRECTION('',(-0.642783630574,0.766039700997,3.518630731649E-03)
  );
#5220 = PCURVE('',#4079,#5221);
#5221 = DEFINITIONAL_REPRESENTATION('',(#5222),#5232);
#5222 = B_SPLINE_CURVE_WITH_KNOTS('',8,(#5223,#5224,#5225,#5226,#5227,
    #5228,#5229,#5230,#5231),.UNSPECIFIED.,.F.,.F.,(9,9),(3.143561739161
    ,4.502736528118),.PIECEWISE_BEZIER_KNOTS.);
#5223 = CARTESIAN_POINT('',(6.28318530718,1.152784348172));
#5224 = CARTESIAN_POINT('',(6.11328845856,1.153656518999));
#5225 = CARTESIAN_POINT('',(5.94339160994,1.240531786871));
#5226 = CARTESIAN_POINT('',(5.773494761321,1.413371156039));
#5227 = CARTESIAN_POINT('',(5.603597912701,1.666842533941));
#5228 = CARTESIAN_POINT('',(5.433701064081,1.990314473472));
#5229 = CARTESIAN_POINT('',(5.263804215461,2.368694414481));
#5230 = CARTESIAN_POINT('',(5.093907366842,2.784028868431));
#5231 = CARTESIAN_POINT('',(4.924010518222,3.217262299939));
#5232 = ( GEOMETRIC_REPRESENTATION_CONTEXT(2) 
PARAMETRIC_REPRESENTATION_CONTEXT() REPRESENTATION_CONTEXT('2D SPACE',''
  ) );
#5233 = PCURVE('',#4023,#5234);
#5234 = DEFINITIONAL_REPRESENTATION('',(#5235),#5239);
#5235 = ELLIPSE('',#5236,3.145768073845,1.760416666667);
#5236 = AXIS2_PLACEMENT_2D('',#5237,#5238);
#5237 = CARTESIAN_POINT('',(3.184452810073,-2.78120284264));
#5238 = DIRECTION('',(0.9999938096,-3.518630731649E-03));
#5239 = ( GEOMETRIC_REPRESENTATION_CONTEXT(2) 
PARAMETRIC_REPRESENTATION_CONTEXT() REPRESENTATION_CONTEXT('2D SPACE',''
  ) );
#5240 = ADVANCED_FACE('',(#5241,#5582),#4023,.T.);
#5241 = FACE_BOUND('',#5242,.T.);
#5242 = EDGE_LOOP('',(#5243,#5244,#5245,#5265,#5332,#5581));
#5243 = ORIENTED_EDGE('',*,*,#5183,.T.);
#5244 = ORIENTED_EDGE('',*,*,#5213,.T.);
#5245 = ORIENTED_EDGE('',*,*,#5246,.F.);
#5246 = EDGE_CURVE('',#5247,#5159,#5249,.T.);
#5247 = VERTEX_POINT('',#5248);
#5248 = CARTESIAN_POINT('',(296.31292065985,141.82799184391,
    20.590710445106));
#5249 = SURFACE_CURVE('',#5250,(#5253,#5259),.PCURVE_S1.);
#5250 = B_SPLINE_CURVE_WITH_KNOTS('',1,(#5251,#5252),.UNSPECIFIED.,.F.,
  .F.,(2,2),(0.,1.),.PIECEWISE_BEZIER_KNOTS.);
#5251 = CARTESIAN_POINT('',(296.09354548931,142.08943299154,
    20.116181809686));
#5252 = CARTESIAN_POINT('',(296.53717045388,141.56074134624,
    21.075783338683));
#5253 = PCURVE('',#4023,#5254);
#5254 = DEFINITIONAL_REPRESENTATION('',(#5255),#5258);
#5255 = B_SPLINE_CURVE_WITH_KNOTS('',1,(#5256,#5257),.UNSPECIFIED.,.F.,
  .F.,(2,2),(0.,1.),.PIECEWISE_BEZIER_KNOTS.);
#5256 = CARTESIAN_POINT('',(3.184453608994,-3.58204188058));
#5257 = CARTESIAN_POINT('',(2.494295681415,-4.541643409578));
#5258 = ( GEOMETRIC_REPRESENTATION_CONTEXT(2) 
PARAMETRIC_REPRESENTATION_CONTEXT() REPRESENTATION_CONTEXT('2D SPACE',''
  ) );
#5259 = PCURVE('',#1189,#5260);
#5260 = DEFINITIONAL_REPRESENTATION('',(#5261),#5264);
#5261 = B_SPLINE_CURVE_WITH_KNOTS('',1,(#5262,#5263),.UNSPECIFIED.,.F.,
  .F.,(2,2),(0.,1.),.PIECEWISE_BEZIER_KNOTS.);
#5262 = CARTESIAN_POINT('',(5.60747573229,0.599093713045));
#5263 = CARTESIAN_POINT('',(4.570840284852,0.594760174969));
#5264 = ( GEOMETRIC_REPRESENTATION_CONTEXT(2) 
PARAMETRIC_REPRESENTATION_CONTEXT() REPRESENTATION_CONTEXT('2D SPACE',''
  ) );
#5265 = ORIENTED_EDGE('',*,*,#5266,.T.);
#5266 = EDGE_CURVE('',#5247,#5267,#5269,.T.);
#5267 = VERTEX_POINT('',#5268);
#5268 = CARTESIAN_POINT('',(296.09354600285,142.08943237953,
    20.605081927305));
#5269 = SURFACE_CURVE('',#5270,(#5279,#5291),.PCURVE_S1.);
#5270 = B_SPLINE_CURVE_WITH_KNOTS('',4,(#5271,#5272,#5273,#5274,#5275,
    #5276,#5277,#5278),.UNSPECIFIED.,.F.,.F.,(5,3,5),(0.,0.759600299502,
    1.),.UNSPECIFIED.);
#5271 = CARTESIAN_POINT('',(296.31485001404,141.82569252913,
    20.590455203436));
#5272 = CARTESIAN_POINT('',(296.27295731013,141.87561830952,
    20.596022145625));
#5273 = CARTESIAN_POINT('',(296.23096172333,141.92566670096,
    20.600166775469));
#5274 = CARTESIAN_POINT('',(296.18890461433,141.97578841171,
    20.602904226588));
#5275 = CARTESIAN_POINT('',(296.13350722671,142.04180844742,
    20.604659541013));
#5276 = CARTESIAN_POINT('',(296.12018743957,142.0576823516,
    20.604940881568));
#5277 = CARTESIAN_POINT('',(296.10686661981,142.0735574864,
    20.605081683979));
#5278 = CARTESIAN_POINT('',(296.09354600285,142.08943237953,
    20.605081927305));
#5279 = PCURVE('',#4023,#5280);
#5280 = DEFINITIONAL_REPRESENTATION('',(#5281),#5290);
#5281 = B_SPLINE_CURVE_WITH_KNOTS('',4,(#5282,#5283,#5284,#5285,#5286,
    #5287,#5288,#5289),.UNSPECIFIED.,.F.,.F.,(5,3,5),(0.,0.759600299502,
    1.),.UNSPECIFIED.);
#5282 = CARTESIAN_POINT('',(2.840164886882,-4.056315274331));
#5283 = CARTESIAN_POINT('',(2.90533836452,-4.061882216519));
#5284 = CARTESIAN_POINT('',(2.970671899533,-4.066026846364));
#5285 = CARTESIAN_POINT('',(3.036101146094,-4.068764297483));
#5286 = CARTESIAN_POINT('',(3.122284181949,-4.070519611908));
#5287 = CARTESIAN_POINT('',(3.143006092184,-4.070800952462));
#5288 = CARTESIAN_POINT('',(3.163729608869,-4.070941754874));
#5289 = CARTESIAN_POINT('',(3.184452810073,-4.0709419982));
#5290 = ( GEOMETRIC_REPRESENTATION_CONTEXT(2) 
PARAMETRIC_REPRESENTATION_CONTEXT() REPRESENTATION_CONTEXT('2D SPACE',''
  ) );
#5291 = PCURVE('',#5292,#5321);
#5292 = B_SPLINE_SURFACE_WITH_KNOTS('',13,1,(
    (#5293,#5294)
    ,(#5295,#5296)
    ,(#5297,#5298)
    ,(#5299,#5300)
    ,(#5301,#5302)
    ,(#5303,#5304)
    ,(#5305,#5306)
    ,(#5307,#5308)
    ,(#5309,#5310)
    ,(#5311,#5312)
    ,(#5313,#5314)
    ,(#5315,#5316)
    ,(#5317,#5318)
    ,(#5319,#5320
    )),.UNSPECIFIED.,.T.,.F.,.F.,(14,14),(2,2),(0.,6.28318530718),(0.,1.
    ),.PIECEWISE_BEZIER_KNOTS.);
#5293 = CARTESIAN_POINT('',(303.59135821248,70.4,20.603983091432));
#5294 = CARTESIAN_POINT('',(291.08270372175,190.,20.605816287289));
#5295 = CARTESIAN_POINT('',(304.31577725692,70.399999999993,
    20.60398309143));
#5296 = CARTESIAN_POINT('',(291.63852396047,189.99999999997,
    20.605816287288));
#5297 = CARTESIAN_POINT('',(305.04019659114,70.400000000029,
    20.224676085388));
#5298 = CARTESIAN_POINT('',(292.19434442136,190.00000000013,
    20.314787893904));
#5299 = CARTESIAN_POINT('',(305.54795412984,70.399999999924,
    19.466084655182));
#5300 = CARTESIAN_POINT('',(292.58392821112,189.99999999963,
    19.732748433391));
#5301 = CARTESIAN_POINT('',(305.62241466433,70.400000000145,
    18.464216879548));
#5302 = CARTESIAN_POINT('',(292.64105905491,190.00000000072,
    18.964051930342));
#5303 = CARTESIAN_POINT('',(305.14185434545,70.399999999796,
    17.491773718957));
#5304 = CARTESIAN_POINT('',(292.27234269965,189.99999999891,
    18.217931858281));
#5305 = CARTESIAN_POINT('',(304.17507536609,70.400000000217,
    16.881330772054));
#5306 = CARTESIAN_POINT('',(291.5305685439,190.00000000127,
    17.749561310786));
#5307 = CARTESIAN_POINT('',(303.00764105896,70.399999999821,
    16.881330771919));
#5308 = CARTESIAN_POINT('',(290.63483889976,189.99999999879,
    17.749561310676));
#5309 = CARTESIAN_POINT('',(302.04086207931,70.400000000115,
    17.491773719065));
#5310 = CARTESIAN_POINT('',(289.89306474344,190.00000000091,
    18.217931858368));
#5311 = CARTESIAN_POINT('',(301.56030176083,70.399999999944,
    18.46421687948));
#5312 = CARTESIAN_POINT('',(289.52434838897,189.99999999943,
    18.964051930288));
#5313 = CARTESIAN_POINT('',(301.63476229501,70.400000000021,
    19.466084655215));
#5314 = CARTESIAN_POINT('',(289.58147923213,190.00000000027,
    19.732748433416));
#5315 = CARTESIAN_POINT('',(302.14251983387,70.399999999994,
    20.224676085376));
#5316 = CARTESIAN_POINT('',(289.97106302223,189.9999999999,
    20.314787893895));
#5317 = CARTESIAN_POINT('',(302.86693916803,70.400000000001,
    20.603983091433));
#5318 = CARTESIAN_POINT('',(290.52688348299,190.00000000002,
    20.60581628729));
#5319 = CARTESIAN_POINT('',(303.59135821248,70.4,20.603983091432));
#5320 = CARTESIAN_POINT('',(291.08270372175,190.,20.605816287289));
#5321 = DEFINITIONAL_REPRESENTATION('',(#5322),#5331);
#5322 = B_SPLINE_CURVE_WITH_KNOTS('',4,(#5323,#5324,#5325,#5326,#5327,
    #5328,#5329,#5330),.UNSPECIFIED.,.F.,.F.,(5,3,5),(0.,0.759600299502,
    1.),.UNSPECIFIED.);
#5323 = CARTESIAN_POINT('',(0.150681040553,0.597204787033));
#5324 = CARTESIAN_POINT('',(0.121956496191,0.597622226668));
#5325 = CARTESIAN_POINT('',(9.331973283912E-02,0.59804069148));
#5326 = CARTESIAN_POINT('',(6.473391748756E-02,0.598459769329));
#5327 = CARTESIAN_POINT('',(2.712141573425E-02,0.599011776316));
#5328 = CARTESIAN_POINT('',(1.808091755433E-02,0.599144501268));
#5329 = CARTESIAN_POINT('',(9.040822655496E-03,0.599277236508));
#5330 = CARTESIAN_POINT('',(0.,0.599409969729));
#5331 = ( GEOMETRIC_REPRESENTATION_CONTEXT(2) 
PARAMETRIC_REPRESENTATION_CONTEXT() REPRESENTATION_CONTEXT('2D SPACE',''
  ) );
#5332 = ORIENTED_EDGE('',*,*,#5333,.T.);
#5333 = EDGE_CURVE('',#5267,#3889,#5334,.T.);
#5334 = SURFACE_CURVE('',#5335,(#5415,#5498),.PCURVE_S1.);
#5335 = B_SPLINE_CURVE_WITH_KNOTS('',8,(#5336,#5337,#5338,#5339,#5340,
    #5341,#5342,#5343,#5344,#5345,#5346,#5347,#5348,#5349,#5350,#5351,
    #5352,#5353,#5354,#5355,#5356,#5357,#5358,#5359,#5360,#5361,#5362,
    #5363,#5364,#5365,#5366,#5367,#5368,#5369,#5370,#5371,#5372,#5373,
    #5374,#5375,#5376,#5377,#5378,#5379,#5380,#5381,#5382,#5383,#5384,
    #5385,#5386,#5387,#5388,#5389,#5390,#5391,#5392,#5393,#5394,#5395,
    #5396,#5397,#5398,#5399,#5400,#5401,#5402,#5403,#5404,#5405,#5406,
    #5407,#5408,#5409,#5410,#5411,#5412,#5413,#5414),.UNSPECIFIED.,.F.,
  .F.,(9,7,7,7,7,7,7,7,7,7,7,9),(0.,0.265054551717,0.340092252374,
    0.392570290395,0.419358825682,0.472532401764,0.525234860333,
    0.5520310808,0.604528354253,0.678591787274,0.94708506303,1.),
  .UNSPECIFIED.);
#5336 = CARTESIAN_POINT('',(296.09354600285,142.08943237953,
    20.605081927305));
#5337 = CARTESIAN_POINT('',(295.95828629187,142.25062862602,
    20.605084398077));
#5338 = CARTESIAN_POINT('',(295.82337973306,142.41140400215,
    20.592663862281));
#5339 = CARTESIAN_POINT('',(295.68914809946,142.57137503372,
    20.567921333414));
#5340 = CARTESIAN_POINT('',(295.55624022571,142.72976846975,
    20.530429324555));
#5341 = CARTESIAN_POINT('',(295.42559907463,142.88546053089,
    20.479593815526));
#5342 = CARTESIAN_POINT('',(295.29861950954,143.03678888377,
    20.414438845963));
#5343 = CARTESIAN_POINT('',(295.17701032241,143.18171706942,
    20.333979437693));
#5344 = CARTESIAN_POINT('',(295.03121717069,143.35546658176,
    20.208288850394));
#5345 = CARTESIAN_POINT('',(294.9997168922,143.39300715182,
    20.179177665888));
#5346 = CARTESIAN_POINT('',(294.96895052116,143.42967308504,
    20.148649511181));
#5347 = CARTESIAN_POINT('',(294.93899856244,143.46536843945,
    20.116668769595));
#5348 = CARTESIAN_POINT('',(294.90995504722,143.49998115306,
    20.083203787116));
#5349 = CARTESIAN_POINT('',(294.88192704816,143.53338362163,
    20.048228388708));
#5350 = CARTESIAN_POINT('',(294.85503419466,143.5654332764,
    20.011723394617));
#5351 = CARTESIAN_POINT('',(294.81148649616,143.61733140254,
    19.947070971545));
#5352 = CARTESIAN_POINT('',(294.79418630635,143.63794896589,
    19.919713160519));
#5353 = CARTESIAN_POINT('',(294.77755313846,143.65777160349,
    19.891602771232));
#5354 = CARTESIAN_POINT('',(294.7616372895,143.67673937366,
    19.862742634946));
#5355 = CARTESIAN_POINT('',(294.74649274066,143.69478794415,
    19.833141372346));
#5356 = CARTESIAN_POINT('',(294.73217606421,143.71184989474,
    19.802814419342));
#5357 = CARTESIAN_POINT('',(294.71874533048,143.72785601992,
    19.771785052864));
#5358 = CARTESIAN_POINT('',(294.69988510825,143.75033275751,
    19.723903660345));
#5359 = CARTESIAN_POINT('',(294.69375739935,143.75763547661,
    19.707547548505));
#5360 = CARTESIAN_POINT('',(294.68788370318,143.76463547513,
    19.691021613646));
#5361 = CARTESIAN_POINT('',(294.68227184158,143.77132343135,
    19.674331060109));
#5362 = CARTESIAN_POINT('',(294.67692956078,143.77769011369,
    19.657481805197));
#5363 = CARTESIAN_POINT('',(294.67186444897,143.78372647888,
    19.640480520308));
#5364 = CARTESIAN_POINT('',(294.66708385394,143.78942377018,
    19.623334672066));
#5365 = CARTESIAN_POINT('',(294.65368430923,143.80539272574,
    19.571748652937));
#5366 = CARTESIAN_POINT('',(294.64592117479,143.8146444691,
    19.536902665893));
#5367 = CARTESIAN_POINT('',(294.63936231075,143.82246101888,
    19.501585356907));
#5368 = CARTESIAN_POINT('',(294.63405715778,143.82878345398,
    19.465875514601));
#5369 = CARTESIAN_POINT('',(294.63004566959,143.83356415944,
    19.429859883276));
#5370 = CARTESIAN_POINT('',(294.62735629869,143.83676922687,
    19.393633084569));
#5371 = CARTESIAN_POINT('',(294.62600398214,143.83838085498,
    19.35729753909));
#5372 = CARTESIAN_POINT('',(294.62597241295,143.83841847768,
    19.284951157397));
#5373 = CARTESIAN_POINT('',(294.62726957863,143.83687257582,
    19.248932192307));
#5374 = CARTESIAN_POINT('',(294.62987969808,143.83376195658,
    19.213013549347));
#5375 = CARTESIAN_POINT('',(294.63378788901,143.82910435601,
    19.1772948454));
#5376 = CARTESIAN_POINT('',(294.63896626587,143.82293300678,
    19.141868177647));
#5377 = CARTESIAN_POINT('',(294.64537589272,143.81529431095,
    19.106818043523));
#5378 = CARTESIAN_POINT('',(294.65296873605,143.80624551264,
    19.072221260663));
#5379 = CARTESIAN_POINT('',(294.66612369275,143.79056804573,
    19.020821994301));
#5380 = CARTESIAN_POINT('',(294.6708497003,143.78493580926,
    19.003630868353));
#5381 = CARTESIAN_POINT('',(294.67586063012,143.77896401564,
    18.986581857801));
#5382 = CARTESIAN_POINT('',(294.68114914878,143.77266140453,
    18.96968247798));
#5383 = CARTESIAN_POINT('',(294.68670768194,143.76603700266,
    18.952939451232));
#5384 = CARTESIAN_POINT('',(294.69252849689,143.75910002554,
    18.936358747359));
#5385 = CARTESIAN_POINT('',(294.69860378496,143.75185977915,
    18.919945624078));
#5386 = CARTESIAN_POINT('',(294.71731128244,143.72956505182,
    18.871886525765));
#5387 = CARTESIAN_POINT('',(294.73064320753,143.7136766822,
    18.840730368633));
#5388 = CARTESIAN_POINT('',(294.74486312277,143.69673004712,
    18.810268745187));
#5389 = CARTESIAN_POINT('',(294.75991302808,143.6787942684,
    18.780525354214));
#5390 = CARTESIAN_POINT('',(294.77573641235,143.65993669335,
    18.751516057741));
#5391 = CARTESIAN_POINT('',(294.79227934596,143.64022159279,
    18.723249894595));
#5392 = CARTESIAN_POINT('',(294.80949157322,143.61970885912,
    18.695730093969));
#5393 = CARTESIAN_POINT('',(294.85249077345,143.56846440776,
    18.631180769313));
#5394 = CARTESIAN_POINT('',(294.87889190527,143.53700076407,
    18.594894112875));
#5395 = CARTESIAN_POINT('',(294.90640447634,143.50421255865,
    18.560086081035));
#5396 = CARTESIAN_POINT('',(294.93491340491,143.47023694061,
    18.526739416716));
#5397 = CARTESIAN_POINT('',(294.96431551853,143.43519686608,
    18.494830069654));
#5398 = CARTESIAN_POINT('',(294.99452002111,143.39920054161,
    18.464328621669));
#5399 = CARTESIAN_POINT('',(295.02544896005,143.36234086752,
    18.435201711924));
#5400 = CARTESIAN_POINT('',(295.1715525367,143.18822140515,
    18.306676055186));
#5401 = CARTESIAN_POINT('',(295.29437866035,143.04184293103,
    18.223845407236));
#5402 = CARTESIAN_POINT('',(295.42277962101,142.88882062487,
    18.156649401924));
#5403 = CARTESIAN_POINT('',(295.55498259738,142.73126725283,
    18.104096399949));
#5404 = CARTESIAN_POINT('',(295.68953594814,142.57091281367,
    18.065186489489));
#5405 = CARTESIAN_POINT('',(295.82546568198,142.40891806502,
    18.039322900904));
#5406 = CARTESIAN_POINT('',(295.96210235049,142.24608082444,
    18.026075322719));
#5407 = CARTESIAN_POINT('',(296.1261233689,142.0506081865,
    18.025475213124));
#5408 = CARTESIAN_POINT('',(296.15312786201,142.01842548481,
    18.025871514455));
#5409 = CARTESIAN_POINT('',(296.18012750566,141.98624856249,
    18.026762986107));
#5410 = CARTESIAN_POINT('',(296.20711642,141.95408442687,18.028150165032
    ));
#5411 = CARTESIAN_POINT('',(296.23408864065,141.92194018601,
    18.030034054992));
#5412 = CARTESIAN_POINT('',(296.26103811872,141.8898230487,
    18.032416126564));
#5413 = CARTESIAN_POINT('',(296.28795872082,141.85774032443,
    18.035298317131));
#5414 = CARTESIAN_POINT('',(296.31484422903,141.82569942344,
    18.038683030891));
#5415 = PCURVE('',#4023,#5416);
#5416 = DEFINITIONAL_REPRESENTATION('',(#5417),#5497);
#5417 = B_SPLINE_CURVE_WITH_KNOTS('',8,(#5418,#5419,#5420,#5421,#5422,
    #5423,#5424,#5425,#5426,#5427,#5428,#5429,#5430,#5431,#5432,#5433,
    #5434,#5435,#5436,#5437,#5438,#5439,#5440,#5441,#5442,#5443,#5444,
    #5445,#5446,#5447,#5448,#5449,#5450,#5451,#5452,#5453,#5454,#5455,
    #5456,#5457,#5458,#5459,#5460,#5461,#5462,#5463,#5464,#5465,#5466,
    #5467,#5468,#5469,#5470,#5471,#5472,#5473,#5474,#5475,#5476,#5477,
    #5478,#5479,#5480,#5481,#5482,#5483,#5484,#5485,#5486,#5487,#5488,
    #5489,#5490,#5491,#5492,#5493,#5494,#5495,#5496),.UNSPECIFIED.,.F.,
  .F.,(9,7,7,7,7,7,7,7,7,7,7,9),(0.,0.265054551717,0.340092252374,
    0.392570290395,0.419358825682,0.472532401764,0.525234860333,
    0.5520310808,0.604528354253,0.678591787274,0.94708506303,1.),
  .UNSPECIFIED.);
#5418 = CARTESIAN_POINT('',(3.184452810073,-4.0709419982));
#5419 = CARTESIAN_POINT('',(3.394879565259,-4.070944468972));
#5420 = CARTESIAN_POINT('',(3.604756913199,-4.058523933175));
#5421 = CARTESIAN_POINT('',(3.813584263897,-4.033781404309));
#5422 = CARTESIAN_POINT('',(4.020352209871,-3.99628939545));
#5423 = CARTESIAN_POINT('',(4.223593761377,-3.945453886421));
#5424 = CARTESIAN_POINT('',(4.421138896312,-3.880298916857));
#5425 = CARTESIAN_POINT('',(4.610329206288,-3.799839508588));
#5426 = CARTESIAN_POINT('',(4.837143086214,-3.674148921288));
#5427 = CARTESIAN_POINT('',(4.886148820015,-3.645037736782));
#5428 = CARTESIAN_POINT('',(4.934012796512,-3.614509582076));
#5429 = CARTESIAN_POINT('',(4.980609772352,-3.582528840489));
#5430 = CARTESIAN_POINT('',(5.025793461003,-3.549063858011));
#5431 = CARTESIAN_POINT('',(5.069397286953,-3.514088459603));
#5432 = CARTESIAN_POINT('',(5.111235139913,-3.477583465512));
#5433 = CARTESIAN_POINT('',(5.178983332082,-3.41293104244));
#5434 = CARTESIAN_POINT('',(5.205897649566,-3.385573231414));
#5435 = CARTESIAN_POINT('',(5.231774265179,-3.357462842127));
#5436 = CARTESIAN_POINT('',(5.256534930629,-3.328602705841));
#5437 = CARTESIAN_POINT('',(5.280095666107,-3.299001443241));
#5438 = CARTESIAN_POINT('',(5.302368460774,-3.268674490237));
#5439 = CARTESIAN_POINT('',(5.323262973251,-3.237645123759));
#5440 = CARTESIAN_POINT('',(5.352604270353,-3.189763731239));
#5441 = CARTESIAN_POINT('',(5.362137293095,-3.173407619399));
#5442 = CARTESIAN_POINT('',(5.371275142189,-3.156881684541));
#5443 = CARTESIAN_POINT('',(5.380005648989,-3.140191131004));
#5444 = CARTESIAN_POINT('',(5.38831676252,-3.123341876092));
#5445 = CARTESIAN_POINT('',(5.396196677644,-3.106340591203));
#5446 = CARTESIAN_POINT('',(5.403633963235,-3.08919474296));
#5447 = CARTESIAN_POINT('',(5.424479954221,-3.037608723832));
#5448 = CARTESIAN_POINT('',(5.43655724744,-3.002762736788));
#5449 = CARTESIAN_POINT('',(5.4467610285,-2.967445427802));
#5450 = CARTESIAN_POINT('',(5.455014381376,-2.931735585495));
#5451 = CARTESIAN_POINT('',(5.461255149129,-2.895719954171));
#5452 = CARTESIAN_POINT('',(5.465439067518,-2.859493155463));
#5453 = CARTESIAN_POINT('',(5.467542898601,-2.823157609985));
#5454 = CARTESIAN_POINT('',(5.467592011548,-2.750811228292));
#5455 = CARTESIAN_POINT('',(5.465573979993,-2.714792263202));
#5456 = CARTESIAN_POINT('',(5.461513354962,-2.678873620242));
#5457 = CARTESIAN_POINT('',(5.455433289218,-2.643154916295));
#5458 = CARTESIAN_POINT('',(5.447377164953,-2.607728248542));
#5459 = CARTESIAN_POINT('',(5.437405555735,-2.572678114417));
#5460 = CARTESIAN_POINT('',(5.425593188461,-2.538081331558));
#5461 = CARTESIAN_POINT('',(5.405127708884,-2.486682065196));
#5462 = CARTESIAN_POINT('',(5.397775346333,-2.469490939247));
#5463 = CARTESIAN_POINT('',(5.389979723409,-2.452441928695));
#5464 = CARTESIAN_POINT('',(5.381752248929,-2.435542548874));
#5465 = CARTESIAN_POINT('',(5.373104706446,-2.418799522126));
#5466 = CARTESIAN_POINT('',(5.364049125944,-2.402218818254));
#5467 = CARTESIAN_POINT('',(5.354597655524,-2.385805694973));
#5468 = CARTESIAN_POINT('',(5.325493955959,-2.33774659666));
#5469 = CARTESIAN_POINT('',(5.30475316244,-2.306590439528));
#5470 = CARTESIAN_POINT('',(5.282630901483,-2.276128816082));
#5471 = CARTESIAN_POINT('',(5.259217405201,-2.246385425109));
#5472 = CARTESIAN_POINT('',(5.234600589265,-2.217376128635));
#5473 = CARTESIAN_POINT('',(5.208864353291,-2.18910996549));
#5474 = CARTESIAN_POINT('',(5.182086881224,-2.161590164864));
#5475 = CARTESIAN_POINT('',(5.115192000888,-2.097040840208));
#5476 = CARTESIAN_POINT('',(5.074119131069,-2.060754183769));
#5477 = CARTESIAN_POINT('',(5.031317168707,-2.02594615193));
#5478 = CARTESIAN_POINT('',(4.986965149252,-1.99259948761));
#5479 = CARTESIAN_POINT('',(4.941223580542,-1.960690140549));
#5480 = CARTESIAN_POINT('',(4.89423371619,-1.930188692563));
#5481 = CARTESIAN_POINT('',(4.846116828955,-1.901061782818));
#5482 = CARTESIAN_POINT('',(4.618820013559,-1.772536126081));
#5483 = CARTESIAN_POINT('',(4.427736486449,-1.689705478131));
#5484 = CARTESIAN_POINT('',(4.227980052545,-1.622509472819));
#5485 = CARTESIAN_POINT('',(4.022308732229,-1.569956470844));
#5486 = CARTESIAN_POINT('',(3.812980878468,-1.531046560384));
#5487 = CARTESIAN_POINT('',(3.601511752759,-1.505182971798));
#5488 = CARTESIAN_POINT('',(3.388942831927,-1.491935393614));
#5489 = CARTESIAN_POINT('',(3.133771425489,-1.491335284018));
#5490 = CARTESIAN_POINT('',(3.091759892123,-1.49173158535));
#5491 = CARTESIAN_POINT('',(3.049755903174,-1.492623057001));
#5492 = CARTESIAN_POINT('',(3.007768606077,-1.494010235926));
#5493 = CARTESIAN_POINT('',(2.96580727975,-1.495894125887));
#5494 = CARTESIAN_POINT('',(2.923881334589,-1.498276197458));
#5495 = CARTESIAN_POINT('',(2.882000312471,-1.501158388026));
#5496 = CARTESIAN_POINT('',(2.840173886755,-1.504543101786));
#5497 = ( GEOMETRIC_REPRESENTATION_CONTEXT(2) 
PARAMETRIC_REPRESENTATION_CONTEXT() REPRESENTATION_CONTEXT('2D SPACE',''
  ) );
#5498 = PCURVE('',#3950,#5499);
#5499 = DEFINITIONAL_REPRESENTATION('',(#5500),#5580);
#5500 = B_SPLINE_CURVE_WITH_KNOTS('',8,(#5501,#5502,#5503,#5504,#5505,
    #5506,#5507,#5508,#5509,#5510,#5511,#5512,#5513,#5514,#5515,#5516,
    #5517,#5518,#5519,#5520,#5521,#5522,#5523,#5524,#5525,#5526,#5527,
    #5528,#5529,#5530,#5531,#5532,#5533,#5534,#5535,#5536,#5537,#5538,
    #5539,#5540,#5541,#5542,#5543,#5544,#5545,#5546,#5547,#5548,#5549,
    #5550,#5551,#5552,#5553,#5554,#5555,#5556,#5557,#5558,#5559,#5560,
    #5561,#5562,#5563,#5564,#5565,#5566,#5567,#5568,#5569,#5570,#5571,
    #5572,#5573,#5574,#5575,#5576,#5577,#5578,#5579),.UNSPECIFIED.,.F.,
  .F.,(9,7,7,7,7,7,7,7,7,7,7,9),(0.,0.265054551717,0.340092252374,
    0.392570290395,0.419358825682,0.472532401764,0.525234860333,
    0.5520310808,0.604528354253,0.678591787274,0.94708506303,1.),
  .UNSPECIFIED.);
#5501 = CARTESIAN_POINT('',(6.28318530718,0.599409969729));
#5502 = CARTESIAN_POINT('',(6.191383323655,0.600757764432));
#5503 = CARTESIAN_POINT('',(6.099743514438,0.602102040152));
#5504 = CARTESIAN_POINT('',(6.007313763199,0.603439590583));
#5505 = CARTESIAN_POINT('',(5.913345894144,0.604763950416));
#5506 = CARTESIAN_POINT('',(5.817183158978,0.606065723502));
#5507 = CARTESIAN_POINT('',(5.718000789932,0.607331010734));
#5508 = CARTESIAN_POINT('',(5.614967748092,0.608542784861));
#5509 = CARTESIAN_POINT('',(5.475419809745,0.609995539981));
#5510 = CARTESIAN_POINT('',(5.444197402888,0.610309424346));
#5511 = CARTESIAN_POINT('',(5.412509618714,0.610615995694));
#5512 = CARTESIAN_POINT('',(5.380326624308,0.610914451835));
#5513 = CARTESIAN_POINT('',(5.347620997901,0.611203855795));
#5514 = CARTESIAN_POINT('',(5.314367249535,0.611483140649));
#5515 = CARTESIAN_POINT('',(5.280541341727,0.611751114351));
#5516 = CARTESIAN_POINT('',(5.222047598154,0.612185045172));
#5517 = CARTESIAN_POINT('',(5.19768628667,0.612357432825));
#5518 = CARTESIAN_POINT('',(5.173029843687,0.612523173942));
#5519 = CARTESIAN_POINT('',(5.148074353111,0.612681767338));
#5520 = CARTESIAN_POINT('',(5.122818773329,0.612832675118));
#5521 = CARTESIAN_POINT('',(5.097265295789,0.612975333568));
#5522 = CARTESIAN_POINT('',(5.071419703583,0.613109164046));
#5523 = CARTESIAN_POINT('',(5.031954147898,0.613297096635));
#5524 = CARTESIAN_POINT('',(5.018543237142,0.613358156159));
#5525 = CARTESIAN_POINT('',(5.005060511556,0.613416684575));
#5526 = CARTESIAN_POINT('',(4.99150780783,0.613472603941));
#5527 = CARTESIAN_POINT('',(4.977887313624,0.613525837071));
#5528 = CARTESIAN_POINT('',(4.964201595645,0.613576308352));
#5529 = CARTESIAN_POINT('',(4.950453627732,0.613623944567));
#5530 = CARTESIAN_POINT('',(4.909241162361,0.613757464262));
#5531 = CARTESIAN_POINT('',(4.881599446565,0.613834819976));
#5532 = CARTESIAN_POINT('',(4.853753327035,0.613900175743));
#5533 = CARTESIAN_POINT('',(4.825736770236,0.613953038913));
#5534 = CARTESIAN_POINT('',(4.797586876551,0.613993011367));
#5535 = CARTESIAN_POINT('',(4.769344703233,0.614019809589));
#5536 = CARTESIAN_POINT('',(4.741056087346,0.614033284741));
#5537 = CARTESIAN_POINT('',(4.684739442747,0.614033599312));
#5538 = CARTESIAN_POINT('',(4.656705153482,0.614020673711));
#5539 = CARTESIAN_POINT('',(4.628719547786,0.613994665189));
#5540 = CARTESIAN_POINT('',(4.600827119876,0.61395572204));
#5541 = CARTESIAN_POINT('',(4.573067699943,0.61390412213));
#5542 = CARTESIAN_POINT('',(4.545477242757,0.613840253436));
#5543 = CARTESIAN_POINT('',(4.518088616292,0.613764594587));
#5544 = CARTESIAN_POINT('',(4.477124984805,0.613633512088));
#5545 = CARTESIAN_POINT('',(4.463376619564,0.61358641981));
#5546 = CARTESIAN_POINT('',(4.44969068948,0.613536488425));
#5547 = CARTESIAN_POINT('',(4.436070154292,0.613483791008));
#5548 = CARTESIAN_POINT('',(4.422517566668,0.613428403032));
#5549 = CARTESIAN_POINT('',(4.409035100274,0.613370401551));
#5550 = CARTESIAN_POINT('',(4.395624577837,0.613309864374));
#5551 = CARTESIAN_POINT('',(4.356158431307,0.613123453611));
#5552 = CARTESIAN_POINT('',(4.33031223638,0.612990607711));
#5553 = CARTESIAN_POINT('',(4.304758543566,0.612848913438));
#5554 = CARTESIAN_POINT('',(4.279503045894,0.612698948733));
#5555 = CARTESIAN_POINT('',(4.254547856871,0.6125412767));
#5556 = CARTESIAN_POINT('',(4.229891867066,0.612376434722));
#5557 = CARTESIAN_POINT('',(4.205531100698,0.612204923571));
#5558 = CARTESIAN_POINT('',(4.14749812622,0.611776458259));
#5559 = CARTESIAN_POINT('',(4.114116559995,0.611513384315));
#5560 = CARTESIAN_POINT('',(4.081292234164,0.61123923544));
#5561 = CARTESIAN_POINT('',(4.049002048309,0.610955158366));
#5562 = CARTESIAN_POINT('',(4.017221494849,0.610662181155));
#5563 = CARTESIAN_POINT('',(3.985924212891,0.610361208542));
#5564 = CARTESIAN_POINT('',(3.955081542103,0.610053017287));
#5565 = CARTESIAN_POINT('',(3.814386038663,0.608597168939));
#5566 = CARTESIAN_POINT('',(3.710015905918,0.607373268654));
#5567 = CARTESIAN_POINT('',(3.609586486644,0.606093817934));
#5568 = CARTESIAN_POINT('',(3.512244960877,0.604776482047));
#5569 = CARTESIAN_POINT('',(3.417134695851,0.603435725867));
#5570 = CARTESIAN_POINT('',(3.323579220567,0.602081254724));
#5571 = CARTESIAN_POINT('',(3.230802563707,0.600719739335));
#5572 = CARTESIAN_POINT('',(3.119482569107,0.59908535273));
#5573 = CARTESIAN_POINT('',(3.101156343358,0.598816266595));
#5574 = CARTESIAN_POINT('',(3.082825673491,0.598547228783));
#5575 = CARTESIAN_POINT('',(3.064485169183,0.598278297884));
#5576 = CARTESIAN_POINT('',(3.046129399399,0.598009533328));
#5577 = CARTESIAN_POINT('',(3.027752892395,0.59774099539));
#5578 = CARTESIAN_POINT('',(3.009350135716,0.597472745188));
#5579 = CARTESIAN_POINT('',(2.990915576194,0.597204844678));
#5580 = ( GEOMETRIC_REPRESENTATION_CONTEXT(2) 
PARAMETRIC_REPRESENTATION_CONTEXT() REPRESENTATION_CONTEXT('2D SPACE',''
  ) );
#5581 = ORIENTED_EDGE('',*,*,#4009,.F.);
#5582 = FACE_BOUND('',#5583,.T.);
#5583 = EDGE_LOOP('',(#5584));
#5584 = ORIENTED_EDGE('',*,*,#5585,.F.);
#5585 = EDGE_CURVE('',#5586,#5586,#5588,.T.);
#5586 = VERTEX_POINT('',#5587);
#5587 = CARTESIAN_POINT('',(297.01244307161,140.99433349661,
    19.311887959009));
#5588 = SURFACE_CURVE('',#5589,(#5594,#5601),.PCURVE_S1.);
#5589 = ELLIPSE('',#5590,1.429556142434,0.8);
#5590 = AXIS2_PLACEMENT_3D('',#5591,#5592,#5593);
#5591 = CARTESIAN_POINT('',(296.09354600285,142.08943237953,
    19.315342771746));
#5592 = DIRECTION('',(-0.766044443119,-0.642787609687,0.));
#5593 = DIRECTION('',(-0.642783630574,0.766039700997,3.518630731649E-03)
  );
#5594 = PCURVE('',#4023,#5595);
#5595 = DEFINITIONAL_REPRESENTATION('',(#5596),#5600);
#5596 = ELLIPSE('',#5597,1.429556142434,0.8);
#5597 = AXIS2_PLACEMENT_2D('',#5598,#5599);
#5598 = CARTESIAN_POINT('',(3.184452810073,-2.78120284264));
#5599 = DIRECTION('',(0.9999938096,-3.518630731649E-03));
#5600 = ( GEOMETRIC_REPRESENTATION_CONTEXT(2) 
PARAMETRIC_REPRESENTATION_CONTEXT() REPRESENTATION_CONTEXT('2D SPACE',''
  ) );
#5601 = PCURVE('',#5602,#5607);
#5602 = CYLINDRICAL_SURFACE('',#5603,0.8);
#5603 = AXIS2_PLACEMENT_3D('',#5604,#5605,#5606);
#5604 = CARTESIAN_POINT('',(302.37814423178,82.,19.139160893037));
#5605 = DIRECTION('',(-0.104019604147,0.994570972053,2.916076511733E-03)
  );
#5606 = DIRECTION('',(0.994575200748,0.104020046415,0.));
#5607 = DEFINITIONAL_REPRESENTATION('',(#5608),#5632);
#5608 = B_SPLINE_CURVE_WITH_KNOTS('',8,(#5609,#5610,#5611,#5612,#5613,
    #5614,#5615,#5616,#5617,#5618,#5619,#5620,#5621,#5622,#5623,#5624,
    #5625,#5626,#5627,#5628,#5629,#5630,#5631),.UNSPECIFIED.,.F.,.F.,(9,
    7,7,9),(3.143561739161,4.714358065955,7.070552556148,9.42674704634),
  .UNSPECIFIED.);
#5609 = CARTESIAN_POINT('',(6.28318530718,59.232693407348));
#5610 = CARTESIAN_POINT('',(6.08683576633,59.233151465523));
#5611 = CARTESIAN_POINT('',(5.890486225481,59.285811254869));
#5612 = CARTESIAN_POINT('',(5.694136684632,59.390639565535));
#5613 = CARTESIAN_POINT('',(5.497787143782,59.543335231872));
#5614 = CARTESIAN_POINT('',(5.301437602933,59.735254512947));
#5615 = CARTESIAN_POINT('',(5.105088062084,59.95442220556));
#5616 = CARTESIAN_POINT('',(4.908738521234,60.187148704259));
#5617 = CARTESIAN_POINT('',(4.417864669111,60.76871000061));
#5618 = CARTESIAN_POINT('',(4.123340357837,61.117416764893));
#5619 = CARTESIAN_POINT('',(3.828816046563,61.419758366654));
#5620 = CARTESIAN_POINT('',(3.534291735293,61.629709216126));
#5621 = CARTESIAN_POINT('',(3.239767424021,61.713861574448));
#5622 = CARTESIAN_POINT('',(2.945243112741,61.665087850786));
#5623 = CARTESIAN_POINT('',(2.650718801466,61.500754766855));
#5624 = CARTESIAN_POINT('',(2.061670178918,61.00631195514));
#5625 = CARTESIAN_POINT('',(1.76714586765,60.67620043573));
#5626 = CARTESIAN_POINT('',(1.472621556356,60.295901252248));
#5627 = CARTESIAN_POINT('',(1.178097245126,59.91332625004));
#5628 = CARTESIAN_POINT('',(0.883572933802,59.583063728292));
#5629 = CARTESIAN_POINT('',(0.589048622554,59.348773564292));
#5630 = CARTESIAN_POINT('',(0.294524311274,59.232006320086));
#5631 = CARTESIAN_POINT('',(1.33226762955E-14,59.232693407348));
#5632 = ( GEOMETRIC_REPRESENTATION_CONTEXT(2) 
PARAMETRIC_REPRESENTATION_CONTEXT() REPRESENTATION_CONTEXT('2D SPACE',''
  ) );
#5633 = ADVANCED_FACE('',(#5634),#5602,.F.);
#5634 = FACE_BOUND('',#5635,.F.);
#5635 = EDGE_LOOP('',(#5636,#5660,#5681,#5682));
#5636 = ORIENTED_EDGE('',*,*,#5637,.F.);
#5637 = EDGE_CURVE('',#5638,#5638,#5640,.T.);
#5638 = VERTEX_POINT('',#5639);
#5639 = CARTESIAN_POINT('',(294.91221150874,161.07544574607,
    19.370765667494));
#5640 = SURFACE_CURVE('',#5641,(#5646,#5653),.PCURVE_S1.);
#5641 = CIRCLE('',#5642,0.8);
#5642 = AXIS2_PLACEMENT_3D('',#5643,#5644,#5645);
#5643 = CARTESIAN_POINT('',(294.11655134815,160.99222970894,
    19.370765667494));
#5644 = DIRECTION('',(-0.104019604147,0.994570972053,2.916076511733E-03)
  );
#5645 = DIRECTION('',(0.994575200748,0.104020046415,5.421010862428E-20)
  );
#5646 = PCURVE('',#5602,#5647);
#5647 = DEFINITIONAL_REPRESENTATION('',(#5648),#5652);
#5648 = LINE('',#5649,#5650);
#5649 = CARTESIAN_POINT('',(0.,79.423421684897));
#5650 = VECTOR('',#5651,1.);
#5651 = DIRECTION('',(1.,0.));
#5652 = ( GEOMETRIC_REPRESENTATION_CONTEXT(2) 
PARAMETRIC_REPRESENTATION_CONTEXT() REPRESENTATION_CONTEXT('2D SPACE',''
  ) );
#5653 = PCURVE('',#3877,#5654);
#5654 = DEFINITIONAL_REPRESENTATION('',(#5655),#5659);
#5655 = CIRCLE('',#5656,0.8);
#5656 = AXIS2_PLACEMENT_2D('',#5657,#5658);
#5657 = CARTESIAN_POINT('',(0.,-3.552698573514E-15));
#5658 = DIRECTION('',(1.,2.493665227205E-18));
#5659 = ( GEOMETRIC_REPRESENTATION_CONTEXT(2) 
PARAMETRIC_REPRESENTATION_CONTEXT() REPRESENTATION_CONTEXT('2D SPACE',''
  ) );
#5660 = ORIENTED_EDGE('',*,*,#5661,.F.);
#5661 = EDGE_CURVE('',#5586,#5638,#5662,.T.);
#5662 = SEAM_CURVE('',#5663,(#5667,#5674),.PCURVE_S1.);
#5663 = LINE('',#5664,#5665);
#5664 = CARTESIAN_POINT('',(303.17380439237,82.083216037132,
    19.139160893037));
#5665 = VECTOR('',#5666,1.);
#5666 = DIRECTION('',(-0.104019604147,0.994570972053,2.916076511733E-03)
  );
#5667 = PCURVE('',#5602,#5668);
#5668 = DEFINITIONAL_REPRESENTATION('',(#5669),#5673);
#5669 = LINE('',#5670,#5671);
#5670 = CARTESIAN_POINT('',(6.28318530718,-0.));
#5671 = VECTOR('',#5672,1.);
#5672 = DIRECTION('',(0.,1.));
#5673 = ( GEOMETRIC_REPRESENTATION_CONTEXT(2) 
PARAMETRIC_REPRESENTATION_CONTEXT() REPRESENTATION_CONTEXT('2D SPACE',''
  ) );
#5674 = PCURVE('',#5602,#5675);
#5675 = DEFINITIONAL_REPRESENTATION('',(#5676),#5680);
#5676 = LINE('',#5677,#5678);
#5677 = CARTESIAN_POINT('',(0.,-0.));
#5678 = VECTOR('',#5679,1.);
#5679 = DIRECTION('',(0.,1.));
#5680 = ( GEOMETRIC_REPRESENTATION_CONTEXT(2) 
PARAMETRIC_REPRESENTATION_CONTEXT() REPRESENTATION_CONTEXT('2D SPACE',''
  ) );
#5681 = ORIENTED_EDGE('',*,*,#5585,.F.);
#5682 = ORIENTED_EDGE('',*,*,#5661,.T.);
#5683 = ADVANCED_FACE('',(#5684),#5292,.T.);
#5684 = FACE_BOUND('',#5685,.T.);
#5685 = EDGE_LOOP('',(#5686,#5717,#5737,#5738));
#5686 = ORIENTED_EDGE('',*,*,#5687,.T.);
#5687 = EDGE_CURVE('',#5688,#5690,#5692,.T.);
#5688 = VERTEX_POINT('',#5689);
#5689 = CARTESIAN_POINT('',(294.28553665607,161.00631825568,
    20.593547440347));
#5690 = VERTEX_POINT('',#5691);
#5691 = CARTESIAN_POINT('',(294.11692584327,160.98864901872,
    20.605371609292));
#5692 = SURFACE_CURVE('',#5693,(#5699,#5708),.PCURVE_S1.);
#5693 = B_SPLINE_CURVE_WITH_KNOTS('',4,(#5694,#5695,#5696,#5697,#5698),
  .UNSPECIFIED.,.F.,.F.,(5,5),(0.,1.),.PIECEWISE_BEZIER_KNOTS.);
#5694 = CARTESIAN_POINT('',(294.29864173376,161.00769451222,
    20.591627118858));
#5695 = CARTESIAN_POINT('',(294.2535551392,161.00295891076,
    20.598486345577));
#5696 = CARTESIAN_POINT('',(294.20812725577,160.99819426741,
    20.60307659292));
#5697 = CARTESIAN_POINT('',(294.16252712461,160.99341833851,
    20.605371682395));
#5698 = CARTESIAN_POINT('',(294.11692584327,160.98864901872,
    20.605371609292));
#5699 = PCURVE('',#5292,#5700);
#5700 = DEFINITIONAL_REPRESENTATION('',(#5701),#5707);
#5701 = B_SPLINE_CURVE_WITH_KNOTS('',4,(#5702,#5703,#5704,#5705,#5706),
  .UNSPECIFIED.,.F.,.F.,(5,5),(0.,1.),.PIECEWISE_BEZIER_KNOTS.);
#5702 = CARTESIAN_POINT('',(0.149358867028,0.757589418999));
#5703 = CARTESIAN_POINT('',(0.112019965263,0.757549823669));
#5704 = CARTESIAN_POINT('',(7.467990703586E-02,0.757509985514));
#5705 = CARTESIAN_POINT('',(3.733960657408E-02,0.757470052998));
#5706 = CARTESIAN_POINT('',(0.,0.757430175742));
#5707 = ( GEOMETRIC_REPRESENTATION_CONTEXT(2) 
PARAMETRIC_REPRESENTATION_CONTEXT() REPRESENTATION_CONTEXT('2D SPACE',''
  ) );
#5708 = PCURVE('',#3877,#5709);
#5709 = DEFINITIONAL_REPRESENTATION('',(#5710),#5716);
#5710 = B_SPLINE_CURVE_WITH_KNOTS('',4,(#5711,#5712,#5713,#5714,#5715),
  .UNSPECIFIED.,.F.,.F.,(5,5),(0.,1.),.PIECEWISE_BEZIER_KNOTS.);
#5711 = CARTESIAN_POINT('',(0.182711231385,-1.220866642196));
#5712 = CARTESIAN_POINT('',(0.137376625059,-1.227725898079));
#5713 = CARTESIAN_POINT('',(9.169956035927E-02,-1.232316164939));
#5714 = CARTESIAN_POINT('',(4.585000840809E-02,-1.234611264172));
#5715 = CARTESIAN_POINT('',(0.,-1.234611191069));
#5716 = ( GEOMETRIC_REPRESENTATION_CONTEXT(2) 
PARAMETRIC_REPRESENTATION_CONTEXT() REPRESENTATION_CONTEXT('2D SPACE',''
  ) );
#5717 = ORIENTED_EDGE('',*,*,#5718,.F.);
#5718 = EDGE_CURVE('',#5267,#5690,#5719,.T.);
#5719 = SURFACE_CURVE('',#5720,(#5723,#5730),.PCURVE_S1.);
#5720 = B_SPLINE_CURVE_WITH_KNOTS('',1,(#5721,#5722),.UNSPECIFIED.,.F.,
  .F.,(2,2),(0.,1.),.PIECEWISE_BEZIER_KNOTS.);
#5721 = CARTESIAN_POINT('',(303.59135821248,70.4,20.603983091432));
#5722 = CARTESIAN_POINT('',(291.08270372175,190.,20.605816287289));
#5723 = PCURVE('',#5292,#5724);
#5724 = DEFINITIONAL_REPRESENTATION('',(#5725),#5729);
#5725 = LINE('',#5726,#5727);
#5726 = CARTESIAN_POINT('',(0.,0.));
#5727 = VECTOR('',#5728,1.);
#5728 = DIRECTION('',(0.,1.));
#5729 = ( GEOMETRIC_REPRESENTATION_CONTEXT(2) 
PARAMETRIC_REPRESENTATION_CONTEXT() REPRESENTATION_CONTEXT('2D SPACE',''
  ) );
#5730 = PCURVE('',#3950,#5731);
#5731 = DEFINITIONAL_REPRESENTATION('',(#5732),#5736);
#5732 = LINE('',#5733,#5734);
#5733 = CARTESIAN_POINT('',(6.28318530718,0.));
#5734 = VECTOR('',#5735,1.);
#5735 = DIRECTION('',(0.,1.));
#5736 = ( GEOMETRIC_REPRESENTATION_CONTEXT(2) 
PARAMETRIC_REPRESENTATION_CONTEXT() REPRESENTATION_CONTEXT('2D SPACE',''
  ) );
#5737 = ORIENTED_EDGE('',*,*,#5266,.F.);
#5738 = ORIENTED_EDGE('',*,*,#5739,.T.);
#5739 = EDGE_CURVE('',#5247,#5688,#5740,.T.);
#5740 = SURFACE_CURVE('',#5741,(#5768,#5798),.PCURVE_S1.);
#5741 = B_SPLINE_CURVE_WITH_KNOTS('',4,(#5742,#5743,#5744,#5745,#5746,
    #5747,#5748,#5749,#5750,#5751,#5752,#5753,#5754,#5755,#5756,#5757,
    #5758,#5759,#5760,#5761,#5762,#5763,#5764,#5765,#5766,#5767),
  .UNSPECIFIED.,.F.,.F.,(5,3,3,3,3,3,3,3,5),(0.,0.217029845078,
    0.348589785396,0.457269758131,0.565949752863,0.674629771792,
    0.783309817429,0.891989892651,1.),.UNSPECIFIED.);
#5742 = CARTESIAN_POINT('',(303.86331398724,70.399999999999,
    20.579104069685));
#5743 = CARTESIAN_POINT('',(303.17738901386,76.889197958691,
    20.580219266779));
#5744 = CARTESIAN_POINT('',(302.49145901874,83.378395313138,
    20.581321876444));
#5745 = CARTESIAN_POINT('',(301.80552360854,89.867592014193,
    20.582410912246));
#5746 = CARTESIAN_POINT('',(300.70377589372,100.29043240867,
    20.584136327989));
#5747 = CARTESIAN_POINT('',(300.28796732392,104.22407655448,
    20.584782070327));
#5748 = CARTESIAN_POINT('',(299.87215647448,108.15772042359,
    20.585422097935));
#5749 = CARTESIAN_POINT('',(299.11284524368,115.34089630896,
    20.586579832073));
#5750 = CARTESIAN_POINT('',(298.76934562616,118.59042841817,
    20.587099453534));
#5751 = CARTESIAN_POINT('',(298.42584429605,121.83996031859,
    20.5876147815));
#5752 = CARTESIAN_POINT('',(297.73883798122,128.33902433912,
    20.588636449504));
#5753 = CARTESIAN_POINT('',(297.39533299644,131.58855645922,
    20.589142789356));
#5754 = CARTESIAN_POINT('',(297.05182613914,134.83808835006,
    20.589644434538));
#5755 = CARTESIAN_POINT('',(296.36480842231,141.33715237343,
    20.590637882349));
#5756 = CARTESIAN_POINT('',(296.0212975627,144.58668450594,
    20.591129684752));
#5757 = CARTESIAN_POINT('',(295.67778464982,147.83621638591,
    20.591616338999));
#5758 = CARTESIAN_POINT('',(294.99075442801,154.33528041263,
    20.592578836754));
#5759 = CARTESIAN_POINT('',(294.64723711897,157.58481255938,
    20.593054679986));
#5760 = CARTESIAN_POINT('',(294.30371755151,160.83434442693,
    20.593524860323));
#5761 = CARTESIAN_POINT('',(293.61667357243,167.33340845765,
    20.594453308701));
#5762 = CARTESIAN_POINT('',(293.27314916068,170.58294062079,
    20.594911576406));
#5763 = CARTESIAN_POINT('',(292.92962225664,173.83247247413,
    20.595363594353));
#5764 = CARTESIAN_POINT('',(292.24468091416,180.31150350325,
    20.596251712819));
#5765 = CARTESIAN_POINT('',(291.90326650785,183.54100268303,
    20.596687893882));
#5766 = CARTESIAN_POINT('',(291.56184937609,186.770501522,20.59711724002
    ));
#5767 = CARTESIAN_POINT('',(291.22042936772,189.99999999999,
    20.597539371777));
#5768 = PCURVE('',#5292,#5769);
#5769 = DEFINITIONAL_REPRESENTATION('',(#5770),#5797);
#5770 = B_SPLINE_CURVE_WITH_KNOTS('',4,(#5771,#5772,#5773,#5774,#5775,
    #5776,#5777,#5778,#5779,#5780,#5781,#5782,#5783,#5784,#5785,#5786,
    #5787,#5788,#5789,#5790,#5791,#5792,#5793,#5794,#5795,#5796),
  .UNSPECIFIED.,.F.,.F.,(5,3,3,3,3,3,3,3,5),(0.,0.217029845078,
    0.348589785396,0.457269758131,0.565949752863,0.674629771792,
    0.783309817429,0.891989892651,1.),.UNSPECIFIED.);
#5771 = CARTESIAN_POINT('',(0.182455613474,0.));
#5772 = CARTESIAN_POINT('',(0.179875905494,5.425750801582E-02));
#5773 = CARTESIAN_POINT('',(0.177207505324,0.108515010979));
#5774 = CARTESIAN_POINT('',(0.174443551588,0.16277250848));
#5775 = CARTESIAN_POINT('',(0.169836980337,0.249920003417));
#5776 = CARTESIAN_POINT('',(0.168060184929,0.282810004636));
#5777 = CARTESIAN_POINT('',(0.166243240461,0.315700003542));
#5778 = CARTESIAN_POINT('',(0.162848041571,0.375760002583));
#5779 = CARTESIAN_POINT('',(0.161283229267,0.402930003496));
#5780 = CARTESIAN_POINT('',(0.15968829764,0.430100002664));
#5781 = CARTESIAN_POINT('',(0.156435429823,0.484440002836));
#5782 = CARTESIAN_POINT('',(0.154777492392,0.51161000384));
#5783 = CARTESIAN_POINT('',(0.153086669146,0.538780002927));
#5784 = CARTESIAN_POINT('',(0.149636132168,0.593120003122));
#5785 = CARTESIAN_POINT('',(0.147876416946,0.62029000423));
#5786 = CARTESIAN_POINT('',(0.146080696367,0.647460003227));
#5787 = CARTESIAN_POINT('',(0.142413713927,0.70180000345));
#5788 = CARTESIAN_POINT('',(0.140542450263,0.728970004677));
#5789 = CARTESIAN_POINT('',(0.138631649846,0.75614000357));
#5790 = CARTESIAN_POINT('',(0.134726962153,0.810480003827));
#5791 = CARTESIAN_POINT('',(0.132733072681,0.837650005191));
#5792 = CARTESIAN_POINT('',(0.130695632097,0.864820003964));
#5793 = CARTESIAN_POINT('',(0.126541909263,0.918992504208));
#5794 = CARTESIAN_POINT('',(0.124426187858,0.945995005711));
#5795 = CARTESIAN_POINT('',(0.122262937026,0.972997504365));
#5796 = CARTESIAN_POINT('',(0.120049578574,1.));
#5797 = ( GEOMETRIC_REPRESENTATION_CONTEXT(2) 
PARAMETRIC_REPRESENTATION_CONTEXT() REPRESENTATION_CONTEXT('2D SPACE',''
  ) );
#5798 = PCURVE('',#1189,#5799);
#5799 = DEFINITIONAL_REPRESENTATION('',(#5800),#5827);
#5800 = B_SPLINE_CURVE_WITH_KNOTS('',4,(#5801,#5802,#5803,#5804,#5805,
    #5806,#5807,#5808,#5809,#5810,#5811,#5812,#5813,#5814,#5815,#5816,
    #5817,#5818,#5819,#5820,#5821,#5822,#5823,#5824,#5825,#5826),
  .UNSPECIFIED.,.F.,.F.,(5,3,3,3,3,3,3,3,5),(0.,0.217029845078,
    0.348589785396,0.457269758131,0.565949752863,0.674629771792,
    0.783309817429,0.891989892651,1.),.UNSPECIFIED.);
#5801 = CARTESIAN_POINT('',(4.881497521901,1.147540983606E-02));
#5802 = CARTESIAN_POINT('',(4.900815260056,6.466555703845E-02));
#5803 = CARTESIAN_POINT('',(4.92014657228,0.117855699288));
#5804 = CARTESIAN_POINT('',(4.93949252232,0.171045836182));
#5805 = CARTESIAN_POINT('',(4.970591310001,0.256478954169));
#5806 = CARTESIAN_POINT('',(4.982334051402,0.288721938971));
#5807 = CARTESIAN_POINT('',(4.994082955462,0.320964921505));
#5808 = CARTESIAN_POINT('',(5.015549353061,0.379843412369));
#5809 = CARTESIAN_POINT('',(5.025264781573,0.40647892146));
#5810 = CARTESIAN_POINT('',(5.03498484011,0.433114428841));
#5811 = CARTESIAN_POINT('',(5.054434651669,0.486385445403));
#5812 = CARTESIAN_POINT('',(5.064164404893,0.513020954584));
#5813 = CARTESIAN_POINT('',(5.073899220757,0.539656461886));
#5814 = CARTESIAN_POINT('',(5.093379468783,0.592927478471));
#5815 = CARTESIAN_POINT('',(5.103124901191,0.619562987754));
#5816 = CARTESIAN_POINT('',(5.112875885264,0.646198494966));
#5817 = CARTESIAN_POINT('',(5.132389514013,0.699469511579));
#5818 = CARTESIAN_POINT('',(5.142152158985,0.726105020979));
#5819 = CARTESIAN_POINT('',(5.151920910704,0.75274052809));
#5820 = CARTESIAN_POINT('',(5.171471262901,0.806011544735));
#5821 = CARTESIAN_POINT('',(5.181252863742,0.832647054269));
#5822 = CARTESIAN_POINT('',(5.191041204185,0.859282561263));
#5823 = CARTESIAN_POINT('',(5.210571704077,0.912389372978));
#5824 = CARTESIAN_POINT('',(5.22031377667,0.93886067773));
#5825 = CARTESIAN_POINT('',(5.230063219889,0.965331979689));
#5826 = CARTESIAN_POINT('',(5.239820442929,0.991803278688));
#5827 = ( GEOMETRIC_REPRESENTATION_CONTEXT(2) 
PARAMETRIC_REPRESENTATION_CONTEXT() REPRESENTATION_CONTEXT('2D SPACE',''
  ) );
#5828 = ADVANCED_FACE('',(#5829),#3950,.T.);
#5829 = FACE_BOUND('',#5830,.T.);
#5830 = EDGE_LOOP('',(#5831,#5832,#5833,#6031));
#5831 = ORIENTED_EDGE('',*,*,#5333,.F.);
#5832 = ORIENTED_EDGE('',*,*,#5718,.T.);
#5833 = ORIENTED_EDGE('',*,*,#5834,.T.);
#5834 = EDGE_CURVE('',#5690,#3864,#5835,.T.);
#5835 = SURFACE_CURVE('',#5836,(#5899,#5965),.PCURVE_S1.);
#5836 = B_SPLINE_CURVE_WITH_KNOTS('',7,(#5837,#5838,#5839,#5840,#5841,
    #5842,#5843,#5844,#5845,#5846,#5847,#5848,#5849,#5850,#5851,#5852,
    #5853,#5854,#5855,#5856,#5857,#5858,#5859,#5860,#5861,#5862,#5863,
    #5864,#5865,#5866,#5867,#5868,#5869,#5870,#5871,#5872,#5873,#5874,
    #5875,#5876,#5877,#5878,#5879,#5880,#5881,#5882,#5883,#5884,#5885,
    #5886,#5887,#5888,#5889,#5890,#5891,#5892,#5893,#5894,#5895,#5896,
    #5897,#5898),.UNSPECIFIED.,.F.,.F.,(8,6,6,6,6,6,6,6,6,6,8),(0.,
    0.2307475761,0.309792841344,0.358851868793,0.469036459874,
    0.579100162832,0.628159066121,0.707204079349,0.78618054205,
    0.942972067582,1.),.UNSPECIFIED.);
#5837 = CARTESIAN_POINT('',(294.11692584327,160.98864901872,
    20.605371609292));
#5838 = CARTESIAN_POINT('',(293.9842222493,160.97476989387,
    20.605371396557));
#5839 = CARTESIAN_POINT('',(293.85145294424,160.96093376173,
    20.588363898879));
#5840 = CARTESIAN_POINT('',(293.72129903103,160.94742110355,
    20.554324687709));
#5841 = CARTESIAN_POINT('',(293.5963133655,160.93449728434,
    20.503810228571));
#5842 = CARTESIAN_POINT('',(293.47887392496,160.92240813007,
    20.437802977253));
#5843 = CARTESIAN_POINT('',(293.37117782356,160.91137932184,
    20.357704489819));
#5844 = CARTESIAN_POINT('',(293.24220535984,160.8982537717,
    20.23377994382));
#5845 = CARTESIAN_POINT('',(293.21065701594,160.89505113648,
    20.200722434807));
#5846 = CARTESIAN_POINT('',(293.18054231455,160.89200244408,
    20.166300034008));
#5847 = CARTESIAN_POINT('',(293.15192998525,160.88911465796,
    20.130589408463));
#5848 = CARTESIAN_POINT('',(293.12488350019,160.88639417985,
    20.093671271684));
#5849 = CARTESIAN_POINT('',(293.09946107402,160.88384684976,
    20.05563038366));
#5850 = CARTESIAN_POINT('',(293.06097820018,160.88000769829,
    19.992303961717));
#5851 = CARTESIAN_POINT('',(293.04688663148,160.8786061713,
    19.967653942977));
#5852 = CARTESIAN_POINT('',(293.03345355613,160.87727462065,
    19.942626633256));
#5853 = CARTESIAN_POINT('',(293.02069069849,160.87601420933,
    19.917243592647));
#5854 = CARTESIAN_POINT('',(293.00860890886,160.8748260077,
    19.891526802707));
#5855 = CARTESIAN_POINT('',(292.99721816355,160.87371099347,
    19.865498666457));
#5856 = CARTESIAN_POINT('',(292.96251691262,160.87033213863,
    19.780075858929));
#5857 = CARTESIAN_POINT('',(292.94203762185,160.86836783249,
    19.719513028703));
#5858 = CARTESIAN_POINT('',(292.9251932171,160.86678719874,
    19.65775337658));
#5859 = CARTESIAN_POINT('',(292.91206351525,160.86559780382,
    19.595063415655));
#5860 = CARTESIAN_POINT('',(292.90270446953,160.86480470235,
    19.531715098278));
#5861 = CARTESIAN_POINT('',(292.89714801355,160.86441042446,
    19.46798460109));
#5862 = CARTESIAN_POINT('',(292.89365771279,160.86441949647,
    19.340387653424));
#5863 = CARTESIAN_POINT('',(292.89571544609,160.86482197187,
    19.276519049041));
#5864 = CARTESIAN_POINT('',(292.90158260391,160.86562235751,
    19.212823567441));
#5865 = CARTESIAN_POINT('',(292.91124248729,160.86681809593,
    19.149577807095));
#5866 = CARTESIAN_POINT('',(292.92465428772,160.86840411655,
    19.08705547939));
#5867 = CARTESIAN_POINT('',(292.94175317517,160.87037284845,
    19.025526193592));
#5868 = CARTESIAN_POINT('',(292.97167579328,160.87375786309,
    18.938389110321));
#5869 = CARTESIAN_POINT('',(292.9816161717,160.87487553829,
    18.911773524899));
#5870 = CARTESIAN_POINT('',(292.9922636899,160.87606637145,
    18.885430776717));
#5871 = CARTESIAN_POINT('',(293.00360962045,160.8773293826,
    18.859383784236));
#5872 = CARTESIAN_POINT('',(293.01564433995,160.87866349915,
    18.833655093212));
#5873 = CARTESIAN_POINT('',(293.02835732905,160.88006755589,
    18.808266876696));
#5874 = CARTESIAN_POINT('',(293.06329513297,160.88391321155,
    18.742918470461));
#5875 = CARTESIAN_POINT('',(293.08658449639,160.88646445475,
    18.703536077171));
#5876 = CARTESIAN_POINT('',(293.11155727586,160.88918873727,
    18.665185343133));
#5877 = CARTESIAN_POINT('',(293.13816001184,160.89208021036,
    18.627954105158));
#5878 = CARTESIAN_POINT('',(293.16633377212,160.89513246392,
    18.591926448898));
#5879 = CARTESIAN_POINT('',(293.19601415184,160.89833852648,
    18.557182708847));
#5880 = CARTESIAN_POINT('',(293.25822140923,160.90504029661,
    18.490445178909));
#5881 = CARTESIAN_POINT('',(293.29074627171,160.90853580205,
    18.458448446514));
#5882 = CARTESIAN_POINT('',(293.32463604445,160.91216985568,
    18.427885631895));
#5883 = CARTESIAN_POINT('',(293.35981651997,160.91593448744,
    18.398827980692));
#5884 = CARTESIAN_POINT('',(293.39620909968,160.91982128302,
    18.371341623437));
#5885 = CARTESIAN_POINT('',(293.43373079391,160.92382138384,
    18.345487575559));
#5886 = CARTESIAN_POINT('',(293.54885397783,160.93607334007,
    18.273345435283));
#5887 = CARTESIAN_POINT('',(293.62952827903,160.94463203013,
    18.23201736362));
#5888 = CARTESIAN_POINT('',(293.71362578251,160.95352794902,
    18.197781747805));
#5889 = CARTESIAN_POINT('',(293.80040939564,160.96268301138,
    18.170977860651));
#5890 = CARTESIAN_POINT('',(293.88910699268,160.97201575057,
    18.15184854279));
#5891 = CARTESIAN_POINT('',(293.97891881989,160.98144210229,
    18.140537084244));
#5892 = CARTESIAN_POINT('',(294.10179360691,160.99430711125,
    18.135812322826));
#5893 = CARTESIAN_POINT('',(294.13460533204,160.99773945594,
    18.135590200207));
#5894 = CARTESIAN_POINT('',(294.16741775058,161.00116882531,
    18.136407583154));
#5895 = CARTESIAN_POINT('',(294.200191963,161.00459115215,
    18.138264076277));
#5896 = CARTESIAN_POINT('',(294.23288918432,161.00800238669,
    18.141157404929));
#5897 = CARTESIAN_POINT('',(294.26547074413,161.01139849667,
    18.145083415203));
#5898 = CARTESIAN_POINT('',(294.29789808656,161.01477546733,
    18.150036073939));
#5899 = PCURVE('',#3950,#5900);
#5900 = DEFINITIONAL_REPRESENTATION('',(#5901),#5964);
#5901 = B_SPLINE_CURVE_WITH_KNOTS('',7,(#5902,#5903,#5904,#5905,#5906,
    #5907,#5908,#5909,#5910,#5911,#5912,#5913,#5914,#5915,#5916,#5917,
    #5918,#5919,#5920,#5921,#5922,#5923,#5924,#5925,#5926,#5927,#5928,
    #5929,#5930,#5931,#5932,#5933,#5934,#5935,#5936,#5937,#5938,#5939,
    #5940,#5941,#5942,#5943,#5944,#5945,#5946,#5947,#5948,#5949,#5950,
    #5951,#5952,#5953,#5954,#5955,#5956,#5957,#5958,#5959,#5960,#5961,
    #5962,#5963),.UNSPECIFIED.,.F.,.F.,(8,6,6,6,6,6,6,6,6,6,8),(0.,
    0.2307475761,0.309792841344,0.358851868793,0.469036459874,
    0.579100162832,0.628159066121,0.707204079349,0.78618054205,
    0.942972067582,1.),.UNSPECIFIED.);
#5902 = CARTESIAN_POINT('',(6.28318530718,0.757430175742));
#5903 = CARTESIAN_POINT('',(6.174523887057,0.757314129547));
#5904 = CARTESIAN_POINT('',(6.065821207832,0.757198442824));
#5905 = CARTESIAN_POINT('',(5.957176950843,0.757085460732));
#5906 = CARTESIAN_POINT('',(5.848578134696,0.756977402043));
#5907 = CARTESIAN_POINT('',(5.740005587707,0.756876322158));
#5908 = CARTESIAN_POINT('',(5.631442723925,0.756784108042));
#5909 = CARTESIAN_POINT('',(5.485818796261,0.75667436264));
#5910 = CARTESIAN_POINT('',(5.448667524023,0.756647584753));
#5911 = CARTESIAN_POINT('',(5.411521683139,0.756622094014));
#5912 = CARTESIAN_POINT('',(5.374381206216,0.756597948645));
#5913 = CARTESIAN_POINT('',(5.337245962362,0.756575202173));
#5914 = CARTESIAN_POINT('',(5.300115757188,0.756553903426));
#5915 = CARTESIAN_POINT('',(5.239948633751,0.756521803497));
#5916 = CARTESIAN_POINT('',(5.216908741201,0.756510085044));
#5917 = CARTESIAN_POINT('',(5.193870586768,0.756498951678));
#5918 = CARTESIAN_POINT('',(5.170834094218,0.756488413121));
#5919 = CARTESIAN_POINT('',(5.147799179469,0.756478478325));
#5920 = CARTESIAN_POINT('',(5.124765750595,0.756469155464));
#5921 = CARTESIAN_POINT('',(5.050004671463,0.756440904169));
#5922 = CARTESIAN_POINT('',(4.998281641255,0.756424480205));
#5923 = CARTESIAN_POINT('',(4.946565132346,0.756411264204));
#5924 = CARTESIAN_POINT('',(4.894853547556,0.75640131943));
#5925 = CARTESIAN_POINT('',(4.843144527782,0.756394688147));
#5926 = CARTESIAN_POINT('',(4.791436302393,0.756391391509));
#5927 = CARTESIAN_POINT('',(4.688078507068,0.756391467362));
#5928 = CARTESIAN_POINT('',(4.636426988692,0.756394832541));
#5929 = CARTESIAN_POINT('',(4.584774649025,0.756401524728));
#5930 = CARTESIAN_POINT('',(4.533119724424,0.756411522541));
#5931 = CARTESIAN_POINT('',(4.481459866365,0.756424783583));
#5932 = CARTESIAN_POINT('',(4.429793484736,0.756441244552));
#5933 = CARTESIAN_POINT('',(4.35508905701,0.75646954735));
#5934 = CARTESIAN_POINT('',(4.332055633639,0.756478892461));
#5935 = CARTESIAN_POINT('',(4.309020721387,0.75648884926));
#5936 = CARTESIAN_POINT('',(4.285984228495,0.756499409554));
#5937 = CARTESIAN_POINT('',(4.262946071069,0.756510564374));
#5938 = CARTESIAN_POINT('',(4.239906173082,0.756522303979));
#5939 = CARTESIAN_POINT('',(4.179739054063,0.756554458291));
#5940 = CARTESIAN_POINT('',(4.142608855168,0.756575789755));
#5941 = CARTESIAN_POINT('',(4.105473612807,0.756598568037));
#5942 = CARTESIAN_POINT('',(4.068333133666,0.756622744234));
#5943 = CARTESIAN_POINT('',(4.031187287996,0.756648264749));
#5944 = CARTESIAN_POINT('',(3.994036009612,0.756675071292));
#5945 = CARTESIAN_POINT('',(3.919754805743,0.756731106159));
#5946 = CARTESIAN_POINT('',(3.882624748562,0.756760332793));
#5947 = CARTESIAN_POINT('',(3.845489150233,0.756790717857));
#5948 = CARTESIAN_POINT('',(3.808348101276,0.756822194711));
#5949 = CARTESIAN_POINT('',(3.77120175685,0.756854693002));
#5950 = CARTESIAN_POINT('',(3.734050336753,0.756888138661));
#5951 = CARTESIAN_POINT('',(3.623128108827,0.756990579767));
#5952 = CARTESIAN_POINT('',(3.549335799789,0.75706214072));
#5953 = CARTESIAN_POINT('',(3.475531522891,0.757136521313));
#5954 = CARTESIAN_POINT('',(3.401716627149,0.757213068657));
#5955 = CARTESIAN_POINT('',(3.32788833675,0.757291101593));
#5956 = CARTESIAN_POINT('',(3.254048857041,0.757369917243));
#5957 = CARTESIAN_POINT('',(3.153359921618,0.757477484208));
#5958 = CARTESIAN_POINT('',(3.126504881169,0.757506182742));
#5959 = CARTESIAN_POINT('',(3.099649831605,0.757534856399));
#5960 = CARTESIAN_POINT('',(3.072794987064,0.757563471172));
#5961 = CARTESIAN_POINT('',(3.045940558633,0.7575919932));
#5962 = CARTESIAN_POINT('',(3.019086754353,0.757620388768));
#5963 = CARTESIAN_POINT('',(2.992233779217,0.757648624309));
#5964 = ( GEOMETRIC_REPRESENTATION_CONTEXT(2) 
PARAMETRIC_REPRESENTATION_CONTEXT() REPRESENTATION_CONTEXT('2D SPACE',''
  ) );
#5965 = PCURVE('',#3877,#5966);
#5966 = DEFINITIONAL_REPRESENTATION('',(#5967),#6030);
#5967 = B_SPLINE_CURVE_WITH_KNOTS('',7,(#5968,#5969,#5970,#5971,#5972,
    #5973,#5974,#5975,#5976,#5977,#5978,#5979,#5980,#5981,#5982,#5983,
    #5984,#5985,#5986,#5987,#5988,#5989,#5990,#5991,#5992,#5993,#5994,
    #5995,#5996,#5997,#5998,#5999,#6000,#6001,#6002,#6003,#6004,#6005,
    #6006,#6007,#6008,#6009,#6010,#6011,#6012,#6013,#6014,#6015,#6016,
    #6017,#6018,#6019,#6020,#6021,#6022,#6023,#6024,#6025,#6026,#6027,
    #6028,#6029),.UNSPECIFIED.,.F.,.F.,(8,6,6,6,6,6,6,6,6,6,8),(0.,
    0.2307475761,0.309792841344,0.358851868793,0.469036459874,
    0.579100162832,0.628159066121,0.707204079349,0.78618054205,
    0.942972067582,1.),.UNSPECIFIED.);
#5968 = CARTESIAN_POINT('',(-5.684341886081E-14,-1.234611191069));
#5969 = CARTESIAN_POINT('',(-0.133427410826,-1.234610978333));
#5970 = CARTESIAN_POINT('',(-0.266915704168,-1.217603408343));
#5971 = CARTESIAN_POINT('',(-0.397769145855,-1.183564052446));
#5972 = CARTESIAN_POINT('',(-0.523421125516,-1.133049378531));
#5973 = CARTESIAN_POINT('',(-0.641480995055,-1.067041846565));
#5974 = CARTESIAN_POINT('',(-0.749740083865,-0.98694301857));
#5975 = CARTESIAN_POINT('',(-0.879378218201,-0.863017945671));
#5976 = CARTESIAN_POINT('',(-0.911088556925,-0.829960296105));
#5977 = CARTESIAN_POINT('',(-0.941357017238,-0.79553774895));
#5978 = CARTESIAN_POINT('',(-0.970114518034,-0.759826971571));
#5979 = CARTESIAN_POINT('',(-0.997297265601,-0.722908677825));
#5980 = CARTESIAN_POINT('',(-1.022846753615,-0.684867628058));
#5981 = CARTESIAN_POINT('',(-1.061520214298,-0.621540936866));
#5982 = CARTESIAN_POINT('',(-1.075681125972,-0.59689081332));
#5983 = CARTESIAN_POINT('',(-1.08917983754,-0.571863397188));
#5984 = CARTESIAN_POINT('',(-1.102004567291,-0.546480248656));
#5985 = CARTESIAN_POINT('',(-1.114144412425,-0.520763349374));
#5986 = CARTESIAN_POINT('',(-1.125589349059,-0.494735102458));
#5987 = CARTESIAN_POINT('',(-1.160453821309,-0.409311931731));
#5988 = CARTESIAN_POINT('',(-1.181026343245,-0.348748844005));
#5989 = CARTESIAN_POINT('',(-1.197943788079,-0.286988929294));
#5990 = CARTESIAN_POINT('',(-1.211125984854,-0.224298701825));
#5991 = CARTESIAN_POINT('',(-1.220516758079,-0.160950115105));
#5992 = CARTESIAN_POINT('',(-1.226084084199,-9.721934694923E-02));
#5993 = CARTESIAN_POINT('',(-1.229554507116,3.037814323026E-02));
#5994 = CARTESIAN_POINT('',(-1.22746607109,9.424701916838E-02));
#5995 = CARTESIAN_POINT('',(-1.221547485272,0.157942771588));
#5996 = CARTESIAN_POINT('',(-1.211815624051,0.22118880084));
#5997 = CARTESIAN_POINT('',(-1.19831160201,0.283711394377));
#5998 = CARTESIAN_POINT('',(-1.181100685015,0.345240941783));
#5999 = CARTESIAN_POINT('',(-1.150988281714,0.432378395542));
#6000 = CARTESIAN_POINT('',(-1.140985567227,0.458994094128));
#6001 = CARTESIAN_POINT('',(-1.130271939152,0.485336954313));
#6002 = CARTESIAN_POINT('',(-1.118856179524,0.51138405754));
#6003 = CARTESIAN_POINT('',(-1.1067479711,0.537112857957));
#6004 = CARTESIAN_POINT('',(-1.093957897364,0.562501182419));
#6005 = CARTESIAN_POINT('',(-1.058809598734,0.6278498665));
#6006 = CARTESIAN_POINT('',(-1.035381194996,0.667232427235));
#6007 = CARTESIAN_POINT('',(-1.010260507849,0.705583324332));
#6008 = CARTESIAN_POINT('',(-0.983501315208,0.742814720606));
#6009 = CARTESIAN_POINT('',(-0.955162896362,0.778842530047));
#6010 = CARTESIAN_POINT('',(-0.925310031972,0.813586417821));
#6011 = CARTESIAN_POINT('',(-0.862743118021,0.880324231513));
#6012 = CARTESIAN_POINT('',(-0.830031093758,0.91232109995));
#6013 = CARTESIAN_POINT('',(-0.795947151798,0.942884044515));
#6014 = CARTESIAN_POINT('',(-0.760565926127,0.971941819266));
#6015 = CARTESIAN_POINT('',(-0.723966464203,0.999428293387));
#6016 = CARTESIAN_POINT('',(-0.686232226958,1.02528245119));
#6017 = CARTESIAN_POINT('',(-0.570459114139,1.097424898198));
#6018 = CARTESIAN_POINT('',(-0.489332179492,1.138753145579));
#6019 = CARTESIAN_POINT('',(-0.404765534195,1.172988906956));
#6020 = CARTESIAN_POINT('',(-0.317500394735,1.199792908075));
#6021 = CARTESIAN_POINT('',(-0.228313172389,1.21892230727));
#6022 = CARTESIAN_POINT('',(-0.138008026767,1.230233813909));
#6023 = CARTESIAN_POINT('',(-1.446159196956E-02,1.234958595416));
#6024 = CARTESIAN_POINT('',(1.852916879678E-02,1.235180718979));
#6025 = CARTESIAN_POINT('',(5.152030971348E-02,1.234363332556));
#6026 = CARTESIAN_POINT('',(8.44727192018E-02,1.23250683154));
#6027 = CARTESIAN_POINT('',(0.117347401436,1.229613490587));
#6028 = CARTESIAN_POINT('',(0.150105476341,1.22568746362));
#6029 = CARTESIAN_POINT('',(0.182708179597,1.220734783826));
#6030 = ( GEOMETRIC_REPRESENTATION_CONTEXT(2) 
PARAMETRIC_REPRESENTATION_CONTEXT() REPRESENTATION_CONTEXT('2D SPACE',''
  ) );
#6031 = ORIENTED_EDGE('',*,*,#3888,.T.);
#6032 = ADVANCED_FACE('',(#6033,#6084),#3877,.T.);
#6033 = FACE_BOUND('',#6034,.T.);
#6034 = EDGE_LOOP('',(#6035,#6055,#6081,#6082,#6083));
#6035 = ORIENTED_EDGE('',*,*,#6036,.T.);
#6036 = EDGE_CURVE('',#5688,#6037,#6039,.T.);
#6037 = VERTEX_POINT('',#6038);
#6038 = CARTESIAN_POINT('',(294.44636227751,161.02195948331,
    20.995699615639));
#6039 = SURFACE_CURVE('',#6040,(#6043,#6049),.PCURVE_S1.);
#6040 = B_SPLINE_CURVE_WITH_KNOTS('',1,(#6041,#6042),.UNSPECIFIED.,.F.,
  .F.,(2,2),(0.,1.),.PIECEWISE_BEZIER_KNOTS.);
#6041 = CARTESIAN_POINT('',(294.11679382129,160.98990703298,
    20.171597893567));
#6042 = CARTESIAN_POINT('',(294.45971628441,161.0232582382,
    21.029091949992));
#6043 = PCURVE('',#3877,#6044);
#6044 = DEFINITIONAL_REPRESENTATION('',(#6045),#6048);
#6045 = B_SPLINE_CURVE_WITH_KNOTS('',1,(#6046,#6047),.UNSPECIFIED.,.F.,
  .F.,(2,2),(0.,1.),.PIECEWISE_BEZIER_KNOTS.);
#6046 = CARTESIAN_POINT('',(-4.470894054975E-07,-0.800835631034));
#6047 = CARTESIAN_POINT('',(0.344530924427,-1.658333333333));
#6048 = ( GEOMETRIC_REPRESENTATION_CONTEXT(2) 
PARAMETRIC_REPRESENTATION_CONTEXT() REPRESENTATION_CONTEXT('2D SPACE',''
  ) );
#6049 = PCURVE('',#1189,#6050);
#6050 = DEFINITIONAL_REPRESENTATION('',(#6051),#6054);
#6051 = B_SPLINE_CURVE_WITH_KNOTS('',1,(#6052,#6053),.UNSPECIFIED.,.F.,
  .F.,(2,2),(0.,1.),.PIECEWISE_BEZIER_KNOTS.);
#6052 = CARTESIAN_POINT('',(5.60747573229,0.754015631418));
#6053 = CARTESIAN_POINT('',(4.682744065905,0.754289001952));
#6054 = ( GEOMETRIC_REPRESENTATION_CONTEXT(2) 
PARAMETRIC_REPRESENTATION_CONTEXT() REPRESENTATION_CONTEXT('2D SPACE',''
  ) );
#6055 = ORIENTED_EDGE('',*,*,#6056,.F.);
#6056 = EDGE_CURVE('',#3836,#6037,#6057,.T.);
#6057 = SURFACE_CURVE('',#6058,(#6063,#6074),.PCURVE_S1.);
#6058 = CIRCLE('',#6059,1.658333333333);
#6059 = AXIS2_PLACEMENT_3D('',#6060,#6061,#6062);
#6060 = CARTESIAN_POINT('',(294.11655134815,160.99222970894,
    19.370765667494));
#6061 = DIRECTION('',(0.104019604147,-0.994570972053,-2.916076511731E-03
    ));
#6062 = DIRECTION('',(0.198331515444,2.361589596036E-02,-0.979850447487)
  );
#6063 = PCURVE('',#3877,#6064);
#6064 = DEFINITIONAL_REPRESENTATION('',(#6065),#6073);
#6065 = ( BOUNDED_CURVE() B_SPLINE_CURVE(2,(#6066,#6067,#6068,#6069,
#6070,#6071,#6072),.UNSPECIFIED.,.T.,.F.) B_SPLINE_CURVE_WITH_KNOTS((1,2
    ,2,2,2,1),(-2.094395102393,0.,2.094395102393,4.188790204786,
6.28318530718,8.377580409573),.UNSPECIFIED.) CURVE() 
GEOMETRIC_REPRESENTATION_ITEM() RATIONAL_B_SPLINE_CURVE((1.,0.5,1.,0.5,
1.,0.5,1.)) REPRESENTATION_ITEM('') );
#6066 = CARTESIAN_POINT('',(0.331189287858,1.624925567542));
#6067 = CARTESIAN_POINT('',(3.145642929359,1.051288894051));
#6068 = CARTESIAN_POINT('',(1.241632176822,-1.099281120517));
#6069 = CARTESIAN_POINT('',(-0.662378575715,-3.249851135085));
#6070 = CARTESIAN_POINT('',(-1.572821464679,-0.525644447025));
#6071 = CARTESIAN_POINT('',(-2.483264353644,2.198562241034));
#6072 = CARTESIAN_POINT('',(0.331189287858,1.624925567542));
#6073 = ( GEOMETRIC_REPRESENTATION_CONTEXT(2) 
PARAMETRIC_REPRESENTATION_CONTEXT() REPRESENTATION_CONTEXT('2D SPACE',''
  ) );
#6074 = PCURVE('',#3852,#6075);
#6075 = DEFINITIONAL_REPRESENTATION('',(#6076),#6080);
#6076 = LINE('',#6077,#6078);
#6077 = CARTESIAN_POINT('',(7.652917507016,-12.42522719675));
#6078 = VECTOR('',#6079,1.);
#6079 = DIRECTION('',(-1.,-0.));
#6080 = ( GEOMETRIC_REPRESENTATION_CONTEXT(2) 
PARAMETRIC_REPRESENTATION_CONTEXT() REPRESENTATION_CONTEXT('2D SPACE',''
  ) );
#6081 = ORIENTED_EDGE('',*,*,#3863,.T.);
#6082 = ORIENTED_EDGE('',*,*,#5834,.F.);
#6083 = ORIENTED_EDGE('',*,*,#5687,.F.);
#6084 = FACE_BOUND('',#6085,.T.);
#6085 = EDGE_LOOP('',(#6086));
#6086 = ORIENTED_EDGE('',*,*,#5637,.F.);
#6087 = ADVANCED_FACE('',(#6088),#3852,.F.);
#6088 = FACE_BOUND('',#6089,.F.);
#6089 = EDGE_LOOP('',(#6090,#6166,#6167,#6168,#6198));
#6090 = ORIENTED_EDGE('',*,*,#6091,.T.);
#6091 = EDGE_CURVE('',#6092,#6037,#6094,.T.);
#6092 = VERTEX_POINT('',#6093);
#6093 = CARTESIAN_POINT('',(292.82784716235,176.49719768066,
    21.041072927236));
#6094 = SURFACE_CURVE('',#6095,(#6108,#6137),.PCURVE_S1.);
#6095 = B_SPLINE_CURVE_WITH_KNOTS('',6,(#6096,#6097,#6098,#6099,#6100,
    #6101,#6102,#6103,#6104,#6105,#6106,#6107),.UNSPECIFIED.,.F.,.F.,(7,
    5,7),(0.129680827455,0.487940672286,1.408193746561),.UNSPECIFIED.);
#6096 = CARTESIAN_POINT('',(292.82784716235,176.49719768066,
    21.041072927236));
#6097 = CARTESIAN_POINT('',(292.86475724379,176.14428636294,
    21.040038193232));
#6098 = CARTESIAN_POINT('',(292.90166732522,175.79137504523,
    21.039003459228));
#6099 = CARTESIAN_POINT('',(292.93857740665,175.43846372751,
    21.037968725224));
#6100 = CARTESIAN_POINT('',(292.97548748808,175.0855524098,
    21.036933991219));
#6101 = CARTESIAN_POINT('',(293.01239756951,174.73264109208,
    21.035899257215));
#6102 = CARTESIAN_POINT('',(293.144117651,173.4732153275,21.032206627937
    ));
#6103 = CARTESIAN_POINT('',(293.42031465067,170.8323908339,
    21.024463745335));
#6104 = CARTESIAN_POINT('',(293.72816302259,167.88893554067,
    21.01583355091));
#6105 = CARTESIAN_POINT('',(294.01178730974,165.17709592466,
    21.007882452572));
#6106 = CARTESIAN_POINT('',(294.2569751916,162.83276133333,
    21.001008874529));
#6107 = CARTESIAN_POINT('',(294.44636227751,161.02195948331,
    20.995699615639));
#6108 = PCURVE('',#3852,#6109);
#6109 = DEFINITIONAL_REPRESENTATION('',(#6110),#6136);
#6110 = B_SPLINE_CURVE_WITH_KNOTS('',3,(#6111,#6112,#6113,#6114,#6115,
    #6116,#6117,#6118,#6119,#6120,#6121,#6122,#6123,#6124,#6125,#6126,
    #6127,#6128,#6129,#6130,#6131,#6132,#6133,#6134,#6135),
  .UNSPECIFIED.,.F.,.F.,(4,1,1,1,1,1,1,1,1,1,1,1,1,1,1,1,1,1,1,1,1,1,4),
  (0.129680827455,0.18779505105,0.245909274646,0.304023498242,
    0.362137721838,0.420251945433,0.478366169029,0.536480392625,
    0.59459461622,0.652708839816,0.710823063412,0.768937287008,
    0.827051510603,0.885165734199,0.943279957795,1.001394181391,
    1.059508404986,1.117622628582,1.175736852178,1.233851075773,
    1.291965299369,1.350079522965,1.408193746561),
  .QUASI_UNIFORM_KNOTS.);
#6111 = CARTESIAN_POINT('',(4.913406936789,3.134485113573));
#6112 = CARTESIAN_POINT('',(4.913406936789,3.019366882151));
#6113 = CARTESIAN_POINT('',(4.913406936789,2.789117233107));
#6114 = CARTESIAN_POINT('',(4.913406936789,2.443821876744));
#6115 = CARTESIAN_POINT('',(4.913406936789,2.098249610173));
#6116 = CARTESIAN_POINT('',(4.913406936789,1.75370586723));
#6117 = CARTESIAN_POINT('',(4.913406936789,1.405324939982));
#6118 = CARTESIAN_POINT('',(4.913406936789,1.07126422633));
#6119 = CARTESIAN_POINT('',(4.913406936789,0.683759842595));
#6120 = CARTESIAN_POINT('',(4.913406936789,8.38078372077E-02));
#6121 = CARTESIAN_POINT('',(4.913406936787,-0.642485468101));
#6122 = CARTESIAN_POINT('',(4.913406936776,-1.475895514718));
#6123 = CARTESIAN_POINT('',(4.913406936748,-2.384634532625));
#6124 = CARTESIAN_POINT('',(4.91340693669,-3.345191505576));
#6125 = CARTESIAN_POINT('',(4.91340693659,-4.336304975797));
#6126 = CARTESIAN_POINT('',(4.913406936439,-5.340138994706));
#6127 = CARTESIAN_POINT('',(4.913406936233,-6.341533093844));
#6128 = CARTESIAN_POINT('',(4.91340693598,-7.327772472758));
#6129 = CARTESIAN_POINT('',(4.913406935701,-8.288222742676));
#6130 = CARTESIAN_POINT('',(4.913406935442,-9.214005673894));
#6131 = CARTESIAN_POINT('',(4.913406935276,-10.09766581631));
#6132 = CARTESIAN_POINT('',(4.913406935312,-10.9328520675));
#6133 = CARTESIAN_POINT('',(4.913406935698,-11.71396802133));
#6134 = CARTESIAN_POINT('',(4.913406936339,-12.19529046749));
#6135 = CARTESIAN_POINT('',(4.913406936789,-12.42522719675));
#6136 = ( GEOMETRIC_REPRESENTATION_CONTEXT(2) 
PARAMETRIC_REPRESENTATION_CONTEXT() REPRESENTATION_CONTEXT('2D SPACE',''
  ) );
#6137 = PCURVE('',#1189,#6138);
#6138 = DEFINITIONAL_REPRESENTATION('',(#6139),#6165);
#6139 = B_SPLINE_CURVE_WITH_KNOTS('',3,(#6140,#6141,#6142,#6143,#6144,
    #6145,#6146,#6147,#6148,#6149,#6150,#6151,#6152,#6153,#6154,#6155,
    #6156,#6157,#6158,#6159,#6160,#6161,#6162,#6163,#6164),
  .UNSPECIFIED.,.F.,.F.,(4,1,1,1,1,1,1,1,1,1,1,1,1,1,1,1,1,1,1,1,1,1,4),
  (0.129680827455,0.18779505105,0.245909274646,0.304023498242,
    0.362137721838,0.420251945433,0.478366169029,0.536480392625,
    0.59459461622,0.652708839816,0.710823063412,0.768937287008,
    0.827051510603,0.885165734199,0.943279957795,1.001394181391,
    1.059508404986,1.117622628582,1.175736852178,1.233851075773,
    1.291965299369,1.350079522965,1.408193746561),
  .QUASI_UNIFORM_KNOTS.);
#6140 = CARTESIAN_POINT('',(4.718754751647,0.881124571153));
#6141 = CARTESIAN_POINT('',(4.718754751647,0.88018610188));
#6142 = CARTESIAN_POINT('',(4.718754751647,0.878309055837));
#6143 = CARTESIAN_POINT('',(4.718754751647,0.875494131753));
#6144 = CARTESIAN_POINT('',(4.718754751647,0.872676950236));
#6145 = CARTESIAN_POINT('',(4.718754751647,0.869868153471));
#6146 = CARTESIAN_POINT('',(4.718754751647,0.867028075131));
#6147 = CARTESIAN_POINT('',(4.718754751647,0.864304738338));
#6148 = CARTESIAN_POINT('',(4.718754751647,0.861145716932));
#6149 = CARTESIAN_POINT('',(4.718754751647,0.856254775545));
#6150 = CARTESIAN_POINT('',(4.718754751648,0.850333871949));
#6151 = CARTESIAN_POINT('',(4.718754751657,0.843539728997));
#6152 = CARTESIAN_POINT('',(4.718754751683,0.836131487617));
#6153 = CARTESIAN_POINT('',(4.718754751739,0.828300814811));
#6154 = CARTESIAN_POINT('',(4.718754751841,0.820221038684));
#6155 = CARTESIAN_POINT('',(4.718754752001,0.812037561832));
#6156 = CARTESIAN_POINT('',(4.718754752227,0.803873975745));
#6157 = CARTESIAN_POINT('',(4.718754752513,0.795833934288));
#6158 = CARTESIAN_POINT('',(4.718754752838,0.788004131349));
#6159 = CARTESIAN_POINT('',(4.71875475315,0.780456944219));
#6160 = CARTESIAN_POINT('',(4.718754753366,0.773253151376));
#6161 = CARTESIAN_POINT('',(4.718754753352,0.766444528412));
#6162 = CARTESIAN_POINT('',(4.718754752926,0.760076698465));
#6163 = CARTESIAN_POINT('',(4.718754752179,0.756152851472));
#6164 = CARTESIAN_POINT('',(4.718754751647,0.754278356421));
#6165 = ( GEOMETRIC_REPRESENTATION_CONTEXT(2) 
PARAMETRIC_REPRESENTATION_CONTEXT() REPRESENTATION_CONTEXT('2D SPACE',''
  ) );
#6166 = ORIENTED_EDGE('',*,*,#6056,.F.);
#6167 = ORIENTED_EDGE('',*,*,#3835,.T.);
#6168 = ORIENTED_EDGE('',*,*,#6169,.T.);
#6169 = EDGE_CURVE('',#3811,#6170,#6172,.T.);
#6170 = VERTEX_POINT('',#6171);
#6171 = CARTESIAN_POINT('',(294.35231930311,174.6804025301,
    19.410393544662));
#6172 = SURFACE_CURVE('',#6173,(#6178,#6191),.PCURVE_S1.);
#6173 = ELLIPSE('',#6174,2.963350753586,1.658333333333);
#6174 = AXIS2_PLACEMENT_3D('',#6175,#6176,#6177);
#6175 = CARTESIAN_POINT('',(292.44752225433,176.95045125616,
    19.417555083564));
#6176 = DIRECTION('',(-0.766044443119,-0.642787609687,
    -6.505213034913E-19));
#6177 = DIRECTION('',(-0.642783630574,0.766039700997,3.518630731648E-03)
  );
#6178 = PCURVE('',#3852,#6179);
#6179 = DEFINITIONAL_REPRESENTATION('',(#6180),#6190);
#6180 = B_SPLINE_CURVE_WITH_KNOTS('',8,(#6181,#6182,#6183,#6184,#6185,
    #6186,#6187,#6188,#6189),.UNSPECIFIED.,.F.,.F.,(9,9),(8.057014846504
    ,9.42674704634),.PIECEWISE_BEZIER_KNOTS.);
#6181 = CARTESIAN_POINT('',(7.652917507017,3.124897124866));
#6182 = CARTESIAN_POINT('',(7.481700982039,2.713045827916));
#6183 = CARTESIAN_POINT('',(7.310484457061,2.317785404349));
#6184 = CARTESIAN_POINT('',(7.139267932084,1.957513560812));
#6185 = CARTESIAN_POINT('',(6.968051407103,1.649590780229));
#6186 = CARTESIAN_POINT('',(6.796834882111,1.408613501983));
#6187 = CARTESIAN_POINT('',(6.625618357143,1.244846790958));
#6188 = CARTESIAN_POINT('',(6.454401832159,1.163395243206));
#6189 = CARTESIAN_POINT('',(6.28318530718,1.1642232202));
#6190 = ( GEOMETRIC_REPRESENTATION_CONTEXT(2) 
PARAMETRIC_REPRESENTATION_CONTEXT() REPRESENTATION_CONTEXT('2D SPACE',''
  ) );
#6191 = PCURVE('',#3824,#6192);
#6192 = DEFINITIONAL_REPRESENTATION('',(#6193),#6197);
#6193 = ELLIPSE('',#6194,2.963350753586,1.658333333333);
#6194 = AXIS2_PLACEMENT_2D('',#6195,#6196);
#6195 = CARTESIAN_POINT('',(3.003025838545,-2.678712017433));
#6196 = DIRECTION('',(0.9999938096,-3.518630731648E-03));
#6197 = ( GEOMETRIC_REPRESENTATION_CONTEXT(2) 
PARAMETRIC_REPRESENTATION_CONTEXT() REPRESENTATION_CONTEXT('2D SPACE',''
  ) );
#6198 = ORIENTED_EDGE('',*,*,#6199,.T.);
#6199 = EDGE_CURVE('',#6170,#6092,#6200,.T.);
#6200 = SURFACE_CURVE('',#6201,(#6206,#6219),.PCURVE_S1.);
#6201 = ELLIPSE('',#6202,2.963350753586,1.658333333333);
#6202 = AXIS2_PLACEMENT_3D('',#6203,#6204,#6205);
#6203 = CARTESIAN_POINT('',(292.44752225433,176.95045125616,
    19.417555083564));
#6204 = DIRECTION('',(-0.766044443119,-0.642787609687,
    -6.505213034913E-19));
#6205 = DIRECTION('',(-0.642783630574,0.766039700997,3.518630731648E-03)
  );
#6206 = PCURVE('',#3852,#6207);
#6207 = DEFINITIONAL_REPRESENTATION('',(#6208),#6218);
#6208 = B_SPLINE_CURVE_WITH_KNOTS('',8,(#6209,#6210,#6211,#6212,#6213,
    #6214,#6215,#6216,#6217),.UNSPECIFIED.,.F.,.F.,(9,9),(3.143561739161
    ,4.513340109551),.PIECEWISE_BEZIER_KNOTS.);
#6209 = CARTESIAN_POINT('',(6.28318530718,1.1642232202));
#6210 = CARTESIAN_POINT('',(6.111963010881,1.165051225104));
#6211 = CARTESIAN_POINT('',(5.940740714582,1.248164185269));
#6212 = CARTESIAN_POINT('',(5.769518418285,1.413524499763));
#6213 = CARTESIAN_POINT('',(5.598296121986,1.655950979688));
#6214 = CARTESIAN_POINT('',(5.427073825688,1.965112719765));
#6215 = CARTESIAN_POINT('',(5.255851529388,2.32635646986));
#6216 = CARTESIAN_POINT('',(5.084629233088,2.722285390008));
#6217 = CARTESIAN_POINT('',(4.913406936789,3.13448511422));
#6218 = ( GEOMETRIC_REPRESENTATION_CONTEXT(2) 
PARAMETRIC_REPRESENTATION_CONTEXT() REPRESENTATION_CONTEXT('2D SPACE',''
  ) );
#6219 = PCURVE('',#3824,#6220);
#6220 = DEFINITIONAL_REPRESENTATION('',(#6221),#6225);
#6221 = ELLIPSE('',#6222,2.963350753586,1.658333333333);
#6222 = AXIS2_PLACEMENT_2D('',#6223,#6224);
#6223 = CARTESIAN_POINT('',(3.003025838545,-2.678712017433));
#6224 = DIRECTION('',(0.9999938096,-3.518630731648E-03));
#6225 = ( GEOMETRIC_REPRESENTATION_CONTEXT(2) 
PARAMETRIC_REPRESENTATION_CONTEXT() REPRESENTATION_CONTEXT('2D SPACE',''
  ) );
#6226 = ADVANCED_FACE('',(#6227,#6568),#3824,.T.);
#6227 = FACE_BOUND('',#6228,.T.);
#6228 = EDGE_LOOP('',(#6229,#6230,#6231,#6251,#6318,#6567));
#6229 = ORIENTED_EDGE('',*,*,#6169,.T.);
#6230 = ORIENTED_EDGE('',*,*,#6199,.T.);
#6231 = ORIENTED_EDGE('',*,*,#6232,.F.);
#6232 = EDGE_CURVE('',#6233,#6092,#6235,.T.);
#6233 = VERTEX_POINT('',#6234);
#6234 = CARTESIAN_POINT('',(292.62197959027,176.74254109929,
    20.595762467457));
#6235 = SURFACE_CURVE('',#6236,(#6239,#6245),.PCURVE_S1.);
#6236 = B_SPLINE_CURVE_WITH_KNOTS('',1,(#6237,#6238),.UNSPECIFIED.,.F.,
  .F.,(2,2),(0.,1.),.PIECEWISE_BEZIER_KNOTS.);
#6237 = CARTESIAN_POINT('',(292.44752174079,176.95045186816,
    20.218394121504));
#6238 = CARTESIAN_POINT('',(292.84395281436,176.47800371202,
    21.075910931235));
#6239 = PCURVE('',#3824,#6240);
#6240 = DEFINITIONAL_REPRESENTATION('',(#6241),#6244);
#6241 = B_SPLINE_CURVE_WITH_KNOTS('',1,(#6242,#6243),.UNSPECIFIED.,.F.,
  .F.,(2,2),(0.,1.),.PIECEWISE_BEZIER_KNOTS.);
#6242 = CARTESIAN_POINT('',(3.003026637465,-3.479551055373));
#6243 = CARTESIAN_POINT('',(2.386289370605,-4.337067865104));
#6244 = ( GEOMETRIC_REPRESENTATION_CONTEXT(2) 
PARAMETRIC_REPRESENTATION_CONTEXT() REPRESENTATION_CONTEXT('2D SPACE',''
  ) );
#6245 = PCURVE('',#1189,#6246);
#6246 = DEFINITIONAL_REPRESENTATION('',(#6247),#6250);
#6247 = B_SPLINE_CURVE_WITH_KNOTS('',1,(#6248,#6249),.UNSPECIFIED.,.F.,
  .F.,(2,2),(0.,1.),.PIECEWISE_BEZIER_KNOTS.);
#6248 = CARTESIAN_POINT('',(5.60747573229,0.884839769411));
#6249 = CARTESIAN_POINT('',(4.681120057691,0.880967243541));
#6250 = ( GEOMETRIC_REPRESENTATION_CONTEXT(2) 
PARAMETRIC_REPRESENTATION_CONTEXT() REPRESENTATION_CONTEXT('2D SPACE',''
  ) );
#6251 = ORIENTED_EDGE('',*,*,#6252,.T.);
#6252 = EDGE_CURVE('',#6233,#6253,#6255,.T.);
#6253 = VERTEX_POINT('',#6254);
#6254 = CARTESIAN_POINT('',(292.44752225433,176.95045125616,
    20.605616267401));
#6255 = SURFACE_CURVE('',#6256,(#6265,#6277),.PCURVE_S1.);
#6256 = B_SPLINE_CURVE_WITH_KNOTS('',4,(#6257,#6258,#6259,#6260,#6261,
    #6262,#6263,#6264),.UNSPECIFIED.,.F.,.F.,(5,3,5),(0.,0.699657278665,
    1.),.UNSPECIFIED.);
#6257 = CARTESIAN_POINT('',(292.62402010238,176.74010931165,
    20.595529719904));
#6258 = CARTESIAN_POINT('',(292.59322304091,176.7768118203,
    20.599063288084));
#6259 = CARTESIAN_POINT('',(292.56237252985,176.81357802769,
    20.601767551993));
#6260 = CARTESIAN_POINT('',(292.53148828377,176.85038443891,
    20.603648270877));
#6261 = CARTESIAN_POINT('',(292.48732503624,176.90301614781,
    20.605161417476));
#6262 = CARTESIAN_POINT('',(292.47405818676,176.91882696334,
    20.605464400815));
#6263 = CARTESIAN_POINT('',(292.46079009536,176.93463925894,
    20.605616025039));
#6264 = CARTESIAN_POINT('',(292.44752225433,176.95045125616,
    20.605616267401));
#6265 = PCURVE('',#3824,#6266);
#6266 = DEFINITIONAL_REPRESENTATION('',(#6267),#6276);
#6267 = B_SPLINE_CURVE_WITH_KNOTS('',4,(#6268,#6269,#6270,#6271,#6272,
    #6273,#6274,#6275),.UNSPECIFIED.,.F.,.F.,(5,3,5),(0.,0.699657278665,
    1.),.UNSPECIFIED.);
#6268 = CARTESIAN_POINT('',(2.728443930941,-3.856686653773));
#6269 = CARTESIAN_POINT('',(2.776355653264,-3.860220221952));
#6270 = CARTESIAN_POINT('',(2.824350528396,-3.862924485862));
#6271 = CARTESIAN_POINT('',(2.872397885892,-3.864805204746));
#6272 = CARTESIAN_POINT('',(2.941103702345,-3.866318351345));
#6273 = CARTESIAN_POINT('',(2.961743256184,-3.866621334683));
#6274 = CARTESIAN_POINT('',(2.982384742125,-3.866772958907));
#6275 = CARTESIAN_POINT('',(3.003025838545,-3.866773201269));
#6276 = ( GEOMETRIC_REPRESENTATION_CONTEXT(2) 
PARAMETRIC_REPRESENTATION_CONTEXT() REPRESENTATION_CONTEXT('2D SPACE',''
  ) );
#6277 = PCURVE('',#6278,#6307);
#6278 = B_SPLINE_SURFACE_WITH_KNOTS('',13,1,(
    (#6279,#6280)
    ,(#6281,#6282)
    ,(#6283,#6284)
    ,(#6285,#6286)
    ,(#6287,#6288)
    ,(#6289,#6290)
    ,(#6291,#6292)
    ,(#6293,#6294)
    ,(#6295,#6296)
    ,(#6297,#6298)
    ,(#6299,#6300)
    ,(#6301,#6302)
    ,(#6303,#6304)
    ,(#6305,#6306
    )),.UNSPECIFIED.,.T.,.F.,.F.,(14,14),(2,2),(0.,6.28318530718),(0.,1.
    ),.PIECEWISE_BEZIER_KNOTS.);
#6279 = CARTESIAN_POINT('',(303.59135821248,70.4,20.603983091432));
#6280 = CARTESIAN_POINT('',(291.08270372175,190.,20.605816287289));
#6281 = CARTESIAN_POINT('',(304.31577725692,70.399999999993,
    20.60398309143));
#6282 = CARTESIAN_POINT('',(291.63852396047,189.99999999997,
    20.605816287288));
#6283 = CARTESIAN_POINT('',(305.04019659114,70.400000000029,
    20.224676085388));
#6284 = CARTESIAN_POINT('',(292.19434442136,190.00000000013,
    20.314787893904));
#6285 = CARTESIAN_POINT('',(305.54795412984,70.399999999924,
    19.466084655182));
#6286 = CARTESIAN_POINT('',(292.58392821112,189.99999999963,
    19.732748433391));
#6287 = CARTESIAN_POINT('',(305.62241466433,70.400000000145,
    18.464216879548));
#6288 = CARTESIAN_POINT('',(292.64105905491,190.00000000072,
    18.964051930342));
#6289 = CARTESIAN_POINT('',(305.14185434545,70.399999999796,
    17.491773718957));
#6290 = CARTESIAN_POINT('',(292.27234269965,189.99999999891,
    18.217931858281));
#6291 = CARTESIAN_POINT('',(304.17507536609,70.400000000217,
    16.881330772054));
#6292 = CARTESIAN_POINT('',(291.5305685439,190.00000000127,
    17.749561310786));
#6293 = CARTESIAN_POINT('',(303.00764105896,70.399999999821,
    16.881330771919));
#6294 = CARTESIAN_POINT('',(290.63483889976,189.99999999879,
    17.749561310676));
#6295 = CARTESIAN_POINT('',(302.04086207931,70.400000000115,
    17.491773719065));
#6296 = CARTESIAN_POINT('',(289.89306474344,190.00000000091,
    18.217931858368));
#6297 = CARTESIAN_POINT('',(301.56030176083,70.399999999944,
    18.46421687948));
#6298 = CARTESIAN_POINT('',(289.52434838897,189.99999999943,
    18.964051930288));
#6299 = CARTESIAN_POINT('',(301.63476229501,70.400000000021,
    19.466084655215));
#6300 = CARTESIAN_POINT('',(289.58147923213,190.00000000027,
    19.732748433416));
#6301 = CARTESIAN_POINT('',(302.14251983387,70.399999999994,
    20.224676085376));
#6302 = CARTESIAN_POINT('',(289.97106302223,189.9999999999,
    20.314787893895));
#6303 = CARTESIAN_POINT('',(302.86693916803,70.400000000001,
    20.603983091433));
#6304 = CARTESIAN_POINT('',(290.52688348299,190.00000000002,
    20.60581628729));
#6305 = CARTESIAN_POINT('',(303.59135821248,70.4,20.603983091432));
#6306 = CARTESIAN_POINT('',(291.08270372175,190.,20.605816287289));
#6307 = DEFINITIONAL_REPRESENTATION('',(#6308),#6317);
#6308 = B_SPLINE_CURVE_WITH_KNOTS('',4,(#6309,#6310,#6311,#6312,#6313,
    #6314,#6315,#6316),.UNSPECIFIED.,.F.,.F.,(5,3,5),(0.,0.699657278665,
    1.),.UNSPECIFIED.);
#6309 = CARTESIAN_POINT('',(0.130344388595,0.88913134876));
#6310 = CARTESIAN_POINT('',(0.107482752761,0.889438225922));
#6311 = CARTESIAN_POINT('',(8.466728003883E-02,0.889745635683));
#6312 = CARTESIAN_POINT('',(6.187999084779E-02,0.890053381596));
#6313 = CARTESIAN_POINT('',(2.932594634549E-02,0.890493446052));
#6314 = CARTESIAN_POINT('',(1.955053140624E-02,0.890625643506));
#6315 = CARTESIAN_POINT('',(9.775679331576E-03,0.890757853336));
#6316 = CARTESIAN_POINT('',(0.,0.89089006067));
#6317 = ( GEOMETRIC_REPRESENTATION_CONTEXT(2) 
PARAMETRIC_REPRESENTATION_CONTEXT() REPRESENTATION_CONTEXT('2D SPACE',''
  ) );
#6318 = ORIENTED_EDGE('',*,*,#6319,.T.);
#6319 = EDGE_CURVE('',#6253,#3690,#6320,.T.);
#6320 = SURFACE_CURVE('',#6321,(#6401,#6484),.PCURVE_S1.);
#6321 = B_SPLINE_CURVE_WITH_KNOTS('',8,(#6322,#6323,#6324,#6325,#6326,
    #6327,#6328,#6329,#6330,#6331,#6332,#6333,#6334,#6335,#6336,#6337,
    #6338,#6339,#6340,#6341,#6342,#6343,#6344,#6345,#6346,#6347,#6348,
    #6349,#6350,#6351,#6352,#6353,#6354,#6355,#6356,#6357,#6358,#6359,
    #6360,#6361,#6362,#6363,#6364,#6365,#6366,#6367,#6368,#6369,#6370,
    #6371,#6372,#6373,#6374,#6375,#6376,#6377,#6378,#6379,#6380,#6381,
    #6382,#6383,#6384,#6385,#6386,#6387,#6388,#6389,#6390,#6391,#6392,
    #6393,#6394,#6395,#6396,#6397,#6398,#6399,#6400),.UNSPECIFIED.,.F.,
  .F.,(9,7,7,7,7,7,7,7,7,7,7,9),(0.,0.262321803457,0.338851281402,
    0.393607536013,0.421528894515,0.476190689384,0.530462750446,
    0.558396744119,0.613184813496,0.689760612275,0.953344155728,1.),
  .UNSPECIFIED.);
#6322 = CARTESIAN_POINT('',(292.44752225433,176.95045125616,
    20.6056162674));
#6323 = CARTESIAN_POINT('',(292.32436735635,177.09722154827,
    20.605618517055));
#6324 = CARTESIAN_POINT('',(292.20149826277,177.24365123196,
    20.594440589877));
#6325 = CARTESIAN_POINT('',(292.07926130667,177.38932756354,
    20.572160798457));
#6326 = CARTESIAN_POINT('',(291.958267141,177.53352279515,
    20.538429105879));
#6327 = CARTESIAN_POINT('',(291.83937904195,177.67520811432,
    20.492742267926));
#6328 = CARTESIAN_POINT('',(291.72383042639,177.81291359203,
    20.434310330798));
#6329 = CARTESIAN_POINT('',(291.61313682778,177.94483308585,
    20.362303141691));
#6330 = CARTESIAN_POINT('',(291.47933325249,178.10429397741,
    20.249540597909));
#6331 = CARTESIAN_POINT('',(291.44974254121,178.13955881387,
    20.222791860443));
#6332 = CARTESIAN_POINT('',(291.42084287762,178.17400009178,
    20.194729318604));
#6333 = CARTESIAN_POINT('',(291.39270898604,178.20752875815,
    20.165322810602));
#6334 = CARTESIAN_POINT('',(291.36542758896,178.24004146113,
    20.134545920477));
#6335 = CARTESIAN_POINT('',(291.33909693552,178.27142111197,
    20.102377426239));
#6336 = CARTESIAN_POINT('',(291.31382632996,178.30153744693,
    20.068802748009));
#6337 = CARTESIAN_POINT('',(291.27249897061,178.35078947591,
    20.008782214213));
#6338 = CARTESIAN_POINT('',(291.25586801676,178.37060947491,
    19.983028205694));
#6339 = CARTESIAN_POINT('',(291.23988711836,178.38965476798,
    19.956552539609));
#6340 = CARTESIAN_POINT('',(291.22460512603,178.40786713725,
    19.929358994505));
#6341 = CARTESIAN_POINT('',(291.21007434562,178.42518424701,
    19.901456946356));
#6342 = CARTESIAN_POINT('',(291.19634946266,178.44154092558,
    19.872862356444));
#6343 = CARTESIAN_POINT('',(291.18348646681,178.45687044709,
    19.843598759245));
#6344 = CARTESIAN_POINT('',(291.165450627,178.47836472398,
    19.798451355951));
#6345 = CARTESIAN_POINT('',(291.15959840588,178.48533912954,
    19.783039139342));
#6346 = CARTESIAN_POINT('',(291.15399256301,178.49201991291,
    19.767466032788));
#6347 = CARTESIAN_POINT('',(291.14864058044,178.49839815737,
    19.751737171984));
#6348 = CARTESIAN_POINT('',(291.14354977208,178.50446514652,
    19.735858396013));
#6349 = CARTESIAN_POINT('',(291.13872728379,178.51021236427,
    19.719836247343));
#6350 = CARTESIAN_POINT('',(291.13418009333,178.51563149483,
    19.703677971831));
#6351 = CARTESIAN_POINT('',(291.12156523438,178.53066529831,
    19.655507441196));
#6352 = CARTESIAN_POINT('',(291.11429525352,178.53932932411,
    19.623127864349));
#6353 = CARTESIAN_POINT('',(291.10815673568,178.5466449248,
    19.590318092643));
#6354 = CARTESIAN_POINT('',(291.10319441706,178.55255878585,
    19.557150608983));
#6355 = CARTESIAN_POINT('',(291.09944434466,178.5570279481,
    19.523704932531));
#6356 = CARTESIAN_POINT('',(291.09693211882,178.56002190226,
    19.490067476514));
#6357 = CARTESIAN_POINT('',(291.09567113572,178.56152468341,
    19.456331406042));
#6358 = CARTESIAN_POINT('',(291.09565059742,178.56154916,19.38910211273)
  );
#6359 = CARTESIAN_POINT('',(291.09687326902,178.56009203673,
    19.355601814911));
#6360 = CARTESIAN_POINT('',(291.09932888747,178.55716554461,
    19.322193114451));
#6361 = CARTESIAN_POINT('',(291.10300395589,178.55278576863,
    19.288967089213));
#6362 = CARTESIAN_POINT('',(291.10787316034,178.54698287673,
    19.25600824405));
#6363 = CARTESIAN_POINT('',(291.1139010926,178.5397990668,
    19.223394371928));
#6364 = CARTESIAN_POINT('',(291.12104397278,178.53128651369,
    19.191196415056));
#6365 = CARTESIAN_POINT('',(291.13347574521,178.51647090423,
    19.143152929819));
#6366 = CARTESIAN_POINT('',(291.13798248732,178.51109997814,
    19.12695358199));
#6367 = CARTESIAN_POINT('',(291.1427647907,178.50540065089,
    19.110888261962));
#6368 = CARTESIAN_POINT('',(291.14781568096,178.49938123428,
    19.094964247275));
#6369 = CARTESIAN_POINT('',(291.15312801696,178.49305023877,
    19.079188113562));
#6370 = CARTESIAN_POINT('',(291.1586944908,178.48641637357,
    19.063565734551));
#6371 = CARTESIAN_POINT('',(291.16450762787,178.47948854658,
    19.048102282067));
#6372 = CARTESIAN_POINT('',(291.1824301304,178.45812933981,
    19.002793608521));
#6373 = CARTESIAN_POINT('',(291.19521994359,178.44288703398,
    18.973414667797));
#6374 = CARTESIAN_POINT('',(291.2088730499,178.42661589549,
    18.944697780753));
#6375 = CARTESIAN_POINT('',(291.22333351074,178.40938258933,
    18.916666791064));
#6376 = CARTESIAN_POINT('',(291.23854669762,178.39125221922,
    18.889337984804));
#6377 = CARTESIAN_POINT('',(291.2544603643,178.37228704978,
    18.862721066077));
#6378 = CARTESIAN_POINT('',(291.27102571899,178.35254522882,
    18.836820132641));
#6379 = CARTESIAN_POINT('',(291.31220042196,178.30347512863,
    18.776433587591));
#6380 = CARTESIAN_POINT('',(291.33738564312,178.27346055083,
    18.742634801766));
#6381 = CARTESIAN_POINT('',(291.36363438491,178.24217851851,
    18.710232645108));
#6382 = CARTESIAN_POINT('',(291.39083744547,178.20975917334,
    18.679213361317));
#6383 = CARTESIAN_POINT('',(291.41889666172,178.17631950158,
    18.649556517084));
#6384 = CARTESIAN_POINT('',(291.44772537472,178.14196277929,
    18.621236432428));
#6385 = CARTESIAN_POINT('',(291.47724889522,178.10677801767,
    18.594223611034));
#6386 = CARTESIAN_POINT('',(291.61120597334,177.94713418857,
    18.47989465916));
#6387 = CARTESIAN_POINT('',(291.72222034325,177.8148324144,
    18.406652708611));
#6388 = CARTESIAN_POINT('',(291.83816486159,177.67665511812,
    18.347045989557));
#6389 = CARTESIAN_POINT('',(291.95750878308,177.53442657093,
    18.300253768383));
#6390 = CARTESIAN_POINT('',(292.07900466864,177.38963341283,
    18.265491867948));
#6391 = CARTESIAN_POINT('',(292.20178006922,177.24331538811,
    18.242265384171));
#6392 = CARTESIAN_POINT('',(292.32521684528,177.09620916678,
    18.2302320013));
#6393 = CARTESIAN_POINT('',(292.47086806284,176.92262880499,
    18.22935223087));
#6394 = CARTESIAN_POINT('',(292.49277325496,176.89652321359,
    18.229573562936));
#6395 = CARTESIAN_POINT('',(292.51467585206,176.8704207148,
    18.23014855579));
#6396 = CARTESIAN_POINT('',(292.53657201774,176.84432588068,
    18.231077477155));
#6397 = CARTESIAN_POINT('',(292.55845787606,176.81824333041,
    18.232360839432));
#6398 = CARTESIAN_POINT('',(292.58032951154,176.79217773025,
    18.233999399698));
#6399 = CARTESIAN_POINT('',(292.60218296918,176.7661337936,
    18.235994159709));
#6400 = CARTESIAN_POINT('',(292.62401425444,176.74011628095,
    18.238346365895));
#6401 = PCURVE('',#3824,#6402);
#6402 = DEFINITIONAL_REPRESENTATION('',(#6403),#6483);
#6403 = B_SPLINE_CURVE_WITH_KNOTS('',8,(#6404,#6405,#6406,#6407,#6408,
    #6409,#6410,#6411,#6412,#6413,#6414,#6415,#6416,#6417,#6418,#6419,
    #6420,#6421,#6422,#6423,#6424,#6425,#6426,#6427,#6428,#6429,#6430,
    #6431,#6432,#6433,#6434,#6435,#6436,#6437,#6438,#6439,#6440,#6441,
    #6442,#6443,#6444,#6445,#6446,#6447,#6448,#6449,#6450,#6451,#6452,
    #6453,#6454,#6455,#6456,#6457,#6458,#6459,#6460,#6461,#6462,#6463,
    #6464,#6465,#6466,#6467,#6468,#6469,#6470,#6471,#6472,#6473,#6474,
    #6475,#6476,#6477,#6478,#6479,#6480,#6481,#6482),.UNSPECIFIED.,.F.,
  .F.,(9,7,7,7,7,7,7,7,7,7,7,9),(0.,0.262321803457,0.338851281402,
    0.393607536013,0.421528894515,0.476190689384,0.530462750446,
    0.558396744119,0.613184813496,0.689760612275,0.953344155728,1.),
  .UNSPECIFIED.);
#6404 = CARTESIAN_POINT('',(3.003025838545,-3.866773201269));
#6405 = CARTESIAN_POINT('',(3.194620847728,-3.866775450924));
#6406 = CARTESIAN_POINT('',(3.385771224195,-3.855597523746));
#6407 = CARTESIAN_POINT('',(3.575938169324,-3.833317732325));
#6408 = CARTESIAN_POINT('',(3.764171675756,-3.799586039747));
#6409 = CARTESIAN_POINT('',(3.949128724188,-3.753899201794));
#6410 = CARTESIAN_POINT('',(4.128890458575,-3.695467264666));
#6411 = CARTESIAN_POINT('',(4.301099127402,-3.62346007556));
#6412 = CARTESIAN_POINT('',(4.509260537607,-3.510697531777));
#6413 = CARTESIAN_POINT('',(4.555295512192,-3.483948794312));
#6414 = CARTESIAN_POINT('',(4.600255407427,-3.455886252473));
#6415 = CARTESIAN_POINT('',(4.644023972901,-3.426479744471));
#6416 = CARTESIAN_POINT('',(4.686466292367,-3.395702854346));
#6417 = CARTESIAN_POINT('',(4.727429517307,-3.363534360107));
#6418 = CARTESIAN_POINT('',(4.766743600493,-3.329959681878));
#6419 = CARTESIAN_POINT('',(4.831037558142,-3.269939148082));
#6420 = CARTESIAN_POINT('',(4.856910729314,-3.244185139563));
#6421 = CARTESIAN_POINT('',(4.881772593718,-3.217709473477));
#6422 = CARTESIAN_POINT('',(4.905547153308,-3.190515928373));
#6423 = CARTESIAN_POINT('',(4.928153034622,-3.162613880224));
#6424 = CARTESIAN_POINT('',(4.949505162063,-3.134019290313));
#6425 = CARTESIAN_POINT('',(4.969516431185,-3.104755693114));
#6426 = CARTESIAN_POINT('',(4.997575216913,-3.05960828982));
#6427 = CARTESIAN_POINT('',(5.006679656763,-3.04419607321));
#6428 = CARTESIAN_POINT('',(5.015400800072,-3.028622966657));
#6429 = CARTESIAN_POINT('',(5.023727006888,-3.012894105853));
#6430 = CARTESIAN_POINT('',(5.03164689875,-2.997015329882));
#6431 = CARTESIAN_POINT('',(5.03914935869,-2.980993181212));
#6432 = CARTESIAN_POINT('',(5.046223531234,-2.9648349057));
#6433 = CARTESIAN_POINT('',(5.065848767875,-2.916664375064));
#6434 = CARTESIAN_POINT('',(5.077158850314,-2.884284798218));
#6435 = CARTESIAN_POINT('',(5.086708688776,-2.851475026512));
#6436 = CARTESIAN_POINT('',(5.094428686099,-2.818307542852));
#6437 = CARTESIAN_POINT('',(5.100262763083,-2.784861866399));
#6438 = CARTESIAN_POINT('',(5.104171092671,-2.751224410383));
#6439 = CARTESIAN_POINT('',(5.106132834133,-2.717488339911));
#6440 = CARTESIAN_POINT('',(5.106164786057,-2.650259046599));
#6441 = CARTESIAN_POINT('',(5.104262646708,-2.61675874878));
#6442 = CARTESIAN_POINT('',(5.100442382573,-2.583350048319));
#6443 = CARTESIAN_POINT('',(5.094724991081,-2.550124023082));
#6444 = CARTESIAN_POINT('',(5.087149853687,-2.517165177919));
#6445 = CARTESIAN_POINT('',(5.077772055842,-2.484551305797));
#6446 = CARTESIAN_POINT('',(5.06665970696,-2.452353348925));
#6447 = CARTESIAN_POINT('',(5.047319302385,-2.404309863688));
#6448 = CARTESIAN_POINT('',(5.040308056304,-2.388110515858));
#6449 = CARTESIAN_POINT('',(5.03286811298,-2.372045195831));
#6450 = CARTESIAN_POINT('',(5.025010322654,-2.356121181144));
#6451 = CARTESIAN_POINT('',(5.01674579497,-2.34034504743));
#6452 = CARTESIAN_POINT('',(5.008085898978,-2.32472266842));
#6453 = CARTESIAN_POINT('',(4.999042263131,-2.309259215936));
#6454 = CARTESIAN_POINT('',(4.971159798915,-2.26395054239));
#6455 = CARTESIAN_POINT('',(4.951262381783,-2.234571601665));
#6456 = CARTESIAN_POINT('',(4.930021918988,-2.205854714622));
#6457 = CARTESIAN_POINT('',(4.90752543551,-2.177823724932));
#6458 = CARTESIAN_POINT('',(4.883857918204,-2.150494918672));
#6459 = CARTESIAN_POINT('',(4.859100647781,-2.123877999946));
#6460 = CARTESIAN_POINT('',(4.833329530793,-2.09797706651));
#6461 = CARTESIAN_POINT('',(4.769273064309,-2.037590521459));
#6462 = CARTESIAN_POINT('',(4.730091815664,-2.003791735635));
#6463 = CARTESIAN_POINT('',(4.689256022647,-1.971389578977));
#6464 = CARTESIAN_POINT('',(4.646935573158,-1.940370295186));
#6465 = CARTESIAN_POINT('',(4.603283181886,-1.910713450953));
#6466 = CARTESIAN_POINT('',(4.558433666174,-1.882393366297));
#6467 = CARTESIAN_POINT('',(4.512503221871,-1.855380544902));
#6468 = CARTESIAN_POINT('',(4.304103003673,-1.741051593028));
#6469 = CARTESIAN_POINT('',(4.131395303275,-1.66780964248));
#6470 = CARTESIAN_POINT('',(3.951017653498,-1.608202923426));
#6471 = CARTESIAN_POINT('',(3.765351471242,-1.561410702252));
#6472 = CARTESIAN_POINT('',(3.576337427209,-1.526648801817));
#6473 = CARTESIAN_POINT('',(3.385332811187,-1.50342231804));
#6474 = CARTESIAN_POINT('',(3.193299277548,-1.491388935169));
#6475 = CARTESIAN_POINT('',(2.966706207989,-1.490509164739));
#6476 = CARTESIAN_POINT('',(2.932627778676,-1.490730496804));
#6477 = CARTESIAN_POINT('',(2.898553386488,-1.491305489658));
#6478 = CARTESIAN_POINT('',(2.86448899982,-1.492234411024));
#6479 = CARTESIAN_POINT('',(2.830440648567,-1.493517773301));
#6480 = CARTESIAN_POINT('',(2.796414424123,-1.495156333567));
#6481 = CARTESIAN_POINT('',(2.762416479376,-1.497151093577));
#6482 = CARTESIAN_POINT('',(2.728453028715,-1.499503299764));
#6483 = ( GEOMETRIC_REPRESENTATION_CONTEXT(2) 
PARAMETRIC_REPRESENTATION_CONTEXT() REPRESENTATION_CONTEXT('2D SPACE',''
  ) );
#6484 = PCURVE('',#3751,#6485);
#6485 = DEFINITIONAL_REPRESENTATION('',(#6486),#6566);
#6486 = B_SPLINE_CURVE_WITH_KNOTS('',8,(#6487,#6488,#6489,#6490,#6491,
    #6492,#6493,#6494,#6495,#6496,#6497,#6498,#6499,#6500,#6501,#6502,
    #6503,#6504,#6505,#6506,#6507,#6508,#6509,#6510,#6511,#6512,#6513,
    #6514,#6515,#6516,#6517,#6518,#6519,#6520,#6521,#6522,#6523,#6524,
    #6525,#6526,#6527,#6528,#6529,#6530,#6531,#6532,#6533,#6534,#6535,
    #6536,#6537,#6538,#6539,#6540,#6541,#6542,#6543,#6544,#6545,#6546,
    #6547,#6548,#6549,#6550,#6551,#6552,#6553,#6554,#6555,#6556,#6557,
    #6558,#6559,#6560,#6561,#6562,#6563,#6564,#6565),.UNSPECIFIED.,.F.,
  .F.,(9,7,7,7,7,7,7,7,7,7,7,9),(0.,0.262321803457,0.338851281402,
    0.393607536013,0.421528894515,0.476190689384,0.530462750446,
    0.558396744119,0.613184813496,0.689760612275,0.953344155728,1.),
  .UNSPECIFIED.);
#6487 = CARTESIAN_POINT('',(6.28318530718,0.89089006067));
#6488 = CARTESIAN_POINT('',(6.192445390405,0.892117237026));
#6489 = CARTESIAN_POINT('',(6.10184057298,0.893341565485));
#6490 = CARTESIAN_POINT('',(6.010493806561,0.894559595013));
#6491 = CARTESIAN_POINT('',(5.917711247959,0.895765240762));
#6492 = CARTESIAN_POINT('',(5.822872643015,0.896949900621));
#6493 = CARTESIAN_POINT('',(5.725228858911,0.898101284214));
#6494 = CARTESIAN_POINT('',(5.623997877334,0.899204290015));
#6495 = CARTESIAN_POINT('',(5.486498863731,0.900537575062));
#6496 = CARTESIAN_POINT('',(5.455025185226,0.900832431554));
#6497 = CARTESIAN_POINT('',(5.423100750474,0.901120402105));
#6498 = CARTESIAN_POINT('',(5.390697147958,0.901400742125));
#6499 = CARTESIAN_POINT('',(5.35778835849,0.901672587468));
#6500 = CARTESIAN_POINT('',(5.32435036315,0.90193495913));
#6501 = CARTESIAN_POINT('',(5.290360751234,0.902186767951));
#6502 = CARTESIAN_POINT('',(5.231069179548,0.902598574213));
#6503 = CARTESIAN_POINT('',(5.206049109463,0.902764293269));
#6504 = CARTESIAN_POINT('',(5.180731791736,0.902923534849));
#6505 = CARTESIAN_POINT('',(5.155113480476,0.903075812184));
#6506 = CARTESIAN_POINT('',(5.129193382451,0.903220604072));
#6507 = CARTESIAN_POINT('',(5.102974029434,0.903357365599));
#6508 = CARTESIAN_POINT('',(5.076461650546,0.903485538855));
#6509 = CARTESIAN_POINT('',(5.036003160126,0.90366525689));
#6510 = CARTESIAN_POINT('',(5.022266517933,0.903723571317));
#6511 = CARTESIAN_POINT('',(5.00845816092,0.90377943071));
#6512 = CARTESIAN_POINT('',(4.994580005828,0.903832760513));
#6513 = CARTESIAN_POINT('',(4.98063434324,0.903883487847));
#6514 = CARTESIAN_POINT('',(4.966623837582,0.903931541507));
#6515 = CARTESIAN_POINT('',(4.952551527122,0.903976851964));
#6516 = CARTESIAN_POINT('',(4.910757069821,0.904102552661));
#6517 = CARTESIAN_POINT('',(4.882865762364,0.904174994349));
#6518 = CARTESIAN_POINT('',(4.854777682891,0.904236161579));
#6519 = CARTESIAN_POINT('',(4.826525783978,0.904285608577));
#6520 = CARTESIAN_POINT('',(4.798145946981,0.904322976155));
#6521 = CARTESIAN_POINT('',(4.769677739528,0.904348009216));
#6522 = CARTESIAN_POINT('',(4.741165173014,0.904360574276));
#6523 = CARTESIAN_POINT('',(4.684353004663,0.90436077893));
#6524 = CARTESIAN_POINT('',(4.656047499504,0.904348595625));
#6525 = CARTESIAN_POINT('',(4.627788993494,0.904324126627));
#6526 = CARTESIAN_POINT('',(4.599620425134,0.904287506427));
#6527 = CARTESIAN_POINT('',(4.571580355226,0.904238987264));
#6528 = CARTESIAN_POINT('',(4.543703699533,0.904178921963));
#6529 = CARTESIAN_POINT('',(4.516022461459,0.90410774677));
#6530 = CARTESIAN_POINT('',(4.474434780296,0.903983870437));
#6531 = CARTESIAN_POINT('',(4.460361814921,0.903938963028));
#6532 = CARTESIAN_POINT('',(4.446350958018,0.90389130979));
#6533 = CARTESIAN_POINT('',(4.432405225172,0.90384098022));
#6534 = CARTESIAN_POINT('',(4.418527258124,0.903788045475));
#6535 = CARTESIAN_POINT('',(4.404719324771,0.903732578374));
#6536 = CARTESIAN_POINT('',(4.390983319161,0.9036746534));
#6537 = CARTESIAN_POINT('',(4.350523835653,0.903496064714));
#6538 = CARTESIAN_POINT('',(4.324010449049,0.903368620686));
#6539 = CARTESIAN_POINT('',(4.297790730207,0.903232574377));
#6540 = CARTESIAN_POINT('',(4.271870760501,0.903088483188));
#6541 = CARTESIAN_POINT('',(4.246252943342,0.902936891465));
#6542 = CARTESIAN_POINT('',(4.22093637335,0.902778319814));
#6543 = CARTESIAN_POINT('',(4.195917205532,0.902613254422));
#6544 = CARTESIAN_POINT('',(4.136627116366,0.902202969303));
#6545 = CARTESIAN_POINT('',(4.102638180087,0.901952011295));
#6546 = CARTESIAN_POINT('',(4.069200814368,0.90169045584));
#6547 = CARTESIAN_POINT('',(4.036292451333,0.901419391082));
#6548 = CARTESIAN_POINT('',(4.003888956641,0.901139795164));
#6549 = CARTESIAN_POINT('',(3.971964229646,0.900852531599));
#6550 = CARTESIAN_POINT('',(3.940489803563,0.900558344629));
#6551 = CARTESIAN_POINT('',(3.802537992459,0.899223530005));
#6552 = CARTESIAN_POINT('',(3.700894750193,0.89811732788));
#6553 = CARTESIAN_POINT('',(3.602854948713,0.896961999315));
#6554 = CARTESIAN_POINT('',(3.507629134322,0.895772797416));
#6555 = CARTESIAN_POINT('',(3.414459369092,0.894562152281));
#6556 = CARTESIAN_POINT('',(3.322718982999,0.893338757426));
#6557 = CARTESIAN_POINT('',(3.23170595824,0.892108772298));
#6558 = CARTESIAN_POINT('',(3.124391709122,0.89065743148));
#6559 = CARTESIAN_POINT('',(3.108254222277,0.890439157304));
#6560 = CARTESIAN_POINT('',(3.092114314693,0.890220908987));
#6561 = CARTESIAN_POINT('',(3.075968409281,0.890002724755));
#6562 = CARTESIAN_POINT('',(3.059812909962,0.889784643231));
#6563 = CARTESIAN_POINT('',(3.043644201674,0.88956670343));
#6564 = CARTESIAN_POINT('',(3.027458650369,0.889348944763));
#6565 = CARTESIAN_POINT('',(3.011252603012,0.889131407031));
#6566 = ( GEOMETRIC_REPRESENTATION_CONTEXT(2) 
PARAMETRIC_REPRESENTATION_CONTEXT() REPRESENTATION_CONTEXT('2D SPACE',''
  ) );
#6567 = ORIENTED_EDGE('',*,*,#3810,.F.);
#6568 = FACE_BOUND('',#6569,.T.);
#6569 = EDGE_LOOP('',(#6570));
#6570 = ORIENTED_EDGE('',*,*,#6571,.F.);
#6571 = EDGE_CURVE('',#6572,#6572,#6574,.T.);
#6572 = VERTEX_POINT('',#6573);
#6573 = CARTESIAN_POINT('',(293.36641932309,175.85535237324,
    19.414100270828));
#6574 = SURFACE_CURVE('',#6575,(#6580,#6587),.PCURVE_S1.);
#6575 = ELLIPSE('',#6576,1.429556142434,0.8);
#6576 = AXIS2_PLACEMENT_3D('',#6577,#6578,#6579);
#6577 = CARTESIAN_POINT('',(292.44752225433,176.95045125616,
    19.417555083564));
#6578 = DIRECTION('',(-0.766044443119,-0.642787609687,2.168404344971E-19
    ));
#6579 = DIRECTION('',(-0.642783630574,0.766039700997,3.518630731649E-03)
  );
#6580 = PCURVE('',#3824,#6581);
#6581 = DEFINITIONAL_REPRESENTATION('',(#6582),#6586);
#6582 = ELLIPSE('',#6583,1.429556142434,0.8);
#6583 = AXIS2_PLACEMENT_2D('',#6584,#6585);
#6584 = CARTESIAN_POINT('',(3.003025838545,-2.678712017433));
#6585 = DIRECTION('',(0.9999938096,-3.518630731649E-03));
#6586 = ( GEOMETRIC_REPRESENTATION_CONTEXT(2) 
PARAMETRIC_REPRESENTATION_CONTEXT() REPRESENTATION_CONTEXT('2D SPACE',''
  ) );
#6587 = PCURVE('',#6588,#6593);
#6588 = CYLINDRICAL_SURFACE('',#6589,0.8);
#6589 = AXIS2_PLACEMENT_3D('',#6590,#6591,#6592);
#6590 = CARTESIAN_POINT('',(302.37814423178,82.,19.139160893037));
#6591 = DIRECTION('',(-0.104019604147,0.994570972053,2.916076511733E-03)
  );
#6592 = DIRECTION('',(0.994575200748,0.104020046415,0.));
#6593 = DEFINITIONAL_REPRESENTATION('',(#6594),#6618);
#6594 = B_SPLINE_CURVE_WITH_KNOTS('',8,(#6595,#6596,#6597,#6598,#6599,
    #6600,#6601,#6602,#6603,#6604,#6605,#6606,#6607,#6608,#6609,#6610,
    #6611,#6612,#6613,#6614,#6615,#6616,#6617),.UNSPECIFIED.,.F.,.F.,(9,
    7,7,9),(3.143561739161,4.714358065956,7.070552556148,9.42674704634),
  .UNSPECIFIED.);
#6595 = CARTESIAN_POINT('',(6.28318530718,94.284006844196));
#6596 = CARTESIAN_POINT('',(6.08683576633,94.28446490237));
#6597 = CARTESIAN_POINT('',(5.890486225481,94.337124691718));
#6598 = CARTESIAN_POINT('',(5.694136684631,94.4419530024));
#6599 = CARTESIAN_POINT('',(5.497787143782,94.59464866871));
#6600 = CARTESIAN_POINT('',(5.301437602933,94.786567949761));
#6601 = CARTESIAN_POINT('',(5.105088062083,95.0057356424));
#6602 = CARTESIAN_POINT('',(4.908738521234,95.238462141106));
#6603 = CARTESIAN_POINT('',(4.417864669111,95.820023437457));
#6604 = CARTESIAN_POINT('',(4.123340357835,96.168730201709));
#6605 = CARTESIAN_POINT('',(3.828816046572,96.471071803593));
#6606 = CARTESIAN_POINT('',(3.534291735282,96.681022653065));
#6607 = CARTESIAN_POINT('',(3.239767424021,96.765175011125));
#6608 = CARTESIAN_POINT('',(2.94524311274,96.716401287631));
#6609 = CARTESIAN_POINT('',(2.650718801466,96.552068203702));
#6610 = CARTESIAN_POINT('',(2.061670178918,96.057625391987));
#6611 = CARTESIAN_POINT('',(1.767145867643,95.727513872465));
#6612 = CARTESIAN_POINT('',(1.472621556358,95.347214689304));
#6613 = CARTESIAN_POINT('',(1.178097245119,94.964639686397));
#6614 = CARTESIAN_POINT('',(0.883572933824,94.634377165232));
#6615 = CARTESIAN_POINT('',(0.589048622547,94.40008700102));
#6616 = CARTESIAN_POINT('',(0.294524311274,94.283319756933));
#6617 = CARTESIAN_POINT('',(1.33226762955E-14,94.284006844196));
#6618 = ( GEOMETRIC_REPRESENTATION_CONTEXT(2) 
PARAMETRIC_REPRESENTATION_CONTEXT() REPRESENTATION_CONTEXT('2D SPACE',''
  ) );
#6619 = ADVANCED_FACE('',(#6620),#6588,.F.);
#6620 = FACE_BOUND('',#6621,.F.);
#6621 = EDGE_LOOP('',(#6622,#6668,#6689,#6690,#6691,#6735));
#6622 = ORIENTED_EDGE('',*,*,#6623,.F.);
#6623 = EDGE_CURVE('',#6624,#6626,#6628,.T.);
#6624 = VERTEX_POINT('',#6625);
#6625 = CARTESIAN_POINT('',(291.79406759861,190.88920484608,
    19.458179441956));
#6626 = VERTEX_POINT('',#6627);
#6627 = CARTESIAN_POINT('',(291.08270372175,190.,18.655812885853));
#6628 = SURFACE_CURVE('',#6629,(#6634,#6661),.PCURVE_S1.);
#6629 = ELLIPSE('',#6630,1.138742662058,0.8);
#6630 = AXIS2_PLACEMENT_3D('',#6631,#6632,#6633);
#6631 = CARTESIAN_POINT('',(291.08270372175,190.,19.455816287289));
#6632 = DIRECTION('',(-0.780868809443,0.624695047554,0.));
#6633 = DIRECTION('',(0.624689803118,0.780862253897,4.097599183587E-03)
  );
#6634 = PCURVE('',#6588,#6635);
#6635 = DEFINITIONAL_REPRESENTATION('',(#6636),#6660);
#6636 = B_SPLINE_CURVE_WITH_KNOTS('',8,(#6637,#6638,#6639,#6640,#6641,
    #6642,#6643,#6644,#6645,#6646,#6647,#6648,#6649,#6650,#6651,#6652,
    #6653,#6654,#6655,#6656,#6657,#6658,#6659),.UNSPECIFIED.,.F.,.F.,(9,
    7,7,9),(2.878699394786E-03,1.57367502619,3.929869516382,
    6.286064006574),.UNSPECIFIED.);
#6637 = CARTESIAN_POINT('',(0.,109.39992405401));
#6638 = CARTESIAN_POINT('',(0.196349540849,109.39946599583));
#6639 = CARTESIAN_POINT('',(0.392699081699,109.36330100581));
#6640 = CARTESIAN_POINT('',(0.589048622548,109.29146029981));
#6641 = CARTESIAN_POINT('',(0.785398163398,109.18689446555));
#6642 = CARTESIAN_POINT('',(0.981747704247,109.05552341925));
#6643 = CARTESIAN_POINT('',(1.178097245096,108.90554378092));
#6644 = CARTESIAN_POINT('',(1.374446785946,108.74632214871));
#6645 = CARTESIAN_POINT('',(1.865320638069,108.34852365817));
#6646 = CARTESIAN_POINT('',(2.159844949344,108.11007497677));
#6647 = CARTESIAN_POINT('',(2.454369260609,107.90341397438));
#6648 = CARTESIAN_POINT('',(2.74889357189,107.7600095258));
#6649 = CARTESIAN_POINT('',(3.043417883151,107.702685925));
#6650 = CARTESIAN_POINT('',(3.33794219444,107.73628459982));
#6651 = CARTESIAN_POINT('',(3.632466505713,107.84889660791));
#6652 = CARTESIAN_POINT('',(4.221515128261,108.18741150828));
#6653 = CARTESIAN_POINT('',(4.516039439538,108.41331562717));
#6654 = CARTESIAN_POINT('',(4.810563750783,108.67347705765));
#6655 = CARTESIAN_POINT('',(5.105088062097,108.93511248007));
#6656 = CARTESIAN_POINT('',(5.39961237333,109.16088700859));
#6657 = CARTESIAN_POINT('',(5.694136684633,109.32095733299));
#6658 = CARTESIAN_POINT('',(5.988660995906,109.40061114127));
#6659 = CARTESIAN_POINT('',(6.28318530718,109.39992405401));
#6660 = ( GEOMETRIC_REPRESENTATION_CONTEXT(2) 
PARAMETRIC_REPRESENTATION_CONTEXT() REPRESENTATION_CONTEXT('2D SPACE',''
  ) );
#6661 = PCURVE('',#1446,#6662);
#6662 = DEFINITIONAL_REPRESENTATION('',(#6663),#6667);
#6663 = ELLIPSE('',#6664,1.138742662058,0.8);
#6664 = AXIS2_PLACEMENT_2D('',#6665,#6666);
#6665 = CARTESIAN_POINT('',(4.438725281051E-14,-59.45581628728));
#6666 = DIRECTION('',(0.999991604805,-4.097599183587E-03));
#6667 = ( GEOMETRIC_REPRESENTATION_CONTEXT(2) 
PARAMETRIC_REPRESENTATION_CONTEXT() REPRESENTATION_CONTEXT('2D SPACE',''
  ) );
#6668 = ORIENTED_EDGE('',*,*,#6669,.F.);
#6669 = EDGE_CURVE('',#6572,#6624,#6670,.T.);
#6670 = SEAM_CURVE('',#6671,(#6675,#6682),.PCURVE_S1.);
#6671 = LINE('',#6672,#6673);
#6672 = CARTESIAN_POINT('',(303.17380439237,82.083216037132,
    19.139160893037));
#6673 = VECTOR('',#6674,1.);
#6674 = DIRECTION('',(-0.104019604147,0.994570972053,2.916076511733E-03)
  );
#6675 = PCURVE('',#6588,#6676);
#6676 = DEFINITIONAL_REPRESENTATION('',(#6677),#6681);
#6677 = LINE('',#6678,#6679);
#6678 = CARTESIAN_POINT('',(6.28318530718,-0.));
#6679 = VECTOR('',#6680,1.);
#6680 = DIRECTION('',(0.,1.));
#6681 = ( GEOMETRIC_REPRESENTATION_CONTEXT(2) 
PARAMETRIC_REPRESENTATION_CONTEXT() REPRESENTATION_CONTEXT('2D SPACE',''
  ) );
#6682 = PCURVE('',#6588,#6683);
#6683 = DEFINITIONAL_REPRESENTATION('',(#6684),#6688);
#6684 = LINE('',#6685,#6686);
#6685 = CARTESIAN_POINT('',(0.,-0.));
#6686 = VECTOR('',#6687,1.);
#6687 = DIRECTION('',(0.,1.));
#6688 = ( GEOMETRIC_REPRESENTATION_CONTEXT(2) 
PARAMETRIC_REPRESENTATION_CONTEXT() REPRESENTATION_CONTEXT('2D SPACE',''
  ) );
#6689 = ORIENTED_EDGE('',*,*,#6571,.F.);
#6690 = ORIENTED_EDGE('',*,*,#6669,.T.);
#6691 = ORIENTED_EDGE('',*,*,#6692,.F.);
#6692 = EDGE_CURVE('',#6693,#6624,#6695,.T.);
#6693 = VERTEX_POINT('',#6694);
#6694 = CARTESIAN_POINT('',(291.08270372175,190.,20.255819688726));
#6695 = SURFACE_CURVE('',#6696,(#6701,#6728),.PCURVE_S1.);
#6696 = ELLIPSE('',#6697,1.138742662058,0.8);
#6697 = AXIS2_PLACEMENT_3D('',#6698,#6699,#6700);
#6698 = CARTESIAN_POINT('',(291.08270372175,190.,19.455816287289));
#6699 = DIRECTION('',(-0.780868809443,0.624695047554,0.));
#6700 = DIRECTION('',(0.624689803118,0.780862253897,4.097599183587E-03)
  );
#6701 = PCURVE('',#6588,#6702);
#6702 = DEFINITIONAL_REPRESENTATION('',(#6703),#6727);
#6703 = B_SPLINE_CURVE_WITH_KNOTS('',8,(#6704,#6705,#6706,#6707,#6708,
    #6709,#6710,#6711,#6712,#6713,#6714,#6715,#6716,#6717,#6718,#6719,
    #6720,#6721,#6722,#6723,#6724,#6725,#6726),.UNSPECIFIED.,.F.,.F.,(9,
    7,7,9),(2.878699394786E-03,1.57367502619,3.929869516382,
    6.286064006574),.UNSPECIFIED.);
#6704 = CARTESIAN_POINT('',(0.,109.39992405401));
#6705 = CARTESIAN_POINT('',(0.196349540849,109.39946599583));
#6706 = CARTESIAN_POINT('',(0.392699081699,109.36330100581));
#6707 = CARTESIAN_POINT('',(0.589048622548,109.29146029981));
#6708 = CARTESIAN_POINT('',(0.785398163398,109.18689446555));
#6709 = CARTESIAN_POINT('',(0.981747704247,109.05552341925));
#6710 = CARTESIAN_POINT('',(1.178097245096,108.90554378092));
#6711 = CARTESIAN_POINT('',(1.374446785946,108.74632214871));
#6712 = CARTESIAN_POINT('',(1.865320638069,108.34852365817));
#6713 = CARTESIAN_POINT('',(2.159844949344,108.11007497677));
#6714 = CARTESIAN_POINT('',(2.454369260609,107.90341397438));
#6715 = CARTESIAN_POINT('',(2.74889357189,107.7600095258));
#6716 = CARTESIAN_POINT('',(3.043417883151,107.702685925));
#6717 = CARTESIAN_POINT('',(3.33794219444,107.73628459982));
#6718 = CARTESIAN_POINT('',(3.632466505713,107.84889660791));
#6719 = CARTESIAN_POINT('',(4.221515128261,108.18741150828));
#6720 = CARTESIAN_POINT('',(4.516039439538,108.41331562717));
#6721 = CARTESIAN_POINT('',(4.810563750783,108.67347705765));
#6722 = CARTESIAN_POINT('',(5.105088062097,108.93511248007));
#6723 = CARTESIAN_POINT('',(5.39961237333,109.16088700859));
#6724 = CARTESIAN_POINT('',(5.694136684633,109.32095733299));
#6725 = CARTESIAN_POINT('',(5.988660995906,109.40061114127));
#6726 = CARTESIAN_POINT('',(6.28318530718,109.39992405401));
#6727 = ( GEOMETRIC_REPRESENTATION_CONTEXT(2) 
PARAMETRIC_REPRESENTATION_CONTEXT() REPRESENTATION_CONTEXT('2D SPACE',''
  ) );
#6728 = PCURVE('',#1446,#6729);
#6729 = DEFINITIONAL_REPRESENTATION('',(#6730),#6734);
#6730 = ELLIPSE('',#6731,1.138742662058,0.8);
#6731 = AXIS2_PLACEMENT_2D('',#6732,#6733);
#6732 = CARTESIAN_POINT('',(4.438725281051E-14,-59.45581628728));
#6733 = DIRECTION('',(0.999991604805,-4.097599183587E-03));
#6734 = ( GEOMETRIC_REPRESENTATION_CONTEXT(2) 
PARAMETRIC_REPRESENTATION_CONTEXT() REPRESENTATION_CONTEXT('2D SPACE',''
  ) );
#6735 = ORIENTED_EDGE('',*,*,#6736,.F.);
#6736 = EDGE_CURVE('',#6626,#6693,#6737,.T.);
#6737 = SURFACE_CURVE('',#6738,(#6743,#6756),.PCURVE_S1.);
#6738 = ELLIPSE('',#6739,0.804366930545,0.8);
#6739 = AXIS2_PLACEMENT_3D('',#6740,#6741,#6742);
#6740 = CARTESIAN_POINT('',(291.08270372175,190.,19.455816287289));
#6741 = DIRECTION('',(0.,1.,0.));
#6742 = DIRECTION('',(-0.99960728133,0.,2.802290335518E-02));
#6743 = PCURVE('',#6588,#6744);
#6744 = DEFINITIONAL_REPRESENTATION('',(#6745),#6755);
#6745 = B_SPLINE_CURVE_WITH_KNOTS('',8,(#6746,#6747,#6748,#6749,#6750,
    #6751,#6752,#6753,#6754),.UNSPECIFIED.,.F.,.F.,(9,9),(4.34681684623,
    8.163804779572),.PIECEWISE_BEZIER_KNOTS.);
#6746 = CARTESIAN_POINT('',(1.233098686919,108.55961323815));
#6747 = CARTESIAN_POINT('',(1.710222178586,108.59691077772));
#6748 = CARTESIAN_POINT('',(2.187345670251,108.64199532294));
#6749 = CARTESIAN_POINT('',(2.664469161926,108.68190444313));
#6750 = CARTESIAN_POINT('',(3.141592653581,108.7000558073));
#6751 = CARTESIAN_POINT('',(3.618716145264,108.6848321979));
#6752 = CARTESIAN_POINT('',(4.095839636924,108.64672655344));
#6753 = CARTESIAN_POINT('',(4.572963128593,108.60205055217));
#6754 = CARTESIAN_POINT('',(5.050086620261,108.56401545916));
#6755 = ( GEOMETRIC_REPRESENTATION_CONTEXT(2) 
PARAMETRIC_REPRESENTATION_CONTEXT() REPRESENTATION_CONTEXT('2D SPACE',''
  ) );
#6756 = PCURVE('',#3678,#6757);
#6757 = DEFINITIONAL_REPRESENTATION('',(#6758),#6762);
#6758 = ELLIPSE('',#6759,0.804366930545,0.8);
#6759 = AXIS2_PLACEMENT_2D('',#6760,#6761);
#6760 = CARTESIAN_POINT('',(3.552713678801E-15,0.));
#6761 = DIRECTION('',(2.802290335518E-02,-0.99960728133));
#6762 = ( GEOMETRIC_REPRESENTATION_CONTEXT(2) 
PARAMETRIC_REPRESENTATION_CONTEXT() REPRESENTATION_CONTEXT('2D SPACE',''
  ) );
#6763 = ADVANCED_FACE('',(#6764),#6278,.T.);
#6764 = FACE_BOUND('',#6765,.T.);
#6765 = EDGE_LOOP('',(#6766,#6792,#6812,#6813));
#6766 = ORIENTED_EDGE('',*,*,#6767,.F.);
#6767 = EDGE_CURVE('',#6768,#6770,#6772,.T.);
#6768 = VERTEX_POINT('',#6769);
#6769 = CARTESIAN_POINT('',(291.08270372175,190.,20.605816287289));
#6770 = VERTEX_POINT('',#6771);
#6771 = CARTESIAN_POINT('',(291.22042937527,190.,20.59753939048));
#6772 = SURFACE_CURVE('',#6773,(#6778,#6785),.PCURVE_S1.);
#6773 = CIRCLE('',#6774,1.15);
#6774 = AXIS2_PLACEMENT_3D('',#6775,#6776,#6777);
#6775 = CARTESIAN_POINT('',(291.08270372175,190.,19.455816287289));
#6776 = DIRECTION('',(0.,1.,0.));
#6777 = DIRECTION('',(0.,-0.,1.));
#6778 = PCURVE('',#6278,#6779);
#6779 = DEFINITIONAL_REPRESENTATION('',(#6780),#6784);
#6780 = LINE('',#6781,#6782);
#6781 = CARTESIAN_POINT('',(0.,1.));
#6782 = VECTOR('',#6783,1.);
#6783 = DIRECTION('',(1.,0.));
#6784 = ( GEOMETRIC_REPRESENTATION_CONTEXT(2) 
PARAMETRIC_REPRESENTATION_CONTEXT() REPRESENTATION_CONTEXT('2D SPACE',''
  ) );
#6785 = PCURVE('',#3678,#6786);
#6786 = DEFINITIONAL_REPRESENTATION('',(#6787),#6791);
#6787 = CIRCLE('',#6788,1.15);
#6788 = AXIS2_PLACEMENT_2D('',#6789,#6790);
#6789 = CARTESIAN_POINT('',(0.,0.));
#6790 = DIRECTION('',(1.,0.));
#6791 = ( GEOMETRIC_REPRESENTATION_CONTEXT(2) 
PARAMETRIC_REPRESENTATION_CONTEXT() REPRESENTATION_CONTEXT('2D SPACE',''
  ) );
#6792 = ORIENTED_EDGE('',*,*,#6793,.F.);
#6793 = EDGE_CURVE('',#6253,#6768,#6794,.T.);
#6794 = SURFACE_CURVE('',#6795,(#6798,#6805),.PCURVE_S1.);
#6795 = B_SPLINE_CURVE_WITH_KNOTS('',1,(#6796,#6797),.UNSPECIFIED.,.F.,
  .F.,(2,2),(0.,1.),.PIECEWISE_BEZIER_KNOTS.);
#6796 = CARTESIAN_POINT('',(303.59135821248,70.4,20.603983091432));
#6797 = CARTESIAN_POINT('',(291.08270372175,190.,20.605816287289));
#6798 = PCURVE('',#6278,#6799);
#6799 = DEFINITIONAL_REPRESENTATION('',(#6800),#6804);
#6800 = LINE('',#6801,#6802);
#6801 = CARTESIAN_POINT('',(0.,0.));
#6802 = VECTOR('',#6803,1.);
#6803 = DIRECTION('',(0.,1.));
#6804 = ( GEOMETRIC_REPRESENTATION_CONTEXT(2) 
PARAMETRIC_REPRESENTATION_CONTEXT() REPRESENTATION_CONTEXT('2D SPACE',''
  ) );
#6805 = PCURVE('',#3751,#6806);
#6806 = DEFINITIONAL_REPRESENTATION('',(#6807),#6811);
#6807 = LINE('',#6808,#6809);
#6808 = CARTESIAN_POINT('',(6.28318530718,0.));
#6809 = VECTOR('',#6810,1.);
#6810 = DIRECTION('',(0.,1.));
#6811 = ( GEOMETRIC_REPRESENTATION_CONTEXT(2) 
PARAMETRIC_REPRESENTATION_CONTEXT() REPRESENTATION_CONTEXT('2D SPACE',''
  ) );
#6812 = ORIENTED_EDGE('',*,*,#6252,.F.);
#6813 = ORIENTED_EDGE('',*,*,#6814,.T.);
#6814 = EDGE_CURVE('',#6233,#6770,#6815,.T.);
#6815 = SURFACE_CURVE('',#6816,(#6843,#6873),.PCURVE_S1.);
#6816 = B_SPLINE_CURVE_WITH_KNOTS('',4,(#6817,#6818,#6819,#6820,#6821,
    #6822,#6823,#6824,#6825,#6826,#6827,#6828,#6829,#6830,#6831,#6832,
    #6833,#6834,#6835,#6836,#6837,#6838,#6839,#6840,#6841,#6842),
  .UNSPECIFIED.,.F.,.F.,(5,3,3,3,3,3,3,3,5),(0.,0.217029845078,
    0.348589785396,0.457269758131,0.565949752863,0.674629771792,
    0.783309817429,0.891989892651,1.),.UNSPECIFIED.);
#6817 = CARTESIAN_POINT('',(303.86331398724,70.399999999999,
    20.579104069685));
#6818 = CARTESIAN_POINT('',(303.17738901386,76.889197958691,
    20.580219266779));
#6819 = CARTESIAN_POINT('',(302.49145901874,83.378395313138,
    20.581321876444));
#6820 = CARTESIAN_POINT('',(301.80552360854,89.867592014193,
    20.582410912246));
#6821 = CARTESIAN_POINT('',(300.70377589372,100.29043240867,
    20.584136327989));
#6822 = CARTESIAN_POINT('',(300.28796732392,104.22407655448,
    20.584782070327));
#6823 = CARTESIAN_POINT('',(299.87215647448,108.15772042359,
    20.585422097935));
#6824 = CARTESIAN_POINT('',(299.11284524368,115.34089630896,
    20.586579832073));
#6825 = CARTESIAN_POINT('',(298.76934562616,118.59042841817,
    20.587099453534));
#6826 = CARTESIAN_POINT('',(298.42584429605,121.83996031859,
    20.5876147815));
#6827 = CARTESIAN_POINT('',(297.73883798122,128.33902433912,
    20.588636449504));
#6828 = CARTESIAN_POINT('',(297.39533299644,131.58855645922,
    20.589142789356));
#6829 = CARTESIAN_POINT('',(297.05182613914,134.83808835006,
    20.589644434538));
#6830 = CARTESIAN_POINT('',(296.36480842231,141.33715237343,
    20.590637882349));
#6831 = CARTESIAN_POINT('',(296.0212975627,144.58668450594,
    20.591129684752));
#6832 = CARTESIAN_POINT('',(295.67778464982,147.83621638591,
    20.591616338999));
#6833 = CARTESIAN_POINT('',(294.99075442801,154.33528041263,
    20.592578836754));
#6834 = CARTESIAN_POINT('',(294.64723711897,157.58481255938,
    20.593054679986));
#6835 = CARTESIAN_POINT('',(294.30371755151,160.83434442693,
    20.593524860323));
#6836 = CARTESIAN_POINT('',(293.61667357243,167.33340845765,
    20.594453308701));
#6837 = CARTESIAN_POINT('',(293.27314916068,170.58294062079,
    20.594911576406));
#6838 = CARTESIAN_POINT('',(292.92962225664,173.83247247413,
    20.595363594353));
#6839 = CARTESIAN_POINT('',(292.24468091416,180.31150350325,
    20.596251712819));
#6840 = CARTESIAN_POINT('',(291.90326650785,183.54100268303,
    20.596687893882));
#6841 = CARTESIAN_POINT('',(291.56184937609,186.770501522,20.59711724002
    ));
#6842 = CARTESIAN_POINT('',(291.22042936772,189.99999999999,
    20.597539371777));
#6843 = PCURVE('',#6278,#6844);
#6844 = DEFINITIONAL_REPRESENTATION('',(#6845),#6872);
#6845 = B_SPLINE_CURVE_WITH_KNOTS('',4,(#6846,#6847,#6848,#6849,#6850,
    #6851,#6852,#6853,#6854,#6855,#6856,#6857,#6858,#6859,#6860,#6861,
    #6862,#6863,#6864,#6865,#6866,#6867,#6868,#6869,#6870,#6871),
  .UNSPECIFIED.,.F.,.F.,(5,3,3,3,3,3,3,3,5),(0.,0.217029845078,
    0.348589785396,0.457269758131,0.565949752863,0.674629771792,
    0.783309817429,0.891989892651,1.),.UNSPECIFIED.);
#6846 = CARTESIAN_POINT('',(0.182455613474,0.));
#6847 = CARTESIAN_POINT('',(0.179875905494,5.425750801582E-02));
#6848 = CARTESIAN_POINT('',(0.177207505324,0.108515010979));
#6849 = CARTESIAN_POINT('',(0.174443551588,0.16277250848));
#6850 = CARTESIAN_POINT('',(0.169836980337,0.249920003417));
#6851 = CARTESIAN_POINT('',(0.168060184929,0.282810004636));
#6852 = CARTESIAN_POINT('',(0.166243240461,0.315700003542));
#6853 = CARTESIAN_POINT('',(0.162848041571,0.375760002583));
#6854 = CARTESIAN_POINT('',(0.161283229267,0.402930003496));
#6855 = CARTESIAN_POINT('',(0.15968829764,0.430100002664));
#6856 = CARTESIAN_POINT('',(0.156435429823,0.484440002836));
#6857 = CARTESIAN_POINT('',(0.154777492392,0.51161000384));
#6858 = CARTESIAN_POINT('',(0.153086669146,0.538780002927));
#6859 = CARTESIAN_POINT('',(0.149636132168,0.593120003122));
#6860 = CARTESIAN_POINT('',(0.147876416946,0.62029000423));
#6861 = CARTESIAN_POINT('',(0.146080696367,0.647460003227));
#6862 = CARTESIAN_POINT('',(0.142413713927,0.70180000345));
#6863 = CARTESIAN_POINT('',(0.140542450263,0.728970004677));
#6864 = CARTESIAN_POINT('',(0.138631649846,0.75614000357));
#6865 = CARTESIAN_POINT('',(0.134726962153,0.810480003827));
#6866 = CARTESIAN_POINT('',(0.132733072681,0.837650005191));
#6867 = CARTESIAN_POINT('',(0.130695632097,0.864820003964));
#6868 = CARTESIAN_POINT('',(0.126541909263,0.918992504208));
#6869 = CARTESIAN_POINT('',(0.124426187858,0.945995005711));
#6870 = CARTESIAN_POINT('',(0.122262937026,0.972997504365));
#6871 = CARTESIAN_POINT('',(0.120049578574,1.));
#6872 = ( GEOMETRIC_REPRESENTATION_CONTEXT(2) 
PARAMETRIC_REPRESENTATION_CONTEXT() REPRESENTATION_CONTEXT('2D SPACE',''
  ) );
#6873 = PCURVE('',#1189,#6874);
#6874 = DEFINITIONAL_REPRESENTATION('',(#6875),#6902);
#6875 = B_SPLINE_CURVE_WITH_KNOTS('',4,(#6876,#6877,#6878,#6879,#6880,
    #6881,#6882,#6883,#6884,#6885,#6886,#6887,#6888,#6889,#6890,#6891,
    #6892,#6893,#6894,#6895,#6896,#6897,#6898,#6899,#6900,#6901),
  .UNSPECIFIED.,.F.,.F.,(5,3,3,3,3,3,3,3,5),(0.,0.217029845078,
    0.348589785396,0.457269758131,0.565949752863,0.674629771792,
    0.783309817429,0.891989892651,1.),.UNSPECIFIED.);
#6876 = CARTESIAN_POINT('',(4.881497521901,1.147540983606E-02));
#6877 = CARTESIAN_POINT('',(4.900815260056,6.466555703845E-02));
#6878 = CARTESIAN_POINT('',(4.92014657228,0.117855699288));
#6879 = CARTESIAN_POINT('',(4.93949252232,0.171045836182));
#6880 = CARTESIAN_POINT('',(4.970591310001,0.256478954169));
#6881 = CARTESIAN_POINT('',(4.982334051402,0.288721938971));
#6882 = CARTESIAN_POINT('',(4.994082955462,0.320964921505));
#6883 = CARTESIAN_POINT('',(5.015549353061,0.379843412369));
#6884 = CARTESIAN_POINT('',(5.025264781573,0.40647892146));
#6885 = CARTESIAN_POINT('',(5.03498484011,0.433114428841));
#6886 = CARTESIAN_POINT('',(5.054434651669,0.486385445403));
#6887 = CARTESIAN_POINT('',(5.064164404893,0.513020954584));
#6888 = CARTESIAN_POINT('',(5.073899220757,0.539656461886));
#6889 = CARTESIAN_POINT('',(5.093379468783,0.592927478471));
#6890 = CARTESIAN_POINT('',(5.103124901191,0.619562987754));
#6891 = CARTESIAN_POINT('',(5.112875885264,0.646198494966));
#6892 = CARTESIAN_POINT('',(5.132389514013,0.699469511579));
#6893 = CARTESIAN_POINT('',(5.142152158985,0.726105020979));
#6894 = CARTESIAN_POINT('',(5.151920910704,0.75274052809));
#6895 = CARTESIAN_POINT('',(5.171471262901,0.806011544735));
#6896 = CARTESIAN_POINT('',(5.181252863742,0.832647054269));
#6897 = CARTESIAN_POINT('',(5.191041204185,0.859282561263));
#6898 = CARTESIAN_POINT('',(5.210571704077,0.912389372978));
#6899 = CARTESIAN_POINT('',(5.22031377667,0.93886067773));
#6900 = CARTESIAN_POINT('',(5.230063219889,0.965331979689));
#6901 = CARTESIAN_POINT('',(5.239820442929,0.991803278688));
#6902 = ( GEOMETRIC_REPRESENTATION_CONTEXT(2) 
PARAMETRIC_REPRESENTATION_CONTEXT() REPRESENTATION_CONTEXT('2D SPACE',''
  ) );
#6903 = ADVANCED_FACE('',(#6904),#3751,.T.);
#6904 = FACE_BOUND('',#6905,.T.);
#6905 = EDGE_LOOP('',(#6906,#6928,#6929,#6930));
#6906 = ORIENTED_EDGE('',*,*,#6907,.F.);
#6907 = EDGE_CURVE('',#3665,#6768,#6908,.T.);
#6908 = SURFACE_CURVE('',#6909,(#6914,#6921),.PCURVE_S1.);
#6909 = CIRCLE('',#6910,1.15);
#6910 = AXIS2_PLACEMENT_3D('',#6911,#6912,#6913);
#6911 = CARTESIAN_POINT('',(291.08270372175,190.,19.455816287289));
#6912 = DIRECTION('',(0.,1.,0.));
#6913 = DIRECTION('',(0.,-0.,1.));
#6914 = PCURVE('',#3751,#6915);
#6915 = DEFINITIONAL_REPRESENTATION('',(#6916),#6920);
#6916 = LINE('',#6917,#6918);
#6917 = CARTESIAN_POINT('',(0.,1.));
#6918 = VECTOR('',#6919,1.);
#6919 = DIRECTION('',(1.,0.));
#6920 = ( GEOMETRIC_REPRESENTATION_CONTEXT(2) 
PARAMETRIC_REPRESENTATION_CONTEXT() REPRESENTATION_CONTEXT('2D SPACE',''
  ) );
#6921 = PCURVE('',#3678,#6922);
#6922 = DEFINITIONAL_REPRESENTATION('',(#6923),#6927);
#6923 = CIRCLE('',#6924,1.15);
#6924 = AXIS2_PLACEMENT_2D('',#6925,#6926);
#6925 = CARTESIAN_POINT('',(0.,0.));
#6926 = DIRECTION('',(1.,0.));
#6927 = ( GEOMETRIC_REPRESENTATION_CONTEXT(2) 
PARAMETRIC_REPRESENTATION_CONTEXT() REPRESENTATION_CONTEXT('2D SPACE',''
  ) );
#6928 = ORIENTED_EDGE('',*,*,#3689,.T.);
#6929 = ORIENTED_EDGE('',*,*,#6319,.F.);
#6930 = ORIENTED_EDGE('',*,*,#6793,.T.);
#6931 = ADVANCED_FACE('',(#6932),#3678,.T.);
#6932 = FACE_BOUND('',#6933,.T.);
#6933 = EDGE_LOOP('',(#6934,#6935,#6936,#6937,#6957,#6978,#6979));
#6934 = ORIENTED_EDGE('',*,*,#3664,.F.);
#6935 = ORIENTED_EDGE('',*,*,#6907,.T.);
#6936 = ORIENTED_EDGE('',*,*,#6767,.T.);
#6937 = ORIENTED_EDGE('',*,*,#6938,.F.);
#6938 = EDGE_CURVE('',#6939,#6770,#6941,.T.);
#6939 = VERTEX_POINT('',#6940);
#6940 = CARTESIAN_POINT('',(291.08270372175,190.,20.256656436055));
#6941 = SURFACE_CURVE('',#6942,(#6945,#6951),.PCURVE_S1.);
#6942 = B_SPLINE_CURVE_WITH_KNOTS('',1,(#6943,#6944),.UNSPECIFIED.,.F.,
  .F.,(2,2),(0.,1.),.PIECEWISE_BEZIER_KNOTS.);
#6943 = CARTESIAN_POINT('',(291.08270349698,190.,20.256655879745));
#6944 = CARTESIAN_POINT('',(291.22377345865,190.,20.605816287289));
#6945 = PCURVE('',#3678,#6946);
#6946 = DEFINITIONAL_REPRESENTATION('',(#6947),#6950);
#6947 = B_SPLINE_CURVE_WITH_KNOTS('',1,(#6948,#6949),.UNSPECIFIED.,.F.,
  .F.,(2,2),(0.,1.),.PIECEWISE_BEZIER_KNOTS.);
#6948 = CARTESIAN_POINT('',(0.800839592456,-2.247639372399E-07));
#6949 = CARTESIAN_POINT('',(1.15,0.141069736907));
#6950 = ( GEOMETRIC_REPRESENTATION_CONTEXT(2) 
PARAMETRIC_REPRESENTATION_CONTEXT() REPRESENTATION_CONTEXT('2D SPACE',''
  ) );
#6951 = PCURVE('',#1189,#6952);
#6952 = DEFINITIONAL_REPRESENTATION('',(#6953),#6956);
#6953 = B_SPLINE_CURVE_WITH_KNOTS('',1,(#6954,#6955),.UNSPECIFIED.,.F.,
  .F.,(2,2),(0.,1.),.PIECEWISE_BEZIER_KNOTS.);
#6954 = CARTESIAN_POINT('',(5.60747513229,0.991803278689));
#6955 = CARTESIAN_POINT('',(5.230893501986,0.991803278689));
#6956 = ( GEOMETRIC_REPRESENTATION_CONTEXT(2) 
PARAMETRIC_REPRESENTATION_CONTEXT() REPRESENTATION_CONTEXT('2D SPACE',''
  ) );
#6957 = ORIENTED_EDGE('',*,*,#6958,.F.);
#6958 = EDGE_CURVE('',#6693,#6939,#6959,.T.);
#6959 = SURFACE_CURVE('',#6960,(#6964,#6971),.PCURVE_S1.);
#6960 = LINE('',#6961,#6962);
#6961 = CARTESIAN_POINT('',(291.08270372175,190.,-40.));
#6962 = VECTOR('',#6963,1.);
#6963 = DIRECTION('',(0.,0.,1.));
#6964 = PCURVE('',#3678,#6965);
#6965 = DEFINITIONAL_REPRESENTATION('',(#6966),#6970);
#6966 = LINE('',#6967,#6968);
#6967 = CARTESIAN_POINT('',(-59.45581628728,0.));
#6968 = VECTOR('',#6969,1.);
#6969 = DIRECTION('',(1.,0.));
#6970 = ( GEOMETRIC_REPRESENTATION_CONTEXT(2) 
PARAMETRIC_REPRESENTATION_CONTEXT() REPRESENTATION_CONTEXT('2D SPACE',''
  ) );
#6971 = PCURVE('',#1446,#6972);
#6972 = DEFINITIONAL_REPRESENTATION('',(#6973),#6977);
#6973 = LINE('',#6974,#6975);
#6974 = CARTESIAN_POINT('',(0.,0.));
#6975 = VECTOR('',#6976,1.);
#6976 = DIRECTION('',(0.,-1.));
#6977 = ( GEOMETRIC_REPRESENTATION_CONTEXT(2) 
PARAMETRIC_REPRESENTATION_CONTEXT() REPRESENTATION_CONTEXT('2D SPACE',''
  ) );
#6978 = ORIENTED_EDGE('',*,*,#6736,.F.);
#6979 = ORIENTED_EDGE('',*,*,#6980,.F.);
#6980 = EDGE_CURVE('',#3645,#6626,#6981,.T.);
#6981 = SURFACE_CURVE('',#6982,(#6986,#6993),.PCURVE_S1.);
#6982 = LINE('',#6983,#6984);
#6983 = CARTESIAN_POINT('',(291.08270372175,190.,-40.));
#6984 = VECTOR('',#6985,1.);
#6985 = DIRECTION('',(0.,0.,1.));
#6986 = PCURVE('',#3678,#6987);
#6987 = DEFINITIONAL_REPRESENTATION('',(#6988),#6992);
#6988 = LINE('',#6989,#6990);
#6989 = CARTESIAN_POINT('',(-59.45581628728,0.));
#6990 = VECTOR('',#6991,1.);
#6991 = DIRECTION('',(1.,0.));
#6992 = ( GEOMETRIC_REPRESENTATION_CONTEXT(2) 
PARAMETRIC_REPRESENTATION_CONTEXT() REPRESENTATION_CONTEXT('2D SPACE',''
  ) );
#6993 = PCURVE('',#1446,#6994);
#6994 = DEFINITIONAL_REPRESENTATION('',(#6995),#6999);
#6995 = LINE('',#6996,#6997);
#6996 = CARTESIAN_POINT('',(0.,0.));
#6997 = VECTOR('',#6998,1.);
#6998 = DIRECTION('',(0.,-1.));
#6999 = ( GEOMETRIC_REPRESENTATION_CONTEXT(2) 
PARAMETRIC_REPRESENTATION_CONTEXT() REPRESENTATION_CONTEXT('2D SPACE',''
  ) );
#7000 = ADVANCED_FACE('',(#7001),#3172,.T.);
#7001 = FACE_BOUND('',#7002,.T.);
#7002 = EDGE_LOOP('',(#7003,#7004,#7005,#7034));
#7003 = ORIENTED_EDGE('',*,*,#3152,.T.);
#7004 = ORIENTED_EDGE('',*,*,#3436,.F.);
#7005 = ORIENTED_EDGE('',*,*,#7006,.F.);
#7006 = EDGE_CURVE('',#7007,#3235,#7009,.T.);
#7007 = VERTEX_POINT('',#7008);
#7008 = CARTESIAN_POINT('',(302.57994996434,82.541209476137,
    20.58117365065));
#7009 = SURFACE_CURVE('',#7010,(#7016,#7025),.PCURVE_S1.);
#7010 = B_SPLINE_CURVE_WITH_KNOTS('',4,(#7011,#7012,#7013,#7014,#7015),
  .UNSPECIFIED.,.F.,.F.,(5,5),(0.,1.),.PIECEWISE_BEZIER_KNOTS.);
#7011 = CARTESIAN_POINT('',(302.58699404318,82.541949997392,
    20.579877850368));
#7012 = CARTESIAN_POINT('',(302.52207003572,82.535124254181,
    20.591988817186));
#7013 = CARTESIAN_POINT('',(302.45640993062,82.528233225673,
    20.600108899172));
#7014 = CARTESIAN_POINT('',(302.39037758835,82.521315170027,
    20.604168883612));
#7015 = CARTESIAN_POINT('',(302.32434354239,82.514408840357,
    20.604168777754));
#7016 = PCURVE('',#3172,#7017);
#7017 = DEFINITIONAL_REPRESENTATION('',(#7018),#7024);
#7018 = B_SPLINE_CURVE_WITH_KNOTS('',4,(#7019,#7020,#7021,#7022,#7023),
  .UNSPECIFIED.,.F.,.F.,(5,5),(0.,1.),.PIECEWISE_BEZIER_KNOTS.);
#7019 = CARTESIAN_POINT('',(0.182456225268,0.101521321048));
#7020 = CARTESIAN_POINT('',(0.136844225125,0.101464249617));
#7021 = CARTESIAN_POINT('',(9.122958991443E-02,0.101406632322));
#7022 = CARTESIAN_POINT('',(4.561419712689E-02,0.101348789047));
#7023 = CARTESIAN_POINT('',(0.,0.101291043816));
#7024 = ( GEOMETRIC_REPRESENTATION_CONTEXT(2) 
PARAMETRIC_REPRESENTATION_CONTEXT() REPRESENTATION_CONTEXT('2D SPACE',''
  ) );
#7025 = PCURVE('',#870,#7026);
#7026 = DEFINITIONAL_REPRESENTATION('',(#7027),#7033);
#7027 = B_SPLINE_CURVE_WITH_KNOTS('',4,(#7028,#7029,#7030,#7031,#7032),
  .UNSPECIFIED.,.F.,.F.,(5,5),(0.,1.),.PIECEWISE_BEZIER_KNOTS.);
#7028 = CARTESIAN_POINT('',(0.264090506984,-1.439202387767));
#7029 = CARTESIAN_POINT('',(0.198808685111,-1.451313406078));
#7030 = CARTESIAN_POINT('',(0.132787967792,-1.459433522589));
#7031 = CARTESIAN_POINT('',(6.639422125542E-02,-1.463493524291));
#7032 = CARTESIAN_POINT('',(5.684341886081E-14,-1.463493418433));
#7033 = ( GEOMETRIC_REPRESENTATION_CONTEXT(2) 
PARAMETRIC_REPRESENTATION_CONTEXT() REPRESENTATION_CONTEXT('2D SPACE',''
  ) );
#7034 = ORIENTED_EDGE('',*,*,#7035,.T.);
#7035 = EDGE_CURVE('',#7007,#3153,#7036,.T.);
#7036 = SURFACE_CURVE('',#7037,(#7064,#7094),.PCURVE_S1.);
#7037 = B_SPLINE_CURVE_WITH_KNOTS('',4,(#7038,#7039,#7040,#7041,#7042,
    #7043,#7044,#7045,#7046,#7047,#7048,#7049,#7050,#7051,#7052,#7053,
    #7054,#7055,#7056,#7057,#7058,#7059,#7060,#7061,#7062,#7063),
  .UNSPECIFIED.,.F.,.F.,(5,3,3,3,3,3,3,3,5),(0.,0.217029845078,
    0.348589785396,0.457269758131,0.565949752863,0.674629771792,
    0.783309817429,0.891989892651,1.),.UNSPECIFIED.);
#7038 = CARTESIAN_POINT('',(303.86331398724,70.399999999999,
    20.579104069685));
#7039 = CARTESIAN_POINT('',(303.17738901386,76.889197958691,
    20.580219266779));
#7040 = CARTESIAN_POINT('',(302.49145901874,83.378395313138,
    20.581321876444));
#7041 = CARTESIAN_POINT('',(301.80552360854,89.867592014193,
    20.582410912246));
#7042 = CARTESIAN_POINT('',(300.70377589372,100.29043240867,
    20.584136327989));
#7043 = CARTESIAN_POINT('',(300.28796732392,104.22407655448,
    20.584782070327));
#7044 = CARTESIAN_POINT('',(299.87215647448,108.15772042359,
    20.585422097935));
#7045 = CARTESIAN_POINT('',(299.11284524368,115.34089630896,
    20.586579832073));
#7046 = CARTESIAN_POINT('',(298.76934562616,118.59042841817,
    20.587099453534));
#7047 = CARTESIAN_POINT('',(298.42584429605,121.83996031859,
    20.5876147815));
#7048 = CARTESIAN_POINT('',(297.73883798122,128.33902433912,
    20.588636449504));
#7049 = CARTESIAN_POINT('',(297.39533299644,131.58855645922,
    20.589142789356));
#7050 = CARTESIAN_POINT('',(297.05182613914,134.83808835006,
    20.589644434538));
#7051 = CARTESIAN_POINT('',(296.36480842231,141.33715237343,
    20.590637882349));
#7052 = CARTESIAN_POINT('',(296.0212975627,144.58668450594,
    20.591129684752));
#7053 = CARTESIAN_POINT('',(295.67778464982,147.83621638591,
    20.591616338999));
#7054 = CARTESIAN_POINT('',(294.99075442801,154.33528041263,
    20.592578836754));
#7055 = CARTESIAN_POINT('',(294.64723711897,157.58481255938,
    20.593054679986));
#7056 = CARTESIAN_POINT('',(294.30371755151,160.83434442693,
    20.593524860323));
#7057 = CARTESIAN_POINT('',(293.61667357243,167.33340845765,
    20.594453308701));
#7058 = CARTESIAN_POINT('',(293.27314916068,170.58294062079,
    20.594911576406));
#7059 = CARTESIAN_POINT('',(292.92962225664,173.83247247413,
    20.595363594353));
#7060 = CARTESIAN_POINT('',(292.24468091416,180.31150350325,
    20.596251712819));
#7061 = CARTESIAN_POINT('',(291.90326650785,183.54100268303,
    20.596687893882));
#7062 = CARTESIAN_POINT('',(291.56184937609,186.770501522,20.59711724002
    ));
#7063 = CARTESIAN_POINT('',(291.22042936772,189.99999999999,
    20.597539371777));
#7064 = PCURVE('',#3172,#7065);
#7065 = DEFINITIONAL_REPRESENTATION('',(#7066),#7093);
#7066 = B_SPLINE_CURVE_WITH_KNOTS('',4,(#7067,#7068,#7069,#7070,#7071,
    #7072,#7073,#7074,#7075,#7076,#7077,#7078,#7079,#7080,#7081,#7082,
    #7083,#7084,#7085,#7086,#7087,#7088,#7089,#7090,#7091,#7092),
  .UNSPECIFIED.,.F.,.F.,(5,3,3,3,3,3,3,3,5),(0.,0.217029845078,
    0.348589785396,0.457269758131,0.565949752863,0.674629771792,
    0.783309817429,0.891989892651,1.),.UNSPECIFIED.);
#7067 = CARTESIAN_POINT('',(0.182455613474,0.));
#7068 = CARTESIAN_POINT('',(0.179875905494,5.425750801582E-02));
#7069 = CARTESIAN_POINT('',(0.177207505324,0.108515010979));
#7070 = CARTESIAN_POINT('',(0.174443551588,0.16277250848));
#7071 = CARTESIAN_POINT('',(0.169836980337,0.249920003417));
#7072 = CARTESIAN_POINT('',(0.168060184929,0.282810004636));
#7073 = CARTESIAN_POINT('',(0.166243240461,0.315700003542));
#7074 = CARTESIAN_POINT('',(0.162848041571,0.375760002583));
#7075 = CARTESIAN_POINT('',(0.161283229267,0.402930003496));
#7076 = CARTESIAN_POINT('',(0.15968829764,0.430100002664));
#7077 = CARTESIAN_POINT('',(0.156435429823,0.484440002836));
#7078 = CARTESIAN_POINT('',(0.154777492392,0.51161000384));
#7079 = CARTESIAN_POINT('',(0.153086669146,0.538780002927));
#7080 = CARTESIAN_POINT('',(0.149636132168,0.593120003122));
#7081 = CARTESIAN_POINT('',(0.147876416946,0.62029000423));
#7082 = CARTESIAN_POINT('',(0.146080696367,0.647460003227));
#7083 = CARTESIAN_POINT('',(0.142413713927,0.70180000345));
#7084 = CARTESIAN_POINT('',(0.140542450263,0.728970004677));
#7085 = CARTESIAN_POINT('',(0.138631649846,0.75614000357));
#7086 = CARTESIAN_POINT('',(0.134726962153,0.810480003827));
#7087 = CARTESIAN_POINT('',(0.132733072681,0.837650005191));
#7088 = CARTESIAN_POINT('',(0.130695632097,0.864820003964));
#7089 = CARTESIAN_POINT('',(0.126541909263,0.918992504208));
#7090 = CARTESIAN_POINT('',(0.124426187858,0.945995005711));
#7091 = CARTESIAN_POINT('',(0.122262937026,0.972997504365));
#7092 = CARTESIAN_POINT('',(0.120049578574,1.));
#7093 = ( GEOMETRIC_REPRESENTATION_CONTEXT(2) 
PARAMETRIC_REPRESENTATION_CONTEXT() REPRESENTATION_CONTEXT('2D SPACE',''
  ) );
#7094 = PCURVE('',#949,#7095);
#7095 = DEFINITIONAL_REPRESENTATION('',(#7096),#7123);
#7096 = B_SPLINE_CURVE_WITH_KNOTS('',4,(#7097,#7098,#7099,#7100,#7101,
    #7102,#7103,#7104,#7105,#7106,#7107,#7108,#7109,#7110,#7111,#7112,
    #7113,#7114,#7115,#7116,#7117,#7118,#7119,#7120,#7121,#7122),
  .UNSPECIFIED.,.F.,.F.,(5,3,3,3,3,3,3,3,5),(0.,0.217029845078,
    0.348589785396,0.457269758131,0.565949752863,0.674629771792,
    0.783309817429,0.891989892651,1.),.UNSPECIFIED.);
#7097 = CARTESIAN_POINT('',(4.881497521901,1.147540983606E-02));
#7098 = CARTESIAN_POINT('',(4.900815260056,6.466555703845E-02));
#7099 = CARTESIAN_POINT('',(4.92014657228,0.117855699288));
#7100 = CARTESIAN_POINT('',(4.93949252232,0.171045836182));
#7101 = CARTESIAN_POINT('',(4.970591310001,0.256478954169));
#7102 = CARTESIAN_POINT('',(4.982334051402,0.288721938971));
#7103 = CARTESIAN_POINT('',(4.994082955462,0.320964921505));
#7104 = CARTESIAN_POINT('',(5.015549353061,0.379843412369));
#7105 = CARTESIAN_POINT('',(5.025264781573,0.40647892146));
#7106 = CARTESIAN_POINT('',(5.03498484011,0.433114428841));
#7107 = CARTESIAN_POINT('',(5.054434651669,0.486385445403));
#7108 = CARTESIAN_POINT('',(5.064164404893,0.513020954584));
#7109 = CARTESIAN_POINT('',(5.073899220757,0.539656461886));
#7110 = CARTESIAN_POINT('',(5.093379468783,0.592927478471));
#7111 = CARTESIAN_POINT('',(5.103124901191,0.619562987754));
#7112 = CARTESIAN_POINT('',(5.112875885264,0.646198494966));
#7113 = CARTESIAN_POINT('',(5.132389514013,0.699469511579));
#7114 = CARTESIAN_POINT('',(5.142152158985,0.726105020979));
#7115 = CARTESIAN_POINT('',(5.151920910704,0.75274052809));
#7116 = CARTESIAN_POINT('',(5.171471262901,0.806011544735));
#7117 = CARTESIAN_POINT('',(5.181252863742,0.832647054269));
#7118 = CARTESIAN_POINT('',(5.191041204185,0.859282561263));
#7119 = CARTESIAN_POINT('',(5.210571704077,0.912389372978));
#7120 = CARTESIAN_POINT('',(5.22031377667,0.93886067773));
#7121 = CARTESIAN_POINT('',(5.230063219889,0.965331979689));
#7122 = CARTESIAN_POINT('',(5.239820442929,0.991803278688));
#7123 = ( GEOMETRIC_REPRESENTATION_CONTEXT(2) 
PARAMETRIC_REPRESENTATION_CONTEXT() REPRESENTATION_CONTEXT('2D SPACE',''
  ) );
#7124 = ADVANCED_FACE('',(#7125),#2886,.F.);
#7125 = FACE_BOUND('',#7126,.F.);
#7126 = EDGE_LOOP('',(#7127,#7157,#7178,#7179));
#7127 = ORIENTED_EDGE('',*,*,#7128,.T.);
#7128 = EDGE_CURVE('',#4260,#7129,#7131,.T.);
#7129 = VERTEX_POINT('',#7130);
#7130 = CARTESIAN_POINT('',(301.87887698957,104.6788864161,
    19.205087224025));
#7131 = SURFACE_CURVE('',#7132,(#7137,#7150),.PCURVE_S1.);
#7132 = ELLIPSE('',#7133,3.328185394103,1.8625);
#7133 = AXIS2_PLACEMENT_3D('',#7134,#7135,#7136);
#7134 = CARTESIAN_POINT('',(299.73956975136,107.2284135029,
    19.213130459927));
#7135 = DIRECTION('',(-0.766044443119,-0.642787609687,
    -4.336808689942E-19));
#7136 = DIRECTION('',(-0.642783630574,0.766039700997,3.518630731649E-03)
  );
#7137 = PCURVE('',#2886,#7138);
#7138 = DEFINITIONAL_REPRESENTATION('',(#7139),#7149);
#7139 = B_SPLINE_CURVE_WITH_KNOTS('',8,(#7140,#7141,#7142,#7143,#7144,
    #7145,#7146,#7147,#7148),.UNSPECIFIED.,.F.,.F.,(9,9),(1.793862399354
    ,3.143561739161),.PIECEWISE_BEZIER_KNOTS.);
#7140 = CARTESIAN_POINT('',(1.34969933981,3.289403552547));
#7141 = CARTESIAN_POINT('',(1.180986922338,2.835583094329));
#7142 = CARTESIAN_POINT('',(1.012274504866,2.401611854353));
#7143 = CARTESIAN_POINT('',(0.843562087392,2.007173708825));
#7144 = CARTESIAN_POINT('',(0.674849669916,1.670747539764));
#7145 = CARTESIAN_POINT('',(0.506137252441,1.407813239325));
#7146 = CARTESIAN_POINT('',(0.337424834951,1.229238985176));
#7147 = CARTESIAN_POINT('',(0.168712417476,1.14042916263));
#7148 = CARTESIAN_POINT('',(9.769962616701E-15,1.141345476143));
#7149 = ( GEOMETRIC_REPRESENTATION_CONTEXT(2) 
PARAMETRIC_REPRESENTATION_CONTEXT() REPRESENTATION_CONTEXT('2D SPACE',''
  ) );
#7150 = PCURVE('',#1100,#7151);
#7151 = DEFINITIONAL_REPRESENTATION('',(#7152),#7156);
#7152 = ELLIPSE('',#7153,3.328185394103,1.8625);
#7153 = AXIS2_PLACEMENT_2D('',#7154,#7155);
#7154 = CARTESIAN_POINT('',(3.365879781602,-2.883693667848));
#7155 = DIRECTION('',(0.9999938096,-3.518630731649E-03));
#7156 = ( GEOMETRIC_REPRESENTATION_CONTEXT(2) 
PARAMETRIC_REPRESENTATION_CONTEXT() REPRESENTATION_CONTEXT('2D SPACE',''
  ) );
#7157 = ORIENTED_EDGE('',*,*,#7158,.T.);
#7158 = EDGE_CURVE('',#7129,#2846,#7159,.T.);
#7159 = SURFACE_CURVE('',#7160,(#7164,#7171),.PCURVE_S1.);
#7160 = LINE('',#7161,#7162);
#7161 = CARTESIAN_POINT('',(301.87887698957,104.6788864161,
    19.205087224025));
#7162 = VECTOR('',#7163,1.);
#7163 = DIRECTION('',(0.104019604147,-0.994570972053,-2.916076511733E-03
    ));
#7164 = PCURVE('',#2886,#7165);
#7165 = DEFINITIONAL_REPRESENTATION('',(#7166),#7170);
#7166 = LINE('',#7167,#7168);
#7167 = CARTESIAN_POINT('',(0.,1.141345476143));
#7168 = VECTOR('',#7169,1.);
#7169 = DIRECTION('',(-0.,-1.));
#7170 = ( GEOMETRIC_REPRESENTATION_CONTEXT(2) 
PARAMETRIC_REPRESENTATION_CONTEXT() REPRESENTATION_CONTEXT('2D SPACE',''
  ) );
#7171 = PCURVE('',#1028,#7172);
#7172 = DEFINITIONAL_REPRESENTATION('',(#7173),#7177);
#7173 = LINE('',#7174,#7175);
#7174 = CARTESIAN_POINT('',(6.28318530718,1.141345476143));
#7175 = VECTOR('',#7176,1.);
#7176 = DIRECTION('',(-0.,-1.));
#7177 = ( GEOMETRIC_REPRESENTATION_CONTEXT(2) 
PARAMETRIC_REPRESENTATION_CONTEXT() REPRESENTATION_CONTEXT('2D SPACE',''
  ) );
#7178 = ORIENTED_EDGE('',*,*,#2869,.T.);
#7179 = ORIENTED_EDGE('',*,*,#4279,.T.);
#7180 = ADVANCED_FACE('',(#7181),#2465,.F.);
#7181 = FACE_BOUND('',#7182,.F.);
#7182 = EDGE_LOOP('',(#7183,#7184,#7185,#7186,#7187,#7188));
#7183 = ORIENTED_EDGE('',*,*,#2446,.F.);
#7184 = ORIENTED_EDGE('',*,*,#2480,.F.);
#7185 = ORIENTED_EDGE('',*,*,#2571,.F.);
#7186 = ORIENTED_EDGE('',*,*,#2729,.F.);
#7187 = ORIENTED_EDGE('',*,*,#2656,.F.);
#7188 = ORIENTED_EDGE('',*,*,#2597,.F.);
#7189 = ADVANCED_FACE('',(#7190),#1746,.T.);
#7190 = FACE_BOUND('',#7191,.T.);
#7191 = EDGE_LOOP('',(#7192,#7221,#7311));
#7192 = ORIENTED_EDGE('',*,*,#7193,.T.);
#7193 = EDGE_CURVE('',#1699,#7194,#7196,.T.);
#7194 = VERTEX_POINT('',#7195);
#7195 = CARTESIAN_POINT('',(303.85988859914,70.432405983217,
    17.631379886017));
#7196 = SURFACE_CURVE('',#7197,(#7203,#7212),.PCURVE_S1.);
#7197 = B_SPLINE_CURVE_WITH_KNOTS('',4,(#7198,#7199,#7200,#7201,#7202),
  .UNSPECIFIED.,.F.,.F.,(5,5),(0.,1.),.PIECEWISE_BEZIER_KNOTS.);
#7198 = CARTESIAN_POINT('',(303.5493565514,70.4,17.606905064803));
#7199 = CARTESIAN_POINT('',(303.62734473559,70.408162922786,
    17.604742569318));
#7200 = CARTESIAN_POINT('',(303.70548644624,70.416325683165,
    17.6081119199));
#7201 = CARTESIAN_POINT('',(303.78319847822,70.424427238929,
    17.617028905546));
#7202 = CARTESIAN_POINT('',(303.85990826071,70.432408028783,
    17.631383565138));
#7203 = PCURVE('',#1746,#7204);
#7204 = DEFINITIONAL_REPRESENTATION('',(#7205),#7211);
#7205 = B_SPLINE_CURVE_WITH_KNOTS('',4,(#7206,#7207,#7208,#7209,#7210),
  .UNSPECIFIED.,.F.,.F.,(5,5),(0.,1.),.PIECEWISE_BEZIER_KNOTS.);
#7206 = CARTESIAN_POINT('',(3.1696192257,0.));
#7207 = CARTESIAN_POINT('',(3.116996809761,6.825186275855E-05));
#7208 = CARTESIAN_POINT('',(3.064373518766,1.365023675999E-04));
#7209 = CARTESIAN_POINT('',(3.011752437969,2.042411281665E-04));
#7210 = CARTESIAN_POINT('',(2.959136428321,2.709701403249E-04));
#7211 = ( GEOMETRIC_REPRESENTATION_CONTEXT(2) 
PARAMETRIC_REPRESENTATION_CONTEXT() REPRESENTATION_CONTEXT('2D SPACE',''
  ) );
#7212 = PCURVE('',#1714,#7213);
#7213 = DEFINITIONAL_REPRESENTATION('',(#7214),#7220);
#7214 = B_SPLINE_CURVE_WITH_KNOTS('',4,(#7215,#7216,#7217,#7218,#7219),
  .UNSPECIFIED.,.F.,.F.,(5,5),(0.,1.),.PIECEWISE_BEZIER_KNOTS.);
#7215 = CARTESIAN_POINT('',(-4.177381049942E-02,1.4982510635));
#7216 = CARTESIAN_POINT('',(3.664041105581E-02,1.500413568179));
#7217 = CARTESIAN_POINT('',(0.115207309323,1.497044203272));
#7218 = CARTESIAN_POINT('',(0.193340493332,1.488127179713));
#7219 = CARTESIAN_POINT('',(0.270464302782,1.473772459088));
#7220 = ( GEOMETRIC_REPRESENTATION_CONTEXT(2) 
PARAMETRIC_REPRESENTATION_CONTEXT() REPRESENTATION_CONTEXT('2D SPACE',''
  ) );
#7221 = ORIENTED_EDGE('',*,*,#7222,.T.);
#7222 = EDGE_CURVE('',#7194,#1726,#7223,.T.);
#7223 = SURFACE_CURVE('',#7224,(#7251,#7281),.PCURVE_S1.);
#7224 = B_SPLINE_CURVE_WITH_KNOTS('',4,(#7225,#7226,#7227,#7228,#7229,
    #7230,#7231,#7232,#7233,#7234,#7235,#7236,#7237,#7238,#7239,#7240,
    #7241,#7242,#7243,#7244,#7245,#7246,#7247,#7248,#7249,#7250),
  .UNSPECIFIED.,.F.,.F.,(5,3,3,3,3,3,3,3,5),(0.,9.320225421266E-02,
    0.186802332858,0.280402386281,0.374002416625,0.467602425792,
    0.626402397591,0.813602301883,1.),.UNSPECIFIED.);
#7225 = CARTESIAN_POINT('',(291.22042937005,190.,18.314093197031));
#7226 = CARTESIAN_POINT('',(291.51504170673,187.21325619766,
    18.298116020944));
#7227 = CARTESIAN_POINT('',(291.80965190473,184.4265120954,
    18.282144215006));
#7228 = CARTESIAN_POINT('',(292.10426006112,181.6397677076,
    18.266177535338));
#7229 = CARTESIAN_POINT('',(292.69472995945,176.05438344731,
    18.23418586539));
#7230 = CARTESIAN_POINT('',(292.99059168474,173.25574357251,
    18.218160916918));
#7231 = CARTESIAN_POINT('',(293.28645152479,170.45710343527,
    18.202140701749));
#7232 = CARTESIAN_POINT('',(293.87816750944,164.85982341261,
    18.170109353499));
#7233 = CARTESIAN_POINT('',(294.17402365411,162.0611835272,
    18.154098220248));
#7234 = CARTESIAN_POINT('',(294.46987806839,159.26254340195,
    18.138091431253));
#7235 = CARTESIAN_POINT('',(295.06158350128,153.66526338187,
    18.106086198884));
#7236 = CARTESIAN_POINT('',(295.35743451994,150.86662348704,
    18.090087755368));
#7237 = CARTESIAN_POINT('',(295.65328394634,148.06798337241,
    18.074093309094));
#7238 = CARTESIAN_POINT('',(296.24497967126,142.47070335454,
    18.042112104224));
#7239 = CARTESIAN_POINT('',(296.54082596982,139.67206345132,
    18.02612534551));
#7240 = CARTESIAN_POINT('',(296.83667079976,136.87342334611,
    18.010142273465));
#7241 = CARTESIAN_POINT('',(297.6344364563,129.32666384742,
    17.967052195082));
#7242 = CARTESIAN_POINT('',(298.13635462876,124.57854408953,
    17.939951851236));
#7243 = CARTESIAN_POINT('',(298.63826900427,119.83042381195,
    17.912861038169));
#7244 = CARTESIAN_POINT('',(299.7318528028,109.48502401264,
    17.853853992754));
#7245 = CARTESIAN_POINT('',(300.32352083532,103.88774430106,
    17.82194125059));
#7246 = CARTESIAN_POINT('',(300.91518427785,98.290463964861,
    17.790040028889));
#7247 = CARTESIAN_POINT('',(302.09596715949,87.119888109727,
    17.726395758244));
#7248 = CARTESIAN_POINT('',(302.68508663596,81.546592595879,
    17.694652615514));
#7249 = CARTESIAN_POINT('',(303.27420216478,75.973296547693,
    17.662919380306));
#7250 = CARTESIAN_POINT('',(303.86331399525,70.4,17.631195426684));
#7251 = PCURVE('',#1746,#7252);
#7252 = DEFINITIONAL_REPRESENTATION('',(#7253),#7280);
#7253 = B_SPLINE_CURVE_WITH_KNOTS('',4,(#7254,#7255,#7256,#7257,#7258,
    #7259,#7260,#7261,#7262,#7263,#7264,#7265,#7266,#7267,#7268,#7269,
    #7270,#7271,#7272,#7273,#7274,#7275,#7276,#7277,#7278,#7279),
  .UNSPECIFIED.,.F.,.F.,(5,3,3,3,3,3,3,3,5),(0.,9.320225421266E-02,
    0.186802332858,0.280402386281,0.374002416625,0.467602425792,
    0.626402397591,0.813602301883,1.),.UNSPECIFIED.);
#7254 = CARTESIAN_POINT('',(3.021543070101,1.));
#7255 = CARTESIAN_POINT('',(3.019633156269,0.976699466536));
#7256 = CARTESIAN_POINT('',(3.01776055301,0.953398930564));
#7257 = CARTESIAN_POINT('',(3.015923602779,0.930098392204));
#7258 = CARTESIAN_POINT('',(3.012310368639,0.883397854911));
#7259 = CARTESIAN_POINT('',(3.010534375858,0.859997855957));
#7260 = CARTESIAN_POINT('',(3.008791363174,0.83659785481));
#7261 = CARTESIAN_POINT('',(3.005368640071,0.78979785462));
#7262 = CARTESIAN_POINT('',(3.003688928548,0.766397855579));
#7263 = CARTESIAN_POINT('',(3.00203953734,0.742997854531));
#7264 = CARTESIAN_POINT('',(2.998799018491,0.696197854363));
#7265 = CARTESIAN_POINT('',(2.997207889921,0.672797855243));
#7266 = CARTESIAN_POINT('',(2.995644703039,0.649397854284));
#7267 = CARTESIAN_POINT('',(2.992572079989,0.602597854135));
#7268 = CARTESIAN_POINT('',(2.991062643034,0.579197854944));
#7269 = CARTESIAN_POINT('',(2.989579013778,0.555797854064));
#7270 = CARTESIAN_POINT('',(2.985645292777,0.492697858256));
#7271 = CARTESIAN_POINT('',(2.983241870312,0.45299786028));
#7272 = CARTESIAN_POINT('',(2.98090528844,0.41329785796));
#7273 = CARTESIAN_POINT('',(2.975951316648,0.326797859637));
#7274 = CARTESIAN_POINT('',(2.973358427134,0.279997862049));
#7275 = CARTESIAN_POINT('',(2.970846508124,0.233197859238));
#7276 = CARTESIAN_POINT('',(2.96598445179,0.139798395566));
#7277 = CARTESIAN_POINT('',(2.96363365534,9.319893474815E-02));
#7278 = CARTESIAN_POINT('',(2.961352633358,4.659946946232E-02));
#7279 = CARTESIAN_POINT('',(2.959137030898,0.));
#7280 = ( GEOMETRIC_REPRESENTATION_CONTEXT(2) 
PARAMETRIC_REPRESENTATION_CONTEXT() REPRESENTATION_CONTEXT('2D SPACE',''
  ) );
#7281 = PCURVE('',#1796,#7282);
#7282 = DEFINITIONAL_REPRESENTATION('',(#7283),#7310);
#7283 = B_SPLINE_CURVE_WITH_KNOTS('',4,(#7284,#7285,#7286,#7287,#7288,
    #7289,#7290,#7291,#7292,#7293,#7294,#7295,#7296,#7297,#7298,#7299,
    #7300,#7301,#7302,#7303,#7304,#7305,#7306,#7307,#7308,#7309),
  .UNSPECIFIED.,.F.,.F.,(5,3,3,3,3,3,3,3,5),(0.,9.320225421266E-02,
    0.186802332858,0.280402386281,0.374002416625,0.467602425792,
    0.626402397591,0.813602301883,1.),.UNSPECIFIED.);
#7284 = CARTESIAN_POINT('',(1.231388019361,0.991803278689));
#7285 = CARTESIAN_POINT('',(1.23980755649,0.968961116374));
#7286 = CARTESIAN_POINT('',(1.248221300777,0.946118951602));
#7287 = CARTESIAN_POINT('',(1.256629515303,0.923276784489));
#7288 = CARTESIAN_POINT('',(1.273471217784,0.877494946289));
#7289 = CARTESIAN_POINT('',(1.281904660641,0.854555275185));
#7290 = CARTESIAN_POINT('',(1.290332997638,0.831615601928));
#7291 = CARTESIAN_POINT('',(1.307179877079,0.78573625748));
#7292 = CARTESIAN_POINT('',(1.315598419706,0.762796586289));
#7293 = CARTESIAN_POINT('',(1.324012276146,0.739856913131));
#7294 = CARTESIAN_POINT('',(1.34083098871,0.693977568704));
#7295 = CARTESIAN_POINT('',(1.349235844988,0.671037897435));
#7296 = CARTESIAN_POINT('',(1.357636389407,0.648098224364));
#7297 = CARTESIAN_POINT('',(1.374429187485,0.602218879955));
#7298 = CARTESIAN_POINT('',(1.382821441273,0.579279208617));
#7299 = CARTESIAN_POINT('',(1.39120971822,0.556339535624));
#7300 = CARTESIAN_POINT('',(1.413819065608,0.494480851208));
#7301 = CARTESIAN_POINT('',(1.428032949168,0.455561836799));
#7302 = CARTESIAN_POINT('',(1.442236551808,0.416642818131));
#7303 = CARTESIAN_POINT('',(1.473162878973,0.33184445912));
#7304 = CARTESIAN_POINT('',(1.489881838613,0.285965117222));
#7305 = CARTESIAN_POINT('',(1.506588371058,0.240085770204));
#7306 = CARTESIAN_POINT('',(1.539906687312,0.148523673031));
#7307 = CARTESIAN_POINT('',(1.556518572286,0.102840922917));
#7308 = CARTESIAN_POINT('',(1.573119769965,5.715816842371E-02));
#7309 = CARTESIAN_POINT('',(1.589710955551,1.147540983607E-02));
#7310 = ( GEOMETRIC_REPRESENTATION_CONTEXT(2) 
PARAMETRIC_REPRESENTATION_CONTEXT() REPRESENTATION_CONTEXT('2D SPACE',''
  ) );
#7311 = ORIENTED_EDGE('',*,*,#1725,.T.);
#7312 = ADVANCED_FACE('',(#7313),#1796,.F.);
#7313 = FACE_BOUND('',#7314,.F.);
#7314 = EDGE_LOOP('',(#7315,#7407,#7425,#7426));
#7315 = ORIENTED_EDGE('',*,*,#7316,.F.);
#7316 = EDGE_CURVE('',#7317,#1783,#7319,.T.);
#7317 = VERTEX_POINT('',#7318);
#7318 = CARTESIAN_POINT('',(304.05404412035,70.454137488912,
    17.145266343394));
#7319 = SURFACE_CURVE('',#7320,(#7347,#7377),.PCURVE_S1.);
#7320 = B_SPLINE_CURVE_WITH_KNOTS('',4,(#7321,#7322,#7323,#7324,#7325,
    #7326,#7327,#7328,#7329,#7330,#7331,#7332,#7333,#7334,#7335,#7336,
    #7337,#7338,#7339,#7340,#7341,#7342,#7343,#7344,#7345,#7346),
  .UNSPECIFIED.,.F.,.F.,(5,3,3,3,3,3,3,3,5),(0.,9.477218639567E-02,
    0.188912228919,0.283442711302,0.37756854976,0.472113232597,
    0.62369139536,0.811943066302,1.),.UNSPECIFIED.);
#7321 = CARTESIAN_POINT('',(291.32443575784,191.,17.800737419538));
#7322 = CARTESIAN_POINT('',(291.62617514274,188.14261566569,
    17.785199277427));
#7323 = CARTESIAN_POINT('',(291.9279144961,185.28523131943,
    17.769661216481));
#7324 = CARTESIAN_POINT('',(292.2296538189,182.42784696176,
    17.754123234049));
#7325 = CARTESIAN_POINT('',(292.83111976158,176.73213738204,
    17.723151061382));
#7326 = CARTESIAN_POINT('',(293.13084638185,173.89381216012,
    17.707716870134));
#7327 = CARTESIAN_POINT('',(293.43057297381,171.05548692795,
    17.692282751574));
#7328 = CARTESIAN_POINT('',(294.03126919972,165.36706466988,
    17.661350643713));
#7329 = CARTESIAN_POINT('',(294.33223883345,162.5169676439,
    17.645852654996));
#7330 = CARTESIAN_POINT('',(294.63320844033,159.66687060846,
    17.630354735142));
#7331 = CARTESIAN_POINT('',(295.23385928197,153.97887654656,
    17.599425368649));
#7332 = CARTESIAN_POINT('',(295.53354051695,151.14097952018,
    17.58399392144));
#7333 = CARTESIAN_POINT('',(295.83322172687,148.30308248519,
    17.568562538461));
#7334 = CARTESIAN_POINT('',(296.43391762962,142.61466022729,
    17.537631230426));
#7335 = CARTESIAN_POINT('',(296.73493232223,139.7641350043,
    17.522131305926));
#7336 = CARTESIAN_POINT('',(297.035946991,136.91360977332,
    17.506631442465));
#7337 = CARTESIAN_POINT('',(297.8195614569,129.49299803567,
    17.46628167564));
#7338 = CARTESIAN_POINT('',(298.30216121765,124.92291151695,
    17.441431865392));
#7339 = CARTESIAN_POINT('',(298.78476092162,120.35282497982,
    17.416582200385));
#7340 = CARTESIAN_POINT('',(299.86672256896,110.1069444024,
    17.36087094113));
#7341 = CARTESIAN_POINT('',(300.46608448286,104.43115035274,
    17.330009422214));
#7342 = CARTESIAN_POINT('',(301.06544631765,98.755356278497,
    17.299148105406));
#7343 = CARTESIAN_POINT('',(302.26354982634,87.409639418613,
    17.237457779442));
#7344 = CARTESIAN_POINT('',(302.86229150041,81.739716633028,
    17.206628769875));
#7345 = CARTESIAN_POINT('',(303.4610331036,76.069793826353,
    17.17579994113));
#7346 = CARTESIAN_POINT('',(304.05977463942,70.399871,17.144971284174));
#7347 = PCURVE('',#1796,#7348);
#7348 = DEFINITIONAL_REPRESENTATION('',(#7349),#7376);
#7349 = B_SPLINE_CURVE_WITH_KNOTS('',4,(#7350,#7351,#7352,#7353,#7354,
    #7355,#7356,#7357,#7358,#7359,#7360,#7361,#7362,#7363,#7364,#7365,
    #7366,#7367,#7368,#7369,#7370,#7371,#7372,#7373,#7374,#7375),
  .UNSPECIFIED.,.F.,.F.,(5,3,3,3,3,3,3,3,5),(0.,9.477218639567E-02,
    0.188912228919,0.283442711302,0.37756854976,0.472113232597,
    0.62369139536,0.811943066302,1.),.UNSPECIFIED.);
#7350 = CARTESIAN_POINT('',(1.788222318558,1.));
#7351 = CARTESIAN_POINT('',(1.795944958715,0.976578816932));
#7352 = CARTESIAN_POINT('',(1.803667511297,0.953157633766));
#7353 = CARTESIAN_POINT('',(1.811389979162,0.929736450506));
#7354 = CARTESIAN_POINT('',(1.826783241302,0.88305030641));
#7355 = CARTESIAN_POINT('',(1.834454036669,0.859785345575));
#7356 = CARTESIAN_POINT('',(1.842124753608,0.836520384655));
#7357 = CARTESIAN_POINT('',(1.857497848853,0.789893972704));
#7358 = CARTESIAN_POINT('',(1.865200226529,0.766532521671));
#7359 = CARTESIAN_POINT('',(1.872902529903,0.743171070561));
#7360 = CARTESIAN_POINT('',(1.888274022553,0.696548168414));
#7361 = CARTESIAN_POINT('',(1.895943212445,0.673286717379));
#7362 = CARTESIAN_POINT('',(1.903612333034,0.650025266272));
#7363 = CARTESIAN_POINT('',(1.918984565639,0.603398854322));
#7364 = CARTESIAN_POINT('',(1.926687677055,0.580033893478));
#7365 = CARTESIAN_POINT('',(1.934390722612,0.556668932568));
#7366 = CARTESIAN_POINT('',(1.954443460522,0.495844246194));
#7367 = CARTESIAN_POINT('',(1.966793052409,0.458384520631));
#7368 = CARTESIAN_POINT('',(1.97914248759,0.420924794917));
#7369 = CARTESIAN_POINT('',(2.006828900314,0.336942167233));
#7370 = CARTESIAN_POINT('',(2.02216579658,0.290419265186));
#7371 = CARTESIAN_POINT('',(2.037502474787,0.243896362938));
#7372 = CARTESIAN_POINT('',(2.068159552809,0.150898683747));
#7373 = CARTESIAN_POINT('',(2.083479953048,0.10442390686));
#7374 = CARTESIAN_POINT('',(2.098800158236,5.794912968793E-02));
#7375 = CARTESIAN_POINT('',(2.114120178039,1.147435247836E-02));
#7376 = ( GEOMETRIC_REPRESENTATION_CONTEXT(2) 
PARAMETRIC_REPRESENTATION_CONTEXT() REPRESENTATION_CONTEXT('2D SPACE',''
  ) );
#7377 = PCURVE('',#2031,#7378);
#7378 = DEFINITIONAL_REPRESENTATION('',(#7379),#7406);
#7379 = B_SPLINE_CURVE_WITH_KNOTS('',4,(#7380,#7381,#7382,#7383,#7384,
    #7385,#7386,#7387,#7388,#7389,#7390,#7391,#7392,#7393,#7394,#7395,
    #7396,#7397,#7398,#7399,#7400,#7401,#7402,#7403,#7404,#7405),
  .UNSPECIFIED.,.F.,.F.,(5,3,3,3,3,3,3,3,5),(0.,9.477218639567E-02,
    0.188912228919,0.283442711302,0.37756854976,0.472113232597,
    0.62369139536,0.811943066302,1.),.UNSPECIFIED.);
#7380 = CARTESIAN_POINT('',(76.193151480683,0.888372093023));
#7381 = CARTESIAN_POINT('',(76.194402199165,0.875081933329));
#7382 = CARTESIAN_POINT('',(76.195634744441,0.861791773579));
#7383 = CARTESIAN_POINT('',(76.196849710072,0.848501613776));
#7384 = CARTESIAN_POINT('',(76.199237580657,0.822009941312));
#7385 = CARTESIAN_POINT('',(76.200410712349,0.808808428652));
#7386 = CARTESIAN_POINT('',(76.201567569342,0.795606915944));
#7387 = CARTESIAN_POINT('',(76.20385444798,0.769149137999));
#7388 = CARTESIAN_POINT('',(76.204984338642,0.755892872762));
#7389 = CARTESIAN_POINT('',(76.206098811312,0.742636607481));
#7390 = CARTESIAN_POINT('',(76.208293129272,0.716180821147));
#7391 = CARTESIAN_POINT('',(76.209373102552,0.702981300094));
#7392 = CARTESIAN_POINT('',(76.210438695156,0.689781779001));
#7393 = CARTESIAN_POINT('',(76.212546632198,0.663324001057));
#7394 = CARTESIAN_POINT('',(76.213588852254,0.650065744206));
#7395 = CARTESIAN_POINT('',(76.214617406485,0.636807487318));
#7396 = CARTESIAN_POINT('',(76.217260424063,0.602293014119));
#7397 = CARTESIAN_POINT('',(76.218854040435,0.581036797753));
#7398 = CARTESIAN_POINT('',(76.220415140661,0.559780581301));
#7399 = CARTESIAN_POINT('',(76.223845322283,0.512125322802));
#7400 = CARTESIAN_POINT('',(76.225697538647,0.48572628071));
#7401 = CARTESIAN_POINT('',(76.227504508992,0.459327238505));
#7402 = CARTESIAN_POINT('',(76.231030813755,0.406556462412));
#7403 = CARTESIAN_POINT('',(76.232750240026,0.380184728526));
#7404 = CARTESIAN_POINT('',(76.234429186874,0.353812994541));
#7405 = CARTESIAN_POINT('',(76.236069676706,0.327441260465));
#7406 = ( GEOMETRIC_REPRESENTATION_CONTEXT(2) 
PARAMETRIC_REPRESENTATION_CONTEXT() REPRESENTATION_CONTEXT('2D SPACE',''
  ) );
#7407 = ORIENTED_EDGE('',*,*,#7408,.T.);
#7408 = EDGE_CURVE('',#7317,#7194,#7409,.T.);
#7409 = SURFACE_CURVE('',#7410,(#7413,#7419),.PCURVE_S1.);
#7410 = B_SPLINE_CURVE_WITH_KNOTS('',1,(#7411,#7412),.UNSPECIFIED.,.F.,
  .F.,(2,2),(0.,1.),.PIECEWISE_BEZIER_KNOTS.);
#7411 = CARTESIAN_POINT('',(304.05409861988,70.454143588954,
    17.145129891122));
#7412 = CARTESIAN_POINT('',(303.59111485001,70.402322582945,
    18.304317531754));
#7413 = PCURVE('',#1796,#7414);
#7414 = DEFINITIONAL_REPRESENTATION('',(#7415),#7418);
#7415 = B_SPLINE_CURVE_WITH_KNOTS('',1,(#7416,#7417),.UNSPECIFIED.,.F.,
  .F.,(2,2),(0.,1.),.PIECEWISE_BEZIER_KNOTS.);
#7416 = CARTESIAN_POINT('',(2.11412073886,1.191920974553E-02));
#7417 = CARTESIAN_POINT('',(0.863732723775,1.149444740119E-02));
#7418 = ( GEOMETRIC_REPRESENTATION_CONTEXT(2) 
PARAMETRIC_REPRESENTATION_CONTEXT() REPRESENTATION_CONTEXT('2D SPACE',''
  ) );
#7419 = PCURVE('',#1714,#7420);
#7420 = DEFINITIONAL_REPRESENTATION('',(#7421),#7424);
#7421 = B_SPLINE_CURVE_WITH_KNOTS('',1,(#7422,#7423),.UNSPECIFIED.,.F.,
  .F.,(2,2),(0.,1.),.PIECEWISE_BEZIER_KNOTS.);
#7422 = CARTESIAN_POINT('',(0.465862152219,1.960028200547));
#7423 = CARTESIAN_POINT('',(-4.470894054975E-07,0.800835631306));
#7424 = ( GEOMETRIC_REPRESENTATION_CONTEXT(2) 
PARAMETRIC_REPRESENTATION_CONTEXT() REPRESENTATION_CONTEXT('2D SPACE',''
  ) );
#7425 = ORIENTED_EDGE('',*,*,#7222,.T.);
#7426 = ORIENTED_EDGE('',*,*,#1782,.F.);
#7427 = ADVANCED_FACE('',(#7428),#1714,.F.);
#7428 = FACE_BOUND('',#7429,.F.);
#7429 = EDGE_LOOP('',(#7430,#7431,#7432,#7433,#7471));
#7430 = ORIENTED_EDGE('',*,*,#1698,.F.);
#7431 = ORIENTED_EDGE('',*,*,#7193,.T.);
#7432 = ORIENTED_EDGE('',*,*,#7408,.F.);
#7433 = ORIENTED_EDGE('',*,*,#7434,.F.);
#7434 = EDGE_CURVE('',#7435,#7317,#7437,.T.);
#7435 = VERTEX_POINT('',#7436);
#7436 = CARTESIAN_POINT('',(304.34675848724,70.484745025299,
    17.147552070732));
#7437 = SURFACE_CURVE('',#7438,(#7447,#7459),.PCURVE_S1.);
#7438 = B_SPLINE_CURVE_WITH_KNOTS('',7,(#7439,#7440,#7441,#7442,#7443,
    #7444,#7445,#7446),.UNSPECIFIED.,.F.,.F.,(8,8),(0.,1.),
  .PIECEWISE_BEZIER_KNOTS.);
#7439 = CARTESIAN_POINT('',(305.67937549231,70.62408944766,
    17.157968720744));
#7440 = CARTESIAN_POINT('',(305.64406873232,70.620397615607,
    17.157692251834));
#7441 = CARTESIAN_POINT('',(305.47178357199,70.602382709717,
    17.156343962589));
#7442 = CARTESIAN_POINT('',(305.18162150837,70.572042080719,
    17.154068946434));
#7443 = CARTESIAN_POINT('',(304.80556307621,70.532719711614,
    17.151132677582));
#7444 = CARTESIAN_POINT('',(304.40441762588,70.490774121906,
    17.148003466217));
#7445 = CARTESIAN_POINT('',(304.08472204628,70.457345311248,
    17.145505957343));
#7446 = CARTESIAN_POINT('',(304.0160213108,70.450161652351,
    17.144969380995));
#7447 = PCURVE('',#1714,#7448);
#7448 = DEFINITIONAL_REPRESENTATION('',(#7449),#7458);
#7449 = B_SPLINE_CURVE_WITH_KNOTS('',7,(#7450,#7451,#7452,#7453,#7454,
    #7455,#7456,#7457),.UNSPECIFIED.,.F.,.F.,(8,8),(0.,1.),
  .PIECEWISE_BEZIER_KNOTS.);
#7450 = CARTESIAN_POINT('',(2.1,1.947189316337));
#7451 = CARTESIAN_POINT('',(2.064500747552,1.947465786422));
#7452 = CARTESIAN_POINT('',(1.891276288287,1.9488140814));
#7453 = CARTESIAN_POINT('',(1.599532261976,1.951089107228));
#7454 = CARTESIAN_POINT('',(1.221423556657,1.954025388565));
#7455 = CARTESIAN_POINT('',(0.818091057679,1.957154613234));
#7456 = CARTESIAN_POINT('',(0.496652495982,1.959652132727));
#7457 = CARTESIAN_POINT('',(0.427577203663,1.960188711356));
#7458 = ( GEOMETRIC_REPRESENTATION_CONTEXT(2) 
PARAMETRIC_REPRESENTATION_CONTEXT() REPRESENTATION_CONTEXT('2D SPACE',''
  ) );
#7459 = PCURVE('',#2031,#7460);
#7460 = DEFINITIONAL_REPRESENTATION('',(#7461),#7470);
#7461 = B_SPLINE_CURVE_WITH_KNOTS('',7,(#7462,#7463,#7464,#7465,#7466,
    #7467,#7468,#7469),.UNSPECIFIED.,.F.,.F.,(8,8),(0.,1.),
  .PIECEWISE_BEZIER_KNOTS.);
#7462 = CARTESIAN_POINT('',(78.058968894414,0.328484136966));
#7463 = CARTESIAN_POINT('',(78.019359644225,0.328466965654));
#7464 = CARTESIAN_POINT('',(77.826079246627,0.328383175394));
#7465 = CARTESIAN_POINT('',(77.500571767544,0.328242056189));
#7466 = CARTESIAN_POINT('',(77.078737511483,0.328059161449));
#7467 = CARTESIAN_POINT('',(76.628912797713,0.327864065683));
#7468 = CARTESIAN_POINT('',(76.270451529158,0.327708582843));
#7469 = CARTESIAN_POINT('',(76.193420398223,0.327675170476));
#7470 = ( GEOMETRIC_REPRESENTATION_CONTEXT(2) 
PARAMETRIC_REPRESENTATION_CONTEXT() REPRESENTATION_CONTEXT('2D SPACE',''
  ) );
#7471 = ORIENTED_EDGE('',*,*,#7472,.T.);
#7472 = EDGE_CURVE('',#7435,#1665,#7473,.T.);
#7473 = SURFACE_CURVE('',#7474,(#7479,#7486),.PCURVE_S1.);
#7474 = CIRCLE('',#7475,2.1);
#7475 = AXIS2_PLACEMENT_3D('',#7476,#7477,#7478);
#7476 = CARTESIAN_POINT('',(303.59135821248,70.4,19.105149758099));
#7477 = DIRECTION('',(-0.104019604147,0.994570972053,2.916076511733E-03)
  );
#7478 = DIRECTION('',(0.994575200748,0.104020046415,0.));
#7479 = PCURVE('',#1714,#7480);
#7480 = DEFINITIONAL_REPRESENTATION('',(#7481),#7485);
#7481 = CIRCLE('',#7482,2.1);
#7482 = AXIS2_PLACEMENT_2D('',#7483,#7484);
#7483 = CARTESIAN_POINT('',(0.,0.));
#7484 = DIRECTION('',(1.,0.));
#7485 = ( GEOMETRIC_REPRESENTATION_CONTEXT(2) 
PARAMETRIC_REPRESENTATION_CONTEXT() REPRESENTATION_CONTEXT('2D SPACE',''
  ) );
#7486 = PCURVE('',#830,#7487);
#7487 = DEFINITIONAL_REPRESENTATION('',(#7488),#7492);
#7488 = LINE('',#7489,#7490);
#7489 = CARTESIAN_POINT('',(0.,0.));
#7490 = VECTOR('',#7491,1.);
#7491 = DIRECTION('',(1.,0.));
#7492 = ( GEOMETRIC_REPRESENTATION_CONTEXT(2) 
PARAMETRIC_REPRESENTATION_CONTEXT() REPRESENTATION_CONTEXT('2D SPACE',''
  ) );
#7493 = ADVANCED_FACE('',(#7494),#2031,.F.);
#7494 = FACE_BOUND('',#7495,.F.);
#7495 = EDGE_LOOP('',(#7496,#7497,#7518,#7830,#7831,#7863,#7908,#7909));
#7496 = ORIENTED_EDGE('',*,*,#1807,.F.);
#7497 = ORIENTED_EDGE('',*,*,#7498,.T.);
#7498 = EDGE_CURVE('',#1808,#7499,#7501,.T.);
#7499 = VERTEX_POINT('',#7500);
#7500 = CARTESIAN_POINT('',(306.70477940852,209.52759460846,
    18.080660401376));
#7501 = SURFACE_CURVE('',#7502,(#7505,#7512),.PCURVE_S1.);
#7502 = B_SPLINE_CURVE_WITH_KNOTS('',1,(#7503,#7504),.UNSPECIFIED.,.F.,
  .F.,(2,2),(0.,1.),.PIECEWISE_BEZIER_KNOTS.);
#7503 = CARTESIAN_POINT('',(335.92337792839,0.,17.060324457591));
#7504 = CARTESIAN_POINT('',(305.94165311782,215.,18.107309358666));
#7505 = PCURVE('',#2031,#7506);
#7506 = DEFINITIONAL_REPRESENTATION('',(#7507),#7511);
#7507 = LINE('',#7508,#7509);
#7508 = CARTESIAN_POINT('',(100.68715174192,0.));
#7509 = VECTOR('',#7510,1.);
#7510 = DIRECTION('',(0.,1.));
#7511 = ( GEOMETRIC_REPRESENTATION_CONTEXT(2) 
PARAMETRIC_REPRESENTATION_CONTEXT() REPRESENTATION_CONTEXT('2D SPACE',''
  ) );
#7512 = PCURVE('',#319,#7513);
#7513 = DEFINITIONAL_REPRESENTATION('',(#7514),#7517);
#7514 = B_SPLINE_CURVE_WITH_KNOTS('',1,(#7515,#7516),.UNSPECIFIED.,.F.,
  .F.,(2,2),(0.,1.),.PIECEWISE_BEZIER_KNOTS.);
#7515 = CARTESIAN_POINT('',(-3.623767952377E-13,-217.0829334609));
#7516 = CARTESIAN_POINT('',(0.,0.));
#7517 = ( GEOMETRIC_REPRESENTATION_CONTEXT(2) 
PARAMETRIC_REPRESENTATION_CONTEXT() REPRESENTATION_CONTEXT('2D SPACE',''
  ) );
#7518 = ORIENTED_EDGE('',*,*,#7519,.T.);
#7519 = EDGE_CURVE('',#7499,#3551,#7520,.T.);
#7520 = SURFACE_CURVE('',#7521,(#7622,#7726),.PCURVE_S1.);
#7521 = B_SPLINE_CURVE_WITH_KNOTS('',8,(#7522,#7523,#7524,#7525,#7526,
    #7527,#7528,#7529,#7530,#7531,#7532,#7533,#7534,#7535,#7536,#7537,
    #7538,#7539,#7540,#7541,#7542,#7543,#7544,#7545,#7546,#7547,#7548,
    #7549,#7550,#7551,#7552,#7553,#7554,#7555,#7556,#7557,#7558,#7559,
    #7560,#7561,#7562,#7563,#7564,#7565,#7566,#7567,#7568,#7569,#7570,
    #7571,#7572,#7573,#7574,#7575,#7576,#7577,#7578,#7579,#7580,#7581,
    #7582,#7583,#7584,#7585,#7586,#7587,#7588,#7589,#7590,#7591,#7592,
    #7593,#7594,#7595,#7596,#7597,#7598,#7599,#7600,#7601,#7602,#7603,
    #7604,#7605,#7606,#7607,#7608,#7609,#7610,#7611,#7612,#7613,#7614,
    #7615,#7616,#7617,#7618,#7619,#7620,#7621),.UNSPECIFIED.,.F.,.F.,(9,
    7,7,7,7,7,7,7,7,7,7,7,7,7,9),(0.,3.183686327597E-02,
    5.572592199665E-02,9.556004333938E-02,0.139377554554,0.191211554713,
    0.215157869685,0.243095236966,0.347063693361,0.399199907347,
    0.451438512377,0.576425508735,0.706071802361,0.852701322353,1.),
  .UNSPECIFIED.);
#7522 = CARTESIAN_POINT('',(306.70477940852,209.52759460846,
    18.080660401376));
#7523 = CARTESIAN_POINT('',(306.6441972986,209.45186697106,
    18.076375090647));
#7524 = CARTESIAN_POINT('',(306.58359446997,209.37611343527,
    18.072089179682));
#7525 = CARTESIAN_POINT('',(306.52296953774,209.30033226999,
    18.067831321524));
#7526 = CARTESIAN_POINT('',(306.46232135281,209.22452203882,
    18.063626251759));
#7527 = CARTESIAN_POINT('',(306.40164900186,209.14868160014,
    18.059494788514));
#7528 = CARTESIAN_POINT('',(306.34095180738,209.07281010704,
    18.055453832465));
#7529 = CARTESIAN_POINT('',(306.28022932762,208.99690700734,
    18.051516366827));
#7530 = CARTESIAN_POINT('',(306.17389860457,208.86399360352,
    18.044821404302));
#7531 = CARTESIAN_POINT('',(306.12830759969,208.80700484743,
    18.042015667929));
#7532 = CARTESIAN_POINT('',(306.08270822492,208.75000562897,
    18.039281253736));
#7533 = CARTESIAN_POINT('',(306.03710039909,208.69299584667,
    18.036624002567));
#7534 = CARTESIAN_POINT('',(305.99148407694,208.63597544398,
    18.034048590613));
#7535 = CARTESIAN_POINT('',(305.94585924915,208.57894440925,
    18.031558529411));
#7536 = CARTESIAN_POINT('',(305.90022594235,208.52190277575,
    18.029156165846));
#7537 = CARTESIAN_POINT('',(305.77847833456,208.36971826602,
    18.022985033706));
#7538 = CARTESIAN_POINT('',(305.702332024,208.27453537781,
    18.019363705442));
#7539 = CARTESIAN_POINT('',(305.62614642073,208.17930337372,
    18.015961243915));
#7540 = CARTESIAN_POINT('',(305.54992286695,208.0840239315,
    18.012759055713));
#7541 = CARTESIAN_POINT('',(305.47366237876,207.98869832127,
    18.009739314882));
#7542 = CARTESIAN_POINT('',(305.39736549193,207.89332721273,
    18.006885509077));
#7543 = CARTESIAN_POINT('',(305.32103248837,207.79791095828,
    18.004181624458));
#7544 = CARTESIAN_POINT('',(305.16065871257,207.59744373852,
    17.998781150095));
#7545 = CARTESIAN_POINT('',(305.07661066971,207.49238368495,
    17.996112451873));
#7546 = CARTESIAN_POINT('',(304.99252064078,207.38727114878,
    17.993577589315));
#7547 = CARTESIAN_POINT('',(304.90838859439,207.28210609081,
    17.991176544715));
#7548 = CARTESIAN_POINT('',(304.82421486462,207.17688892859,
    17.988896211336));
#7549 = CARTESIAN_POINT('',(304.73999993471,207.0716202662,
    17.986718759427));
#7550 = CARTESIAN_POINT('',(304.65574395284,206.96630028886,17.984637812
    ));
#7551 = CARTESIAN_POINT('',(304.4717279728,206.73628031381,
    17.980282180388));
#7552 = CARTESIAN_POINT('',(304.37197894123,206.61159402436,
    17.978043202779));
#7553 = CARTESIAN_POINT('',(304.27220034546,206.48687077964,
    17.975904296982));
#7554 = CARTESIAN_POINT('',(304.1723920571,206.36211041918,17.9738678701
    ));
#7555 = CARTESIAN_POINT('',(304.0725551087,206.23731423369,
    17.971876480153));
#7556 = CARTESIAN_POINT('',(303.97268878686,206.11248133138,
    17.969962880032));
#7557 = CARTESIAN_POINT('',(303.87279360401,205.98761235283,
    17.96809516044));
#7558 = CARTESIAN_POINT('',(303.72670653777,205.80500352003,
    17.965425377211));
#7559 = CARTESIAN_POINT('',(303.68053153472,205.74728476621,
    17.964590525208));
#7560 = CARTESIAN_POINT('',(303.63434454144,205.68955102461,
    17.963762990504));
#7561 = CARTESIAN_POINT('',(303.58814556387,205.63180230266,
    17.962941697297));
#7562 = CARTESIAN_POINT('',(303.54193460391,205.5740386027,
    17.962125966856));
#7563 = CARTESIAN_POINT('',(303.49571165938,205.51625992204,
    17.961315517525));
#7564 = CARTESIAN_POINT('',(303.44947672406,205.45846625289,
    17.96051046472));
#7565 = CARTESIAN_POINT('',(303.3492750289,205.33321413394,
    17.958778986512));
#7566 = CARTESIAN_POINT('',(303.29530393911,205.2657502717,
    17.95785437527));
#7567 = CARTESIAN_POINT('',(303.24131651027,205.19826598565,
    17.956937515877));
#7568 = CARTESIAN_POINT('',(303.18731273435,205.13076126576,
    17.956028437033));
#7569 = CARTESIAN_POINT('',(303.13329260333,205.06323610197,
    17.95512716746));
#7570 = CARTESIAN_POINT('',(303.07925610915,204.99569048425,
    17.954233735908));
#7571 = CARTESIAN_POINT('',(303.02520324376,204.92812440252,
    17.953348171147));
#7572 = CARTESIAN_POINT('',(302.76991618764,204.60901558236,
    17.949204270475));
#7573 = CARTESIAN_POINT('',(302.56858259606,204.35734859289,
    17.94605001456));
#7574 = CARTESIAN_POINT('',(302.36713339405,204.10553709037,
    17.942996759761));
#7575 = CARTESIAN_POINT('',(302.16556879399,203.8535813403,
    17.940029468591));
#7576 = CARTESIAN_POINT('',(301.96388897632,203.60148156821,
    17.937135482822));
#7577 = CARTESIAN_POINT('',(301.76209406761,203.34923793233,
    17.934306336483));
#7578 = CARTESIAN_POINT('',(301.56018417151,203.0968505622,
    17.931534939606));
#7579 = CARTESIAN_POINT('',(301.25685176405,202.71768505288,
    17.927440743069));
#7580 = CARTESIAN_POINT('',(301.15551520134,202.59101434949,
    17.926084489584));
#7581 = CARTESIAN_POINT('',(301.05414978045,202.46430757337,
    17.924738094364));
#7582 = CARTESIAN_POINT('',(300.95275551929,202.33756474693,
    17.923399932813));
#7583 = CARTESIAN_POINT('',(300.85133243643,202.21078589335,
    17.922068252181));
#7584 = CARTESIAN_POINT('',(300.74988054991,202.0839710352,
    17.920741390133));
#7585 = CARTESIAN_POINT('',(300.64839987604,201.95712019286,
    17.919417993318));
#7586 = CARTESIAN_POINT('',(300.44518162471,201.7030973787,
    17.916773884699));
#7587 = CARTESIAN_POINT('',(300.34344393285,201.57592526387,
    17.915453416411));
#7588 = CARTESIAN_POINT('',(300.24167736455,201.44871705351,
    17.914135302892));
#7589 = CARTESIAN_POINT('',(300.13988193165,201.32147276237,
    17.912819029465));
#7590 = CARTESIAN_POINT('',(300.0380576459,201.19419240518,
    17.911504094958));
#7591 = CARTESIAN_POINT('',(299.93620451904,201.06687599661,
    17.910190011701));
#7592 = CARTESIAN_POINT('',(299.83432256277,200.93952355127,
    17.908876305529));
#7593 = CARTESIAN_POINT('',(299.48857829554,200.50734321724,
    17.90441911954));
#7594 = CARTESIAN_POINT('',(299.24457982434,200.20234512824,
    17.90127675532));
#7595 = CARTESIAN_POINT('',(299.00041651294,199.89714098899,
    17.898133600532));
#7596 = CARTESIAN_POINT('',(298.75608846109,199.59173092418,
    17.894995939814));
#7597 = CARTESIAN_POINT('',(298.51159580561,199.28611510482,
    17.891862486498));
#7598 = CARTESIAN_POINT('',(298.26693869869,198.98029372117,
    17.888728949456));
#7599 = CARTESIAN_POINT('',(298.02211727213,198.67426693797,
    17.885595507872));
#7600 = CARTESIAN_POINT('',(297.52301343243,198.05038713834,
    17.879207313394));
#7601 = CARTESIAN_POINT('',(297.26871855284,197.73251853886,
    17.875952010381));
#7602 = CARTESIAN_POINT('',(297.01424719791,197.41442934521,
    17.872690186636));
#7603 = CARTESIAN_POINT('',(296.75959953618,197.09611976803,
    17.869417954281));
#7604 = CARTESIAN_POINT('',(296.50477573828,196.77759002066,
    17.866131298327));
#7605 = CARTESIAN_POINT('',(296.249775977,196.45884031907,
    17.862826076677));
#7606 = CARTESIAN_POINT('',(295.99460042728,196.13987088191,
    17.859498020123));
#7607 = CARTESIAN_POINT('',(295.4504479658,195.45968030507,
    17.852347913214));
#7608 = CARTESIAN_POINT('',(295.16142202954,195.09839788473,
    17.848518675901));
#7609 = CARTESIAN_POINT('',(294.87217165647,194.7368349184,
    17.844659827757));
#7610 = CARTESIAN_POINT('',(294.58269706589,194.37499168018,
    17.840772888423));
#7611 = CARTESIAN_POINT('',(294.29299846825,194.01286843313,
    17.836861102208));
#7612 = CARTESIAN_POINT('',(294.00307605605,193.65046541788,
    17.832931010159));
#7613 = CARTESIAN_POINT('',(293.71293001473,193.28778286623,
    17.8289905818));
#7614 = CARTESIAN_POINT('',(293.13086596361,192.56020280232,
    17.821079220325));
#7615 = CARTESIAN_POINT('',(292.83894591233,192.19530273823,
    17.817107751467));
#7616 = CARTESIAN_POINT('',(292.54680060152,191.83012109971,
    17.813135372062));
#7617 = CARTESIAN_POINT('',(292.25443034127,191.4646582744,
    17.809147879205));
#7618 = CARTESIAN_POINT('',(291.96183519653,191.09891434348,
    17.805177530205));
#7619 = CARTESIAN_POINT('',(291.6690155735,190.73288981469,
    17.801192573825));
#7620 = CARTESIAN_POINT('',(291.37597165733,190.36658491948,
    17.797203238534));
#7621 = CARTESIAN_POINT('',(291.08270372175,190.,17.793203354372));
#7622 = PCURVE('',#2031,#7623);
#7623 = DEFINITIONAL_REPRESENTATION('',(#7624),#7725);
#7624 = B_SPLINE_CURVE_WITH_KNOTS('',8,(#7625,#7626,#7627,#7628,#7629,
    #7630,#7631,#7632,#7633,#7634,#7635,#7636,#7637,#7638,#7639,#7640,
    #7641,#7642,#7643,#7644,#7645,#7646,#7647,#7648,#7649,#7650,#7651,
    #7652,#7653,#7654,#7655,#7656,#7657,#7658,#7659,#7660,#7661,#7662,
    #7663,#7664,#7665,#7666,#7667,#7668,#7669,#7670,#7671,#7672,#7673,
    #7674,#7675,#7676,#7677,#7678,#7679,#7680,#7681,#7682,#7683,#7684,
    #7685,#7686,#7687,#7688,#7689,#7690,#7691,#7692,#7693,#7694,#7695,
    #7696,#7697,#7698,#7699,#7700,#7701,#7702,#7703,#7704,#7705,#7706,
    #7707,#7708,#7709,#7710,#7711,#7712,#7713,#7714,#7715,#7716,#7717,
    #7718,#7719,#7720,#7721,#7722,#7723,#7724),.UNSPECIFIED.,.F.,.F.,(9,
    7,7,7,7,7,7,7,7,7,7,7,7,7,9),(0.,3.183686327597E-02,
    5.572592199665E-02,9.556004333938E-02,0.139377554554,0.191211554713,
    0.215157869685,0.243095236966,0.347063693361,0.399199907347,
    0.451438512377,0.576425508735,0.706071802361,0.852701322353,1.),
  .UNSPECIFIED.);
#7625 = CARTESIAN_POINT('',(100.68715174192,0.974546951667));
#7626 = CARTESIAN_POINT('',(100.58646460862,0.974194730098));
#7627 = CARTESIAN_POINT('',(100.48577747131,0.973842388071));
#7628 = CARTESIAN_POINT('',(100.38509031893,0.973489917535));
#7629 = CARTESIAN_POINT('',(100.28440314879,0.973137311808));
#7630 = CARTESIAN_POINT('',(100.18371596655,0.972784565582));
#7631 = CARTESIAN_POINT('',(100.08302878628,0.972431674916));
#7632 = CARTESIAN_POINT('',(99.982341630389,0.972078637243));
#7633 = CARTESIAN_POINT('',(99.806103114935,0.971460435365));
#7634 = CARTESIAN_POINT('',(99.730561970748,0.971195371383));
#7635 = CARTESIAN_POINT('',(99.655031122895,0.970930258739));
#7636 = CARTESIAN_POINT('',(99.57951058844,0.970665096961));
#7637 = CARTESIAN_POINT('',(99.504000375725,0.970399885786));
#7638 = CARTESIAN_POINT('',(99.428500484369,0.970134625159));
#7639 = CARTESIAN_POINT('',(99.353010905274,0.969869315236));
#7640 = CARTESIAN_POINT('',(99.151672706756,0.969161480307));
#7641 = CARTESIAN_POINT('',(99.025813662524,0.968718769199));
#7642 = CARTESIAN_POINT('',(98.899954836479,0.968275829645));
#7643 = CARTESIAN_POINT('',(98.774095956359,0.967832669449));
#7644 = CARTESIAN_POINT('',(98.64823689046,0.967389294518));
#7645 = CARTESIAN_POINT('',(98.522377864267,0.966945707966));
#7646 = CARTESIAN_POINT('',(98.396519132325,0.966501911434));
#7647 = CARTESIAN_POINT('',(98.13221524603,0.965569505761));
#7648 = CARTESIAN_POINT('',(97.993770510331,0.965080854349));
#7649 = CARTESIAN_POINT('',(97.855325563369,0.964591958832));
#7650 = CARTESIAN_POINT('',(97.716880725309,0.964102819027));
#7651 = CARTESIAN_POINT('',(97.578435978252,0.963613436877));
#7652 = CARTESIAN_POINT('',(97.439991130656,0.963123815192));
#7653 = CARTESIAN_POINT('',(97.301546245495,0.962633954832));
#7654 = CARTESIAN_POINT('',(96.999327915974,0.961564094483));
#7655 = CARTESIAN_POINT('',(96.835599341784,0.960984158253));
#7656 = CARTESIAN_POINT('',(96.67191558535,0.960404050138));
#7657 = CARTESIAN_POINT('',(96.508276891852,0.959823769392));
#7658 = CARTESIAN_POINT('',(96.34468247864,0.959243322017));
#7659 = CARTESIAN_POINT('',(96.181133114975,0.958662703867));
#7660 = CARTESIAN_POINT('',(96.01762841426,0.95808191792));
#7661 = CARTESIAN_POINT('',(95.778653104962,0.957232574512));
#7662 = CARTESIAN_POINT('',(95.70313774104,0.956964115192));
#7663 = CARTESIAN_POINT('',(95.627622377026,0.956695586161));
#7664 = CARTESIAN_POINT('',(95.552107013244,0.956426987454));
#7665 = CARTESIAN_POINT('',(95.476591649789,0.956158319082));
#7666 = CARTESIAN_POINT('',(95.401076286531,0.955889581033));
#7667 = CARTESIAN_POINT('',(95.325560923112,0.955620773269));
#7668 = CARTESIAN_POINT('',(95.161944301346,0.955038205274));
#7669 = CARTESIAN_POINT('',(95.073843043741,0.954724419868));
#7670 = CARTESIAN_POINT('',(94.985741786136,0.954410539468));
#7671 = CARTESIAN_POINT('',(94.897640528531,0.954096564027));
#7672 = CARTESIAN_POINT('',(94.809539270926,0.953782493498));
#7673 = CARTESIAN_POINT('',(94.721438013322,0.953468327834));
#7674 = CARTESIAN_POINT('',(94.633336755717,0.953154066988));
#7675 = CARTESIAN_POINT('',(94.217368105769,0.951669839918));
#7676 = CARTESIAN_POINT('',(93.889681689794,0.950499295781));
#7677 = CARTESIAN_POINT('',(93.562176364783,0.94932807949));
#7678 = CARTESIAN_POINT('',(93.234852209532,0.94815619228));
#7679 = CARTESIAN_POINT('',(92.907709321271,0.946983635201));
#7680 = CARTESIAN_POINT('',(92.580747831037,0.945810408988));
#7681 = CARTESIAN_POINT('',(92.253967880167,0.944636514243));
#7682 = CARTESIAN_POINT('',(91.763592960601,0.942872953734));
#7683 = CARTESIAN_POINT('',(91.599862039415,0.942283787672));
#7684 = CARTESIAN_POINT('',(91.436176810447,0.94169445383));
#7685 = CARTESIAN_POINT('',(91.272537289301,0.941104952311));
#7686 = CARTESIAN_POINT('',(91.10894349127,0.940515283225));
#7687 = CARTESIAN_POINT('',(90.945395431515,0.939925446675));
#7688 = CARTESIAN_POINT('',(90.781893125236,0.939335442758));
#7689 = CARTESIAN_POINT('',(90.454659035868,0.938153941296));
#7690 = CARTESIAN_POINT('',(90.290927432842,0.937562443088));
#7691 = CARTESIAN_POINT('',(90.127241794474,0.936970776993));
#7692 = CARTESIAN_POINT('',(89.963602136406,0.936378943081));
#7693 = CARTESIAN_POINT('',(89.800008474219,0.935786941419));
#7694 = CARTESIAN_POINT('',(89.63646082343,0.935194772077));
#7695 = CARTESIAN_POINT('',(89.472959199495,0.934602435122));
#7696 = CARTESIAN_POINT('',(88.918416945768,0.932592294034));
#7697 = CARTESIAN_POINT('',(88.527593847543,0.931173698271));
#7698 = CARTESIAN_POINT('',(88.137034532809,0.929754144135));
#7699 = CARTESIAN_POINT('',(87.746739207479,0.928333632205));
#7700 = CARTESIAN_POINT('',(87.356708078388,0.926912163278));
#7701 = CARTESIAN_POINT('',(86.966941351879,0.925489738238));
#7702 = CARTESIAN_POINT('',(86.577439231507,0.924066357851));
#7703 = CARTESIAN_POINT('',(85.784454520534,0.921164591341));
#7704 = CARTESIAN_POINT('',(85.380992041255,0.919686132739));
#7705 = CARTESIAN_POINT('',(84.977814709357,0.918206648117));
#7706 = CARTESIAN_POINT('',(84.574922749956,0.916726138456));
#7707 = CARTESIAN_POINT('',(84.172316386206,0.915244604747));
#7708 = CARTESIAN_POINT('',(83.769995839307,0.913762047996));
#7709 = CARTESIAN_POINT('',(83.367961328496,0.912278469218));
#7710 = CARTESIAN_POINT('',(82.511837149473,0.909114792117));
#7711 = CARTESIAN_POINT('',(82.057827390064,0.907434408766));
#7712 = CARTESIAN_POINT('',(81.60418410776,0.905752720551));
#7713 = CARTESIAN_POINT('',(81.150907611232,0.904069728745));
#7714 = CARTESIAN_POINT('',(80.697998207675,0.902385434573));
#7715 = CARTESIAN_POINT('',(80.245456204417,0.900699839153));
#7716 = CARTESIAN_POINT('',(79.793281907328,0.899012943564));
#7717 = CARTESIAN_POINT('',(78.887607464119,0.895628850243));
#7718 = CARTESIAN_POINT('',(78.434110684899,0.893931640643));
#7719 = CARTESIAN_POINT('',(77.980985583906,0.892233121394));
#7720 = CARTESIAN_POINT('',(77.528232463733,0.8905332943));
#7721 = CARTESIAN_POINT('',(77.075851624467,0.888832159737));
#7722 = CARTESIAN_POINT('',(76.623843363601,0.887129720068));
#7723 = CARTESIAN_POINT('',(76.172207975167,0.88542597637));
#7724 = CARTESIAN_POINT('',(75.720945750641,0.883720930233));
#7725 = ( GEOMETRIC_REPRESENTATION_CONTEXT(2) 
PARAMETRIC_REPRESENTATION_CONTEXT() REPRESENTATION_CONTEXT('2D SPACE',''
  ) );
#7726 = PCURVE('',#1446,#7727);
#7727 = DEFINITIONAL_REPRESENTATION('',(#7728),#7829);
#7728 = B_SPLINE_CURVE_WITH_KNOTS('',8,(#7729,#7730,#7731,#7732,#7733,
    #7734,#7735,#7736,#7737,#7738,#7739,#7740,#7741,#7742,#7743,#7744,
    #7745,#7746,#7747,#7748,#7749,#7750,#7751,#7752,#7753,#7754,#7755,
    #7756,#7757,#7758,#7759,#7760,#7761,#7762,#7763,#7764,#7765,#7766,
    #7767,#7768,#7769,#7770,#7771,#7772,#7773,#7774,#7775,#7776,#7777,
    #7778,#7779,#7780,#7781,#7782,#7783,#7784,#7785,#7786,#7787,#7788,
    #7789,#7790,#7791,#7792,#7793,#7794,#7795,#7796,#7797,#7798,#7799,
    #7800,#7801,#7802,#7803,#7804,#7805,#7806,#7807,#7808,#7809,#7810,
    #7811,#7812,#7813,#7814,#7815,#7816,#7817,#7818,#7819,#7820,#7821,
    #7822,#7823,#7824,#7825,#7826,#7827,#7828),.UNSPECIFIED.,.F.,.F.,(9,
    7,7,7,7,7,7,7,7,7,7,7,7,7,9),(0.,3.183686327597E-02,
    5.572592199665E-02,9.556004333938E-02,0.139377554554,0.191211554713,
    0.215157869685,0.243095236966,0.347063693361,0.399199907347,
    0.451438512377,0.576425508735,0.706071802361,0.852701322353,1.),
  .UNSPECIFIED.);
#7729 = CARTESIAN_POINT('',(25.007522867245,-58.08066040137));
#7730 = CARTESIAN_POINT('',(24.910544173148,-58.07637509064));
#7731 = CARTESIAN_POINT('',(24.813532312934,-58.07208917968));
#7732 = CARTESIAN_POINT('',(24.716485069696,-58.06783132152));
#7733 = CARTESIAN_POINT('',(24.619400603974,-58.06362625175));
#7734 = CARTESIAN_POINT('',(24.522277453753,-58.05949478851));
#7735 = CARTESIAN_POINT('',(24.425114534468,-58.05545383246));
#7736 = CARTESIAN_POINT('',(24.327911138998,-58.05151636682));
#7737 = CARTESIAN_POINT('',(24.157698931507,-58.0448214043));
#7738 = CARTESIAN_POINT('',(24.084717714426,-58.04201566792));
#7739 = CARTESIAN_POINT('',(24.011723098977,-58.03928125373));
#7740 = CARTESIAN_POINT('',(23.938714955217,-58.03662400256));
#7741 = CARTESIAN_POINT('',(23.865693210719,-58.03404859061));
#7742 = CARTESIAN_POINT('',(23.792657850568,-58.03155852941));
#7743 = CARTESIAN_POINT('',(23.71960891736,-58.02915616584));
#7744 = CARTESIAN_POINT('',(23.524717652798,-58.0229850337));
#7745 = CARTESIAN_POINT('',(23.402824081104,-58.01936370544));
#7746 = CARTESIAN_POINT('',(23.280867610394,-58.01596124391));
#7747 = CARTESIAN_POINT('',(23.158850389233,-58.01275905571));
#7748 = CARTESIAN_POINT('',(23.036774044163,-58.00973931488));
#7749 = CARTESIAN_POINT('',(22.91463943283,-58.00688550907));
#7750 = CARTESIAN_POINT('',(22.792447006535,-58.00418162445));
#7751 = CARTESIAN_POINT('',(22.535723703802,-57.99878115009));
#7752 = CARTESIAN_POINT('',(22.401181188723,-57.99611245187));
#7753 = CARTESIAN_POINT('',(22.266571463124,-57.99357758931));
#7754 = CARTESIAN_POINT('',(22.131894476791,-57.99117654471));
#7755 = CARTESIAN_POINT('',(21.997150764472,-57.98889621133));
#7756 = CARTESIAN_POINT('',(21.862341099755,-57.98671875942));
#7757 = CARTESIAN_POINT('',(21.727465719842,-57.984637812));
#7758 = CARTESIAN_POINT('',(21.432896424376,-57.98028218038));
#7759 = CARTESIAN_POINT('',(21.273220063956,-57.97804320277));
#7760 = CARTESIAN_POINT('',(21.113496377718,-57.97590429698));
#7761 = CARTESIAN_POINT('',(20.953725160131,-57.9738678701));
#7762 = CARTESIAN_POINT('',(20.793908064115,-57.97187648015));
#7763 = CARTESIAN_POINT('',(20.63404394764,-57.96996288003));
#7764 = CARTESIAN_POINT('',(20.474133631021,-57.96809516044));
#7765 = CARTESIAN_POINT('',(20.240280222364,-57.96542537721));
#7766 = CARTESIAN_POINT('',(20.166364152063,-57.9645905252));
#7767 = CARTESIAN_POINT('',(20.092428888032,-57.9637629905));
#7768 = CARTESIAN_POINT('',(20.018474439784,-57.96294169729));
#7769 = CARTESIAN_POINT('',(19.944500810342,-57.96212596685));
#7770 = CARTESIAN_POINT('',(19.870507996232,-57.96131551752));
#7771 = CARTESIAN_POINT('',(19.79649598749,-57.96051046472));
#7772 = CARTESIAN_POINT('',(19.636095011763,-57.95877898651));
#7773 = CARTESIAN_POINT('',(19.54969911347,-57.95785437527));
#7774 = CARTESIAN_POINT('',(19.46327705994,-57.95693751587));
#7775 = CARTESIAN_POINT('',(19.376828838319,-57.95602843703));
#7776 = CARTESIAN_POINT('',(19.290354435746,-57.95512716746));
#7777 = CARTESIAN_POINT('',(19.203853839348,-57.9542337359));
#7778 = CARTESIAN_POINT('',(19.117327036242,-57.95334817114));
#7779 = CARTESIAN_POINT('',(18.708668352092,-57.94920427047));
#7780 = CARTESIAN_POINT('',(18.38637735209,-57.94605001456));
#7781 = CARTESIAN_POINT('',(18.063901285082,-57.94299675976));
#7782 = CARTESIAN_POINT('',(17.74124049107,-57.94002946859));
#7783 = CARTESIAN_POINT('',(17.418395258889,-57.93713548282));
#7784 = CARTESIAN_POINT('',(17.095365791159,-57.93430633648));
#7785 = CARTESIAN_POINT('',(16.772152253779,-57.9315349396));
#7786 = CARTESIAN_POINT('',(16.286583481231,-57.92744074306));
#7787 = CARTESIAN_POINT('',(16.124365831028,-57.92608448958));
#7788 = CARTESIAN_POINT('',(15.962101985183,-57.92473809436));
#7789 = CARTESIAN_POINT('',(15.799791972393,-57.92339993281));
#7790 = CARTESIAN_POINT('',(15.637435822373,-57.92206825218));
#7791 = CARTESIAN_POINT('',(15.475033563986,-57.92074139013));
#7792 = CARTESIAN_POINT('',(15.31258522337,-57.91941799331));
#7793 = CARTESIAN_POINT('',(14.987277295728,-57.91677388469));
#7794 = CARTESIAN_POINT('',(14.824417525568,-57.91545341641));
#7795 = CARTESIAN_POINT('',(14.661511530568,-57.91413530289));
#7796 = CARTESIAN_POINT('',(14.49855932964,-57.91281902946));
#7797 = CARTESIAN_POINT('',(14.33556094163,-57.91150409495));
#7798 = CARTESIAN_POINT('',(14.172516385321,-57.9101900117));
#7799 = CARTESIAN_POINT('',(14.009425679428,-57.90887630552));
#7800 = CARTESIAN_POINT('',(13.455964805071,-57.90441911954));
#7801 = CARTESIAN_POINT('',(13.065376673865,-57.90127675532));
#7802 = CARTESIAN_POINT('',(12.674524669585,-57.89813360053));
#7803 = CARTESIAN_POINT('',(12.283408951911,-57.89499593981));
#7804 = CARTESIAN_POINT('',(11.892029739864,-57.89186248649));
#7805 = CARTESIAN_POINT('',(11.500387277069,-57.88872894945));
#7806 = CARTESIAN_POINT('',(11.108481774505,-57.88559550787));
#7807 = CARTESIAN_POINT('',(10.309525801256,-57.87920731339));
#7808 = CARTESIAN_POINT('',(9.902455374522,-57.87595201038));
#7809 = CARTESIAN_POINT('',(9.495102449411,-57.87269018663));
#7810 = CARTESIAN_POINT('',(9.087467295689,-57.86941795428));
#7811 = CARTESIAN_POINT('',(8.679550186537,-57.86613129832));
#7812 = CARTESIAN_POINT('',(8.271351398549,-57.86282607667));
#7813 = CARTESIAN_POINT('',(7.862871211737,-57.85949802012));
#7814 = CARTESIAN_POINT('',(6.991802258008,-57.85234791321));
#7815 = CARTESIAN_POINT('',(6.529135013568,-57.8485186759));
#7816 = CARTESIAN_POINT('',(6.066108494954,-57.84465982775));
#7817 = CARTESIAN_POINT('',(5.602723053193,-57.84077288842));
#7818 = CARTESIAN_POINT('',(5.13897902516,-57.8368611022));
#7819 = CARTESIAN_POINT('',(4.674876719032,-57.83293101015));
#7820 = CARTESIAN_POINT('',(4.21041643164,-57.8289905818));
#7821 = CARTESIAN_POINT('',(3.278659323267,-57.82107922032));
#7822 = CARTESIAN_POINT('',(2.811359234336,-57.81710775146));
#7823 = CARTESIAN_POINT('',(2.343698554202,-57.81313537206));
#7824 = CARTESIAN_POINT('',(1.875677779285,-57.8091478792));
#7825 = CARTESIAN_POINT('',(1.407297013521,-57.8051775302));
#7826 = CARTESIAN_POINT('',(0.93855690717,-57.80119257382));
#7827 = CARTESIAN_POINT('',(0.469457756607,-57.79720323853));
#7828 = CARTESIAN_POINT('',(0.,-57.79320335437));
#7829 = ( GEOMETRIC_REPRESENTATION_CONTEXT(2) 
PARAMETRIC_REPRESENTATION_CONTEXT() REPRESENTATION_CONTEXT('2D SPACE',''
  ) );
#7830 = ORIENTED_EDGE('',*,*,#3550,.T.);
#7831 = ORIENTED_EDGE('',*,*,#7832,.F.);
#7832 = EDGE_CURVE('',#7833,#3553,#7835,.T.);
#7833 = VERTEX_POINT('',#7834);
#7834 = CARTESIAN_POINT('',(303.15435320292,82.611157121219,
    17.214080974697));
#7835 = SURFACE_CURVE('',#7836,(#7843,#7853),.PCURVE_S1.);
#7836 = B_SPLINE_CURVE_WITH_KNOTS('',5,(#7837,#7838,#7839,#7840,#7841,
    #7842),.UNSPECIFIED.,.F.,.F.,(6,6),(0.,1.),
  .PIECEWISE_BEZIER_KNOTS.);
#7837 = CARTESIAN_POINT('',(304.41192608829,82.742654944346,
    17.223791265488));
#7838 = CARTESIAN_POINT('',(304.07764886749,82.707701335855,
    17.221205665261));
#7839 = CARTESIAN_POINT('',(303.74334565061,82.672745003019,
    17.218621934393));
#7840 = CARTESIAN_POINT('',(303.40901640417,82.637785929301,
    17.216044519301));
#7841 = CARTESIAN_POINT('',(303.07466117907,82.602824139132,
    17.213466903004));
#7842 = CARTESIAN_POINT('',(302.74027998547,82.56785963835,
    17.210887457186));
#7843 = PCURVE('',#2031,#7844);
#7844 = DEFINITIONAL_REPRESENTATION('',(#7845),#7852);
#7845 = B_SPLINE_CURVE_WITH_KNOTS('',5,(#7846,#7847,#7848,#7849,#7850,
    #7851),.UNSPECIFIED.,.F.,.F.,(6,6),(0.,1.),
  .PIECEWISE_BEZIER_KNOTS.);
#7846 = CARTESIAN_POINT('',(78.104108295793,0.384849557881));
#7847 = CARTESIAN_POINT('',(77.721924760191,0.384686982957));
#7848 = CARTESIAN_POINT('',(77.339764198567,0.384524395363));
#7849 = CARTESIAN_POINT('',(76.95762661599,0.38436179502));
#7850 = CARTESIAN_POINT('',(76.575512013951,0.384199182042));
#7851 = CARTESIAN_POINT('',(76.193420398223,0.384036556457));
#7852 = ( GEOMETRIC_REPRESENTATION_CONTEXT(2) 
PARAMETRIC_REPRESENTATION_CONTEXT() REPRESENTATION_CONTEXT('2D SPACE',''
  ) );
#7853 = PCURVE('',#870,#7854);
#7854 = DEFINITIONAL_REPRESENTATION('',(#7855),#7862);
#7855 = B_SPLINE_CURVE_WITH_KNOTS('',5,(#7856,#7857,#7858,#7859,#7860,
    #7861),.UNSPECIFIED.,.F.,.F.,(6,6),(0.,1.),
  .PIECEWISE_BEZIER_KNOTS.);
#7856 = CARTESIAN_POINT('',(2.1,1.916898466449));
#7857 = CARTESIAN_POINT('',(1.763900290045,1.919484077669));
#7858 = CARTESIAN_POINT('',(1.427774441635,1.922067819523));
#7859 = CARTESIAN_POINT('',(1.091622419774,1.924645245573));
#7860 = CARTESIAN_POINT('',(0.75544427761,1.92722287283));
#7861 = CARTESIAN_POINT('',(0.419240025871,1.929802329615));
#7862 = ( GEOMETRIC_REPRESENTATION_CONTEXT(2) 
PARAMETRIC_REPRESENTATION_CONTEXT() REPRESENTATION_CONTEXT('2D SPACE',''
  ) );
#7863 = ORIENTED_EDGE('',*,*,#7864,.F.);
#7864 = EDGE_CURVE('',#7435,#7833,#7865,.T.);
#7865 = SURFACE_CURVE('',#7866,(#7878,#7893),.PCURVE_S1.);
#7866 = B_SPLINE_CURVE_WITH_KNOTS('',4,(#7867,#7868,#7869,#7870,#7871,
    #7872,#7873,#7874,#7875,#7876,#7877),.UNSPECIFIED.,.F.,.F.,(5,3,3,5)
  ,(0.,7.333420673862E-02,0.658610404964,1.),.UNSPECIFIED.);
#7867 = CARTESIAN_POINT('',(304.34675854574,70.484744428151,
    17.147552067454));
#7868 = CARTESIAN_POINT('',(304.32497942651,70.707072653495,
    17.148772572755));
#7869 = CARTESIAN_POINT('',(304.30319588271,70.929400447021,
    17.149993035736));
#7870 = CARTESIAN_POINT('',(304.28140796711,71.151727816491,
    17.151213456853));
#7871 = CARTESIAN_POINT('',(304.08569310584,73.148433687475,
    17.162173618225));
#7872 = CARTESIAN_POINT('',(303.91149527221,74.922785797237,
    17.171910759764));
#7873 = CARTESIAN_POINT('',(303.73704757088,76.697113477559,
    17.1816454718));
#7874 = CARTESIAN_POINT('',(303.46047915292,79.506364523644,
    17.19705480717));
#7875 = CARTESIAN_POINT('',(303.35851095558,80.541302838845,
    17.202730931089));
#7876 = CARTESIAN_POINT('',(303.25646788586,81.576233802903,
    17.208406312529));
#7877 = CARTESIAN_POINT('',(303.15435314401,82.611157718323,
    17.214080977971));
#7878 = PCURVE('',#2031,#7879);
#7879 = DEFINITIONAL_REPRESENTATION('',(#7880),#7892);
#7880 = B_SPLINE_CURVE_WITH_KNOTS('',4,(#7881,#7882,#7883,#7884,#7885,
    #7886,#7887,#7888,#7889,#7890,#7891),.UNSPECIFIED.,.F.,.F.,(5,3,3,5)
  ,(0.,7.333420673862E-02,0.658610404964,1.),.UNSPECIFIED.);
#7881 = CARTESIAN_POINT('',(76.564281260496,0.327836020546));
#7882 = CARTESIAN_POINT('',(76.566213831393,0.328870105315));
#7883 = CARTESIAN_POINT('',(76.568143467647,0.329904188188));
#7884 = CARTESIAN_POINT('',(76.570069582725,0.330938268914));
#7885 = CARTESIAN_POINT('',(76.587341479738,0.340225272965));
#7886 = CARTESIAN_POINT('',(76.602493932408,0.348478073476));
#7887 = CARTESIAN_POINT('',(76.617475331779,0.356730760361));
#7888 = CARTESIAN_POINT('',(76.640954153325,0.369797044296));
#7889 = CARTESIAN_POINT('',(76.649552163615,0.374610710934));
#7890 = CARTESIAN_POINT('',(76.65810191964,0.379424343225));
#7891 = CARTESIAN_POINT('',(76.666606965824,0.384237942831));
#7892 = ( GEOMETRIC_REPRESENTATION_CONTEXT(2) 
PARAMETRIC_REPRESENTATION_CONTEXT() REPRESENTATION_CONTEXT('2D SPACE',''
  ) );
#7893 = PCURVE('',#830,#7894);
#7894 = DEFINITIONAL_REPRESENTATION('',(#7895),#7907);
#7895 = B_SPLINE_CURVE_WITH_KNOTS('',4,(#7896,#7897,#7898,#7899,#7900,
    #7901,#7902,#7903,#7904,#7905,#7906),.UNSPECIFIED.,.F.,.F.,(5,3,3,5)
  ,(0.,7.333420673862E-02,0.658610404964,1.),.UNSPECIFIED.);
#7896 = CARTESIAN_POINT('',(1.200425926325,-6.000003311336E-07));
#7897 = CARTESIAN_POINT('',(1.199677246343,0.223389613642));
#7898 = CARTESIAN_POINT('',(1.198930547032,0.44677985793));
#7899 = CARTESIAN_POINT('',(1.198185803538,0.670170135096));
#7900 = CARTESIAN_POINT('',(1.191514658292,2.676425977169));
#7901 = CARTESIAN_POINT('',(1.185709381009,4.459293463686));
#7902 = CARTESIAN_POINT('',(1.180015291091,6.242162637447));
#7903 = CARTESIAN_POINT('',(1.171162051139,9.064975653251));
#7904 = CARTESIAN_POINT('',(1.167935306431,10.104918502949));
#7905 = CARTESIAN_POINT('',(1.164741652969,11.144861827445));
#7906 = CARTESIAN_POINT('',(1.16157959754,12.18480559479));
#7907 = ( GEOMETRIC_REPRESENTATION_CONTEXT(2) 
PARAMETRIC_REPRESENTATION_CONTEXT() REPRESENTATION_CONTEXT('2D SPACE',''
  ) );
#7908 = ORIENTED_EDGE('',*,*,#7434,.T.);
#7909 = ORIENTED_EDGE('',*,*,#7316,.T.);
#7910 = ADVANCED_FACE('',(#7911),#1606,.T.);
#7911 = FACE_BOUND('',#7912,.T.);
#7912 = EDGE_LOOP('',(#7913,#7942,#7943));
#7913 = ORIENTED_EDGE('',*,*,#7914,.F.);
#7914 = EDGE_CURVE('',#1586,#7915,#7917,.T.);
#7915 = VERTEX_POINT('',#7916);
#7916 = CARTESIAN_POINT('',(303.86079216024,70.423857761541,
    20.579108169682));
#7917 = SURFACE_CURVE('',#7918,(#7924,#7933),.PCURVE_S1.);
#7918 = B_SPLINE_CURVE_WITH_KNOTS('',4,(#7919,#7920,#7921,#7922,#7923),
  .UNSPECIFIED.,.F.,.F.,(5,5),(0.,1.),.PIECEWISE_BEZIER_KNOTS.);
#7919 = CARTESIAN_POINT('',(303.63335987405,70.4,20.603394468915));
#7920 = CARTESIAN_POINT('',(303.69057716064,70.405988962179,
    20.601772963119));
#7921 = CARTESIAN_POINT('',(303.74770993371,70.411977815745,
    20.597173812887));
#7922 = CARTESIAN_POINT('',(303.80452841555,70.41794250941,
    20.589603645497));
#7923 = CARTESIAN_POINT('',(303.86080687888,70.423859308975,
    20.579105424134));
#7924 = PCURVE('',#1606,#7925);
#7925 = DEFINITIONAL_REPRESENTATION('',(#7926),#7932);
#7926 = B_SPLINE_CURVE_WITH_KNOTS('',4,(#7927,#7928,#7929,#7930,#7931),
  .UNSPECIFIED.,.F.,.F.,(5,5),(0.,1.),.PIECEWISE_BEZIER_KNOTS.);
#7927 = CARTESIAN_POINT('',(2.802657200842E-02,0.));
#7928 = CARTESIAN_POINT('',(6.663451417241E-02,5.0074934614E-05));
#7929 = CARTESIAN_POINT('',(0.105242889768,1.001489610829E-04));
#7930 = CARTESIAN_POINT('',(0.143850507431,1.500209816956E-04));
#7931 = CARTESIAN_POINT('',(0.182456225268,1.994925499651E-04));
#7932 = ( GEOMETRIC_REPRESENTATION_CONTEXT(2) 
PARAMETRIC_REPRESENTATION_CONTEXT() REPRESENTATION_CONTEXT('2D SPACE',''
  ) );
#7933 = PCURVE('',#793,#7934);
#7934 = DEFINITIONAL_REPRESENTATION('',(#7935),#7941);
#7935 = B_SPLINE_CURVE_WITH_KNOTS('',4,(#7936,#7937,#7938,#7939,#7940),
  .UNSPECIFIED.,.F.,.F.,(5,5),(0.,1.),.PIECEWISE_BEZIER_KNOTS.);
#7936 = CARTESIAN_POINT('',(4.177381098475E-02,-1.49825108102));
#7937 = CARTESIAN_POINT('',(9.930367740542E-02,-1.49662956833));
#7938 = CARTESIAN_POINT('',(0.156749477474,-1.492030398543));
#7939 = CARTESIAN_POINT('',(0.213880178169,-1.484460198967));
#7940 = CARTESIAN_POINT('',(0.270468807905,-1.473961932967));
#7941 = ( GEOMETRIC_REPRESENTATION_CONTEXT(2) 
PARAMETRIC_REPRESENTATION_CONTEXT() REPRESENTATION_CONTEXT('2D SPACE',''
  ) );
#7942 = ORIENTED_EDGE('',*,*,#1585,.T.);
#7943 = ORIENTED_EDGE('',*,*,#7944,.T.);
#7944 = EDGE_CURVE('',#1566,#7915,#7945,.T.);
#7945 = SURFACE_CURVE('',#7946,(#7973,#8003),.PCURVE_S1.);
#7946 = B_SPLINE_CURVE_WITH_KNOTS('',4,(#7947,#7948,#7949,#7950,#7951,
    #7952,#7953,#7954,#7955,#7956,#7957,#7958,#7959,#7960,#7961,#7962,
    #7963,#7964,#7965,#7966,#7967,#7968,#7969,#7970,#7971,#7972),
  .UNSPECIFIED.,.F.,.F.,(5,3,3,3,3,3,3,3,5),(0.,0.217029845078,
    0.348589785396,0.457269758131,0.565949752863,0.674629771792,
    0.783309817429,0.891989892651,1.),.UNSPECIFIED.);
#7947 = CARTESIAN_POINT('',(303.86331398724,70.399999999999,
    20.579104069685));
#7948 = CARTESIAN_POINT('',(303.17738901386,76.889197958691,
    20.580219266779));
#7949 = CARTESIAN_POINT('',(302.49145901874,83.378395313138,
    20.581321876444));
#7950 = CARTESIAN_POINT('',(301.80552360854,89.867592014193,
    20.582410912246));
#7951 = CARTESIAN_POINT('',(300.70377589372,100.29043240867,
    20.584136327989));
#7952 = CARTESIAN_POINT('',(300.28796732392,104.22407655448,
    20.584782070327));
#7953 = CARTESIAN_POINT('',(299.87215647448,108.15772042359,
    20.585422097935));
#7954 = CARTESIAN_POINT('',(299.11284524368,115.34089630896,
    20.586579832073));
#7955 = CARTESIAN_POINT('',(298.76934562616,118.59042841817,
    20.587099453534));
#7956 = CARTESIAN_POINT('',(298.42584429605,121.83996031859,
    20.5876147815));
#7957 = CARTESIAN_POINT('',(297.73883798122,128.33902433912,
    20.588636449504));
#7958 = CARTESIAN_POINT('',(297.39533299644,131.58855645922,
    20.589142789356));
#7959 = CARTESIAN_POINT('',(297.05182613914,134.83808835006,
    20.589644434538));
#7960 = CARTESIAN_POINT('',(296.36480842231,141.33715237343,
    20.590637882349));
#7961 = CARTESIAN_POINT('',(296.0212975627,144.58668450594,
    20.591129684752));
#7962 = CARTESIAN_POINT('',(295.67778464982,147.83621638591,
    20.591616338999));
#7963 = CARTESIAN_POINT('',(294.99075442801,154.33528041263,
    20.592578836754));
#7964 = CARTESIAN_POINT('',(294.64723711897,157.58481255938,
    20.593054679986));
#7965 = CARTESIAN_POINT('',(294.30371755151,160.83434442693,
    20.593524860323));
#7966 = CARTESIAN_POINT('',(293.61667357243,167.33340845765,
    20.594453308701));
#7967 = CARTESIAN_POINT('',(293.27314916068,170.58294062079,
    20.594911576406));
#7968 = CARTESIAN_POINT('',(292.92962225664,173.83247247413,
    20.595363594353));
#7969 = CARTESIAN_POINT('',(292.24468091416,180.31150350325,
    20.596251712819));
#7970 = CARTESIAN_POINT('',(291.90326650785,183.54100268303,
    20.596687893882));
#7971 = CARTESIAN_POINT('',(291.56184937609,186.770501522,20.59711724002
    ));
#7972 = CARTESIAN_POINT('',(291.22042936772,189.99999999999,
    20.597539371777));
#7973 = PCURVE('',#1606,#7974);
#7974 = DEFINITIONAL_REPRESENTATION('',(#7975),#8002);
#7975 = B_SPLINE_CURVE_WITH_KNOTS('',4,(#7976,#7977,#7978,#7979,#7980,
    #7981,#7982,#7983,#7984,#7985,#7986,#7987,#7988,#7989,#7990,#7991,
    #7992,#7993,#7994,#7995,#7996,#7997,#7998,#7999,#8000,#8001),
  .UNSPECIFIED.,.F.,.F.,(5,3,3,3,3,3,3,3,5),(0.,0.217029845078,
    0.348589785396,0.457269758131,0.565949752863,0.674629771792,
    0.783309817429,0.891989892651,1.),.UNSPECIFIED.);
#7976 = CARTESIAN_POINT('',(0.182455613474,0.));
#7977 = CARTESIAN_POINT('',(0.179875905494,5.425750801582E-02));
#7978 = CARTESIAN_POINT('',(0.177207505324,0.108515010979));
#7979 = CARTESIAN_POINT('',(0.174443551588,0.16277250848));
#7980 = CARTESIAN_POINT('',(0.169836980337,0.249920003417));
#7981 = CARTESIAN_POINT('',(0.168060184929,0.282810004636));
#7982 = CARTESIAN_POINT('',(0.166243240461,0.315700003542));
#7983 = CARTESIAN_POINT('',(0.162848041571,0.375760002583));
#7984 = CARTESIAN_POINT('',(0.161283229267,0.402930003496));
#7985 = CARTESIAN_POINT('',(0.15968829764,0.430100002664));
#7986 = CARTESIAN_POINT('',(0.156435429823,0.484440002836));
#7987 = CARTESIAN_POINT('',(0.154777492392,0.51161000384));
#7988 = CARTESIAN_POINT('',(0.153086669146,0.538780002927));
#7989 = CARTESIAN_POINT('',(0.149636132168,0.593120003122));
#7990 = CARTESIAN_POINT('',(0.147876416946,0.62029000423));
#7991 = CARTESIAN_POINT('',(0.146080696367,0.647460003227));
#7992 = CARTESIAN_POINT('',(0.142413713927,0.70180000345));
#7993 = CARTESIAN_POINT('',(0.140542450263,0.728970004677));
#7994 = CARTESIAN_POINT('',(0.138631649846,0.75614000357));
#7995 = CARTESIAN_POINT('',(0.134726962153,0.810480003827));
#7996 = CARTESIAN_POINT('',(0.132733072681,0.837650005191));
#7997 = CARTESIAN_POINT('',(0.130695632097,0.864820003964));
#7998 = CARTESIAN_POINT('',(0.126541909263,0.918992504208));
#7999 = CARTESIAN_POINT('',(0.124426187858,0.945995005711));
#8000 = CARTESIAN_POINT('',(0.122262937026,0.972997504365));
#8001 = CARTESIAN_POINT('',(0.120049578574,1.));
#8002 = ( GEOMETRIC_REPRESENTATION_CONTEXT(2) 
PARAMETRIC_REPRESENTATION_CONTEXT() REPRESENTATION_CONTEXT('2D SPACE',''
  ) );
#8003 = PCURVE('',#732,#8004);
#8004 = DEFINITIONAL_REPRESENTATION('',(#8005),#8032);
#8005 = B_SPLINE_CURVE_WITH_KNOTS('',4,(#8006,#8007,#8008,#8009,#8010,
    #8011,#8012,#8013,#8014,#8015,#8016,#8017,#8018,#8019,#8020,#8021,
    #8022,#8023,#8024,#8025,#8026,#8027,#8028,#8029,#8030,#8031),
  .UNSPECIFIED.,.F.,.F.,(5,3,3,3,3,3,3,3,5),(0.,0.217029845078,
    0.348589785396,0.457269758131,0.565949752863,0.674629771792,
    0.783309817429,0.891989892651,1.),.UNSPECIFIED.);
#8006 = CARTESIAN_POINT('',(4.881497521901,1.147540983606E-02));
#8007 = CARTESIAN_POINT('',(4.900815260056,6.466555703845E-02));
#8008 = CARTESIAN_POINT('',(4.92014657228,0.117855699288));
#8009 = CARTESIAN_POINT('',(4.93949252232,0.171045836182));
#8010 = CARTESIAN_POINT('',(4.970591310001,0.256478954169));
#8011 = CARTESIAN_POINT('',(4.982334051402,0.288721938971));
#8012 = CARTESIAN_POINT('',(4.994082955462,0.320964921505));
#8013 = CARTESIAN_POINT('',(5.015549353061,0.379843412369));
#8014 = CARTESIAN_POINT('',(5.025264781573,0.40647892146));
#8015 = CARTESIAN_POINT('',(5.03498484011,0.433114428841));
#8016 = CARTESIAN_POINT('',(5.054434651669,0.486385445403));
#8017 = CARTESIAN_POINT('',(5.064164404893,0.513020954584));
#8018 = CARTESIAN_POINT('',(5.073899220757,0.539656461886));
#8019 = CARTESIAN_POINT('',(5.093379468783,0.592927478471));
#8020 = CARTESIAN_POINT('',(5.103124901191,0.619562987754));
#8021 = CARTESIAN_POINT('',(5.112875885264,0.646198494966));
#8022 = CARTESIAN_POINT('',(5.132389514013,0.699469511579));
#8023 = CARTESIAN_POINT('',(5.142152158985,0.726105020979));
#8024 = CARTESIAN_POINT('',(5.151920910704,0.75274052809));
#8025 = CARTESIAN_POINT('',(5.171471262901,0.806011544735));
#8026 = CARTESIAN_POINT('',(5.181252863742,0.832647054269));
#8027 = CARTESIAN_POINT('',(5.191041204185,0.859282561263));
#8028 = CARTESIAN_POINT('',(5.210571704077,0.912389372978));
#8029 = CARTESIAN_POINT('',(5.22031377667,0.93886067773));
#8030 = CARTESIAN_POINT('',(5.230063219889,0.965331979689));
#8031 = CARTESIAN_POINT('',(5.239820442929,0.991803278688));
#8032 = ( GEOMETRIC_REPRESENTATION_CONTEXT(2) 
PARAMETRIC_REPRESENTATION_CONTEXT() REPRESENTATION_CONTEXT('2D SPACE',''
  ) );
#8033 = ADVANCED_FACE('',(#8034),#732,.F.);
#8034 = FACE_BOUND('',#8035,.F.);
#8035 = EDGE_LOOP('',(#8036,#8037,#8038,#8039));
#8036 = ORIENTED_EDGE('',*,*,#670,.F.);
#8037 = ORIENTED_EDGE('',*,*,#1565,.F.);
#8038 = ORIENTED_EDGE('',*,*,#7944,.T.);
#8039 = ORIENTED_EDGE('',*,*,#8040,.T.);
#8040 = EDGE_CURVE('',#7915,#671,#8041,.T.);
#8041 = SURFACE_CURVE('',#8042,(#8045,#8051),.PCURVE_S1.);
#8042 = B_SPLINE_CURVE_WITH_KNOTS('',1,(#8043,#8044),.UNSPECIFIED.,.F.,
  .F.,(2,2),(0.,1.),.PIECEWISE_BEZIER_KNOTS.);
#8043 = CARTESIAN_POINT('',(303.61473015967,70.399926799999,
    19.96381834271));
#8044 = CARTESIAN_POINT('',(304.0318933315,70.440498346188,
    21.006954849842));
#8045 = PCURVE('',#732,#8046);
#8046 = DEFINITIONAL_REPRESENTATION('',(#8047),#8050);
#8047 = B_SPLINE_CURVE_WITH_KNOTS('',1,(#8048,#8049),.UNSPECIFIED.,.F.,
  .F.,(2,2),(0.,1.),.PIECEWISE_BEZIER_KNOTS.);
#8048 = CARTESIAN_POINT('',(5.545104323639,1.147480983606E-02));
#8049 = CARTESIAN_POINT('',(4.420173657031,1.180736349335E-02));
#8050 = ( GEOMETRIC_REPRESENTATION_CONTEXT(2) 
PARAMETRIC_REPRESENTATION_CONTEXT() REPRESENTATION_CONTEXT('2D SPACE',''
  ) );
#8051 = PCURVE('',#793,#8052);
#8052 = DEFINITIONAL_REPRESENTATION('',(#8053),#8056);
#8053 = B_SPLINE_CURVE_WITH_KNOTS('',1,(#8054,#8055),.UNSPECIFIED.,.F.,
  .F.,(2,2),(0.,1.),.PIECEWISE_BEZIER_KNOTS.);
#8054 = CARTESIAN_POINT('',(2.323754480295E-02,-0.85867223548));
#8055 = CARTESIAN_POINT('',(0.442357944283,-1.901813177797));
#8056 = ( GEOMETRIC_REPRESENTATION_CONTEXT(2) 
PARAMETRIC_REPRESENTATION_CONTEXT() REPRESENTATION_CONTEXT('2D SPACE',''
  ) );
#8057 = ADVANCED_FACE('',(#8058),#793,.F.);
#8058 = FACE_BOUND('',#8059,.F.);
#8059 = EDGE_LOOP('',(#8060,#8061,#8083,#8084,#8085));
#8060 = ORIENTED_EDGE('',*,*,#1642,.F.);
#8061 = ORIENTED_EDGE('',*,*,#8062,.T.);
#8062 = EDGE_CURVE('',#1643,#768,#8063,.T.);
#8063 = SURFACE_CURVE('',#8064,(#8069,#8076),.PCURVE_S1.);
#8064 = CIRCLE('',#8065,2.1);
#8065 = AXIS2_PLACEMENT_3D('',#8066,#8067,#8068);
#8066 = CARTESIAN_POINT('',(303.59135821248,70.4,19.105149758099));
#8067 = DIRECTION('',(-0.104019604147,0.994570972053,2.916076511733E-03)
  );
#8068 = DIRECTION('',(0.994575200748,0.104020046415,0.));
#8069 = PCURVE('',#793,#8070);
#8070 = DEFINITIONAL_REPRESENTATION('',(#8071),#8075);
#8071 = CIRCLE('',#8072,2.1);
#8072 = AXIS2_PLACEMENT_2D('',#8073,#8074);
#8073 = CARTESIAN_POINT('',(0.,0.));
#8074 = DIRECTION('',(1.,0.));
#8075 = ( GEOMETRIC_REPRESENTATION_CONTEXT(2) 
PARAMETRIC_REPRESENTATION_CONTEXT() REPRESENTATION_CONTEXT('2D SPACE',''
  ) );
#8076 = PCURVE('',#830,#8077);
#8077 = DEFINITIONAL_REPRESENTATION('',(#8078),#8082);
#8078 = LINE('',#8079,#8080);
#8079 = CARTESIAN_POINT('',(0.,0.));
#8080 = VECTOR('',#8081,1.);
#8081 = DIRECTION('',(1.,0.));
#8082 = ( GEOMETRIC_REPRESENTATION_CONTEXT(2) 
PARAMETRIC_REPRESENTATION_CONTEXT() REPRESENTATION_CONTEXT('2D SPACE',''
  ) );
#8083 = ORIENTED_EDGE('',*,*,#767,.F.);
#8084 = ORIENTED_EDGE('',*,*,#8040,.F.);
#8085 = ORIENTED_EDGE('',*,*,#7914,.F.);
#8086 = ADVANCED_FACE('',(#8087),#830,.T.);
#8087 = FACE_BOUND('',#8088,.T.);
#8088 = EDGE_LOOP('',(#8089,#8111,#8112,#8113,#8114,#8115));
#8089 = ORIENTED_EDGE('',*,*,#8090,.F.);
#8090 = EDGE_CURVE('',#7833,#811,#8091,.T.);
#8091 = SURFACE_CURVE('',#8092,(#8097,#8104),.PCURVE_S1.);
#8092 = CIRCLE('',#8093,2.1);
#8093 = AXIS2_PLACEMENT_3D('',#8094,#8095,#8096);
#8094 = CARTESIAN_POINT('',(302.32389962032,82.518653347947,
    19.140681581744));
#8095 = DIRECTION('',(-0.104019604147,0.994570972053,2.916076511733E-03)
  );
#8096 = DIRECTION('',(0.994575200748,0.104020046415,0.));
#8097 = PCURVE('',#830,#8098);
#8098 = DEFINITIONAL_REPRESENTATION('',(#8099),#8103);
#8099 = LINE('',#8100,#8101);
#8100 = CARTESIAN_POINT('',(0.,12.18480499479));
#8101 = VECTOR('',#8102,1.);
#8102 = DIRECTION('',(1.,0.));
#8103 = ( GEOMETRIC_REPRESENTATION_CONTEXT(2) 
PARAMETRIC_REPRESENTATION_CONTEXT() REPRESENTATION_CONTEXT('2D SPACE',''
  ) );
#8104 = PCURVE('',#870,#8105);
#8105 = DEFINITIONAL_REPRESENTATION('',(#8106),#8110);
#8106 = CIRCLE('',#8107,2.1);
#8107 = AXIS2_PLACEMENT_2D('',#8108,#8109);
#8108 = CARTESIAN_POINT('',(0.,0.));
#8109 = DIRECTION('',(1.,0.));
#8110 = ( GEOMETRIC_REPRESENTATION_CONTEXT(2) 
PARAMETRIC_REPRESENTATION_CONTEXT() REPRESENTATION_CONTEXT('2D SPACE',''
  ) );
#8111 = ORIENTED_EDGE('',*,*,#7864,.F.);
#8112 = ORIENTED_EDGE('',*,*,#7472,.T.);
#8113 = ORIENTED_EDGE('',*,*,#1664,.T.);
#8114 = ORIENTED_EDGE('',*,*,#8062,.T.);
#8115 = ORIENTED_EDGE('',*,*,#810,.T.);
#8116 = ADVANCED_FACE('',(#8117),#870,.T.);
#8117 = FACE_BOUND('',#8118,.T.);
#8118 = EDGE_LOOP('',(#8119,#8120,#8121,#8122,#8140,#8141,#8142));
#8119 = ORIENTED_EDGE('',*,*,#7832,.F.);
#8120 = ORIENTED_EDGE('',*,*,#8090,.T.);
#8121 = ORIENTED_EDGE('',*,*,#844,.F.);
#8122 = ORIENTED_EDGE('',*,*,#8123,.F.);
#8123 = EDGE_CURVE('',#7007,#845,#8124,.T.);
#8124 = SURFACE_CURVE('',#8125,(#8128,#8134),.PCURVE_S1.);
#8125 = B_SPLINE_CURVE_WITH_KNOTS('',1,(#8126,#8127),.UNSPECIFIED.,.F.,
  .F.,(2,2),(0.,1.),.PIECEWISE_BEZIER_KNOTS.);
#8126 = CARTESIAN_POINT('',(302.32414209346,82.51633067199,
    19.941513807817));
#8127 = CARTESIAN_POINT('',(302.76443473934,82.559151694135,
    21.042486673488));
#8128 = PCURVE('',#870,#8129);
#8129 = DEFINITIONAL_REPRESENTATION('',(#8130),#8133);
#8130 = B_SPLINE_CURVE_WITH_KNOTS('',1,(#8131,#8132),.UNSPECIFIED.,.F.,
  .F.,(2,2),(0.,1.),.PIECEWISE_BEZIER_KNOTS.);
#8131 = CARTESIAN_POINT('',(-4.470892918107E-07,-0.800835631034));
#8132 = CARTESIAN_POINT('',(0.442357944283,-1.901813177797));
#8133 = ( GEOMETRIC_REPRESENTATION_CONTEXT(2) 
PARAMETRIC_REPRESENTATION_CONTEXT() REPRESENTATION_CONTEXT('2D SPACE',''
  ) );
#8134 = PCURVE('',#949,#8135);
#8135 = DEFINITIONAL_REPRESENTATION('',(#8136),#8139);
#8136 = B_SPLINE_CURVE_WITH_KNOTS('',1,(#8137,#8138),.UNSPECIFIED.,.F.,
  .F.,(2,2),(0.,1.),.PIECEWISE_BEZIER_KNOTS.);
#8137 = CARTESIAN_POINT('',(5.60747573229,0.110789595672));
#8138 = CARTESIAN_POINT('',(4.420173657031,0.111140587657));
#8139 = ( GEOMETRIC_REPRESENTATION_CONTEXT(2) 
PARAMETRIC_REPRESENTATION_CONTEXT() REPRESENTATION_CONTEXT('2D SPACE',''
  ) );
#8140 = ORIENTED_EDGE('',*,*,#7006,.T.);
#8141 = ORIENTED_EDGE('',*,*,#3234,.T.);
#8142 = ORIENTED_EDGE('',*,*,#4355,.F.);
#8143 = ADVANCED_FACE('',(#8144),#949,.F.);
#8144 = FACE_BOUND('',#8145,.F.);
#8145 = EDGE_LOOP('',(#8146,#8147,#8148,#8149,#8150));
#8146 = ORIENTED_EDGE('',*,*,#887,.F.);
#8147 = ORIENTED_EDGE('',*,*,#8123,.F.);
#8148 = ORIENTED_EDGE('',*,*,#7035,.T.);
#8149 = ORIENTED_EDGE('',*,*,#3210,.T.);
#8150 = ORIENTED_EDGE('',*,*,#8151,.T.);
#8151 = EDGE_CURVE('',#2844,#888,#8152,.T.);
#8152 = SURFACE_CURVE('',#8153,(#8159,#8165),.PCURVE_S1.);
#8153 = B_SPLINE_CURVE_WITH_KNOTS('',4,(#8154,#8155,#8156,#8157,#8158),
  .UNSPECIFIED.,.F.,.F.,(5,5),(4.387462279179E-08,1.127773197235),
  .PIECEWISE_BEZIER_KNOTS.);
#8154 = CARTESIAN_POINT('',(301.86980850179,90.786120108176,
    20.981987598217));
#8155 = CARTESIAN_POINT('',(301.46874344681,94.620855539642,
    20.993231020994));
#8156 = CARTESIAN_POINT('',(301.06767839183,98.455590971109,
    21.004474443771));
#8157 = CARTESIAN_POINT('',(300.66661333685,102.29032640257,
    21.015717866547));
#8158 = CARTESIAN_POINT('',(300.26554828187,106.12506183404,
    21.026961289324));
#8159 = PCURVE('',#949,#8160);
#8160 = DEFINITIONAL_REPRESENTATION('',(#8161),#8164);
#8161 = B_SPLINE_CURVE_WITH_KNOTS('',1,(#8162,#8163),.UNSPECIFIED.,.F.,
  .F.,(2,2),(4.387462279179E-08,1.127773197235),
  .PIECEWISE_BEZIER_KNOTS.);
#8162 = CARTESIAN_POINT('',(4.511439806782,0.178574754985));
#8163 = CARTESIAN_POINT('',(4.511439806782,0.304303785525));
#8164 = ( GEOMETRIC_REPRESENTATION_CONTEXT(2) 
PARAMETRIC_REPRESENTATION_CONTEXT() REPRESENTATION_CONTEXT('2D SPACE',''
  ) );
#8165 = PCURVE('',#1028,#8166);
#8166 = DEFINITIONAL_REPRESENTATION('',(#8167),#8170);
#8167 = B_SPLINE_CURVE_WITH_KNOTS('',1,(#8168,#8169),.UNSPECIFIED.,.F.,
  .F.,(2,2),(4.387462279179E-08,1.127773197235),
  .PIECEWISE_BEZIER_KNOTS.);
#8168 = CARTESIAN_POINT('',(4.93343544344,-12.66987173728));
#8169 = CARTESIAN_POINT('',(4.93343544344,2.752800105024));
#8170 = ( GEOMETRIC_REPRESENTATION_CONTEXT(2) 
PARAMETRIC_REPRESENTATION_CONTEXT() REPRESENTATION_CONTEXT('2D SPACE',''
  ) );
#8171 = ADVANCED_FACE('',(#8172),#1028,.F.);
#8172 = FACE_BOUND('',#8173,.F.);
#8173 = EDGE_LOOP('',(#8174,#8175,#8176,#8177,#8226));
#8174 = ORIENTED_EDGE('',*,*,#8151,.F.);
#8175 = ORIENTED_EDGE('',*,*,#2843,.T.);
#8176 = ORIENTED_EDGE('',*,*,#7158,.F.);
#8177 = ORIENTED_EDGE('',*,*,#8178,.T.);
#8178 = EDGE_CURVE('',#7129,#985,#8179,.T.);
#8179 = SURFACE_CURVE('',#8180,(#8185,#8219),.PCURVE_S1.);
#8180 = ELLIPSE('',#8181,3.328185394103,1.8625);
#8181 = AXIS2_PLACEMENT_3D('',#8182,#8183,#8184);
#8182 = CARTESIAN_POINT('',(299.73956975136,107.2284135029,
    19.213130459927));
#8183 = DIRECTION('',(-0.766044443119,-0.642787609687,
    -4.336808689942E-19));
#8184 = DIRECTION('',(-0.642783630574,0.766039700997,3.518630731649E-03)
  );
#8185 = PCURVE('',#1028,#8186);
#8186 = DEFINITIONAL_REPRESENTATION('',(#8187),#8218);
#8187 = B_SPLINE_CURVE_WITH_KNOTS('',8,(#8188,#8189,#8190,#8191,#8192,
    #8193,#8194,#8195,#8196,#8197,#8198,#8199,#8200,#8201,#8202,#8203,
    #8204,#8205,#8206,#8207,#8208,#8209,#8210,#8211,#8212,#8213,#8214,
    #8215,#8216,#8217),.UNSPECIFIED.,.F.,.F.,(9,7,7,7,9),(3.143561739161
    ,4.714358065955,5.892455311052,7.659601178696,9.42674704634),
  .UNSPECIFIED.);
#8188 = CARTESIAN_POINT('',(6.28318530718,1.141345476143));
#8189 = CARTESIAN_POINT('',(6.08683576633,1.142411892832));
#8190 = CARTESIAN_POINT('',(5.890486225482,1.265008459575));
#8191 = CARTESIAN_POINT('',(5.694136684628,1.509071492178));
#8192 = CARTESIAN_POINT('',(5.497787143787,1.864547227584));
#8193 = CARTESIAN_POINT('',(5.301437602933,2.311378174411));
#8194 = CARTESIAN_POINT('',(5.105088062084,2.821618324873));
#8195 = CARTESIAN_POINT('',(4.908738521234,3.363436714263));
#8196 = CARTESIAN_POINT('',(4.565126824748,4.31119988941));
#8197 = CARTESIAN_POINT('',(4.41786466911,4.717249350062));
#8198 = CARTESIAN_POINT('',(4.270602513474,5.109742459578));
#8199 = CARTESIAN_POINT('',(4.123340357836,5.475260105995));
#8200 = CARTESIAN_POINT('',(3.976078202199,5.801327625907));
#8201 = CARTESIAN_POINT('',(3.828816046563,6.077332668085));
#8202 = CARTESIAN_POINT('',(3.681553890926,6.295242391015));
#8203 = CARTESIAN_POINT('',(3.313398501833,6.681994991697));
#8204 = CARTESIAN_POINT('',(3.092505268379,6.771827190237));
#8205 = CARTESIAN_POINT('',(2.871612034927,6.702188242325));
#8206 = CARTESIAN_POINT('',(2.650718801469,6.470621256329));
#8207 = CARTESIAN_POINT('',(2.429825568018,6.092193215525));
#8208 = CARTESIAN_POINT('',(2.208932334558,5.598260127501));
#8209 = CARTESIAN_POINT('',(1.9880391011,5.030166636966));
#8210 = CARTESIAN_POINT('',(1.546252634189,3.834560023717));
#8211 = CARTESIAN_POINT('',(1.32535940073,3.207046239256));
#8212 = CARTESIAN_POINT('',(1.1044661673,2.594273821401));
#8213 = CARTESIAN_POINT('',(0.88357293382,2.043767393116));
#8214 = CARTESIAN_POINT('',(0.662679700399,1.599267713244));
#8215 = CARTESIAN_POINT('',(0.44178646691,1.292757852511));
#8216 = CARTESIAN_POINT('',(0.220893233456,1.140145757369));
#8217 = CARTESIAN_POINT('',(9.769962616701E-15,1.141345476143));
#8218 = ( GEOMETRIC_REPRESENTATION_CONTEXT(2) 
PARAMETRIC_REPRESENTATION_CONTEXT() REPRESENTATION_CONTEXT('2D SPACE',''
  ) );
#8219 = PCURVE('',#1100,#8220);
#8220 = DEFINITIONAL_REPRESENTATION('',(#8221),#8225);
#8221 = ELLIPSE('',#8222,3.328185394103,1.8625);
#8222 = AXIS2_PLACEMENT_2D('',#8223,#8224);
#8223 = CARTESIAN_POINT('',(3.365879781602,-2.883693667848));
#8224 = DIRECTION('',(0.9999938096,-3.518630731649E-03));
#8225 = ( GEOMETRIC_REPRESENTATION_CONTEXT(2) 
PARAMETRIC_REPRESENTATION_CONTEXT() REPRESENTATION_CONTEXT('2D SPACE',''
  ) );
#8226 = ORIENTED_EDGE('',*,*,#984,.F.);
#8227 = ADVANCED_FACE('',(#8228,#8254),#1100,.T.);
#8228 = FACE_BOUND('',#8229,.T.);
#8229 = EDGE_LOOP('',(#8230,#8231,#8232,#8233,#8251,#8252,#8253));
#8230 = ORIENTED_EDGE('',*,*,#7128,.T.);
#8231 = ORIENTED_EDGE('',*,*,#8178,.T.);
#8232 = ORIENTED_EDGE('',*,*,#1054,.F.);
#8233 = ORIENTED_EDGE('',*,*,#8234,.F.);
#8234 = EDGE_CURVE('',#4875,#1055,#8235,.T.);
#8235 = SURFACE_CURVE('',#8236,(#8239,#8245),.PCURVE_S1.);
#8236 = B_SPLINE_CURVE_WITH_KNOTS('',1,(#8237,#8238),.UNSPECIFIED.,.F.,
  .F.,(2,2),(0.,1.),.PIECEWISE_BEZIER_KNOTS.);
#8237 = CARTESIAN_POINT('',(299.73956923783,107.22841411491,
    20.013969497867));
#8238 = CARTESIAN_POINT('',(300.23038809341,106.64347898046,
    21.07565574613));
#8239 = PCURVE('',#1100,#8240);
#8240 = DEFINITIONAL_REPRESENTATION('',(#8241),#8244);
#8241 = B_SPLINE_CURVE_WITH_KNOTS('',1,(#8242,#8243),.UNSPECIFIED.,.F.,
  .F.,(2,2),(0.,1.),.PIECEWISE_BEZIER_KNOTS.);
#8242 = CARTESIAN_POINT('',(3.365880580523,-3.684532705788));
#8243 = CARTESIAN_POINT('',(2.602301992224,-4.746218954051));
#8244 = ( GEOMETRIC_REPRESENTATION_CONTEXT(2) 
PARAMETRIC_REPRESENTATION_CONTEXT() REPRESENTATION_CONTEXT('2D SPACE',''
  ) );
#8245 = PCURVE('',#1189,#8246);
#8246 = DEFINITIONAL_REPRESENTATION('',(#8247),#8250);
#8247 = B_SPLINE_CURVE_WITH_KNOTS('',1,(#8248,#8249),.UNSPECIFIED.,.F.,
  .F.,(2,2),(0.,1.),.PIECEWISE_BEZIER_KNOTS.);
#8248 = CARTESIAN_POINT('',(5.60747573229,0.31334765668));
#8249 = CARTESIAN_POINT('',(4.460560512014,0.308553106397));
#8250 = ( GEOMETRIC_REPRESENTATION_CONTEXT(2) 
PARAMETRIC_REPRESENTATION_CONTEXT() REPRESENTATION_CONTEXT('2D SPACE',''
  ) );
#8251 = ORIENTED_EDGE('',*,*,#4874,.T.);
#8252 = ORIENTED_EDGE('',*,*,#4376,.T.);
#8253 = ORIENTED_EDGE('',*,*,#4259,.F.);
#8254 = FACE_BOUND('',#8255,.T.);
#8255 = EDGE_LOOP('',(#8256));
#8256 = ORIENTED_EDGE('',*,*,#5112,.F.);
#8257 = ADVANCED_FACE('',(#8258),#1189,.F.);
#8258 = FACE_BOUND('',#8259,.F.);
#8259 = EDGE_LOOP('',(#8260,#8261,#8262,#8263,#8264,#8265,#8266,#8267,
    #8268,#8269,#8270,#8271,#8272));
#8260 = ORIENTED_EDGE('',*,*,#1127,.F.);
#8261 = ORIENTED_EDGE('',*,*,#8234,.F.);
#8262 = ORIENTED_EDGE('',*,*,#4912,.T.);
#8263 = ORIENTED_EDGE('',*,*,#5005,.T.);
#8264 = ORIENTED_EDGE('',*,*,#5158,.F.);
#8265 = ORIENTED_EDGE('',*,*,#5246,.F.);
#8266 = ORIENTED_EDGE('',*,*,#5739,.T.);
#8267 = ORIENTED_EDGE('',*,*,#6036,.T.);
#8268 = ORIENTED_EDGE('',*,*,#6091,.F.);
#8269 = ORIENTED_EDGE('',*,*,#6232,.F.);
#8270 = ORIENTED_EDGE('',*,*,#6814,.T.);
#8271 = ORIENTED_EDGE('',*,*,#6938,.F.);
#8272 = ORIENTED_EDGE('',*,*,#8273,.T.);
#8273 = EDGE_CURVE('',#6939,#1128,#8274,.T.);
#8274 = SURFACE_CURVE('',#8275,(#8278,#8284),.PCURVE_S1.);
#8275 = B_SPLINE_CURVE_WITH_KNOTS('',1,(#8276,#8277),.UNSPECIFIED.,.F.,
  .F.,(2,2),(0.,1.),.PIECEWISE_BEZIER_KNOTS.);
#8276 = CARTESIAN_POINT('',(291.08270372175,190.,20.256656436055));
#8277 = CARTESIAN_POINT('',(291.39458169915,190.38984747175,
    21.130641606716));
#8278 = PCURVE('',#1189,#8279);
#8279 = DEFINITIONAL_REPRESENTATION('',(#8280),#8283);
#8280 = B_SPLINE_CURVE_WITH_KNOTS('',1,(#8281,#8282),.UNSPECIFIED.,.F.,
  .F.,(2,2),(0.,1.),.PIECEWISE_BEZIER_KNOTS.);
#8281 = CARTESIAN_POINT('',(5.60747453229,0.991803278689));
#8282 = CARTESIAN_POINT('',(4.666083959363,0.994998749768));
#8283 = ( GEOMETRIC_REPRESENTATION_CONTEXT(2) 
PARAMETRIC_REPRESENTATION_CONTEXT() REPRESENTATION_CONTEXT('2D SPACE',''
  ) );
#8284 = PCURVE('',#1446,#8285);
#8285 = DEFINITIONAL_REPRESENTATION('',(#8286),#8289);
#8286 = B_SPLINE_CURVE_WITH_KNOTS('',1,(#8287,#8288),.UNSPECIFIED.,.F.,
  .F.,(2,2),(0.,1.),.PIECEWISE_BEZIER_KNOTS.);
#8287 = CARTESIAN_POINT('',(0.,-60.25665643605));
#8288 = CARTESIAN_POINT('',(0.499248359057,-61.13064160671));
#8289 = ( GEOMETRIC_REPRESENTATION_CONTEXT(2) 
PARAMETRIC_REPRESENTATION_CONTEXT() REPRESENTATION_CONTEXT('2D SPACE',''
  ) );
#8290 = ADVANCED_FACE('',(#8291),#1446,.T.);
#8291 = FACE_BOUND('',#8292,.T.);
#8292 = EDGE_LOOP('',(#8293,#8294,#8313,#8314,#8315,#8316,#8317,#8318,
    #8319));
#8293 = ORIENTED_EDGE('',*,*,#1224,.T.);
#8294 = ORIENTED_EDGE('',*,*,#8295,.T.);
#8295 = EDGE_CURVE('',#24,#7499,#8296,.T.);
#8296 = SURFACE_CURVE('',#8297,(#8301,#8307),.PCURVE_S1.);
#8297 = LINE('',#8298,#8299);
#8298 = CARTESIAN_POINT('',(305.82873054378,208.43253352754,
    -11.38436108004));
#8299 = VECTOR('',#8300,1.);
#8300 = DIRECTION('',(-2.969820788325E-02,-3.712275985406E-02,
    -0.998869319355));
#8301 = PCURVE('',#1446,#8302);
#8302 = DEFINITIONAL_REPRESENTATION('',(#8303),#8306);
#8303 = B_SPLINE_CURVE_WITH_KNOTS('',1,(#8304,#8305),.UNSPECIFIED.,.F.,
  .F.,(2,2),(-30.3990076086,-29.49837472276),.PIECEWISE_BEZIER_KNOTS.);
#8304 = CARTESIAN_POINT('',(25.050339250655,-58.98027495904));
#8305 = CARTESIAN_POINT('',(25.007522867245,-58.08066040137));
#8306 = ( GEOMETRIC_REPRESENTATION_CONTEXT(2) 
PARAMETRIC_REPRESENTATION_CONTEXT() REPRESENTATION_CONTEXT('2D SPACE',''
  ) );
#8307 = PCURVE('',#319,#8308);
#8308 = DEFINITIONAL_REPRESENTATION('',(#8309),#8312);
#8309 = B_SPLINE_CURVE_WITH_KNOTS('',1,(#8310,#8311),.UNSPECIFIED.,.F.,
  .F.,(2,2),(-30.3990076086,-29.49837472276),.PIECEWISE_BEZIER_KNOTS.);
#8310 = CARTESIAN_POINT('',(0.9,-5.491664508776));
#8311 = CARTESIAN_POINT('',(-3.623767952377E-13,-5.525422397589));
#8312 = ( GEOMETRIC_REPRESENTATION_CONTEXT(2) 
PARAMETRIC_REPRESENTATION_CONTEXT() REPRESENTATION_CONTEXT('2D SPACE',''
  ) );
#8313 = ORIENTED_EDGE('',*,*,#7519,.T.);
#8314 = ORIENTED_EDGE('',*,*,#3644,.T.);
#8315 = ORIENTED_EDGE('',*,*,#6980,.T.);
#8316 = ORIENTED_EDGE('',*,*,#6623,.F.);
#8317 = ORIENTED_EDGE('',*,*,#6692,.F.);
#8318 = ORIENTED_EDGE('',*,*,#6958,.T.);
#8319 = ORIENTED_EDGE('',*,*,#8273,.T.);
#8320 = ADVANCED_FACE('',(#8321),#319,.F.);
#8321 = FACE_BOUND('',#8322,.F.);
#8322 = EDGE_LOOP('',(#8323,#8324,#8325,#8326));
#8323 = ORIENTED_EDGE('',*,*,#7498,.F.);
#8324 = ORIENTED_EDGE('',*,*,#2423,.T.);
#8325 = ORIENTED_EDGE('',*,*,#21,.T.);
#8326 = ORIENTED_EDGE('',*,*,#8295,.T.);
#8327 = ( GEOMETRIC_REPRESENTATION_CONTEXT(3) 
GLOBAL_UNCERTAINTY_ASSIGNED_CONTEXT((#8331)) 
GLOBAL_UNIT_ASSIGNED_CONTEXT((#8328,#8329,#8330)) REPRESENTATION_CONTEXT
('Context #1','3D Context with UNIT and UNCERTAINTY') );
#8328 = ( LENGTH_UNIT() NAMED_UNIT(*) SI_UNIT(.MILLI.,.METRE.) );
#8329 = ( NAMED_UNIT(*) PLANE_ANGLE_UNIT() SI_UNIT($,.RADIAN.) );
#8330 = ( NAMED_UNIT(*) SI_UNIT($,.STERADIAN.) SOLID_ANGLE_UNIT() );
#8331 = UNCERTAINTY_MEASURE_WITH_UNIT(LENGTH_MEASURE(5.E-06),#8328,
  'distance_accuracy_value','confusion accuracy');
#8332 = PRODUCT_RELATED_PRODUCT_CATEGORY('part',$,(#7));
ENDSEC;
END-ISO-10303-21;
