ISO-10303-21;
HEADER;
FILE_DESCRIPTION(('SkyG Speed 90 - revision C6-9 - 2026-10-07','HF-front-hatch'),'2;1');
FILE_NAME('HF-front-hatch_C6-9','2026-10-07T17:36:17',('Author'),(
    'Open CASCADE'),'Open CASCADE STEP processor 7.9','Open CASCADE 7.9'
  ,'Unknown');
FILE_SCHEMA(('AUTOMOTIVE_DESIGN { 1 0 10303 214 1 1 1 1 }'));
ENDSEC;
DATA;
#1 = APPLICATION_PROTOCOL_DEFINITION('international standard',
  'automotive_design',2000,#2);
#2 = APPLICATION_CONTEXT(
  'core data for automotive mechanical design processes');
#3 = SHAPE_DEFINITION_REPRESENTATION(#4,#10);
#4 = PRODUCT_DEFINITION_SHAPE('','',#5);
#5 = PRODUCT_DEFINITION('design','',#6,#9);
#6 = PRODUCT_DEFINITION_FORMATION('','',#7);
#7 = PRODUCT('HF-front-hatch C6-9','HF-front-hatch C6-9','',(#8));
#8 = PRODUCT_CONTEXT('',#2,'mechanical');
#9 = PRODUCT_DEFINITION_CONTEXT('part definition',#2,'design');
#10 = ADVANCED_BREP_SHAPE_REPRESENTATION('',(#11,#15),#1755);
#11 = AXIS2_PLACEMENT_3D('',#12,#13,#14);
#12 = CARTESIAN_POINT('',(0.,0.,0.));
#13 = DIRECTION('',(0.,0.,1.));
#14 = DIRECTION('',(1.,0.,-0.));
#15 = MANIFOLD_SOLID_BREP('',#16);
#16 = CLOSED_SHELL('',(#17,#383,#459,#1274,#1350,#1399,#1426,#1433,#1509
    ,#1558,#1585,#1592,#1616,#1643,#1670,#1694,#1721,#1748));
#17 = ADVANCED_FACE('',(#18),#33,.T.);
#18 = FACE_BOUND('',#19,.T.);
#19 = EDGE_LOOP('',(#20,#60,#88,#121,#206,#239,#324,#357));
#20 = ORIENTED_EDGE('',*,*,#21,.T.);
#21 = EDGE_CURVE('',#22,#24,#26,.T.);
#22 = VERTEX_POINT('',#23);
#23 = CARTESIAN_POINT('',(62.3,13.784190210691,14.491242190906));
#24 = VERTEX_POINT('',#25);
#25 = CARTESIAN_POINT('',(62.3,-13.78419021069,14.491242190906));
#26 = SURFACE_CURVE('',#27,(#32,#44),.PCURVE_S1.);
#27 = CIRCLE('',#28,20.);
#28 = AXIS2_PLACEMENT_3D('',#29,#30,#31);
#29 = CARTESIAN_POINT('',(62.3,0.,0.));
#30 = DIRECTION('',(1.,0.,0.));
#31 = DIRECTION('',(-0.,1.,0.));
#32 = PCURVE('',#33,#38);
#33 = CYLINDRICAL_SURFACE('',#34,20.);
#34 = AXIS2_PLACEMENT_3D('',#35,#36,#37);
#35 = CARTESIAN_POINT('',(42.,0.,0.));
#36 = DIRECTION('',(1.,0.,0.));
#37 = DIRECTION('',(-0.,1.,0.));
#38 = DEFINITIONAL_REPRESENTATION('',(#39),#43);
#39 = LINE('',#40,#41);
#40 = CARTESIAN_POINT('',(0.,20.3));
#41 = VECTOR('',#42,1.);
#42 = DIRECTION('',(1.,0.));
#43 = ( GEOMETRIC_REPRESENTATION_CONTEXT(2) 
PARAMETRIC_REPRESENTATION_CONTEXT() REPRESENTATION_CONTEXT('2D SPACE',''
  ) );
#44 = PCURVE('',#45,#50);
#45 = PLANE('',#46);
#46 = AXIS2_PLACEMENT_3D('',#47,#48,#49);
#47 = CARTESIAN_POINT('',(62.3,0.,0.));
#48 = DIRECTION('',(-1.,0.,0.));
#49 = DIRECTION('',(0.,-0.689209510535,0.724562109545));
#50 = DEFINITIONAL_REPRESENTATION('',(#51),#59);
#51 = ( BOUNDED_CURVE() B_SPLINE_CURVE(2,(#52,#53,#54,#55,#56,#57,#58),
.UNSPECIFIED.,.T.,.F.) B_SPLINE_CURVE_WITH_KNOTS((1,2,2,2,2,1),(
    -2.094395102393,0.,2.094395102393,4.188790204786,6.28318530718,
8.377580409573),.UNSPECIFIED.) CURVE() GEOMETRIC_REPRESENTATION_ITEM() 
RATIONAL_B_SPLINE_CURVE((1.,0.5,1.,0.5,1.,0.5,1.)) REPRESENTATION_ITEM(
  '') );
#52 = CARTESIAN_POINT('',(-13.78419021069,14.491242190906));
#53 = CARTESIAN_POINT('',(11.315377528743,38.366159977016));
#54 = CARTESIAN_POINT('',(19.441878975063,4.691837797603));
#55 = CARTESIAN_POINT('',(27.568380421383,-28.98248438181));
#56 = CARTESIAN_POINT('',(-5.657688764371,-19.1830799885));
#57 = CARTESIAN_POINT('',(-38.88375795012,-9.383675595205));
#58 = CARTESIAN_POINT('',(-13.78419021069,14.491242190906));
#59 = ( GEOMETRIC_REPRESENTATION_CONTEXT(2) 
PARAMETRIC_REPRESENTATION_CONTEXT() REPRESENTATION_CONTEXT('2D SPACE',''
  ) );
#60 = ORIENTED_EDGE('',*,*,#61,.T.);
#61 = EDGE_CURVE('',#24,#62,#64,.T.);
#62 = VERTEX_POINT('',#63);
#63 = CARTESIAN_POINT('',(194.,-13.78419021069,14.491242190906));
#64 = SURFACE_CURVE('',#65,(#69,#76),.PCURVE_S1.);
#65 = LINE('',#66,#67);
#66 = CARTESIAN_POINT('',(62.3,-13.78419021069,14.491242190906));
#67 = VECTOR('',#68,1.);
#68 = DIRECTION('',(1.,0.,0.));
#69 = PCURVE('',#33,#70);
#70 = DEFINITIONAL_REPRESENTATION('',(#71),#75);
#71 = LINE('',#72,#73);
#72 = CARTESIAN_POINT('',(2.331193823406,20.3));
#73 = VECTOR('',#74,1.);
#74 = DIRECTION('',(0.,1.));
#75 = ( GEOMETRIC_REPRESENTATION_CONTEXT(2) 
PARAMETRIC_REPRESENTATION_CONTEXT() REPRESENTATION_CONTEXT('2D SPACE',''
  ) );
#76 = PCURVE('',#77,#82);
#77 = PLANE('',#78);
#78 = AXIS2_PLACEMENT_3D('',#79,#80,#81);
#79 = CARTESIAN_POINT('',(194.,0.,0.));
#80 = DIRECTION('',(-0.,0.724562109545,0.689209510535));
#81 = DIRECTION('',(0.,-0.689209510535,0.724562109545));
#82 = DEFINITIONAL_REPRESENTATION('',(#83),#87);
#83 = LINE('',#84,#85);
#84 = CARTESIAN_POINT('',(20.,-131.7));
#85 = VECTOR('',#86,1.);
#86 = DIRECTION('',(0.,1.));
#87 = ( GEOMETRIC_REPRESENTATION_CONTEXT(2) 
PARAMETRIC_REPRESENTATION_CONTEXT() REPRESENTATION_CONTEXT('2D SPACE',''
  ) );
#88 = ORIENTED_EDGE('',*,*,#89,.F.);
#89 = EDGE_CURVE('',#90,#62,#92,.T.);
#90 = VERTEX_POINT('',#91);
#91 = CARTESIAN_POINT('',(194.,-13.77867078609,14.496490312083));
#92 = SURFACE_CURVE('',#93,(#98,#105),.PCURVE_S1.);
#93 = CIRCLE('',#94,20.);
#94 = AXIS2_PLACEMENT_3D('',#95,#96,#97);
#95 = CARTESIAN_POINT('',(194.,0.,0.));
#96 = DIRECTION('',(1.,0.,0.));
#97 = DIRECTION('',(-0.,1.,0.));
#98 = PCURVE('',#33,#99);
#99 = DEFINITIONAL_REPRESENTATION('',(#100),#104);
#100 = LINE('',#101,#102);
#101 = CARTESIAN_POINT('',(0.,152.));
#102 = VECTOR('',#103,1.);
#103 = DIRECTION('',(1.,0.));
#104 = ( GEOMETRIC_REPRESENTATION_CONTEXT(2) 
PARAMETRIC_REPRESENTATION_CONTEXT() REPRESENTATION_CONTEXT('2D SPACE',''
  ) );
#105 = PCURVE('',#106,#111);
#106 = PLANE('',#107);
#107 = AXIS2_PLACEMENT_3D('',#108,#109,#110);
#108 = CARTESIAN_POINT('',(194.,0.,0.));
#109 = DIRECTION('',(-1.,0.,0.));
#110 = DIRECTION('',(0.,-0.689209510535,0.724562109545));
#111 = DEFINITIONAL_REPRESENTATION('',(#112),#120);
#112 = ( BOUNDED_CURVE() B_SPLINE_CURVE(2,(#113,#114,#115,#116,#117,#118
,#119),.UNSPECIFIED.,.T.,.F.) B_SPLINE_CURVE_WITH_KNOTS((1,2,2,2,2,1),(
    -2.094395102393,0.,2.094395102393,4.188790204786,6.28318530718,
8.377580409573),.UNSPECIFIED.) CURVE() GEOMETRIC_REPRESENTATION_ITEM() 
RATIONAL_B_SPLINE_CURVE((1.,0.5,1.,0.5,1.,0.5,1.)) REPRESENTATION_ITEM(
  '') );
#113 = CARTESIAN_POINT('',(-13.78419021069,14.491242190906));
#114 = CARTESIAN_POINT('',(11.315377528743,38.366159977016));
#115 = CARTESIAN_POINT('',(19.441878975063,4.691837797603));
#116 = CARTESIAN_POINT('',(27.568380421383,-28.98248438181));
#117 = CARTESIAN_POINT('',(-5.657688764371,-19.1830799885));
#118 = CARTESIAN_POINT('',(-38.88375795012,-9.383675595205));
#119 = CARTESIAN_POINT('',(-13.78419021069,14.491242190906));
#120 = ( GEOMETRIC_REPRESENTATION_CONTEXT(2) 
PARAMETRIC_REPRESENTATION_CONTEXT() REPRESENTATION_CONTEXT('2D SPACE',''
  ) );
#121 = ORIENTED_EDGE('',*,*,#122,.T.);
#122 = EDGE_CURVE('',#90,#123,#125,.T.);
#123 = VERTEX_POINT('',#124);
#124 = CARTESIAN_POINT('',(212.01493789743,-7.999978666684E-02,
    19.999840000213));
#125 = SURFACE_CURVE('',#126,(#149,#175),.PCURVE_S1.);
#126 = B_SPLINE_CURVE_WITH_KNOTS('',6,(#127,#128,#129,#130,#131,#132,
    #133,#134,#135,#136,#137,#138,#139,#140,#141,#142,#143,#144,#145,
    #146,#147,#148),.UNSPECIFIED.,.F.,.F.,(7,5,5,5,7),(0.,0.249042656888
    ,0.499857753515,0.751286376318,1.),.UNSPECIFIED.);
#127 = CARTESIAN_POINT('',(193.99998918503,-13.77867675731,
    14.496484636538));
#128 = CARTESIAN_POINT('',(194.75754684232,-13.36040988959,
    14.894040603595));
#129 = CARTESIAN_POINT('',(195.51213440325,-12.91852265095,
    15.286482062467));
#130 = CARTESIAN_POINT('',(196.26410075143,-12.4530639505,
    15.671327979575));
#131 = CARTESIAN_POINT('',(197.01383699908,-11.96455773795,
    16.045894299292));
#132 = CARTESIAN_POINT('',(197.7617647217,-11.45414489432,
    16.407427557336));
#133 = CARTESIAN_POINT('',(199.26005788445,-10.38931982019,
    17.101721485612));
#134 = CARTESIAN_POINT('',(200.0104375438,-9.834595508515,
    17.434274959583));
#135 = CARTESIAN_POINT('',(200.75971933472,-9.261313915235,
    17.748337456508));
#136 = CARTESIAN_POINT('',(201.50830004032,-8.671934735976,
    18.041472776966));
#137 = CARTESIAN_POINT('',(202.2565745643,-8.069474836231,
    18.311713243892));
#138 = CARTESIAN_POINT('',(203.75489764564,-6.843638105434,
    18.804308431303));
#139 = CARTESIAN_POINT('',(204.50500422591,-6.220166327106,
    19.026563444051));
#140 = CARTESIAN_POINT('',(205.25542054116,-5.590282365299,
    19.223107494125));
#141 = CARTESIAN_POINT('',(206.00654470365,-4.957552286219,
    19.393271987449));
#142 = CARTESIAN_POINT('',(206.75877662905,-4.325461899952,
    19.537119209296));
#143 = CARTESIAN_POINT('',(208.25797327811,-3.075770313173,
    19.772190239955));
#144 = CARTESIAN_POINT('',(209.00494149155,-2.458057827011,
    19.863971114818));
#145 = CARTESIAN_POINT('',(209.75371862823,-1.847154934249,
    19.931261941034));
#146 = CARTESIAN_POINT('',(210.5047244767,-1.245775744185,
    19.975259796943));
#147 = CARTESIAN_POINT('',(211.25834843178,-0.656143298802,
    19.997535413874));
#148 = CARTESIAN_POINT('',(212.01493789743,-7.999978666684E-02,
    19.999840000213));
#149 = PCURVE('',#33,#150);
#150 = DEFINITIONAL_REPRESENTATION('',(#151),#174);
#151 = B_SPLINE_CURVE_WITH_KNOTS('',6,(#152,#153,#154,#155,#156,#157,
    #158,#159,#160,#161,#162,#163,#164,#165,#166,#167,#168,#169,#170,
    #171,#172,#173),.UNSPECIFIED.,.F.,.F.,(7,5,5,5,7),(0.,0.249042656888
    ,0.499857753515,0.751286376318,1.),.UNSPECIFIED.);
#152 = CARTESIAN_POINT('',(2.330813424257,151.99998918503));
#153 = CARTESIAN_POINT('',(2.301960438294,152.75754684232));
#154 = CARTESIAN_POINT('',(2.272427600758,153.51213440325));
#155 = CARTESIAN_POINT('',(2.242258901446,154.26410075143));
#156 = CARTESIAN_POINT('',(2.211512401535,155.01383699908));
#157 = CARTESIAN_POINT('',(2.180261469176,155.7617647217));
#158 = CARTESIAN_POINT('',(2.116702510379,157.26005788445));
#159 = CARTESIAN_POINT('',(2.084387067905,158.0104375438));
#160 = CARTESIAN_POINT('',(2.051740998056,158.75971933472));
#161 = CARTESIAN_POINT('',(2.018867591662,159.50830004032));
#162 = CARTESIAN_POINT('',(1.985878732518,160.2565745643));
#163 = CARTESIAN_POINT('',(1.919823344599,161.75489764564));
#164 = CARTESIAN_POINT('',(1.886754259959,162.50500422591));
#165 = CARTESIAN_POINT('',(1.853801965034,163.25542054116));
#166 = CARTESIAN_POINT('',(1.821079136192,164.00654470365));
#167 = CARTESIAN_POINT('',(1.788689738196,164.75877662905));
#168 = CARTESIAN_POINT('',(1.725109327464,166.25797327811));
#169 = CARTESIAN_POINT('',(1.693907693905,167.00494149155));
#170 = CARTESIAN_POINT('',(1.663210130236,167.75371862823));
#171 = CARTESIAN_POINT('',(1.633089572988,168.5047244767));
#172 = CARTESIAN_POINT('',(1.603603732861,169.25834843178));
#173 = CARTESIAN_POINT('',(1.574796326795,170.01493789743));
#174 = ( GEOMETRIC_REPRESENTATION_CONTEXT(2) 
PARAMETRIC_REPRESENTATION_CONTEXT() REPRESENTATION_CONTEXT('2D SPACE',''
  ) );
#175 = PCURVE('',#176,#181);
#176 = B_SPLINE_SURFACE_WITH_KNOTS('',1,1,(
    (#177,#178)
    ,(#179,#180
  )),.UNSPECIFIED.,.F.,.F.,.F.,(2,2),(2,2),(0.,26.),(0.,1.),
  .PIECEWISE_BEZIER_KNOTS.);
#177 = CARTESIAN_POINT('',(193.99,0.,0.));
#178 = CARTESIAN_POINT('',(212.01493789743,0.,0.));
#179 = CARTESIAN_POINT('',(193.99,-17.91944727389,18.838614848177));
#180 = CARTESIAN_POINT('',(212.01493789743,-0.103999722667,
    25.999792000277));
#181 = DEFINITIONAL_REPRESENTATION('',(#182),#205);
#182 = B_SPLINE_CURVE_WITH_KNOTS('',6,(#183,#184,#185,#186,#187,#188,
    #189,#190,#191,#192,#193,#194,#195,#196,#197,#198,#199,#200,#201,
    #202,#203,#204),.UNSPECIFIED.,.F.,.F.,(7,5,5,5,7),(0.,0.249042656888
    ,0.499857753515,0.751286376318,1.),.UNSPECIFIED.);
#183 = CARTESIAN_POINT('',(20.003021399404,5.541869322433E-04));
#184 = CARTESIAN_POINT('',(20.232082477307,4.25824958006E-02));
#185 = CARTESIAN_POINT('',(20.44655783188,8.444602760449E-02));
#186 = CARTESIAN_POINT('',(20.643990020813,0.12616413795));
#187 = CARTESIAN_POINT('',(20.821909548492,0.167758525233));
#188 = CARTESIAN_POINT('',(20.978025209868,0.20925257791));
#189 = CARTESIAN_POINT('',(21.243871962572,0.292375924646));
#190 = CARTESIAN_POINT('',(21.353270943411,0.334006007569));
#191 = CARTESIAN_POINT('',(21.436761029554,0.375575182186));
#192 = CARTESIAN_POINT('',(21.492897043928,0.417105461506));
#193 = CARTESIAN_POINT('',(21.52092518821,0.458618754269));
#194 = CARTESIAN_POINT('',(21.520777784551,0.54174376085));
#195 = CARTESIAN_POINT('',(21.492464583664,0.583358693702));
#196 = CARTESIAN_POINT('',(21.435908135154,0.624990810247));
#197 = CARTESIAN_POINT('',(21.351872055226,0.666662197231));
#198 = CARTESIAN_POINT('',(21.241817463423,0.708395041454));
#199 = CARTESIAN_POINT('',(20.974983757231,0.79156851243));
#200 = CARTESIAN_POINT('',(20.818716157666,0.833009332792));
#201 = CARTESIAN_POINT('',(20.640730469902,0.874550509851));
#202 = CARTESIAN_POINT('',(20.443311093115,0.916215332928));
#203 = CARTESIAN_POINT('',(20.228918406305,0.958025405139));
#204 = CARTESIAN_POINT('',(20.,1.));
#205 = ( GEOMETRIC_REPRESENTATION_CONTEXT(2) 
PARAMETRIC_REPRESENTATION_CONTEXT() REPRESENTATION_CONTEXT('2D SPACE',''
  ) );
#206 = ORIENTED_EDGE('',*,*,#207,.F.);
#207 = EDGE_CURVE('',#208,#123,#210,.T.);
#208 = VERTEX_POINT('',#209);
#209 = CARTESIAN_POINT('',(212.01493789743,7.999978666684E-02,
    19.999840000213));
#210 = SURFACE_CURVE('',#211,(#216,#223),.PCURVE_S1.);
#211 = CIRCLE('',#212,20.);
#212 = AXIS2_PLACEMENT_3D('',#213,#214,#215);
#213 = CARTESIAN_POINT('',(212.01493789743,0.,0.));
#214 = DIRECTION('',(1.,0.,0.));
#215 = DIRECTION('',(-0.,1.,0.));
#216 = PCURVE('',#33,#217);
#217 = DEFINITIONAL_REPRESENTATION('',(#218),#222);
#218 = LINE('',#219,#220);
#219 = CARTESIAN_POINT('',(0.,170.01493789743));
#220 = VECTOR('',#221,1.);
#221 = DIRECTION('',(1.,0.));
#222 = ( GEOMETRIC_REPRESENTATION_CONTEXT(2) 
PARAMETRIC_REPRESENTATION_CONTEXT() REPRESENTATION_CONTEXT('2D SPACE',''
  ) );
#223 = PCURVE('',#224,#229);
#224 = PLANE('',#225);
#225 = AXIS2_PLACEMENT_3D('',#226,#227,#228);
#226 = CARTESIAN_POINT('',(212.01493789743,0.,0.));
#227 = DIRECTION('',(-1.,0.,0.));
#228 = DIRECTION('',(0.,-3.999989333342E-03,0.999992000011));
#229 = DEFINITIONAL_REPRESENTATION('',(#230),#238);
#230 = ( BOUNDED_CURVE() B_SPLINE_CURVE(2,(#231,#232,#233,#234,#235,#236
,#237),.UNSPECIFIED.,.T.,.F.) B_SPLINE_CURVE_WITH_KNOTS((1,2,2,2,2,1),(
    -2.094395102393,0.,2.094395102393,4.188790204786,6.28318530718,
8.377580409573),.UNSPECIFIED.) CURVE() GEOMETRIC_REPRESENTATION_ITEM() 
RATIONAL_B_SPLINE_CURVE((1.,0.5,1.,0.5,1.,0.5,1.)) REPRESENTATION_ITEM(
  '') );
#231 = CARTESIAN_POINT('',(-7.999978666684E-02,19.999840000213));
#232 = CARTESIAN_POINT('',(34.560739236951,20.138403695315));
#233 = CARTESIAN_POINT('',(17.360369405142,-9.930638152556));
#234 = CARTESIAN_POINT('',(0.159999573334,-39.99968000042));
#235 = CARTESIAN_POINT('',(-17.28036961847,-10.06920184765));
#236 = CARTESIAN_POINT('',(-34.72073881028,19.861276305112));
#237 = CARTESIAN_POINT('',(-7.999978666684E-02,19.999840000213));
#238 = ( GEOMETRIC_REPRESENTATION_CONTEXT(2) 
PARAMETRIC_REPRESENTATION_CONTEXT() REPRESENTATION_CONTEXT('2D SPACE',''
  ) );
#239 = ORIENTED_EDGE('',*,*,#240,.F.);
#240 = EDGE_CURVE('',#241,#208,#243,.T.);
#241 = VERTEX_POINT('',#242);
#242 = CARTESIAN_POINT('',(194.,13.778670786099,14.496490312083));
#243 = SURFACE_CURVE('',#244,(#267,#293),.PCURVE_S1.);
#244 = B_SPLINE_CURVE_WITH_KNOTS('',6,(#245,#246,#247,#248,#249,#250,
    #251,#252,#253,#254,#255,#256,#257,#258,#259,#260,#261,#262,#263,
    #264,#265,#266),.UNSPECIFIED.,.F.,.F.,(7,5,5,5,7),(0.,0.249042656888
    ,0.499857753515,0.751286376318,1.),.UNSPECIFIED.);
#245 = CARTESIAN_POINT('',(193.99998918503,13.778676757317,
    14.496484636538));
#246 = CARTESIAN_POINT('',(194.75754684232,13.360409889597,
    14.894040603595));
#247 = CARTESIAN_POINT('',(195.51213440325,12.918522650958,
    15.286482062467));
#248 = CARTESIAN_POINT('',(196.26410075143,12.453063950503,
    15.671327979575));
#249 = CARTESIAN_POINT('',(197.01383699908,11.964557737959,
    16.045894299292));
#250 = CARTESIAN_POINT('',(197.7617647217,11.454144894326,
    16.407427557336));
#251 = CARTESIAN_POINT('',(199.26005788445,10.389319820199,
    17.101721485613));
#252 = CARTESIAN_POINT('',(200.0104375438,9.834595508516,17.434274959583
    ));
#253 = CARTESIAN_POINT('',(200.75971933472,9.261313915234,
    17.748337456509));
#254 = CARTESIAN_POINT('',(201.50830004032,8.671934735976,
    18.041472776966));
#255 = CARTESIAN_POINT('',(202.2565745643,8.069474836231,18.311713243892
    ));
#256 = CARTESIAN_POINT('',(203.75489764564,6.843638105436,
    18.804308431302));
#257 = CARTESIAN_POINT('',(204.5050042259,6.22016632711,19.02656344405)
  );
#258 = CARTESIAN_POINT('',(205.25542054115,5.590282365305,
    19.223107494123));
#259 = CARTESIAN_POINT('',(206.00654470364,4.957552286227,
    19.393271987447));
#260 = CARTESIAN_POINT('',(206.75877662903,4.325461899963,
    19.537119209294));
#261 = CARTESIAN_POINT('',(208.25797327809,3.075770313185,
    19.772190239953));
#262 = CARTESIAN_POINT('',(209.00494149156,2.458057827011,
    19.863971114818));
#263 = CARTESIAN_POINT('',(209.75371862821,1.847154934266,
    19.931261941033));
#264 = CARTESIAN_POINT('',(210.50472447671,1.24577574418,19.975259796944
    ));
#265 = CARTESIAN_POINT('',(211.25834843177,0.656143298807,
    19.997535413874));
#266 = CARTESIAN_POINT('',(212.01493789743,7.999978666684E-02,
    19.999840000213));
#267 = PCURVE('',#33,#268);
#268 = DEFINITIONAL_REPRESENTATION('',(#269),#292);
#269 = B_SPLINE_CURVE_WITH_KNOTS('',6,(#270,#271,#272,#273,#274,#275,
    #276,#277,#278,#279,#280,#281,#282,#283,#284,#285,#286,#287,#288,
    #289,#290,#291),.UNSPECIFIED.,.F.,.F.,(7,5,5,5,7),(0.,0.249042656888
    ,0.499857753515,0.751286376318,1.),.UNSPECIFIED.);
#270 = CARTESIAN_POINT('',(0.810779229333,151.99998918503));
#271 = CARTESIAN_POINT('',(0.839632215295,152.75754684232));
#272 = CARTESIAN_POINT('',(0.869165052831,153.51213440325));
#273 = CARTESIAN_POINT('',(0.899333752144,154.26410075143));
#274 = CARTESIAN_POINT('',(0.930080252055,155.01383699908));
#275 = CARTESIAN_POINT('',(0.961331184414,155.7617647217));
#276 = CARTESIAN_POINT('',(1.024890143211,157.26005788445));
#277 = CARTESIAN_POINT('',(1.057205585685,158.0104375438));
#278 = CARTESIAN_POINT('',(1.089851655534,158.75971933472));
#279 = CARTESIAN_POINT('',(1.122725061928,159.50830004032));
#280 = CARTESIAN_POINT('',(1.155713921072,160.2565745643));
#281 = CARTESIAN_POINT('',(1.221769308991,161.75489764564));
#282 = CARTESIAN_POINT('',(1.254838393631,162.5050042259));
#283 = CARTESIAN_POINT('',(1.287790688556,163.25542054115));
#284 = CARTESIAN_POINT('',(1.320513517397,164.00654470364));
#285 = CARTESIAN_POINT('',(1.352902915393,164.75877662903));
#286 = CARTESIAN_POINT('',(1.416483326125,166.25797327809));
#287 = CARTESIAN_POINT('',(1.447684959685,167.00494149156));
#288 = CARTESIAN_POINT('',(1.478382523353,167.75371862821));
#289 = CARTESIAN_POINT('',(1.508503080602,168.50472447671));
#290 = CARTESIAN_POINT('',(1.537988920729,169.25834843177));
#291 = CARTESIAN_POINT('',(1.566796326795,170.01493789743));
#292 = ( GEOMETRIC_REPRESENTATION_CONTEXT(2) 
PARAMETRIC_REPRESENTATION_CONTEXT() REPRESENTATION_CONTEXT('2D SPACE',''
  ) );
#293 = PCURVE('',#294,#299);
#294 = B_SPLINE_SURFACE_WITH_KNOTS('',1,1,(
    (#295,#296)
    ,(#297,#298
  )),.UNSPECIFIED.,.F.,.F.,.F.,(2,2),(2,2),(0.,26.),(0.,1.),
  .PIECEWISE_BEZIER_KNOTS.);
#295 = CARTESIAN_POINT('',(193.99,17.919447273899,18.838614848177));
#296 = CARTESIAN_POINT('',(212.01493789743,0.103999722667,
    25.999792000277));
#297 = CARTESIAN_POINT('',(193.99,0.,0.));
#298 = CARTESIAN_POINT('',(212.01493789743,0.,0.));
#299 = DEFINITIONAL_REPRESENTATION('',(#300),#323);
#300 = B_SPLINE_CURVE_WITH_KNOTS('',6,(#301,#302,#303,#304,#305,#306,
    #307,#308,#309,#310,#311,#312,#313,#314,#315,#316,#317,#318,#319,
    #320,#321,#322),.UNSPECIFIED.,.F.,.F.,(7,5,5,5,7),(0.,0.249042656888
    ,0.499857753515,0.751286376318,1.),.UNSPECIFIED.);
#301 = CARTESIAN_POINT('',(5.996978600596,5.541869322433E-04));
#302 = CARTESIAN_POINT('',(5.767917522693,4.25824958006E-02));
#303 = CARTESIAN_POINT('',(5.55344216812,8.444602760449E-02));
#304 = CARTESIAN_POINT('',(5.356009979187,0.12616413795));
#305 = CARTESIAN_POINT('',(5.178090451508,0.167758525233));
#306 = CARTESIAN_POINT('',(5.021974790132,0.20925257791));
#307 = CARTESIAN_POINT('',(4.756128037428,0.292375924646));
#308 = CARTESIAN_POINT('',(4.646729056589,0.334006007569));
#309 = CARTESIAN_POINT('',(4.563238970446,0.375575182186));
#310 = CARTESIAN_POINT('',(4.507102956072,0.417105461506));
#311 = CARTESIAN_POINT('',(4.47907481179,0.458618754269));
#312 = CARTESIAN_POINT('',(4.479222215449,0.54174376085));
#313 = CARTESIAN_POINT('',(4.507535416336,0.583358693702));
#314 = CARTESIAN_POINT('',(4.564091864845,0.624990810246));
#315 = CARTESIAN_POINT('',(4.648127944773,0.666662197231));
#316 = CARTESIAN_POINT('',(4.758182536575,0.708395041453));
#317 = CARTESIAN_POINT('',(5.025016242766,0.791568512429));
#318 = CARTESIAN_POINT('',(5.181283842334,0.833009332792));
#319 = CARTESIAN_POINT('',(5.359269530092,0.87455050985));
#320 = CARTESIAN_POINT('',(5.556688906887,0.916215332929));
#321 = CARTESIAN_POINT('',(5.771081593693,0.958025405138));
#322 = CARTESIAN_POINT('',(6.,1.));
#323 = ( GEOMETRIC_REPRESENTATION_CONTEXT(2) 
PARAMETRIC_REPRESENTATION_CONTEXT() REPRESENTATION_CONTEXT('2D SPACE',''
  ) );
#324 = ORIENTED_EDGE('',*,*,#325,.F.);
#325 = EDGE_CURVE('',#326,#241,#328,.T.);
#326 = VERTEX_POINT('',#327);
#327 = CARTESIAN_POINT('',(194.,13.784190210691,14.491242190906));
#328 = SURFACE_CURVE('',#329,(#334,#341),.PCURVE_S1.);
#329 = CIRCLE('',#330,20.);
#330 = AXIS2_PLACEMENT_3D('',#331,#332,#333);
#331 = CARTESIAN_POINT('',(194.,0.,0.));
#332 = DIRECTION('',(1.,0.,0.));
#333 = DIRECTION('',(-0.,1.,0.));
#334 = PCURVE('',#33,#335);
#335 = DEFINITIONAL_REPRESENTATION('',(#336),#340);
#336 = LINE('',#337,#338);
#337 = CARTESIAN_POINT('',(0.,152.));
#338 = VECTOR('',#339,1.);
#339 = DIRECTION('',(1.,0.));
#340 = ( GEOMETRIC_REPRESENTATION_CONTEXT(2) 
PARAMETRIC_REPRESENTATION_CONTEXT() REPRESENTATION_CONTEXT('2D SPACE',''
  ) );
#341 = PCURVE('',#342,#347);
#342 = PLANE('',#343);
#343 = AXIS2_PLACEMENT_3D('',#344,#345,#346);
#344 = CARTESIAN_POINT('',(194.,0.,0.));
#345 = DIRECTION('',(-1.,0.,0.));
#346 = DIRECTION('',(0.,-0.689209510535,0.724562109545));
#347 = DEFINITIONAL_REPRESENTATION('',(#348),#356);
#348 = ( BOUNDED_CURVE() B_SPLINE_CURVE(2,(#349,#350,#351,#352,#353,#354
,#355),.UNSPECIFIED.,.T.,.F.) B_SPLINE_CURVE_WITH_KNOTS((1,2,2,2,2,1),(
    -2.094395102393,0.,2.094395102393,4.188790204786,6.28318530718,
8.377580409573),.UNSPECIFIED.) CURVE() GEOMETRIC_REPRESENTATION_ITEM() 
RATIONAL_B_SPLINE_CURVE((1.,0.5,1.,0.5,1.,0.5,1.)) REPRESENTATION_ITEM(
  '') );
#349 = CARTESIAN_POINT('',(-13.78419021069,14.491242190906));
#350 = CARTESIAN_POINT('',(11.315377528743,38.366159977016));
#351 = CARTESIAN_POINT('',(19.441878975063,4.691837797603));
#352 = CARTESIAN_POINT('',(27.568380421383,-28.98248438181));
#353 = CARTESIAN_POINT('',(-5.657688764371,-19.1830799885));
#354 = CARTESIAN_POINT('',(-38.88375795012,-9.383675595205));
#355 = CARTESIAN_POINT('',(-13.78419021069,14.491242190906));
#356 = ( GEOMETRIC_REPRESENTATION_CONTEXT(2) 
PARAMETRIC_REPRESENTATION_CONTEXT() REPRESENTATION_CONTEXT('2D SPACE',''
  ) );
#357 = ORIENTED_EDGE('',*,*,#358,.T.);
#358 = EDGE_CURVE('',#326,#22,#359,.T.);
#359 = SURFACE_CURVE('',#360,(#364,#371),.PCURVE_S1.);
#360 = LINE('',#361,#362);
#361 = CARTESIAN_POINT('',(194.,13.784190210691,14.491242190906));
#362 = VECTOR('',#363,1.);
#363 = DIRECTION('',(-1.,0.,0.));
#364 = PCURVE('',#33,#365);
#365 = DEFINITIONAL_REPRESENTATION('',(#366),#370);
#366 = LINE('',#367,#368);
#367 = CARTESIAN_POINT('',(0.810398830184,152.));
#368 = VECTOR('',#369,1.);
#369 = DIRECTION('',(-0.,-1.));
#370 = ( GEOMETRIC_REPRESENTATION_CONTEXT(2) 
PARAMETRIC_REPRESENTATION_CONTEXT() REPRESENTATION_CONTEXT('2D SPACE',''
  ) );
#371 = PCURVE('',#372,#377);
#372 = PLANE('',#373);
#373 = AXIS2_PLACEMENT_3D('',#374,#375,#376);
#374 = CARTESIAN_POINT('',(194.,17.919447273899,18.838614848177));
#375 = DIRECTION('',(0.,-0.724562109545,0.689209510535));
#376 = DIRECTION('',(0.,-0.689209510535,-0.724562109545));
#377 = DEFINITIONAL_REPRESENTATION('',(#378),#382);
#378 = LINE('',#379,#380);
#379 = CARTESIAN_POINT('',(6.,0.));
#380 = VECTOR('',#381,1.);
#381 = DIRECTION('',(-0.,-1.));
#382 = ( GEOMETRIC_REPRESENTATION_CONTEXT(2) 
PARAMETRIC_REPRESENTATION_CONTEXT() REPRESENTATION_CONTEXT('2D SPACE',''
  ) );
#383 = ADVANCED_FACE('',(#384),#372,.F.);
#384 = FACE_BOUND('',#385,.F.);
#385 = EDGE_LOOP('',(#386,#409,#437,#458));
#386 = ORIENTED_EDGE('',*,*,#387,.T.);
#387 = EDGE_CURVE('',#22,#388,#390,.T.);
#388 = VERTEX_POINT('',#389);
#389 = CARTESIAN_POINT('',(62.3,12.95713879805,13.621767659451));
#390 = SURFACE_CURVE('',#391,(#395,#402),.PCURVE_S1.);
#391 = LINE('',#392,#393);
#392 = CARTESIAN_POINT('',(62.3,17.919447273899,18.838614848177));
#393 = VECTOR('',#394,1.);
#394 = DIRECTION('',(0.,-0.689209510535,-0.724562109545));
#395 = PCURVE('',#372,#396);
#396 = DEFINITIONAL_REPRESENTATION('',(#397),#401);
#397 = LINE('',#398,#399);
#398 = CARTESIAN_POINT('',(-0.,-131.7));
#399 = VECTOR('',#400,1.);
#400 = DIRECTION('',(1.,0.));
#401 = ( GEOMETRIC_REPRESENTATION_CONTEXT(2) 
PARAMETRIC_REPRESENTATION_CONTEXT() REPRESENTATION_CONTEXT('2D SPACE',''
  ) );
#402 = PCURVE('',#45,#403);
#403 = DEFINITIONAL_REPRESENTATION('',(#404),#408);
#404 = LINE('',#405,#406);
#405 = CARTESIAN_POINT('',(1.299493030613,25.967505037323));
#406 = VECTOR('',#407,1.);
#407 = DIRECTION('',(-4.998050117741E-02,-0.998750193743));
#408 = ( GEOMETRIC_REPRESENTATION_CONTEXT(2) 
PARAMETRIC_REPRESENTATION_CONTEXT() REPRESENTATION_CONTEXT('2D SPACE',''
  ) );
#409 = ORIENTED_EDGE('',*,*,#410,.F.);
#410 = EDGE_CURVE('',#411,#388,#413,.T.);
#411 = VERTEX_POINT('',#412);
#412 = CARTESIAN_POINT('',(194.,12.95713879805,13.621767659451));
#413 = SURFACE_CURVE('',#414,(#418,#425),.PCURVE_S1.);
#414 = LINE('',#415,#416);
#415 = CARTESIAN_POINT('',(194.,12.95713879805,13.621767659451));
#416 = VECTOR('',#417,1.);
#417 = DIRECTION('',(-1.,0.,0.));
#418 = PCURVE('',#372,#419);
#419 = DEFINITIONAL_REPRESENTATION('',(#420),#424);
#420 = LINE('',#421,#422);
#421 = CARTESIAN_POINT('',(7.2,0.));
#422 = VECTOR('',#423,1.);
#423 = DIRECTION('',(-0.,-1.));
#424 = ( GEOMETRIC_REPRESENTATION_CONTEXT(2) 
PARAMETRIC_REPRESENTATION_CONTEXT() REPRESENTATION_CONTEXT('2D SPACE',''
  ) );
#425 = PCURVE('',#426,#431);
#426 = CYLINDRICAL_SURFACE('',#427,18.8);
#427 = AXIS2_PLACEMENT_3D('',#428,#429,#430);
#428 = CARTESIAN_POINT('',(42.,0.,0.));
#429 = DIRECTION('',(1.,0.,0.));
#430 = DIRECTION('',(-0.,1.,0.));
#431 = DEFINITIONAL_REPRESENTATION('',(#432),#436);
#432 = LINE('',#433,#434);
#433 = CARTESIAN_POINT('',(0.810398830184,152.));
#434 = VECTOR('',#435,1.);
#435 = DIRECTION('',(-0.,-1.));
#436 = ( GEOMETRIC_REPRESENTATION_CONTEXT(2) 
PARAMETRIC_REPRESENTATION_CONTEXT() REPRESENTATION_CONTEXT('2D SPACE',''
  ) );
#437 = ORIENTED_EDGE('',*,*,#438,.F.);
#438 = EDGE_CURVE('',#326,#411,#439,.T.);
#439 = SURFACE_CURVE('',#440,(#444,#451),.PCURVE_S1.);
#440 = LINE('',#441,#442);
#441 = CARTESIAN_POINT('',(194.,17.919447273899,18.838614848177));
#442 = VECTOR('',#443,1.);
#443 = DIRECTION('',(0.,-0.689209510535,-0.724562109545));
#444 = PCURVE('',#372,#445);
#445 = DEFINITIONAL_REPRESENTATION('',(#446),#450);
#446 = LINE('',#447,#448);
#447 = CARTESIAN_POINT('',(0.,0.));
#448 = VECTOR('',#449,1.);
#449 = DIRECTION('',(1.,0.));
#450 = ( GEOMETRIC_REPRESENTATION_CONTEXT(2) 
PARAMETRIC_REPRESENTATION_CONTEXT() REPRESENTATION_CONTEXT('2D SPACE',''
  ) );
#451 = PCURVE('',#342,#452);
#452 = DEFINITIONAL_REPRESENTATION('',(#453),#457);
#453 = LINE('',#454,#455);
#454 = CARTESIAN_POINT('',(1.299493030613,25.967505037323));
#455 = VECTOR('',#456,1.);
#456 = DIRECTION('',(-4.998050117741E-02,-0.998750193743));
#457 = ( GEOMETRIC_REPRESENTATION_CONTEXT(2) 
PARAMETRIC_REPRESENTATION_CONTEXT() REPRESENTATION_CONTEXT('2D SPACE',''
  ) );
#458 = ORIENTED_EDGE('',*,*,#358,.T.);
#459 = ADVANCED_FACE('',(#460,#756,#1015),#426,.F.);
#460 = FACE_BOUND('',#461,.F.);
#461 = EDGE_LOOP('',(#462,#490,#513,#541,#621,#649,#729,#755));
#462 = ORIENTED_EDGE('',*,*,#463,.T.);
#463 = EDGE_CURVE('',#388,#464,#466,.T.);
#464 = VERTEX_POINT('',#465);
#465 = CARTESIAN_POINT('',(62.3,-12.95713879805,13.621767659451));
#466 = SURFACE_CURVE('',#467,(#472,#479),.PCURVE_S1.);
#467 = CIRCLE('',#468,18.8);
#468 = AXIS2_PLACEMENT_3D('',#469,#470,#471);
#469 = CARTESIAN_POINT('',(62.3,0.,0.));
#470 = DIRECTION('',(1.,0.,0.));
#471 = DIRECTION('',(-0.,1.,0.));
#472 = PCURVE('',#426,#473);
#473 = DEFINITIONAL_REPRESENTATION('',(#474),#478);
#474 = LINE('',#475,#476);
#475 = CARTESIAN_POINT('',(0.,20.3));
#476 = VECTOR('',#477,1.);
#477 = DIRECTION('',(1.,0.));
#478 = ( GEOMETRIC_REPRESENTATION_CONTEXT(2) 
PARAMETRIC_REPRESENTATION_CONTEXT() REPRESENTATION_CONTEXT('2D SPACE',''
  ) );
#479 = PCURVE('',#45,#480);
#480 = DEFINITIONAL_REPRESENTATION('',(#481),#489);
#481 = ( BOUNDED_CURVE() B_SPLINE_CURVE(2,(#482,#483,#484,#485,#486,#487
,#488),.UNSPECIFIED.,.T.,.F.) B_SPLINE_CURVE_WITH_KNOTS((1,2,2,2,2,1),(
    -2.094395102393,0.,2.094395102393,4.188790204786,6.28318530718,
8.377580409573),.UNSPECIFIED.) CURVE() GEOMETRIC_REPRESENTATION_ITEM() 
RATIONAL_B_SPLINE_CURVE((1.,0.5,1.,0.5,1.,0.5,1.)) REPRESENTATION_ITEM(
  '') );
#482 = CARTESIAN_POINT('',(-12.95713879805,13.621767659451));
#483 = CARTESIAN_POINT('',(10.636454877018,36.064190378395));
#484 = CARTESIAN_POINT('',(18.275366236559,4.410327529747));
#485 = CARTESIAN_POINT('',(25.9142775961,-27.2435353189));
#486 = CARTESIAN_POINT('',(-5.318227438509,-18.03209518919));
#487 = CARTESIAN_POINT('',(-36.55073247311,-8.820655059493));
#488 = CARTESIAN_POINT('',(-12.95713879805,13.621767659451));
#489 = ( GEOMETRIC_REPRESENTATION_CONTEXT(2) 
PARAMETRIC_REPRESENTATION_CONTEXT() REPRESENTATION_CONTEXT('2D SPACE',''
  ) );
#490 = ORIENTED_EDGE('',*,*,#491,.T.);
#491 = EDGE_CURVE('',#464,#492,#494,.T.);
#492 = VERTEX_POINT('',#493);
#493 = CARTESIAN_POINT('',(194.,-12.95713879805,13.621767659451));
#494 = SURFACE_CURVE('',#495,(#499,#506),.PCURVE_S1.);
#495 = LINE('',#496,#497);
#496 = CARTESIAN_POINT('',(62.3,-12.95713879805,13.621767659451));
#497 = VECTOR('',#498,1.);
#498 = DIRECTION('',(1.,0.,0.));
#499 = PCURVE('',#426,#500);
#500 = DEFINITIONAL_REPRESENTATION('',(#501),#505);
#501 = LINE('',#502,#503);
#502 = CARTESIAN_POINT('',(2.331193823406,20.3));
#503 = VECTOR('',#504,1.);
#504 = DIRECTION('',(0.,1.));
#505 = ( GEOMETRIC_REPRESENTATION_CONTEXT(2) 
PARAMETRIC_REPRESENTATION_CONTEXT() REPRESENTATION_CONTEXT('2D SPACE',''
  ) );
#506 = PCURVE('',#77,#507);
#507 = DEFINITIONAL_REPRESENTATION('',(#508),#512);
#508 = LINE('',#509,#510);
#509 = CARTESIAN_POINT('',(18.8,-131.7));
#510 = VECTOR('',#511,1.);
#511 = DIRECTION('',(0.,1.));
#512 = ( GEOMETRIC_REPRESENTATION_CONTEXT(2) 
PARAMETRIC_REPRESENTATION_CONTEXT() REPRESENTATION_CONTEXT('2D SPACE',''
  ) );
#513 = ORIENTED_EDGE('',*,*,#514,.F.);
#514 = EDGE_CURVE('',#515,#492,#517,.T.);
#515 = VERTEX_POINT('',#516);
#516 = CARTESIAN_POINT('',(194.,-12.95195053893,13.626700893358));
#517 = SURFACE_CURVE('',#518,(#523,#530),.PCURVE_S1.);
#518 = CIRCLE('',#519,18.8);
#519 = AXIS2_PLACEMENT_3D('',#520,#521,#522);
#520 = CARTESIAN_POINT('',(194.,0.,0.));
#521 = DIRECTION('',(1.,0.,0.));
#522 = DIRECTION('',(-0.,1.,0.));
#523 = PCURVE('',#426,#524);
#524 = DEFINITIONAL_REPRESENTATION('',(#525),#529);
#525 = LINE('',#526,#527);
#526 = CARTESIAN_POINT('',(0.,152.));
#527 = VECTOR('',#528,1.);
#528 = DIRECTION('',(1.,0.));
#529 = ( GEOMETRIC_REPRESENTATION_CONTEXT(2) 
PARAMETRIC_REPRESENTATION_CONTEXT() REPRESENTATION_CONTEXT('2D SPACE',''
  ) );
#530 = PCURVE('',#106,#531);
#531 = DEFINITIONAL_REPRESENTATION('',(#532),#540);
#532 = ( BOUNDED_CURVE() B_SPLINE_CURVE(2,(#533,#534,#535,#536,#537,#538
,#539),.UNSPECIFIED.,.T.,.F.) B_SPLINE_CURVE_WITH_KNOTS((1,2,2,2,2,1),(
    -2.094395102393,0.,2.094395102393,4.188790204786,6.28318530718,
8.377580409573),.UNSPECIFIED.) CURVE() GEOMETRIC_REPRESENTATION_ITEM() 
RATIONAL_B_SPLINE_CURVE((1.,0.5,1.,0.5,1.,0.5,1.)) REPRESENTATION_ITEM(
  '') );
#533 = CARTESIAN_POINT('',(-12.95713879805,13.621767659451));
#534 = CARTESIAN_POINT('',(10.636454877018,36.064190378395));
#535 = CARTESIAN_POINT('',(18.275366236559,4.410327529747));
#536 = CARTESIAN_POINT('',(25.9142775961,-27.2435353189));
#537 = CARTESIAN_POINT('',(-5.318227438509,-18.03209518919));
#538 = CARTESIAN_POINT('',(-36.55073247311,-8.820655059493));
#539 = CARTESIAN_POINT('',(-12.95713879805,13.621767659451));
#540 = ( GEOMETRIC_REPRESENTATION_CONTEXT(2) 
PARAMETRIC_REPRESENTATION_CONTEXT() REPRESENTATION_CONTEXT('2D SPACE',''
  ) );
#541 = ORIENTED_EDGE('',*,*,#542,.T.);
#542 = EDGE_CURVE('',#515,#543,#545,.T.);
#543 = VERTEX_POINT('',#544);
#544 = CARTESIAN_POINT('',(212.01493789743,-7.519979946683E-02,
    18.799849600201));
#545 = SURFACE_CURVE('',#546,(#569,#595),.PCURVE_S1.);
#546 = B_SPLINE_CURVE_WITH_KNOTS('',6,(#547,#548,#549,#550,#551,#552,
    #553,#554,#555,#556,#557,#558,#559,#560,#561,#562,#563,#564,#565,
    #566,#567,#568),.UNSPECIFIED.,.F.,.F.,(7,5,5,5,7),(0.,0.249146219456
    ,0.499827490277,0.751138974169,1.),.UNSPECIFIED.);
#547 = CARTESIAN_POINT('',(193.99998918503,-12.95195615187,
    13.626695558345));
#548 = CARTESIAN_POINT('',(194.75699183716,-12.55907334274,
    14.000124383763));
#549 = CARTESIAN_POINT('',(195.5112938562,-12.1438823039,14.368883384385
    ));
#550 = CARTESIAN_POINT('',(196.26320731069,-11.70641654555,
    14.730623403949));
#551 = CARTESIAN_POINT('',(197.01308501156,-11.24716269771,
    15.082796271344));
#552 = CARTESIAN_POINT('',(197.76131035967,-10.76719899795,
    15.422783466748));
#553 = CARTESIAN_POINT('',(199.259734717,-9.766177267217,16.075477955466
    ));
#554 = CARTESIAN_POINT('',(200.00994938087,-9.244862872231,
    16.388017930329));
#555 = CARTESIAN_POINT('',(200.75916072311,-8.706042161709,
    16.683223002277));
#556 = CARTESIAN_POINT('',(201.50773095331,-8.152043334529,
    16.958780948769));
#557 = CARTESIAN_POINT('',(202.25602145898,-7.585726257879,
    17.212825938634));
#558 = CARTESIAN_POINT('',(203.75443147907,-6.433383788926,
    17.675919466244));
#559 = CARTESIAN_POINT('',(204.5046044345,-5.847271449626,
    17.884869747741));
#560 = CARTESIAN_POINT('',(205.25506010429,-5.255149963752,
    18.069639488438));
#561 = CARTESIAN_POINT('',(206.00616288457,-4.660400896798,
    18.229594708981));
#562 = CARTESIAN_POINT('',(206.75827790971,-4.066328854344,
    18.364798583506));
#563 = CARTESIAN_POINT('',(208.25778064906,-2.891371180492,
    18.585850186631));
#564 = CARTESIAN_POINT('',(209.00517453609,-2.310388803107,
    18.672171191987));
#565 = CARTESIAN_POINT('',(209.75422150465,-1.735938542949,
    18.735428910821));
#566 = CARTESIAN_POINT('',(210.50530352448,-1.170598141198,
    18.776766878698));
#567 = CARTESIAN_POINT('',(211.25877202663,-0.616471487112,
    18.797684501903));
#568 = CARTESIAN_POINT('',(212.01493789743,-7.519979946683E-02,
    18.799849600201));
#569 = PCURVE('',#426,#570);
#570 = DEFINITIONAL_REPRESENTATION('',(#571),#594);
#571 = B_SPLINE_CURVE_WITH_KNOTS('',6,(#572,#573,#574,#575,#576,#577,
    #578,#579,#580,#581,#582,#583,#584,#585,#586,#587,#588,#589,#590,
    #591,#592,#593),.UNSPECIFIED.,.F.,.F.,(7,5,5,5,7),(0.,0.249146219456
    ,0.499827490277,0.751138974169,1.),.UNSPECIFIED.);
#572 = CARTESIAN_POINT('',(2.330813424257,151.99998918503));
#573 = CARTESIAN_POINT('',(2.301981576693,152.75699183716));
#574 = CARTESIAN_POINT('',(2.272460775938,153.5112938562));
#575 = CARTESIAN_POINT('',(2.242295248962,154.26320731069));
#576 = CARTESIAN_POINT('',(2.211543724958,155.01308501156));
#577 = CARTESIAN_POINT('',(2.180280725876,155.76131035967));
#578 = CARTESIAN_POINT('',(2.116716237296,157.259734717));
#579 = CARTESIAN_POINT('',(2.08440818227,158.00994938087));
#580 = CARTESIAN_POINT('',(2.051765433872,158.75916072311));
#581 = CARTESIAN_POINT('',(2.018892618629,159.50773095331));
#582 = CARTESIAN_POINT('',(1.985903116979,160.25602145898));
#583 = CARTESIAN_POINT('',(1.919843895974,161.75443147907));
#584 = CARTESIAN_POINT('',(1.886771823721,162.5046044345));
#585 = CARTESIAN_POINT('',(1.85381770265,163.25506010429));
#586 = CARTESIAN_POINT('',(1.821095745033,164.00616288457));
#587 = CARTESIAN_POINT('',(1.788711288515,164.75827790971));
#588 = CARTESIAN_POINT('',(1.72511710128,166.25778064906));
#589 = CARTESIAN_POINT('',(1.693897654835,167.00517453609));
#590 = CARTESIAN_POINT('',(1.663189458745,167.75422150465));
#591 = CARTESIAN_POINT('',(1.633066639772,168.50530352448));
#592 = CARTESIAN_POINT('',(1.60358760434,169.25877202663));
#593 = CARTESIAN_POINT('',(1.574796326795,170.01493789743));
#594 = ( GEOMETRIC_REPRESENTATION_CONTEXT(2) 
PARAMETRIC_REPRESENTATION_CONTEXT() REPRESENTATION_CONTEXT('2D SPACE',''
  ) );
#595 = PCURVE('',#176,#596);
#596 = DEFINITIONAL_REPRESENTATION('',(#597),#620);
#597 = B_SPLINE_CURVE_WITH_KNOTS('',6,(#598,#599,#600,#601,#602,#603,
    #604,#605,#606,#607,#608,#609,#610,#611,#612,#613,#614,#615,#616,
    #617,#618,#619),.UNSPECIFIED.,.F.,.F.,(7,5,5,5,7),(0.,0.249146219456
    ,0.499827490277,0.751138974169,1.),.UNSPECIFIED.);
#598 = CARTESIAN_POINT('',(18.80284011544,5.541869322433E-04));
#599 = CARTESIAN_POINT('',(19.017999781898,4.255170483982E-02));
#600 = CARTESIAN_POINT('',(19.219544289813,8.439939515243E-02));
#601 = CARTESIAN_POINT('',(19.405141683624,0.126114571025));
#602 = CARTESIAN_POINT('',(19.572443157949,0.167716805948));
#603 = CARTESIAN_POINT('',(19.719267096436,0.209227370498));
#604 = CARTESIAN_POINT('',(19.969186568792,0.292357995738));
#605 = CARTESIAN_POINT('',(20.072012166843,0.333978924928));
#606 = CARTESIAN_POINT('',(20.150504873983,0.375544191144));
#607 = CARTESIAN_POINT('',(20.203290519398,0.417073889302));
#608 = CARTESIAN_POINT('',(20.229653981042,0.458588068709));
#609 = CARTESIAN_POINT('',(20.229546935929,0.541717898538));
#610 = CARTESIAN_POINT('',(20.202943436088,0.583336513798));
#611 = CARTESIAN_POINT('',(20.149786413707,0.624970813681));
#612 = CARTESIAN_POINT('',(20.070800000147,0.666641014408));
#613 = CARTESIAN_POINT('',(19.967373480965,0.708367373157));
#614 = CARTESIAN_POINT('',(19.716535135624,0.791557825622));
#615 = CARTESIAN_POINT('',(19.569557003922,0.833022261798));
#616 = CARTESIAN_POINT('',(19.402173909772,0.874578408778));
#617 = CARTESIAN_POINT('',(19.216562067512,0.916247457742));
#618 = CARTESIAN_POINT('',(19.015062826369,0.958048905627));
#619 = CARTESIAN_POINT('',(18.8,1.));
#620 = ( GEOMETRIC_REPRESENTATION_CONTEXT(2) 
PARAMETRIC_REPRESENTATION_CONTEXT() REPRESENTATION_CONTEXT('2D SPACE',''
  ) );
#621 = ORIENTED_EDGE('',*,*,#622,.F.);
#622 = EDGE_CURVE('',#623,#543,#625,.T.);
#623 = VERTEX_POINT('',#624);
#624 = CARTESIAN_POINT('',(212.01493789743,7.519979946683E-02,
    18.799849600201));
#625 = SURFACE_CURVE('',#626,(#631,#638),.PCURVE_S1.);
#626 = CIRCLE('',#627,18.8);
#627 = AXIS2_PLACEMENT_3D('',#628,#629,#630);
#628 = CARTESIAN_POINT('',(212.01493789743,0.,0.));
#629 = DIRECTION('',(1.,0.,0.));
#630 = DIRECTION('',(-0.,1.,0.));
#631 = PCURVE('',#426,#632);
#632 = DEFINITIONAL_REPRESENTATION('',(#633),#637);
#633 = LINE('',#634,#635);
#634 = CARTESIAN_POINT('',(0.,170.01493789743));
#635 = VECTOR('',#636,1.);
#636 = DIRECTION('',(1.,0.));
#637 = ( GEOMETRIC_REPRESENTATION_CONTEXT(2) 
PARAMETRIC_REPRESENTATION_CONTEXT() REPRESENTATION_CONTEXT('2D SPACE',''
  ) );
#638 = PCURVE('',#224,#639);
#639 = DEFINITIONAL_REPRESENTATION('',(#640),#648);
#640 = ( BOUNDED_CURVE() B_SPLINE_CURVE(2,(#641,#642,#643,#644,#645,#646
,#647),.UNSPECIFIED.,.T.,.F.) B_SPLINE_CURVE_WITH_KNOTS((1,2,2,2,2,1),(
    -2.094395102393,0.,2.094395102393,4.188790204786,6.28318530718,
8.377580409573),.UNSPECIFIED.) CURVE() GEOMETRIC_REPRESENTATION_ITEM() 
RATIONAL_B_SPLINE_CURVE((1.,0.5,1.,0.5,1.,0.5,1.)) REPRESENTATION_ITEM(
  '') );
#641 = CARTESIAN_POINT('',(-7.519979946683E-02,18.799849600201));
#642 = CARTESIAN_POINT('',(32.487094882734,18.930099473596));
#643 = CARTESIAN_POINT('',(16.318747240834,-9.334799863402));
#644 = CARTESIAN_POINT('',(0.150399598934,-37.5996992004));
#645 = CARTESIAN_POINT('',(-16.24354744136,-9.465049736798));
#646 = CARTESIAN_POINT('',(-32.63749448166,18.669599726805));
#647 = CARTESIAN_POINT('',(-7.519979946683E-02,18.799849600201));
#648 = ( GEOMETRIC_REPRESENTATION_CONTEXT(2) 
PARAMETRIC_REPRESENTATION_CONTEXT() REPRESENTATION_CONTEXT('2D SPACE',''
  ) );
#649 = ORIENTED_EDGE('',*,*,#650,.F.);
#650 = EDGE_CURVE('',#651,#623,#653,.T.);
#651 = VERTEX_POINT('',#652);
#652 = CARTESIAN_POINT('',(194.,12.951950538933,13.626700893358));
#653 = SURFACE_CURVE('',#654,(#677,#703),.PCURVE_S1.);
#654 = B_SPLINE_CURVE_WITH_KNOTS('',6,(#655,#656,#657,#658,#659,#660,
    #661,#662,#663,#664,#665,#666,#667,#668,#669,#670,#671,#672,#673,
    #674,#675,#676),.UNSPECIFIED.,.F.,.F.,(7,5,5,5,7),(0.,0.249146219456
    ,0.499827490277,0.751138974169,1.),.UNSPECIFIED.);
#655 = CARTESIAN_POINT('',(193.99998918503,12.951956151878,
    13.626695558345));
#656 = CARTESIAN_POINT('',(194.75699183716,12.559073342748,
    14.000124383763));
#657 = CARTESIAN_POINT('',(195.5112938562,12.143882303905,
    14.368883384385));
#658 = CARTESIAN_POINT('',(196.26320731069,11.706416545554,
    14.730623403949));
#659 = CARTESIAN_POINT('',(197.01308501156,11.24716269772,
    15.082796271344));
#660 = CARTESIAN_POINT('',(197.76131035967,10.767198997959,
    15.422783466748));
#661 = CARTESIAN_POINT('',(199.259734717,9.766177267217,16.075477955466)
  );
#662 = CARTESIAN_POINT('',(200.00994938087,9.244862872232,
    16.388017930329));
#663 = CARTESIAN_POINT('',(200.75916072311,8.706042161708,
    16.683223002277));
#664 = CARTESIAN_POINT('',(201.50773095331,8.15204333453,16.958780948769
    ));
#665 = CARTESIAN_POINT('',(202.25602145898,7.585726257879,
    17.212825938634));
#666 = CARTESIAN_POINT('',(203.75443147907,6.433383788927,
    17.675919466244));
#667 = CARTESIAN_POINT('',(204.5046044345,5.847271449625,17.884869747741
    ));
#668 = CARTESIAN_POINT('',(205.25506010429,5.255149963755,
    18.069639488438));
#669 = CARTESIAN_POINT('',(206.00616288457,4.660400896798,
    18.229594708981));
#670 = CARTESIAN_POINT('',(206.75827790971,4.066328854344,
    18.364798583506));
#671 = CARTESIAN_POINT('',(208.25778064906,2.891371180491,
    18.585850186631));
#672 = CARTESIAN_POINT('',(209.00517453608,2.310388803111,
    18.672171191986));
#673 = CARTESIAN_POINT('',(209.75422150466,1.735938542944,
    18.735428910821));
#674 = CARTESIAN_POINT('',(210.50530352447,1.170598141202,
    18.776766878698));
#675 = CARTESIAN_POINT('',(211.25877202663,0.616471487111,
    18.797684501903));
#676 = CARTESIAN_POINT('',(212.01493789743,7.519979946683E-02,
    18.799849600201));
#677 = PCURVE('',#426,#678);
#678 = DEFINITIONAL_REPRESENTATION('',(#679),#702);
#679 = B_SPLINE_CURVE_WITH_KNOTS('',6,(#680,#681,#682,#683,#684,#685,
    #686,#687,#688,#689,#690,#691,#692,#693,#694,#695,#696,#697,#698,
    #699,#700,#701),.UNSPECIFIED.,.F.,.F.,(7,5,5,5,7),(0.,0.249146219456
    ,0.499827490277,0.751138974169,1.),.UNSPECIFIED.);
#680 = CARTESIAN_POINT('',(0.810779229333,151.99998918503));
#681 = CARTESIAN_POINT('',(0.839611076896,152.75699183716));
#682 = CARTESIAN_POINT('',(0.869131877651,153.5112938562));
#683 = CARTESIAN_POINT('',(0.899297404628,154.26320731069));
#684 = CARTESIAN_POINT('',(0.930048928632,155.01308501156));
#685 = CARTESIAN_POINT('',(0.961311927714,155.76131035967));
#686 = CARTESIAN_POINT('',(1.024876416294,157.259734717));
#687 = CARTESIAN_POINT('',(1.05718447132,158.00994938087));
#688 = CARTESIAN_POINT('',(1.089827219718,158.75916072311));
#689 = CARTESIAN_POINT('',(1.122700034961,159.50773095331));
#690 = CARTESIAN_POINT('',(1.155689536611,160.25602145898));
#691 = CARTESIAN_POINT('',(1.221748757616,161.75443147907));
#692 = CARTESIAN_POINT('',(1.254820829869,162.5046044345));
#693 = CARTESIAN_POINT('',(1.28777495094,163.25506010429));
#694 = CARTESIAN_POINT('',(1.320496908557,164.00616288457));
#695 = CARTESIAN_POINT('',(1.352881365074,164.75827790971));
#696 = CARTESIAN_POINT('',(1.41647555231,166.25778064906));
#697 = CARTESIAN_POINT('',(1.447694998755,167.00517453608));
#698 = CARTESIAN_POINT('',(1.478403194845,167.75422150466));
#699 = CARTESIAN_POINT('',(1.508526013817,168.50530352447));
#700 = CARTESIAN_POINT('',(1.53800504925,169.25877202663));
#701 = CARTESIAN_POINT('',(1.566796326795,170.01493789743));
#702 = ( GEOMETRIC_REPRESENTATION_CONTEXT(2) 
PARAMETRIC_REPRESENTATION_CONTEXT() REPRESENTATION_CONTEXT('2D SPACE',''
  ) );
#703 = PCURVE('',#294,#704);
#704 = DEFINITIONAL_REPRESENTATION('',(#705),#728);
#705 = B_SPLINE_CURVE_WITH_KNOTS('',6,(#706,#707,#708,#709,#710,#711,
    #712,#713,#714,#715,#716,#717,#718,#719,#720,#721,#722,#723,#724,
    #725,#726,#727),.UNSPECIFIED.,.F.,.F.,(7,5,5,5,7),(0.,0.249146219456
    ,0.499827490277,0.751138974169,1.),.UNSPECIFIED.);
#706 = CARTESIAN_POINT('',(7.19715988456,5.541869322433E-04));
#707 = CARTESIAN_POINT('',(6.982000218102,4.255170483983E-02));
#708 = CARTESIAN_POINT('',(6.780455710187,8.43993951524E-02));
#709 = CARTESIAN_POINT('',(6.594858316376,0.126114571025));
#710 = CARTESIAN_POINT('',(6.427556842051,0.167716805948));
#711 = CARTESIAN_POINT('',(6.280732903564,0.209227370498));
#712 = CARTESIAN_POINT('',(6.030813431208,0.292357995738));
#713 = CARTESIAN_POINT('',(5.927987833157,0.333978924928));
#714 = CARTESIAN_POINT('',(5.849495126017,0.375544191144));
#715 = CARTESIAN_POINT('',(5.796709480602,0.417073889302));
#716 = CARTESIAN_POINT('',(5.770346018958,0.458588068709));
#717 = CARTESIAN_POINT('',(5.770453064071,0.541717898538));
#718 = CARTESIAN_POINT('',(5.797056563912,0.583336513798));
#719 = CARTESIAN_POINT('',(5.850213586293,0.62497081368));
#720 = CARTESIAN_POINT('',(5.929199999853,0.666641014408));
#721 = CARTESIAN_POINT('',(6.032626519034,0.708367373157));
#722 = CARTESIAN_POINT('',(6.283464864376,0.791557825622));
#723 = CARTESIAN_POINT('',(6.430442996077,0.833022261798));
#724 = CARTESIAN_POINT('',(6.597826090229,0.874578408778));
#725 = CARTESIAN_POINT('',(6.783437932486,0.916247457742));
#726 = CARTESIAN_POINT('',(6.984937173632,0.958048905627));
#727 = CARTESIAN_POINT('',(7.2,1.));
#728 = ( GEOMETRIC_REPRESENTATION_CONTEXT(2) 
PARAMETRIC_REPRESENTATION_CONTEXT() REPRESENTATION_CONTEXT('2D SPACE',''
  ) );
#729 = ORIENTED_EDGE('',*,*,#730,.F.);
#730 = EDGE_CURVE('',#411,#651,#731,.T.);
#731 = SURFACE_CURVE('',#732,(#737,#744),.PCURVE_S1.);
#732 = CIRCLE('',#733,18.8);
#733 = AXIS2_PLACEMENT_3D('',#734,#735,#736);
#734 = CARTESIAN_POINT('',(194.,0.,0.));
#735 = DIRECTION('',(1.,0.,0.));
#736 = DIRECTION('',(-0.,1.,0.));
#737 = PCURVE('',#426,#738);
#738 = DEFINITIONAL_REPRESENTATION('',(#739),#743);
#739 = LINE('',#740,#741);
#740 = CARTESIAN_POINT('',(0.,152.));
#741 = VECTOR('',#742,1.);
#742 = DIRECTION('',(1.,0.));
#743 = ( GEOMETRIC_REPRESENTATION_CONTEXT(2) 
PARAMETRIC_REPRESENTATION_CONTEXT() REPRESENTATION_CONTEXT('2D SPACE',''
  ) );
#744 = PCURVE('',#342,#745);
#745 = DEFINITIONAL_REPRESENTATION('',(#746),#754);
#746 = ( BOUNDED_CURVE() B_SPLINE_CURVE(2,(#747,#748,#749,#750,#751,#752
,#753),.UNSPECIFIED.,.T.,.F.) B_SPLINE_CURVE_WITH_KNOTS((1,2,2,2,2,1),(
    -2.094395102393,0.,2.094395102393,4.188790204786,6.28318530718,
8.377580409573),.UNSPECIFIED.) CURVE() GEOMETRIC_REPRESENTATION_ITEM() 
RATIONAL_B_SPLINE_CURVE((1.,0.5,1.,0.5,1.,0.5,1.)) REPRESENTATION_ITEM(
  '') );
#747 = CARTESIAN_POINT('',(-12.95713879805,13.621767659451));
#748 = CARTESIAN_POINT('',(10.636454877018,36.064190378395));
#749 = CARTESIAN_POINT('',(18.275366236559,4.410327529747));
#750 = CARTESIAN_POINT('',(25.9142775961,-27.2435353189));
#751 = CARTESIAN_POINT('',(-5.318227438509,-18.03209518919));
#752 = CARTESIAN_POINT('',(-36.55073247311,-8.820655059493));
#753 = CARTESIAN_POINT('',(-12.95713879805,13.621767659451));
#754 = ( GEOMETRIC_REPRESENTATION_CONTEXT(2) 
PARAMETRIC_REPRESENTATION_CONTEXT() REPRESENTATION_CONTEXT('2D SPACE',''
  ) );
#755 = ORIENTED_EDGE('',*,*,#410,.T.);
#756 = FACE_BOUND('',#757,.F.);
#757 = EDGE_LOOP('',(#758,#792,#985));
#758 = ORIENTED_EDGE('',*,*,#759,.F.);
#759 = EDGE_CURVE('',#760,#762,#764,.T.);
#760 = VERTEX_POINT('',#761);
#761 = CARTESIAN_POINT('',(69.028460175498,-1.22567110899,
    18.760003473683));
#762 = VERTEX_POINT('',#763);
#763 = CARTESIAN_POINT('',(70.489158122977,0.,18.8));
#764 = SURFACE_CURVE('',#765,(#770,#780),.PCURVE_S1.);
#765 = ELLIPSE('',#766,29.247607944976,18.8);
#766 = AXIS2_PLACEMENT_3D('',#767,#768,#769);
#767 = CARTESIAN_POINT('',(70.489158122977,0.,0.));
#768 = DIRECTION('',(-0.642787609687,0.766044443119,0.));
#769 = DIRECTION('',(0.766044443119,0.642787609687,0.));
#770 = PCURVE('',#426,#771);
#771 = DEFINITIONAL_REPRESENTATION('',(#772),#779);
#772 = B_SPLINE_CURVE_WITH_KNOTS('',5,(#773,#774,#775,#776,#777,#778),
  .UNSPECIFIED.,.F.,.F.,(6,6),(4.640612567067,4.718908553746),
  .PIECEWISE_BEZIER_KNOTS.);
#773 = CARTESIAN_POINT('',(1.642572740113,26.882390380751));
#774 = CARTESIAN_POINT('',(1.626913542777,27.232330828753));
#775 = CARTESIAN_POINT('',(1.611254345441,27.582763772073));
#776 = CARTESIAN_POINT('',(1.595595148105,27.933510441879));
#777 = CARTESIAN_POINT('',(1.57993595077,28.284391565955));
#778 = CARTESIAN_POINT('',(1.564276753434,28.635227917724));
#779 = ( GEOMETRIC_REPRESENTATION_CONTEXT(2) 
PARAMETRIC_REPRESENTATION_CONTEXT() REPRESENTATION_CONTEXT('2D SPACE',''
  ) );
#780 = PCURVE('',#781,#786);
#781 = PLANE('',#782);
#782 = AXIS2_PLACEMENT_3D('',#783,#784,#785);
#783 = CARTESIAN_POINT('',(69.028460175498,-1.22567110899,18.7));
#784 = DIRECTION('',(-0.642787609687,0.766044443119,0.));
#785 = DIRECTION('',(0.766044443119,0.642787609687,0.));
#786 = DEFINITIONAL_REPRESENTATION('',(#787),#791);
#787 = ELLIPSE('',#788,29.247607944976,18.8);
#788 = AXIS2_PLACEMENT_2D('',#789,#790);
#789 = CARTESIAN_POINT('',(1.906805748151,18.7));
#790 = DIRECTION('',(1.,0.));
#791 = ( GEOMETRIC_REPRESENTATION_CONTEXT(2) 
PARAMETRIC_REPRESENTATION_CONTEXT() REPRESENTATION_CONTEXT('2D SPACE',''
  ) );
#792 = ORIENTED_EDGE('',*,*,#793,.F.);
#793 = EDGE_CURVE('',#794,#760,#796,.T.);
#794 = VERTEX_POINT('',#795);
#795 = CARTESIAN_POINT('',(69.028460175498,1.22567110899,18.760003473683
    ));
#796 = SURFACE_CURVE('',#797,(#856,#918),.PCURVE_S1.);
#797 = B_SPLINE_CURVE_WITH_KNOTS('',8,(#798,#799,#800,#801,#802,#803,
    #804,#805,#806,#807,#808,#809,#810,#811,#812,#813,#814,#815,#816,
    #817,#818,#819,#820,#821,#822,#823,#824,#825,#826,#827,#828,#829,
    #830,#831,#832,#833,#834,#835,#836,#837,#838,#839,#840,#841,#842,
    #843,#844,#845,#846,#847,#848,#849,#850,#851,#852,#853,#854,#855),
  .UNSPECIFIED.,.F.,.F.,(9,7,7,7,7,7,7,7,9),(0.,4.628158638911E-02,
    0.162505415176,0.428246375527,0.546072881523,0.674616504921,
    0.839190592973,0.955166651836,1.),.UNSPECIFIED.);
#798 = CARTESIAN_POINT('',(69.028460175498,1.22567110899,18.760003473683
    ));
#799 = CARTESIAN_POINT('',(68.996427054555,1.25255008896,18.758247355181
    ));
#800 = CARTESIAN_POINT('',(68.963829020921,1.278272650686,
    18.756522588848));
#801 = CARTESIAN_POINT('',(68.930707414016,1.302846432933,
    18.754835315997));
#802 = CARTESIAN_POINT('',(68.897101376849,1.326279298012,
    18.753191195526));
#803 = CARTESIAN_POINT('',(68.86304789572,1.348579280146,18.751595418956
    ));
#804 = CARTESIAN_POINT('',(68.828581839912,1.369754533845,
    18.750052725475));
#805 = CARTESIAN_POINT('',(68.793736001385,1.389813282272,
    18.748567416983));
#806 = CARTESIAN_POINT('',(68.670158637135,1.456352837279,
    18.743567267775));
#807 = CARTESIAN_POINT('',(68.579572133674,1.496954426879,
    18.740377392017));
#808 = CARTESIAN_POINT('',(68.487254020097,1.53070489165,18.737634779074
    ));
#809 = CARTESIAN_POINT('',(68.393612915752,1.55772282246,18.735384932871
    ));
#810 = CARTESIAN_POINT('',(68.299008302891,1.578104180578,
    18.733660188605));
#811 = CARTESIAN_POINT('',(68.203764724497,1.591917569889,
    18.732481480916));
#812 = CARTESIAN_POINT('',(68.10818554036,1.599199644572,18.731859519677
    ));
#813 = CARTESIAN_POINT('',(67.793936683325,1.601667800073,
    18.731648705555));
#814 = CARTESIAN_POINT('',(67.574679070377,1.569244513044,
    18.734418157285));
#815 = CARTESIAN_POINT('',(67.358269049966,1.50245728071,18.740133523059
    ));
#816 = CARTESIAN_POINT('',(67.148771949658,1.40003995572,18.748572027001
    ));
#817 = CARTESIAN_POINT('',(66.951592400786,1.260369512659,
    18.759153567845));
#818 = CARTESIAN_POINT('',(66.774001204724,1.082029093415,
    18.770836505882));
#819 = CARTESIAN_POINT('',(66.62567772767,0.864343739776,18.781848023647
    ));
#820 = CARTESIAN_POINT('',(66.474192102649,0.496812064646,
    18.793773908525));
#821 = CARTESIAN_POINT('',(66.43627692739,0.376872334913,18.796889520728
    ));
#822 = CARTESIAN_POINT('',(66.408710718201,0.25150450623,18.799237121075
    ));
#823 = CARTESIAN_POINT('',(66.392666641831,0.122596839848,
    18.800632292699));
#824 = CARTESIAN_POINT('',(66.38875917219,-7.793857454558E-03,
    18.800969313841));
#825 = CARTESIAN_POINT('',(66.397040245885,-0.137551787157,
    18.800241186071));
#826 = CARTESIAN_POINT('',(66.416993535122,-0.264612644107,
    18.798536739474));
#827 = CARTESIAN_POINT('',(66.480837351137,-0.520676204104,
    18.793263504062));
#828 = CARTESIAN_POINT('',(66.526489059716,-0.647799680914,
    18.789559871534));
#829 = CARTESIAN_POINT('',(66.583064039953,-0.767446534753,
    18.78510794685));
#830 = CARTESIAN_POINT('',(66.649147927886,-0.878830390722,
    18.780140693232));
#831 = CARTESIAN_POINT('',(66.723323495734,-0.981362788123,
    18.774894919791));
#832 = CARTESIAN_POINT('',(66.804166780736,-1.074645443909,18.7695915346
    ));
#833 = CARTESIAN_POINT('',(66.890245766434,-1.158469419142,
    18.76442113856));
#834 = CARTESIAN_POINT('',(67.095189448282,-1.32801357764,18.7532791976)
  );
#835 = CARTESIAN_POINT('',(67.217353887024,-1.408402331923,
    18.747441845362));
#836 = CARTESIAN_POINT('',(67.344801384537,-1.474408240771,
    18.742296359179));
#837 = CARTESIAN_POINT('',(67.47610417697,-1.526429110006,18.73803885973
    ));
#838 = CARTESIAN_POINT('',(67.610083524881,-1.564796502762,
    18.734801900792));
#839 = CARTESIAN_POINT('',(67.745712004151,-1.589752954067,
    18.732666210217));
#840 = CARTESIAN_POINT('',(67.882042434805,-1.60144120975,
    18.731668063832));
#841 = CARTESIAN_POINT('',(68.114067343448,-1.598808857728,
    18.731892894986));
#842 = CARTESIAN_POINT('',(68.209929867743,-1.591148601868,
    18.732547098214));
#843 = CARTESIAN_POINT('',(68.305440171406,-1.576914790908,
    18.733761114408));
#844 = CARTESIAN_POINT('',(68.400291469884,-1.556069135664,
    18.735523729719));
#845 = CARTESIAN_POINT('',(68.494155083753,-1.528541085338,
    18.737813348715));
#846 = CARTESIAN_POINT('',(68.586666422487,-1.494232522105,
    18.740596779883));
#847 = CARTESIAN_POINT('',(68.677410498678,-1.453022604655,
    18.743827422091));
#848 = CARTESIAN_POINT('',(68.800117423295,-1.38612061752,
    18.748840483867));
#849 = CARTESIAN_POINT('',(68.833992380607,-1.366416221301,
    18.750295634793));
#850 = CARTESIAN_POINT('',(68.867503168964,-1.345651961401,
    18.751804671169));
#851 = CARTESIAN_POINT('',(68.900619272595,-1.323820259052,
    18.753363577076));
#852 = CARTESIAN_POINT('',(68.933308300891,-1.300913612777,
    18.754967941391));
#853 = CARTESIAN_POINT('',(68.965535953662,-1.276924643817,
    18.756612944842));
#854 = CARTESIAN_POINT('',(68.997265986391,-1.251846141565,
    18.75829334707));
#855 = CARTESIAN_POINT('',(69.028460175498,-1.22567110899,
    18.760003473683));
#856 = PCURVE('',#426,#857);
#857 = DEFINITIONAL_REPRESENTATION('',(#858),#917);
#858 = B_SPLINE_CURVE_WITH_KNOTS('',8,(#859,#860,#861,#862,#863,#864,
    #865,#866,#867,#868,#869,#870,#871,#872,#873,#874,#875,#876,#877,
    #878,#879,#880,#881,#882,#883,#884,#885,#886,#887,#888,#889,#890,
    #891,#892,#893,#894,#895,#896,#897,#898,#899,#900,#901,#902,#903,
    #904,#905,#906,#907,#908,#909,#910,#911,#912,#913,#914,#915,#916),
  .UNSPECIFIED.,.F.,.F.,(9,7,7,7,7,7,7,7,9),(0.,4.628158638911E-02,
    0.162505415176,0.428246375527,0.546072881523,0.674616504921,
    0.839190592973,0.955166651836,1.),.UNSPECIFIED.);
#859 = CARTESIAN_POINT('',(1.505554781894,27.028460175498));
#860 = CARTESIAN_POINT('',(1.504122000711,26.996427054555));
#861 = CARTESIAN_POINT('',(1.502750708987,26.963829020921));
#862 = CARTESIAN_POINT('',(1.501440518114,26.930707414016));
#863 = CARTESIAN_POINT('',(1.500191027509,26.897101376849));
#864 = CARTESIAN_POINT('',(1.499001827138,26.86304789572));
#865 = CARTESIAN_POINT('',(1.497872500044,26.828581839912));
#866 = CARTESIAN_POINT('',(1.49680262488,26.793736001385));
#867 = CARTESIAN_POINT('',(1.493253307862,26.670158637135));
#868 = CARTESIAN_POINT('',(1.491087006281,26.579572133674));
#869 = CARTESIAN_POINT('',(1.48928585975,26.487254020097));
#870 = CARTESIAN_POINT('',(1.487843764461,26.393612915752));
#871 = CARTESIAN_POINT('',(1.486755775096,26.299008302891));
#872 = CARTESIAN_POINT('',(1.486018350353,26.203764724497));
#873 = CARTESIAN_POINT('',(1.48562959565,26.10818554036));
#874 = CARTESIAN_POINT('',(1.485497832759,25.793936683325));
#875 = CARTESIAN_POINT('',(1.487228752212,25.574679070377));
#876 = CARTESIAN_POINT('',(1.490794267997,25.358269049966));
#877 = CARTESIAN_POINT('',(1.496260378366,25.148771949658));
#878 = CARTESIAN_POINT('',(1.503710699788,24.951592400787));
#879 = CARTESIAN_POINT('',(1.51321586994,24.774001204724));
#880 = CARTESIAN_POINT('',(1.52480777945,24.62567772767));
#881 = CARTESIAN_POINT('',(1.544367625903,24.474192102649));
#882 = CARTESIAN_POINT('',(1.550749422039,24.43627692739));
#883 = CARTESIAN_POINT('',(1.557418784472,24.408710718201));
#884 = CARTESIAN_POINT('',(1.564275544705,24.392666641831));
#885 = CARTESIAN_POINT('',(1.571210785286,24.38875917219));
#886 = CARTESIAN_POINT('',(1.578112546453,24.397040245885));
#887 = CARTESIAN_POINT('',(1.584871541266,24.416993535122));
#888 = CARTESIAN_POINT('',(1.59849483123,24.480837351137));
#889 = CARTESIAN_POINT('',(1.60525933931,24.526489059716));
#890 = CARTESIAN_POINT('',(1.611627611871,24.583064039953));
#891 = CARTESIAN_POINT('',(1.617557885943,24.649147927886));
#892 = CARTESIAN_POINT('',(1.623018679165,24.723323495734));
#893 = CARTESIAN_POINT('',(1.627988440331,24.804166780736));
#894 = CARTESIAN_POINT('',(1.632455598502,24.890245766434));
#895 = CARTESIAN_POINT('',(1.641493357639,25.095189448282));
#896 = CARTESIAN_POINT('',(1.645780512685,25.217353887024));
#897 = CARTESIAN_POINT('',(1.649302054967,25.344801384537));
#898 = CARTESIAN_POINT('',(1.652078355297,25.47610417697));
#899 = CARTESIAN_POINT('',(1.654126422711,25.610083524881));
#900 = CARTESIAN_POINT('',(1.655458745709,25.745712004151));
#901 = CARTESIAN_POINT('',(1.656082724249,25.882042434805));
#902 = CARTESIAN_POINT('',(1.655942195734,26.114067343448));
#903 = CARTESIAN_POINT('',(1.655533252033,26.209929867743));
#904 = CARTESIAN_POINT('',(1.65477338574,26.305440171406));
#905 = CARTESIAN_POINT('',(1.653660617868,26.400291469884));
#906 = CARTESIAN_POINT('',(1.652191306783,26.494155083753));
#907 = CARTESIAN_POINT('',(1.650360396245,26.586666422486));
#908 = CARTESIAN_POINT('',(1.648161666845,26.677410498678));
#909 = CARTESIAN_POINT('',(1.644593074175,26.800117423295));
#910 = CARTESIAN_POINT('',(1.643542114478,26.833992380607));
#911 = CARTESIAN_POINT('',(1.642434720966,26.867503168964));
#912 = CARTESIAN_POINT('',(1.641270505411,26.900619272595));
#913 = CARTESIAN_POINT('',(1.640049084352,26.933308300891));
#914 = CARTESIAN_POINT('',(1.638770081314,26.965535953662));
#915 = CARTESIAN_POINT('',(1.637433129038,26.997265986391));
#916 = CARTESIAN_POINT('',(1.636037871696,27.028460175498));
#917 = ( GEOMETRIC_REPRESENTATION_CONTEXT(2) 
PARAMETRIC_REPRESENTATION_CONTEXT() REPRESENTATION_CONTEXT('2D SPACE',''
  ) );
#918 = PCURVE('',#919,#924);
#919 = CYLINDRICAL_SURFACE('',#920,1.6);
#920 = AXIS2_PLACEMENT_3D('',#921,#922,#923);
#921 = CARTESIAN_POINT('',(68.,0.,18.7));
#922 = DIRECTION('',(0.,0.,1.));
#923 = DIRECTION('',(1.,0.,-0.));
#924 = DEFINITIONAL_REPRESENTATION('',(#925),#984);
#925 = B_SPLINE_CURVE_WITH_KNOTS('',8,(#926,#927,#928,#929,#930,#931,
    #932,#933,#934,#935,#936,#937,#938,#939,#940,#941,#942,#943,#944,
    #945,#946,#947,#948,#949,#950,#951,#952,#953,#954,#955,#956,#957,
    #958,#959,#960,#961,#962,#963,#964,#965,#966,#967,#968,#969,#970,
    #971,#972,#973,#974,#975,#976,#977,#978,#979,#980,#981,#982,#983),
  .UNSPECIFIED.,.F.,.F.,(9,7,7,7,7,7,7,7,9),(0.,4.628158638911E-02,
    0.162505415176,0.428246375527,0.546072881523,0.674616504921,
    0.839190592973,0.955166651836,1.),.UNSPECIFIED.);
#926 = CARTESIAN_POINT('',(0.872664625997,6.000347368268E-02));
#927 = CARTESIAN_POINT('',(0.898799794485,5.824735518123E-02));
#928 = CARTESIAN_POINT('',(0.924740852559,5.652258884763E-02));
#929 = CARTESIAN_POINT('',(0.95049826528,5.483531599704E-02));
#930 = CARTESIAN_POINT('',(0.976081968976,5.319119552613E-02));
#931 = CARTESIAN_POINT('',(1.001501518284,5.159541895603E-02));
#932 = CARTESIAN_POINT('',(1.026766233174,5.005272547524E-02));
#933 = CARTESIAN_POINT('',(1.051885345991,4.856741698254E-02));
#934 = CARTESIAN_POINT('',(1.139605776674,4.356726777538E-02));
#935 = CARTESIAN_POINT('',(1.201485921209,4.037739201711E-02));
#936 = CARTESIAN_POINT('',(1.262664921239,3.763477907365E-02));
#937 = CARTESIAN_POINT('',(1.323286841512,3.538493287074E-02));
#938 = CARTESIAN_POINT('',(1.383489194163,3.366018860459E-02));
#939 = CARTESIAN_POINT('',(1.443407464395,3.248148091631E-02));
#940 = CARTESIAN_POINT('',(1.503178440065,3.185951967739E-02));
#941 = CARTESIAN_POINT('',(1.699590033508,3.164870555491E-02));
#942 = CARTESIAN_POINT('',(1.836464024533,3.441815728517E-02));
#943 = CARTESIAN_POINT('',(1.975268800487,4.013352305929E-02));
#944 = CARTESIAN_POINT('',(2.11743663066,4.857202700064E-02));
#945 = CARTESIAN_POINT('',(2.264280306917,5.915356784533E-02));
#946 = CARTESIAN_POINT('',(2.417391233267,7.083650588207E-02));
#947 = CARTESIAN_POINT('',(2.578506356928,8.184802364675E-02));
#948 = CARTESIAN_POINT('',(2.826960504807,9.377390852505E-02));
#949 = CARTESIAN_POINT('',(2.905296535576,9.688952072828E-02));
#950 = CARTESIAN_POINT('',(2.984982834053,9.923712107522E-02));
#951 = CARTESIAN_POINT('',(3.065474627826,0.100632292699));
#952 = CARTESIAN_POINT('',(3.146295221997,0.100969313841));
#953 = CARTESIAN_POINT('',(3.226985840681,0.100241186071));
#954 = CARTESIAN_POINT('',(3.307056619473,9.853673947434E-02));
#955 = CARTESIAN_POINT('',(3.471995741293,9.326350406235E-02));
#956 = CARTESIAN_POINT('',(3.555990651627,8.955987153402E-02));
#957 = CARTESIAN_POINT('',(3.638073378428,8.510794685015E-02));
#958 = CARTESIAN_POINT('',(3.718331114532,8.014069323217E-02));
#959 = CARTESIAN_POINT('',(3.796803485565,7.489491979085E-02));
#960 = CARTESIAN_POINT('',(3.873488028867,6.959153460018E-02));
#961 = CARTESIAN_POINT('',(3.948336012821,6.442113856036E-02));
#962 = CARTESIAN_POINT('',(4.114575597094,5.327919759982E-02));
#963 = CARTESIAN_POINT('',(4.205432578384,4.744184536182E-02));
#964 = CARTESIAN_POINT('',(4.294342314374,4.229635917928E-02));
#965 = CARTESIAN_POINT('',(4.3817401462,3.803885972996E-02));
#966 = CARTESIAN_POINT('',(4.46801821226,3.480190079216E-02));
#967 = CARTESIAN_POINT('',(4.553542206811,3.266621021733E-02));
#968 = CARTESIAN_POINT('',(4.638660271033,3.166806383161E-02));
#969 = CARTESIAN_POINT('',(4.783685171249,3.189289498605E-02));
#970 = CARTESIAN_POINT('',(4.843649792979,3.254709821361E-02));
#971 = CARTESIAN_POINT('',(4.90376894329,3.376111440829E-02));
#972 = CARTESIAN_POINT('',(4.964180737572,3.552372971857E-02));
#973 = CARTESIAN_POINT('',(5.025022059422,3.781334871527E-02));
#974 = CARTESIAN_POINT('',(5.086431930997,4.059677988281E-02));
#975 = CARTESIAN_POINT('',(5.148556143307,4.38274220912E-02));
#976 = CARTESIAN_POINT('',(5.235906160371,4.884048386741E-02));
#977 = CARTESIAN_POINT('',(5.260389887446,5.029563479264E-02));
#978 = CARTESIAN_POINT('',(5.285012889772,5.180467116854E-02));
#979 = CARTESIAN_POINT('',(5.309783683146,5.3363577076E-02));
#980 = CARTESIAN_POINT('',(5.334710865974,5.496794139085E-02));
#981 = CARTESIAN_POINT('',(5.359803248165,5.6612944842E-02));
#982 = CARTESIAN_POINT('',(5.385069980029,5.829334706951E-02));
#983 = CARTESIAN_POINT('',(5.410520681182,6.000347368268E-02));
#984 = ( GEOMETRIC_REPRESENTATION_CONTEXT(2) 
PARAMETRIC_REPRESENTATION_CONTEXT() REPRESENTATION_CONTEXT('2D SPACE',''
  ) );
#985 = ORIENTED_EDGE('',*,*,#986,.F.);
#986 = EDGE_CURVE('',#762,#794,#987,.T.);
#987 = SURFACE_CURVE('',#988,(#993,#1003),.PCURVE_S1.);
#988 = ELLIPSE('',#989,29.247607944976,18.8);
#989 = AXIS2_PLACEMENT_3D('',#990,#991,#992);
#990 = CARTESIAN_POINT('',(70.489158122977,0.,0.));
#991 = DIRECTION('',(-0.642787609687,-0.766044443119,0.));
#992 = DIRECTION('',(0.766044443119,-0.642787609687,0.));
#993 = PCURVE('',#426,#994);
#994 = DEFINITIONAL_REPRESENTATION('',(#995),#1002);
#995 = B_SPLINE_CURVE_WITH_KNOTS('',5,(#996,#997,#998,#999,#1000,#1001),
  .UNSPECIFIED.,.F.,.F.,(6,6),(1.564276753434,1.642572740113),
  .PIECEWISE_BEZIER_KNOTS.);
#996 = CARTESIAN_POINT('',(1.577315900156,28.635227917724));
#997 = CARTESIAN_POINT('',(1.56165670282,28.284391565955));
#998 = CARTESIAN_POINT('',(1.545997505484,27.933510441879));
#999 = CARTESIAN_POINT('',(1.530338308149,27.582763772073));
#1000 = CARTESIAN_POINT('',(1.514679110813,27.232330828753));
#1001 = CARTESIAN_POINT('',(1.499019913477,26.882390380751));
#1002 = ( GEOMETRIC_REPRESENTATION_CONTEXT(2) 
PARAMETRIC_REPRESENTATION_CONTEXT() REPRESENTATION_CONTEXT('2D SPACE',''
  ) );
#1003 = PCURVE('',#1004,#1009);
#1004 = PLANE('',#1005);
#1005 = AXIS2_PLACEMENT_3D('',#1006,#1007,#1008);
#1006 = CARTESIAN_POINT('',(70.489158122977,0.,18.7));
#1007 = DIRECTION('',(-0.642787609687,-0.766044443119,0.));
#1008 = DIRECTION('',(-0.766044443119,0.642787609687,0.));
#1009 = DEFINITIONAL_REPRESENTATION('',(#1010),#1014);
#1010 = ELLIPSE('',#1011,29.247607944976,18.8);
#1011 = AXIS2_PLACEMENT_2D('',#1012,#1013);
#1012 = CARTESIAN_POINT('',(0.,18.7));
#1013 = DIRECTION('',(-1.,-0.));
#1014 = ( GEOMETRIC_REPRESENTATION_CONTEXT(2) 
PARAMETRIC_REPRESENTATION_CONTEXT() REPRESENTATION_CONTEXT('2D SPACE',''
  ) );
#1015 = FACE_BOUND('',#1016,.F.);
#1016 = EDGE_LOOP('',(#1017,#1051,#1244));
#1017 = ORIENTED_EDGE('',*,*,#1018,.F.);
#1018 = EDGE_CURVE('',#1019,#1021,#1023,.T.);
#1019 = VERTEX_POINT('',#1020);
#1020 = CARTESIAN_POINT('',(208.92846017549,-1.22567110899,
    18.760003473683));
#1021 = VERTEX_POINT('',#1022);
#1022 = CARTESIAN_POINT('',(210.38915812297,0.,18.8));
#1023 = SURFACE_CURVE('',#1024,(#1029,#1039),.PCURVE_S1.);
#1024 = ELLIPSE('',#1025,29.247607944976,18.8);
#1025 = AXIS2_PLACEMENT_3D('',#1026,#1027,#1028);
#1026 = CARTESIAN_POINT('',(210.38915812297,0.,0.));
#1027 = DIRECTION('',(-0.642787609687,0.766044443119,0.));
#1028 = DIRECTION('',(0.766044443119,0.642787609687,0.));
#1029 = PCURVE('',#426,#1030);
#1030 = DEFINITIONAL_REPRESENTATION('',(#1031),#1038);
#1031 = B_SPLINE_CURVE_WITH_KNOTS('',5,(#1032,#1033,#1034,#1035,#1036,
    #1037),.UNSPECIFIED.,.F.,.F.,(6,6),(4.640612567067,4.718908553746),
  .PIECEWISE_BEZIER_KNOTS.);
#1032 = CARTESIAN_POINT('',(1.642572740113,166.78239038075));
#1033 = CARTESIAN_POINT('',(1.626913542777,167.13233082875));
#1034 = CARTESIAN_POINT('',(1.611254345441,167.48276377207));
#1035 = CARTESIAN_POINT('',(1.595595148105,167.83351044188));
#1036 = CARTESIAN_POINT('',(1.57993595077,168.18439156595));
#1037 = CARTESIAN_POINT('',(1.564276753434,168.53522791772));
#1038 = ( GEOMETRIC_REPRESENTATION_CONTEXT(2) 
PARAMETRIC_REPRESENTATION_CONTEXT() REPRESENTATION_CONTEXT('2D SPACE',''
  ) );
#1039 = PCURVE('',#1040,#1045);
#1040 = PLANE('',#1041);
#1041 = AXIS2_PLACEMENT_3D('',#1042,#1043,#1044);
#1042 = CARTESIAN_POINT('',(208.92846017549,-1.22567110899,18.7));
#1043 = DIRECTION('',(-0.642787609687,0.766044443119,0.));
#1044 = DIRECTION('',(0.766044443119,0.642787609687,0.));
#1045 = DEFINITIONAL_REPRESENTATION('',(#1046),#1050);
#1046 = ELLIPSE('',#1047,29.247607944976,18.8);
#1047 = AXIS2_PLACEMENT_2D('',#1048,#1049);
#1048 = CARTESIAN_POINT('',(1.906805748151,18.7));
#1049 = DIRECTION('',(1.,0.));
#1050 = ( GEOMETRIC_REPRESENTATION_CONTEXT(2) 
PARAMETRIC_REPRESENTATION_CONTEXT() REPRESENTATION_CONTEXT('2D SPACE',''
  ) );
#1051 = ORIENTED_EDGE('',*,*,#1052,.F.);
#1052 = EDGE_CURVE('',#1053,#1019,#1055,.T.);
#1053 = VERTEX_POINT('',#1054);
#1054 = CARTESIAN_POINT('',(208.92846017549,1.22567110899,
    18.760003473683));
#1055 = SURFACE_CURVE('',#1056,(#1115,#1177),.PCURVE_S1.);
#1056 = B_SPLINE_CURVE_WITH_KNOTS('',8,(#1057,#1058,#1059,#1060,#1061,
    #1062,#1063,#1064,#1065,#1066,#1067,#1068,#1069,#1070,#1071,#1072,
    #1073,#1074,#1075,#1076,#1077,#1078,#1079,#1080,#1081,#1082,#1083,
    #1084,#1085,#1086,#1087,#1088,#1089,#1090,#1091,#1092,#1093,#1094,
    #1095,#1096,#1097,#1098,#1099,#1100,#1101,#1102,#1103,#1104,#1105,
    #1106,#1107,#1108,#1109,#1110,#1111,#1112,#1113,#1114),
  .UNSPECIFIED.,.F.,.F.,(9,7,7,7,7,7,7,7,9),(0.,4.628158630102E-02,
    0.16250541489,0.42824637474,0.546072880515,0.67461650368,
    0.839190591449,0.955166650091,1.),.UNSPECIFIED.);
#1057 = CARTESIAN_POINT('',(208.92846017549,1.22567110899,
    18.760003473683));
#1058 = CARTESIAN_POINT('',(208.89642705455,1.25255008896,
    18.758247355181));
#1059 = CARTESIAN_POINT('',(208.86382902092,1.278272650686,
    18.756522588848));
#1060 = CARTESIAN_POINT('',(208.83070741401,1.302846432933,
    18.754835315997));
#1061 = CARTESIAN_POINT('',(208.79710137684,1.326279298012,
    18.753191195526));
#1062 = CARTESIAN_POINT('',(208.76304789572,1.348579280146,
    18.751595418956));
#1063 = CARTESIAN_POINT('',(208.72858183991,1.369754533845,
    18.750052725475));
#1064 = CARTESIAN_POINT('',(208.69373600138,1.389813282272,
    18.748567416983));
#1065 = CARTESIAN_POINT('',(208.57015863711,1.456352837289,
    18.743567267775));
#1066 = CARTESIAN_POINT('',(208.47957213368,1.496954426871,
    18.740377392018));
#1067 = CARTESIAN_POINT('',(208.38725402011,1.530704891644,
    18.737634779074));
#1068 = CARTESIAN_POINT('',(208.29361291575,1.557722822464,
    18.73538493287));
#1069 = CARTESIAN_POINT('',(208.19900830287,1.578104180583,
    18.733660188604));
#1070 = CARTESIAN_POINT('',(208.10376472448,1.591917569887,
    18.732481480916));
#1071 = CARTESIAN_POINT('',(208.00818554037,1.599199644572,
    18.731859519677));
#1072 = CARTESIAN_POINT('',(207.69393668332,1.601667800073,
    18.731648705555));
#1073 = CARTESIAN_POINT('',(207.47467907037,1.569244513044,
    18.734418157285));
#1074 = CARTESIAN_POINT('',(207.25826904996,1.50245728071,
    18.740133523059));
#1075 = CARTESIAN_POINT('',(207.04877194965,1.40003995572,
    18.748572027001));
#1076 = CARTESIAN_POINT('',(206.85159240078,1.260369512659,
    18.759153567845));
#1077 = CARTESIAN_POINT('',(206.67400120472,1.082029093415,
    18.770836505882));
#1078 = CARTESIAN_POINT('',(206.52567772767,0.864343739776,
    18.781848023647));
#1079 = CARTESIAN_POINT('',(206.37419210264,0.496812064646,
    18.793773908525));
#1080 = CARTESIAN_POINT('',(206.33627692739,0.376872334913,
    18.796889520728));
#1081 = CARTESIAN_POINT('',(206.3087107182,0.25150450623,18.799237121075
    ));
#1082 = CARTESIAN_POINT('',(206.29266664183,0.122596839848,
    18.800632292699));
#1083 = CARTESIAN_POINT('',(206.28875917219,-7.793857454588E-03,
    18.800969313841));
#1084 = CARTESIAN_POINT('',(206.29704024588,-0.137551787157,
    18.800241186071));
#1085 = CARTESIAN_POINT('',(206.31699353512,-0.264612644107,
    18.798536739474));
#1086 = CARTESIAN_POINT('',(206.38083735114,-0.520676204115,
    18.793263504062));
#1087 = CARTESIAN_POINT('',(206.42648905971,-0.647799680918,
    18.789559871534));
#1088 = CARTESIAN_POINT('',(206.48306403995,-0.767446534747,
    18.78510794685));
#1089 = CARTESIAN_POINT('',(206.54914792788,-0.878830390714,
    18.780140693233));
#1090 = CARTESIAN_POINT('',(206.62332349572,-0.981362788119,
    18.774894919791));
#1091 = CARTESIAN_POINT('',(206.70416678073,-1.074645443913,
    18.7695915346));
#1092 = CARTESIAN_POINT('',(206.79024576644,-1.158469419149,
    18.76442113856));
#1093 = CARTESIAN_POINT('',(206.99518944828,-1.328013577639,
    18.7532791976));
#1094 = CARTESIAN_POINT('',(207.11735388702,-1.408402331922,
    18.747441845362));
#1095 = CARTESIAN_POINT('',(207.24480138453,-1.474408240771,
    18.742296359179));
#1096 = CARTESIAN_POINT('',(207.37610417697,-1.526429110006,
    18.73803885973));
#1097 = CARTESIAN_POINT('',(207.51008352488,-1.564796502762,
    18.734801900792));
#1098 = CARTESIAN_POINT('',(207.64571200415,-1.589752954067,
    18.732666210217));
#1099 = CARTESIAN_POINT('',(207.7820424348,-1.60144120975,
    18.731668063832));
#1100 = CARTESIAN_POINT('',(208.01406734342,-1.598808857729,
    18.731892894986));
#1101 = CARTESIAN_POINT('',(208.10992986775,-1.591148601871,
    18.732547098213));
#1102 = CARTESIAN_POINT('',(208.20544017142,-1.576914790904,
    18.733761114409));
#1103 = CARTESIAN_POINT('',(208.30029146988,-1.55606913566,
    18.735523729719));
#1104 = CARTESIAN_POINT('',(208.39415508373,-1.528541085344,
    18.737813348715));
#1105 = CARTESIAN_POINT('',(208.48666642247,-1.494232522114,
    18.740596779882));
#1106 = CARTESIAN_POINT('',(208.57741049869,-1.453022604646,
    18.743827422092));
#1107 = CARTESIAN_POINT('',(208.70011742468,-1.386120616763,
    18.748840483924));
#1108 = CARTESIAN_POINT('',(208.73399238114,-1.366416220901,
    18.75029563482));
#1109 = CARTESIAN_POINT('',(208.76750316829,-1.345651961743,
    18.751804671142));
#1110 = CARTESIAN_POINT('',(208.8006192714,-1.323820259862,
    18.75336357702));
#1111 = CARTESIAN_POINT('',(208.83330830017,-1.300913613384,
    18.754967941351));
#1112 = CARTESIAN_POINT('',(208.86553595403,-1.276924643608,
    18.756612944857));
#1113 = CARTESIAN_POINT('',(208.89726598749,-1.251846140636,
    18.75829334713));
#1114 = CARTESIAN_POINT('',(208.92846017549,-1.22567110899,
    18.760003473683));
#1115 = PCURVE('',#426,#1116);
#1116 = DEFINITIONAL_REPRESENTATION('',(#1117),#1176);
#1117 = B_SPLINE_CURVE_WITH_KNOTS('',8,(#1118,#1119,#1120,#1121,#1122,
    #1123,#1124,#1125,#1126,#1127,#1128,#1129,#1130,#1131,#1132,#1133,
    #1134,#1135,#1136,#1137,#1138,#1139,#1140,#1141,#1142,#1143,#1144,
    #1145,#1146,#1147,#1148,#1149,#1150,#1151,#1152,#1153,#1154,#1155,
    #1156,#1157,#1158,#1159,#1160,#1161,#1162,#1163,#1164,#1165,#1166,
    #1167,#1168,#1169,#1170,#1171,#1172,#1173,#1174,#1175),
  .UNSPECIFIED.,.F.,.F.,(9,7,7,7,7,7,7,7,9),(0.,4.628158630102E-02,
    0.16250541489,0.42824637474,0.546072880515,0.67461650368,
    0.839190591449,0.955166650091,1.),.UNSPECIFIED.);
#1118 = CARTESIAN_POINT('',(1.505554781894,166.92846017549));
#1119 = CARTESIAN_POINT('',(1.504122000711,166.89642705455));
#1120 = CARTESIAN_POINT('',(1.502750708987,166.86382902092));
#1121 = CARTESIAN_POINT('',(1.501440518114,166.83070741401));
#1122 = CARTESIAN_POINT('',(1.500191027509,166.79710137684));
#1123 = CARTESIAN_POINT('',(1.499001827138,166.76304789572));
#1124 = CARTESIAN_POINT('',(1.497872500044,166.72858183991));
#1125 = CARTESIAN_POINT('',(1.49680262488,166.69373600138));
#1126 = CARTESIAN_POINT('',(1.493253307861,166.57015863711));
#1127 = CARTESIAN_POINT('',(1.491087006281,166.47957213368));
#1128 = CARTESIAN_POINT('',(1.48928585975,166.38725402011));
#1129 = CARTESIAN_POINT('',(1.487843764461,166.29361291575));
#1130 = CARTESIAN_POINT('',(1.486755775096,166.19900830287));
#1131 = CARTESIAN_POINT('',(1.486018350353,166.10376472448));
#1132 = CARTESIAN_POINT('',(1.48562959565,166.00818554037));
#1133 = CARTESIAN_POINT('',(1.485497832759,165.69393668332));
#1134 = CARTESIAN_POINT('',(1.487228752212,165.47467907037));
#1135 = CARTESIAN_POINT('',(1.490794267997,165.25826904996));
#1136 = CARTESIAN_POINT('',(1.496260378366,165.04877194965));
#1137 = CARTESIAN_POINT('',(1.503710699788,164.85159240078));
#1138 = CARTESIAN_POINT('',(1.51321586994,164.67400120472));
#1139 = CARTESIAN_POINT('',(1.52480777945,164.52567772767));
#1140 = CARTESIAN_POINT('',(1.544367625903,164.37419210264));
#1141 = CARTESIAN_POINT('',(1.550749422039,164.33627692739));
#1142 = CARTESIAN_POINT('',(1.557418784472,164.3087107182));
#1143 = CARTESIAN_POINT('',(1.564275544705,164.29266664183));
#1144 = CARTESIAN_POINT('',(1.571210785286,164.28875917219));
#1145 = CARTESIAN_POINT('',(1.578112546453,164.29704024588));
#1146 = CARTESIAN_POINT('',(1.584871541266,164.31699353512));
#1147 = CARTESIAN_POINT('',(1.598494831231,164.38083735114));
#1148 = CARTESIAN_POINT('',(1.60525933931,164.42648905972));
#1149 = CARTESIAN_POINT('',(1.61162761187,164.48306403995));
#1150 = CARTESIAN_POINT('',(1.617557885942,164.54914792788));
#1151 = CARTESIAN_POINT('',(1.623018679165,164.62332349572));
#1152 = CARTESIAN_POINT('',(1.627988440331,164.70416678073));
#1153 = CARTESIAN_POINT('',(1.632455598502,164.79024576644));
#1154 = CARTESIAN_POINT('',(1.641493357639,164.99518944828));
#1155 = CARTESIAN_POINT('',(1.645780512685,165.11735388702));
#1156 = CARTESIAN_POINT('',(1.649302054967,165.24480138453));
#1157 = CARTESIAN_POINT('',(1.652078355297,165.37610417697));
#1158 = CARTESIAN_POINT('',(1.654126422711,165.51008352488));
#1159 = CARTESIAN_POINT('',(1.655458745709,165.64571200415));
#1160 = CARTESIAN_POINT('',(1.656082724249,165.7820424348));
#1161 = CARTESIAN_POINT('',(1.655942195734,166.01406734342));
#1162 = CARTESIAN_POINT('',(1.655533252033,166.10992986775));
#1163 = CARTESIAN_POINT('',(1.654773385739,166.20544017142));
#1164 = CARTESIAN_POINT('',(1.653660617867,166.30029146988));
#1165 = CARTESIAN_POINT('',(1.652191306783,166.39415508373));
#1166 = CARTESIAN_POINT('',(1.650360396246,166.48666642247));
#1167 = CARTESIAN_POINT('',(1.648161666844,166.57741049869));
#1168 = CARTESIAN_POINT('',(1.644593074135,166.70011742468));
#1169 = CARTESIAN_POINT('',(1.643542114456,166.73399238114));
#1170 = CARTESIAN_POINT('',(1.642434720984,166.76750316829));
#1171 = CARTESIAN_POINT('',(1.641270505454,166.8006192714));
#1172 = CARTESIAN_POINT('',(1.640049084384,166.83330830017));
#1173 = CARTESIAN_POINT('',(1.638770081303,166.86553595403));
#1174 = CARTESIAN_POINT('',(1.637433128988,166.89726598749));
#1175 = CARTESIAN_POINT('',(1.636037871696,166.92846017549));
#1176 = ( GEOMETRIC_REPRESENTATION_CONTEXT(2) 
PARAMETRIC_REPRESENTATION_CONTEXT() REPRESENTATION_CONTEXT('2D SPACE',''
  ) );
#1177 = PCURVE('',#1178,#1183);
#1178 = CYLINDRICAL_SURFACE('',#1179,1.6);
#1179 = AXIS2_PLACEMENT_3D('',#1180,#1181,#1182);
#1180 = CARTESIAN_POINT('',(207.9,0.,18.7));
#1181 = DIRECTION('',(0.,0.,1.));
#1182 = DIRECTION('',(1.,0.,-0.));
#1183 = DEFINITIONAL_REPRESENTATION('',(#1184),#1243);
#1184 = B_SPLINE_CURVE_WITH_KNOTS('',8,(#1185,#1186,#1187,#1188,#1189,
    #1190,#1191,#1192,#1193,#1194,#1195,#1196,#1197,#1198,#1199,#1200,
    #1201,#1202,#1203,#1204,#1205,#1206,#1207,#1208,#1209,#1210,#1211,
    #1212,#1213,#1214,#1215,#1216,#1217,#1218,#1219,#1220,#1221,#1222,
    #1223,#1224,#1225,#1226,#1227,#1228,#1229,#1230,#1231,#1232,#1233,
    #1234,#1235,#1236,#1237,#1238,#1239,#1240,#1241,#1242),
  .UNSPECIFIED.,.F.,.F.,(9,7,7,7,7,7,7,7,9),(0.,4.628158630102E-02,
    0.16250541489,0.42824637474,0.546072880515,0.67461650368,
    0.839190591449,0.955166650091,1.),.UNSPECIFIED.);
#1185 = CARTESIAN_POINT('',(0.872664625997,6.000347368268E-02));
#1186 = CARTESIAN_POINT('',(0.898799794485,5.824735518123E-02));
#1187 = CARTESIAN_POINT('',(0.924740852559,5.652258884763E-02));
#1188 = CARTESIAN_POINT('',(0.95049826528,5.483531599704E-02));
#1189 = CARTESIAN_POINT('',(0.976081968976,5.319119552613E-02));
#1190 = CARTESIAN_POINT('',(1.001501518284,5.159541895603E-02));
#1191 = CARTESIAN_POINT('',(1.026766233174,5.005272547523E-02));
#1192 = CARTESIAN_POINT('',(1.051885345991,4.856741698254E-02));
#1193 = CARTESIAN_POINT('',(1.139605776687,4.356726777465E-02));
#1194 = CARTESIAN_POINT('',(1.201485921202,4.037739201772E-02));
#1195 = CARTESIAN_POINT('',(1.262664921226,3.763477907408E-02));
#1196 = CARTESIAN_POINT('',(1.323286841512,3.538493287044E-02));
#1197 = CARTESIAN_POINT('',(1.383489194175,3.366018860428E-02));
#1198 = CARTESIAN_POINT('',(1.443407464402,3.248148091648E-02));
#1199 = CARTESIAN_POINT('',(1.503178440054,3.18595196774E-02));
#1200 = CARTESIAN_POINT('',(1.699590033508,3.164870555491E-02));
#1201 = CARTESIAN_POINT('',(1.836464024533,3.441815728518E-02));
#1202 = CARTESIAN_POINT('',(1.975268800487,4.013352305928E-02));
#1203 = CARTESIAN_POINT('',(2.11743663066,4.857202700065E-02));
#1204 = CARTESIAN_POINT('',(2.264280306917,5.915356784532E-02));
#1205 = CARTESIAN_POINT('',(2.417391233267,7.083650588207E-02));
#1206 = CARTESIAN_POINT('',(2.578506356928,8.184802364674E-02));
#1207 = CARTESIAN_POINT('',(2.826960504807,9.377390852504E-02));
#1208 = CARTESIAN_POINT('',(2.905296535576,9.688952072828E-02));
#1209 = CARTESIAN_POINT('',(2.984982834053,9.923712107522E-02));
#1210 = CARTESIAN_POINT('',(3.065474627826,0.100632292699));
#1211 = CARTESIAN_POINT('',(3.146295221997,0.100969313841));
#1212 = CARTESIAN_POINT('',(3.226985840682,0.100241186071));
#1213 = CARTESIAN_POINT('',(3.307056619472,9.853673947434E-02));
#1214 = CARTESIAN_POINT('',(3.4719957413,9.326350406212E-02));
#1215 = CARTESIAN_POINT('',(3.55599065163,8.955987153377E-02));
#1216 = CARTESIAN_POINT('',(3.638073378425,8.510794685026E-02));
#1217 = CARTESIAN_POINT('',(3.718331114526,8.01406932326E-02));
#1218 = CARTESIAN_POINT('',(3.796803485561,7.489491979117E-02));
#1219 = CARTESIAN_POINT('',(3.873488028869,6.959153460003E-02));
#1220 = CARTESIAN_POINT('',(3.948336012828,6.442113855988E-02));
#1221 = CARTESIAN_POINT('',(4.114575597093,5.327919759988E-02));
#1222 = CARTESIAN_POINT('',(4.205432578383,4.744184536188E-02));
#1223 = CARTESIAN_POINT('',(4.294342314373,4.229635917933E-02));
#1224 = CARTESIAN_POINT('',(4.381740146199,3.803885972996E-02));
#1225 = CARTESIAN_POINT('',(4.468018212261,3.480190079212E-02));
#1226 = CARTESIAN_POINT('',(4.553542206812,3.26662102173E-02));
#1227 = CARTESIAN_POINT('',(4.638660271034,3.166806383161E-02));
#1228 = CARTESIAN_POINT('',(4.783685171237,3.189289498603E-02));
#1229 = CARTESIAN_POINT('',(4.843649792986,3.254709821342E-02));
#1230 = CARTESIAN_POINT('',(4.903768943303,3.376111440862E-02));
#1231 = CARTESIAN_POINT('',(4.964180737572,3.552372971889E-02));
#1232 = CARTESIAN_POINT('',(5.025022059409,3.781334871484E-02));
#1233 = CARTESIAN_POINT('',(5.08643193099,4.059677988219E-02));
#1234 = CARTESIAN_POINT('',(5.14855614332,4.382742209193E-02));
#1235 = CARTESIAN_POINT('',(5.23590616136,4.884048392416E-02));
#1236 = CARTESIAN_POINT('',(5.260389887868,5.029563481964E-02));
#1237 = CARTESIAN_POINT('',(5.285012889302,5.180467114209E-02));
#1238 = CARTESIAN_POINT('',(5.309783682242,5.336357701951E-02));
#1239 = CARTESIAN_POINT('',(5.334710865387,5.496794135112E-02));
#1240 = CARTESIAN_POINT('',(5.359803248431,5.66129448574E-02));
#1241 = CARTESIAN_POINT('',(5.385069980932,5.82933471302E-02));
#1242 = CARTESIAN_POINT('',(5.410520681182,6.000347368268E-02));
#1243 = ( GEOMETRIC_REPRESENTATION_CONTEXT(2) 
PARAMETRIC_REPRESENTATION_CONTEXT() REPRESENTATION_CONTEXT('2D SPACE',''
  ) );
#1244 = ORIENTED_EDGE('',*,*,#1245,.F.);
#1245 = EDGE_CURVE('',#1021,#1053,#1246,.T.);
#1246 = SURFACE_CURVE('',#1247,(#1252,#1262),.PCURVE_S1.);
#1247 = ELLIPSE('',#1248,29.247607944976,18.8);
#1248 = AXIS2_PLACEMENT_3D('',#1249,#1250,#1251);
#1249 = CARTESIAN_POINT('',(210.38915812297,0.,0.));
#1250 = DIRECTION('',(-0.642787609687,-0.766044443119,0.));
#1251 = DIRECTION('',(0.766044443119,-0.642787609687,0.));
#1252 = PCURVE('',#426,#1253);
#1253 = DEFINITIONAL_REPRESENTATION('',(#1254),#1261);
#1254 = B_SPLINE_CURVE_WITH_KNOTS('',5,(#1255,#1256,#1257,#1258,#1259,
    #1260),.UNSPECIFIED.,.F.,.F.,(6,6),(1.564276753434,1.642572740113),
  .PIECEWISE_BEZIER_KNOTS.);
#1255 = CARTESIAN_POINT('',(1.577315900156,168.53522791772));
#1256 = CARTESIAN_POINT('',(1.56165670282,168.18439156595));
#1257 = CARTESIAN_POINT('',(1.545997505484,167.83351044188));
#1258 = CARTESIAN_POINT('',(1.530338308149,167.48276377207));
#1259 = CARTESIAN_POINT('',(1.514679110813,167.13233082875));
#1260 = CARTESIAN_POINT('',(1.499019913477,166.78239038075));
#1261 = ( GEOMETRIC_REPRESENTATION_CONTEXT(2) 
PARAMETRIC_REPRESENTATION_CONTEXT() REPRESENTATION_CONTEXT('2D SPACE',''
  ) );
#1262 = PCURVE('',#1263,#1268);
#1263 = PLANE('',#1264);
#1264 = AXIS2_PLACEMENT_3D('',#1265,#1266,#1267);
#1265 = CARTESIAN_POINT('',(210.38915812297,0.,18.7));
#1266 = DIRECTION('',(-0.642787609687,-0.766044443119,0.));
#1267 = DIRECTION('',(-0.766044443119,0.642787609687,0.));
#1268 = DEFINITIONAL_REPRESENTATION('',(#1269),#1273);
#1269 = ELLIPSE('',#1270,29.247607944976,18.8);
#1270 = AXIS2_PLACEMENT_2D('',#1271,#1272);
#1271 = CARTESIAN_POINT('',(0.,18.7));
#1272 = DIRECTION('',(-1.,-0.));
#1273 = ( GEOMETRIC_REPRESENTATION_CONTEXT(2) 
PARAMETRIC_REPRESENTATION_CONTEXT() REPRESENTATION_CONTEXT('2D SPACE',''
  ) );
#1274 = ADVANCED_FACE('',(#1275),#1263,.T.);
#1275 = FACE_BOUND('',#1276,.T.);
#1276 = EDGE_LOOP('',(#1277,#1278,#1301,#1329));
#1277 = ORIENTED_EDGE('',*,*,#1245,.F.);
#1278 = ORIENTED_EDGE('',*,*,#1279,.T.);
#1279 = EDGE_CURVE('',#1021,#1280,#1282,.T.);
#1280 = VERTEX_POINT('',#1281);
#1281 = CARTESIAN_POINT('',(210.38915812297,0.,19.6));
#1282 = SURFACE_CURVE('',#1283,(#1287,#1294),.PCURVE_S1.);
#1283 = LINE('',#1284,#1285);
#1284 = CARTESIAN_POINT('',(210.38915812297,0.,18.7));
#1285 = VECTOR('',#1286,1.);
#1286 = DIRECTION('',(0.,0.,1.));
#1287 = PCURVE('',#1263,#1288);
#1288 = DEFINITIONAL_REPRESENTATION('',(#1289),#1293);
#1289 = LINE('',#1290,#1291);
#1290 = CARTESIAN_POINT('',(0.,0.));
#1291 = VECTOR('',#1292,1.);
#1292 = DIRECTION('',(0.,-1.));
#1293 = ( GEOMETRIC_REPRESENTATION_CONTEXT(2) 
PARAMETRIC_REPRESENTATION_CONTEXT() REPRESENTATION_CONTEXT('2D SPACE',''
  ) );
#1294 = PCURVE('',#1040,#1295);
#1295 = DEFINITIONAL_REPRESENTATION('',(#1296),#1300);
#1296 = LINE('',#1297,#1298);
#1297 = CARTESIAN_POINT('',(1.906805748151,0.));
#1298 = VECTOR('',#1299,1.);
#1299 = DIRECTION('',(0.,-1.));
#1300 = ( GEOMETRIC_REPRESENTATION_CONTEXT(2) 
PARAMETRIC_REPRESENTATION_CONTEXT() REPRESENTATION_CONTEXT('2D SPACE',''
  ) );
#1301 = ORIENTED_EDGE('',*,*,#1302,.T.);
#1302 = EDGE_CURVE('',#1280,#1303,#1305,.T.);
#1303 = VERTEX_POINT('',#1304);
#1304 = CARTESIAN_POINT('',(208.92846017549,1.22567110899,19.6));
#1305 = SURFACE_CURVE('',#1306,(#1310,#1317),.PCURVE_S1.);
#1306 = LINE('',#1307,#1308);
#1307 = CARTESIAN_POINT('',(210.38915812297,0.,19.6));
#1308 = VECTOR('',#1309,1.);
#1309 = DIRECTION('',(-0.766044443119,0.642787609687,0.));
#1310 = PCURVE('',#1263,#1311);
#1311 = DEFINITIONAL_REPRESENTATION('',(#1312),#1316);
#1312 = LINE('',#1313,#1314);
#1313 = CARTESIAN_POINT('',(0.,-0.9));
#1314 = VECTOR('',#1315,1.);
#1315 = DIRECTION('',(1.,0.));
#1316 = ( GEOMETRIC_REPRESENTATION_CONTEXT(2) 
PARAMETRIC_REPRESENTATION_CONTEXT() REPRESENTATION_CONTEXT('2D SPACE',''
  ) );
#1317 = PCURVE('',#1318,#1323);
#1318 = PLANE('',#1319);
#1319 = AXIS2_PLACEMENT_3D('',#1320,#1321,#1322);
#1320 = CARTESIAN_POINT('',(209.37303923698,-3.544233765348E-17,19.6));
#1321 = DIRECTION('',(0.,0.,1.));
#1322 = DIRECTION('',(1.,0.,-0.));
#1323 = DEFINITIONAL_REPRESENTATION('',(#1324),#1328);
#1324 = LINE('',#1325,#1326);
#1325 = CARTESIAN_POINT('',(1.01611888599,3.544233765348E-17));
#1326 = VECTOR('',#1327,1.);
#1327 = DIRECTION('',(-0.766044443119,0.642787609687));
#1328 = ( GEOMETRIC_REPRESENTATION_CONTEXT(2) 
PARAMETRIC_REPRESENTATION_CONTEXT() REPRESENTATION_CONTEXT('2D SPACE',''
  ) );
#1329 = ORIENTED_EDGE('',*,*,#1330,.F.);
#1330 = EDGE_CURVE('',#1053,#1303,#1331,.T.);
#1331 = SURFACE_CURVE('',#1332,(#1336,#1343),.PCURVE_S1.);
#1332 = LINE('',#1333,#1334);
#1333 = CARTESIAN_POINT('',(208.92846017549,1.22567110899,18.7));
#1334 = VECTOR('',#1335,1.);
#1335 = DIRECTION('',(0.,0.,1.));
#1336 = PCURVE('',#1263,#1337);
#1337 = DEFINITIONAL_REPRESENTATION('',(#1338),#1342);
#1338 = LINE('',#1339,#1340);
#1339 = CARTESIAN_POINT('',(1.906805748151,0.));
#1340 = VECTOR('',#1341,1.);
#1341 = DIRECTION('',(0.,-1.));
#1342 = ( GEOMETRIC_REPRESENTATION_CONTEXT(2) 
PARAMETRIC_REPRESENTATION_CONTEXT() REPRESENTATION_CONTEXT('2D SPACE',''
  ) );
#1343 = PCURVE('',#1178,#1344);
#1344 = DEFINITIONAL_REPRESENTATION('',(#1345),#1349);
#1345 = LINE('',#1346,#1347);
#1346 = CARTESIAN_POINT('',(0.872664625997,0.));
#1347 = VECTOR('',#1348,1.);
#1348 = DIRECTION('',(0.,1.));
#1349 = ( GEOMETRIC_REPRESENTATION_CONTEXT(2) 
PARAMETRIC_REPRESENTATION_CONTEXT() REPRESENTATION_CONTEXT('2D SPACE',''
  ) );
#1350 = ADVANCED_FACE('',(#1351),#1318,.F.);
#1351 = FACE_BOUND('',#1352,.F.);
#1352 = EDGE_LOOP('',(#1353,#1376,#1377));
#1353 = ORIENTED_EDGE('',*,*,#1354,.T.);
#1354 = EDGE_CURVE('',#1355,#1280,#1357,.T.);
#1355 = VERTEX_POINT('',#1356);
#1356 = CARTESIAN_POINT('',(208.92846017549,-1.22567110899,19.6));
#1357 = SURFACE_CURVE('',#1358,(#1362,#1369),.PCURVE_S1.);
#1358 = LINE('',#1359,#1360);
#1359 = CARTESIAN_POINT('',(208.92846017549,-1.22567110899,19.6));
#1360 = VECTOR('',#1361,1.);
#1361 = DIRECTION('',(0.766044443119,0.642787609687,0.));
#1362 = PCURVE('',#1318,#1363);
#1363 = DEFINITIONAL_REPRESENTATION('',(#1364),#1368);
#1364 = LINE('',#1365,#1366);
#1365 = CARTESIAN_POINT('',(-0.444579061488,-1.22567110899));
#1366 = VECTOR('',#1367,1.);
#1367 = DIRECTION('',(0.766044443119,0.642787609687));
#1368 = ( GEOMETRIC_REPRESENTATION_CONTEXT(2) 
PARAMETRIC_REPRESENTATION_CONTEXT() REPRESENTATION_CONTEXT('2D SPACE',''
  ) );
#1369 = PCURVE('',#1040,#1370);
#1370 = DEFINITIONAL_REPRESENTATION('',(#1371),#1375);
#1371 = LINE('',#1372,#1373);
#1372 = CARTESIAN_POINT('',(0.,-0.9));
#1373 = VECTOR('',#1374,1.);
#1374 = DIRECTION('',(1.,0.));
#1375 = ( GEOMETRIC_REPRESENTATION_CONTEXT(2) 
PARAMETRIC_REPRESENTATION_CONTEXT() REPRESENTATION_CONTEXT('2D SPACE',''
  ) );
#1376 = ORIENTED_EDGE('',*,*,#1302,.T.);
#1377 = ORIENTED_EDGE('',*,*,#1378,.T.);
#1378 = EDGE_CURVE('',#1303,#1355,#1379,.T.);
#1379 = SURFACE_CURVE('',#1380,(#1385,#1392),.PCURVE_S1.);
#1380 = CIRCLE('',#1381,1.6);
#1381 = AXIS2_PLACEMENT_3D('',#1382,#1383,#1384);
#1382 = CARTESIAN_POINT('',(207.9,0.,19.6));
#1383 = DIRECTION('',(0.,0.,1.));
#1384 = DIRECTION('',(1.,0.,-0.));
#1385 = PCURVE('',#1318,#1386);
#1386 = DEFINITIONAL_REPRESENTATION('',(#1387),#1391);
#1387 = CIRCLE('',#1388,1.6);
#1388 = AXIS2_PLACEMENT_2D('',#1389,#1390);
#1389 = CARTESIAN_POINT('',(-1.473039236987,3.544233765348E-17));
#1390 = DIRECTION('',(1.,0.));
#1391 = ( GEOMETRIC_REPRESENTATION_CONTEXT(2) 
PARAMETRIC_REPRESENTATION_CONTEXT() REPRESENTATION_CONTEXT('2D SPACE',''
  ) );
#1392 = PCURVE('',#1178,#1393);
#1393 = DEFINITIONAL_REPRESENTATION('',(#1394),#1398);
#1394 = LINE('',#1395,#1396);
#1395 = CARTESIAN_POINT('',(0.,0.9));
#1396 = VECTOR('',#1397,1.);
#1397 = DIRECTION('',(1.,0.));
#1398 = ( GEOMETRIC_REPRESENTATION_CONTEXT(2) 
PARAMETRIC_REPRESENTATION_CONTEXT() REPRESENTATION_CONTEXT('2D SPACE',''
  ) );
#1399 = ADVANCED_FACE('',(#1400),#1178,.F.);
#1400 = FACE_BOUND('',#1401,.F.);
#1401 = EDGE_LOOP('',(#1402,#1403,#1404,#1405));
#1402 = ORIENTED_EDGE('',*,*,#1378,.F.);
#1403 = ORIENTED_EDGE('',*,*,#1330,.F.);
#1404 = ORIENTED_EDGE('',*,*,#1052,.T.);
#1405 = ORIENTED_EDGE('',*,*,#1406,.T.);
#1406 = EDGE_CURVE('',#1019,#1355,#1407,.T.);
#1407 = SURFACE_CURVE('',#1408,(#1412,#1419),.PCURVE_S1.);
#1408 = LINE('',#1409,#1410);
#1409 = CARTESIAN_POINT('',(208.92846017549,-1.22567110899,18.7));
#1410 = VECTOR('',#1411,1.);
#1411 = DIRECTION('',(0.,0.,1.));
#1412 = PCURVE('',#1178,#1413);
#1413 = DEFINITIONAL_REPRESENTATION('',(#1414),#1418);
#1414 = LINE('',#1415,#1416);
#1415 = CARTESIAN_POINT('',(5.410520681182,0.));
#1416 = VECTOR('',#1417,1.);
#1417 = DIRECTION('',(0.,1.));
#1418 = ( GEOMETRIC_REPRESENTATION_CONTEXT(2) 
PARAMETRIC_REPRESENTATION_CONTEXT() REPRESENTATION_CONTEXT('2D SPACE',''
  ) );
#1419 = PCURVE('',#1040,#1420);
#1420 = DEFINITIONAL_REPRESENTATION('',(#1421),#1425);
#1421 = LINE('',#1422,#1423);
#1422 = CARTESIAN_POINT('',(0.,0.));
#1423 = VECTOR('',#1424,1.);
#1424 = DIRECTION('',(0.,-1.));
#1425 = ( GEOMETRIC_REPRESENTATION_CONTEXT(2) 
PARAMETRIC_REPRESENTATION_CONTEXT() REPRESENTATION_CONTEXT('2D SPACE',''
  ) );
#1426 = ADVANCED_FACE('',(#1427),#1040,.T.);
#1427 = FACE_BOUND('',#1428,.T.);
#1428 = EDGE_LOOP('',(#1429,#1430,#1431,#1432));
#1429 = ORIENTED_EDGE('',*,*,#1018,.F.);
#1430 = ORIENTED_EDGE('',*,*,#1406,.T.);
#1431 = ORIENTED_EDGE('',*,*,#1354,.T.);
#1432 = ORIENTED_EDGE('',*,*,#1279,.F.);
#1433 = ADVANCED_FACE('',(#1434),#1004,.T.);
#1434 = FACE_BOUND('',#1435,.T.);
#1435 = EDGE_LOOP('',(#1436,#1437,#1460,#1488));
#1436 = ORIENTED_EDGE('',*,*,#986,.F.);
#1437 = ORIENTED_EDGE('',*,*,#1438,.T.);
#1438 = EDGE_CURVE('',#762,#1439,#1441,.T.);
#1439 = VERTEX_POINT('',#1440);
#1440 = CARTESIAN_POINT('',(70.489158122977,0.,19.6));
#1441 = SURFACE_CURVE('',#1442,(#1446,#1453),.PCURVE_S1.);
#1442 = LINE('',#1443,#1444);
#1443 = CARTESIAN_POINT('',(70.489158122977,0.,18.7));
#1444 = VECTOR('',#1445,1.);
#1445 = DIRECTION('',(0.,0.,1.));
#1446 = PCURVE('',#1004,#1447);
#1447 = DEFINITIONAL_REPRESENTATION('',(#1448),#1452);
#1448 = LINE('',#1449,#1450);
#1449 = CARTESIAN_POINT('',(0.,0.));
#1450 = VECTOR('',#1451,1.);
#1451 = DIRECTION('',(0.,-1.));
#1452 = ( GEOMETRIC_REPRESENTATION_CONTEXT(2) 
PARAMETRIC_REPRESENTATION_CONTEXT() REPRESENTATION_CONTEXT('2D SPACE',''
  ) );
#1453 = PCURVE('',#781,#1454);
#1454 = DEFINITIONAL_REPRESENTATION('',(#1455),#1459);
#1455 = LINE('',#1456,#1457);
#1456 = CARTESIAN_POINT('',(1.906805748151,0.));
#1457 = VECTOR('',#1458,1.);
#1458 = DIRECTION('',(0.,-1.));
#1459 = ( GEOMETRIC_REPRESENTATION_CONTEXT(2) 
PARAMETRIC_REPRESENTATION_CONTEXT() REPRESENTATION_CONTEXT('2D SPACE',''
  ) );
#1460 = ORIENTED_EDGE('',*,*,#1461,.T.);
#1461 = EDGE_CURVE('',#1439,#1462,#1464,.T.);
#1462 = VERTEX_POINT('',#1463);
#1463 = CARTESIAN_POINT('',(69.028460175498,1.22567110899,19.6));
#1464 = SURFACE_CURVE('',#1465,(#1469,#1476),.PCURVE_S1.);
#1465 = LINE('',#1466,#1467);
#1466 = CARTESIAN_POINT('',(70.489158122977,0.,19.6));
#1467 = VECTOR('',#1468,1.);
#1468 = DIRECTION('',(-0.766044443119,0.642787609687,0.));
#1469 = PCURVE('',#1004,#1470);
#1470 = DEFINITIONAL_REPRESENTATION('',(#1471),#1475);
#1471 = LINE('',#1472,#1473);
#1472 = CARTESIAN_POINT('',(0.,-0.9));
#1473 = VECTOR('',#1474,1.);
#1474 = DIRECTION('',(1.,0.));
#1475 = ( GEOMETRIC_REPRESENTATION_CONTEXT(2) 
PARAMETRIC_REPRESENTATION_CONTEXT() REPRESENTATION_CONTEXT('2D SPACE',''
  ) );
#1476 = PCURVE('',#1477,#1482);
#1477 = PLANE('',#1478);
#1478 = AXIS2_PLACEMENT_3D('',#1479,#1480,#1481);
#1479 = CARTESIAN_POINT('',(69.473039236987,-3.544233765348E-17,19.6));
#1480 = DIRECTION('',(0.,0.,1.));
#1481 = DIRECTION('',(1.,0.,-0.));
#1482 = DEFINITIONAL_REPRESENTATION('',(#1483),#1487);
#1483 = LINE('',#1484,#1485);
#1484 = CARTESIAN_POINT('',(1.01611888599,3.544233765348E-17));
#1485 = VECTOR('',#1486,1.);
#1486 = DIRECTION('',(-0.766044443119,0.642787609687));
#1487 = ( GEOMETRIC_REPRESENTATION_CONTEXT(2) 
PARAMETRIC_REPRESENTATION_CONTEXT() REPRESENTATION_CONTEXT('2D SPACE',''
  ) );
#1488 = ORIENTED_EDGE('',*,*,#1489,.F.);
#1489 = EDGE_CURVE('',#794,#1462,#1490,.T.);
#1490 = SURFACE_CURVE('',#1491,(#1495,#1502),.PCURVE_S1.);
#1491 = LINE('',#1492,#1493);
#1492 = CARTESIAN_POINT('',(69.028460175498,1.22567110899,18.7));
#1493 = VECTOR('',#1494,1.);
#1494 = DIRECTION('',(0.,0.,1.));
#1495 = PCURVE('',#1004,#1496);
#1496 = DEFINITIONAL_REPRESENTATION('',(#1497),#1501);
#1497 = LINE('',#1498,#1499);
#1498 = CARTESIAN_POINT('',(1.906805748151,0.));
#1499 = VECTOR('',#1500,1.);
#1500 = DIRECTION('',(0.,-1.));
#1501 = ( GEOMETRIC_REPRESENTATION_CONTEXT(2) 
PARAMETRIC_REPRESENTATION_CONTEXT() REPRESENTATION_CONTEXT('2D SPACE',''
  ) );
#1502 = PCURVE('',#919,#1503);
#1503 = DEFINITIONAL_REPRESENTATION('',(#1504),#1508);
#1504 = LINE('',#1505,#1506);
#1505 = CARTESIAN_POINT('',(0.872664625997,0.));
#1506 = VECTOR('',#1507,1.);
#1507 = DIRECTION('',(0.,1.));
#1508 = ( GEOMETRIC_REPRESENTATION_CONTEXT(2) 
PARAMETRIC_REPRESENTATION_CONTEXT() REPRESENTATION_CONTEXT('2D SPACE',''
  ) );
#1509 = ADVANCED_FACE('',(#1510),#1477,.F.);
#1510 = FACE_BOUND('',#1511,.F.);
#1511 = EDGE_LOOP('',(#1512,#1535,#1536));
#1512 = ORIENTED_EDGE('',*,*,#1513,.T.);
#1513 = EDGE_CURVE('',#1514,#1439,#1516,.T.);
#1514 = VERTEX_POINT('',#1515);
#1515 = CARTESIAN_POINT('',(69.028460175498,-1.22567110899,19.6));
#1516 = SURFACE_CURVE('',#1517,(#1521,#1528),.PCURVE_S1.);
#1517 = LINE('',#1518,#1519);
#1518 = CARTESIAN_POINT('',(69.028460175498,-1.22567110899,19.6));
#1519 = VECTOR('',#1520,1.);
#1520 = DIRECTION('',(0.766044443119,0.642787609687,0.));
#1521 = PCURVE('',#1477,#1522);
#1522 = DEFINITIONAL_REPRESENTATION('',(#1523),#1527);
#1523 = LINE('',#1524,#1525);
#1524 = CARTESIAN_POINT('',(-0.444579061488,-1.22567110899));
#1525 = VECTOR('',#1526,1.);
#1526 = DIRECTION('',(0.766044443119,0.642787609687));
#1527 = ( GEOMETRIC_REPRESENTATION_CONTEXT(2) 
PARAMETRIC_REPRESENTATION_CONTEXT() REPRESENTATION_CONTEXT('2D SPACE',''
  ) );
#1528 = PCURVE('',#781,#1529);
#1529 = DEFINITIONAL_REPRESENTATION('',(#1530),#1534);
#1530 = LINE('',#1531,#1532);
#1531 = CARTESIAN_POINT('',(0.,-0.9));
#1532 = VECTOR('',#1533,1.);
#1533 = DIRECTION('',(1.,0.));
#1534 = ( GEOMETRIC_REPRESENTATION_CONTEXT(2) 
PARAMETRIC_REPRESENTATION_CONTEXT() REPRESENTATION_CONTEXT('2D SPACE',''
  ) );
#1535 = ORIENTED_EDGE('',*,*,#1461,.T.);
#1536 = ORIENTED_EDGE('',*,*,#1537,.T.);
#1537 = EDGE_CURVE('',#1462,#1514,#1538,.T.);
#1538 = SURFACE_CURVE('',#1539,(#1544,#1551),.PCURVE_S1.);
#1539 = CIRCLE('',#1540,1.6);
#1540 = AXIS2_PLACEMENT_3D('',#1541,#1542,#1543);
#1541 = CARTESIAN_POINT('',(68.,0.,19.6));
#1542 = DIRECTION('',(0.,0.,1.));
#1543 = DIRECTION('',(1.,0.,-0.));
#1544 = PCURVE('',#1477,#1545);
#1545 = DEFINITIONAL_REPRESENTATION('',(#1546),#1550);
#1546 = CIRCLE('',#1547,1.6);
#1547 = AXIS2_PLACEMENT_2D('',#1548,#1549);
#1548 = CARTESIAN_POINT('',(-1.473039236987,3.544233765348E-17));
#1549 = DIRECTION('',(1.,0.));
#1550 = ( GEOMETRIC_REPRESENTATION_CONTEXT(2) 
PARAMETRIC_REPRESENTATION_CONTEXT() REPRESENTATION_CONTEXT('2D SPACE',''
  ) );
#1551 = PCURVE('',#919,#1552);
#1552 = DEFINITIONAL_REPRESENTATION('',(#1553),#1557);
#1553 = LINE('',#1554,#1555);
#1554 = CARTESIAN_POINT('',(0.,0.9));
#1555 = VECTOR('',#1556,1.);
#1556 = DIRECTION('',(1.,0.));
#1557 = ( GEOMETRIC_REPRESENTATION_CONTEXT(2) 
PARAMETRIC_REPRESENTATION_CONTEXT() REPRESENTATION_CONTEXT('2D SPACE',''
  ) );
#1558 = ADVANCED_FACE('',(#1559),#919,.F.);
#1559 = FACE_BOUND('',#1560,.F.);
#1560 = EDGE_LOOP('',(#1561,#1562,#1563,#1564));
#1561 = ORIENTED_EDGE('',*,*,#1537,.F.);
#1562 = ORIENTED_EDGE('',*,*,#1489,.F.);
#1563 = ORIENTED_EDGE('',*,*,#793,.T.);
#1564 = ORIENTED_EDGE('',*,*,#1565,.T.);
#1565 = EDGE_CURVE('',#760,#1514,#1566,.T.);
#1566 = SURFACE_CURVE('',#1567,(#1571,#1578),.PCURVE_S1.);
#1567 = LINE('',#1568,#1569);
#1568 = CARTESIAN_POINT('',(69.028460175498,-1.22567110899,18.7));
#1569 = VECTOR('',#1570,1.);
#1570 = DIRECTION('',(0.,0.,1.));
#1571 = PCURVE('',#919,#1572);
#1572 = DEFINITIONAL_REPRESENTATION('',(#1573),#1577);
#1573 = LINE('',#1574,#1575);
#1574 = CARTESIAN_POINT('',(5.410520681182,0.));
#1575 = VECTOR('',#1576,1.);
#1576 = DIRECTION('',(0.,1.));
#1577 = ( GEOMETRIC_REPRESENTATION_CONTEXT(2) 
PARAMETRIC_REPRESENTATION_CONTEXT() REPRESENTATION_CONTEXT('2D SPACE',''
  ) );
#1578 = PCURVE('',#781,#1579);
#1579 = DEFINITIONAL_REPRESENTATION('',(#1580),#1584);
#1580 = LINE('',#1581,#1582);
#1581 = CARTESIAN_POINT('',(0.,0.));
#1582 = VECTOR('',#1583,1.);
#1583 = DIRECTION('',(0.,-1.));
#1584 = ( GEOMETRIC_REPRESENTATION_CONTEXT(2) 
PARAMETRIC_REPRESENTATION_CONTEXT() REPRESENTATION_CONTEXT('2D SPACE',''
  ) );
#1585 = ADVANCED_FACE('',(#1586),#781,.T.);
#1586 = FACE_BOUND('',#1587,.T.);
#1587 = EDGE_LOOP('',(#1588,#1589,#1590,#1591));
#1588 = ORIENTED_EDGE('',*,*,#759,.F.);
#1589 = ORIENTED_EDGE('',*,*,#1565,.T.);
#1590 = ORIENTED_EDGE('',*,*,#1513,.T.);
#1591 = ORIENTED_EDGE('',*,*,#1438,.F.);
#1592 = ADVANCED_FACE('',(#1593),#342,.F.);
#1593 = FACE_BOUND('',#1594,.F.);
#1594 = EDGE_LOOP('',(#1595,#1596,#1597,#1598));
#1595 = ORIENTED_EDGE('',*,*,#325,.F.);
#1596 = ORIENTED_EDGE('',*,*,#438,.T.);
#1597 = ORIENTED_EDGE('',*,*,#730,.T.);
#1598 = ORIENTED_EDGE('',*,*,#1599,.T.);
#1599 = EDGE_CURVE('',#651,#241,#1600,.T.);
#1600 = SURFACE_CURVE('',#1601,(#1604,#1610),.PCURVE_S1.);
#1601 = B_SPLINE_CURVE_WITH_KNOTS('',1,(#1602,#1603),.UNSPECIFIED.,.F.,
  .F.,(2,2),(0.,1.),.PIECEWISE_BEZIER_KNOTS.);
#1602 = CARTESIAN_POINT('',(194.,0.,-1.7763568394E-15));
#1603 = CARTESIAN_POINT('',(194.,17.909563496405,18.842587775681));
#1604 = PCURVE('',#342,#1605);
#1605 = DEFINITIONAL_REPRESENTATION('',(#1606),#1609);
#1606 = B_SPLINE_CURVE_WITH_KNOTS('',1,(#1607,#1608),.UNSPECIFIED.,.F.,
  .F.,(2,2),(0.,1.),.PIECEWISE_BEZIER_KNOTS.);
#1607 = CARTESIAN_POINT('',(-1.287080858861E-15,-1.224282027818E-15));
#1608 = CARTESIAN_POINT('',(1.309183656794,25.963081806072));
#1609 = ( GEOMETRIC_REPRESENTATION_CONTEXT(2) 
PARAMETRIC_REPRESENTATION_CONTEXT() REPRESENTATION_CONTEXT('2D SPACE',''
  ) );
#1610 = PCURVE('',#294,#1611);
#1611 = DEFINITIONAL_REPRESENTATION('',(#1612),#1615);
#1612 = B_SPLINE_CURVE_WITH_KNOTS('',1,(#1613,#1614),.UNSPECIFIED.,.F.,
  .F.,(2,2),(0.,1.),.PIECEWISE_BEZIER_KNOTS.);
#1613 = CARTESIAN_POINT('',(26.,5.547869322433E-04));
#1614 = CARTESIAN_POINT('',(0.,5.547869322433E-04));
#1615 = ( GEOMETRIC_REPRESENTATION_CONTEXT(2) 
PARAMETRIC_REPRESENTATION_CONTEXT() REPRESENTATION_CONTEXT('2D SPACE',''
  ) );
#1616 = ADVANCED_FACE('',(#1617),#294,.F.);
#1617 = FACE_BOUND('',#1618,.F.);
#1618 = EDGE_LOOP('',(#1619,#1620,#1621,#1622));
#1619 = ORIENTED_EDGE('',*,*,#240,.F.);
#1620 = ORIENTED_EDGE('',*,*,#1599,.F.);
#1621 = ORIENTED_EDGE('',*,*,#650,.T.);
#1622 = ORIENTED_EDGE('',*,*,#1623,.F.);
#1623 = EDGE_CURVE('',#208,#623,#1624,.T.);
#1624 = SURFACE_CURVE('',#1625,(#1629,#1636),.PCURVE_S1.);
#1625 = LINE('',#1626,#1627);
#1626 = CARTESIAN_POINT('',(212.01493789743,0.103999722667,
    25.999792000277));
#1627 = VECTOR('',#1628,1.);
#1628 = DIRECTION('',(0.,-3.999989333342E-03,-0.999992000011));
#1629 = PCURVE('',#294,#1630);
#1630 = DEFINITIONAL_REPRESENTATION('',(#1631),#1635);
#1631 = LINE('',#1632,#1633);
#1632 = CARTESIAN_POINT('',(0.,1.));
#1633 = VECTOR('',#1634,1.);
#1634 = DIRECTION('',(1.,0.));
#1635 = ( GEOMETRIC_REPRESENTATION_CONTEXT(2) 
PARAMETRIC_REPRESENTATION_CONTEXT() REPRESENTATION_CONTEXT('2D SPACE',''
  ) );
#1636 = PCURVE('',#224,#1637);
#1637 = DEFINITIONAL_REPRESENTATION('',(#1638),#1642);
#1638 = LINE('',#1639,#1640);
#1639 = CARTESIAN_POINT('',(25.999168004437,0.20799778134));
#1640 = VECTOR('',#1641,1.);
#1641 = DIRECTION('',(-0.999968000171,-7.99991466694E-03));
#1642 = ( GEOMETRIC_REPRESENTATION_CONTEXT(2) 
PARAMETRIC_REPRESENTATION_CONTEXT() REPRESENTATION_CONTEXT('2D SPACE',''
  ) );
#1643 = ADVANCED_FACE('',(#1644),#224,.F.);
#1644 = FACE_BOUND('',#1645,.F.);
#1645 = EDGE_LOOP('',(#1646,#1647,#1668,#1669));
#1646 = ORIENTED_EDGE('',*,*,#622,.T.);
#1647 = ORIENTED_EDGE('',*,*,#1648,.T.);
#1648 = EDGE_CURVE('',#543,#123,#1649,.T.);
#1649 = SURFACE_CURVE('',#1650,(#1654,#1661),.PCURVE_S1.);
#1650 = LINE('',#1651,#1652);
#1651 = CARTESIAN_POINT('',(212.01493789743,0.,0.));
#1652 = VECTOR('',#1653,1.);
#1653 = DIRECTION('',(0.,-3.999989333342E-03,0.999992000011));
#1654 = PCURVE('',#224,#1655);
#1655 = DEFINITIONAL_REPRESENTATION('',(#1656),#1660);
#1656 = LINE('',#1657,#1658);
#1657 = CARTESIAN_POINT('',(0.,0.));
#1658 = VECTOR('',#1659,1.);
#1659 = DIRECTION('',(1.,0.));
#1660 = ( GEOMETRIC_REPRESENTATION_CONTEXT(2) 
PARAMETRIC_REPRESENTATION_CONTEXT() REPRESENTATION_CONTEXT('2D SPACE',''
  ) );
#1661 = PCURVE('',#176,#1662);
#1662 = DEFINITIONAL_REPRESENTATION('',(#1663),#1667);
#1663 = LINE('',#1664,#1665);
#1664 = CARTESIAN_POINT('',(0.,1.));
#1665 = VECTOR('',#1666,1.);
#1666 = DIRECTION('',(1.,0.));
#1667 = ( GEOMETRIC_REPRESENTATION_CONTEXT(2) 
PARAMETRIC_REPRESENTATION_CONTEXT() REPRESENTATION_CONTEXT('2D SPACE',''
  ) );
#1668 = ORIENTED_EDGE('',*,*,#207,.F.);
#1669 = ORIENTED_EDGE('',*,*,#1623,.T.);
#1670 = ADVANCED_FACE('',(#1671),#176,.F.);
#1671 = FACE_BOUND('',#1672,.F.);
#1672 = EDGE_LOOP('',(#1673,#1674,#1692,#1693));
#1673 = ORIENTED_EDGE('',*,*,#542,.F.);
#1674 = ORIENTED_EDGE('',*,*,#1675,.F.);
#1675 = EDGE_CURVE('',#90,#515,#1676,.T.);
#1676 = SURFACE_CURVE('',#1677,(#1680,#1686),.PCURVE_S1.);
#1677 = B_SPLINE_CURVE_WITH_KNOTS('',1,(#1678,#1679),.UNSPECIFIED.,.F.,
  .F.,(2,2),(0.,1.),.PIECEWISE_BEZIER_KNOTS.);
#1678 = CARTESIAN_POINT('',(194.,-17.9095634964,18.842587775681));
#1679 = CARTESIAN_POINT('',(194.,0.,0.));
#1680 = PCURVE('',#176,#1681);
#1681 = DEFINITIONAL_REPRESENTATION('',(#1682),#1685);
#1682 = B_SPLINE_CURVE_WITH_KNOTS('',1,(#1683,#1684),.UNSPECIFIED.,.F.,
  .F.,(2,2),(0.,1.),.PIECEWISE_BEZIER_KNOTS.);
#1683 = CARTESIAN_POINT('',(26.,5.547869322433E-04));
#1684 = CARTESIAN_POINT('',(0.,5.547869322433E-04));
#1685 = ( GEOMETRIC_REPRESENTATION_CONTEXT(2) 
PARAMETRIC_REPRESENTATION_CONTEXT() REPRESENTATION_CONTEXT('2D SPACE',''
  ) );
#1686 = PCURVE('',#106,#1687);
#1687 = DEFINITIONAL_REPRESENTATION('',(#1688),#1691);
#1688 = B_SPLINE_CURVE_WITH_KNOTS('',1,(#1689,#1690),.UNSPECIFIED.,.F.,
  .F.,(2,2),(0.,1.),.PIECEWISE_BEZIER_KNOTS.);
#1689 = CARTESIAN_POINT('',(25.996066639284,9.899590091011E-03));
#1690 = CARTESIAN_POINT('',(0.,0.));
#1691 = ( GEOMETRIC_REPRESENTATION_CONTEXT(2) 
PARAMETRIC_REPRESENTATION_CONTEXT() REPRESENTATION_CONTEXT('2D SPACE',''
  ) );
#1692 = ORIENTED_EDGE('',*,*,#122,.T.);
#1693 = ORIENTED_EDGE('',*,*,#1648,.F.);
#1694 = ADVANCED_FACE('',(#1695),#106,.F.);
#1695 = FACE_BOUND('',#1696,.F.);
#1696 = EDGE_LOOP('',(#1697,#1698,#1699,#1700));
#1697 = ORIENTED_EDGE('',*,*,#89,.F.);
#1698 = ORIENTED_EDGE('',*,*,#1675,.T.);
#1699 = ORIENTED_EDGE('',*,*,#514,.T.);
#1700 = ORIENTED_EDGE('',*,*,#1701,.T.);
#1701 = EDGE_CURVE('',#492,#62,#1702,.T.);
#1702 = SURFACE_CURVE('',#1703,(#1707,#1714),.PCURVE_S1.);
#1703 = LINE('',#1704,#1705);
#1704 = CARTESIAN_POINT('',(194.,0.,0.));
#1705 = VECTOR('',#1706,1.);
#1706 = DIRECTION('',(0.,-0.689209510535,0.724562109545));
#1707 = PCURVE('',#106,#1708);
#1708 = DEFINITIONAL_REPRESENTATION('',(#1709),#1713);
#1709 = LINE('',#1710,#1711);
#1710 = CARTESIAN_POINT('',(0.,0.));
#1711 = VECTOR('',#1712,1.);
#1712 = DIRECTION('',(1.,0.));
#1713 = ( GEOMETRIC_REPRESENTATION_CONTEXT(2) 
PARAMETRIC_REPRESENTATION_CONTEXT() REPRESENTATION_CONTEXT('2D SPACE',''
  ) );
#1714 = PCURVE('',#77,#1715);
#1715 = DEFINITIONAL_REPRESENTATION('',(#1716),#1720);
#1716 = LINE('',#1717,#1718);
#1717 = CARTESIAN_POINT('',(0.,0.));
#1718 = VECTOR('',#1719,1.);
#1719 = DIRECTION('',(1.,0.));
#1720 = ( GEOMETRIC_REPRESENTATION_CONTEXT(2) 
PARAMETRIC_REPRESENTATION_CONTEXT() REPRESENTATION_CONTEXT('2D SPACE',''
  ) );
#1721 = ADVANCED_FACE('',(#1722),#77,.F.);
#1722 = FACE_BOUND('',#1723,.F.);
#1723 = EDGE_LOOP('',(#1724,#1725,#1746,#1747));
#1724 = ORIENTED_EDGE('',*,*,#491,.F.);
#1725 = ORIENTED_EDGE('',*,*,#1726,.T.);
#1726 = EDGE_CURVE('',#464,#24,#1727,.T.);
#1727 = SURFACE_CURVE('',#1728,(#1732,#1739),.PCURVE_S1.);
#1728 = LINE('',#1729,#1730);
#1729 = CARTESIAN_POINT('',(62.3,0.,0.));
#1730 = VECTOR('',#1731,1.);
#1731 = DIRECTION('',(0.,-0.689209510535,0.724562109545));
#1732 = PCURVE('',#77,#1733);
#1733 = DEFINITIONAL_REPRESENTATION('',(#1734),#1738);
#1734 = LINE('',#1735,#1736);
#1735 = CARTESIAN_POINT('',(0.,-131.7));
#1736 = VECTOR('',#1737,1.);
#1737 = DIRECTION('',(1.,0.));
#1738 = ( GEOMETRIC_REPRESENTATION_CONTEXT(2) 
PARAMETRIC_REPRESENTATION_CONTEXT() REPRESENTATION_CONTEXT('2D SPACE',''
  ) );
#1739 = PCURVE('',#45,#1740);
#1740 = DEFINITIONAL_REPRESENTATION('',(#1741),#1745);
#1741 = LINE('',#1742,#1743);
#1742 = CARTESIAN_POINT('',(0.,0.));
#1743 = VECTOR('',#1744,1.);
#1744 = DIRECTION('',(1.,0.));
#1745 = ( GEOMETRIC_REPRESENTATION_CONTEXT(2) 
PARAMETRIC_REPRESENTATION_CONTEXT() REPRESENTATION_CONTEXT('2D SPACE',''
  ) );
#1746 = ORIENTED_EDGE('',*,*,#61,.T.);
#1747 = ORIENTED_EDGE('',*,*,#1701,.F.);
#1748 = ADVANCED_FACE('',(#1749),#45,.T.);
#1749 = FACE_BOUND('',#1750,.T.);
#1750 = EDGE_LOOP('',(#1751,#1752,#1753,#1754));
#1751 = ORIENTED_EDGE('',*,*,#463,.T.);
#1752 = ORIENTED_EDGE('',*,*,#1726,.T.);
#1753 = ORIENTED_EDGE('',*,*,#21,.F.);
#1754 = ORIENTED_EDGE('',*,*,#387,.T.);
#1755 = ( GEOMETRIC_REPRESENTATION_CONTEXT(3) 
GLOBAL_UNCERTAINTY_ASSIGNED_CONTEXT((#1759)) 
GLOBAL_UNIT_ASSIGNED_CONTEXT((#1756,#1757,#1758)) REPRESENTATION_CONTEXT
('Context #1','3D Context with UNIT and UNCERTAINTY') );
#1756 = ( LENGTH_UNIT() NAMED_UNIT(*) SI_UNIT(.MILLI.,.METRE.) );
#1757 = ( NAMED_UNIT(*) PLANE_ANGLE_UNIT() SI_UNIT($,.RADIAN.) );
#1758 = ( NAMED_UNIT(*) SI_UNIT($,.STERADIAN.) SOLID_ANGLE_UNIT() );
#1759 = UNCERTAINTY_MEASURE_WITH_UNIT(LENGTH_MEASURE(1.E-06),#1756,
  'distance_accuracy_value','confusion accuracy');
#1760 = PRODUCT_RELATED_PRODUCT_CATEGORY('part',$,(#7));
ENDSEC;
END-ISO-10303-21;
