ISO-10303-21;
HEADER;
FILE_DESCRIPTION(('Open CASCADE Model'),'2;1');
FILE_NAME('Open CASCADE Shape Model','2026-10-04T08:08:21',('Author'),(
    'Open CASCADE'),'Open CASCADE STEP processor 7.9','Open CASCADE 7.9'
  ,'Unknown');
FILE_SCHEMA(('AUTOMOTIVE_DESIGN { 1 0 10303 214 1 1 1 1 }'));
ENDSEC;
DATA;
#1 = APPLICATION_PROTOCOL_DEFINITION('international standard',
  'automotive_design',2000,#2);
#2 = APPLICATION_CONTEXT(
  'core data for automotive mechanical design processes');
#3 = SHAPE_DEFINITION_REPRESENTATION(#4,#10);
#4 = PRODUCT_DEFINITION_SHAPE('','',#5);
#5 = PRODUCT_DEFINITION('design','',#6,#9);
#6 = PRODUCT_DEFINITION_FORMATION('','',#7);
#7 = PRODUCT('Open CASCADE STEP translator 7.9 12',
  'Open CASCADE STEP translator 7.9 12','',(#8));
#8 = PRODUCT_CONTEXT('',#2,'mechanical');
#9 = PRODUCT_DEFINITION_CONTEXT('part definition',#2,'design');
#10 = ADVANCED_BREP_SHAPE_REPRESENTATION('',(#11,#15),#2357);
#11 = AXIS2_PLACEMENT_3D('',#12,#13,#14);
#12 = CARTESIAN_POINT('',(0.,0.,0.));
#13 = DIRECTION('',(0.,0.,1.));
#14 = DIRECTION('',(1.,0.,-0.));
#15 = MANIFOLD_SOLID_BREP('',#16);
#16 = CLOSED_SHELL('',(#17,#1319,#1374,#1572,#2070,#2120,#2147,#2194,
    #2218,#2245,#2272,#2296,#2323,#2350));
#17 = ADVANCED_FACE('',(#18,#383,#878),#33,.T.);
#18 = FACE_BOUND('',#19,.T.);
#19 = EDGE_LOOP('',(#20,#60,#88,#121,#206,#239,#324,#357));
#20 = ORIENTED_EDGE('',*,*,#21,.T.);
#21 = EDGE_CURVE('',#22,#24,#26,.T.);
#22 = VERTEX_POINT('',#23);
#23 = CARTESIAN_POINT('',(62.3,14.775066513997,16.969013215475));
#24 = VERTEX_POINT('',#25);
#25 = CARTESIAN_POINT('',(62.3,-14.77506651399,16.969013215475));
#26 = SURFACE_CURVE('',#27,(#32,#44),.PCURVE_S1.);
#27 = CIRCLE('',#28,22.5);
#28 = AXIS2_PLACEMENT_3D('',#29,#30,#31);
#29 = CARTESIAN_POINT('',(62.3,0.,0.));
#30 = DIRECTION('',(1.,0.,0.));
#31 = DIRECTION('',(-0.,1.,0.));
#32 = PCURVE('',#33,#38);
#33 = CYLINDRICAL_SURFACE('',#34,22.5);
#34 = AXIS2_PLACEMENT_3D('',#35,#36,#37);
#35 = CARTESIAN_POINT('',(47.,0.,0.));
#36 = DIRECTION('',(1.,0.,0.));
#37 = DIRECTION('',(-0.,1.,0.));
#38 = DEFINITIONAL_REPRESENTATION('',(#39),#43);
#39 = LINE('',#40,#41);
#40 = CARTESIAN_POINT('',(0.,15.3));
#41 = VECTOR('',#42,1.);
#42 = DIRECTION('',(1.,0.));
#43 = ( GEOMETRIC_REPRESENTATION_CONTEXT(2) 
PARAMETRIC_REPRESENTATION_CONTEXT() REPRESENTATION_CONTEXT('2D SPACE',''
  ) );
#44 = PCURVE('',#45,#50);
#45 = PLANE('',#46);
#46 = AXIS2_PLACEMENT_3D('',#47,#48,#49);
#47 = CARTESIAN_POINT('',(62.3,0.,0.));
#48 = DIRECTION('',(-1.,0.,0.));
#49 = DIRECTION('',(0.,-0.656669622844,0.754178365132));
#50 = DEFINITIONAL_REPRESENTATION('',(#51),#59);
#51 = ( BOUNDED_CURVE() B_SPLINE_CURVE(2,(#52,#53,#54,#55,#56,#57,#58),
.UNSPECIFIED.,.T.,.F.) B_SPLINE_CURVE_WITH_KNOTS((1,2,2,2,2,1),(
    -2.094395102393,0.,2.094395102393,4.188790204786,6.28318530718,
8.377580409573),.UNSPECIFIED.) CURVE() GEOMETRIC_REPRESENTATION_ITEM() 
RATIONAL_B_SPLINE_CURVE((1.,0.5,1.,0.5,1.,0.5,1.)) REPRESENTATION_ITEM(
  '') );
#52 = CARTESIAN_POINT('',(-14.77506651399,16.969013215475));
#53 = CARTESIAN_POINT('',(14.616126529512,42.560179102928));
#54 = CARTESIAN_POINT('',(22.083129778754,4.311076335989));
#55 = CARTESIAN_POINT('',(29.550133027995,-33.93802643094));
#56 = CARTESIAN_POINT('',(-7.308063264756,-21.28008955146));
#57 = CARTESIAN_POINT('',(-44.1662595575,-8.622152671978));
#58 = CARTESIAN_POINT('',(-14.77506651399,16.969013215475));
#59 = ( GEOMETRIC_REPRESENTATION_CONTEXT(2) 
PARAMETRIC_REPRESENTATION_CONTEXT() REPRESENTATION_CONTEXT('2D SPACE',''
  ) );
#60 = ORIENTED_EDGE('',*,*,#61,.T.);
#61 = EDGE_CURVE('',#24,#62,#64,.T.);
#62 = VERTEX_POINT('',#63);
#63 = CARTESIAN_POINT('',(213.1,-14.77506651399,16.969013215475));
#64 = SURFACE_CURVE('',#65,(#69,#76),.PCURVE_S1.);
#65 = LINE('',#66,#67);
#66 = CARTESIAN_POINT('',(62.3,-14.77506651399,16.969013215475));
#67 = VECTOR('',#68,1.);
#68 = DIRECTION('',(1.,0.,0.));
#69 = PCURVE('',#33,#70);
#70 = DEFINITIONAL_REPRESENTATION('',(#71),#75);
#71 = LINE('',#72,#73);
#72 = CARTESIAN_POINT('',(2.287190649689,15.3));
#73 = VECTOR('',#74,1.);
#74 = DIRECTION('',(0.,1.));
#75 = ( GEOMETRIC_REPRESENTATION_CONTEXT(2) 
PARAMETRIC_REPRESENTATION_CONTEXT() REPRESENTATION_CONTEXT('2D SPACE',''
  ) );
#76 = PCURVE('',#77,#82);
#77 = PLANE('',#78);
#78 = AXIS2_PLACEMENT_3D('',#79,#80,#81);
#79 = CARTESIAN_POINT('',(213.1,0.,0.));
#80 = DIRECTION('',(-0.,0.754178365132,0.656669622844));
#81 = DIRECTION('',(0.,-0.656669622844,0.754178365132));
#82 = DEFINITIONAL_REPRESENTATION('',(#83),#87);
#83 = LINE('',#84,#85);
#84 = CARTESIAN_POINT('',(22.5,-150.8));
#85 = VECTOR('',#86,1.);
#86 = DIRECTION('',(0.,1.));
#87 = ( GEOMETRIC_REPRESENTATION_CONTEXT(2) 
PARAMETRIC_REPRESENTATION_CONTEXT() REPRESENTATION_CONTEXT('2D SPACE',''
  ) );
#88 = ORIENTED_EDGE('',*,*,#89,.F.);
#89 = EDGE_CURVE('',#90,#62,#92,.T.);
#90 = VERTEX_POINT('',#91);
#91 = CARTESIAN_POINT('',(213.1,-14.7692609098,16.974066459696));
#92 = SURFACE_CURVE('',#93,(#98,#105),.PCURVE_S1.);
#93 = CIRCLE('',#94,22.5);
#94 = AXIS2_PLACEMENT_3D('',#95,#96,#97);
#95 = CARTESIAN_POINT('',(213.1,0.,0.));
#96 = DIRECTION('',(1.,0.,0.));
#97 = DIRECTION('',(-0.,1.,0.));
#98 = PCURVE('',#33,#99);
#99 = DEFINITIONAL_REPRESENTATION('',(#100),#104);
#100 = LINE('',#101,#102);
#101 = CARTESIAN_POINT('',(0.,166.1));
#102 = VECTOR('',#103,1.);
#103 = DIRECTION('',(1.,0.));
#104 = ( GEOMETRIC_REPRESENTATION_CONTEXT(2) 
PARAMETRIC_REPRESENTATION_CONTEXT() REPRESENTATION_CONTEXT('2D SPACE',''
  ) );
#105 = PCURVE('',#106,#111);
#106 = PLANE('',#107);
#107 = AXIS2_PLACEMENT_3D('',#108,#109,#110);
#108 = CARTESIAN_POINT('',(213.1,0.,0.));
#109 = DIRECTION('',(-1.,0.,0.));
#110 = DIRECTION('',(0.,-0.656669622844,0.754178365132));
#111 = DEFINITIONAL_REPRESENTATION('',(#112),#120);
#112 = ( BOUNDED_CURVE() B_SPLINE_CURVE(2,(#113,#114,#115,#116,#117,#118
,#119),.UNSPECIFIED.,.T.,.F.) B_SPLINE_CURVE_WITH_KNOTS((1,2,2,2,2,1),(
    -2.094395102393,0.,2.094395102393,4.188790204786,6.28318530718,
8.377580409573),.UNSPECIFIED.) CURVE() GEOMETRIC_REPRESENTATION_ITEM() 
RATIONAL_B_SPLINE_CURVE((1.,0.5,1.,0.5,1.,0.5,1.)) REPRESENTATION_ITEM(
  '') );
#113 = CARTESIAN_POINT('',(-14.77506651399,16.969013215475));
#114 = CARTESIAN_POINT('',(14.616126529512,42.560179102928));
#115 = CARTESIAN_POINT('',(22.083129778754,4.311076335989));
#116 = CARTESIAN_POINT('',(29.550133027995,-33.93802643094));
#117 = CARTESIAN_POINT('',(-7.308063264756,-21.28008955146));
#118 = CARTESIAN_POINT('',(-44.1662595575,-8.622152671978));
#119 = CARTESIAN_POINT('',(-14.77506651399,16.969013215475));
#120 = ( GEOMETRIC_REPRESENTATION_CONTEXT(2) 
PARAMETRIC_REPRESENTATION_CONTEXT() REPRESENTATION_CONTEXT('2D SPACE',''
  ) );
#121 = ORIENTED_EDGE('',*,*,#122,.T.);
#122 = EDGE_CURVE('',#90,#123,#125,.T.);
#123 = VERTEX_POINT('',#124);
#124 = CARTESIAN_POINT('',(232.20053286022,-8.999976000019E-02,
    22.49982000024));
#125 = SURFACE_CURVE('',#126,(#149,#175),.PCURVE_S1.);
#126 = B_SPLINE_CURVE_WITH_KNOTS('',6,(#127,#128,#129,#130,#131,#132,
    #133,#134,#135,#136,#137,#138,#139,#140,#141,#142,#143,#144,#145,
    #146,#147,#148),.UNSPECIFIED.,.F.,.F.,(7,5,5,5,7),(0.,0.249194323873
    ,0.499858654568,0.75113171311,1.),.UNSPECIFIED.);
#127 = CARTESIAN_POINT('',(213.09998853368,-14.76926756852,
    16.974060665886));
#128 = CARTESIAN_POINT('',(213.90243766202,-14.30326904268,
    17.379529754885));
#129 = CARTESIAN_POINT('',(214.70211285465,-13.81411141918,
    17.778174848531));
#130 = CARTESIAN_POINT('',(215.49934470935,-13.3020702595,
    18.167629447067));
#131 = CARTESIAN_POINT('',(216.29450011838,-12.76786581625,18.5453916299
    ));
#132 = CARTESIAN_POINT('',(217.08796721913,-12.21276739845,
    18.908950453318));
#133 = CARTESIAN_POINT('',(218.67688020059,-11.06105448994,
    19.605062975172));
#134 = CARTESIAN_POINT('',(219.47234014091,-10.46419261629,
    19.937434099238));
#135 = CARTESIAN_POINT('',(220.26677459119,-9.849906114844,
    20.250712931356));
#136 = CARTESIAN_POINT('',(221.0605504612,-9.220583715723,
    20.542754723515));
#137 = CARTESIAN_POINT('',(221.85403235144,-8.57907019169,
    20.811842881973));
#138 = CARTESIAN_POINT('',(223.44287673644,-7.276345587902,
    21.302356544185));
#139 = CARTESIAN_POINT('',(224.23828697978,-6.615051366707,
    21.523679434101));
#140 = CARTESIAN_POINT('',(225.03399444475,-5.947768048541,
    21.719580647919));
#141 = CARTESIAN_POINT('',(225.83036662578,-5.277790398453,
    21.889472595547));
#142 = CARTESIAN_POINT('',(226.62777328658,-4.608351087411,
    22.033396378753));
#143 = CARTESIAN_POINT('',(228.21763049881,-3.282941892128,
    22.269284544756));
#144 = CARTESIAN_POINT('',(229.01008513527,-2.626879735639,
    22.361737575532));
#145 = CARTESIAN_POINT('',(229.80422823707,-1.977166584045,
    22.429808457859));
#146 = CARTESIAN_POINT('',(230.60044634529,-1.336399141647,
    22.474546336165));
#147 = CARTESIAN_POINT('',(231.39910479992,-0.706757352937,
    22.497352956711));
#148 = CARTESIAN_POINT('',(232.20053286022,-8.999976000019E-02,
    22.49982000024));
#149 = PCURVE('',#33,#150);
#150 = DEFINITIONAL_REPRESENTATION('',(#151),#174);
#151 = B_SPLINE_CURVE_WITH_KNOTS('',6,(#152,#153,#154,#155,#156,#157,
    #158,#159,#160,#161,#162,#163,#164,#165,#166,#167,#168,#169,#170,
    #171,#172,#173),.UNSPECIFIED.,.F.,.F.,(7,5,5,5,7),(0.,0.249194323873
    ,0.499858654568,0.75113171311,1.),.UNSPECIFIED.);
#152 = CARTESIAN_POINT('',(2.286848963168,166.09998853368));
#153 = CARTESIAN_POINT('',(2.259395395337,166.90243766202));
#154 = CARTESIAN_POINT('',(2.231364408789,167.70211285465));
#155 = CARTESIAN_POINT('',(2.20279703337,168.49934470935));
#156 = CARTESIAN_POINT('',(2.173745347988,169.29450011838));
#157 = CARTESIAN_POINT('',(2.144273184781,170.08796721913));
#158 = CARTESIAN_POINT('',(2.08446253266,171.67688020059));
#159 = CARTESIAN_POINT('',(2.054118828955,172.47234014091));
#160 = CARTESIAN_POINT('',(2.023502734981,173.26677459119));
#161 = CARTESIAN_POINT('',(1.992700094451,174.0605504612));
#162 = CARTESIAN_POINT('',(1.961802929127,174.85403235144));
#163 = CARTESIAN_POINT('',(1.899935766835,176.44287673644));
#164 = CARTESIAN_POINT('',(1.868963912278,177.23828697978));
#165 = CARTESIAN_POINT('',(1.838087629574,178.03399444475));
#166 = CARTESIAN_POINT('',(1.80739959263,178.83036662578));
#167 = CARTESIAN_POINT('',(1.776986213238,179.62777328658));
#168 = CARTESIAN_POINT('',(1.717153479115,181.21763049881));
#169 = CARTESIAN_POINT('',(1.687726278838,182.01008513527));
#170 = CARTESIAN_POINT('',(1.658719260752,182.80422823707));
#171 = CARTESIAN_POINT('',(1.630195904212,183.60044634529));
#172 = CARTESIAN_POINT('',(1.602207994663,184.39910479992));
#173 = CARTESIAN_POINT('',(1.574796326795,185.20053286022));
#174 = ( GEOMETRIC_REPRESENTATION_CONTEXT(2) 
PARAMETRIC_REPRESENTATION_CONTEXT() REPRESENTATION_CONTEXT('2D SPACE',''
  ) );
#175 = PCURVE('',#176,#181);
#176 = B_SPLINE_SURFACE_WITH_KNOTS('',1,1,(
    (#177,#178)
    ,(#179,#180
    )),.UNSPECIFIED.,.F.,.F.,.F.,(2,2),(2,2),(0.,28.5),(0.,1.),
  .PIECEWISE_BEZIER_KNOTS.);
#177 = CARTESIAN_POINT('',(213.09,0.,0.));
#178 = CARTESIAN_POINT('',(232.20053286022,0.,0.));
#179 = CARTESIAN_POINT('',(213.09,-18.71508425106,21.494083406268));
#180 = CARTESIAN_POINT('',(232.20053286022,-0.113999696,28.499772000304)
  );
#181 = DEFINITIONAL_REPRESENTATION('',(#182),#205);
#182 = B_SPLINE_CURVE_WITH_KNOTS('',6,(#183,#184,#185,#186,#187,#188,
    #189,#190,#191,#192,#193,#194,#195,#196,#197,#198,#199,#200,#201,
    #202,#203,#204),.UNSPECIFIED.,.F.,.F.,(7,5,5,5,7),(0.,0.249194323873
    ,0.499858654568,0.75113171311,1.),.UNSPECIFIED.);
#183 = CARTESIAN_POINT('',(22.502859120975,5.226716467459E-04));
#184 = CARTESIAN_POINT('',(22.732476051437,4.251255932866E-02));
#185 = CARTESIAN_POINT('',(22.946569884248,8.435729481994E-02));
#186 = CARTESIAN_POINT('',(23.14288128943,0.126074177364));
#187 = CARTESIAN_POINT('',(23.319182951307,0.167682405395));
#188 = CARTESIAN_POINT('',(23.473445025183,0.20920228904));
#189 = CARTESIAN_POINT('',(23.735397721648,0.292345600275));
#190 = CARTESIAN_POINT('',(23.842813011124,0.333969763564));
#191 = CARTESIAN_POINT('',(23.924611793105,0.375540265867));
#192 = CARTESIAN_POINT('',(23.979550845127,0.417076306532));
#193 = CARTESIAN_POINT('',(24.006985959763,0.458596964069));
#194 = CARTESIAN_POINT('',(24.006857300306,0.541736685845));
#195 = CARTESIAN_POINT('',(23.979159799371,0.583358248633));
#196 = CARTESIAN_POINT('',(23.923826373593,0.624995364185));
#197 = CARTESIAN_POINT('',(23.841509356003,0.666667262444));
#198 = CARTESIAN_POINT('',(23.733465479432,0.708393292097));
#199 = CARTESIAN_POINT('',(23.470561443231,0.791586012251));
#200 = CARTESIAN_POINT('',(23.316154500125,0.83305291651));
#201 = CARTESIAN_POINT('',(23.139789525634,0.874608173373));
#202 = CARTESIAN_POINT('',(22.943490622509,0.916272009439));
#203 = CARTESIAN_POINT('',(22.729477239201,0.958063541913));
#204 = CARTESIAN_POINT('',(22.5,1.));
#205 = ( GEOMETRIC_REPRESENTATION_CONTEXT(2) 
PARAMETRIC_REPRESENTATION_CONTEXT() REPRESENTATION_CONTEXT('2D SPACE',''
  ) );
#206 = ORIENTED_EDGE('',*,*,#207,.F.);
#207 = EDGE_CURVE('',#208,#123,#210,.T.);
#208 = VERTEX_POINT('',#209);
#209 = CARTESIAN_POINT('',(232.20053286022,8.999976000019E-02,
    22.49982000024));
#210 = SURFACE_CURVE('',#211,(#216,#223),.PCURVE_S1.);
#211 = CIRCLE('',#212,22.5);
#212 = AXIS2_PLACEMENT_3D('',#213,#214,#215);
#213 = CARTESIAN_POINT('',(232.20053286022,0.,0.));
#214 = DIRECTION('',(1.,0.,0.));
#215 = DIRECTION('',(-0.,1.,0.));
#216 = PCURVE('',#33,#217);
#217 = DEFINITIONAL_REPRESENTATION('',(#218),#222);
#218 = LINE('',#219,#220);
#219 = CARTESIAN_POINT('',(0.,185.20053286022));
#220 = VECTOR('',#221,1.);
#221 = DIRECTION('',(1.,0.));
#222 = ( GEOMETRIC_REPRESENTATION_CONTEXT(2) 
PARAMETRIC_REPRESENTATION_CONTEXT() REPRESENTATION_CONTEXT('2D SPACE',''
  ) );
#223 = PCURVE('',#224,#229);
#224 = PLANE('',#225);
#225 = AXIS2_PLACEMENT_3D('',#226,#227,#228);
#226 = CARTESIAN_POINT('',(232.20053286022,0.,0.));
#227 = DIRECTION('',(-1.,0.,0.));
#228 = DIRECTION('',(0.,-2.999995500002E-03,0.999995500003));
#229 = DEFINITIONAL_REPRESENTATION('',(#230),#238);
#230 = ( BOUNDED_CURVE() B_SPLINE_CURVE(2,(#231,#232,#233,#234,#235,#236
,#237),.UNSPECIFIED.,.T.,.F.) B_SPLINE_CURVE_WITH_KNOTS((1,2,2,2,2,1),(
    -2.094395102393,0.,2.094395102393,4.188790204786,6.28318530718,
8.377580409573),.UNSPECIFIED.) CURVE() GEOMETRIC_REPRESENTATION_ITEM() 
RATIONAL_B_SPLINE_CURVE((1.,0.5,1.,0.5,1.,0.5,1.)) REPRESENTATION_ITEM(
  '') );
#231 = CARTESIAN_POINT('',(-6.749989875005E-02,22.499898750076));
#232 = CARTESIAN_POINT('',(38.903467901537,22.616812004217));
#233 = CARTESIAN_POINT('',(19.519233849519,-11.19149274796));
#234 = CARTESIAN_POINT('',(0.1349997975,-44.99979750015));
#235 = CARTESIAN_POINT('',(-19.45173395076,-11.3084060021));
#236 = CARTESIAN_POINT('',(-39.03846769903,22.382985495935));
#237 = CARTESIAN_POINT('',(-6.749989875005E-02,22.499898750076));
#238 = ( GEOMETRIC_REPRESENTATION_CONTEXT(2) 
PARAMETRIC_REPRESENTATION_CONTEXT() REPRESENTATION_CONTEXT('2D SPACE',''
  ) );
#239 = ORIENTED_EDGE('',*,*,#240,.F.);
#240 = EDGE_CURVE('',#241,#208,#243,.T.);
#241 = VERTEX_POINT('',#242);
#242 = CARTESIAN_POINT('',(213.1,14.769260909802,16.974066459696));
#243 = SURFACE_CURVE('',#244,(#267,#293),.PCURVE_S1.);
#244 = B_SPLINE_CURVE_WITH_KNOTS('',6,(#245,#246,#247,#248,#249,#250,
    #251,#252,#253,#254,#255,#256,#257,#258,#259,#260,#261,#262,#263,
    #264,#265,#266),.UNSPECIFIED.,.F.,.F.,(7,5,5,5,7),(0.,0.249194323873
    ,0.499858654568,0.751131713112,1.),.UNSPECIFIED.);
#245 = CARTESIAN_POINT('',(213.09998853368,14.769267568529,
    16.974060665886));
#246 = CARTESIAN_POINT('',(213.90243766202,14.30326904268,
    17.379529754885));
#247 = CARTESIAN_POINT('',(214.70211285465,13.814111419184,
    17.778174848531));
#248 = CARTESIAN_POINT('',(215.49934470935,13.302070259507,
    18.167629447067));
#249 = CARTESIAN_POINT('',(216.29450011838,12.767865816256,
    18.545391629899));
#250 = CARTESIAN_POINT('',(217.08796721913,12.212767398452,
    18.908950453319));
#251 = CARTESIAN_POINT('',(218.67688020059,11.061054489943,
    19.605062975172));
#252 = CARTESIAN_POINT('',(219.47234014091,10.464192616294,
    19.937434099239));
#253 = CARTESIAN_POINT('',(220.26677459119,9.849906114844,
    20.250712931356));
#254 = CARTESIAN_POINT('',(221.0605504612,9.220583715722,20.542754723516
    ));
#255 = CARTESIAN_POINT('',(221.85403235144,8.579070191689,
    20.811842881973));
#256 = CARTESIAN_POINT('',(223.44287673644,7.2763455879,21.302356544186)
  );
#257 = CARTESIAN_POINT('',(224.23828697979,6.615051366704,
    21.523679434102));
#258 = CARTESIAN_POINT('',(225.03399444475,5.947768048536,21.71958064792
    ));
#259 = CARTESIAN_POINT('',(225.83036662578,5.277790398448,
    21.889472595548));
#260 = CARTESIAN_POINT('',(226.62777328659,4.608351087404,
    22.033396378754));
#261 = CARTESIAN_POINT('',(228.21763049881,3.282941892123,
    22.269284544756));
#262 = CARTESIAN_POINT('',(229.01008513528,2.626879735628,
    22.361737575534));
#263 = CARTESIAN_POINT('',(229.80422823706,1.977166584049,
    22.429808457858));
#264 = CARTESIAN_POINT('',(230.6004463453,1.336399141638,22.474546336166
    ));
#265 = CARTESIAN_POINT('',(231.39910479992,0.706757352938,
    22.497352956711));
#266 = CARTESIAN_POINT('',(232.20053286022,8.999976000019E-02,
    22.49982000024));
#267 = PCURVE('',#33,#268);
#268 = DEFINITIONAL_REPRESENTATION('',(#269),#292);
#269 = B_SPLINE_CURVE_WITH_KNOTS('',6,(#270,#271,#272,#273,#274,#275,
    #276,#277,#278,#279,#280,#281,#282,#283,#284,#285,#286,#287,#288,
    #289,#290,#291),.UNSPECIFIED.,.F.,.F.,(7,5,5,5,7),(0.,0.249194323873
    ,0.499858654568,0.751131713112,1.),.UNSPECIFIED.);
#270 = CARTESIAN_POINT('',(0.854743690422,166.09998853368));
#271 = CARTESIAN_POINT('',(0.882197258253,166.90243766202));
#272 = CARTESIAN_POINT('',(0.9102282448,167.70211285465));
#273 = CARTESIAN_POINT('',(0.93879562022,168.49934470935));
#274 = CARTESIAN_POINT('',(0.967847305601,169.29450011838));
#275 = CARTESIAN_POINT('',(0.997319468809,170.08796721913));
#276 = CARTESIAN_POINT('',(1.05713012093,171.67688020059));
#277 = CARTESIAN_POINT('',(1.087473824635,172.47234014091));
#278 = CARTESIAN_POINT('',(1.118089918609,173.26677459119));
#279 = CARTESIAN_POINT('',(1.148892559139,174.0605504612));
#280 = CARTESIAN_POINT('',(1.179789724463,174.85403235144));
#281 = CARTESIAN_POINT('',(1.241656886755,176.44287673644));
#282 = CARTESIAN_POINT('',(1.272628741312,177.23828697979));
#283 = CARTESIAN_POINT('',(1.303505024016,178.03399444475));
#284 = CARTESIAN_POINT('',(1.33419306096,178.83036662578));
#285 = CARTESIAN_POINT('',(1.364606440352,179.62777328659));
#286 = CARTESIAN_POINT('',(1.424439174475,181.21763049881));
#287 = CARTESIAN_POINT('',(1.453866374752,182.01008513528));
#288 = CARTESIAN_POINT('',(1.482873392838,182.80422823706));
#289 = CARTESIAN_POINT('',(1.511396749378,183.6004463453));
#290 = CARTESIAN_POINT('',(1.539384658927,184.39910479992));
#291 = CARTESIAN_POINT('',(1.566796326795,185.20053286022));
#292 = ( GEOMETRIC_REPRESENTATION_CONTEXT(2) 
PARAMETRIC_REPRESENTATION_CONTEXT() REPRESENTATION_CONTEXT('2D SPACE',''
  ) );
#293 = PCURVE('',#294,#299);
#294 = B_SPLINE_SURFACE_WITH_KNOTS('',1,1,(
    (#295,#296)
    ,(#297,#298
    )),.UNSPECIFIED.,.F.,.F.,.F.,(2,2),(2,2),(0.,28.5),(0.,1.),
  .PIECEWISE_BEZIER_KNOTS.);
#295 = CARTESIAN_POINT('',(213.09,18.715084251063,21.494083406268));
#296 = CARTESIAN_POINT('',(232.20053286022,0.113999696,28.499772000304)
  );
#297 = CARTESIAN_POINT('',(213.09,0.,0.));
#298 = CARTESIAN_POINT('',(232.20053286022,-1.387778780781E-17,0.));
#299 = DEFINITIONAL_REPRESENTATION('',(#300),#323);
#300 = B_SPLINE_CURVE_WITH_KNOTS('',6,(#301,#302,#303,#304,#305,#306,
    #307,#308,#309,#310,#311,#312,#313,#314,#315,#316,#317,#318,#319,
    #320,#321,#322),.UNSPECIFIED.,.F.,.F.,(7,5,5,5,7),(0.,0.249194323873
    ,0.499858654568,0.751131713112,1.),.UNSPECIFIED.);
#301 = CARTESIAN_POINT('',(5.997140879025,5.226716467459E-04));
#302 = CARTESIAN_POINT('',(5.767523948563,4.251255932867E-02));
#303 = CARTESIAN_POINT('',(5.553430115752,8.435729481992E-02));
#304 = CARTESIAN_POINT('',(5.35711871057,0.126074177365));
#305 = CARTESIAN_POINT('',(5.180817048693,0.167682405395));
#306 = CARTESIAN_POINT('',(5.026554974816,0.20920228904));
#307 = CARTESIAN_POINT('',(4.764602278352,0.292345600275));
#308 = CARTESIAN_POINT('',(4.657186988876,0.333969763564));
#309 = CARTESIAN_POINT('',(4.575388206895,0.375540265867));
#310 = CARTESIAN_POINT('',(4.520449154873,0.417076306532));
#311 = CARTESIAN_POINT('',(4.493014040236,0.458596964069));
#312 = CARTESIAN_POINT('',(4.493142699695,0.541736685845));
#313 = CARTESIAN_POINT('',(4.52084020063,0.583358248633));
#314 = CARTESIAN_POINT('',(4.576173626408,0.624995364186));
#315 = CARTESIAN_POINT('',(4.658490643997,0.666667262445));
#316 = CARTESIAN_POINT('',(4.766534520569,0.708393292097));
#317 = CARTESIAN_POINT('',(5.02943855677,0.791586012251));
#318 = CARTESIAN_POINT('',(5.183845499878,0.833052916511));
#319 = CARTESIAN_POINT('',(5.360210474364,0.874608173373));
#320 = CARTESIAN_POINT('',(5.556509377494,0.91627200944));
#321 = CARTESIAN_POINT('',(5.770522760799,0.958063541913));
#322 = CARTESIAN_POINT('',(6.,1.));
#323 = ( GEOMETRIC_REPRESENTATION_CONTEXT(2) 
PARAMETRIC_REPRESENTATION_CONTEXT() REPRESENTATION_CONTEXT('2D SPACE',''
  ) );
#324 = ORIENTED_EDGE('',*,*,#325,.F.);
#325 = EDGE_CURVE('',#326,#241,#328,.T.);
#326 = VERTEX_POINT('',#327);
#327 = CARTESIAN_POINT('',(213.1,14.775066513997,16.969013215475));
#328 = SURFACE_CURVE('',#329,(#334,#341),.PCURVE_S1.);
#329 = CIRCLE('',#330,22.5);
#330 = AXIS2_PLACEMENT_3D('',#331,#332,#333);
#331 = CARTESIAN_POINT('',(213.1,0.,0.));
#332 = DIRECTION('',(1.,0.,0.));
#333 = DIRECTION('',(-0.,1.,0.));
#334 = PCURVE('',#33,#335);
#335 = DEFINITIONAL_REPRESENTATION('',(#336),#340);
#336 = LINE('',#337,#338);
#337 = CARTESIAN_POINT('',(0.,166.1));
#338 = VECTOR('',#339,1.);
#339 = DIRECTION('',(1.,0.));
#340 = ( GEOMETRIC_REPRESENTATION_CONTEXT(2) 
PARAMETRIC_REPRESENTATION_CONTEXT() REPRESENTATION_CONTEXT('2D SPACE',''
  ) );
#341 = PCURVE('',#342,#347);
#342 = PLANE('',#343);
#343 = AXIS2_PLACEMENT_3D('',#344,#345,#346);
#344 = CARTESIAN_POINT('',(213.1,0.,0.));
#345 = DIRECTION('',(-1.,0.,0.));
#346 = DIRECTION('',(0.,-0.656669622844,0.754178365132));
#347 = DEFINITIONAL_REPRESENTATION('',(#348),#356);
#348 = ( BOUNDED_CURVE() B_SPLINE_CURVE(2,(#349,#350,#351,#352,#353,#354
,#355),.UNSPECIFIED.,.T.,.F.) B_SPLINE_CURVE_WITH_KNOTS((1,2,2,2,2,1),(
    -2.094395102393,0.,2.094395102393,4.188790204786,6.28318530718,
8.377580409573),.UNSPECIFIED.) CURVE() GEOMETRIC_REPRESENTATION_ITEM() 
RATIONAL_B_SPLINE_CURVE((1.,0.5,1.,0.5,1.,0.5,1.)) REPRESENTATION_ITEM(
  '') );
#349 = CARTESIAN_POINT('',(-14.77506651399,16.969013215475));
#350 = CARTESIAN_POINT('',(14.616126529512,42.560179102928));
#351 = CARTESIAN_POINT('',(22.083129778754,4.311076335989));
#352 = CARTESIAN_POINT('',(29.550133027995,-33.93802643094));
#353 = CARTESIAN_POINT('',(-7.308063264756,-21.28008955146));
#354 = CARTESIAN_POINT('',(-44.1662595575,-8.622152671978));
#355 = CARTESIAN_POINT('',(-14.77506651399,16.969013215475));
#356 = ( GEOMETRIC_REPRESENTATION_CONTEXT(2) 
PARAMETRIC_REPRESENTATION_CONTEXT() REPRESENTATION_CONTEXT('2D SPACE',''
  ) );
#357 = ORIENTED_EDGE('',*,*,#358,.T.);
#358 = EDGE_CURVE('',#326,#22,#359,.T.);
#359 = SURFACE_CURVE('',#360,(#364,#371),.PCURVE_S1.);
#360 = LINE('',#361,#362);
#361 = CARTESIAN_POINT('',(213.1,14.775066513997,16.969013215475));
#362 = VECTOR('',#363,1.);
#363 = DIRECTION('',(-1.,0.,0.));
#364 = PCURVE('',#33,#365);
#365 = DEFINITIONAL_REPRESENTATION('',(#366),#370);
#366 = LINE('',#367,#368);
#367 = CARTESIAN_POINT('',(0.854402003901,166.1));
#368 = VECTOR('',#369,1.);
#369 = DIRECTION('',(-0.,-1.));
#370 = ( GEOMETRIC_REPRESENTATION_CONTEXT(2) 
PARAMETRIC_REPRESENTATION_CONTEXT() REPRESENTATION_CONTEXT('2D SPACE',''
  ) );
#371 = PCURVE('',#372,#377);
#372 = PLANE('',#373);
#373 = AXIS2_PLACEMENT_3D('',#374,#375,#376);
#374 = CARTESIAN_POINT('',(213.1,18.715084251063,21.494083406268));
#375 = DIRECTION('',(0.,-0.754178365132,0.656669622844));
#376 = DIRECTION('',(0.,-0.656669622844,-0.754178365132));
#377 = DEFINITIONAL_REPRESENTATION('',(#378),#382);
#378 = LINE('',#379,#380);
#379 = CARTESIAN_POINT('',(6.,0.));
#380 = VECTOR('',#381,1.);
#381 = DIRECTION('',(-0.,-1.));
#382 = ( GEOMETRIC_REPRESENTATION_CONTEXT(2) 
PARAMETRIC_REPRESENTATION_CONTEXT() REPRESENTATION_CONTEXT('2D SPACE',''
  ) );
#383 = FACE_BOUND('',#384,.T.);
#384 = EDGE_LOOP('',(#385));
#385 = ORIENTED_EDGE('',*,*,#386,.F.);
#386 = EDGE_CURVE('',#387,#387,#389,.T.);
#387 = VERTEX_POINT('',#388);
#388 = CARTESIAN_POINT('',(69.95,-4.776122516675E-16,22.5));
#389 = SURFACE_CURVE('',#390,(#549,#711),.PCURVE_S1.);
#390 = B_SPLINE_CURVE_WITH_KNOTS('',7,(#391,#392,#393,#394,#395,#396,
    #397,#398,#399,#400,#401,#402,#403,#404,#405,#406,#407,#408,#409,
    #410,#411,#412,#413,#414,#415,#416,#417,#418,#419,#420,#421,#422,
    #423,#424,#425,#426,#427,#428,#429,#430,#431,#432,#433,#434,#435,
    #436,#437,#438,#439,#440,#441,#442,#443,#444,#445,#446,#447,#448,
    #449,#450,#451,#452,#453,#454,#455,#456,#457,#458,#459,#460,#461,
    #462,#463,#464,#465,#466,#467,#468,#469,#470,#471,#472,#473,#474,
    #475,#476,#477,#478,#479,#480,#481,#482,#483,#484,#485,#486,#487,
    #488,#489,#490,#491,#492,#493,#494,#495,#496,#497,#498,#499,#500,
    #501,#502,#503,#504,#505,#506,#507,#508,#509,#510,#511,#512,#513,
    #514,#515,#516,#517,#518,#519,#520,#521,#522,#523,#524,#525,#526,
    #527,#528,#529,#530,#531,#532,#533,#534,#535,#536,#537,#538,#539,
    #540,#541,#542,#543,#544,#545,#546,#547,#548),.UNSPECIFIED.,.T.,.F.,
  (8,6,6,6,6,6,6,6,6,6,6,6,6,6,6,6,6,6,6,6,6,6,6,6,6,6,8),(0.,
    2.325591668246E-02,4.786960358527E-02,7.847761402821E-02,
    0.11922774561,0.152310057231,0.178435458738,0.246698931558,
    0.346989187799,0.380307543497,0.421046238172,0.451874404297,
    0.467767916933,0.47770618503,0.499902519768,0.531771266173,
    0.547665146319,0.578494025289,0.619233661973,0.652552788097,
    0.678339502907,0.749876194377,0.847216967377,0.88053876565,
    0.921281669597,0.952113021001,1.),.UNSPECIFIED.);
#391 = CARTESIAN_POINT('',(69.95,-4.440892098501E-16,22.5));
#392 = CARTESIAN_POINT('',(69.95,4.730482505679E-02,22.5));
#393 = CARTESIAN_POINT('',(69.94854512535,9.461159802372E-02,
    22.499883971348));
#394 = CARTESIAN_POINT('',(69.945635240936,0.141819048297,
    22.499651886482));
#395 = CARTESIAN_POINT('',(69.941281917404,0.188830463664,
    22.499305228191));
#396 = CARTESIAN_POINT('',(69.935507324811,0.235553842126,
    22.498846839108));
#397 = CARTESIAN_POINT('',(69.928343126278,0.28190204372,22.498280771192
    ));
#398 = CARTESIAN_POINT('',(69.910818551132,0.37636312885,22.496904461705
    ));
#399 = CARTESIAN_POINT('',(69.900295403916,0.424424049433,
    22.496081842809));
#400 = CARTESIAN_POINT('',(69.888306890011,0.471880793509,
    22.495150281785));
#401 = CARTESIAN_POINT('',(69.874908436915,0.518651733238,
    22.494116909006));
#402 = CARTESIAN_POINT('',(69.860161432883,0.564667484434,
    22.492989645207));
#403 = CARTESIAN_POINT('',(69.844130720199,0.609869867475,
    22.491776864728));
#404 = CARTESIAN_POINT('',(69.80543279063,0.709350507359,22.488883138344
    ));
#405 = CARTESIAN_POINT('',(69.782100096582,0.76315804085,22.487160094199
    ));
#406 = CARTESIAN_POINT('',(69.75700932212,0.81554651152,22.485334224239)
  );
#407 = CARTESIAN_POINT('',(69.730286400112,0.866453396213,
    22.483421922016));
#408 = CARTESIAN_POINT('',(69.702054080174,0.915837085701,
    22.481439202905));
#409 = CARTESIAN_POINT('',(69.67242812837,0.963673364594,22.479401230288
    ));
#410 = CARTESIAN_POINT('',(69.600355213807,1.071565044905,22.47455343715
    ));
#411 = CARTESIAN_POINT('',(69.556917176901,1.130410703154,
    22.471711910231));
#412 = CARTESIAN_POINT('',(69.511444615253,1.186472598174,
    22.468829957813));
#413 = CARTESIAN_POINT('',(69.464161179393,1.239759058147,
    22.465937037484));
#414 = CARTESIAN_POINT('',(69.41526646595,1.290297766388,22.463059279577
    ));
#415 = CARTESIAN_POINT('',(69.364933512287,1.338130520482,22.46021939915
    ));
#416 = CARTESIAN_POINT('',(69.271393596564,1.419984564306,
    22.455177445568));
#417 = CARTESIAN_POINT('',(69.228631104539,1.45490836058,22.452956101546
    ));
#418 = CARTESIAN_POINT('',(69.185098023709,1.488105216468,
    22.450783024186));
#419 = CARTESIAN_POINT('',(69.140866461737,1.519601076768,
    22.448667502495));
#420 = CARTESIAN_POINT('',(69.096001536028,1.549421761643,
    22.446617751337));
#421 = CARTESIAN_POINT('',(69.050561484455,1.577592733403,
    22.444640996567));
#422 = CARTESIAN_POINT('',(68.968299818774,1.625102582846,
    22.441245137426));
#423 = CARTESIAN_POINT('',(68.931676000991,1.645052586244,
    22.439796220771));
#424 = CARTESIAN_POINT('',(68.8947520365,1.66400085104,22.4383999172));
#425 = CARTESIAN_POINT('',(68.857552044998,1.681958647831,
    22.437059054162));
#426 = CARTESIAN_POINT('',(68.820098552127,1.698936540274,
    22.435776179551));
#427 = CARTESIAN_POINT('',(68.78241248948,1.71494438509,22.434553561708)
  );
#428 = CARTESIAN_POINT('',(68.645485530453,1.769307736652,
    22.430361234395));
#429 = CARTESIAN_POINT('',(68.545012134115,1.802059945637,
    22.427754626891));
#430 = CARTESIAN_POINT('',(68.443426710701,1.828418318718,
    22.425608755157));
#431 = CARTESIAN_POINT('',(68.341029036852,1.848500790828,
    22.423948972642));
#432 = CARTESIAN_POINT('',(68.238091296297,1.862390319591,
    22.422791621618));
#433 = CARTESIAN_POINT('',(68.134861632492,1.870136984676,
    22.422145086085));
#434 = CARTESIAN_POINT('',(67.879805075084,1.874106794345,
    22.421813694293));
#435 = CARTESIAN_POINT('',(67.728206525044,1.863212385591,22.42272272559
    ));
#436 = CARTESIAN_POINT('',(67.577289102126,1.839178186788,
    22.424734540256));
#437 = CARTESIAN_POINT('',(67.427761199235,1.801795331212,
    22.427822405032));
#438 = CARTESIAN_POINT('',(67.280508976653,1.750717001821,
    22.431923242769));
#439 = CARTESIAN_POINT('',(67.136622283332,1.685474830768,
    22.436925627247));
#440 = CARTESIAN_POINT('',(66.951223998967,1.578696493417,
    22.444563485159));
#441 = CARTESIAN_POINT('',(66.905518371494,1.550427133821,
    22.446548546184));
#442 = CARTESIAN_POINT('',(66.860392572975,1.520490781977,
    22.448607590786));
#443 = CARTESIAN_POINT('',(66.815905668927,1.488861576839,
    22.450733294248));
#444 = CARTESIAN_POINT('',(66.772123740668,1.455513280903,
    22.452917322985));
#445 = CARTESIAN_POINT('',(66.729119999941,1.420419517565,
    22.455150247065));
#446 = CARTESIAN_POINT('',(66.635443662562,1.338478173001,
    22.460198479159));
#447 = CARTESIAN_POINT('',(66.58520097508,1.290757694253,22.463032447195
    ));
#448 = CARTESIAN_POINT('',(66.536389930366,1.240342207874,
    22.465904265026));
#449 = CARTESIAN_POINT('',(66.489182416852,1.187190132286,
    22.468791368898));
#450 = CARTESIAN_POINT('',(66.443776654161,1.131273843294,22.47166780848
    ));
#451 = CARTESIAN_POINT('',(66.400394725165,1.0725848487,22.474504332236)
  );
#452 = CARTESIAN_POINT('',(66.328167470371,0.964641057437,
    22.479360179079));
#453 = CARTESIAN_POINT('',(66.29835570138,0.916568059491,22.481410271023
    ));
#454 = CARTESIAN_POINT('',(66.269951354685,0.866930269822,
    22.483404702867));
#455 = CARTESIAN_POINT('',(66.243072067515,0.815752146098,
    22.485328065902));
#456 = CARTESIAN_POINT('',(66.2178426402,0.763075912541,22.487164077397)
  );
#457 = CARTESIAN_POINT('',(66.194391115652,0.708965169551,
    22.488896069546));
#458 = CARTESIAN_POINT('',(66.161736650105,0.624917726249,
    22.491338242935));
#459 = CARTESIAN_POINT('',(66.151134829684,0.595969656256,
    22.492136969783));
#460 = CARTESIAN_POINT('',(66.141057256183,0.566676783371,
    22.492901346858));
#461 = CARTESIAN_POINT('',(66.131521238517,0.537053622032,
    22.493629136321));
#462 = CARTESIAN_POINT('',(66.122543535931,0.507116711089,
    22.494318174578));
#463 = CARTESIAN_POINT('',(66.114140357995,0.476884613807,
    22.494966372281));
#464 = CARTESIAN_POINT('',(66.10144187298,0.427301976005,22.49595023679)
  );
#465 = CARTESIAN_POINT('',(66.096787073678,0.408118674663,
    22.496312011881));
#466 = CARTESIAN_POINT('',(66.092366750156,0.38883309338,22.496656553076
    ));
#467 = CARTESIAN_POINT('',(66.088184480664,0.369450608369,
    22.496983400542));
#468 = CARTESIAN_POINT('',(66.084243638246,0.349976892507,
    22.497292121143));
#469 = CARTESIAN_POINT('',(66.080547390745,0.330417915341,
    22.497582308434));
#470 = CARTESIAN_POINT('',(66.069396324918,0.26692008727,22.498459452172
    ));
#471 = CARTESIAN_POINT('',(66.062928439065,0.222664420982,
    22.498971015967));
#472 = CARTESIAN_POINT('',(66.05772824025,0.178085285604,22.499384037223
    ));
#473 = CARTESIAN_POINT('',(66.053821786281,0.133258976098,
    22.499695181872));
#474 = CARTESIAN_POINT('',(66.051227167432,8.826560620707E-02,
    22.499902131191));
#475 = CARTESIAN_POINT('',(66.049953678115,4.318897364544E-02,
    22.500003694382));
#476 = CARTESIAN_POINT('',(66.050068915265,-6.65972145835E-02,
    22.499994503693));
#477 = CARTESIAN_POINT('',(66.052859704148,-0.131313419763,
    22.499771949421));
#478 = CARTESIAN_POINT('',(66.058373260267,-0.195766565377,
    22.499332203257));
#479 = CARTESIAN_POINT('',(66.066567650968,-0.25971217142,
    22.498680653248));
#480 = CARTESIAN_POINT('',(66.077365697608,-0.32292698812,
    22.497827226133));
#481 = CARTESIAN_POINT('',(66.090661567291,-0.385209081322,
    22.496785482897));
#482 = CARTESIAN_POINT('',(66.114140357995,-0.476884613805,
    22.494966372281));
#483 = CARTESIAN_POINT('',(66.12254353593,-0.507116711087,
    22.494318174578));
#484 = CARTESIAN_POINT('',(66.131521238516,-0.53705362203,
    22.493629136321));
#485 = CARTESIAN_POINT('',(66.141057256182,-0.56667678337,
    22.492901346858));
#486 = CARTESIAN_POINT('',(66.151134829683,-0.595969656254,
    22.492136969783));
#487 = CARTESIAN_POINT('',(66.161736650104,-0.624917726247,
    22.491338242935));
#488 = CARTESIAN_POINT('',(66.194391115651,-0.708965169549,
    22.488896069546));
#489 = CARTESIAN_POINT('',(66.217842640199,-0.763075912539,
    22.487164077397));
#490 = CARTESIAN_POINT('',(66.243072067514,-0.815752146096,
    22.485328065902));
#491 = CARTESIAN_POINT('',(66.269951354684,-0.86693026982,
    22.483404702867));
#492 = CARTESIAN_POINT('',(66.298355701379,-0.916568059489,
    22.481410271023));
#493 = CARTESIAN_POINT('',(66.32816747037,-0.964641057435,
    22.479360179079));
#494 = CARTESIAN_POINT('',(66.400394725164,-1.072584848699,
    22.474504332236));
#495 = CARTESIAN_POINT('',(66.44377665416,-1.131273843292,22.47166780848
    ));
#496 = CARTESIAN_POINT('',(66.489182416851,-1.187190132284,
    22.468791368898));
#497 = CARTESIAN_POINT('',(66.536389930364,-1.240342207872,
    22.465904265026));
#498 = CARTESIAN_POINT('',(66.585200975078,-1.290757694252,
    22.463032447195));
#499 = CARTESIAN_POINT('',(66.63544366256,-1.338478172999,
    22.460198479159));
#500 = CARTESIAN_POINT('',(66.729119999938,-1.420419517563,
    22.455150247065));
#501 = CARTESIAN_POINT('',(66.772123740666,-1.455513280902,
    22.452917322985));
#502 = CARTESIAN_POINT('',(66.815905668924,-1.488861576837,
    22.450733294248));
#503 = CARTESIAN_POINT('',(66.860392572973,-1.520490781975,
    22.448607590786));
#504 = CARTESIAN_POINT('',(66.905518371491,-1.550427133819,
    22.446548546184));
#505 = CARTESIAN_POINT('',(66.951223998964,-1.578696493416,
    22.444563485159));
#506 = CARTESIAN_POINT('',(67.033238683236,-1.625932052552,
    22.441184724091));
#507 = CARTESIAN_POINT('',(67.0693354384,-1.645556253562,22.439758824827
    ));
#508 = CARTESIAN_POINT('',(67.105723009897,-1.664208148551,
    22.438384076559));
#509 = CARTESIAN_POINT('',(67.1423783529,-1.681898508377,22.437063179173
    ));
#510 = CARTESIAN_POINT('',(67.179279924422,-1.698637437242,
    22.435798569117));
#511 = CARTESIAN_POINT('',(67.21640768332,-1.714434372689,
    22.434592419398));
#512 = CARTESIAN_POINT('',(67.35731779956,-1.770532529497,
    22.430268053342));
#513 = CARTESIAN_POINT('',(67.462480711682,-1.804581141235,
    22.427554448677));
#514 = CARTESIAN_POINT('',(67.568847436408,-1.831638455316,
    22.42534654093));
#515 = CARTESIAN_POINT('',(67.676075795308,-1.851837525489,
    22.423672916943));
#516 = CARTESIAN_POINT('',(67.783857648028,-1.865270618441,
    22.422551387719));
#517 = CARTESIAN_POINT('',(67.89191455274,-1.871990222019,
    22.421990380175));
#518 = CARTESIAN_POINT('',(68.147066605646,-1.871990566606,
    22.421990351406));
#519 = CARTESIAN_POINT('',(68.294036186364,-1.859549866635,
    22.423029048492));
#520 = CARTESIAN_POINT('',(68.44033793118,-1.834696542943,
    22.425103866944));
#521 = CARTESIAN_POINT('',(68.585271357087,-1.797238184243,
    22.428187831936));
#522 = CARTESIAN_POINT('',(68.72798571183,-1.746849118511,
    22.432219398939));
#523 = CARTESIAN_POINT('',(68.867484439989,-1.683109603443,
    22.437094812034));
#524 = CARTESIAN_POINT('',(69.04877600103,-1.578696493419,
    22.444563485158));
#525 = CARTESIAN_POINT('',(69.094481628503,-1.550427133823,
    22.446548546184));
#526 = CARTESIAN_POINT('',(69.139607427022,-1.520490781979,
    22.448607590786));
#527 = CARTESIAN_POINT('',(69.184094331071,-1.488861576841,
    22.450733294248));
#528 = CARTESIAN_POINT('',(69.227876259329,-1.455513280905,
    22.452917322985));
#529 = CARTESIAN_POINT('',(69.270880000057,-1.420419517567,
    22.455150247065));
#530 = CARTESIAN_POINT('',(69.364556337436,-1.338478173003,
    22.460198479159));
#531 = CARTESIAN_POINT('',(69.414799024918,-1.290757694255,
    22.463032447195));
#532 = CARTESIAN_POINT('',(69.463610069632,-1.240342207876,
    22.465904265026));
#533 = CARTESIAN_POINT('',(69.510817583146,-1.187190132288,
    22.468791368897));
#534 = CARTESIAN_POINT('',(69.556223345837,-1.131273843295,
    22.47166780848));
#535 = CARTESIAN_POINT('',(69.599605274834,-1.072584848702,
    22.474504332236));
#536 = CARTESIAN_POINT('',(69.671832529627,-0.964641057439,
    22.479360179079));
#537 = CARTESIAN_POINT('',(69.701644298619,-0.916568059493,
    22.481410271023));
#538 = CARTESIAN_POINT('',(69.730048645314,-0.866930269824,
    22.483404702867));
#539 = CARTESIAN_POINT('',(69.756927932484,-0.8157521461,22.485328065902
    ));
#540 = CARTESIAN_POINT('',(69.7821573598,-0.763075912543,22.487164077397
    ));
#541 = CARTESIAN_POINT('',(69.805608884347,-0.708965169553,
    22.488896069546));
#542 = CARTESIAN_POINT('',(69.860620594321,-0.567373705799,
    22.493010304213));
#543 = CARTESIAN_POINT('',(69.889511624464,-0.477936949853,
    22.495223869285));
#544 = CARTESIAN_POINT('',(69.913307250133,-0.385611127638,
    22.497083302035));
#545 = CARTESIAN_POINT('',(69.931544720403,-0.290926741192,
    22.498528019321));
#546 = CARTESIAN_POINT('',(69.943850788291,-0.19454198216,
    22.499509605186));
#547 = CARTESIAN_POINT('',(69.95,-9.725237733078E-02,22.5));
#548 = CARTESIAN_POINT('',(69.95,-4.440892098501E-16,22.5));
#549 = PCURVE('',#33,#550);
#550 = DEFINITIONAL_REPRESENTATION('',(#551),#710);
#551 = B_SPLINE_CURVE_WITH_KNOTS('',7,(#552,#553,#554,#555,#556,#557,
    #558,#559,#560,#561,#562,#563,#564,#565,#566,#567,#568,#569,#570,
    #571,#572,#573,#574,#575,#576,#577,#578,#579,#580,#581,#582,#583,
    #584,#585,#586,#587,#588,#589,#590,#591,#592,#593,#594,#595,#596,
    #597,#598,#599,#600,#601,#602,#603,#604,#605,#606,#607,#608,#609,
    #610,#611,#612,#613,#614,#615,#616,#617,#618,#619,#620,#621,#622,
    #623,#624,#625,#626,#627,#628,#629,#630,#631,#632,#633,#634,#635,
    #636,#637,#638,#639,#640,#641,#642,#643,#644,#645,#646,#647,#648,
    #649,#650,#651,#652,#653,#654,#655,#656,#657,#658,#659,#660,#661,
    #662,#663,#664,#665,#666,#667,#668,#669,#670,#671,#672,#673,#674,
    #675,#676,#677,#678,#679,#680,#681,#682,#683,#684,#685,#686,#687,
    #688,#689,#690,#691,#692,#693,#694,#695,#696,#697,#698,#699,#700,
    #701,#702,#703,#704,#705,#706,#707,#708,#709),.UNSPECIFIED.,.T.,.F.,
  (8,6,6,6,6,6,6,6,6,6,6,6,6,6,6,6,6,6,6,6,6,6,6,6,6,6,8),(0.,
    2.325591668246E-02,4.786960358527E-02,7.847761402821E-02,
    0.11922774561,0.152310057231,0.178435458738,0.246698931558,
    0.346989187799,0.380307543497,0.421046238172,0.451874404297,
    0.467767916933,0.47770618503,0.499902519768,0.531771266173,
    0.547665146319,0.578494025289,0.619233661973,0.652552788097,
    0.678339502907,0.749876194377,0.847216967377,0.88053876565,
    0.921281669597,0.952113021001,1.),.UNSPECIFIED.);
#552 = CARTESIAN_POINT('',(1.570796326795,22.95));
#553 = CARTESIAN_POINT('',(1.568693890126,22.95));
#554 = CARTESIAN_POINT('',(1.566591366896,22.94854512535));
#555 = CARTESIAN_POINT('',(1.564493242792,22.945635240936));
#556 = CARTESIAN_POINT('',(1.562403801008,22.941281917404));
#557 = CARTESIAN_POINT('',(1.560327116152,22.935507324811));
#558 = CARTESIAN_POINT('',(1.558267048157,22.928343126278));
#559 = CARTESIAN_POINT('',(1.554068332109,22.910818551132));
#560 = CARTESIAN_POINT('',(1.551931985277,22.900295403916));
#561 = CARTESIAN_POINT('',(1.549822400822,22.888306890011));
#562 = CARTESIAN_POINT('',(1.547743196142,22.874908436915));
#563 = CARTESIAN_POINT('',(1.545697447139,22.860161432883));
#564 = CARTESIAN_POINT('',(1.543687734465,22.844130720199));
#565 = CARTESIAN_POINT('',(1.539264502561,22.80543279063));
#566 = CARTESIAN_POINT('',(1.536871841141,22.782100096582));
#567 = CARTESIAN_POINT('',(1.534542065415,22.75700932212));
#568 = CARTESIAN_POINT('',(1.532277955621,22.730286400112));
#569 = CARTESIAN_POINT('',(1.530081367564,22.702054080174));
#570 = CARTESIAN_POINT('',(1.527953387875,22.67242812837));
#571 = CARTESIAN_POINT('',(1.523153364052,22.600355213807));
#572 = CARTESIAN_POINT('',(1.52053496877,22.556917176901));
#573 = CARTESIAN_POINT('',(1.518040057332,22.511444615253));
#574 = CARTESIAN_POINT('',(1.51566829866,22.464161179393));
#575 = CARTESIAN_POINT('',(1.513418506261,22.41526646595));
#576 = CARTESIAN_POINT('',(1.5112888678,22.364933512287));
#577 = CARTESIAN_POINT('',(1.507644015306,22.271393596564));
#578 = CARTESIAN_POINT('',(1.506088713082,22.228631104539));
#579 = CARTESIAN_POINT('',(1.504610143382,22.185098023709));
#580 = CARTESIAN_POINT('',(1.503207176538,22.140866461737));
#581 = CARTESIAN_POINT('',(1.501878687748,22.096001536028));
#582 = CARTESIAN_POINT('',(1.500623567003,22.050561484455));
#583 = CARTESIAN_POINT('',(1.498506631107,21.968299818774));
#584 = CARTESIAN_POINT('',(1.497617629417,21.931676000991));
#585 = CARTESIAN_POINT('',(1.496773201622,21.8947520365));
#586 = CARTESIAN_POINT('',(1.495972856238,21.857552044998));
#587 = CARTESIAN_POINT('',(1.495216132607,21.820098552127));
#588 = CARTESIAN_POINT('',(1.4945026009,21.78241248948));
#589 = CARTESIAN_POINT('',(1.492079278173,21.645485530453));
#590 = CARTESIAN_POINT('',(1.490619026124,21.545012134115));
#591 = CARTESIAN_POINT('',(1.489443669088,21.443426710701));
#592 = CARTESIAN_POINT('',(1.488548071764,21.341029036852));
#593 = CARTESIAN_POINT('',(1.48792862012,21.238091296297));
#594 = CARTESIAN_POINT('',(1.487583126845,21.134861632492));
#595 = CARTESIAN_POINT('',(1.487406077173,20.879805075084));
#596 = CARTESIAN_POINT('',(1.487891956639,20.728206525044));
#597 = CARTESIAN_POINT('',(1.488963877093,20.577289102126));
#598 = CARTESIAN_POINT('',(1.490630996297,20.427761199235));
#599 = CARTESIAN_POINT('',(1.492908435913,20.280508976653));
#600 = CARTESIAN_POINT('',(1.495816561033,20.136622283332));
#601 = CARTESIAN_POINT('',(1.50057439023,19.951223998967));
#602 = CARTESIAN_POINT('',(1.501833898875,19.905518371494));
#603 = CARTESIAN_POINT('',(1.50316754462,19.860392572975));
#604 = CARTESIAN_POINT('',(1.504576454865,19.815905668927));
#605 = CARTESIAN_POINT('',(1.506061772598,19.772123740668));
#606 = CARTESIAN_POINT('',(1.5076246463,19.729119999941));
#607 = CARTESIAN_POINT('',(1.511273388643,19.635443662562));
#608 = CARTESIAN_POINT('',(1.513398030322,19.58520097508));
#609 = CARTESIAN_POINT('',(1.515642340119,19.536389930366));
#610 = CARTESIAN_POINT('',(1.518008121041,19.489182416852));
#611 = CARTESIAN_POINT('',(1.520496557202,19.443776654161));
#612 = CARTESIAN_POINT('',(1.523107987156,19.400394725165));
#613 = CARTESIAN_POINT('',(1.52791034076,19.328167470372));
#614 = CARTESIAN_POINT('',(1.530048854613,19.29835570138));
#615 = CARTESIAN_POINT('',(1.532256747638,19.269951354685));
#616 = CARTESIAN_POINT('',(1.534532922227,19.243072067515));
#617 = CARTESIAN_POINT('',(1.53687549511,19.2178426402));
#618 = CARTESIAN_POINT('',(1.539281638154,19.194391115652));
#619 = CARTESIAN_POINT('',(1.543018656689,19.161736650105));
#620 = CARTESIAN_POINT('',(1.544305725826,19.151134829684));
#621 = CARTESIAN_POINT('',(1.545608072106,19.141057256183));
#622 = CARTESIAN_POINT('',(1.546925051557,19.131521238517));
#623 = CARTESIAN_POINT('',(1.548255930698,19.122543535931));
#624 = CARTESIAN_POINT('',(1.549599886542,19.114140357995));
#625 = CARTESIAN_POINT('',(1.55180399313,19.10144187298));
#626 = CARTESIAN_POINT('',(1.552656735486,19.096787073678));
#627 = CARTESIAN_POINT('',(1.553514008527,19.092366750156));
#628 = CARTESIAN_POINT('',(1.554375573997,19.088184480664));
#629 = CARTESIAN_POINT('',(1.555241180522,19.084243638246));
#630 = CARTESIAN_POINT('',(1.556110563608,19.080547390745));
#631 = CARTESIAN_POINT('',(1.558932958546,19.069396324918));
#632 = CARTESIAN_POINT('',(1.560900003462,19.062928439065));
#633 = CARTESIAN_POINT('',(1.562881374992,19.05772824025));
#634 = CARTESIAN_POINT('',(1.564873693653,19.053821786281));
#635 = CARTESIAN_POINT('',(1.566873411351,19.051227167432));
#636 = CARTESIAN_POINT('',(1.568876816848,19.049953678115));
#637 = CARTESIAN_POINT('',(1.573756203009,19.050068915265));
#638 = CARTESIAN_POINT('',(1.576632479502,19.052859704148));
#639 = CARTESIAN_POINT('',(1.579497104436,19.058373260267));
#640 = CARTESIAN_POINT('',(1.582339250405,19.066567650968));
#641 = CARTESIAN_POINT('',(1.585149029986,19.077365697608));
#642 = CARTESIAN_POINT('',(1.587917496872,19.090661567291));
#643 = CARTESIAN_POINT('',(1.591992767047,19.114140357995));
#644 = CARTESIAN_POINT('',(1.593336722892,19.12254353593));
#645 = CARTESIAN_POINT('',(1.594667602033,19.131521238516));
#646 = CARTESIAN_POINT('',(1.595984581484,19.141057256182));
#647 = CARTESIAN_POINT('',(1.597286927764,19.151134829683));
#648 = CARTESIAN_POINT('',(1.598573996901,19.161736650104));
#649 = CARTESIAN_POINT('',(1.602311015435,19.194391115651));
#650 = CARTESIAN_POINT('',(1.60471715848,19.217842640199));
#651 = CARTESIAN_POINT('',(1.607059731362,19.243072067514));
#652 = CARTESIAN_POINT('',(1.609335905951,19.269951354684));
#653 = CARTESIAN_POINT('',(1.611543798977,19.298355701379));
#654 = CARTESIAN_POINT('',(1.61368231283,19.32816747037));
#655 = CARTESIAN_POINT('',(1.618484666434,19.400394725163));
#656 = CARTESIAN_POINT('',(1.621096096388,19.44377665416));
#657 = CARTESIAN_POINT('',(1.623584532549,19.489182416851));
#658 = CARTESIAN_POINT('',(1.625950313471,19.536389930364));
#659 = CARTESIAN_POINT('',(1.628194623268,19.585200975078));
#660 = CARTESIAN_POINT('',(1.630319264947,19.63544366256));
#661 = CARTESIAN_POINT('',(1.633968007289,19.729119999938));
#662 = CARTESIAN_POINT('',(1.635530880992,19.772123740666));
#663 = CARTESIAN_POINT('',(1.637016198725,19.815905668924));
#664 = CARTESIAN_POINT('',(1.63842510897,19.860392572973));
#665 = CARTESIAN_POINT('',(1.639758754715,19.905518371491));
#666 = CARTESIAN_POINT('',(1.641018263359,19.951223998964));
#667 = CARTESIAN_POINT('',(1.643122985422,20.033238683236));
#668 = CARTESIAN_POINT('',(1.643997470968,20.0693354384));
#669 = CARTESIAN_POINT('',(1.644828692021,20.105723009897));
#670 = CARTESIAN_POINT('',(1.645617118272,20.1423783529));
#671 = CARTESIAN_POINT('',(1.646363190344,20.179279924422));
#672 = CARTESIAN_POINT('',(1.647067319786,20.21640768332));
#673 = CARTESIAN_POINT('',(1.649567967935,20.35731779956));
#674 = CARTESIAN_POINT('',(1.65108603284,20.462480711682));
#675 = CARTESIAN_POINT('',(1.652292575115,20.568847436408));
#676 = CARTESIAN_POINT('',(1.653193387779,20.676075795308));
#677 = CARTESIAN_POINT('',(1.653792491236,20.783857648028));
#678 = CARTESIAN_POINT('',(1.654092179343,20.89191455274));
#679 = CARTESIAN_POINT('',(1.654092194711,21.147066605646));
#680 = CARTESIAN_POINT('',(1.653537350952,21.294036186364));
#681 = CARTESIAN_POINT('',(1.652428916039,21.44033793118));
#682 = CARTESIAN_POINT('',(1.650758469123,21.585271357087));
#683 = CARTESIAN_POINT('',(1.648511810559,21.72798571183));
#684 = CARTESIAN_POINT('',(1.645670702757,21.867484439989));
#685 = CARTESIAN_POINT('',(1.64101826336,22.04877600103));
#686 = CARTESIAN_POINT('',(1.639758754715,22.094481628503));
#687 = CARTESIAN_POINT('',(1.63842510897,22.139607427022));
#688 = CARTESIAN_POINT('',(1.637016198725,22.184094331071));
#689 = CARTESIAN_POINT('',(1.635530880992,22.227876259329));
#690 = CARTESIAN_POINT('',(1.63396800729,22.270880000057));
#691 = CARTESIAN_POINT('',(1.630319264947,22.364556337436));
#692 = CARTESIAN_POINT('',(1.628194623268,22.414799024918));
#693 = CARTESIAN_POINT('',(1.625950313471,22.463610069632));
#694 = CARTESIAN_POINT('',(1.623584532549,22.510817583146));
#695 = CARTESIAN_POINT('',(1.621096096388,22.556223345838));
#696 = CARTESIAN_POINT('',(1.618484666434,22.599605274834));
#697 = CARTESIAN_POINT('',(1.61368231283,22.671832529627));
#698 = CARTESIAN_POINT('',(1.611543798977,22.701644298619));
#699 = CARTESIAN_POINT('',(1.609335905952,22.730048645314));
#700 = CARTESIAN_POINT('',(1.607059731363,22.756927932484));
#701 = CARTESIAN_POINT('',(1.60471715848,22.7821573598));
#702 = CARTESIAN_POINT('',(1.602311015435,22.805608884347));
#703 = CARTESIAN_POINT('',(1.596015405437,22.860620594321));
#704 = CARTESIAN_POINT('',(1.592039258056,22.889511624464));
#705 = CARTESIAN_POINT('',(1.587935127268,22.913307250133));
#706 = CARTESIAN_POINT('',(1.583726536063,22.931544720403));
#707 = CARTESIAN_POINT('',(1.579442637109,22.943850788291));
#708 = CARTESIAN_POINT('',(1.575118654676,22.95));
#709 = CARTESIAN_POINT('',(1.570796326795,22.95));
#710 = ( GEOMETRIC_REPRESENTATION_CONTEXT(2) 
PARAMETRIC_REPRESENTATION_CONTEXT() REPRESENTATION_CONTEXT('2D SPACE',''
  ) );
#711 = PCURVE('',#712,#717);
#712 = CONICAL_SURFACE('',#713,1.1,0.785398163397);
#713 = AXIS2_PLACEMENT_3D('',#714,#715,#716);
#714 = CARTESIAN_POINT('',(68.,0.,21.65));
#715 = DIRECTION('',(0.,0.,1.));
#716 = DIRECTION('',(1.,0.,-0.));
#717 = DEFINITIONAL_REPRESENTATION('',(#718),#877);
#718 = B_SPLINE_CURVE_WITH_KNOTS('',7,(#719,#720,#721,#722,#723,#724,
    #725,#726,#727,#728,#729,#730,#731,#732,#733,#734,#735,#736,#737,
    #738,#739,#740,#741,#742,#743,#744,#745,#746,#747,#748,#749,#750,
    #751,#752,#753,#754,#755,#756,#757,#758,#759,#760,#761,#762,#763,
    #764,#765,#766,#767,#768,#769,#770,#771,#772,#773,#774,#775,#776,
    #777,#778,#779,#780,#781,#782,#783,#784,#785,#786,#787,#788,#789,
    #790,#791,#792,#793,#794,#795,#796,#797,#798,#799,#800,#801,#802,
    #803,#804,#805,#806,#807,#808,#809,#810,#811,#812,#813,#814,#815,
    #816,#817,#818,#819,#820,#821,#822,#823,#824,#825,#826,#827,#828,
    #829,#830,#831,#832,#833,#834,#835,#836,#837,#838,#839,#840,#841,
    #842,#843,#844,#845,#846,#847,#848,#849,#850,#851,#852,#853,#854,
    #855,#856,#857,#858,#859,#860,#861,#862,#863,#864,#865,#866,#867,
    #868,#869,#870,#871,#872,#873,#874,#875,#876),.UNSPECIFIED.,.F.,.F.,
  (8,6,6,6,6,6,6,6,6,6,6,6,6,6,6,6,6,6,6,6,6,6,6,6,6,6,8),(0.,
    2.325591668246E-02,4.786960358527E-02,7.847761402821E-02,
    0.11922774561,0.152310057231,0.178435458738,0.246698931558,
    0.346989187799,0.380307543497,0.421046238172,0.451874404297,
    0.467767916933,0.47770618503,0.499902519768,0.531771266173,
    0.547665146319,0.578494025289,0.619233661973,0.652552788097,
    0.678339502907,0.749876194377,0.847216967377,0.88053876565,
    0.921281669597,0.952113021001,1.),.UNSPECIFIED.);
#719 = CARTESIAN_POINT('',(0.,0.85));
#720 = CARTESIAN_POINT('',(2.425888464451E-02,0.85));
#721 = CARTESIAN_POINT('',(4.851875543298E-02,0.849883971348));
#722 = CARTESIAN_POINT('',(7.275710897884E-02,0.849651886482));
#723 = CARTESIAN_POINT('',(9.695367700985E-02,0.849305228191));
#724 = CARTESIAN_POINT('',(0.121089779574,0.848846839108));
#725 = CARTESIAN_POINT('',(0.145147678243,0.848280771192));
#726 = CARTESIAN_POINT('',(0.194471189153,0.846904461705));
#727 = CARTESIAN_POINT('',(0.219726857537,0.846081842809));
#728 = CARTESIAN_POINT('',(0.244857728357,0.845150281785));
#729 = CARTESIAN_POINT('',(0.269848571377,0.844116909006));
#730 = CARTESIAN_POINT('',(0.294687485258,0.842989645207));
#731 = CARTESIAN_POINT('',(0.319365250556,0.841776864728));
#732 = CARTESIAN_POINT('',(0.374353048656,0.838883138344));
#733 = CARTESIAN_POINT('',(0.404571066127,0.837160094199));
#734 = CARTESIAN_POINT('',(0.434518197131,0.835334224239));
#735 = CARTESIAN_POINT('',(0.46418926071,0.833421922016));
#736 = CARTESIAN_POINT('',(0.493583836285,0.831439202905));
#737 = CARTESIAN_POINT('',(0.522705666975,0.829401230288));
#738 = CARTESIAN_POINT('',(0.589980173557,0.82455343715));
#739 = CARTESIAN_POINT('',(0.627923857102,0.821711910231));
#740 = CARTESIAN_POINT('',(0.665415254622,0.818829957813));
#741 = CARTESIAN_POINT('',(0.702477178267,0.815937037484));
#742 = CARTESIAN_POINT('',(0.739134404059,0.813059279577));
#743 = CARTESIAN_POINT('',(0.775414964682,0.81021939915));
#744 = CARTESIAN_POINT('',(0.840525869548,0.805177445568));
#745 = CARTESIAN_POINT('',(0.869471335157,0.802956101546));
#746 = CARTESIAN_POINT('',(0.898204013663,0.800783024186));
#747 = CARTESIAN_POINT('',(0.926738754914,0.798667502495));
#748 = CARTESIAN_POINT('',(0.95508965805,0.796617751337));
#749 = CARTESIAN_POINT('',(0.983270645523,0.794640996567));
#750 = CARTESIAN_POINT('',(1.033427942991,0.791245137426));
#751 = CARTESIAN_POINT('',(1.055462453136,0.789796220771));
#752 = CARTESIAN_POINT('',(1.077406177687,0.7883999172));
#753 = CARTESIAN_POINT('',(1.099265496149,0.787059054163));
#754 = CARTESIAN_POINT('',(1.121046557384,0.785776179551));
#755 = CARTESIAN_POINT('',(1.142755279608,0.784553561708));
#756 = CARTESIAN_POINT('',(1.220946257806,0.780361234395));
#757 = CARTESIAN_POINT('',(1.277034978069,0.777754626891));
#758 = CARTESIAN_POINT('',(1.332774794046,0.775608755157));
#759 = CARTESIAN_POINT('',(1.388253898379,0.773948972642));
#760 = CARTESIAN_POINT('',(1.443551313659,0.772791621618));
#761 = CARTESIAN_POINT('',(1.498747839141,0.772145086085));
#762 = CARTESIAN_POINT('',(1.635011595797,0.771813694293));
#763 = CARTESIAN_POINT('',(1.715906333637,0.77272272559));
#764 = CARTESIAN_POINT('',(1.796999194971,0.774734540256));
#765 = CARTESIAN_POINT('',(1.87858308495,0.777822405032));
#766 = CARTESIAN_POINT('',(1.960904791052,0.781923242769));
#767 = CARTESIAN_POINT('',(2.044246084624,0.786925627247));
#768 = CARTESIAN_POINT('',(2.157215487332,0.794563485159));
#769 = CARTESIAN_POINT('',(2.185543833854,0.796548546184));
#770 = CARTESIAN_POINT('',(2.214043575212,0.798607590786));
#771 = CARTESIAN_POINT('',(2.242728849272,0.800733294248));
#772 = CARTESIAN_POINT('',(2.271613974722,0.802917322985));
#773 = CARTESIAN_POINT('',(2.300714040341,0.805150247065));
#774 = CARTESIAN_POINT('',(2.365909363298,0.810198479159));
#775 = CARTESIAN_POINT('',(2.40211586146,0.813032447195));
#776 = CARTESIAN_POINT('',(2.438697360226,0.815904265026));
#777 = CARTESIAN_POINT('',(2.475681730272,0.818791368898));
#778 = CARTESIAN_POINT('',(2.513093624563,0.82166780848));
#779 = CARTESIAN_POINT('',(2.550955761452,0.824504332236));
#780 = CARTESIAN_POINT('',(2.618299008584,0.829360179079));
#781 = CARTESIAN_POINT('',(2.647576037737,0.831410271023));
#782 = CARTESIAN_POINT('',(2.677128779723,0.833404702867));
#783 = CARTESIAN_POINT('',(2.706961074171,0.835328065902));
#784 = CARTESIAN_POINT('',(2.737072505058,0.837164077397));
#785 = CARTESIAN_POINT('',(2.767457789923,0.838896069546));
#786 = CARTESIAN_POINT('',(2.81390699224,0.841338242935));
#787 = CARTESIAN_POINT('',(2.829777495228,0.842136969783));
#788 = CARTESIAN_POINT('',(2.845715980487,0.842901346858));
#789 = CARTESIAN_POINT('',(2.861720235839,0.843629136321));
#790 = CARTESIAN_POINT('',(2.877787534475,0.844318174578));
#791 = CARTESIAN_POINT('',(2.89391463496,0.844966372281));
#792 = CARTESIAN_POINT('',(2.920217158235,0.84595023679));
#793 = CARTESIAN_POINT('',(2.930358442585,0.846312011881));
#794 = CARTESIAN_POINT('',(2.940520696244,0.846656553076));
#795 = CARTESIAN_POINT('',(2.95070290299,0.846983400542));
#796 = CARTESIAN_POINT('',(2.960903968417,0.847292121143));
#797 = CARTESIAN_POINT('',(2.971122719931,0.847582308434));
#798 = CARTESIAN_POINT('',(3.004217385964,0.848459452172));
#799 = CARTESIAN_POINT('',(3.027159766661,0.848971015967));
#800 = CARTESIAN_POINT('',(3.050169680262,0.849384037223));
#801 = CARTESIAN_POINT('',(3.073231530084,0.849695181872));
#802 = CARTESIAN_POINT('',(3.096328980913,0.849902131191));
#803 = CARTESIAN_POINT('',(3.119444448579,0.850003694382));
#804 = CARTESIAN_POINT('',(3.175745091022,0.849994503693));
#805 = CARTESIAN_POINT('',(3.208934368663,0.849771949421));
#806 = CARTESIAN_POINT('',(3.242065828791,0.849332203257));
#807 = CARTESIAN_POINT('',(3.275088821492,0.848680653248));
#808 = CARTESIAN_POINT('',(3.307959682208,0.847827226133));
#809 = CARTESIAN_POINT('',(3.340638773357,0.846785482897));
#810 = CARTESIAN_POINT('',(3.389270672219,0.844966372281));
#811 = CARTESIAN_POINT('',(3.405397772704,0.844318174578));
#812 = CARTESIAN_POINT('',(3.42146507134,0.843629136321));
#813 = CARTESIAN_POINT('',(3.437469326692,0.842901346858));
#814 = CARTESIAN_POINT('',(3.453407811951,0.842136969783));
#815 = CARTESIAN_POINT('',(3.469278314938,0.841338242935));
#816 = CARTESIAN_POINT('',(3.515727517256,0.838896069546));
#817 = CARTESIAN_POINT('',(3.546112802121,0.837164077397));
#818 = CARTESIAN_POINT('',(3.576224233008,0.835328065902));
#819 = CARTESIAN_POINT('',(3.606056527456,0.833404702867));
#820 = CARTESIAN_POINT('',(3.635609269441,0.831410271023));
#821 = CARTESIAN_POINT('',(3.664886298595,0.829360179079));
#822 = CARTESIAN_POINT('',(3.732229545727,0.824504332236));
#823 = CARTESIAN_POINT('',(3.770091682615,0.82166780848));
#824 = CARTESIAN_POINT('',(3.807503576907,0.818791368898));
#825 = CARTESIAN_POINT('',(3.844487946953,0.815904265027));
#826 = CARTESIAN_POINT('',(3.881069445718,0.813032447195));
#827 = CARTESIAN_POINT('',(3.91727594388,0.810198479159));
#828 = CARTESIAN_POINT('',(3.982471266838,0.805150247065));
#829 = CARTESIAN_POINT('',(4.011571332456,0.802917322985));
#830 = CARTESIAN_POINT('',(4.040456457906,0.800733294248));
#831 = CARTESIAN_POINT('',(4.069141731966,0.798607590786));
#832 = CARTESIAN_POINT('',(4.097641473324,0.796548546184));
#833 = CARTESIAN_POINT('',(4.125969819846,0.794563485159));
#834 = CARTESIAN_POINT('',(4.175944122075,0.791184724091));
#835 = CARTESIAN_POINT('',(4.197652625981,0.789758824827));
#836 = CARTESIAN_POINT('',(4.219273145799,0.788384076559));
#837 = CARTESIAN_POINT('',(4.240811780348,0.787063179173));
#838 = CARTESIAN_POINT('',(4.262274411023,0.785798569117));
#839 = CARTESIAN_POINT('',(4.283666701792,0.784592419398));
#840 = CARTESIAN_POINT('',(4.364159892874,0.780268053342));
#841 = CARTESIAN_POINT('',(4.422821296904,0.777554448677));
#842 = CARTESIAN_POINT('',(4.481104777473,0.77534654093));
#843 = CARTESIAN_POINT('',(4.539110202609,0.773672916943));
#844 = CARTESIAN_POINT('',(4.596927598174,0.772551387719));
#845 = CARTESIAN_POINT('',(4.654650730708,0.771990380175));
#846 = CARTESIAN_POINT('',(4.790950605573,0.771990351406));
#847 = CARTESIAN_POINT('',(4.869460261354,0.773029048492));
#848 = CARTESIAN_POINT('',(4.948222779861,0.775103866944));
#849 = CARTESIAN_POINT('',(5.027466726231,0.778187831935));
#850 = CARTESIAN_POINT('',(5.107422107603,0.78221939894));
#851 = CARTESIAN_POINT('',(5.188341102689,0.787094812034));
#852 = CARTESIAN_POINT('',(5.298808140919,0.794563485158));
#853 = CARTESIAN_POINT('',(5.327136487442,0.796548546184));
#854 = CARTESIAN_POINT('',(5.3556362288,0.798607590786));
#855 = CARTESIAN_POINT('',(5.38432150286,0.800733294248));
#856 = CARTESIAN_POINT('',(5.41320662831,0.802917322985));
#857 = CARTESIAN_POINT('',(5.442306693929,0.805150247065));
#858 = CARTESIAN_POINT('',(5.507502016886,0.810198479159));
#859 = CARTESIAN_POINT('',(5.543708515048,0.813032447195));
#860 = CARTESIAN_POINT('',(5.580290013814,0.815904265026));
#861 = CARTESIAN_POINT('',(5.61727438386,0.818791368897));
#862 = CARTESIAN_POINT('',(5.654686278152,0.82166780848));
#863 = CARTESIAN_POINT('',(5.69254841504,0.824504332236));
#864 = CARTESIAN_POINT('',(5.759891662173,0.829360179079));
#865 = CARTESIAN_POINT('',(5.789168691326,0.831410271023));
#866 = CARTESIAN_POINT('',(5.818721433312,0.833404702867));
#867 = CARTESIAN_POINT('',(5.848553727759,0.835328065902));
#868 = CARTESIAN_POINT('',(5.878665158647,0.837164077397));
#869 = CARTESIAN_POINT('',(5.909050443512,0.838896069546));
#870 = CARTESIAN_POINT('',(5.987301610804,0.843010304213));
#871 = CARTESIAN_POINT('',(6.035569344244,0.845223869285));
#872 = CARTESIAN_POINT('',(6.084414237034,0.847083302035));
#873 = CARTESIAN_POINT('',(6.133736562872,0.848528019321));
#874 = CARTESIAN_POINT('',(6.183420282165,0.849509605186));
#875 = CARTESIAN_POINT('',(6.233312293164,0.85));
#876 = CARTESIAN_POINT('',(6.28318530718,0.85));
#877 = ( GEOMETRIC_REPRESENTATION_CONTEXT(2) 
PARAMETRIC_REPRESENTATION_CONTEXT() REPRESENTATION_CONTEXT('2D SPACE',''
  ) );
#878 = FACE_BOUND('',#879,.T.);
#879 = EDGE_LOOP('',(#880));
#880 = ORIENTED_EDGE('',*,*,#881,.F.);
#881 = EDGE_CURVE('',#882,#882,#884,.T.);
#882 = VERTEX_POINT('',#883);
#883 = CARTESIAN_POINT('',(230.05,-4.776122516675E-16,22.5));
#884 = SURFACE_CURVE('',#885,(#1026,#1170),.PCURVE_S1.);
#885 = B_SPLINE_CURVE_WITH_KNOTS('',7,(#886,#887,#888,#889,#890,#891,
    #892,#893,#894,#895,#896,#897,#898,#899,#900,#901,#902,#903,#904,
    #905,#906,#907,#908,#909,#910,#911,#912,#913,#914,#915,#916,#917,
    #918,#919,#920,#921,#922,#923,#924,#925,#926,#927,#928,#929,#930,
    #931,#932,#933,#934,#935,#936,#937,#938,#939,#940,#941,#942,#943,
    #944,#945,#946,#947,#948,#949,#950,#951,#952,#953,#954,#955,#956,
    #957,#958,#959,#960,#961,#962,#963,#964,#965,#966,#967,#968,#969,
    #970,#971,#972,#973,#974,#975,#976,#977,#978,#979,#980,#981,#982,
    #983,#984,#985,#986,#987,#988,#989,#990,#991,#992,#993,#994,#995,
    #996,#997,#998,#999,#1000,#1001,#1002,#1003,#1004,#1005,#1006,#1007,
    #1008,#1009,#1010,#1011,#1012,#1013,#1014,#1015,#1016,#1017,#1018,
    #1019,#1020,#1021,#1022,#1023,#1024,#1025),.UNSPECIFIED.,.T.,.F.,(8,
    6,6,6,6,6,6,6,6,6,6,6,6,6,6,6,6,6,6,6,6,6,6,8),(0.,2.33522052746E-02
    ,4.787317927296E-02,7.848347487993E-02,0.119236648827,0.15232143034,
    0.178448782344,0.24671735166,0.347015095462,0.380335938676,
    0.421077674861,0.451908142587,0.49966144238,0.547679601794,
    0.578510229418,0.619252176906,0.652573192935,0.74991142176,
    0.821446693833,0.847232803643,0.880551148045,0.921289828908,
    0.952117984582,1.),.UNSPECIFIED.);
#886 = CARTESIAN_POINT('',(230.05,-4.440892098501E-16,22.5));
#887 = CARTESIAN_POINT('',(230.05,4.749713538034E-02,22.5));
#888 = CARTESIAN_POINT('',(230.0485332718,9.499625529302E-02,
    22.499883026073));
#889 = CARTESIAN_POINT('',(230.04559967746,0.14239482254,22.499649050039
    ));
#890 = CARTESIAN_POINT('',(230.04121097938,0.189594949977,
    22.499299579302));
#891 = CARTESIAN_POINT('',(230.0353897078,0.236503554068,22.49883750276)
  );
#892 = CARTESIAN_POINT('',(230.02816802834,0.283032508427,
    22.498266936727));
#893 = CARTESIAN_POINT('',(230.0105756939,0.377470686029,22.49688547825)
  );
#894 = CARTESIAN_POINT('',(230.00006493796,0.425335427977,
    22.496063935708));
#895 = CARTESIAN_POINT('',(229.98810089738,0.472599381674,
    22.495134395223));
#896 = CARTESIAN_POINT('',(229.97473843417,0.519181986802,
    22.494103914528));
#897 = CARTESIAN_POINT('',(229.96003825784,0.565014742469,
    22.492980326815));
#898 = CARTESIAN_POINT('',(229.94406446658,0.610040185417,
    22.491771910462));
#899 = CARTESIAN_POINT('',(229.90543279062,0.709350507359,
    22.488883138344));
#900 = CARTESIAN_POINT('',(229.88210009658,0.76315804085,22.487160094199
    ));
#901 = CARTESIAN_POINT('',(229.85700932211,0.81554651152,22.485334224239
    ));
#902 = CARTESIAN_POINT('',(229.83028640011,0.866453396213,
    22.483421922016));
#903 = CARTESIAN_POINT('',(229.80205408017,0.915837085701,
    22.481439202905));
#904 = CARTESIAN_POINT('',(229.77242812836,0.963673364594,
    22.479401230288));
#905 = CARTESIAN_POINT('',(229.7003552138,1.071565044905,22.47455343715)
  );
#906 = CARTESIAN_POINT('',(229.65691717689,1.130410703153,
    22.471711910231));
#907 = CARTESIAN_POINT('',(229.61144461525,1.186472598174,
    22.468829957813));
#908 = CARTESIAN_POINT('',(229.56416117939,1.239759058148,
    22.465937037484));
#909 = CARTESIAN_POINT('',(229.51526646594,1.29029776639,22.463059279577
    ));
#910 = CARTESIAN_POINT('',(229.46493351228,1.338130520481,22.46021939915
    ));
#911 = CARTESIAN_POINT('',(229.37139359656,1.419984564306,
    22.455177445568));
#912 = CARTESIAN_POINT('',(229.32863110453,1.454908360581,
    22.452956101546));
#913 = CARTESIAN_POINT('',(229.2850980237,1.488105216469,22.450783024186
    ));
#914 = CARTESIAN_POINT('',(229.24086646173,1.51960107677,22.448667502495
    ));
#915 = CARTESIAN_POINT('',(229.19600153602,1.549421761644,
    22.446617751337));
#916 = CARTESIAN_POINT('',(229.15056148445,1.577592733403,
    22.444640996567));
#917 = CARTESIAN_POINT('',(229.06829981876,1.625102582846,
    22.441245137426));
#918 = CARTESIAN_POINT('',(229.03167600098,1.645052586244,
    22.439796220771));
#919 = CARTESIAN_POINT('',(228.99475203649,1.664000851041,22.4383999172)
  );
#920 = CARTESIAN_POINT('',(228.95755204499,1.681958647832,
    22.437059054162));
#921 = CARTESIAN_POINT('',(228.92009855212,1.698936540275,
    22.435776179551));
#922 = CARTESIAN_POINT('',(228.88241248947,1.71494438509,22.434553561708
    ));
#923 = CARTESIAN_POINT('',(228.74548553043,1.769307736658,
    22.430361234394));
#924 = CARTESIAN_POINT('',(228.64501213407,1.802059945648,22.42775462689
    ));
#925 = CARTESIAN_POINT('',(228.54342671064,1.82841831873,22.425608755156
    ));
#926 = CARTESIAN_POINT('',(228.44102903678,1.84850079084,22.423948972641
    ));
#927 = CARTESIAN_POINT('',(228.33809129621,1.862390319603,
    22.422791621617));
#928 = CARTESIAN_POINT('',(228.23486163239,1.870136984682,
    22.422145086084));
#929 = CARTESIAN_POINT('',(227.97980507498,1.874106794336,
    22.421813694294));
#930 = CARTESIAN_POINT('',(227.82820652496,1.863212385576,
    22.422722725591));
#931 = CARTESIAN_POINT('',(227.67728910205,1.839178186771,
    22.424734540257));
#932 = CARTESIAN_POINT('',(227.52776119918,1.801795331194,
    22.427822405033));
#933 = CARTESIAN_POINT('',(227.38050897662,1.750717001805,
    22.431923242771));
#934 = CARTESIAN_POINT('',(227.23662228331,1.685474830758,
    22.436925627248));
#935 = CARTESIAN_POINT('',(227.05122399896,1.578696493416,
    22.444563485159));
#936 = CARTESIAN_POINT('',(227.00551837149,1.55042713382,22.446548546184
    ));
#937 = CARTESIAN_POINT('',(226.96039257297,1.520490781975,
    22.448607590786));
#938 = CARTESIAN_POINT('',(226.91590566892,1.488861576836,
    22.450733294248));
#939 = CARTESIAN_POINT('',(226.87212374066,1.455513280901,
    22.452917322985));
#940 = CARTESIAN_POINT('',(226.82911999993,1.420419517564,
    22.455150247065));
#941 = CARTESIAN_POINT('',(226.73544366256,1.338478173,22.460198479159)
  );
#942 = CARTESIAN_POINT('',(226.68520097507,1.29075769425,22.463032447195
    ));
#943 = CARTESIAN_POINT('',(226.63638993036,1.24034220787,22.465904265027
    ));
#944 = CARTESIAN_POINT('',(226.58918241685,1.187190132284,
    22.468791368898));
#945 = CARTESIAN_POINT('',(226.54377665416,1.131273843292,22.47166780848
    ));
#946 = CARTESIAN_POINT('',(226.50039472516,1.072584848698,
    22.474504332236));
#947 = CARTESIAN_POINT('',(226.42816747037,0.964641057436,
    22.479360179079));
#948 = CARTESIAN_POINT('',(226.39835570138,0.916568059489,
    22.481410271023));
#949 = CARTESIAN_POINT('',(226.36995135468,0.866930269819,
    22.483404702867));
#950 = CARTESIAN_POINT('',(226.34307206751,0.815752146096,
    22.485328065902));
#951 = CARTESIAN_POINT('',(226.3178426402,0.76307591254,22.487164077397)
  );
#952 = CARTESIAN_POINT('',(226.29439111565,0.708965169549,
    22.488896069546));
#953 = CARTESIAN_POINT('',(226.23947186985,0.567611693999,
    22.493003388971));
#954 = CARTESIAN_POINT('',(226.21064829728,0.478431752966,
    22.495211617734));
#955 = CARTESIAN_POINT('',(226.18689045632,0.386377625821,
    22.497067853252));
#956 = CARTESIAN_POINT('',(226.1686573823,0.29197476182,22.49851201007)
  );
#957 = CARTESIAN_POINT('',(226.15631985447,0.195875139876,
    22.499495995775));
#958 = CARTESIAN_POINT('',(226.15010278716,9.886689921473E-02,
    22.499991802255));
#959 = CARTESIAN_POINT('',(226.14989862531,-9.563765958841E-02,
    22.500008085093));
#960 = CARTESIAN_POINT('',(226.15597947873,-0.193208570415,
    22.499523143519));
#961 = CARTESIAN_POINT('',(226.16825368836,-0.289878500581,
    22.498543990411));
#962 = CARTESIAN_POINT('',(226.1864952759,-0.38484449089,22.497098734698
    ));
#963 = CARTESIAN_POINT('',(226.21032852255,-0.477442095364,
    22.495236116486));
#964 = CARTESIAN_POINT('',(226.23928694345,-0.567135722604,
    22.49301721931));
#965 = CARTESIAN_POINT('',(226.29439111565,-0.70896516955,
    22.488896069546));
#966 = CARTESIAN_POINT('',(226.3178426402,-0.76307591254,22.487164077397
    ));
#967 = CARTESIAN_POINT('',(226.34307206751,-0.815752146097,
    22.485328065902));
#968 = CARTESIAN_POINT('',(226.36995135468,-0.866930269822,
    22.483404702867));
#969 = CARTESIAN_POINT('',(226.39835570138,-0.916568059491,
    22.481410271023));
#970 = CARTESIAN_POINT('',(226.42816747037,-0.964641057436,
    22.479360179079));
#971 = CARTESIAN_POINT('',(226.50039472516,-1.072584848701,
    22.474504332236));
#972 = CARTESIAN_POINT('',(226.54377665416,-1.131273843293,
    22.47166780848));
#973 = CARTESIAN_POINT('',(226.58918241685,-1.187190132287,
    22.468791368898));
#974 = CARTESIAN_POINT('',(226.63638993036,-1.240342207876,
    22.465904265026));
#975 = CARTESIAN_POINT('',(226.68520097508,-1.290757694255,
    22.463032447195));
#976 = CARTESIAN_POINT('',(226.73544366256,-1.338478173,22.460198479159)
  );
#977 = CARTESIAN_POINT('',(226.82911999994,-1.420419517565,
    22.455150247065));
#978 = CARTESIAN_POINT('',(226.87212374067,-1.455513280904,
    22.452917322985));
#979 = CARTESIAN_POINT('',(226.91590566892,-1.48886157684,
    22.450733294248));
#980 = CARTESIAN_POINT('',(226.96039257297,-1.520490781978,
    22.448607590786));
#981 = CARTESIAN_POINT('',(227.00551837149,-1.550427133821,
    22.446548546184));
#982 = CARTESIAN_POINT('',(227.05122399897,-1.578696493417,
    22.444563485159));
#983 = CARTESIAN_POINT('',(227.23251520057,-1.683109396424,
    22.437094826842));
#984 = CARTESIAN_POINT('',(227.37201354574,-1.746848779298,
    22.432219424886));
#985 = CARTESIAN_POINT('',(227.51472750368,-1.797237782012,
    22.428187864118));
#986 = CARTESIAN_POINT('',(227.65966052611,-1.834696144183,
    22.425103899772));
#987 = CARTESIAN_POINT('',(227.8059618669,-1.85954953593,22.423029076101
    ));
#988 = CARTESIAN_POINT('',(227.95293104759,-1.871990367986,
    22.421990367988));
#989 = CARTESIAN_POINT('',(228.20808310003,-1.871990367986,
    22.421990367988));
#990 = CARTESIAN_POINT('',(228.31614040095,-1.865270861604,
    22.422551367418));
#991 = CARTESIAN_POINT('',(228.42392265187,-1.851837817991,
    22.423672892707));
#992 = CARTESIAN_POINT('',(228.53115140831,-1.831638749185,
    22.42534651695));
#993 = CARTESIAN_POINT('',(228.63751852685,-1.80458138778,
    22.427554429028));
#994 = CARTESIAN_POINT('',(228.74268182547,-1.770532678776,
    22.430268041835));
#995 = CARTESIAN_POINT('',(228.88359231667,-1.714434372688,
    22.434592419398));
#996 = CARTESIAN_POINT('',(228.92072007557,-1.698637437241,
    22.435798569117));
#997 = CARTESIAN_POINT('',(228.95762164709,-1.681898508376,
    22.437063179174));
#998 = CARTESIAN_POINT('',(228.9942769901,-1.66420814855,22.438384076559
    ));
#999 = CARTESIAN_POINT('',(229.03066456159,-1.645556253562,
    22.439758824827));
#1000 = CARTESIAN_POINT('',(229.06676131676,-1.625932052552,
    22.441184724091));
#1001 = CARTESIAN_POINT('',(229.14877600103,-1.578696493415,
    22.444563485159));
#1002 = CARTESIAN_POINT('',(229.1944816285,-1.550427133817,
    22.446548546185));
#1003 = CARTESIAN_POINT('',(229.23960742702,-1.520490781973,
    22.448607590786));
#1004 = CARTESIAN_POINT('',(229.28409433107,-1.488861576835,
    22.450733294248));
#1005 = CARTESIAN_POINT('',(229.32787625933,-1.4555132809,
    22.452917322985));
#1006 = CARTESIAN_POINT('',(229.37088000006,-1.420419517563,
    22.455150247065));
#1007 = CARTESIAN_POINT('',(229.46455633743,-1.338478172999,
    22.460198479159));
#1008 = CARTESIAN_POINT('',(229.51479902492,-1.29075769425,
    22.463032447195));
#1009 = CARTESIAN_POINT('',(229.56361006963,-1.24034220787,
    22.465904265027));
#1010 = CARTESIAN_POINT('',(229.61081758314,-1.187190132283,
    22.468791368898));
#1011 = CARTESIAN_POINT('',(229.65622334583,-1.131273843292,
    22.47166780848));
#1012 = CARTESIAN_POINT('',(229.69960527483,-1.072584848698,
    22.474504332236));
#1013 = CARTESIAN_POINT('',(229.77183252962,-0.964641057435,
    22.479360179079));
#1014 = CARTESIAN_POINT('',(229.80164429862,-0.916568059489,
    22.481410271023));
#1015 = CARTESIAN_POINT('',(229.83004864531,-0.86693026982,
    22.483404702867));
#1016 = CARTESIAN_POINT('',(229.85692793248,-0.815752146096,
    22.485328065902));
#1017 = CARTESIAN_POINT('',(229.8821573598,-0.763075912539,
    22.487164077397));
#1018 = CARTESIAN_POINT('',(229.90560888434,-0.708965169548,
    22.488896069546));
#1019 = CARTESIAN_POINT('',(229.96062059432,-0.567373705794,
    22.493010304214));
#1020 = CARTESIAN_POINT('',(229.98951162446,-0.477936949853,
    22.495223869285));
#1021 = CARTESIAN_POINT('',(230.01330725013,-0.385611127634,
    22.497083302035));
#1022 = CARTESIAN_POINT('',(230.0315447204,-0.290926741189,
    22.498528019321));
#1023 = CARTESIAN_POINT('',(230.04385078828,-0.194541982163,
    22.499509605186));
#1024 = CARTESIAN_POINT('',(230.05,-9.725237732755E-02,22.5));
#1025 = CARTESIAN_POINT('',(230.05,-4.440892098501E-16,22.5));
#1026 = PCURVE('',#33,#1027);
#1027 = DEFINITIONAL_REPRESENTATION('',(#1028),#1169);
#1028 = B_SPLINE_CURVE_WITH_KNOTS('',7,(#1029,#1030,#1031,#1032,#1033,
    #1034,#1035,#1036,#1037,#1038,#1039,#1040,#1041,#1042,#1043,#1044,
    #1045,#1046,#1047,#1048,#1049,#1050,#1051,#1052,#1053,#1054,#1055,
    #1056,#1057,#1058,#1059,#1060,#1061,#1062,#1063,#1064,#1065,#1066,
    #1067,#1068,#1069,#1070,#1071,#1072,#1073,#1074,#1075,#1076,#1077,
    #1078,#1079,#1080,#1081,#1082,#1083,#1084,#1085,#1086,#1087,#1088,
    #1089,#1090,#1091,#1092,#1093,#1094,#1095,#1096,#1097,#1098,#1099,
    #1100,#1101,#1102,#1103,#1104,#1105,#1106,#1107,#1108,#1109,#1110,
    #1111,#1112,#1113,#1114,#1115,#1116,#1117,#1118,#1119,#1120,#1121,
    #1122,#1123,#1124,#1125,#1126,#1127,#1128,#1129,#1130,#1131,#1132,
    #1133,#1134,#1135,#1136,#1137,#1138,#1139,#1140,#1141,#1142,#1143,
    #1144,#1145,#1146,#1147,#1148,#1149,#1150,#1151,#1152,#1153,#1154,
    #1155,#1156,#1157,#1158,#1159,#1160,#1161,#1162,#1163,#1164,#1165,
    #1166,#1167,#1168),.UNSPECIFIED.,.T.,.F.,(8,6,6,6,6,6,6,6,6,6,6,6,6,
    6,6,6,6,6,6,6,6,6,6,8),(0.,2.33522052746E-02,4.787317927296E-02,
    7.848347487993E-02,0.119236648827,0.15232143034,0.178448782344,
    0.24671735166,0.347015095462,0.380335938676,0.421077674861,
    0.451908142587,0.49966144238,0.547679601794,0.578510229418,
    0.619252176906,0.652573192935,0.74991142176,0.821446693833,
    0.847232803643,0.880551148045,0.921289828908,0.952117984582,1.),
  .UNSPECIFIED.);
#1029 = CARTESIAN_POINT('',(1.570796326795,183.05));
#1030 = CARTESIAN_POINT('',(1.568685343,183.05));
#1031 = CARTESIAN_POINT('',(1.566574271018,183.0485332718));
#1032 = CARTESIAN_POINT('',(1.56446765264,183.04559967746));
#1033 = CARTESIAN_POINT('',(1.562369823094,183.04121097938));
#1034 = CARTESIAN_POINT('',(1.56028490489,183.0353897078));
#1035 = CARTESIAN_POINT('',(1.558216801659,183.02816802834));
#1036 = CARTESIAN_POINT('',(1.554019100274,183.0105756939));
#1037 = CARTESIAN_POINT('',(1.551891471947,183.00006493796));
#1038 = CARTESIAN_POINT('',(1.549790455936,182.98810089738));
#1039 = CARTESIAN_POINT('',(1.547719622345,182.97473843417));
#1040 = CARTESIAN_POINT('',(1.545682007931,182.96003825784));
#1041 = CARTESIAN_POINT('',(1.543680161577,182.94406446658));
#1042 = CARTESIAN_POINT('',(1.539264502561,182.90543279062));
#1043 = CARTESIAN_POINT('',(1.536871841141,182.88210009658));
#1044 = CARTESIAN_POINT('',(1.534542065415,182.85700932211));
#1045 = CARTESIAN_POINT('',(1.532277955621,182.83028640011));
#1046 = CARTESIAN_POINT('',(1.530081367564,182.80205408017));
#1047 = CARTESIAN_POINT('',(1.527953387875,182.77242812836));
#1048 = CARTESIAN_POINT('',(1.523153364052,182.7003552138));
#1049 = CARTESIAN_POINT('',(1.52053496877,182.65691717689));
#1050 = CARTESIAN_POINT('',(1.518040057332,182.61144461525));
#1051 = CARTESIAN_POINT('',(1.51566829866,182.56416117939));
#1052 = CARTESIAN_POINT('',(1.513418506261,182.51526646594));
#1053 = CARTESIAN_POINT('',(1.5112888678,182.46493351228));
#1054 = CARTESIAN_POINT('',(1.507644015306,182.37139359656));
#1055 = CARTESIAN_POINT('',(1.506088713082,182.32863110453));
#1056 = CARTESIAN_POINT('',(1.504610143382,182.2850980237));
#1057 = CARTESIAN_POINT('',(1.503207176538,182.24086646173));
#1058 = CARTESIAN_POINT('',(1.501878687748,182.19600153602));
#1059 = CARTESIAN_POINT('',(1.500623567003,182.15056148445));
#1060 = CARTESIAN_POINT('',(1.498506631107,182.06829981876));
#1061 = CARTESIAN_POINT('',(1.497617629417,182.03167600098));
#1062 = CARTESIAN_POINT('',(1.496773201622,181.99475203649));
#1063 = CARTESIAN_POINT('',(1.495972856238,181.95755204499));
#1064 = CARTESIAN_POINT('',(1.495216132607,181.92009855212));
#1065 = CARTESIAN_POINT('',(1.4945026009,181.88241248947));
#1066 = CARTESIAN_POINT('',(1.492079278173,181.74548553043));
#1067 = CARTESIAN_POINT('',(1.490619026124,181.64501213407));
#1068 = CARTESIAN_POINT('',(1.489443669088,181.54342671064));
#1069 = CARTESIAN_POINT('',(1.488548071764,181.44102903678));
#1070 = CARTESIAN_POINT('',(1.48792862012,181.33809129621));
#1071 = CARTESIAN_POINT('',(1.487583126845,181.23486163238));
#1072 = CARTESIAN_POINT('',(1.487406077173,180.97980507498));
#1073 = CARTESIAN_POINT('',(1.48789195664,180.82820652496));
#1074 = CARTESIAN_POINT('',(1.488963877094,180.67728910205));
#1075 = CARTESIAN_POINT('',(1.490630996298,180.52776119918));
#1076 = CARTESIAN_POINT('',(1.492908435914,180.38050897662));
#1077 = CARTESIAN_POINT('',(1.495816561034,180.23662228331));
#1078 = CARTESIAN_POINT('',(1.50057439023,180.05122399896));
#1079 = CARTESIAN_POINT('',(1.501833898875,180.00551837149));
#1080 = CARTESIAN_POINT('',(1.50316754462,179.96039257297));
#1081 = CARTESIAN_POINT('',(1.504576454865,179.91590566892));
#1082 = CARTESIAN_POINT('',(1.506061772598,179.87212374066));
#1083 = CARTESIAN_POINT('',(1.5076246463,179.82911999993));
#1084 = CARTESIAN_POINT('',(1.511273388643,179.73544366256));
#1085 = CARTESIAN_POINT('',(1.513398030322,179.68520097507));
#1086 = CARTESIAN_POINT('',(1.515642340119,179.63638993036));
#1087 = CARTESIAN_POINT('',(1.518008121041,179.58918241685));
#1088 = CARTESIAN_POINT('',(1.520496557202,179.54377665416));
#1089 = CARTESIAN_POINT('',(1.523107987156,179.50039472516));
#1090 = CARTESIAN_POINT('',(1.52791034076,179.42816747037));
#1091 = CARTESIAN_POINT('',(1.530048854613,179.39835570138));
#1092 = CARTESIAN_POINT('',(1.532256747638,179.36995135468));
#1093 = CARTESIAN_POINT('',(1.534532922227,179.34307206751));
#1094 = CARTESIAN_POINT('',(1.53687549511,179.3178426402));
#1095 = CARTESIAN_POINT('',(1.539281638155,179.29439111565));
#1096 = CARTESIAN_POINT('',(1.545566666435,179.23947186985));
#1097 = CARTESIAN_POINT('',(1.549531397746,179.21064829728));
#1098 = CARTESIAN_POINT('',(1.553623453408,179.18689045632));
#1099 = CARTESIAN_POINT('',(1.557819534431,179.1686573823));
#1100 = CARTESIAN_POINT('',(1.562090763182,179.15631985447));
#1101 = CARTESIAN_POINT('',(1.56640224237,179.15010278716));
#1102 = CARTESIAN_POINT('',(1.575046889458,179.14989862531));
#1103 = CARTESIAN_POINT('',(1.579383372561,179.15597947873));
#1104 = CARTESIAN_POINT('',(1.583679943224,179.16825368836));
#1105 = CARTESIAN_POINT('',(1.587901048215,179.1864952759));
#1106 = CARTESIAN_POINT('',(1.592017257992,179.21032852255));
#1107 = CARTESIAN_POINT('',(1.596004823942,179.23928694345));
#1108 = CARTESIAN_POINT('',(1.602311015435,179.29439111565));
#1109 = CARTESIAN_POINT('',(1.60471715848,179.3178426402));
#1110 = CARTESIAN_POINT('',(1.607059731362,179.34307206751));
#1111 = CARTESIAN_POINT('',(1.609335905952,179.36995135468));
#1112 = CARTESIAN_POINT('',(1.611543798977,179.39835570138));
#1113 = CARTESIAN_POINT('',(1.61368231283,179.42816747037));
#1114 = CARTESIAN_POINT('',(1.618484666434,179.50039472516));
#1115 = CARTESIAN_POINT('',(1.621096096388,179.54377665416));
#1116 = CARTESIAN_POINT('',(1.623584532549,179.58918241685));
#1117 = CARTESIAN_POINT('',(1.625950313471,179.63638993036));
#1118 = CARTESIAN_POINT('',(1.628194623268,179.68520097508));
#1119 = CARTESIAN_POINT('',(1.630319264947,179.73544366256));
#1120 = CARTESIAN_POINT('',(1.633968007289,179.82911999994));
#1121 = CARTESIAN_POINT('',(1.635530880992,179.87212374067));
#1122 = CARTESIAN_POINT('',(1.637016198725,179.91590566892));
#1123 = CARTESIAN_POINT('',(1.63842510897,179.96039257297));
#1124 = CARTESIAN_POINT('',(1.639758754715,180.00551837149));
#1125 = CARTESIAN_POINT('',(1.64101826336,180.05122399897));
#1126 = CARTESIAN_POINT('',(1.645670693532,180.23251520057));
#1127 = CARTESIAN_POINT('',(1.64851179544,180.37201354574));
#1128 = CARTESIAN_POINT('',(1.650758451189,180.51472750368));
#1129 = CARTESIAN_POINT('',(1.652428898256,180.65966052611));
#1130 = CARTESIAN_POINT('',(1.653537336203,180.8059618669));
#1131 = CARTESIAN_POINT('',(1.654092185853,180.95293104759));
#1132 = CARTESIAN_POINT('',(1.654092185853,181.20808310003));
#1133 = CARTESIAN_POINT('',(1.653792502081,181.31614040095));
#1134 = CARTESIAN_POINT('',(1.653193400824,181.42392265187));
#1135 = CARTESIAN_POINT('',(1.652292588219,181.53115140831));
#1136 = CARTESIAN_POINT('',(1.651086043832,181.63751852685));
#1137 = CARTESIAN_POINT('',(1.649567974589,181.74268182547));
#1138 = CARTESIAN_POINT('',(1.647067319786,181.88359231667));
#1139 = CARTESIAN_POINT('',(1.646363190344,181.92072007557));
#1140 = CARTESIAN_POINT('',(1.645617118272,181.95762164709));
#1141 = CARTESIAN_POINT('',(1.644828692021,181.9942769901));
#1142 = CARTESIAN_POINT('',(1.643997470968,182.03066456159));
#1143 = CARTESIAN_POINT('',(1.643122985422,182.06676131676));
#1144 = CARTESIAN_POINT('',(1.641018263359,182.14877600103));
#1145 = CARTESIAN_POINT('',(1.639758754715,182.1944816285));
#1146 = CARTESIAN_POINT('',(1.63842510897,182.23960742702));
#1147 = CARTESIAN_POINT('',(1.637016198725,182.28409433107));
#1148 = CARTESIAN_POINT('',(1.635530880992,182.32787625933));
#1149 = CARTESIAN_POINT('',(1.633968007289,182.37088000006));
#1150 = CARTESIAN_POINT('',(1.630319264947,182.46455633743));
#1151 = CARTESIAN_POINT('',(1.628194623268,182.51479902492));
#1152 = CARTESIAN_POINT('',(1.625950313471,182.56361006963));
#1153 = CARTESIAN_POINT('',(1.623584532548,182.61081758314));
#1154 = CARTESIAN_POINT('',(1.621096096388,182.65622334583));
#1155 = CARTESIAN_POINT('',(1.618484666434,182.69960527483));
#1156 = CARTESIAN_POINT('',(1.61368231283,182.77183252962));
#1157 = CARTESIAN_POINT('',(1.611543798977,182.80164429862));
#1158 = CARTESIAN_POINT('',(1.609335905951,182.83004864531));
#1159 = CARTESIAN_POINT('',(1.607059731362,182.85692793248));
#1160 = CARTESIAN_POINT('',(1.60471715848,182.8821573598));
#1161 = CARTESIAN_POINT('',(1.602311015435,182.90560888434));
#1162 = CARTESIAN_POINT('',(1.596015405437,182.96062059432));
#1163 = CARTESIAN_POINT('',(1.592039258056,182.98951162446));
#1164 = CARTESIAN_POINT('',(1.587935127268,183.01330725013));
#1165 = CARTESIAN_POINT('',(1.583726536063,183.0315447204));
#1166 = CARTESIAN_POINT('',(1.579442637109,183.04385078828));
#1167 = CARTESIAN_POINT('',(1.575118654676,183.05));
#1168 = CARTESIAN_POINT('',(1.570796326795,183.05));
#1169 = ( GEOMETRIC_REPRESENTATION_CONTEXT(2) 
PARAMETRIC_REPRESENTATION_CONTEXT() REPRESENTATION_CONTEXT('2D SPACE',''
  ) );
#1170 = PCURVE('',#1171,#1176);
#1171 = CONICAL_SURFACE('',#1172,1.1,0.785398163397);
#1172 = AXIS2_PLACEMENT_3D('',#1173,#1174,#1175);
#1173 = CARTESIAN_POINT('',(228.1,0.,21.65));
#1174 = DIRECTION('',(0.,0.,1.));
#1175 = DIRECTION('',(1.,0.,-0.));
#1176 = DEFINITIONAL_REPRESENTATION('',(#1177),#1318);
#1177 = B_SPLINE_CURVE_WITH_KNOTS('',7,(#1178,#1179,#1180,#1181,#1182,
    #1183,#1184,#1185,#1186,#1187,#1188,#1189,#1190,#1191,#1192,#1193,
    #1194,#1195,#1196,#1197,#1198,#1199,#1200,#1201,#1202,#1203,#1204,
    #1205,#1206,#1207,#1208,#1209,#1210,#1211,#1212,#1213,#1214,#1215,
    #1216,#1217,#1218,#1219,#1220,#1221,#1222,#1223,#1224,#1225,#1226,
    #1227,#1228,#1229,#1230,#1231,#1232,#1233,#1234,#1235,#1236,#1237,
    #1238,#1239,#1240,#1241,#1242,#1243,#1244,#1245,#1246,#1247,#1248,
    #1249,#1250,#1251,#1252,#1253,#1254,#1255,#1256,#1257,#1258,#1259,
    #1260,#1261,#1262,#1263,#1264,#1265,#1266,#1267,#1268,#1269,#1270,
    #1271,#1272,#1273,#1274,#1275,#1276,#1277,#1278,#1279,#1280,#1281,
    #1282,#1283,#1284,#1285,#1286,#1287,#1288,#1289,#1290,#1291,#1292,
    #1293,#1294,#1295,#1296,#1297,#1298,#1299,#1300,#1301,#1302,#1303,
    #1304,#1305,#1306,#1307,#1308,#1309,#1310,#1311,#1312,#1313,#1314,
    #1315,#1316,#1317),.UNSPECIFIED.,.F.,.F.,(8,6,6,6,6,6,6,6,6,6,6,6,6,
    6,6,6,6,6,6,6,6,6,6,8),(0.,2.33522052746E-02,4.787317927296E-02,
    7.848347487993E-02,0.119236648827,0.15232143034,0.178448782344,
    0.24671735166,0.347015095462,0.380335938676,0.421077674861,
    0.451908142587,0.49966144238,0.547679601794,0.578510229418,
    0.619252176906,0.652573192935,0.74991142176,0.821446693833,
    0.847232803643,0.880551148045,0.921289828908,0.952117984582,1.),
  .UNSPECIFIED.);
#1178 = CARTESIAN_POINT('',(0.,0.85));
#1179 = CARTESIAN_POINT('',(2.435750532325E-02,0.85));
#1180 = CARTESIAN_POINT('',(4.871601521682E-02,0.849883026071));
#1181 = CARTESIAN_POINT('',(7.305273792516E-02,0.849649050038));
#1182 = CARTESIAN_POINT('',(9.734716095213E-02,0.849299579301));
#1183 = CARTESIAN_POINT('',(0.121580391273,0.84883750276));
#1184 = CARTESIAN_POINT('',(0.145734495548,0.848266936726));
#1185 = CARTESIAN_POINT('',(0.195053245794,0.846885478249));
#1186 = CARTESIAN_POINT('',(0.220209513496,0.846063935707));
#1187 = CARTESIAN_POINT('',(0.245241709092,0.845134395222));
#1188 = CARTESIAN_POINT('',(0.270134810182,0.844103914527));
#1189 = CARTESIAN_POINT('',(0.294877072081,0.842980326814));
#1190 = CARTESIAN_POINT('',(0.319459393584,0.841771910461));
#1191 = CARTESIAN_POINT('',(0.374353048656,0.838883138343));
#1192 = CARTESIAN_POINT('',(0.404571066127,0.837160094199));
#1193 = CARTESIAN_POINT('',(0.434518197131,0.835334224238));
#1194 = CARTESIAN_POINT('',(0.46418926071,0.833421922015));
#1195 = CARTESIAN_POINT('',(0.493583836285,0.831439202904));
#1196 = CARTESIAN_POINT('',(0.522705666976,0.829401230287));
#1197 = CARTESIAN_POINT('',(0.589980173558,0.824553437149));
#1198 = CARTESIAN_POINT('',(0.627923857103,0.82171191023));
#1199 = CARTESIAN_POINT('',(0.665415254623,0.818829957812));
#1200 = CARTESIAN_POINT('',(0.702477178268,0.815937037484));
#1201 = CARTESIAN_POINT('',(0.73913440406,0.813059279577));
#1202 = CARTESIAN_POINT('',(0.775414964683,0.810219399149));
#1203 = CARTESIAN_POINT('',(0.84052586955,0.805177445567));
#1204 = CARTESIAN_POINT('',(0.869471335158,0.802956101546));
#1205 = CARTESIAN_POINT('',(0.898204013665,0.800783024186));
#1206 = CARTESIAN_POINT('',(0.926738754916,0.798667502495));
#1207 = CARTESIAN_POINT('',(0.955089658052,0.796617751337));
#1208 = CARTESIAN_POINT('',(0.983270645525,0.794640996566));
#1209 = CARTESIAN_POINT('',(1.033427942993,0.791245137425));
#1210 = CARTESIAN_POINT('',(1.055462453138,0.78979622077));
#1211 = CARTESIAN_POINT('',(1.07740617769,0.7883999172));
#1212 = CARTESIAN_POINT('',(1.099265496152,0.787059054162));
#1213 = CARTESIAN_POINT('',(1.121046557386,0.785776179551));
#1214 = CARTESIAN_POINT('',(1.14275527961,0.784553561707));
#1215 = CARTESIAN_POINT('',(1.220946257818,0.780361234394));
#1216 = CARTESIAN_POINT('',(1.277034978089,0.77775462689));
#1217 = CARTESIAN_POINT('',(1.332774794075,0.775608755155));
#1218 = CARTESIAN_POINT('',(1.388253898416,0.77394897264));
#1219 = CARTESIAN_POINT('',(1.443551313705,0.772791621617));
#1220 = CARTESIAN_POINT('',(1.498747839196,0.772145086083));
#1221 = CARTESIAN_POINT('',(1.635011595852,0.771813694293));
#1222 = CARTESIAN_POINT('',(1.715906333682,0.77272272559));
#1223 = CARTESIAN_POINT('',(1.796999195007,0.774734540257));
#1224 = CARTESIAN_POINT('',(1.878583084978,0.777822405033));
#1225 = CARTESIAN_POINT('',(1.960904791071,0.78192324277));
#1226 = CARTESIAN_POINT('',(2.044246084634,0.786925627247));
#1227 = CARTESIAN_POINT('',(2.157215487332,0.794563485158));
#1228 = CARTESIAN_POINT('',(2.185543833854,0.796548546184));
#1229 = CARTESIAN_POINT('',(2.214043575213,0.798607590785));
#1230 = CARTESIAN_POINT('',(2.242728849273,0.800733294247));
#1231 = CARTESIAN_POINT('',(2.271613974723,0.802917322984));
#1232 = CARTESIAN_POINT('',(2.300714040342,0.805150247065));
#1233 = CARTESIAN_POINT('',(2.365909363299,0.810198479159));
#1234 = CARTESIAN_POINT('',(2.402115861462,0.813032447195));
#1235 = CARTESIAN_POINT('',(2.438697360227,0.815904265025));
#1236 = CARTESIAN_POINT('',(2.475681730272,0.818791368897));
#1237 = CARTESIAN_POINT('',(2.513093624564,0.82166780848));
#1238 = CARTESIAN_POINT('',(2.550955761453,0.824504332236));
#1239 = CARTESIAN_POINT('',(2.618299008584,0.829360179079));
#1240 = CARTESIAN_POINT('',(2.647576037738,0.831410271022));
#1241 = CARTESIAN_POINT('',(2.677128779724,0.833404702866));
#1242 = CARTESIAN_POINT('',(2.706961074171,0.835328065901));
#1243 = CARTESIAN_POINT('',(2.737072505058,0.837164077397));
#1244 = CARTESIAN_POINT('',(2.767457789924,0.838896069545));
#1245 = CARTESIAN_POINT('',(2.845577431951,0.84300338897));
#1246 = CARTESIAN_POINT('',(2.893709637112,0.845211617733));
#1247 = CARTESIAN_POINT('',(2.94241604441,0.847067853252));
#1248 = CARTESIAN_POINT('',(2.991597951118,0.848512010069));
#1249 = CARTESIAN_POINT('',(3.041140385399,0.849495995773));
#1250 = CARTESIAN_POINT('',(3.090891650209,0.849991802255));
#1251 = CARTESIAN_POINT('',(3.190637636433,0.850008085093));
#1252 = CARTESIAN_POINT('',(3.240670383352,0.849523143517));
#1253 = CARTESIAN_POINT('',(3.290495394307,0.84854399041));
#1254 = CARTESIAN_POINT('',(3.339958155126,0.847098734698));
#1255 = CARTESIAN_POINT('',(3.388941552183,0.845236116485));
#1256 = CARTESIAN_POINT('',(3.437344827469,0.84301721931));
#1257 = CARTESIAN_POINT('',(3.515727517257,0.838896069545));
#1258 = CARTESIAN_POINT('',(3.546112802122,0.837164077396));
#1259 = CARTESIAN_POINT('',(3.576224233009,0.835328065901));
#1260 = CARTESIAN_POINT('',(3.606056527457,0.833404702867));
#1261 = CARTESIAN_POINT('',(3.635609269443,0.831410271023));
#1262 = CARTESIAN_POINT('',(3.664886298596,0.829360179078));
#1263 = CARTESIAN_POINT('',(3.732229545729,0.824504332235));
#1264 = CARTESIAN_POINT('',(3.770091682617,0.821667808479));
#1265 = CARTESIAN_POINT('',(3.807503576909,0.818791368897));
#1266 = CARTESIAN_POINT('',(3.844487946955,0.815904265026));
#1267 = CARTESIAN_POINT('',(3.881069445721,0.813032447195));
#1268 = CARTESIAN_POINT('',(3.917275943883,0.810198479158));
#1269 = CARTESIAN_POINT('',(3.982471266841,0.805150247063));
#1270 = CARTESIAN_POINT('',(4.011571332459,0.802917322985));
#1271 = CARTESIAN_POINT('',(4.04045645791,0.800733294248));
#1272 = CARTESIAN_POINT('',(4.069141731969,0.798607590785));
#1273 = CARTESIAN_POINT('',(4.097641473328,0.796548546183));
#1274 = CARTESIAN_POINT('',(4.125969819849,0.794563485157));
#1275 = CARTESIAN_POINT('',(4.23643663906,0.78709482684));
#1276 = CARTESIAN_POINT('',(4.317355422514,0.782219424887));
#1277 = CARTESIAN_POINT('',(4.397310596286,0.778187864116));
#1278 = CARTESIAN_POINT('',(4.476554337409,0.77510389977));
#1279 = CARTESIAN_POINT('',(4.555316651384,0.773029076102));
#1280 = CARTESIAN_POINT('',(4.633826101581,0.771990367987));
#1281 = CARTESIAN_POINT('',(4.770125976198,0.771990367987));
#1282 = CARTESIAN_POINT('',(4.82784931601,0.772551367419));
#1283 = CARTESIAN_POINT('',(4.885666918163,0.773672892706));
#1284 = CARTESIAN_POINT('',(4.943672550269,0.775346516948));
#1285 = CARTESIAN_POINT('',(5.001956239106,0.777554429029));
#1286 = CARTESIAN_POINT('',(5.060617853698,0.780268041834));
#1287 = CARTESIAN_POINT('',(5.141111258976,0.784592419397));
#1288 = CARTESIAN_POINT('',(5.162503549745,0.785798569116));
#1289 = CARTESIAN_POINT('',(5.18396618042,0.787063179172));
#1290 = CARTESIAN_POINT('',(5.20550481497,0.788384076558));
#1291 = CARTESIAN_POINT('',(5.227125334788,0.789758824826));
#1292 = CARTESIAN_POINT('',(5.248833838694,0.791184724091));
#1293 = CARTESIAN_POINT('',(5.298808140923,0.794563485159));
#1294 = CARTESIAN_POINT('',(5.327136487446,0.796548546184));
#1295 = CARTESIAN_POINT('',(5.355636228804,0.798607590785));
#1296 = CARTESIAN_POINT('',(5.384321502863,0.800733294247));
#1297 = CARTESIAN_POINT('',(5.413206628313,0.802917322985));
#1298 = CARTESIAN_POINT('',(5.442306693932,0.805150247065));
#1299 = CARTESIAN_POINT('',(5.507502016889,0.810198479159));
#1300 = CARTESIAN_POINT('',(5.543708515051,0.813032447194));
#1301 = CARTESIAN_POINT('',(5.580290013817,0.815904265025));
#1302 = CARTESIAN_POINT('',(5.617274383863,0.818791368897));
#1303 = CARTESIAN_POINT('',(5.654686278154,0.82166780848));
#1304 = CARTESIAN_POINT('',(5.692548415043,0.824504332235));
#1305 = CARTESIAN_POINT('',(5.759891662175,0.829360179078));
#1306 = CARTESIAN_POINT('',(5.789168691328,0.831410271023));
#1307 = CARTESIAN_POINT('',(5.818721433314,0.833404702867));
#1308 = CARTESIAN_POINT('',(5.848553727761,0.835328065901));
#1309 = CARTESIAN_POINT('',(5.878665158649,0.837164077396));
#1310 = CARTESIAN_POINT('',(5.909050443514,0.838896069545));
#1311 = CARTESIAN_POINT('',(5.987301610807,0.843010304213));
#1312 = CARTESIAN_POINT('',(6.035569344243,0.845223869284));
#1313 = CARTESIAN_POINT('',(6.084414237036,0.847083302036));
#1314 = CARTESIAN_POINT('',(6.133736562874,0.848528019321));
#1315 = CARTESIAN_POINT('',(6.183420282164,0.849509605183));
#1316 = CARTESIAN_POINT('',(6.233312293165,0.85));
#1317 = CARTESIAN_POINT('',(6.28318530718,0.85));
#1318 = ( GEOMETRIC_REPRESENTATION_CONTEXT(2) 
PARAMETRIC_REPRESENTATION_CONTEXT() REPRESENTATION_CONTEXT('2D SPACE',''
  ) );
#1319 = ADVANCED_FACE('',(#1320),#1171,.F.);
#1320 = FACE_BOUND('',#1321,.F.);
#1321 = EDGE_LOOP('',(#1322,#1323,#1346,#1373));
#1322 = ORIENTED_EDGE('',*,*,#881,.F.);
#1323 = ORIENTED_EDGE('',*,*,#1324,.F.);
#1324 = EDGE_CURVE('',#1325,#882,#1327,.T.);
#1325 = VERTEX_POINT('',#1326);
#1326 = CARTESIAN_POINT('',(229.2,-2.694222958124E-16,21.65));
#1327 = SEAM_CURVE('',#1328,(#1332,#1339),.PCURVE_S1.);
#1328 = LINE('',#1329,#1330);
#1329 = CARTESIAN_POINT('',(229.2,-2.694222958124E-16,21.65));
#1330 = VECTOR('',#1331,1.);
#1331 = DIRECTION('',(0.707106781187,-1.731912112471E-16,0.707106781187)
  );
#1332 = PCURVE('',#1171,#1333);
#1333 = DEFINITIONAL_REPRESENTATION('',(#1334),#1338);
#1334 = LINE('',#1335,#1336);
#1335 = CARTESIAN_POINT('',(6.28318530718,-0.));
#1336 = VECTOR('',#1337,1.);
#1337 = DIRECTION('',(0.,1.));
#1338 = ( GEOMETRIC_REPRESENTATION_CONTEXT(2) 
PARAMETRIC_REPRESENTATION_CONTEXT() REPRESENTATION_CONTEXT('2D SPACE',''
  ) );
#1339 = PCURVE('',#1171,#1340);
#1340 = DEFINITIONAL_REPRESENTATION('',(#1341),#1345);
#1341 = LINE('',#1342,#1343);
#1342 = CARTESIAN_POINT('',(0.,-0.));
#1343 = VECTOR('',#1344,1.);
#1344 = DIRECTION('',(0.,1.));
#1345 = ( GEOMETRIC_REPRESENTATION_CONTEXT(2) 
PARAMETRIC_REPRESENTATION_CONTEXT() REPRESENTATION_CONTEXT('2D SPACE',''
  ) );
#1346 = ORIENTED_EDGE('',*,*,#1347,.T.);
#1347 = EDGE_CURVE('',#1325,#1325,#1348,.T.);
#1348 = SURFACE_CURVE('',#1349,(#1354,#1361),.PCURVE_S1.);
#1349 = CIRCLE('',#1350,1.1);
#1350 = AXIS2_PLACEMENT_3D('',#1351,#1352,#1353);
#1351 = CARTESIAN_POINT('',(228.1,0.,21.65));
#1352 = DIRECTION('',(0.,0.,1.));
#1353 = DIRECTION('',(1.,0.,-0.));
#1354 = PCURVE('',#1171,#1355);
#1355 = DEFINITIONAL_REPRESENTATION('',(#1356),#1360);
#1356 = LINE('',#1357,#1358);
#1357 = CARTESIAN_POINT('',(0.,0.));
#1358 = VECTOR('',#1359,1.);
#1359 = DIRECTION('',(1.,0.));
#1360 = ( GEOMETRIC_REPRESENTATION_CONTEXT(2) 
PARAMETRIC_REPRESENTATION_CONTEXT() REPRESENTATION_CONTEXT('2D SPACE',''
  ) );
#1361 = PCURVE('',#1362,#1367);
#1362 = CYLINDRICAL_SURFACE('',#1363,1.1);
#1363 = AXIS2_PLACEMENT_3D('',#1364,#1365,#1366);
#1364 = CARTESIAN_POINT('',(228.1,0.,20.8));
#1365 = DIRECTION('',(0.,0.,1.));
#1366 = DIRECTION('',(1.,0.,-0.));
#1367 = DEFINITIONAL_REPRESENTATION('',(#1368),#1372);
#1368 = LINE('',#1369,#1370);
#1369 = CARTESIAN_POINT('',(0.,0.85));
#1370 = VECTOR('',#1371,1.);
#1371 = DIRECTION('',(1.,0.));
#1372 = ( GEOMETRIC_REPRESENTATION_CONTEXT(2) 
PARAMETRIC_REPRESENTATION_CONTEXT() REPRESENTATION_CONTEXT('2D SPACE',''
  ) );
#1373 = ORIENTED_EDGE('',*,*,#1324,.T.);
#1374 = ADVANCED_FACE('',(#1375),#1362,.F.);
#1375 = FACE_BOUND('',#1376,.F.);
#1376 = EDGE_LOOP('',(#1377,#1378,#1401,#1571));
#1377 = ORIENTED_EDGE('',*,*,#1347,.F.);
#1378 = ORIENTED_EDGE('',*,*,#1379,.F.);
#1379 = EDGE_CURVE('',#1380,#1325,#1382,.T.);
#1380 = VERTEX_POINT('',#1381);
#1381 = CARTESIAN_POINT('',(229.2,-2.694222958124E-16,21.3));
#1382 = SEAM_CURVE('',#1383,(#1387,#1394),.PCURVE_S1.);
#1383 = LINE('',#1384,#1385);
#1384 = CARTESIAN_POINT('',(229.2,-2.694222958124E-16,20.8));
#1385 = VECTOR('',#1386,1.);
#1386 = DIRECTION('',(0.,0.,1.));
#1387 = PCURVE('',#1362,#1388);
#1388 = DEFINITIONAL_REPRESENTATION('',(#1389),#1393);
#1389 = LINE('',#1390,#1391);
#1390 = CARTESIAN_POINT('',(6.28318530718,-0.));
#1391 = VECTOR('',#1392,1.);
#1392 = DIRECTION('',(0.,1.));
#1393 = ( GEOMETRIC_REPRESENTATION_CONTEXT(2) 
PARAMETRIC_REPRESENTATION_CONTEXT() REPRESENTATION_CONTEXT('2D SPACE',''
  ) );
#1394 = PCURVE('',#1362,#1395);
#1395 = DEFINITIONAL_REPRESENTATION('',(#1396),#1400);
#1396 = LINE('',#1397,#1398);
#1397 = CARTESIAN_POINT('',(0.,-0.));
#1398 = VECTOR('',#1399,1.);
#1399 = DIRECTION('',(0.,1.));
#1400 = ( GEOMETRIC_REPRESENTATION_CONTEXT(2) 
PARAMETRIC_REPRESENTATION_CONTEXT() REPRESENTATION_CONTEXT('2D SPACE',''
  ) );
#1401 = ORIENTED_EDGE('',*,*,#1402,.T.);
#1402 = EDGE_CURVE('',#1380,#1380,#1403,.T.);
#1403 = SURFACE_CURVE('',#1404,(#1456,#1511),.PCURVE_S1.);
#1404 = B_SPLINE_CURVE_WITH_KNOTS('',8,(#1405,#1406,#1407,#1408,#1409,
    #1410,#1411,#1412,#1413,#1414,#1415,#1416,#1417,#1418,#1419,#1420,
    #1421,#1422,#1423,#1424,#1425,#1426,#1427,#1428,#1429,#1430,#1431,
    #1432,#1433,#1434,#1435,#1436,#1437,#1438,#1439,#1440,#1441,#1442,
    #1443,#1444,#1445,#1446,#1447,#1448,#1449,#1450,#1451,#1452,#1453,
    #1454,#1455),.UNSPECIFIED.,.T.,.F.,(9,7,7,7,7,7,7,9),(0.,
    0.135829277238,0.249655510924,0.398777435892,0.534731576056,
    0.748860433595,0.903350357609,1.),.UNSPECIFIED.);
#1405 = CARTESIAN_POINT('',(229.2,4.440892098501E-16,21.3));
#1406 = CARTESIAN_POINT('',(229.2,0.134408377432,21.3));
#1407 = CARTESIAN_POINT('',(229.18123064774,0.266503790346,
    21.299030663528));
#1408 = CARTESIAN_POINT('',(229.1448217486,0.393262508979,
    21.297150509079));
#1409 = CARTESIAN_POINT('',(229.09244933558,0.511976172671,
    21.294537977618));
#1410 = CARTESIAN_POINT('',(229.0263060286,0.620345936996,
    21.291464077505));
#1411 = CARTESIAN_POINT('',(228.94906837012,0.716596828553,
    21.288229812062));
#1412 = CARTESIAN_POINT('',(228.86385852826,0.799622491964,
    21.28509922141));
#1413 = CARTESIAN_POINT('',(228.69906117668,0.927452421061,
    21.279878628718));
#1414 = CARTESIAN_POINT('',(228.61969139596,0.977128715883,
    21.277667094588));
#1415 = CARTESIAN_POINT('',(228.53704700124,1.018298563494,
    21.275714724088));
#1416 = CARTESIAN_POINT('',(228.45194099669,1.051074624147,
    21.274089811098));
#1417 = CARTESIAN_POINT('',(228.36507675976,1.075564841636,
    21.272840826004));
#1418 = CARTESIAN_POINT('',(228.27708117138,1.091856135971,
    21.271998446531));
#1419 = CARTESIAN_POINT('',(228.18853492293,1.1,21.271577280493));
#1420 = CARTESIAN_POINT('',(227.98401181601,1.1,21.271577280493));
#1421 = CARTESIAN_POINT('',(227.86792798813,1.086022798519,
    21.272300046022));
#1422 = CARTESIAN_POINT('',(227.75302338815,1.058026803765,
    21.273747884798));
#1423 = CARTESIAN_POINT('',(227.64066353107,1.015840590244,
    21.275877692523));
#1424 = CARTESIAN_POINT('',(227.53239672275,0.959234706898,
    21.278597946371));
#1425 = CARTESIAN_POINT('',(227.43003891001,0.887979096415,
    21.281757545659));
#1426 = CARTESIAN_POINT('',(227.33579187716,0.801927020846,21.2851374619
    ));
#1427 = CARTESIAN_POINT('',(227.17643954097,0.609303135849,
    21.291481810819));
#1428 = CARTESIAN_POINT('',(227.10807365246,0.50349581136,
    21.294513018172));
#1429 = CARTESIAN_POINT('',(227.05198045516,0.385349133751,
    21.297257361201));
#1430 = CARTESIAN_POINT('',(227.01163909919,0.257642099596,
    21.299373131656));
#1431 = CARTESIAN_POINT('',(226.989328562,0.123927526578,21.300573723211
    ));
#1432 = CARTESIAN_POINT('',(226.98609115688,-1.18175439065E-02,
    21.300725421773));
#1433 = CARTESIAN_POINT('',(227.00169053399,-0.1455465115,
    21.299887466413));
#1434 = CARTESIAN_POINT('',(227.08632586779,-0.475179373078,
    21.295653596323));
#1435 = CARTESIAN_POINT('',(227.17863775687,-0.653689987358,
    21.291178989898));
#1436 = CARTESIAN_POINT('',(227.30055430776,-0.803887441468,
    21.285761307911));
#1437 = CARTESIAN_POINT('',(227.44366900091,-0.923865248727,
    21.280470409432));
#1438 = CARTESIAN_POINT('',(227.600845357,-1.012925280753,
    21.276079560578));
#1439 = CARTESIAN_POINT('',(227.76602786698,-1.071357853959,
    21.273058542904));
#1440 = CARTESIAN_POINT('',(227.93396290868,-1.1,21.271577280493));
#1441 = CARTESIAN_POINT('',(228.21979262354,-1.1,21.271577280493));
#1442 = CARTESIAN_POINT('',(228.33970949758,-1.085090887511,
    21.272348227378));
#1443 = CARTESIAN_POINT('',(228.45833925751,-1.055216986575,
    21.273893215733));
#1444 = CARTESIAN_POINT('',(228.57416212987,-1.010180098408,
    21.276163270509));
#1445 = CARTESIAN_POINT('',(228.68544487373,-0.949726100657,
    21.279053799274));
#1446 = CARTESIAN_POINT('',(228.79014502073,-0.873612723741,
    21.282390978481));
#1447 = CARTESIAN_POINT('',(228.88577422248,-0.781711609705,
    21.28592252593));
#1448 = CARTESIAN_POINT('',(229.02134363601,-0.606936574916,
    21.291457362004));
#1449 = CARTESIAN_POINT('',(229.06900402477,-0.53321029746,
    21.293548914174));
#1450 = CARTESIAN_POINT('',(229.11080158786,-0.453575160606,
    21.295503279282));
#1451 = CARTESIAN_POINT('',(229.14559880456,-0.368824332922,
    21.297212893456));
#1452 = CARTESIAN_POINT('',(229.17248025525,-0.279935991353,
    21.2985786061));
#1453 = CARTESIAN_POINT('',(229.19076188484,-0.188024526144,
    21.299523036677));
#1454 = CARTESIAN_POINT('',(229.2,-9.429487693429E-02,21.3));
#1455 = CARTESIAN_POINT('',(229.2,4.440892098501E-16,21.3));
#1456 = PCURVE('',#1362,#1457);
#1457 = DEFINITIONAL_REPRESENTATION('',(#1458),#1510);
#1458 = B_SPLINE_CURVE_WITH_KNOTS('',8,(#1459,#1460,#1461,#1462,#1463,
    #1464,#1465,#1466,#1467,#1468,#1469,#1470,#1471,#1472,#1473,#1474,
    #1475,#1476,#1477,#1478,#1479,#1480,#1481,#1482,#1483,#1484,#1485,
    #1486,#1487,#1488,#1489,#1490,#1491,#1492,#1493,#1494,#1495,#1496,
    #1497,#1498,#1499,#1500,#1501,#1502,#1503,#1504,#1505,#1506,#1507,
    #1508,#1509),.UNSPECIFIED.,.F.,.F.,(9,7,7,7,7,7,7,9),(0.,
    0.135829277238,0.249655510924,0.398777435892,0.534731576056,
    0.748860433595,0.903350357609,1.),.UNSPECIFIED.);
#1459 = CARTESIAN_POINT('',(0.,0.5));
#1460 = CARTESIAN_POINT('',(0.122189434029,0.5));
#1461 = CARTESIAN_POINT('',(0.242276161719,0.499030663528));
#1462 = CARTESIAN_POINT('',(0.360291231519,0.497150509079));
#1463 = CARTESIAN_POINT('',(0.476151092148,0.494537977618));
#1464 = CARTESIAN_POINT('',(0.58965205402,0.491464077505));
#1465 = CARTESIAN_POINT('',(0.700436067976,0.488229812062));
#1466 = CARTESIAN_POINT('',(0.807905161114,0.48509922141));
#1467 = CARTESIAN_POINT('',(0.997508178014,0.479878628718));
#1468 = CARTESIAN_POINT('',(1.082200885572,0.477667094588));
#1469 = CARTESIAN_POINT('',(1.165488500074,0.475714724088));
#1470 = CARTESIAN_POINT('',(1.247671173653,0.474089811098));
#1471 = CARTESIAN_POINT('',(1.329023699854,0.472840826004));
#1472 = CARTESIAN_POINT('',(1.409812990636,0.471998446531));
#1473 = CARTESIAN_POINT('',(1.490310033218,0.471577280493));
#1474 = CARTESIAN_POINT('',(1.676240130416,0.471577280493));
#1475 = CARTESIAN_POINT('',(1.781770604407,0.472300046022));
#1476 = CARTESIAN_POINT('',(1.888016766205,0.473747884798));
#1477 = CARTESIAN_POINT('',(1.995532848779,0.475877692523));
#1478 = CARTESIAN_POINT('',(2.104884040063,0.478597946371));
#1479 = CARTESIAN_POINT('',(2.216668895159,0.481757545659));
#1480 = CARTESIAN_POINT('',(2.33155972558,0.4851374619));
#1481 = CARTESIAN_POINT('',(2.558827231189,0.491481810819));
#1482 = CARTESIAN_POINT('',(2.672558516794,0.494513018172));
#1483 = CARTESIAN_POINT('',(2.789759247705,0.497257361201));
#1484 = CARTESIAN_POINT('',(2.909220141935,0.499373131656));
#1485 = CARTESIAN_POINT('',(3.030051453274,0.500573723211));
#1486 = CARTESIAN_POINT('',(3.151491789717,0.500725421773));
#1487 = CARTESIAN_POINT('',(3.27277046863,0.499887466413));
#1488 = CARTESIAN_POINT('',(3.582156641985,0.495653596323));
#1489 = CARTESIAN_POINT('',(3.760212589684,0.491178989898));
#1490 = CARTESIAN_POINT('',(3.930342335174,0.485761307911));
#1491 = CARTESIAN_POINT('',(4.094245092676,0.480470409432));
#1492 = CARTESIAN_POINT('',(4.253377839397,0.476079560578));
#1493 = CARTESIAN_POINT('',(4.408776564206,0.473058542904));
#1494 = CARTESIAN_POINT('',(4.561446170098,0.471577280493));
#1495 = CARTESIAN_POINT('',(4.821291365423,0.471577280493));
#1496 = CARTESIAN_POINT('',(4.930306334582,0.472348227378));
#1497 = CARTESIAN_POINT('',(5.04012094452,0.473893215733));
#1498 = CARTESIAN_POINT('',(5.151334514639,0.476163270509));
#1499 = CARTESIAN_POINT('',(5.26456153708,0.479053799274));
#1500 = CARTESIAN_POINT('',(5.380455245166,0.482390978481));
#1501 = CARTESIAN_POINT('',(5.499753774377,0.48592252593));
#1502 = CARTESIAN_POINT('',(5.700836337639,0.491457362004));
#1503 = CARTESIAN_POINT('',(5.780351164841,0.493548914174));
#1504 = CARTESIAN_POINT('',(5.861550725624,0.495503279282));
#1505 = CARTESIAN_POINT('',(5.944099442549,0.497212893456));
#1506 = CARTESIAN_POINT('',(6.027737732644,0.4985786061));
#1507 = CARTESIAN_POINT('',(6.112254148119,0.499523036677));
#1508 = CARTESIAN_POINT('',(6.197462691785,0.5));
#1509 = CARTESIAN_POINT('',(6.28318530718,0.5));
#1510 = ( GEOMETRIC_REPRESENTATION_CONTEXT(2) 
PARAMETRIC_REPRESENTATION_CONTEXT() REPRESENTATION_CONTEXT('2D SPACE',''
  ) );
#1511 = PCURVE('',#1512,#1517);
#1512 = CYLINDRICAL_SURFACE('',#1513,21.3);
#1513 = AXIS2_PLACEMENT_3D('',#1514,#1515,#1516);
#1514 = CARTESIAN_POINT('',(47.,0.,0.));
#1515 = DIRECTION('',(1.,0.,0.));
#1516 = DIRECTION('',(-0.,1.,0.));
#1517 = DEFINITIONAL_REPRESENTATION('',(#1518),#1570);
#1518 = B_SPLINE_CURVE_WITH_KNOTS('',8,(#1519,#1520,#1521,#1522,#1523,
    #1524,#1525,#1526,#1527,#1528,#1529,#1530,#1531,#1532,#1533,#1534,
    #1535,#1536,#1537,#1538,#1539,#1540,#1541,#1542,#1543,#1544,#1545,
    #1546,#1547,#1548,#1549,#1550,#1551,#1552,#1553,#1554,#1555,#1556,
    #1557,#1558,#1559,#1560,#1561,#1562,#1563,#1564,#1565,#1566,#1567,
    #1568,#1569),.UNSPECIFIED.,.T.,.F.,(9,7,7,7,7,7,7,9),(0.,
    0.135829277238,0.249655510924,0.398777435892,0.534731576056,
    0.748860433595,0.903350357609,1.),.UNSPECIFIED.);
#1519 = CARTESIAN_POINT('',(1.570796326795,182.2));
#1520 = CARTESIAN_POINT('',(1.564486074333,182.2));
#1521 = CARTESIAN_POINT('',(1.558284410974,182.18123064774));
#1522 = CARTESIAN_POINT('',(1.552332917896,182.1448217486));
#1523 = CARTESIAN_POINT('',(1.546758406751,182.09244933558));
#1524 = CARTESIAN_POINT('',(1.541668731575,182.0263060286));
#1525 = CARTESIAN_POINT('',(1.537147422136,181.94906837012));
#1526 = CARTESIAN_POINT('',(1.533246753462,181.86385852826));
#1527 = CARTESIAN_POINT('',(1.527240345502,181.69906117668));
#1528 = CARTESIAN_POINT('',(1.524905830745,181.61969139596));
#1529 = CARTESIAN_POINT('',(1.522970812533,181.53704700124));
#1530 = CARTESIAN_POINT('',(1.521430143859,181.45194099669));
#1531 = CARTESIAN_POINT('',(1.520278874328,181.36507675976));
#1532 = CARTESIAN_POINT('',(1.51951300318,181.27708117138));
#1533 = CARTESIAN_POINT('',(1.519130151147,181.18853492293));
#1534 = CARTESIAN_POINT('',(1.519130151147,180.98401181601));
#1535 = CARTESIAN_POINT('',(1.51978723465,180.86792798813));
#1536 = CARTESIAN_POINT('',(1.521103356665,180.75302338815));
#1537 = CARTESIAN_POINT('',(1.523086451626,180.64066353107));
#1538 = CARTESIAN_POINT('',(1.525747053989,180.53239672275));
#1539 = CARTESIAN_POINT('',(1.529095620072,180.43003891001));
#1540 = CARTESIAN_POINT('',(1.533138657516,180.33579187716));
#1541 = CARTESIAN_POINT('',(1.542186936243,180.17643954097));
#1542 = CARTESIAN_POINT('',(1.547156407172,180.10807365246));
#1543 = CARTESIAN_POINT('',(1.552704563843,180.05198045516));
#1544 = CARTESIAN_POINT('',(1.558700729998,180.01163909919));
#1545 = CARTESIAN_POINT('',(1.564978293888,179.989328562));
#1546 = CARTESIAN_POINT('',(1.571351009415,179.98609115688));
#1547 = CARTESIAN_POINT('',(1.577629353724,180.00169053399));
#1548 = CARTESIAN_POINT('',(1.593106351414,180.08632586779));
#1549 = CARTESIAN_POINT('',(1.601489137426,180.17863775687));
#1550 = CARTESIAN_POINT('',(1.608544643951,180.30055430776));
#1551 = CARTESIAN_POINT('',(1.614182748978,180.44366900091));
#1552 = CARTESIAN_POINT('',(1.618369022043,180.600845357));
#1553 = CARTESIAN_POINT('',(1.621116004624,180.76602786698));
#1554 = CARTESIAN_POINT('',(1.622462502443,180.93396290868));
#1555 = CARTESIAN_POINT('',(1.622462502443,181.21979262354));
#1556 = CARTESIAN_POINT('',(1.621761608755,181.33970949758));
#1557 = CARTESIAN_POINT('',(1.620357204455,181.45833925751));
#1558 = CARTESIAN_POINT('',(1.618240113225,181.57416212987));
#1559 = CARTESIAN_POINT('',(1.615398676556,181.68544487373));
#1560 = CARTESIAN_POINT('',(1.6118219127,181.79014502073));
#1561 = CARTESIAN_POINT('',(1.607504220523,181.88577422248));
#1562 = CARTESIAN_POINT('',(1.599294706327,182.02134363601));
#1563 = CARTESIAN_POINT('',(1.595832004764,182.06900402477));
#1564 = CARTESIAN_POINT('',(1.592092187418,182.11080158786));
#1565 = CARTESIAN_POINT('',(1.588112545751,182.14559880456));
#1566 = CARTESIAN_POINT('',(1.583938993308,182.17248025525));
#1567 = CARTESIAN_POINT('',(1.579623769557,182.19076188484));
#1568 = CARTESIAN_POINT('',(1.575223316322,182.2));
#1569 = CARTESIAN_POINT('',(1.570796326795,182.2));
#1570 = ( GEOMETRIC_REPRESENTATION_CONTEXT(2) 
PARAMETRIC_REPRESENTATION_CONTEXT() REPRESENTATION_CONTEXT('2D SPACE',''
  ) );
#1571 = ORIENTED_EDGE('',*,*,#1379,.T.);
#1572 = ADVANCED_FACE('',(#1573,#1893,#2067),#1512,.F.);
#1573 = FACE_BOUND('',#1574,.F.);
#1574 = EDGE_LOOP('',(#1575,#1605,#1628,#1656,#1736,#1764,#1844,#1872));
#1575 = ORIENTED_EDGE('',*,*,#1576,.T.);
#1576 = EDGE_CURVE('',#1577,#1579,#1581,.T.);
#1577 = VERTEX_POINT('',#1578);
#1578 = CARTESIAN_POINT('',(62.3,13.987062966584,16.063999177316));
#1579 = VERTEX_POINT('',#1580);
#1580 = CARTESIAN_POINT('',(62.3,-13.98706296658,16.063999177316));
#1581 = SURFACE_CURVE('',#1582,(#1587,#1594),.PCURVE_S1.);
#1582 = CIRCLE('',#1583,21.3);
#1583 = AXIS2_PLACEMENT_3D('',#1584,#1585,#1586);
#1584 = CARTESIAN_POINT('',(62.3,0.,0.));
#1585 = DIRECTION('',(1.,0.,0.));
#1586 = DIRECTION('',(-0.,1.,0.));
#1587 = PCURVE('',#1512,#1588);
#1588 = DEFINITIONAL_REPRESENTATION('',(#1589),#1593);
#1589 = LINE('',#1590,#1591);
#1590 = CARTESIAN_POINT('',(0.,15.3));
#1591 = VECTOR('',#1592,1.);
#1592 = DIRECTION('',(1.,0.));
#1593 = ( GEOMETRIC_REPRESENTATION_CONTEXT(2) 
PARAMETRIC_REPRESENTATION_CONTEXT() REPRESENTATION_CONTEXT('2D SPACE',''
  ) );
#1594 = PCURVE('',#45,#1595);
#1595 = DEFINITIONAL_REPRESENTATION('',(#1596),#1604);
#1596 = ( BOUNDED_CURVE() B_SPLINE_CURVE(2,(#1597,#1598,#1599,#1600,
#1601,#1602,#1603),.UNSPECIFIED.,.T.,.F.) B_SPLINE_CURVE_WITH_KNOTS((1,2
    ,2,2,2,1),(-2.094395102393,0.,2.094395102393,4.188790204786,
6.28318530718,8.377580409573),.UNSPECIFIED.) CURVE() 
GEOMETRIC_REPRESENTATION_ITEM() RATIONAL_B_SPLINE_CURVE((1.,0.5,1.,0.5,
1.,0.5,1.)) REPRESENTATION_ITEM('') );
#1597 = CARTESIAN_POINT('',(-13.98706296658,16.063999177316));
#1598 = CARTESIAN_POINT('',(13.836599781272,40.290302884105));
#1599 = CARTESIAN_POINT('',(20.90536285722,4.081152264736));
#1600 = CARTESIAN_POINT('',(27.974125933168,-32.12799835463));
#1601 = CARTESIAN_POINT('',(-6.918299890636,-20.14515144205));
#1602 = CARTESIAN_POINT('',(-41.81072571444,-8.162304529473));
#1603 = CARTESIAN_POINT('',(-13.98706296658,16.063999177316));
#1604 = ( GEOMETRIC_REPRESENTATION_CONTEXT(2) 
PARAMETRIC_REPRESENTATION_CONTEXT() REPRESENTATION_CONTEXT('2D SPACE',''
  ) );
#1605 = ORIENTED_EDGE('',*,*,#1606,.T.);
#1606 = EDGE_CURVE('',#1579,#1607,#1609,.T.);
#1607 = VERTEX_POINT('',#1608);
#1608 = CARTESIAN_POINT('',(213.1,-13.98706296658,16.063999177316));
#1609 = SURFACE_CURVE('',#1610,(#1614,#1621),.PCURVE_S1.);
#1610 = LINE('',#1611,#1612);
#1611 = CARTESIAN_POINT('',(62.3,-13.98706296658,16.063999177316));
#1612 = VECTOR('',#1613,1.);
#1613 = DIRECTION('',(1.,0.,0.));
#1614 = PCURVE('',#1512,#1615);
#1615 = DEFINITIONAL_REPRESENTATION('',(#1616),#1620);
#1616 = LINE('',#1617,#1618);
#1617 = CARTESIAN_POINT('',(2.287190649689,15.3));
#1618 = VECTOR('',#1619,1.);
#1619 = DIRECTION('',(0.,1.));
#1620 = ( GEOMETRIC_REPRESENTATION_CONTEXT(2) 
PARAMETRIC_REPRESENTATION_CONTEXT() REPRESENTATION_CONTEXT('2D SPACE',''
  ) );
#1621 = PCURVE('',#77,#1622);
#1622 = DEFINITIONAL_REPRESENTATION('',(#1623),#1627);
#1623 = LINE('',#1624,#1625);
#1624 = CARTESIAN_POINT('',(21.3,-150.8));
#1625 = VECTOR('',#1626,1.);
#1626 = DIRECTION('',(0.,1.));
#1627 = ( GEOMETRIC_REPRESENTATION_CONTEXT(2) 
PARAMETRIC_REPRESENTATION_CONTEXT() REPRESENTATION_CONTEXT('2D SPACE',''
  ) );
#1628 = ORIENTED_EDGE('',*,*,#1629,.F.);
#1629 = EDGE_CURVE('',#1630,#1607,#1632,.T.);
#1630 = VERTEX_POINT('',#1631);
#1631 = CARTESIAN_POINT('',(213.1,-13.98156699461,16.068782915179));
#1632 = SURFACE_CURVE('',#1633,(#1638,#1645),.PCURVE_S1.);
#1633 = CIRCLE('',#1634,21.3);
#1634 = AXIS2_PLACEMENT_3D('',#1635,#1636,#1637);
#1635 = CARTESIAN_POINT('',(213.1,0.,0.));
#1636 = DIRECTION('',(1.,0.,0.));
#1637 = DIRECTION('',(-0.,1.,0.));
#1638 = PCURVE('',#1512,#1639);
#1639 = DEFINITIONAL_REPRESENTATION('',(#1640),#1644);
#1640 = LINE('',#1641,#1642);
#1641 = CARTESIAN_POINT('',(0.,166.1));
#1642 = VECTOR('',#1643,1.);
#1643 = DIRECTION('',(1.,0.));
#1644 = ( GEOMETRIC_REPRESENTATION_CONTEXT(2) 
PARAMETRIC_REPRESENTATION_CONTEXT() REPRESENTATION_CONTEXT('2D SPACE',''
  ) );
#1645 = PCURVE('',#106,#1646);
#1646 = DEFINITIONAL_REPRESENTATION('',(#1647),#1655);
#1647 = ( BOUNDED_CURVE() B_SPLINE_CURVE(2,(#1648,#1649,#1650,#1651,
#1652,#1653,#1654),.UNSPECIFIED.,.T.,.F.) B_SPLINE_CURVE_WITH_KNOTS((1,2
    ,2,2,2,1),(-2.094395102393,0.,2.094395102393,4.188790204786,
6.28318530718,8.377580409573),.UNSPECIFIED.) CURVE() 
GEOMETRIC_REPRESENTATION_ITEM() RATIONAL_B_SPLINE_CURVE((1.,0.5,1.,0.5,
1.,0.5,1.)) REPRESENTATION_ITEM('') );
#1648 = CARTESIAN_POINT('',(-13.98706296658,16.063999177316));
#1649 = CARTESIAN_POINT('',(13.836599781272,40.290302884105));
#1650 = CARTESIAN_POINT('',(20.90536285722,4.081152264736));
#1651 = CARTESIAN_POINT('',(27.974125933168,-32.12799835463));
#1652 = CARTESIAN_POINT('',(-6.918299890636,-20.14515144205));
#1653 = CARTESIAN_POINT('',(-41.81072571444,-8.162304529473));
#1654 = CARTESIAN_POINT('',(-13.98706296658,16.063999177316));
#1655 = ( GEOMETRIC_REPRESENTATION_CONTEXT(2) 
PARAMETRIC_REPRESENTATION_CONTEXT() REPRESENTATION_CONTEXT('2D SPACE',''
  ) );
#1656 = ORIENTED_EDGE('',*,*,#1657,.T.);
#1657 = EDGE_CURVE('',#1630,#1658,#1660,.T.);
#1658 = VERTEX_POINT('',#1659);
#1659 = CARTESIAN_POINT('',(232.20053286022,-8.519977280018E-02,
    21.299829600227));
#1660 = SURFACE_CURVE('',#1661,(#1684,#1710),.PCURVE_S1.);
#1661 = B_SPLINE_CURVE_WITH_KNOTS('',6,(#1662,#1663,#1664,#1665,#1666,
    #1667,#1668,#1669,#1670,#1671,#1672,#1673,#1674,#1675,#1676,#1677,
    #1678,#1679,#1680,#1681,#1682,#1683),.UNSPECIFIED.,.F.,.F.,(7,5,5,5,
    7),(0.,0.249275464224,0.499831908011,0.751010976838,1.),
  .UNSPECIFIED.);
#1662 = CARTESIAN_POINT('',(213.09998853368,-13.9815732982,
    16.068777430372));
#1663 = CARTESIAN_POINT('',(213.90197620866,-13.5406817104,
    16.452400769372));
#1664 = CARTESIAN_POINT('',(214.70141331803,-13.07777033549,
    16.829676801615));
#1665 = CARTESIAN_POINT('',(215.49860000081,-12.59309194243,
    17.1983495737));
#1666 = CARTESIAN_POINT('',(216.29387159656,-12.08732615553,
    17.556029122554));
#1667 = CARTESIAN_POINT('',(217.08758503567,-11.56168140194,
    17.900314071623));
#1668 = CARTESIAN_POINT('',(218.67659683954,-10.47132667569,
    18.559342615077));
#1669 = CARTESIAN_POINT('',(219.47191020357,-9.906410705077,
    18.873936671827));
#1670 = CARTESIAN_POINT('',(220.26627695447,-9.32494605018,
    19.170493964089));
#1671 = CARTESIAN_POINT('',(221.06003549043,-8.729208389374,
    19.446966633248));
#1672 = CARTESIAN_POINT('',(221.85352271518,-8.121910816451,
    19.701716920464));
#1673 = CARTESIAN_POINT('',(223.44242562546,-6.888628519537,
    20.166111105616));
#1674 = CARTESIAN_POINT('',(224.23788570229,-6.262566736084,
    20.375654286852));
#1675 = CARTESIAN_POINT('',(225.03361986553,-5.630851311434,
    20.561122157268));
#1676 = CARTESIAN_POINT('',(225.82996774925,-4.996625449893,
    20.721954355038));
#1677 = CARTESIAN_POINT('',(226.62727043524,-4.362972497888,
    20.858193262015));
#1678 = CARTESIAN_POINT('',(228.21739115039,-3.108037300849,
    21.081573591623));
#1679 = CARTESIAN_POINT('',(229.01021525523,-2.486673676901,
    21.169136774878));
#1680 = CARTESIAN_POINT('',(229.80459797683,-1.871429658062,
    21.233583554971));
#1681 = CARTESIAN_POINT('',(230.60089494201,-1.264785808159,
    21.275921284417));
#1682 = CARTESIAN_POINT('',(231.39944021996,-0.668819264109,
    21.297495109811));
#1683 = CARTESIAN_POINT('',(232.20053286022,-8.519977280018E-02,
    21.299829600227));
#1684 = PCURVE('',#1512,#1685);
#1685 = DEFINITIONAL_REPRESENTATION('',(#1686),#1709);
#1686 = B_SPLINE_CURVE_WITH_KNOTS('',6,(#1687,#1688,#1689,#1690,#1691,
    #1692,#1693,#1694,#1695,#1696,#1697,#1698,#1699,#1700,#1701,#1702,
    #1703,#1704,#1705,#1706,#1707,#1708),.UNSPECIFIED.,.F.,.F.,(7,5,5,5,
    7),(0.,0.249275464224,0.499831908011,0.751010976838,1.),
  .UNSPECIFIED.);
#1687 = CARTESIAN_POINT('',(2.286848963168,166.09998853368));
#1688 = CARTESIAN_POINT('',(2.259411182682,166.90197620866));
#1689 = CARTESIAN_POINT('',(2.231389114494,167.70141331803));
#1690 = CARTESIAN_POINT('',(2.20282404907,168.49860000081));
#1691 = CARTESIAN_POINT('',(2.173768628018,169.29387159656));
#1692 = CARTESIAN_POINT('',(2.144287557546,170.08758503567));
#1693 = CARTESIAN_POINT('',(2.084473212721,171.67659683954));
#1694 = CARTESIAN_POINT('',(2.05413529022,172.47191020357));
#1695 = CARTESIAN_POINT('',(2.023521976569,173.26627695447));
#1696 = CARTESIAN_POINT('',(1.992720101607,174.06003549043));
#1697 = CARTESIAN_POINT('',(1.961822773674,174.85352271518));
#1698 = CARTESIAN_POINT('',(1.899953332311,176.44242562546));
#1699 = CARTESIAN_POINT('',(1.868979492528,177.23788570229));
#1700 = CARTESIAN_POINT('',(1.838102099101,178.03361986553));
#1701 = CARTESIAN_POINT('',(1.807414939492,178.82996774925));
#1702 = CARTESIAN_POINT('',(1.777005437514,179.62727043524));
#1703 = CARTESIAN_POINT('',(1.717162189689,181.21739115039));
#1704 = CARTESIAN_POINT('',(1.687721209432,182.01021525523));
#1705 = CARTESIAN_POINT('',(1.658705685164,182.80459797683));
#1706 = CARTESIAN_POINT('',(1.63017999912,183.60089494201));
#1707 = CARTESIAN_POINT('',(1.602196522114,184.39944021996));
#1708 = CARTESIAN_POINT('',(1.574796326795,185.20053286022));
#1709 = ( GEOMETRIC_REPRESENTATION_CONTEXT(2) 
PARAMETRIC_REPRESENTATION_CONTEXT() REPRESENTATION_CONTEXT('2D SPACE',''
  ) );
#1710 = PCURVE('',#176,#1711);
#1711 = DEFINITIONAL_REPRESENTATION('',(#1712),#1735);
#1712 = B_SPLINE_CURVE_WITH_KNOTS('',6,(#1713,#1714,#1715,#1716,#1717,
    #1718,#1719,#1720,#1721,#1722,#1723,#1724,#1725,#1726,#1727,#1728,
    #1729,#1730,#1731,#1732,#1733,#1734),.UNSPECIFIED.,.F.,.F.,(7,5,5,5,
    7),(0.,0.249275464224,0.499831908011,0.751010976838,1.),
  .UNSPECIFIED.);
#1713 = CARTESIAN_POINT('',(21.302706634523,5.226716467459E-04));
#1714 = CARTESIAN_POINT('',(21.519952328325,4.248841278277E-02));
#1715 = CARTESIAN_POINT('',(21.72257935399,8.432069005183E-02));
#1716 = CARTESIAN_POINT('',(21.908430191026,0.126035208879));
#1717 = CARTESIAN_POINT('',(22.075374034916,0.16764951663));
#1718 = CARTESIAN_POINT('',(22.221467548661,0.209182290463));
#1719 = CARTESIAN_POINT('',(22.469466383923,0.292330772795));
#1720 = CARTESIAN_POINT('',(22.571144923048,0.333947266162));
#1721 = CARTESIAN_POINT('',(22.648590313989,0.375514225949));
#1722 = CARTESIAN_POINT('',(22.700613563956,0.417049359572));
#1723 = CARTESIAN_POINT('',(22.726599662698,0.458570296249));
#1724 = CARTESIAN_POINT('',(22.726505389266,0.541713080487));
#1725 = CARTESIAN_POINT('',(22.70029547177,0.583337250919));
#1726 = CARTESIAN_POINT('',(22.647920133173,0.624975763517));
#1727 = CARTESIAN_POINT('',(22.570001897428,0.666646390367));
#1728 = CARTESIAN_POINT('',(22.467742619884,0.708366979312));
#1729 = CARTESIAN_POINT('',(22.218852226171,0.791573487826));
#1730 = CARTESIAN_POINT('',(22.072611635845,0.833059725319));
#1731 = CARTESIAN_POINT('',(21.905590596432,0.874627520807));
#1732 = CARTESIAN_POINT('',(21.719727804998,0.916295483233));
#1733 = CARTESIAN_POINT('',(21.517147532747,0.958081093493));
#1734 = CARTESIAN_POINT('',(21.3,1.));
#1735 = ( GEOMETRIC_REPRESENTATION_CONTEXT(2) 
PARAMETRIC_REPRESENTATION_CONTEXT() REPRESENTATION_CONTEXT('2D SPACE',''
  ) );
#1736 = ORIENTED_EDGE('',*,*,#1737,.F.);
#1737 = EDGE_CURVE('',#1738,#1658,#1740,.T.);
#1738 = VERTEX_POINT('',#1739);
#1739 = CARTESIAN_POINT('',(232.20053286022,8.519977280018E-02,
    21.299829600227));
#1740 = SURFACE_CURVE('',#1741,(#1746,#1753),.PCURVE_S1.);
#1741 = CIRCLE('',#1742,21.3);
#1742 = AXIS2_PLACEMENT_3D('',#1743,#1744,#1745);
#1743 = CARTESIAN_POINT('',(232.20053286022,0.,0.));
#1744 = DIRECTION('',(1.,0.,0.));
#1745 = DIRECTION('',(-0.,1.,0.));
#1746 = PCURVE('',#1512,#1747);
#1747 = DEFINITIONAL_REPRESENTATION('',(#1748),#1752);
#1748 = LINE('',#1749,#1750);
#1749 = CARTESIAN_POINT('',(0.,185.20053286022));
#1750 = VECTOR('',#1751,1.);
#1751 = DIRECTION('',(1.,0.));
#1752 = ( GEOMETRIC_REPRESENTATION_CONTEXT(2) 
PARAMETRIC_REPRESENTATION_CONTEXT() REPRESENTATION_CONTEXT('2D SPACE',''
  ) );
#1753 = PCURVE('',#224,#1754);
#1754 = DEFINITIONAL_REPRESENTATION('',(#1755),#1763);
#1755 = ( BOUNDED_CURVE() B_SPLINE_CURVE(2,(#1756,#1757,#1758,#1759,
#1760,#1761,#1762),.UNSPECIFIED.,.T.,.F.) B_SPLINE_CURVE_WITH_KNOTS((1,2
    ,2,2,2,1),(-2.094395102393,0.,2.094395102393,4.188790204786,
6.28318530718,8.377580409573),.UNSPECIFIED.) CURVE() 
GEOMETRIC_REPRESENTATION_ITEM() RATIONAL_B_SPLINE_CURVE((1.,0.5,1.,0.5,
1.,0.5,1.)) REPRESENTATION_ITEM('') );
#1756 = CARTESIAN_POINT('',(-6.389990415004E-02,21.299904150072));
#1757 = CARTESIAN_POINT('',(36.828616280122,21.410582030659));
#1758 = CARTESIAN_POINT('',(18.478208044211,-10.59461313474));
#1759 = CARTESIAN_POINT('',(0.1277998083,-42.59980830014));
#1760 = CARTESIAN_POINT('',(-18.41430814006,-10.70529101532));
#1761 = CARTESIAN_POINT('',(-36.95641608842,21.189226269485));
#1762 = CARTESIAN_POINT('',(-6.389990415004E-02,21.299904150072));
#1763 = ( GEOMETRIC_REPRESENTATION_CONTEXT(2) 
PARAMETRIC_REPRESENTATION_CONTEXT() REPRESENTATION_CONTEXT('2D SPACE',''
  ) );
#1764 = ORIENTED_EDGE('',*,*,#1765,.F.);
#1765 = EDGE_CURVE('',#1766,#1738,#1768,.T.);
#1766 = VERTEX_POINT('',#1767);
#1767 = CARTESIAN_POINT('',(213.1,13.981566994613,16.068782915179));
#1768 = SURFACE_CURVE('',#1769,(#1792,#1818),.PCURVE_S1.);
#1769 = B_SPLINE_CURVE_WITH_KNOTS('',6,(#1770,#1771,#1772,#1773,#1774,
    #1775,#1776,#1777,#1778,#1779,#1780,#1781,#1782,#1783,#1784,#1785,
    #1786,#1787,#1788,#1789,#1790,#1791),.UNSPECIFIED.,.F.,.F.,(7,5,5,5,
    7),(0.,0.249275464224,0.499831908011,0.751010976838,1.),
  .UNSPECIFIED.);
#1770 = CARTESIAN_POINT('',(213.09998853368,13.981573298208,
    16.068777430372));
#1771 = CARTESIAN_POINT('',(213.90197620866,13.540681710401,
    16.452400769372));
#1772 = CARTESIAN_POINT('',(214.70141331803,13.077770335499,
    16.829676801615));
#1773 = CARTESIAN_POINT('',(215.49860000081,12.59309194243,
    17.198349573701));
#1774 = CARTESIAN_POINT('',(216.29387159656,12.087326155536,
    17.556029122554));
#1775 = CARTESIAN_POINT('',(217.08758503567,11.561681401941,
    17.900314071623));
#1776 = CARTESIAN_POINT('',(218.67659683954,10.471326675696,
    18.559342615076));
#1777 = CARTESIAN_POINT('',(219.47191020357,9.906410705076,
    18.873936671827));
#1778 = CARTESIAN_POINT('',(220.26627695447,9.324946050182,
    19.170493964089));
#1779 = CARTESIAN_POINT('',(221.06003549043,8.729208389373,
    19.446966633249));
#1780 = CARTESIAN_POINT('',(221.85352271518,8.121910816452,
    19.701716920464));
#1781 = CARTESIAN_POINT('',(223.44242562546,6.888628519538,
    20.166111105615));
#1782 = CARTESIAN_POINT('',(224.23788570228,6.262566736086,
    20.375654286851));
#1783 = CARTESIAN_POINT('',(225.03361986552,5.630851311438,
    20.561122157267));
#1784 = CARTESIAN_POINT('',(225.82996774924,4.996625449897,
    20.721954355037));
#1785 = CARTESIAN_POINT('',(226.62727043523,4.362972497894,
    20.858193262014));
#1786 = CARTESIAN_POINT('',(228.21739115038,3.108037300855,
    21.081573591623));
#1787 = CARTESIAN_POINT('',(229.01021525523,2.486673676903,
    21.169136774878));
#1788 = CARTESIAN_POINT('',(229.80459797682,1.871429658069,
    21.23358355497));
#1789 = CARTESIAN_POINT('',(230.60089494201,1.264785808158,
    21.275921284417));
#1790 = CARTESIAN_POINT('',(231.39944021995,0.668819264111,
    21.297495109811));
#1791 = CARTESIAN_POINT('',(232.20053286022,8.519977280018E-02,
    21.299829600227));
#1792 = PCURVE('',#1512,#1793);
#1793 = DEFINITIONAL_REPRESENTATION('',(#1794),#1817);
#1794 = B_SPLINE_CURVE_WITH_KNOTS('',6,(#1795,#1796,#1797,#1798,#1799,
    #1800,#1801,#1802,#1803,#1804,#1805,#1806,#1807,#1808,#1809,#1810,
    #1811,#1812,#1813,#1814,#1815,#1816),.UNSPECIFIED.,.F.,.F.,(7,5,5,5,
    7),(0.,0.249275464224,0.499831908011,0.751010976838,1.),
  .UNSPECIFIED.);
#1795 = CARTESIAN_POINT('',(0.854743690422,166.09998853368));
#1796 = CARTESIAN_POINT('',(0.882181470908,166.90197620866));
#1797 = CARTESIAN_POINT('',(0.910203539096,167.70141331803));
#1798 = CARTESIAN_POINT('',(0.938768604519,168.49860000081));
#1799 = CARTESIAN_POINT('',(0.967824025571,169.29387159656));
#1800 = CARTESIAN_POINT('',(0.997305096044,170.08758503567));
#1801 = CARTESIAN_POINT('',(1.057119440869,171.67659683954));
#1802 = CARTESIAN_POINT('',(1.08745736337,172.47191020357));
#1803 = CARTESIAN_POINT('',(1.11807067702,173.26627695447));
#1804 = CARTESIAN_POINT('',(1.148872551983,174.06003549043));
#1805 = CARTESIAN_POINT('',(1.179769879915,174.85352271518));
#1806 = CARTESIAN_POINT('',(1.241639321279,176.44242562546));
#1807 = CARTESIAN_POINT('',(1.272613161062,177.23788570228));
#1808 = CARTESIAN_POINT('',(1.303490554488,178.03361986552));
#1809 = CARTESIAN_POINT('',(1.334177714098,178.82996774924));
#1810 = CARTESIAN_POINT('',(1.364587216076,179.62727043523));
#1811 = CARTESIAN_POINT('',(1.424430463901,181.21739115038));
#1812 = CARTESIAN_POINT('',(1.453871444158,182.01021525523));
#1813 = CARTESIAN_POINT('',(1.482886968425,182.80459797682));
#1814 = CARTESIAN_POINT('',(1.51141265447,183.60089494201));
#1815 = CARTESIAN_POINT('',(1.539396131476,184.39944021995));
#1816 = CARTESIAN_POINT('',(1.566796326795,185.20053286022));
#1817 = ( GEOMETRIC_REPRESENTATION_CONTEXT(2) 
PARAMETRIC_REPRESENTATION_CONTEXT() REPRESENTATION_CONTEXT('2D SPACE',''
  ) );
#1818 = PCURVE('',#294,#1819);
#1819 = DEFINITIONAL_REPRESENTATION('',(#1820),#1843);
#1820 = B_SPLINE_CURVE_WITH_KNOTS('',6,(#1821,#1822,#1823,#1824,#1825,
    #1826,#1827,#1828,#1829,#1830,#1831,#1832,#1833,#1834,#1835,#1836,
    #1837,#1838,#1839,#1840,#1841,#1842),.UNSPECIFIED.,.F.,.F.,(7,5,5,5,
    7),(0.,0.249275464224,0.499831908011,0.751010976838,1.),
  .UNSPECIFIED.);
#1821 = CARTESIAN_POINT('',(7.197293365477,5.226716467459E-04));
#1822 = CARTESIAN_POINT('',(6.980047671675,4.248841278278E-02));
#1823 = CARTESIAN_POINT('',(6.77742064601,8.432069005182E-02));
#1824 = CARTESIAN_POINT('',(6.591569808974,0.126035208879));
#1825 = CARTESIAN_POINT('',(6.424625965084,0.16764951663));
#1826 = CARTESIAN_POINT('',(6.278532451339,0.209182290463));
#1827 = CARTESIAN_POINT('',(6.030533616077,0.292330772795));
#1828 = CARTESIAN_POINT('',(5.928855076952,0.333947266162));
#1829 = CARTESIAN_POINT('',(5.851409686011,0.375514225949));
#1830 = CARTESIAN_POINT('',(5.799386436044,0.417049359572));
#1831 = CARTESIAN_POINT('',(5.773400337302,0.458570296249));
#1832 = CARTESIAN_POINT('',(5.773494610734,0.541713080487));
#1833 = CARTESIAN_POINT('',(5.79970452823,0.583337250919));
#1834 = CARTESIAN_POINT('',(5.852079866827,0.624975763516));
#1835 = CARTESIAN_POINT('',(5.929998102572,0.666646390366));
#1836 = CARTESIAN_POINT('',(6.032257380115,0.708366979312));
#1837 = CARTESIAN_POINT('',(6.281147773828,0.791573487826));
#1838 = CARTESIAN_POINT('',(6.427388364155,0.833059725319));
#1839 = CARTESIAN_POINT('',(6.594409403566,0.874627520806));
#1840 = CARTESIAN_POINT('',(6.780272195002,0.916295483234));
#1841 = CARTESIAN_POINT('',(6.982852467252,0.958081093493));
#1842 = CARTESIAN_POINT('',(7.2,1.));
#1843 = ( GEOMETRIC_REPRESENTATION_CONTEXT(2) 
PARAMETRIC_REPRESENTATION_CONTEXT() REPRESENTATION_CONTEXT('2D SPACE',''
  ) );
#1844 = ORIENTED_EDGE('',*,*,#1845,.F.);
#1845 = EDGE_CURVE('',#1846,#1766,#1848,.T.);
#1846 = VERTEX_POINT('',#1847);
#1847 = CARTESIAN_POINT('',(213.1,13.987062966584,16.063999177316));
#1848 = SURFACE_CURVE('',#1849,(#1854,#1861),.PCURVE_S1.);
#1849 = CIRCLE('',#1850,21.3);
#1850 = AXIS2_PLACEMENT_3D('',#1851,#1852,#1853);
#1851 = CARTESIAN_POINT('',(213.1,0.,0.));
#1852 = DIRECTION('',(1.,0.,0.));
#1853 = DIRECTION('',(-0.,1.,0.));
#1854 = PCURVE('',#1512,#1855);
#1855 = DEFINITIONAL_REPRESENTATION('',(#1856),#1860);
#1856 = LINE('',#1857,#1858);
#1857 = CARTESIAN_POINT('',(0.,166.1));
#1858 = VECTOR('',#1859,1.);
#1859 = DIRECTION('',(1.,0.));
#1860 = ( GEOMETRIC_REPRESENTATION_CONTEXT(2) 
PARAMETRIC_REPRESENTATION_CONTEXT() REPRESENTATION_CONTEXT('2D SPACE',''
  ) );
#1861 = PCURVE('',#342,#1862);
#1862 = DEFINITIONAL_REPRESENTATION('',(#1863),#1871);
#1863 = ( BOUNDED_CURVE() B_SPLINE_CURVE(2,(#1864,#1865,#1866,#1867,
#1868,#1869,#1870),.UNSPECIFIED.,.T.,.F.) B_SPLINE_CURVE_WITH_KNOTS((1,2
    ,2,2,2,1),(-2.094395102393,0.,2.094395102393,4.188790204786,
6.28318530718,8.377580409573),.UNSPECIFIED.) CURVE() 
GEOMETRIC_REPRESENTATION_ITEM() RATIONAL_B_SPLINE_CURVE((1.,0.5,1.,0.5,
1.,0.5,1.)) REPRESENTATION_ITEM('') );
#1864 = CARTESIAN_POINT('',(-13.98706296658,16.063999177316));
#1865 = CARTESIAN_POINT('',(13.836599781272,40.290302884105));
#1866 = CARTESIAN_POINT('',(20.90536285722,4.081152264736));
#1867 = CARTESIAN_POINT('',(27.974125933168,-32.12799835463));
#1868 = CARTESIAN_POINT('',(-6.918299890636,-20.14515144205));
#1869 = CARTESIAN_POINT('',(-41.81072571444,-8.162304529473));
#1870 = CARTESIAN_POINT('',(-13.98706296658,16.063999177316));
#1871 = ( GEOMETRIC_REPRESENTATION_CONTEXT(2) 
PARAMETRIC_REPRESENTATION_CONTEXT() REPRESENTATION_CONTEXT('2D SPACE',''
  ) );
#1872 = ORIENTED_EDGE('',*,*,#1873,.T.);
#1873 = EDGE_CURVE('',#1846,#1577,#1874,.T.);
#1874 = SURFACE_CURVE('',#1875,(#1879,#1886),.PCURVE_S1.);
#1875 = LINE('',#1876,#1877);
#1876 = CARTESIAN_POINT('',(213.1,13.987062966584,16.063999177316));
#1877 = VECTOR('',#1878,1.);
#1878 = DIRECTION('',(-1.,0.,0.));
#1879 = PCURVE('',#1512,#1880);
#1880 = DEFINITIONAL_REPRESENTATION('',(#1881),#1885);
#1881 = LINE('',#1882,#1883);
#1882 = CARTESIAN_POINT('',(0.854402003901,166.1));
#1883 = VECTOR('',#1884,1.);
#1884 = DIRECTION('',(-0.,-1.));
#1885 = ( GEOMETRIC_REPRESENTATION_CONTEXT(2) 
PARAMETRIC_REPRESENTATION_CONTEXT() REPRESENTATION_CONTEXT('2D SPACE',''
  ) );
#1886 = PCURVE('',#372,#1887);
#1887 = DEFINITIONAL_REPRESENTATION('',(#1888),#1892);
#1888 = LINE('',#1889,#1890);
#1889 = CARTESIAN_POINT('',(7.2,0.));
#1890 = VECTOR('',#1891,1.);
#1891 = DIRECTION('',(-0.,-1.));
#1892 = ( GEOMETRIC_REPRESENTATION_CONTEXT(2) 
PARAMETRIC_REPRESENTATION_CONTEXT() REPRESENTATION_CONTEXT('2D SPACE',''
  ) );
#1893 = FACE_BOUND('',#1894,.F.);
#1894 = EDGE_LOOP('',(#1895));
#1895 = ORIENTED_EDGE('',*,*,#1896,.F.);
#1896 = EDGE_CURVE('',#1897,#1897,#1899,.T.);
#1897 = VERTEX_POINT('',#1898);
#1898 = CARTESIAN_POINT('',(69.1,-2.694222958124E-16,21.3));
#1899 = SURFACE_CURVE('',#1900,(#1952,#2007),.PCURVE_S1.);
#1900 = B_SPLINE_CURVE_WITH_KNOTS('',8,(#1901,#1902,#1903,#1904,#1905,
    #1906,#1907,#1908,#1909,#1910,#1911,#1912,#1913,#1914,#1915,#1916,
    #1917,#1918,#1919,#1920,#1921,#1922,#1923,#1924,#1925,#1926,#1927,
    #1928,#1929,#1930,#1931,#1932,#1933,#1934,#1935,#1936,#1937,#1938,
    #1939,#1940,#1941,#1942,#1943,#1944,#1945,#1946,#1947,#1948,#1949,
    #1950,#1951),.UNSPECIFIED.,.T.,.F.,(9,7,7,7,7,7,7,9),(0.,
    0.135829277238,0.249655510924,0.398777435892,0.534731576056,
    0.748860433595,0.903350357609,1.),.UNSPECIFIED.);
#1901 = CARTESIAN_POINT('',(69.1,4.440892098501E-16,21.3));
#1902 = CARTESIAN_POINT('',(69.1,0.134408377432,21.3));
#1903 = CARTESIAN_POINT('',(69.081230647749,0.266503790346,
    21.299030663528));
#1904 = CARTESIAN_POINT('',(69.044821748608,0.393262508979,
    21.297150509079));
#1905 = CARTESIAN_POINT('',(68.992449335582,0.511976172671,
    21.294537977618));
#1906 = CARTESIAN_POINT('',(68.926306028609,0.620345936996,
    21.291464077505));
#1907 = CARTESIAN_POINT('',(68.849068370127,0.716596828553,
    21.288229812062));
#1908 = CARTESIAN_POINT('',(68.763858528265,0.799622491964,
    21.28509922141));
#1909 = CARTESIAN_POINT('',(68.599061176683,0.927452421061,
    21.279878628718));
#1910 = CARTESIAN_POINT('',(68.519691395968,0.977128715883,
    21.277667094588));
#1911 = CARTESIAN_POINT('',(68.437047001246,1.018298563494,
    21.275714724088));
#1912 = CARTESIAN_POINT('',(68.351940996698,1.051074624147,
    21.274089811098));
#1913 = CARTESIAN_POINT('',(68.265076759768,1.075564841636,
    21.272840826004));
#1914 = CARTESIAN_POINT('',(68.177081171385,1.091856135971,
    21.271998446531));
#1915 = CARTESIAN_POINT('',(68.088534922934,1.1,21.271577280493));
#1916 = CARTESIAN_POINT('',(67.884011816017,1.1,21.271577280493));
#1917 = CARTESIAN_POINT('',(67.76792798813,1.086022798519,
    21.272300046022));
#1918 = CARTESIAN_POINT('',(67.653023388152,1.058026803765,
    21.273747884798));
#1919 = CARTESIAN_POINT('',(67.540663531074,1.015840590244,
    21.275877692523));
#1920 = CARTESIAN_POINT('',(67.432396722756,0.959234706898,
    21.278597946371));
#1921 = CARTESIAN_POINT('',(67.330038910016,0.887979096415,
    21.281757545659));
#1922 = CARTESIAN_POINT('',(67.23579187716,0.801927020846,21.2851374619)
  );
#1923 = CARTESIAN_POINT('',(67.076439540977,0.609303135849,
    21.291481810819));
#1924 = CARTESIAN_POINT('',(67.008073652465,0.50349581136,
    21.294513018172));
#1925 = CARTESIAN_POINT('',(66.951980455161,0.385349133751,
    21.297257361201));
#1926 = CARTESIAN_POINT('',(66.911639099193,0.257642099596,
    21.299373131656));
#1927 = CARTESIAN_POINT('',(66.889328562002,0.123927526578,
    21.300573723211));
#1928 = CARTESIAN_POINT('',(66.886091156883,-1.181754390677E-02,
    21.300725421773));
#1929 = CARTESIAN_POINT('',(66.901690533998,-0.1455465115,
    21.299887466413));
#1930 = CARTESIAN_POINT('',(66.986325867794,-0.475179373078,
    21.295653596323));
#1931 = CARTESIAN_POINT('',(67.078637756875,-0.653689987358,
    21.291178989898));
#1932 = CARTESIAN_POINT('',(67.200554307762,-0.803887441467,
    21.285761307911));
#1933 = CARTESIAN_POINT('',(67.34366900092,-0.923865248729,
    21.280470409432));
#1934 = CARTESIAN_POINT('',(67.500845357003,-1.012925280752,
    21.276079560578));
#1935 = CARTESIAN_POINT('',(67.666027866983,-1.071357853959,
    21.273058542904));
#1936 = CARTESIAN_POINT('',(67.833962908685,-1.1,21.271577280493));
#1937 = CARTESIAN_POINT('',(68.119792623542,-1.1,21.271577280493));
#1938 = CARTESIAN_POINT('',(68.23970949758,-1.085090887511,
    21.272348227378));
#1939 = CARTESIAN_POINT('',(68.35833925751,-1.055216986575,
    21.273893215733));
#1940 = CARTESIAN_POINT('',(68.474162129874,-1.010180098408,
    21.276163270509));
#1941 = CARTESIAN_POINT('',(68.585444873732,-0.949726100657,
    21.279053799274));
#1942 = CARTESIAN_POINT('',(68.690145020739,-0.873612723741,
    21.282390978481));
#1943 = CARTESIAN_POINT('',(68.785774222481,-0.781711609705,
    21.28592252593));
#1944 = CARTESIAN_POINT('',(68.92134363601,-0.606936574916,
    21.291457362004));
#1945 = CARTESIAN_POINT('',(68.969004024772,-0.53321029746,
    21.293548914174));
#1946 = CARTESIAN_POINT('',(69.010801587864,-0.453575160606,
    21.295503279282));
#1947 = CARTESIAN_POINT('',(69.045598804569,-0.368824332922,
    21.297212893456));
#1948 = CARTESIAN_POINT('',(69.072480255254,-0.279935991353,
    21.2985786061));
#1949 = CARTESIAN_POINT('',(69.090761884844,-0.188024526144,
    21.299523036677));
#1950 = CARTESIAN_POINT('',(69.1,-9.429487693442E-02,21.3));
#1951 = CARTESIAN_POINT('',(69.1,4.440892098501E-16,21.3));
#1952 = PCURVE('',#1512,#1953);
#1953 = DEFINITIONAL_REPRESENTATION('',(#1954),#2006);
#1954 = B_SPLINE_CURVE_WITH_KNOTS('',8,(#1955,#1956,#1957,#1958,#1959,
    #1960,#1961,#1962,#1963,#1964,#1965,#1966,#1967,#1968,#1969,#1970,
    #1971,#1972,#1973,#1974,#1975,#1976,#1977,#1978,#1979,#1980,#1981,
    #1982,#1983,#1984,#1985,#1986,#1987,#1988,#1989,#1990,#1991,#1992,
    #1993,#1994,#1995,#1996,#1997,#1998,#1999,#2000,#2001,#2002,#2003,
    #2004,#2005),.UNSPECIFIED.,.T.,.F.,(9,7,7,7,7,7,7,9),(0.,
    0.135829277238,0.249655510924,0.398777435892,0.534731576056,
    0.748860433595,0.903350357609,1.),.UNSPECIFIED.);
#1955 = CARTESIAN_POINT('',(1.570796326795,22.1));
#1956 = CARTESIAN_POINT('',(1.564486074333,22.1));
#1957 = CARTESIAN_POINT('',(1.558284410974,22.081230647749));
#1958 = CARTESIAN_POINT('',(1.552332917896,22.044821748608));
#1959 = CARTESIAN_POINT('',(1.546758406751,21.992449335582));
#1960 = CARTESIAN_POINT('',(1.541668731575,21.926306028609));
#1961 = CARTESIAN_POINT('',(1.537147422136,21.849068370127));
#1962 = CARTESIAN_POINT('',(1.533246753462,21.763858528265));
#1963 = CARTESIAN_POINT('',(1.527240345502,21.599061176683));
#1964 = CARTESIAN_POINT('',(1.524905830745,21.519691395968));
#1965 = CARTESIAN_POINT('',(1.522970812533,21.437047001246));
#1966 = CARTESIAN_POINT('',(1.521430143859,21.351940996698));
#1967 = CARTESIAN_POINT('',(1.520278874328,21.265076759768));
#1968 = CARTESIAN_POINT('',(1.51951300318,21.177081171385));
#1969 = CARTESIAN_POINT('',(1.519130151147,21.088534922934));
#1970 = CARTESIAN_POINT('',(1.519130151147,20.884011816017));
#1971 = CARTESIAN_POINT('',(1.51978723465,20.76792798813));
#1972 = CARTESIAN_POINT('',(1.521103356665,20.653023388152));
#1973 = CARTESIAN_POINT('',(1.523086451626,20.540663531074));
#1974 = CARTESIAN_POINT('',(1.525747053989,20.432396722756));
#1975 = CARTESIAN_POINT('',(1.529095620072,20.330038910016));
#1976 = CARTESIAN_POINT('',(1.533138657516,20.23579187716));
#1977 = CARTESIAN_POINT('',(1.542186936243,20.076439540977));
#1978 = CARTESIAN_POINT('',(1.547156407172,20.008073652465));
#1979 = CARTESIAN_POINT('',(1.552704563843,19.951980455161));
#1980 = CARTESIAN_POINT('',(1.558700729998,19.911639099193));
#1981 = CARTESIAN_POINT('',(1.564978293888,19.889328562002));
#1982 = CARTESIAN_POINT('',(1.571351009415,19.886091156883));
#1983 = CARTESIAN_POINT('',(1.577629353724,19.901690533998));
#1984 = CARTESIAN_POINT('',(1.593106351414,19.986325867794));
#1985 = CARTESIAN_POINT('',(1.601489137426,20.078637756875));
#1986 = CARTESIAN_POINT('',(1.608544643951,20.200554307762));
#1987 = CARTESIAN_POINT('',(1.614182748978,20.34366900092));
#1988 = CARTESIAN_POINT('',(1.618369022043,20.500845357003));
#1989 = CARTESIAN_POINT('',(1.621116004624,20.666027866983));
#1990 = CARTESIAN_POINT('',(1.622462502443,20.833962908685));
#1991 = CARTESIAN_POINT('',(1.622462502443,21.119792623542));
#1992 = CARTESIAN_POINT('',(1.621761608755,21.23970949758));
#1993 = CARTESIAN_POINT('',(1.620357204455,21.35833925751));
#1994 = CARTESIAN_POINT('',(1.618240113225,21.474162129874));
#1995 = CARTESIAN_POINT('',(1.615398676556,21.585444873732));
#1996 = CARTESIAN_POINT('',(1.6118219127,21.690145020739));
#1997 = CARTESIAN_POINT('',(1.607504220523,21.785774222481));
#1998 = CARTESIAN_POINT('',(1.599294706327,21.92134363601));
#1999 = CARTESIAN_POINT('',(1.595832004764,21.969004024772));
#2000 = CARTESIAN_POINT('',(1.592092187418,22.010801587864));
#2001 = CARTESIAN_POINT('',(1.588112545751,22.045598804569));
#2002 = CARTESIAN_POINT('',(1.583938993308,22.072480255254));
#2003 = CARTESIAN_POINT('',(1.579623769557,22.090761884844));
#2004 = CARTESIAN_POINT('',(1.575223316322,22.1));
#2005 = CARTESIAN_POINT('',(1.570796326795,22.1));
#2006 = ( GEOMETRIC_REPRESENTATION_CONTEXT(2) 
PARAMETRIC_REPRESENTATION_CONTEXT() REPRESENTATION_CONTEXT('2D SPACE',''
  ) );
#2007 = PCURVE('',#2008,#2013);
#2008 = CYLINDRICAL_SURFACE('',#2009,1.1);
#2009 = AXIS2_PLACEMENT_3D('',#2010,#2011,#2012);
#2010 = CARTESIAN_POINT('',(68.,0.,20.8));
#2011 = DIRECTION('',(0.,0.,1.));
#2012 = DIRECTION('',(1.,0.,-0.));
#2013 = DEFINITIONAL_REPRESENTATION('',(#2014),#2066);
#2014 = B_SPLINE_CURVE_WITH_KNOTS('',8,(#2015,#2016,#2017,#2018,#2019,
    #2020,#2021,#2022,#2023,#2024,#2025,#2026,#2027,#2028,#2029,#2030,
    #2031,#2032,#2033,#2034,#2035,#2036,#2037,#2038,#2039,#2040,#2041,
    #2042,#2043,#2044,#2045,#2046,#2047,#2048,#2049,#2050,#2051,#2052,
    #2053,#2054,#2055,#2056,#2057,#2058,#2059,#2060,#2061,#2062,#2063,
    #2064,#2065),.UNSPECIFIED.,.F.,.F.,(9,7,7,7,7,7,7,9),(0.,
    0.135829277238,0.249655510924,0.398777435892,0.534731576056,
    0.748860433595,0.903350357609,1.),.UNSPECIFIED.);
#2015 = CARTESIAN_POINT('',(0.,0.5));
#2016 = CARTESIAN_POINT('',(0.122189434029,0.5));
#2017 = CARTESIAN_POINT('',(0.242276161719,0.499030663528));
#2018 = CARTESIAN_POINT('',(0.360291231519,0.497150509079));
#2019 = CARTESIAN_POINT('',(0.476151092148,0.494537977618));
#2020 = CARTESIAN_POINT('',(0.58965205402,0.491464077505));
#2021 = CARTESIAN_POINT('',(0.700436067976,0.488229812062));
#2022 = CARTESIAN_POINT('',(0.807905161114,0.48509922141));
#2023 = CARTESIAN_POINT('',(0.997508178014,0.479878628718));
#2024 = CARTESIAN_POINT('',(1.082200885572,0.477667094588));
#2025 = CARTESIAN_POINT('',(1.165488500074,0.475714724088));
#2026 = CARTESIAN_POINT('',(1.247671173653,0.474089811098));
#2027 = CARTESIAN_POINT('',(1.329023699854,0.472840826004));
#2028 = CARTESIAN_POINT('',(1.409812990636,0.471998446531));
#2029 = CARTESIAN_POINT('',(1.490310033218,0.471577280493));
#2030 = CARTESIAN_POINT('',(1.676240130416,0.471577280493));
#2031 = CARTESIAN_POINT('',(1.781770604407,0.472300046022));
#2032 = CARTESIAN_POINT('',(1.888016766206,0.473747884798));
#2033 = CARTESIAN_POINT('',(1.995532848779,0.475877692523));
#2034 = CARTESIAN_POINT('',(2.104884040062,0.478597946371));
#2035 = CARTESIAN_POINT('',(2.216668895159,0.481757545659));
#2036 = CARTESIAN_POINT('',(2.33155972558,0.4851374619));
#2037 = CARTESIAN_POINT('',(2.558827231189,0.491481810819));
#2038 = CARTESIAN_POINT('',(2.672558516793,0.494513018172));
#2039 = CARTESIAN_POINT('',(2.789759247706,0.497257361201));
#2040 = CARTESIAN_POINT('',(2.909220141935,0.499373131656));
#2041 = CARTESIAN_POINT('',(3.030051453274,0.500573723211));
#2042 = CARTESIAN_POINT('',(3.151491789717,0.500725421773));
#2043 = CARTESIAN_POINT('',(3.27277046863,0.499887466413));
#2044 = CARTESIAN_POINT('',(3.582156641985,0.495653596323));
#2045 = CARTESIAN_POINT('',(3.760212589684,0.491178989898));
#2046 = CARTESIAN_POINT('',(3.930342335172,0.485761307911));
#2047 = CARTESIAN_POINT('',(4.09424509268,0.480470409432));
#2048 = CARTESIAN_POINT('',(4.253377839394,0.476079560578));
#2049 = CARTESIAN_POINT('',(4.408776564207,0.473058542904));
#2050 = CARTESIAN_POINT('',(4.561446170098,0.471577280493));
#2051 = CARTESIAN_POINT('',(4.821291365423,0.471577280493));
#2052 = CARTESIAN_POINT('',(4.930306334581,0.472348227378));
#2053 = CARTESIAN_POINT('',(5.04012094452,0.473893215733));
#2054 = CARTESIAN_POINT('',(5.151334514639,0.476163270509));
#2055 = CARTESIAN_POINT('',(5.26456153708,0.479053799274));
#2056 = CARTESIAN_POINT('',(5.380455245166,0.482390978481));
#2057 = CARTESIAN_POINT('',(5.499753774377,0.48592252593));
#2058 = CARTESIAN_POINT('',(5.700836337639,0.491457362004));
#2059 = CARTESIAN_POINT('',(5.780351164841,0.493548914174));
#2060 = CARTESIAN_POINT('',(5.861550725624,0.495503279282));
#2061 = CARTESIAN_POINT('',(5.944099442549,0.497212893456));
#2062 = CARTESIAN_POINT('',(6.027737732644,0.4985786061));
#2063 = CARTESIAN_POINT('',(6.112254148119,0.499523036677));
#2064 = CARTESIAN_POINT('',(6.197462691785,0.5));
#2065 = CARTESIAN_POINT('',(6.28318530718,0.5));
#2066 = ( GEOMETRIC_REPRESENTATION_CONTEXT(2) 
PARAMETRIC_REPRESENTATION_CONTEXT() REPRESENTATION_CONTEXT('2D SPACE',''
  ) );
#2067 = FACE_BOUND('',#2068,.F.);
#2068 = EDGE_LOOP('',(#2069));
#2069 = ORIENTED_EDGE('',*,*,#1402,.F.);
#2070 = ADVANCED_FACE('',(#2071),#2008,.F.);
#2071 = FACE_BOUND('',#2072,.F.);
#2072 = EDGE_LOOP('',(#2073,#2097,#2118,#2119));
#2073 = ORIENTED_EDGE('',*,*,#2074,.F.);
#2074 = EDGE_CURVE('',#2075,#2075,#2077,.T.);
#2075 = VERTEX_POINT('',#2076);
#2076 = CARTESIAN_POINT('',(69.1,-2.694222958124E-16,21.65));
#2077 = SURFACE_CURVE('',#2078,(#2083,#2090),.PCURVE_S1.);
#2078 = CIRCLE('',#2079,1.1);
#2079 = AXIS2_PLACEMENT_3D('',#2080,#2081,#2082);
#2080 = CARTESIAN_POINT('',(68.,0.,21.65));
#2081 = DIRECTION('',(0.,0.,1.));
#2082 = DIRECTION('',(1.,0.,-0.));
#2083 = PCURVE('',#2008,#2084);
#2084 = DEFINITIONAL_REPRESENTATION('',(#2085),#2089);
#2085 = LINE('',#2086,#2087);
#2086 = CARTESIAN_POINT('',(0.,0.85));
#2087 = VECTOR('',#2088,1.);
#2088 = DIRECTION('',(1.,0.));
#2089 = ( GEOMETRIC_REPRESENTATION_CONTEXT(2) 
PARAMETRIC_REPRESENTATION_CONTEXT() REPRESENTATION_CONTEXT('2D SPACE',''
  ) );
#2090 = PCURVE('',#712,#2091);
#2091 = DEFINITIONAL_REPRESENTATION('',(#2092),#2096);
#2092 = LINE('',#2093,#2094);
#2093 = CARTESIAN_POINT('',(0.,0.));
#2094 = VECTOR('',#2095,1.);
#2095 = DIRECTION('',(1.,0.));
#2096 = ( GEOMETRIC_REPRESENTATION_CONTEXT(2) 
PARAMETRIC_REPRESENTATION_CONTEXT() REPRESENTATION_CONTEXT('2D SPACE',''
  ) );
#2097 = ORIENTED_EDGE('',*,*,#2098,.F.);
#2098 = EDGE_CURVE('',#1897,#2075,#2099,.T.);
#2099 = SEAM_CURVE('',#2100,(#2104,#2111),.PCURVE_S1.);
#2100 = LINE('',#2101,#2102);
#2101 = CARTESIAN_POINT('',(69.1,-2.694222958124E-16,20.8));
#2102 = VECTOR('',#2103,1.);
#2103 = DIRECTION('',(0.,0.,1.));
#2104 = PCURVE('',#2008,#2105);
#2105 = DEFINITIONAL_REPRESENTATION('',(#2106),#2110);
#2106 = LINE('',#2107,#2108);
#2107 = CARTESIAN_POINT('',(6.28318530718,-0.));
#2108 = VECTOR('',#2109,1.);
#2109 = DIRECTION('',(0.,1.));
#2110 = ( GEOMETRIC_REPRESENTATION_CONTEXT(2) 
PARAMETRIC_REPRESENTATION_CONTEXT() REPRESENTATION_CONTEXT('2D SPACE',''
  ) );
#2111 = PCURVE('',#2008,#2112);
#2112 = DEFINITIONAL_REPRESENTATION('',(#2113),#2117);
#2113 = LINE('',#2114,#2115);
#2114 = CARTESIAN_POINT('',(0.,-0.));
#2115 = VECTOR('',#2116,1.);
#2116 = DIRECTION('',(0.,1.));
#2117 = ( GEOMETRIC_REPRESENTATION_CONTEXT(2) 
PARAMETRIC_REPRESENTATION_CONTEXT() REPRESENTATION_CONTEXT('2D SPACE',''
  ) );
#2118 = ORIENTED_EDGE('',*,*,#1896,.T.);
#2119 = ORIENTED_EDGE('',*,*,#2098,.T.);
#2120 = ADVANCED_FACE('',(#2121),#712,.F.);
#2121 = FACE_BOUND('',#2122,.F.);
#2122 = EDGE_LOOP('',(#2123,#2124,#2145,#2146));
#2123 = ORIENTED_EDGE('',*,*,#386,.F.);
#2124 = ORIENTED_EDGE('',*,*,#2125,.F.);
#2125 = EDGE_CURVE('',#2075,#387,#2126,.T.);
#2126 = SEAM_CURVE('',#2127,(#2131,#2138),.PCURVE_S1.);
#2127 = LINE('',#2128,#2129);
#2128 = CARTESIAN_POINT('',(69.1,-2.694222958124E-16,21.65));
#2129 = VECTOR('',#2130,1.);
#2130 = DIRECTION('',(0.707106781187,-1.731912112471E-16,0.707106781187)
  );
#2131 = PCURVE('',#712,#2132);
#2132 = DEFINITIONAL_REPRESENTATION('',(#2133),#2137);
#2133 = LINE('',#2134,#2135);
#2134 = CARTESIAN_POINT('',(6.28318530718,-0.));
#2135 = VECTOR('',#2136,1.);
#2136 = DIRECTION('',(0.,1.));
#2137 = ( GEOMETRIC_REPRESENTATION_CONTEXT(2) 
PARAMETRIC_REPRESENTATION_CONTEXT() REPRESENTATION_CONTEXT('2D SPACE',''
  ) );
#2138 = PCURVE('',#712,#2139);
#2139 = DEFINITIONAL_REPRESENTATION('',(#2140),#2144);
#2140 = LINE('',#2141,#2142);
#2141 = CARTESIAN_POINT('',(0.,-0.));
#2142 = VECTOR('',#2143,1.);
#2143 = DIRECTION('',(0.,1.));
#2144 = ( GEOMETRIC_REPRESENTATION_CONTEXT(2) 
PARAMETRIC_REPRESENTATION_CONTEXT() REPRESENTATION_CONTEXT('2D SPACE',''
  ) );
#2145 = ORIENTED_EDGE('',*,*,#2074,.T.);
#2146 = ORIENTED_EDGE('',*,*,#2125,.T.);
#2147 = ADVANCED_FACE('',(#2148),#372,.F.);
#2148 = FACE_BOUND('',#2149,.F.);
#2149 = EDGE_LOOP('',(#2150,#2171,#2172,#2193));
#2150 = ORIENTED_EDGE('',*,*,#2151,.T.);
#2151 = EDGE_CURVE('',#22,#1577,#2152,.T.);
#2152 = SURFACE_CURVE('',#2153,(#2157,#2164),.PCURVE_S1.);
#2153 = LINE('',#2154,#2155);
#2154 = CARTESIAN_POINT('',(62.3,18.715084251063,21.494083406268));
#2155 = VECTOR('',#2156,1.);
#2156 = DIRECTION('',(0.,-0.656669622844,-0.754178365132));
#2157 = PCURVE('',#372,#2158);
#2158 = DEFINITIONAL_REPRESENTATION('',(#2159),#2163);
#2159 = LINE('',#2160,#2161);
#2160 = CARTESIAN_POINT('',(-0.,-150.8));
#2161 = VECTOR('',#2162,1.);
#2162 = DIRECTION('',(1.,0.));
#2163 = ( GEOMETRIC_REPRESENTATION_CONTEXT(2) 
PARAMETRIC_REPRESENTATION_CONTEXT() REPRESENTATION_CONTEXT('2D SPACE',''
  ) );
#2164 = PCURVE('',#45,#2165);
#2165 = DEFINITIONAL_REPRESENTATION('',(#2166),#2170);
#2166 = LINE('',#2167,#2168);
#2167 = CARTESIAN_POINT('',(3.920745366709,28.229023287557));
#2168 = VECTOR('',#2169,1.);
#2169 = DIRECTION('',(-0.137570012867,-0.990492045177));
#2170 = ( GEOMETRIC_REPRESENTATION_CONTEXT(2) 
PARAMETRIC_REPRESENTATION_CONTEXT() REPRESENTATION_CONTEXT('2D SPACE',''
  ) );
#2171 = ORIENTED_EDGE('',*,*,#1873,.F.);
#2172 = ORIENTED_EDGE('',*,*,#2173,.F.);
#2173 = EDGE_CURVE('',#326,#1846,#2174,.T.);
#2174 = SURFACE_CURVE('',#2175,(#2179,#2186),.PCURVE_S1.);
#2175 = LINE('',#2176,#2177);
#2176 = CARTESIAN_POINT('',(213.1,18.715084251063,21.494083406268));
#2177 = VECTOR('',#2178,1.);
#2178 = DIRECTION('',(0.,-0.656669622844,-0.754178365132));
#2179 = PCURVE('',#372,#2180);
#2180 = DEFINITIONAL_REPRESENTATION('',(#2181),#2185);
#2181 = LINE('',#2182,#2183);
#2182 = CARTESIAN_POINT('',(0.,0.));
#2183 = VECTOR('',#2184,1.);
#2184 = DIRECTION('',(1.,0.));
#2185 = ( GEOMETRIC_REPRESENTATION_CONTEXT(2) 
PARAMETRIC_REPRESENTATION_CONTEXT() REPRESENTATION_CONTEXT('2D SPACE',''
  ) );
#2186 = PCURVE('',#342,#2187);
#2187 = DEFINITIONAL_REPRESENTATION('',(#2188),#2192);
#2188 = LINE('',#2189,#2190);
#2189 = CARTESIAN_POINT('',(3.920745366709,28.229023287557));
#2190 = VECTOR('',#2191,1.);
#2191 = DIRECTION('',(-0.137570012867,-0.990492045177));
#2192 = ( GEOMETRIC_REPRESENTATION_CONTEXT(2) 
PARAMETRIC_REPRESENTATION_CONTEXT() REPRESENTATION_CONTEXT('2D SPACE',''
  ) );
#2193 = ORIENTED_EDGE('',*,*,#358,.T.);
#2194 = ADVANCED_FACE('',(#2195),#342,.F.);
#2195 = FACE_BOUND('',#2196,.F.);
#2196 = EDGE_LOOP('',(#2197,#2198,#2199,#2200));
#2197 = ORIENTED_EDGE('',*,*,#325,.F.);
#2198 = ORIENTED_EDGE('',*,*,#2173,.T.);
#2199 = ORIENTED_EDGE('',*,*,#1845,.T.);
#2200 = ORIENTED_EDGE('',*,*,#2201,.T.);
#2201 = EDGE_CURVE('',#1766,#241,#2202,.T.);
#2202 = SURFACE_CURVE('',#2203,(#2206,#2212),.PCURVE_S1.);
#2203 = B_SPLINE_CURVE_WITH_KNOTS('',1,(#2204,#2205),.UNSPECIFIED.,.F.,
  .F.,(2,2),(0.,1.),.PIECEWISE_BEZIER_KNOTS.);
#2204 = CARTESIAN_POINT('',(213.1,0.,0.));
#2205 = CARTESIAN_POINT('',(213.1,18.705350830917,21.497749284475));
#2206 = PCURVE('',#342,#2207);
#2207 = DEFINITIONAL_REPRESENTATION('',(#2208),#2211);
#2208 = B_SPLINE_CURVE_WITH_KNOTS('',1,(#2209,#2210),.UNSPECIFIED.,.F.,
  .F.,(2,2),(0.,1.),.PIECEWISE_BEZIER_KNOTS.);
#2209 = CARTESIAN_POINT('',(0.,0.));
#2210 = CARTESIAN_POINT('',(3.929901734078,28.224089823523));
#2211 = ( GEOMETRIC_REPRESENTATION_CONTEXT(2) 
PARAMETRIC_REPRESENTATION_CONTEXT() REPRESENTATION_CONTEXT('2D SPACE',''
  ) );
#2212 = PCURVE('',#294,#2213);
#2213 = DEFINITIONAL_REPRESENTATION('',(#2214),#2217);
#2214 = B_SPLINE_CURVE_WITH_KNOTS('',1,(#2215,#2216),.UNSPECIFIED.,.F.,
  .F.,(2,2),(0.,1.),.PIECEWISE_BEZIER_KNOTS.);
#2215 = CARTESIAN_POINT('',(28.5,5.23271646746E-04));
#2216 = CARTESIAN_POINT('',(0.,5.232716467459E-04));
#2217 = ( GEOMETRIC_REPRESENTATION_CONTEXT(2) 
PARAMETRIC_REPRESENTATION_CONTEXT() REPRESENTATION_CONTEXT('2D SPACE',''
  ) );
#2218 = ADVANCED_FACE('',(#2219),#294,.F.);
#2219 = FACE_BOUND('',#2220,.F.);
#2220 = EDGE_LOOP('',(#2221,#2222,#2223,#2224));
#2221 = ORIENTED_EDGE('',*,*,#240,.F.);
#2222 = ORIENTED_EDGE('',*,*,#2201,.F.);
#2223 = ORIENTED_EDGE('',*,*,#1765,.T.);
#2224 = ORIENTED_EDGE('',*,*,#2225,.F.);
#2225 = EDGE_CURVE('',#208,#1738,#2226,.T.);
#2226 = SURFACE_CURVE('',#2227,(#2231,#2238),.PCURVE_S1.);
#2227 = LINE('',#2228,#2229);
#2228 = CARTESIAN_POINT('',(232.20053286022,0.113999696,28.499772000304)
  );
#2229 = VECTOR('',#2230,1.);
#2230 = DIRECTION('',(0.,-3.999989333342E-03,-0.999992000011));
#2231 = PCURVE('',#294,#2232);
#2232 = DEFINITIONAL_REPRESENTATION('',(#2233),#2237);
#2233 = LINE('',#2234,#2235);
#2234 = CARTESIAN_POINT('',(0.,1.));
#2235 = VECTOR('',#2236,1.);
#2236 = DIRECTION('',(1.,0.));
#2237 = ( GEOMETRIC_REPRESENTATION_CONTEXT(2) 
PARAMETRIC_REPRESENTATION_CONTEXT() REPRESENTATION_CONTEXT('2D SPACE',''
  ) );
#2238 = PCURVE('',#224,#2239);
#2239 = DEFINITIONAL_REPRESENTATION('',(#2240),#2244);
#2240 = LINE('',#2241,#2242);
#2241 = CARTESIAN_POINT('',(28.499301752851,0.199498370754));
#2242 = VECTOR('',#2243,1.);
#2243 = DIRECTION('',(-0.9999755001,-6.999942833473E-03));
#2244 = ( GEOMETRIC_REPRESENTATION_CONTEXT(2) 
PARAMETRIC_REPRESENTATION_CONTEXT() REPRESENTATION_CONTEXT('2D SPACE',''
  ) );
#2245 = ADVANCED_FACE('',(#2246),#224,.F.);
#2246 = FACE_BOUND('',#2247,.F.);
#2247 = EDGE_LOOP('',(#2248,#2249,#2270,#2271));
#2248 = ORIENTED_EDGE('',*,*,#1737,.T.);
#2249 = ORIENTED_EDGE('',*,*,#2250,.T.);
#2250 = EDGE_CURVE('',#1658,#123,#2251,.T.);
#2251 = SURFACE_CURVE('',#2252,(#2256,#2263),.PCURVE_S1.);
#2252 = LINE('',#2253,#2254);
#2253 = CARTESIAN_POINT('',(232.20053286022,0.,0.));
#2254 = VECTOR('',#2255,1.);
#2255 = DIRECTION('',(0.,-3.999989333342E-03,0.999992000011));
#2256 = PCURVE('',#224,#2257);
#2257 = DEFINITIONAL_REPRESENTATION('',(#2258),#2262);
#2258 = LINE('',#2259,#2260);
#2259 = CARTESIAN_POINT('',(0.,0.));
#2260 = VECTOR('',#2261,1.);
#2261 = DIRECTION('',(0.9999995,-9.999998333333E-04));
#2262 = ( GEOMETRIC_REPRESENTATION_CONTEXT(2) 
PARAMETRIC_REPRESENTATION_CONTEXT() REPRESENTATION_CONTEXT('2D SPACE',''
  ) );
#2263 = PCURVE('',#176,#2264);
#2264 = DEFINITIONAL_REPRESENTATION('',(#2265),#2269);
#2265 = LINE('',#2266,#2267);
#2266 = CARTESIAN_POINT('',(0.,1.));
#2267 = VECTOR('',#2268,1.);
#2268 = DIRECTION('',(1.,0.));
#2269 = ( GEOMETRIC_REPRESENTATION_CONTEXT(2) 
PARAMETRIC_REPRESENTATION_CONTEXT() REPRESENTATION_CONTEXT('2D SPACE',''
  ) );
#2270 = ORIENTED_EDGE('',*,*,#207,.F.);
#2271 = ORIENTED_EDGE('',*,*,#2225,.T.);
#2272 = ADVANCED_FACE('',(#2273),#176,.F.);
#2273 = FACE_BOUND('',#2274,.F.);
#2274 = EDGE_LOOP('',(#2275,#2276,#2294,#2295));
#2275 = ORIENTED_EDGE('',*,*,#1657,.F.);
#2276 = ORIENTED_EDGE('',*,*,#2277,.F.);
#2277 = EDGE_CURVE('',#90,#1630,#2278,.T.);
#2278 = SURFACE_CURVE('',#2279,(#2282,#2288),.PCURVE_S1.);
#2279 = B_SPLINE_CURVE_WITH_KNOTS('',1,(#2280,#2281),.UNSPECIFIED.,.F.,
  .F.,(2,2),(0.,1.),.PIECEWISE_BEZIER_KNOTS.);
#2280 = CARTESIAN_POINT('',(213.1,-18.70535083091,21.497749284475));
#2281 = CARTESIAN_POINT('',(213.1,0.,0.));
#2282 = PCURVE('',#176,#2283);
#2283 = DEFINITIONAL_REPRESENTATION('',(#2284),#2287);
#2284 = B_SPLINE_CURVE_WITH_KNOTS('',1,(#2285,#2286),.UNSPECIFIED.,.F.,
  .F.,(2,2),(0.,1.),.PIECEWISE_BEZIER_KNOTS.);
#2285 = CARTESIAN_POINT('',(28.5,5.23271646746E-04));
#2286 = CARTESIAN_POINT('',(0.,5.232716467459E-04));
#2287 = ( GEOMETRIC_REPRESENTATION_CONTEXT(2) 
PARAMETRIC_REPRESENTATION_CONTEXT() REPRESENTATION_CONTEXT('2D SPACE',''
  ) );
#2288 = PCURVE('',#106,#2289);
#2289 = DEFINITIONAL_REPRESENTATION('',(#2290),#2293);
#2290 = B_SPLINE_CURVE_WITH_KNOTS('',1,(#2291,#2292),.UNSPECIFIED.,.F.,
  .F.,(2,2),(0.,1.),.PIECEWISE_BEZIER_KNOTS.);
#2291 = CARTESIAN_POINT('',(28.496373084697,9.748005752856E-03));
#2292 = CARTESIAN_POINT('',(0.,0.));
#2293 = ( GEOMETRIC_REPRESENTATION_CONTEXT(2) 
PARAMETRIC_REPRESENTATION_CONTEXT() REPRESENTATION_CONTEXT('2D SPACE',''
  ) );
#2294 = ORIENTED_EDGE('',*,*,#122,.T.);
#2295 = ORIENTED_EDGE('',*,*,#2250,.F.);
#2296 = ADVANCED_FACE('',(#2297),#106,.F.);
#2297 = FACE_BOUND('',#2298,.F.);
#2298 = EDGE_LOOP('',(#2299,#2300,#2301,#2302));
#2299 = ORIENTED_EDGE('',*,*,#89,.F.);
#2300 = ORIENTED_EDGE('',*,*,#2277,.T.);
#2301 = ORIENTED_EDGE('',*,*,#1629,.T.);
#2302 = ORIENTED_EDGE('',*,*,#2303,.T.);
#2303 = EDGE_CURVE('',#1607,#62,#2304,.T.);
#2304 = SURFACE_CURVE('',#2305,(#2309,#2316),.PCURVE_S1.);
#2305 = LINE('',#2306,#2307);
#2306 = CARTESIAN_POINT('',(213.1,0.,0.));
#2307 = VECTOR('',#2308,1.);
#2308 = DIRECTION('',(0.,-0.656669622844,0.754178365132));
#2309 = PCURVE('',#106,#2310);
#2310 = DEFINITIONAL_REPRESENTATION('',(#2311),#2315);
#2311 = LINE('',#2312,#2313);
#2312 = CARTESIAN_POINT('',(0.,0.));
#2313 = VECTOR('',#2314,1.);
#2314 = DIRECTION('',(1.,0.));
#2315 = ( GEOMETRIC_REPRESENTATION_CONTEXT(2) 
PARAMETRIC_REPRESENTATION_CONTEXT() REPRESENTATION_CONTEXT('2D SPACE',''
  ) );
#2316 = PCURVE('',#77,#2317);
#2317 = DEFINITIONAL_REPRESENTATION('',(#2318),#2322);
#2318 = LINE('',#2319,#2320);
#2319 = CARTESIAN_POINT('',(0.,0.));
#2320 = VECTOR('',#2321,1.);
#2321 = DIRECTION('',(1.,0.));
#2322 = ( GEOMETRIC_REPRESENTATION_CONTEXT(2) 
PARAMETRIC_REPRESENTATION_CONTEXT() REPRESENTATION_CONTEXT('2D SPACE',''
  ) );
#2323 = ADVANCED_FACE('',(#2324),#77,.F.);
#2324 = FACE_BOUND('',#2325,.F.);
#2325 = EDGE_LOOP('',(#2326,#2327,#2348,#2349));
#2326 = ORIENTED_EDGE('',*,*,#1606,.F.);
#2327 = ORIENTED_EDGE('',*,*,#2328,.T.);
#2328 = EDGE_CURVE('',#1579,#24,#2329,.T.);
#2329 = SURFACE_CURVE('',#2330,(#2334,#2341),.PCURVE_S1.);
#2330 = LINE('',#2331,#2332);
#2331 = CARTESIAN_POINT('',(62.3,0.,0.));
#2332 = VECTOR('',#2333,1.);
#2333 = DIRECTION('',(0.,-0.656669622844,0.754178365132));
#2334 = PCURVE('',#77,#2335);
#2335 = DEFINITIONAL_REPRESENTATION('',(#2336),#2340);
#2336 = LINE('',#2337,#2338);
#2337 = CARTESIAN_POINT('',(0.,-150.8));
#2338 = VECTOR('',#2339,1.);
#2339 = DIRECTION('',(1.,0.));
#2340 = ( GEOMETRIC_REPRESENTATION_CONTEXT(2) 
PARAMETRIC_REPRESENTATION_CONTEXT() REPRESENTATION_CONTEXT('2D SPACE',''
  ) );
#2341 = PCURVE('',#45,#2342);
#2342 = DEFINITIONAL_REPRESENTATION('',(#2343),#2347);
#2343 = LINE('',#2344,#2345);
#2344 = CARTESIAN_POINT('',(0.,0.));
#2345 = VECTOR('',#2346,1.);
#2346 = DIRECTION('',(1.,0.));
#2347 = ( GEOMETRIC_REPRESENTATION_CONTEXT(2) 
PARAMETRIC_REPRESENTATION_CONTEXT() REPRESENTATION_CONTEXT('2D SPACE',''
  ) );
#2348 = ORIENTED_EDGE('',*,*,#61,.T.);
#2349 = ORIENTED_EDGE('',*,*,#2303,.F.);
#2350 = ADVANCED_FACE('',(#2351),#45,.T.);
#2351 = FACE_BOUND('',#2352,.T.);
#2352 = EDGE_LOOP('',(#2353,#2354,#2355,#2356));
#2353 = ORIENTED_EDGE('',*,*,#1576,.T.);
#2354 = ORIENTED_EDGE('',*,*,#2328,.T.);
#2355 = ORIENTED_EDGE('',*,*,#21,.F.);
#2356 = ORIENTED_EDGE('',*,*,#2151,.T.);
#2357 = ( GEOMETRIC_REPRESENTATION_CONTEXT(3) 
GLOBAL_UNCERTAINTY_ASSIGNED_CONTEXT((#2361)) 
GLOBAL_UNIT_ASSIGNED_CONTEXT((#2358,#2359,#2360)) REPRESENTATION_CONTEXT
('Context #1','3D Context with UNIT and UNCERTAINTY') );
#2358 = ( LENGTH_UNIT() NAMED_UNIT(*) SI_UNIT(.MILLI.,.METRE.) );
#2359 = ( NAMED_UNIT(*) PLANE_ANGLE_UNIT() SI_UNIT($,.RADIAN.) );
#2360 = ( NAMED_UNIT(*) SI_UNIT($,.STERADIAN.) SOLID_ANGLE_UNIT() );
#2361 = UNCERTAINTY_MEASURE_WITH_UNIT(LENGTH_MEASURE(2.E-06),#2358,
  'distance_accuracy_value','confusion accuracy');
#2362 = PRODUCT_RELATED_PRODUCT_CATEGORY('part',$,(#7));
ENDSEC;
END-ISO-10303-21;
