ISO-10303-21;
HEADER;
FILE_DESCRIPTION(('SkyG Speed 120B - revision C7B-1 - 2026-10-09','HL1-hatch-lip-front'),'2;1');
FILE_NAME('HL1-hatch-lip-front_C7B-1','2026-10-09T15:13:01',('Author'),(
    'Open CASCADE'),'Open CASCADE STEP processor 7.9','Open CASCADE 7.9'
  ,'Unknown');
FILE_SCHEMA(('AUTOMOTIVE_DESIGN { 1 0 10303 214 1 1 1 1 }'));
ENDSEC;
DATA;
#1 = APPLICATION_PROTOCOL_DEFINITION('international standard',
  'automotive_design',2000,#2);
#2 = APPLICATION_CONTEXT(
  'core data for automotive mechanical design processes');
#3 = SHAPE_DEFINITION_REPRESENTATION(#4,#10);
#4 = PRODUCT_DEFINITION_SHAPE('','',#5);
#5 = PRODUCT_DEFINITION('design','',#6,#9);
#6 = PRODUCT_DEFINITION_FORMATION('','',#7);
#7 = PRODUCT('HL1-hatch-lip-front C7B-1','HL1-hatch-lip-front C7B-1','',(#8));
#8 = PRODUCT_CONTEXT('',#2,'mechanical');
#9 = PRODUCT_DEFINITION_CONTEXT('part definition',#2,'design');
#10 = ADVANCED_BREP_SHAPE_REPRESENTATION('',(#11,#15),#1841);
#11 = AXIS2_PLACEMENT_3D('',#12,#13,#14);
#12 = CARTESIAN_POINT('',(0.,0.,0.));
#13 = DIRECTION('',(0.,0.,1.));
#14 = DIRECTION('',(1.,0.,-0.));
#15 = MANIFOLD_SOLID_BREP('',#16);
#16 = CLOSED_SHELL('',(#17,#553,#627,#1064,#1139,#1219,#1278,#1408,#1434
    ,#1515,#1538,#1565,#1592,#1637,#1665,#1693,#1718,#1753,#1780,#1807,
    #1834));
#17 = ADVANCED_FACE('',(#18),#33,.T.);
#18 = FACE_BOUND('',#19,.T.);
#19 = EDGE_LOOP('',(#20,#56,#82,#110,#136,#164,#249,#281,#308,#340,#367,
    #452,#475,#501,#529));
#20 = ORIENTED_EDGE('',*,*,#21,.T.);
#21 = EDGE_CURVE('',#22,#24,#26,.T.);
#22 = VERTEX_POINT('',#23);
#23 = CARTESIAN_POINT('',(90.3,17.686788854961,16.000000000001));
#24 = VERTEX_POINT('',#25);
#25 = CARTESIAN_POINT('',(90.3,-17.68678885496,16.000000000001));
#26 = SURFACE_CURVE('',#27,(#32,#44),.PCURVE_S1.);
#27 = CIRCLE('',#28,23.85);
#28 = AXIS2_PLACEMENT_3D('',#29,#30,#31);
#29 = CARTESIAN_POINT('',(90.3,0.,0.));
#30 = DIRECTION('',(1.,0.,0.));
#31 = DIRECTION('',(-0.,0.741584438363,0.670859538784));
#32 = PCURVE('',#33,#38);
#33 = CYLINDRICAL_SURFACE('',#34,23.85);
#34 = AXIS2_PLACEMENT_3D('',#35,#36,#37);
#35 = CARTESIAN_POINT('',(90.3,0.,0.));
#36 = DIRECTION('',(1.,0.,0.));
#37 = DIRECTION('',(-0.,0.,1.));
#38 = DEFINITIONAL_REPRESENTATION('',(#39),#43);
#39 = LINE('',#40,#41);
#40 = CARTESIAN_POINT('',(5.447756218289,0.));
#41 = VECTOR('',#42,1.);
#42 = DIRECTION('',(1.,0.));
#43 = ( GEOMETRIC_REPRESENTATION_CONTEXT(2) 
PARAMETRIC_REPRESENTATION_CONTEXT() REPRESENTATION_CONTEXT('2D SPACE',''
  ) );
#44 = PCURVE('',#45,#50);
#45 = PLANE('',#46);
#46 = AXIS2_PLACEMENT_3D('',#47,#48,#49);
#47 = CARTESIAN_POINT('',(90.3,0.,0.));
#48 = DIRECTION('',(1.,0.,0.));
#49 = DIRECTION('',(-0.,0.,1.));
#50 = DEFINITIONAL_REPRESENTATION('',(#51),#55);
#51 = CIRCLE('',#52,23.85);
#52 = AXIS2_PLACEMENT_2D('',#53,#54);
#53 = CARTESIAN_POINT('',(0.,0.));
#54 = DIRECTION('',(0.670859538784,-0.741584438363));
#55 = ( GEOMETRIC_REPRESENTATION_CONTEXT(2) 
PARAMETRIC_REPRESENTATION_CONTEXT() REPRESENTATION_CONTEXT('2D SPACE',''
  ) );
#56 = ORIENTED_EDGE('',*,*,#57,.T.);
#57 = EDGE_CURVE('',#24,#58,#60,.T.);
#58 = VERTEX_POINT('',#59);
#59 = CARTESIAN_POINT('',(96.,-17.68678885496,16.000000000001));
#60 = SURFACE_CURVE('',#61,(#65,#71),.PCURVE_S1.);
#61 = LINE('',#62,#63);
#62 = CARTESIAN_POINT('',(90.3,-17.68678885496,16.));
#63 = VECTOR('',#64,1.);
#64 = DIRECTION('',(1.,0.,0.));
#65 = PCURVE('',#33,#66);
#66 = DEFINITIONAL_REPRESENTATION('',(#67),#70);
#67 = B_SPLINE_CURVE_WITH_KNOTS('',1,(#68,#69),.UNSPECIFIED.,.F.,.F.,(2,
    2),(0.,5.7),.PIECEWISE_BEZIER_KNOTS.);
#68 = CARTESIAN_POINT('',(7.11861439607,0.));
#69 = CARTESIAN_POINT('',(7.11861439607,5.7));
#70 = ( GEOMETRIC_REPRESENTATION_CONTEXT(2) 
PARAMETRIC_REPRESENTATION_CONTEXT() REPRESENTATION_CONTEXT('2D SPACE',''
  ) );
#71 = PCURVE('',#72,#77);
#72 = PLANE('',#73);
#73 = AXIS2_PLACEMENT_3D('',#74,#75,#76);
#74 = CARTESIAN_POINT('',(90.3,-30.,16.));
#75 = DIRECTION('',(0.,0.,1.));
#76 = DIRECTION('',(1.,0.,-0.));
#77 = DEFINITIONAL_REPRESENTATION('',(#78),#81);
#78 = B_SPLINE_CURVE_WITH_KNOTS('',1,(#79,#80),.UNSPECIFIED.,.F.,.F.,(2,
    2),(-6.000000070117E-07,5.7000006),.PIECEWISE_BEZIER_KNOTS.);
#79 = CARTESIAN_POINT('',(-6.000000070117E-07,12.313211145038));
#80 = CARTESIAN_POINT('',(5.7000006,12.313211145038));
#81 = ( GEOMETRIC_REPRESENTATION_CONTEXT(2) 
PARAMETRIC_REPRESENTATION_CONTEXT() REPRESENTATION_CONTEXT('2D SPACE',''
  ) );
#82 = ORIENTED_EDGE('',*,*,#83,.F.);
#83 = EDGE_CURVE('',#84,#58,#86,.T.);
#84 = VERTEX_POINT('',#85);
#85 = CARTESIAN_POINT('',(96.,-6.,23.082948251902));
#86 = SURFACE_CURVE('',#87,(#92,#98),.PCURVE_S1.);
#87 = CIRCLE('',#88,23.85);
#88 = AXIS2_PLACEMENT_3D('',#89,#90,#91);
#89 = CARTESIAN_POINT('',(96.,0.,0.));
#90 = DIRECTION('',(1.,0.,0.));
#91 = DIRECTION('',(-0.,0.,1.));
#92 = PCURVE('',#33,#93);
#93 = DEFINITIONAL_REPRESENTATION('',(#94),#97);
#94 = B_SPLINE_CURVE_WITH_KNOTS('',1,(#95,#96),.UNSPECIFIED.,.F.,.F.,(2,
    2),(0.254304488826,0.835429088891),.PIECEWISE_BEZIER_KNOTS.);
#95 = CARTESIAN_POINT('',(6.537489796006,5.7));
#96 = CARTESIAN_POINT('',(7.11861439607,5.7));
#97 = ( GEOMETRIC_REPRESENTATION_CONTEXT(2) 
PARAMETRIC_REPRESENTATION_CONTEXT() REPRESENTATION_CONTEXT('2D SPACE',''
  ) );
#98 = PCURVE('',#99,#104);
#99 = PLANE('',#100);
#100 = AXIS2_PLACEMENT_3D('',#101,#102,#103);
#101 = CARTESIAN_POINT('',(96.,0.,0.));
#102 = DIRECTION('',(1.,0.,0.));
#103 = DIRECTION('',(-0.,0.,1.));
#104 = DEFINITIONAL_REPRESENTATION('',(#105),#109);
#105 = CIRCLE('',#106,23.85);
#106 = AXIS2_PLACEMENT_2D('',#107,#108);
#107 = CARTESIAN_POINT('',(0.,0.));
#108 = DIRECTION('',(1.,0.));
#109 = ( GEOMETRIC_REPRESENTATION_CONTEXT(2) 
PARAMETRIC_REPRESENTATION_CONTEXT() REPRESENTATION_CONTEXT('2D SPACE',''
  ) );
#110 = ORIENTED_EDGE('',*,*,#111,.T.);
#111 = EDGE_CURVE('',#84,#112,#114,.T.);
#112 = VERTEX_POINT('',#113);
#113 = CARTESIAN_POINT('',(105.,-6.,23.082948251902));
#114 = SURFACE_CURVE('',#115,(#119,#125),.PCURVE_S1.);
#115 = LINE('',#116,#117);
#116 = CARTESIAN_POINT('',(96.,-6.,23.082948251902));
#117 = VECTOR('',#118,1.);
#118 = DIRECTION('',(1.,0.,0.));
#119 = PCURVE('',#33,#120);
#120 = DEFINITIONAL_REPRESENTATION('',(#121),#124);
#121 = B_SPLINE_CURVE_WITH_KNOTS('',1,(#122,#123),.UNSPECIFIED.,.F.,.F.,
  (2,2),(0.,9.),.PIECEWISE_BEZIER_KNOTS.);
#122 = CARTESIAN_POINT('',(6.537489796006,5.7));
#123 = CARTESIAN_POINT('',(6.537489796006,14.7));
#124 = ( GEOMETRIC_REPRESENTATION_CONTEXT(2) 
PARAMETRIC_REPRESENTATION_CONTEXT() REPRESENTATION_CONTEXT('2D SPACE',''
  ) );
#125 = PCURVE('',#126,#131);
#126 = PLANE('',#127);
#127 = AXIS2_PLACEMENT_3D('',#128,#129,#130);
#128 = CARTESIAN_POINT('',(96.,-6.,0.));
#129 = DIRECTION('',(-0.,1.,0.));
#130 = DIRECTION('',(0.,0.,1.));
#131 = DEFINITIONAL_REPRESENTATION('',(#132),#135);
#132 = B_SPLINE_CURVE_WITH_KNOTS('',1,(#133,#134),.UNSPECIFIED.,.F.,.F.,
  (2,2),(-6.000000070117E-07,9.0000006),.PIECEWISE_BEZIER_KNOTS.);
#133 = CARTESIAN_POINT('',(23.082948251902,-6.000000070117E-07));
#134 = CARTESIAN_POINT('',(23.082948251902,9.0000006));
#135 = ( GEOMETRIC_REPRESENTATION_CONTEXT(2) 
PARAMETRIC_REPRESENTATION_CONTEXT() REPRESENTATION_CONTEXT('2D SPACE',''
  ) );
#136 = ORIENTED_EDGE('',*,*,#137,.F.);
#137 = EDGE_CURVE('',#138,#112,#140,.T.);
#138 = VERTEX_POINT('',#139);
#139 = CARTESIAN_POINT('',(105.,-3.920777984023,23.525518060183));
#140 = SURFACE_CURVE('',#141,(#146,#152),.PCURVE_S1.);
#141 = CIRCLE('',#142,23.85);
#142 = AXIS2_PLACEMENT_3D('',#143,#144,#145);
#143 = CARTESIAN_POINT('',(105.,0.,0.));
#144 = DIRECTION('',(1.,0.,0.));
#145 = DIRECTION('',(-0.,0.,1.));
#146 = PCURVE('',#33,#147);
#147 = DEFINITIONAL_REPRESENTATION('',(#148),#151);
#148 = B_SPLINE_CURVE_WITH_KNOTS('',1,(#149,#150),.UNSPECIFIED.,.F.,.F.,
  (2,2),(0.165142817256,0.254304488826),.PIECEWISE_BEZIER_KNOTS.);
#149 = CARTESIAN_POINT('',(6.448328124435,14.7));
#150 = CARTESIAN_POINT('',(6.537489796006,14.7));
#151 = ( GEOMETRIC_REPRESENTATION_CONTEXT(2) 
PARAMETRIC_REPRESENTATION_CONTEXT() REPRESENTATION_CONTEXT('2D SPACE',''
  ) );
#152 = PCURVE('',#153,#158);
#153 = PLANE('',#154);
#154 = AXIS2_PLACEMENT_3D('',#155,#156,#157);
#155 = CARTESIAN_POINT('',(105.,0.,0.));
#156 = DIRECTION('',(1.,0.,0.));
#157 = DIRECTION('',(-0.,0.,1.));
#158 = DEFINITIONAL_REPRESENTATION('',(#159),#163);
#159 = CIRCLE('',#160,23.85);
#160 = AXIS2_PLACEMENT_2D('',#161,#162);
#161 = CARTESIAN_POINT('',(0.,0.));
#162 = DIRECTION('',(1.,0.));
#163 = ( GEOMETRIC_REPRESENTATION_CONTEXT(2) 
PARAMETRIC_REPRESENTATION_CONTEXT() REPRESENTATION_CONTEXT('2D SPACE',''
  ) );
#164 = ORIENTED_EDGE('',*,*,#165,.F.);
#165 = EDGE_CURVE('',#166,#138,#168,.T.);
#166 = VERTEX_POINT('',#167);
#167 = CARTESIAN_POINT('',(99.511037614958,-3.562106660503,
    23.582491304762));
#168 = SURFACE_CURVE('',#169,(#192,#218),.PCURVE_S1.);
#169 = B_SPLINE_CURVE_WITH_KNOTS('',6,(#170,#171,#172,#173,#174,#175,
    #176,#177,#178,#179,#180,#181,#182,#183,#184,#185,#186,#187,#188,
    #189,#190,#191),.UNSPECIFIED.,.F.,.F.,(7,5,5,5,7),(0.,0.24600208707,
    0.548631035778,0.879530104054,1.),.UNSPECIFIED.);
#170 = CARTESIAN_POINT('',(99.511037614958,-3.562106660503,
    23.582491304762));
#171 = CARTESIAN_POINT('',(99.710592107426,-3.729552761533,
    23.557198774637));
#172 = CARTESIAN_POINT('',(99.917472940815,-3.880285797831,
    23.532971463518));
#173 = CARTESIAN_POINT('',(100.130283054,-4.014821221086,23.510270635281
    ));
#174 = CARTESIAN_POINT('',(100.34791766486,-4.133654271825,
    23.489446067481));
#175 = CARTESIAN_POINT('',(100.56949529499,-4.237220821325,
    23.470760182743));
#176 = CARTESIAN_POINT('',(101.07082718187,-4.434898917764,
    23.434301054688));
#177 = CARTESIAN_POINT('',(101.35221886618,-4.521341461343,
    23.417729380998));
#178 = CARTESIAN_POINT('',(101.63698763249,-4.58576928264,
    23.405073422565));
#179 = CARTESIAN_POINT('',(101.9239197585,-4.628586601714,
    23.396563601468));
#180 = CARTESIAN_POINT('',(102.21194207061,-4.65,23.392306427542));
#181 = CARTESIAN_POINT('',(102.81496689543,-4.65,23.392306427542));
#182 = CARTESIAN_POINT('',(103.12987816938,-4.624398801858,
    23.397395530472));
#183 = CARTESIAN_POINT('',(103.44336537518,-4.573214171329,
    23.40757011662));
#184 = CARTESIAN_POINT('',(103.75403206515,-4.496145119789,
    23.422671910956));
#185 = CARTESIAN_POINT('',(104.06026149445,-4.392613579965,
    23.442378847239));
#186 = CARTESIAN_POINT('',(104.46915097888,-4.214157430158,
    23.474789042168));
#187 = CARTESIAN_POINT('',(104.57743124716,-4.162907132267,
    23.483976895979));
#188 = CARTESIAN_POINT('',(104.68476558725,-4.107993648935,
    23.49367642988));
#189 = CARTESIAN_POINT('',(104.79104982708,-4.049369666534,
    23.503857202258));
#190 = CARTESIAN_POINT('',(104.89616965105,-3.986983201722,
    23.51448425709));
#191 = CARTESIAN_POINT('',(105.0000006,-3.920777601446,23.525518123944)
  );
#192 = PCURVE('',#33,#193);
#193 = DEFINITIONAL_REPRESENTATION('',(#194),#217);
#194 = B_SPLINE_CURVE_WITH_KNOTS('',6,(#195,#196,#197,#198,#199,#200,
    #201,#202,#203,#204,#205,#206,#207,#208,#209,#210,#211,#212,#213,
    #214,#215,#216),.UNSPECIFIED.,.F.,.F.,(7,5,5,5,7),(0.,0.24600208707,
    0.548631035778,0.879530104054,0.999999883975),.UNSPECIFIED.);
#195 = CARTESIAN_POINT('',(6.433100803312,9.211037614958));
#196 = CARTESIAN_POINT('',(6.440201244859,9.410592107426));
#197 = CARTESIAN_POINT('',(6.446602122721,9.617472940815));
#198 = CARTESIAN_POINT('',(6.452322540517,9.830283054006));
#199 = CARTESIAN_POINT('',(6.457380894148,10.047917664861));
#200 = CARTESIAN_POINT('',(6.46179338239,10.269495294991));
#201 = CARTESIAN_POINT('',(6.470221566176,10.770827181873));
#202 = CARTESIAN_POINT('',(6.473911909201,11.052218866183));
#203 = CARTESIAN_POINT('',(6.476664885304,11.336987632496));
#204 = CARTESIAN_POINT('',(6.478495294982,11.623919758504));
#205 = CARTESIAN_POINT('',(6.479410695418,11.911942070611));
#206 = CARTESIAN_POINT('',(6.479410695418,12.514966895437));
#207 = CARTESIAN_POINT('',(6.478316266692,12.829878169389));
#208 = CARTESIAN_POINT('',(6.47612817273,13.143365375185));
#209 = CARTESIAN_POINT('',(6.472835318914,13.454032065154));
#210 = CARTESIAN_POINT('',(6.468416589699,13.760261494451));
#211 = CARTESIAN_POINT('',(6.460811755112,14.169150873776));
#212 = CARTESIAN_POINT('',(6.458628643813,14.277431038599));
#213 = CARTESIAN_POINT('',(6.456290566258,14.384765277128));
#214 = CARTESIAN_POINT('',(6.453795769747,14.491049417631));
#215 = CARTESIAN_POINT('',(6.451142324656,14.596169144852));
#216 = CARTESIAN_POINT('',(6.448328124435,14.7));
#217 = ( GEOMETRIC_REPRESENTATION_CONTEXT(2) 
PARAMETRIC_REPRESENTATION_CONTEXT() REPRESENTATION_CONTEXT('2D SPACE',''
  ) );
#218 = PCURVE('',#219,#224);
#219 = CYLINDRICAL_SURFACE('',#220,4.65);
#220 = AXIS2_PLACEMENT_3D('',#221,#222,#223);
#221 = CARTESIAN_POINT('',(102.5,0.,22.25));
#222 = DIRECTION('',(0.,0.,1.));
#223 = DIRECTION('',(1.,0.,-0.));
#224 = DEFINITIONAL_REPRESENTATION('',(#225),#248);
#225 = B_SPLINE_CURVE_WITH_KNOTS('',6,(#226,#227,#228,#229,#230,#231,
    #232,#233,#234,#235,#236,#237,#238,#239,#240,#241,#242,#243,#244,
    #245,#246,#247),.UNSPECIFIED.,.F.,.F.,(7,5,5,5,7),(0.,0.24600208707,
    0.548631035778,0.879530104054,1.),.UNSPECIFIED.);
#226 = CARTESIAN_POINT('',(4.014257279587,1.332491304762));
#227 = CARTESIAN_POINT('',(4.070278761111,1.307198774637));
#228 = CARTESIAN_POINT('',(4.125197067705,1.282971463518));
#229 = CARTESIAN_POINT('',(4.179168822263,1.260270635281));
#230 = CARTESIAN_POINT('',(4.232336678721,1.239446067481));
#231 = CARTESIAN_POINT('',(4.284835905641,1.220760182743));
#232 = CARTESIAN_POINT('',(4.400727796253,1.184301054688));
#233 = CARTESIAN_POINT('',(4.463843094954,1.167729380998));
#234 = CARTESIAN_POINT('',(4.526366836579,1.155073422565));
#235 = CARTESIAN_POINT('',(4.588500891074,1.146563601468));
#236 = CARTESIAN_POINT('',(4.650441038581,1.142306427542));
#237 = CARTESIAN_POINT('',(4.780123796608,1.142306427542));
#238 = CARTESIAN_POINT('',(4.847846716452,1.147395530472));
#239 = CARTESIAN_POINT('',(4.915822392958,1.15757011662));
#240 = CARTESIAN_POINT('',(4.984310378335,1.172671910956));
#241 = CARTESIAN_POINT('',(5.05357418096,1.192378847239));
#242 = CARTESIAN_POINT('',(5.149517377214,1.224789042168));
#243 = CARTESIAN_POINT('',(5.175268174576,1.233976895979));
#244 = CARTESIAN_POINT('',(5.201177632209,1.24367642988));
#245 = CARTESIAN_POINT('',(5.227261429577,1.253857202258));
#246 = CARTESIAN_POINT('',(5.253535925774,1.26448425709));
#247 = CARTESIAN_POINT('',(5.280018159529,1.275518123944));
#248 = ( GEOMETRIC_REPRESENTATION_CONTEXT(2) 
PARAMETRIC_REPRESENTATION_CONTEXT() REPRESENTATION_CONTEXT('2D SPACE',''
  ) );
#249 = ORIENTED_EDGE('',*,*,#250,.T.);
#250 = EDGE_CURVE('',#166,#251,#253,.T.);
#251 = VERTEX_POINT('',#252);
#252 = CARTESIAN_POINT('',(96.,-0.615996292743,23.842043716245));
#253 = SURFACE_CURVE('',#254,(#259,#269),.PCURVE_S1.);
#254 = ELLIPSE('',#255,37.104013270621,23.85);
#255 = AXIS2_PLACEMENT_3D('',#256,#257,#258);
#256 = CARTESIAN_POINT('',(95.265884205099,0.,0.));
#257 = DIRECTION('',(-0.642787609687,-0.766044443119,0.));
#258 = DIRECTION('',(0.766044443119,-0.642787609687,0.));
#259 = PCURVE('',#33,#260);
#260 = DEFINITIONAL_REPRESENTATION('',(#261),#268);
#261 = B_SPLINE_CURVE_WITH_KNOTS('',5,(#262,#263,#264,#265,#266,#267),
  .UNSPECIFIED.,.F.,.F.,(6,6),(1.420880830662,1.54496551757),
  .PIECEWISE_BEZIER_KNOTS.);
#262 = CARTESIAN_POINT('',(6.433100803312,9.21103761499));
#263 = CARTESIAN_POINT('',(6.408283865931,8.513569533466));
#264 = CARTESIAN_POINT('',(6.383466928549,7.812833318425));
#265 = CARTESIAN_POINT('',(6.358649991168,7.109723879365));
#266 = CARTESIAN_POINT('',(6.333833053786,6.405144519161));
#267 = CARTESIAN_POINT('',(6.309016116405,5.7));
#268 = ( GEOMETRIC_REPRESENTATION_CONTEXT(2) 
PARAMETRIC_REPRESENTATION_CONTEXT() REPRESENTATION_CONTEXT('2D SPACE',''
  ) );
#269 = PCURVE('',#270,#275);
#270 = PLANE('',#271);
#271 = AXIS2_PLACEMENT_3D('',#272,#273,#274);
#272 = CARTESIAN_POINT('',(99.511037614958,-3.562106660503,22.25));
#273 = DIRECTION('',(-0.642787609687,-0.766044443119,0.));
#274 = DIRECTION('',(-0.766044443119,0.642787609687,0.));
#275 = DEFINITIONAL_REPRESENTATION('',(#276),#280);
#276 = ELLIPSE('',#277,37.104013270621,23.85);
#277 = AXIS2_PLACEMENT_2D('',#278,#279);
#278 = CARTESIAN_POINT('',(5.541654205563,22.25));
#279 = DIRECTION('',(-1.,-0.));
#280 = ( GEOMETRIC_REPRESENTATION_CONTEXT(2) 
PARAMETRIC_REPRESENTATION_CONTEXT() REPRESENTATION_CONTEXT('2D SPACE',''
  ) );
#281 = ORIENTED_EDGE('',*,*,#282,.T.);
#282 = EDGE_CURVE('',#251,#283,#285,.T.);
#283 = VERTEX_POINT('',#284);
#284 = CARTESIAN_POINT('',(95.265884205099,2.920782615966E-15,23.85));
#285 = SURFACE_CURVE('',#286,(#291,#301),.PCURVE_S1.);
#286 = ELLIPSE('',#287,37.104013270621,23.85);
#287 = AXIS2_PLACEMENT_3D('',#288,#289,#290);
#288 = CARTESIAN_POINT('',(95.265884205099,0.,0.));
#289 = DIRECTION('',(-0.642787609687,-0.766044443119,0.));
#290 = DIRECTION('',(0.766044443119,-0.642787609687,0.));
#291 = PCURVE('',#33,#292);
#292 = DEFINITIONAL_REPRESENTATION('',(#293),#300);
#293 = B_SPLINE_CURVE_WITH_KNOTS('',5,(#294,#295,#296,#297,#298,#299),
  .UNSPECIFIED.,.F.,.F.,(6,6),(1.54496551757,1.570796326795),
  .PIECEWISE_BEZIER_KNOTS.);
#294 = CARTESIAN_POINT('',(6.309016116405,5.7));
#295 = CARTESIAN_POINT('',(6.30384995456,5.553209497446));
#296 = CARTESIAN_POINT('',(6.298683792715,5.406394503662));
#297 = CARTESIAN_POINT('',(6.29351763087,5.259563180575));
#298 = CARTESIAN_POINT('',(6.288351469025,5.112723692837));
#299 = CARTESIAN_POINT('',(6.28318530718,4.965884205099));
#300 = ( GEOMETRIC_REPRESENTATION_CONTEXT(2) 
PARAMETRIC_REPRESENTATION_CONTEXT() REPRESENTATION_CONTEXT('2D SPACE',''
  ) );
#301 = PCURVE('',#270,#302);
#302 = DEFINITIONAL_REPRESENTATION('',(#303),#307);
#303 = ELLIPSE('',#304,37.104013270621,23.85);
#304 = AXIS2_PLACEMENT_2D('',#305,#306);
#305 = CARTESIAN_POINT('',(5.541654205563,22.25));
#306 = DIRECTION('',(-1.,-0.));
#307 = ( GEOMETRIC_REPRESENTATION_CONTEXT(2) 
PARAMETRIC_REPRESENTATION_CONTEXT() REPRESENTATION_CONTEXT('2D SPACE',''
  ) );
#308 = ORIENTED_EDGE('',*,*,#309,.T.);
#309 = EDGE_CURVE('',#283,#310,#312,.T.);
#310 = VERTEX_POINT('',#311);
#311 = CARTESIAN_POINT('',(96.,0.615996292743,23.842043716245));
#312 = SURFACE_CURVE('',#313,(#318,#328),.PCURVE_S1.);
#313 = ELLIPSE('',#314,37.104013270621,23.85);
#314 = AXIS2_PLACEMENT_3D('',#315,#316,#317);
#315 = CARTESIAN_POINT('',(95.265884205099,0.,0.));
#316 = DIRECTION('',(-0.642787609687,0.766044443119,0.));
#317 = DIRECTION('',(0.766044443119,0.642787609687,0.));
#318 = PCURVE('',#33,#319);
#319 = DEFINITIONAL_REPRESENTATION('',(#320),#327);
#320 = B_SPLINE_CURVE_WITH_KNOTS('',5,(#321,#322,#323,#324,#325,#326),
  .UNSPECIFIED.,.F.,.F.,(6,6),(4.712388980385,4.73821978961),
  .PIECEWISE_BEZIER_KNOTS.);
#321 = CARTESIAN_POINT('',(6.28318530718,4.965884205099));
#322 = CARTESIAN_POINT('',(6.278019145335,5.112723692837));
#323 = CARTESIAN_POINT('',(6.27285298349,5.259563180575));
#324 = CARTESIAN_POINT('',(6.267686821645,5.406394503662));
#325 = CARTESIAN_POINT('',(6.2625206598,5.553209497446));
#326 = CARTESIAN_POINT('',(6.257354497955,5.7));
#327 = ( GEOMETRIC_REPRESENTATION_CONTEXT(2) 
PARAMETRIC_REPRESENTATION_CONTEXT() REPRESENTATION_CONTEXT('2D SPACE',''
  ) );
#328 = PCURVE('',#329,#334);
#329 = PLANE('',#330);
#330 = AXIS2_PLACEMENT_3D('',#331,#332,#333);
#331 = CARTESIAN_POINT('',(95.265884205099,0.,22.25));
#332 = DIRECTION('',(-0.642787609687,0.766044443119,0.));
#333 = DIRECTION('',(0.766044443119,0.642787609687,0.));
#334 = DEFINITIONAL_REPRESENTATION('',(#335),#339);
#335 = ELLIPSE('',#336,37.104013270621,23.85);
#336 = AXIS2_PLACEMENT_2D('',#337,#338);
#337 = CARTESIAN_POINT('',(-1.088614628655E-14,22.25));
#338 = DIRECTION('',(1.,0.));
#339 = ( GEOMETRIC_REPRESENTATION_CONTEXT(2) 
PARAMETRIC_REPRESENTATION_CONTEXT() REPRESENTATION_CONTEXT('2D SPACE',''
  ) );
#340 = ORIENTED_EDGE('',*,*,#341,.T.);
#341 = EDGE_CURVE('',#310,#342,#344,.T.);
#342 = VERTEX_POINT('',#343);
#343 = CARTESIAN_POINT('',(99.511037614958,3.562106660503,
    23.582491304762));
#344 = SURFACE_CURVE('',#345,(#350,#360),.PCURVE_S1.);
#345 = ELLIPSE('',#346,37.104013270621,23.85);
#346 = AXIS2_PLACEMENT_3D('',#347,#348,#349);
#347 = CARTESIAN_POINT('',(95.265884205099,0.,0.));
#348 = DIRECTION('',(-0.642787609687,0.766044443119,0.));
#349 = DIRECTION('',(0.766044443119,0.642787609687,0.));
#350 = PCURVE('',#33,#351);
#351 = DEFINITIONAL_REPRESENTATION('',(#352),#359);
#352 = B_SPLINE_CURVE_WITH_KNOTS('',5,(#353,#354,#355,#356,#357,#358),
  .UNSPECIFIED.,.F.,.F.,(6,6),(4.73821978961,4.862304476518),
  .PIECEWISE_BEZIER_KNOTS.);
#353 = CARTESIAN_POINT('',(6.257354497955,5.7));
#354 = CARTESIAN_POINT('',(6.232537560573,6.405144519161));
#355 = CARTESIAN_POINT('',(6.207720623191,7.109723879365));
#356 = CARTESIAN_POINT('',(6.18290368581,7.812833318425));
#357 = CARTESIAN_POINT('',(6.158086748428,8.513569533466));
#358 = CARTESIAN_POINT('',(6.133269811047,9.21103761499));
#359 = ( GEOMETRIC_REPRESENTATION_CONTEXT(2) 
PARAMETRIC_REPRESENTATION_CONTEXT() REPRESENTATION_CONTEXT('2D SPACE',''
  ) );
#360 = PCURVE('',#329,#361);
#361 = DEFINITIONAL_REPRESENTATION('',(#362),#366);
#362 = ELLIPSE('',#363,37.104013270621,23.85);
#363 = AXIS2_PLACEMENT_2D('',#364,#365);
#364 = CARTESIAN_POINT('',(0.,22.25));
#365 = DIRECTION('',(1.,0.));
#366 = ( GEOMETRIC_REPRESENTATION_CONTEXT(2) 
PARAMETRIC_REPRESENTATION_CONTEXT() REPRESENTATION_CONTEXT('2D SPACE',''
  ) );
#367 = ORIENTED_EDGE('',*,*,#368,.F.);
#368 = EDGE_CURVE('',#369,#342,#371,.T.);
#369 = VERTEX_POINT('',#370);
#370 = CARTESIAN_POINT('',(105.,3.920777984023,23.525518060183));
#371 = SURFACE_CURVE('',#372,(#395,#421),.PCURVE_S1.);
#372 = B_SPLINE_CURVE_WITH_KNOTS('',6,(#373,#374,#375,#376,#377,#378,
    #379,#380,#381,#382,#383,#384,#385,#386,#387,#388,#389,#390,#391,
    #392,#393,#394),.UNSPECIFIED.,.F.,.F.,(7,5,5,5,7),(0.,0.127182543765
    ,0.451368109901,0.74724253454,1.),.UNSPECIFIED.);
#373 = CARTESIAN_POINT('',(105.0000006,3.920777601446,23.525518123944));
#374 = CARTESIAN_POINT('',(104.89038317968,3.990672822346,
    23.513869342603));
#375 = CARTESIAN_POINT('',(104.77932952727,4.056311220077,
    23.502674024821));
#376 = CARTESIAN_POINT('',(104.66698575016,4.117759607332,
    23.491978549068));
#377 = CARTESIAN_POINT('',(104.55348559344,4.175078906257,
    23.481823735273));
#378 = CARTESIAN_POINT('',(104.43895043995,4.228324148454,
    23.472244844829));
#379 = CARTESIAN_POINT('',(104.02918137618,4.403006027704,23.44039892322
    ));
#380 = CARTESIAN_POINT('',(103.72881715563,4.502334598884,
    23.421458722539));
#381 = CARTESIAN_POINT('',(103.42428564974,4.576297721638,
    23.406957166568));
#382 = CARTESIAN_POINT('',(103.11710004307,4.625427350309,
    23.397191070262));
#383 = CARTESIAN_POINT('',(102.80857510395,4.65,23.392306427542));
#384 = CARTESIAN_POINT('',(102.2183727751,4.65,23.392306427542));
#385 = CARTESIAN_POINT('',(101.9367771254,4.629531996611,23.396375604622
    ));
#386 = CARTESIAN_POINT('',(101.65620089458,4.588604216563,
    23.404510011337));
#387 = CARTESIAN_POINT('',(101.3776480221,4.527028544061,23.41661199928)
  );
#388 = CARTESIAN_POINT('',(101.10224724555,4.444436127969,
    23.432471162672));
#389 = CARTESIAN_POINT('',(100.59994989031,4.251326340766,
    23.468210637301));
#390 = CARTESIAN_POINT('',(100.37184661007,4.146637155011,
    23.487166986511));
#391 = CARTESIAN_POINT('',(100.14782845898,4.025868246269,
    23.508403899696));
#392 = CARTESIAN_POINT('',(99.928839960098,3.888551242653,23.5316417492)
  );
#393 = CARTESIAN_POINT('',(99.716071408146,3.734150440746,
    23.556504300778));
#394 = CARTESIAN_POINT('',(99.511037614958,3.562106660503,
    23.582491304762));
#395 = PCURVE('',#33,#396);
#396 = DEFINITIONAL_REPRESENTATION('',(#397),#420);
#397 = B_SPLINE_CURVE_WITH_KNOTS('',6,(#398,#399,#400,#401,#402,#403,
    #404,#405,#406,#407,#408,#409,#410,#411,#412,#413,#414,#415,#416,
    #417,#418,#419),.UNSPECIFIED.,.F.,.F.,(7,5,5,5,7),(
    1.160239975417E-07,0.127182543765,0.451368109901,0.74724253454,1.),
  .UNSPECIFIED.);
#398 = CARTESIAN_POINT('',(6.118042489924,14.7));
#399 = CARTESIAN_POINT('',(6.115071454917,14.590382673136));
#400 = CARTESIAN_POINT('',(6.11227959814,14.479329117329));
#401 = CARTESIAN_POINT('',(6.109664434766,14.366985439536));
#402 = CARTESIAN_POINT('',(6.107223703312,14.253485384474));
#403 = CARTESIAN_POINT('',(6.104955365641,14.138950334628));
#404 = CARTESIAN_POINT('',(6.097510460366,13.729181376183));
#405 = CARTESIAN_POINT('',(6.09327084065,13.428817155637));
#406 = CARTESIAN_POINT('',(6.090110622977,13.124285649748));
#407 = CARTESIAN_POINT('',(6.088010378056,12.817100043074));
#408 = CARTESIAN_POINT('',(6.086959918942,12.508575103954));
#409 = CARTESIAN_POINT('',(6.086959918942,11.918372775108));
#410 = CARTESIAN_POINT('',(6.087834905023,11.636777125408));
#411 = CARTESIAN_POINT('',(6.089584537515,11.356200894586));
#412 = CARTESIAN_POINT('',(6.09221569545,11.077648022105));
#413 = CARTESIAN_POINT('',(6.095741880722,10.802247245556));
#414 = CARTESIAN_POINT('',(6.103976226818,10.299949890315));
#415 = CARTESIAN_POINT('',(6.108437051388,10.071846610073));
#416 = CARTESIAN_POINT('',(6.113578338386,9.847828458988));
#417 = CARTESIAN_POINT('',(6.119417491478,9.628839960098));
#418 = CARTESIAN_POINT('',(6.125974407944,9.416071408146));
#419 = CARTESIAN_POINT('',(6.133269811047,9.211037614958));
#420 = ( GEOMETRIC_REPRESENTATION_CONTEXT(2) 
PARAMETRIC_REPRESENTATION_CONTEXT() REPRESENTATION_CONTEXT('2D SPACE',''
  ) );
#421 = PCURVE('',#422,#427);
#422 = CYLINDRICAL_SURFACE('',#423,4.65);
#423 = AXIS2_PLACEMENT_3D('',#424,#425,#426);
#424 = CARTESIAN_POINT('',(102.5,0.,22.25));
#425 = DIRECTION('',(0.,0.,1.));
#426 = DIRECTION('',(1.,0.,-0.));
#427 = DEFINITIONAL_REPRESENTATION('',(#428),#451);
#428 = B_SPLINE_CURVE_WITH_KNOTS('',6,(#429,#430,#431,#432,#433,#434,
    #435,#436,#437,#438,#439,#440,#441,#442,#443,#444,#445,#446,#447,
    #448,#449,#450),.UNSPECIFIED.,.F.,.F.,(7,5,5,5,7),(0.,0.127182543765
    ,0.451368109901,0.74724253454,1.),.UNSPECIFIED.);
#429 = CARTESIAN_POINT('',(1.003167147651,1.275518123944));
#430 = CARTESIAN_POINT('',(1.031125229301,1.263869342603));
#431 = CARTESIAN_POINT('',(1.058851725506,1.252674024821));
#432 = CARTESIAN_POINT('',(1.086366716238,1.241978549068));
#433 = CARTESIAN_POINT('',(1.11368942461,1.231823735273));
#434 = CARTESIAN_POINT('',(1.140838216878,1.222244844829));
#435 = CARTESIAN_POINT('',(1.23663361215,1.19039892322));
#436 = CARTESIAN_POINT('',(1.304430907695,1.171458722539));
#437 = CARTESIAN_POINT('',(1.371499416252,1.156957166568));
#438 = CARTESIAN_POINT('',(1.438086584028,1.147191070262));
#439 = CARTESIAN_POINT('',(1.504436089385,1.142306427542));
#440 = CARTESIAN_POINT('',(1.631361321395,1.142306427542));
#441 = CARTESIAN_POINT('',(1.691919409442,1.146375604622));
#442 = CARTESIAN_POINT('',(1.752658539539,1.154510011337));
#443 = CARTESIAN_POINT('',(1.813761543612,1.16661199928));
#444 = CARTESIAN_POINT('',(1.875416784216,1.182471162672));
#445 = CARTESIAN_POINT('',(1.991145689272,1.218210637301));
#446 = CARTESIAN_POINT('',(2.045011776177,1.237166986511));
#447 = CARTESIAN_POINT('',(2.099572242653,1.258403899696));
#448 = CARTESIAN_POINT('',(2.154973031869,1.2816417492));
#449 = CARTESIAN_POINT('',(2.211368326907,1.306504300778));
#450 = CARTESIAN_POINT('',(2.268928027593,1.332491304762));
#451 = ( GEOMETRIC_REPRESENTATION_CONTEXT(2) 
PARAMETRIC_REPRESENTATION_CONTEXT() REPRESENTATION_CONTEXT('2D SPACE',''
  ) );
#452 = ORIENTED_EDGE('',*,*,#453,.F.);
#453 = EDGE_CURVE('',#454,#369,#456,.T.);
#454 = VERTEX_POINT('',#455);
#455 = CARTESIAN_POINT('',(105.,6.,23.082948251902));
#456 = SURFACE_CURVE('',#457,(#462,#468),.PCURVE_S1.);
#457 = CIRCLE('',#458,23.85);
#458 = AXIS2_PLACEMENT_3D('',#459,#460,#461);
#459 = CARTESIAN_POINT('',(105.,0.,0.));
#460 = DIRECTION('',(1.,0.,0.));
#461 = DIRECTION('',(-0.,0.,1.));
#462 = PCURVE('',#33,#463);
#463 = DEFINITIONAL_REPRESENTATION('',(#464),#467);
#464 = B_SPLINE_CURVE_WITH_KNOTS('',1,(#465,#466),.UNSPECIFIED.,.F.,.F.,
  (2,2),(6.028880818353,6.118042489924),.PIECEWISE_BEZIER_KNOTS.);
#465 = CARTESIAN_POINT('',(6.028880818353,14.7));
#466 = CARTESIAN_POINT('',(6.118042489924,14.7));
#467 = ( GEOMETRIC_REPRESENTATION_CONTEXT(2) 
PARAMETRIC_REPRESENTATION_CONTEXT() REPRESENTATION_CONTEXT('2D SPACE',''
  ) );
#468 = PCURVE('',#153,#469);
#469 = DEFINITIONAL_REPRESENTATION('',(#470),#474);
#470 = CIRCLE('',#471,23.85);
#471 = AXIS2_PLACEMENT_2D('',#472,#473);
#472 = CARTESIAN_POINT('',(0.,0.));
#473 = DIRECTION('',(1.,0.));
#474 = ( GEOMETRIC_REPRESENTATION_CONTEXT(2) 
PARAMETRIC_REPRESENTATION_CONTEXT() REPRESENTATION_CONTEXT('2D SPACE',''
  ) );
#475 = ORIENTED_EDGE('',*,*,#476,.F.);
#476 = EDGE_CURVE('',#477,#454,#479,.T.);
#477 = VERTEX_POINT('',#478);
#478 = CARTESIAN_POINT('',(96.,6.,23.082948251902));
#479 = SURFACE_CURVE('',#480,(#484,#490),.PCURVE_S1.);
#480 = LINE('',#481,#482);
#481 = CARTESIAN_POINT('',(96.,6.,23.082948251902));
#482 = VECTOR('',#483,1.);
#483 = DIRECTION('',(1.,0.,0.));
#484 = PCURVE('',#33,#485);
#485 = DEFINITIONAL_REPRESENTATION('',(#486),#489);
#486 = B_SPLINE_CURVE_WITH_KNOTS('',1,(#487,#488),.UNSPECIFIED.,.F.,.F.,
  (2,2),(0.,9.),.PIECEWISE_BEZIER_KNOTS.);
#487 = CARTESIAN_POINT('',(6.028880818353,5.7));
#488 = CARTESIAN_POINT('',(6.028880818353,14.7));
#489 = ( GEOMETRIC_REPRESENTATION_CONTEXT(2) 
PARAMETRIC_REPRESENTATION_CONTEXT() REPRESENTATION_CONTEXT('2D SPACE',''
  ) );
#490 = PCURVE('',#491,#496);
#491 = PLANE('',#492);
#492 = AXIS2_PLACEMENT_3D('',#493,#494,#495);
#493 = CARTESIAN_POINT('',(96.,6.,0.));
#494 = DIRECTION('',(-0.,1.,0.));
#495 = DIRECTION('',(0.,0.,1.));
#496 = DEFINITIONAL_REPRESENTATION('',(#497),#500);
#497 = B_SPLINE_CURVE_WITH_KNOTS('',1,(#498,#499),.UNSPECIFIED.,.F.,.F.,
  (2,2),(-6.000000070117E-07,9.0000006),.PIECEWISE_BEZIER_KNOTS.);
#498 = CARTESIAN_POINT('',(23.082948251902,-6.000000070117E-07));
#499 = CARTESIAN_POINT('',(23.082948251902,9.0000006));
#500 = ( GEOMETRIC_REPRESENTATION_CONTEXT(2) 
PARAMETRIC_REPRESENTATION_CONTEXT() REPRESENTATION_CONTEXT('2D SPACE',''
  ) );
#501 = ORIENTED_EDGE('',*,*,#502,.F.);
#502 = EDGE_CURVE('',#503,#477,#505,.T.);
#503 = VERTEX_POINT('',#504);
#504 = CARTESIAN_POINT('',(96.,17.686788854961,16.000000000001));
#505 = SURFACE_CURVE('',#506,(#511,#517),.PCURVE_S1.);
#506 = CIRCLE('',#507,23.85);
#507 = AXIS2_PLACEMENT_3D('',#508,#509,#510);
#508 = CARTESIAN_POINT('',(96.,0.,0.));
#509 = DIRECTION('',(1.,0.,0.));
#510 = DIRECTION('',(-0.,0.,1.));
#511 = PCURVE('',#33,#512);
#512 = DEFINITIONAL_REPRESENTATION('',(#513),#516);
#513 = B_SPLINE_CURVE_WITH_KNOTS('',1,(#514,#515),.UNSPECIFIED.,.F.,.F.,
  (2,2),(5.447756218289,6.028880818353),.PIECEWISE_BEZIER_KNOTS.);
#514 = CARTESIAN_POINT('',(5.447756218289,5.7));
#515 = CARTESIAN_POINT('',(6.028880818353,5.7));
#516 = ( GEOMETRIC_REPRESENTATION_CONTEXT(2) 
PARAMETRIC_REPRESENTATION_CONTEXT() REPRESENTATION_CONTEXT('2D SPACE',''
  ) );
#517 = PCURVE('',#518,#523);
#518 = PLANE('',#519);
#519 = AXIS2_PLACEMENT_3D('',#520,#521,#522);
#520 = CARTESIAN_POINT('',(96.,0.,0.));
#521 = DIRECTION('',(1.,0.,0.));
#522 = DIRECTION('',(-0.,0.,1.));
#523 = DEFINITIONAL_REPRESENTATION('',(#524),#528);
#524 = CIRCLE('',#525,23.85);
#525 = AXIS2_PLACEMENT_2D('',#526,#527);
#526 = CARTESIAN_POINT('',(0.,0.));
#527 = DIRECTION('',(1.,0.));
#528 = ( GEOMETRIC_REPRESENTATION_CONTEXT(2) 
PARAMETRIC_REPRESENTATION_CONTEXT() REPRESENTATION_CONTEXT('2D SPACE',''
  ) );
#529 = ORIENTED_EDGE('',*,*,#530,.F.);
#530 = EDGE_CURVE('',#22,#503,#531,.T.);
#531 = SURFACE_CURVE('',#532,(#536,#542),.PCURVE_S1.);
#532 = LINE('',#533,#534);
#533 = CARTESIAN_POINT('',(90.3,17.686788854962,16.));
#534 = VECTOR('',#535,1.);
#535 = DIRECTION('',(1.,0.,0.));
#536 = PCURVE('',#33,#537);
#537 = DEFINITIONAL_REPRESENTATION('',(#538),#541);
#538 = B_SPLINE_CURVE_WITH_KNOTS('',1,(#539,#540),.UNSPECIFIED.,.F.,.F.,
  (2,2),(0.,5.7),.PIECEWISE_BEZIER_KNOTS.);
#539 = CARTESIAN_POINT('',(5.447756218289,0.));
#540 = CARTESIAN_POINT('',(5.447756218289,5.7));
#541 = ( GEOMETRIC_REPRESENTATION_CONTEXT(2) 
PARAMETRIC_REPRESENTATION_CONTEXT() REPRESENTATION_CONTEXT('2D SPACE',''
  ) );
#542 = PCURVE('',#543,#548);
#543 = PLANE('',#544);
#544 = AXIS2_PLACEMENT_3D('',#545,#546,#547);
#545 = CARTESIAN_POINT('',(90.3,-30.,16.));
#546 = DIRECTION('',(0.,0.,1.));
#547 = DIRECTION('',(1.,0.,-0.));
#548 = DEFINITIONAL_REPRESENTATION('',(#549),#552);
#549 = B_SPLINE_CURVE_WITH_KNOTS('',1,(#550,#551),.UNSPECIFIED.,.F.,.F.,
  (2,2),(-6.000000070117E-07,5.7000006),.PIECEWISE_BEZIER_KNOTS.);
#550 = CARTESIAN_POINT('',(-6.000000070117E-07,47.686788854962));
#551 = CARTESIAN_POINT('',(5.7000006,47.686788854962));
#552 = ( GEOMETRIC_REPRESENTATION_CONTEXT(2) 
PARAMETRIC_REPRESENTATION_CONTEXT() REPRESENTATION_CONTEXT('2D SPACE',''
  ) );
#553 = ADVANCED_FACE('',(#554),#543,.F.);
#554 = FACE_BOUND('',#555,.F.);
#555 = EDGE_LOOP('',(#556,#579,#605,#626));
#556 = ORIENTED_EDGE('',*,*,#557,.F.);
#557 = EDGE_CURVE('',#558,#22,#560,.T.);
#558 = VERTEX_POINT('',#559);
#559 = CARTESIAN_POINT('',(90.3,13.290598180668,16.));
#560 = SURFACE_CURVE('',#561,(#565,#572),.PCURVE_S1.);
#561 = LINE('',#562,#563);
#562 = CARTESIAN_POINT('',(90.3,-30.,16.));
#563 = VECTOR('',#564,1.);
#564 = DIRECTION('',(-0.,1.,0.));
#565 = PCURVE('',#543,#566);
#566 = DEFINITIONAL_REPRESENTATION('',(#567),#571);
#567 = LINE('',#568,#569);
#568 = CARTESIAN_POINT('',(0.,0.));
#569 = VECTOR('',#570,1.);
#570 = DIRECTION('',(0.,1.));
#571 = ( GEOMETRIC_REPRESENTATION_CONTEXT(2) 
PARAMETRIC_REPRESENTATION_CONTEXT() REPRESENTATION_CONTEXT('2D SPACE',''
  ) );
#572 = PCURVE('',#45,#573);
#573 = DEFINITIONAL_REPRESENTATION('',(#574),#578);
#574 = LINE('',#575,#576);
#575 = CARTESIAN_POINT('',(16.,30.));
#576 = VECTOR('',#577,1.);
#577 = DIRECTION('',(0.,-1.));
#578 = ( GEOMETRIC_REPRESENTATION_CONTEXT(2) 
PARAMETRIC_REPRESENTATION_CONTEXT() REPRESENTATION_CONTEXT('2D SPACE',''
  ) );
#579 = ORIENTED_EDGE('',*,*,#580,.T.);
#580 = EDGE_CURVE('',#558,#581,#583,.T.);
#581 = VERTEX_POINT('',#582);
#582 = CARTESIAN_POINT('',(96.,13.290598180668,16.));
#583 = SURFACE_CURVE('',#584,(#588,#594),.PCURVE_S1.);
#584 = LINE('',#585,#586);
#585 = CARTESIAN_POINT('',(89.3,13.290598180669,16.));
#586 = VECTOR('',#587,1.);
#587 = DIRECTION('',(1.,0.,0.));
#588 = PCURVE('',#543,#589);
#589 = DEFINITIONAL_REPRESENTATION('',(#590),#593);
#590 = B_SPLINE_CURVE_WITH_KNOTS('',1,(#591,#592),.UNSPECIFIED.,.F.,.F.,
  (2,2),(0.9999994,6.7000006),.PIECEWISE_BEZIER_KNOTS.);
#591 = CARTESIAN_POINT('',(-6.000000070117E-07,43.290598180669));
#592 = CARTESIAN_POINT('',(5.7000006,43.290598180669));
#593 = ( GEOMETRIC_REPRESENTATION_CONTEXT(2) 
PARAMETRIC_REPRESENTATION_CONTEXT() REPRESENTATION_CONTEXT('2D SPACE',''
  ) );
#594 = PCURVE('',#595,#600);
#595 = CYLINDRICAL_SURFACE('',#596,20.8);
#596 = AXIS2_PLACEMENT_3D('',#597,#598,#599);
#597 = CARTESIAN_POINT('',(89.3,0.,0.));
#598 = DIRECTION('',(1.,0.,0.));
#599 = DIRECTION('',(-0.,0.,1.));
#600 = DEFINITIONAL_REPRESENTATION('',(#601),#604);
#601 = B_SPLINE_CURVE_WITH_KNOTS('',1,(#602,#603),.UNSPECIFIED.,.F.,.F.,
  (2,2),(1.,6.7),.PIECEWISE_BEZIER_KNOTS.);
#602 = CARTESIAN_POINT('',(5.590025399603,1.));
#603 = CARTESIAN_POINT('',(5.590025399603,6.7));
#604 = ( GEOMETRIC_REPRESENTATION_CONTEXT(2) 
PARAMETRIC_REPRESENTATION_CONTEXT() REPRESENTATION_CONTEXT('2D SPACE',''
  ) );
#605 = ORIENTED_EDGE('',*,*,#606,.T.);
#606 = EDGE_CURVE('',#581,#503,#607,.T.);
#607 = SURFACE_CURVE('',#608,(#612,#619),.PCURVE_S1.);
#608 = LINE('',#609,#610);
#609 = CARTESIAN_POINT('',(96.,-30.,16.));
#610 = VECTOR('',#611,1.);
#611 = DIRECTION('',(-0.,1.,0.));
#612 = PCURVE('',#543,#613);
#613 = DEFINITIONAL_REPRESENTATION('',(#614),#618);
#614 = LINE('',#615,#616);
#615 = CARTESIAN_POINT('',(5.7,0.));
#616 = VECTOR('',#617,1.);
#617 = DIRECTION('',(0.,1.));
#618 = ( GEOMETRIC_REPRESENTATION_CONTEXT(2) 
PARAMETRIC_REPRESENTATION_CONTEXT() REPRESENTATION_CONTEXT('2D SPACE',''
  ) );
#619 = PCURVE('',#518,#620);
#620 = DEFINITIONAL_REPRESENTATION('',(#621),#625);
#621 = LINE('',#622,#623);
#622 = CARTESIAN_POINT('',(16.,30.));
#623 = VECTOR('',#624,1.);
#624 = DIRECTION('',(0.,-1.));
#625 = ( GEOMETRIC_REPRESENTATION_CONTEXT(2) 
PARAMETRIC_REPRESENTATION_CONTEXT() REPRESENTATION_CONTEXT('2D SPACE',''
  ) );
#626 = ORIENTED_EDGE('',*,*,#530,.F.);
#627 = ADVANCED_FACE('',(#628),#595,.F.);
#628 = FACE_BOUND('',#629,.F.);
#629 = EDGE_LOOP('',(#630,#654,#675,#698,#719,#742,#842,#874,#906,#998,
    #1021,#1042,#1063));
#630 = ORIENTED_EDGE('',*,*,#631,.T.);
#631 = EDGE_CURVE('',#558,#632,#634,.T.);
#632 = VERTEX_POINT('',#633);
#633 = CARTESIAN_POINT('',(90.3,-13.29059818066,16.));
#634 = SURFACE_CURVE('',#635,(#640,#647),.PCURVE_S1.);
#635 = CIRCLE('',#636,20.8);
#636 = AXIS2_PLACEMENT_3D('',#637,#638,#639);
#637 = CARTESIAN_POINT('',(90.3,0.,0.));
#638 = DIRECTION('',(1.,0.,0.));
#639 = DIRECTION('',(-0.,0.638971066378,0.769230769231));
#640 = PCURVE('',#595,#641);
#641 = DEFINITIONAL_REPRESENTATION('',(#642),#646);
#642 = LINE('',#643,#644);
#643 = CARTESIAN_POINT('',(5.590025399603,1.));
#644 = VECTOR('',#645,1.);
#645 = DIRECTION('',(1.,0.));
#646 = ( GEOMETRIC_REPRESENTATION_CONTEXT(2) 
PARAMETRIC_REPRESENTATION_CONTEXT() REPRESENTATION_CONTEXT('2D SPACE',''
  ) );
#647 = PCURVE('',#45,#648);
#648 = DEFINITIONAL_REPRESENTATION('',(#649),#653);
#649 = CIRCLE('',#650,20.8);
#650 = AXIS2_PLACEMENT_2D('',#651,#652);
#651 = CARTESIAN_POINT('',(0.,0.));
#652 = DIRECTION('',(0.769230769231,-0.638971066378));
#653 = ( GEOMETRIC_REPRESENTATION_CONTEXT(2) 
PARAMETRIC_REPRESENTATION_CONTEXT() REPRESENTATION_CONTEXT('2D SPACE',''
  ) );
#654 = ORIENTED_EDGE('',*,*,#655,.T.);
#655 = EDGE_CURVE('',#632,#656,#658,.T.);
#656 = VERTEX_POINT('',#657);
#657 = CARTESIAN_POINT('',(96.,-13.29059818066,16.));
#658 = SURFACE_CURVE('',#659,(#663,#669),.PCURVE_S1.);
#659 = LINE('',#660,#661);
#660 = CARTESIAN_POINT('',(89.3,-13.29059818066,16.));
#661 = VECTOR('',#662,1.);
#662 = DIRECTION('',(1.,0.,0.));
#663 = PCURVE('',#595,#664);
#664 = DEFINITIONAL_REPRESENTATION('',(#665),#668);
#665 = B_SPLINE_CURVE_WITH_KNOTS('',1,(#666,#667),.UNSPECIFIED.,.F.,.F.,
  (2,2),(1.,6.7),.PIECEWISE_BEZIER_KNOTS.);
#666 = CARTESIAN_POINT('',(6.976345214756,1.));
#667 = CARTESIAN_POINT('',(6.976345214756,6.7));
#668 = ( GEOMETRIC_REPRESENTATION_CONTEXT(2) 
PARAMETRIC_REPRESENTATION_CONTEXT() REPRESENTATION_CONTEXT('2D SPACE',''
  ) );
#669 = PCURVE('',#72,#670);
#670 = DEFINITIONAL_REPRESENTATION('',(#671),#674);
#671 = B_SPLINE_CURVE_WITH_KNOTS('',1,(#672,#673),.UNSPECIFIED.,.F.,.F.,
  (2,2),(0.9999994,6.7000006),.PIECEWISE_BEZIER_KNOTS.);
#672 = CARTESIAN_POINT('',(-6.000000070117E-07,16.709401819331));
#673 = CARTESIAN_POINT('',(5.7000006,16.709401819331));
#674 = ( GEOMETRIC_REPRESENTATION_CONTEXT(2) 
PARAMETRIC_REPRESENTATION_CONTEXT() REPRESENTATION_CONTEXT('2D SPACE',''
  ) );
#675 = ORIENTED_EDGE('',*,*,#676,.F.);
#676 = EDGE_CURVE('',#677,#656,#679,.T.);
#677 = VERTEX_POINT('',#678);
#678 = CARTESIAN_POINT('',(96.,-6.,19.915822855207));
#679 = SURFACE_CURVE('',#680,(#685,#691),.PCURVE_S1.);
#680 = CIRCLE('',#681,20.8);
#681 = AXIS2_PLACEMENT_3D('',#682,#683,#684);
#682 = CARTESIAN_POINT('',(96.,0.,0.));
#683 = DIRECTION('',(1.,0.,0.));
#684 = DIRECTION('',(-0.,0.,1.));
#685 = PCURVE('',#595,#686);
#686 = DEFINITIONAL_REPRESENTATION('',(#687),#690);
#687 = B_SPLINE_CURVE_WITH_KNOTS('',1,(#688,#689),.UNSPECIFIED.,.F.,.F.,
  (2,2),(0.292619685344,0.693159907577),.PIECEWISE_BEZIER_KNOTS.);
#688 = CARTESIAN_POINT('',(6.575804992524,6.7));
#689 = CARTESIAN_POINT('',(6.976345214756,6.7));
#690 = ( GEOMETRIC_REPRESENTATION_CONTEXT(2) 
PARAMETRIC_REPRESENTATION_CONTEXT() REPRESENTATION_CONTEXT('2D SPACE',''
  ) );
#691 = PCURVE('',#99,#692);
#692 = DEFINITIONAL_REPRESENTATION('',(#693),#697);
#693 = CIRCLE('',#694,20.8);
#694 = AXIS2_PLACEMENT_2D('',#695,#696);
#695 = CARTESIAN_POINT('',(0.,0.));
#696 = DIRECTION('',(1.,0.));
#697 = ( GEOMETRIC_REPRESENTATION_CONTEXT(2) 
PARAMETRIC_REPRESENTATION_CONTEXT() REPRESENTATION_CONTEXT('2D SPACE',''
  ) );
#698 = ORIENTED_EDGE('',*,*,#699,.T.);
#699 = EDGE_CURVE('',#677,#700,#702,.T.);
#700 = VERTEX_POINT('',#701);
#701 = CARTESIAN_POINT('',(105.,-6.,19.915822855207));
#702 = SURFACE_CURVE('',#703,(#707,#713),.PCURVE_S1.);
#703 = LINE('',#704,#705);
#704 = CARTESIAN_POINT('',(95.,-6.,19.915822855207));
#705 = VECTOR('',#706,1.);
#706 = DIRECTION('',(1.,0.,0.));
#707 = PCURVE('',#595,#708);
#708 = DEFINITIONAL_REPRESENTATION('',(#709),#712);
#709 = B_SPLINE_CURVE_WITH_KNOTS('',1,(#710,#711),.UNSPECIFIED.,.F.,.F.,
  (2,2),(1.,10.),.PIECEWISE_BEZIER_KNOTS.);
#710 = CARTESIAN_POINT('',(6.575804992524,6.7));
#711 = CARTESIAN_POINT('',(6.575804992524,15.7));
#712 = ( GEOMETRIC_REPRESENTATION_CONTEXT(2) 
PARAMETRIC_REPRESENTATION_CONTEXT() REPRESENTATION_CONTEXT('2D SPACE',''
  ) );
#713 = PCURVE('',#126,#714);
#714 = DEFINITIONAL_REPRESENTATION('',(#715),#718);
#715 = B_SPLINE_CURVE_WITH_KNOTS('',1,(#716,#717),.UNSPECIFIED.,.F.,.F.,
  (2,2),(0.9999994,10.0000006),.PIECEWISE_BEZIER_KNOTS.);
#716 = CARTESIAN_POINT('',(19.915822855207,-6.000000070117E-07));
#717 = CARTESIAN_POINT('',(19.915822855207,9.0000006));
#718 = ( GEOMETRIC_REPRESENTATION_CONTEXT(2) 
PARAMETRIC_REPRESENTATION_CONTEXT() REPRESENTATION_CONTEXT('2D SPACE',''
  ) );
#719 = ORIENTED_EDGE('',*,*,#720,.F.);
#720 = EDGE_CURVE('',#721,#700,#723,.T.);
#721 = VERTEX_POINT('',#722);
#722 = CARTESIAN_POINT('',(105.,-0.714142842856,20.787736769548));
#723 = SURFACE_CURVE('',#724,(#729,#735),.PCURVE_S1.);
#724 = CIRCLE('',#725,20.8);
#725 = AXIS2_PLACEMENT_3D('',#726,#727,#728);
#726 = CARTESIAN_POINT('',(105.,0.,0.));
#727 = DIRECTION('',(1.,0.,0.));
#728 = DIRECTION('',(-0.,0.,1.));
#729 = PCURVE('',#595,#730);
#730 = DEFINITIONAL_REPRESENTATION('',(#731),#734);
#731 = B_SPLINE_CURVE_WITH_KNOTS('',1,(#732,#733),.UNSPECIFIED.,.F.,.F.,
  (2,2),(3.434053960053E-02,0.292619685344),.PIECEWISE_BEZIER_KNOTS.);
#732 = CARTESIAN_POINT('',(6.31752584678,15.7));
#733 = CARTESIAN_POINT('',(6.575804992524,15.7));
#734 = ( GEOMETRIC_REPRESENTATION_CONTEXT(2) 
PARAMETRIC_REPRESENTATION_CONTEXT() REPRESENTATION_CONTEXT('2D SPACE',''
  ) );
#735 = PCURVE('',#153,#736);
#736 = DEFINITIONAL_REPRESENTATION('',(#737),#741);
#737 = CIRCLE('',#738,20.8);
#738 = AXIS2_PLACEMENT_2D('',#739,#740);
#739 = CARTESIAN_POINT('',(0.,0.));
#740 = DIRECTION('',(1.,0.));
#741 = ( GEOMETRIC_REPRESENTATION_CONTEXT(2) 
PARAMETRIC_REPRESENTATION_CONTEXT() REPRESENTATION_CONTEXT('2D SPACE',''
  ) );
#742 = ORIENTED_EDGE('',*,*,#743,.F.);
#743 = EDGE_CURVE('',#744,#721,#746,.T.);
#744 = VERTEX_POINT('',#745);
#745 = CARTESIAN_POINT('',(100.82875221481,-1.991715552109,
    20.704421488163));
#746 = SURFACE_CURVE('',#747,(#775,#806),.PCURVE_S1.);
#747 = B_SPLINE_CURVE_WITH_KNOTS('',6,(#748,#749,#750,#751,#752,#753,
    #754,#755,#756,#757,#758,#759,#760,#761,#762,#763,#764,#765,#766,
    #767,#768,#769,#770,#771,#772,#773,#774),.UNSPECIFIED.,.F.,.F.,(7,5,
    5,5,5,7),(0.,0.100758357997,0.362647176698,0.628503617773,
    0.835253291749,1.),.UNSPECIFIED.);
#748 = CARTESIAN_POINT('',(100.82875221481,-1.991715552109,
    20.704421488163));
#749 = CARTESIAN_POINT('',(100.89696835922,-2.048955693726,
    20.698915124204));
#750 = CARTESIAN_POINT('',(100.966748606,-2.102730636072,20.693550449861
    ));
#751 = CARTESIAN_POINT('',(101.03791403155,-2.153096931731,
    20.68836530098));
#752 = CARTESIAN_POINT('',(101.11030466469,-2.200109804613,
    20.683392124571));
#753 = CARTESIAN_POINT('',(101.1837791584,-2.243822785151,
    20.678658483534));
#754 = CARTESIAN_POINT('',(101.45168499879,-2.389461904894,
    20.662566842822));
#755 = CARTESIAN_POINT('',(101.65167408129,-2.472705971162,
    20.652719296566));
#756 = CARTESIAN_POINT('',(101.85598619039,-2.534882598443,
    20.645056284225));
#757 = CARTESIAN_POINT('',(102.06300484683,-2.576634715949,
    20.639803763899));
#758 = CARTESIAN_POINT('',(102.27142132351,-2.598316992065,
    20.637072259133));
#759 = CARTESIAN_POINT('',(102.69169883881,-2.601553185324,
    20.636664549386));
#760 = CARTESIAN_POINT('',(102.90344701547,-2.582493277074,
    20.639065673043));
#761 = CARTESIAN_POINT('',(103.11390859563,-2.542781855982,
    20.644075697189));
#762 = CARTESIAN_POINT('',(103.32172957873,-2.482075140796,
    20.651588100058));
#763 = CARTESIAN_POINT('',(103.52524654461,-2.399721159185,
    20.661376444038));
#764 = CARTESIAN_POINT('',(103.87536032164,-2.213254869176,
    20.682075307235));
#765 = CARTESIAN_POINT('',(104.02462184947,-2.118013211888,
    20.692256729863));
#766 = CARTESIAN_POINT('',(104.16888014542,-2.008676103473,
    20.703366634613));
#767 = CARTESIAN_POINT('',(104.30676291066,-1.88476230294,
    20.715133538297));
#768 = CARTESIAN_POINT('',(104.43652435936,-1.745829615319,
    20.727180445597));
#769 = CARTESIAN_POINT('',(104.65107568856,-1.468683754334,
    20.748449645819));
#770 = CARTESIAN_POINT('',(104.73985495127,-1.335788477387,
    20.757769080664));
#771 = CARTESIAN_POINT('',(104.82065521133,-1.193228042431,
    20.766685838614));
#772 = CARTESIAN_POINT('',(104.8919281273,-1.041550423497,20.77486955689
    ));
#773 = CARTESIAN_POINT('',(104.95218624813,-0.881524986541,
    20.781986532796));
#774 = CARTESIAN_POINT('',(105.0000006,-0.714140742431,20.787736841706)
  );
#775 = PCURVE('',#595,#776);
#776 = DEFINITIONAL_REPRESENTATION('',(#777),#805);
#777 = B_SPLINE_CURVE_WITH_KNOTS('',6,(#778,#779,#780,#781,#782,#783,
    #784,#785,#786,#787,#788,#789,#790,#791,#792,#793,#794,#795,#796,
    #797,#798,#799,#800,#801,#802,#803,#804),.UNSPECIFIED.,.F.,.F.,(7,5,
    5,5,5,7),(0.,0.100758357997,0.362647176698,0.628503617773,
    0.835253291749,0.999999655445),.UNSPECIFIED.);
#778 = CARTESIAN_POINT('',(6.379087802134,11.528752214815));
#779 = CARTESIAN_POINT('',(6.381852435845,11.596968359227));
#780 = CARTESIAN_POINT('',(6.384450586744,11.666748606006));
#781 = CARTESIAN_POINT('',(6.386884824754,11.737914031559));
#782 = CARTESIAN_POINT('',(6.389157659048,11.810304664692));
#783 = CARTESIAN_POINT('',(6.391271525837,11.883779158404));
#784 = CARTESIAN_POINT('',(6.398316016428,12.151684998799));
#785 = CARTESIAN_POINT('',(6.402345922004,12.351674081294));
#786 = CARTESIAN_POINT('',(6.405357795292,12.555986190396));
#787 = CARTESIAN_POINT('',(6.407380927893,12.763004846831));
#788 = CARTESIAN_POINT('',(6.408431584897,12.971421323519));
#789 = CARTESIAN_POINT('',(6.408588400987,13.391698838817));
#790 = CARTESIAN_POINT('',(6.407664815954,13.603447015477));
#791 = CARTESIAN_POINT('',(6.405740481689,13.81390859563));
#792 = CARTESIAN_POINT('',(6.402799627859,14.021729578734));
#793 = CARTESIAN_POINT('',(6.398812552243,14.225246544612));
#794 = CARTESIAN_POINT('',(6.389792762783,14.575360321641));
#795 = CARTESIAN_POINT('',(6.385187785658,14.724621849471));
#796 = CARTESIAN_POINT('',(6.379904243994,14.868880145428));
#797 = CARTESIAN_POINT('',(6.373920287387,15.006762910662));
#798 = CARTESIAN_POINT('',(6.367216096497,15.136524359364));
#799 = CARTESIAN_POINT('',(6.353852608822,15.351075489568));
#800 = CARTESIAN_POINT('',(6.347447871192,15.439854579927));
#801 = CARTESIAN_POINT('',(6.340580948077,15.520654704376));
#802 = CARTESIAN_POINT('',(6.333278611898,15.591927531056));
#803 = CARTESIAN_POINT('',(6.325577892991,15.652185618005));
#804 = CARTESIAN_POINT('',(6.31752584678,15.7));
#805 = ( GEOMETRIC_REPRESENTATION_CONTEXT(2) 
PARAMETRIC_REPRESENTATION_CONTEXT() REPRESENTATION_CONTEXT('2D SPACE',''
  ) );
#806 = PCURVE('',#807,#812);
#807 = CYLINDRICAL_SURFACE('',#808,2.6);
#808 = AXIS2_PLACEMENT_3D('',#809,#810,#811);
#809 = CARTESIAN_POINT('',(102.5,0.,17.5));
#810 = DIRECTION('',(0.,0.,1.));
#811 = DIRECTION('',(1.,0.,-0.));
#812 = DEFINITIONAL_REPRESENTATION('',(#813),#841);
#813 = B_SPLINE_CURVE_WITH_KNOTS('',6,(#814,#815,#816,#817,#818,#819,
    #820,#821,#822,#823,#824,#825,#826,#827,#828,#829,#830,#831,#832,
    #833,#834,#835,#836,#837,#838,#839,#840),.UNSPECIFIED.,.F.,.F.,(7,5,
    5,5,5,7),(0.,0.100758357997,0.362647176698,0.628503617773,
    0.835253291749,0.999999655445),.UNSPECIFIED.);
#814 = CARTESIAN_POINT('',(4.014257279587,3.204421488163));
#815 = CARTESIAN_POINT('',(4.048507222728,3.198915124204));
#816 = CARTESIAN_POINT('',(4.082361322615,3.193550449861));
#817 = CARTESIAN_POINT('',(4.11585311752,3.18836530098));
#818 = CARTESIAN_POINT('',(4.149013193125,3.183392124571));
#819 = CARTESIAN_POINT('',(4.181871023392,3.178658483534));
#820 = CARTESIAN_POINT('',(4.29915304613,3.162566842822));
#821 = CARTESIAN_POINT('',(4.382023625831,3.152719296566));
#822 = CARTESIAN_POINT('',(4.463577422967,3.145056284225));
#823 = CARTESIAN_POINT('',(4.544249423015,3.139803763899));
#824 = CARTESIAN_POINT('',(4.624471650706,3.137072259133));
#825 = CARTESIAN_POINT('',(4.786121640966,3.136664549386));
#826 = CARTESIAN_POINT('',(4.867504615054,3.139065673043));
#827 = CARTESIAN_POINT('',(4.949302302618,3.144075697189));
#828 = CARTESIAN_POINT('',(5.031964067973,3.151588100058));
#829 = CARTESIAN_POINT('',(5.115941968509,3.161376444038));
#830 = CARTESIAN_POINT('',(5.268508441642,3.182075307235));
#831 = CARTESIAN_POINT('',(5.336398114403,3.192256729863));
#832 = CARTESIAN_POINT('',(5.405672419614,3.203366634613));
#833 = CARTESIAN_POINT('',(5.476581536116,3.215133538297));
#834 = CARTESIAN_POINT('',(5.549386745679,3.227180445597));
#835 = CARTESIAN_POINT('',(5.684189841867,3.248449626092));
#836 = CARTESIAN_POINT('',(5.745509464789,3.257769041682));
#837 = CARTESIAN_POINT('',(5.808275527095,3.266685782668));
#838 = CARTESIAN_POINT('',(5.872437987503,3.274869488428));
#839 = CARTESIAN_POINT('',(5.937984957606,3.281986458373));
#840 = CARTESIAN_POINT('',(6.004938484444,3.287736769548));
#841 = ( GEOMETRIC_REPRESENTATION_CONTEXT(2) 
PARAMETRIC_REPRESENTATION_CONTEXT() REPRESENTATION_CONTEXT('2D SPACE',''
  ) );
#842 = ORIENTED_EDGE('',*,*,#843,.T.);
#843 = EDGE_CURVE('',#744,#844,#846,.T.);
#844 = VERTEX_POINT('',#845);
#845 = CARTESIAN_POINT('',(98.455118050163,2.547265342226E-15,20.8));
#846 = SURFACE_CURVE('',#847,(#852,#862),.PCURVE_S1.);
#847 = ELLIPSE('',#848,32.359055598697,20.8);
#848 = AXIS2_PLACEMENT_3D('',#849,#850,#851);
#849 = CARTESIAN_POINT('',(98.455118050163,0.,0.));
#850 = DIRECTION('',(-0.642787609687,-0.766044443119,0.));
#851 = DIRECTION('',(0.766044443119,-0.642787609687,0.));
#852 = PCURVE('',#595,#853);
#853 = DEFINITIONAL_REPRESENTATION('',(#854),#861);
#854 = B_SPLINE_CURVE_WITH_KNOTS('',5,(#855,#856,#857,#858,#859,#860),
  .UNSPECIFIED.,.F.,.F.,(6,6),(1.474893831841,1.570796326795),
  .PIECEWISE_BEZIER_KNOTS.);
#855 = CARTESIAN_POINT('',(6.379087802134,11.528752214818));
#856 = CARTESIAN_POINT('',(6.359907303143,11.055481674944));
#857 = CARTESIAN_POINT('',(6.340726804152,10.581119585147));
#858 = CARTESIAN_POINT('',(6.321546305161,10.106028679135));
#859 = CARTESIAN_POINT('',(6.30236580617,9.630573364629));
#860 = CARTESIAN_POINT('',(6.28318530718,9.155118050163));
#861 = ( GEOMETRIC_REPRESENTATION_CONTEXT(2) 
PARAMETRIC_REPRESENTATION_CONTEXT() REPRESENTATION_CONTEXT('2D SPACE',''
  ) );
#862 = PCURVE('',#863,#868);
#863 = PLANE('',#864);
#864 = AXIS2_PLACEMENT_3D('',#865,#866,#867);
#865 = CARTESIAN_POINT('',(100.82875221481,-1.991715552109,17.5));
#866 = DIRECTION('',(-0.642787609687,-0.766044443119,0.));
#867 = DIRECTION('',(-0.766044443119,0.642787609687,0.));
#868 = DEFINITIONAL_REPRESENTATION('',(#869),#873);
#869 = ELLIPSE('',#870,32.359055598697,20.8);
#870 = AXIS2_PLACEMENT_2D('',#871,#872);
#871 = CARTESIAN_POINT('',(3.098559340745,17.5));
#872 = DIRECTION('',(-1.,-0.));
#873 = ( GEOMETRIC_REPRESENTATION_CONTEXT(2) 
PARAMETRIC_REPRESENTATION_CONTEXT() REPRESENTATION_CONTEXT('2D SPACE',''
  ) );
#874 = ORIENTED_EDGE('',*,*,#875,.T.);
#875 = EDGE_CURVE('',#844,#876,#878,.T.);
#876 = VERTEX_POINT('',#877);
#877 = CARTESIAN_POINT('',(100.82875221481,1.991715552109,
    20.704421488163));
#878 = SURFACE_CURVE('',#879,(#884,#894),.PCURVE_S1.);
#879 = ELLIPSE('',#880,32.359055598697,20.8);
#880 = AXIS2_PLACEMENT_3D('',#881,#882,#883);
#881 = CARTESIAN_POINT('',(98.455118050163,0.,0.));
#882 = DIRECTION('',(-0.642787609687,0.766044443119,0.));
#883 = DIRECTION('',(0.766044443119,0.642787609687,0.));
#884 = PCURVE('',#595,#885);
#885 = DEFINITIONAL_REPRESENTATION('',(#886),#893);
#886 = B_SPLINE_CURVE_WITH_KNOTS('',5,(#887,#888,#889,#890,#891,#892),
  .UNSPECIFIED.,.F.,.F.,(6,6),(4.712388980385,4.808291475339),
  .PIECEWISE_BEZIER_KNOTS.);
#887 = CARTESIAN_POINT('',(6.28318530718,9.155118050163));
#888 = CARTESIAN_POINT('',(6.264004808189,9.630573364629));
#889 = CARTESIAN_POINT('',(6.244824309198,10.106028679135));
#890 = CARTESIAN_POINT('',(6.225643810207,10.581119585147));
#891 = CARTESIAN_POINT('',(6.206463311216,11.055481674944));
#892 = CARTESIAN_POINT('',(6.187282812225,11.528752214818));
#893 = ( GEOMETRIC_REPRESENTATION_CONTEXT(2) 
PARAMETRIC_REPRESENTATION_CONTEXT() REPRESENTATION_CONTEXT('2D SPACE',''
  ) );
#894 = PCURVE('',#895,#900);
#895 = PLANE('',#896);
#896 = AXIS2_PLACEMENT_3D('',#897,#898,#899);
#897 = CARTESIAN_POINT('',(98.455118050163,0.,17.5));
#898 = DIRECTION('',(-0.642787609687,0.766044443119,0.));
#899 = DIRECTION('',(0.766044443119,0.642787609687,0.));
#900 = DEFINITIONAL_REPRESENTATION('',(#901),#905);
#901 = ELLIPSE('',#902,32.359055598697,20.8);
#902 = AXIS2_PLACEMENT_2D('',#903,#904);
#903 = CARTESIAN_POINT('',(0.,17.5));
#904 = DIRECTION('',(1.,0.));
#905 = ( GEOMETRIC_REPRESENTATION_CONTEXT(2) 
PARAMETRIC_REPRESENTATION_CONTEXT() REPRESENTATION_CONTEXT('2D SPACE',''
  ) );
#906 = ORIENTED_EDGE('',*,*,#907,.F.);
#907 = EDGE_CURVE('',#908,#876,#910,.T.);
#908 = VERTEX_POINT('',#909);
#909 = CARTESIAN_POINT('',(105.,0.714142842856,20.787736769548));
#910 = SURFACE_CURVE('',#911,(#938,#968),.PCURVE_S1.);
#911 = B_SPLINE_CURVE_WITH_KNOTS('',7,(#912,#913,#914,#915,#916,#917,
    #918,#919,#920,#921,#922,#923,#924,#925,#926,#927,#928,#929,#930,
    #931,#932,#933,#934,#935,#936,#937),.UNSPECIFIED.,.F.,.F.,(8,6,6,6,8
    ),(0.,0.285264706881,0.632975128666,0.824944992237,1.),
  .UNSPECIFIED.);
#912 = CARTESIAN_POINT('',(105.0000006,0.714140742431,20.787736841706));
#913 = CARTESIAN_POINT('',(104.92871695898,0.963684193346,
    20.779164040026));
#914 = CARTESIAN_POINT('',(104.83091823872,1.196017468348,
    20.767683155165));
#915 = CARTESIAN_POINT('',(104.71120410448,1.409173163686,
    20.754226224804));
#916 = CARTESIAN_POINT('',(104.57372105811,1.602018487681,
    20.739766251595));
#917 = CARTESIAN_POINT('',(104.42229075436,1.774032065658,20.72517166638
    ));
#918 = CARTESIAN_POINT('',(104.26047665752,1.925185411842,
    20.711130429964));
#919 = CARTESIAN_POINT('',(103.88573116672,2.21529309332,20.682314279984
    ));
#920 = CARTESIAN_POINT('',(103.66769987868,2.34562209947,20.667923156211
    ));
#921 = CARTESIAN_POINT('',(103.44138434836,2.448234521593,
    20.655783101511));
#922 = CARTESIAN_POINT('',(103.20954241896,2.524317466837,20.64639536831
    ));
#923 = CARTESIAN_POINT('',(102.9742497992,2.574751758804,20.64004119631)
  );
#924 = CARTESIAN_POINT('',(102.73720939346,2.6,20.636860226304));
#925 = CARTESIAN_POINT('',(102.3690374172,2.6,20.636860226304));
#926 = CARTESIAN_POINT('',(102.23808327226,2.592303957226,20.63782994201
    ));
#927 = CARTESIAN_POINT('',(102.10742769225,2.576913644691,
    20.639768742928));
#928 = CARTESIAN_POINT('',(101.97736483659,2.553789590537,
    20.642663738985));
#929 = CARTESIAN_POINT('',(101.84820773411,2.522853726775,
    20.646488025197));
#930 = CARTESIAN_POINT('',(101.72030312018,2.483992038018,
    20.651198926333));
#931 = CARTESIAN_POINT('',(101.47891417529,2.394257905729,
    20.661785652694));
#932 = CARTESIAN_POINT('',(101.36515303353,2.344745667805,20.66752215557
    ));
#933 = CARTESIAN_POINT('',(101.25305015065,2.288404405746,
    20.673900298836));
#934 = CARTESIAN_POINT('',(101.14293607193,2.225092808112,
    20.680862200193));
#935 = CARTESIAN_POINT('',(101.03519751215,2.154652484433,20.68833451414
    ));
#936 = CARTESIAN_POINT('',(100.93029028208,2.076916106908,
    20.696225399702));
#937 = CARTESIAN_POINT('',(100.82875221481,1.991715552109,
    20.704421488163));
#938 = PCURVE('',#595,#939);
#939 = DEFINITIONAL_REPRESENTATION('',(#940),#967);
#940 = B_SPLINE_CURVE_WITH_KNOTS('',7,(#941,#942,#943,#944,#945,#946,
    #947,#948,#949,#950,#951,#952,#953,#954,#955,#956,#957,#958,#959,
    #960,#961,#962,#963,#964,#965,#966),.UNSPECIFIED.,.F.,.F.,(8,6,6,6,8
    ),(3.430133872015E-07,0.285264706881,0.632975128666,0.824944992237,
    1.),.UNSPECIFIED.);
#941 = CARTESIAN_POINT('',(6.248844767579,15.7));
#942 = CARTESIAN_POINT('',(6.236840429182,15.628716253403));
#943 = CARTESIAN_POINT('',(6.225658221087,15.530917518982));
#944 = CARTESIAN_POINT('',(6.215391344016,15.411203443229));
#945 = CARTESIAN_POINT('',(6.206094856553,15.273720511853));
#946 = CARTESIAN_POINT('',(6.197795691219,15.122290365219));
#947 = CARTESIAN_POINT('',(6.190497582193,14.960476454447));
#948 = CARTESIAN_POINT('',(6.176481469084,14.585731166721));
#949 = CARTESIAN_POINT('',(6.17017794711,14.367699878685));
#950 = CARTESIAN_POINT('',(6.165210381197,14.141384348365));
#951 = CARTESIAN_POINT('',(6.161524824858,13.909542418961));
#952 = CARTESIAN_POINT('',(6.159080929276,13.674249799202));
#953 = CARTESIAN_POINT('',(6.157857476012,13.437209393468));
#954 = CARTESIAN_POINT('',(6.157857476012,13.069037417204));
#955 = CARTESIAN_POINT('',(6.158230402672,12.938083272267));
#956 = CARTESIAN_POINT('',(6.158976171395,12.807427692259));
#957 = CARTESIAN_POINT('',(6.160096583091,12.677364836594));
#958 = CARTESIAN_POINT('',(6.16159519956,12.548207734116));
#959 = CARTESIAN_POINT('',(6.163477218861,12.420303120182));
#960 = CARTESIAN_POINT('',(6.167821280345,12.178914175294));
#961 = CARTESIAN_POINT('',(6.170217593575,12.065153033538));
#962 = CARTESIAN_POINT('',(6.172943595813,11.953050150657));
#963 = CARTESIAN_POINT('',(6.176005738288,11.84293607193));
#964 = CARTESIAN_POINT('',(6.179411242111,11.735197512159));
#965 = CARTESIAN_POINT('',(6.183167722371,11.630290282088));
#966 = CARTESIAN_POINT('',(6.187282812225,11.528752214815));
#967 = ( GEOMETRIC_REPRESENTATION_CONTEXT(2) 
PARAMETRIC_REPRESENTATION_CONTEXT() REPRESENTATION_CONTEXT('2D SPACE',''
  ) );
#968 = PCURVE('',#807,#969);
#969 = DEFINITIONAL_REPRESENTATION('',(#970),#997);
#970 = B_SPLINE_CURVE_WITH_KNOTS('',7,(#971,#972,#973,#974,#975,#976,
    #977,#978,#979,#980,#981,#982,#983,#984,#985,#986,#987,#988,#989,
    #990,#991,#992,#993,#994,#995,#996),.UNSPECIFIED.,.F.,.F.,(8,6,6,6,8
    ),(3.430133872015E-07,0.285264706881,0.632975128666,0.824944992237,
    1.),.UNSPECIFIED.);
#971 = CARTESIAN_POINT('',(6.561432129915,3.287736769548));
#972 = CARTESIAN_POINT('',(6.661249340596,3.279163957196));
#973 = CARTESIAN_POINT('',(6.757503650136,3.267683074259));
#974 = CARTESIAN_POINT('',(6.85060193902,3.254226155255));
#975 = CARTESIAN_POINT('',(6.940800324683,3.239766198948));
#976 = CARTESIAN_POINT('',(7.028257792571,3.225171632612));
#977 = CARTESIAN_POINT('',(7.113058877698,3.211130414348));
#978 = CARTESIAN_POINT('',(7.295334274995,3.182314279984));
#979 = CARTESIAN_POINT('',(7.392329464892,3.167923156211));
#980 = CARTESIAN_POINT('',(7.486957693705,3.155783101511));
#981 = CARTESIAN_POINT('',(7.579840015469,3.14639536831));
#982 = CARTESIAN_POINT('',(7.671577953535,3.14004119631));
#983 = CARTESIAN_POINT('',(7.762747251871,3.136860226304));
#984 = CARTESIAN_POINT('',(7.904351858127,3.136860226304));
#985 = CARTESIAN_POINT('',(7.954718780493,3.13782994201));
#986 = CARTESIAN_POINT('',(8.005179741834,3.139768742928));
#987 = CARTESIAN_POINT('',(8.055830072485,3.142663738985));
#988 = CARTESIAN_POINT('',(8.106765544048,3.146488025197));
#989 = CARTESIAN_POINT('',(8.158084821085,3.151198926333));
#990 = CARTESIAN_POINT('',(8.257134176134,3.161785652694));
#991 = CARTESIAN_POINT('',(8.304781702195,3.16752215557));
#992 = CARTESIAN_POINT('',(8.352919192407,3.173900298836));
#993 = CARTESIAN_POINT('',(8.401631395323,3.180862200193));
#994 = CARTESIAN_POINT('',(8.451005433392,3.18833451414));
#995 = CARTESIAN_POINT('',(8.50113312971,3.196225399702));
#996 = CARTESIAN_POINT('',(8.552113334772,3.204421488163));
#997 = ( GEOMETRIC_REPRESENTATION_CONTEXT(2) 
PARAMETRIC_REPRESENTATION_CONTEXT() REPRESENTATION_CONTEXT('2D SPACE',''
  ) );
#998 = ORIENTED_EDGE('',*,*,#999,.F.);
#999 = EDGE_CURVE('',#1000,#908,#1002,.T.);
#1000 = VERTEX_POINT('',#1001);
#1001 = CARTESIAN_POINT('',(105.,6.,19.915822855207));
#1002 = SURFACE_CURVE('',#1003,(#1008,#1014),.PCURVE_S1.);
#1003 = CIRCLE('',#1004,20.8);
#1004 = AXIS2_PLACEMENT_3D('',#1005,#1006,#1007);
#1005 = CARTESIAN_POINT('',(105.,0.,0.));
#1006 = DIRECTION('',(1.,0.,0.));
#1007 = DIRECTION('',(-0.,0.,1.));
#1008 = PCURVE('',#595,#1009);
#1009 = DEFINITIONAL_REPRESENTATION('',(#1010),#1013);
#1010 = B_SPLINE_CURVE_WITH_KNOTS('',1,(#1011,#1012),.UNSPECIFIED.,.F.,
  .F.,(2,2),(5.990565621835,6.248844767579),.PIECEWISE_BEZIER_KNOTS.);
#1011 = CARTESIAN_POINT('',(5.990565621835,15.7));
#1012 = CARTESIAN_POINT('',(6.248844767579,15.7));
#1013 = ( GEOMETRIC_REPRESENTATION_CONTEXT(2) 
PARAMETRIC_REPRESENTATION_CONTEXT() REPRESENTATION_CONTEXT('2D SPACE',''
  ) );
#1014 = PCURVE('',#153,#1015);
#1015 = DEFINITIONAL_REPRESENTATION('',(#1016),#1020);
#1016 = CIRCLE('',#1017,20.8);
#1017 = AXIS2_PLACEMENT_2D('',#1018,#1019);
#1018 = CARTESIAN_POINT('',(0.,0.));
#1019 = DIRECTION('',(1.,0.));
#1020 = ( GEOMETRIC_REPRESENTATION_CONTEXT(2) 
PARAMETRIC_REPRESENTATION_CONTEXT() REPRESENTATION_CONTEXT('2D SPACE',''
  ) );
#1021 = ORIENTED_EDGE('',*,*,#1022,.F.);
#1022 = EDGE_CURVE('',#1023,#1000,#1025,.T.);
#1023 = VERTEX_POINT('',#1024);
#1024 = CARTESIAN_POINT('',(96.,6.,19.915822855207));
#1025 = SURFACE_CURVE('',#1026,(#1030,#1036),.PCURVE_S1.);
#1026 = LINE('',#1027,#1028);
#1027 = CARTESIAN_POINT('',(95.,6.,19.915822855207));
#1028 = VECTOR('',#1029,1.);
#1029 = DIRECTION('',(1.,0.,0.));
#1030 = PCURVE('',#595,#1031);
#1031 = DEFINITIONAL_REPRESENTATION('',(#1032),#1035);
#1032 = B_SPLINE_CURVE_WITH_KNOTS('',1,(#1033,#1034),.UNSPECIFIED.,.F.,
  .F.,(2,2),(1.,10.),.PIECEWISE_BEZIER_KNOTS.);
#1033 = CARTESIAN_POINT('',(5.990565621835,6.7));
#1034 = CARTESIAN_POINT('',(5.990565621835,15.7));
#1035 = ( GEOMETRIC_REPRESENTATION_CONTEXT(2) 
PARAMETRIC_REPRESENTATION_CONTEXT() REPRESENTATION_CONTEXT('2D SPACE',''
  ) );
#1036 = PCURVE('',#491,#1037);
#1037 = DEFINITIONAL_REPRESENTATION('',(#1038),#1041);
#1038 = B_SPLINE_CURVE_WITH_KNOTS('',1,(#1039,#1040),.UNSPECIFIED.,.F.,
  .F.,(2,2),(0.9999994,10.0000006),.PIECEWISE_BEZIER_KNOTS.);
#1039 = CARTESIAN_POINT('',(19.915822855207,-6.000000070117E-07));
#1040 = CARTESIAN_POINT('',(19.915822855207,9.0000006));
#1041 = ( GEOMETRIC_REPRESENTATION_CONTEXT(2) 
PARAMETRIC_REPRESENTATION_CONTEXT() REPRESENTATION_CONTEXT('2D SPACE',''
  ) );
#1042 = ORIENTED_EDGE('',*,*,#1043,.F.);
#1043 = EDGE_CURVE('',#581,#1023,#1044,.T.);
#1044 = SURFACE_CURVE('',#1045,(#1050,#1056),.PCURVE_S1.);
#1045 = CIRCLE('',#1046,20.8);
#1046 = AXIS2_PLACEMENT_3D('',#1047,#1048,#1049);
#1047 = CARTESIAN_POINT('',(96.,0.,0.));
#1048 = DIRECTION('',(1.,0.,0.));
#1049 = DIRECTION('',(-0.,0.,1.));
#1050 = PCURVE('',#595,#1051);
#1051 = DEFINITIONAL_REPRESENTATION('',(#1052),#1055);
#1052 = B_SPLINE_CURVE_WITH_KNOTS('',1,(#1053,#1054),.UNSPECIFIED.,.F.,
  .F.,(2,2),(5.590025399603,5.990565621835),.PIECEWISE_BEZIER_KNOTS.);
#1053 = CARTESIAN_POINT('',(5.590025399603,6.7));
#1054 = CARTESIAN_POINT('',(5.990565621835,6.7));
#1055 = ( GEOMETRIC_REPRESENTATION_CONTEXT(2) 
PARAMETRIC_REPRESENTATION_CONTEXT() REPRESENTATION_CONTEXT('2D SPACE',''
  ) );
#1056 = PCURVE('',#518,#1057);
#1057 = DEFINITIONAL_REPRESENTATION('',(#1058),#1062);
#1058 = CIRCLE('',#1059,20.8);
#1059 = AXIS2_PLACEMENT_2D('',#1060,#1061);
#1060 = CARTESIAN_POINT('',(0.,0.));
#1061 = DIRECTION('',(1.,0.));
#1062 = ( GEOMETRIC_REPRESENTATION_CONTEXT(2) 
PARAMETRIC_REPRESENTATION_CONTEXT() REPRESENTATION_CONTEXT('2D SPACE',''
  ) );
#1063 = ORIENTED_EDGE('',*,*,#580,.F.);
#1064 = ADVANCED_FACE('',(#1065),#895,.T.);
#1065 = FACE_BOUND('',#1066,.T.);
#1066 = EDGE_LOOP('',(#1067,#1097,#1118,#1119));
#1067 = ORIENTED_EDGE('',*,*,#1068,.F.);
#1068 = EDGE_CURVE('',#1069,#1071,#1073,.T.);
#1069 = VERTEX_POINT('',#1070);
#1070 = CARTESIAN_POINT('',(98.455118050163,0.,17.5));
#1071 = VERTEX_POINT('',#1072);
#1072 = CARTESIAN_POINT('',(100.82875221481,1.991715552109,17.5));
#1073 = SURFACE_CURVE('',#1074,(#1078,#1085),.PCURVE_S1.);
#1074 = LINE('',#1075,#1076);
#1075 = CARTESIAN_POINT('',(98.455118050163,0.,17.5));
#1076 = VECTOR('',#1077,1.);
#1077 = DIRECTION('',(0.766044443119,0.642787609687,0.));
#1078 = PCURVE('',#895,#1079);
#1079 = DEFINITIONAL_REPRESENTATION('',(#1080),#1084);
#1080 = LINE('',#1081,#1082);
#1081 = CARTESIAN_POINT('',(0.,0.));
#1082 = VECTOR('',#1083,1.);
#1083 = DIRECTION('',(1.,0.));
#1084 = ( GEOMETRIC_REPRESENTATION_CONTEXT(2) 
PARAMETRIC_REPRESENTATION_CONTEXT() REPRESENTATION_CONTEXT('2D SPACE',''
  ) );
#1085 = PCURVE('',#1086,#1091);
#1086 = PLANE('',#1087);
#1087 = AXIS2_PLACEMENT_3D('',#1088,#1089,#1090);
#1088 = CARTESIAN_POINT('',(102.5,0.,17.5));
#1089 = DIRECTION('',(0.,0.,1.));
#1090 = DIRECTION('',(1.,0.,-0.));
#1091 = DEFINITIONAL_REPRESENTATION('',(#1092),#1096);
#1092 = LINE('',#1093,#1094);
#1093 = CARTESIAN_POINT('',(-4.044881949837,0.));
#1094 = VECTOR('',#1095,1.);
#1095 = DIRECTION('',(0.766044443119,0.642787609687));
#1096 = ( GEOMETRIC_REPRESENTATION_CONTEXT(2) 
PARAMETRIC_REPRESENTATION_CONTEXT() REPRESENTATION_CONTEXT('2D SPACE',''
  ) );
#1097 = ORIENTED_EDGE('',*,*,#1098,.T.);
#1098 = EDGE_CURVE('',#1069,#844,#1099,.T.);
#1099 = SURFACE_CURVE('',#1100,(#1104,#1111),.PCURVE_S1.);
#1100 = LINE('',#1101,#1102);
#1101 = CARTESIAN_POINT('',(98.455118050163,0.,17.5));
#1102 = VECTOR('',#1103,1.);
#1103 = DIRECTION('',(0.,0.,1.));
#1104 = PCURVE('',#895,#1105);
#1105 = DEFINITIONAL_REPRESENTATION('',(#1106),#1110);
#1106 = LINE('',#1107,#1108);
#1107 = CARTESIAN_POINT('',(0.,0.));
#1108 = VECTOR('',#1109,1.);
#1109 = DIRECTION('',(0.,-1.));
#1110 = ( GEOMETRIC_REPRESENTATION_CONTEXT(2) 
PARAMETRIC_REPRESENTATION_CONTEXT() REPRESENTATION_CONTEXT('2D SPACE',''
  ) );
#1111 = PCURVE('',#863,#1112);
#1112 = DEFINITIONAL_REPRESENTATION('',(#1113),#1117);
#1113 = LINE('',#1114,#1115);
#1114 = CARTESIAN_POINT('',(3.098559340745,0.));
#1115 = VECTOR('',#1116,1.);
#1116 = DIRECTION('',(0.,-1.));
#1117 = ( GEOMETRIC_REPRESENTATION_CONTEXT(2) 
PARAMETRIC_REPRESENTATION_CONTEXT() REPRESENTATION_CONTEXT('2D SPACE',''
  ) );
#1118 = ORIENTED_EDGE('',*,*,#875,.T.);
#1119 = ORIENTED_EDGE('',*,*,#1120,.F.);
#1120 = EDGE_CURVE('',#1071,#876,#1121,.T.);
#1121 = SURFACE_CURVE('',#1122,(#1126,#1133),.PCURVE_S1.);
#1122 = LINE('',#1123,#1124);
#1123 = CARTESIAN_POINT('',(100.82875221481,1.991715552109,17.5));
#1124 = VECTOR('',#1125,1.);
#1125 = DIRECTION('',(0.,0.,1.));
#1126 = PCURVE('',#895,#1127);
#1127 = DEFINITIONAL_REPRESENTATION('',(#1128),#1132);
#1128 = LINE('',#1129,#1130);
#1129 = CARTESIAN_POINT('',(3.098559340745,0.));
#1130 = VECTOR('',#1131,1.);
#1131 = DIRECTION('',(0.,-1.));
#1132 = ( GEOMETRIC_REPRESENTATION_CONTEXT(2) 
PARAMETRIC_REPRESENTATION_CONTEXT() REPRESENTATION_CONTEXT('2D SPACE',''
  ) );
#1133 = PCURVE('',#807,#1134);
#1134 = DEFINITIONAL_REPRESENTATION('',(#1135),#1138);
#1135 = B_SPLINE_CURVE_WITH_KNOTS('',1,(#1136,#1137),.UNSPECIFIED.,.F.,
  .F.,(2,2),(0.,3.204421488163),.PIECEWISE_BEZIER_KNOTS.);
#1136 = CARTESIAN_POINT('',(8.552113334772,0.));
#1137 = CARTESIAN_POINT('',(8.552113334772,3.204421488163));
#1138 = ( GEOMETRIC_REPRESENTATION_CONTEXT(2) 
PARAMETRIC_REPRESENTATION_CONTEXT() REPRESENTATION_CONTEXT('2D SPACE',''
  ) );
#1139 = ADVANCED_FACE('',(#1140,#1188),#1086,.F.);
#1140 = FACE_BOUND('',#1141,.F.);
#1141 = EDGE_LOOP('',(#1142,#1166,#1167));
#1142 = ORIENTED_EDGE('',*,*,#1143,.T.);
#1143 = EDGE_CURVE('',#1144,#1071,#1146,.T.);
#1144 = VERTEX_POINT('',#1145);
#1145 = CARTESIAN_POINT('',(100.82875221481,-1.991715552109,17.5));
#1146 = SURFACE_CURVE('',#1147,(#1152,#1159),.PCURVE_S1.);
#1147 = CIRCLE('',#1148,2.6);
#1148 = AXIS2_PLACEMENT_3D('',#1149,#1150,#1151);
#1149 = CARTESIAN_POINT('',(102.5,0.,17.5));
#1150 = DIRECTION('',(0.,0.,1.));
#1151 = DIRECTION('',(-0.642787609687,-0.766044443119,0.));
#1152 = PCURVE('',#1086,#1153);
#1153 = DEFINITIONAL_REPRESENTATION('',(#1154),#1158);
#1154 = CIRCLE('',#1155,2.6);
#1155 = AXIS2_PLACEMENT_2D('',#1156,#1157);
#1156 = CARTESIAN_POINT('',(0.,0.));
#1157 = DIRECTION('',(-0.642787609687,-0.766044443119));
#1158 = ( GEOMETRIC_REPRESENTATION_CONTEXT(2) 
PARAMETRIC_REPRESENTATION_CONTEXT() REPRESENTATION_CONTEXT('2D SPACE',''
  ) );
#1159 = PCURVE('',#807,#1160);
#1160 = DEFINITIONAL_REPRESENTATION('',(#1161),#1165);
#1161 = LINE('',#1162,#1163);
#1162 = CARTESIAN_POINT('',(4.014257279587,0.));
#1163 = VECTOR('',#1164,1.);
#1164 = DIRECTION('',(1.,0.));
#1165 = ( GEOMETRIC_REPRESENTATION_CONTEXT(2) 
PARAMETRIC_REPRESENTATION_CONTEXT() REPRESENTATION_CONTEXT('2D SPACE',''
  ) );
#1166 = ORIENTED_EDGE('',*,*,#1068,.F.);
#1167 = ORIENTED_EDGE('',*,*,#1168,.F.);
#1168 = EDGE_CURVE('',#1144,#1069,#1169,.T.);
#1169 = SURFACE_CURVE('',#1170,(#1174,#1181),.PCURVE_S1.);
#1170 = LINE('',#1171,#1172);
#1171 = CARTESIAN_POINT('',(100.82875221481,-1.991715552109,17.5));
#1172 = VECTOR('',#1173,1.);
#1173 = DIRECTION('',(-0.766044443119,0.642787609687,0.));
#1174 = PCURVE('',#1086,#1175);
#1175 = DEFINITIONAL_REPRESENTATION('',(#1176),#1180);
#1176 = LINE('',#1177,#1178);
#1177 = CARTESIAN_POINT('',(-1.671247785185,-1.991715552109));
#1178 = VECTOR('',#1179,1.);
#1179 = DIRECTION('',(-0.766044443119,0.642787609687));
#1180 = ( GEOMETRIC_REPRESENTATION_CONTEXT(2) 
PARAMETRIC_REPRESENTATION_CONTEXT() REPRESENTATION_CONTEXT('2D SPACE',''
  ) );
#1181 = PCURVE('',#863,#1182);
#1182 = DEFINITIONAL_REPRESENTATION('',(#1183),#1187);
#1183 = LINE('',#1184,#1185);
#1184 = CARTESIAN_POINT('',(0.,0.));
#1185 = VECTOR('',#1186,1.);
#1186 = DIRECTION('',(1.,0.));
#1187 = ( GEOMETRIC_REPRESENTATION_CONTEXT(2) 
PARAMETRIC_REPRESENTATION_CONTEXT() REPRESENTATION_CONTEXT('2D SPACE',''
  ) );
#1188 = FACE_BOUND('',#1189,.F.);
#1189 = EDGE_LOOP('',(#1190));
#1190 = ORIENTED_EDGE('',*,*,#1191,.F.);
#1191 = EDGE_CURVE('',#1192,#1192,#1194,.T.);
#1192 = VERTEX_POINT('',#1193);
#1193 = CARTESIAN_POINT('',(103.3,-1.959434878636E-16,17.5));
#1194 = SURFACE_CURVE('',#1195,(#1200,#1207),.PCURVE_S1.);
#1195 = CIRCLE('',#1196,0.8);
#1196 = AXIS2_PLACEMENT_3D('',#1197,#1198,#1199);
#1197 = CARTESIAN_POINT('',(102.5,0.,17.5));
#1198 = DIRECTION('',(0.,0.,1.));
#1199 = DIRECTION('',(1.,0.,-0.));
#1200 = PCURVE('',#1086,#1201);
#1201 = DEFINITIONAL_REPRESENTATION('',(#1202),#1206);
#1202 = CIRCLE('',#1203,0.8);
#1203 = AXIS2_PLACEMENT_2D('',#1204,#1205);
#1204 = CARTESIAN_POINT('',(0.,0.));
#1205 = DIRECTION('',(1.,0.));
#1206 = ( GEOMETRIC_REPRESENTATION_CONTEXT(2) 
PARAMETRIC_REPRESENTATION_CONTEXT() REPRESENTATION_CONTEXT('2D SPACE',''
  ) );
#1207 = PCURVE('',#1208,#1213);
#1208 = CYLINDRICAL_SURFACE('',#1209,0.8);
#1209 = AXIS2_PLACEMENT_3D('',#1210,#1211,#1212);
#1210 = CARTESIAN_POINT('',(102.5,0.,16.5));
#1211 = DIRECTION('',(0.,0.,1.));
#1212 = DIRECTION('',(1.,0.,-0.));
#1213 = DEFINITIONAL_REPRESENTATION('',(#1214),#1218);
#1214 = LINE('',#1215,#1216);
#1215 = CARTESIAN_POINT('',(0.,1.));
#1216 = VECTOR('',#1217,1.);
#1217 = DIRECTION('',(1.,0.));
#1218 = ( GEOMETRIC_REPRESENTATION_CONTEXT(2) 
PARAMETRIC_REPRESENTATION_CONTEXT() REPRESENTATION_CONTEXT('2D SPACE',''
  ) );
#1219 = ADVANCED_FACE('',(#1220),#1208,.F.);
#1220 = FACE_BOUND('',#1221,.F.);
#1221 = EDGE_LOOP('',(#1222,#1255,#1276,#1277));
#1222 = ORIENTED_EDGE('',*,*,#1223,.F.);
#1223 = EDGE_CURVE('',#1224,#1224,#1226,.T.);
#1224 = VERTEX_POINT('',#1225);
#1225 = CARTESIAN_POINT('',(103.3,-1.959434878636E-16,22.25));
#1226 = SURFACE_CURVE('',#1227,(#1232,#1239),.PCURVE_S1.);
#1227 = CIRCLE('',#1228,0.8);
#1228 = AXIS2_PLACEMENT_3D('',#1229,#1230,#1231);
#1229 = CARTESIAN_POINT('',(102.5,0.,22.25));
#1230 = DIRECTION('',(0.,0.,1.));
#1231 = DIRECTION('',(1.,0.,-0.));
#1232 = PCURVE('',#1208,#1233);
#1233 = DEFINITIONAL_REPRESENTATION('',(#1234),#1238);
#1234 = LINE('',#1235,#1236);
#1235 = CARTESIAN_POINT('',(0.,5.75));
#1236 = VECTOR('',#1237,1.);
#1237 = DIRECTION('',(1.,0.));
#1238 = ( GEOMETRIC_REPRESENTATION_CONTEXT(2) 
PARAMETRIC_REPRESENTATION_CONTEXT() REPRESENTATION_CONTEXT('2D SPACE',''
  ) );
#1239 = PCURVE('',#1240,#1245);
#1240 = PLANE('',#1241);
#1241 = AXIS2_PLACEMENT_3D('',#1242,#1243,#1244);
#1242 = CARTESIAN_POINT('',(98.218979717507,9.75617036483E-17,22.25));
#1243 = DIRECTION('',(-0.,-0.,-1.));
#1244 = DIRECTION('',(-1.,0.,0.));
#1245 = DEFINITIONAL_REPRESENTATION('',(#1246),#1254);
#1246 = ( BOUNDED_CURVE() B_SPLINE_CURVE(2,(#1247,#1248,#1249,#1250,
#1251,#1252,#1253),.UNSPECIFIED.,.T.,.F.) B_SPLINE_CURVE_WITH_KNOTS((1,2
    ,2,2,2,1),(-2.094395102393,0.,2.094395102393,4.188790204786,
6.28318530718,8.377580409573),.UNSPECIFIED.) CURVE() 
GEOMETRIC_REPRESENTATION_ITEM() RATIONAL_B_SPLINE_CURVE((1.,0.5,1.,0.5,
1.,0.5,1.)) REPRESENTATION_ITEM('') );
#1247 = CARTESIAN_POINT('',(-5.081020282493,-9.75617036483E-17));
#1248 = CARTESIAN_POINT('',(-5.081020282493,1.385640646055));
#1249 = CARTESIAN_POINT('',(-3.881020282493,0.692820323028));
#1250 = CARTESIAN_POINT('',(-2.681020282493,9.838178421528E-17));
#1251 = CARTESIAN_POINT('',(-3.881020282493,-0.692820323028));
#1252 = CARTESIAN_POINT('',(-5.081020282493,-1.385640646055));
#1253 = CARTESIAN_POINT('',(-5.081020282493,-9.75617036483E-17));
#1254 = ( GEOMETRIC_REPRESENTATION_CONTEXT(2) 
PARAMETRIC_REPRESENTATION_CONTEXT() REPRESENTATION_CONTEXT('2D SPACE',''
  ) );
#1255 = ORIENTED_EDGE('',*,*,#1256,.F.);
#1256 = EDGE_CURVE('',#1192,#1224,#1257,.T.);
#1257 = SEAM_CURVE('',#1258,(#1262,#1269),.PCURVE_S1.);
#1258 = LINE('',#1259,#1260);
#1259 = CARTESIAN_POINT('',(103.3,-1.959434878636E-16,16.5));
#1260 = VECTOR('',#1261,1.);
#1261 = DIRECTION('',(0.,0.,1.));
#1262 = PCURVE('',#1208,#1263);
#1263 = DEFINITIONAL_REPRESENTATION('',(#1264),#1268);
#1264 = LINE('',#1265,#1266);
#1265 = CARTESIAN_POINT('',(6.28318530718,-0.));
#1266 = VECTOR('',#1267,1.);
#1267 = DIRECTION('',(0.,1.));
#1268 = ( GEOMETRIC_REPRESENTATION_CONTEXT(2) 
PARAMETRIC_REPRESENTATION_CONTEXT() REPRESENTATION_CONTEXT('2D SPACE',''
  ) );
#1269 = PCURVE('',#1208,#1270);
#1270 = DEFINITIONAL_REPRESENTATION('',(#1271),#1275);
#1271 = LINE('',#1272,#1273);
#1272 = CARTESIAN_POINT('',(0.,-0.));
#1273 = VECTOR('',#1274,1.);
#1274 = DIRECTION('',(0.,1.));
#1275 = ( GEOMETRIC_REPRESENTATION_CONTEXT(2) 
PARAMETRIC_REPRESENTATION_CONTEXT() REPRESENTATION_CONTEXT('2D SPACE',''
  ) );
#1276 = ORIENTED_EDGE('',*,*,#1191,.T.);
#1277 = ORIENTED_EDGE('',*,*,#1256,.T.);
#1278 = ADVANCED_FACE('',(#1279,#1405),#1240,.F.);
#1279 = FACE_BOUND('',#1280,.F.);
#1280 = EDGE_LOOP('',(#1281,#1306,#1329,#1357,#1379));
#1281 = ORIENTED_EDGE('',*,*,#1282,.T.);
#1282 = EDGE_CURVE('',#1283,#1285,#1287,.T.);
#1283 = VERTEX_POINT('',#1284);
#1284 = CARTESIAN_POINT('',(99.511037614958,-3.562106660503,22.25));
#1285 = VERTEX_POINT('',#1286);
#1286 = CARTESIAN_POINT('',(95.265884205099,0.,22.25));
#1287 = SURFACE_CURVE('',#1288,(#1292,#1299),.PCURVE_S1.);
#1288 = LINE('',#1289,#1290);
#1289 = CARTESIAN_POINT('',(99.511037614958,-3.562106660503,22.25));
#1290 = VECTOR('',#1291,1.);
#1291 = DIRECTION('',(-0.766044443119,0.642787609687,0.));
#1292 = PCURVE('',#1240,#1293);
#1293 = DEFINITIONAL_REPRESENTATION('',(#1294),#1298);
#1294 = LINE('',#1295,#1296);
#1295 = CARTESIAN_POINT('',(-1.29205789745,-3.562106660503));
#1296 = VECTOR('',#1297,1.);
#1297 = DIRECTION('',(0.766044443119,0.642787609687));
#1298 = ( GEOMETRIC_REPRESENTATION_CONTEXT(2) 
PARAMETRIC_REPRESENTATION_CONTEXT() REPRESENTATION_CONTEXT('2D SPACE',''
  ) );
#1299 = PCURVE('',#270,#1300);
#1300 = DEFINITIONAL_REPRESENTATION('',(#1301),#1305);
#1301 = LINE('',#1302,#1303);
#1302 = CARTESIAN_POINT('',(0.,0.));
#1303 = VECTOR('',#1304,1.);
#1304 = DIRECTION('',(1.,0.));
#1305 = ( GEOMETRIC_REPRESENTATION_CONTEXT(2) 
PARAMETRIC_REPRESENTATION_CONTEXT() REPRESENTATION_CONTEXT('2D SPACE',''
  ) );
#1306 = ORIENTED_EDGE('',*,*,#1307,.T.);
#1307 = EDGE_CURVE('',#1285,#1308,#1310,.T.);
#1308 = VERTEX_POINT('',#1309);
#1309 = CARTESIAN_POINT('',(99.511037614958,3.562106660503,22.25));
#1310 = SURFACE_CURVE('',#1311,(#1315,#1322),.PCURVE_S1.);
#1311 = LINE('',#1312,#1313);
#1312 = CARTESIAN_POINT('',(95.265884205099,0.,22.25));
#1313 = VECTOR('',#1314,1.);
#1314 = DIRECTION('',(0.766044443119,0.642787609687,0.));
#1315 = PCURVE('',#1240,#1316);
#1316 = DEFINITIONAL_REPRESENTATION('',(#1317),#1321);
#1317 = LINE('',#1318,#1319);
#1318 = CARTESIAN_POINT('',(2.953095512408,-9.75617036483E-17));
#1319 = VECTOR('',#1320,1.);
#1320 = DIRECTION('',(-0.766044443119,0.642787609687));
#1321 = ( GEOMETRIC_REPRESENTATION_CONTEXT(2) 
PARAMETRIC_REPRESENTATION_CONTEXT() REPRESENTATION_CONTEXT('2D SPACE',''
  ) );
#1322 = PCURVE('',#329,#1323);
#1323 = DEFINITIONAL_REPRESENTATION('',(#1324),#1328);
#1324 = LINE('',#1325,#1326);
#1325 = CARTESIAN_POINT('',(0.,0.));
#1326 = VECTOR('',#1327,1.);
#1327 = DIRECTION('',(1.,0.));
#1328 = ( GEOMETRIC_REPRESENTATION_CONTEXT(2) 
PARAMETRIC_REPRESENTATION_CONTEXT() REPRESENTATION_CONTEXT('2D SPACE',''
  ) );
#1329 = ORIENTED_EDGE('',*,*,#1330,.F.);
#1330 = EDGE_CURVE('',#1331,#1308,#1333,.T.);
#1331 = VERTEX_POINT('',#1332);
#1332 = CARTESIAN_POINT('',(105.,3.920777984023,22.25));
#1333 = SURFACE_CURVE('',#1334,(#1339,#1350),.PCURVE_S1.);
#1334 = CIRCLE('',#1335,4.65);
#1335 = AXIS2_PLACEMENT_3D('',#1336,#1337,#1338);
#1336 = CARTESIAN_POINT('',(102.5,0.,22.25));
#1337 = DIRECTION('',(0.,0.,1.));
#1338 = DIRECTION('',(1.,0.,-0.));
#1339 = PCURVE('',#1240,#1340);
#1340 = DEFINITIONAL_REPRESENTATION('',(#1341),#1349);
#1341 = ( BOUNDED_CURVE() B_SPLINE_CURVE(2,(#1342,#1343,#1344,#1345,
#1346,#1347,#1348),.UNSPECIFIED.,.T.,.F.) B_SPLINE_CURVE_WITH_KNOTS((1,2
    ,2,2,2,1),(-2.094395102393,0.,2.094395102393,4.188790204786,
6.28318530718,8.377580409573),.UNSPECIFIED.) CURVE() 
GEOMETRIC_REPRESENTATION_ITEM() RATIONAL_B_SPLINE_CURVE((1.,0.5,1.,0.5,
1.,0.5,1.)) REPRESENTATION_ITEM('') );
#1342 = CARTESIAN_POINT('',(-8.931020282493,-9.75617036483E-17));
#1343 = CARTESIAN_POINT('',(-8.931020282493,8.054036255195));
#1344 = CARTESIAN_POINT('',(-1.956020282493,4.027018127598));
#1345 = CARTESIAN_POINT('',(5.018979717507,1.041359819559E-15));
#1346 = CARTESIAN_POINT('',(-1.956020282493,-4.027018127598));
#1347 = CARTESIAN_POINT('',(-8.931020282493,-8.054036255195));
#1348 = CARTESIAN_POINT('',(-8.931020282493,-9.75617036483E-17));
#1349 = ( GEOMETRIC_REPRESENTATION_CONTEXT(2) 
PARAMETRIC_REPRESENTATION_CONTEXT() REPRESENTATION_CONTEXT('2D SPACE',''
  ) );
#1350 = PCURVE('',#422,#1351);
#1351 = DEFINITIONAL_REPRESENTATION('',(#1352),#1356);
#1352 = LINE('',#1353,#1354);
#1353 = CARTESIAN_POINT('',(0.,0.));
#1354 = VECTOR('',#1355,1.);
#1355 = DIRECTION('',(1.,0.));
#1356 = ( GEOMETRIC_REPRESENTATION_CONTEXT(2) 
PARAMETRIC_REPRESENTATION_CONTEXT() REPRESENTATION_CONTEXT('2D SPACE',''
  ) );
#1357 = ORIENTED_EDGE('',*,*,#1358,.T.);
#1358 = EDGE_CURVE('',#1331,#1359,#1361,.T.);
#1359 = VERTEX_POINT('',#1360);
#1360 = CARTESIAN_POINT('',(105.,-3.920777984023,22.25));
#1361 = SURFACE_CURVE('',#1362,(#1366,#1373),.PCURVE_S1.);
#1362 = LINE('',#1363,#1364);
#1363 = CARTESIAN_POINT('',(105.,0.,22.25));
#1364 = VECTOR('',#1365,1.);
#1365 = DIRECTION('',(0.,-1.,0.));
#1366 = PCURVE('',#1240,#1367);
#1367 = DEFINITIONAL_REPRESENTATION('',(#1368),#1372);
#1368 = LINE('',#1369,#1370);
#1369 = CARTESIAN_POINT('',(-6.781020282493,-9.75617036483E-17));
#1370 = VECTOR('',#1371,1.);
#1371 = DIRECTION('',(0.,-1.));
#1372 = ( GEOMETRIC_REPRESENTATION_CONTEXT(2) 
PARAMETRIC_REPRESENTATION_CONTEXT() REPRESENTATION_CONTEXT('2D SPACE',''
  ) );
#1373 = PCURVE('',#153,#1374);
#1374 = DEFINITIONAL_REPRESENTATION('',(#1375),#1378);
#1375 = B_SPLINE_CURVE_WITH_KNOTS('',1,(#1376,#1377),.UNSPECIFIED.,.F.,
  .F.,(2,2),(-4.65,4.65),.PIECEWISE_BEZIER_KNOTS.);
#1376 = CARTESIAN_POINT('',(22.25,-4.65));
#1377 = CARTESIAN_POINT('',(22.25,4.65));
#1378 = ( GEOMETRIC_REPRESENTATION_CONTEXT(2) 
PARAMETRIC_REPRESENTATION_CONTEXT() REPRESENTATION_CONTEXT('2D SPACE',''
  ) );
#1379 = ORIENTED_EDGE('',*,*,#1380,.F.);
#1380 = EDGE_CURVE('',#1283,#1359,#1381,.T.);
#1381 = SURFACE_CURVE('',#1382,(#1387,#1398),.PCURVE_S1.);
#1382 = CIRCLE('',#1383,4.65);
#1383 = AXIS2_PLACEMENT_3D('',#1384,#1385,#1386);
#1384 = CARTESIAN_POINT('',(102.5,0.,22.25));
#1385 = DIRECTION('',(0.,0.,1.));
#1386 = DIRECTION('',(1.,0.,-0.));
#1387 = PCURVE('',#1240,#1388);
#1388 = DEFINITIONAL_REPRESENTATION('',(#1389),#1397);
#1389 = ( BOUNDED_CURVE() B_SPLINE_CURVE(2,(#1390,#1391,#1392,#1393,
#1394,#1395,#1396),.UNSPECIFIED.,.T.,.F.) B_SPLINE_CURVE_WITH_KNOTS((1,2
    ,2,2,2,1),(-2.094395102393,0.,2.094395102393,4.188790204786,
6.28318530718,8.377580409573),.UNSPECIFIED.) CURVE() 
GEOMETRIC_REPRESENTATION_ITEM() RATIONAL_B_SPLINE_CURVE((1.,0.5,1.,0.5,
1.,0.5,1.)) REPRESENTATION_ITEM('') );
#1390 = CARTESIAN_POINT('',(-8.931020282493,-9.75617036483E-17));
#1391 = CARTESIAN_POINT('',(-8.931020282493,8.054036255195));
#1392 = CARTESIAN_POINT('',(-1.956020282493,4.027018127598));
#1393 = CARTESIAN_POINT('',(5.018979717507,1.041359819559E-15));
#1394 = CARTESIAN_POINT('',(-1.956020282493,-4.027018127598));
#1395 = CARTESIAN_POINT('',(-8.931020282493,-8.054036255195));
#1396 = CARTESIAN_POINT('',(-8.931020282493,-9.75617036483E-17));
#1397 = ( GEOMETRIC_REPRESENTATION_CONTEXT(2) 
PARAMETRIC_REPRESENTATION_CONTEXT() REPRESENTATION_CONTEXT('2D SPACE',''
  ) );
#1398 = PCURVE('',#219,#1399);
#1399 = DEFINITIONAL_REPRESENTATION('',(#1400),#1404);
#1400 = LINE('',#1401,#1402);
#1401 = CARTESIAN_POINT('',(0.,0.));
#1402 = VECTOR('',#1403,1.);
#1403 = DIRECTION('',(1.,0.));
#1404 = ( GEOMETRIC_REPRESENTATION_CONTEXT(2) 
PARAMETRIC_REPRESENTATION_CONTEXT() REPRESENTATION_CONTEXT('2D SPACE',''
  ) );
#1405 = FACE_BOUND('',#1406,.F.);
#1406 = EDGE_LOOP('',(#1407));
#1407 = ORIENTED_EDGE('',*,*,#1223,.T.);
#1408 = ADVANCED_FACE('',(#1409),#863,.T.);
#1409 = FACE_BOUND('',#1410,.T.);
#1410 = EDGE_LOOP('',(#1411,#1412,#1432,#1433));
#1411 = ORIENTED_EDGE('',*,*,#1168,.F.);
#1412 = ORIENTED_EDGE('',*,*,#1413,.T.);
#1413 = EDGE_CURVE('',#1144,#744,#1414,.T.);
#1414 = SURFACE_CURVE('',#1415,(#1419,#1426),.PCURVE_S1.);
#1415 = LINE('',#1416,#1417);
#1416 = CARTESIAN_POINT('',(100.82875221481,-1.991715552109,17.5));
#1417 = VECTOR('',#1418,1.);
#1418 = DIRECTION('',(0.,0.,1.));
#1419 = PCURVE('',#863,#1420);
#1420 = DEFINITIONAL_REPRESENTATION('',(#1421),#1425);
#1421 = LINE('',#1422,#1423);
#1422 = CARTESIAN_POINT('',(0.,0.));
#1423 = VECTOR('',#1424,1.);
#1424 = DIRECTION('',(0.,-1.));
#1425 = ( GEOMETRIC_REPRESENTATION_CONTEXT(2) 
PARAMETRIC_REPRESENTATION_CONTEXT() REPRESENTATION_CONTEXT('2D SPACE',''
  ) );
#1426 = PCURVE('',#807,#1427);
#1427 = DEFINITIONAL_REPRESENTATION('',(#1428),#1431);
#1428 = B_SPLINE_CURVE_WITH_KNOTS('',1,(#1429,#1430),.UNSPECIFIED.,.F.,
  .F.,(2,2),(0.,3.204421488163),.PIECEWISE_BEZIER_KNOTS.);
#1429 = CARTESIAN_POINT('',(4.014257279587,0.));
#1430 = CARTESIAN_POINT('',(4.014257279587,3.204421488163));
#1431 = ( GEOMETRIC_REPRESENTATION_CONTEXT(2) 
PARAMETRIC_REPRESENTATION_CONTEXT() REPRESENTATION_CONTEXT('2D SPACE',''
  ) );
#1432 = ORIENTED_EDGE('',*,*,#843,.T.);
#1433 = ORIENTED_EDGE('',*,*,#1098,.F.);
#1434 = ADVANCED_FACE('',(#1435),#807,.T.);
#1435 = FACE_BOUND('',#1436,.T.);
#1436 = EDGE_LOOP('',(#1437,#1472,#1491,#1492,#1493,#1494,#1495,#1496));
#1437 = ORIENTED_EDGE('',*,*,#1438,.T.);
#1438 = EDGE_CURVE('',#1439,#1441,#1443,.T.);
#1439 = VERTEX_POINT('',#1440);
#1440 = CARTESIAN_POINT('',(105.,0.714142842854,21.4));
#1441 = VERTEX_POINT('',#1442);
#1442 = CARTESIAN_POINT('',(105.,-0.714142842854,21.4));
#1443 = SURFACE_CURVE('',#1444,(#1449,#1456),.PCURVE_S1.);
#1444 = CIRCLE('',#1445,2.6);
#1445 = AXIS2_PLACEMENT_3D('',#1446,#1447,#1448);
#1446 = CARTESIAN_POINT('',(102.5,0.,21.4));
#1447 = DIRECTION('',(0.,0.,-1.));
#1448 = DIRECTION('',(0.961538461538,0.274670324175,0.));
#1449 = PCURVE('',#807,#1450);
#1450 = DEFINITIONAL_REPRESENTATION('',(#1451),#1455);
#1451 = LINE('',#1452,#1453);
#1452 = CARTESIAN_POINT('',(6.561432129914,3.9));
#1453 = VECTOR('',#1454,1.);
#1454 = DIRECTION('',(-1.,-0.));
#1455 = ( GEOMETRIC_REPRESENTATION_CONTEXT(2) 
PARAMETRIC_REPRESENTATION_CONTEXT() REPRESENTATION_CONTEXT('2D SPACE',''
  ) );
#1456 = PCURVE('',#1457,#1462);
#1457 = PLANE('',#1458);
#1458 = AXIS2_PLACEMENT_3D('',#1459,#1460,#1461);
#1459 = CARTESIAN_POINT('',(102.5,0.,21.4));
#1460 = DIRECTION('',(0.,0.,1.));
#1461 = DIRECTION('',(1.,0.,-0.));
#1462 = DEFINITIONAL_REPRESENTATION('',(#1463),#1471);
#1463 = ( BOUNDED_CURVE() B_SPLINE_CURVE(2,(#1464,#1465,#1466,#1467,
#1468,#1469,#1470),.UNSPECIFIED.,.T.,.F.) B_SPLINE_CURVE_WITH_KNOTS((1,2
    ,2,2,2,1),(-2.094395102393,0.,2.094395102393,4.188790204786,
6.28318530718,8.377580409573),.UNSPECIFIED.) CURVE() 
GEOMETRIC_REPRESENTATION_ITEM() RATIONAL_B_SPLINE_CURVE((1.,0.5,1.,0.5,
1.,0.5,1.)) REPRESENTATION_ITEM('') );
#1464 = CARTESIAN_POINT('',(2.5,0.714142842854));
#1465 = CARTESIAN_POINT('',(3.736931687685,-3.615984176068));
#1466 = CARTESIAN_POINT('',(-0.631534156157,-2.522134930888));
#1467 = CARTESIAN_POINT('',(-5.,-1.428285685709));
#1468 = CARTESIAN_POINT('',(-1.868465843843,1.807992088034));
#1469 = CARTESIAN_POINT('',(1.263068312315,5.044269861776));
#1470 = CARTESIAN_POINT('',(2.5,0.714142842854));
#1471 = ( GEOMETRIC_REPRESENTATION_CONTEXT(2) 
PARAMETRIC_REPRESENTATION_CONTEXT() REPRESENTATION_CONTEXT('2D SPACE',''
  ) );
#1472 = ORIENTED_EDGE('',*,*,#1473,.F.);
#1473 = EDGE_CURVE('',#721,#1441,#1474,.T.);
#1474 = SURFACE_CURVE('',#1475,(#1479,#1485),.PCURVE_S1.);
#1475 = LINE('',#1476,#1477);
#1476 = CARTESIAN_POINT('',(105.,-0.714142842854,17.5));
#1477 = VECTOR('',#1478,1.);
#1478 = DIRECTION('',(0.,0.,1.));
#1479 = PCURVE('',#807,#1480);
#1480 = DEFINITIONAL_REPRESENTATION('',(#1481),#1484);
#1481 = B_SPLINE_CURVE_WITH_KNOTS('',1,(#1482,#1483),.UNSPECIFIED.,.F.,
  .F.,(2,2),(3.287736769548,3.9),.PIECEWISE_BEZIER_KNOTS.);
#1482 = CARTESIAN_POINT('',(6.004938484445,3.287736769548));
#1483 = CARTESIAN_POINT('',(6.004938484445,3.9));
#1484 = ( GEOMETRIC_REPRESENTATION_CONTEXT(2) 
PARAMETRIC_REPRESENTATION_CONTEXT() REPRESENTATION_CONTEXT('2D SPACE',''
  ) );
#1485 = PCURVE('',#153,#1486);
#1486 = DEFINITIONAL_REPRESENTATION('',(#1487),#1490);
#1487 = B_SPLINE_CURVE_WITH_KNOTS('',1,(#1488,#1489),.UNSPECIFIED.,.F.,
  .F.,(2,2),(2.022405140728,3.9000006),.PIECEWISE_BEZIER_KNOTS.);
#1488 = CARTESIAN_POINT('',(19.522405140728,0.714142842854));
#1489 = CARTESIAN_POINT('',(21.4000006,0.714142842854));
#1490 = ( GEOMETRIC_REPRESENTATION_CONTEXT(2) 
PARAMETRIC_REPRESENTATION_CONTEXT() REPRESENTATION_CONTEXT('2D SPACE',''
  ) );
#1491 = ORIENTED_EDGE('',*,*,#743,.F.);
#1492 = ORIENTED_EDGE('',*,*,#1413,.F.);
#1493 = ORIENTED_EDGE('',*,*,#1143,.T.);
#1494 = ORIENTED_EDGE('',*,*,#1120,.T.);
#1495 = ORIENTED_EDGE('',*,*,#907,.F.);
#1496 = ORIENTED_EDGE('',*,*,#1497,.T.);
#1497 = EDGE_CURVE('',#908,#1439,#1498,.T.);
#1498 = SURFACE_CURVE('',#1499,(#1503,#1509),.PCURVE_S1.);
#1499 = LINE('',#1500,#1501);
#1500 = CARTESIAN_POINT('',(105.,0.714142842854,17.5));
#1501 = VECTOR('',#1502,1.);
#1502 = DIRECTION('',(0.,0.,1.));
#1503 = PCURVE('',#807,#1504);
#1504 = DEFINITIONAL_REPRESENTATION('',(#1505),#1508);
#1505 = B_SPLINE_CURVE_WITH_KNOTS('',1,(#1506,#1507),.UNSPECIFIED.,.F.,
  .F.,(2,2),(3.287736769548,3.9),.PIECEWISE_BEZIER_KNOTS.);
#1506 = CARTESIAN_POINT('',(6.561432129914,3.287736769548));
#1507 = CARTESIAN_POINT('',(6.561432129914,3.9));
#1508 = ( GEOMETRIC_REPRESENTATION_CONTEXT(2) 
PARAMETRIC_REPRESENTATION_CONTEXT() REPRESENTATION_CONTEXT('2D SPACE',''
  ) );
#1509 = PCURVE('',#153,#1510);
#1510 = DEFINITIONAL_REPRESENTATION('',(#1511),#1514);
#1511 = B_SPLINE_CURVE_WITH_KNOTS('',1,(#1512,#1513),.UNSPECIFIED.,.F.,
  .F.,(2,2),(2.022405140728,3.9000006),.PIECEWISE_BEZIER_KNOTS.);
#1512 = CARTESIAN_POINT('',(19.522405140728,-0.714142842854));
#1513 = CARTESIAN_POINT('',(21.4000006,-0.714142842854));
#1514 = ( GEOMETRIC_REPRESENTATION_CONTEXT(2) 
PARAMETRIC_REPRESENTATION_CONTEXT() REPRESENTATION_CONTEXT('2D SPACE',''
  ) );
#1515 = ADVANCED_FACE('',(#1516),#1457,.T.);
#1516 = FACE_BOUND('',#1517,.T.);
#1517 = EDGE_LOOP('',(#1518,#1537));
#1518 = ORIENTED_EDGE('',*,*,#1519,.T.);
#1519 = EDGE_CURVE('',#1439,#1441,#1520,.T.);
#1520 = SURFACE_CURVE('',#1521,(#1525,#1531),.PCURVE_S1.);
#1521 = LINE('',#1522,#1523);
#1522 = CARTESIAN_POINT('',(105.,0.,21.4));
#1523 = VECTOR('',#1524,1.);
#1524 = DIRECTION('',(0.,-1.,0.));
#1525 = PCURVE('',#1457,#1526);
#1526 = DEFINITIONAL_REPRESENTATION('',(#1527),#1530);
#1527 = B_SPLINE_CURVE_WITH_KNOTS('',1,(#1528,#1529),.UNSPECIFIED.,.F.,
  .F.,(2,2),(-2.6,2.6),.PIECEWISE_BEZIER_KNOTS.);
#1528 = CARTESIAN_POINT('',(2.5,2.6));
#1529 = CARTESIAN_POINT('',(2.5,-2.6));
#1530 = ( GEOMETRIC_REPRESENTATION_CONTEXT(2) 
PARAMETRIC_REPRESENTATION_CONTEXT() REPRESENTATION_CONTEXT('2D SPACE',''
  ) );
#1531 = PCURVE('',#153,#1532);
#1532 = DEFINITIONAL_REPRESENTATION('',(#1533),#1536);
#1533 = B_SPLINE_CURVE_WITH_KNOTS('',1,(#1534,#1535),.UNSPECIFIED.,.F.,
  .F.,(2,2),(-2.6,2.6),.PIECEWISE_BEZIER_KNOTS.);
#1534 = CARTESIAN_POINT('',(21.4,-2.6));
#1535 = CARTESIAN_POINT('',(21.4,2.6));
#1536 = ( GEOMETRIC_REPRESENTATION_CONTEXT(2) 
PARAMETRIC_REPRESENTATION_CONTEXT() REPRESENTATION_CONTEXT('2D SPACE',''
  ) );
#1537 = ORIENTED_EDGE('',*,*,#1438,.F.);
#1538 = ADVANCED_FACE('',(#1539),#518,.T.);
#1539 = FACE_BOUND('',#1540,.T.);
#1540 = EDGE_LOOP('',(#1541,#1542,#1543,#1564));
#1541 = ORIENTED_EDGE('',*,*,#606,.T.);
#1542 = ORIENTED_EDGE('',*,*,#502,.T.);
#1543 = ORIENTED_EDGE('',*,*,#1544,.F.);
#1544 = EDGE_CURVE('',#1023,#477,#1545,.T.);
#1545 = SURFACE_CURVE('',#1546,(#1550,#1557),.PCURVE_S1.);
#1546 = LINE('',#1547,#1548);
#1547 = CARTESIAN_POINT('',(96.,6.,0.));
#1548 = VECTOR('',#1549,1.);
#1549 = DIRECTION('',(0.,0.,1.));
#1550 = PCURVE('',#518,#1551);
#1551 = DEFINITIONAL_REPRESENTATION('',(#1552),#1556);
#1552 = LINE('',#1553,#1554);
#1553 = CARTESIAN_POINT('',(0.,-6.));
#1554 = VECTOR('',#1555,1.);
#1555 = DIRECTION('',(1.,0.));
#1556 = ( GEOMETRIC_REPRESENTATION_CONTEXT(2) 
PARAMETRIC_REPRESENTATION_CONTEXT() REPRESENTATION_CONTEXT('2D SPACE',''
  ) );
#1557 = PCURVE('',#491,#1558);
#1558 = DEFINITIONAL_REPRESENTATION('',(#1559),#1563);
#1559 = LINE('',#1560,#1561);
#1560 = CARTESIAN_POINT('',(0.,0.));
#1561 = VECTOR('',#1562,1.);
#1562 = DIRECTION('',(1.,0.));
#1563 = ( GEOMETRIC_REPRESENTATION_CONTEXT(2) 
PARAMETRIC_REPRESENTATION_CONTEXT() REPRESENTATION_CONTEXT('2D SPACE',''
  ) );
#1564 = ORIENTED_EDGE('',*,*,#1043,.F.);
#1565 = ADVANCED_FACE('',(#1566),#491,.T.);
#1566 = FACE_BOUND('',#1567,.T.);
#1567 = EDGE_LOOP('',(#1568,#1589,#1590,#1591));
#1568 = ORIENTED_EDGE('',*,*,#1569,.F.);
#1569 = EDGE_CURVE('',#1000,#454,#1570,.T.);
#1570 = SURFACE_CURVE('',#1571,(#1575,#1582),.PCURVE_S1.);
#1571 = LINE('',#1572,#1573);
#1572 = CARTESIAN_POINT('',(105.,6.,0.));
#1573 = VECTOR('',#1574,1.);
#1574 = DIRECTION('',(0.,0.,1.));
#1575 = PCURVE('',#491,#1576);
#1576 = DEFINITIONAL_REPRESENTATION('',(#1577),#1581);
#1577 = LINE('',#1578,#1579);
#1578 = CARTESIAN_POINT('',(0.,9.));
#1579 = VECTOR('',#1580,1.);
#1580 = DIRECTION('',(1.,0.));
#1581 = ( GEOMETRIC_REPRESENTATION_CONTEXT(2) 
PARAMETRIC_REPRESENTATION_CONTEXT() REPRESENTATION_CONTEXT('2D SPACE',''
  ) );
#1582 = PCURVE('',#153,#1583);
#1583 = DEFINITIONAL_REPRESENTATION('',(#1584),#1588);
#1584 = LINE('',#1585,#1586);
#1585 = CARTESIAN_POINT('',(0.,-6.));
#1586 = VECTOR('',#1587,1.);
#1587 = DIRECTION('',(1.,0.));
#1588 = ( GEOMETRIC_REPRESENTATION_CONTEXT(2) 
PARAMETRIC_REPRESENTATION_CONTEXT() REPRESENTATION_CONTEXT('2D SPACE',''
  ) );
#1589 = ORIENTED_EDGE('',*,*,#1022,.F.);
#1590 = ORIENTED_EDGE('',*,*,#1544,.T.);
#1591 = ORIENTED_EDGE('',*,*,#476,.T.);
#1592 = ADVANCED_FACE('',(#1593),#422,.F.);
#1593 = FACE_BOUND('',#1594,.F.);
#1594 = EDGE_LOOP('',(#1595,#1616,#1617,#1636));
#1595 = ORIENTED_EDGE('',*,*,#1596,.T.);
#1596 = EDGE_CURVE('',#1308,#342,#1597,.T.);
#1597 = SURFACE_CURVE('',#1598,(#1602,#1609),.PCURVE_S1.);
#1598 = LINE('',#1599,#1600);
#1599 = CARTESIAN_POINT('',(99.511037614958,3.562106660503,22.25));
#1600 = VECTOR('',#1601,1.);
#1601 = DIRECTION('',(0.,0.,1.));
#1602 = PCURVE('',#422,#1603);
#1603 = DEFINITIONAL_REPRESENTATION('',(#1604),#1608);
#1604 = LINE('',#1605,#1606);
#1605 = CARTESIAN_POINT('',(2.268928027593,0.));
#1606 = VECTOR('',#1607,1.);
#1607 = DIRECTION('',(0.,1.));
#1608 = ( GEOMETRIC_REPRESENTATION_CONTEXT(2) 
PARAMETRIC_REPRESENTATION_CONTEXT() REPRESENTATION_CONTEXT('2D SPACE',''
  ) );
#1609 = PCURVE('',#329,#1610);
#1610 = DEFINITIONAL_REPRESENTATION('',(#1611),#1615);
#1611 = LINE('',#1612,#1613);
#1612 = CARTESIAN_POINT('',(5.541654205563,0.));
#1613 = VECTOR('',#1614,1.);
#1614 = DIRECTION('',(0.,-1.));
#1615 = ( GEOMETRIC_REPRESENTATION_CONTEXT(2) 
PARAMETRIC_REPRESENTATION_CONTEXT() REPRESENTATION_CONTEXT('2D SPACE',''
  ) );
#1616 = ORIENTED_EDGE('',*,*,#368,.F.);
#1617 = ORIENTED_EDGE('',*,*,#1618,.F.);
#1618 = EDGE_CURVE('',#1331,#369,#1619,.T.);
#1619 = SURFACE_CURVE('',#1620,(#1624,#1630),.PCURVE_S1.);
#1620 = LINE('',#1621,#1622);
#1621 = CARTESIAN_POINT('',(105.,3.920777984023,22.25));
#1622 = VECTOR('',#1623,1.);
#1623 = DIRECTION('',(0.,0.,1.));
#1624 = PCURVE('',#422,#1625);
#1625 = DEFINITIONAL_REPRESENTATION('',(#1626),#1629);
#1626 = B_SPLINE_CURVE_WITH_KNOTS('',1,(#1627,#1628),.UNSPECIFIED.,.F.,
  .F.,(2,2),(-5.999999999062E-07,1.993417714479),
  .PIECEWISE_BEZIER_KNOTS.);
#1627 = CARTESIAN_POINT('',(1.003167300682,-5.999999999062E-07));
#1628 = CARTESIAN_POINT('',(1.003167300682,1.993417714479));
#1629 = ( GEOMETRIC_REPRESENTATION_CONTEXT(2) 
PARAMETRIC_REPRESENTATION_CONTEXT() REPRESENTATION_CONTEXT('2D SPACE',''
  ) );
#1630 = PCURVE('',#153,#1631);
#1631 = DEFINITIONAL_REPRESENTATION('',(#1632),#1635);
#1632 = B_SPLINE_CURVE_WITH_KNOTS('',1,(#1633,#1634),.UNSPECIFIED.,.F.,
  .F.,(2,2),(-5.999999999062E-07,1.993417714479),
  .PIECEWISE_BEZIER_KNOTS.);
#1633 = CARTESIAN_POINT('',(22.2499994,-3.920777984023));
#1634 = CARTESIAN_POINT('',(24.243417714479,-3.920777984023));
#1635 = ( GEOMETRIC_REPRESENTATION_CONTEXT(2) 
PARAMETRIC_REPRESENTATION_CONTEXT() REPRESENTATION_CONTEXT('2D SPACE',''
  ) );
#1636 = ORIENTED_EDGE('',*,*,#1330,.T.);
#1637 = ADVANCED_FACE('',(#1638),#329,.F.);
#1638 = FACE_BOUND('',#1639,.F.);
#1639 = EDGE_LOOP('',(#1640,#1641,#1662,#1663,#1664));
#1640 = ORIENTED_EDGE('',*,*,#1307,.F.);
#1641 = ORIENTED_EDGE('',*,*,#1642,.T.);
#1642 = EDGE_CURVE('',#1285,#283,#1643,.T.);
#1643 = SURFACE_CURVE('',#1644,(#1648,#1655),.PCURVE_S1.);
#1644 = LINE('',#1645,#1646);
#1645 = CARTESIAN_POINT('',(95.265884205099,0.,22.25));
#1646 = VECTOR('',#1647,1.);
#1647 = DIRECTION('',(0.,0.,1.));
#1648 = PCURVE('',#329,#1649);
#1649 = DEFINITIONAL_REPRESENTATION('',(#1650),#1654);
#1650 = LINE('',#1651,#1652);
#1651 = CARTESIAN_POINT('',(0.,0.));
#1652 = VECTOR('',#1653,1.);
#1653 = DIRECTION('',(0.,-1.));
#1654 = ( GEOMETRIC_REPRESENTATION_CONTEXT(2) 
PARAMETRIC_REPRESENTATION_CONTEXT() REPRESENTATION_CONTEXT('2D SPACE',''
  ) );
#1655 = PCURVE('',#270,#1656);
#1656 = DEFINITIONAL_REPRESENTATION('',(#1657),#1661);
#1657 = LINE('',#1658,#1659);
#1658 = CARTESIAN_POINT('',(5.541654205563,0.));
#1659 = VECTOR('',#1660,1.);
#1660 = DIRECTION('',(0.,-1.));
#1661 = ( GEOMETRIC_REPRESENTATION_CONTEXT(2) 
PARAMETRIC_REPRESENTATION_CONTEXT() REPRESENTATION_CONTEXT('2D SPACE',''
  ) );
#1662 = ORIENTED_EDGE('',*,*,#309,.T.);
#1663 = ORIENTED_EDGE('',*,*,#341,.T.);
#1664 = ORIENTED_EDGE('',*,*,#1596,.F.);
#1665 = ADVANCED_FACE('',(#1666),#270,.F.);
#1666 = FACE_BOUND('',#1667,.F.);
#1667 = EDGE_LOOP('',(#1668,#1669,#1690,#1691,#1692));
#1668 = ORIENTED_EDGE('',*,*,#1282,.F.);
#1669 = ORIENTED_EDGE('',*,*,#1670,.T.);
#1670 = EDGE_CURVE('',#1283,#166,#1671,.T.);
#1671 = SURFACE_CURVE('',#1672,(#1676,#1683),.PCURVE_S1.);
#1672 = LINE('',#1673,#1674);
#1673 = CARTESIAN_POINT('',(99.511037614958,-3.562106660503,22.25));
#1674 = VECTOR('',#1675,1.);
#1675 = DIRECTION('',(0.,0.,1.));
#1676 = PCURVE('',#270,#1677);
#1677 = DEFINITIONAL_REPRESENTATION('',(#1678),#1682);
#1678 = LINE('',#1679,#1680);
#1679 = CARTESIAN_POINT('',(0.,0.));
#1680 = VECTOR('',#1681,1.);
#1681 = DIRECTION('',(0.,-1.));
#1682 = ( GEOMETRIC_REPRESENTATION_CONTEXT(2) 
PARAMETRIC_REPRESENTATION_CONTEXT() REPRESENTATION_CONTEXT('2D SPACE',''
  ) );
#1683 = PCURVE('',#219,#1684);
#1684 = DEFINITIONAL_REPRESENTATION('',(#1685),#1689);
#1685 = LINE('',#1686,#1687);
#1686 = CARTESIAN_POINT('',(4.014257279587,0.));
#1687 = VECTOR('',#1688,1.);
#1688 = DIRECTION('',(0.,1.));
#1689 = ( GEOMETRIC_REPRESENTATION_CONTEXT(2) 
PARAMETRIC_REPRESENTATION_CONTEXT() REPRESENTATION_CONTEXT('2D SPACE',''
  ) );
#1690 = ORIENTED_EDGE('',*,*,#250,.T.);
#1691 = ORIENTED_EDGE('',*,*,#282,.T.);
#1692 = ORIENTED_EDGE('',*,*,#1642,.F.);
#1693 = ADVANCED_FACE('',(#1694),#219,.F.);
#1694 = FACE_BOUND('',#1695,.F.);
#1695 = EDGE_LOOP('',(#1696,#1697,#1716,#1717));
#1696 = ORIENTED_EDGE('',*,*,#1380,.T.);
#1697 = ORIENTED_EDGE('',*,*,#1698,.T.);
#1698 = EDGE_CURVE('',#1359,#138,#1699,.T.);
#1699 = SURFACE_CURVE('',#1700,(#1704,#1710),.PCURVE_S1.);
#1700 = LINE('',#1701,#1702);
#1701 = CARTESIAN_POINT('',(105.,-3.920777984023,22.25));
#1702 = VECTOR('',#1703,1.);
#1703 = DIRECTION('',(0.,0.,1.));
#1704 = PCURVE('',#219,#1705);
#1705 = DEFINITIONAL_REPRESENTATION('',(#1706),#1709);
#1706 = B_SPLINE_CURVE_WITH_KNOTS('',1,(#1707,#1708),.UNSPECIFIED.,.F.,
  .F.,(2,2),(-5.999999999062E-07,1.993417714479),
  .PIECEWISE_BEZIER_KNOTS.);
#1707 = CARTESIAN_POINT('',(5.280018006498,-5.999999999062E-07));
#1708 = CARTESIAN_POINT('',(5.280018006498,1.993417714479));
#1709 = ( GEOMETRIC_REPRESENTATION_CONTEXT(2) 
PARAMETRIC_REPRESENTATION_CONTEXT() REPRESENTATION_CONTEXT('2D SPACE',''
  ) );
#1710 = PCURVE('',#153,#1711);
#1711 = DEFINITIONAL_REPRESENTATION('',(#1712),#1715);
#1712 = B_SPLINE_CURVE_WITH_KNOTS('',1,(#1713,#1714),.UNSPECIFIED.,.F.,
  .F.,(2,2),(-5.999999999062E-07,1.993417714479),
  .PIECEWISE_BEZIER_KNOTS.);
#1713 = CARTESIAN_POINT('',(22.2499994,3.920777984023));
#1714 = CARTESIAN_POINT('',(24.243417714479,3.920777984023));
#1715 = ( GEOMETRIC_REPRESENTATION_CONTEXT(2) 
PARAMETRIC_REPRESENTATION_CONTEXT() REPRESENTATION_CONTEXT('2D SPACE',''
  ) );
#1716 = ORIENTED_EDGE('',*,*,#165,.F.);
#1717 = ORIENTED_EDGE('',*,*,#1670,.F.);
#1718 = ADVANCED_FACE('',(#1719),#153,.T.);
#1719 = FACE_BOUND('',#1720,.T.);
#1720 = EDGE_LOOP('',(#1721,#1722,#1723,#1724,#1725,#1726,#1727,#1728,
    #1749,#1750,#1751,#1752));
#1721 = ORIENTED_EDGE('',*,*,#999,.F.);
#1722 = ORIENTED_EDGE('',*,*,#1569,.T.);
#1723 = ORIENTED_EDGE('',*,*,#453,.T.);
#1724 = ORIENTED_EDGE('',*,*,#1618,.F.);
#1725 = ORIENTED_EDGE('',*,*,#1358,.T.);
#1726 = ORIENTED_EDGE('',*,*,#1698,.T.);
#1727 = ORIENTED_EDGE('',*,*,#137,.T.);
#1728 = ORIENTED_EDGE('',*,*,#1729,.F.);
#1729 = EDGE_CURVE('',#700,#112,#1730,.T.);
#1730 = SURFACE_CURVE('',#1731,(#1735,#1742),.PCURVE_S1.);
#1731 = LINE('',#1732,#1733);
#1732 = CARTESIAN_POINT('',(105.,-6.,0.));
#1733 = VECTOR('',#1734,1.);
#1734 = DIRECTION('',(0.,0.,1.));
#1735 = PCURVE('',#153,#1736);
#1736 = DEFINITIONAL_REPRESENTATION('',(#1737),#1741);
#1737 = LINE('',#1738,#1739);
#1738 = CARTESIAN_POINT('',(0.,6.));
#1739 = VECTOR('',#1740,1.);
#1740 = DIRECTION('',(1.,0.));
#1741 = ( GEOMETRIC_REPRESENTATION_CONTEXT(2) 
PARAMETRIC_REPRESENTATION_CONTEXT() REPRESENTATION_CONTEXT('2D SPACE',''
  ) );
#1742 = PCURVE('',#126,#1743);
#1743 = DEFINITIONAL_REPRESENTATION('',(#1744),#1748);
#1744 = LINE('',#1745,#1746);
#1745 = CARTESIAN_POINT('',(0.,9.));
#1746 = VECTOR('',#1747,1.);
#1747 = DIRECTION('',(1.,0.));
#1748 = ( GEOMETRIC_REPRESENTATION_CONTEXT(2) 
PARAMETRIC_REPRESENTATION_CONTEXT() REPRESENTATION_CONTEXT('2D SPACE',''
  ) );
#1749 = ORIENTED_EDGE('',*,*,#720,.F.);
#1750 = ORIENTED_EDGE('',*,*,#1473,.T.);
#1751 = ORIENTED_EDGE('',*,*,#1519,.F.);
#1752 = ORIENTED_EDGE('',*,*,#1497,.F.);
#1753 = ADVANCED_FACE('',(#1754),#126,.F.);
#1754 = FACE_BOUND('',#1755,.F.);
#1755 = EDGE_LOOP('',(#1756,#1757,#1758,#1779));
#1756 = ORIENTED_EDGE('',*,*,#1729,.F.);
#1757 = ORIENTED_EDGE('',*,*,#699,.F.);
#1758 = ORIENTED_EDGE('',*,*,#1759,.T.);
#1759 = EDGE_CURVE('',#677,#84,#1760,.T.);
#1760 = SURFACE_CURVE('',#1761,(#1765,#1772),.PCURVE_S1.);
#1761 = LINE('',#1762,#1763);
#1762 = CARTESIAN_POINT('',(96.,-6.,0.));
#1763 = VECTOR('',#1764,1.);
#1764 = DIRECTION('',(0.,0.,1.));
#1765 = PCURVE('',#126,#1766);
#1766 = DEFINITIONAL_REPRESENTATION('',(#1767),#1771);
#1767 = LINE('',#1768,#1769);
#1768 = CARTESIAN_POINT('',(0.,0.));
#1769 = VECTOR('',#1770,1.);
#1770 = DIRECTION('',(1.,0.));
#1771 = ( GEOMETRIC_REPRESENTATION_CONTEXT(2) 
PARAMETRIC_REPRESENTATION_CONTEXT() REPRESENTATION_CONTEXT('2D SPACE',''
  ) );
#1772 = PCURVE('',#99,#1773);
#1773 = DEFINITIONAL_REPRESENTATION('',(#1774),#1778);
#1774 = LINE('',#1775,#1776);
#1775 = CARTESIAN_POINT('',(0.,6.));
#1776 = VECTOR('',#1777,1.);
#1777 = DIRECTION('',(1.,0.));
#1778 = ( GEOMETRIC_REPRESENTATION_CONTEXT(2) 
PARAMETRIC_REPRESENTATION_CONTEXT() REPRESENTATION_CONTEXT('2D SPACE',''
  ) );
#1779 = ORIENTED_EDGE('',*,*,#111,.T.);
#1780 = ADVANCED_FACE('',(#1781),#99,.T.);
#1781 = FACE_BOUND('',#1782,.T.);
#1782 = EDGE_LOOP('',(#1783,#1784,#1785,#1806));
#1783 = ORIENTED_EDGE('',*,*,#1759,.T.);
#1784 = ORIENTED_EDGE('',*,*,#83,.T.);
#1785 = ORIENTED_EDGE('',*,*,#1786,.T.);
#1786 = EDGE_CURVE('',#58,#656,#1787,.T.);
#1787 = SURFACE_CURVE('',#1788,(#1792,#1799),.PCURVE_S1.);
#1788 = LINE('',#1789,#1790);
#1789 = CARTESIAN_POINT('',(96.,-30.,16.));
#1790 = VECTOR('',#1791,1.);
#1791 = DIRECTION('',(-0.,1.,0.));
#1792 = PCURVE('',#99,#1793);
#1793 = DEFINITIONAL_REPRESENTATION('',(#1794),#1798);
#1794 = LINE('',#1795,#1796);
#1795 = CARTESIAN_POINT('',(16.,30.));
#1796 = VECTOR('',#1797,1.);
#1797 = DIRECTION('',(0.,-1.));
#1798 = ( GEOMETRIC_REPRESENTATION_CONTEXT(2) 
PARAMETRIC_REPRESENTATION_CONTEXT() REPRESENTATION_CONTEXT('2D SPACE',''
  ) );
#1799 = PCURVE('',#72,#1800);
#1800 = DEFINITIONAL_REPRESENTATION('',(#1801),#1805);
#1801 = LINE('',#1802,#1803);
#1802 = CARTESIAN_POINT('',(5.7,0.));
#1803 = VECTOR('',#1804,1.);
#1804 = DIRECTION('',(0.,1.));
#1805 = ( GEOMETRIC_REPRESENTATION_CONTEXT(2) 
PARAMETRIC_REPRESENTATION_CONTEXT() REPRESENTATION_CONTEXT('2D SPACE',''
  ) );
#1806 = ORIENTED_EDGE('',*,*,#676,.F.);
#1807 = ADVANCED_FACE('',(#1808),#72,.F.);
#1808 = FACE_BOUND('',#1809,.F.);
#1809 = EDGE_LOOP('',(#1810,#1831,#1832,#1833));
#1810 = ORIENTED_EDGE('',*,*,#1811,.F.);
#1811 = EDGE_CURVE('',#24,#632,#1812,.T.);
#1812 = SURFACE_CURVE('',#1813,(#1817,#1824),.PCURVE_S1.);
#1813 = LINE('',#1814,#1815);
#1814 = CARTESIAN_POINT('',(90.3,-30.,16.));
#1815 = VECTOR('',#1816,1.);
#1816 = DIRECTION('',(-0.,1.,0.));
#1817 = PCURVE('',#72,#1818);
#1818 = DEFINITIONAL_REPRESENTATION('',(#1819),#1823);
#1819 = LINE('',#1820,#1821);
#1820 = CARTESIAN_POINT('',(0.,0.));
#1821 = VECTOR('',#1822,1.);
#1822 = DIRECTION('',(0.,1.));
#1823 = ( GEOMETRIC_REPRESENTATION_CONTEXT(2) 
PARAMETRIC_REPRESENTATION_CONTEXT() REPRESENTATION_CONTEXT('2D SPACE',''
  ) );
#1824 = PCURVE('',#45,#1825);
#1825 = DEFINITIONAL_REPRESENTATION('',(#1826),#1830);
#1826 = LINE('',#1827,#1828);
#1827 = CARTESIAN_POINT('',(16.,30.));
#1828 = VECTOR('',#1829,1.);
#1829 = DIRECTION('',(0.,-1.));
#1830 = ( GEOMETRIC_REPRESENTATION_CONTEXT(2) 
PARAMETRIC_REPRESENTATION_CONTEXT() REPRESENTATION_CONTEXT('2D SPACE',''
  ) );
#1831 = ORIENTED_EDGE('',*,*,#57,.T.);
#1832 = ORIENTED_EDGE('',*,*,#1786,.T.);
#1833 = ORIENTED_EDGE('',*,*,#655,.F.);
#1834 = ADVANCED_FACE('',(#1835),#45,.F.);
#1835 = FACE_BOUND('',#1836,.F.);
#1836 = EDGE_LOOP('',(#1837,#1838,#1839,#1840));
#1837 = ORIENTED_EDGE('',*,*,#21,.T.);
#1838 = ORIENTED_EDGE('',*,*,#1811,.T.);
#1839 = ORIENTED_EDGE('',*,*,#631,.F.);
#1840 = ORIENTED_EDGE('',*,*,#557,.T.);
#1841 = ( GEOMETRIC_REPRESENTATION_CONTEXT(3) 
GLOBAL_UNCERTAINTY_ASSIGNED_CONTEXT((#1845)) 
GLOBAL_UNIT_ASSIGNED_CONTEXT((#1842,#1843,#1844)) REPRESENTATION_CONTEXT
('Context #1','3D Context with UNIT and UNCERTAINTY') );
#1842 = ( LENGTH_UNIT() NAMED_UNIT(*) SI_UNIT(.MILLI.,.METRE.) );
#1843 = ( NAMED_UNIT(*) PLANE_ANGLE_UNIT() SI_UNIT($,.RADIAN.) );
#1844 = ( NAMED_UNIT(*) SI_UNIT($,.STERADIAN.) SOLID_ANGLE_UNIT() );
#1845 = UNCERTAINTY_MEASURE_WITH_UNIT(LENGTH_MEASURE(1.E-07),#1842,
  'distance_accuracy_value','confusion accuracy');
#1846 = PRODUCT_RELATED_PRODUCT_CATEGORY('part',$,(#7));
ENDSEC;
END-ISO-10303-21;
