ISO-10303-21;
HEADER;
FILE_DESCRIPTION(('SkyG Speed 120B - revision C7B-1 - 2026-10-09','NB1-wing-nut-bar-front'),'2;1');
FILE_NAME('NB1-wing-nut-bar-front_C7B-1','2026-10-09T15:13:01',('Author'),(
    'Open CASCADE'),'Open CASCADE STEP processor 7.9','Open CASCADE 7.9'
  ,'Unknown');
FILE_SCHEMA(('AUTOMOTIVE_DESIGN { 1 0 10303 214 1 1 1 1 }'));
ENDSEC;
DATA;
#1 = APPLICATION_PROTOCOL_DEFINITION('international standard',
  'automotive_design',2000,#2);
#2 = APPLICATION_CONTEXT(
  'core data for automotive mechanical design processes');
#3 = SHAPE_DEFINITION_REPRESENTATION(#4,#10);
#4 = PRODUCT_DEFINITION_SHAPE('','',#5);
#5 = PRODUCT_DEFINITION('design','',#6,#9);
#6 = PRODUCT_DEFINITION_FORMATION('','',#7);
#7 = PRODUCT('NB1-wing-nut-bar-front C7B-1','NB1-wing-nut-bar-front C7B-1','',(#8));
#8 = PRODUCT_CONTEXT('',#2,'mechanical');
#9 = PRODUCT_DEFINITION_CONTEXT('part definition',#2,'design');
#10 = ADVANCED_BREP_SHAPE_REPRESENTATION('',(#11,#15),#2693);
#11 = AXIS2_PLACEMENT_3D('',#12,#13,#14);
#12 = CARTESIAN_POINT('',(0.,0.,0.));
#13 = DIRECTION('',(0.,0.,1.));
#14 = DIRECTION('',(1.,0.,-0.));
#15 = MANIFOLD_SOLID_BREP('',#16);
#16 = CLOSED_SHELL('',(#17,#857,#1076,#1183,#1374,#1451,#1506,#1892,
    #1969,#2024,#2410,#2581,#2681));
#17 = ADVANCED_FACE('',(#18),#55,.F.);
#18 = FACE_BOUND('',#19,.F.);
#19 = EDGE_LOOP('',(#20,#400,#429,#457,#486));
#20 = ORIENTED_EDGE('',*,*,#21,.T.);
#21 = EDGE_CURVE('',#22,#24,#26,.T.);
#22 = VERTEX_POINT('',#23);
#23 = CARTESIAN_POINT('',(256.,0.,22.650382690363));
#24 = VERTEX_POINT('',#25);
#25 = CARTESIAN_POINT('',(256.,-7.407184864265,22.670600177027));
#26 = SURFACE_CURVE('',#27,(#54,#89),.PCURVE_S1.);
#27 = B_SPLINE_CURVE_WITH_KNOTS('',7,(#28,#29,#30,#31,#32,#33,#34,#35,
    #36,#37,#38,#39,#40,#41,#42,#43,#44,#45,#46,#47,#48,#49,#50,#51,#52,
    #53),.UNSPECIFIED.,.F.,.F.,(8,6,6,6,8),(0.,0.486304752582,
    0.729457440935,0.856823194381,1.),.UNSPECIFIED.);
#28 = CARTESIAN_POINT('',(256.,0.,22.650382690363));
#29 = CARTESIAN_POINT('',(256.,-1.28964906642,22.653888850272));
#30 = CARTESIAN_POINT('',(256.,-2.579296830474,22.657400606614));
#31 = CARTESIAN_POINT('',(256.,-3.868943275944,22.66091798269));
#32 = CARTESIAN_POINT('',(256.,-5.158588386293,22.664441001863));
#33 = CARTESIAN_POINT('',(256.,-6.448232144668,22.667969687558));
#34 = CARTESIAN_POINT('',(256.,-7.737874533894,22.671504063264));
#35 = CARTESIAN_POINT('',(256.,-9.672336865333,22.676814199434));
#36 = CARTESIAN_POINT('',(256.,-10.31715784752,22.678585674732));
#37 = CARTESIAN_POINT('',(256.,-10.96197848086,22.680358581366));
#38 = CARTESIAN_POINT('',(256.,-11.60679876314,22.682132922284));
#39 = CARTESIAN_POINT('',(256.,-12.25161869213,22.683908700434));
#40 = CARTESIAN_POINT('',(256.,-12.89643826558,22.685685918772));
#41 = CARTESIAN_POINT('',(256.,-13.87902008541,22.688396260513));
#42 = CARTESIAN_POINT('',(256.,-14.21678261981,22.689328336816));
#43 = CARTESIAN_POINT('',(256.,-14.55454508433,22.690260809587));
#44 = CARTESIAN_POINT('',(256.,-14.89230747892,22.691193679254));
#45 = CARTESIAN_POINT('',(256.,-15.23006980349,22.692126946242));
#46 = CARTESIAN_POINT('',(256.,-15.56783205798,22.693060610977));
#47 = CARTESIAN_POINT('',(256.,-16.28528587296,22.695044690396));
#48 = CARTESIAN_POINT('',(256.,-16.56735430069,22.69582521929));
#49 = CARTESIAN_POINT('',(256.,-16.86686543798,22.696654146746));
#50 = CARTESIAN_POINT('',(256.,-17.23568189034,22.697675006878));
#51 = CARTESIAN_POINT('',(256.,-17.65288620938,22.69883097128));
#52 = CARTESIAN_POINT('',(256.,-18.01508135932,22.699834996927));
#53 = CARTESIAN_POINT('',(256.,-18.12656889761,22.700144052626));
#54 = PCURVE('',#55,#60);
#55 = PLANE('',#56);
#56 = AXIS2_PLACEMENT_3D('',#57,#58,#59);
#57 = CARTESIAN_POINT('',(256.,-24.,15.5));
#58 = DIRECTION('',(1.,0.,-0.));
#59 = DIRECTION('',(0.,0.,1.));
#60 = DEFINITIONAL_REPRESENTATION('',(#61),#88);
#61 = B_SPLINE_CURVE_WITH_KNOTS('',7,(#62,#63,#64,#65,#66,#67,#68,#69,
    #70,#71,#72,#73,#74,#75,#76,#77,#78,#79,#80,#81,#82,#83,#84,#85,#86,
    #87),.UNSPECIFIED.,.F.,.F.,(8,6,6,6,8),(0.,0.486304752582,
    0.729457440935,0.856823194381,1.),.UNSPECIFIED.);
#62 = CARTESIAN_POINT('',(7.150382690363,-24.));
#63 = CARTESIAN_POINT('',(7.153888850272,-22.71035093358));
#64 = CARTESIAN_POINT('',(7.157400606614,-21.42070316952));
#65 = CARTESIAN_POINT('',(7.16091798269,-20.13105672405));
#66 = CARTESIAN_POINT('',(7.164441001863,-18.8414116137));
#67 = CARTESIAN_POINT('',(7.167969687558,-17.55176785533));
#68 = CARTESIAN_POINT('',(7.171504063264,-16.2621254661));
#69 = CARTESIAN_POINT('',(7.176814199434,-14.32766313466));
#70 = CARTESIAN_POINT('',(7.178585674732,-13.68284215247));
#71 = CARTESIAN_POINT('',(7.180358581366,-13.03802151913));
#72 = CARTESIAN_POINT('',(7.182132922284,-12.39320123685));
#73 = CARTESIAN_POINT('',(7.183908700434,-11.74838130786));
#74 = CARTESIAN_POINT('',(7.185685918772,-11.10356173441));
#75 = CARTESIAN_POINT('',(7.188396260513,-10.12097991458));
#76 = CARTESIAN_POINT('',(7.189328336816,-9.78321738019));
#77 = CARTESIAN_POINT('',(7.190260809587,-9.445454915665));
#78 = CARTESIAN_POINT('',(7.191193679254,-9.10769252108));
#79 = CARTESIAN_POINT('',(7.192126946242,-8.769930196505));
#80 = CARTESIAN_POINT('',(7.193060610977,-8.432167942011));
#81 = CARTESIAN_POINT('',(7.195044690396,-7.714714127039));
#82 = CARTESIAN_POINT('',(7.19582521929,-7.432645699309));
#83 = CARTESIAN_POINT('',(7.196654146746,-7.133134562017));
#84 = CARTESIAN_POINT('',(7.197675006878,-6.764318109657));
#85 = CARTESIAN_POINT('',(7.19883097128,-6.347113790616));
#86 = CARTESIAN_POINT('',(7.199834996927,-5.984918640674));
#87 = CARTESIAN_POINT('',(7.200144052626,-5.873431102385));
#88 = ( GEOMETRIC_REPRESENTATION_CONTEXT(2) 
PARAMETRIC_REPRESENTATION_CONTEXT() REPRESENTATION_CONTEXT('2D SPACE',''
  ) );
#89 = PCURVE('',#90,#371);
#90 = B_SPLINE_SURFACE_WITH_KNOTS('',3,1,(
    (#91,#92)
    ,(#93,#94)
    ,(#95,#96)
    ,(#97,#98)
    ,(#99,#100)
    ,(#101,#102)
    ,(#103,#104)
    ,(#105,#106)
    ,(#107,#108)
    ,(#109,#110)
    ,(#111,#112)
    ,(#113,#114)
    ,(#115,#116)
    ,(#117,#118)
    ,(#119,#120)
    ,(#121,#122)
    ,(#123,#124)
    ,(#125,#126)
    ,(#127,#128)
    ,(#129,#130)
    ,(#131,#132)
    ,(#133,#134)
    ,(#135,#136)
    ,(#137,#138)
    ,(#139,#140)
    ,(#141,#142)
    ,(#143,#144)
    ,(#145,#146)
    ,(#147,#148)
    ,(#149,#150)
    ,(#151,#152)
    ,(#153,#154)
    ,(#155,#156)
    ,(#157,#158)
    ,(#159,#160)
    ,(#161,#162)
    ,(#163,#164)
    ,(#165,#166)
    ,(#167,#168)
    ,(#169,#170)
    ,(#171,#172)
    ,(#173,#174)
    ,(#175,#176)
    ,(#177,#178)
    ,(#179,#180)
    ,(#181,#182)
    ,(#183,#184)
    ,(#185,#186)
    ,(#187,#188)
    ,(#189,#190)
    ,(#191,#192)
    ,(#193,#194)
    ,(#195,#196)
    ,(#197,#198)
    ,(#199,#200)
    ,(#201,#202)
    ,(#203,#204)
    ,(#205,#206)
    ,(#207,#208)
    ,(#209,#210)
    ,(#211,#212)
    ,(#213,#214)
    ,(#215,#216)
    ,(#217,#218)
    ,(#219,#220)
    ,(#221,#222)
    ,(#223,#224)
    ,(#225,#226)
    ,(#227,#228)
    ,(#229,#230)
    ,(#231,#232)
    ,(#233,#234)
    ,(#235,#236)
    ,(#237,#238)
    ,(#239,#240)
    ,(#241,#242)
    ,(#243,#244)
    ,(#245,#246)
    ,(#247,#248)
    ,(#249,#250)
    ,(#251,#252)
    ,(#253,#254)
    ,(#255,#256)
    ,(#257,#258)
    ,(#259,#260)
    ,(#261,#262)
    ,(#263,#264)
    ,(#265,#266)
    ,(#267,#268)
    ,(#269,#270)
    ,(#271,#272)
    ,(#273,#274)
    ,(#275,#276)
    ,(#277,#278)
    ,(#279,#280)
    ,(#281,#282)
    ,(#283,#284)
    ,(#285,#286)
    ,(#287,#288)
    ,(#289,#290)
    ,(#291,#292)
    ,(#293,#294)
    ,(#295,#296)
    ,(#297,#298)
    ,(#299,#300)
    ,(#301,#302)
    ,(#303,#304)
    ,(#305,#306)
    ,(#307,#308)
    ,(#309,#310)
    ,(#311,#312)
    ,(#313,#314)
    ,(#315,#316)
    ,(#317,#318)
    ,(#319,#320)
    ,(#321,#322)
    ,(#323,#324)
    ,(#325,#326)
    ,(#327,#328)
    ,(#329,#330)
    ,(#331,#332)
    ,(#333,#334)
    ,(#335,#336)
    ,(#337,#338)
    ,(#339,#340)
    ,(#341,#342)
    ,(#343,#344)
    ,(#345,#346)
    ,(#347,#348)
    ,(#349,#350)
    ,(#351,#352)
    ,(#353,#354)
    ,(#355,#356)
    ,(#357,#358)
    ,(#359,#360)
    ,(#361,#362)
    ,(#363,#364)
    ,(#365,#366)
    ,(#367,#368)
    ,(#369,#370
    )),.UNSPECIFIED.,.F.,.F.,.F.,(4,1,1,1,1,1,1,1,1,1,1,1,1,1,1,1,1,1,1,
    1,1,1,1,1,1,1,1,1,1,1,1,1,1,1,1,1,1,1,1,1,1,1,1,1,1,1,1,1,1,1,1,1,1,
    1,1,1,1,1,1,1,1,1,1,1,1,1,1,1,1,1,1,1,1,1,1,1,1,1,1,1,1,1,1,1,1,1,1,
    1,1,1,1,1,1,1,1,1,1,1,1,1,1,1,1,1,1,1,1,1,1,1,1,1,1,1,1,1,1,1,1,1,1,
    1,1,1,1,1,1,1,1,1,1,1,1,1,1,1,1,4),(2,2),(0.,5.227199283708E-02,
    5.228163034791E-02,0.208571669093,0.208690805024,0.469033501114,
    0.469402401401,0.833374956258,0.83407891605,1.300243574032,
    1.301334553178,1.870375085619,1.871877048132,2.541877062609,
    2.543800356151,3.310528476366,3.312879827205,4.175976265618,
    4.178751734952,5.137672611048,5.140861373769,6.193511244512,
    6.197095922781,7.340538837512,7.344498512069,8.576453044924,
    8.580759699683,9.898904326015,9.903523836875,11.305231790644,
    11.310126191648,12.792362750159,12.797492998245,14.357215320878,
    14.362542440214,15.996589969934,16.00207669866,17.707090017834,
    17.712700723791,19.48518376093,19.490883996243,21.327173335585,
    21.332930698437,23.229269998317,23.235054477556,25.187520787197,
    25.193305219365,27.19788152467,27.203640362143,29.256186085355,
    29.261895608188,31.358177058773,31.363815267867,33.499500392447,
    33.505047206127,35.67572009809,35.681157211548,37.882330733519,
    37.887641477619,40.114761662872,40.119931350926,42.368393889953,
    42.373410200478,44.638558562445,44.643411565772,46.920554096082,
    46.925235475281,49.209653658285,49.214156565372,51.50111639354,
    51.505435672748,53.790196425522,53.794328758493,56.072151265617,
    56.076094832319,58.34225269558,58.346006583587,60.595796965598,
    60.599361179719,62.828115175562,62.831490912697,65.034582308016,
    65.037771958161,67.210625699985,67.213632289389,69.351734877801,
    69.354561677063,71.453471925436,71.456122518352,73.511480852888,
    73.513959273154,75.521496212461,75.523806887908,77.479351408696,
    77.481498876883,79.380987853877,79.382976715017,81.222464486354,
    81.224299841714,82.999965716978,83.001653492871,84.70980787288,
    84.711354475404,86.348445936095,86.34985759532,87.912482486433,
    87.913765273628,89.398675571692,89.399835680981,90.803944895126,
    90.804988748612,92.125376425403,92.126310165354,93.360229087845,
    93.361058138546,94.505942655466,94.506672117562,95.560141612172,
    95.560776684053,96.520640880951,96.521186953044,97.385445259387,
    97.385905926497,98.152771007859,98.153148308237,98.821019147599,
    98.821314897727,99.388782650431,99.388999367286,99.85490979693,
    99.855053404694,100.21845400433,100.21853633587,100.47866322344,
    100.47870012757,100.63500268761,100.635011935,100.68715174192),(0.,
    1.),.UNSPECIFIED.);
#91 = CARTESIAN_POINT('',(245.00004211951,0.,25.960345956879));
#92 = CARTESIAN_POINT('',(245.00002941647,-215.,25.972240245888));
#93 = CARTESIAN_POINT('',(244.99951208495,0.,25.942703000043));
#94 = CARTESIAN_POINT('',(244.99965950116,-215.,25.959890314476));
#95 = CARTESIAN_POINT('',(245.00065280957,0.,25.92532409036));
#96 = CARTESIAN_POINT('',(245.0004574692,-215.,25.947724972728));
#97 = CARTESIAN_POINT('',(245.01134794702,0.,25.856895035363));
#98 = CARTESIAN_POINT('',(245.00793669356,-215.,25.899823490848));
#99 = CARTESIAN_POINT('',(245.03314412779,0.,25.807599289316));
#100 = CARTESIAN_POINT('',(245.02317699066,-215.,25.865313840257));
#101 = CARTESIAN_POINT('',(245.10601989297,0.,25.68775423841));
#102 = CARTESIAN_POINT('',(245.07412855831,-215.,25.781382159091));
#103 = CARTESIAN_POINT('',(245.16705335237,0.,25.624724359318));
#104 = CARTESIAN_POINT('',(245.11678846739,-215.,25.737207500004));
#105 = CARTESIAN_POINT('',(245.32090219721,0.,25.483372797399));
#106 = CARTESIAN_POINT('',(245.22435463107,-215.,25.638124610907));
#107 = CARTESIAN_POINT('',(245.4170714748,0.,25.408611342183));
#108 = CARTESIAN_POINT('',(245.29159631606,-215.,25.585691711438));
#109 = CARTESIAN_POINT('',(245.64388852468,0.,25.249682095891));
#110 = CARTESIAN_POINT('',(245.45019713153,-215.,25.474195234876));
#111 = CARTESIAN_POINT('',(245.77735886986,0.,25.168260033102));
#112 = CARTESIAN_POINT('',(245.54352916527,-215.,25.417043514142));
#113 = CARTESIAN_POINT('',(246.07998504225,0.,25.001303728599));
#114 = CARTESIAN_POINT('',(245.75516503972,-215.,25.299806013105));
#115 = CARTESIAN_POINT('',(246.25166184459,0.,24.918188790536));
#116 = CARTESIAN_POINT('',(245.87523287257,-215.,25.241407617839));
#117 = CARTESIAN_POINT('',(246.62921606042,0.,24.749314789797));
#118 = CARTESIAN_POINT('',(246.13930721571,-215.,25.122715997901));
#119 = CARTESIAN_POINT('',(246.83735240844,0.,24.664981931395));
#120 = CARTESIAN_POINT('',(246.28489339525,-215.,25.063413812782));
#121 = CARTESIAN_POINT('',(247.28530628717,0.,24.493605781681));
#122 = CARTESIAN_POINT('',(246.59824132847,-215.,24.942874425032));
#123 = CARTESIAN_POINT('',(247.52740109594,0.,24.407146860306));
#124 = CARTESIAN_POINT('',(246.76759466034,-215.,24.882036201679));
#125 = CARTESIAN_POINT('',(248.04336107295,0.,24.234491096581));
#126 = CARTESIAN_POINT('',(247.1285382135,-215.,24.760492684989));
#127 = CARTESIAN_POINT('',(248.31988917827,0.,24.14885335333));
#128 = CARTESIAN_POINT('',(247.3219932374,-215.,24.700175917498));
#129 = CARTESIAN_POINT('',(248.90384608256,0.,23.978459642757));
#130 = CARTESIAN_POINT('',(247.73053522445,-215.,24.580116998488));
#131 = CARTESIAN_POINT('',(249.2142427328,0.,23.893994344612));
#132 = CARTESIAN_POINT('',(247.9476988718,-215.,24.520571520838));
#133 = CARTESIAN_POINT('',(249.86487539217,0.,23.727458095228));
#134 = CARTESIAN_POINT('',(248.40291630778,-215.,24.403112636431));
#135 = CARTESIAN_POINT('',(250.20843884477,0.,23.645558794931));
#136 = CARTESIAN_POINT('',(248.64329932238,-215.,24.345314919867));
#137 = CARTESIAN_POINT('',(250.92375388309,0.,23.484355508223));
#138 = CARTESIAN_POINT('',(249.1438010596,-215.,24.231498405858));
#139 = CARTESIAN_POINT('',(251.29916619345,0.,23.40502957401));
#140 = CARTESIAN_POINT('',(249.40648138133,-215.,24.175456257561));
#141 = CARTESIAN_POINT('',(252.07711901156,0.,23.250576159252));
#142 = CARTESIAN_POINT('',(249.95083684866,-215.,24.06626981405));
#143 = CARTESIAN_POINT('',(252.48368026886,0.,23.175417959587));
#144 = CARTESIAN_POINT('',(250.23532641292,-215.,24.013098527219));
#145 = CARTESIAN_POINT('',(253.32270669099,0.,23.030261866807));
#146 = CARTESIAN_POINT('',(250.82244528133,-215.,23.910330678323));
#147 = CARTESIAN_POINT('',(253.75952001339,0.,22.960206566472));
#148 = CARTESIAN_POINT('',(251.12811801834,-215.,23.860687517306));
#149 = CARTESIAN_POINT('',(254.65771779582,0.,22.825959807722));
#150 = CARTESIAN_POINT('',(251.75667144063,-215.,23.765471106841));
#151 = CARTESIAN_POINT('',(255.12374826683,0.,22.76169358945));
#152 = CARTESIAN_POINT('',(252.08280412056,-215.,23.719839168402));
#153 = CARTESIAN_POINT('',(256.07887734018,0.,22.639115412486));
#154 = CARTESIAN_POINT('',(252.75122572185,-215.,23.63271247379));
#155 = CARTESIAN_POINT('',(256.57288296311,0.,22.580696963221));
#156 = CARTESIAN_POINT('',(253.09694921526,-215.,23.591135761757));
#157 = CARTESIAN_POINT('',(257.58252929837,0.,22.469890200459));
#158 = CARTESIAN_POINT('',(253.80354935409,-215.,23.512174699382));
#159 = CARTESIAN_POINT('',(258.1033046481,0.,22.417385306357));
#160 = CARTESIAN_POINT('',(254.16801999346,-215.,23.474701647638));
#161 = CARTESIAN_POINT('',(259.16504390151,0.,22.318049105198));
#162 = CARTESIAN_POINT('',(254.91110142299,-215.,23.403701519261));
#163 = CARTESIAN_POINT('',(259.71133287248,0.,22.271085304157));
#164 = CARTESIAN_POINT('',(255.29343944547,-215.,23.370073789051));
#165 = CARTESIAN_POINT('',(260.8226712533,0.,22.182577343518));
#166 = CARTESIAN_POINT('',(256.0712554941,-215.,23.306588214088));
#167 = CARTESIAN_POINT('',(261.39320203958,0.,22.140900818684));
#168 = CARTESIAN_POINT('',(256.47057021624,-215.,23.27662968082));
#169 = CARTESIAN_POINT('',(262.55161802972,0.,22.062857060859));
#170 = CARTESIAN_POINT('',(257.2813552148,-215.,23.220406801204));
#171 = CARTESIAN_POINT('',(263.14510693054,0.,22.026371026629));
#172 = CARTESIAN_POINT('',(257.69674788248,-215.,23.194051647397));
#173 = CARTESIAN_POINT('',(264.34801399316,0.,21.958335207381));
#174 = CARTESIAN_POINT('',(258.53869064615,-215.,23.144776953511));
#175 = CARTESIAN_POINT('',(264.96312427536,0.,21.926675089574));
#176 = CARTESIAN_POINT('',(258.96922502999,-215.,23.121772117813));
#177 = CARTESIAN_POINT('',(266.20787243213,0.,21.867954911934));
#178 = CARTESIAN_POINT('',(259.84046954099,-215.,23.07896447542));
#179 = CARTESIAN_POINT('',(266.84325931347,0.,21.840796973968));
#180 = CARTESIAN_POINT('',(260.28520381865,-215.,23.05908535552));
#181 = CARTESIAN_POINT('',(268.12714205518,0.,21.790523116036));
#182 = CARTESIAN_POINT('',(261.18385430522,-215.,23.0221408461));
#183 = CARTESIAN_POINT('',(268.78141412895,0.,21.767316422976));
#184 = CARTESIAN_POINT('',(261.64181370212,-215.,23.005003452034));
#185 = CARTESIAN_POINT('',(270.10167432773,0.,21.724801163446));
#186 = CARTESIAN_POINT('',(262.56593910806,-215.,22.973442562462));
#187 = CARTESIAN_POINT('',(270.77343899544,0.,21.705420705026));
#188 = CARTESIAN_POINT('',(263.03614859663,-215.,22.958960969058));
#189 = CARTESIAN_POINT('',(272.12727740515,0.,21.670230520778));
#190 = CARTESIAN_POINT('',(263.98378884984,-215.,22.932484733872));
#191 = CARTESIAN_POINT('',(272.81510247588,0.,21.654363084604));
#192 = CARTESIAN_POINT('',(264.46524545598,-215.,22.920441690268));
#193 = CARTESIAN_POINT('',(274.19965842659,0.,21.625969403681));
#194 = CARTESIAN_POINT('',(265.43439731946,-215.,22.898683501707));
#195 = CARTESIAN_POINT('',(274.9020917992,0.,21.613400957049));
#196 = CARTESIAN_POINT('',(265.92608426284,-215.,22.888931085402));
#197 = CARTESIAN_POINT('',(276.31445494315,0.,21.591291212381));
#198 = CARTESIAN_POINT('',(266.91470977518,-215.,22.871536316537));
#199 = CARTESIAN_POINT('',(277.03001643498,0.,21.581720481484));
#200 = CARTESIAN_POINT('',(267.41559050585,-215.,22.863865617917));
#201 = CARTESIAN_POINT('',(278.46722569826,0.,21.56534147721));
#202 = CARTESIAN_POINT('',(268.4216161342,-215.,22.850450735172));
#203 = CARTESIAN_POINT('',(279.19441433045,0.,21.558516071846));
#204 = CARTESIAN_POINT('',(268.93063961137,-215.,22.844686963988));
#205 = CARTESIAN_POINT('',(280.65346732774,0.,21.547409232923));
#206 = CARTESIAN_POINT('',(269.95196304264,-215.,22.834934752685));
#207 = CARTESIAN_POINT('',(281.39076335255,0.,21.543122186569));
#208 = CARTESIAN_POINT('',(270.4680651531,-215.,22.830935064686));
#209 = CARTESIAN_POINT('',(282.86861853537,0.,21.536791644892));
#210 = CARTESIAN_POINT('',(271.50255661712,-215.,22.824502700116));
#211 = CARTESIAN_POINT('',(283.61448359583,0.,21.534751442711));
#212 = CARTESIAN_POINT('',(272.02466010886,-215.,22.822065173107));
#213 = CARTESIAN_POINT('',(285.10806650458,0.,21.532549666952));
#214 = CARTESIAN_POINT('',(273.0701665927,-215.,22.818503603078));
#215 = CARTESIAN_POINT('',(285.86094994799,0.,21.53239789555));
#216 = CARTESIAN_POINT('',(273.59718551682,-215.,22.817379445572));
#217 = CARTESIAN_POINT('',(287.3671588553,0.,21.533567510857));
#218 = CARTESIAN_POINT('',(274.65153477365,-215.,22.816162648671));
#219 = CARTESIAN_POINT('',(288.12549730702,0.,21.534903388001));
#220 = CARTESIAN_POINT('',(275.18237422047,-215.,22.816073195338));
#221 = CARTESIAN_POINT('',(289.64120695461,0.,21.538857472776));
#222 = CARTESIAN_POINT('',(276.24337776646,-215.,22.816793734595));
#223 = CARTESIAN_POINT('',(290.40342834632,0.,21.541494823819));
#224 = CARTESIAN_POINT('',(276.77693703254,-215.,22.817610570041));
#225 = CARTESIAN_POINT('',(291.92549588063,0.,21.547856839245));
#226 = CARTESIAN_POINT('',(277.84239435569,-215.,22.820009028867));
#227 = CARTESIAN_POINT('',(292.69002106458,0.,21.551604236032));
#228 = CARTESIAN_POINT('',(278.37756777611,-215.,22.82160027299));
#229 = CARTESIAN_POINT('',(294.21529197256,0.,21.559946230025));
#230 = CARTESIAN_POINT('',(279.44527013357,-215.,22.82538136852));
#231 = CARTESIAN_POINT('',(294.98053881391,0.,21.564566073937));
#232 = CARTESIAN_POINT('',(279.98094989046,-215.,22.827582841839));
#233 = CARTESIAN_POINT('',(296.50585395955,0.,21.574371954918));
#234 = CARTESIAN_POINT('',(281.04868518535,-215.,22.832389565245));
#235 = CARTESIAN_POINT('',(297.27024035291,0.,21.579584937259));
#236 = CARTESIAN_POINT('',(281.58376342604,-215.,22.835007808561));
#237 = CARTESIAN_POINT('',(298.79244077647,0.,21.59035927479));
#238 = CARTESIAN_POINT('',(282.6493197151,-215.,22.84049734208));
#239 = CARTESIAN_POINT('',(299.5543864385,0.,21.595948595998));
#240 = CARTESIAN_POINT('',(283.18268994781,-215.,22.843382545113));
#241 = CARTESIAN_POINT('',(301.07031782621,0.,21.607402207082));
#242 = CARTESIAN_POINT('',(284.24385882014,-215.,22.849356287563));
#243 = CARTESIAN_POINT('',(301.82824671549,0.,21.613294486197));
#244 = CARTESIAN_POINT('',(284.77441771571,-215.,22.852459116251));
#245 = CARTESIAN_POINT('',(303.33476660084,0.,21.625257635625));
#246 = CARTESIAN_POINT('',(285.82899921261,-215.,22.858802510085));
#247 = CARTESIAN_POINT('',(304.08711138377,0.,21.631356361631));
#248 = CARTESIAN_POINT('',(286.35564950561,-215.,22.862057550391));
#249 = CARTESIAN_POINT('',(305.58109762596,0.,21.643574158734));
#250 = CARTESIAN_POINT('',(287.4014577811,-215.,22.868596473177));
#251 = CARTESIAN_POINT('',(306.32630358852,0.,21.649721239318));
#252 = CARTESIAN_POINT('',(287.92311095697,-215.,22.871895171167));
#253 = CARTESIAN_POINT('',(307.80466080602,0.,21.661858879471));
#254 = CARTESIAN_POINT('',(288.9579787898,-215.,22.878399409355));
#255 = CARTESIAN_POINT('',(308.54118847573,0.,21.667877792928));
#256 = CARTESIAN_POINT('',(289.47355697898,-215.,22.881620181622));
#257 = CARTESIAN_POINT('',(310.00085209542,0.,21.679712517279));
#258 = CARTESIAN_POINT('',(290.49533886682,-215.,22.887937621815));
#259 = CARTESIAN_POINT('',(310.72717858872,0.,21.685555517781));
#260 = CARTESIAN_POINT('',(291.00377598575,-215.,22.891048984681));
#261 = CARTESIAN_POINT('',(312.16512013097,0.,21.697069666977));
#262 = CARTESIAN_POINT('',(292.01035196707,-215.,22.89717119255));
#263 = CARTESIAN_POINT('',(312.87974275619,0.,21.702765764366));
#264 = CARTESIAN_POINT('',(292.51059616929,-215.,22.900195463268));
#265 = CARTESIAN_POINT('',(314.2929780899,0.,21.713986625535));
#266 = CARTESIAN_POINT('',(293.4998773858,-215.,22.906145630551));
#267 = CARTESIAN_POINT('',(314.99441869685,0.,21.719534631748));
#268 = CARTESIAN_POINT('',(293.99089396297,-215.,22.909084000913));
#269 = CARTESIAN_POINT('',(316.38001559635,0.,21.730428774436));
#270 = CARTESIAN_POINT('',(294.96082780847,-215.,22.914842733636));
#271 = CARTESIAN_POINT('',(317.06682373384,0.,21.735797103935));
#272 = CARTESIAN_POINT('',(295.44160140073,-215.,22.917675057586));
#273 = CARTESIAN_POINT('',(318.42190756189,0.,21.746304486761));
#274 = CARTESIAN_POINT('',(296.39017554555,-215.,22.923204189579));
#275 = CARTESIAN_POINT('',(319.09266305862,0.,21.751464766838));
#276 = CARTESIAN_POINT('',(296.85971199359,-215.,22.9259124867));
#277 = CARTESIAN_POINT('',(320.41442160935,0.,21.761596147938));
#278 = CARTESIAN_POINT('',(297.78495790602,-215.,22.931223232506));
#279 = CARTESIAN_POINT('',(321.06773677569,0.,21.76658597881));
#280 = CARTESIAN_POINT('',(298.24228587658,-215.,22.933835665833));
#281 = CARTESIAN_POINT('',(322.35342601984,0.,21.776437683582));
#282 = CARTESIAN_POINT('',(299.14228286337,-215.,22.938999137963));
#283 = CARTESIAN_POINT('',(322.98794904332,0.,21.781315087226));
#284 = CARTESIAN_POINT('',(299.58645616435,-215.,22.941558189615));
#285 = CARTESIAN_POINT('',(324.23490074131,0.,21.790900181891));
#286 = CARTESIAN_POINT('',(300.4593364719,-215.,22.946587292084));
#287 = CARTESIAN_POINT('',(324.84931991908,0.,21.795623106355));
#288 = CARTESIAN_POINT('',(300.88943685301,-215.,22.949065356976));
#289 = CARTESIAN_POINT('',(326.05494818304,0.,21.804775513229));
#290 = CARTESIAN_POINT('',(301.73339013296,-215.,22.953847415529));
#291 = CARTESIAN_POINT('',(326.6479945167,0.,21.809222910368));
#292 = CARTESIAN_POINT('',(302.14852913105,-215.,22.956161456625));
#293 = CARTESIAN_POINT('',(327.80979911874,0.,21.817765834221));
#294 = CARTESIAN_POINT('',(302.96180498391,-215.,22.960575970782));
#295 = CARTESIAN_POINT('',(328.38024720486,0.,21.821880301883));
#296 = CARTESIAN_POINT('',(303.36112473853,-215.,22.962687371397));
#297 = CARTESIAN_POINT('',(329.49581610824,0.,21.829865702806));
#298 = CARTESIAN_POINT('',(304.14203480736,-215.,22.966773758123));
#299 = CARTESIAN_POINT('',(330.04248554684,0.,21.833750295231));
#300 = CARTESIAN_POINT('',(304.52470917637,-215.,22.968756224119));
#301 = CARTESIAN_POINT('',(331.10950112803,0.,21.841353532205));
#302 = CARTESIAN_POINT('',(305.27163135838,-215.,22.972640425807));
#303 = CARTESIAN_POINT('',(331.63126092442,0.,21.845081301644));
#304 = CARTESIAN_POINT('',(305.63686874264,-215.,22.974546657989));
#305 = CARTESIAN_POINT('',(332.64750730403,0.,21.852389800576));
#306 = CARTESIAN_POINT('',(306.34825203753,-215.,22.978292943772));
#307 = CARTESIAN_POINT('',(333.14327872306,0.,21.855977381297));
#308 = CARTESIAN_POINT('',(306.69529734363,-215.,22.980136074443));
#309 = CARTESIAN_POINT('',(334.10664650597,0.,21.862976196346));
#310 = CARTESIAN_POINT('',(307.36966515236,-215.,22.983736879418));
#311 = CARTESIAN_POINT('',(334.57540509998,0.,21.866394413449));
#312 = CARTESIAN_POINT('',(307.69780122677,-215.,22.985497842671));
#313 = CARTESIAN_POINT('',(335.48389366872,0.,21.873137587165));
#314 = CARTESIAN_POINT('',(308.33375318857,-215.,22.988993582645));
#315 = CARTESIAN_POINT('',(335.9246695658,0.,21.876463334669));
#316 = CARTESIAN_POINT('',(308.64230122398,-215.,22.99072745856));
#317 = CARTESIAN_POINT('',(336.77638944722,0.,21.88323420013));
#318 = CARTESIAN_POINT('',(309.23851508834,-215.,22.994318922434));
#319 = CARTESIAN_POINT('',(337.18826912602,0.,21.886664231826));
#320 = CARTESIAN_POINT('',(309.52683588399,-215.,22.996164703101));
#321 = CARTESIAN_POINT('',(337.98144857861,0.,21.893726369415));
#322 = CARTESIAN_POINT('',(310.08207178461,-215.,23.000038946693));
#323 = CARTESIAN_POINT('',(338.3635793573,0.,21.897332938735));
#324 = CARTESIAN_POINT('',(310.3495685596,-215.,23.002048404656));
#325 = CARTESIAN_POINT('',(339.09656916231,0.,21.904800204195));
#326 = CARTESIAN_POINT('',(310.86267219504,-215.,23.006287395559));
#327 = CARTESIAN_POINT('',(339.4481597936,0.,21.908624443582));
#328 = CARTESIAN_POINT('',(311.10879113027,-215.,23.008490454334));
#329 = CARTESIAN_POINT('',(340.1194380883,0.,21.916376435554));
#330 = CARTESIAN_POINT('',(311.5786970311,-215.,23.013012122204));
#331 = CARTESIAN_POINT('',(340.43976302712,0.,21.920271690342));
#332 = CARTESIAN_POINT('',(311.8029300481,-215.,23.015306963797));
#333 = CARTESIAN_POINT('',(341.04792847728,0.,21.928654273337));
#334 = CARTESIAN_POINT('',(312.22865774957,-215.,23.020354837227));
#335 = CARTESIAN_POINT('',(341.33631747577,0.,21.93305098298));
#336 = CARTESIAN_POINT('',(312.43053625548,-215.,23.023043642598));
#337 = CARTESIAN_POINT('',(341.88009139953,0.,21.942835544085));
#338 = CARTESIAN_POINT('',(312.81119171829,-215.,23.02915961224));
#339 = CARTESIAN_POINT('',(342.13594050055,0.,21.948063378426));
#340 = CARTESIAN_POINT('',(312.99029338522,-215.,23.032474112728));
#341 = CARTESIAN_POINT('',(342.61417421096,0.,21.959574680605));
#342 = CARTESIAN_POINT('',(313.32507295922,-215.,23.03988739051));
#343 = CARTESIAN_POINT('',(342.83694181651,0.,21.965642834349));
#344 = CARTESIAN_POINT('',(313.48101867851,-215.,23.04383482936));
#345 = CARTESIAN_POINT('',(343.24860857811,0.,21.978887418838));
#346 = CARTESIAN_POINT('',(313.76920365051,-215.,23.052551466704));
#347 = CARTESIAN_POINT('',(343.43781361451,0.,21.985768218027));
#348 = CARTESIAN_POINT('',(313.90165662635,-215.,23.057113258697));
#349 = CARTESIAN_POINT('',(343.78204373016,0.,22.00019523383));
#350 = CARTESIAN_POINT('',(314.14263744827,-215.,23.066749123078));
#351 = CARTESIAN_POINT('',(343.93730164741,0.,22.007409232769));
#352 = CARTESIAN_POINT('',(314.25132783367,-215.,23.071590350165));
#353 = CARTESIAN_POINT('',(344.21344380399,0.,22.021183157272));
#354 = CARTESIAN_POINT('',(314.44464609794,-215.,23.080861522262));
#355 = CARTESIAN_POINT('',(344.33448598586,0.,22.027543239694));
#356 = CARTESIAN_POINT('',(314.52938427168,-215.,23.085151284614));
#357 = CARTESIAN_POINT('',(344.54204975964,0.,22.038822339854));
#358 = CARTESIAN_POINT('',(314.67469423141,-215.,23.092768512106));
#359 = CARTESIAN_POINT('',(344.62866462165,0.,22.043640395908));
#360 = CARTESIAN_POINT('',(314.73533117345,-215.,23.096025135214));
#361 = CARTESIAN_POINT('',(344.76726689453,0.,22.05145020551));
#362 = CARTESIAN_POINT('',(314.83236335905,-215.,23.101306395783));
#363 = CARTESIAN_POINT('',(344.81929932306,0.,22.054404603985));
#364 = CARTESIAN_POINT('',(314.86879006587,-215.,23.103304807875));
#365 = CARTESIAN_POINT('',(344.88867111257,0.,22.058349649283));
#366 = CARTESIAN_POINT('',(314.91735566863,-215.,23.105973460091));
#367 = CARTESIAN_POINT('',(344.90602606202,0.,22.059337103768));
#368 = CARTESIAN_POINT('',(314.92950547237,-215.,23.106641442529));
#369 = CARTESIAN_POINT('',(344.92337792839,0.,22.060324457591));
#370 = CARTESIAN_POINT('',(314.94165311782,-215.,23.107309358666));
#371 = DEFINITIONAL_REPRESENTATION('',(#372),#399);
#372 = B_SPLINE_CURVE_WITH_KNOTS('',7,(#373,#374,#375,#376,#377,#378,
    #379,#380,#381,#382,#383,#384,#385,#386,#387,#388,#389,#390,#391,
    #392,#393,#394,#395,#396,#397,#398),.UNSPECIFIED.,.F.,.F.,(8,6,6,6,8
    ),(0.,0.486304752582,0.729457440935,0.856823194381,1.),
  .UNSPECIFIED.);
#373 = CARTESIAN_POINT('',(11.722907896816,0.));
#374 = CARTESIAN_POINT('',(11.742874995203,5.998367750792E-03));
#375 = CARTESIAN_POINT('',(11.762925230554,1.199672944406E-02));
#376 = CARTESIAN_POINT('',(11.78305922943,1.799508500439E-02));
#377 = CARTESIAN_POINT('',(11.803277626565,2.399343435485E-02));
#378 = CARTESIAN_POINT('',(11.823581064872,2.999177741706E-02));
#379 = CARTESIAN_POINT('',(11.843970195438,3.599011411114E-02));
#380 = CARTESIAN_POINT('',(11.874683431715,4.498761332713E-02));
#381 = CARTESIAN_POINT('',(11.884942773861,4.798678068616E-02));
#382 = CARTESIAN_POINT('',(11.895223786396,5.098594642263E-02));
#383 = CARTESIAN_POINT('',(11.905526552286,5.398511052626E-02));
#384 = CARTESIAN_POINT('',(11.915851155029,5.698427298669E-02));
#385 = CARTESIAN_POINT('',(11.926197678662,5.998343379342E-02));
#386 = CARTESIAN_POINT('',(11.941997344588,6.455358179263E-02));
#387 = CARTESIAN_POINT('',(11.947434519659,6.61245703247E-02));
#388 = CARTESIAN_POINT('',(11.952877745135,6.769555853179E-02));
#389 = CARTESIAN_POINT('',(11.958327033218,6.926654641358E-02));
#390 = CARTESIAN_POINT('',(11.963782396154,7.083753396975E-02));
#391 = CARTESIAN_POINT('',(11.969243846228,7.240852119995E-02));
#392 = CARTESIAN_POINT('',(11.980857681219,7.574551568819E-02));
#393 = CARTESIAN_POINT('',(11.985431525517,7.705746186368E-02));
#394 = CARTESIAN_POINT('',(11.990287973215,7.845053692085E-02));
#395 = CARTESIAN_POINT('',(11.996275579478,8.016596228067E-02));
#396 = CARTESIAN_POINT('',(12.003059759015,8.210644748551E-02));
#397 = CARTESIAN_POINT('',(12.008961109826,8.379107608989E-02));
#398 = CARTESIAN_POINT('',(12.010777225905,8.430962277961E-02));
#399 = ( GEOMETRIC_REPRESENTATION_CONTEXT(2) 
PARAMETRIC_REPRESENTATION_CONTEXT() REPRESENTATION_CONTEXT('2D SPACE',''
  ) );
#400 = ORIENTED_EDGE('',*,*,#401,.T.);
#401 = EDGE_CURVE('',#24,#402,#404,.T.);
#402 = VERTEX_POINT('',#403);
#403 = CARTESIAN_POINT('',(256.,-18.12656889761,15.5));
#404 = SURFACE_CURVE('',#405,(#410,#417),.PCURVE_S1.);
#405 = CIRCLE('',#406,23.85);
#406 = AXIS2_PLACEMENT_3D('',#407,#408,#409);
#407 = CARTESIAN_POINT('',(256.,0.,0.));
#408 = DIRECTION('',(1.,0.,0.));
#409 = DIRECTION('',(-0.,0.,1.));
#410 = PCURVE('',#55,#411);
#411 = DEFINITIONAL_REPRESENTATION('',(#412),#416);
#412 = CIRCLE('',#413,23.85);
#413 = AXIS2_PLACEMENT_2D('',#414,#415);
#414 = CARTESIAN_POINT('',(-15.5,-24.));
#415 = DIRECTION('',(1.,0.));
#416 = ( GEOMETRIC_REPRESENTATION_CONTEXT(2) 
PARAMETRIC_REPRESENTATION_CONTEXT() REPRESENTATION_CONTEXT('2D SPACE',''
  ) );
#417 = PCURVE('',#418,#423);
#418 = CYLINDRICAL_SURFACE('',#419,23.85);
#419 = AXIS2_PLACEMENT_3D('',#420,#421,#422);
#420 = CARTESIAN_POINT('',(251.,0.,0.));
#421 = DIRECTION('',(1.,0.,0.));
#422 = DIRECTION('',(-0.,0.,1.));
#423 = DEFINITIONAL_REPRESENTATION('',(#424),#428);
#424 = LINE('',#425,#426);
#425 = CARTESIAN_POINT('',(0.,5.));
#426 = VECTOR('',#427,1.);
#427 = DIRECTION('',(1.,0.));
#428 = ( GEOMETRIC_REPRESENTATION_CONTEXT(2) 
PARAMETRIC_REPRESENTATION_CONTEXT() REPRESENTATION_CONTEXT('2D SPACE',''
  ) );
#429 = ORIENTED_EDGE('',*,*,#430,.T.);
#430 = EDGE_CURVE('',#402,#431,#433,.T.);
#431 = VERTEX_POINT('',#432);
#432 = CARTESIAN_POINT('',(256.,18.126568897615,15.5));
#433 = SURFACE_CURVE('',#434,(#438,#445),.PCURVE_S1.);
#434 = LINE('',#435,#436);
#435 = CARTESIAN_POINT('',(256.,-24.,15.5));
#436 = VECTOR('',#437,1.);
#437 = DIRECTION('',(-0.,1.,0.));
#438 = PCURVE('',#55,#439);
#439 = DEFINITIONAL_REPRESENTATION('',(#440),#444);
#440 = LINE('',#441,#442);
#441 = CARTESIAN_POINT('',(0.,0.));
#442 = VECTOR('',#443,1.);
#443 = DIRECTION('',(0.,-1.));
#444 = ( GEOMETRIC_REPRESENTATION_CONTEXT(2) 
PARAMETRIC_REPRESENTATION_CONTEXT() REPRESENTATION_CONTEXT('2D SPACE',''
  ) );
#445 = PCURVE('',#446,#451);
#446 = PLANE('',#447);
#447 = AXIS2_PLACEMENT_3D('',#448,#449,#450);
#448 = CARTESIAN_POINT('',(256.,-24.,15.5));
#449 = DIRECTION('',(0.,0.,1.));
#450 = DIRECTION('',(1.,0.,-0.));
#451 = DEFINITIONAL_REPRESENTATION('',(#452),#456);
#452 = LINE('',#453,#454);
#453 = CARTESIAN_POINT('',(0.,0.));
#454 = VECTOR('',#455,1.);
#455 = DIRECTION('',(0.,1.));
#456 = ( GEOMETRIC_REPRESENTATION_CONTEXT(2) 
PARAMETRIC_REPRESENTATION_CONTEXT() REPRESENTATION_CONTEXT('2D SPACE',''
  ) );
#457 = ORIENTED_EDGE('',*,*,#458,.T.);
#458 = EDGE_CURVE('',#431,#459,#461,.T.);
#459 = VERTEX_POINT('',#460);
#460 = CARTESIAN_POINT('',(256.,7.407184864265,22.670600177027));
#461 = SURFACE_CURVE('',#462,(#467,#474),.PCURVE_S1.);
#462 = CIRCLE('',#463,23.85);
#463 = AXIS2_PLACEMENT_3D('',#464,#465,#466);
#464 = CARTESIAN_POINT('',(256.,0.,0.));
#465 = DIRECTION('',(1.,0.,0.));
#466 = DIRECTION('',(-0.,0.,1.));
#467 = PCURVE('',#55,#468);
#468 = DEFINITIONAL_REPRESENTATION('',(#469),#473);
#469 = CIRCLE('',#470,23.85);
#470 = AXIS2_PLACEMENT_2D('',#471,#472);
#471 = CARTESIAN_POINT('',(-15.5,-24.));
#472 = DIRECTION('',(1.,0.));
#473 = ( GEOMETRIC_REPRESENTATION_CONTEXT(2) 
PARAMETRIC_REPRESENTATION_CONTEXT() REPRESENTATION_CONTEXT('2D SPACE',''
  ) );
#474 = PCURVE('',#475,#480);
#475 = CYLINDRICAL_SURFACE('',#476,23.85);
#476 = AXIS2_PLACEMENT_3D('',#477,#478,#479);
#477 = CARTESIAN_POINT('',(251.,0.,0.));
#478 = DIRECTION('',(1.,0.,0.));
#479 = DIRECTION('',(-0.,0.,1.));
#480 = DEFINITIONAL_REPRESENTATION('',(#481),#485);
#481 = LINE('',#482,#483);
#482 = CARTESIAN_POINT('',(0.,5.));
#483 = VECTOR('',#484,1.);
#484 = DIRECTION('',(1.,0.));
#485 = ( GEOMETRIC_REPRESENTATION_CONTEXT(2) 
PARAMETRIC_REPRESENTATION_CONTEXT() REPRESENTATION_CONTEXT('2D SPACE',''
  ) );
#486 = ORIENTED_EDGE('',*,*,#487,.F.);
#487 = EDGE_CURVE('',#22,#459,#488,.T.);
#488 = SURFACE_CURVE('',#489,(#516,#546),.PCURVE_S1.);
#489 = B_SPLINE_CURVE_WITH_KNOTS('',7,(#490,#491,#492,#493,#494,#495,
    #496,#497,#498,#499,#500,#501,#502,#503,#504,#505,#506,#507,#508,
    #509,#510,#511,#512,#513,#514,#515),.UNSPECIFIED.,.F.,.F.,(8,6,6,6,8
    ),(0.,0.486304752582,0.729457440935,0.856823194381,1.),
  .UNSPECIFIED.);
#490 = CARTESIAN_POINT('',(256.,0.,22.650382690363));
#491 = CARTESIAN_POINT('',(256.,1.28964906642,22.653888850272));
#492 = CARTESIAN_POINT('',(256.,2.579296830474,22.657400606614));
#493 = CARTESIAN_POINT('',(256.,3.868943275943,22.66091798269));
#494 = CARTESIAN_POINT('',(256.,5.158588386293,22.664441001863));
#495 = CARTESIAN_POINT('',(256.,6.448232144668,22.667969687558));
#496 = CARTESIAN_POINT('',(256.,7.737874533894,22.671504063264));
#497 = CARTESIAN_POINT('',(256.,9.672336865333,22.676814199434));
#498 = CARTESIAN_POINT('',(256.,10.317157847525,22.678585674732));
#499 = CARTESIAN_POINT('',(256.,10.961978480866,22.680358581366));
#500 = CARTESIAN_POINT('',(256.,11.606798763147,22.682132922284));
#501 = CARTESIAN_POINT('',(256.,12.251618692137,22.683908700434));
#502 = CARTESIAN_POINT('',(256.,12.896438265586,22.685685918772));
#503 = CARTESIAN_POINT('',(256.,13.879020085415,22.688396260513));
#504 = CARTESIAN_POINT('',(256.,14.21678261981,22.689328336816));
#505 = CARTESIAN_POINT('',(256.,14.554545084335,22.690260809587));
#506 = CARTESIAN_POINT('',(256.,14.89230747892,22.691193679254));
#507 = CARTESIAN_POINT('',(256.,15.230069803495,22.692126946242));
#508 = CARTESIAN_POINT('',(256.,15.567832057989,22.693060610977));
#509 = CARTESIAN_POINT('',(256.,16.285285872961,22.695044690396));
#510 = CARTESIAN_POINT('',(256.,16.56735430069,22.69582521929));
#511 = CARTESIAN_POINT('',(256.,16.866865437984,22.696654146746));
#512 = CARTESIAN_POINT('',(256.,17.235681890342,22.697675006878));
#513 = CARTESIAN_POINT('',(256.,17.652886209385,22.69883097128));
#514 = CARTESIAN_POINT('',(256.,18.015081359325,22.699834996927));
#515 = CARTESIAN_POINT('',(256.,18.126568897615,22.700144052626));
#516 = PCURVE('',#55,#517);
#517 = DEFINITIONAL_REPRESENTATION('',(#518),#545);
#518 = B_SPLINE_CURVE_WITH_KNOTS('',7,(#519,#520,#521,#522,#523,#524,
    #525,#526,#527,#528,#529,#530,#531,#532,#533,#534,#535,#536,#537,
    #538,#539,#540,#541,#542,#543,#544),.UNSPECIFIED.,.F.,.F.,(8,6,6,6,8
    ),(0.,0.486304752582,0.729457440935,0.856823194381,1.),
  .UNSPECIFIED.);
#519 = CARTESIAN_POINT('',(7.150382690363,-24.));
#520 = CARTESIAN_POINT('',(7.153888850272,-25.28964906642));
#521 = CARTESIAN_POINT('',(7.157400606614,-26.57929683047));
#522 = CARTESIAN_POINT('',(7.16091798269,-27.86894327594));
#523 = CARTESIAN_POINT('',(7.164441001863,-29.15858838629));
#524 = CARTESIAN_POINT('',(7.167969687558,-30.44823214466));
#525 = CARTESIAN_POINT('',(7.171504063264,-31.73787453389));
#526 = CARTESIAN_POINT('',(7.176814199434,-33.67233686533));
#527 = CARTESIAN_POINT('',(7.178585674732,-34.31715784752));
#528 = CARTESIAN_POINT('',(7.180358581366,-34.96197848086));
#529 = CARTESIAN_POINT('',(7.182132922284,-35.60679876314));
#530 = CARTESIAN_POINT('',(7.183908700434,-36.25161869213));
#531 = CARTESIAN_POINT('',(7.185685918772,-36.89643826558));
#532 = CARTESIAN_POINT('',(7.188396260513,-37.87902008541));
#533 = CARTESIAN_POINT('',(7.189328336816,-38.21678261981));
#534 = CARTESIAN_POINT('',(7.190260809587,-38.55454508433));
#535 = CARTESIAN_POINT('',(7.191193679254,-38.89230747892));
#536 = CARTESIAN_POINT('',(7.192126946242,-39.23006980349));
#537 = CARTESIAN_POINT('',(7.193060610977,-39.56783205798));
#538 = CARTESIAN_POINT('',(7.195044690396,-40.28528587296));
#539 = CARTESIAN_POINT('',(7.19582521929,-40.56735430069));
#540 = CARTESIAN_POINT('',(7.196654146746,-40.86686543798));
#541 = CARTESIAN_POINT('',(7.197675006878,-41.23568189034));
#542 = CARTESIAN_POINT('',(7.19883097128,-41.65288620938));
#543 = CARTESIAN_POINT('',(7.199834996927,-42.01508135932));
#544 = CARTESIAN_POINT('',(7.200144052626,-42.12656889761));
#545 = ( GEOMETRIC_REPRESENTATION_CONTEXT(2) 
PARAMETRIC_REPRESENTATION_CONTEXT() REPRESENTATION_CONTEXT('2D SPACE',''
  ) );
#546 = PCURVE('',#547,#828);
#547 = B_SPLINE_SURFACE_WITH_KNOTS('',3,1,(
    (#548,#549)
    ,(#550,#551)
    ,(#552,#553)
    ,(#554,#555)
    ,(#556,#557)
    ,(#558,#559)
    ,(#560,#561)
    ,(#562,#563)
    ,(#564,#565)
    ,(#566,#567)
    ,(#568,#569)
    ,(#570,#571)
    ,(#572,#573)
    ,(#574,#575)
    ,(#576,#577)
    ,(#578,#579)
    ,(#580,#581)
    ,(#582,#583)
    ,(#584,#585)
    ,(#586,#587)
    ,(#588,#589)
    ,(#590,#591)
    ,(#592,#593)
    ,(#594,#595)
    ,(#596,#597)
    ,(#598,#599)
    ,(#600,#601)
    ,(#602,#603)
    ,(#604,#605)
    ,(#606,#607)
    ,(#608,#609)
    ,(#610,#611)
    ,(#612,#613)
    ,(#614,#615)
    ,(#616,#617)
    ,(#618,#619)
    ,(#620,#621)
    ,(#622,#623)
    ,(#624,#625)
    ,(#626,#627)
    ,(#628,#629)
    ,(#630,#631)
    ,(#632,#633)
    ,(#634,#635)
    ,(#636,#637)
    ,(#638,#639)
    ,(#640,#641)
    ,(#642,#643)
    ,(#644,#645)
    ,(#646,#647)
    ,(#648,#649)
    ,(#650,#651)
    ,(#652,#653)
    ,(#654,#655)
    ,(#656,#657)
    ,(#658,#659)
    ,(#660,#661)
    ,(#662,#663)
    ,(#664,#665)
    ,(#666,#667)
    ,(#668,#669)
    ,(#670,#671)
    ,(#672,#673)
    ,(#674,#675)
    ,(#676,#677)
    ,(#678,#679)
    ,(#680,#681)
    ,(#682,#683)
    ,(#684,#685)
    ,(#686,#687)
    ,(#688,#689)
    ,(#690,#691)
    ,(#692,#693)
    ,(#694,#695)
    ,(#696,#697)
    ,(#698,#699)
    ,(#700,#701)
    ,(#702,#703)
    ,(#704,#705)
    ,(#706,#707)
    ,(#708,#709)
    ,(#710,#711)
    ,(#712,#713)
    ,(#714,#715)
    ,(#716,#717)
    ,(#718,#719)
    ,(#720,#721)
    ,(#722,#723)
    ,(#724,#725)
    ,(#726,#727)
    ,(#728,#729)
    ,(#730,#731)
    ,(#732,#733)
    ,(#734,#735)
    ,(#736,#737)
    ,(#738,#739)
    ,(#740,#741)
    ,(#742,#743)
    ,(#744,#745)
    ,(#746,#747)
    ,(#748,#749)
    ,(#750,#751)
    ,(#752,#753)
    ,(#754,#755)
    ,(#756,#757)
    ,(#758,#759)
    ,(#760,#761)
    ,(#762,#763)
    ,(#764,#765)
    ,(#766,#767)
    ,(#768,#769)
    ,(#770,#771)
    ,(#772,#773)
    ,(#774,#775)
    ,(#776,#777)
    ,(#778,#779)
    ,(#780,#781)
    ,(#782,#783)
    ,(#784,#785)
    ,(#786,#787)
    ,(#788,#789)
    ,(#790,#791)
    ,(#792,#793)
    ,(#794,#795)
    ,(#796,#797)
    ,(#798,#799)
    ,(#800,#801)
    ,(#802,#803)
    ,(#804,#805)
    ,(#806,#807)
    ,(#808,#809)
    ,(#810,#811)
    ,(#812,#813)
    ,(#814,#815)
    ,(#816,#817)
    ,(#818,#819)
    ,(#820,#821)
    ,(#822,#823)
    ,(#824,#825)
    ,(#826,#827
    )),.UNSPECIFIED.,.F.,.F.,.F.,(4,1,1,1,1,1,1,1,1,1,1,1,1,1,1,1,1,1,1,
    1,1,1,1,1,1,1,1,1,1,1,1,1,1,1,1,1,1,1,1,1,1,1,1,1,1,1,1,1,1,1,1,1,1,
    1,1,1,1,1,1,1,1,1,1,1,1,1,1,1,1,1,1,1,1,1,1,1,1,1,1,1,1,1,1,1,1,1,1,
    1,1,1,1,1,1,1,1,1,1,1,1,1,1,1,1,1,1,1,1,1,1,1,1,1,1,1,1,1,1,1,1,1,1,
    1,1,1,1,1,1,1,1,1,1,1,1,1,1,1,1,4),(2,2),(0.,5.227199283708E-02,
    5.228163034791E-02,0.208571669093,0.208690805024,0.469033501114,
    0.469402401401,0.833374956258,0.83407891605,1.300243574032,
    1.301334553178,1.870375085619,1.871877048132,2.541877062609,
    2.543800356151,3.310528476366,3.312879827205,4.175976265618,
    4.178751734952,5.137672611048,5.140861373769,6.193511244512,
    6.197095922781,7.340538837512,7.344498512069,8.576453044924,
    8.580759699683,9.898904326015,9.903523836875,11.305231790644,
    11.310126191648,12.792362750159,12.797492998245,14.357215320878,
    14.362542440214,15.996589969934,16.00207669866,17.707090017834,
    17.712700723791,19.48518376093,19.490883996243,21.327173335585,
    21.332930698437,23.229269998317,23.235054477556,25.187520787197,
    25.193305219365,27.19788152467,27.203640362143,29.256186085355,
    29.261895608188,31.358177058773,31.363815267867,33.499500392447,
    33.505047206127,35.67572009809,35.681157211548,37.882330733519,
    37.887641477619,40.114761662872,40.119931350926,42.368393889953,
    42.373410200478,44.638558562445,44.643411565772,46.920554096082,
    46.925235475281,49.209653658285,49.214156565372,51.50111639354,
    51.505435672748,53.790196425522,53.794328758493,56.072151265617,
    56.076094832319,58.34225269558,58.346006583587,60.595796965598,
    60.599361179719,62.828115175562,62.831490912697,65.034582308016,
    65.037771958161,67.210625699985,67.213632289389,69.351734877801,
    69.354561677063,71.453471925436,71.456122518352,73.511480852888,
    73.513959273154,75.521496212461,75.523806887908,77.479351408696,
    77.481498876883,79.380987853877,79.382976715017,81.222464486354,
    81.224299841714,82.999965716978,83.001653492871,84.70980787288,
    84.711354475404,86.348445936095,86.34985759532,87.912482486433,
    87.913765273628,89.398675571692,89.399835680981,90.803944895126,
    90.804988748612,92.125376425403,92.126310165354,93.360229087845,
    93.361058138546,94.505942655466,94.506672117562,95.560141612172,
    95.560776684053,96.520640880951,96.521186953044,97.385445259387,
    97.385905926497,98.152771007859,98.153148308237,98.821019147599,
    98.821314897727,99.388782650431,99.388999367286,99.85490979693,
    99.855053404694,100.21845400433,100.21853633587,100.47866322344,
    100.47870012757,100.63500268761,100.635011935,100.68715174192),(0.,
    1.),.UNSPECIFIED.);
#548 = CARTESIAN_POINT('',(245.00004211951,0.,25.960345956879));
#549 = CARTESIAN_POINT('',(245.00002941647,215.,25.972240245888));
#550 = CARTESIAN_POINT('',(244.99951208495,0.,25.942703000043));
#551 = CARTESIAN_POINT('',(244.99965950116,215.,25.959890314476));
#552 = CARTESIAN_POINT('',(245.00065280957,0.,25.92532409036));
#553 = CARTESIAN_POINT('',(245.0004574692,215.,25.947724972728));
#554 = CARTESIAN_POINT('',(245.01134794702,0.,25.856895035363));
#555 = CARTESIAN_POINT('',(245.00793669356,215.,25.899823490848));
#556 = CARTESIAN_POINT('',(245.03314412779,0.,25.807599289316));
#557 = CARTESIAN_POINT('',(245.02317699066,215.,25.865313840257));
#558 = CARTESIAN_POINT('',(245.10601989297,0.,25.68775423841));
#559 = CARTESIAN_POINT('',(245.07412855831,215.,25.781382159091));
#560 = CARTESIAN_POINT('',(245.16705335237,0.,25.624724359318));
#561 = CARTESIAN_POINT('',(245.11678846739,215.,25.737207500004));
#562 = CARTESIAN_POINT('',(245.32090219721,0.,25.483372797399));
#563 = CARTESIAN_POINT('',(245.22435463107,215.,25.638124610907));
#564 = CARTESIAN_POINT('',(245.4170714748,0.,25.408611342183));
#565 = CARTESIAN_POINT('',(245.29159631606,215.,25.585691711438));
#566 = CARTESIAN_POINT('',(245.64388852468,0.,25.249682095891));
#567 = CARTESIAN_POINT('',(245.45019713153,215.,25.474195234876));
#568 = CARTESIAN_POINT('',(245.77735886986,0.,25.168260033102));
#569 = CARTESIAN_POINT('',(245.54352916527,215.,25.417043514142));
#570 = CARTESIAN_POINT('',(246.07998504225,0.,25.001303728599));
#571 = CARTESIAN_POINT('',(245.75516503972,215.,25.299806013105));
#572 = CARTESIAN_POINT('',(246.25166184459,0.,24.918188790536));
#573 = CARTESIAN_POINT('',(245.87523287257,215.,25.241407617839));
#574 = CARTESIAN_POINT('',(246.62921606042,0.,24.749314789797));
#575 = CARTESIAN_POINT('',(246.13930721571,215.,25.122715997901));
#576 = CARTESIAN_POINT('',(246.83735240844,0.,24.664981931395));
#577 = CARTESIAN_POINT('',(246.28489339525,215.,25.063413812782));
#578 = CARTESIAN_POINT('',(247.28530628717,0.,24.493605781681));
#579 = CARTESIAN_POINT('',(246.59824132847,215.,24.942874425032));
#580 = CARTESIAN_POINT('',(247.52740109594,0.,24.407146860306));
#581 = CARTESIAN_POINT('',(246.76759466034,215.,24.882036201679));
#582 = CARTESIAN_POINT('',(248.04336107295,0.,24.234491096581));
#583 = CARTESIAN_POINT('',(247.1285382135,215.,24.760492684989));
#584 = CARTESIAN_POINT('',(248.31988917827,0.,24.14885335333));
#585 = CARTESIAN_POINT('',(247.3219932374,215.,24.700175917498));
#586 = CARTESIAN_POINT('',(248.90384608256,0.,23.978459642757));
#587 = CARTESIAN_POINT('',(247.73053522445,215.,24.580116998488));
#588 = CARTESIAN_POINT('',(249.2142427328,0.,23.893994344612));
#589 = CARTESIAN_POINT('',(247.9476988718,215.,24.520571520838));
#590 = CARTESIAN_POINT('',(249.86487539217,0.,23.727458095228));
#591 = CARTESIAN_POINT('',(248.40291630778,215.,24.403112636431));
#592 = CARTESIAN_POINT('',(250.20843884477,0.,23.645558794931));
#593 = CARTESIAN_POINT('',(248.64329932238,215.,24.345314919867));
#594 = CARTESIAN_POINT('',(250.92375388309,0.,23.484355508223));
#595 = CARTESIAN_POINT('',(249.1438010596,215.,24.231498405858));
#596 = CARTESIAN_POINT('',(251.29916619345,0.,23.40502957401));
#597 = CARTESIAN_POINT('',(249.40648138133,215.,24.175456257561));
#598 = CARTESIAN_POINT('',(252.07711901156,0.,23.250576159252));
#599 = CARTESIAN_POINT('',(249.95083684866,215.,24.06626981405));
#600 = CARTESIAN_POINT('',(252.48368026886,0.,23.175417959587));
#601 = CARTESIAN_POINT('',(250.23532641292,215.,24.013098527219));
#602 = CARTESIAN_POINT('',(253.32270669099,0.,23.030261866807));
#603 = CARTESIAN_POINT('',(250.82244528133,215.,23.910330678323));
#604 = CARTESIAN_POINT('',(253.75952001339,0.,22.960206566472));
#605 = CARTESIAN_POINT('',(251.12811801834,215.,23.860687517306));
#606 = CARTESIAN_POINT('',(254.65771779582,0.,22.825959807722));
#607 = CARTESIAN_POINT('',(251.75667144063,215.,23.765471106841));
#608 = CARTESIAN_POINT('',(255.12374826683,0.,22.76169358945));
#609 = CARTESIAN_POINT('',(252.08280412056,215.,23.719839168402));
#610 = CARTESIAN_POINT('',(256.07887734018,0.,22.639115412486));
#611 = CARTESIAN_POINT('',(252.75122572185,215.,23.63271247379));
#612 = CARTESIAN_POINT('',(256.57288296311,0.,22.580696963221));
#613 = CARTESIAN_POINT('',(253.09694921526,215.,23.591135761757));
#614 = CARTESIAN_POINT('',(257.58252929837,0.,22.469890200459));
#615 = CARTESIAN_POINT('',(253.80354935409,215.,23.512174699382));
#616 = CARTESIAN_POINT('',(258.1033046481,0.,22.417385306357));
#617 = CARTESIAN_POINT('',(254.16801999346,215.,23.474701647638));
#618 = CARTESIAN_POINT('',(259.16504390151,0.,22.318049105198));
#619 = CARTESIAN_POINT('',(254.91110142299,215.,23.403701519261));
#620 = CARTESIAN_POINT('',(259.71133287248,0.,22.271085304157));
#621 = CARTESIAN_POINT('',(255.29343944547,215.,23.370073789051));
#622 = CARTESIAN_POINT('',(260.8226712533,0.,22.182577343518));
#623 = CARTESIAN_POINT('',(256.0712554941,215.,23.306588214088));
#624 = CARTESIAN_POINT('',(261.39320203958,0.,22.140900818684));
#625 = CARTESIAN_POINT('',(256.47057021624,215.,23.27662968082));
#626 = CARTESIAN_POINT('',(262.55161802972,0.,22.062857060859));
#627 = CARTESIAN_POINT('',(257.2813552148,215.,23.220406801204));
#628 = CARTESIAN_POINT('',(263.14510693054,0.,22.026371026629));
#629 = CARTESIAN_POINT('',(257.69674788248,215.,23.194051647397));
#630 = CARTESIAN_POINT('',(264.34801399316,0.,21.958335207381));
#631 = CARTESIAN_POINT('',(258.53869064615,215.,23.144776953511));
#632 = CARTESIAN_POINT('',(264.96312427536,0.,21.926675089574));
#633 = CARTESIAN_POINT('',(258.96922502999,215.,23.121772117813));
#634 = CARTESIAN_POINT('',(266.20787243213,0.,21.867954911934));
#635 = CARTESIAN_POINT('',(259.84046954099,215.,23.07896447542));
#636 = CARTESIAN_POINT('',(266.84325931347,0.,21.840796973968));
#637 = CARTESIAN_POINT('',(260.28520381865,215.,23.05908535552));
#638 = CARTESIAN_POINT('',(268.12714205518,0.,21.790523116036));
#639 = CARTESIAN_POINT('',(261.18385430522,215.,23.0221408461));
#640 = CARTESIAN_POINT('',(268.78141412895,0.,21.767316422976));
#641 = CARTESIAN_POINT('',(261.64181370212,215.,23.005003452034));
#642 = CARTESIAN_POINT('',(270.10167432773,0.,21.724801163446));
#643 = CARTESIAN_POINT('',(262.56593910806,215.,22.973442562462));
#644 = CARTESIAN_POINT('',(270.77343899544,0.,21.705420705026));
#645 = CARTESIAN_POINT('',(263.03614859663,215.,22.958960969058));
#646 = CARTESIAN_POINT('',(272.12727740515,0.,21.670230520778));
#647 = CARTESIAN_POINT('',(263.98378884984,215.,22.932484733872));
#648 = CARTESIAN_POINT('',(272.81510247588,0.,21.654363084604));
#649 = CARTESIAN_POINT('',(264.46524545598,215.,22.920441690268));
#650 = CARTESIAN_POINT('',(274.19965842659,0.,21.625969403681));
#651 = CARTESIAN_POINT('',(265.43439731946,215.,22.898683501707));
#652 = CARTESIAN_POINT('',(274.9020917992,0.,21.613400957049));
#653 = CARTESIAN_POINT('',(265.92608426284,215.,22.888931085402));
#654 = CARTESIAN_POINT('',(276.31445494315,0.,21.591291212381));
#655 = CARTESIAN_POINT('',(266.91470977518,215.,22.871536316537));
#656 = CARTESIAN_POINT('',(277.03001643498,0.,21.581720481484));
#657 = CARTESIAN_POINT('',(267.41559050585,215.,22.863865617917));
#658 = CARTESIAN_POINT('',(278.46722569826,0.,21.56534147721));
#659 = CARTESIAN_POINT('',(268.4216161342,215.,22.850450735172));
#660 = CARTESIAN_POINT('',(279.19441433045,0.,21.558516071846));
#661 = CARTESIAN_POINT('',(268.93063961137,215.,22.844686963988));
#662 = CARTESIAN_POINT('',(280.65346732774,0.,21.547409232923));
#663 = CARTESIAN_POINT('',(269.95196304264,215.,22.834934752685));
#664 = CARTESIAN_POINT('',(281.39076335255,0.,21.543122186569));
#665 = CARTESIAN_POINT('',(270.4680651531,215.,22.830935064686));
#666 = CARTESIAN_POINT('',(282.86861853537,0.,21.536791644892));
#667 = CARTESIAN_POINT('',(271.50255661712,215.,22.824502700116));
#668 = CARTESIAN_POINT('',(283.61448359583,0.,21.534751442711));
#669 = CARTESIAN_POINT('',(272.02466010886,215.,22.822065173107));
#670 = CARTESIAN_POINT('',(285.10806650458,0.,21.532549666952));
#671 = CARTESIAN_POINT('',(273.0701665927,215.,22.818503603078));
#672 = CARTESIAN_POINT('',(285.86094994799,0.,21.53239789555));
#673 = CARTESIAN_POINT('',(273.59718551682,215.,22.817379445572));
#674 = CARTESIAN_POINT('',(287.3671588553,0.,21.533567510857));
#675 = CARTESIAN_POINT('',(274.65153477365,215.,22.816162648671));
#676 = CARTESIAN_POINT('',(288.12549730702,0.,21.534903388001));
#677 = CARTESIAN_POINT('',(275.18237422047,215.,22.816073195338));
#678 = CARTESIAN_POINT('',(289.64120695461,0.,21.538857472776));
#679 = CARTESIAN_POINT('',(276.24337776646,215.,22.816793734595));
#680 = CARTESIAN_POINT('',(290.40342834632,0.,21.541494823819));
#681 = CARTESIAN_POINT('',(276.77693703254,215.,22.817610570041));
#682 = CARTESIAN_POINT('',(291.92549588063,0.,21.547856839245));
#683 = CARTESIAN_POINT('',(277.84239435569,215.,22.820009028867));
#684 = CARTESIAN_POINT('',(292.69002106458,0.,21.551604236032));
#685 = CARTESIAN_POINT('',(278.37756777611,215.,22.82160027299));
#686 = CARTESIAN_POINT('',(294.21529197256,0.,21.559946230025));
#687 = CARTESIAN_POINT('',(279.44527013357,215.,22.82538136852));
#688 = CARTESIAN_POINT('',(294.98053881391,0.,21.564566073937));
#689 = CARTESIAN_POINT('',(279.98094989046,215.,22.827582841839));
#690 = CARTESIAN_POINT('',(296.50585395955,0.,21.574371954918));
#691 = CARTESIAN_POINT('',(281.04868518535,215.,22.832389565245));
#692 = CARTESIAN_POINT('',(297.27024035291,0.,21.579584937259));
#693 = CARTESIAN_POINT('',(281.58376342604,215.,22.835007808561));
#694 = CARTESIAN_POINT('',(298.79244077647,0.,21.59035927479));
#695 = CARTESIAN_POINT('',(282.6493197151,215.,22.84049734208));
#696 = CARTESIAN_POINT('',(299.5543864385,0.,21.595948595998));
#697 = CARTESIAN_POINT('',(283.18268994781,215.,22.843382545113));
#698 = CARTESIAN_POINT('',(301.07031782621,0.,21.607402207082));
#699 = CARTESIAN_POINT('',(284.24385882014,215.,22.849356287563));
#700 = CARTESIAN_POINT('',(301.82824671549,0.,21.613294486197));
#701 = CARTESIAN_POINT('',(284.77441771571,215.,22.852459116251));
#702 = CARTESIAN_POINT('',(303.33476660084,0.,21.625257635625));
#703 = CARTESIAN_POINT('',(285.82899921261,215.,22.858802510085));
#704 = CARTESIAN_POINT('',(304.08711138377,0.,21.631356361631));
#705 = CARTESIAN_POINT('',(286.35564950561,215.,22.862057550391));
#706 = CARTESIAN_POINT('',(305.58109762596,0.,21.643574158734));
#707 = CARTESIAN_POINT('',(287.4014577811,215.,22.868596473177));
#708 = CARTESIAN_POINT('',(306.32630358852,0.,21.649721239318));
#709 = CARTESIAN_POINT('',(287.92311095697,215.,22.871895171167));
#710 = CARTESIAN_POINT('',(307.80466080602,0.,21.661858879471));
#711 = CARTESIAN_POINT('',(288.9579787898,215.,22.878399409355));
#712 = CARTESIAN_POINT('',(308.54118847573,0.,21.667877792928));
#713 = CARTESIAN_POINT('',(289.47355697898,215.,22.881620181622));
#714 = CARTESIAN_POINT('',(310.00085209542,0.,21.679712517279));
#715 = CARTESIAN_POINT('',(290.49533886682,215.,22.887937621815));
#716 = CARTESIAN_POINT('',(310.72717858872,0.,21.685555517781));
#717 = CARTESIAN_POINT('',(291.00377598575,215.,22.891048984681));
#718 = CARTESIAN_POINT('',(312.16512013097,0.,21.697069666977));
#719 = CARTESIAN_POINT('',(292.01035196707,215.,22.89717119255));
#720 = CARTESIAN_POINT('',(312.87974275619,0.,21.702765764366));
#721 = CARTESIAN_POINT('',(292.51059616929,215.,22.900195463268));
#722 = CARTESIAN_POINT('',(314.2929780899,0.,21.713986625535));
#723 = CARTESIAN_POINT('',(293.4998773858,215.,22.906145630551));
#724 = CARTESIAN_POINT('',(314.99441869685,0.,21.719534631748));
#725 = CARTESIAN_POINT('',(293.99089396297,215.,22.909084000913));
#726 = CARTESIAN_POINT('',(316.38001559635,0.,21.730428774436));
#727 = CARTESIAN_POINT('',(294.96082780847,215.,22.914842733636));
#728 = CARTESIAN_POINT('',(317.06682373384,0.,21.735797103935));
#729 = CARTESIAN_POINT('',(295.44160140073,215.,22.917675057586));
#730 = CARTESIAN_POINT('',(318.42190756189,0.,21.746304486761));
#731 = CARTESIAN_POINT('',(296.39017554555,215.,22.923204189579));
#732 = CARTESIAN_POINT('',(319.09266305862,0.,21.751464766838));
#733 = CARTESIAN_POINT('',(296.85971199359,215.,22.9259124867));
#734 = CARTESIAN_POINT('',(320.41442160935,0.,21.761596147938));
#735 = CARTESIAN_POINT('',(297.78495790602,215.,22.931223232506));
#736 = CARTESIAN_POINT('',(321.06773677569,0.,21.76658597881));
#737 = CARTESIAN_POINT('',(298.24228587658,215.,22.933835665833));
#738 = CARTESIAN_POINT('',(322.35342601984,0.,21.776437683582));
#739 = CARTESIAN_POINT('',(299.14228286337,215.,22.938999137963));
#740 = CARTESIAN_POINT('',(322.98794904332,0.,21.781315087226));
#741 = CARTESIAN_POINT('',(299.58645616435,215.,22.941558189615));
#742 = CARTESIAN_POINT('',(324.23490074131,0.,21.790900181891));
#743 = CARTESIAN_POINT('',(300.4593364719,215.,22.946587292084));
#744 = CARTESIAN_POINT('',(324.84931991908,0.,21.795623106355));
#745 = CARTESIAN_POINT('',(300.88943685301,215.,22.949065356976));
#746 = CARTESIAN_POINT('',(326.05494818304,0.,21.804775513229));
#747 = CARTESIAN_POINT('',(301.73339013296,215.,22.953847415529));
#748 = CARTESIAN_POINT('',(326.6479945167,0.,21.809222910368));
#749 = CARTESIAN_POINT('',(302.14852913105,215.,22.956161456625));
#750 = CARTESIAN_POINT('',(327.80979911874,0.,21.817765834221));
#751 = CARTESIAN_POINT('',(302.96180498391,215.,22.960575970782));
#752 = CARTESIAN_POINT('',(328.38024720486,0.,21.821880301883));
#753 = CARTESIAN_POINT('',(303.36112473853,215.,22.962687371397));
#754 = CARTESIAN_POINT('',(329.49581610824,0.,21.829865702806));
#755 = CARTESIAN_POINT('',(304.14203480736,215.,22.966773758123));
#756 = CARTESIAN_POINT('',(330.04248554684,0.,21.833750295231));
#757 = CARTESIAN_POINT('',(304.52470917637,215.,22.968756224119));
#758 = CARTESIAN_POINT('',(331.10950112803,0.,21.841353532205));
#759 = CARTESIAN_POINT('',(305.27163135838,215.,22.972640425807));
#760 = CARTESIAN_POINT('',(331.63126092442,0.,21.845081301644));
#761 = CARTESIAN_POINT('',(305.63686874264,215.,22.974546657989));
#762 = CARTESIAN_POINT('',(332.64750730403,0.,21.852389800576));
#763 = CARTESIAN_POINT('',(306.34825203753,215.,22.978292943772));
#764 = CARTESIAN_POINT('',(333.14327872306,0.,21.855977381297));
#765 = CARTESIAN_POINT('',(306.69529734363,215.,22.980136074443));
#766 = CARTESIAN_POINT('',(334.10664650597,0.,21.862976196346));
#767 = CARTESIAN_POINT('',(307.36966515236,215.,22.983736879418));
#768 = CARTESIAN_POINT('',(334.57540509998,0.,21.866394413449));
#769 = CARTESIAN_POINT('',(307.69780122677,215.,22.985497842671));
#770 = CARTESIAN_POINT('',(335.48389366872,0.,21.873137587165));
#771 = CARTESIAN_POINT('',(308.33375318857,215.,22.988993582645));
#772 = CARTESIAN_POINT('',(335.9246695658,0.,21.876463334669));
#773 = CARTESIAN_POINT('',(308.64230122398,215.,22.99072745856));
#774 = CARTESIAN_POINT('',(336.77638944722,0.,21.88323420013));
#775 = CARTESIAN_POINT('',(309.23851508834,215.,22.994318922434));
#776 = CARTESIAN_POINT('',(337.18826912602,0.,21.886664231826));
#777 = CARTESIAN_POINT('',(309.52683588399,215.,22.996164703101));
#778 = CARTESIAN_POINT('',(337.98144857861,0.,21.893726369415));
#779 = CARTESIAN_POINT('',(310.08207178461,215.,23.000038946693));
#780 = CARTESIAN_POINT('',(338.3635793573,0.,21.897332938735));
#781 = CARTESIAN_POINT('',(310.3495685596,215.,23.002048404656));
#782 = CARTESIAN_POINT('',(339.09656916231,0.,21.904800204195));
#783 = CARTESIAN_POINT('',(310.86267219504,215.,23.006287395559));
#784 = CARTESIAN_POINT('',(339.4481597936,0.,21.908624443582));
#785 = CARTESIAN_POINT('',(311.10879113027,215.,23.008490454334));
#786 = CARTESIAN_POINT('',(340.1194380883,0.,21.916376435554));
#787 = CARTESIAN_POINT('',(311.5786970311,215.,23.013012122204));
#788 = CARTESIAN_POINT('',(340.43976302712,0.,21.920271690342));
#789 = CARTESIAN_POINT('',(311.8029300481,215.,23.015306963797));
#790 = CARTESIAN_POINT('',(341.04792847728,0.,21.928654273337));
#791 = CARTESIAN_POINT('',(312.22865774957,215.,23.020354837227));
#792 = CARTESIAN_POINT('',(341.33631747577,0.,21.93305098298));
#793 = CARTESIAN_POINT('',(312.43053625548,215.,23.023043642598));
#794 = CARTESIAN_POINT('',(341.88009139953,0.,21.942835544085));
#795 = CARTESIAN_POINT('',(312.81119171829,215.,23.02915961224));
#796 = CARTESIAN_POINT('',(342.13594050055,0.,21.948063378426));
#797 = CARTESIAN_POINT('',(312.99029338522,215.,23.032474112728));
#798 = CARTESIAN_POINT('',(342.61417421096,0.,21.959574680605));
#799 = CARTESIAN_POINT('',(313.32507295922,215.,23.03988739051));
#800 = CARTESIAN_POINT('',(342.83694181651,0.,21.965642834349));
#801 = CARTESIAN_POINT('',(313.48101867851,215.,23.04383482936));
#802 = CARTESIAN_POINT('',(343.24860857811,0.,21.978887418838));
#803 = CARTESIAN_POINT('',(313.76920365051,215.,23.052551466704));
#804 = CARTESIAN_POINT('',(343.43781361451,0.,21.985768218027));
#805 = CARTESIAN_POINT('',(313.90165662635,215.,23.057113258697));
#806 = CARTESIAN_POINT('',(343.78204373016,0.,22.00019523383));
#807 = CARTESIAN_POINT('',(314.14263744827,215.,23.066749123078));
#808 = CARTESIAN_POINT('',(343.93730164741,0.,22.007409232769));
#809 = CARTESIAN_POINT('',(314.25132783367,215.,23.071590350165));
#810 = CARTESIAN_POINT('',(344.21344380399,0.,22.021183157272));
#811 = CARTESIAN_POINT('',(314.44464609794,215.,23.080861522262));
#812 = CARTESIAN_POINT('',(344.33448598586,0.,22.027543239694));
#813 = CARTESIAN_POINT('',(314.52938427168,215.,23.085151284614));
#814 = CARTESIAN_POINT('',(344.54204975964,0.,22.038822339854));
#815 = CARTESIAN_POINT('',(314.67469423141,215.,23.092768512106));
#816 = CARTESIAN_POINT('',(344.62866462165,0.,22.043640395908));
#817 = CARTESIAN_POINT('',(314.73533117345,215.,23.096025135214));
#818 = CARTESIAN_POINT('',(344.76726689453,0.,22.05145020551));
#819 = CARTESIAN_POINT('',(314.83236335905,215.,23.101306395783));
#820 = CARTESIAN_POINT('',(344.81929932306,0.,22.054404603985));
#821 = CARTESIAN_POINT('',(314.86879006587,215.,23.103304807875));
#822 = CARTESIAN_POINT('',(344.88867111257,0.,22.058349649283));
#823 = CARTESIAN_POINT('',(314.91735566863,215.,23.105973460091));
#824 = CARTESIAN_POINT('',(344.90602606202,0.,22.059337103768));
#825 = CARTESIAN_POINT('',(314.92950547237,215.,23.106641442529));
#826 = CARTESIAN_POINT('',(344.92337792839,0.,22.060324457591));
#827 = CARTESIAN_POINT('',(314.94165311782,215.,23.107309358666));
#828 = DEFINITIONAL_REPRESENTATION('',(#829),#856);
#829 = B_SPLINE_CURVE_WITH_KNOTS('',7,(#830,#831,#832,#833,#834,#835,
    #836,#837,#838,#839,#840,#841,#842,#843,#844,#845,#846,#847,#848,
    #849,#850,#851,#852,#853,#854,#855),.UNSPECIFIED.,.F.,.F.,(8,6,6,6,8
    ),(0.,0.486304752582,0.729457440935,0.856823194381,1.),
  .UNSPECIFIED.);
#830 = CARTESIAN_POINT('',(11.722907896816,0.));
#831 = CARTESIAN_POINT('',(11.742874995203,5.998367750792E-03));
#832 = CARTESIAN_POINT('',(11.762925230554,1.199672944406E-02));
#833 = CARTESIAN_POINT('',(11.78305922943,1.799508500439E-02));
#834 = CARTESIAN_POINT('',(11.803277626565,2.399343435485E-02));
#835 = CARTESIAN_POINT('',(11.823581064872,2.999177741706E-02));
#836 = CARTESIAN_POINT('',(11.843970195438,3.599011411114E-02));
#837 = CARTESIAN_POINT('',(11.874683431715,4.498761332713E-02));
#838 = CARTESIAN_POINT('',(11.884942773861,4.798678068616E-02));
#839 = CARTESIAN_POINT('',(11.895223786396,5.098594642263E-02));
#840 = CARTESIAN_POINT('',(11.905526552286,5.398511052626E-02));
#841 = CARTESIAN_POINT('',(11.915851155029,5.698427298669E-02));
#842 = CARTESIAN_POINT('',(11.926197678662,5.998343379342E-02));
#843 = CARTESIAN_POINT('',(11.941997344588,6.455358179263E-02));
#844 = CARTESIAN_POINT('',(11.947434519659,6.61245703247E-02));
#845 = CARTESIAN_POINT('',(11.952877745135,6.769555853179E-02));
#846 = CARTESIAN_POINT('',(11.958327033218,6.926654641358E-02));
#847 = CARTESIAN_POINT('',(11.963782396154,7.083753396975E-02));
#848 = CARTESIAN_POINT('',(11.969243846228,7.240852119995E-02));
#849 = CARTESIAN_POINT('',(11.980857681219,7.574551568819E-02));
#850 = CARTESIAN_POINT('',(11.985431525516,7.705746186368E-02));
#851 = CARTESIAN_POINT('',(11.990287973215,7.845053692085E-02));
#852 = CARTESIAN_POINT('',(11.996275579478,8.016596228066E-02));
#853 = CARTESIAN_POINT('',(12.003059759016,8.210644748551E-02));
#854 = CARTESIAN_POINT('',(12.008961109826,8.379107608989E-02));
#855 = CARTESIAN_POINT('',(12.010777225905,8.430962277961E-02));
#856 = ( GEOMETRIC_REPRESENTATION_CONTEXT(2) 
PARAMETRIC_REPRESENTATION_CONTEXT() REPRESENTATION_CONTEXT('2D SPACE',''
  ) );
#857 = ADVANCED_FACE('',(#858),#418,.T.);
#858 = FACE_BOUND('',#859,.T.);
#859 = EDGE_LOOP('',(#860,#891,#1056,#1057));
#860 = ORIENTED_EDGE('',*,*,#861,.F.);
#861 = EDGE_CURVE('',#862,#864,#866,.T.);
#862 = VERTEX_POINT('',#863);
#863 = CARTESIAN_POINT('',(266.,-9.40177851413,21.918692040613));
#864 = VERTEX_POINT('',#865);
#865 = CARTESIAN_POINT('',(266.,-18.12656889761,15.5));
#866 = SURFACE_CURVE('',#867,(#872,#879),.PCURVE_S1.);
#867 = CIRCLE('',#868,23.85);
#868 = AXIS2_PLACEMENT_3D('',#869,#870,#871);
#869 = CARTESIAN_POINT('',(266.,0.,0.));
#870 = DIRECTION('',(1.,0.,0.));
#871 = DIRECTION('',(-0.,0.,1.));
#872 = PCURVE('',#418,#873);
#873 = DEFINITIONAL_REPRESENTATION('',(#874),#878);
#874 = LINE('',#875,#876);
#875 = CARTESIAN_POINT('',(0.,15.));
#876 = VECTOR('',#877,1.);
#877 = DIRECTION('',(1.,0.));
#878 = ( GEOMETRIC_REPRESENTATION_CONTEXT(2) 
PARAMETRIC_REPRESENTATION_CONTEXT() REPRESENTATION_CONTEXT('2D SPACE',''
  ) );
#879 = PCURVE('',#880,#885);
#880 = PLANE('',#881);
#881 = AXIS2_PLACEMENT_3D('',#882,#883,#884);
#882 = CARTESIAN_POINT('',(266.,-24.,15.5));
#883 = DIRECTION('',(1.,0.,-0.));
#884 = DIRECTION('',(0.,0.,1.));
#885 = DEFINITIONAL_REPRESENTATION('',(#886),#890);
#886 = CIRCLE('',#887,23.85);
#887 = AXIS2_PLACEMENT_2D('',#888,#889);
#888 = CARTESIAN_POINT('',(-15.5,-24.));
#889 = DIRECTION('',(1.,0.));
#890 = ( GEOMETRIC_REPRESENTATION_CONTEXT(2) 
PARAMETRIC_REPRESENTATION_CONTEXT() REPRESENTATION_CONTEXT('2D SPACE',''
  ) );
#891 = ORIENTED_EDGE('',*,*,#892,.F.);
#892 = EDGE_CURVE('',#24,#862,#893,.T.);
#893 = SURFACE_CURVE('',#894,(#946,#1001),.PCURVE_S1.);
#894 = B_SPLINE_CURVE_WITH_KNOTS('',8,(#895,#896,#897,#898,#899,#900,
    #901,#902,#903,#904,#905,#906,#907,#908,#909,#910,#911,#912,#913,
    #914,#915,#916,#917,#918,#919,#920,#921,#922,#923,#924,#925,#926,
    #927,#928,#929,#930,#931,#932,#933,#934,#935,#936,#937,#938,#939,
    #940,#941,#942,#943,#944,#945),.UNSPECIFIED.,.F.,.F.,(9,7,7,7,7,7,7,
    9),(0.,0.16770307993,0.227014670982,0.33575253974,0.414834625428,
    0.681310092248,0.83894908528,1.),.UNSPECIFIED.);
#895 = CARTESIAN_POINT('',(255.9999994,-7.407184643221,22.670600249249)
  );
#896 = CARTESIAN_POINT('',(256.20693380031,-7.483420644089,
    22.645691595367));
#897 = CARTESIAN_POINT('',(256.4142542051,-7.55685750234,22.621373238077
    ));
#898 = CARTESIAN_POINT('',(256.62192512849,-7.627654131416,
    22.597633522531));
#899 = CARTESIAN_POINT('',(256.82991377245,-7.695959398819,
    22.574458496355));
#900 = CARTESIAN_POINT('',(257.03819097197,-7.761910423849,
    22.551833448155));
#901 = CARTESIAN_POINT('',(257.24673148078,-7.825632862474,
    22.529743591687));
#902 = CARTESIAN_POINT('',(257.45551359756,-7.887243179307,
    22.50817389571));
#903 = CARTESIAN_POINT('',(257.73843681992,-7.967935094185,
    22.479657699826));
#904 = CARTESIAN_POINT('',(257.81236176397,-7.988760894328,
    22.472272539502));
#905 = CARTESIAN_POINT('',(257.88629282008,-8.009335666269,
    22.464951726904));
#906 = CARTESIAN_POINT('',(257.96022984263,-8.029664639648,
    22.457694410489));
#907 = CARTESIAN_POINT('',(258.03417268511,-8.049752914605,
    22.450499738781));
#908 = CARTESIAN_POINT('',(258.1081212001,-8.069605461776,22.44336686038
    ));
#909 = CARTESIAN_POINT('',(258.18207523933,-8.089227122296,
    22.436294923956));
#910 = CARTESIAN_POINT('',(258.39162685307,-8.14418098213,
    22.416428033486));
#911 = CARTESIAN_POINT('',(258.52723732158,-8.178978759967,
    22.40377511818));
#912 = CARTESIAN_POINT('',(258.66286457791,-8.213048086992,
    22.391317973253));
#913 = CARTESIAN_POINT('',(258.7985082682,-8.246411524094,
    22.379053268887));
#914 = CARTESIAN_POINT('',(258.93416818115,-8.279089482876,
    22.366978077791));
#915 = CARTESIAN_POINT('',(259.06984379715,-8.311103655362,
    22.355088679461));
#916 = CARTESIAN_POINT('',(259.2055343711,-8.342476437896,22.34338079545
    ));
#917 = CARTESIAN_POINT('',(259.43993422341,-8.395589920924,
    22.323466135868));
#918 = CARTESIAN_POINT('',(259.53863660443,-8.417624177764,
    22.315175303524));
#919 = CARTESIAN_POINT('',(259.63734648753,-8.439336797347,
    22.306977330208));
#920 = CARTESIAN_POINT('',(259.73606366837,-8.46073523204,
    22.298870800554));
#921 = CARTESIAN_POINT('',(259.83478794311,-8.481826708979,
    22.290854312244));
#922 = CARTESIAN_POINT('',(259.93351910836,-8.502618230072,
    22.282926476007));
#923 = CARTESIAN_POINT('',(260.03225696119,-8.523116571999,
    22.275085915616));
#924 = CARTESIAN_POINT('',(260.46373080833,-8.611433798767,
    22.241201160747));
#925 = CARTESIAN_POINT('',(260.79672708114,-8.676320182917,
    22.216033092135));
#926 = CARTESIAN_POINT('',(261.12996237414,-8.738184953059,
    22.191794995153));
#927 = CARTESIAN_POINT('',(261.46341162494,-8.797210508274,
    22.168453995847));
#928 = CARTESIAN_POINT('',(261.79705248271,-8.853565941756,
    22.145976589469));
#929 = CARTESIAN_POINT('',(262.13086533889,-8.907408850247,
    22.124328816746));
#930 = CARTESIAN_POINT('',(262.46483335774,-8.958887143472,
    22.103476440136));
#931 = CARTESIAN_POINT('',(262.99659158321,-9.037277889537,
    22.07149969027));
#932 = CARTESIAN_POINT('',(263.19428976329,-9.065636515219,
    22.059880541194));
#933 = CARTESIAN_POINT('',(263.39203386119,-9.093245742294,
    22.048520502067));
#934 = CARTESIAN_POINT('',(263.58982150435,-9.120129819196,
    22.037414003396));
#935 = CARTESIAN_POINT('',(263.7876481945,-9.146332328817,
    22.026546915233));
#936 = CARTESIAN_POINT('',(263.9855141131,-9.171850083356,
    22.015924258161));
#937 = CARTESIAN_POINT('',(264.18341575573,-9.196719376812,
    22.005534380333));
#938 = CARTESIAN_POINT('',(264.58357170844,-9.24571753159,
    21.984993250092));
#939 = CARTESIAN_POINT('',(264.7858273868,-9.269819499367,
    21.974851729254));
#940 = CARTESIAN_POINT('',(264.98811660198,-9.293284071478,
    21.964943359445));
#941 = CARTESIAN_POINT('',(265.19043736699,-9.316132714917,
    21.955262261526));
#942 = CARTESIAN_POINT('',(265.39278782098,-9.338386360487,
    21.945802528029));
#943 = CARTESIAN_POINT('',(265.59516622921,-9.360065402801,
    21.936558223154));
#944 = CARTESIAN_POINT('',(265.79757098306,-9.38118970028,
    21.927523382776));
#945 = CARTESIAN_POINT('',(266.0000006,-9.401778575155,21.918692014437)
  );
#946 = PCURVE('',#418,#947);
#947 = DEFINITIONAL_REPRESENTATION('',(#948),#1000);
#948 = B_SPLINE_CURVE_WITH_KNOTS('',8,(#949,#950,#951,#952,#953,#954,
    #955,#956,#957,#958,#959,#960,#961,#962,#963,#964,#965,#966,#967,
    #968,#969,#970,#971,#972,#973,#974,#975,#976,#977,#978,#979,#980,
    #981,#982,#983,#984,#985,#986,#987,#988,#989,#990,#991,#992,#993,
    #994,#995,#996,#997,#998,#999),.UNSPECIFIED.,.F.,.F.,(9,7,7,7,7,7,7,
    9),(0.,0.16770307993,0.227014670982,0.33575253974,0.414834625428,
    0.681310092248,0.83894908528,1.),.UNSPECIFIED.);
#949 = CARTESIAN_POINT('',(0.315796602469,4.9999994));
#950 = CARTESIAN_POINT('',(0.319159371873,5.206933800318));
#951 = CARTESIAN_POINT('',(0.322402893764,5.414254205104));
#952 = CARTESIAN_POINT('',(0.325533711313,5.621925128492));
#953 = CARTESIAN_POINT('',(0.328557980204,5.829913772451));
#954 = CARTESIAN_POINT('',(0.331481385334,6.038190971973));
#955 = CARTESIAN_POINT('',(0.334309146763,6.246731480786));
#956 = CARTESIAN_POINT('',(0.337046114908,6.455513597568));
#957 = CARTESIAN_POINT('',(0.340634478279,6.738436819924));
#958 = CARTESIAN_POINT('',(0.341560955004,6.812361763971));
#959 = CARTESIAN_POINT('',(0.34247661016,6.886292820085));
#960 = CARTESIAN_POINT('',(0.343381663517,6.960229842636));
#961 = CARTESIAN_POINT('',(0.344276329624,7.034172685111));
#962 = CARTESIAN_POINT('',(0.345160817808,7.108121200106));
#963 = CARTESIAN_POINT('',(0.346035332174,7.182075239335));
#964 = CARTESIAN_POINT('',(0.348485426528,7.391626853079));
#965 = CARTESIAN_POINT('',(0.350037908937,7.527237321586));
#966 = CARTESIAN_POINT('',(0.351558883089,7.662864577915));
#967 = CARTESIAN_POINT('',(0.353049291075,7.798508268201));
#968 = CARTESIAN_POINT('',(0.35450998362,7.934168181159));
#969 = CARTESIAN_POINT('',(0.355941872517,8.069843797152));
#970 = CARTESIAN_POINT('',(0.357345904666,8.205534371102));
#971 = CARTESIAN_POINT('',(0.359724278157,8.439934223414));
#972 = CARTESIAN_POINT('',(0.360711381818,8.538636604438));
#973 = CARTESIAN_POINT('',(0.361684492669,8.637346487533));
#974 = CARTESIAN_POINT('',(0.362643925471,8.736063668377));
#975 = CARTESIAN_POINT('',(0.363589985805,8.834787943116));
#976 = CARTESIAN_POINT('',(0.364522970074,8.933519108362));
#977 = CARTESIAN_POINT('',(0.365443165498,9.032256961195));
#978 = CARTESIAN_POINT('',(0.369409389637,9.463730808338));
#979 = CARTESIAN_POINT('',(0.372327463145,9.79672708114));
#980 = CARTESIAN_POINT('',(0.375113326763,10.129962374148));
#981 = CARTESIAN_POINT('',(0.37777464222,10.463411624942));
#982 = CARTESIAN_POINT('',(0.380318548266,10.797052482716));
#983 = CARTESIAN_POINT('',(0.382751732063,11.130865338895));
#984 = CARTESIAN_POINT('',(0.385080500592,11.464833357748));
#985 = CARTESIAN_POINT('',(0.3886302619,11.996591583215));
#986 = CARTESIAN_POINT('',(0.3899152346,12.194289763296));
#987 = CARTESIAN_POINT('',(0.391167013528,12.392033861193));
#988 = CARTESIAN_POINT('',(0.392386631002,12.589821504351));
#989 = CARTESIAN_POINT('',(0.393576004954,12.787648194508));
#990 = CARTESIAN_POINT('',(0.394734933729,12.985514113108));
#991 = CARTESIAN_POINT('',(0.395865012116,13.183415755734));
#992 = CARTESIAN_POINT('',(0.398092669408,13.583571708447));
#993 = CARTESIAN_POINT('',(0.399189050704,13.785827386809));
#994 = CARTESIAN_POINT('',(0.4002570076,13.988116601983));
#995 = CARTESIAN_POINT('',(0.4012974672,14.190437366996));
#996 = CARTESIAN_POINT('',(0.402311336012,14.392787820989));
#997 = CARTESIAN_POINT('',(0.403299499946,14.595166229219));
#998 = CARTESIAN_POINT('',(0.404262824322,14.79757098306));
#999 = CARTESIAN_POINT('',(0.405202153862,15.0000006));
#1000 = ( GEOMETRIC_REPRESENTATION_CONTEXT(2) 
PARAMETRIC_REPRESENTATION_CONTEXT() REPRESENTATION_CONTEXT('2D SPACE',''
  ) );
#1001 = PCURVE('',#90,#1002);
#1002 = DEFINITIONAL_REPRESENTATION('',(#1003),#1055);
#1003 = B_SPLINE_CURVE_WITH_KNOTS('',8,(#1004,#1005,#1006,#1007,#1008,
    #1009,#1010,#1011,#1012,#1013,#1014,#1015,#1016,#1017,#1018,#1019,
    #1020,#1021,#1022,#1023,#1024,#1025,#1026,#1027,#1028,#1029,#1030,
    #1031,#1032,#1033,#1034,#1035,#1036,#1037,#1038,#1039,#1040,#1041,
    #1042,#1043,#1044,#1045,#1046,#1047,#1048,#1049,#1050,#1051,#1052,
    #1053,#1054),.UNSPECIFIED.,.F.,.F.,(9,7,7,7,7,7,7,9),(0.,
    0.16770307993,0.227014670982,0.33575253974,0.414834625428,
    0.681310092248,0.83894908528,1.),.UNSPECIFIED.);
#1004 = CARTESIAN_POINT('',(11.838777561175,3.445202159638E-02));
#1005 = CARTESIAN_POINT('',(12.050609790226,3.480660764693E-02));
#1006 = CARTESIAN_POINT('',(12.262764408512,3.514817442949E-02));
#1007 = CARTESIAN_POINT('',(12.475207942324,3.547746107636E-02));
#1008 = CARTESIAN_POINT('',(12.68791167126,3.579515999451E-02));
#1009 = CARTESIAN_POINT('',(12.900850219138,3.610190894813E-02));
#1010 = CARTESIAN_POINT('',(13.11400091032,3.63982923836E-02));
#1011 = CARTESIAN_POINT('',(13.327343891452,3.668485199678E-02));
#1012 = CARTESIAN_POINT('',(13.616378382753,3.706016322877E-02));
#1013 = CARTESIAN_POINT('',(13.691893747457,3.715702741548E-02));
#1014 = CARTESIAN_POINT('',(13.76740911241,3.725272402916E-02));
#1015 = CARTESIAN_POINT('',(13.842924477385,3.734727739371E-02));
#1016 = CARTESIAN_POINT('',(13.918439842228,3.744071123072E-02));
#1017 = CARTESIAN_POINT('',(13.99395520686,3.753304865942E-02));
#1018 = CARTESIAN_POINT('',(14.069470571276,3.762431219672E-02));
#1019 = CARTESIAN_POINT('',(14.28343070871,3.787991154479E-02));
#1020 = CARTESIAN_POINT('',(14.421875639125,3.804176167427E-02));
#1021 = CARTESIAN_POINT('',(14.560320478449,3.820022366043E-02));
#1022 = CARTESIAN_POINT('',(14.698765268658,3.835540243765E-02));
#1023 = CARTESIAN_POINT('',(14.83721009043,3.850739294361E-02));
#1024 = CARTESIAN_POINT('',(14.975654945995,3.865629607145E-02));
#1025 = CARTESIAN_POINT('',(15.114099776481,3.880221599021E-02));
#1026 = CARTESIAN_POINT('',(15.35323176723,3.904925544616E-02));
#1027 = CARTESIAN_POINT('',(15.453918919547,3.915174036169E-02));
#1028 = CARTESIAN_POINT('',(15.554606071318,3.925272928999E-02));
#1029 = CARTESIAN_POINT('',(15.65529322301,3.935225689321E-02));
#1030 = CARTESIAN_POINT('',(15.755980374927,3.945035678595E-02));
#1031 = CARTESIAN_POINT('',(15.856667527205,3.954706153522E-02));
#1032 = CARTESIAN_POINT('',(15.957354679818,3.964240266046E-02));
#1033 = CARTESIAN_POINT('',(16.397317862019,4.005318045938E-02));
#1034 = CARTESIAN_POINT('',(16.73679040156,4.035497759496E-02));
#1035 = CARTESIAN_POINT('',(17.076435016945,4.06427207119E-02));
#1036 = CARTESIAN_POINT('',(17.416230569647,4.091725817802E-02));
#1037 = CARTESIAN_POINT('',(17.75615886341,4.117937647328E-02));
#1038 = CARTESIAN_POINT('',(18.096204290796,4.14298086058E-02));
#1039 = CARTESIAN_POINT('',(18.43635347974,4.166924252777E-02));
#1040 = CARTESIAN_POINT('',(18.977871709918,4.203385064901E-02));
#1041 = CARTESIAN_POINT('',(19.179180617654,4.216575123358E-02));
#1042 = CARTESIAN_POINT('',(19.380519217771,4.229416624322E-02));
#1043 = CARTESIAN_POINT('',(19.581885518085,4.241920846138E-02));
#1044 = CARTESIAN_POINT('',(19.783277438009,4.254108059915E-02));
#1045 = CARTESIAN_POINT('',(19.9846931161,4.265976782956E-02));
#1046 = CARTESIAN_POINT('',(20.186130912817,4.277543896192E-02));
#1047 = CARTESIAN_POINT('',(20.593408175718,4.300333735623E-02));
#1048 = CARTESIAN_POINT('',(20.799248436607,4.311543953194E-02));
#1049 = CARTESIAN_POINT('',(21.005108602973,4.322457707664E-02));
#1050 = CARTESIAN_POINT('',(21.210987215315,4.333084983682E-02));
#1051 = CARTESIAN_POINT('',(21.416882905815,4.343435516506E-02));
#1052 = CARTESIAN_POINT('',(21.622794398335,4.353518792001E-02));
#1053 = CARTESIAN_POINT('',(21.828720508417,4.363344046642E-02));
#1054 = CARTESIAN_POINT('',(22.034660143286,4.372920267514E-02));
#1055 = ( GEOMETRIC_REPRESENTATION_CONTEXT(2) 
PARAMETRIC_REPRESENTATION_CONTEXT() REPRESENTATION_CONTEXT('2D SPACE',''
  ) );
#1056 = ORIENTED_EDGE('',*,*,#401,.T.);
#1057 = ORIENTED_EDGE('',*,*,#1058,.T.);
#1058 = EDGE_CURVE('',#402,#864,#1059,.T.);
#1059 = SURFACE_CURVE('',#1060,(#1064,#1070),.PCURVE_S1.);
#1060 = LINE('',#1061,#1062);
#1061 = CARTESIAN_POINT('',(251.,-18.12656889761,15.5));
#1062 = VECTOR('',#1063,1.);
#1063 = DIRECTION('',(1.,0.,0.));
#1064 = PCURVE('',#418,#1065);
#1065 = DEFINITIONAL_REPRESENTATION('',(#1066),#1069);
#1066 = B_SPLINE_CURVE_WITH_KNOTS('',1,(#1067,#1068),.UNSPECIFIED.,.F.,
  .F.,(2,2),(4.,16.),.PIECEWISE_BEZIER_KNOTS.);
#1067 = CARTESIAN_POINT('',(0.8633498173,4.));
#1068 = CARTESIAN_POINT('',(0.8633498173,16.));
#1069 = ( GEOMETRIC_REPRESENTATION_CONTEXT(2) 
PARAMETRIC_REPRESENTATION_CONTEXT() REPRESENTATION_CONTEXT('2D SPACE',''
  ) );
#1070 = PCURVE('',#446,#1071);
#1071 = DEFINITIONAL_REPRESENTATION('',(#1072),#1075);
#1072 = B_SPLINE_CURVE_WITH_KNOTS('',1,(#1073,#1074),.UNSPECIFIED.,.F.,
  .F.,(2,2),(4.,16.),.PIECEWISE_BEZIER_KNOTS.);
#1073 = CARTESIAN_POINT('',(-1.,5.873431102385));
#1074 = CARTESIAN_POINT('',(11.,5.873431102385));
#1075 = ( GEOMETRIC_REPRESENTATION_CONTEXT(2) 
PARAMETRIC_REPRESENTATION_CONTEXT() REPRESENTATION_CONTEXT('2D SPACE',''
  ) );
#1076 = ADVANCED_FACE('',(#1077),#880,.T.);
#1077 = FACE_BOUND('',#1078,.T.);
#1078 = EDGE_LOOP('',(#1079,#1108,#1109,#1132,#1156));
#1079 = ORIENTED_EDGE('',*,*,#1080,.T.);
#1080 = EDGE_CURVE('',#1081,#862,#1083,.T.);
#1081 = VERTEX_POINT('',#1082);
#1082 = CARTESIAN_POINT('',(266.,0.,21.878175677121));
#1083 = SURFACE_CURVE('',#1084,(#1090,#1099),.PCURVE_S1.);
#1084 = B_SPLINE_CURVE_WITH_KNOTS('',4,(#1085,#1086,#1087,#1088,#1089),
  .UNSPECIFIED.,.F.,.F.,(5,5),(0.,1.),.PIECEWISE_BEZIER_KNOTS.);
#1085 = CARTESIAN_POINT('',(266.,0.,21.878175677121));
#1086 = CARTESIAN_POINT('',(266.,-4.531745648475,21.897630909868));
#1087 = CARTESIAN_POINT('',(266.,-9.063425220556,21.917180805545));
#1088 = CARTESIAN_POINT('',(266.,-13.59503457842,21.936825997595));
#1089 = CARTESIAN_POINT('',(266.,-18.12656889761,21.956566850889));
#1090 = PCURVE('',#880,#1091);
#1091 = DEFINITIONAL_REPRESENTATION('',(#1092),#1098);
#1092 = B_SPLINE_CURVE_WITH_KNOTS('',4,(#1093,#1094,#1095,#1096,#1097),
  .UNSPECIFIED.,.F.,.F.,(5,5),(0.,1.),.PIECEWISE_BEZIER_KNOTS.);
#1093 = CARTESIAN_POINT('',(6.378175677121,-24.));
#1094 = CARTESIAN_POINT('',(6.397630909868,-19.46825435152));
#1095 = CARTESIAN_POINT('',(6.417180805545,-14.93657477944));
#1096 = CARTESIAN_POINT('',(6.436825997595,-10.40496542157));
#1097 = CARTESIAN_POINT('',(6.456566850889,-5.873431102385));
#1098 = ( GEOMETRIC_REPRESENTATION_CONTEXT(2) 
PARAMETRIC_REPRESENTATION_CONTEXT() REPRESENTATION_CONTEXT('2D SPACE',''
  ) );
#1099 = PCURVE('',#90,#1100);
#1100 = DEFINITIONAL_REPRESENTATION('',(#1101),#1107);
#1101 = B_SPLINE_CURVE_WITH_KNOTS('',4,(#1102,#1103,#1104,#1105,#1106),
  .UNSPECIFIED.,.F.,.F.,(5,5),(0.,1.),.PIECEWISE_BEZIER_KNOTS.);
#1102 = CARTESIAN_POINT('',(21.755002585409,0.));
#1103 = CARTESIAN_POINT('',(21.888034811478,2.107788673709E-02));
#1104 = CARTESIAN_POINT('',(22.023304058749,4.215546614212E-02));
#1105 = CARTESIAN_POINT('',(22.160894944473,6.323271896942E-02));
#1106 = CARTESIAN_POINT('',(22.300901214046,8.430962277961E-02));
#1107 = ( GEOMETRIC_REPRESENTATION_CONTEXT(2) 
PARAMETRIC_REPRESENTATION_CONTEXT() REPRESENTATION_CONTEXT('2D SPACE',''
  ) );
#1108 = ORIENTED_EDGE('',*,*,#861,.T.);
#1109 = ORIENTED_EDGE('',*,*,#1110,.T.);
#1110 = EDGE_CURVE('',#864,#1111,#1113,.T.);
#1111 = VERTEX_POINT('',#1112);
#1112 = CARTESIAN_POINT('',(266.,18.126568897615,15.5));
#1113 = SURFACE_CURVE('',#1114,(#1118,#1125),.PCURVE_S1.);
#1114 = LINE('',#1115,#1116);
#1115 = CARTESIAN_POINT('',(266.,-24.,15.5));
#1116 = VECTOR('',#1117,1.);
#1117 = DIRECTION('',(-0.,1.,0.));
#1118 = PCURVE('',#880,#1119);
#1119 = DEFINITIONAL_REPRESENTATION('',(#1120),#1124);
#1120 = LINE('',#1121,#1122);
#1121 = CARTESIAN_POINT('',(0.,0.));
#1122 = VECTOR('',#1123,1.);
#1123 = DIRECTION('',(0.,-1.));
#1124 = ( GEOMETRIC_REPRESENTATION_CONTEXT(2) 
PARAMETRIC_REPRESENTATION_CONTEXT() REPRESENTATION_CONTEXT('2D SPACE',''
  ) );
#1125 = PCURVE('',#446,#1126);
#1126 = DEFINITIONAL_REPRESENTATION('',(#1127),#1131);
#1127 = LINE('',#1128,#1129);
#1128 = CARTESIAN_POINT('',(10.,0.));
#1129 = VECTOR('',#1130,1.);
#1130 = DIRECTION('',(0.,1.));
#1131 = ( GEOMETRIC_REPRESENTATION_CONTEXT(2) 
PARAMETRIC_REPRESENTATION_CONTEXT() REPRESENTATION_CONTEXT('2D SPACE',''
  ) );
#1132 = ORIENTED_EDGE('',*,*,#1133,.T.);
#1133 = EDGE_CURVE('',#1111,#1134,#1136,.T.);
#1134 = VERTEX_POINT('',#1135);
#1135 = CARTESIAN_POINT('',(266.,9.40177851413,21.918692040613));
#1136 = SURFACE_CURVE('',#1137,(#1142,#1149),.PCURVE_S1.);
#1137 = CIRCLE('',#1138,23.85);
#1138 = AXIS2_PLACEMENT_3D('',#1139,#1140,#1141);
#1139 = CARTESIAN_POINT('',(266.,0.,0.));
#1140 = DIRECTION('',(1.,0.,0.));
#1141 = DIRECTION('',(-0.,0.,1.));
#1142 = PCURVE('',#880,#1143);
#1143 = DEFINITIONAL_REPRESENTATION('',(#1144),#1148);
#1144 = CIRCLE('',#1145,23.85);
#1145 = AXIS2_PLACEMENT_2D('',#1146,#1147);
#1146 = CARTESIAN_POINT('',(-15.5,-24.));
#1147 = DIRECTION('',(1.,0.));
#1148 = ( GEOMETRIC_REPRESENTATION_CONTEXT(2) 
PARAMETRIC_REPRESENTATION_CONTEXT() REPRESENTATION_CONTEXT('2D SPACE',''
  ) );
#1149 = PCURVE('',#475,#1150);
#1150 = DEFINITIONAL_REPRESENTATION('',(#1151),#1155);
#1151 = LINE('',#1152,#1153);
#1152 = CARTESIAN_POINT('',(0.,15.));
#1153 = VECTOR('',#1154,1.);
#1154 = DIRECTION('',(1.,0.));
#1155 = ( GEOMETRIC_REPRESENTATION_CONTEXT(2) 
PARAMETRIC_REPRESENTATION_CONTEXT() REPRESENTATION_CONTEXT('2D SPACE',''
  ) );
#1156 = ORIENTED_EDGE('',*,*,#1157,.F.);
#1157 = EDGE_CURVE('',#1081,#1134,#1158,.T.);
#1158 = SURFACE_CURVE('',#1159,(#1165,#1174),.PCURVE_S1.);
#1159 = B_SPLINE_CURVE_WITH_KNOTS('',4,(#1160,#1161,#1162,#1163,#1164),
  .UNSPECIFIED.,.F.,.F.,(5,5),(0.,1.),.PIECEWISE_BEZIER_KNOTS.);
#1160 = CARTESIAN_POINT('',(266.,0.,21.878175677121));
#1161 = CARTESIAN_POINT('',(266.,4.531745648475,21.897630909868));
#1162 = CARTESIAN_POINT('',(266.,9.063425220556,21.917180805545));
#1163 = CARTESIAN_POINT('',(266.,13.595034578424,21.936825997595));
#1164 = CARTESIAN_POINT('',(266.,18.126568897615,21.956566850889));
#1165 = PCURVE('',#880,#1166);
#1166 = DEFINITIONAL_REPRESENTATION('',(#1167),#1173);
#1167 = B_SPLINE_CURVE_WITH_KNOTS('',4,(#1168,#1169,#1170,#1171,#1172),
  .UNSPECIFIED.,.F.,.F.,(5,5),(0.,1.),.PIECEWISE_BEZIER_KNOTS.);
#1168 = CARTESIAN_POINT('',(6.378175677121,-24.));
#1169 = CARTESIAN_POINT('',(6.397630909868,-28.53174564847));
#1170 = CARTESIAN_POINT('',(6.417180805545,-33.06342522055));
#1171 = CARTESIAN_POINT('',(6.436825997595,-37.59503457842));
#1172 = CARTESIAN_POINT('',(6.456566850889,-42.12656889761));
#1173 = ( GEOMETRIC_REPRESENTATION_CONTEXT(2) 
PARAMETRIC_REPRESENTATION_CONTEXT() REPRESENTATION_CONTEXT('2D SPACE',''
  ) );
#1174 = PCURVE('',#547,#1175);
#1175 = DEFINITIONAL_REPRESENTATION('',(#1176),#1182);
#1176 = B_SPLINE_CURVE_WITH_KNOTS('',4,(#1177,#1178,#1179,#1180,#1181),
  .UNSPECIFIED.,.F.,.F.,(5,5),(0.,1.),.PIECEWISE_BEZIER_KNOTS.);
#1177 = CARTESIAN_POINT('',(21.755002585409,0.));
#1178 = CARTESIAN_POINT('',(21.888034811478,2.107788673709E-02));
#1179 = CARTESIAN_POINT('',(22.023304058749,4.215546614212E-02));
#1180 = CARTESIAN_POINT('',(22.160894944473,6.323271896942E-02));
#1181 = CARTESIAN_POINT('',(22.300901214046,8.430962277961E-02));
#1182 = ( GEOMETRIC_REPRESENTATION_CONTEXT(2) 
PARAMETRIC_REPRESENTATION_CONTEXT() REPRESENTATION_CONTEXT('2D SPACE',''
  ) );
#1183 = ADVANCED_FACE('',(#1184,#1208,#1291),#446,.F.);
#1184 = FACE_BOUND('',#1185,.F.);
#1185 = EDGE_LOOP('',(#1186,#1187,#1188,#1189));
#1186 = ORIENTED_EDGE('',*,*,#430,.F.);
#1187 = ORIENTED_EDGE('',*,*,#1058,.T.);
#1188 = ORIENTED_EDGE('',*,*,#1110,.T.);
#1189 = ORIENTED_EDGE('',*,*,#1190,.F.);
#1190 = EDGE_CURVE('',#431,#1111,#1191,.T.);
#1191 = SURFACE_CURVE('',#1192,(#1196,#1202),.PCURVE_S1.);
#1192 = LINE('',#1193,#1194);
#1193 = CARTESIAN_POINT('',(251.,18.126568897615,15.5));
#1194 = VECTOR('',#1195,1.);
#1195 = DIRECTION('',(1.,0.,0.));
#1196 = PCURVE('',#446,#1197);
#1197 = DEFINITIONAL_REPRESENTATION('',(#1198),#1201);
#1198 = B_SPLINE_CURVE_WITH_KNOTS('',1,(#1199,#1200),.UNSPECIFIED.,.F.,
  .F.,(2,2),(4.,16.),.PIECEWISE_BEZIER_KNOTS.);
#1199 = CARTESIAN_POINT('',(-1.,42.126568897615));
#1200 = CARTESIAN_POINT('',(11.,42.126568897615));
#1201 = ( GEOMETRIC_REPRESENTATION_CONTEXT(2) 
PARAMETRIC_REPRESENTATION_CONTEXT() REPRESENTATION_CONTEXT('2D SPACE',''
  ) );
#1202 = PCURVE('',#475,#1203);
#1203 = DEFINITIONAL_REPRESENTATION('',(#1204),#1207);
#1204 = B_SPLINE_CURVE_WITH_KNOTS('',1,(#1205,#1206),.UNSPECIFIED.,.F.,
  .F.,(2,2),(4.,16.),.PIECEWISE_BEZIER_KNOTS.);
#1205 = CARTESIAN_POINT('',(5.41983548988,4.));
#1206 = CARTESIAN_POINT('',(5.41983548988,16.));
#1207 = ( GEOMETRIC_REPRESENTATION_CONTEXT(2) 
PARAMETRIC_REPRESENTATION_CONTEXT() REPRESENTATION_CONTEXT('2D SPACE',''
  ) );
#1208 = FACE_BOUND('',#1209,.F.);
#1209 = EDGE_LOOP('',(#1210,#1241,#1267));
#1210 = ORIENTED_EDGE('',*,*,#1211,.F.);
#1211 = EDGE_CURVE('',#1212,#1214,#1216,.T.);
#1212 = VERTEX_POINT('',#1213);
#1213 = CARTESIAN_POINT('',(261.83562389259,-5.504142223945,15.5));
#1214 = VERTEX_POINT('',#1215);
#1215 = CARTESIAN_POINT('',(261.83562389259,-7.495857776055,15.5));
#1216 = SURFACE_CURVE('',#1217,(#1222,#1229),.PCURVE_S1.);
#1217 = CIRCLE('',#1218,1.3);
#1218 = AXIS2_PLACEMENT_3D('',#1219,#1220,#1221);
#1219 = CARTESIAN_POINT('',(261.,-6.5,15.5));
#1220 = DIRECTION('',(0.,0.,1.));
#1221 = DIRECTION('',(1.,0.,-0.));
#1222 = PCURVE('',#446,#1223);
#1223 = DEFINITIONAL_REPRESENTATION('',(#1224),#1228);
#1224 = CIRCLE('',#1225,1.3);
#1225 = AXIS2_PLACEMENT_2D('',#1226,#1227);
#1226 = CARTESIAN_POINT('',(5.,17.5));
#1227 = DIRECTION('',(1.,0.));
#1228 = ( GEOMETRIC_REPRESENTATION_CONTEXT(2) 
PARAMETRIC_REPRESENTATION_CONTEXT() REPRESENTATION_CONTEXT('2D SPACE',''
  ) );
#1229 = PCURVE('',#1230,#1235);
#1230 = CYLINDRICAL_SURFACE('',#1231,1.3);
#1231 = AXIS2_PLACEMENT_3D('',#1232,#1233,#1234);
#1232 = CARTESIAN_POINT('',(261.,-6.5,5.));
#1233 = DIRECTION('',(0.,0.,1.));
#1234 = DIRECTION('',(1.,0.,-0.));
#1235 = DEFINITIONAL_REPRESENTATION('',(#1236),#1240);
#1236 = LINE('',#1237,#1238);
#1237 = CARTESIAN_POINT('',(0.,10.5));
#1238 = VECTOR('',#1239,1.);
#1239 = DIRECTION('',(1.,0.));
#1240 = ( GEOMETRIC_REPRESENTATION_CONTEXT(2) 
PARAMETRIC_REPRESENTATION_CONTEXT() REPRESENTATION_CONTEXT('2D SPACE',''
  ) );
#1241 = ORIENTED_EDGE('',*,*,#1242,.T.);
#1242 = EDGE_CURVE('',#1212,#1243,#1245,.T.);
#1243 = VERTEX_POINT('',#1244);
#1244 = CARTESIAN_POINT('',(263.02244097491,-6.5,15.5));
#1245 = SURFACE_CURVE('',#1246,(#1250,#1256),.PCURVE_S1.);
#1246 = LINE('',#1247,#1248);
#1247 = CARTESIAN_POINT('',(265.2705061311,-8.386350643415,15.5));
#1248 = VECTOR('',#1249,1.);
#1249 = DIRECTION('',(0.766044443119,-0.642787609687,0.));
#1250 = PCURVE('',#446,#1251);
#1251 = DEFINITIONAL_REPRESENTATION('',(#1252),#1255);
#1252 = B_SPLINE_CURVE_WITH_KNOTS('',1,(#1253,#1254),.UNSPECIFIED.,.F.,
  .F.,(2,2),(-4.483920312146,-2.934640641773),.PIECEWISE_BEZIER_KNOTS.);
#1253 = CARTESIAN_POINT('',(5.835623892592,18.495857776055));
#1254 = CARTESIAN_POINT('',(7.022440974919,17.5));
#1255 = ( GEOMETRIC_REPRESENTATION_CONTEXT(2) 
PARAMETRIC_REPRESENTATION_CONTEXT() REPRESENTATION_CONTEXT('2D SPACE',''
  ) );
#1256 = PCURVE('',#1257,#1262);
#1257 = PLANE('',#1258);
#1258 = AXIS2_PLACEMENT_3D('',#1259,#1260,#1261);
#1259 = CARTESIAN_POINT('',(263.02244097491,-6.5,5.));
#1260 = DIRECTION('',(-0.642787609687,-0.766044443119,0.));
#1261 = DIRECTION('',(-0.766044443119,0.642787609687,0.));
#1262 = DEFINITIONAL_REPRESENTATION('',(#1263),#1266);
#1263 = B_SPLINE_CURVE_WITH_KNOTS('',1,(#1264,#1265),.UNSPECIFIED.,.F.,
  .F.,(2,2),(-4.483920312146,-2.934640641773),.PIECEWISE_BEZIER_KNOTS.);
#1264 = CARTESIAN_POINT('',(1.549279670372,-10.5));
#1265 = CARTESIAN_POINT('',(0.,-10.5));
#1266 = ( GEOMETRIC_REPRESENTATION_CONTEXT(2) 
PARAMETRIC_REPRESENTATION_CONTEXT() REPRESENTATION_CONTEXT('2D SPACE',''
  ) );
#1267 = ORIENTED_EDGE('',*,*,#1268,.T.);
#1268 = EDGE_CURVE('',#1243,#1214,#1269,.T.);
#1269 = SURFACE_CURVE('',#1270,(#1274,#1280),.PCURVE_S1.);
#1270 = LINE('',#1271,#1272);
#1271 = CARTESIAN_POINT('',(256.06002975108,-12.34215669002,15.5));
#1272 = VECTOR('',#1273,1.);
#1273 = DIRECTION('',(-0.766044443119,-0.642787609687,0.));
#1274 = PCURVE('',#446,#1275);
#1275 = DEFINITIONAL_REPRESENTATION('',(#1276),#1279);
#1276 = B_SPLINE_CURVE_WITH_KNOTS('',1,(#1277,#1278),.UNSPECIFIED.,.F.,
  .F.,(2,2),(-9.088782362927,-7.539502692555),.PIECEWISE_BEZIER_KNOTS.);
#1277 = CARTESIAN_POINT('',(7.022440974919,17.5));
#1278 = CARTESIAN_POINT('',(5.835623892592,16.504142223945));
#1279 = ( GEOMETRIC_REPRESENTATION_CONTEXT(2) 
PARAMETRIC_REPRESENTATION_CONTEXT() REPRESENTATION_CONTEXT('2D SPACE',''
  ) );
#1280 = PCURVE('',#1281,#1286);
#1281 = PLANE('',#1282);
#1282 = AXIS2_PLACEMENT_3D('',#1283,#1284,#1285);
#1283 = CARTESIAN_POINT('',(261.83562389259,-7.495857776055,5.));
#1284 = DIRECTION('',(-0.642787609687,0.766044443119,0.));
#1285 = DIRECTION('',(0.766044443119,0.642787609687,0.));
#1286 = DEFINITIONAL_REPRESENTATION('',(#1287),#1290);
#1287 = B_SPLINE_CURVE_WITH_KNOTS('',1,(#1288,#1289),.UNSPECIFIED.,.F.,
  .F.,(2,2),(-9.088782362927,-7.539502692555),.PIECEWISE_BEZIER_KNOTS.);
#1288 = CARTESIAN_POINT('',(1.549279670372,-10.5));
#1289 = CARTESIAN_POINT('',(0.,-10.5));
#1290 = ( GEOMETRIC_REPRESENTATION_CONTEXT(2) 
PARAMETRIC_REPRESENTATION_CONTEXT() REPRESENTATION_CONTEXT('2D SPACE',''
  ) );
#1291 = FACE_BOUND('',#1292,.F.);
#1292 = EDGE_LOOP('',(#1293,#1324,#1350));
#1293 = ORIENTED_EDGE('',*,*,#1294,.F.);
#1294 = EDGE_CURVE('',#1295,#1297,#1299,.T.);
#1295 = VERTEX_POINT('',#1296);
#1296 = CARTESIAN_POINT('',(261.83562389259,7.495857776055,15.5));
#1297 = VERTEX_POINT('',#1298);
#1298 = CARTESIAN_POINT('',(261.83562389259,5.504142223945,15.5));
#1299 = SURFACE_CURVE('',#1300,(#1305,#1312),.PCURVE_S1.);
#1300 = CIRCLE('',#1301,1.3);
#1301 = AXIS2_PLACEMENT_3D('',#1302,#1303,#1304);
#1302 = CARTESIAN_POINT('',(261.,6.5,15.5));
#1303 = DIRECTION('',(0.,0.,1.));
#1304 = DIRECTION('',(1.,0.,-0.));
#1305 = PCURVE('',#446,#1306);
#1306 = DEFINITIONAL_REPRESENTATION('',(#1307),#1311);
#1307 = CIRCLE('',#1308,1.3);
#1308 = AXIS2_PLACEMENT_2D('',#1309,#1310);
#1309 = CARTESIAN_POINT('',(5.,30.5));
#1310 = DIRECTION('',(1.,0.));
#1311 = ( GEOMETRIC_REPRESENTATION_CONTEXT(2) 
PARAMETRIC_REPRESENTATION_CONTEXT() REPRESENTATION_CONTEXT('2D SPACE',''
  ) );
#1312 = PCURVE('',#1313,#1318);
#1313 = CYLINDRICAL_SURFACE('',#1314,1.3);
#1314 = AXIS2_PLACEMENT_3D('',#1315,#1316,#1317);
#1315 = CARTESIAN_POINT('',(261.,6.5,5.));
#1316 = DIRECTION('',(0.,0.,1.));
#1317 = DIRECTION('',(1.,0.,-0.));
#1318 = DEFINITIONAL_REPRESENTATION('',(#1319),#1323);
#1319 = LINE('',#1320,#1321);
#1320 = CARTESIAN_POINT('',(0.,10.5));
#1321 = VECTOR('',#1322,1.);
#1322 = DIRECTION('',(1.,0.));
#1323 = ( GEOMETRIC_REPRESENTATION_CONTEXT(2) 
PARAMETRIC_REPRESENTATION_CONTEXT() REPRESENTATION_CONTEXT('2D SPACE',''
  ) );
#1324 = ORIENTED_EDGE('',*,*,#1325,.T.);
#1325 = EDGE_CURVE('',#1295,#1326,#1328,.T.);
#1326 = VERTEX_POINT('',#1327);
#1327 = CARTESIAN_POINT('',(263.02244097491,6.5,15.5));
#1328 = SURFACE_CURVE('',#1329,(#1333,#1339),.PCURVE_S1.);
#1329 = LINE('',#1330,#1331);
#1330 = CARTESIAN_POINT('',(268.47113132839,1.928005934003,15.5));
#1331 = VECTOR('',#1332,1.);
#1332 = DIRECTION('',(0.766044443119,-0.642787609687,0.));
#1333 = PCURVE('',#446,#1334);
#1334 = DEFINITIONAL_REPRESENTATION('',(#1335),#1338);
#1335 = B_SPLINE_CURVE_WITH_KNOTS('',1,(#1336,#1337),.UNSPECIFIED.,.F.,
  .F.,(2,2),(-8.662039775108,-7.112760104736),.PIECEWISE_BEZIER_KNOTS.);
#1336 = CARTESIAN_POINT('',(5.835623892592,31.495857776055));
#1337 = CARTESIAN_POINT('',(7.022440974919,30.5));
#1338 = ( GEOMETRIC_REPRESENTATION_CONTEXT(2) 
PARAMETRIC_REPRESENTATION_CONTEXT() REPRESENTATION_CONTEXT('2D SPACE',''
  ) );
#1339 = PCURVE('',#1340,#1345);
#1340 = PLANE('',#1341);
#1341 = AXIS2_PLACEMENT_3D('',#1342,#1343,#1344);
#1342 = CARTESIAN_POINT('',(263.02244097491,6.5,5.));
#1343 = DIRECTION('',(-0.642787609687,-0.766044443119,0.));
#1344 = DIRECTION('',(-0.766044443119,0.642787609687,0.));
#1345 = DEFINITIONAL_REPRESENTATION('',(#1346),#1349);
#1346 = B_SPLINE_CURVE_WITH_KNOTS('',1,(#1347,#1348),.UNSPECIFIED.,.F.,
  .F.,(2,2),(-8.662039775108,-7.112760104736),.PIECEWISE_BEZIER_KNOTS.);
#1347 = CARTESIAN_POINT('',(1.549279670372,-10.5));
#1348 = CARTESIAN_POINT('',(0.,-10.5));
#1349 = ( GEOMETRIC_REPRESENTATION_CONTEXT(2) 
PARAMETRIC_REPRESENTATION_CONTEXT() REPRESENTATION_CONTEXT('2D SPACE',''
  ) );
#1350 = ORIENTED_EDGE('',*,*,#1351,.T.);
#1351 = EDGE_CURVE('',#1326,#1297,#1352,.T.);
#1352 = SURFACE_CURVE('',#1353,(#1357,#1363),.PCURVE_S1.);
#1353 = LINE('',#1354,#1355);
#1354 = CARTESIAN_POINT('',(252.85940455379,-2.027800112609,15.5));
#1355 = VECTOR('',#1356,1.);
#1356 = DIRECTION('',(-0.766044443119,-0.642787609687,0.));
#1357 = PCURVE('',#446,#1358);
#1358 = DEFINITIONAL_REPRESENTATION('',(#1359),#1362);
#1359 = B_SPLINE_CURVE_WITH_KNOTS('',1,(#1360,#1361),.UNSPECIFIED.,.F.,
  .F.,(2,2),(-13.26690182589,-11.71762215551),.PIECEWISE_BEZIER_KNOTS.);
#1360 = CARTESIAN_POINT('',(7.022440974919,30.5));
#1361 = CARTESIAN_POINT('',(5.835623892592,29.504142223945));
#1362 = ( GEOMETRIC_REPRESENTATION_CONTEXT(2) 
PARAMETRIC_REPRESENTATION_CONTEXT() REPRESENTATION_CONTEXT('2D SPACE',''
  ) );
#1363 = PCURVE('',#1364,#1369);
#1364 = PLANE('',#1365);
#1365 = AXIS2_PLACEMENT_3D('',#1366,#1367,#1368);
#1366 = CARTESIAN_POINT('',(261.83562389259,5.504142223945,5.));
#1367 = DIRECTION('',(-0.642787609687,0.766044443119,0.));
#1368 = DIRECTION('',(0.766044443119,0.642787609687,0.));
#1369 = DEFINITIONAL_REPRESENTATION('',(#1370),#1373);
#1370 = B_SPLINE_CURVE_WITH_KNOTS('',1,(#1371,#1372),.UNSPECIFIED.,.F.,
  .F.,(2,2),(-13.26690182589,-11.71762215551),.PIECEWISE_BEZIER_KNOTS.);
#1371 = CARTESIAN_POINT('',(1.549279670372,-10.5));
#1372 = CARTESIAN_POINT('',(0.,-10.5));
#1373 = ( GEOMETRIC_REPRESENTATION_CONTEXT(2) 
PARAMETRIC_REPRESENTATION_CONTEXT() REPRESENTATION_CONTEXT('2D SPACE',''
  ) );
#1374 = ADVANCED_FACE('',(#1375),#1340,.T.);
#1375 = FACE_BOUND('',#1376,.T.);
#1376 = EDGE_LOOP('',(#1377,#1378,#1401,#1430));
#1377 = ORIENTED_EDGE('',*,*,#1325,.T.);
#1378 = ORIENTED_EDGE('',*,*,#1379,.T.);
#1379 = EDGE_CURVE('',#1326,#1380,#1382,.T.);
#1380 = VERTEX_POINT('',#1381);
#1381 = CARTESIAN_POINT('',(263.02244097491,6.5,22.060134829833));
#1382 = SURFACE_CURVE('',#1383,(#1387,#1394),.PCURVE_S1.);
#1383 = LINE('',#1384,#1385);
#1384 = CARTESIAN_POINT('',(263.02244097491,6.5,5.));
#1385 = VECTOR('',#1386,1.);
#1386 = DIRECTION('',(0.,0.,1.));
#1387 = PCURVE('',#1340,#1388);
#1388 = DEFINITIONAL_REPRESENTATION('',(#1389),#1393);
#1389 = LINE('',#1390,#1391);
#1390 = CARTESIAN_POINT('',(0.,0.));
#1391 = VECTOR('',#1392,1.);
#1392 = DIRECTION('',(0.,-1.));
#1393 = ( GEOMETRIC_REPRESENTATION_CONTEXT(2) 
PARAMETRIC_REPRESENTATION_CONTEXT() REPRESENTATION_CONTEXT('2D SPACE',''
  ) );
#1394 = PCURVE('',#1364,#1395);
#1395 = DEFINITIONAL_REPRESENTATION('',(#1396),#1400);
#1396 = LINE('',#1397,#1398);
#1397 = CARTESIAN_POINT('',(1.549279670372,0.));
#1398 = VECTOR('',#1399,1.);
#1399 = DIRECTION('',(0.,-1.));
#1400 = ( GEOMETRIC_REPRESENTATION_CONTEXT(2) 
PARAMETRIC_REPRESENTATION_CONTEXT() REPRESENTATION_CONTEXT('2D SPACE',''
  ) );
#1401 = ORIENTED_EDGE('',*,*,#1402,.T.);
#1402 = EDGE_CURVE('',#1380,#1403,#1405,.T.);
#1403 = VERTEX_POINT('',#1404);
#1404 = CARTESIAN_POINT('',(261.83562389038,7.495857773427,
    22.139107590918));
#1405 = SURFACE_CURVE('',#1406,(#1412,#1421),.PCURVE_S1.);
#1406 = B_SPLINE_CURVE_WITH_KNOTS('',4,(#1407,#1408,#1409,#1410,#1411),
  .UNSPECIFIED.,.F.,.F.,(5,5),(0.,1.),.PIECEWISE_BEZIER_KNOTS.);
#1407 = CARTESIAN_POINT('',(263.02244097491,6.5,22.060134829833));
#1408 = CARTESIAN_POINT('',(262.72553519785,6.74913352803,
    22.078845070367));
#1409 = CARTESIAN_POINT('',(262.4287611138,6.998156552502,
    22.098216230922));
#1410 = CARTESIAN_POINT('',(262.13212265635,7.24706577274,
    22.118289815685));
#1411 = CARTESIAN_POINT('',(261.83562389259,7.495857776055,
    22.139107590989));
#1412 = PCURVE('',#1340,#1413);
#1413 = DEFINITIONAL_REPRESENTATION('',(#1414),#1420);
#1414 = B_SPLINE_CURVE_WITH_KNOTS('',4,(#1415,#1416,#1417,#1418,#1419),
  .UNSPECIFIED.,.F.,.F.,(5,5),(0.,1.),.PIECEWISE_BEZIER_KNOTS.);
#1415 = CARTESIAN_POINT('',(0.,-17.06013482983));
#1416 = CARTESIAN_POINT('',(0.387582965626,-17.07884507036));
#1417 = CARTESIAN_POINT('',(0.774994018234,-17.09821623092));
#1418 = CARTESIAN_POINT('',(1.162228022883,-17.11828981568));
#1419 = CARTESIAN_POINT('',(1.549279670372,-17.13910759098));
#1420 = ( GEOMETRIC_REPRESENTATION_CONTEXT(2) 
PARAMETRIC_REPRESENTATION_CONTEXT() REPRESENTATION_CONTEXT('2D SPACE',''
  ) );
#1421 = PCURVE('',#547,#1422);
#1422 = DEFINITIONAL_REPRESENTATION('',(#1423),#1429);
#1423 = B_SPLINE_CURVE_WITH_KNOTS('',4,(#1424,#1425,#1426,#1427,#1428),
  .UNSPECIFIED.,.F.,.F.,(5,5),(0.,1.),.PIECEWISE_BEZIER_KNOTS.);
#1424 = CARTESIAN_POINT('',(18.938711993851,3.023255813953E-02));
#1425 = CARTESIAN_POINT('',(18.644953563761,3.139131873502E-02));
#1426 = CARTESIAN_POINT('',(18.35101040907,3.254956536047E-02));
#1427 = CARTESIAN_POINT('',(18.056880942113,3.370728266391E-02));
#1428 = CARTESIAN_POINT('',(17.762564293354,3.486445477235E-02));
#1429 = ( GEOMETRIC_REPRESENTATION_CONTEXT(2) 
PARAMETRIC_REPRESENTATION_CONTEXT() REPRESENTATION_CONTEXT('2D SPACE',''
  ) );
#1430 = ORIENTED_EDGE('',*,*,#1431,.F.);
#1431 = EDGE_CURVE('',#1295,#1403,#1432,.T.);
#1432 = SURFACE_CURVE('',#1433,(#1437,#1444),.PCURVE_S1.);
#1433 = LINE('',#1434,#1435);
#1434 = CARTESIAN_POINT('',(261.83562389259,7.495857776055,5.));
#1435 = VECTOR('',#1436,1.);
#1436 = DIRECTION('',(0.,0.,1.));
#1437 = PCURVE('',#1340,#1438);
#1438 = DEFINITIONAL_REPRESENTATION('',(#1439),#1443);
#1439 = LINE('',#1440,#1441);
#1440 = CARTESIAN_POINT('',(1.549279670372,0.));
#1441 = VECTOR('',#1442,1.);
#1442 = DIRECTION('',(0.,-1.));
#1443 = ( GEOMETRIC_REPRESENTATION_CONTEXT(2) 
PARAMETRIC_REPRESENTATION_CONTEXT() REPRESENTATION_CONTEXT('2D SPACE',''
  ) );
#1444 = PCURVE('',#1313,#1445);
#1445 = DEFINITIONAL_REPRESENTATION('',(#1446),#1450);
#1446 = LINE('',#1447,#1448);
#1447 = CARTESIAN_POINT('',(0.872664625997,0.));
#1448 = VECTOR('',#1449,1.);
#1449 = DIRECTION('',(0.,1.));
#1450 = ( GEOMETRIC_REPRESENTATION_CONTEXT(2) 
PARAMETRIC_REPRESENTATION_CONTEXT() REPRESENTATION_CONTEXT('2D SPACE',''
  ) );
#1451 = ADVANCED_FACE('',(#1452),#1364,.T.);
#1452 = FACE_BOUND('',#1453,.T.);
#1453 = EDGE_LOOP('',(#1454,#1455,#1478,#1505));
#1454 = ORIENTED_EDGE('',*,*,#1351,.T.);
#1455 = ORIENTED_EDGE('',*,*,#1456,.T.);
#1456 = EDGE_CURVE('',#1297,#1457,#1459,.T.);
#1457 = VERTEX_POINT('',#1458);
#1458 = CARTESIAN_POINT('',(261.83562389258,5.504142223956,
    22.131659337909));
#1459 = SURFACE_CURVE('',#1460,(#1464,#1471),.PCURVE_S1.);
#1460 = LINE('',#1461,#1462);
#1461 = CARTESIAN_POINT('',(261.83562389259,5.504142223945,5.));
#1462 = VECTOR('',#1463,1.);
#1463 = DIRECTION('',(0.,0.,1.));
#1464 = PCURVE('',#1364,#1465);
#1465 = DEFINITIONAL_REPRESENTATION('',(#1466),#1470);
#1466 = LINE('',#1467,#1468);
#1467 = CARTESIAN_POINT('',(0.,0.));
#1468 = VECTOR('',#1469,1.);
#1469 = DIRECTION('',(0.,-1.));
#1470 = ( GEOMETRIC_REPRESENTATION_CONTEXT(2) 
PARAMETRIC_REPRESENTATION_CONTEXT() REPRESENTATION_CONTEXT('2D SPACE',''
  ) );
#1471 = PCURVE('',#1313,#1472);
#1472 = DEFINITIONAL_REPRESENTATION('',(#1473),#1477);
#1473 = LINE('',#1474,#1475);
#1474 = CARTESIAN_POINT('',(5.410520681182,0.));
#1475 = VECTOR('',#1476,1.);
#1476 = DIRECTION('',(0.,1.));
#1477 = ( GEOMETRIC_REPRESENTATION_CONTEXT(2) 
PARAMETRIC_REPRESENTATION_CONTEXT() REPRESENTATION_CONTEXT('2D SPACE',''
  ) );
#1478 = ORIENTED_EDGE('',*,*,#1479,.F.);
#1479 = EDGE_CURVE('',#1380,#1457,#1480,.T.);
#1480 = SURFACE_CURVE('',#1481,(#1487,#1496),.PCURVE_S1.);
#1481 = B_SPLINE_CURVE_WITH_KNOTS('',4,(#1482,#1483,#1484,#1485,#1486),
  .UNSPECIFIED.,.F.,.F.,(5,5),(0.,1.),.PIECEWISE_BEZIER_KNOTS.);
#1482 = CARTESIAN_POINT('',(263.02244097491,6.5,22.060134829833));
#1483 = CARTESIAN_POINT('',(262.72584576571,6.251127069347,
    22.076876448083));
#1484 = CARTESIAN_POINT('',(262.42917503087,6.002190765164,
    22.094346910079));
#1485 = CARTESIAN_POINT('',(262.13243287817,5.753194534279,
    22.112592503442));
#1486 = CARTESIAN_POINT('',(261.83562389259,5.504142223945,
    22.13165933791));
#1487 = PCURVE('',#1364,#1488);
#1488 = DEFINITIONAL_REPRESENTATION('',(#1489),#1495);
#1489 = B_SPLINE_CURVE_WITH_KNOTS('',4,(#1490,#1491,#1492,#1493,#1494),
  .UNSPECIFIED.,.F.,.F.,(5,5),(0.,1.),.PIECEWISE_BEZIER_KNOTS.);
#1490 = CARTESIAN_POINT('',(1.549279670372,-17.06013482983));
#1491 = CARTESIAN_POINT('',(1.162102122294,-17.07687644808));
#1492 = CARTESIAN_POINT('',(0.774825982507,-17.09434691007));
#1493 = CARTESIAN_POINT('',(0.38745661332,-17.11259250344));
#1494 = CARTESIAN_POINT('',(0.,-17.13165933791));
#1495 = ( GEOMETRIC_REPRESENTATION_CONTEXT(2) 
PARAMETRIC_REPRESENTATION_CONTEXT() REPRESENTATION_CONTEXT('2D SPACE',''
  ) );
#1496 = PCURVE('',#547,#1497);
#1497 = DEFINITIONAL_REPRESENTATION('',(#1498),#1504);
#1498 = B_SPLINE_CURVE_WITH_KNOTS('',4,(#1499,#1500,#1501,#1502,#1503),
  .UNSPECIFIED.,.F.,.F.,(5,5),(0.,1.),.PIECEWISE_BEZIER_KNOTS.);
#1499 = CARTESIAN_POINT('',(18.938712038554,3.023255813953E-02));
#1500 = CARTESIAN_POINT('',(18.632479532263,2.907500962487E-02));
#1501 = CARTESIAN_POINT('',(18.326411527934,2.79171663496E-02));
#1502 = CARTESIAN_POINT('',(18.020506544806,2.675904434548E-02));
#1503 = CARTESIAN_POINT('',(17.714763335448,2.560066150672E-02));
#1504 = ( GEOMETRIC_REPRESENTATION_CONTEXT(2) 
PARAMETRIC_REPRESENTATION_CONTEXT() REPRESENTATION_CONTEXT('2D SPACE',''
  ) );
#1505 = ORIENTED_EDGE('',*,*,#1379,.F.);
#1506 = ADVANCED_FACE('',(#1507),#1313,.F.);
#1507 = FACE_BOUND('',#1508,.F.);
#1508 = EDGE_LOOP('',(#1509,#1889,#1890,#1891));
#1509 = ORIENTED_EDGE('',*,*,#1510,.T.);
#1510 = EDGE_CURVE('',#1457,#1403,#1511,.T.);
#1511 = SURFACE_CURVE('',#1512,(#1611,#1750),.PCURVE_S1.);
#1512 = B_SPLINE_CURVE_WITH_KNOTS('',7,(#1513,#1514,#1515,#1516,#1517,
    #1518,#1519,#1520,#1521,#1522,#1523,#1524,#1525,#1526,#1527,#1528,
    #1529,#1530,#1531,#1532,#1533,#1534,#1535,#1536,#1537,#1538,#1539,
    #1540,#1541,#1542,#1543,#1544,#1545,#1546,#1547,#1548,#1549,#1550,
    #1551,#1552,#1553,#1554,#1555,#1556,#1557,#1558,#1559,#1560,#1561,
    #1562,#1563,#1564,#1565,#1566,#1567,#1568,#1569,#1570,#1571,#1572,
    #1573,#1574,#1575,#1576,#1577,#1578,#1579,#1580,#1581,#1582,#1583,
    #1584,#1585,#1586,#1587,#1588,#1589,#1590,#1591,#1592,#1593,#1594,
    #1595,#1596,#1597,#1598,#1599,#1600,#1601,#1602,#1603,#1604,#1605,
    #1606,#1607,#1608,#1609,#1610),.UNSPECIFIED.,.F.,.F.,(8,6,6,6,6,6,6,
    6,6,6,6,6,6,6,6,6,8),(0.451956156981,0.452843467302,0.861915950871,
    1.,1.422408933541,1.540806289714,1.603081139503,1.732554695874,
    1.865262364832,1.929304184092,2.048315534051,2.198155998109,
    2.307104924062,2.600816465796,2.893064556345,3.001876704054,
    3.034495431406),.UNSPECIFIED.);
#1513 = CARTESIAN_POINT('',(261.83562389257,5.504142223967,
    22.131659337909));
#1514 = CARTESIAN_POINT('',(261.83540272052,5.503956638574,
    22.131673545872));
#1515 = CARTESIAN_POINT('',(261.8351815133,5.503771121325,
    22.131687756855));
#1516 = CARTESIAN_POINT('',(261.83496027093,5.503585672216,
    22.131701970859));
#1517 = CARTESIAN_POINT('',(261.83473899342,5.503400291246,
    22.131716187882));
#1518 = CARTESIAN_POINT('',(261.83451768081,5.503214978412,
    22.131730407922));
#1519 = CARTESIAN_POINT('',(261.83429633311,5.503029733713,
    22.131744630979));
#1520 = CARTESIAN_POINT('',(261.73201189902,5.417473479778,
    22.138317435618));
#1521 = CARTESIAN_POINT('',(261.62263089573,5.346695463785,
    22.145508181261));
#1522 = CARTESIAN_POINT('',(261.50793089493,5.290086155996,
    22.15321638689));
#1523 = CARTESIAN_POINT('',(261.38951157312,5.247368025281,
    22.161347909537));
#1524 = CARTESIAN_POINT('',(261.26873437094,5.218248873656,
    22.169817276383));
#1525 = CARTESIAN_POINT('',(261.14669983139,5.202515142638,
    22.178550949616));
#1526 = CARTESIAN_POINT('',(260.98297885017,5.199454718088,
    22.190502676991));
#1527 = CARTESIAN_POINT('',(260.94163216226,5.200214672422,
    22.193540940097));
#1528 = CARTESIAN_POINT('',(260.90029738261,5.202507811773,
    22.19659833439));
#1529 = CARTESIAN_POINT('',(260.85901612013,5.206337151986,
    22.199671814767));
#1530 = CARTESIAN_POINT('',(260.81783090305,5.211707818925,
    22.202758186868));
#1531 = CARTESIAN_POINT('',(260.77678537349,5.218627024326,
    22.205854088142));
#1532 = CARTESIAN_POINT('',(260.61092810714,5.253035840873,
    22.218444842932));
#1533 = CARTESIAN_POINT('',(260.48784381839,5.293507097186,
    22.227975729564));
#1534 = CARTESIAN_POINT('',(260.3676408199,5.348775024524,22.23746986134
    ));
#1535 = CARTESIAN_POINT('',(260.25186685115,5.419398511992,
    22.246800776398));
#1536 = CARTESIAN_POINT('',(260.14265257981,5.505849625875,
    22.255783453616));
#1537 = CARTESIAN_POINT('',(260.04264757155,5.60830655487,
    22.264177322039));
#1538 = CARTESIAN_POINT('',(259.93059091564,5.759686295395,
    22.273784220321));
#1539 = CARTESIAN_POINT('',(259.90705674243,5.794043718692,
    22.27581598671));
#1540 = CARTESIAN_POINT('',(259.88459840776,5.829597943112,
    22.277769146311));
#1541 = CARTESIAN_POINT('',(259.86329913743,5.866319888617,
    22.279635991189));
#1542 = CARTESIAN_POINT('',(259.84324524868,5.904168750039,
    22.281408480384));
#1543 = CARTESIAN_POINT('',(259.82452374676,5.943089914369,
    22.283078455652));
#1544 = CARTESIAN_POINT('',(259.79811842499,6.004011628744,
    22.285458073959));
#1545 = CARTESIAN_POINT('',(259.78940908911,6.025287392914,
    22.286247704551));
#1546 = CARTESIAN_POINT('',(259.7811045444,6.046829786698,
    22.287005556129));
#1547 = CARTESIAN_POINT('',(259.77321697375,6.068627154532,
    22.287730472572));
#1548 = CARTESIAN_POINT('',(259.76575811241,6.090666569148,
    22.288421334477));
#1549 = CARTESIAN_POINT('',(259.758739248,6.112933831571,22.289077059157
    ));
#1550 = CARTESIAN_POINT('',(259.73851585427,6.182150137491,
    22.290984668618));
#1551 = CARTESIAN_POINT('',(259.72680726767,6.22981051741,
    22.292116523063));
#1552 = CARTESIAN_POINT('',(259.71714413608,6.278246906186,
    22.293082640329));
#1553 = CARTESIAN_POINT('',(259.70960761806,6.327295549865,
    22.293875035082));
#1554 = CARTESIAN_POINT('',(259.70425708403,6.376777496303,
    22.294487666665));
#1555 = CARTESIAN_POINT('',(259.70112584497,6.426499446261,
    22.294916845459));
#1556 = CARTESIAN_POINT('',(259.69928521225,6.527252593973,
    22.29541254772));
#1557 = CARTESIAN_POINT('',(259.70068803812,6.578296165349,
    22.295469796798));
#1558 = CARTESIAN_POINT('',(259.7044294683,6.629162414799,
    22.295332279225));
#1559 = CARTESIAN_POINT('',(259.71047958466,6.679642440787,
    22.295002076104));
#1560 = CARTESIAN_POINT('',(259.71877932567,6.729542460317,
    22.294483998183));
#1561 = CARTESIAN_POINT('',(259.72924537079,6.778684925202,
    22.293785127136));
#1562 = CARTESIAN_POINT('',(259.74782156175,6.850181830392,
    22.292494142148));
#1563 = CARTESIAN_POINT('',(259.75434915259,6.873241825783,
    22.292033859319));
#1564 = CARTESIAN_POINT('',(259.76134638655,6.896072734249,
    22.291534502167));
#1565 = CARTESIAN_POINT('',(259.76880134709,6.918659070294,
    22.290997115105));
#1566 = CARTESIAN_POINT('',(259.77670161181,6.940986753173,
    22.290422793156));
#1567 = CARTESIAN_POINT('',(259.78503425246,6.963043106886,
    22.289812681951));
#1568 = CARTESIAN_POINT('',(259.81004923361,7.025279854574,
    22.287969899344));
#1569 = CARTESIAN_POINT('',(259.82775961434,7.064766346638,
    22.286652333597));
#1570 = CARTESIAN_POINT('',(259.84683237333,7.103204967266,
    22.285222817154));
#1571 = CARTESIAN_POINT('',(259.86718109753,7.140540181537,
    22.283689094567));
#1572 = CARTESIAN_POINT('',(259.8887200023,7.176730242815,
    22.282058886629));
#1573 = CARTESIAN_POINT('',(259.91136636905,7.211745146851,
    22.28033965873));
#1574 = CARTESIAN_POINT('',(259.96485286914,7.288144730027,
    22.276270512565));
#1575 = CARTESIAN_POINT('',(259.99629420758,7.328827492986,
    22.273872709416));
#1576 = CARTESIAN_POINT('',(260.02921402039,7.367575875287,
    22.271358857208));
#1577 = CARTESIAN_POINT('',(260.06346887498,7.404370332205,
    22.268741919947));
#1578 = CARTESIAN_POINT('',(260.09892668187,7.439205268135,
    22.266033808425));
#1579 = CARTESIAN_POINT('',(260.13546849249,7.472085530979,
    22.263245240438));
#1580 = CARTESIAN_POINT('',(260.20027238204,7.525517456716,
    22.258306358627));
#1581 = CARTESIAN_POINT('',(260.22807154493,7.546983919106,
    22.256189621368));
#1582 = CARTESIAN_POINT('',(260.25634714761,7.567426823896,
    22.254039042123));
#1583 = CARTESIAN_POINT('',(260.28506114668,7.586851264721,
    22.251858021781));
#1584 = CARTESIAN_POINT('',(260.31417809336,7.605262898662,
    22.249649709232));
#1585 = CARTESIAN_POINT('',(260.34366513351,7.622667946243,
    22.247417001366));
#1586 = CARTESIAN_POINT('',(260.45390121851,7.683299509542,
    22.239084829011));
#1587 = CARTESIAN_POINT('',(260.53675765932,7.720246379006,
    22.232850756427));
#1588 = CARTESIAN_POINT('',(260.62149665735,7.750063775715,
    22.226510055837));
#1589 = CARTESIAN_POINT('',(260.70762151324,7.772854842124,
    22.220104673043));
#1590 = CARTESIAN_POINT('',(260.79468814992,7.78869654603,22.21367028469
    ));
#1591 = CARTESIAN_POINT('',(260.88229594221,7.797635044516,
    22.207237298208));
#1592 = CARTESIAN_POINT('',(261.05743609392,7.801666393172,
    22.19445729255));
#1593 = CARTESIAN_POINT('',(261.14492795368,7.796827120632,
    22.188112828413));
#1594 = CARTESIAN_POINT('',(261.23220465625,7.785134707339,
    22.181823182337));
#1595 = CARTESIAN_POINT('',(261.31887349827,7.766524917154,
    22.175614496236));
#1596 = CARTESIAN_POINT('',(261.40450038699,7.740901460995,
    22.169514028884));
#1597 = CARTESIAN_POINT('',(261.4886007353,7.708140334054,
    22.163550671633));
#1598 = CARTESIAN_POINT('',(261.60116573687,7.653150054603,
    22.155598160775));
#1599 = CARTESIAN_POINT('',(261.63141503636,7.637218880439,
    22.153464127684));
#1600 = CARTESIAN_POINT('',(261.66134369851,7.620267917936,
    22.151355387885));
#1601 = CARTESIAN_POINT('',(261.69091934929,7.602289512865,
    22.149273801444));
#1602 = CARTESIAN_POINT('',(261.72010702809,7.583276451453,
    22.147221367632));
#1603 = CARTESIAN_POINT('',(261.74886918774,7.563221960387,
    22.145200224928));
#1604 = CARTESIAN_POINT('',(261.78564816686,7.535793862957,
    22.14261683398));
#1605 = CARTESIAN_POINT('',(261.79408870019,7.52937394272,
    22.142024039988));
#1606 = CARTESIAN_POINT('',(261.802486231,7.522859776208,22.141434329221
    ));
#1607 = CARTESIAN_POINT('',(261.81083966189,7.51625120738,
    22.140847763856));
#1608 = CARTESIAN_POINT('',(261.81914786227,7.509548095784,
    22.140264408018));
#1609 = CARTESIAN_POINT('',(261.82740966922,7.502750318284,
    22.139684327739));
#1610 = CARTESIAN_POINT('',(261.83562388818,7.495857770799,
    22.139107590918));
#1611 = PCURVE('',#1313,#1612);
#1612 = DEFINITIONAL_REPRESENTATION('',(#1613),#1749);
#1613 = B_SPLINE_CURVE_WITH_KNOTS('',3,(#1614,#1615,#1616,#1617,#1618,
    #1619,#1620,#1621,#1622,#1623,#1624,#1625,#1626,#1627,#1628,#1629,
    #1630,#1631,#1632,#1633,#1634,#1635,#1636,#1637,#1638,#1639,#1640,
    #1641,#1642,#1643,#1644,#1645,#1646,#1647,#1648,#1649,#1650,#1651,
    #1652,#1653,#1654,#1655,#1656,#1657,#1658,#1659,#1660,#1661,#1662,
    #1663,#1664,#1665,#1666,#1667,#1668,#1669,#1670,#1671,#1672,#1673,
    #1674,#1675,#1676,#1677,#1678,#1679,#1680,#1681,#1682,#1683,#1684,
    #1685,#1686,#1687,#1688,#1689,#1690,#1691,#1692,#1693,#1694,#1695,
    #1696,#1697,#1698,#1699,#1700,#1701,#1702,#1703,#1704,#1705,#1706,
    #1707,#1708,#1709,#1710,#1711,#1712,#1713,#1714,#1715,#1716,#1717,
    #1718,#1719,#1720,#1721,#1722,#1723,#1724,#1725,#1726,#1727,#1728,
    #1729,#1730,#1731,#1732,#1733,#1734,#1735,#1736,#1737,#1738,#1739,
    #1740,#1741,#1742,#1743,#1744,#1745,#1746,#1747,#1748),
  .UNSPECIFIED.,.F.,.F.,(4,1,1,1,1,1,1,1,1,1,1,1,1,1,1,1,1,1,1,1,1,1,1,1
    ,1,1,1,1,1,1,1,1,1,1,1,1,1,1,1,1,1,1,1,1,1,1,1,1,1,1,1,1,1,1,1,1,1,1
    ,1,1,1,1,1,1,1,1,1,1,1,1,1,1,1,1,1,1,1,1,1,1,1,1,1,1,1,1,1,1,1,1,1,1
    ,1,1,1,1,1,1,1,1,1,1,1,1,1,1,1,1,1,1,1,1,1,1,1,1,1,1,1,1,1,1,1,1,1,1
    ,1,1,1,1,1,1,4),(0.451956156981,0.471520848453,0.491085539926,
    0.510650231399,0.530214922872,0.549779614345,0.569344305818,
    0.588908997291,0.608473688764,0.628038380237,0.64760307171,
    0.667167763183,0.686732454656,0.706297146129,0.725861837601,
    0.745426529074,0.764991220547,0.78455591202,0.804120603493,
    0.823685294966,0.843249986439,0.862814677912,0.882379369385,
    0.901944060858,0.921508752331,0.941073443804,0.960638135277,
    0.980202826749,0.999767518222,1.019332209695,1.038896901168,
    1.058461592641,1.078026284114,1.097590975587,1.11715566706,
    1.136720358533,1.156285050006,1.175849741479,1.195414432952,
    1.214979124425,1.234543815897,1.25410850737,1.273673198843,
    1.293237890316,1.312802581789,1.332367273262,1.351931964735,
    1.371496656208,1.391061347681,1.410626039154,1.430190730627,
    1.4497554221,1.469320113573,1.488884805045,1.508449496518,
    1.528014187991,1.547578879464,1.567143570937,1.58670826241,
    1.606272953883,1.625837645356,1.645402336829,1.664967028302,
    1.684531719775,1.704096411248,1.723661102721,1.743225794193,
    1.762790485666,1.782355177139,1.801919868612,1.821484560085,
    1.841049251558,1.860613943031,1.880178634504,1.899743325977,
    1.91930801745,1.938872708923,1.958437400396,1.978002091869,
    1.997566783341,2.017131474814,2.036696166287,2.05626085776,
    2.075825549233,2.095390240706,2.114954932179,2.134519623652,
    2.154084315125,2.173649006598,2.193213698071,2.212778389544,
    2.232343081017,2.251907772489,2.271472463962,2.291037155435,
    2.310601846908,2.330166538381,2.349731229854,2.369295921327,
    2.3888606128,2.408425304273,2.427989995746,2.447554687219,
    2.467119378692,2.486684070165,2.506248761637,2.52581345311,
    2.545378144583,2.564942836056,2.584507527529,2.604072219002,
    2.623636910475,2.643201601948,2.662766293421,2.682330984894,
    2.701895676367,2.72146036784,2.741025059313,2.760589750785,
    2.780154442258,2.799719133731,2.819283825204,2.838848516677,
    2.85841320815,2.877977899623,2.897542591096,2.917107282569,
    2.936671974042,2.956236665515,2.975801356988,2.99536604846,
    3.014930739933,3.034495431406),.QUASI_UNIFORM_KNOTS.);
#1614 = CARTESIAN_POINT('',(5.410520681183,17.131659337909));
#1615 = CARTESIAN_POINT('',(5.399094236695,17.132390337849));
#1616 = CARTESIAN_POINT('',(5.376333648635,17.133872596321));
#1617 = CARTESIAN_POINT('',(5.342453405417,17.136154254703));
#1618 = CARTESIAN_POINT('',(5.308817175941,17.138491647351));
#1619 = CARTESIAN_POINT('',(5.275409599499,17.140882347433));
#1620 = CARTESIAN_POINT('',(5.242215984535,17.143323991468));
#1621 = CARTESIAN_POINT('',(5.209222305677,17.145814285581));
#1622 = CARTESIAN_POINT('',(5.176415058557,17.148350998594));
#1623 = CARTESIAN_POINT('',(5.143781166985,17.150931959464));
#1624 = CARTESIAN_POINT('',(5.111307888105,17.153555054318));
#1625 = CARTESIAN_POINT('',(5.078982727952,17.156218224271));
#1626 = CARTESIAN_POINT('',(5.046793362028,17.158919463654));
#1627 = CARTESIAN_POINT('',(5.014727560421,17.161656818672));
#1628 = CARTESIAN_POINT('',(4.982773115714,17.16442838642));
#1629 = CARTESIAN_POINT('',(4.95091777289,17.167232314185));
#1630 = CARTESIAN_POINT('',(4.919149158518,17.170066799103));
#1631 = CARTESIAN_POINT('',(4.887454714118,17.172930087579));
#1632 = CARTESIAN_POINT('',(4.85582161081,17.175820476481));
#1633 = CARTESIAN_POINT('',(4.824236726721,17.178736308277));
#1634 = CARTESIAN_POINT('',(4.792686379825,17.18167598915));
#1635 = CARTESIAN_POINT('',(4.761156960482,17.184637921386));
#1636 = CARTESIAN_POINT('',(4.729632191227,17.187620755538));
#1637 = CARTESIAN_POINT('',(4.698103011276,17.19062244359));
#1638 = CARTESIAN_POINT('',(4.666561541161,17.193640786219));
#1639 = CARTESIAN_POINT('',(4.634994220229,17.196674088253));
#1640 = CARTESIAN_POINT('',(4.603389146499,17.19972045254));
#1641 = CARTESIAN_POINT('',(4.571733794545,17.202777987547));
#1642 = CARTESIAN_POINT('',(4.540016382847,17.205844666745));
#1643 = CARTESIAN_POINT('',(4.508222257568,17.208918667118));
#1644 = CARTESIAN_POINT('',(4.476346555733,17.21199713939));
#1645 = CARTESIAN_POINT('',(4.444380473556,17.215077523437));
#1646 = CARTESIAN_POINT('',(4.412305273377,17.218158116646));
#1647 = CARTESIAN_POINT('',(4.380105961635,17.221236741235));
#1648 = CARTESIAN_POINT('',(4.347767502918,17.224311095618));
#1649 = CARTESIAN_POINT('',(4.315275719012,17.227378655368));
#1650 = CARTESIAN_POINT('',(4.282616939011,17.230436695501));
#1651 = CARTESIAN_POINT('',(4.249777989747,17.233482280814));
#1652 = CARTESIAN_POINT('',(4.216746099918,17.236512265287));
#1653 = CARTESIAN_POINT('',(4.183508831339,17.239523289489));
#1654 = CARTESIAN_POINT('',(4.150054005985,17.242511778897));
#1655 = CARTESIAN_POINT('',(4.116369636144,17.245473942276));
#1656 = CARTESIAN_POINT('',(4.082443854699,17.248405770281));
#1657 = CARTESIAN_POINT('',(4.048264844774,17.251303034194));
#1658 = CARTESIAN_POINT('',(4.01382076898,17.254161284674));
#1659 = CARTESIAN_POINT('',(3.979099691787,17.256975850801));
#1660 = CARTESIAN_POINT('',(3.944089514186,17.259741838088));
#1661 = CARTESIAN_POINT('',(3.908777843384,17.262454130205));
#1662 = CARTESIAN_POINT('',(3.873152080149,17.265107376415));
#1663 = CARTESIAN_POINT('',(3.837198663032,17.267696031714));
#1664 = CARTESIAN_POINT('',(3.800905422172,17.270214199387));
#1665 = CARTESIAN_POINT('',(3.764252284778,17.272656209822));
#1666 = CARTESIAN_POINT('',(3.727258443422,17.275013595338));
#1667 = CARTESIAN_POINT('',(3.689922530053,17.277279270056));
#1668 = CARTESIAN_POINT('',(3.652245054887,17.279445920331));
#1669 = CARTESIAN_POINT('',(3.614229477365,17.281506043977));
#1670 = CARTESIAN_POINT('',(3.575882225587,17.283452022205));
#1671 = CARTESIAN_POINT('',(3.537212776731,17.285276194539));
#1672 = CARTESIAN_POINT('',(3.498235151022,17.286970891714));
#1673 = CARTESIAN_POINT('',(3.458967072648,17.288528589759));
#1674 = CARTESIAN_POINT('',(3.419431012345,17.289942047446));
#1675 = CARTESIAN_POINT('',(3.379649503701,17.291204490973));
#1676 = CARTESIAN_POINT('',(3.339654760006,17.292309514126));
#1677 = CARTESIAN_POINT('',(3.299481615082,17.293251435925));
#1678 = CARTESIAN_POINT('',(3.259166450677,17.29402543496));
#1679 = CARTESIAN_POINT('',(3.218748095208,17.294627615894));
#1680 = CARTESIAN_POINT('',(3.178267933874,17.295055093212));
#1681 = CARTESIAN_POINT('',(3.137771666919,17.295306073803));
#1682 = CARTESIAN_POINT('',(3.097298815495,17.295379959038));
#1683 = CARTESIAN_POINT('',(3.056895288472,17.295277272782));
#1684 = CARTESIAN_POINT('',(3.016602049884,17.294999696209));
#1685 = CARTESIAN_POINT('',(2.976457646262,17.29454996656));
#1686 = CARTESIAN_POINT('',(2.93649816267,17.293931801087));
#1687 = CARTESIAN_POINT('',(2.896757925928,17.293149819469));
#1688 = CARTESIAN_POINT('',(2.857269316439,17.292209447178));
#1689 = CARTESIAN_POINT('',(2.818053936177,17.291116607225));
#1690 = CARTESIAN_POINT('',(2.779133808087,17.289877739935));
#1691 = CARTESIAN_POINT('',(2.740526054584,17.288499644647));
#1692 = CARTESIAN_POINT('',(2.702244401023,17.286989375043));
#1693 = CARTESIAN_POINT('',(2.664297803648,17.285354049988));
#1694 = CARTESIAN_POINT('',(2.626692228659,17.283600821264));
#1695 = CARTESIAN_POINT('',(2.589430643608,17.281736789951));
#1696 = CARTESIAN_POINT('',(2.552513372964,17.279768945523));
#1697 = CARTESIAN_POINT('',(2.515937922572,17.277704072558));
#1698 = CARTESIAN_POINT('',(2.479700825805,17.275548807556));
#1699 = CARTESIAN_POINT('',(2.443794638852,17.273309423799));
#1700 = CARTESIAN_POINT('',(2.408211258321,17.270991961574));
#1701 = CARTESIAN_POINT('',(2.37294158792,17.268602203675));
#1702 = CARTESIAN_POINT('',(2.337975624519,17.266145664776));
#1703 = CARTESIAN_POINT('',(2.303302429516,17.26362757825));
#1704 = CARTESIAN_POINT('',(2.268910034961,17.261052879302));
#1705 = CARTESIAN_POINT('',(2.234785610946,17.258426205418));
#1706 = CARTESIAN_POINT('',(2.200917249667,17.255752041272));
#1707 = CARTESIAN_POINT('',(2.167291584475,17.253034535076));
#1708 = CARTESIAN_POINT('',(2.133895574268,17.250277635086));
#1709 = CARTESIAN_POINT('',(2.100716232069,17.247485085442));
#1710 = CARTESIAN_POINT('',(2.067739352253,17.244660325927));
#1711 = CARTESIAN_POINT('',(2.034954470445,17.241806927031));
#1712 = CARTESIAN_POINT('',(2.002347502412,17.238927965978));
#1713 = CARTESIAN_POINT('',(1.969903884205,17.236026299436));
#1714 = CARTESIAN_POINT('',(1.937609889005,17.233104691843));
#1715 = CARTESIAN_POINT('',(1.905452141695,17.230165786661));
#1716 = CARTESIAN_POINT('',(1.873417628127,17.227212119435));
#1717 = CARTESIAN_POINT('',(1.841493581798,17.224246119351));
#1718 = CARTESIAN_POINT('',(1.809667411747,17.221270113617));
#1719 = CARTESIAN_POINT('',(1.777926624665,17.21828633071));
#1720 = CARTESIAN_POINT('',(1.746258756,17.215296903953));
#1721 = CARTESIAN_POINT('',(1.714651288254,17.212303873548));
#1722 = CARTESIAN_POINT('',(1.683091619046,17.209309193119));
#1723 = CARTESIAN_POINT('',(1.651566840672,17.206314718358));
#1724 = CARTESIAN_POINT('',(1.620064212049,17.203322261406));
#1725 = CARTESIAN_POINT('',(1.588569028408,17.200333398835));
#1726 = CARTESIAN_POINT('',(1.557072643439,17.197350242295));
#1727 = CARTESIAN_POINT('',(1.525563049271,17.194374551147));
#1728 = CARTESIAN_POINT('',(1.494026517798,17.191407899473));
#1729 = CARTESIAN_POINT('',(1.462450210071,17.188451932468));
#1730 = CARTESIAN_POINT('',(1.430821374413,17.185508299077));
#1731 = CARTESIAN_POINT('',(1.399127464681,17.182578671573));
#1732 = CARTESIAN_POINT('',(1.36735601614,17.179664741992));
#1733 = CARTESIAN_POINT('',(1.335494588686,17.176768224968));
#1734 = CARTESIAN_POINT('',(1.303530691576,17.173890858974));
#1735 = CARTESIAN_POINT('',(1.271451713674,17.171034408352));
#1736 = CARTESIAN_POINT('',(1.239244839325,17.168200664586));
#1737 = CARTESIAN_POINT('',(1.206896995572,17.165391450664));
#1738 = CARTESIAN_POINT('',(1.174394658299,17.162608614639));
#1739 = CARTESIAN_POINT('',(1.141724151892,17.159854064139));
#1740 = CARTESIAN_POINT('',(1.108870067796,17.157129648715));
#1741 = CARTESIAN_POINT('',(1.075821256211,17.154437659255));
#1742 = CARTESIAN_POINT('',(1.042565027615,17.151780355033));
#1743 = CARTESIAN_POINT('',(1.009087918576,17.149160029324));
#1744 = CARTESIAN_POINT('',(0.975376956208,17.146579121349));
#1745 = CARTESIAN_POINT('',(0.941419105782,17.144040185835));
#1746 = CARTESIAN_POINT('',(0.907201431734,17.14154590282));
#1747 = CARTESIAN_POINT('',(0.884208454247,17.139914759688));
#1748 = CARTESIAN_POINT('',(0.872664625998,17.139107590918));
#1749 = ( GEOMETRIC_REPRESENTATION_CONTEXT(2) 
PARAMETRIC_REPRESENTATION_CONTEXT() REPRESENTATION_CONTEXT('2D SPACE',''
  ) );
#1750 = PCURVE('',#547,#1751);
#1751 = DEFINITIONAL_REPRESENTATION('',(#1752),#1888);
#1752 = B_SPLINE_CURVE_WITH_KNOTS('',3,(#1753,#1754,#1755,#1756,#1757,
    #1758,#1759,#1760,#1761,#1762,#1763,#1764,#1765,#1766,#1767,#1768,
    #1769,#1770,#1771,#1772,#1773,#1774,#1775,#1776,#1777,#1778,#1779,
    #1780,#1781,#1782,#1783,#1784,#1785,#1786,#1787,#1788,#1789,#1790,
    #1791,#1792,#1793,#1794,#1795,#1796,#1797,#1798,#1799,#1800,#1801,
    #1802,#1803,#1804,#1805,#1806,#1807,#1808,#1809,#1810,#1811,#1812,
    #1813,#1814,#1815,#1816,#1817,#1818,#1819,#1820,#1821,#1822,#1823,
    #1824,#1825,#1826,#1827,#1828,#1829,#1830,#1831,#1832,#1833,#1834,
    #1835,#1836,#1837,#1838,#1839,#1840,#1841,#1842,#1843,#1844,#1845,
    #1846,#1847,#1848,#1849,#1850,#1851,#1852,#1853,#1854,#1855,#1856,
    #1857,#1858,#1859,#1860,#1861,#1862,#1863,#1864,#1865,#1866,#1867,
    #1868,#1869,#1870,#1871,#1872,#1873,#1874,#1875,#1876,#1877,#1878,
    #1879,#1880,#1881,#1882,#1883,#1884,#1885,#1886,#1887),
  .UNSPECIFIED.,.F.,.F.,(4,1,1,1,1,1,1,1,1,1,1,1,1,1,1,1,1,1,1,1,1,1,1,1
    ,1,1,1,1,1,1,1,1,1,1,1,1,1,1,1,1,1,1,1,1,1,1,1,1,1,1,1,1,1,1,1,1,1,1
    ,1,1,1,1,1,1,1,1,1,1,1,1,1,1,1,1,1,1,1,1,1,1,1,1,1,1,1,1,1,1,1,1,1,1
    ,1,1,1,1,1,1,1,1,1,1,1,1,1,1,1,1,1,1,1,1,1,1,1,1,1,1,1,1,1,1,1,1,1,1
    ,1,1,1,1,1,1,4),(0.451956156981,0.471520848453,0.491085539926,
    0.510650231399,0.530214922872,0.549779614345,0.569344305818,
    0.588908997291,0.608473688764,0.628038380237,0.64760307171,
    0.667167763183,0.686732454656,0.706297146129,0.725861837601,
    0.745426529074,0.764991220547,0.78455591202,0.804120603493,
    0.823685294966,0.843249986439,0.862814677912,0.882379369385,
    0.901944060858,0.921508752331,0.941073443804,0.960638135277,
    0.980202826749,0.999767518222,1.019332209695,1.038896901168,
    1.058461592641,1.078026284114,1.097590975587,1.11715566706,
    1.136720358533,1.156285050006,1.175849741479,1.195414432952,
    1.214979124425,1.234543815897,1.25410850737,1.273673198843,
    1.293237890316,1.312802581789,1.332367273262,1.351931964735,
    1.371496656208,1.391061347681,1.410626039154,1.430190730627,
    1.4497554221,1.469320113573,1.488884805045,1.508449496518,
    1.528014187991,1.547578879464,1.567143570937,1.58670826241,
    1.606272953883,1.625837645356,1.645402336829,1.664967028302,
    1.684531719775,1.704096411248,1.723661102721,1.743225794193,
    1.762790485666,1.782355177139,1.801919868612,1.821484560085,
    1.841049251558,1.860613943031,1.880178634504,1.899743325977,
    1.91930801745,1.938872708923,1.958437400396,1.978002091869,
    1.997566783341,2.017131474814,2.036696166287,2.05626085776,
    2.075825549233,2.095390240706,2.114954932179,2.134519623652,
    2.154084315125,2.173649006598,2.193213698071,2.212778389544,
    2.232343081017,2.251907772489,2.271472463962,2.291037155435,
    2.310601846908,2.330166538381,2.349731229854,2.369295921327,
    2.3888606128,2.408425304273,2.427989995746,2.447554687219,
    2.467119378692,2.486684070165,2.506248761637,2.52581345311,
    2.545378144583,2.564942836056,2.584507527529,2.604072219002,
    2.623636910475,2.643201601948,2.662766293421,2.682330984894,
    2.701895676367,2.72146036784,2.741025059313,2.760589750785,
    2.780154442258,2.799719133731,2.819283825204,2.838848516677,
    2.85841320815,2.877977899623,2.897542591096,2.917107282569,
    2.936671974042,2.956236665515,2.975801356988,2.99536604846,
    3.014930739933,3.034495431406),.QUASI_UNIFORM_KNOTS.);
#1753 = CARTESIAN_POINT('',(17.714763328977,2.560066150682E-02));
#1754 = CARTESIAN_POINT('',(17.703041466865,2.555625110501E-02));
#1755 = CARTESIAN_POINT('',(17.679372813577,2.546960375802E-02));
#1756 = CARTESIAN_POINT('',(17.643238428821,2.534611188712E-02));
#1757 = CARTESIAN_POINT('',(17.606516659574,2.522905707362E-02));
#1758 = CARTESIAN_POINT('',(17.569249293304,2.511840027695E-02));
#1759 = CARTESIAN_POINT('',(17.53147677603,2.5014104136E-02));
#1760 = CARTESIAN_POINT('',(17.493238062223,2.491613301621E-02));
#1761 = CARTESIAN_POINT('',(17.454570733447,2.48244527572E-02));
#1762 = CARTESIAN_POINT('',(17.415511035611,2.473903057898E-02));
#1763 = CARTESIAN_POINT('',(17.376093929573,2.465983502137E-02));
#1764 = CARTESIAN_POINT('',(17.336353130627,2.45868359476E-02));
#1765 = CARTESIAN_POINT('',(17.296321144376,2.452000460117E-02));
#1766 = CARTESIAN_POINT('',(17.256029297918,2.445931371643E-02));
#1767 = CARTESIAN_POINT('',(17.215507767442,2.440473767992E-02));
#1768 = CARTESIAN_POINT('',(17.174785603374,2.43562527409E-02));
#1769 = CARTESIAN_POINT('',(17.133890751769,2.431383726863E-02));
#1770 = CARTESIAN_POINT('',(17.092850080427,2.427747205515E-02));
#1771 = CARTESIAN_POINT('',(17.051689381519,2.42471406587E-02));
#1772 = CARTESIAN_POINT('',(17.010433459456,2.422282979602E-02));
#1773 = CARTESIAN_POINT('',(16.96910590172,2.420452974337E-02));
#1774 = CARTESIAN_POINT('',(16.927730037409,2.419223488627E-02));
#1775 = CARTESIAN_POINT('',(16.886325471179,2.418594388577E-02));
#1776 = CARTESIAN_POINT('',(16.844921212145,2.418566144393E-02));
#1777 = CARTESIAN_POINT('',(16.80354785797,2.419139240897E-02));
#1778 = CARTESIAN_POINT('',(16.762228675816,2.420314426769E-02));
#1779 = CARTESIAN_POINT('',(16.72098936217,2.42209279631E-02));
#1780 = CARTESIAN_POINT('',(16.679855173806,2.424475793869E-02));
#1781 = CARTESIAN_POINT('',(16.638852815306,2.427465104673E-02));
#1782 = CARTESIAN_POINT('',(16.598005929294,2.431063077379E-02));
#1783 = CARTESIAN_POINT('',(16.557351419379,2.435271133325E-02));
#1784 = CARTESIAN_POINT('',(16.516921709359,2.440090951764E-02));
#1785 = CARTESIAN_POINT('',(16.476737604116,2.44552602245E-02));
#1786 = CARTESIAN_POINT('',(16.436825912504,2.451579828028E-02));
#1787 = CARTESIAN_POINT('',(16.397214717887,2.458256219619E-02));
#1788 = CARTESIAN_POINT('',(16.357934634026,2.465559209946E-02));
#1789 = CARTESIAN_POINT('',(16.319018455826,2.473492927417E-02));
#1790 = CARTESIAN_POINT('',(16.280501239493,2.482061531872E-02));
#1791 = CARTESIAN_POINT('',(16.24242026763,2.491269145277E-02));
#1792 = CARTESIAN_POINT('',(16.204815045851,2.501119782971E-02));
#1793 = CARTESIAN_POINT('',(16.167727292318,2.511617289216E-02));
#1794 = CARTESIAN_POINT('',(16.131200931217,2.522765275936E-02));
#1795 = CARTESIAN_POINT('',(16.095282087967,2.534567064783E-02));
#1796 = CARTESIAN_POINT('',(16.060019087189,2.547025632576E-02));
#1797 = CARTESIAN_POINT('',(16.025462454782,2.560143559288E-02));
#1798 = CARTESIAN_POINT('',(15.991664920907,2.57392298124E-02));
#1799 = CARTESIAN_POINT('',(15.958681438628,2.588365539199E-02));
#1800 = CARTESIAN_POINT('',(15.92656916404,2.603472359376E-02));
#1801 = CARTESIAN_POINT('',(15.89538760418,2.619243925101E-02));
#1802 = CARTESIAN_POINT('',(15.865198171241,2.635680369667E-02));
#1803 = CARTESIAN_POINT('',(15.836065976949,2.652780209901E-02));
#1804 = CARTESIAN_POINT('',(15.808053298863,2.670544911267E-02));
#1805 = CARTESIAN_POINT('',(15.781253903399,2.688955307888E-02));
#1806 = CARTESIAN_POINT('',(15.755744898196,2.707999806545E-02));
#1807 = CARTESIAN_POINT('',(15.731605512634,2.72766408504E-02));
#1808 = CARTESIAN_POINT('',(15.708916574586,2.747930164938E-02));
#1809 = CARTESIAN_POINT('',(15.687759705134,2.768776240625E-02));
#1810 = CARTESIAN_POINT('',(15.668216461546,2.790176485683E-02));
#1811 = CARTESIAN_POINT('',(15.650367937481,2.812100079497E-02));
#1812 = CARTESIAN_POINT('',(15.634293060561,2.834511554879E-02));
#1813 = CARTESIAN_POINT('',(15.620067022884,2.857370072225E-02));
#1814 = CARTESIAN_POINT('',(15.607759481614,2.880632332671E-02));
#1815 = CARTESIAN_POINT('',(15.597435244456,2.904246906071E-02));
#1816 = CARTESIAN_POINT('',(15.589150657056,2.928158543933E-02));
#1817 = CARTESIAN_POINT('',(15.582952218134,2.952309079737E-02));
#1818 = CARTESIAN_POINT('',(15.578875851261,2.97663724128E-02));
#1819 = CARTESIAN_POINT('',(15.576946028754,3.00107897255E-02));
#1820 = CARTESIAN_POINT('',(15.577174824891,3.025566805448E-02));
#1821 = CARTESIAN_POINT('',(15.579561526785,3.050036681635E-02));
#1822 = CARTESIAN_POINT('',(15.58409256347,3.074420857857E-02));
#1823 = CARTESIAN_POINT('',(15.590742081241,3.098655239042E-02));
#1824 = CARTESIAN_POINT('',(15.599472871393,3.12267829507E-02));
#1825 = CARTESIAN_POINT('',(15.61023723407,3.14643148543E-02));
#1826 = CARTESIAN_POINT('',(15.622977789689,3.169859190522E-02));
#1827 = CARTESIAN_POINT('',(15.637628569523,3.192909108534E-02));
#1828 = CARTESIAN_POINT('',(15.654119323035,3.215537656482E-02));
#1829 = CARTESIAN_POINT('',(15.672374160254,3.237703358925E-02));
#1830 = CARTESIAN_POINT('',(15.692313834653,3.2593701175E-02));
#1831 = CARTESIAN_POINT('',(15.713856731872,3.280506299977E-02));
#1832 = CARTESIAN_POINT('',(15.73692111149,3.30108536534E-02));
#1833 = CARTESIAN_POINT('',(15.761425231883,3.32108474771E-02));
#1834 = CARTESIAN_POINT('',(15.787288271727,3.340485720016E-02));
#1835 = CARTESIAN_POINT('',(15.81443094737,3.359273034727E-02));
#1836 = CARTESIAN_POINT('',(15.84277654565,3.377434769732E-02));
#1837 = CARTESIAN_POINT('',(15.872250008783,3.39496123692E-02));
#1838 = CARTESIAN_POINT('',(15.902780839697,3.41184625129E-02));
#1839 = CARTESIAN_POINT('',(15.934301049003,3.428085237155E-02));
#1840 = CARTESIAN_POINT('',(15.96674552187,3.443675266419E-02));
#1841 = CARTESIAN_POINT('',(16.00005213786,3.45861485284E-02));
#1842 = CARTESIAN_POINT('',(16.034161942097,3.47290380109E-02));
#1843 = CARTESIAN_POINT('',(16.069019356266,3.486543080651E-02));
#1844 = CARTESIAN_POINT('',(16.104572176656,3.499534545491E-02));
#1845 = CARTESIAN_POINT('',(16.14076954765,3.511880217645E-02));
#1846 = CARTESIAN_POINT('',(16.177564447782,3.523583070416E-02));
#1847 = CARTESIAN_POINT('',(16.214911891164,3.53464616305E-02));
#1848 = CARTESIAN_POINT('',(16.252768974911,3.545072746587E-02));
#1849 = CARTESIAN_POINT('',(16.291096235109,3.55486659248E-02));
#1850 = CARTESIAN_POINT('',(16.329851779722,3.56403046529E-02));
#1851 = CARTESIAN_POINT('',(16.368999787506,3.572568195016E-02));
#1852 = CARTESIAN_POINT('',(16.408506814825,3.580483616249E-02));
#1853 = CARTESIAN_POINT('',(16.448340082759,3.587780171527E-02));
#1854 = CARTESIAN_POINT('',(16.488467881288,3.59446104168E-02));
#1855 = CARTESIAN_POINT('',(16.528859409319,3.600529128389E-02));
#1856 = CARTESIAN_POINT('',(16.569484769102,3.605987069786E-02));
#1857 = CARTESIAN_POINT('',(16.610314922108,3.610837240628E-02));
#1858 = CARTESIAN_POINT('',(16.651321659542,3.615081750038E-02));
#1859 = CARTESIAN_POINT('',(16.692477567678,3.618722433318E-02));
#1860 = CARTESIAN_POINT('',(16.733756014104,3.621760838843E-02));
#1861 = CARTESIAN_POINT('',(16.775131070334,3.624198209458E-02));
#1862 = CARTESIAN_POINT('',(16.816577682825,3.626035459726E-02));
#1863 = CARTESIAN_POINT('',(16.85807092883,3.627273144168E-02));
#1864 = CARTESIAN_POINT('',(16.899588699254,3.627911434612E-02));
#1865 = CARTESIAN_POINT('',(16.941100989206,3.627950034077E-02));
#1866 = CARTESIAN_POINT('',(16.9825822088,3.627388539244E-02));
#1867 = CARTESIAN_POINT('',(17.024008900819,3.626226114933E-02));
#1868 = CARTESIAN_POINT('',(17.065356168493,3.624461534635E-02));
#1869 = CARTESIAN_POINT('',(17.106598609333,3.622093211337E-02));
#1870 = CARTESIAN_POINT('',(17.147710038517,3.619119224373E-02));
#1871 = CARTESIAN_POINT('',(17.188663533608,3.615537340736E-02));
#1872 = CARTESIAN_POINT('',(17.229431389911,3.611345031335E-02));
#1873 = CARTESIAN_POINT('',(17.269985097457,3.606539481844E-02));
#1874 = CARTESIAN_POINT('',(17.310295306362,3.601117599077E-02));
#1875 = CARTESIAN_POINT('',(17.350331802567,3.595076009487E-02));
#1876 = CARTESIAN_POINT('',(17.390063439128,3.588411062484E-02));
#1877 = CARTESIAN_POINT('',(17.429458220446,3.581118791179E-02));
#1878 = CARTESIAN_POINT('',(17.468482804616,3.573195007426E-02));
#1879 = CARTESIAN_POINT('',(17.507104165844,3.564634871109E-02));
#1880 = CARTESIAN_POINT('',(17.54528249386,3.5554345647E-02));
#1881 = CARTESIAN_POINT('',(17.582977902852,3.545589853041E-02));
#1882 = CARTESIAN_POINT('',(17.620149475752,3.535096389779E-02));
#1883 = CARTESIAN_POINT('',(17.656753682582,3.523950085966E-02));
#1884 = CARTESIAN_POINT('',(17.692744797749,3.512147013373E-02));
#1885 = CARTESIAN_POINT('',(17.728074820721,3.499683422638E-02));
#1886 = CARTESIAN_POINT('',(17.751152719265,3.490932163497E-02));
#1887 = CARTESIAN_POINT('',(17.762564319919,3.48644547479E-02));
#1888 = ( GEOMETRIC_REPRESENTATION_CONTEXT(2) 
PARAMETRIC_REPRESENTATION_CONTEXT() REPRESENTATION_CONTEXT('2D SPACE',''
  ) );
#1889 = ORIENTED_EDGE('',*,*,#1431,.F.);
#1890 = ORIENTED_EDGE('',*,*,#1294,.T.);
#1891 = ORIENTED_EDGE('',*,*,#1456,.T.);
#1892 = ADVANCED_FACE('',(#1893),#1281,.T.);
#1893 = FACE_BOUND('',#1894,.T.);
#1894 = EDGE_LOOP('',(#1895,#1896,#1919,#1948));
#1895 = ORIENTED_EDGE('',*,*,#1268,.T.);
#1896 = ORIENTED_EDGE('',*,*,#1897,.T.);
#1897 = EDGE_CURVE('',#1214,#1898,#1900,.T.);
#1898 = VERTEX_POINT('',#1899);
#1899 = CARTESIAN_POINT('',(261.83562389038,-7.495857773426,
    22.139107590918));
#1900 = SURFACE_CURVE('',#1901,(#1905,#1912),.PCURVE_S1.);
#1901 = LINE('',#1902,#1903);
#1902 = CARTESIAN_POINT('',(261.83562389259,-7.495857776055,5.));
#1903 = VECTOR('',#1904,1.);
#1904 = DIRECTION('',(0.,0.,1.));
#1905 = PCURVE('',#1281,#1906);
#1906 = DEFINITIONAL_REPRESENTATION('',(#1907),#1911);
#1907 = LINE('',#1908,#1909);
#1908 = CARTESIAN_POINT('',(0.,0.));
#1909 = VECTOR('',#1910,1.);
#1910 = DIRECTION('',(0.,-1.));
#1911 = ( GEOMETRIC_REPRESENTATION_CONTEXT(2) 
PARAMETRIC_REPRESENTATION_CONTEXT() REPRESENTATION_CONTEXT('2D SPACE',''
  ) );
#1912 = PCURVE('',#1230,#1913);
#1913 = DEFINITIONAL_REPRESENTATION('',(#1914),#1918);
#1914 = LINE('',#1915,#1916);
#1915 = CARTESIAN_POINT('',(5.410520681182,0.));
#1916 = VECTOR('',#1917,1.);
#1917 = DIRECTION('',(0.,1.));
#1918 = ( GEOMETRIC_REPRESENTATION_CONTEXT(2) 
PARAMETRIC_REPRESENTATION_CONTEXT() REPRESENTATION_CONTEXT('2D SPACE',''
  ) );
#1919 = ORIENTED_EDGE('',*,*,#1920,.F.);
#1920 = EDGE_CURVE('',#1921,#1898,#1923,.T.);
#1921 = VERTEX_POINT('',#1922);
#1922 = CARTESIAN_POINT('',(263.02244097491,-6.5,22.060134829833));
#1923 = SURFACE_CURVE('',#1924,(#1930,#1939),.PCURVE_S1.);
#1924 = B_SPLINE_CURVE_WITH_KNOTS('',4,(#1925,#1926,#1927,#1928,#1929),
  .UNSPECIFIED.,.F.,.F.,(5,5),(0.,1.),.PIECEWISE_BEZIER_KNOTS.);
#1925 = CARTESIAN_POINT('',(263.02244097491,-6.5,22.060134829833));
#1926 = CARTESIAN_POINT('',(262.72553519785,-6.74913352803,
    22.078845070367));
#1927 = CARTESIAN_POINT('',(262.4287611138,-6.998156552502,
    22.098216230922));
#1928 = CARTESIAN_POINT('',(262.13212265635,-7.24706577274,
    22.118289815685));
#1929 = CARTESIAN_POINT('',(261.83562389259,-7.495857776055,
    22.139107590989));
#1930 = PCURVE('',#1281,#1931);
#1931 = DEFINITIONAL_REPRESENTATION('',(#1932),#1938);
#1932 = B_SPLINE_CURVE_WITH_KNOTS('',4,(#1933,#1934,#1935,#1936,#1937),
  .UNSPECIFIED.,.F.,.F.,(5,5),(0.,1.),.PIECEWISE_BEZIER_KNOTS.);
#1933 = CARTESIAN_POINT('',(1.549279670372,-17.06013482983));
#1934 = CARTESIAN_POINT('',(1.161696704746,-17.07884507036));
#1935 = CARTESIAN_POINT('',(0.774285652139,-17.09821623092));
#1936 = CARTESIAN_POINT('',(0.387051647489,-17.11828981568));
#1937 = CARTESIAN_POINT('',(0.,-17.13910759098));
#1938 = ( GEOMETRIC_REPRESENTATION_CONTEXT(2) 
PARAMETRIC_REPRESENTATION_CONTEXT() REPRESENTATION_CONTEXT('2D SPACE',''
  ) );
#1939 = PCURVE('',#90,#1940);
#1940 = DEFINITIONAL_REPRESENTATION('',(#1941),#1947);
#1941 = B_SPLINE_CURVE_WITH_KNOTS('',4,(#1942,#1943,#1944,#1945,#1946),
  .UNSPECIFIED.,.F.,.F.,(5,5),(0.,1.),.PIECEWISE_BEZIER_KNOTS.);
#1942 = CARTESIAN_POINT('',(18.938711993851,3.023255813953E-02));
#1943 = CARTESIAN_POINT('',(18.644953563761,3.139131873502E-02));
#1944 = CARTESIAN_POINT('',(18.35101040907,3.254956536047E-02));
#1945 = CARTESIAN_POINT('',(18.056880942113,3.370728266391E-02));
#1946 = CARTESIAN_POINT('',(17.762564293354,3.486445477235E-02));
#1947 = ( GEOMETRIC_REPRESENTATION_CONTEXT(2) 
PARAMETRIC_REPRESENTATION_CONTEXT() REPRESENTATION_CONTEXT('2D SPACE',''
  ) );
#1948 = ORIENTED_EDGE('',*,*,#1949,.F.);
#1949 = EDGE_CURVE('',#1243,#1921,#1950,.T.);
#1950 = SURFACE_CURVE('',#1951,(#1955,#1962),.PCURVE_S1.);
#1951 = LINE('',#1952,#1953);
#1952 = CARTESIAN_POINT('',(263.02244097491,-6.5,5.));
#1953 = VECTOR('',#1954,1.);
#1954 = DIRECTION('',(0.,0.,1.));
#1955 = PCURVE('',#1281,#1956);
#1956 = DEFINITIONAL_REPRESENTATION('',(#1957),#1961);
#1957 = LINE('',#1958,#1959);
#1958 = CARTESIAN_POINT('',(1.549279670372,0.));
#1959 = VECTOR('',#1960,1.);
#1960 = DIRECTION('',(0.,-1.));
#1961 = ( GEOMETRIC_REPRESENTATION_CONTEXT(2) 
PARAMETRIC_REPRESENTATION_CONTEXT() REPRESENTATION_CONTEXT('2D SPACE',''
  ) );
#1962 = PCURVE('',#1257,#1963);
#1963 = DEFINITIONAL_REPRESENTATION('',(#1964),#1968);
#1964 = LINE('',#1965,#1966);
#1965 = CARTESIAN_POINT('',(0.,0.));
#1966 = VECTOR('',#1967,1.);
#1967 = DIRECTION('',(0.,-1.));
#1968 = ( GEOMETRIC_REPRESENTATION_CONTEXT(2) 
PARAMETRIC_REPRESENTATION_CONTEXT() REPRESENTATION_CONTEXT('2D SPACE',''
  ) );
#1969 = ADVANCED_FACE('',(#1970),#1257,.T.);
#1970 = FACE_BOUND('',#1971,.T.);
#1971 = EDGE_LOOP('',(#1972,#1973,#1974,#2003));
#1972 = ORIENTED_EDGE('',*,*,#1242,.T.);
#1973 = ORIENTED_EDGE('',*,*,#1949,.T.);
#1974 = ORIENTED_EDGE('',*,*,#1975,.T.);
#1975 = EDGE_CURVE('',#1921,#1976,#1978,.T.);
#1976 = VERTEX_POINT('',#1977);
#1977 = CARTESIAN_POINT('',(261.83562389258,-5.504142223956,
    22.131659337909));
#1978 = SURFACE_CURVE('',#1979,(#1985,#1994),.PCURVE_S1.);
#1979 = B_SPLINE_CURVE_WITH_KNOTS('',4,(#1980,#1981,#1982,#1983,#1984),
  .UNSPECIFIED.,.F.,.F.,(5,5),(0.,1.),.PIECEWISE_BEZIER_KNOTS.);
#1980 = CARTESIAN_POINT('',(263.02244097491,-6.5,22.060134829833));
#1981 = CARTESIAN_POINT('',(262.72584576571,-6.251127069347,
    22.076876448083));
#1982 = CARTESIAN_POINT('',(262.42917503087,-6.002190765164,
    22.094346910079));
#1983 = CARTESIAN_POINT('',(262.13243287817,-5.753194534279,
    22.112592503442));
#1984 = CARTESIAN_POINT('',(261.83562389259,-5.504142223945,
    22.13165933791));
#1985 = PCURVE('',#1257,#1986);
#1986 = DEFINITIONAL_REPRESENTATION('',(#1987),#1993);
#1987 = B_SPLINE_CURVE_WITH_KNOTS('',4,(#1988,#1989,#1990,#1991,#1992),
  .UNSPECIFIED.,.F.,.F.,(5,5),(0.,1.),.PIECEWISE_BEZIER_KNOTS.);
#1988 = CARTESIAN_POINT('',(0.,-17.06013482983));
#1989 = CARTESIAN_POINT('',(0.387177548078,-17.07687644808));
#1990 = CARTESIAN_POINT('',(0.774453687866,-17.09434691007));
#1991 = CARTESIAN_POINT('',(1.161823057052,-17.11259250344));
#1992 = CARTESIAN_POINT('',(1.549279670372,-17.13165933791));
#1993 = ( GEOMETRIC_REPRESENTATION_CONTEXT(2) 
PARAMETRIC_REPRESENTATION_CONTEXT() REPRESENTATION_CONTEXT('2D SPACE',''
  ) );
#1994 = PCURVE('',#90,#1995);
#1995 = DEFINITIONAL_REPRESENTATION('',(#1996),#2002);
#1996 = B_SPLINE_CURVE_WITH_KNOTS('',4,(#1997,#1998,#1999,#2000,#2001),
  .UNSPECIFIED.,.F.,.F.,(5,5),(0.,1.),.PIECEWISE_BEZIER_KNOTS.);
#1997 = CARTESIAN_POINT('',(18.938712038554,3.023255813954E-02));
#1998 = CARTESIAN_POINT('',(18.632479532263,2.907500962487E-02));
#1999 = CARTESIAN_POINT('',(18.326411527934,2.79171663496E-02));
#2000 = CARTESIAN_POINT('',(18.020506544806,2.675904434548E-02));
#2001 = CARTESIAN_POINT('',(17.714763335448,2.560066150672E-02));
#2002 = ( GEOMETRIC_REPRESENTATION_CONTEXT(2) 
PARAMETRIC_REPRESENTATION_CONTEXT() REPRESENTATION_CONTEXT('2D SPACE',''
  ) );
#2003 = ORIENTED_EDGE('',*,*,#2004,.F.);
#2004 = EDGE_CURVE('',#1212,#1976,#2005,.T.);
#2005 = SURFACE_CURVE('',#2006,(#2010,#2017),.PCURVE_S1.);
#2006 = LINE('',#2007,#2008);
#2007 = CARTESIAN_POINT('',(261.83562389259,-5.504142223945,5.));
#2008 = VECTOR('',#2009,1.);
#2009 = DIRECTION('',(0.,0.,1.));
#2010 = PCURVE('',#1257,#2011);
#2011 = DEFINITIONAL_REPRESENTATION('',(#2012),#2016);
#2012 = LINE('',#2013,#2014);
#2013 = CARTESIAN_POINT('',(1.549279670372,0.));
#2014 = VECTOR('',#2015,1.);
#2015 = DIRECTION('',(0.,-1.));
#2016 = ( GEOMETRIC_REPRESENTATION_CONTEXT(2) 
PARAMETRIC_REPRESENTATION_CONTEXT() REPRESENTATION_CONTEXT('2D SPACE',''
  ) );
#2017 = PCURVE('',#1230,#2018);
#2018 = DEFINITIONAL_REPRESENTATION('',(#2019),#2023);
#2019 = LINE('',#2020,#2021);
#2020 = CARTESIAN_POINT('',(0.872664625997,0.));
#2021 = VECTOR('',#2022,1.);
#2022 = DIRECTION('',(0.,1.));
#2023 = ( GEOMETRIC_REPRESENTATION_CONTEXT(2) 
PARAMETRIC_REPRESENTATION_CONTEXT() REPRESENTATION_CONTEXT('2D SPACE',''
  ) );
#2024 = ADVANCED_FACE('',(#2025),#1230,.F.);
#2025 = FACE_BOUND('',#2026,.F.);
#2026 = EDGE_LOOP('',(#2027,#2407,#2408,#2409));
#2027 = ORIENTED_EDGE('',*,*,#2028,.T.);
#2028 = EDGE_CURVE('',#1898,#1976,#2029,.T.);
#2029 = SURFACE_CURVE('',#2030,(#2129,#2268),.PCURVE_S1.);
#2030 = B_SPLINE_CURVE_WITH_KNOTS('',7,(#2031,#2032,#2033,#2034,#2035,
    #2036,#2037,#2038,#2039,#2040,#2041,#2042,#2043,#2044,#2045,#2046,
    #2047,#2048,#2049,#2050,#2051,#2052,#2053,#2054,#2055,#2056,#2057,
    #2058,#2059,#2060,#2061,#2062,#2063,#2064,#2065,#2066,#2067,#2068,
    #2069,#2070,#2071,#2072,#2073,#2074,#2075,#2076,#2077,#2078,#2079,
    #2080,#2081,#2082,#2083,#2084,#2085,#2086,#2087,#2088,#2089,#2090,
    #2091,#2092,#2093,#2094,#2095,#2096,#2097,#2098,#2099,#2100,#2101,
    #2102,#2103,#2104,#2105,#2106,#2107,#2108,#2109,#2110,#2111,#2112,
    #2113,#2114,#2115,#2116,#2117,#2118,#2119,#2120,#2121,#2122,#2123,
    #2124,#2125,#2126,#2127,#2128),.UNSPECIFIED.,.F.,.F.,(8,6,6,6,6,6,6,
    6,6,6,6,6,6,6,6,6,8),(0.,1.313989236246E-02,5.697299614433E-02,
    0.174700117671,0.293016764531,0.336904966924,0.397265622829,
    0.44520729992,0.47100544622,0.524608835087,0.576620603938,
    0.601706940058,0.649401248159,0.819561313146,0.875186123368,
    1.039973843217,1.040331208309),.UNSPECIFIED.);
#2031 = CARTESIAN_POINT('',(261.83562388818,-7.495857770798,
    22.139107590918));
#2032 = CARTESIAN_POINT('',(261.82740967007,-7.502750317564,
    22.139684327679));
#2033 = CARTESIAN_POINT('',(261.819147864,-7.509548094365,
    22.140264407896));
#2034 = CARTESIAN_POINT('',(261.81083966449,-7.516251205282,
    22.140847763674));
#2035 = CARTESIAN_POINT('',(261.80248623449,-7.522859773451,
    22.141434328977));
#2036 = CARTESIAN_POINT('',(261.79408870457,-7.529373939323,
    22.14202403968));
#2037 = CARTESIAN_POINT('',(261.78564817214,-7.53579385894,
    22.142616833609));
#2038 = CARTESIAN_POINT('',(261.74886919395,-7.563221956018,
    22.145200224492));
#2039 = CARTESIAN_POINT('',(261.72010703431,-7.583276447327,
    22.147221367195));
#2040 = CARTESIAN_POINT('',(261.69091935551,-7.602289508976,
    22.149273801006));
#2041 = CARTESIAN_POINT('',(261.66134370472,-7.620267914277,
    22.151355387448));
#2042 = CARTESIAN_POINT('',(261.63141504255,-7.637218877004,
    22.153464127247));
#2043 = CARTESIAN_POINT('',(261.60116574305,-7.653150051386,
    22.155598160339));
#2044 = CARTESIAN_POINT('',(261.48860074104,-7.708140331786,
    22.163550671226));
#2045 = CARTESIAN_POINT('',(261.40450039225,-7.740901459359,
    22.169514028509));
#2046 = CARTESIAN_POINT('',(261.31887350301,-7.766524916048,
    22.175614495896));
#2047 = CARTESIAN_POINT('',(261.23220466045,-7.785134706664,
    22.181823182036));
#2048 = CARTESIAN_POINT('',(261.14492795731,-7.796827120293,
    22.188112828151));
#2049 = CARTESIAN_POINT('',(261.05743609697,-7.801666393077,
    22.194457292329));
#2050 = CARTESIAN_POINT('',(260.88229594469,-7.797635044739,
    22.207237298027));
#2051 = CARTESIAN_POINT('',(260.79468815242,-7.788696546424,
    22.213670284506));
#2052 = CARTESIAN_POINT('',(260.70762151574,-7.772854842693,
    22.220104672857));
#2053 = CARTESIAN_POINT('',(260.62149665986,-7.750063776466,
    22.22651005565));
#2054 = CARTESIAN_POINT('',(260.53675766181,-7.720246379944,
    22.23285075624));
#2055 = CARTESIAN_POINT('',(260.45390122098,-7.683299510675,
    22.239084828826));
#2056 = CARTESIAN_POINT('',(260.34366513594,-7.622667947665,
    22.247417001182));
#2057 = CARTESIAN_POINT('',(260.3141780958,-7.605262900173,
    22.249649709047));
#2058 = CARTESIAN_POINT('',(260.28506114912,-7.586851266323,
    22.251858021596));
#2059 = CARTESIAN_POINT('',(260.25634715005,-7.567426825592,
    22.254039041938));
#2060 = CARTESIAN_POINT('',(260.22807154737,-7.546983920898,
    22.256189621183));
#2061 = CARTESIAN_POINT('',(260.20027238446,-7.525517458606,
    22.258306358442));
#2062 = CARTESIAN_POINT('',(260.13546849479,-7.472085533027,
    22.263245240263));
#2063 = CARTESIAN_POINT('',(260.09892668406,-7.439205270233,
    22.266033808258));
#2064 = CARTESIAN_POINT('',(260.06346887704,-7.404370334347,
    22.268741919789));
#2065 = CARTESIAN_POINT('',(260.02921402233,-7.367575877468,
    22.271358857059));
#2066 = CARTESIAN_POINT('',(259.99629420941,-7.328827495198,
    22.273872709277));
#2067 = CARTESIAN_POINT('',(259.96485287084,-7.288144732262,
    22.276270512436));
#2068 = CARTESIAN_POINT('',(259.91136637053,-7.211745149117,
    22.280339658617));
#2069 = CARTESIAN_POINT('',(259.88872000369,-7.176730245092,
    22.282058886524));
#2070 = CARTESIAN_POINT('',(259.86718109882,-7.140540183819,
    22.28368909447));
#2071 = CARTESIAN_POINT('',(259.84683237452,-7.103204969548,
    22.285222817064));
#2072 = CARTESIAN_POINT('',(259.82775961543,-7.064766348914,
    22.286652333515));
#2073 = CARTESIAN_POINT('',(259.8100492346,-7.025279856839,
    22.28796989927));
#2074 = CARTESIAN_POINT('',(259.78503425331,-6.963043109138,
    22.289812681888));
#2075 = CARTESIAN_POINT('',(259.77670161263,-6.940986755426,
    22.290422793096));
#2076 = CARTESIAN_POINT('',(259.76880134786,-6.918659072548,
    22.29099711505));
#2077 = CARTESIAN_POINT('',(259.76134638727,-6.896072736501,
    22.291534502116));
#2078 = CARTESIAN_POINT('',(259.75434915326,-6.873241828032,
    22.292033859272));
#2079 = CARTESIAN_POINT('',(259.74782156238,-6.850181832638,
    22.292494142104));
#2080 = CARTESIAN_POINT('',(259.72921153049,-6.778554679423,
    22.293787478929));
#2081 = CARTESIAN_POINT('',(259.71872278972,-6.729276934954,
    22.294487773209));
#2082 = CARTESIAN_POINT('',(259.71041235994,-6.679237971782,
    22.295006271355));
#2083 = CARTESIAN_POINT('',(259.70436418743,-6.628616866887,
    22.295335839153));
#2084 = CARTESIAN_POINT('',(259.70063767168,-6.577609067471,
    22.295471640041));
#2085 = CARTESIAN_POINT('',(259.69926272932,-6.52642524884,
    22.295411598686));
#2086 = CARTESIAN_POINT('',(259.70117812167,-6.425673425306,
    22.294909694119));
#2087 = CARTESIAN_POINT('',(259.70433132768,-6.376092458033,
    22.294479171219));
#2088 = CARTESIAN_POINT('',(259.70969119277,-6.326752288346,
    22.293866250279));
#2089 = CARTESIAN_POINT('',(259.71722446108,-6.277844533422,
    22.293074610354));
#2090 = CARTESIAN_POINT('',(259.72687212714,-6.229546578906,
    22.292110253416));
#2091 = CARTESIAN_POINT('',(259.73855365884,-6.182020748096,
    22.290981102632));
#2092 = CARTESIAN_POINT('',(259.758739248,-6.11293383157,22.289077059157
    ));
#2093 = CARTESIAN_POINT('',(259.76575811241,-6.090666569148,
    22.288421334477));
#2094 = CARTESIAN_POINT('',(259.77321697375,-6.068627154532,
    22.287730472572));
#2095 = CARTESIAN_POINT('',(259.7811045444,-6.046829786698,
    22.287005556129));
#2096 = CARTESIAN_POINT('',(259.78940908911,-6.025287392914,
    22.286247704551));
#2097 = CARTESIAN_POINT('',(259.79811842499,-6.004011628744,
    22.285458073959));
#2098 = CARTESIAN_POINT('',(259.82452374676,-5.943089914369,
    22.283078455652));
#2099 = CARTESIAN_POINT('',(259.84324524868,-5.904168750039,
    22.281408480384));
#2100 = CARTESIAN_POINT('',(259.86329913743,-5.866319888617,
    22.279635991189));
#2101 = CARTESIAN_POINT('',(259.88459840776,-5.829597943112,
    22.277769146311));
#2102 = CARTESIAN_POINT('',(259.90705674243,-5.794043718692,
    22.27581598671));
#2103 = CARTESIAN_POINT('',(259.93059091564,-5.759686295395,
    22.273784220321));
#2104 = CARTESIAN_POINT('',(260.04264757155,-5.60830655487,
    22.264177322039));
#2105 = CARTESIAN_POINT('',(260.14265257981,-5.505849625876,
    22.255783453616));
#2106 = CARTESIAN_POINT('',(260.25186685115,-5.419398511992,
    22.246800776397));
#2107 = CARTESIAN_POINT('',(260.3676408199,-5.348775024525,
    22.23746986134));
#2108 = CARTESIAN_POINT('',(260.48784381839,-5.293507097185,
    22.227975729564));
#2109 = CARTESIAN_POINT('',(260.61092810714,-5.253035840873,
    22.218444842932));
#2110 = CARTESIAN_POINT('',(260.77678541869,-5.218627014949,
    22.205854084711));
#2111 = CARTESIAN_POINT('',(260.81783099385,-5.211707803619,
    22.20275818002));
#2112 = CARTESIAN_POINT('',(260.85901625679,-5.206337134165,
    22.199671804526));
#2113 = CARTESIAN_POINT('',(260.90029756525,-5.202507794831,
    22.196598320792));
#2114 = CARTESIAN_POINT('',(260.94163239086,-5.20021465974,
    22.193540923189));
#2115 = CARTESIAN_POINT('',(260.98297912457,-5.199454713045,
    22.190502656828));
#2116 = CARTESIAN_POINT('',(261.14670015881,-5.202515178895,
    22.178550926106));
#2117 = CARTESIAN_POINT('',(261.26873470375,-5.218248941897,
    22.16981725289));
#2118 = CARTESIAN_POINT('',(261.38951190911,-5.247368127473,
    22.161347886234));
#2119 = CARTESIAN_POINT('',(261.50793123149,-5.290086294434,
    22.153216363967));
#2120 = CARTESIAN_POINT('',(261.62263122951,-5.346695641021,
    22.145508158949));
#2121 = CARTESIAN_POINT('',(261.73201222568,-5.417473698419,
    22.1383174142));
#2122 = CARTESIAN_POINT('',(261.83429660204,-5.503029958785,
    22.131744613698));
#2123 = CARTESIAN_POINT('',(261.83451790489,-5.503215166041,
    22.131730393525));
#2124 = CARTESIAN_POINT('',(261.83473917266,-5.503400441404,
    22.131716176366));
#2125 = CARTESIAN_POINT('',(261.83496040533,-5.503585784876,
    22.131701962224));
#2126 = CARTESIAN_POINT('',(261.83518160289,-5.503771196459,
    22.1316877511));
#2127 = CARTESIAN_POINT('',(261.83540276531,-5.503956676155,
    22.131673542995));
#2128 = CARTESIAN_POINT('',(261.83562389257,-5.504142223967,
    22.131659337909));
#2129 = PCURVE('',#1230,#2130);
#2130 = DEFINITIONAL_REPRESENTATION('',(#2131),#2267);
#2131 = B_SPLINE_CURVE_WITH_KNOTS('',3,(#2132,#2133,#2134,#2135,#2136,
    #2137,#2138,#2139,#2140,#2141,#2142,#2143,#2144,#2145,#2146,#2147,
    #2148,#2149,#2150,#2151,#2152,#2153,#2154,#2155,#2156,#2157,#2158,
    #2159,#2160,#2161,#2162,#2163,#2164,#2165,#2166,#2167,#2168,#2169,
    #2170,#2171,#2172,#2173,#2174,#2175,#2176,#2177,#2178,#2179,#2180,
    #2181,#2182,#2183,#2184,#2185,#2186,#2187,#2188,#2189,#2190,#2191,
    #2192,#2193,#2194,#2195,#2196,#2197,#2198,#2199,#2200,#2201,#2202,
    #2203,#2204,#2205,#2206,#2207,#2208,#2209,#2210,#2211,#2212,#2213,
    #2214,#2215,#2216,#2217,#2218,#2219,#2220,#2221,#2222,#2223,#2224,
    #2225,#2226,#2227,#2228,#2229,#2230,#2231,#2232,#2233,#2234,#2235,
    #2236,#2237,#2238,#2239,#2240,#2241,#2242,#2243,#2244,#2245,#2246,
    #2247,#2248,#2249,#2250,#2251,#2252,#2253,#2254,#2255,#2256,#2257,
    #2258,#2259,#2260,#2261,#2262,#2263,#2264,#2265,#2266),
  .UNSPECIFIED.,.F.,.F.,(4,1,1,1,1,1,1,1,1,1,1,1,1,1,1,1,1,1,1,1,1,1,1,1
    ,1,1,1,1,1,1,1,1,1,1,1,1,1,1,1,1,1,1,1,1,1,1,1,1,1,1,1,1,1,1,1,1,1,1
    ,1,1,1,1,1,1,1,1,1,1,1,1,1,1,1,1,1,1,1,1,1,1,1,1,1,1,1,1,1,1,1,1,1,1
    ,1,1,1,1,1,1,1,1,1,1,1,1,1,1,1,1,1,1,1,1,1,1,1,1,1,1,1,1,1,1,1,1,1,1
    ,1,1,1,1,1,1,4),(0.,7.881297032641E-03,1.576259406528E-02,
    2.364389109792E-02,3.152518813057E-02,3.940648516321E-02,
    4.728778219585E-02,5.516907922849E-02,6.305037626113E-02,
    7.093167329377E-02,7.881297032641E-02,8.669426735906E-02,
    9.45755643917E-02,0.102456861424,0.110338158457,0.11821945549,
    0.126100752522,0.133982049555,0.141863346588,0.14974464362,
    0.157625940653,0.165507237685,0.173388534718,0.181269831751,
    0.189151128783,0.197032425816,0.204913722849,0.212795019881,
    0.220676316914,0.228557613947,0.236438910979,0.244320208012,
    0.252201505045,0.260082802077,0.26796409911,0.275845396142,
    0.283726693175,0.291607990208,0.29948928724,0.307370584273,
    0.315251881306,0.323133178338,0.331014475371,0.338895772404,
    0.346777069436,0.354658366469,0.362539663502,0.370420960534,
    0.378302257567,0.386183554599,0.394064851632,0.401946148665,
    0.409827445697,0.41770874273,0.425590039763,0.433471336795,
    0.441352633828,0.449233930861,0.457115227893,0.464996524926,
    0.472877821958,0.480759118991,0.488640416024,0.496521713056,
    0.504403010089,0.512284307122,0.520165604154,0.528046901187,
    0.53592819822,0.543809495252,0.551690792285,0.559572089318,
    0.56745338635,0.575334683383,0.583215980415,0.591097277448,
    0.598978574481,0.606859871513,0.614741168546,0.622622465579,
    0.630503762611,0.638385059644,0.646266356677,0.654147653709,
    0.662028950742,0.669910247775,0.677791544807,0.68567284184,
    0.693554138872,0.701435435905,0.709316732938,0.71719802997,
    0.725079327003,0.732960624036,0.740841921068,0.748723218101,
    0.756604515134,0.764485812166,0.772367109199,0.780248406231,
    0.788129703264,0.796011000297,0.803892297329,0.811773594362,
    0.819654891395,0.827536188427,0.83541748546,0.843298782493,
    0.851180079525,0.859061376558,0.866942673591,0.874823970623,
    0.882705267656,0.890586564688,0.898467861721,0.906349158754,
    0.914230455786,0.922111752819,0.929993049852,0.937874346884,
    0.945755643917,0.95363694095,0.961518237982,0.969399535015,
    0.977280832048,0.98516212908,0.993043426113,1.000924723145,
    1.008806020178,1.016687317211,1.024568614243,1.032449911276,
    1.040331208309),.QUASI_UNIFORM_KNOTS.);
#2132 = CARTESIAN_POINT('',(5.410520681183,17.139107590918));
#2133 = CARTESIAN_POINT('',(5.398976856875,17.139914759413));
#2134 = CARTESIAN_POINT('',(5.375983887206,17.141545901981));
#2135 = CARTESIAN_POINT('',(5.341766224705,17.144040184121));
#2136 = CARTESIAN_POINT('',(5.307808385655,17.146579118732));
#2137 = CARTESIAN_POINT('',(5.274097434509,17.149160025776));
#2138 = CARTESIAN_POINT('',(5.240620336549,17.151780350531));
#2139 = CARTESIAN_POINT('',(5.207364118904,17.154437653778));
#2140 = CARTESIAN_POINT('',(5.174315318158,17.157129642245));
#2141 = CARTESIAN_POINT('',(5.141461244791,17.159854056658));
#2142 = CARTESIAN_POINT('',(5.108790749028,17.162608606133));
#2143 = CARTESIAN_POINT('',(5.076288422328,17.165391441119));
#2144 = CARTESIAN_POINT('',(5.043940589088,17.168200653991));
#2145 = CARTESIAN_POINT('',(5.011733725208,17.171034396697));
#2146 = CARTESIAN_POINT('',(4.979654757738,17.17389084625));
#2147 = CARTESIAN_POINT('',(4.94769087104,17.176768211169));
#2148 = CARTESIAN_POINT('',(4.915829453986,17.179664727113));
#2149 = CARTESIAN_POINT('',(4.884058015849,17.182578655612));
#2150 = CARTESIAN_POINT('',(4.852364116535,17.185508282032));
#2151 = CARTESIAN_POINT('',(4.820735291323,17.188451914338));
#2152 = CARTESIAN_POINT('',(4.789158994084,17.191407880262));
#2153 = CARTESIAN_POINT('',(4.757622473157,17.194374530857));
#2154 = CARTESIAN_POINT('',(4.726112889601,17.197350220932));
#2155 = CARTESIAN_POINT('',(4.694616515347,17.200333376404));
#2156 = CARTESIAN_POINT('',(4.663121342466,17.203322237919));
#2157 = CARTESIAN_POINT('',(4.631618724721,17.206314693826));
#2158 = CARTESIAN_POINT('',(4.600093957348,17.209309167555));
#2159 = CARTESIAN_POINT('',(4.568534299274,17.212303846968));
#2160 = CARTESIAN_POINT('',(4.536926842808,17.215296876375));
#2161 = CARTESIAN_POINT('',(4.50525898558,17.218286302154));
#2162 = CARTESIAN_POINT('',(4.473518210105,17.221270084108));
#2163 = CARTESIAN_POINT('',(4.441692051841,17.224246088915));
#2164 = CARTESIAN_POINT('',(4.409768017495,17.227212088101));
#2165 = CARTESIAN_POINT('',(4.37773351612,17.230165754465));
#2166 = CARTESIAN_POINT('',(4.345575781227,17.233104658821));
#2167 = CARTESIAN_POINT('',(4.313281798686,17.236026265629));
#2168 = CARTESIAN_POINT('',(4.280838193399,17.238927931431));
#2169 = CARTESIAN_POINT('',(4.248231238559,17.241806891793));
#2170 = CARTESIAN_POINT('',(4.215446370264,17.244660290051));
#2171 = CARTESIAN_POINT('',(4.182469504219,17.247485048991));
#2172 = CARTESIAN_POINT('',(4.149290176105,17.250277598127));
#2173 = CARTESIAN_POINT('',(4.115894180308,17.253034497681));
#2174 = CARTESIAN_POINT('',(4.082268529862,17.25575200352));
#2175 = CARTESIAN_POINT('',(4.048400183678,17.258426167395));
#2176 = CARTESIAN_POINT('',(4.014275775119,17.261052841103));
#2177 = CARTESIAN_POINT('',(3.979883396377,17.263627539978));
#2178 = CARTESIAN_POINT('',(3.945210217573,17.26614562654));
#2179 = CARTESIAN_POINT('',(3.910244270744,17.268602165596));
#2180 = CARTESIAN_POINT('',(3.874974617287,17.270991923782));
#2181 = CARTESIAN_POINT('',(3.839391254068,17.273309386434));
#2182 = CARTESIAN_POINT('',(3.803485084788,17.275548770768));
#2183 = CARTESIAN_POINT('',(3.767248006054,17.277704036508));
#2184 = CARTESIAN_POINT('',(3.73067257402,17.279768910382));
#2185 = CARTESIAN_POINT('',(3.693755322019,17.281736755903));
#2186 = CARTESIAN_POINT('',(3.656493755866,17.283600788502));
#2187 = CARTESIAN_POINT('',(3.618888199983,17.285354018715));
#2188 = CARTESIAN_POINT('',(3.580941621856,17.286989345472));
#2189 = CARTESIAN_POINT('',(3.542659987671,17.288499616997));
#2190 = CARTESIAN_POINT('',(3.504052253413,17.289877714434));
#2191 = CARTESIAN_POINT('',(3.465132145002,17.291116584093));
#2192 = CARTESIAN_POINT('',(3.425916782275,17.292209426684));
#2193 = CARTESIAN_POINT('',(3.386428197381,17.293149801705));
#2194 = CARTESIAN_POINT('',(3.346687949821,17.293931786956));
#2195 = CARTESIAN_POINT('',(3.306728442906,17.294549956146));
#2196 = CARTESIAN_POINT('',(3.266584023098,17.2949996893));
#2197 = CARTESIAN_POINT('',(3.226290779576,17.295277269204));
#2198 = CARTESIAN_POINT('',(3.185887257832,17.295379958787));
#2199 = CARTESIAN_POINT('',(3.145414379977,17.295306076774));
#2200 = CARTESIAN_POINT('',(3.10491809699,17.295055099296));
#2201 = CARTESIAN_POINT('',(3.06443796751,17.294627625488));
#2202 = CARTESIAN_POINT('',(3.024019602913,17.29402544769));
#2203 = CARTESIAN_POINT('',(2.983704440098,17.293251451864));
#2204 = CARTESIAN_POINT('',(2.943531305041,17.292309533476));
#2205 = CARTESIAN_POINT('',(2.903536577623,17.291204513944));
#2206 = CARTESIAN_POINT('',(2.863755073011,17.289942073726));
#2207 = CARTESIAN_POINT('',(2.824218989647,17.288528618272));
#2208 = CARTESIAN_POINT('',(2.784950894285,17.286970922429));
#2209 = CARTESIAN_POINT('',(2.74597324971,17.285276227173));
#2210 = CARTESIAN_POINT('',(2.707303782344,17.283452056545));
#2211 = CARTESIAN_POINT('',(2.668956511942,17.281506079799));
#2212 = CARTESIAN_POINT('',(2.630940915904,17.279445957423));
#2213 = CARTESIAN_POINT('',(2.593263422359,17.277279308215));
#2214 = CARTESIAN_POINT('',(2.555927490778,17.27501363437));
#2215 = CARTESIAN_POINT('',(2.518933631546,17.27265624955));
#2216 = CARTESIAN_POINT('',(2.482280476191,17.270214239617));
#2217 = CARTESIAN_POINT('',(2.445987217703,17.267696072285));
#2218 = CARTESIAN_POINT('',(2.410033783444,17.265107417189));
#2219 = CARTESIAN_POINT('',(2.374408003483,17.262454171051));
#2220 = CARTESIAN_POINT('',(2.339096316361,17.259741878884));
#2221 = CARTESIAN_POINT('',(2.304086122825,17.256975891433));
#2222 = CARTESIAN_POINT('',(2.269365030068,17.254161325037));
#2223 = CARTESIAN_POINT('',(2.234920939063,17.251303074192));
#2224 = CARTESIAN_POINT('',(2.200741914267,17.248405809824));
#2225 = CARTESIAN_POINT('',(2.166816118281,17.245473981282));
#2226 = CARTESIAN_POINT('',(2.133131734213,17.242511817292));
#2227 = CARTESIAN_POINT('',(2.099676894938,17.239523327205));
#2228 = CARTESIAN_POINT('',(2.066439612736,17.236512302263));
#2229 = CARTESIAN_POINT('',(2.033407709568,17.233482316995));
#2230 = CARTESIAN_POINT('',(2.000568747244,17.230436730838));
#2231 = CARTESIAN_POINT('',(1.967909954451,17.227378689817));
#2232 = CARTESIAN_POINT('',(1.935418158016,17.224311129141));
#2233 = CARTESIAN_POINT('',(1.903079687023,17.2212367738));
#2234 = CARTESIAN_POINT('',(1.87088036325,17.218158148224));
#2235 = CARTESIAN_POINT('',(1.838805151282,17.215077554004));
#2236 = CARTESIAN_POINT('',(1.806839057531,17.211997168925));
#2237 = CARTESIAN_POINT('',(1.774963344404,17.208918695609));
#2238 = CARTESIAN_POINT('',(1.743169207824,17.205844694159));
#2239 = CARTESIAN_POINT('',(1.71145178504,17.202778013876));
#2240 = CARTESIAN_POINT('',(1.679796422134,17.199720477771));
#2241 = CARTESIAN_POINT('',(1.648191337591,17.196674112377));
#2242 = CARTESIAN_POINT('',(1.616624005969,17.19364080923));
#2243 = CARTESIAN_POINT('',(1.585082525261,17.190622465484));
#2244 = CARTESIAN_POINT('',(1.553553334868,17.187620776317));
#2245 = CARTESIAN_POINT('',(1.522028555081,17.184637941033));
#2246 = CARTESIAN_POINT('',(1.490499125379,17.181676007677));
#2247 = CARTESIAN_POINT('',(1.458948768204,17.178736325689));
#2248 = CARTESIAN_POINT('',(1.427363873912,17.175820492787));
#2249 = CARTESIAN_POINT('',(1.395730760451,17.172930102786));
#2250 = CARTESIAN_POINT('',(1.36403630593,17.170066813221));
#2251 = CARTESIAN_POINT('',(1.332267681452,17.167232327224));
#2252 = CARTESIAN_POINT('',(1.30041232852,17.164428398393));
#2253 = CARTESIAN_POINT('',(1.268457873689,17.161656829591));
#2254 = CARTESIAN_POINT('',(1.236392061929,17.158919473535));
#2255 = CARTESIAN_POINT('',(1.20420268581,17.15621823313));
#2256 = CARTESIAN_POINT('',(1.171877515407,17.153555062173));
#2257 = CARTESIAN_POINT('',(1.139404226212,17.150931966335));
#2258 = CARTESIAN_POINT('',(1.10677032425,17.148351004503));
#2259 = CARTESIAN_POINT('',(1.073963066655,17.145814290553));
#2260 = CARTESIAN_POINT('',(1.040969377227,17.143323995529));
#2261 = CARTESIAN_POINT('',(1.007775751591,17.140882350612));
#2262 = CARTESIAN_POINT('',(0.974368164366,17.13849164968));
#2263 = CARTESIAN_POINT('',(0.940731923986,17.136154256216));
#2264 = CARTESIAN_POINT('',(0.90685166974,17.133872597055));
#2265 = CARTESIAN_POINT('',(0.884091074233,17.132390338089));
#2266 = CARTESIAN_POINT('',(0.872664625997,17.131659337909));
#2267 = ( GEOMETRIC_REPRESENTATION_CONTEXT(2) 
PARAMETRIC_REPRESENTATION_CONTEXT() REPRESENTATION_CONTEXT('2D SPACE',''
  ) );
#2268 = PCURVE('',#90,#2269);
#2269 = DEFINITIONAL_REPRESENTATION('',(#2270),#2406);
#2270 = B_SPLINE_CURVE_WITH_KNOTS('',3,(#2271,#2272,#2273,#2274,#2275,
    #2276,#2277,#2278,#2279,#2280,#2281,#2282,#2283,#2284,#2285,#2286,
    #2287,#2288,#2289,#2290,#2291,#2292,#2293,#2294,#2295,#2296,#2297,
    #2298,#2299,#2300,#2301,#2302,#2303,#2304,#2305,#2306,#2307,#2308,
    #2309,#2310,#2311,#2312,#2313,#2314,#2315,#2316,#2317,#2318,#2319,
    #2320,#2321,#2322,#2323,#2324,#2325,#2326,#2327,#2328,#2329,#2330,
    #2331,#2332,#2333,#2334,#2335,#2336,#2337,#2338,#2339,#2340,#2341,
    #2342,#2343,#2344,#2345,#2346,#2347,#2348,#2349,#2350,#2351,#2352,
    #2353,#2354,#2355,#2356,#2357,#2358,#2359,#2360,#2361,#2362,#2363,
    #2364,#2365,#2366,#2367,#2368,#2369,#2370,#2371,#2372,#2373,#2374,
    #2375,#2376,#2377,#2378,#2379,#2380,#2381,#2382,#2383,#2384,#2385,
    #2386,#2387,#2388,#2389,#2390,#2391,#2392,#2393,#2394,#2395,#2396,
    #2397,#2398,#2399,#2400,#2401,#2402,#2403,#2404,#2405),
  .UNSPECIFIED.,.F.,.F.,(4,1,1,1,1,1,1,1,1,1,1,1,1,1,1,1,1,1,1,1,1,1,1,1
    ,1,1,1,1,1,1,1,1,1,1,1,1,1,1,1,1,1,1,1,1,1,1,1,1,1,1,1,1,1,1,1,1,1,1
    ,1,1,1,1,1,1,1,1,1,1,1,1,1,1,1,1,1,1,1,1,1,1,1,1,1,1,1,1,1,1,1,1,1,1
    ,1,1,1,1,1,1,1,1,1,1,1,1,1,1,1,1,1,1,1,1,1,1,1,1,1,1,1,1,1,1,1,1,1,1
    ,1,1,1,1,1,1,4),(0.,7.881297032641E-03,1.576259406528E-02,
    2.364389109792E-02,3.152518813057E-02,3.940648516321E-02,
    4.728778219585E-02,5.516907922849E-02,6.305037626113E-02,
    7.093167329377E-02,7.881297032641E-02,8.669426735906E-02,
    9.45755643917E-02,0.102456861424,0.110338158457,0.11821945549,
    0.126100752522,0.133982049555,0.141863346588,0.14974464362,
    0.157625940653,0.165507237685,0.173388534718,0.181269831751,
    0.189151128783,0.197032425816,0.204913722849,0.212795019881,
    0.220676316914,0.228557613947,0.236438910979,0.244320208012,
    0.252201505045,0.260082802077,0.26796409911,0.275845396142,
    0.283726693175,0.291607990208,0.29948928724,0.307370584273,
    0.315251881306,0.323133178338,0.331014475371,0.338895772404,
    0.346777069436,0.354658366469,0.362539663502,0.370420960534,
    0.378302257567,0.386183554599,0.394064851632,0.401946148665,
    0.409827445697,0.41770874273,0.425590039763,0.433471336795,
    0.441352633828,0.449233930861,0.457115227893,0.464996524926,
    0.472877821958,0.480759118991,0.488640416024,0.496521713056,
    0.504403010089,0.512284307122,0.520165604154,0.528046901187,
    0.53592819822,0.543809495252,0.551690792285,0.559572089318,
    0.56745338635,0.575334683383,0.583215980415,0.591097277448,
    0.598978574481,0.606859871513,0.614741168546,0.622622465579,
    0.630503762611,0.638385059644,0.646266356677,0.654147653709,
    0.662028950742,0.669910247775,0.677791544807,0.68567284184,
    0.693554138872,0.701435435905,0.709316732938,0.71719802997,
    0.725079327003,0.732960624036,0.740841921068,0.748723218101,
    0.756604515134,0.764485812166,0.772367109199,0.780248406231,
    0.788129703264,0.796011000297,0.803892297329,0.811773594362,
    0.819654891395,0.827536188427,0.83541748546,0.843298782493,
    0.851180079525,0.859061376558,0.866942673591,0.874823970623,
    0.882705267656,0.890586564688,0.898467861721,0.906349158754,
    0.914230455786,0.922111752819,0.929993049852,0.937874346884,
    0.945755643917,0.95363694095,0.961518237982,0.969399535015,
    0.977280832048,0.98516212908,0.993043426113,1.000924723145,
    1.008806020178,1.016687317211,1.024568614243,1.032449911276,
    1.040331208309),.QUASI_UNIFORM_KNOTS.);
#2271 = CARTESIAN_POINT('',(17.762564319921,3.486445474789E-02));
#2272 = CARTESIAN_POINT('',(17.751152723163,3.490932161964E-02));
#2273 = CARTESIAN_POINT('',(17.728074832585,3.499683418194E-02));
#2274 = CARTESIAN_POINT('',(17.692744822032,3.512147005012E-02));
#2275 = CARTESIAN_POINT('',(17.6567537197,3.523950074138E-02));
#2276 = CARTESIAN_POINT('',(17.620149526077,3.535096374929E-02));
#2277 = CARTESIAN_POINT('',(17.582977966711,3.545589835608E-02));
#2278 = CARTESIAN_POINT('',(17.545282571536,3.555434545121E-02));
#2279 = CARTESIAN_POINT('',(17.507104257589,3.564634849813E-02));
#2280 = CARTESIAN_POINT('',(17.468482910629,3.573194984844E-02));
#2281 = CARTESIAN_POINT('',(17.42945834091,3.581118767731E-02));
#2282 = CARTESIAN_POINT('',(17.390063574191,3.588411038587E-02));
#2283 = CARTESIAN_POINT('',(17.350331952348,3.595075985557E-02));
#2284 = CARTESIAN_POINT('',(17.31029547095,3.601117575525E-02));
#2285 = CARTESIAN_POINT('',(17.269985276914,3.606539459078E-02));
#2286 = CARTESIAN_POINT('',(17.22943158427,3.611345009762E-02));
#2287 = CARTESIAN_POINT('',(17.188663742878,3.615537320761E-02));
#2288 = CARTESIAN_POINT('',(17.14771026268,3.619119206399E-02));
#2289 = CARTESIAN_POINT('',(17.106598848348,3.622093195766E-02));
#2290 = CARTESIAN_POINT('',(17.065356422295,3.624461521868E-02));
#2291 = CARTESIAN_POINT('',(17.024009169322,3.626226105372E-02));
#2292 = CARTESIAN_POINT('',(16.982582491896,3.627388533291E-02));
#2293 = CARTESIAN_POINT('',(16.94110128676,3.627950032135E-02));
#2294 = CARTESIAN_POINT('',(16.899589011137,3.627911437087E-02));
#2295 = CARTESIAN_POINT('',(16.858071254798,3.627273151466E-02));
#2296 = CARTESIAN_POINT('',(16.816578022682,3.626035472256E-02));
#2297 = CARTESIAN_POINT('',(16.775131423849,3.624198227632E-02));
#2298 = CARTESIAN_POINT('',(16.733756381017,3.621760863078E-02));
#2299 = CARTESIAN_POINT('',(16.692477947697,3.618722464033E-02));
#2300 = CARTESIAN_POINT('',(16.65132205234,3.615081787658E-02));
#2301 = CARTESIAN_POINT('',(16.610315327325,3.610837285581E-02));
#2302 = CARTESIAN_POINT('',(16.569485186342,3.605987122506E-02));
#2303 = CARTESIAN_POINT('',(16.52885983815,3.600529189312E-02));
#2304 = CARTESIAN_POINT('',(16.488468321238,3.594461111251E-02));
#2305 = CARTESIAN_POINT('',(16.448340533317,3.587780250194E-02));
#2306 = CARTESIAN_POINT('',(16.408507275436,3.580483704466E-02));
#2307 = CARTESIAN_POINT('',(16.369000257577,3.572568293246E-02));
#2308 = CARTESIAN_POINT('',(16.329852258604,3.564030573999E-02));
#2309 = CARTESIAN_POINT('',(16.291096722134,3.554866712148E-02));
#2310 = CARTESIAN_POINT('',(16.252769469263,3.545072877679E-02));
#2311 = CARTESIAN_POINT('',(16.214912392014,3.534646306044E-02));
#2312 = CARTESIAN_POINT('',(16.177564954229,3.523583225794E-02));
#2313 = CARTESIAN_POINT('',(16.140770058717,3.511880385886E-02));
#2314 = CARTESIAN_POINT('',(16.104572691291,3.499534727077E-02));
#2315 = CARTESIAN_POINT('',(16.069019873331,3.486543276061E-02));
#2316 = CARTESIAN_POINT('',(16.034162460354,3.472904010791E-02));
#2317 = CARTESIAN_POINT('',(16.000052655998,3.458615077301E-02));
#2318 = CARTESIAN_POINT('',(15.966746038457,3.443675506089E-02));
#2319 = CARTESIAN_POINT('',(15.9343015625,3.428085492468E-02));
#2320 = CARTESIAN_POINT('',(15.902781348452,3.411846522652E-02));
#2321 = CARTESIAN_POINT('',(15.872250511028,3.394961524711E-02));
#2322 = CARTESIAN_POINT('',(15.842777039508,3.377435074302E-02));
#2323 = CARTESIAN_POINT('',(15.814431430827,3.359273356379E-02));
#2324 = CARTESIAN_POINT('',(15.787288742638,3.340486058985E-02));
#2325 = CARTESIAN_POINT('',(15.76142568799,3.321085104178E-02));
#2326 = CARTESIAN_POINT('',(15.736921550414,3.301085739409E-02));
#2327 = CARTESIAN_POINT('',(15.713857151125,3.280506691659E-02));
#2328 = CARTESIAN_POINT('',(15.692314231672,3.259370526737E-02));
#2329 = CARTESIAN_POINT('',(15.67237453234,3.237703785443E-02));
#2330 = CARTESIAN_POINT('',(15.654119667617,3.215538100271E-02));
#2331 = CARTESIAN_POINT('',(15.63762888327,3.192909567985E-02));
#2332 = CARTESIAN_POINT('',(15.622978072084,3.169859669389E-02));
#2333 = CARTESIAN_POINT('',(15.610237471526,3.146431962297E-02));
#2334 = CARTESIAN_POINT('',(15.599473061673,3.122678761602E-02));
#2335 = CARTESIAN_POINT('',(15.590742227393,3.098655698618E-02));
#2336 = CARTESIAN_POINT('',(15.584092668627,3.074421316406E-02));
#2337 = CARTESIAN_POINT('',(15.579561592073,3.050037144558E-02));
#2338 = CARTESIAN_POINT('',(15.577174849145,3.02556725284E-02));
#2339 = CARTESIAN_POINT('',(15.576946012971,3.001079409948E-02));
#2340 = CARTESIAN_POINT('',(15.578875795418,2.976637696883E-02));
#2341 = CARTESIAN_POINT('',(15.582952123236,2.952309528071E-02));
#2342 = CARTESIAN_POINT('',(15.589150522676,2.928158990727E-02));
#2343 = CARTESIAN_POINT('',(15.597435068494,2.904247355483E-02));
#2344 = CARTESIAN_POINT('',(15.607759261946,2.880632787682E-02));
#2345 = CARTESIAN_POINT('',(15.620066762295,2.857370524803E-02));
#2346 = CARTESIAN_POINT('',(15.634292769702,2.834511988713E-02));
#2347 = CARTESIAN_POINT('',(15.65036761708,2.812100497784E-02));
#2348 = CARTESIAN_POINT('',(15.668216114736,2.790176887035E-02));
#2349 = CARTESIAN_POINT('',(15.687759334396,2.768776625037E-02));
#2350 = CARTESIAN_POINT('',(15.708916182503,2.747930532195E-02));
#2351 = CARTESIAN_POINT('',(15.731605101672,2.727664435118E-02));
#2352 = CARTESIAN_POINT('',(15.75574447074,2.708000139495E-02));
#2353 = CARTESIAN_POINT('',(15.781253461754,2.688955623831E-02));
#2354 = CARTESIAN_POINT('',(15.808052845128,2.670545210455E-02));
#2355 = CARTESIAN_POINT('',(15.836065513456,2.652780492425E-02));
#2356 = CARTESIAN_POINT('',(15.865197699946,2.635680635871E-02));
#2357 = CARTESIAN_POINT('',(15.895387126785,2.619244175426E-02));
#2358 = CARTESIAN_POINT('',(15.926568682189,2.603472594252E-02));
#2359 = CARTESIAN_POINT('',(15.958680953855,2.588365759071E-02));
#2360 = CARTESIAN_POINT('',(15.991664434658,2.57392318656E-02));
#2361 = CARTESIAN_POINT('',(16.025461968412,2.560143750514E-02));
#2362 = CARTESIAN_POINT('',(16.060018601965,2.547025810174E-02));
#2363 = CARTESIAN_POINT('',(16.095281605075,2.534567229222E-02));
#2364 = CARTESIAN_POINT('',(16.13120045176,2.522765427688E-02));
#2365 = CARTESIAN_POINT('',(16.167726817324,2.511617428758E-02));
#2366 = CARTESIAN_POINT('',(16.204814576272,2.501119910776E-02));
#2367 = CARTESIAN_POINT('',(16.242419804348,2.491269261821E-02));
#2368 = CARTESIAN_POINT('',(16.280500783319,2.48206163763E-02));
#2369 = CARTESIAN_POINT('',(16.319018007506,2.473493022859E-02));
#2370 = CARTESIAN_POINT('',(16.357934194242,2.465559295542E-02));
#2371 = CARTESIAN_POINT('',(16.397214287261,2.458256295832E-02));
#2372 = CARTESIAN_POINT('',(16.436825491602,2.451579895317E-02));
#2373 = CARTESIAN_POINT('',(16.476737193449,2.44552608127E-02));
#2374 = CARTESIAN_POINT('',(16.516921309381,2.440091002563E-02));
#2375 = CARTESIAN_POINT('',(16.557351030519,2.435271176541E-02));
#2376 = CARTESIAN_POINT('',(16.598005551842,2.431063113454E-02));
#2377 = CARTESIAN_POINT('',(16.63885244987,2.427465134008E-02));
#2378 = CARTESIAN_POINT('',(16.679854820661,2.424475816895E-02));
#2379 = CARTESIAN_POINT('',(16.720989021646,2.422092813441E-02));
#2380 = CARTESIAN_POINT('',(16.762228348191,2.42031443842E-02));
#2381 = CARTESIAN_POINT('',(16.803547543497,2.419139247477E-02));
#2382 = CARTESIAN_POINT('',(16.844920911068,2.418566146308E-02));
#2383 = CARTESIAN_POINT('',(16.886325183629,2.418594386228E-02));
#2384 = CARTESIAN_POINT('',(16.927729763792,2.419223482418E-02));
#2385 = CARTESIAN_POINT('',(16.969105642057,2.420452964666E-02));
#2386 = CARTESIAN_POINT('',(17.010433213848,2.422282966864E-02));
#2387 = CARTESIAN_POINT('',(17.051689150037,2.424714050458E-02));
#2388 = CARTESIAN_POINT('',(17.092849863135,2.42774718782E-02));
#2389 = CARTESIAN_POINT('',(17.133890548716,2.431383707275E-02));
#2390 = CARTESIAN_POINT('',(17.174785414592,2.435625252999E-02));
#2391 = CARTESIAN_POINT('',(17.215507592947,2.440473745791E-02));
#2392 = CARTESIAN_POINT('',(17.256029137703,2.445931348725E-02));
#2393 = CARTESIAN_POINT('',(17.296320998413,2.452000436877E-02));
#2394 = CARTESIAN_POINT('',(17.336352998862,2.458683571594E-02));
#2395 = CARTESIAN_POINT('',(17.376093811925,2.465983479447E-02));
#2396 = CARTESIAN_POINT('',(17.415510931969,2.473903036085E-02));
#2397 = CARTESIAN_POINT('',(17.454570643667,2.482445255189E-02));
#2398 = CARTESIAN_POINT('',(17.493237986129,2.491613282779E-02));
#2399 = CARTESIAN_POINT('',(17.531476713408,2.501410396856E-02));
#2400 = CARTESIAN_POINT('',(17.569249243899,2.51184001346E-02));
#2401 = CARTESIAN_POINT('',(17.606516623093,2.522905696048E-02));
#2402 = CARTESIAN_POINT('',(17.643238404927,2.534611180733E-02));
#2403 = CARTESIAN_POINT('',(17.679372801883,2.54696037157E-02));
#2404 = CARTESIAN_POINT('',(17.70304146302,2.555625109044E-02));
#2405 = CARTESIAN_POINT('',(17.714763328977,2.560066150682E-02));
#2406 = ( GEOMETRIC_REPRESENTATION_CONTEXT(2) 
PARAMETRIC_REPRESENTATION_CONTEXT() REPRESENTATION_CONTEXT('2D SPACE',''
  ) );
#2407 = ORIENTED_EDGE('',*,*,#2004,.F.);
#2408 = ORIENTED_EDGE('',*,*,#1211,.T.);
#2409 = ORIENTED_EDGE('',*,*,#1897,.T.);
#2410 = ADVANCED_FACE('',(#2411),#475,.T.);
#2411 = FACE_BOUND('',#2412,.T.);
#2412 = EDGE_LOOP('',(#2413,#2414,#2579,#2580));
#2413 = ORIENTED_EDGE('',*,*,#458,.T.);
#2414 = ORIENTED_EDGE('',*,*,#2415,.T.);
#2415 = EDGE_CURVE('',#459,#1134,#2416,.T.);
#2416 = SURFACE_CURVE('',#2417,(#2469,#2524),.PCURVE_S1.);
#2417 = B_SPLINE_CURVE_WITH_KNOTS('',8,(#2418,#2419,#2420,#2421,#2422,
    #2423,#2424,#2425,#2426,#2427,#2428,#2429,#2430,#2431,#2432,#2433,
    #2434,#2435,#2436,#2437,#2438,#2439,#2440,#2441,#2442,#2443,#2444,
    #2445,#2446,#2447,#2448,#2449,#2450,#2451,#2452,#2453,#2454,#2455,
    #2456,#2457,#2458,#2459,#2460,#2461,#2462,#2463,#2464,#2465,#2466,
    #2467,#2468),.UNSPECIFIED.,.F.,.F.,(9,7,7,7,7,7,7,9),(0.,
    0.16770307993,0.227014670981,0.335752539739,0.414834625427,
    0.681310092245,0.838949085278,1.),.UNSPECIFIED.);
#2418 = CARTESIAN_POINT('',(255.9999994,7.407184643221,22.670600249249)
  );
#2419 = CARTESIAN_POINT('',(256.20693380031,7.483420644089,
    22.645691595367));
#2420 = CARTESIAN_POINT('',(256.4142542051,7.55685750234,22.621373238077
    ));
#2421 = CARTESIAN_POINT('',(256.62192512849,7.627654131416,
    22.597633522531));
#2422 = CARTESIAN_POINT('',(256.82991377245,7.695959398819,
    22.574458496355));
#2423 = CARTESIAN_POINT('',(257.03819097197,7.761910423849,
    22.551833448155));
#2424 = CARTESIAN_POINT('',(257.24673148078,7.825632862474,
    22.529743591687));
#2425 = CARTESIAN_POINT('',(257.45551359756,7.887243179307,
    22.50817389571));
#2426 = CARTESIAN_POINT('',(257.73843681992,7.967935094185,
    22.479657699826));
#2427 = CARTESIAN_POINT('',(257.81236176397,7.988760894328,
    22.472272539502));
#2428 = CARTESIAN_POINT('',(257.88629282008,8.009335666269,
    22.464951726904));
#2429 = CARTESIAN_POINT('',(257.96022984263,8.029664639648,
    22.457694410489));
#2430 = CARTESIAN_POINT('',(258.03417268511,8.049752914605,
    22.450499738781));
#2431 = CARTESIAN_POINT('',(258.1081212001,8.069605461776,22.44336686038
    ));
#2432 = CARTESIAN_POINT('',(258.18207523933,8.089227122296,
    22.436294923956));
#2433 = CARTESIAN_POINT('',(258.39162685307,8.14418098213,
    22.416428033486));
#2434 = CARTESIAN_POINT('',(258.52723732158,8.178978759967,
    22.40377511818));
#2435 = CARTESIAN_POINT('',(258.66286457791,8.213048086992,
    22.391317973253));
#2436 = CARTESIAN_POINT('',(258.7985082682,8.246411524094,
    22.379053268887));
#2437 = CARTESIAN_POINT('',(258.93416818115,8.279089482876,
    22.366978077791));
#2438 = CARTESIAN_POINT('',(259.06984379715,8.311103655362,
    22.355088679461));
#2439 = CARTESIAN_POINT('',(259.2055343711,8.342476437896,22.34338079545
    ));
#2440 = CARTESIAN_POINT('',(259.43993422341,8.395589920924,
    22.323466135868));
#2441 = CARTESIAN_POINT('',(259.53863660443,8.417624177764,
    22.315175303524));
#2442 = CARTESIAN_POINT('',(259.63734648753,8.439336797347,
    22.306977330208));
#2443 = CARTESIAN_POINT('',(259.73606366837,8.46073523204,
    22.298870800554));
#2444 = CARTESIAN_POINT('',(259.83478794311,8.481826708979,
    22.290854312244));
#2445 = CARTESIAN_POINT('',(259.93351910836,8.502618230072,
    22.282926476007));
#2446 = CARTESIAN_POINT('',(260.03225696119,8.523116571999,
    22.275085915616));
#2447 = CARTESIAN_POINT('',(260.46373080833,8.611433798767,
    22.241201160747));
#2448 = CARTESIAN_POINT('',(260.79672708114,8.676320182917,
    22.216033092135));
#2449 = CARTESIAN_POINT('',(261.12996237414,8.738184953059,
    22.191794995153));
#2450 = CARTESIAN_POINT('',(261.46341162494,8.797210508274,
    22.168453995847));
#2451 = CARTESIAN_POINT('',(261.79705248271,8.853565941756,
    22.145976589469));
#2452 = CARTESIAN_POINT('',(262.13086533889,8.907408850247,
    22.124328816746));
#2453 = CARTESIAN_POINT('',(262.46483335774,8.958887143472,
    22.103476440136));
#2454 = CARTESIAN_POINT('',(262.99659158321,9.037277889537,
    22.07149969027));
#2455 = CARTESIAN_POINT('',(263.19428976329,9.065636515219,
    22.059880541194));
#2456 = CARTESIAN_POINT('',(263.3920338612,9.093245742296,
    22.048520502066));
#2457 = CARTESIAN_POINT('',(263.58982150433,9.120129819194,
    22.037414003397));
#2458 = CARTESIAN_POINT('',(263.78764819451,9.146332328819,
    22.026546915233));
#2459 = CARTESIAN_POINT('',(263.9855141131,9.171850083355,
    22.015924258161));
#2460 = CARTESIAN_POINT('',(264.18341575573,9.196719376812,
    22.005534380333));
#2461 = CARTESIAN_POINT('',(264.58357170844,9.24571753159,
    21.984993250092));
#2462 = CARTESIAN_POINT('',(264.7858273868,9.269819499367,
    21.974851729254));
#2463 = CARTESIAN_POINT('',(264.98811660198,9.293284071478,
    21.964943359445));
#2464 = CARTESIAN_POINT('',(265.19043736699,9.316132714917,
    21.955262261526));
#2465 = CARTESIAN_POINT('',(265.39278782098,9.338386360487,
    21.945802528029));
#2466 = CARTESIAN_POINT('',(265.59516622921,9.360065402801,
    21.936558223154));
#2467 = CARTESIAN_POINT('',(265.79757098306,9.38118970028,
    21.927523382776));
#2468 = CARTESIAN_POINT('',(266.0000006,9.401778575155,21.918692014437)
  );
#2469 = PCURVE('',#475,#2470);
#2470 = DEFINITIONAL_REPRESENTATION('',(#2471),#2523);
#2471 = B_SPLINE_CURVE_WITH_KNOTS('',8,(#2472,#2473,#2474,#2475,#2476,
    #2477,#2478,#2479,#2480,#2481,#2482,#2483,#2484,#2485,#2486,#2487,
    #2488,#2489,#2490,#2491,#2492,#2493,#2494,#2495,#2496,#2497,#2498,
    #2499,#2500,#2501,#2502,#2503,#2504,#2505,#2506,#2507,#2508,#2509,
    #2510,#2511,#2512,#2513,#2514,#2515,#2516,#2517,#2518,#2519,#2520,
    #2521,#2522),.UNSPECIFIED.,.F.,.F.,(9,7,7,7,7,7,7,9),(0.,
    0.16770307993,0.227014670981,0.335752539739,0.414834625427,
    0.681310092245,0.838949085278,1.),.UNSPECIFIED.);
#2472 = CARTESIAN_POINT('',(5.96738870471,4.9999994));
#2473 = CARTESIAN_POINT('',(5.964025935307,5.206933800318));
#2474 = CARTESIAN_POINT('',(5.960782413416,5.414254205104));
#2475 = CARTESIAN_POINT('',(5.957651595867,5.621925128492));
#2476 = CARTESIAN_POINT('',(5.954627326975,5.829913772451));
#2477 = CARTESIAN_POINT('',(5.951703921845,6.038190971973));
#2478 = CARTESIAN_POINT('',(5.948876160417,6.246731480786));
#2479 = CARTESIAN_POINT('',(5.946139192272,6.455513597568));
#2480 = CARTESIAN_POINT('',(5.942550828901,6.738436819924));
#2481 = CARTESIAN_POINT('',(5.941624352175,6.812361763971));
#2482 = CARTESIAN_POINT('',(5.940708697019,6.886292820085));
#2483 = CARTESIAN_POINT('',(5.939803643663,6.960229842636));
#2484 = CARTESIAN_POINT('',(5.938908977556,7.034172685111));
#2485 = CARTESIAN_POINT('',(5.938024489372,7.108121200106));
#2486 = CARTESIAN_POINT('',(5.937149975005,7.182075239335));
#2487 = CARTESIAN_POINT('',(5.934699880651,7.391626853079));
#2488 = CARTESIAN_POINT('',(5.933147398243,7.527237321586));
#2489 = CARTESIAN_POINT('',(5.93162642409,7.662864577915));
#2490 = CARTESIAN_POINT('',(5.930136016105,7.798508268201));
#2491 = CARTESIAN_POINT('',(5.928675323559,7.934168181159));
#2492 = CARTESIAN_POINT('',(5.927243434663,8.069843797153));
#2493 = CARTESIAN_POINT('',(5.925839402514,8.205534371102));
#2494 = CARTESIAN_POINT('',(5.923461029023,8.439934223414));
#2495 = CARTESIAN_POINT('',(5.922473925361,8.538636604438));
#2496 = CARTESIAN_POINT('',(5.92150081451,8.637346487533));
#2497 = CARTESIAN_POINT('',(5.920541381708,8.736063668377));
#2498 = CARTESIAN_POINT('',(5.919595321374,8.834787943116));
#2499 = CARTESIAN_POINT('',(5.918662337106,8.933519108362));
#2500 = CARTESIAN_POINT('',(5.917742141681,9.032256961195));
#2501 = CARTESIAN_POINT('',(5.913775917543,9.463730808338));
#2502 = CARTESIAN_POINT('',(5.910857844034,9.79672708114));
#2503 = CARTESIAN_POINT('',(5.908071980417,10.129962374148));
#2504 = CARTESIAN_POINT('',(5.905410664959,10.463411624942));
#2505 = CARTESIAN_POINT('',(5.902866758914,10.797052482716));
#2506 = CARTESIAN_POINT('',(5.900433575116,11.130865338895));
#2507 = CARTESIAN_POINT('',(5.898104806588,11.464833357748));
#2508 = CARTESIAN_POINT('',(5.894555045279,11.996591583217));
#2509 = CARTESIAN_POINT('',(5.893270072579,12.19428976329));
#2510 = CARTESIAN_POINT('',(5.892018293651,12.392033861206));
#2511 = CARTESIAN_POINT('',(5.890798676177,12.589821504334));
#2512 = CARTESIAN_POINT('',(5.889609302226,12.787648194521));
#2513 = CARTESIAN_POINT('',(5.88845037345,12.985514113102));
#2514 = CARTESIAN_POINT('',(5.887320295064,13.183415755736));
#2515 = CARTESIAN_POINT('',(5.885092637771,13.583571708447));
#2516 = CARTESIAN_POINT('',(5.883996256476,13.785827386809));
#2517 = CARTESIAN_POINT('',(5.882928299579,13.988116601983));
#2518 = CARTESIAN_POINT('',(5.881887839979,14.190437366996));
#2519 = CARTESIAN_POINT('',(5.880873971168,14.392787820989));
#2520 = CARTESIAN_POINT('',(5.879885807233,14.595166229219));
#2521 = CARTESIAN_POINT('',(5.878922482857,14.79757098306));
#2522 = CARTESIAN_POINT('',(5.877983153318,15.0000006));
#2523 = ( GEOMETRIC_REPRESENTATION_CONTEXT(2) 
PARAMETRIC_REPRESENTATION_CONTEXT() REPRESENTATION_CONTEXT('2D SPACE',''
  ) );
#2524 = PCURVE('',#547,#2525);
#2525 = DEFINITIONAL_REPRESENTATION('',(#2526),#2578);
#2526 = B_SPLINE_CURVE_WITH_KNOTS('',8,(#2527,#2528,#2529,#2530,#2531,
    #2532,#2533,#2534,#2535,#2536,#2537,#2538,#2539,#2540,#2541,#2542,
    #2543,#2544,#2545,#2546,#2547,#2548,#2549,#2550,#2551,#2552,#2553,
    #2554,#2555,#2556,#2557,#2558,#2559,#2560,#2561,#2562,#2563,#2564,
    #2565,#2566,#2567,#2568,#2569,#2570,#2571,#2572,#2573,#2574,#2575,
    #2576,#2577),.UNSPECIFIED.,.F.,.F.,(9,7,7,7,7,7,7,9),(0.,
    0.16770307993,0.227014670981,0.335752539739,0.414834625427,
    0.681310092245,0.838949085278,1.),.UNSPECIFIED.);
#2527 = CARTESIAN_POINT('',(11.838777561175,3.445202159638E-02));
#2528 = CARTESIAN_POINT('',(12.050609790226,3.480660764693E-02));
#2529 = CARTESIAN_POINT('',(12.262764408512,3.514817442949E-02));
#2530 = CARTESIAN_POINT('',(12.475207942324,3.547746107636E-02));
#2531 = CARTESIAN_POINT('',(12.68791167126,3.579515999451E-02));
#2532 = CARTESIAN_POINT('',(12.900850219138,3.610190894813E-02));
#2533 = CARTESIAN_POINT('',(13.11400091032,3.63982923836E-02));
#2534 = CARTESIAN_POINT('',(13.327343891452,3.668485199678E-02));
#2535 = CARTESIAN_POINT('',(13.616378382753,3.706016322877E-02));
#2536 = CARTESIAN_POINT('',(13.691893747457,3.715702741548E-02));
#2537 = CARTESIAN_POINT('',(13.76740911241,3.725272402916E-02));
#2538 = CARTESIAN_POINT('',(13.842924477385,3.734727739371E-02));
#2539 = CARTESIAN_POINT('',(13.918439842228,3.744071123072E-02));
#2540 = CARTESIAN_POINT('',(13.99395520686,3.753304865942E-02));
#2541 = CARTESIAN_POINT('',(14.069470571276,3.762431219672E-02));
#2542 = CARTESIAN_POINT('',(14.28343070871,3.787991154479E-02));
#2543 = CARTESIAN_POINT('',(14.421875639126,3.804176167427E-02));
#2544 = CARTESIAN_POINT('',(14.560320478449,3.820022366043E-02));
#2545 = CARTESIAN_POINT('',(14.698765268658,3.835540243765E-02));
#2546 = CARTESIAN_POINT('',(14.83721009043,3.850739294361E-02));
#2547 = CARTESIAN_POINT('',(14.975654945995,3.865629607145E-02));
#2548 = CARTESIAN_POINT('',(15.114099776481,3.880221599021E-02));
#2549 = CARTESIAN_POINT('',(15.35323176723,3.904925544616E-02));
#2550 = CARTESIAN_POINT('',(15.453918919547,3.915174036169E-02));
#2551 = CARTESIAN_POINT('',(15.554606071318,3.925272928999E-02));
#2552 = CARTESIAN_POINT('',(15.65529322301,3.935225689321E-02));
#2553 = CARTESIAN_POINT('',(15.755980374927,3.945035678595E-02));
#2554 = CARTESIAN_POINT('',(15.856667527205,3.954706153522E-02));
#2555 = CARTESIAN_POINT('',(15.957354679818,3.964240266046E-02));
#2556 = CARTESIAN_POINT('',(16.397317862019,4.005318045938E-02));
#2557 = CARTESIAN_POINT('',(16.73679040156,4.035497759496E-02));
#2558 = CARTESIAN_POINT('',(17.076435016945,4.06427207119E-02));
#2559 = CARTESIAN_POINT('',(17.416230569647,4.091725817802E-02));
#2560 = CARTESIAN_POINT('',(17.75615886341,4.117937647328E-02));
#2561 = CARTESIAN_POINT('',(18.096204290796,4.14298086058E-02));
#2562 = CARTESIAN_POINT('',(18.43635347974,4.166924252777E-02));
#2563 = CARTESIAN_POINT('',(18.97787170992,4.203385064901E-02));
#2564 = CARTESIAN_POINT('',(19.179180617649,4.216575123358E-02));
#2565 = CARTESIAN_POINT('',(19.380519217782,4.229416624324E-02));
#2566 = CARTESIAN_POINT('',(19.58188551807,4.241920846137E-02));
#2567 = CARTESIAN_POINT('',(19.783277438021,4.254108059916E-02));
#2568 = CARTESIAN_POINT('',(19.984693116094,4.265976782956E-02));
#2569 = CARTESIAN_POINT('',(20.186130912818,4.277543896192E-02));
#2570 = CARTESIAN_POINT('',(20.593408175718,4.300333735623E-02));
#2571 = CARTESIAN_POINT('',(20.799248436607,4.311543953194E-02));
#2572 = CARTESIAN_POINT('',(21.005108602973,4.322457707664E-02));
#2573 = CARTESIAN_POINT('',(21.210987215315,4.333084983682E-02));
#2574 = CARTESIAN_POINT('',(21.416882905815,4.343435516506E-02));
#2575 = CARTESIAN_POINT('',(21.622794398335,4.353518792001E-02));
#2576 = CARTESIAN_POINT('',(21.828720508417,4.363344046642E-02));
#2577 = CARTESIAN_POINT('',(22.034660143286,4.372920267514E-02));
#2578 = ( GEOMETRIC_REPRESENTATION_CONTEXT(2) 
PARAMETRIC_REPRESENTATION_CONTEXT() REPRESENTATION_CONTEXT('2D SPACE',''
  ) );
#2579 = ORIENTED_EDGE('',*,*,#1133,.F.);
#2580 = ORIENTED_EDGE('',*,*,#1190,.F.);
#2581 = ADVANCED_FACE('',(#2582,#2676),#547,.T.);
#2582 = FACE_BOUND('',#2583,.T.);
#2583 = EDGE_LOOP('',(#2584,#2585,#2674,#2675));
#2584 = ORIENTED_EDGE('',*,*,#487,.F.);
#2585 = ORIENTED_EDGE('',*,*,#2586,.T.);
#2586 = EDGE_CURVE('',#22,#1081,#2587,.T.);
#2587 = SURFACE_CURVE('',#2588,(#2661,#2668),.PCURVE_S1.);
#2588 = B_SPLINE_CURVE_WITH_KNOTS('',3,(#2589,#2590,#2591,#2592,#2593,
    #2594,#2595,#2596,#2597,#2598,#2599,#2600,#2601,#2602,#2603,#2604,
    #2605,#2606,#2607,#2608,#2609,#2610,#2611,#2612,#2613,#2614,#2615,
    #2616,#2617,#2618,#2619,#2620,#2621,#2622,#2623,#2624,#2625,#2626,
    #2627,#2628,#2629,#2630,#2631,#2632,#2633,#2634,#2635,#2636,#2637,
    #2638,#2639,#2640,#2641,#2642,#2643,#2644,#2645,#2646,#2647,#2648,
    #2649,#2650,#2651,#2652,#2653,#2654,#2655,#2656,#2657,#2658,#2659,
    #2660),.UNSPECIFIED.,.F.,.F.,(4,1,1,1,1,1,1,1,1,1,1,1,1,1,1,1,1,1,1,
    1,1,1,1,1,1,1,1,1,1,1,1,1,1,1,1,1,1,1,1,1,1,1,1,1,1,1,1,1,1,1,1,1,1,
    1,1,1,1,1,1,1,1,1,1,1,1,1,1,1,1,4),(0.,5.227199283708E-02,
    0.208571669093,0.469033501114,0.833374956258,1.300243574032,
    1.870375085619,2.541877062609,3.310528476366,4.175976265618,
    5.137672611048,6.193511244512,7.340538837512,8.576453044924,
    9.898904326015,11.305231790644,12.792362750159,14.357215320878,
    15.996589969934,17.707090017834,19.48518376093,21.327173335585,
    23.229269998317,25.187520787197,27.19788152467,29.256186085355,
    31.358177058773,33.499500392447,35.67572009809,37.882330733519,
    40.114761662872,42.368393889953,44.638558562445,46.920554096082,
    49.209653658285,51.50111639354,53.790196425522,56.072151265617,
    58.34225269558,60.595796965598,62.828115175562,65.034582308016,
    67.210625699985,69.351734877801,71.453471925436,73.511480852888,
    75.521496212461,77.479351408696,79.380987853877,81.222464486354,
    82.999965716978,84.70980787288,86.348445936095,87.912482486433,
    89.398675571692,90.803944895126,92.125376425403,93.360229087845,
    94.505942655466,95.560141612172,96.520640880951,97.385445259387,
    98.152771007859,98.821019147599,99.388782650431,99.85490979693,
    100.21845400433,100.47866322344,100.63500268761,100.68715174192),
  .UNSPECIFIED.);
#2589 = CARTESIAN_POINT('',(245.00004211951,0.,25.960345956879));
#2590 = CARTESIAN_POINT('',(244.99951208495,0.,25.942703000043));
#2591 = CARTESIAN_POINT('',(245.00406287721,0.,25.873371799478));
#2592 = CARTESIAN_POINT('',(245.069419328,0.,25.725554022788));
#2593 = CARTESIAN_POINT('',(245.25219024514,0.,25.536794607079));
#2594 = CARTESIAN_POINT('',(245.53977486733,0.,25.313204816787));
#2595 = CARTESIAN_POINT('',(245.93944787127,0.,25.069352883001));
#2596 = CARTESIAN_POINT('',(246.45254356206,0.,24.820908093333));
#2597 = CARTESIAN_POINT('',(247.07385437084,0.,24.569133234567));
#2598 = CARTESIAN_POINT('',(247.79780075234,0.,24.310550445776));
#2599 = CARTESIAN_POINT('',(248.62454796568,0.,24.05447546249));
#2600 = CARTESIAN_POINT('',(249.55197262309,0.,23.802060779712));
#2601 = CARTESIAN_POINT('',(250.57820920124,0.,23.557384122267));
#2602 = CARTESIAN_POINT('',(251.69981213165,0.,23.320340660691));
#2603 = CARTESIAN_POINT('',(252.91448265134,0.,23.095746602829));
#2604 = CARTESIAN_POINT('',(254.21947841675,0.,22.886407379983));
#2605 = CARTESIAN_POINT('',(255.61170079303,0.,22.694374288682));
#2606 = CARTESIAN_POINT('',(257.08759794812,0.,22.519801274114));
#2607 = CARTESIAN_POINT('',(258.64355894634,0.,22.362891262359));
#2608 = CARTESIAN_POINT('',(260.27582838983,0.,22.222533458769));
#2609 = CARTESIAN_POINT('',(261.98064861567,0.,22.097967522233));
#2610 = CARTESIAN_POINT('',(263.75419385683,0.,21.988907404208));
#2611 = CARTESIAN_POINT('',(265.59251246791,0.,21.894263529793));
#2612 = CARTESIAN_POINT('',(267.49157658606,0.,21.813072430144));
#2613 = CARTESIAN_POINT('',(269.44726414026,0.,21.74368632423));
#2614 = CARTESIAN_POINT('',(271.45541310019,0.,21.68573457361));
#2615 = CARTESIAN_POINT('',(273.51176121493,0.,21.63828194132));
#2616 = CARTESIAN_POINT('',(275.61197268281,0.,21.600690667056));
#2617 = CARTESIAN_POINT('',(277.75163216419,0.,21.572061286002));
#2618 = CARTESIAN_POINT('',(279.92625934911,0.,21.551640365213));
#2619 = CARTESIAN_POINT('',(282.1313132029,0.,21.53881064547));
#2620 = CARTESIAN_POINT('',(284.3621990386,0.,21.532701697666));
#2621 = CARTESIAN_POINT('',(286.61427677364,0.,21.532242655004));
#2622 = CARTESIAN_POINT('',(288.88287194864,0.,21.536234729818));
#2623 = CARTESIAN_POINT('',(291.16327918347,0.,21.544121642553));
#2624 = CARTESIAN_POINT('',(293.45077162927,0.,21.555331360533));
#2625 = CARTESIAN_POINT('',(295.74061103355,0.,21.569153504184));
#2626 = CARTESIAN_POINT('',(298.02805719159,0.,21.584752374395));
#2627 = CARTESIAN_POINT('',(300.30837469342,0.,21.601478941206));
#2628 = CARTESIAN_POINT('',(302.57683972258,0.,21.61911375005));
#2629 = CARTESIAN_POINT('',(304.8287537276,0.,21.637368152113));
#2630 = CARTESIAN_POINT('',(307.05945437184,0.,21.655768969874));
#2631 = CARTESIAN_POINT('',(309.26432366545,0.,21.673787406182));
#2632 = CARTESIAN_POINT('',(311.4387932097,0.,21.691280245701));
#2633 = CARTESIAN_POINT('',(313.57835511679,0.,21.708334308912));
#2634 = CARTESIAN_POINT('',(315.67857447532,0.,21.7249460122));
#2635 = CARTESIAN_POINT('',(317.73509876947,0.,21.741020681049));
#2636 = CARTESIAN_POINT('',(319.74366582801,0.,21.756473130426));
#2637 = CARTESIAN_POINT('',(321.70011109881,0.,21.771415831871));
#2638 = CARTESIAN_POINT('',(323.60037771847,0.,21.786022657566));
#2639 = CARTESIAN_POINT('',(325.4405281237,0.,21.800167736689));
#2640 = CARTESIAN_POINT('',(327.2167515378,0.,21.813488331375));
#2641 = CARTESIAN_POINT('',(328.92536759128,0.,21.825812148666));
#2642 = CARTESIAN_POINT('',(330.5628318389,0.,21.837447817412));
#2643 = CARTESIAN_POINT('',(332.12574785093,0.,21.848614173945));
#2644 = CARTESIAN_POINT('',(333.61087529068,0.,21.859361054865));
#2645 = CARTESIAN_POINT('',(335.01513593012,0.,21.869600860508));
#2646 = CARTESIAN_POINT('',(336.33561624565,0.,21.879563742285));
#2647 = CARTESIAN_POINT('',(337.56957288515,0.,21.889839289462));
#2648 = CARTESIAN_POINT('',(338.71444399404,0.,21.900644019157));
#2649 = CARTESIAN_POINT('',(339.76785254286,0.,21.912101419018));
#2650 = CARTESIAN_POINT('',(340.72761632196,0.,21.923771426728));
#2651 = CARTESIAN_POINT('',(341.59172821591,0.,21.936943970326));
#2652 = CARTESIAN_POINT('',(342.35836544913,0.,21.952607203576));
#2653 = CARTESIAN_POINT('',(343.02590383954,0.,21.970788982682));
#2654 = CARTESIAN_POINT('',(343.59291878018,0.,21.991407916638));
#2655 = CARTESIAN_POINT('',(344.0582339236,0.,22.013027865565));
#2656 = CARTESIAN_POINT('',(344.42102792652,0.,22.032090382178));
#2657 = CARTESIAN_POINT('',(344.68065768818,0.,22.046532541264));
#2658 = CARTESIAN_POINT('',(344.83663902834,0.,22.055389150067));
#2659 = CARTESIAN_POINT('',(344.90602298454,-0.,22.059336928654));
#2660 = CARTESIAN_POINT('',(344.92337792839,0.,22.060324457591));
#2661 = PCURVE('',#547,#2662);
#2662 = DEFINITIONAL_REPRESENTATION('',(#2663),#2667);
#2663 = LINE('',#2664,#2665);
#2664 = CARTESIAN_POINT('',(0.,0.));
#2665 = VECTOR('',#2666,1.);
#2666 = DIRECTION('',(1.,0.));
#2667 = ( GEOMETRIC_REPRESENTATION_CONTEXT(2) 
PARAMETRIC_REPRESENTATION_CONTEXT() REPRESENTATION_CONTEXT('2D SPACE',''
  ) );
#2668 = PCURVE('',#90,#2669);
#2669 = DEFINITIONAL_REPRESENTATION('',(#2670),#2673);
#2670 = B_SPLINE_CURVE_WITH_KNOTS('',1,(#2671,#2672),.UNSPECIFIED.,.F.,
  .F.,(2,2),(0.,100.68715174192),.PIECEWISE_BEZIER_KNOTS.);
#2671 = CARTESIAN_POINT('',(0.,0.));
#2672 = CARTESIAN_POINT('',(100.68715174192,0.));
#2673 = ( GEOMETRIC_REPRESENTATION_CONTEXT(2) 
PARAMETRIC_REPRESENTATION_CONTEXT() REPRESENTATION_CONTEXT('2D SPACE',''
  ) );
#2674 = ORIENTED_EDGE('',*,*,#1157,.T.);
#2675 = ORIENTED_EDGE('',*,*,#2415,.F.);
#2676 = FACE_BOUND('',#2677,.T.);
#2677 = EDGE_LOOP('',(#2678,#2679,#2680));
#2678 = ORIENTED_EDGE('',*,*,#1479,.T.);
#2679 = ORIENTED_EDGE('',*,*,#1510,.T.);
#2680 = ORIENTED_EDGE('',*,*,#1402,.F.);
#2681 = ADVANCED_FACE('',(#2682,#2688),#90,.F.);
#2682 = FACE_BOUND('',#2683,.F.);
#2683 = EDGE_LOOP('',(#2684,#2685,#2686,#2687));
#2684 = ORIENTED_EDGE('',*,*,#21,.F.);
#2685 = ORIENTED_EDGE('',*,*,#2586,.T.);
#2686 = ORIENTED_EDGE('',*,*,#1080,.T.);
#2687 = ORIENTED_EDGE('',*,*,#892,.F.);
#2688 = FACE_BOUND('',#2689,.F.);
#2689 = EDGE_LOOP('',(#2690,#2691,#2692));
#2690 = ORIENTED_EDGE('',*,*,#1975,.T.);
#2691 = ORIENTED_EDGE('',*,*,#2028,.F.);
#2692 = ORIENTED_EDGE('',*,*,#1920,.F.);
#2693 = ( GEOMETRIC_REPRESENTATION_CONTEXT(3) 
GLOBAL_UNCERTAINTY_ASSIGNED_CONTEXT((#2697)) 
GLOBAL_UNIT_ASSIGNED_CONTEXT((#2694,#2695,#2696)) REPRESENTATION_CONTEXT
('Context #1','3D Context with UNIT and UNCERTAINTY') );
#2694 = ( LENGTH_UNIT() NAMED_UNIT(*) SI_UNIT(.MILLI.,.METRE.) );
#2695 = ( NAMED_UNIT(*) PLANE_ANGLE_UNIT() SI_UNIT($,.RADIAN.) );
#2696 = ( NAMED_UNIT(*) SI_UNIT($,.STERADIAN.) SOLID_ANGLE_UNIT() );
#2697 = UNCERTAINTY_MEASURE_WITH_UNIT(LENGTH_MEASURE(2.E-06),#2694,
  'distance_accuracy_value','confusion accuracy');
#2698 = PRODUCT_RELATED_PRODUCT_CATEGORY('part',$,(#7));
ENDSEC;
END-ISO-10303-21;
